time,yes_price,contracts,taker
2026-09-30T00:31:36.245382Z,0.0100,5000.00,no
2026-09-30T00:31:36.245382Z,0.0100,44.00,no
2026-09-30T00:31:36.476729Z,0.0100,2.00,no
2026-09-30T00:31:36.476729Z,0.0100,956.00,no
2026-09-30T00:31:36.476729Z,0.0100,400.00,no
2026-09-30T00:31:36.476729Z,0.0100,400.00,no
2026-09-30T00:31:36.476729Z,0.0100,1.00,no
2026-09-30T00:31:36.476729Z,0.0100,6.99,no
2026-09-30T00:31:36.476729Z,0.0100,25.00,no
2026-09-30T00:31:36.476729Z,0.0100,1433.90,no
2026-09-30T00:31:36.476729Z,0.0100,5000.00,no
2026-09-30T00:31:36.476729Z,0.0100,200.00,no
2026-09-30T00:31:36.476729Z,0.0100,0.01,no
2026-09-30T00:31:36.476729Z,0.0100,0.10,no
2026-09-30T00:31:44.651952Z,0.0100,91.00,no
2026-09-30T00:31:44.651952Z,0.0100,1.00,no
2026-09-30T00:31:44.651952Z,0.0100,184.08,no
2026-09-30T00:31:44.651952Z,0.0100,249.00,no
2026-09-30T00:31:46.645557Z,0.0200,23.39,yes
2026-09-30T00:31:47.334893Z,0.0200,233.95,yes
2026-09-30T00:31:50.393424Z,0.0100,819.47,no
2026-09-30T00:31:50.85567Z,0.0200,140.37,yes
2026-09-30T00:31:51.449265Z,0.0200,4.67,yes
2026-09-30T00:31:52.820359Z,0.0200,46.79,yes
2026-09-30T00:31:52.837737Z,0.0100,149.22,no
2026-09-30T00:31:53.837922Z,0.0200,36.96,yes
2026-09-30T00:31:54.649568Z,0.0200,43.04,yes
2026-09-30T00:31:55.451761Z,0.0100,271.55,no
2026-09-30T00:31:55.834444Z,0.0200,645.00,yes
2026-09-30T00:31:57.546867Z,0.0100,150.00,no
2026-09-30T00:32:00.787784Z,0.0100,318.97,no
2026-09-30T00:32:02.099151Z,0.0100,217.74,no
2026-09-30T00:32:02.317829Z,0.0100,35.93,no
2026-09-30T00:32:02.595034Z,0.0100,359.86,no
2026-09-30T00:32:04.19482Z,0.0100,725.07,no
2026-09-30T00:32:04.986693Z,0.0200,935.80,yes
2026-09-30T00:32:05.246811Z,0.0100,73.29,no
2026-09-30T00:32:09.972311Z,0.0200,93.58,yes
2026-09-30T00:32:10.873579Z,0.0200,93.58,yes
2026-09-30T00:32:12.826277Z,0.0200,27.13,yes
2026-09-30T00:32:13.911964Z,0.0200,1662.76,yes
2026-09-30T00:32:13.911964Z,0.0200,1.00,yes
2026-09-30T00:32:13.911964Z,0.0200,675.74,yes
2026-09-30T00:32:15.001153Z,0.0200,233.95,yes
2026-09-30T00:32:15.510586Z,0.0200,46.79,yes
2026-09-30T00:32:15.895296Z,0.0200,46.79,yes
2026-09-30T00:32:17.454713Z,0.0100,2199.24,no
2026-09-30T00:32:18.272439Z,0.0200,467.90,yes
2026-09-30T00:32:19.360154Z,0.0100,33.68,no
2026-09-30T00:32:20.243695Z,0.0100,290.43,no
2026-09-30T00:32:21.669571Z,0.0200,161.00,yes
2026-09-30T00:32:22.861706Z,0.0100,176.15,no
2026-09-30T00:32:24.85073Z,0.0200,25.00,yes
2026-09-30T00:32:25.038423Z,0.0200,93.58,yes
2026-09-30T00:32:28.494299Z,0.0200,262.23,yes
2026-09-30T00:32:28.494299Z,0.0200,673.57,yes
2026-09-30T00:32:28.924875Z,0.0200,46.79,yes
2026-09-30T00:32:32.878448Z,0.0200,120.00,yes
2026-09-30T00:32:33.415767Z,0.0200,93.58,yes
2026-09-30T00:32:40.114479Z,0.0200,75.00,yes
2026-09-30T00:32:44.418212Z,0.0100,99.32,no
2026-09-30T00:32:44.418212Z,0.0100,33.00,no
2026-09-30T00:32:44.418212Z,0.0100,520.96,no
2026-09-30T00:32:44.418212Z,0.0100,989.00,no
2026-09-30T00:32:46.496354Z,0.0200,187.16,yes
2026-09-30T00:32:49.411038Z,0.0200,46.79,yes
2026-09-30T00:32:49.870119Z,0.0200,2.33,yes
2026-09-30T00:32:55.836562Z,0.0100,25.88,no
2026-09-30T00:33:01.727935Z,0.0200,1.00,yes
2026-09-30T00:33:01.727935Z,0.0200,219.00,yes
2026-09-30T00:33:01.727935Z,0.0200,102.00,yes
2026-09-30T00:33:02.06226Z,0.0200,233.95,yes
2026-09-30T00:33:02.605522Z,0.0200,500.00,yes
2026-09-30T00:33:04.511016Z,0.0100,84.57,no
2026-09-30T00:33:05.110457Z,0.0100,12.56,no
2026-09-30T00:33:05.226319Z,0.0200,35.09,yes
2026-09-30T00:33:05.848993Z,0.0200,46.79,yes
2026-09-30T00:33:07.410687Z,0.0200,1.00,yes
2026-09-30T00:33:07.410687Z,0.0200,268.84,yes
2026-09-30T00:33:07.410687Z,0.0200,10.00,yes
2026-09-30T00:33:07.410687Z,0.0200,1.00,yes
2026-09-30T00:33:07.410687Z,0.0200,13.00,yes
2026-09-30T00:33:07.410687Z,0.0200,3965.17,yes
2026-09-30T00:33:07.410687Z,0.0200,20.00,yes
2026-09-30T00:33:07.410687Z,0.0200,400.00,yes
2026-09-30T00:33:15.670385Z,0.0200,64.00,yes
2026-09-30T00:33:16.505165Z,0.0200,20.00,yes
2026-09-30T00:33:16.505165Z,0.0200,25.63,yes
2026-09-30T00:33:16.505165Z,0.0200,20.00,yes
2026-09-30T00:33:16.505165Z,0.0200,20.00,yes
2026-09-30T00:33:16.505165Z,0.0200,148.32,yes
2026-09-30T00:33:17.164038Z,0.0100,7.62,no
2026-09-30T00:33:20.518577Z,0.0200,5.14,yes
2026-09-30T00:33:26.955789Z,0.0200,0.93,yes
2026-09-30T00:33:27.018098Z,0.0200,233.95,yes
2026-09-30T00:33:29.384522Z,0.0100,0.22,no
2026-09-30T00:33:29.863807Z,0.0200,93.58,yes
2026-09-30T00:33:36.492036Z,0.0200,93.58,yes
2026-09-30T00:33:37.852894Z,0.0100,21.63,no
2026-09-30T00:33:43.300994Z,0.0200,136.00,yes
2026-09-30T00:33:53.029022Z,0.0100,36.25,no
2026-09-30T00:33:54.303398Z,0.0200,83.75,yes
2026-09-30T00:33:58.599195Z,0.0200,467.90,yes
2026-09-30T00:34:00.157958Z,0.0200,2339.50,yes
2026-09-30T00:34:02.060517Z,0.0200,1169.75,yes
2026-09-30T00:34:05.544507Z,0.0100,86.08,no
2026-09-30T00:34:07.93175Z,0.0200,20.00,yes
2026-09-30T00:34:07.93175Z,0.0200,66.52,yes
2026-09-30T00:34:07.93175Z,0.0200,227.60,yes
2026-09-30T00:34:07.93175Z,0.0200,1.00,yes
2026-09-30T00:34:07.93175Z,0.0200,1.00,yes
2026-09-30T00:34:07.93175Z,0.0200,252.73,yes
2026-09-30T00:34:07.93175Z,0.0200,14.00,yes
2026-09-30T00:34:07.93175Z,0.0200,102.00,yes
2026-09-30T00:34:07.93175Z,0.0200,10.00,yes
2026-09-30T00:34:07.93175Z,0.0200,7.00,yes
2026-09-30T00:34:08.310106Z,0.0200,24.33,yes
2026-09-30T00:34:08.520227Z,0.0200,65.03,yes
2026-09-30T00:34:09.061853Z,0.0200,280.74,yes
2026-09-30T00:34:14.694042Z,0.0100,0.01,no
2026-09-30T00:34:14.694042Z,0.0100,1.00,no
2026-09-30T00:34:14.694042Z,0.0100,2.51,no
2026-09-30T00:34:15.31515Z,0.0200,6.55,yes
2026-09-30T00:34:21.078135Z,0.0100,12.00,no
2026-09-30T00:34:23.114895Z,0.0200,93.58,yes
2026-09-30T00:34:23.767811Z,0.0100,235.49,no
2026-09-30T00:34:23.767811Z,0.0100,33.00,no
2026-09-30T00:34:23.767811Z,0.0100,100.00,no
2026-09-30T00:34:23.767811Z,0.0100,56.90,no
2026-09-30T00:34:23.767811Z,0.0100,100.00,no
2026-09-30T00:34:23.818234Z,0.0200,37.43,yes
2026-09-30T00:34:24.050385Z,0.0100,543.10,no
2026-09-30T00:34:24.050385Z,0.0100,11.75,no
2026-09-30T00:34:25.553214Z,0.0200,37.00,yes
2026-09-30T00:34:28.688697Z,0.0200,233.95,yes
2026-09-30T00:34:29.244214Z,0.0100,9.02,no
2026-09-30T00:34:31.488373Z,0.0200,6.08,yes
2026-09-30T00:34:35.429373Z,0.0100,5.14,no
2026-09-30T00:34:35.522937Z,0.0200,10.29,yes
2026-09-30T00:34:43.913528Z,0.0200,14.03,yes
2026-09-30T00:34:48.816045Z,0.0200,46.79,yes
2026-09-30T00:34:55.131073Z,0.0200,45.38,yes
2026-09-30T00:35:05.653481Z,0.0200,46.79,yes
2026-09-30T00:35:09.1843Z,0.0200,5.37,yes
2026-09-30T00:35:09.1843Z,0.0200,45.38,yes
2026-09-30T00:35:09.1843Z,0.0200,9.83,yes
2026-09-30T00:35:09.1843Z,0.0200,11.00,yes
2026-09-30T00:35:14.452042Z,0.0200,14.00,yes
2026-09-30T00:35:14.452042Z,0.0200,1.00,yes
2026-09-30T00:35:14.452042Z,0.0200,2.00,yes
2026-09-30T00:35:15.52502Z,0.0200,28.53,no
2026-09-30T00:35:15.949651Z,0.0300,31.21,yes
2026-09-30T00:35:23.029319Z,0.0200,6.15,no
2026-09-30T00:35:24.305923Z,0.0200,7.10,no
2026-09-30T00:35:25.394619Z,0.0200,14.21,no
2026-09-30T00:35:26.833674Z,0.0200,127.10,no
2026-09-30T00:35:33.363554Z,0.0300,15.60,yes
2026-09-30T00:35:36.20766Z,0.0300,31.21,yes
2026-09-30T00:35:36.697829Z,0.0300,844.00,yes
2026-09-30T00:35:39.422278Z,0.0200,203.79,no
2026-09-30T00:35:39.787976Z,0.0300,15.60,yes
2026-09-30T00:35:39.855202Z,0.0300,156.06,yes
2026-09-30T00:35:41.070227Z,0.0300,99.68,yes
2026-09-30T00:35:41.070227Z,0.0300,141.32,yes
2026-09-30T00:35:43.299324Z,0.0300,40.00,yes
2026-09-30T00:35:43.299324Z,0.0300,40.00,yes
2026-09-30T00:35:43.299324Z,0.0300,13.64,yes
2026-09-30T00:35:47.408817Z,0.0200,107.00,no
2026-09-30T00:35:47.408817Z,0.0200,1200.00,no
2026-09-30T00:35:47.408817Z,0.0200,0.01,no
2026-09-30T00:35:50.00798Z,0.0200,2.33,yes
2026-09-30T00:36:02.477089Z,0.0200,250.00,yes
2026-09-30T00:36:07.41718Z,0.0100,312.75,no
2026-09-30T00:36:08.427275Z,0.0200,23.39,yes
2026-09-30T00:36:14.156531Z,0.0200,2.33,yes
2026-09-30T00:36:19.074777Z,0.0200,11.91,yes
2026-09-30T00:36:19.074777Z,0.0200,80.67,yes
2026-09-30T00:36:19.074777Z,0.0200,1.00,yes
2026-09-30T00:36:23.675739Z,0.0300,26.36,yes
2026-09-30T00:36:23.675739Z,0.0300,40.00,yes
2026-09-30T00:36:23.675739Z,0.0300,40.00,yes
2026-09-30T00:36:23.675739Z,0.0300,21.02,yes
2026-09-30T00:36:23.675739Z,0.0200,10.00,yes
2026-09-30T00:36:23.675739Z,0.0200,313.00,yes
2026-09-30T00:36:23.675739Z,0.0200,400.00,yes
2026-09-30T00:36:23.675739Z,0.0200,85.00,yes
2026-09-30T00:36:23.675739Z,0.0300,103.00,yes
2026-09-30T00:36:23.675739Z,0.0200,20.00,yes
2026-09-30T00:36:26.355912Z,0.0200,20.00,no
2026-09-30T00:36:26.355912Z,0.0200,0.01,no
2026-09-30T00:36:26.355912Z,0.0200,1.00,no
2026-09-30T00:36:26.380284Z,0.0200,1.00,no
2026-09-30T00:36:31.122188Z,0.0200,1.00,yes
2026-09-30T00:36:31.122188Z,0.0200,4.00,yes
2026-09-30T00:36:34.561096Z,0.0200,7.49,no
2026-09-30T00:36:39.796293Z,0.0300,0.31,yes
2026-09-30T00:36:52.855125Z,0.0300,499.80,yes
2026-09-30T00:36:55.384193Z,0.0300,156.06,yes
2026-09-30T00:37:00.414015Z,0.0300,31.21,yes
2026-09-30T00:37:00.743941Z,0.0300,33.64,yes
2026-09-30T00:37:00.743941Z,0.0300,48.00,yes
2026-09-30T00:37:00.743941Z,0.0300,12.00,yes
2026-09-30T00:37:05.423412Z,0.0300,17.06,yes
2026-09-30T00:37:05.423412Z,0.0300,33.00,yes
2026-09-30T00:37:05.423412Z,0.0300,20.00,yes
2026-09-30T00:37:05.423412Z,0.0300,86.00,yes
2026-09-30T00:37:07.706756Z,0.0300,2.00,yes
2026-09-30T00:37:07.706756Z,0.0300,1.00,yes
2026-09-30T00:37:07.731418Z,0.0400,1872.08,yes
2026-09-30T00:37:07.731418Z,0.0400,1365.00,yes
2026-09-30T00:37:07.731418Z,0.0400,1.00,yes
2026-09-30T00:37:07.731418Z,0.0400,20.00,yes
2026-09-30T00:37:07.731418Z,0.0400,83.42,yes
2026-09-30T00:37:07.731418Z,0.0400,2.00,yes
2026-09-30T00:37:07.731418Z,0.0400,104.00,yes
2026-09-30T00:37:07.731418Z,0.0400,3000.00,yes
2026-09-30T00:37:07.731418Z,0.0400,12.00,yes
2026-09-30T00:37:07.731418Z,0.0400,1.00,yes
2026-09-30T00:37:07.731418Z,0.0400,55.00,yes
2026-09-30T00:37:07.731418Z,0.0400,20.00,yes
2026-09-30T00:37:07.731418Z,0.0400,20.00,yes
2026-09-30T00:37:07.731418Z,0.0400,20.00,yes
2026-09-30T00:37:07.731418Z,0.0400,20.00,yes
2026-09-30T00:37:07.731418Z,0.0400,20.00,yes
2026-09-30T00:37:07.743549Z,0.0400,627.92,yes
2026-09-30T00:37:10.775158Z,0.0500,18.75,yes
2026-09-30T00:37:13.673993Z,0.0500,93.76,yes
2026-09-30T00:37:13.916265Z,0.0400,0.93,no
2026-09-30T00:37:15.569779Z,0.0500,0.37,yes
2026-09-30T00:37:16.324508Z,0.0400,2.33,no
2026-09-30T00:37:16.537964Z,0.0500,37.50,yes
2026-09-30T00:37:18.982443Z,0.0500,0.18,yes
2026-09-30T00:37:23.8009Z,0.0400,33.68,no
2026-09-30T00:37:31.834625Z,0.0500,24.37,yes
2026-09-30T00:37:33.886049Z,0.0500,0.18,yes
2026-09-30T00:37:34.297579Z,0.0500,18.75,yes
2026-09-30T00:37:34.370129Z,0.0500,37.50,yes
2026-09-30T00:37:35.459756Z,0.0500,75.01,yes
2026-09-30T00:37:35.942637Z,0.0500,15.18,yes
2026-09-30T00:37:41.272452Z,0.0500,37.50,yes
2026-09-30T00:37:45.606379Z,0.0500,11.43,yes
2026-09-30T00:37:45.924674Z,0.0400,70.21,no
2026-09-30T00:37:46.27205Z,0.0400,15.99,no
2026-09-30T00:37:48.243775Z,0.0500,37.50,yes
2026-09-30T00:37:50.137692Z,0.0500,18.75,yes
2026-09-30T00:37:50.384396Z,0.0500,808.27,yes
2026-09-30T00:37:50.384396Z,0.0500,92.02,yes
2026-09-30T00:37:50.384396Z,0.0500,975.00,yes
2026-09-30T00:37:50.405524Z,0.0500,93.76,yes
2026-09-30T00:37:51.615798Z,0.0500,93.76,yes
2026-09-30T00:37:54.429837Z,0.0500,150.02,yes
2026-09-30T00:37:55.625352Z,0.0500,4.87,yes
2026-09-30T00:37:57.553162Z,0.0500,187.52,yes
2026-09-30T00:37:57.956272Z,0.0500,93.76,yes
2026-09-30T00:37:58.142025Z,0.0400,33.00,no
2026-09-30T00:37:59.168574Z,0.0500,93.76,yes
2026-09-30T00:38:00.510094Z,0.0500,60.19,yes
2026-09-30T00:38:03.202934Z,0.0500,63.75,yes
2026-09-30T00:38:04.569571Z,0.0500,93.76,yes
2026-09-30T00:38:05.824192Z,0.0500,1972.83,yes
2026-09-30T00:38:05.824192Z,0.0500,1777.75,yes
2026-09-30T00:38:06.250786Z,0.0500,37.50,yes
2026-09-30T00:38:09.239423Z,0.0500,18.75,yes
2026-09-30T00:38:17.169541Z,0.0500,37.50,yes
2026-09-30T00:38:18.726447Z,0.0500,18.75,yes
2026-09-30T00:38:19.881198Z,0.0400,22.60,no
2026-09-30T00:38:20.12332Z,0.0500,6.18,yes
2026-09-30T00:38:24.883443Z,0.0500,1103.57,yes
2026-09-30T00:38:24.883443Z,0.0500,4.00,yes
2026-09-30T00:38:24.883443Z,0.0500,320.85,yes
2026-09-30T00:38:25.32731Z,0.0500,0.14,yes
2026-09-30T00:38:26.711557Z,0.0500,33.00,yes
2026-09-30T00:38:28.080717Z,0.0500,93.76,yes
2026-09-30T00:38:28.773742Z,0.0500,18.75,yes
2026-09-30T00:38:32.689337Z,0.0500,10.00,yes
2026-09-30T00:38:38.608126Z,0.0500,843.88,yes
2026-09-30T00:38:40.462484Z,0.0500,93.76,yes
2026-09-30T00:38:41.073132Z,0.0500,9.37,yes
2026-09-30T00:38:41.573413Z,0.0500,93.76,yes
2026-09-30T00:38:44.029675Z,0.0500,56.25,yes
2026-09-30T00:38:45.300367Z,0.0500,187.52,yes
2026-09-30T00:38:48.163025Z,0.0500,93.76,yes
2026-09-30T00:38:52.245975Z,0.0500,207.78,yes
2026-09-30T00:38:54.298254Z,0.0400,25.96,no
2026-09-30T00:38:54.575953Z,0.0500,5.00,yes
2026-09-30T00:38:59.66622Z,0.0500,37.50,yes
2026-09-30T00:38:59.874741Z,0.0400,1.00,no
2026-09-30T00:38:59.874741Z,0.0400,49.00,no
2026-09-30T00:38:59.874741Z,0.0400,400.00,no
2026-09-30T00:38:59.874741Z,0.0400,0.01,no
2026-09-30T00:38:59.874741Z,0.0400,96.00,no
2026-09-30T00:38:59.874741Z,0.0400,7.04,no
2026-09-30T00:39:01.029882Z,0.0400,23.42,yes
2026-09-30T00:39:03.381565Z,0.0400,5.00,yes
2026-09-30T00:39:03.504053Z,0.0400,170.77,yes
2026-09-30T00:39:09.956294Z,0.0400,23.42,yes
2026-09-30T00:39:10.027608Z,0.0400,96.00,yes
2026-09-30T00:39:12.120339Z,0.0400,963.00,yes
2026-09-30T00:39:15.917853Z,0.0400,1666.50,yes
2026-09-30T00:39:20.300009Z,0.0300,46.78,no
2026-09-30T00:39:20.300009Z,0.0300,0.01,no
2026-09-30T00:39:21.916967Z,0.0400,19.91,yes
2026-09-30T00:39:33.336674Z,0.0400,674.00,yes
2026-09-30T00:39:38.352721Z,0.0400,1045.00,yes
2026-09-30T00:39:38.352721Z,0.0400,1045.00,yes
2026-09-30T00:39:38.352721Z,0.0400,1045.00,yes
2026-09-30T00:39:38.352721Z,0.0400,99.00,yes
2026-09-30T00:39:38.352721Z,0.0400,100.00,yes
2026-09-30T00:39:38.352721Z,0.0400,69.00,yes
2026-09-30T00:39:38.352721Z,0.0400,1.00,yes
2026-09-30T00:39:38.352721Z,0.0400,1.00,yes
2026-09-30T00:39:38.352721Z,0.0400,1045.00,yes
2026-09-30T00:39:38.834384Z,0.0400,1.00,yes
2026-09-30T00:39:38.834384Z,0.0400,1.00,yes
2026-09-30T00:39:38.834384Z,0.0400,1.00,yes
2026-09-30T00:39:38.834384Z,0.0400,2.00,yes
2026-09-30T00:39:38.834384Z,0.0400,2.00,yes
2026-09-30T00:39:48.999421Z,0.0500,187.52,yes
2026-09-30T00:39:51.781443Z,0.0500,715.72,yes
2026-09-30T00:39:51.781443Z,0.0500,221.92,yes
2026-09-30T00:39:52.717191Z,0.0500,154.14,yes
2026-09-30T00:40:01.236416Z,0.0500,136.51,yes
2026-09-30T00:40:01.236416Z,0.0500,2.00,yes
2026-09-30T00:40:01.236416Z,0.0500,71.14,yes
2026-09-30T00:40:03.588882Z,0.0500,93.76,yes
2026-09-30T00:40:08.34484Z,0.0500,187.52,yes
2026-09-30T00:40:08.823305Z,0.0500,135.77,yes
2026-09-30T00:40:08.877857Z,0.0500,1.00,yes
2026-09-30T00:40:08.877857Z,0.0500,29.00,yes
2026-09-30T00:40:08.877857Z,0.0500,10.00,yes
2026-09-30T00:40:08.877857Z,0.0500,3.00,yes
2026-09-30T00:40:08.877857Z,0.0500,1.00,yes
2026-09-30T00:40:08.877857Z,0.0500,1.00,yes
2026-09-30T00:40:08.877857Z,0.0500,55.00,yes
2026-09-30T00:40:08.877857Z,0.0500,92.00,yes
2026-09-30T00:40:08.877857Z,0.0500,1.00,yes
2026-09-30T00:40:08.877857Z,0.0500,1.00,yes
2026-09-30T00:40:08.877857Z,0.0500,20.00,yes
2026-09-30T00:40:13.774417Z,0.0600,0.31,yes
2026-09-30T00:40:13.921234Z,0.0600,78.18,yes
2026-09-30T00:40:20.081331Z,0.0600,156.37,yes
2026-09-30T00:40:22.377632Z,0.0600,78.18,yes
2026-09-30T00:40:24.389317Z,0.0600,125.10,yes
2026-09-30T00:40:27.370547Z,0.0600,31.27,yes
2026-09-30T00:40:28.039792Z,0.0600,156.37,yes
2026-09-30T00:40:29.111239Z,0.0600,0.62,yes
2026-09-30T00:40:30.358117Z,0.0600,300.00,yes
2026-09-30T00:40:33.337377Z,0.0600,67.71,yes
2026-09-30T00:40:33.337377Z,0.0600,3.00,yes
2026-09-30T00:40:33.337377Z,0.0600,320.23,yes
2026-09-30T00:40:36.34732Z,0.0600,7.81,yes
2026-09-30T00:40:36.717862Z,0.0600,244.11,yes
2026-09-30T00:40:36.717862Z,0.0600,1.00,yes
2026-09-30T00:40:36.717862Z,0.0600,612.96,yes
2026-09-30T00:40:36.717862Z,0.0600,2.00,yes
2026-09-30T00:40:39.204472Z,0.0600,156.37,yes
2026-09-30T00:40:44.72885Z,0.0600,88.35,yes
2026-09-30T00:40:44.946342Z,0.0600,31.27,yes
2026-09-30T00:40:47.116944Z,0.0600,78.18,yes
2026-09-30T00:40:47.186777Z,0.0600,534.72,yes
2026-09-30T00:40:47.186777Z,0.0600,333.64,yes
2026-09-30T00:40:47.213861Z,0.0600,156.37,yes
2026-09-30T00:40:47.811123Z,0.0600,31.27,yes
2026-09-30T00:40:57.604566Z,0.0600,77.56,yes
2026-09-30T00:40:57.867514Z,0.0600,187.65,yes
2026-09-30T00:40:58.539529Z,0.0600,31.27,yes
2026-09-30T00:41:00.482567Z,0.0600,10.00,yes
2026-09-30T00:41:00.482567Z,0.0600,20.00,yes
2026-09-30T00:41:00.482567Z,0.0600,86.00,yes
2026-09-30T00:41:00.482567Z,0.0600,3.00,yes
2026-09-30T00:41:00.482567Z,0.0600,50.00,yes
2026-09-30T00:41:00.482567Z,0.0600,1.00,yes
2026-09-30T00:41:00.482567Z,0.0600,1.00,yes
2026-09-30T00:41:00.482567Z,0.0600,1.00,yes
2026-09-30T00:41:03.125539Z,0.0700,13.41,yes
2026-09-30T00:41:06.705275Z,0.0700,13.41,yes
2026-09-30T00:41:07.682244Z,0.0700,40.23,yes
2026-09-30T00:41:08.828808Z,0.0600,52.22,no
2026-09-30T00:41:10.303993Z,0.0700,670.62,yes
2026-09-30T00:41:11.817725Z,0.0700,134.12,yes
2026-09-30T00:41:11.830508Z,0.0700,67.06,yes
2026-09-30T00:41:15.060238Z,0.0700,67.06,yes
2026-09-30T00:41:17.892347Z,0.0600,63.55,no
2026-09-30T00:41:23.412714Z,0.0700,201.18,yes
2026-09-30T00:41:24.674944Z,0.0700,9.50,yes
2026-09-30T00:41:24.674944Z,0.0700,3.91,yes
2026-09-30T00:41:24.948552Z,0.0700,67.06,yes
2026-09-30T00:41:26.682534Z,0.0700,106.12,yes
2026-09-30T00:41:26.682534Z,0.0700,20.00,yes
2026-09-30T00:41:26.682534Z,0.0700,1.00,yes
2026-09-30T00:41:26.682534Z,0.0700,7.00,yes
2026-09-30T00:41:28.136016Z,0.0700,26.82,yes
2026-09-30T00:41:29.753803Z,0.0700,12.33,yes
2026-09-30T00:41:30.30924Z,0.0700,791.34,yes
2026-09-30T00:41:30.93692Z,0.0700,26.82,yes
2026-09-30T00:41:31.955265Z,0.0700,26.82,yes
2026-09-30T00:41:34.787719Z,0.0700,8.18,yes
2026-09-30T00:41:36.307613Z,0.0700,98.57,yes
2026-09-30T00:41:36.307613Z,0.0700,35.55,yes
2026-09-30T00:41:37.618811Z,0.0700,134.12,yes
2026-09-30T00:41:40.029163Z,0.0700,1.00,yes
2026-09-30T00:41:40.029163Z,0.0700,1.00,yes
2026-09-30T00:41:40.029163Z,0.0700,20.00,yes
2026-09-30T00:41:41.935565Z,0.0800,5.98,yes
2026-09-30T00:41:43.058399Z,0.0800,47.32,yes
2026-09-30T00:41:48.106897Z,0.0700,308.00,no
2026-09-30T00:41:49.713072Z,0.0700,174.82,no
2026-09-30T00:41:50.264403Z,0.0800,409.50,yes
2026-09-30T00:41:51.187864Z,0.0700,93.76,no
2026-09-30T00:41:52.647261Z,0.0800,1092.22,yes
2026-09-30T00:41:52.647261Z,0.0800,1779.63,yes
2026-09-30T00:41:52.647261Z,0.0800,3000.00,yes
2026-09-30T00:41:54.237883Z,0.0800,117.43,yes
2026-09-30T00:41:54.440511Z,0.0700,9.99,no
2026-09-30T00:41:56.526156Z,0.0700,250.13,no
2026-09-30T00:41:56.692399Z,0.0800,35.23,yes
2026-09-30T00:41:58.430914Z,0.0800,117.43,yes
2026-09-30T00:42:00.385501Z,0.0800,35.10,yes
2026-09-30T00:42:00.385501Z,0.0800,3.00,yes
2026-09-30T00:42:00.385501Z,0.0800,2.00,yes
2026-09-30T00:42:00.385501Z,0.0800,1.00,yes
2026-09-30T00:42:01.193484Z,0.0800,58.71,yes
2026-09-30T00:42:01.641497Z,0.0800,29.04,yes
2026-09-30T00:42:01.641497Z,0.0800,6.19,yes
2026-09-30T00:42:02.884805Z,0.0800,26.89,yes
2026-09-30T00:42:04.652825Z,0.0900,2.00,yes
2026-09-30T00:42:04.652825Z,0.0900,55.26,yes
2026-09-30T00:42:04.652825Z,0.0800,2.00,yes
2026-09-30T00:42:04.652825Z,0.0800,0.01,yes
2026-09-30T00:42:04.652825Z,0.0800,100.00,yes
2026-09-30T00:42:04.652825Z,0.0800,1.00,yes
2026-09-30T00:42:04.652825Z,0.0800,20.00,yes
2026-09-30T00:42:04.652825Z,0.0800,4.00,yes
2026-09-30T00:42:04.652825Z,0.0900,100.00,yes
2026-09-30T00:42:04.652825Z,0.0900,240.00,yes
2026-09-30T00:42:04.652825Z,0.0900,10.00,yes
2026-09-30T00:42:04.652825Z,0.0900,1.00,yes
2026-09-30T00:42:04.652825Z,0.0900,1.00,yes
2026-09-30T00:42:04.698872Z,0.0500,0.01,no
2026-09-30T00:42:04.698872Z,0.0600,0.01,no
2026-09-30T00:42:04.698872Z,0.0500,38.00,no
2026-09-30T00:42:04.698872Z,0.0700,1.00,no
2026-09-30T00:42:04.698872Z,0.0700,5.00,no
2026-09-30T00:42:04.698872Z,0.0500,27.55,no
2026-09-30T00:42:04.698872Z,0.0700,0.01,no
2026-09-30T00:42:05.279348Z,0.0700,0.11,yes
2026-09-30T00:42:05.341301Z,0.0700,0.89,yes
2026-09-30T00:42:05.341301Z,0.0700,1.00,yes
2026-09-30T00:42:05.341301Z,0.0700,1.00,yes
2026-09-30T00:42:07.026047Z,0.0800,3.00,yes
2026-09-30T00:42:07.026047Z,0.0800,1.00,yes
2026-09-30T00:42:07.026047Z,0.0800,2.00,yes
2026-09-30T00:42:07.026047Z,0.0800,52.71,yes
2026-09-30T00:42:12.719603Z,0.0700,5.00,no
2026-09-30T00:42:12.719603Z,0.0700,1.00,no
2026-09-30T00:42:12.719603Z,0.0700,0.01,no
2026-09-30T00:42:15.587709Z,0.0900,1.00,yes
2026-09-30T00:42:15.587709Z,0.0800,1.00,yes
2026-09-30T00:42:15.587709Z,0.0900,1.00,yes
2026-09-30T00:42:15.587709Z,0.0900,4.00,yes
2026-09-30T00:42:15.587709Z,0.0900,1.00,yes
2026-09-30T00:42:15.587709Z,0.0900,0.01,yes
2026-09-30T00:42:15.587709Z,0.0900,20.00,yes
2026-09-30T00:42:15.587709Z,0.0900,1.00,yes
2026-09-30T00:42:15.587709Z,0.0900,42.00,yes
2026-09-30T00:42:15.587709Z,0.0900,1.00,yes
2026-09-30T00:42:15.587709Z,0.0900,1.00,yes
2026-09-30T00:42:15.587709Z,0.0800,0.01,yes
2026-09-30T00:42:15.587709Z,0.0800,0.01,yes
2026-09-30T00:42:15.587709Z,0.0900,24.74,yes
2026-09-30T00:42:15.587709Z,0.1000,6.02,yes
2026-09-30T00:42:18.650107Z,0.0800,1.00,yes
2026-09-30T00:42:18.650107Z,0.0800,1.00,yes
2026-09-30T00:42:18.650107Z,0.0800,4.00,yes
2026-09-30T00:42:18.880861Z,0.0900,12.00,yes
2026-09-30T00:42:18.880861Z,0.1000,70.77,yes
2026-09-30T00:42:18.880861Z,0.0800,1.00,yes
2026-09-30T00:42:18.880861Z,0.0900,1.00,yes
2026-09-30T00:42:18.880861Z,0.1100,150.00,yes
2026-09-30T00:42:18.880861Z,0.0900,25.00,yes
2026-09-30T00:42:18.880861Z,0.1100,1.00,yes
2026-09-30T00:42:18.880861Z,0.0900,1.00,yes
2026-09-30T00:42:18.880861Z,0.1100,1.00,yes
2026-09-30T00:42:18.880861Z,0.0900,40.00,yes
2026-09-30T00:42:18.880861Z,0.1100,17.15,yes
2026-09-30T00:42:18.880861Z,0.0900,1.00,yes
2026-09-30T00:42:18.880861Z,0.0900,1.00,yes
2026-09-30T00:42:18.880861Z,0.0900,3.00,yes
2026-09-30T00:42:18.880861Z,0.0900,1.00,yes
2026-09-30T00:42:18.880861Z,0.0900,2.00,yes
2026-09-30T00:42:18.880861Z,0.1100,85.00,yes
2026-09-30T00:42:18.880861Z,0.1000,8.00,yes
2026-09-30T00:42:18.880861Z,0.1000,1.00,yes
2026-09-30T00:42:18.880861Z,0.1000,0.01,yes
2026-09-30T00:42:18.880861Z,0.1000,81.00,yes
2026-09-30T00:42:18.880861Z,0.1100,1.00,yes
2026-09-30T00:42:18.880861Z,0.1000,50.00,yes
2026-09-30T00:42:18.880861Z,0.1100,1.00,yes
2026-09-30T00:42:18.880861Z,0.1000,150.00,yes
2026-09-30T00:42:18.880861Z,0.1000,1.00,yes
2026-09-30T00:42:18.880861Z,0.1000,1.00,yes
2026-09-30T00:42:18.880861Z,0.1100,2.00,yes
2026-09-30T00:42:18.880861Z,0.1000,2.00,yes
2026-09-30T00:42:18.880861Z,0.1100,0.01,yes
2026-09-30T00:42:18.880861Z,0.1000,193.98,yes
2026-09-30T00:42:23.11638Z,0.0600,24.99,no
2026-09-30T00:42:23.11638Z,0.0600,0.01,no
2026-09-30T00:42:25.32194Z,0.0800,1.00,yes
2026-09-30T00:42:25.32194Z,0.0800,1.00,yes
2026-09-30T00:42:25.32194Z,0.0800,115.43,yes
2026-09-30T00:42:27.902887Z,0.0800,1.00,yes
2026-09-30T00:42:27.902887Z,0.0800,17.00,yes
2026-09-30T00:42:27.902887Z,0.0900,1.00,yes
2026-09-30T00:42:27.902887Z,0.0900,5.00,yes
2026-09-30T00:42:27.902887Z,0.0800,4.00,yes
2026-09-30T00:42:27.902887Z,0.0800,84.57,yes
2026-09-30T00:42:27.902887Z,0.0900,63.32,yes
2026-09-30T00:42:27.902887Z,0.0900,4.00,yes
2026-09-30T00:42:27.902887Z,0.0800,1.00,yes
2026-09-30T00:42:27.902887Z,0.0800,20.00,yes
2026-09-30T00:42:27.902887Z,0.0800,1.00,yes
2026-09-30T00:42:27.902887Z,0.0800,200.00,yes
2026-09-30T00:42:29.452055Z,0.0800,28.00,yes
2026-09-30T00:42:29.452055Z,0.0800,1.00,yes
2026-09-30T00:42:29.452055Z,0.0800,1.00,yes
2026-09-30T00:42:29.452055Z,0.0800,1.00,yes
2026-09-30T00:42:29.452055Z,0.0800,1.00,yes
2026-09-30T00:42:29.667159Z,0.0600,2.00,no
2026-09-30T00:42:29.667159Z,0.0600,11.01,no
2026-09-30T00:42:29.667159Z,0.0600,0.01,no
2026-09-30T00:42:33.634308Z,0.0800,37.62,yes
2026-09-30T00:42:33.634308Z,0.0800,1.00,yes
2026-09-30T00:42:33.634308Z,0.0800,1.00,yes
2026-09-30T00:42:33.634308Z,0.0800,1.00,yes
2026-09-30T00:42:33.634308Z,0.0800,1.00,yes
2026-09-30T00:42:33.634308Z,0.0800,4.00,yes
2026-09-30T00:42:33.634308Z,0.0700,1.00,yes
2026-09-30T00:42:33.634308Z,0.0700,0.01,yes
2026-09-30T00:42:33.634308Z,0.0700,2.00,yes
2026-09-30T00:42:38.345765Z,0.0700,1.00,yes
2026-09-30T00:42:38.345765Z,0.0800,1.00,yes
2026-09-30T00:42:38.345765Z,0.0800,4.00,yes
2026-09-30T00:42:38.345765Z,0.0900,51.17,yes
2026-09-30T00:42:38.345765Z,0.0800,1.00,yes
2026-09-30T00:42:38.345765Z,0.0700,0.01,yes
2026-09-30T00:42:38.345765Z,0.0700,4.00,yes
2026-09-30T00:42:38.345765Z,0.0800,2.00,yes
2026-09-30T00:42:38.345765Z,0.0700,1.00,yes
2026-09-30T00:42:38.345765Z,0.0800,1.00,yes
2026-09-30T00:42:38.345765Z,0.0800,1.00,yes
2026-09-30T00:42:38.345765Z,0.0800,1.00,yes
2026-09-30T00:42:38.345765Z,0.0900,1.00,yes
2026-09-30T00:42:38.345765Z,0.0900,1.00,yes
2026-09-30T00:42:38.345765Z,0.0900,1.00,yes
2026-09-30T00:42:38.345765Z,0.0900,5.00,yes
2026-09-30T00:42:38.345765Z,0.0800,20.00,yes
2026-09-30T00:42:38.345765Z,0.0900,7.00,yes
2026-09-30T00:42:38.345765Z,0.0900,4.00,yes
2026-09-30T00:42:38.345765Z,0.0900,1.00,yes
2026-09-30T00:42:38.345765Z,0.0900,1.00,yes
2026-09-30T00:42:39.789483Z,0.0900,1.00,yes
2026-09-30T00:42:39.789483Z,0.0800,3.00,yes
2026-09-30T00:42:39.789483Z,0.0800,1.00,yes
2026-09-30T00:42:39.789483Z,0.0800,100.00,yes
2026-09-30T00:42:39.789483Z,0.0900,6.68,yes
2026-09-30T00:42:39.789483Z,0.0900,3.83,yes
2026-09-30T00:42:40.853319Z,0.1000,81.39,yes
2026-09-30T00:42:40.853319Z,0.1000,56.76,yes
2026-09-30T00:42:40.853319Z,0.1000,4.00,yes
2026-09-30T00:42:40.853319Z,0.1000,85.00,yes
2026-09-30T00:42:40.853319Z,0.1000,1.00,yes
2026-09-30T00:42:40.853319Z,0.1000,5.00,yes
2026-09-30T00:42:40.853319Z,0.1000,1.00,yes
2026-09-30T00:42:40.853319Z,0.0800,1.00,yes
2026-09-30T00:42:40.853319Z,0.0800,3.00,yes
2026-09-30T00:42:40.853319Z,0.0900,55.00,yes
2026-09-30T00:42:40.853319Z,0.0900,50.00,yes
2026-09-30T00:42:40.853319Z,0.1000,40.00,yes
2026-09-30T00:42:40.853319Z,0.0800,1.00,yes
2026-09-30T00:42:40.853319Z,0.0900,1.00,yes
2026-09-30T00:42:40.853319Z,0.0900,25.00,yes
2026-09-30T00:42:40.853319Z,0.0800,1.00,yes
2026-09-30T00:42:40.853319Z,0.0900,1.00,yes
2026-09-30T00:42:40.853319Z,0.0900,10.00,yes
2026-09-30T00:42:40.867538Z,0.1000,1.00,no
2026-09-30T00:42:40.884842Z,0.1100,10.00,yes
2026-09-30T00:42:40.884842Z,0.1100,10.00,yes
2026-09-30T00:42:40.884842Z,0.1100,4.00,yes
2026-09-30T00:42:40.884842Z,0.1100,1.00,yes
2026-09-30T00:42:40.884842Z,0.1100,82.00,yes
2026-09-30T00:42:43.94896Z,0.1200,1.00,yes
2026-09-30T00:42:43.94896Z,0.1200,1.00,yes
2026-09-30T00:42:43.94896Z,0.1200,5.00,yes
2026-09-30T00:42:43.94896Z,0.1200,2.00,yes
2026-09-30T00:42:43.94896Z,0.1200,7.00,yes
2026-09-30T00:42:43.94896Z,0.1200,1.00,yes
2026-09-30T00:42:43.94896Z,0.1200,1.00,yes
2026-09-30T00:42:44.723002Z,0.1200,39.32,no
2026-09-30T00:42:45.477642Z,0.1200,292.14,no
2026-09-30T00:42:46.829869Z,0.1200,467.90,no
2026-09-30T00:42:47.070817Z,0.1300,181.26,yes
2026-09-30T00:42:51.537977Z,0.1300,108.76,yes
2026-09-30T00:42:52.557933Z,0.1300,72.35,yes
2026-09-30T00:42:55.666341Z,0.1300,21.75,yes
2026-09-30T00:42:55.986658Z,0.1200,31.27,no
2026-09-30T00:42:56.079764Z,0.1200,670.62,no
2026-09-30T00:42:56.264596Z,0.1200,176.63,no
2026-09-30T00:42:56.81834Z,0.1300,725.07,yes
2026-09-30T00:42:57.013908Z,0.1300,290.02,yes
2026-09-30T00:42:57.342805Z,0.1300,20.00,yes
2026-09-30T00:42:57.517944Z,0.1300,725.07,yes
2026-09-30T00:42:59.068479Z,0.1200,12.33,no
2026-09-30T00:42:59.286928Z,0.1300,29.00,yes
2026-09-30T00:43:00.032188Z,0.1300,6.45,yes
2026-09-30T00:43:01.64333Z,0.1300,7.25,yes
2026-09-30T00:43:02.466226Z,0.1200,716.00,no
2026-09-30T00:43:03.185558Z,0.1200,160.83,no
2026-09-30T00:43:04.005628Z,0.1300,10.00,yes
2026-09-30T00:43:06.161726Z,0.1300,36.25,yes
2026-09-30T00:43:06.726099Z,0.1300,725.07,yes
2026-09-30T00:43:07.181911Z,0.1300,21.75,yes
2026-09-30T00:43:07.184897Z,0.1200,452.39,no
2026-09-30T00:43:07.734913Z,0.1300,19.95,yes
2026-09-30T00:43:07.734913Z,0.1300,1792.73,yes
2026-09-30T00:43:07.76167Z,0.1300,36.25,yes
2026-09-30T00:43:09.305885Z,0.1300,1171.02,yes
2026-09-30T00:43:09.305885Z,0.1300,293.62,yes
2026-09-30T00:43:10.408665Z,0.1300,362.53,yes
2026-09-30T00:43:10.582638Z,0.1300,40.09,yes
2026-09-30T00:43:11.515564Z,0.1300,33.35,yes
2026-09-30T00:43:12.235162Z,0.1200,0.01,no
2026-09-30T00:43:12.235162Z,0.1200,1.00,no
2026-09-30T00:43:12.57168Z,0.1200,93.53,yes
2026-09-30T00:43:12.758664Z,0.1200,7.84,yes
2026-09-30T00:43:14.06099Z,0.1200,94.19,yes
2026-09-30T00:43:15.512811Z,0.1200,11.77,yes
2026-09-30T00:43:15.699398Z,0.1200,100.00,yes
2026-09-30T00:43:16.08661Z,0.1100,1.00,no
2026-09-30T00:43:16.08661Z,0.0900,5.00,no
2026-09-30T00:43:16.08661Z,0.1100,0.01,no
2026-09-30T00:43:16.08661Z,0.0900,0.01,no
2026-09-30T00:43:16.08661Z,0.1000,0.01,no
2026-09-30T00:43:16.224587Z,0.1100,20.00,yes
2026-09-30T00:43:16.224587Z,0.1100,19.24,yes
2026-09-30T00:43:16.439309Z,0.1100,1.00,yes
2026-09-30T00:43:16.439309Z,0.1200,1.00,yes
2026-09-30T00:43:16.439309Z,0.1200,5.00,yes
2026-09-30T00:43:16.439309Z,0.1100,20.00,yes
2026-09-30T00:43:16.439309Z,0.1100,1.00,yes
2026-09-30T00:43:16.439309Z,0.1200,1.00,yes
2026-09-30T00:43:16.439309Z,0.1200,90.66,yes
2026-09-30T00:43:16.439309Z,0.1200,1.00,yes
2026-09-30T00:43:16.439309Z,0.1200,3421.12,yes
2026-09-30T00:43:16.439309Z,0.1100,35.76,yes
2026-09-30T00:43:17.675011Z,0.1300,1.00,yes
2026-09-30T00:43:17.675011Z,0.1300,1.00,yes
2026-09-30T00:43:17.675011Z,0.1300,1.00,yes
2026-09-30T00:43:17.675011Z,0.1300,4.00,yes
2026-09-30T00:43:17.675011Z,0.1300,1.00,yes
2026-09-30T00:43:17.675011Z,0.1300,1.00,yes
2026-09-30T00:43:17.675011Z,0.1300,1.00,yes
2026-09-30T00:43:17.675011Z,0.1300,1.00,yes
2026-09-30T00:43:17.675011Z,0.1300,1.00,yes
2026-09-30T00:43:17.675011Z,0.1300,3.00,yes
2026-09-30T00:43:17.698699Z,0.1300,11.04,no
2026-09-30T00:43:18.384385Z,0.1400,1.00,yes
2026-09-30T00:43:18.384385Z,0.1400,2.00,yes
2026-09-30T00:43:18.384385Z,0.1400,1.00,yes
2026-09-30T00:43:18.384385Z,0.1400,1.00,yes
2026-09-30T00:43:18.384385Z,0.1400,96.05,yes
2026-09-30T00:43:21.676852Z,0.1300,11.43,no
2026-09-30T00:43:22.036617Z,0.1400,168.43,yes
2026-09-30T00:43:22.230775Z,0.1400,100.00,yes
2026-09-30T00:43:22.621227Z,0.1400,5.52,yes
2026-09-30T00:43:23.396612Z,0.1400,50.00,yes
2026-09-30T00:43:24.712913Z,0.1400,168.43,yes
2026-09-30T00:43:25.300962Z,0.1400,6.73,yes
2026-09-30T00:43:25.990916Z,0.1400,67.37,yes
2026-09-30T00:43:27.316506Z,0.1400,11.65,yes
2026-09-30T00:43:28.41401Z,0.1400,134.74,yes
2026-09-30T00:43:28.728302Z,0.1400,67.35,yes
2026-09-30T00:43:29.469731Z,0.1400,67.37,yes
2026-09-30T00:43:30.520858Z,0.1400,134.74,yes
2026-09-30T00:43:31.789331Z,0.1400,6.73,yes
2026-09-30T00:43:32.07928Z,0.1100,9.26,no
2026-09-30T00:43:32.07928Z,0.1100,0.01,no
2026-09-30T00:43:32.07928Z,0.1200,0.01,no
2026-09-30T00:43:32.07928Z,0.1200,1.00,no
2026-09-30T00:43:32.07928Z,0.1300,0.01,no
2026-09-30T00:43:32.875643Z,0.1200,0.21,yes
2026-09-30T00:43:32.875643Z,0.1200,20.00,yes
2026-09-30T00:43:34.385182Z,0.1200,0.79,yes
2026-09-30T00:43:34.385182Z,0.1200,20.00,yes
2026-09-30T00:43:34.385182Z,0.1200,18.45,yes
2026-09-30T00:43:35.484844Z,0.1000,1.00,no
2026-09-30T00:43:35.484844Z,0.1000,0.01,no
2026-09-30T00:43:35.484844Z,0.1000,1.00,no
2026-09-30T00:43:35.518516Z,0.0900,0.01,no
2026-09-30T00:43:35.518516Z,0.0900,1.00,no
2026-09-30T00:43:35.579154Z,0.0900,40.83,yes
2026-09-30T00:43:36.09263Z,0.0900,39.24,yes
2026-09-30T00:43:36.619864Z,0.0900,0.31,yes
2026-09-30T00:43:36.81805Z,0.0900,52.22,yes
2026-09-30T00:43:39.031103Z,0.0900,307.10,yes
2026-09-30T00:43:40.156167Z,0.0900,336.86,yes
2026-09-30T00:43:41.772242Z,0.0800,50.00,no
2026-09-30T00:43:41.779897Z,0.0900,31.33,yes
2026-09-30T00:43:45.16017Z,0.0900,261.14,yes
2026-09-30T00:43:46.614748Z,0.0900,104.45,yes
2026-09-30T00:43:47.768846Z,0.0900,104.45,yes
2026-09-30T00:43:47.977728Z,0.0900,1044.57,yes
2026-09-30T00:43:48.862573Z,0.0900,28.00,yes
2026-09-30T00:43:54.119923Z,0.0900,104.45,yes
2026-09-30T00:43:54.703581Z,0.0900,10.44,yes
2026-09-30T00:43:56.212312Z,0.0900,31.33,yes
2026-09-30T00:43:57.527695Z,0.0900,37.86,yes
2026-09-30T00:43:58.585681Z,0.0900,20.89,yes
2026-09-30T00:43:58.642419Z,0.0900,108.84,yes
2026-09-30T00:43:59.969754Z,0.0900,2.18,yes
2026-09-30T00:44:01.945239Z,0.0900,104.45,yes
2026-09-30T00:44:04.640152Z,0.0900,10.00,yes
2026-09-30T00:44:04.918102Z,0.0900,185.51,yes
2026-09-30T00:44:05.267112Z,0.0900,52.22,yes
2026-09-30T00:44:05.62072Z,0.0900,49.44,yes
2026-09-30T00:44:05.62072Z,0.0900,2.78,yes
2026-09-30T00:44:05.729845Z,0.0900,41.78,yes
2026-09-30T00:44:08.753316Z,0.0900,1.00,yes
2026-09-30T00:44:08.753316Z,0.0900,0.01,yes
2026-09-30T00:44:08.753316Z,0.0900,20.00,yes
2026-09-30T00:44:09.771579Z,0.0900,11.65,no
2026-09-30T00:44:10.259335Z,0.0900,0.94,yes
2026-09-30T00:44:12.63411Z,0.0900,26.11,yes
2026-09-30T00:44:13.127742Z,0.0800,29.78,no
2026-09-30T00:44:13.127742Z,0.0800,346.00,no
2026-09-30T00:44:13.127742Z,0.0800,0.01,no
2026-09-30T00:44:15.071679Z,0.0900,20.89,yes
2026-09-30T00:44:16.29698Z,0.0900,0.01,yes
2026-09-30T00:44:16.29698Z,0.0900,10.43,yes
2026-09-30T00:44:17.322613Z,0.1000,2.70,yes
2026-09-30T00:44:17.322613Z,0.1000,1.00,yes
2026-09-30T00:44:17.322613Z,0.1000,1.00,yes
2026-09-30T00:44:17.322613Z,0.0900,5.00,yes
2026-09-30T00:44:17.322613Z,0.0900,1.00,yes
2026-09-30T00:44:17.322613Z,0.0900,9.57,yes
2026-09-30T00:44:17.508492Z,0.1000,7.30,yes
2026-09-30T00:44:17.508492Z,0.1000,1.55,yes
2026-09-30T00:44:17.508492Z,0.1000,0.65,yes
2026-09-30T00:44:17.508492Z,0.1000,50.00,yes
2026-09-30T00:44:17.508492Z,0.1000,34.11,yes
2026-09-30T00:44:22.296326Z,0.1000,1.00,yes
2026-09-30T00:44:22.296326Z,0.1100,11.66,yes
2026-09-30T00:44:22.296326Z,0.1000,2.00,yes
2026-09-30T00:44:22.296326Z,0.1000,0.01,yes
2026-09-30T00:44:22.296326Z,0.0900,50.00,yes
2026-09-30T00:44:22.296326Z,0.1000,4.00,yes
2026-09-30T00:44:22.296326Z,0.1100,7.50,yes
2026-09-30T00:44:22.296326Z,0.1100,1.00,yes
2026-09-30T00:44:22.296326Z,0.1100,1.00,yes
2026-09-30T00:44:22.296326Z,0.1100,12.00,yes
2026-09-30T00:44:22.296326Z,0.1100,1.00,yes
2026-09-30T00:44:22.296326Z,0.1100,1.00,yes
2026-09-30T00:44:22.296326Z,0.1100,2.00,yes
2026-09-30T00:44:22.296326Z,0.1000,1.00,yes
2026-09-30T00:44:29.354015Z,0.1000,1.00,yes
2026-09-30T00:44:29.354015Z,0.1000,5.00,yes
2026-09-30T00:44:29.354015Z,0.1000,1.00,yes
2026-09-30T00:44:29.354015Z,0.1000,1.00,yes
2026-09-30T00:44:29.354015Z,0.1000,0.01,yes
2026-09-30T00:44:29.354015Z,0.1000,4.00,yes
2026-09-30T00:44:29.354015Z,0.1100,1.00,yes
2026-09-30T00:44:29.354015Z,0.1100,2.00,yes
2026-09-30T00:44:29.354015Z,0.1100,1.00,yes
2026-09-30T00:44:29.354015Z,0.1100,1.22,yes
2026-09-30T00:44:29.354015Z,0.1000,1.00,yes
2026-09-30T00:44:31.150687Z,0.0700,0.01,no
2026-09-30T00:44:31.150687Z,0.0700,23.40,no
2026-09-30T00:44:31.150687Z,0.0800,0.01,no
2026-09-30T00:44:32.67388Z,0.1000,25.00,yes
2026-09-30T00:44:32.67388Z,0.1100,2.00,yes
2026-09-30T00:44:32.67388Z,0.1000,1.00,yes
2026-09-30T00:44:32.67388Z,0.1100,1.00,yes
2026-09-30T00:44:32.67388Z,0.1100,1.00,yes
2026-09-30T00:44:32.67388Z,0.1100,1.00,yes
2026-09-30T00:44:32.67388Z,0.1000,1.00,yes
2026-09-30T00:44:32.67388Z,0.1000,3.00,yes
2026-09-30T00:44:32.67388Z,0.1100,8.37,yes
2026-09-30T00:44:33.574787Z,0.1000,1.00,yes
2026-09-30T00:44:33.574787Z,0.1100,1.00,yes
2026-09-30T00:44:33.574787Z,0.1100,1.00,yes
2026-09-30T00:44:33.574787Z,0.1000,1.00,yes
2026-09-30T00:44:33.574787Z,0.1100,1.00,yes
2026-09-30T00:44:33.574787Z,0.1200,89.00,yes
2026-09-30T00:44:33.574787Z,0.1200,19.00,yes
2026-09-30T00:44:33.574787Z,0.1200,1.00,yes
2026-09-30T00:44:33.574787Z,0.1200,1.00,yes
2026-09-30T00:44:33.574787Z,0.1200,1.00,yes
2026-09-30T00:44:33.574787Z,0.1200,40.00,yes
2026-09-30T00:44:33.574787Z,0.1100,16.78,yes
2026-09-30T00:44:33.574787Z,0.1100,46.63,yes
2026-09-30T00:44:33.574787Z,0.1200,59.27,yes
2026-09-30T00:44:33.577412Z,0.1300,150.00,yes
2026-09-30T00:44:33.577412Z,0.1300,1.00,yes
2026-09-30T00:44:33.577412Z,0.1300,25.00,yes
2026-09-30T00:44:33.577412Z,0.1300,1.00,yes
2026-09-30T00:44:33.577412Z,0.1300,20.00,yes
2026-09-30T00:44:33.577412Z,0.1300,318.00,yes
2026-09-30T00:44:33.577412Z,0.1300,83.00,yes
2026-09-30T00:44:33.577412Z,0.1300,10.00,yes
2026-09-30T00:44:33.607531Z,0.1400,0.01,yes
2026-09-30T00:44:33.607531Z,0.1400,7.00,yes
2026-09-30T00:44:33.607531Z,0.1400,1.00,yes
2026-09-30T00:44:33.607531Z,0.1400,1.00,yes
2026-09-30T00:44:33.607531Z,0.1400,2.00,yes
2026-09-30T00:44:33.607531Z,0.1400,0.01,yes
2026-09-30T00:44:33.607531Z,0.1400,2.00,yes
2026-09-30T00:44:33.607531Z,0.1400,1.00,yes
2026-09-30T00:44:33.607531Z,0.1400,1255.00,yes
2026-09-30T00:44:33.607531Z,0.1400,1.00,yes
2026-09-30T00:44:33.607531Z,0.1400,1.00,yes
2026-09-30T00:44:33.607531Z,0.1400,5.00,yes
2026-09-30T00:44:33.607531Z,0.1400,1.00,yes
2026-09-30T00:44:33.607531Z,0.1400,1.00,yes
2026-09-30T00:44:33.607531Z,0.1400,1226.00,yes
2026-09-30T00:44:33.607531Z,0.1400,1226.00,yes
2026-09-30T00:44:33.607531Z,0.1400,1144.59,yes
2026-09-30T00:44:33.607531Z,0.1400,100.00,yes
2026-09-30T00:44:33.607531Z,0.1400,1226.00,yes
2026-09-30T00:44:33.607531Z,0.1400,414.89,yes
2026-09-30T00:44:34.692889Z,0.1400,1.00,yes
2026-09-30T00:44:34.692889Z,0.1400,1.00,yes
2026-09-30T00:44:34.692889Z,0.1400,1.00,yes
2026-09-30T00:44:34.692889Z,0.1400,5.00,yes
2026-09-30T00:44:37.354362Z,0.1500,1.00,yes
2026-09-30T00:44:37.354362Z,0.1500,1.00,yes
2026-09-30T00:44:37.354362Z,0.1500,2.00,yes
2026-09-30T00:44:37.354362Z,0.1500,7.00,yes
2026-09-30T00:44:37.354362Z,0.1500,1.00,yes
2026-09-30T00:44:37.354362Z,0.1500,2.00,yes
2026-09-30T00:44:37.354362Z,0.1500,3.00,yes
2026-09-30T00:44:37.354362Z,0.1500,8.26,yes
2026-09-30T00:44:37.354362Z,0.1500,3.00,yes
2026-09-30T00:44:37.354362Z,0.1500,2.00,yes
2026-09-30T00:44:37.911775Z,0.1500,314.61,yes
2026-09-30T00:44:38.044884Z,0.1400,31.33,no
2026-09-30T00:44:38.11449Z,0.1400,10.44,no
2026-09-30T00:44:38.210847Z,0.1400,0.31,no
2026-09-30T00:44:38.211894Z,0.1400,37.50,no
2026-09-30T00:44:38.468139Z,0.1500,25.16,yes
2026-09-30T00:44:38.997463Z,0.1400,93.61,no
2026-09-30T00:44:40.047712Z,0.1500,318.89,yes
2026-09-30T00:44:40.430937Z,0.1500,12.58,yes
2026-09-30T00:44:41.274973Z,0.1500,1258.45,yes
2026-09-30T00:44:42.510803Z,0.1500,61.22,yes
2026-09-30T00:44:44.094813Z,0.1500,6.16,yes
2026-09-30T00:44:44.673865Z,0.1500,37.75,yes
2026-09-30T00:44:45.176827Z,0.1500,629.22,yes
2026-09-30T00:44:46.090339Z,0.1500,100.67,yes
2026-09-30T00:44:47.0703Z,0.1500,62.92,yes
2026-09-30T00:44:48.451761Z,0.1500,18.87,yes
2026-09-30T00:44:51.403748Z,0.1500,125.84,yes
2026-09-30T00:44:52.504409Z,0.1500,6.29,yes
2026-09-30T00:44:52.519582Z,0.1400,600.00,no
2026-09-30T00:44:52.565695Z,0.1500,301.50,yes
2026-09-30T00:44:52.565695Z,0.1500,13.11,yes
2026-09-30T00:44:53.383883Z,0.1500,4.00,yes
2026-09-30T00:44:54.086744Z,0.1500,62.92,yes
2026-09-30T00:44:54.365561Z,0.1500,127.10,yes
2026-09-30T00:44:54.770566Z,0.1400,165.99,no
2026-09-30T00:44:56.03786Z,0.1500,31.46,yes
2026-09-30T00:44:56.17781Z,0.1500,628.34,yes
2026-09-30T00:44:56.388497Z,0.1500,31.46,yes
2026-09-30T00:44:56.844685Z,0.1500,98.15,yes
2026-09-30T00:44:57.561446Z,0.1500,62.92,yes
2026-09-30T00:44:57.681209Z,0.1500,3.14,yes
2026-09-30T00:44:58.911835Z,0.1500,459.33,yes
2026-09-30T00:44:59.660057Z,0.1500,314.61,yes
2026-09-30T00:44:59.785831Z,0.1500,44.04,yes
2026-09-30T00:45:00.28352Z,0.1500,154.34,yes
2026-09-30T00:45:00.452219Z,0.1400,36.23,no
2026-09-30T00:45:00.507908Z,0.1500,3.52,yes
2026-09-30T00:45:00.91112Z,0.1500,673.17,yes
2026-09-30T00:45:00.91112Z,0.1500,427.59,yes
2026-09-30T00:45:01.172803Z,0.1500,188.76,yes
2026-09-30T00:45:01.356473Z,0.1500,314.61,yes
2026-09-30T00:45:02.664603Z,0.1500,84.25,yes
2026-09-30T00:45:03.497977Z,0.1500,31.46,yes
2026-09-30T00:45:03.863606Z,0.1500,27.00,yes
2026-09-30T00:45:03.946763Z,0.1500,62.92,yes
2026-09-30T00:45:05.223824Z,0.1500,0.01,yes
2026-09-30T00:45:05.223824Z,0.1500,0.01,yes
2026-09-30T00:45:05.223824Z,0.1500,31.44,yes
2026-09-30T00:45:05.898361Z,0.1600,1.00,yes
2026-09-30T00:45:05.898361Z,0.1600,3.00,yes
2026-09-30T00:45:05.898361Z,0.1600,1.00,yes
2026-09-30T00:45:05.898361Z,0.1600,1.00,yes
2026-09-30T00:45:05.898361Z,0.1600,2.00,yes
2026-09-30T00:45:05.898361Z,0.1600,1.00,yes
2026-09-30T00:45:05.898361Z,0.1600,1.00,yes
2026-09-30T00:45:05.898361Z,0.1600,2.00,yes
2026-09-30T00:45:05.898361Z,0.1600,3.11,yes
2026-09-30T00:45:07.209432Z,0.1700,1.00,yes
2026-09-30T00:45:07.209432Z,0.1700,1.00,yes
2026-09-30T00:45:07.209432Z,0.1700,1.00,yes
2026-09-30T00:45:07.209432Z,0.1800,5.00,yes
2026-09-30T00:45:07.209432Z,0.1800,1.00,yes
2026-09-30T00:45:07.209432Z,0.1700,3.00,yes
2026-09-30T00:45:07.209432Z,0.1700,1.00,yes
2026-09-30T00:45:07.209432Z,0.1700,10.00,yes
2026-09-30T00:45:07.209432Z,0.1800,135.11,yes
2026-09-30T00:45:07.209432Z,0.1600,4.00,yes
2026-09-30T00:45:07.209432Z,0.1700,20.00,yes
2026-09-30T00:45:07.209432Z,0.1600,1.00,yes
2026-09-30T00:45:07.209432Z,0.1700,1.00,yes
2026-09-30T00:45:07.209432Z,0.1700,3.00,yes
2026-09-30T00:45:07.209432Z,0.1700,1.00,yes
2026-09-30T00:45:07.209432Z,0.1600,1.89,yes
2026-09-30T00:45:07.209432Z,0.1800,9.00,yes
2026-09-30T00:45:07.209432Z,0.1700,3.00,yes
2026-09-30T00:45:07.209432Z,0.1700,1.00,yes
2026-09-30T00:45:07.209432Z,0.1800,1.00,yes
2026-09-30T00:45:07.209432Z,0.1800,3.00,yes
2026-09-30T00:45:07.209432Z,0.1800,1.00,yes
2026-09-30T00:45:07.209432Z,0.1800,1.00,yes
2026-09-30T00:45:07.209432Z,0.1600,2.00,yes
2026-09-30T00:45:07.209432Z,0.1600,2.00,yes
2026-09-30T00:45:07.209432Z,0.1700,1.00,yes
2026-09-30T00:45:07.209432Z,0.1700,4.00,yes
2026-09-30T00:45:07.209432Z,0.1700,1.00,yes
2026-09-30T00:45:07.209432Z,0.1700,1.00,yes
2026-09-30T00:45:07.584001Z,0.1800,1.00,yes
2026-09-30T00:45:07.584001Z,0.1800,1.00,yes
2026-09-30T00:45:07.584001Z,0.1700,1.00,yes
2026-09-30T00:45:07.584001Z,0.1700,1.00,yes
2026-09-30T00:45:07.584001Z,0.1700,8.00,yes
2026-09-30T00:45:07.584001Z,0.1800,38.53,yes
2026-09-30T00:45:07.584001Z,0.1800,1.00,yes
2026-09-30T00:45:07.584001Z,0.1800,1.00,yes
2026-09-30T00:45:09.843205Z,0.1600,0.53,yes
2026-09-30T00:45:10.109952Z,0.1500,258.69,no
2026-09-30T00:45:10.353649Z,0.1600,590.29,yes
2026-09-30T00:45:10.734163Z,0.1600,11.80,yes
2026-09-30T00:45:16.368572Z,0.1900,1.00,yes
2026-09-30T00:45:16.368572Z,0.1900,1.00,yes
2026-09-30T00:45:16.368572Z,0.1900,1.00,yes
2026-09-30T00:45:16.368572Z,0.1900,1.00,yes
2026-09-30T00:45:16.368572Z,0.1900,1.00,yes
2026-09-30T00:45:16.368572Z,0.1900,1.00,yes
2026-09-30T00:45:16.368572Z,0.1900,7.00,yes
2026-09-30T00:45:16.368572Z,0.1900,5.00,yes
2026-09-30T00:45:16.368572Z,0.1900,1.00,yes
2026-09-30T00:45:16.368572Z,0.1600,0.01,yes
2026-09-30T00:45:16.368572Z,0.1600,0.01,yes
2026-09-30T00:45:16.368572Z,0.1900,1.00,yes
2026-09-30T00:45:16.368572Z,0.1900,2.00,yes
2026-09-30T00:45:16.368572Z,0.1700,0.01,yes
2026-09-30T00:45:16.368572Z,0.1800,2.00,yes
2026-09-30T00:45:16.368572Z,0.1800,1.00,yes
2026-09-30T00:45:16.368572Z,0.1800,4.00,yes
2026-09-30T00:45:16.368572Z,0.1900,1.00,yes
2026-09-30T00:45:16.368572Z,0.1900,11.64,yes
2026-09-30T00:45:16.368572Z,0.1700,1.00,yes
2026-09-30T00:45:16.368572Z,0.1900,3.00,yes
2026-09-30T00:45:16.368572Z,0.1900,1.00,yes
2026-09-30T00:45:16.368572Z,0.1900,1.00,yes
2026-09-30T00:45:16.930476Z,0.1800,8.36,yes
2026-09-30T00:45:16.930476Z,0.1900,2.03,yes
2026-09-30T00:45:16.930476Z,0.1800,2.00,yes
2026-09-30T00:45:16.930476Z,0.1800,1.00,yes
2026-09-30T00:45:17.149Z,0.1900,4.98,yes
2026-09-30T00:45:18.299184Z,0.1900,25.00,yes
2026-09-30T00:45:18.299184Z,0.1900,1.00,yes
2026-09-30T00:45:18.299184Z,0.1800,1.00,yes
2026-09-30T00:45:18.299184Z,0.1800,10.00,yes
2026-09-30T00:45:18.299184Z,0.1800,1.00,yes
2026-09-30T00:45:18.299184Z,0.1900,26.01,yes
2026-09-30T00:45:18.299184Z,0.1900,71.99,yes
2026-09-30T00:45:18.721441Z,0.2000,28.92,yes
2026-09-30T00:45:18.721441Z,0.1900,1.00,yes
2026-09-30T00:45:18.721441Z,0.1900,71.99,yes
2026-09-30T00:45:18.721441Z,0.1900,6.00,yes
2026-09-30T00:45:18.721441Z,0.1900,3.00,yes
2026-09-30T00:45:18.721441Z,0.1900,1.00,yes
2026-09-30T00:45:18.721441Z,0.1900,2.03,yes
2026-09-30T00:45:18.721441Z,0.1900,1.00,yes
2026-09-30T00:45:18.721441Z,0.1900,4.98,yes
2026-09-30T00:45:18.721441Z,0.1900,5.00,yes
2026-09-30T00:45:18.721441Z,0.1900,22.99,yes
2026-09-30T00:45:20.212594Z,0.1600,0.01,no
2026-09-30T00:45:20.212594Z,0.1600,0.02,no
2026-09-30T00:45:20.212594Z,0.1500,35.21,no
2026-09-30T00:45:20.212594Z,0.1600,1.00,no
2026-09-30T00:45:20.212594Z,0.1500,0.01,no
2026-09-30T00:45:20.624871Z,0.1900,1.00,yes
2026-09-30T00:45:20.624871Z,0.1900,0.28,yes
2026-09-30T00:45:20.624871Z,0.1800,1.00,yes
2026-09-30T00:45:20.624871Z,0.1800,1.00,yes
2026-09-30T00:45:20.624871Z,0.1800,1.00,yes
2026-09-30T00:45:20.624871Z,0.1800,10.00,yes
2026-09-30T00:45:20.624871Z,0.1800,78.00,yes
2026-09-30T00:45:20.624871Z,0.1900,25.00,yes
2026-09-30T00:45:20.624871Z,0.1900,5.00,yes
2026-09-30T00:45:20.624871Z,0.1900,1.00,yes
2026-09-30T00:45:20.673805Z,0.2000,10.89,yes
2026-09-30T00:45:20.673805Z,0.1900,2.00,yes
2026-09-30T00:45:20.673805Z,0.1900,5.00,yes
2026-09-30T00:45:20.673805Z,0.1900,79.00,yes
2026-09-30T00:45:20.673805Z,0.1900,0.72,yes
2026-09-30T00:45:20.802756Z,0.1900,39.82,yes
2026-09-30T00:45:20.802756Z,0.1900,5.00,yes
2026-09-30T00:45:20.900767Z,0.1900,2.00,yes
2026-09-30T00:45:20.900767Z,0.1900,5.00,yes
2026-09-30T00:45:20.900767Z,0.1900,39.18,yes
2026-09-30T00:45:20.900767Z,0.1900,25.00,yes
2026-09-30T00:45:20.900767Z,0.1900,39.82,yes
2026-09-30T00:45:20.90632Z,0.2000,10.19,yes
2026-09-30T00:45:20.90632Z,0.2000,1.00,yes
2026-09-30T00:45:20.90632Z,0.2000,1.00,yes
2026-09-30T00:45:20.90632Z,0.2100,1.00,yes
2026-09-30T00:45:20.90632Z,0.2000,1.00,yes
2026-09-30T00:45:20.90632Z,0.2100,1.00,yes
2026-09-30T00:45:20.90632Z,0.2100,1.00,yes
2026-09-30T00:45:20.90632Z,0.2000,3.00,yes
2026-09-30T00:45:20.90632Z,0.2100,168.00,yes
2026-09-30T00:45:20.90632Z,0.2000,2.00,yes
2026-09-30T00:45:20.90632Z,0.2000,2.00,yes
2026-09-30T00:45:20.90632Z,0.2000,1.00,yes
2026-09-30T00:45:20.90632Z,0.2000,2.00,yes
2026-09-30T00:45:20.90632Z,0.2000,1.00,yes
2026-09-30T00:45:20.90632Z,0.2100,150.00,yes
2026-09-30T00:45:20.90632Z,0.2100,1.00,yes
2026-09-30T00:45:20.90632Z,0.2000,1.00,yes
2026-09-30T00:45:20.90632Z,0.2000,47.00,yes
2026-09-30T00:45:20.90632Z,0.2000,1.00,yes
2026-09-30T00:45:20.90632Z,0.2000,1.00,yes
2026-09-30T00:45:20.90632Z,0.2100,65.13,yes
2026-09-30T00:45:20.90632Z,0.2100,1.00,yes
2026-09-30T00:45:20.90632Z,0.2000,1.00,yes
2026-09-30T00:45:20.934068Z,0.2200,3000.00,yes
2026-09-30T00:45:20.934068Z,0.2200,1226.00,yes
2026-09-30T00:45:20.934068Z,0.2200,1.00,yes
2026-09-30T00:45:20.934068Z,0.2200,1.00,yes
2026-09-30T00:45:20.934068Z,0.2200,1454.00,yes
2026-09-30T00:45:20.934068Z,0.2200,830.50,yes
2026-09-30T00:45:20.934068Z,0.2200,100.00,yes
2026-09-30T00:45:20.934068Z,0.2200,1.00,yes
2026-09-30T00:45:20.934068Z,0.2200,2.00,yes
2026-09-30T00:45:20.970737Z,0.2200,10.00,yes
2026-09-30T00:45:20.970737Z,0.2200,100.00,yes
2026-09-30T00:45:21.478582Z,0.2300,0.04,yes
2026-09-30T00:45:22.186305Z,0.2400,2.66,yes
2026-09-30T00:45:22.186305Z,0.2300,1.00,yes
2026-09-30T00:45:22.186305Z,0.2300,1.00,yes
2026-09-30T00:45:24.84226Z,0.2300,73.75,no
2026-09-30T00:45:25.171219Z,0.2400,0.01,yes
2026-09-30T00:45:25.171219Z,0.2400,0.01,yes
2026-09-30T00:45:25.171219Z,0.2400,10.00,yes
2026-09-30T00:45:25.171219Z,0.2400,854.00,yes
2026-09-30T00:45:25.171219Z,0.2400,465.98,yes
2026-09-30T00:45:25.608889Z,0.2400,380.41,yes
2026-09-30T00:45:26.56063Z,0.2400,19.78,yes
2026-09-30T00:45:27.001615Z,0.2400,1186.85,yes
2026-09-30T00:45:28.220114Z,0.2400,29.31,yes
2026-09-30T00:45:29.290468Z,0.2400,395.61,yes
2026-09-30T00:45:29.524009Z,0.2400,411.41,yes
2026-09-30T00:45:30.102271Z,0.2300,93.58,no
2026-09-30T00:45:30.728167Z,0.2400,352.00,yes
2026-09-30T00:45:32.88174Z,0.2300,10.00,no
2026-09-30T00:45:36.896263Z,0.2400,19.78,yes
2026-09-30T00:45:37.314031Z,0.2400,205.72,yes
2026-09-30T00:45:38.632833Z,0.2400,79.12,yes
2026-09-30T00:45:38.682919Z,0.2400,34.02,yes
2026-09-30T00:45:38.860169Z,0.2400,1.18,yes
2026-09-30T00:45:39.437026Z,0.2400,79.12,yes
2026-09-30T00:45:40.753947Z,0.2400,10.95,yes
2026-09-30T00:45:40.933857Z,0.2400,102.86,yes
2026-09-30T00:45:42.137043Z,0.2400,39.56,yes
2026-09-30T00:45:42.206869Z,0.2400,71.21,yes
2026-09-30T00:45:42.565364Z,0.2400,2510.00,yes
2026-09-30T00:45:42.848711Z,0.2400,395.61,yes
2026-09-30T00:45:43.932011Z,0.2300,400.00,no
2026-09-30T00:45:44.113117Z,0.2400,79.12,yes
2026-09-30T00:45:44.810549Z,0.2400,21.79,yes
2026-09-30T00:45:45.206182Z,0.2400,98.90,yes
2026-09-30T00:45:45.21265Z,0.2300,6.29,no
2026-09-30T00:45:45.486421Z,0.2400,83.00,yes
2026-09-30T00:45:45.486421Z,0.2400,21.37,yes
2026-09-30T00:45:45.486421Z,0.2400,22.22,yes
2026-09-30T00:45:45.650347Z,0.2300,92.08,no
2026-09-30T00:45:45.804189Z,0.2400,395.61,yes
2026-09-30T00:45:45.860497Z,0.2400,197.80,yes
2026-09-30T00:45:46.144352Z,0.2400,98.90,yes
2026-09-30T00:45:46.16018Z,0.2400,28.53,yes
2026-09-30T00:45:46.324673Z,0.2400,395.61,yes
2026-09-30T00:45:46.761909Z,0.2400,3.44,yes
2026-09-30T00:45:46.791167Z,0.2400,19.78,yes
2026-09-30T00:45:46.944395Z,0.2400,15.82,yes
2026-09-30T00:45:47.277045Z,0.2400,98.90,yes
2026-09-30T00:45:47.52882Z,0.2400,18.47,yes
2026-09-30T00:45:47.603278Z,0.2400,39.56,yes
2026-09-30T00:45:47.752303Z,0.2400,19.78,yes
2026-09-30T00:45:48.47165Z,0.2400,318.00,yes
2026-09-30T00:45:49.904232Z,0.2400,8.99,yes
2026-09-30T00:45:49.904232Z,0.2400,1.00,yes
2026-09-30T00:45:49.904232Z,0.2400,0.01,yes
2026-09-30T00:45:50.029069Z,0.2400,1.01,yes
2026-09-30T00:45:50.029069Z,0.2400,1.00,yes
2026-09-30T00:45:50.029069Z,0.2400,1.00,yes
2026-09-30T00:45:50.029069Z,0.2400,83.00,yes
2026-09-30T00:45:50.029069Z,0.2400,0.01,yes
2026-09-30T00:45:50.029069Z,0.2400,39.00,yes
2026-09-30T00:45:50.580342Z,0.2700,51.84,yes
2026-09-30T00:45:50.580342Z,0.2600,3.00,yes
2026-09-30T00:45:50.580342Z,0.2500,2.00,yes
2026-09-30T00:45:50.580342Z,0.2500,83.00,yes
2026-09-30T00:45:50.580342Z,0.2500,38.00,yes
2026-09-30T00:45:50.580342Z,0.2500,20.00,yes
2026-09-30T00:45:50.580342Z,0.2600,4.00,yes
2026-09-30T00:45:50.580342Z,0.2600,2.00,yes
2026-09-30T00:45:50.580342Z,0.2600,1.00,yes
2026-09-30T00:45:50.580342Z,0.2600,3.00,yes
2026-09-30T00:45:50.580342Z,0.2600,55.10,yes
2026-09-30T00:45:50.580342Z,0.2500,1.00,yes
2026-09-30T00:45:50.580342Z,0.2500,1.00,yes
2026-09-30T00:45:50.580342Z,0.2500,1.00,yes
2026-09-30T00:45:50.580342Z,0.2600,1.00,yes
2026-09-30T00:45:50.580342Z,0.2600,1.00,yes
2026-09-30T00:45:50.580342Z,0.2600,1.00,yes
2026-09-30T00:45:50.580342Z,0.2600,1.00,yes
2026-09-30T00:45:50.580342Z,0.2700,1.00,yes
2026-09-30T00:45:50.580342Z,0.2700,1.00,yes
2026-09-30T00:45:50.580342Z,0.2600,19.00,yes
2026-09-30T00:45:50.580342Z,0.2500,5.00,yes
2026-09-30T00:45:50.580342Z,0.2700,49.00,yes
2026-09-30T00:45:50.580342Z,0.2600,19.00,yes
2026-09-30T00:45:51.256643Z,0.2600,9.00,yes
2026-09-30T00:45:51.256643Z,0.2600,36.00,yes
2026-09-30T00:45:51.256643Z,0.2600,3.00,yes
2026-09-30T00:45:51.256643Z,0.2500,1.00,yes
2026-09-30T00:45:51.256643Z,0.2500,1.00,yes
2026-09-30T00:45:51.256643Z,0.2500,1.00,yes
2026-09-30T00:45:51.256643Z,0.2600,78.00,yes
2026-09-30T00:45:51.256643Z,0.2500,20.00,yes
2026-09-30T00:45:51.256643Z,0.2600,1.00,yes
2026-09-30T00:45:51.256643Z,0.2700,200.75,yes
2026-09-30T00:45:51.927337Z,0.2600,1.00,yes
2026-09-30T00:45:51.927337Z,0.2500,1.00,yes
2026-09-30T00:45:51.927337Z,0.2800,1.00,yes
2026-09-30T00:45:51.927337Z,0.2800,1.00,yes
2026-09-30T00:45:51.927337Z,0.2600,7.00,yes
2026-09-30T00:45:51.927337Z,0.2500,1.00,yes
2026-09-30T00:45:51.927337Z,0.2800,4.00,yes
2026-09-30T00:45:51.927337Z,0.2800,20.00,yes
2026-09-30T00:45:51.927337Z,0.2800,2.00,yes
2026-09-30T00:45:51.927337Z,0.2700,2.00,yes
2026-09-30T00:45:51.927337Z,0.2800,4.00,yes
2026-09-30T00:45:51.927337Z,0.2700,6.00,yes
2026-09-30T00:45:51.927337Z,0.2700,3.00,yes
2026-09-30T00:45:51.927337Z,0.2800,1.00,yes
2026-09-30T00:45:51.927337Z,0.2900,10.45,yes
2026-09-30T00:45:51.927337Z,0.2800,1.00,yes
2026-09-30T00:45:51.927337Z,0.2800,1.00,yes
2026-09-30T00:45:51.927337Z,0.2800,0.76,yes
2026-09-30T00:45:51.946908Z,0.2800,1.00,yes
2026-09-30T00:45:51.946908Z,0.2800,25.00,yes
2026-09-30T00:45:51.946908Z,0.2900,89.55,yes
2026-09-30T00:45:51.946908Z,0.2900,48.33,yes
2026-09-30T00:45:52.134946Z,0.2500,0.03,yes
2026-09-30T00:45:52.299615Z,0.2800,5.00,yes
2026-09-30T00:45:52.299615Z,0.2500,1.00,yes
2026-09-30T00:45:52.299615Z,0.3000,127.00,yes
2026-09-30T00:45:52.299615Z,0.2600,1.00,yes
2026-09-30T00:45:52.299615Z,0.2700,2.00,yes
2026-09-30T00:45:52.299615Z,0.2500,1.00,yes
2026-09-30T00:45:52.299615Z,0.2700,3.00,yes
2026-09-30T00:45:52.299615Z,0.2500,0.97,yes
2026-09-30T00:45:52.299615Z,0.3000,38.00,yes
2026-09-30T00:45:52.299615Z,0.2800,1.00,yes
2026-09-30T00:45:52.299615Z,0.2600,1.00,yes
2026-09-30T00:45:52.299615Z,0.2800,1.00,yes
2026-09-30T00:45:52.299615Z,0.3000,78.00,yes
2026-09-30T00:45:52.299615Z,0.2900,6.00,yes
2026-09-30T00:45:52.299615Z,0.3000,5.00,yes
2026-09-30T00:45:52.299615Z,0.2900,2.00,yes
2026-09-30T00:45:52.299615Z,0.3000,2.00,yes
2026-09-30T00:45:52.299615Z,0.2900,12.00,yes
2026-09-30T00:45:52.299615Z,0.2900,251.67,yes
2026-09-30T00:45:52.299615Z,0.3000,1.00,yes
2026-09-30T00:45:52.299615Z,0.3000,1.00,yes
2026-09-30T00:45:52.299615Z,0.2900,1.00,yes
2026-09-30T00:45:52.299615Z,0.2900,1.00,yes
2026-09-30T00:45:52.299615Z,0.3100,2757.31,yes
2026-09-30T00:45:53.162493Z,0.2800,1.00,yes
2026-09-30T00:45:53.162493Z,0.2800,1.00,yes
2026-09-30T00:45:53.162493Z,0.2900,10.48,yes
2026-09-30T00:45:53.162493Z,0.2800,4.00,yes
2026-09-30T00:45:53.517911Z,0.2900,2.79,yes
2026-09-30T00:45:54.101851Z,0.2900,7.00,yes
2026-09-30T00:45:54.101851Z,0.2900,49.00,yes
2026-09-30T00:45:54.101851Z,0.2900,1.00,yes
2026-09-30T00:45:54.101851Z,0.2900,1.00,yes
2026-09-30T00:45:54.101851Z,0.2900,1.00,yes
2026-09-30T00:45:54.101851Z,0.2900,11.73,yes
2026-09-30T00:45:54.101851Z,0.3000,30.53,yes
2026-09-30T00:45:54.101851Z,0.2900,34.00,yes
2026-09-30T00:45:54.606841Z,0.3000,7.00,yes
2026-09-30T00:45:54.606841Z,0.3000,7.68,yes
2026-09-30T00:45:54.606841Z,0.2800,4.00,yes
2026-09-30T00:45:54.606841Z,0.2900,17.00,yes
2026-09-30T00:45:54.606841Z,0.2900,7.00,yes
2026-09-30T00:45:54.606841Z,0.2900,1.00,yes
2026-09-30T00:45:54.606841Z,0.2800,6.00,yes
2026-09-30T00:45:54.606841Z,0.2800,25.00,yes
2026-09-30T00:45:54.606841Z,0.2800,1.00,yes
2026-09-30T00:45:54.606841Z,0.2900,34.00,yes
2026-09-30T00:45:54.606841Z,0.3000,47.47,yes
2026-09-30T00:45:54.606841Z,0.3000,1.00,yes
2026-09-30T00:45:54.606841Z,0.3000,1.00,yes
2026-09-30T00:45:54.812314Z,0.2900,1.00,yes
2026-09-30T00:45:54.812314Z,0.2900,1.00,yes
2026-09-30T00:45:54.812314Z,0.2900,76.00,yes
2026-09-30T00:45:54.812314Z,0.2900,7.46,yes
2026-09-30T00:45:54.812314Z,0.2900,9.00,yes
2026-09-30T00:45:55.48845Z,0.2800,1.34,yes
2026-09-30T00:45:55.48845Z,0.2800,2.00,yes
2026-09-30T00:45:55.48845Z,0.2800,50.00,yes
2026-09-30T00:45:55.48845Z,0.2800,1.00,yes
2026-09-30T00:45:55.910918Z,0.2800,1.00,yes
2026-09-30T00:45:55.910918Z,0.2800,2.00,yes
2026-09-30T00:45:55.910918Z,0.2800,1.00,yes
2026-09-30T00:45:55.910918Z,0.2800,3.66,yes
2026-09-30T00:45:55.910918Z,0.2800,5.00,yes
2026-09-30T00:45:55.910918Z,0.2800,4.34,yes
2026-09-30T00:45:55.96584Z,0.2800,2.00,yes
2026-09-30T00:45:55.96584Z,0.2800,4.34,yes
2026-09-30T00:45:55.96584Z,0.2800,4.00,yes
2026-09-30T00:45:55.96584Z,0.3000,150.00,yes
2026-09-30T00:45:55.96584Z,0.3000,61.64,yes
2026-09-30T00:45:55.96584Z,0.2800,75.66,yes
2026-09-30T00:45:55.96584Z,0.3000,1.00,yes
2026-09-30T00:45:55.96584Z,0.2900,1.00,yes
2026-09-30T00:45:55.96584Z,0.2900,17.54,yes
2026-09-30T00:45:55.96584Z,0.2900,3.00,yes
2026-09-30T00:45:55.96584Z,0.3000,2.00,yes
2026-09-30T00:45:55.96584Z,0.3000,36.58,yes
2026-09-30T00:45:55.96584Z,0.2900,260.00,yes
2026-09-30T00:45:55.96584Z,0.3100,98.39,yes
2026-09-30T00:45:56.65152Z,0.2900,76.00,yes
2026-09-30T00:45:56.65152Z,0.2800,1.00,yes
2026-09-30T00:45:56.65152Z,0.2800,2.00,yes
2026-09-30T00:45:56.65152Z,0.2900,2.00,yes
2026-09-30T00:45:56.65152Z,0.2900,1.00,yes
2026-09-30T00:45:56.657048Z,0.2900,0.01,no
2026-09-30T00:45:56.668111Z,0.2900,106.00,no
2026-09-30T00:45:57.563969Z,0.3000,77.88,yes
2026-09-30T00:45:57.563969Z,0.3000,2.00,yes
2026-09-30T00:45:57.563969Z,0.3000,1.00,yes
2026-09-30T00:45:57.563969Z,0.3000,78.00,yes
2026-09-30T00:45:57.803393Z,0.3000,1.00,yes
2026-09-30T00:45:57.803393Z,0.3000,72.12,yes
2026-09-30T00:45:57.803393Z,0.3000,1.00,yes
2026-09-30T00:45:57.803393Z,0.3000,5.32,yes
2026-09-30T00:45:58.616907Z,0.2900,18.23,no
2026-09-30T00:45:58.677036Z,0.3000,1.00,yes
2026-09-30T00:45:58.677036Z,0.3000,1.00,yes
2026-09-30T00:45:58.677036Z,0.3000,1.00,yes
2026-09-30T00:45:58.677036Z,0.3000,41.00,yes
2026-09-30T00:45:58.677036Z,0.3000,5.00,yes
2026-09-30T00:45:58.677036Z,0.3100,105.51,yes
2026-09-30T00:45:58.684667Z,0.2900,12.00,no
2026-09-30T00:45:58.73953Z,0.2900,98.90,no
2026-09-30T00:45:59.474911Z,0.2200,0.01,no
2026-09-30T00:45:59.474911Z,0.2300,0.01,no
2026-09-30T00:45:59.474911Z,0.2000,0.01,no
2026-09-30T00:45:59.474911Z,0.2100,0.01,no
2026-09-30T00:45:59.474911Z,0.2000,35.00,no
2026-09-30T00:45:59.474911Z,0.2700,120.00,no
2026-09-30T00:45:59.474911Z,0.2800,0.01,no
2026-09-30T00:45:59.474911Z,0.2000,102.00,no
2026-09-30T00:45:59.474911Z,0.2900,333.00,no
2026-09-30T00:45:59.474911Z,0.2500,0.01,no
2026-09-30T00:45:59.474911Z,0.2900,1682.86,no
2026-09-30T00:45:59.474911Z,0.2600,0.01,no
2026-09-30T00:45:59.474911Z,0.2400,0.01,no
2026-09-30T00:45:59.474911Z,0.2000,188.00,no
2026-09-30T00:45:59.474911Z,0.2700,0.01,no
2026-09-30T00:45:59.474911Z,0.2100,1.00,no
2026-09-30T00:45:59.474911Z,0.2300,10.00,no
2026-09-30T00:45:59.474911Z,0.2900,1.00,no
2026-09-30T00:45:59.474911Z,0.2000,100.00,no
2026-09-30T00:45:59.490249Z,0.1900,57.00,no
2026-09-30T00:45:59.490249Z,0.1900,0.01,no
2026-09-30T00:45:59.490249Z,0.2000,150.00,no
2026-09-30T00:45:59.490249Z,0.1900,92.99,no
2026-09-30T00:45:59.515776Z,0.2000,16.00,no
2026-09-30T00:45:59.543202Z,0.1900,250.00,no
2026-09-30T00:45:59.543202Z,0.1900,64.00,no
2026-09-30T00:45:59.798989Z,0.1900,769.29,yes
2026-09-30T00:46:00.316216Z,0.1900,24.90,yes
2026-09-30T00:46:00.529758Z,0.1900,62.10,yes
2026-09-30T00:46:00.775421Z,0.1900,49.80,yes
2026-09-30T00:46:01.108849Z,0.1900,498.07,yes
2026-09-30T00:46:01.716407Z,0.1900,101.84,yes
2026-09-30T00:46:01.716407Z,0.1900,241.68,yes
2026-09-30T00:46:02.142506Z,0.1900,577.76,yes
2026-09-30T00:46:03.478945Z,0.1900,224.13,yes
2026-09-30T00:46:03.623052Z,0.1900,4.98,yes
2026-09-30T00:46:03.84489Z,0.1900,498.07,yes
2026-09-30T00:46:03.845016Z,0.1900,24.90,yes
2026-09-30T00:46:03.982956Z,0.1900,49.78,yes
2026-09-30T00:46:04.112241Z,0.1900,19.92,yes
2026-09-30T00:46:05.0463Z,0.1900,49.80,yes
2026-09-30T00:46:06.743157Z,0.1900,109.57,yes
2026-09-30T00:46:08.132826Z,0.1900,99.61,yes
2026-09-30T00:46:08.328264Z,0.1900,453.24,yes
2026-09-30T00:46:08.533709Z,0.1900,74.71,yes
2026-09-30T00:46:08.993447Z,0.1900,124.51,yes
2026-09-30T00:46:09.519562Z,0.1900,24.90,yes
2026-09-30T00:46:09.66609Z,0.1900,249.03,yes
2026-09-30T00:46:10.987334Z,0.1900,498.07,yes
2026-09-30T00:46:11.134741Z,0.1900,49.80,yes
2026-09-30T00:46:11.415306Z,0.1900,481.00,yes
2026-09-30T00:46:12.053467Z,0.1900,19.92,yes
2026-09-30T00:46:12.280867Z,0.1800,66.00,no
2026-09-30T00:46:12.291101Z,0.1900,5.03,yes
2026-09-30T00:46:12.54234Z,0.1800,93.58,no
2026-09-30T00:46:12.558292Z,0.1800,60.19,no
2026-09-30T00:46:13.058658Z,0.1900,9.96,yes
2026-09-30T00:46:13.662402Z,0.1900,99.61,yes
2026-09-30T00:46:14.804582Z,0.1900,49.80,yes
2026-09-30T00:46:14.86732Z,0.1900,633.94,yes
2026-09-30T00:46:14.956676Z,0.1900,12.58,yes
2026-09-30T00:46:14.956676Z,0.1900,17.30,yes
2026-09-30T00:46:15.02933Z,0.1800,31.46,no
2026-09-30T00:46:15.116434Z,0.1900,24.90,yes
2026-09-30T00:46:16.041461Z,0.1900,3.00,yes
2026-09-30T00:46:16.373749Z,0.1900,1.00,yes
2026-09-30T00:46:16.373749Z,0.1900,3.43,yes
2026-09-30T00:46:16.777528Z,0.1900,10.00,yes
2026-09-30T00:46:17.896359Z,0.1900,23.76,yes
2026-09-30T00:46:18.01571Z,0.1900,15.00,yes
2026-09-30T00:46:18.395502Z,0.1900,72.71,yes
2026-09-30T00:46:18.78507Z,0.1800,17.69,no
2026-09-30T00:46:19.523458Z,0.1900,189.26,yes
2026-09-30T00:46:20.809944Z,0.1900,74.71,yes
2026-09-30T00:46:21.78289Z,0.1800,124.97,no
2026-09-30T00:46:21.811392Z,0.1900,300.00,yes
2026-09-30T00:46:22.422776Z,0.1900,0.29,yes
2026-09-30T00:46:23.471542Z,0.1900,219.15,yes
2026-09-30T00:46:23.83088Z,0.1900,9.00,yes
2026-09-30T00:46:23.912566Z,0.1900,34.86,yes
2026-09-30T00:46:24.07399Z,0.1900,24.90,yes
2026-09-30T00:46:25.114418Z,0.1900,2.00,yes
2026-09-30T00:46:26.100341Z,0.1800,67.06,no
2026-09-30T00:46:26.257007Z,0.1900,249.03,yes
2026-09-30T00:46:26.387111Z,0.1900,49.80,yes
2026-09-30T00:46:27.18543Z,0.1900,49.80,yes
2026-09-30T00:46:27.410411Z,0.1900,49.80,yes
2026-09-30T00:46:27.674236Z,0.1900,239.07,yes
2026-09-30T00:46:27.71368Z,0.1900,104.59,yes
2026-09-30T00:46:27.742699Z,0.1900,4.38,yes
2026-09-30T00:46:28.515383Z,0.1900,20.00,yes
2026-09-30T00:46:28.515383Z,0.1900,98.53,yes
2026-09-30T00:46:28.515383Z,0.1900,1.00,yes
2026-09-30T00:46:28.533292Z,0.1800,22.52,no
2026-09-30T00:46:29.314916Z,0.1900,1.00,yes
2026-09-30T00:46:29.314916Z,0.1900,2.00,yes
2026-09-30T00:46:29.314916Z,0.1900,70.67,yes
2026-09-30T00:46:29.314916Z,0.1900,1.00,yes
2026-09-30T00:46:29.314916Z,0.1900,10.00,yes
2026-09-30T00:46:30.813726Z,0.1900,0.01,yes
2026-09-30T00:46:30.813726Z,0.1900,1.00,yes
2026-09-30T00:46:30.813726Z,0.1900,79.00,yes
2026-09-30T00:46:30.813726Z,0.1900,19.99,yes
2026-09-30T00:46:32.887577Z,0.2000,19.76,yes
2026-09-30T00:46:32.887577Z,0.1900,29.01,yes
2026-09-30T00:46:32.887577Z,0.1900,0.01,yes
2026-09-30T00:46:32.887577Z,0.2000,0.01,yes
2026-09-30T00:46:32.887577Z,0.2000,0.01,yes
2026-09-30T00:46:34.01728Z,0.1900,2.49,yes
2026-09-30T00:46:35.128631Z,0.1900,1.00,yes
2026-09-30T00:46:35.128631Z,0.1900,1.48,yes
2026-09-30T00:46:35.128631Z,0.1900,2.00,yes
2026-09-30T00:46:35.180194Z,0.1900,2.00,yes
2026-09-30T00:46:35.180194Z,0.1900,19.91,yes
2026-09-30T00:46:35.180194Z,0.1900,8.52,yes
2026-09-30T00:46:35.240325Z,0.1900,4.98,yes
2026-09-30T00:46:35.243512Z,0.1600,33.00,no
2026-09-30T00:46:35.243512Z,0.1800,0.01,no
2026-09-30T00:46:35.243512Z,0.1600,0.01,no
2026-09-30T00:46:35.243512Z,0.1700,0.01,no
2026-09-30T00:46:35.243512Z,0.1800,0.01,no
2026-09-30T00:46:35.243512Z,0.1800,1.00,no
2026-09-30T00:46:35.243512Z,0.1500,6.53,no
2026-09-30T00:46:36.076882Z,0.2500,3.00,yes
2026-09-30T00:46:36.076882Z,0.2300,5.00,yes
2026-09-30T00:46:36.076882Z,0.1900,1.00,yes
2026-09-30T00:46:36.076882Z,0.1900,2.00,yes
2026-09-30T00:46:36.076882Z,0.1900,0.01,yes
2026-09-30T00:46:36.076882Z,0.2200,3.00,yes
2026-09-30T00:46:36.076882Z,0.2000,7.00,yes
2026-09-30T00:46:36.076882Z,0.2200,6.00,yes
2026-09-30T00:46:36.076882Z,0.2600,2.00,yes
2026-09-30T00:46:36.076882Z,0.2100,3.00,yes
2026-09-30T00:46:36.076882Z,0.1900,11.00,yes
2026-09-30T00:46:36.076882Z,0.2100,1.00,yes
2026-09-30T00:46:36.076882Z,0.1900,8.00,yes
2026-09-30T00:46:36.076882Z,0.2300,2.00,yes
2026-09-30T00:46:36.076882Z,0.2100,1.00,yes
2026-09-30T00:46:36.076882Z,0.2600,5.00,yes
2026-09-30T00:46:36.076882Z,0.2400,2.00,yes
2026-09-30T00:46:36.076882Z,0.2400,1.00,yes
2026-09-30T00:46:36.076882Z,0.2000,250.11,yes
2026-09-30T00:46:36.076882Z,0.2000,47.00,yes
2026-09-30T00:46:36.076882Z,0.2000,0.01,yes
2026-09-30T00:46:36.076882Z,0.2000,1.00,yes
2026-09-30T00:46:36.076882Z,0.2100,1.00,yes
2026-09-30T00:46:36.076882Z,0.2000,1.00,yes
2026-09-30T00:46:36.076882Z,0.2100,1.00,yes
2026-09-30T00:46:36.076882Z,0.2000,1.00,yes
2026-09-30T00:46:36.076882Z,0.2100,168.00,yes
2026-09-30T00:46:36.076882Z,0.2700,1.00,yes
2026-09-30T00:46:36.076882Z,0.2300,0.01,yes
2026-09-30T00:46:36.076882Z,0.2100,0.01,yes
2026-09-30T00:46:36.076882Z,0.2200,0.01,yes
2026-09-30T00:46:36.076882Z,0.2400,0.01,yes
2026-09-30T00:46:36.076882Z,0.2700,0.01,yes
2026-09-30T00:46:36.076882Z,0.2500,0.01,yes
2026-09-30T00:46:36.076882Z,0.2600,0.01,yes
2026-09-30T00:46:36.076882Z,0.2400,0.01,yes
2026-09-30T00:46:36.076882Z,0.2600,0.01,yes
2026-09-30T00:46:36.076882Z,0.2700,1.00,yes
2026-09-30T00:46:36.076882Z,0.2500,0.01,yes
2026-09-30T00:46:36.076882Z,0.2400,223.00,yes
2026-09-30T00:46:36.076882Z,0.2100,0.01,yes
2026-09-30T00:46:36.076882Z,0.2300,0.01,yes
2026-09-30T00:46:36.076882Z,0.2300,5.00,yes
2026-09-30T00:46:36.076882Z,0.2200,0.01,yes
2026-09-30T00:46:36.076882Z,0.2600,143.00,yes
2026-09-30T00:46:36.076882Z,0.2400,655.00,yes
2026-09-30T00:46:36.076882Z,0.2100,41.24,yes
2026-09-30T00:46:36.076882Z,0.1900,1.00,yes
2026-09-30T00:46:36.076882Z,0.2200,29.00,yes
2026-09-30T00:46:36.076882Z,0.2300,64.25,yes
2026-09-30T00:46:36.076882Z,0.2600,276.00,yes
2026-09-30T00:46:36.076882Z,0.2700,287.00,yes
2026-09-30T00:46:36.076882Z,0.2100,1.00,yes
2026-09-30T00:46:36.076882Z,0.2600,150.00,yes
2026-09-30T00:46:36.076882Z,0.2400,150.00,yes
2026-09-30T00:46:36.076882Z,0.2300,49.78,yes
2026-09-30T00:46:36.076882Z,0.2200,54.00,yes
2026-09-30T00:46:36.088286Z,0.2700,491.80,no
2026-09-30T00:46:36.090678Z,0.2700,25.00,no
2026-09-30T00:46:36.091242Z,0.2700,0.02,no
2026-09-30T00:46:36.092485Z,0.2700,0.02,no
2026-09-30T00:46:36.09547Z,0.2700,5.00,no
2026-09-30T00:46:36.096434Z,0.2700,128.02,no
2026-09-30T00:46:36.216326Z,0.2700,300.00,no
2026-09-30T00:46:36.225398Z,0.2700,711.00,no
2026-09-30T00:46:36.920305Z,0.2800,3.00,yes
2026-09-30T00:46:36.920305Z,0.2800,6.00,yes
2026-09-30T00:46:36.920305Z,0.2800,2.00,yes
2026-09-30T00:46:36.920305Z,0.2800,1.00,yes
2026-09-30T00:46:36.920305Z,0.2800,6.00,yes
2026-09-30T00:46:36.920305Z,0.2900,0.97,yes
2026-09-30T00:46:36.920305Z,0.2800,0.01,yes
2026-09-30T00:46:36.920305Z,0.2900,0.01,yes
2026-09-30T00:46:36.920305Z,0.2800,0.01,yes
2026-09-30T00:46:36.920305Z,0.2900,1.00,yes
2026-09-30T00:46:36.924332Z,0.2900,9.00,yes
2026-09-30T00:46:36.924332Z,0.3100,171.00,yes
2026-09-30T00:46:36.924332Z,0.2900,8.00,yes
2026-09-30T00:46:36.924332Z,0.3100,18.04,yes
2026-09-30T00:46:36.924332Z,0.3000,38.00,yes
2026-09-30T00:46:36.924332Z,0.3100,97.00,yes
2026-09-30T00:46:36.924332Z,0.3000,10.00,yes
2026-09-30T00:46:36.924332Z,0.3100,196.00,yes
2026-09-30T00:46:36.924332Z,0.3100,4.00,yes
2026-09-30T00:46:36.924332Z,0.3000,68.00,yes
2026-09-30T00:46:36.924332Z,0.3000,10.00,yes
2026-09-30T00:46:36.924332Z,0.3000,9.00,yes
2026-09-30T00:46:36.924332Z,0.3100,9.00,yes
2026-09-30T00:46:36.924332Z,0.3100,163.00,yes
2026-09-30T00:46:36.924332Z,0.2900,249.03,yes
2026-09-30T00:46:36.924332Z,0.3000,40.00,yes
2026-09-30T00:46:36.924332Z,0.2900,10.00,yes
2026-09-30T00:46:37.088323Z,0.3200,72.00,yes
2026-09-30T00:46:37.088323Z,0.3200,6.00,yes
2026-09-30T00:46:37.088323Z,0.3200,10.00,yes
2026-09-30T00:46:37.089076Z,0.3200,50.00,yes
2026-09-30T00:46:38.574954Z,0.3200,314.61,no
2026-09-30T00:46:39.226573Z,0.3200,321.24,no
2026-09-30T00:46:40.109243Z,0.3200,19.92,no
2026-09-30T00:46:40.707056Z,0.3200,14.50,no
2026-09-30T00:46:41.978049Z,0.3300,14.47,yes
2026-09-30T00:46:42.230859Z,0.3200,2.18,no
2026-09-30T00:46:42.282374Z,0.3200,28.21,no
2026-09-30T00:46:42.612137Z,0.3200,170.77,no
2026-09-30T00:46:42.655822Z,0.3200,13.41,no
2026-09-30T00:46:42.880693Z,0.3200,44.82,no
2026-09-30T00:46:43.612999Z,0.3300,35.83,yes
2026-09-30T00:46:43.651859Z,0.3200,29.27,no
2026-09-30T00:46:43.651859Z,0.3200,70.34,no
2026-09-30T00:46:43.814699Z,0.3200,150.00,no
2026-09-30T00:46:44.24025Z,0.3300,1.36,yes
2026-09-30T00:46:44.365608Z,0.3200,45.79,no
2026-09-30T00:46:44.641754Z,0.3200,1220.00,no
2026-09-30T00:46:44.685625Z,0.3300,5.78,yes
2026-09-30T00:46:45.543497Z,0.3200,20.89,no
2026-09-30T00:46:46.81358Z,0.3300,1.00,yes
2026-09-30T00:46:46.81358Z,0.3300,1.00,yes
2026-09-30T00:46:46.81358Z,0.3300,10.00,yes
2026-09-30T00:46:46.81358Z,0.3300,8.00,yes
2026-09-30T00:46:46.81358Z,0.3300,3.00,yes
2026-09-30T00:46:46.81358Z,0.3300,234.29,yes
2026-09-30T00:46:46.81358Z,0.3300,9.00,yes
2026-09-30T00:46:47.853109Z,0.3200,10.00,no
2026-09-30T00:46:48.61427Z,0.3200,93.53,no
2026-09-30T00:46:48.982515Z,0.3200,105.50,no
2026-09-30T00:46:50.153724Z,0.3200,249.07,no
2026-09-30T00:46:50.462067Z,0.3300,5.78,yes
2026-09-30T00:46:50.593206Z,0.3300,144.72,yes
2026-09-30T00:46:51.62839Z,0.3300,1.44,yes
2026-09-30T00:46:51.644065Z,0.3300,195.23,yes
2026-09-30T00:46:52.188956Z,0.3300,5.78,yes
2026-09-30T00:46:52.548622Z,0.3200,194.07,no
2026-09-30T00:46:53.258343Z,0.3200,20.27,no
2026-09-30T00:46:53.284786Z,0.3300,17.36,yes
2026-09-30T00:46:53.598037Z,0.3300,72.36,yes
2026-09-30T00:46:56.197603Z,0.3200,5.00,no
2026-09-30T00:46:56.397727Z,0.3200,1.43,no
2026-09-30T00:46:58.381664Z,0.3200,201.18,no
2026-09-30T00:46:59.013429Z,0.3200,13.41,no
2026-09-30T00:47:00.889063Z,0.3300,28.94,yes
2026-09-30T00:47:01.234292Z,0.3200,168.77,no
2026-09-30T00:47:01.249744Z,0.3200,31.33,no
2026-09-30T00:47:01.757191Z,0.3300,402.34,yes
2026-09-30T00:47:01.767114Z,0.3300,2.89,yes
2026-09-30T00:47:01.895135Z,0.3300,454.44,yes
2026-09-30T00:47:03.757302Z,0.3200,2342.88,no
2026-09-30T00:47:03.81771Z,0.3200,6.80,no
2026-09-30T00:47:04.144871Z,0.3200,79.26,no
2026-09-30T00:47:04.846079Z,0.3300,99.39,yes
2026-09-30T00:47:05.086885Z,0.3200,180.31,no
2026-09-30T00:47:05.743549Z,0.3300,86.83,yes
2026-09-30T00:47:05.775033Z,0.3300,153.41,yes
2026-09-30T00:47:05.887018Z,0.3300,10.00,yes
2026-09-30T00:47:05.91715Z,0.3200,124.51,no
2026-09-30T00:47:06.067147Z,0.3300,50.00,yes
2026-09-30T00:47:06.08015Z,0.3300,5.78,yes
2026-09-30T00:47:06.199844Z,0.3300,289.45,yes
2026-09-30T00:47:06.348772Z,0.3300,2.31,yes
2026-09-30T00:47:07.245425Z,0.3300,72.36,yes
2026-09-30T00:47:07.899972Z,0.3300,31.20,yes
2026-09-30T00:47:07.936986Z,0.3200,34.86,no
2026-09-30T00:47:08.085768Z,0.3300,622.32,yes
2026-09-30T00:47:08.762465Z,0.3300,83.94,yes
2026-09-30T00:47:08.765521Z,0.3200,354.35,no
2026-09-30T00:47:08.905748Z,0.3300,2813.29,yes
2026-09-30T00:47:09.134631Z,0.3300,57.89,yes
2026-09-30T00:47:09.145581Z,0.3300,142.46,yes
2026-09-30T00:47:09.315546Z,0.3300,223.05,yes
2026-09-30T00:47:09.37796Z,0.3300,1.53,yes
2026-09-30T00:47:09.525148Z,0.3200,13.41,no
2026-09-30T00:47:09.666543Z,0.3300,14.47,yes
2026-09-30T00:47:11.400487Z,0.3300,52.04,yes
2026-09-30T00:47:11.417213Z,0.3300,10.00,yes
2026-09-30T00:47:11.417213Z,0.3300,1.00,yes
2026-09-30T00:47:11.417213Z,0.3300,1.00,yes
2026-09-30T00:47:11.417213Z,0.3300,63.11,yes
2026-09-30T00:47:11.417213Z,0.3300,7.00,yes
2026-09-30T00:47:11.417213Z,0.3300,50.00,yes
2026-09-30T00:47:12.01519Z,0.3400,395.33,yes
2026-09-30T00:47:12.236471Z,0.3400,78.71,yes
2026-09-30T00:47:13.339396Z,0.3400,139.66,yes
2026-09-30T00:47:13.367685Z,0.3400,556.63,yes
2026-09-30T00:47:13.44583Z,0.3400,11.24,yes
2026-09-30T00:47:13.623464Z,0.3400,140.56,yes
2026-09-30T00:47:14.090087Z,0.3400,224.90,yes
2026-09-30T00:47:14.175486Z,0.3300,0.16,no
2026-09-30T00:47:14.298133Z,0.3400,421.69,yes
2026-09-30T00:47:14.37207Z,0.3400,70.28,yes
2026-09-30T00:47:17.247943Z,0.3400,46.00,yes
2026-09-30T00:47:17.431094Z,0.3400,25.29,yes
2026-09-30T00:47:17.755646Z,0.3300,339.93,no
2026-09-30T00:47:17.973216Z,0.3300,46.04,no
2026-09-30T00:47:18.554905Z,0.3400,56.22,yes
2026-09-30T00:47:18.75521Z,0.3300,551.00,no
2026-09-30T00:47:18.75521Z,0.3300,551.00,no
2026-09-30T00:47:18.75521Z,0.3300,32.76,no
2026-09-30T00:47:18.75521Z,0.3300,551.00,no
2026-09-30T00:47:18.75521Z,0.3300,551.00,no
2026-09-30T00:47:18.75521Z,0.3300,551.00,no
2026-09-30T00:47:18.75521Z,0.3300,435.63,no
2026-09-30T00:47:18.75521Z,0.3300,551.00,no
2026-09-30T00:47:18.75521Z,0.3300,551.00,no
2026-09-30T00:47:19.023163Z,0.3300,26.71,no
2026-09-30T00:47:19.069047Z,0.3400,281.27,yes
2026-09-30T00:47:19.748809Z,0.3400,14.05,yes
2026-09-30T00:47:20.111853Z,0.3400,2.81,yes
2026-09-30T00:47:20.425595Z,0.3400,158.50,yes
2026-09-30T00:47:21.155836Z,0.3400,148.49,yes
2026-09-30T00:47:21.361805Z,0.3300,134.12,no
2026-09-30T00:47:21.469376Z,0.3300,49.80,no
2026-09-30T00:47:22.321417Z,0.3400,8.51,yes
2026-09-30T00:47:22.883271Z,0.3400,13.94,yes
2026-09-30T00:47:23.02103Z,0.3300,7.19,no
2026-09-30T00:47:23.296563Z,0.3400,22.49,yes
2026-09-30T00:47:24.084308Z,0.3400,1.40,yes
2026-09-30T00:47:24.227212Z,0.3400,5.62,yes
2026-09-30T00:47:24.3341Z,0.3400,20.00,yes
2026-09-30T00:47:24.453004Z,0.3300,12.04,no
2026-09-30T00:47:25.136954Z,0.3400,138.88,yes
2026-09-30T00:47:26.112218Z,0.3400,14.05,yes
2026-09-30T00:47:29.073642Z,0.3400,3.48,yes
2026-09-30T00:47:29.073642Z,0.3400,303.10,yes
2026-09-30T00:47:29.073642Z,0.3400,2.00,yes
2026-09-30T00:47:29.073642Z,0.3400,1.00,yes
2026-09-30T00:47:29.073642Z,0.3400,5.00,yes
2026-09-30T00:47:31.240707Z,0.3400,277.00,yes
2026-09-30T00:47:32.007243Z,0.3400,28.11,yes
2026-09-30T00:47:32.946666Z,0.3400,1405.64,yes
2026-09-30T00:47:33.640249Z,0.3400,140.56,yes
2026-09-30T00:47:34.122528Z,0.3400,75.90,yes
2026-09-30T00:47:34.525595Z,0.3300,271.02,no
2026-09-30T00:47:35.026643Z,0.3400,56.22,yes
2026-09-30T00:47:37.652616Z,0.3400,56.22,yes
2026-09-30T00:47:38.313527Z,0.3300,747.10,no
2026-09-30T00:47:38.344428Z,0.3400,56.22,yes
2026-09-30T00:47:38.638131Z,0.3400,4.00,yes
2026-09-30T00:47:39.383316Z,0.3300,21.75,no
2026-09-30T00:47:41.106158Z,0.3400,0.02,yes
2026-09-30T00:47:41.998353Z,0.3300,454.44,no
2026-09-30T00:47:42.112941Z,0.3300,500.00,no
2026-09-30T00:47:42.336642Z,0.3300,48.63,no
2026-09-30T00:47:42.415135Z,0.3400,165.86,yes
2026-09-30T00:47:43.107252Z,0.3400,5.62,yes
2026-09-30T00:47:44.016591Z,0.3300,272.81,no
2026-09-30T00:47:44.891871Z,0.3300,476.40,no
2026-09-30T00:47:45.364708Z,0.3400,281.12,yes
2026-09-30T00:47:45.787819Z,0.3400,168.67,yes
2026-09-30T00:47:45.937812Z,0.3400,5.62,yes
2026-09-30T00:47:46.169347Z,0.3400,75.88,yes
2026-09-30T00:47:47.015091Z,0.3300,1300.00,no
2026-09-30T00:47:47.70442Z,0.3400,14.05,yes
2026-09-30T00:47:47.798883Z,0.3400,200.00,yes
2026-09-30T00:47:48.000152Z,0.3400,150.00,yes
2026-09-30T00:47:51.441143Z,0.3400,52.68,yes
2026-09-30T00:47:51.564968Z,0.3400,8.43,yes
2026-09-30T00:47:52.093912Z,0.3400,16.30,yes
2026-09-30T00:47:52.907711Z,0.3400,42.16,yes
2026-09-30T00:47:55.601329Z,0.3400,28.11,yes
2026-09-30T00:47:55.666727Z,0.3400,56.22,yes
2026-09-30T00:47:56.504319Z,0.3300,5.87,no
2026-09-30T00:47:56.661804Z,0.3400,8.43,yes
2026-09-30T00:47:58.189908Z,0.3400,84.32,yes
2026-09-30T00:48:00.173718Z,0.3400,70.28,yes
2026-09-30T00:48:01.390051Z,0.3400,95.58,yes
2026-09-30T00:48:01.991747Z,0.3400,62.60,yes
2026-09-30T00:48:02.294459Z,0.3400,68.00,yes
2026-09-30T00:48:02.294459Z,0.3400,1.00,yes
2026-09-30T00:48:03.112287Z,0.3400,0.01,yes
2026-09-30T00:48:03.112287Z,0.3400,1.00,yes
2026-09-30T00:48:03.112287Z,0.3400,0.01,yes
2026-09-30T00:48:03.112287Z,0.3400,6.00,yes
2026-09-30T00:48:03.52265Z,0.3400,0.99,yes
2026-09-30T00:48:03.52265Z,0.3700,5.97,yes
2026-09-30T00:48:03.52265Z,0.3600,1.00,yes
2026-09-30T00:48:03.52265Z,0.3700,3.00,yes
2026-09-30T00:48:03.52265Z,0.3600,2.00,yes
2026-09-30T00:48:03.52265Z,0.3500,1.00,yes
2026-09-30T00:48:03.52265Z,0.3500,4.00,yes
2026-09-30T00:48:03.52265Z,0.3500,5.00,yes
2026-09-30T00:48:03.52265Z,0.3700,1.00,yes
2026-09-30T00:48:03.52265Z,0.3600,2.00,yes
2026-09-30T00:48:03.52265Z,0.3700,1.00,yes
2026-09-30T00:48:03.52265Z,0.3600,2.00,yes
2026-09-30T00:48:03.52265Z,0.3700,1.00,yes
2026-09-30T00:48:03.52265Z,0.3500,1.00,yes
2026-09-30T00:48:03.52265Z,0.3700,1.00,yes
2026-09-30T00:48:04.984434Z,0.3100,52.71,no
2026-09-30T00:48:04.984434Z,0.3300,5.00,no
2026-09-30T00:48:04.984434Z,0.3100,0.01,no
2026-09-30T00:48:04.984434Z,0.3200,0.01,no
2026-09-30T00:48:04.984434Z,0.3200,42.00,no
2026-09-30T00:48:04.984434Z,0.3300,0.01,no
2026-09-30T00:48:04.984434Z,0.3300,35.00,no
2026-09-30T00:48:05.805716Z,0.3500,20.00,yes
2026-09-30T00:48:05.805716Z,0.3500,40.00,yes
2026-09-30T00:48:05.805716Z,0.3500,1.00,yes
2026-09-30T00:48:05.805716Z,0.3500,1.00,yes
2026-09-30T00:48:06.04391Z,0.3600,52.75,yes
2026-09-30T00:48:06.04391Z,0.3600,1.00,yes
2026-09-30T00:48:06.04391Z,0.3600,1.00,yes
2026-09-30T00:48:06.04391Z,0.3600,25.00,yes
2026-09-30T00:48:07.593605Z,0.3600,3.00,yes
2026-09-30T00:48:07.933557Z,0.3600,79.76,yes
2026-09-30T00:48:08.397265Z,0.3600,9.33,yes
2026-09-30T00:48:08.608534Z,0.3600,2.36,yes
2026-09-30T00:48:08.616017Z,0.3100,0.01,no
2026-09-30T00:48:08.616017Z,0.3100,1.00,no
2026-09-30T00:48:08.616017Z,0.3000,0.01,no
2026-09-30T00:48:08.616017Z,0.3000,33.98,no
2026-09-30T00:48:10.337629Z,0.3000,24.90,no
2026-09-30T00:48:10.674897Z,0.3600,26.58,yes
2026-09-30T00:48:11.599589Z,0.3600,2.63,yes
2026-09-30T00:48:11.643162Z,0.3100,0.01,no
2026-09-30T00:48:11.643162Z,0.2900,40.00,no
2026-09-30T00:48:11.643162Z,0.2800,100.29,no
2026-09-30T00:48:11.643162Z,0.2900,40.00,no
2026-09-30T00:48:11.643162Z,0.2800,10.00,no
2026-09-30T00:48:11.643162Z,0.3000,0.01,no
2026-09-30T00:48:11.643162Z,0.3000,41.12,no
2026-09-30T00:48:11.643162Z,0.2800,0.10,no
2026-09-30T00:48:11.643162Z,0.2900,0.01,no
2026-09-30T00:48:11.643162Z,0.2800,0.01,no
2026-09-30T00:48:11.643162Z,0.3000,1.00,no
2026-09-30T00:48:11.688736Z,0.2700,0.01,no
2026-09-30T00:48:11.703667Z,0.2600,94.00,no
2026-09-30T00:48:11.703667Z,0.2600,0.01,no
2026-09-30T00:48:13.27783Z,0.2600,32.91,yes
2026-09-30T00:48:13.535297Z,0.2600,7.31,yes
2026-09-30T00:48:13.703546Z,0.2600,21.94,yes
2026-09-30T00:48:14.702752Z,0.2600,109.70,yes
2026-09-30T00:48:16.734975Z,0.2600,453.43,yes
2026-09-30T00:48:17.308872Z,0.2500,4.97,no
2026-09-30T00:48:17.308872Z,0.2500,0.01,no
2026-09-30T00:48:17.487848Z,0.2600,201.12,yes
2026-09-30T00:48:18.807862Z,0.2500,2.34,no
2026-09-30T00:48:19.583865Z,0.2600,53.17,yes
2026-09-30T00:48:19.62216Z,0.2600,3.00,yes
2026-09-30T00:48:19.625169Z,0.2600,4.00,yes
2026-09-30T00:48:19.980311Z,0.2600,127.98,yes
2026-09-30T00:48:20.067148Z,0.2600,10.97,yes
2026-09-30T00:48:20.503863Z,0.2600,91.41,yes
2026-09-30T00:48:21.04832Z,0.2600,18.28,yes
2026-09-30T00:48:21.394847Z,0.2600,380.30,yes
2026-09-30T00:48:22.40894Z,0.2600,82.38,yes
2026-09-30T00:48:25.580225Z,0.2600,6.94,yes
2026-09-30T00:48:25.73048Z,0.2600,1.00,yes
2026-09-30T00:48:25.73048Z,0.2600,6.31,yes
2026-09-30T00:48:25.832314Z,0.2600,36.56,yes
2026-09-30T00:48:26.058509Z,0.2600,4.00,yes
2026-09-30T00:48:26.058509Z,0.2600,0.01,yes
2026-09-30T00:48:26.058509Z,0.2600,281.99,yes
2026-09-30T00:48:26.631302Z,0.2500,0.01,no
2026-09-30T00:48:26.631302Z,0.2500,6.15,no
2026-09-30T00:48:26.870208Z,0.2600,0.01,yes
2026-09-30T00:48:26.870208Z,0.2600,0.01,yes
2026-09-30T00:48:26.870208Z,0.2600,20.00,yes
2026-09-30T00:48:27.435475Z,0.2600,0.02,no
2026-09-30T00:48:27.435475Z,0.2400,17.98,no
2026-09-30T00:48:27.435475Z,0.2600,1.00,no
2026-09-30T00:48:27.435475Z,0.2400,37.00,no
2026-09-30T00:48:27.435475Z,0.2500,0.01,no
2026-09-30T00:48:27.435475Z,0.2500,93.00,no
2026-09-30T00:48:27.435475Z,0.2400,0.01,no
2026-09-30T00:48:27.853781Z,0.2700,1.00,yes
2026-09-30T00:48:27.853781Z,0.2800,1.00,yes
2026-09-30T00:48:27.853781Z,0.2800,1.00,yes
2026-09-30T00:48:27.853781Z,0.2700,0.01,yes
2026-09-30T00:48:27.853781Z,0.2800,1.00,yes
2026-09-30T00:48:27.853781Z,0.2800,25.00,yes
2026-09-30T00:48:27.853781Z,0.2800,0.01,yes
2026-09-30T00:48:27.853781Z,0.2800,0.01,yes
2026-09-30T00:48:27.853781Z,0.2700,0.01,yes
2026-09-30T00:48:27.853781Z,0.2800,0.11,yes
2026-09-30T00:48:27.853781Z,0.2700,5.00,yes
2026-09-30T00:48:31.124306Z,0.2700,0.01,yes
2026-09-30T00:48:31.124306Z,0.2700,77.00,yes
2026-09-30T00:48:31.124306Z,0.2700,2.00,yes
2026-09-30T00:48:31.124306Z,0.2700,2.00,yes
2026-09-30T00:48:31.124306Z,0.2700,1.00,yes
2026-09-30T00:48:31.124306Z,0.2700,1.00,yes
2026-09-30T00:48:31.124306Z,0.2700,3.00,yes
2026-09-30T00:48:31.124306Z,0.2700,2.08,yes
2026-09-30T00:48:31.811535Z,0.2700,1.00,yes
2026-09-30T00:48:31.811535Z,0.2700,1.52,yes
2026-09-30T00:48:31.811535Z,0.2700,1.00,yes
2026-09-30T00:48:32.699717Z,0.2800,1.00,yes
2026-09-30T00:48:32.699717Z,0.2800,2.00,yes
2026-09-30T00:48:32.699717Z,0.2800,0.01,yes
2026-09-30T00:48:32.699717Z,0.2800,1.00,yes
2026-09-30T00:48:32.699717Z,0.2800,1.00,yes
2026-09-30T00:48:32.699717Z,0.2800,1.00,yes
2026-09-30T00:48:32.699717Z,0.2800,7.51,yes
2026-09-30T00:48:32.699717Z,0.2700,1.00,yes
2026-09-30T00:48:32.699717Z,0.2700,5.48,yes
2026-09-30T00:48:32.707135Z,0.2800,2.00,yes
2026-09-30T00:48:32.707135Z,0.2800,29.49,yes
2026-09-30T00:48:32.735248Z,0.2900,1.00,yes
2026-09-30T00:48:32.735248Z,0.2900,1.00,yes
2026-09-30T00:48:32.735248Z,0.2900,1.00,yes
2026-09-30T00:48:32.735248Z,0.2900,1.00,yes
2026-09-30T00:48:32.735248Z,0.2900,1.00,yes
2026-09-30T00:48:32.735248Z,0.2900,1.00,yes
2026-09-30T00:48:32.735248Z,0.2900,1.00,yes
2026-09-30T00:48:32.735248Z,0.2900,5.00,yes
2026-09-30T00:48:32.735248Z,0.2900,9.89,yes
2026-09-30T00:48:32.735248Z,0.2900,0.01,yes
2026-09-30T00:48:32.735248Z,0.2900,1.00,yes
2026-09-30T00:48:32.735248Z,0.2900,1.00,yes
2026-09-30T00:48:32.735248Z,0.2900,1.00,yes
2026-09-30T00:48:32.735248Z,0.2900,1.00,yes
2026-09-30T00:48:33.322621Z,0.3000,0.01,yes
2026-09-30T00:48:33.322621Z,0.3000,1.00,yes
2026-09-30T00:48:33.322621Z,0.3000,0.01,yes
2026-09-30T00:48:33.322621Z,0.3000,1.00,yes
2026-09-30T00:48:33.322621Z,0.3000,1.00,yes
2026-09-30T00:48:33.322621Z,0.3000,1.00,yes
2026-09-30T00:48:33.322621Z,0.3000,4.00,yes
2026-09-30T00:48:34.301315Z,0.3100,2.00,yes
2026-09-30T00:48:34.301315Z,0.3100,3.20,yes
2026-09-30T00:48:34.301315Z,0.3200,382.48,yes
2026-09-30T00:48:34.301315Z,0.3100,1.00,yes
2026-09-30T00:48:34.301315Z,0.3100,5.00,yes
2026-09-30T00:48:34.301315Z,0.3100,1.00,yes
2026-09-30T00:48:34.301315Z,0.3100,6.36,yes
2026-09-30T00:48:34.301315Z,0.3100,1.00,yes
2026-09-30T00:48:34.301315Z,0.3100,1.00,yes
2026-09-30T00:48:34.301315Z,0.3100,193.00,yes
2026-09-30T00:48:35.043807Z,0.3200,5.96,yes
2026-09-30T00:48:37.9021Z,0.3100,234.25,no
2026-09-30T00:48:38.665194Z,0.3200,45.72,yes
2026-09-30T00:48:39.15802Z,0.3100,498.07,no
2026-09-30T00:48:40.076722Z,0.3200,199.86,yes
2026-09-30T00:48:40.423637Z,0.3200,41.76,yes
2026-09-30T00:48:40.890862Z,0.3200,11.93,yes
2026-09-30T00:48:41.123958Z,0.3200,745.75,yes
2026-09-30T00:48:41.509374Z,0.3200,8.94,yes
2026-09-30T00:48:42.192075Z,0.3100,15.63,no
2026-09-30T00:48:43.277712Z,0.3200,65.62,yes
2026-09-30T00:48:43.998991Z,0.3200,2.98,yes
2026-09-30T00:48:44.561917Z,0.3100,168.43,no
2026-09-30T00:48:44.77882Z,0.3200,300.00,yes
2026-09-30T00:48:45.544652Z,0.3100,31.16,no
2026-09-30T00:48:45.793054Z,0.3100,35.60,no
2026-09-30T00:48:45.82115Z,0.3200,366.00,yes
2026-09-30T00:48:45.82115Z,0.3200,55.00,yes
2026-09-30T00:48:45.82115Z,0.3200,2.00,yes
2026-09-30T00:48:45.82115Z,0.3200,1189.00,yes
2026-09-30T00:48:45.82115Z,0.3200,10.00,yes
2026-09-30T00:48:47.053299Z,0.3100,2.49,no
2026-09-30T00:48:47.304913Z,0.3100,89.51,no
2026-09-30T00:48:47.304913Z,0.3100,1.00,no
2026-09-30T00:48:47.304913Z,0.3100,24.86,no
2026-09-30T00:48:47.304913Z,0.3100,41.00,no
2026-09-30T00:48:48.463929Z,0.3100,2.49,no
2026-09-30T00:48:48.463929Z,0.3100,41.00,no
2026-09-30T00:48:48.463929Z,0.3100,89.51,no
2026-09-30T00:48:48.463929Z,0.3100,1.00,no
2026-09-30T00:48:48.463929Z,0.3100,41.44,no
2026-09-30T00:48:48.463929Z,0.3100,0.01,no
2026-09-30T00:48:48.463929Z,0.3100,25.14,no
2026-09-30T00:48:48.727815Z,0.3200,0.01,yes
2026-09-30T00:48:48.727815Z,0.3200,0.01,yes
2026-09-30T00:48:48.727815Z,0.3400,31.00,yes
2026-09-30T00:48:48.727815Z,0.3500,4.00,yes
2026-09-30T00:48:48.727815Z,0.3400,1.00,yes
2026-09-30T00:48:48.727815Z,0.3500,37.44,yes
2026-09-30T00:48:48.727815Z,0.3400,1.00,yes
2026-09-30T00:48:48.727815Z,0.3400,120.00,yes
2026-09-30T00:48:48.727815Z,0.3500,0.10,yes
2026-09-30T00:48:48.727815Z,0.3400,1.00,yes
2026-09-30T00:48:48.727815Z,0.3500,1.00,yes
2026-09-30T00:48:48.727815Z,0.3500,1.00,yes
2026-09-30T00:48:48.727815Z,0.3300,1.00,yes
2026-09-30T00:48:48.727815Z,0.3500,1.00,yes
2026-09-30T00:48:48.727815Z,0.3400,1.00,yes
2026-09-30T00:48:48.727815Z,0.3500,1.00,yes
2026-09-30T00:48:48.727815Z,0.3500,1.00,yes
2026-09-30T00:48:48.727815Z,0.3300,1.00,yes
2026-09-30T00:48:48.727815Z,0.3400,5.00,yes
2026-09-30T00:48:48.727815Z,0.3300,5.00,yes
2026-09-30T00:48:48.727815Z,0.3500,3.00,yes
2026-09-30T00:48:48.727815Z,0.3400,1.00,yes
2026-09-30T00:48:48.727815Z,0.3500,1.00,yes
2026-09-30T00:48:48.727815Z,0.3200,3.00,yes
2026-09-30T00:48:48.727815Z,0.3300,10.00,yes
2026-09-30T00:48:48.727815Z,0.3400,44.00,yes
2026-09-30T00:48:48.727815Z,0.3500,1.00,yes
2026-09-30T00:48:48.727815Z,0.3500,1.00,yes
2026-09-30T00:48:49.295071Z,0.3200,21.79,no
2026-09-30T00:48:49.371156Z,0.3200,0.02,no
2026-09-30T00:48:49.871384Z,0.3500,4.00,yes
2026-09-30T00:48:49.871384Z,0.3300,1.00,yes
2026-09-30T00:48:49.871384Z,0.3600,44.00,yes
2026-09-30T00:48:49.871384Z,0.3400,1.00,yes
2026-09-30T00:48:49.871384Z,0.3500,64.00,yes
2026-09-30T00:48:49.871384Z,0.3400,70.00,yes
2026-09-30T00:48:49.871384Z,0.3400,30.00,yes
2026-09-30T00:48:49.871384Z,0.3600,83.51,yes
2026-09-30T00:48:49.871384Z,0.3600,40.00,yes
2026-09-30T00:48:49.871384Z,0.3400,3.00,yes
2026-09-30T00:48:49.871384Z,0.3400,1.00,yes
2026-09-30T00:48:49.871384Z,0.3500,6.00,yes
2026-09-30T00:48:49.871384Z,0.3500,1.00,yes
2026-09-30T00:48:49.871384Z,0.3600,1.00,yes
2026-09-30T00:48:49.871384Z,0.3500,2.00,yes
2026-09-30T00:48:49.871384Z,0.3500,1.00,yes
2026-09-30T00:48:49.871384Z,0.3500,1.00,yes
2026-09-30T00:48:49.871384Z,0.3500,1.00,yes
2026-09-30T00:48:49.871384Z,0.3600,4.00,yes
2026-09-30T00:48:49.871384Z,0.3500,5.00,yes
2026-09-30T00:48:49.871384Z,0.3600,1.00,yes
2026-09-30T00:48:49.871384Z,0.3400,10.00,yes
2026-09-30T00:48:49.871384Z,0.3500,40.00,yes
2026-09-30T00:48:49.871384Z,0.3600,55.00,yes
2026-09-30T00:48:49.871384Z,0.3600,30.00,yes
2026-09-30T00:48:49.871384Z,0.3600,2.00,yes
2026-09-30T00:48:49.871384Z,0.3500,45.28,yes
2026-09-30T00:48:49.871384Z,0.3600,1.00,yes
2026-09-30T00:48:49.871384Z,0.3600,1.00,yes
2026-09-30T00:48:49.871384Z,0.3600,2.00,yes
2026-09-30T00:48:49.871384Z,0.3600,3.00,yes
2026-09-30T00:48:49.871384Z,0.3600,1.00,yes
2026-09-30T00:48:49.871384Z,0.3600,1.00,yes
2026-09-30T00:48:49.871384Z,0.3600,25.00,yes
2026-09-30T00:48:51.982035Z,0.3300,2.00,yes
2026-09-30T00:48:53.039727Z,0.3300,4.00,yes
2026-09-30T00:48:53.039727Z,0.3300,1.00,yes
2026-09-30T00:48:53.039727Z,0.3300,2.00,yes
2026-09-30T00:48:53.039727Z,0.3300,1.00,yes
2026-09-30T00:48:53.130849Z,0.3300,20.51,no
2026-09-30T00:48:53.618155Z,0.3300,42.00,no
2026-09-30T00:48:53.618155Z,0.3200,0.01,no
2026-09-30T00:48:53.618155Z,0.3200,28.19,no
2026-09-30T00:48:53.618155Z,0.3300,21.49,no
2026-09-30T00:48:53.618155Z,0.3200,8.93,no
2026-09-30T00:48:55.369282Z,0.3400,21.11,yes
2026-09-30T00:48:55.369282Z,0.3400,1.00,yes
2026-09-30T00:48:55.369282Z,0.3400,2.00,yes
2026-09-30T00:48:55.369282Z,0.3400,4.00,yes
2026-09-30T00:48:55.622072Z,0.3300,0.02,no
2026-09-30T00:48:55.622072Z,0.3200,117.41,no
2026-09-30T00:48:56.381608Z,0.3400,2.81,yes
2026-09-30T00:48:56.597009Z,0.3500,25.17,yes
2026-09-30T00:48:56.597009Z,0.3500,100.00,yes
2026-09-30T00:48:56.597009Z,0.3400,1.00,yes
2026-09-30T00:48:56.597009Z,0.3400,1.00,yes
2026-09-30T00:48:56.597009Z,0.3400,2.00,yes
2026-09-30T00:48:56.597009Z,0.3400,1.08,yes
2026-09-30T00:48:56.597009Z,0.3400,1.00,yes
2026-09-30T00:48:56.597009Z,0.3500,7.00,yes
2026-09-30T00:48:56.597009Z,0.3400,2.00,yes
2026-09-30T00:48:56.597009Z,0.3400,70.00,yes
2026-09-30T00:48:56.597009Z,0.3400,5.00,yes
2026-09-30T00:48:56.597009Z,0.3500,16.00,yes
2026-09-30T00:48:56.597009Z,0.3500,12.58,yes
2026-09-30T00:48:56.597009Z,0.3400,10.00,yes
2026-09-30T00:48:56.597009Z,0.3500,1.00,yes
2026-09-30T00:48:56.597009Z,0.3500,1.00,yes
2026-09-30T00:48:56.597009Z,0.3600,10.89,yes
2026-09-30T00:48:56.597009Z,0.3500,9.00,yes
2026-09-30T00:48:57.256718Z,0.3200,9.96,no
2026-09-30T00:48:58.286255Z,0.3200,70.47,no
2026-09-30T00:48:58.817618Z,0.3500,64.60,yes
2026-09-30T00:48:58.817618Z,0.3400,1.00,yes
2026-09-30T00:48:58.817618Z,0.3500,1.00,yes
2026-09-30T00:48:58.817618Z,0.3500,14.00,yes
2026-09-30T00:48:58.817618Z,0.3400,3.00,yes
2026-09-30T00:48:58.817618Z,0.3400,1.00,yes
2026-09-30T00:48:58.817618Z,0.3500,5.00,yes
2026-09-30T00:48:58.817618Z,0.3500,1.00,yes
2026-09-30T00:48:58.817618Z,0.3500,1.00,yes
2026-09-30T00:48:58.817618Z,0.3500,25.00,yes
2026-09-30T00:48:58.817618Z,0.3400,1.00,yes
2026-09-30T00:48:58.817618Z,0.3400,1.00,yes
2026-09-30T00:48:58.817618Z,0.3500,5.00,yes
2026-09-30T00:48:58.817618Z,0.3400,10.00,yes
2026-09-30T00:48:58.817618Z,0.3500,68.00,yes
2026-09-30T00:48:58.817618Z,0.3500,1.00,yes
2026-09-30T00:48:58.817618Z,0.3500,1.00,yes
2026-09-30T00:48:58.872857Z,0.3200,35.00,no
2026-09-30T00:48:59.790586Z,0.3400,1.00,yes
2026-09-30T00:48:59.790586Z,0.3400,1.81,yes
2026-09-30T00:49:00.197983Z,0.3400,40.98,yes
2026-09-30T00:49:00.197983Z,0.3400,29.30,yes
2026-09-30T00:49:00.259849Z,0.3700,2.00,yes
2026-09-30T00:49:00.259849Z,0.3700,2.00,yes
2026-09-30T00:49:00.259849Z,0.3700,1.00,yes
2026-09-30T00:49:00.259849Z,0.3700,1.00,yes
2026-09-30T00:49:00.259849Z,0.3400,42.00,yes
2026-09-30T00:49:00.259849Z,0.3400,40.98,yes
2026-09-30T00:49:00.259849Z,0.3400,29.02,yes
2026-09-30T00:49:00.259849Z,0.3400,1.00,yes
2026-09-30T00:49:00.259849Z,0.3500,4.00,yes
2026-09-30T00:49:00.259849Z,0.3500,24.00,yes
2026-09-30T00:49:00.259849Z,0.3400,1.00,yes
2026-09-30T00:49:00.259849Z,0.3400,1.00,yes
2026-09-30T00:49:00.259849Z,0.3600,1.00,yes
2026-09-30T00:49:00.259849Z,0.3600,5.00,yes
2026-09-30T00:49:00.259849Z,0.3600,43.00,yes
2026-09-30T00:49:00.259849Z,0.3500,1.00,yes
2026-09-30T00:49:00.259849Z,0.3500,10.00,yes
2026-09-30T00:49:00.259849Z,0.3500,1.00,yes
2026-09-30T00:49:00.259849Z,0.3500,35.40,yes
2026-09-30T00:49:00.259849Z,0.3500,25.00,yes
2026-09-30T00:49:00.259849Z,0.3400,10.00,yes
2026-09-30T00:49:00.259849Z,0.3700,87.42,yes
2026-09-30T00:49:00.259849Z,0.3700,1.00,yes
2026-09-30T00:49:00.259849Z,0.3700,65.48,yes
2026-09-30T00:49:00.259849Z,0.3600,2.00,yes
2026-09-30T00:49:00.259849Z,0.3700,55.00,yes
2026-09-30T00:49:00.259849Z,0.3700,29.00,yes
2026-09-30T00:49:00.259849Z,0.3700,1.00,yes
2026-09-30T00:49:00.259849Z,0.3600,6.00,yes
2026-09-30T00:49:00.259849Z,0.3700,1.00,yes
2026-09-30T00:49:00.259849Z,0.3700,5.00,yes
2026-09-30T00:49:02.666489Z,0.3500,7.00,yes
2026-09-30T00:49:02.666489Z,0.3500,54.29,yes
2026-09-30T00:49:03.404146Z,0.3400,0.95,yes
2026-09-30T00:49:03.404146Z,0.3400,1.00,yes
2026-09-30T00:49:03.404146Z,0.3400,2.00,yes
2026-09-30T00:49:03.404146Z,0.3400,10.00,yes
2026-09-30T00:49:05.608001Z,0.3500,28.28,yes
2026-09-30T00:49:05.608001Z,0.3400,10.00,yes
2026-09-30T00:49:05.608001Z,0.3400,10.00,yes
2026-09-30T00:49:05.608001Z,0.3400,2.00,yes
2026-09-30T00:49:05.608001Z,0.3400,1.00,yes
2026-09-30T00:49:05.608001Z,0.3400,2.00,yes
2026-09-30T00:49:05.608001Z,0.3400,1.00,yes
2026-09-30T00:49:05.858694Z,0.3500,4.00,yes
2026-09-30T00:49:05.858694Z,0.3600,4.00,yes
2026-09-30T00:49:05.858694Z,0.3600,35.70,yes
2026-09-30T00:49:05.858694Z,0.3600,1.24,yes
2026-09-30T00:49:05.858694Z,0.3600,40.00,yes
2026-09-30T00:49:05.858694Z,0.3500,17.43,yes
2026-09-30T00:49:05.858694Z,0.3500,5.00,yes
2026-09-30T00:49:05.858694Z,0.3500,4.00,yes
2026-09-30T00:49:05.858694Z,0.3500,6.00,yes
2026-09-30T00:49:05.858694Z,0.3500,1.00,yes
2026-09-30T00:49:05.858694Z,0.3500,54.00,yes
2026-09-30T00:49:05.858694Z,0.3500,1.00,yes
2026-09-30T00:49:05.858694Z,0.3400,70.00,yes
2026-09-30T00:49:05.858694Z,0.3400,1.00,yes
2026-09-30T00:49:05.858694Z,0.3500,28.00,yes
2026-09-30T00:49:05.905374Z,0.3800,3.00,yes
2026-09-30T00:49:05.905374Z,0.3800,4.00,yes
2026-09-30T00:49:05.905374Z,0.3800,33.71,yes
2026-09-30T00:49:05.905374Z,0.3600,3.00,yes
2026-09-30T00:49:05.905374Z,0.3700,401.52,yes
2026-09-30T00:49:05.905374Z,0.3600,53.76,yes
2026-09-30T00:49:05.905374Z,0.3700,2.00,yes
2026-09-30T00:49:05.905374Z,0.3600,2.00,yes
2026-09-30T00:49:05.905374Z,0.3600,28.00,yes
2026-09-30T00:49:05.905374Z,0.3600,2.00,yes
2026-09-30T00:49:05.905374Z,0.3700,43.00,yes
2026-09-30T00:49:05.905374Z,0.3700,2.00,yes
2026-09-30T00:49:05.905374Z,0.3600,30.00,yes
2026-09-30T00:49:05.905374Z,0.3600,40.00,yes
2026-09-30T00:49:07.831523Z,0.3200,3.75,no
2026-09-30T00:49:08.00231Z,0.3400,2.00,yes
2026-09-30T00:49:08.00231Z,0.3400,1.00,yes
2026-09-30T00:49:08.00231Z,0.3400,4.00,yes
2026-09-30T00:49:08.00231Z,0.3400,20.87,yes
2026-09-30T00:49:08.00231Z,0.3400,1.00,yes
2026-09-30T00:49:10.802002Z,0.3500,3.00,yes
2026-09-30T00:49:10.802002Z,0.3500,1.00,yes
2026-09-30T00:49:10.802002Z,0.3400,1.00,yes
2026-09-30T00:49:10.802002Z,0.3400,1.00,yes
2026-09-30T00:49:10.802002Z,0.3500,1.27,yes
2026-09-30T00:49:10.802002Z,0.3400,1.00,yes
2026-09-30T00:49:13.69368Z,0.3500,26.95,yes
2026-09-30T00:49:13.69368Z,0.3400,1.00,yes
2026-09-30T00:49:13.69368Z,0.3400,1.00,yes
2026-09-30T00:49:13.69368Z,0.3400,20.00,yes
2026-09-30T00:49:13.69368Z,0.3500,1.00,yes
2026-09-30T00:49:13.69368Z,0.3500,3.73,yes
2026-09-30T00:49:13.69368Z,0.3500,1.00,yes
2026-09-30T00:49:13.850272Z,0.3500,24.00,yes
2026-09-30T00:49:13.850272Z,0.3500,5.00,yes
2026-09-30T00:49:13.850272Z,0.3500,1.00,yes
2026-09-30T00:49:13.850272Z,0.3500,3.00,yes
2026-09-30T00:49:13.850272Z,0.3500,57.12,yes
2026-09-30T00:49:13.850272Z,0.3400,30.29,yes
2026-09-30T00:49:13.850272Z,0.3400,1.00,yes
2026-09-30T00:49:13.850272Z,0.3400,1.00,yes
2026-09-30T00:49:14.154968Z,0.3500,5.38,yes
2026-09-30T00:49:14.489969Z,0.3500,0.68,yes
2026-09-30T00:49:14.489969Z,0.3500,1.00,yes
2026-09-30T00:49:14.489969Z,0.3500,1.00,yes
2026-09-30T00:49:14.489969Z,0.3500,1.00,yes
2026-09-30T00:49:14.489969Z,0.3500,37.50,yes
2026-09-30T00:49:14.641909Z,0.3800,1973.12,yes
2026-09-30T00:49:14.641909Z,0.3600,15.00,yes
2026-09-30T00:49:14.641909Z,0.3600,40.00,yes
2026-09-30T00:49:14.641909Z,0.3600,25.00,yes
2026-09-30T00:49:14.641909Z,0.3700,62.48,yes
2026-09-30T00:49:14.641909Z,0.3700,5.00,yes
2026-09-30T00:49:14.641909Z,0.3600,5.00,yes
2026-09-30T00:49:14.641909Z,0.3600,2.00,yes
2026-09-30T00:49:14.641909Z,0.3700,55.00,yes
2026-09-30T00:49:14.641909Z,0.3700,1.00,yes
2026-09-30T00:49:14.641909Z,0.3600,1.00,yes
2026-09-30T00:49:14.641909Z,0.3700,2.00,yes
2026-09-30T00:49:14.641909Z,0.3700,54.00,yes
2026-09-30T00:49:14.641909Z,0.3500,0.32,yes
2026-09-30T00:49:14.641909Z,0.3500,1.00,yes
2026-09-30T00:49:14.641909Z,0.3500,1.00,yes
2026-09-30T00:49:14.641909Z,0.3600,250.00,yes
2026-09-30T00:49:14.641909Z,0.3500,5.00,yes
2026-09-30T00:49:14.641909Z,0.3600,1.00,yes
2026-09-30T00:49:14.641909Z,0.3600,1.00,yes
2026-09-30T00:49:14.801729Z,0.3600,0.05,yes
2026-09-30T00:49:15.078922Z,0.3200,20.00,no
2026-09-30T00:49:15.136257Z,0.3500,30.00,yes
2026-09-30T00:49:17.397028Z,0.2800,10.00,no
2026-09-30T00:49:17.397028Z,0.2600,243.44,no
2026-09-30T00:49:17.397028Z,0.3000,1.00,no
2026-09-30T00:49:17.397028Z,0.3200,234.48,no
2026-09-30T00:49:17.397028Z,0.3200,0.01,no
2026-09-30T00:49:17.397028Z,0.3200,57.00,no
2026-09-30T00:49:17.397028Z,0.2900,40.00,no
2026-09-30T00:49:17.397028Z,0.2600,51.00,no
2026-09-30T00:49:17.397028Z,0.2900,1.00,no
2026-09-30T00:49:17.397028Z,0.3100,0.01,no
2026-09-30T00:49:17.397028Z,0.3000,10.00,no
2026-09-30T00:49:17.397028Z,0.2600,0.01,no
2026-09-30T00:49:17.397028Z,0.2800,0.01,no
2026-09-30T00:49:17.397028Z,0.2900,0.01,no
2026-09-30T00:49:17.397028Z,0.3000,0.01,no
2026-09-30T00:49:17.397028Z,0.2700,0.01,no
2026-09-30T00:49:18.152761Z,0.3400,5.11,yes
2026-09-30T00:49:18.59669Z,0.3200,5.78,yes
2026-09-30T00:49:19.051656Z,0.3200,1.00,yes
2026-09-30T00:49:19.051656Z,0.3400,0.73,yes
2026-09-30T00:49:19.051656Z,0.3400,159.89,yes
2026-09-30T00:49:19.051656Z,0.3300,1.00,yes
2026-09-30T00:49:19.051656Z,0.3200,25.00,yes
2026-09-30T00:49:19.051656Z,0.3200,14.22,yes
2026-09-30T00:49:19.051656Z,0.3300,2.00,yes
2026-09-30T00:49:19.051656Z,0.3200,1.00,yes
2026-09-30T00:49:19.051656Z,0.3300,2.00,yes
2026-09-30T00:49:19.051656Z,0.3200,1.00,yes
2026-09-30T00:49:19.051656Z,0.3300,38.00,yes
2026-09-30T00:49:19.051656Z,0.3300,55.00,yes
2026-09-30T00:49:19.051656Z,0.3300,43.00,yes
2026-09-30T00:49:20.258539Z,0.2400,100.00,no
2026-09-30T00:49:20.258539Z,0.2300,730.85,no
2026-09-30T00:49:20.258539Z,0.2700,47.00,no
2026-09-30T00:49:20.258539Z,0.2800,95.00,no
2026-09-30T00:49:20.258539Z,0.2900,100.00,no
2026-09-30T00:49:20.258539Z,0.2300,500.00,no
2026-09-30T00:49:20.258539Z,0.2300,176.00,no
2026-09-30T00:49:20.258539Z,0.2400,50.00,no
2026-09-30T00:49:20.258539Z,0.2500,1.00,no
2026-09-30T00:49:20.258539Z,0.2400,10.00,no
2026-09-30T00:49:20.258539Z,0.2700,0.01,no
2026-09-30T00:49:20.258539Z,0.2600,51.00,no
2026-09-30T00:49:20.258539Z,0.2500,38.00,no
2026-09-30T00:49:20.258539Z,0.2300,110.00,no
2026-09-30T00:49:20.258539Z,0.2600,0.01,no
2026-09-30T00:49:20.258539Z,0.2700,40.00,no
2026-09-30T00:49:20.258539Z,0.2900,0.01,no
2026-09-30T00:49:20.258539Z,0.2800,0.01,no
2026-09-30T00:49:20.258539Z,0.2400,0.01,no
2026-09-30T00:49:20.258539Z,0.2500,0.01,no
2026-09-30T00:49:20.258539Z,0.2300,0.01,no
2026-09-30T00:49:21.430039Z,0.3200,1.00,yes
2026-09-30T00:49:21.430039Z,0.3200,31.67,yes
2026-09-30T00:49:21.430039Z,0.3100,1.00,yes
2026-09-30T00:49:21.430039Z,0.3100,1.00,yes
2026-09-30T00:49:21.430039Z,0.3200,1.00,yes
2026-09-30T00:49:21.430039Z,0.3100,25.00,yes
2026-09-30T00:49:23.405467Z,0.3100,1.00,yes
2026-09-30T00:49:23.405467Z,0.3100,1.00,yes
2026-09-30T00:49:23.405467Z,0.3100,2.00,yes
2026-09-30T00:49:23.405467Z,0.3100,1.00,yes
2026-09-30T00:49:23.405467Z,0.3100,1.00,yes
2026-09-30T00:49:23.405467Z,0.3100,2.00,yes
2026-09-30T00:49:23.9945Z,0.3100,15.15,yes
2026-09-30T00:49:26.417128Z,0.3100,1.00,yes
2026-09-30T00:49:26.417128Z,0.3100,1.00,yes
2026-09-30T00:49:26.417128Z,0.3200,6.00,yes
2026-09-30T00:49:26.417128Z,0.3200,2.26,yes
2026-09-30T00:49:26.417128Z,0.3100,4.85,yes
2026-09-30T00:49:27.421925Z,0.2800,0.01,no
2026-09-30T00:49:27.421925Z,0.2800,30.25,no
2026-09-30T00:49:27.45131Z,0.3100,1.00,yes
2026-09-30T00:49:27.45131Z,0.3100,1.00,yes
2026-09-30T00:49:27.45131Z,0.3100,1.00,yes
2026-09-30T00:49:27.45131Z,0.3100,1.00,yes
2026-09-30T00:49:27.45131Z,0.3100,75.00,yes
2026-09-30T00:49:28.752748Z,0.3400,3.00,yes
2026-09-30T00:49:28.752748Z,0.3400,2.00,yes
2026-09-30T00:49:28.752748Z,0.3400,1.00,yes
2026-09-30T00:49:28.752748Z,0.3200,2.00,yes
2026-09-30T00:49:28.752748Z,0.3300,20.00,yes
2026-09-30T00:49:28.752748Z,0.3400,40.00,yes
2026-09-30T00:49:28.752748Z,0.3200,1.00,yes
2026-09-30T00:49:28.752748Z,0.3200,1.00,yes
2026-09-30T00:49:28.752748Z,0.3300,1.00,yes
2026-09-30T00:49:28.752748Z,0.3200,1.00,yes
2026-09-30T00:49:28.752748Z,0.3400,2.00,yes
2026-09-30T00:49:28.752748Z,0.3300,3.00,yes
2026-09-30T00:49:28.752748Z,0.3200,0.01,yes
2026-09-30T00:49:28.752748Z,0.3300,2.00,yes
2026-09-30T00:49:28.752748Z,0.3200,1.74,yes
2026-09-30T00:49:28.752748Z,0.3200,1.00,yes
2026-09-30T00:49:28.752748Z,0.3400,1.00,yes
2026-09-30T00:49:28.752748Z,0.3300,1.00,yes
2026-09-30T00:49:28.752748Z,0.3300,1.00,yes
2026-09-30T00:49:28.752748Z,0.3400,1.00,yes
2026-09-30T00:49:28.752748Z,0.3300,1.00,yes
2026-09-30T00:49:28.752748Z,0.3400,42.00,yes
2026-09-30T00:49:28.752748Z,0.3300,1.00,yes
2026-09-30T00:49:28.752748Z,0.3400,1.00,yes
2026-09-30T00:49:28.752748Z,0.3400,1.00,yes
2026-09-30T00:49:28.752748Z,0.3400,1.00,yes
2026-09-30T00:49:28.752748Z,0.3400,2.00,yes
2026-09-30T00:49:28.752748Z,0.3400,0.27,yes
2026-09-30T00:49:28.784747Z,0.3500,5.00,yes
2026-09-30T00:49:28.784747Z,0.3500,10.00,yes
2026-09-30T00:49:28.784747Z,0.3500,2.00,yes
2026-09-30T00:49:28.840411Z,0.3600,3.00,yes
2026-09-30T00:49:28.840411Z,0.3600,2.95,yes
2026-09-30T00:49:28.840411Z,0.3600,3.00,yes
2026-09-30T00:49:28.840411Z,0.3600,126.00,yes
2026-09-30T00:49:29.49851Z,0.3700,5.00,yes
2026-09-30T00:49:29.49851Z,0.3700,1.00,yes
2026-09-30T00:49:29.49851Z,0.3700,3.00,yes
2026-09-30T00:49:29.49851Z,0.3700,34.00,yes
2026-09-30T00:49:29.736172Z,0.3700,1.00,yes
2026-09-30T00:49:30.001367Z,0.3800,2.00,yes
2026-09-30T00:49:30.001367Z,0.3800,5.00,yes
2026-09-30T00:49:30.001367Z,0.3800,993.17,yes
2026-09-30T00:49:30.001367Z,0.3800,3.00,yes
2026-09-30T00:49:30.001367Z,0.3800,5.00,yes
2026-09-30T00:49:30.001367Z,0.3800,233.96,yes
2026-09-30T00:49:30.942515Z,0.3700,21.94,no
2026-09-30T00:49:31.19931Z,0.3700,28.11,no
2026-09-30T00:49:31.402426Z,0.3800,4.08,yes
2026-09-30T00:49:32.013746Z,0.3800,25.22,yes
2026-09-30T00:49:33.260716Z,0.3700,2.89,no
2026-09-30T00:49:33.338849Z,0.3800,4.02,yes
2026-09-30T00:49:33.338849Z,0.3800,0.01,yes
2026-09-30T00:49:33.338849Z,0.3800,0.01,yes
2026-09-30T00:49:33.338849Z,0.3800,1.00,yes
2026-09-30T00:49:34.528621Z,0.3800,120.00,yes
2026-09-30T00:49:35.34431Z,0.3700,55.91,no
2026-09-30T00:49:35.34431Z,0.3700,666.06,no
2026-09-30T00:49:35.439232Z,0.3700,100.00,no
2026-09-30T00:49:35.490363Z,0.3800,75.66,yes
2026-09-30T00:49:35.593085Z,0.3800,9.63,yes
2026-09-30T00:49:36.011641Z,0.3700,94.07,no
2026-09-30T00:49:36.326591Z,0.3800,32.78,yes
2026-09-30T00:49:36.388099Z,0.3700,9.37,no
2026-09-30T00:49:36.440144Z,0.3800,12.61,yes
2026-09-30T00:49:37.511992Z,0.3800,1.00,yes
2026-09-30T00:49:37.511992Z,0.3800,1.00,yes
2026-09-30T00:49:37.511992Z,0.3800,26.58,yes
2026-09-30T00:49:37.511992Z,0.3800,1.00,yes
2026-09-30T00:49:38.484157Z,0.3900,50.60,yes
2026-09-30T00:49:40.11353Z,0.3900,75.00,yes
2026-09-30T00:49:40.11353Z,0.3900,240.60,yes
2026-09-30T00:49:40.11353Z,0.3900,49.40,yes
2026-09-30T00:49:41.35381Z,0.3800,79.00,no
2026-09-30T00:49:43.053382Z,0.3900,48.24,yes
2026-09-30T00:49:43.400193Z,0.3800,7.04,no
2026-09-30T00:49:43.460791Z,0.3800,618.38,no
2026-09-30T00:49:43.460791Z,0.3800,381.62,no
2026-09-30T00:49:44.836123Z,0.3800,42.30,no
2026-09-30T00:49:45.786812Z,0.3900,71.31,yes
2026-09-30T00:49:45.882208Z,0.3900,4.91,yes
2026-09-30T00:49:47.043007Z,0.3900,5.00,yes
2026-09-30T00:49:47.043007Z,0.3900,1.00,yes
2026-09-30T00:49:47.043007Z,0.3900,1.00,yes
2026-09-30T00:49:47.043007Z,0.3900,2452.09,yes
2026-09-30T00:49:47.502414Z,0.3900,440.35,yes
2026-09-30T00:49:47.84046Z,0.3900,107.56,yes
2026-09-30T00:49:47.84046Z,0.3900,153.10,yes
2026-09-30T00:49:48.998246Z,0.3900,9.83,yes
2026-09-30T00:49:50.160015Z,0.3800,100.00,no
2026-09-30T00:49:51.631295Z,0.3900,49.18,yes
2026-09-30T00:49:52.03209Z,0.3900,100.00,yes
2026-09-30T00:49:52.814888Z,0.3900,122.95,yes
2026-09-30T00:49:53.586942Z,0.3900,12.29,yes
2026-09-30T00:49:53.698918Z,0.3900,1229.54,yes
2026-09-30T00:49:54.079347Z,0.3900,2.43,yes
2026-09-30T00:49:54.360759Z,0.3800,9.40,no
2026-09-30T00:49:54.480677Z,0.3900,4.91,yes
2026-09-30T00:49:55.210879Z,0.3900,98.36,yes
2026-09-30T00:49:55.214129Z,0.3900,25.00,yes
2026-09-30T00:49:55.788979Z,0.3900,13.22,yes
2026-09-30T00:49:55.826259Z,0.3900,36.88,yes
2026-09-30T00:49:55.89296Z,0.3900,269.46,yes
2026-09-30T00:49:56.201068Z,0.3900,59.04,yes
2026-09-30T00:49:56.953826Z,0.3900,73.77,yes
2026-09-30T00:49:57.346904Z,0.3900,5.37,yes
2026-09-30T00:49:57.346904Z,0.3900,1.00,yes
2026-09-30T00:49:57.346904Z,0.3900,1.00,yes
2026-09-30T00:49:58.342658Z,0.3900,19.63,yes
2026-09-30T00:49:58.342658Z,0.4000,1.82,yes
2026-09-30T00:49:58.342658Z,0.4000,2.00,yes
2026-09-30T00:49:58.342658Z,0.4000,1.00,yes
2026-09-30T00:49:58.889486Z,0.4000,1.00,yes
2026-09-30T00:49:58.889486Z,0.4000,0.18,yes
2026-09-30T00:49:58.889486Z,0.4000,142.79,yes
2026-09-30T00:49:59.424848Z,0.3900,0.01,no
2026-09-30T00:49:59.424848Z,0.3900,711.87,no
2026-09-30T00:49:59.424848Z,0.3900,86.00,no
2026-09-30T00:49:59.424848Z,0.3900,46.00,no
2026-09-30T00:49:59.962334Z,0.4000,239.92,yes
2026-09-30T00:50:00.313365Z,0.4000,43.18,yes
2026-09-30T00:50:00.513419Z,0.3900,0.01,no
2026-09-30T00:50:00.652574Z,0.3900,2459.21,yes
2026-09-30T00:50:00.778435Z,0.3900,119.96,yes
2026-09-30T00:50:00.840108Z,0.3900,839.73,yes
2026-09-30T00:50:00.913383Z,0.3900,47.98,yes
2026-09-30T00:50:01.538687Z,0.3900,0.02,yes
2026-09-30T00:50:02.374358Z,0.3900,122.95,yes
2026-09-30T00:50:02.484739Z,0.3900,2.01,yes
2026-09-30T00:50:05.989525Z,0.3900,73.77,yes
2026-09-30T00:50:06.329612Z,0.3900,167.20,yes
2026-09-30T00:50:06.638171Z,0.3900,2.45,yes
2026-09-30T00:50:06.876727Z,0.3900,1.00,yes
2026-09-30T00:50:06.876727Z,0.3900,1.00,yes
2026-09-30T00:50:06.876727Z,0.3900,10.29,yes
2026-09-30T00:50:06.908243Z,0.3900,3.81,yes
2026-09-30T00:50:06.908243Z,0.3900,9.71,yes
2026-09-30T00:50:07.167568Z,0.3900,5.00,yes
2026-09-30T00:50:07.167568Z,0.3900,43.18,yes
2026-09-30T00:50:07.167568Z,0.3900,1.00,yes
2026-09-30T00:50:07.561337Z,0.3900,17.82,yes
2026-09-30T00:50:07.561337Z,0.3900,39.00,yes
2026-09-30T00:50:07.561337Z,0.3900,1.00,yes
2026-09-30T00:50:07.561337Z,0.3900,40.00,yes
2026-09-30T00:50:07.561337Z,0.3900,43.18,yes
2026-09-30T00:50:07.561337Z,0.3900,1.00,yes
2026-09-30T00:50:09.598408Z,0.4000,1.00,yes
2026-09-30T00:50:09.598408Z,0.4000,1.00,yes
2026-09-30T00:50:09.598408Z,0.4000,2.00,yes
2026-09-30T00:50:09.598408Z,0.4000,0.79,yes
2026-09-30T00:50:09.637165Z,0.3900,67.21,no
2026-09-30T00:50:10.578029Z,0.4000,0.01,yes
2026-09-30T00:50:10.578029Z,0.4100,1.00,yes
2026-09-30T00:50:10.578029Z,0.4100,1.00,yes
2026-09-30T00:50:10.578029Z,0.4100,0.08,yes
2026-09-30T00:50:11.359662Z,0.4100,2.46,yes
2026-09-30T00:50:11.359662Z,0.4100,3.00,yes
2026-09-30T00:50:11.359662Z,0.4100,62.00,yes
2026-09-30T00:50:11.359662Z,0.4100,0.92,yes
2026-09-30T00:50:11.359662Z,0.4100,1.00,yes
2026-09-30T00:50:11.590917Z,0.4100,1.00,yes
2026-09-30T00:50:11.590917Z,0.4100,1.00,yes
2026-09-30T00:50:11.590917Z,0.4200,43.00,yes
2026-09-30T00:50:11.590917Z,0.4100,37.54,yes
2026-09-30T00:50:11.590917Z,0.4200,4.00,yes
2026-09-30T00:50:11.590917Z,0.4200,2.00,yes
2026-09-30T00:50:11.590917Z,0.4200,13.00,yes
2026-09-30T00:50:11.590917Z,0.4200,1.00,yes
2026-09-30T00:50:11.590917Z,0.4200,1.00,yes
2026-09-30T00:50:11.590917Z,0.4200,1.00,yes
2026-09-30T00:50:11.590917Z,0.4200,4.00,yes
2026-09-30T00:50:11.590917Z,0.4200,6.73,yes
2026-09-30T00:50:12.335763Z,0.4200,4.00,yes
2026-09-30T00:50:12.335763Z,0.4200,3.00,yes
2026-09-30T00:50:12.335763Z,0.4200,65.00,yes
2026-09-30T00:50:12.335763Z,0.4200,100.00,yes
2026-09-30T00:50:12.335763Z,0.4200,43.00,yes
2026-09-30T00:50:12.335763Z,0.4200,5.00,yes
2026-09-30T00:50:12.335763Z,0.4200,1.00,yes
2026-09-30T00:50:12.335763Z,0.4300,220.30,yes
2026-09-30T00:50:12.335763Z,0.4300,1.00,yes
2026-09-30T00:50:12.335763Z,0.4300,1.00,yes
2026-09-30T00:50:12.335763Z,0.4300,1.00,yes
2026-09-30T00:50:12.534659Z,0.4200,1.00,yes
2026-09-30T00:50:12.534659Z,0.4200,5.54,yes
2026-09-30T00:50:12.560883Z,0.4200,1.00,yes
2026-09-30T00:50:12.560883Z,0.4200,1.00,yes
2026-09-30T00:50:12.667959Z,0.4200,58.71,no
2026-09-30T00:50:12.717714Z,0.4300,1.00,yes
2026-09-30T00:50:12.717714Z,0.4300,1.00,yes
2026-09-30T00:50:12.717714Z,0.4300,1.00,yes
2026-09-30T00:50:12.717714Z,0.4300,50.00,yes
2026-09-30T00:50:12.717714Z,0.4300,1.00,yes
2026-09-30T00:50:12.717714Z,0.4300,42.70,yes
2026-09-30T00:50:12.922723Z,0.4400,1.00,yes
2026-09-30T00:50:12.922723Z,0.4400,2.00,yes
2026-09-30T00:50:12.922723Z,0.4400,1.00,yes
2026-09-30T00:50:12.922723Z,0.4400,1.00,yes
2026-09-30T00:50:13.58487Z,0.4500,21.39,yes
2026-09-30T00:50:13.968507Z,0.4500,106.99,yes
2026-09-30T00:50:13.98376Z,0.4500,13.28,yes
2026-09-30T00:50:14.113478Z,0.4500,125.34,yes
2026-09-30T00:50:14.113478Z,0.4500,54.54,yes
2026-09-30T00:50:14.113478Z,0.4500,1.00,yes
2026-09-30T00:50:14.113478Z,0.4500,1.00,yes
2026-09-30T00:50:17.254221Z,0.4500,53.49,yes
2026-09-30T00:50:17.474108Z,0.4500,10.69,yes
2026-09-30T00:50:17.568899Z,0.4500,6.41,yes
2026-09-30T00:50:18.150208Z,0.4500,42.79,yes
2026-09-30T00:50:19.010209Z,0.4500,64.17,yes
2026-09-30T00:50:19.649399Z,0.4500,4.23,yes
2026-09-30T00:50:19.955331Z,0.4400,32.91,no
2026-09-30T00:50:20.711104Z,0.4500,723.58,yes
2026-09-30T00:50:24.501988Z,0.4400,500.00,no
2026-09-30T00:50:25.454231Z,0.4500,213.97,yes
2026-09-30T00:50:26.677146Z,0.4500,212.00,yes
2026-09-30T00:50:26.855314Z,0.4500,922.27,yes
2026-09-30T00:50:28.332499Z,0.4500,320.97,yes
2026-09-30T00:50:28.664145Z,0.4500,126.03,yes
2026-09-30T00:50:29.194666Z,0.4400,188.52,no
2026-09-30T00:50:29.759677Z,0.4600,1.00,yes
2026-09-30T00:50:29.759677Z,0.4600,1.00,yes
2026-09-30T00:50:29.759677Z,0.4500,0.01,yes
2026-09-30T00:50:29.759677Z,0.4500,0.01,yes
2026-09-30T00:50:29.759677Z,0.4600,25.00,yes
2026-09-30T00:50:29.759677Z,0.4600,14.06,yes
2026-09-30T00:50:30.307813Z,0.4700,1.00,yes
2026-09-30T00:50:30.307813Z,0.4700,1.00,yes
2026-09-30T00:50:30.307813Z,0.4700,302.74,yes
2026-09-30T00:50:30.307813Z,0.4500,0.01,yes
2026-09-30T00:50:30.307813Z,0.4600,1.00,yes
2026-09-30T00:50:30.307813Z,0.4600,1.00,yes
2026-09-30T00:50:30.307813Z,0.4600,1.00,yes
2026-09-30T00:50:30.955309Z,0.4500,0.01,yes
2026-09-30T00:50:30.955309Z,0.4600,1.69,yes
2026-09-30T00:50:30.966432Z,0.4700,17.00,yes
2026-09-30T00:50:30.966432Z,0.4600,1.00,yes
2026-09-30T00:50:30.966432Z,0.4600,1.00,yes
2026-09-30T00:50:30.966432Z,0.4600,1.00,yes
2026-09-30T00:50:32.331795Z,0.4500,0.01,yes
2026-09-30T00:50:32.331795Z,0.4600,1.00,yes
2026-09-30T00:50:32.331795Z,0.4600,1.00,yes
2026-09-30T00:50:32.331795Z,0.4600,0.01,yes
2026-09-30T00:50:33.140013Z,0.4500,0.01,yes
2026-09-30T00:50:33.472353Z,0.4600,8.34,yes
2026-09-30T00:50:33.472353Z,0.4500,0.01,yes
2026-09-30T00:50:33.630402Z,0.4700,12.82,yes
2026-09-30T00:50:33.630402Z,0.4600,55.00,yes
2026-09-30T00:50:33.630402Z,0.4600,32.65,yes
2026-09-30T00:50:33.630402Z,0.4600,1.00,yes
2026-09-30T00:50:33.630402Z,0.4600,1.00,yes
2026-09-30T00:50:33.630402Z,0.4500,0.01,yes
2026-09-30T00:50:33.93962Z,0.4400,0.01,no
2026-09-30T00:50:33.93962Z,0.4400,99.99,no
2026-09-30T00:50:34.204318Z,0.4700,81.69,yes
2026-09-30T00:50:34.204318Z,0.4600,29.00,yes
2026-09-30T00:50:34.204318Z,0.4600,41.00,yes
2026-09-30T00:50:34.204318Z,0.4600,1.00,yes
2026-09-30T00:50:34.204318Z,0.4600,1.00,yes
2026-09-30T00:50:34.204318Z,0.4500,0.01,yes
2026-09-30T00:50:34.204318Z,0.4600,1.00,yes
2026-09-30T00:50:35.197177Z,0.4600,13.74,yes
2026-09-30T00:50:35.197177Z,0.4500,0.01,yes
2026-09-30T00:50:35.235209Z,0.4700,204.21,yes
2026-09-30T00:50:35.235209Z,0.4600,41.00,yes
2026-09-30T00:50:35.235209Z,0.4600,41.26,yes
2026-09-30T00:50:35.235209Z,0.4600,1.00,yes
2026-09-30T00:50:35.235209Z,0.4600,1.00,yes
2026-09-30T00:50:35.235209Z,0.4600,1.00,yes
2026-09-30T00:50:37.586152Z,0.4400,0.01,no
2026-09-30T00:50:37.586152Z,0.4400,0.01,no
2026-09-30T00:50:37.586152Z,0.4400,100.00,no
2026-09-30T00:50:37.601962Z,0.4300,0.01,no
2026-09-30T00:50:37.606197Z,0.4400,300.43,yes
2026-09-30T00:50:37.606197Z,0.4300,6615.49,yes
2026-09-30T00:50:37.725697Z,0.4200,0.01,no
2026-09-30T00:50:37.725697Z,0.4200,1.61,no
2026-09-30T00:50:37.725697Z,0.4200,250.00,no
2026-09-30T00:50:37.725697Z,0.4200,141.00,no
2026-09-30T00:50:37.725697Z,0.4200,98.00,no
2026-09-30T00:50:37.822461Z,0.4100,0.01,no
2026-09-30T00:50:37.822461Z,0.4100,87.00,no
2026-09-30T00:50:37.822461Z,0.4100,100.00,no
2026-09-30T00:50:37.822461Z,0.4100,48.00,no
2026-09-30T00:50:37.844611Z,0.4100,350.82,yes
2026-09-30T00:50:38.546449Z,0.4100,598.83,yes
2026-09-30T00:50:38.546449Z,0.4100,1401.17,yes
2026-09-30T00:50:38.6199Z,0.4100,54.79,yes
2026-09-30T00:50:38.745036Z,0.4100,579.55,yes
2026-09-30T00:50:38.810779Z,0.4100,300.00,yes
2026-09-30T00:50:39.183951Z,0.4100,114.77,yes
2026-09-30T00:50:39.250913Z,0.4100,210.80,yes
2026-09-30T00:50:40.985865Z,0.4100,23.42,yes
2026-09-30T00:50:41.186062Z,0.4100,5.69,yes
2026-09-30T00:50:41.406377Z,0.4100,85.30,yes
2026-09-30T00:50:41.908102Z,0.4100,489.53,yes
2026-09-30T00:50:41.908102Z,0.4100,13.85,yes
2026-09-30T00:50:42.623747Z,0.4100,234.22,yes
2026-09-30T00:50:42.991815Z,0.4000,135.26,no
2026-09-30T00:50:43.352834Z,0.4100,98.70,yes
2026-09-30T00:50:44.126899Z,0.4100,1.00,yes
2026-09-30T00:50:44.311995Z,0.4100,477.00,yes
2026-09-30T00:50:44.469681Z,0.4100,105.40,yes
2026-09-30T00:50:45.132629Z,0.4100,6.00,yes
2026-09-30T00:50:45.281401Z,0.4100,19.25,yes
2026-09-30T00:50:45.948485Z,0.4100,12.97,yes
2026-09-30T00:50:46.530574Z,0.4100,55.00,yes
2026-09-30T00:50:46.530574Z,0.4100,38.69,yes
2026-09-30T00:50:47.642994Z,0.4000,500.00,no
2026-09-30T00:50:47.773006Z,0.4100,1171.14,yes
2026-09-30T00:50:48.299977Z,0.4100,23.42,yes
2026-09-30T00:50:48.592441Z,0.4100,241.25,yes
2026-09-30T00:50:48.646728Z,0.4100,58.55,yes
2026-09-30T00:50:49.42572Z,0.4100,124.56,yes
2026-09-30T00:50:49.664023Z,0.4100,10.39,yes
2026-09-30T00:50:49.847473Z,0.4100,81.98,yes
2026-09-30T00:50:49.95098Z,0.4000,14.25,no
2026-09-30T00:50:50.375829Z,0.4100,161.61,yes
2026-09-30T00:50:51.533565Z,0.4100,58.55,yes
2026-09-30T00:50:52.17138Z,0.4100,375.86,yes
2026-09-30T00:50:52.218572Z,0.4100,70.26,yes
2026-09-30T00:50:52.333301Z,0.4100,46.84,yes
2026-09-30T00:50:52.906993Z,0.4000,350.49,no
2026-09-30T00:50:52.906993Z,0.4000,3.86,no
2026-09-30T00:50:53.287851Z,0.4100,327.92,yes
2026-09-30T00:50:54.414012Z,0.4100,23.42,yes
2026-09-30T00:50:54.503879Z,0.4100,23.23,yes
2026-09-30T00:50:55.847576Z,0.4000,205.72,no
2026-09-30T00:50:56.270106Z,0.4100,71.89,yes
2026-09-30T00:50:56.270106Z,0.4100,162.33,yes
2026-09-30T00:50:56.356657Z,0.4100,186.89,yes
2026-09-30T00:50:56.875984Z,0.4100,58.55,yes
2026-09-30T00:50:56.940016Z,0.4000,1.00,no
2026-09-30T00:50:57.210771Z,0.4000,5.52,no
2026-09-30T00:50:57.605144Z,0.4100,93.69,yes
2026-09-30T00:50:57.774386Z,0.4000,78.75,no
2026-09-30T00:50:58.457404Z,0.4100,2056.52,yes
2026-09-30T00:50:59.808334Z,0.4100,75.00,yes
2026-09-30T00:51:00.580251Z,0.4000,65.54,no
2026-09-30T00:51:00.626574Z,0.4100,11.71,yes
2026-09-30T00:51:00.70872Z,0.4100,46.84,yes
2026-09-30T00:51:01.32841Z,0.4000,0.01,no
2026-09-30T00:51:01.32841Z,0.4000,639.61,no
2026-09-30T00:51:01.32841Z,0.4000,733.00,no
2026-09-30T00:51:01.32841Z,0.4000,627.38,no
2026-09-30T00:51:02.830493Z,0.4200,8.00,yes
2026-09-30T00:51:02.830493Z,0.4100,1.00,yes
2026-09-30T00:51:02.830493Z,0.4200,1.00,yes
2026-09-30T00:51:02.830493Z,0.4200,2.00,yes
2026-09-30T00:51:02.830493Z,0.4100,1.00,yes
2026-09-30T00:51:02.830493Z,0.4100,4.00,yes
2026-09-30T00:51:02.830493Z,0.4200,1.00,yes
2026-09-30T00:51:02.830493Z,0.4100,0.01,yes
2026-09-30T00:51:02.830493Z,0.4100,0.01,yes
2026-09-30T00:51:02.830493Z,0.4200,20.00,yes
2026-09-30T00:51:02.830493Z,0.4300,1.00,yes
2026-09-30T00:51:02.830493Z,0.4300,1.00,yes
2026-09-30T00:51:02.830493Z,0.4200,1.00,yes
2026-09-30T00:51:02.830493Z,0.4200,1.00,yes
2026-09-30T00:51:02.830493Z,0.4300,28.66,yes
2026-09-30T00:51:02.830493Z,0.4200,42.00,yes
2026-09-30T00:51:03.942528Z,0.4200,5.00,yes
2026-09-30T00:51:03.942528Z,0.4300,89.30,yes
2026-09-30T00:51:03.942528Z,0.4200,7.00,yes
2026-09-30T00:51:03.942528Z,0.4200,1.00,yes
2026-09-30T00:51:03.942528Z,0.4200,20.00,yes
2026-09-30T00:51:03.942528Z,0.4300,25.00,yes
2026-09-30T00:51:03.942528Z,0.4300,1.00,yes
2026-09-30T00:51:03.942528Z,0.4300,1.00,yes
2026-09-30T00:51:03.942528Z,0.4300,12.34,yes
2026-09-30T00:51:04.960023Z,0.4000,0.01,no
2026-09-30T00:51:04.960023Z,0.3700,8.52,no
2026-09-30T00:51:04.960023Z,0.3900,46.00,no
2026-09-30T00:51:04.960023Z,0.3900,0.01,no
2026-09-30T00:51:04.960023Z,0.3800,0.01,no
2026-09-30T00:51:04.960023Z,0.3700,0.01,no
2026-09-30T00:51:05.18767Z,0.4200,5.86,yes
2026-09-30T00:51:05.18767Z,0.4200,1.00,yes
2026-09-30T00:51:06.702747Z,0.4100,4.57,yes
2026-09-30T00:51:07.215582Z,0.4100,14.05,yes
2026-09-30T00:51:07.45877Z,0.4200,1.00,yes
2026-09-30T00:51:07.45877Z,0.4500,1.00,yes
2026-09-30T00:51:07.45877Z,0.4200,1.00,yes
2026-09-30T00:51:07.45877Z,0.4300,1.00,yes
2026-09-30T00:51:07.45877Z,0.4200,2.00,yes
2026-09-30T00:51:07.45877Z,0.4200,65.00,yes
2026-09-30T00:51:07.45877Z,0.4200,25.00,yes
2026-09-30T00:51:07.45877Z,0.4300,41.00,yes
2026-09-30T00:51:07.45877Z,0.4200,24.00,yes
2026-09-30T00:51:07.45877Z,0.4200,3.00,yes
2026-09-30T00:51:07.45877Z,0.4100,5.00,yes
2026-09-30T00:51:07.45877Z,0.4500,1.00,yes
2026-09-30T00:51:07.45877Z,0.4200,10.00,yes
2026-09-30T00:51:07.45877Z,0.4200,37.14,yes
2026-09-30T00:51:07.45877Z,0.4500,2.00,yes
2026-09-30T00:51:07.45877Z,0.4300,2.00,yes
2026-09-30T00:51:07.45877Z,0.4300,1.00,yes
2026-09-30T00:51:07.45877Z,0.4300,2.00,yes
2026-09-30T00:51:07.45877Z,0.4300,5.00,yes
2026-09-30T00:51:07.45877Z,0.4500,3.00,yes
2026-09-30T00:51:07.45877Z,0.4400,3.00,yes
2026-09-30T00:51:07.45877Z,0.4600,125.00,yes
2026-09-30T00:51:07.45877Z,0.4600,150.00,yes
2026-09-30T00:51:07.45877Z,0.4600,2.00,yes
2026-09-30T00:51:07.45877Z,0.4200,40.00,yes
2026-09-30T00:51:07.45877Z,0.4100,245.00,yes
2026-09-30T00:51:07.45877Z,0.4600,282.00,yes
2026-09-30T00:51:07.45877Z,0.4100,59.00,yes
2026-09-30T00:51:07.45877Z,0.4100,6.00,yes
2026-09-30T00:51:07.45877Z,0.4600,620.08,yes
2026-09-30T00:51:07.45877Z,0.4100,1.00,yes
2026-09-30T00:51:07.45877Z,0.4100,5.00,yes
2026-09-30T00:51:07.45877Z,0.4300,1.00,yes
2026-09-30T00:51:07.45877Z,0.4400,1.00,yes
2026-09-30T00:51:07.45877Z,0.4500,55.00,yes
2026-09-30T00:51:07.45877Z,0.4600,1.00,yes
2026-09-30T00:51:07.45877Z,0.4400,1.00,yes
2026-09-30T00:51:07.45877Z,0.4600,1.00,yes
2026-09-30T00:51:07.45877Z,0.4500,1.00,yes
2026-09-30T00:51:07.45877Z,0.4400,1.00,yes
2026-09-30T00:51:07.45877Z,0.4400,1.00,yes
2026-09-30T00:51:07.45877Z,0.4500,1.00,yes
2026-09-30T00:51:07.45877Z,0.4400,1.00,yes
2026-09-30T00:51:07.45877Z,0.4500,0.01,yes
2026-09-30T00:51:07.45877Z,0.4600,1.00,yes
2026-09-30T00:51:07.45877Z,0.4600,2.00,yes
2026-09-30T00:51:07.45877Z,0.4600,1.00,yes
2026-09-30T00:51:07.45877Z,0.4600,71.51,yes
2026-09-30T00:51:07.45877Z,0.4600,100.00,yes
2026-09-30T00:51:07.45877Z,0.4500,1.00,yes
2026-09-30T00:51:07.45877Z,0.4600,1.00,yes
2026-09-30T00:51:07.45877Z,0.4400,1.00,yes
2026-09-30T00:51:07.45877Z,0.4400,3.00,yes
2026-09-30T00:51:07.45877Z,0.4500,1.00,yes
2026-09-30T00:51:07.45877Z,0.4600,1.00,yes
2026-09-30T00:51:07.45877Z,0.4400,1.00,yes
2026-09-30T00:51:07.45877Z,0.4600,2.00,yes
2026-09-30T00:51:07.45877Z,0.4600,1.00,yes
2026-09-30T00:51:07.45877Z,0.4500,1.00,yes
2026-09-30T00:51:07.45877Z,0.4400,1.00,yes
2026-09-30T00:51:07.45877Z,0.4400,1.00,yes
2026-09-30T00:51:07.45877Z,0.4400,1.00,yes
2026-09-30T00:51:07.45877Z,0.4500,1.00,yes
2026-09-30T00:51:07.622527Z,0.3700,14.00,no
2026-09-30T00:51:07.622527Z,0.3600,32.02,no
2026-09-30T00:51:07.622527Z,0.3700,0.01,no
2026-09-30T00:51:07.622527Z,0.3600,0.01,no
2026-09-30T00:51:08.740413Z,0.4000,1.63,yes
2026-09-30T00:51:08.980083Z,0.4100,1.00,yes
2026-09-30T00:51:08.980083Z,0.4100,2.00,yes
2026-09-30T00:51:08.980083Z,0.4000,5.00,yes
2026-09-30T00:51:08.980083Z,0.4100,47.00,yes
2026-09-30T00:51:08.980083Z,0.4000,62.37,yes
2026-09-30T00:51:08.980083Z,0.4100,1.00,yes
2026-09-30T00:51:08.980083Z,0.4000,4.00,yes
2026-09-30T00:51:08.980083Z,0.4100,25.00,yes
2026-09-30T00:51:08.980083Z,0.4000,1.00,yes
2026-09-30T00:51:08.980083Z,0.4000,1.63,yes
2026-09-30T00:51:08.980083Z,0.4100,2.00,yes
2026-09-30T00:51:08.980083Z,0.4100,1.00,yes
2026-09-30T00:51:08.980083Z,0.4100,250.00,yes
2026-09-30T00:51:08.980083Z,0.4100,1.00,yes
2026-09-30T00:51:08.980083Z,0.4000,44.00,yes
2026-09-30T00:51:11.289299Z,0.4100,105.07,no
2026-09-30T00:51:12.061356Z,0.4100,15.11,no
2026-09-30T00:51:12.14303Z,0.3500,50.00,no
2026-09-30T00:51:12.14303Z,0.3500,88.00,no
2026-09-30T00:51:12.14303Z,0.4100,181.82,no
2026-09-30T00:51:12.14303Z,0.4100,45.00,no
2026-09-30T00:51:12.14303Z,0.3600,0.01,no
2026-09-30T00:51:12.14303Z,0.3500,250.00,no
2026-09-30T00:51:12.14303Z,0.3600,44.00,no
2026-09-30T00:51:12.14303Z,0.3500,0.01,no
2026-09-30T00:51:12.1994Z,0.3300,0.01,no
2026-09-30T00:51:12.1994Z,0.3300,166.00,no
2026-09-30T00:51:12.1994Z,0.3400,132.00,no
2026-09-30T00:51:12.1994Z,0.3300,100.00,no
2026-09-30T00:51:12.1994Z,0.3300,50.00,no
2026-09-30T00:51:12.1994Z,0.3400,0.01,no
2026-09-30T00:51:12.199692Z,0.3200,0.01,no
2026-09-30T00:51:12.199692Z,0.3200,157.00,no
2026-09-30T00:51:12.528997Z,0.3100,98.35,no
2026-09-30T00:51:12.528997Z,0.3100,0.01,no
2026-09-30T00:51:13.654236Z,0.3200,14.91,yes
2026-09-30T00:51:14.511063Z,0.3100,52.22,no
2026-09-30T00:51:14.54365Z,0.3200,2236.00,yes
2026-09-30T00:51:14.54365Z,0.3200,2236.00,yes
2026-09-30T00:51:14.54365Z,0.3200,2236.00,yes
2026-09-30T00:51:14.54365Z,0.3200,1607.06,yes
2026-09-30T00:51:14.54365Z,0.3200,2064.08,yes
2026-09-30T00:51:14.54365Z,0.3200,2236.00,yes
2026-09-30T00:51:14.734051Z,0.3200,28.87,yes
2026-09-30T00:51:16.50652Z,0.3100,50.00,no
2026-09-30T00:51:18.31796Z,0.3100,799.43,no
2026-09-30T00:51:18.31796Z,0.3100,1000.00,no
2026-09-30T00:51:18.31796Z,0.3100,719.00,no
2026-09-30T00:51:18.31796Z,0.3100,1232.15,no
2026-09-30T00:51:19.24125Z,0.3100,1536.69,no
2026-09-30T00:51:19.895398Z,0.3100,487.85,no
2026-09-30T00:51:20.265854Z,0.3100,26.89,no
2026-09-30T00:51:21.217451Z,0.3100,119.96,no
2026-09-30T00:51:22.40435Z,0.3100,102.86,no
2026-09-30T00:51:23.694045Z,0.3100,70.26,no
2026-09-30T00:51:24.669122Z,0.3200,1.00,yes
2026-09-30T00:51:24.669122Z,0.3200,3.00,yes
2026-09-30T00:51:24.669122Z,0.3200,1.00,yes
2026-09-30T00:51:24.669122Z,0.3200,173.86,yes
2026-09-30T00:51:24.669122Z,0.3200,55.00,yes
2026-09-30T00:51:25.39551Z,0.3100,153.41,no
2026-09-30T00:51:25.75444Z,0.3200,9.83,yes
2026-09-30T00:51:25.75444Z,0.3200,20.00,yes
2026-09-30T00:51:25.861923Z,0.3100,18.87,no
2026-09-30T00:51:26.114009Z,0.3200,1.00,yes
2026-09-30T00:51:26.114009Z,0.3200,3.00,yes
2026-09-30T00:51:26.114009Z,0.3200,1.00,yes
2026-09-30T00:51:26.114009Z,0.3200,4.00,yes
2026-09-30T00:51:26.114009Z,0.3200,20.00,yes
2026-09-30T00:51:26.114009Z,0.3200,6.00,yes
2026-09-30T00:51:26.998068Z,0.3100,0.01,no
2026-09-30T00:51:26.998068Z,0.3000,46.40,no
2026-09-30T00:51:29.110232Z,0.3300,0.01,yes
2026-09-30T00:51:29.110232Z,0.3300,0.01,yes
2026-09-30T00:51:29.110232Z,0.3300,0.29,yes
2026-09-30T00:51:29.844649Z,0.3300,4.00,yes
2026-09-30T00:51:29.844649Z,0.3300,1.00,yes
2026-09-30T00:51:29.844649Z,0.3300,3.76,yes
2026-09-30T00:51:29.844649Z,0.3300,3.71,yes
2026-09-30T00:51:29.844649Z,0.3300,2.00,yes
2026-09-30T00:51:30.028782Z,0.2800,0.01,no
2026-09-30T00:51:30.028782Z,0.2200,11.57,no
2026-09-30T00:51:30.028782Z,0.2500,173.00,no
2026-09-30T00:51:30.028782Z,0.2700,40.00,no
2026-09-30T00:51:30.028782Z,0.3000,95.00,no
2026-09-30T00:51:30.028782Z,0.2800,29.00,no
2026-09-30T00:51:30.028782Z,0.3000,100.00,no
2026-09-30T00:51:30.028782Z,0.2400,0.01,no
2026-09-30T00:51:30.028782Z,0.2600,0.01,no
2026-09-30T00:51:30.028782Z,0.2200,0.01,no
2026-09-30T00:51:30.028782Z,0.2500,0.01,no
2026-09-30T00:51:30.028782Z,0.2300,0.01,no
2026-09-30T00:51:30.028782Z,0.2600,1.00,no
2026-09-30T00:51:30.028782Z,0.2700,0.01,no
2026-09-30T00:51:30.028782Z,0.2900,0.01,no
2026-09-30T00:51:30.028782Z,0.3000,0.01,no
2026-09-30T00:51:30.028782Z,0.2900,50.00,no
2026-09-30T00:51:30.028782Z,0.2600,38.00,no
2026-09-30T00:51:30.316633Z,0.3300,1.00,yes
2026-09-30T00:51:30.316633Z,0.3300,1.00,yes
2026-09-30T00:51:30.316633Z,0.3400,10.00,yes
2026-09-30T00:51:30.316633Z,0.3300,1.00,yes
2026-09-30T00:51:30.316633Z,0.3300,25.00,yes
2026-09-30T00:51:30.316633Z,0.3400,6.00,yes
2026-09-30T00:51:30.316633Z,0.3300,1.00,yes
2026-09-30T00:51:30.316633Z,0.3300,1.00,yes
2026-09-30T00:51:30.316633Z,0.3500,8.95,yes
2026-09-30T00:51:30.316633Z,0.3300,1.00,yes
2026-09-30T00:51:30.316633Z,0.3300,5.00,yes
2026-09-30T00:51:30.316633Z,0.3300,1.00,yes
2026-09-30T00:51:30.316633Z,0.3300,2.00,yes
2026-09-30T00:51:30.316633Z,0.3500,1.00,yes
2026-09-30T00:51:30.316633Z,0.3500,1.00,yes
2026-09-30T00:51:30.316633Z,0.3500,0.01,yes
2026-09-30T00:51:30.316633Z,0.3500,5.00,yes
2026-09-30T00:51:30.316633Z,0.3400,8.00,yes
2026-09-30T00:51:30.316633Z,0.3400,0.01,yes
2026-09-30T00:51:30.316633Z,0.3500,2.00,yes
2026-09-30T00:51:30.316633Z,0.3400,2.00,yes
2026-09-30T00:51:30.316633Z,0.3500,1.00,yes
2026-09-30T00:51:30.316633Z,0.3500,1.00,yes
2026-09-30T00:51:32.694755Z,0.3300,6.00,yes
2026-09-30T00:51:32.694755Z,0.3300,0.51,yes
2026-09-30T00:51:32.694755Z,0.3300,72.00,yes
2026-09-30T00:51:32.694755Z,0.3300,4.00,yes
2026-09-30T00:51:32.694755Z,0.3300,4.00,yes
2026-09-30T00:51:34.399867Z,0.3200,82.42,yes
2026-09-30T00:51:34.610302Z,0.3000,0.01,no
2026-09-30T00:51:34.610302Z,0.2900,0.01,no
2026-09-30T00:51:34.610302Z,0.2900,10.37,no
2026-09-30T00:51:35.351187Z,0.3200,1.00,yes
2026-09-30T00:51:35.351187Z,0.3200,5.00,yes
2026-09-30T00:51:35.351187Z,0.3200,2.00,yes
2026-09-30T00:51:35.351187Z,0.3200,1.00,yes
2026-09-30T00:51:35.351187Z,0.3200,1.00,yes
2026-09-30T00:51:35.351187Z,0.3200,1.00,yes
2026-09-30T00:51:35.351187Z,0.3200,2.00,yes
2026-09-30T00:51:35.351187Z,0.3300,9.05,yes
2026-09-30T00:51:35.351187Z,0.3200,1.00,yes
2026-09-30T00:51:35.351187Z,0.3200,1.00,yes
2026-09-30T00:51:35.351187Z,0.3200,74.00,yes
2026-09-30T00:51:35.351187Z,0.3200,1.00,yes
2026-09-30T00:51:35.351187Z,0.3300,0.01,yes
2026-09-30T00:51:35.351187Z,0.3300,0.01,yes
2026-09-30T00:51:35.351187Z,0.3200,5.00,yes
2026-09-30T00:51:36.179027Z,0.3200,7.00,yes
2026-09-30T00:51:36.179027Z,0.3200,4.00,yes
2026-09-30T00:51:36.179027Z,0.3200,7.00,yes
2026-09-30T00:51:36.179027Z,0.3200,74.00,yes
2026-09-30T00:51:36.179027Z,0.3200,1.00,yes
2026-09-30T00:51:36.179027Z,0.3300,54.35,yes
2026-09-30T00:51:37.554965Z,0.2800,0.01,no
2026-09-30T00:51:37.554965Z,0.2800,2.68,no
2026-09-30T00:51:37.554965Z,0.2900,0.01,no
2026-09-30T00:51:38.731288Z,0.2100,0.01,no
2026-09-30T00:51:38.731288Z,0.2700,0.01,no
2026-09-30T00:51:38.731288Z,0.2200,55.00,no
2026-09-30T00:51:38.731288Z,0.2400,0.01,no
2026-09-30T00:51:38.731288Z,0.2400,40.00,no
2026-09-30T00:51:38.731288Z,0.2500,0.01,no
2026-09-30T00:51:38.731288Z,0.2200,0.01,no
2026-09-30T00:51:38.731288Z,0.2300,0.01,no
2026-09-30T00:51:38.731288Z,0.2600,0.01,no
2026-09-30T00:51:38.731288Z,0.2100,1.99,no
2026-09-30T00:51:38.731288Z,0.2200,100.00,no
2026-09-30T00:51:38.731288Z,0.2300,145.00,no
2026-09-30T00:51:38.731288Z,0.2600,18.00,no
2026-09-30T00:51:38.731288Z,0.2400,100.00,no
2026-09-30T00:51:38.731288Z,0.2800,0.01,no
2026-09-30T00:51:38.731288Z,0.2500,38.00,no
2026-09-30T00:51:38.825186Z,0.3200,37.00,yes
2026-09-30T00:51:39.291105Z,0.2500,1.17,no
2026-09-30T00:51:39.291105Z,0.2500,93.00,no
2026-09-30T00:51:39.291105Z,0.2600,0.01,no
2026-09-30T00:51:39.291105Z,0.2500,0.01,no
2026-09-30T00:51:40.57003Z,0.2500,38.83,no
2026-09-30T00:51:40.57003Z,0.2400,0.01,no
2026-09-30T00:51:40.57003Z,0.2300,0.01,no
2026-09-30T00:51:40.57003Z,0.2300,3.18,no
2026-09-30T00:51:40.57003Z,0.2500,100.00,no
2026-09-30T00:51:40.57003Z,0.2500,0.01,no
2026-09-30T00:51:40.621409Z,0.3200,10.32,yes
2026-09-30T00:51:40.621409Z,0.3200,2.00,yes
2026-09-30T00:51:40.621409Z,0.3200,7.00,yes
2026-09-30T00:51:40.621409Z,0.3200,100.00,yes
2026-09-30T00:51:40.684135Z,0.2400,50.21,no
2026-09-30T00:51:40.684135Z,0.2400,21.00,no
2026-09-30T00:51:41.893Z,0.2600,38.00,no
2026-09-30T00:51:41.893Z,0.2600,0.01,no
2026-09-30T00:51:41.893Z,0.2600,24.91,no
2026-09-30T00:51:42.547123Z,0.2500,0.01,no
2026-09-30T00:51:42.547123Z,0.2600,0.01,no
2026-09-30T00:51:42.547123Z,0.2700,0.01,no
2026-09-30T00:51:42.547123Z,0.2400,8.51,no
2026-09-30T00:51:42.547123Z,0.2600,94.00,no
2026-09-30T00:51:42.547123Z,0.2500,38.00,no
2026-09-30T00:51:42.547123Z,0.2400,0.01,no
2026-09-30T00:51:43.280604Z,0.2400,0.01,no
2026-09-30T00:51:43.280604Z,0.2300,18.31,no
2026-09-30T00:51:43.280604Z,0.2300,0.01,no
2026-09-30T00:51:43.30633Z,0.2300,45.12,no
2026-09-30T00:51:44.052176Z,0.3000,43.46,yes
2026-09-30T00:51:44.052176Z,0.3000,25.00,yes
2026-09-30T00:51:44.052176Z,0.2900,10.00,yes
2026-09-30T00:51:44.052176Z,0.2900,1.00,yes
2026-09-30T00:51:44.052176Z,0.2900,20.00,yes
2026-09-30T00:51:44.216979Z,0.3000,15.88,yes
2026-09-30T00:51:44.704594Z,0.2900,20.00,yes
2026-09-30T00:51:46.512863Z,0.2900,2.19,yes
2026-09-30T00:51:46.512863Z,0.2900,0.01,yes
2026-09-30T00:51:46.512863Z,0.2900,1.00,yes
2026-09-30T00:51:46.821518Z,0.2600,9.82,no
2026-09-30T00:51:46.821518Z,0.2600,0.01,no
2026-09-30T00:51:47.092928Z,0.2100,0.01,no
2026-09-30T00:51:47.092928Z,0.2200,55.00,no
2026-09-30T00:51:47.092928Z,0.2200,0.01,no
2026-09-30T00:51:47.092928Z,0.2000,0.01,no
2026-09-30T00:51:47.092928Z,0.2300,17.00,no
2026-09-30T00:51:47.092928Z,0.2400,100.00,no
2026-09-30T00:51:47.092928Z,0.2300,3.00,no
2026-09-30T00:51:47.092928Z,0.2300,29.00,no
2026-09-30T00:51:47.092928Z,0.2300,40.00,no
2026-09-30T00:51:47.092928Z,0.2000,188.00,no
2026-09-30T00:51:47.092928Z,0.2200,100.00,no
2026-09-30T00:51:47.092928Z,0.2500,0.01,no
2026-09-30T00:51:47.092928Z,0.2100,36.00,no
2026-09-30T00:51:47.092928Z,0.2400,0.01,no
2026-09-30T00:51:47.092928Z,0.2300,0.01,no
2026-09-30T00:51:47.092928Z,0.1900,354.21,no
2026-09-30T00:51:47.708711Z,0.2000,77.65,no
2026-09-30T00:51:48.179423Z,0.3300,25.00,yes
2026-09-30T00:51:48.179423Z,0.3100,0.01,yes
2026-09-30T00:51:48.179423Z,0.3300,3.00,yes
2026-09-30T00:51:48.179423Z,0.3000,55.00,yes
2026-09-30T00:51:48.179423Z,0.3000,171.83,yes
2026-09-30T00:51:48.179423Z,0.3200,0.01,yes
2026-09-30T00:51:48.179423Z,0.3200,1.00,yes
2026-09-30T00:51:48.179423Z,0.3300,0.01,yes
2026-09-30T00:51:48.179423Z,0.2900,1.00,yes
2026-09-30T00:51:48.179423Z,0.2900,0.01,yes
2026-09-30T00:51:48.179423Z,0.2900,4.81,yes
2026-09-30T00:51:48.179423Z,0.3100,5.00,yes
2026-09-30T00:51:48.179423Z,0.2900,10.00,yes
2026-09-30T00:51:48.179423Z,0.3100,10.00,yes
2026-09-30T00:51:48.179423Z,0.2800,25.00,yes
2026-09-30T00:51:48.179423Z,0.3100,24.00,yes
2026-09-30T00:51:48.179423Z,0.3000,0.01,yes
2026-09-30T00:51:48.179423Z,0.3200,47.00,yes
2026-09-30T00:51:48.179423Z,0.3000,0.01,yes
2026-09-30T00:51:48.179423Z,0.3300,250.00,yes
2026-09-30T00:51:48.179423Z,0.3000,78.00,yes
2026-09-30T00:51:48.183831Z,0.3600,96.14,yes
2026-09-30T00:51:48.183831Z,0.3400,0.01,yes
2026-09-30T00:51:48.183831Z,0.3400,0.01,yes
2026-09-30T00:51:48.183831Z,0.3500,0.01,yes
2026-09-30T00:51:48.183831Z,0.3500,0.01,yes
2026-09-30T00:51:48.183831Z,0.3500,20.00,yes
2026-09-30T00:51:48.183831Z,0.3400,10.00,yes
2026-09-30T00:51:48.183831Z,0.3400,138.00,yes
2026-09-30T00:51:48.183831Z,0.3400,175.00,yes
2026-09-30T00:51:48.183831Z,0.3600,0.01,yes
2026-09-30T00:51:48.183831Z,0.3600,0.01,yes
2026-09-30T00:51:48.2105Z,0.3700,0.01,yes
2026-09-30T00:51:48.2105Z,0.3700,0.01,yes
2026-09-30T00:51:48.306401Z,0.3800,10.00,yes
2026-09-30T00:51:48.306401Z,0.3800,50.00,yes
2026-09-30T00:51:48.306401Z,0.3800,0.01,yes
2026-09-30T00:51:48.306401Z,0.3800,0.01,yes
2026-09-30T00:51:48.452671Z,0.3800,19.78,no
2026-09-30T00:51:48.709586Z,0.3800,13.41,no
2026-09-30T00:51:49.810452Z,0.3800,235.18,no
2026-09-30T00:51:50.052742Z,0.4000,5.00,yes
2026-09-30T00:51:50.052742Z,0.4000,10.00,yes
2026-09-30T00:51:50.052742Z,0.3900,10.00,yes
2026-09-30T00:51:50.052742Z,0.3900,10.00,yes
2026-09-30T00:51:50.052742Z,0.4000,55.00,yes
2026-09-30T00:51:50.052742Z,0.3900,20.00,yes
2026-09-30T00:51:50.052742Z,0.3900,0.01,yes
2026-09-30T00:51:50.052742Z,0.4000,0.01,yes
2026-09-30T00:51:50.052742Z,0.3900,0.01,yes
2026-09-30T00:51:50.052742Z,0.4000,0.01,yes
2026-09-30T00:51:50.166397Z,0.4000,971.00,no
2026-09-30T00:51:50.166397Z,0.4000,860.96,no
2026-09-30T00:51:50.166397Z,0.4000,867.87,no
2026-09-30T00:51:50.504104Z,0.4000,103.13,no
2026-09-30T00:51:50.504104Z,0.4000,42.22,no
2026-09-30T00:51:50.574787Z,0.4000,100.67,no
2026-09-30T00:51:50.766422Z,0.4000,180.04,no
2026-09-30T00:51:52.101738Z,0.4000,113.31,no
2026-09-30T00:51:52.315694Z,0.4000,186.89,no
2026-09-30T00:51:52.769592Z,0.4100,58.55,yes
2026-09-30T00:51:52.866678Z,0.4000,3.44,no
2026-09-30T00:51:53.323834Z,0.4000,56.60,no
2026-09-30T00:51:53.331147Z,0.4000,99.12,no
2026-09-30T00:51:53.331147Z,0.4000,971.00,no
2026-09-30T00:51:53.331147Z,0.4000,287.83,no
2026-09-30T00:51:53.331147Z,0.4000,971.00,no
2026-09-30T00:51:53.331147Z,0.4000,971.00,no
2026-09-30T00:51:53.472109Z,0.4000,139.91,no
2026-09-30T00:51:53.891622Z,0.4000,28.11,no
2026-09-30T00:51:53.943242Z,0.4000,95.17,no
2026-09-30T00:51:54.222143Z,0.4000,54.68,no
2026-09-30T00:51:54.562821Z,0.4000,189.26,no
2026-09-30T00:51:54.581377Z,0.4000,104.45,no
2026-09-30T00:51:54.907195Z,0.4000,16.80,no
2026-09-30T00:51:55.006158Z,0.4000,11.95,no
2026-09-30T00:51:55.514178Z,0.4000,31.46,no
2026-09-30T00:51:55.715865Z,0.4100,70.26,yes
2026-09-30T00:51:55.833559Z,0.4100,55.04,yes
2026-09-30T00:51:55.861664Z,0.4000,32.78,no
2026-09-30T00:51:55.948669Z,0.4000,3.20,no
2026-09-30T00:51:55.979Z,0.4100,84.32,yes
2026-09-30T00:51:56.32031Z,0.4000,500.20,no
2026-09-30T00:51:56.525152Z,0.4100,11.71,yes
2026-09-30T00:51:56.635218Z,0.4000,725.07,no
2026-09-30T00:51:56.745646Z,0.4000,19.78,no
2026-09-30T00:51:56.766364Z,0.4100,44.50,yes
2026-09-30T00:51:57.0611Z,0.4000,0.06,no
2026-09-30T00:51:57.243912Z,0.4100,16.84,yes
2026-09-30T00:51:57.805511Z,0.4100,13.02,yes
2026-09-30T00:51:57.843203Z,0.4000,156.06,no
2026-09-30T00:51:58.119882Z,0.4000,75.01,no
2026-09-30T00:51:58.52342Z,0.4100,234.22,yes
2026-09-30T00:51:58.681509Z,0.4000,0.28,no
2026-09-30T00:51:58.745817Z,0.4000,8.10,no
2026-09-30T00:51:58.844837Z,0.4000,24.33,no
2026-09-30T00:51:58.883591Z,0.4000,42.16,no
2026-09-30T00:51:59.147123Z,0.4100,46.84,yes
2026-09-30T00:51:59.23574Z,0.4100,2.34,yes
2026-09-30T00:51:59.554261Z,0.4000,224.90,no
2026-09-30T00:51:59.97012Z,0.4000,49.80,no
2026-09-30T00:52:01.182815Z,0.4100,23.42,yes
2026-09-30T00:52:01.538416Z,0.4000,13.80,no
2026-09-30T00:52:05.383834Z,0.4100,23.42,yes
2026-09-30T00:52:05.734248Z,0.4100,4.68,yes
2026-09-30T00:52:05.74099Z,0.4100,674.57,yes
2026-09-30T00:52:05.770677Z,0.4000,1000.00,no
2026-09-30T00:52:06.169553Z,0.4100,90.81,yes
2026-09-30T00:52:06.258356Z,0.4100,966.35,yes
2026-09-30T00:52:06.48349Z,0.4000,89.00,no
2026-09-30T00:52:06.48349Z,0.4000,2341.68,no
2026-09-30T00:52:06.48349Z,0.4000,1000.00,no
2026-09-30T00:52:06.48349Z,0.4000,1000.00,no
2026-09-30T00:52:06.48349Z,0.4000,1441.17,no
2026-09-30T00:52:06.794545Z,0.4000,5.36,no
2026-09-30T00:52:07.153839Z,0.4100,11.71,yes
2026-09-30T00:52:07.619893Z,0.4000,84.67,no
2026-09-30T00:52:07.85185Z,0.4000,58.27,no
2026-09-30T00:52:08.298599Z,0.4100,25.60,yes
2026-09-30T00:52:08.431953Z,0.4100,351.34,yes
2026-09-30T00:52:09.219234Z,0.4000,164.18,no
2026-09-30T00:52:09.299948Z,0.4100,58.55,yes
2026-09-30T00:52:09.386592Z,0.4000,14.47,no
2026-09-30T00:52:09.898659Z,0.4100,37.66,yes
2026-09-30T00:52:10.137858Z,0.4000,88.09,no
2026-09-30T00:52:10.652865Z,0.4100,7.02,yes
2026-09-30T00:52:11.161917Z,0.4100,46.84,yes
2026-09-30T00:52:11.548479Z,0.4100,11.71,yes
2026-09-30T00:52:12.141628Z,0.4000,6.76,no
2026-09-30T00:52:12.939829Z,0.4100,11.71,yes
2026-09-30T00:52:13.480805Z,0.4100,11.71,yes
2026-09-30T00:52:13.801316Z,0.4000,1.36,no
2026-09-30T00:52:13.860699Z,0.4100,6.45,yes
2026-09-30T00:52:13.860699Z,0.4100,5.26,yes
2026-09-30T00:52:13.875062Z,0.4100,117.11,yes
2026-09-30T00:52:16.710944Z,0.4100,3.00,yes
2026-09-30T00:52:16.710944Z,0.4100,4.00,yes
2026-09-30T00:52:16.710944Z,0.4200,5.00,yes
2026-09-30T00:52:16.710944Z,0.4200,2.00,yes
2026-09-30T00:52:16.710944Z,0.4100,11.00,yes
2026-09-30T00:52:16.710944Z,0.4200,10.00,yes
2026-09-30T00:52:16.710944Z,0.4300,6.00,yes
2026-09-30T00:52:16.710944Z,0.4300,2.00,yes
2026-09-30T00:52:16.710944Z,0.4200,41.00,yes
2026-09-30T00:52:16.710944Z,0.4300,0.81,yes
2026-09-30T00:52:16.710944Z,0.4100,0.01,yes
2026-09-30T00:52:16.710944Z,0.4100,0.01,yes
2026-09-30T00:52:16.710944Z,0.4200,0.01,yes
2026-09-30T00:52:16.710944Z,0.4200,0.01,yes
2026-09-30T00:52:17.285878Z,0.4300,1.00,yes
2026-09-30T00:52:17.285878Z,0.4200,9.00,yes
2026-09-30T00:52:17.285878Z,0.4300,2.00,yes
2026-09-30T00:52:17.285878Z,0.4300,3.00,yes
2026-09-30T00:52:17.285878Z,0.4400,65.00,yes
2026-09-30T00:52:17.285878Z,0.4500,55.00,yes
2026-09-30T00:52:17.285878Z,0.4400,29.00,yes
2026-09-30T00:52:17.285878Z,0.4300,1.00,yes
2026-09-30T00:52:17.285878Z,0.4500,1.00,yes
2026-09-30T00:52:17.285878Z,0.4400,40.00,yes
2026-09-30T00:52:17.285878Z,0.4300,1.00,yes
2026-09-30T00:52:17.285878Z,0.4500,10.00,yes
2026-09-30T00:52:17.285878Z,0.4300,41.00,yes
2026-09-30T00:52:17.285878Z,0.4600,1.00,yes
2026-09-30T00:52:17.285878Z,0.4400,8.00,yes
2026-09-30T00:52:17.285878Z,0.4300,7.00,yes
2026-09-30T00:52:17.285878Z,0.4600,1.00,yes
2026-09-30T00:52:17.285878Z,0.4600,61.26,yes
2026-09-30T00:52:17.285878Z,0.4500,9.00,yes
2026-09-30T00:52:17.285878Z,0.4400,10.00,yes
2026-09-30T00:52:17.285878Z,0.4600,10.00,yes
2026-09-30T00:52:17.285878Z,0.4600,6.00,yes
2026-09-30T00:52:17.285878Z,0.4300,0.19,yes
2026-09-30T00:52:17.285878Z,0.4600,1.00,yes
2026-09-30T00:52:17.285878Z,0.4300,10.00,yes
2026-09-30T00:52:17.285878Z,0.4500,10.00,yes
2026-09-30T00:52:17.285878Z,0.4300,10.00,yes
2026-09-30T00:52:17.285878Z,0.4400,0.01,yes
2026-09-30T00:52:17.285878Z,0.4500,30.00,yes
2026-09-30T00:52:17.285878Z,0.4500,0.01,yes
2026-09-30T00:52:17.777762Z,0.4000,0.01,no
2026-09-30T00:52:17.777762Z,0.3900,7.80,no
2026-09-30T00:52:19.442899Z,0.3900,0.02,no
2026-09-30T00:52:19.650675Z,0.3900,47.26,yes
2026-09-30T00:52:20.469311Z,0.3900,113.11,yes
2026-09-30T00:52:20.505068Z,0.3900,95.90,yes
2026-09-30T00:52:21.402257Z,0.3900,19.67,yes
2026-09-30T00:52:22.281738Z,0.3900,3.95,yes
2026-09-30T00:52:24.447083Z,0.3900,12.29,yes
2026-09-30T00:52:24.73847Z,0.3900,0.01,yes
2026-09-30T00:52:24.73847Z,0.3900,2.44,yes
2026-09-30T00:52:25.793661Z,0.3600,6.63,no
2026-09-30T00:52:25.793661Z,0.3800,43.00,no
2026-09-30T00:52:25.793661Z,0.3800,0.01,no
2026-09-30T00:52:25.793661Z,0.3600,0.01,no
2026-09-30T00:52:25.793661Z,0.3700,0.01,no
2026-09-30T00:52:25.793661Z,0.3600,0.10,no
2026-09-30T00:52:25.793661Z,0.3600,44.00,no
2026-09-30T00:52:26.774424Z,0.4000,38.00,yes
2026-09-30T00:52:26.774424Z,0.4000,5.00,yes
2026-09-30T00:52:26.774424Z,0.3900,8.00,yes
2026-09-30T00:52:26.774424Z,0.3900,1.00,yes
2026-09-30T00:52:26.774424Z,0.4000,1.00,yes
2026-09-30T00:52:26.774424Z,0.4000,4.03,yes
2026-09-30T00:52:26.774424Z,0.3900,0.01,yes
2026-09-30T00:52:26.774424Z,0.3900,2.00,yes
2026-09-30T00:52:27.022235Z,0.4100,5.08,yes
2026-09-30T00:52:27.022235Z,0.4000,7.56,yes
2026-09-30T00:52:27.022235Z,0.4000,0.97,yes
2026-09-30T00:52:27.022235Z,0.4100,2.00,yes
2026-09-30T00:52:27.022235Z,0.4000,1.00,yes
2026-09-30T00:52:27.022235Z,0.4000,1.00,yes
2026-09-30T00:52:27.022235Z,0.4000,2.00,yes
2026-09-30T00:52:27.022235Z,0.4000,1.00,yes
2026-09-30T00:52:27.022235Z,0.4000,3.00,yes
2026-09-30T00:52:28.043344Z,0.4100,0.02,yes
2026-09-30T00:52:29.441337Z,0.4000,1.99,yes
2026-09-30T00:52:29.441337Z,0.4000,10.00,yes
2026-09-30T00:52:33.739623Z,0.3900,4.28,yes
2026-09-30T00:52:33.739623Z,0.3900,1.00,yes
2026-09-30T00:52:33.739623Z,0.3900,0.01,yes
2026-09-30T00:52:33.739623Z,0.3900,7.00,yes
2026-09-30T00:52:34.256795Z,0.3900,48.14,yes
2026-09-30T00:52:34.782946Z,0.3900,1.00,yes
2026-09-30T00:52:34.782946Z,0.3900,48.14,yes
2026-09-30T00:52:34.782946Z,0.3900,1.00,yes
2026-09-30T00:52:34.782946Z,0.3900,1.00,yes
2026-09-30T00:52:34.782946Z,0.3900,4.28,yes
2026-09-30T00:52:34.782946Z,0.3900,8.58,yes
2026-09-30T00:52:34.782946Z,0.4000,17.00,yes
2026-09-30T00:52:34.782946Z,0.3900,55.00,yes
2026-09-30T00:52:34.782946Z,0.4000,2.00,yes
2026-09-30T00:52:34.782946Z,0.4000,3.17,yes
2026-09-30T00:52:34.782946Z,0.4000,1.00,yes
2026-09-30T00:52:34.782946Z,0.4000,1.00,yes
2026-09-30T00:52:34.782946Z,0.4000,1.00,yes
2026-09-30T00:52:34.782946Z,0.4000,0.01,yes
2026-09-30T00:52:34.782946Z,0.4000,0.01,yes
2026-09-30T00:52:34.782946Z,0.3900,10.00,yes
2026-09-30T00:52:34.782946Z,0.3900,5.00,yes
2026-09-30T00:52:35.270983Z,0.3900,22.42,yes
2026-09-30T00:52:35.270983Z,0.3900,1.00,yes
2026-09-30T00:52:36.590363Z,0.3900,12.29,yes
2026-09-30T00:52:37.554764Z,0.3800,0.02,no
2026-09-30T00:52:38.143475Z,0.3600,7.48,no
2026-09-30T00:52:38.143475Z,0.3600,0.01,no
2026-09-30T00:52:38.143475Z,0.3700,0.01,no
2026-09-30T00:52:38.387185Z,0.4000,41.00,yes
2026-09-30T00:52:38.387185Z,0.4000,14.00,yes
2026-09-30T00:52:38.387185Z,0.3900,3.00,yes
2026-09-30T00:52:38.387185Z,0.4000,10.00,yes
2026-09-30T00:52:38.387185Z,0.4000,4.00,yes
2026-09-30T00:52:38.387185Z,0.3900,3.00,yes
2026-09-30T00:52:38.387185Z,0.4000,6.00,yes
2026-09-30T00:52:38.387185Z,0.3900,55.00,yes
2026-09-30T00:52:38.387185Z,0.4000,26.00,yes
2026-09-30T00:52:38.387185Z,0.3900,2.00,yes
2026-09-30T00:52:38.387185Z,0.3900,20.00,yes
2026-09-30T00:52:38.387185Z,0.4000,13.37,yes
2026-09-30T00:52:38.387185Z,0.3800,0.01,yes
2026-09-30T00:52:38.387185Z,0.3800,0.01,yes
2026-09-30T00:52:38.387185Z,0.3800,44.02,yes
2026-09-30T00:52:38.387185Z,0.3800,5.00,yes
2026-09-30T00:52:38.387185Z,0.3800,1.00,yes
2026-09-30T00:52:38.387185Z,0.3800,2.00,yes
2026-09-30T00:52:38.387185Z,0.4000,64.00,yes
2026-09-30T00:52:38.387185Z,0.4000,0.83,yes
2026-09-30T00:52:38.403326Z,0.4000,26.00,yes
2026-09-30T00:52:38.573419Z,0.4000,1.00,no
2026-09-30T00:52:39.281881Z,0.4100,20.00,yes
2026-09-30T00:52:39.281881Z,0.4200,113.60,yes
2026-09-30T00:52:39.281881Z,0.4100,100.00,yes
2026-09-30T00:52:39.281881Z,0.4100,1.00,yes
2026-09-30T00:52:39.281881Z,0.4200,4.00,yes
2026-09-30T00:52:39.281881Z,0.4200,1.00,yes
2026-09-30T00:52:39.281881Z,0.4200,10.00,yes
2026-09-30T00:52:39.281881Z,0.4100,0.01,yes
2026-09-30T00:52:39.281881Z,0.4200,26.00,yes
2026-09-30T00:52:39.281881Z,0.4200,10.00,yes
2026-09-30T00:52:39.281881Z,0.4200,1.00,yes
2026-09-30T00:52:39.281881Z,0.4100,0.01,yes
2026-09-30T00:52:39.475156Z,0.4300,40.00,yes
2026-09-30T00:52:39.475156Z,0.4200,1.00,yes
2026-09-30T00:52:39.475156Z,0.4100,1.00,yes
2026-09-30T00:52:39.475156Z,0.4100,5.00,yes
2026-09-30T00:52:39.475156Z,0.4200,2.00,yes
2026-09-30T00:52:39.475156Z,0.4200,4.00,yes
2026-09-30T00:52:39.475156Z,0.4100,1.00,yes
2026-09-30T00:52:39.475156Z,0.4100,100.00,yes
2026-09-30T00:52:39.475156Z,0.4300,6.00,yes
2026-09-30T00:52:39.475156Z,0.4300,7.00,yes
2026-09-30T00:52:39.490877Z,0.4300,100.00,no
2026-09-30T00:52:39.500381Z,0.4400,250.40,yes
2026-09-30T00:52:39.500381Z,0.4400,1.00,yes
2026-09-30T00:52:39.500381Z,0.4400,1.00,yes
2026-09-30T00:52:39.500381Z,0.4400,10.00,yes
2026-09-30T00:52:39.500381Z,0.4400,5.00,yes
2026-09-30T00:52:39.500381Z,0.4400,0.10,yes
2026-09-30T00:52:39.654246Z,0.4500,100.00,yes
2026-09-30T00:52:39.654246Z,0.4500,8.00,yes
2026-09-30T00:52:39.654246Z,0.4500,8.00,yes
2026-09-30T00:52:39.654513Z,0.4600,55.00,yes
2026-09-30T00:52:39.654513Z,0.4600,83.28,yes
2026-09-30T00:52:39.654513Z,0.4600,50.35,yes
2026-09-30T00:52:39.654513Z,0.4600,10.00,yes
2026-09-30T00:52:39.654513Z,0.4600,5.00,yes
2026-09-30T00:52:39.816095Z,0.4600,1.00,no
2026-09-30T00:52:40.444485Z,0.4700,167.26,yes
2026-09-30T00:52:40.444485Z,0.4700,7.00,yes
2026-09-30T00:52:40.444485Z,0.4700,6.00,yes
2026-09-30T00:52:40.444485Z,0.4700,1.00,yes
2026-09-30T00:52:40.444485Z,0.4700,1.00,yes
2026-09-30T00:52:40.444485Z,0.4700,1.00,yes
2026-09-30T00:52:40.444485Z,0.4700,1.00,yes
2026-09-30T00:52:41.880544Z,0.4600,15.88,no
2026-09-30T00:52:42.503639Z,0.4600,2.63,no
2026-09-30T00:52:42.884117Z,0.4700,8.20,yes
2026-09-30T00:52:43.65105Z,0.4700,34.87,yes
2026-09-30T00:52:43.657861Z,0.4700,1.86,yes
2026-09-30T00:52:44.145168Z,0.4700,102.57,yes
2026-09-30T00:52:44.295168Z,0.4600,52.22,no
2026-09-30T00:52:44.668815Z,0.4600,25.22,no
2026-09-30T00:52:45.729836Z,0.4700,0.02,yes
2026-09-30T00:52:46.036593Z,0.4700,20.51,yes
2026-09-30T00:52:46.105478Z,0.4700,2.05,yes
2026-09-30T00:52:47.205896Z,0.4700,43.08,yes
2026-09-30T00:52:47.547447Z,0.4700,10.25,yes
2026-09-30T00:52:47.798354Z,0.4700,51.28,yes
2026-09-30T00:52:47.912419Z,0.4700,12.74,yes
2026-09-30T00:52:47.92549Z,0.4600,81.98,no
2026-09-30T00:52:48.746284Z,0.4600,4.98,no
2026-09-30T00:52:48.893491Z,0.4600,188.76,no
2026-09-30T00:52:48.945185Z,0.4700,205.15,yes
2026-09-30T00:52:49.451082Z,0.4600,14.05,no
2026-09-30T00:52:50.123772Z,0.4600,66.02,no
2026-09-30T00:52:50.15485Z,0.4700,10.25,yes
2026-09-30T00:52:50.303709Z,0.4600,435.04,no
2026-09-30T00:52:50.929303Z,0.4700,51.28,yes
2026-09-30T00:52:52.361185Z,0.4700,4.00,yes
2026-09-30T00:52:52.361185Z,0.4700,1.00,yes
2026-09-30T00:52:52.361185Z,0.4700,1.00,yes
2026-09-30T00:52:52.361185Z,0.4700,4.00,yes
2026-09-30T00:52:52.389396Z,0.4800,4.01,yes
2026-09-30T00:52:52.984507Z,0.4800,10.15,yes
2026-09-30T00:52:53.018762Z,0.4800,1.00,yes
2026-09-30T00:52:54.993206Z,0.4700,13.41,no
2026-09-30T00:52:56.021143Z,0.4700,77.67,no
2026-09-30T00:52:56.837518Z,0.4800,2.00,yes
2026-09-30T00:52:57.624329Z,0.4800,12.05,yes
2026-09-30T00:52:58.895264Z,0.4800,201.01,yes
2026-09-30T00:52:59.592641Z,0.4800,100.00,yes
2026-09-30T00:53:00.913753Z,0.4700,181.26,no
2026-09-30T00:53:00.952842Z,0.4700,27.00,no
2026-09-30T00:53:01.363209Z,0.4800,84.42,yes
2026-09-30T00:53:04.009819Z,0.4800,20.00,yes
2026-09-30T00:53:04.104608Z,0.4700,95.58,no
2026-09-30T00:53:04.682731Z,0.4700,644.64,no
2026-09-30T00:53:04.994184Z,0.4700,717.15,no
2026-09-30T00:53:05.477576Z,0.4800,1005.08,yes
2026-09-30T00:53:05.713311Z,0.4700,96.00,no
2026-09-30T00:53:05.713311Z,0.4700,45.78,no
2026-09-30T00:53:05.713311Z,0.4700,282.85,no
2026-09-30T00:53:05.713311Z,0.4700,80.00,no
2026-09-30T00:53:05.713311Z,0.4700,52.00,no
2026-09-30T00:53:06.529229Z,0.4800,10.05,yes
2026-09-30T00:53:07.504963Z,0.4700,127.01,no
2026-09-30T00:53:07.517341Z,0.4700,11.71,no
2026-09-30T00:53:07.830018Z,0.4800,100.50,yes
2026-09-30T00:53:07.856695Z,0.4700,12.25,no
2026-09-30T00:53:08.228826Z,0.4700,119.53,no
2026-09-30T00:53:08.35328Z,0.4800,0.40,yes
2026-09-30T00:53:08.639854Z,0.4700,314.61,no
2026-09-30T00:53:09.569329Z,0.4700,31.96,no
2026-09-30T00:53:10.047132Z,0.4800,29.00,yes
2026-09-30T00:53:10.20655Z,0.4800,50.25,yes
2026-09-30T00:53:10.376495Z,0.4700,79.12,no
2026-09-30T00:53:10.390928Z,0.4800,56.28,yes
2026-09-30T00:53:11.050046Z,0.4800,12.06,yes
2026-09-30T00:53:11.226029Z,0.4800,208.33,yes
2026-09-30T00:53:11.252561Z,0.4800,4.02,yes
2026-09-30T00:53:11.536885Z,0.4700,8.94,no
2026-09-30T00:53:11.611015Z,0.4800,6.03,yes
2026-09-30T00:53:11.628656Z,0.4800,201.00,yes
2026-09-30T00:53:12.467624Z,0.4800,2.01,yes
2026-09-30T00:53:13.890123Z,0.4800,30.15,yes
2026-09-30T00:53:14.026394Z,0.4800,74.37,yes
2026-09-30T00:53:14.862288Z,0.4800,80.40,yes
2026-09-30T00:53:15.136976Z,0.4800,30.15,yes
2026-09-30T00:53:16.086668Z,0.4700,200.00,no
2026-09-30T00:53:16.086668Z,0.4500,402.74,no
2026-09-30T00:53:16.086668Z,0.4600,88.00,no
2026-09-30T00:53:16.086668Z,0.4700,0.01,no
2026-09-30T00:53:16.086668Z,0.4500,10.00,no
2026-09-30T00:53:16.086668Z,0.4500,0.01,no
2026-09-30T00:53:16.086668Z,0.4600,0.01,no
2026-09-30T00:53:18.415727Z,0.4600,0.02,no
2026-09-30T00:53:18.415727Z,0.4400,119.34,no
2026-09-30T00:53:18.415727Z,0.4500,86.00,no
2026-09-30T00:53:18.415727Z,0.4400,50.00,no
2026-09-30T00:53:18.415727Z,0.4400,0.01,no
2026-09-30T00:53:18.670423Z,0.4800,2.00,yes
2026-09-30T00:53:18.670423Z,0.4800,2.00,yes
2026-09-30T00:53:18.670423Z,0.4800,7.00,yes
2026-09-30T00:53:18.670423Z,0.4800,8.00,yes
2026-09-30T00:53:18.670423Z,0.4800,25.00,yes
2026-09-30T00:53:18.670423Z,0.4900,20.75,yes
2026-09-30T00:53:18.670423Z,0.4900,1.00,yes
2026-09-30T00:53:18.670423Z,0.4900,1.00,yes
2026-09-30T00:53:18.670423Z,0.4900,1.00,yes
2026-09-30T00:53:18.670423Z,0.4900,1.00,yes
2026-09-30T00:53:18.670423Z,0.4800,4.00,yes
2026-09-30T00:53:18.670423Z,0.4800,4.00,yes
2026-09-30T00:53:18.670423Z,0.4900,1.00,yes
2026-09-30T00:53:19.039886Z,0.4800,0.10,yes
2026-09-30T00:53:19.039886Z,0.4800,20.00,yes
2026-09-30T00:53:19.421824Z,0.4900,20.00,yes
2026-09-30T00:53:19.421824Z,0.4800,1.00,yes
2026-09-30T00:53:19.421824Z,0.5000,20.00,yes
2026-09-30T00:53:19.421824Z,0.4800,1.00,yes
2026-09-30T00:53:19.421824Z,0.4800,0.90,yes
2026-09-30T00:53:19.421824Z,0.4800,0.01,yes
2026-09-30T00:53:19.421824Z,0.5200,85.00,yes
2026-09-30T00:53:19.421824Z,0.5000,40.00,yes
2026-09-30T00:53:19.421824Z,0.5200,1.00,yes
2026-09-30T00:53:19.421824Z,0.5100,2.00,yes
2026-09-30T00:53:19.421824Z,0.5000,1.00,yes
2026-09-30T00:53:19.421824Z,0.5100,1.00,yes
2026-09-30T00:53:19.421824Z,0.5000,1.00,yes
2026-09-30T00:53:19.421824Z,0.5100,1.00,yes
2026-09-30T00:53:19.421824Z,0.5000,1.00,yes
2026-09-30T00:53:19.421824Z,0.5100,1.00,yes
2026-09-30T00:53:19.421824Z,0.5200,1.00,yes
2026-09-30T00:53:19.421824Z,0.5100,1.00,yes
2026-09-30T00:53:19.421824Z,0.5100,1.00,yes
2026-09-30T00:53:19.421824Z,0.5200,1.00,yes
2026-09-30T00:53:19.421824Z,0.5000,1.00,yes
2026-09-30T00:53:19.421824Z,0.4900,2.00,yes
2026-09-30T00:53:19.421824Z,0.4900,6.00,yes
2026-09-30T00:53:19.421824Z,0.5300,23.43,yes
2026-09-30T00:53:19.421824Z,0.4900,1.00,yes
2026-09-30T00:53:19.421824Z,0.5300,150.00,yes
2026-09-30T00:53:19.421824Z,0.5100,53.00,yes
2026-09-30T00:53:19.421824Z,0.5000,27.00,yes
2026-09-30T00:53:19.421824Z,0.5000,0.01,yes
2026-09-30T00:53:19.421824Z,0.4900,19.25,yes
2026-09-30T00:53:19.421824Z,0.5300,1.00,yes
2026-09-30T00:53:19.421824Z,0.5000,10.00,yes
2026-09-30T00:53:19.421824Z,0.5300,1.00,yes
2026-09-30T00:53:19.421824Z,0.5300,3.00,yes
2026-09-30T00:53:19.421824Z,0.5000,1.00,yes
2026-09-30T00:53:19.421824Z,0.5100,1.00,yes
2026-09-30T00:53:19.421824Z,0.5200,1.00,yes
2026-09-30T00:53:19.421824Z,0.5100,1.00,yes
2026-09-30T00:53:19.421824Z,0.5200,1.00,yes
2026-09-30T00:53:19.421824Z,0.5100,2.00,yes
2026-09-30T00:53:19.421824Z,0.5200,1.00,yes
2026-09-30T00:53:19.421824Z,0.5100,2.00,yes
2026-09-30T00:53:19.421824Z,0.5000,1.00,yes
2026-09-30T00:53:19.421824Z,0.5000,1.00,yes
2026-09-30T00:53:19.421824Z,0.5000,1.00,yes
2026-09-30T00:53:19.421824Z,0.5200,19.21,yes
2026-09-30T00:53:19.421824Z,0.5000,2.00,yes
2026-09-30T00:53:19.421824Z,0.5000,40.00,yes
2026-09-30T00:53:19.421824Z,0.5200,100.00,yes
2026-09-30T00:53:19.491907Z,0.4500,84.30,no
2026-09-30T00:53:19.491907Z,0.4600,0.02,no
2026-09-30T00:53:19.751545Z,0.4400,47.52,no
2026-09-30T00:53:19.751545Z,0.4400,0.01,no
2026-09-30T00:53:19.920179Z,0.4800,1.00,yes
2026-09-30T00:53:19.920179Z,0.4900,2.00,yes
2026-09-30T00:53:19.920179Z,0.4900,1.00,yes
2026-09-30T00:53:19.920179Z,0.4900,1.00,yes
2026-09-30T00:53:19.920179Z,0.5000,20.19,yes
2026-09-30T00:53:19.920179Z,0.4800,5.00,yes
2026-09-30T00:53:19.920179Z,0.4800,1.00,yes
2026-09-30T00:53:20.54767Z,0.4400,47.52,no
2026-09-30T00:53:20.54767Z,0.4400,0.01,no
2026-09-30T00:53:20.54767Z,0.4400,37.48,no
2026-09-30T00:53:20.54767Z,0.4400,50.00,no
2026-09-30T00:53:20.652015Z,0.4400,156.16,yes
2026-09-30T00:53:20.796955Z,0.4300,0.01,no
2026-09-30T00:53:20.837411Z,0.4200,45.52,no
2026-09-30T00:53:20.837411Z,0.4200,0.01,no
2026-09-30T00:53:21.114243Z,0.4200,109.36,yes
2026-09-30T00:53:21.916527Z,0.4200,995.30,yes
2026-09-30T00:53:22.545784Z,0.4200,22.88,yes
2026-09-30T00:53:23.008194Z,0.4200,228.80,yes
2026-09-30T00:53:23.697163Z,0.4100,24.90,no
2026-09-30T00:53:23.823213Z,0.4200,22.88,yes
2026-09-30T00:53:27.166918Z,0.4200,0.01,yes
2026-09-30T00:53:27.166918Z,0.4200,3.00,yes
2026-09-30T00:53:27.166918Z,0.4200,1.00,yes
2026-09-30T00:53:27.166918Z,0.4300,198.61,yes
2026-09-30T00:53:27.166918Z,0.4200,1.00,yes
2026-09-30T00:53:27.934176Z,0.4200,20.00,yes
2026-09-30T00:53:27.934176Z,0.4300,426.37,yes
2026-09-30T00:53:27.934176Z,0.4200,0.01,yes
2026-09-30T00:53:27.934176Z,0.4200,1.00,yes
2026-09-30T00:53:28.221299Z,0.4200,12.72,yes
2026-09-30T00:53:28.221299Z,0.4200,1.00,yes
2026-09-30T00:53:28.703685Z,0.4200,21.47,yes
2026-09-30T00:53:28.703685Z,0.4200,1.00,yes
2026-09-30T00:53:28.801314Z,0.4200,0.01,yes
2026-09-30T00:53:28.801314Z,0.4200,5.02,yes
2026-09-30T00:53:29.394517Z,0.4200,1.00,yes
2026-09-30T00:53:30.294683Z,0.4300,54.80,yes
2026-09-30T00:53:31.735737Z,0.4300,33.54,yes
2026-09-30T00:53:32.639253Z,0.4300,4.47,yes
2026-09-30T00:53:32.9204Z,0.4200,18.47,no
2026-09-30T00:53:33.135292Z,0.4300,11.18,yes
2026-09-30T00:53:33.319946Z,0.4200,156.37,no
2026-09-30T00:53:33.708264Z,0.4300,55.90,yes
2026-09-30T00:53:33.756121Z,0.4300,1000.00,yes
2026-09-30T00:53:35.000895Z,0.4300,272.83,yes
2026-09-30T00:53:35.499606Z,0.4200,314.61,no
2026-09-30T00:53:35.819168Z,0.4300,11.18,yes
2026-09-30T00:53:38.080428Z,0.4300,2.23,yes
2026-09-30T00:53:38.327941Z,0.4300,72.00,yes
2026-09-30T00:53:38.327941Z,0.4300,2.00,yes
2026-09-30T00:53:38.327941Z,0.4300,1.00,yes
2026-09-30T00:53:41.513211Z,0.4200,3.00,yes
2026-09-30T00:53:41.513211Z,0.4200,5.43,yes
2026-09-30T00:53:41.513211Z,0.4200,0.01,yes
2026-09-30T00:53:41.513211Z,0.4200,1.00,yes
2026-09-30T00:53:41.513211Z,0.4200,2.00,yes
2026-09-30T00:53:42.19171Z,0.4200,0.01,yes
2026-09-30T00:53:42.19171Z,0.4200,1.00,yes
2026-09-30T00:53:42.19171Z,0.4200,2.00,yes
2026-09-30T00:53:42.19171Z,0.4200,2.00,yes
2026-09-30T00:53:42.19171Z,0.4300,1.00,yes
2026-09-30T00:53:42.19171Z,0.4300,0.01,yes
2026-09-30T00:53:42.19171Z,0.4200,94.57,yes
2026-09-30T00:53:42.19171Z,0.4300,1.00,yes
2026-09-30T00:53:42.19171Z,0.4300,20.00,yes
2026-09-30T00:53:42.664108Z,0.4300,28.87,no
2026-09-30T00:53:43.758359Z,0.4400,3.00,yes
2026-09-30T00:53:43.758359Z,0.4400,20.00,yes
2026-09-30T00:53:43.758359Z,0.4400,1.00,yes
2026-09-30T00:53:43.758359Z,0.4400,88.50,yes
2026-09-30T00:53:43.758359Z,0.4400,1.00,yes
2026-09-30T00:53:43.758359Z,0.4400,313.88,yes
2026-09-30T00:53:43.758359Z,0.4400,0.01,yes
2026-09-30T00:53:43.758359Z,0.4400,6.00,yes
2026-09-30T00:53:43.758359Z,0.4400,4.00,yes
2026-09-30T00:53:46.361388Z,0.4300,4.91,no
2026-09-30T00:53:46.673643Z,0.4400,37.17,yes
2026-09-30T00:53:47.037135Z,0.4300,11.71,no
2026-09-30T00:53:47.679647Z,0.4400,10.95,yes
2026-09-30T00:53:50.667108Z,0.4100,37.30,no
2026-09-30T00:53:50.667108Z,0.4200,0.01,no
2026-09-30T00:53:50.667108Z,0.4100,0.01,no
2026-09-30T00:53:52.396109Z,0.4000,15.60,no
2026-09-30T00:53:52.396109Z,0.4100,0.02,no
2026-09-30T00:53:52.396109Z,0.4000,0.01,no
2026-09-30T00:53:53.804681Z,0.4500,3.00,yes
2026-09-30T00:53:53.804681Z,0.4500,0.01,yes
2026-09-30T00:53:53.804681Z,0.4500,1.00,yes
2026-09-30T00:53:53.804681Z,0.4500,1.00,yes
2026-09-30T00:53:53.804681Z,0.4300,3.00,yes
2026-09-30T00:53:53.804681Z,0.4300,5.00,yes
2026-09-30T00:53:53.804681Z,0.4400,0.01,yes
2026-09-30T00:53:53.804681Z,0.4500,10.00,yes
2026-09-30T00:53:53.804681Z,0.4500,10.07,yes
2026-09-30T00:53:53.804681Z,0.4400,0.01,yes
2026-09-30T00:53:53.804681Z,0.4500,1.00,yes
2026-09-30T00:53:53.804681Z,0.4300,0.01,yes
2026-09-30T00:53:53.804681Z,0.4500,1.00,yes
2026-09-30T00:53:53.804681Z,0.4500,1.00,yes
2026-09-30T00:53:53.804681Z,0.4500,3.00,yes
2026-09-30T00:53:53.804681Z,0.4500,1.00,yes
2026-09-30T00:53:53.804681Z,0.4300,3.00,yes
2026-09-30T00:53:53.804681Z,0.4400,2.00,yes
2026-09-30T00:53:53.804681Z,0.4400,7.00,yes
2026-09-30T00:53:53.804681Z,0.4400,1.00,yes
2026-09-30T00:53:56.128652Z,0.4100,0.02,no
2026-09-30T00:53:56.128652Z,0.4000,11.69,no
2026-09-30T00:53:57.619134Z,0.4000,50.00,no
2026-09-30T00:53:57.619134Z,0.4000,100.00,no
2026-09-30T00:53:57.619134Z,0.4000,11.69,no
2026-09-30T00:53:57.619134Z,0.4000,1.00,no
2026-09-30T00:53:57.619134Z,0.4000,15.60,no
2026-09-30T00:53:57.619134Z,0.4000,0.01,no
2026-09-30T00:53:57.619134Z,0.4000,61.71,no
2026-09-30T00:53:57.619134Z,0.4000,47.00,no
2026-09-30T00:53:57.687338Z,0.3900,0.01,no
2026-09-30T00:53:57.687338Z,0.3900,1.00,no
2026-09-30T00:53:57.687338Z,0.3900,46.00,no
2026-09-30T00:53:57.687338Z,0.3900,100.00,no
2026-09-30T00:53:58.344812Z,0.3900,32.71,yes
2026-09-30T00:54:00.424357Z,0.3900,245.90,yes
2026-09-30T00:54:00.639062Z,0.3800,0.01,no
2026-09-30T00:54:00.639062Z,0.3800,93.75,no
2026-09-30T00:54:00.709802Z,0.3800,197.80,no
2026-09-30T00:54:01.165342Z,0.3800,174.82,no
2026-09-30T00:54:01.50543Z,0.3800,306.58,no
2026-09-30T00:54:01.728507Z,0.3900,1.25,yes
2026-09-30T00:54:04.015337Z,0.3900,0.31,yes
2026-09-30T00:54:05.594773Z,0.3800,39.36,yes
2026-09-30T00:54:06.080607Z,0.3700,0.01,no
2026-09-30T00:54:06.080607Z,0.3700,289.44,no
2026-09-30T00:54:06.122381Z,0.3800,123.58,yes
2026-09-30T00:54:09.576438Z,0.3700,289.44,no
2026-09-30T00:54:09.576438Z,0.3700,710.56,no
2026-09-30T00:54:11.151083Z,0.3700,10.60,no
2026-09-30T00:54:11.34458Z,0.3800,35.00,yes
2026-09-30T00:54:12.366152Z,0.3700,154.34,no
2026-09-30T00:54:12.586353Z,0.3700,50.00,no
2026-09-30T00:54:12.829173Z,0.3700,163.88,no
2026-09-30T00:54:13.891049Z,0.3700,4.68,no
2026-09-30T00:54:14.388369Z,0.3700,93.76,no
2026-09-30T00:54:14.490534Z,0.3700,114.40,no
2026-09-30T00:54:14.542049Z,0.3600,44.00,no
2026-09-30T00:54:14.542049Z,0.3600,23.53,no
2026-09-30T00:54:14.542049Z,0.3600,87.00,no
2026-09-30T00:54:14.542049Z,0.3600,417.00,no
2026-09-30T00:54:14.542049Z,0.3600,0.01,no
2026-09-30T00:54:14.542049Z,0.3600,0.01,no
2026-09-30T00:54:14.542049Z,0.3600,8.00,no
2026-09-30T00:54:14.987979Z,0.3800,1.00,yes
2026-09-30T00:54:14.987979Z,0.3800,1.00,yes
2026-09-30T00:54:14.987979Z,0.3800,1.00,yes
2026-09-30T00:54:14.987979Z,0.3800,55.42,yes
2026-09-30T00:54:14.987979Z,0.3800,49.00,yes
2026-09-30T00:54:14.987979Z,0.3800,1.00,yes
2026-09-30T00:54:14.987979Z,0.3800,42.00,yes
2026-09-30T00:54:14.987979Z,0.3800,4.00,yes
2026-09-30T00:54:14.987979Z,0.3800,20.00,yes
2026-09-30T00:54:14.987979Z,0.3800,97.00,yes
2026-09-30T00:54:14.987979Z,0.3800,1.00,yes
2026-09-30T00:54:14.987979Z,0.3800,7.00,yes
2026-09-30T00:54:14.987979Z,0.3800,1.00,yes
2026-09-30T00:54:14.987979Z,0.3800,63.00,yes
2026-09-30T00:54:14.987979Z,0.3800,4.00,yes
2026-09-30T00:54:14.987979Z,0.3800,100.00,yes
2026-09-30T00:54:14.987979Z,0.3800,1.00,yes
2026-09-30T00:54:14.987979Z,0.3800,1.00,yes
2026-09-30T00:54:14.987979Z,0.3800,55.00,yes
2026-09-30T00:54:15.315118Z,0.3600,6.40,no
2026-09-30T00:54:15.315118Z,0.3600,0.01,no
2026-09-30T00:54:15.413659Z,0.3600,6.40,no
2026-09-30T00:54:15.413659Z,0.3600,44.00,no
2026-09-30T00:54:15.413659Z,0.3600,100.00,no
2026-09-30T00:54:15.413659Z,0.3600,0.01,no
2026-09-30T00:54:15.413659Z,0.3600,47.00,no
2026-09-30T00:54:15.413659Z,0.3600,47.57,no
2026-09-30T00:54:15.413659Z,0.3600,80.60,no
2026-09-30T00:54:15.413659Z,0.3500,121.79,no
2026-09-30T00:54:15.413659Z,0.3500,0.01,no
2026-09-30T00:54:17.548323Z,0.3700,117.43,no
2026-09-30T00:54:18.013777Z,0.3700,4.79,no
2026-09-30T00:54:18.158513Z,0.3700,45.12,no
2026-09-30T00:54:18.742567Z,0.3900,4.00,yes
2026-09-30T00:54:18.742567Z,0.3900,20.00,yes
2026-09-30T00:54:18.742567Z,0.3800,0.01,yes
2026-09-30T00:54:18.742567Z,0.3800,3.00,yes
2026-09-30T00:54:18.742567Z,0.3900,105.07,yes
2026-09-30T00:54:18.742567Z,0.3800,0.01,yes
2026-09-30T00:54:18.742567Z,0.3900,1.00,yes
2026-09-30T00:54:18.742567Z,0.3900,91.00,yes
2026-09-30T00:54:18.742567Z,0.3800,5.00,yes
2026-09-30T00:54:18.742567Z,0.3900,8.00,yes
2026-09-30T00:54:18.742567Z,0.3900,4.00,yes
2026-09-30T00:54:18.742567Z,0.3900,0.01,yes
2026-09-30T00:54:18.742567Z,0.3900,1.00,yes
2026-09-30T00:54:18.742567Z,0.3900,2.00,yes
2026-09-30T00:54:18.742567Z,0.3900,1.00,yes
2026-09-30T00:54:18.742567Z,0.3900,1.00,yes
2026-09-30T00:54:19.645884Z,0.3700,50.25,no
2026-09-30T00:54:20.019406Z,0.3700,73.77,no
2026-09-30T00:54:20.024423Z,0.3700,18.75,no
2026-09-30T00:54:21.087366Z,0.3700,67.43,no
2026-09-30T00:54:21.262147Z,0.3700,62.05,no
2026-09-30T00:54:21.461415Z,0.3700,750.00,no
2026-09-30T00:54:23.162351Z,0.3700,498.07,no
2026-09-30T00:54:23.440963Z,0.3700,855.77,no
2026-09-30T00:54:24.295383Z,0.3800,6.43,yes
2026-09-30T00:54:24.982596Z,0.3600,24.86,no
2026-09-30T00:54:24.982596Z,0.3600,47.00,no
2026-09-30T00:54:24.982596Z,0.3600,0.01,no
2026-09-30T00:54:24.982596Z,0.3600,0.01,no
2026-09-30T00:54:24.982596Z,0.3600,87.00,no
2026-09-30T00:54:25.41211Z,0.3600,54.06,no
2026-09-30T00:54:25.41211Z,0.3600,39.88,no
2026-09-30T00:54:25.768746Z,0.3900,3.49,yes
2026-09-30T00:54:25.768746Z,0.3800,0.01,yes
2026-09-30T00:54:25.768746Z,0.3800,2.00,yes
2026-09-30T00:54:25.768746Z,0.3800,1.00,yes
2026-09-30T00:54:25.768746Z,0.3800,2.00,yes
2026-09-30T00:54:25.768746Z,0.3800,4.00,yes
2026-09-30T00:54:28.447656Z,0.3800,5.00,yes
2026-09-30T00:54:28.447656Z,0.3900,1.00,yes
2026-09-30T00:54:28.447656Z,0.3800,1.00,yes
2026-09-30T00:54:28.447656Z,0.3900,7.08,yes
2026-09-30T00:54:28.447656Z,0.3900,5.00,yes
2026-09-30T00:54:28.447656Z,0.3900,5.51,yes
2026-09-30T00:54:29.020228Z,0.3600,0.01,no
2026-09-30T00:54:29.020228Z,0.3600,0.01,no
2026-09-30T00:54:29.020228Z,0.3600,7.12,no
2026-09-30T00:54:29.020228Z,0.3600,5.15,no
2026-09-30T00:54:30.848029Z,0.3900,4.54,yes
2026-09-30T00:54:30.848029Z,0.3900,20.00,yes
2026-09-30T00:54:30.848029Z,0.3900,3.00,yes
2026-09-30T00:54:30.848029Z,0.3900,1.00,yes
2026-09-30T00:54:30.848029Z,0.3900,1.00,yes
2026-09-30T00:54:30.848029Z,0.3900,8.92,yes
2026-09-30T00:54:31.279182Z,0.3600,74.95,no
2026-09-30T00:54:32.000463Z,0.3800,9.00,yes
2026-09-30T00:54:32.000463Z,0.3800,1.00,yes
2026-09-30T00:54:32.239321Z,0.3600,0.01,no
2026-09-30T00:54:32.239321Z,0.3600,47.00,no
2026-09-30T00:54:34.829082Z,0.3500,31.21,no
2026-09-30T00:54:35.020613Z,0.3600,42.53,yes
2026-09-30T00:54:36.689324Z,0.3500,17.00,no
2026-09-30T00:54:36.72299Z,0.3500,50.00,no
2026-09-30T00:54:37.033112Z,0.3500,26.82,no
2026-09-30T00:54:38.136104Z,0.3500,11.18,no
2026-09-30T00:54:40.388187Z,0.3500,120.00,no
2026-09-30T00:54:41.643064Z,0.3400,35.71,no
2026-09-30T00:54:42.384068Z,0.3400,106.61,no
2026-09-30T00:54:42.541286Z,0.3400,18.75,no
2026-09-30T00:54:42.936546Z,0.3400,128.59,no
2026-09-30T00:54:43.651005Z,0.3500,54.65,yes
2026-09-30T00:54:43.776169Z,0.3400,249.03,no
2026-09-30T00:54:44.394015Z,0.3400,2.49,no
2026-09-30T00:54:44.492099Z,0.3400,536.48,no
2026-09-30T00:54:44.492099Z,0.3400,458.82,no
2026-09-30T00:54:45.905836Z,0.3500,12.84,yes
2026-09-30T00:54:46.975131Z,0.3400,10.05,no
2026-09-30T00:54:47.162606Z,0.3400,61.76,no
2026-09-30T00:54:51.182072Z,0.3500,15.00,yes
2026-09-30T00:54:53.039645Z,0.3400,26.11,no
2026-09-30T00:54:53.310281Z,0.3400,2.79,no
2026-09-30T00:54:54.638093Z,0.3400,21.10,no
2026-09-30T00:54:54.638093Z,0.3400,47.00,no
2026-09-30T00:54:54.638093Z,0.3400,1118.75,no
2026-09-30T00:54:55.057124Z,0.3400,38.39,no
2026-09-30T00:54:55.057124Z,0.3400,166.25,no
2026-09-30T00:54:55.460359Z,0.3400,18.93,no
2026-09-30T00:54:55.782174Z,0.3400,187.65,no
2026-09-30T00:54:55.812113Z,0.3400,37.50,no
2026-09-30T00:54:56.013272Z,0.3400,635.41,no
2026-09-30T00:54:56.015301Z,0.3400,3.14,no
2026-09-30T00:54:56.060657Z,0.3400,86.51,no
2026-09-30T00:54:56.543895Z,0.3500,38.25,yes
2026-09-30T00:54:57.167496Z,0.3400,277.47,no
2026-09-30T00:54:57.167496Z,0.3400,37.14,no
2026-09-30T00:54:57.864643Z,0.3400,3.52,no
2026-09-30T00:54:57.969499Z,0.3300,340.00,no
2026-09-30T00:54:58.159525Z,0.3300,522.37,no
2026-09-30T00:54:58.735123Z,0.3300,58.55,no
2026-09-30T00:54:58.747621Z,0.3300,47.32,no
2026-09-30T00:55:01.020715Z,0.3500,27.32,yes
2026-09-30T00:55:01.484717Z,0.3300,108.80,no
2026-09-30T00:55:01.484717Z,0.3300,31.76,no
2026-09-30T00:55:01.539904Z,0.3300,60.00,no
2026-09-30T00:55:01.544048Z,0.3300,725.07,no
2026-09-30T00:55:02.447445Z,0.3300,11.80,no
2026-09-30T00:55:02.78075Z,0.3300,74.37,no
2026-09-30T00:55:03.213608Z,0.3300,11.23,no
2026-09-30T00:55:03.213608Z,0.3300,19.96,no
2026-09-30T00:55:04.524647Z,0.3500,41.22,yes
2026-09-30T00:55:04.524647Z,0.3500,13.43,yes
2026-09-30T00:55:05.397132Z,0.3300,106.99,no
2026-09-30T00:55:05.47183Z,0.3300,395.61,no
2026-09-30T00:55:05.843247Z,0.3300,25.67,no
2026-09-30T00:55:06.19374Z,0.3500,4.00,yes
2026-09-30T00:55:06.19374Z,0.3500,1.00,yes
2026-09-30T00:55:06.19374Z,0.3500,1.00,yes
2026-09-30T00:55:06.19374Z,0.3500,1.00,yes
2026-09-30T00:55:06.19374Z,0.3500,0.18,yes
2026-09-30T00:55:06.19374Z,0.3500,16.00,yes
2026-09-30T00:55:06.19374Z,0.3500,87.00,yes
2026-09-30T00:55:06.19374Z,0.3500,1.00,yes
2026-09-30T00:55:06.19374Z,0.3500,25.00,yes
2026-09-30T00:55:06.19374Z,0.3500,13.78,yes
2026-09-30T00:55:06.19374Z,0.3500,2.00,yes
2026-09-30T00:55:06.19374Z,0.3500,40.00,yes
2026-09-30T00:55:06.19374Z,0.3500,1.00,yes
2026-09-30T00:55:06.19374Z,0.3500,3.00,yes
2026-09-30T00:55:06.19374Z,0.3500,9.00,yes
2026-09-30T00:55:07.944798Z,0.3500,5.46,yes
2026-09-30T00:55:08.998455Z,0.3300,43.08,no
2026-09-30T00:55:09.554587Z,0.3300,650.42,no
2026-09-30T00:55:09.554587Z,0.3300,1303.00,no
2026-09-30T00:55:09.554587Z,0.3300,441.53,no
2026-09-30T00:55:10.756553Z,0.3300,100.00,no
2026-09-30T00:55:10.852267Z,0.3500,27.31,yes
2026-09-30T00:55:11.786961Z,0.3300,83.94,no
2026-09-30T00:55:12.321974Z,0.3600,443.01,yes
2026-09-30T00:55:12.321974Z,0.3500,1.00,yes
2026-09-30T00:55:12.321974Z,0.3500,6.00,yes
2026-09-30T00:55:12.321974Z,0.3500,40.00,yes
2026-09-30T00:55:12.321974Z,0.3500,10.00,yes
2026-09-30T00:55:12.321974Z,0.3500,84.00,yes
2026-09-30T00:55:12.321974Z,0.3500,4.00,yes
2026-09-30T00:55:12.321974Z,0.3500,55.00,yes
2026-09-30T00:55:12.321974Z,0.3500,3.23,yes
2026-09-30T00:55:12.385115Z,0.3300,6.31,no
2026-09-30T00:55:12.51695Z,0.3300,6.54,no
2026-09-30T00:55:12.968812Z,0.3300,19.25,no
2026-09-30T00:55:13.324258Z,0.3500,10.00,yes
2026-09-30T00:55:13.324258Z,0.3500,6.00,yes
2026-09-30T00:55:13.774368Z,0.3600,264.86,yes
2026-09-30T00:55:14.465709Z,0.3500,1.63,no
2026-09-30T00:55:15.665029Z,0.3500,459.33,no
2026-09-30T00:55:16.030342Z,0.3500,39.38,no
2026-09-30T00:55:16.593859Z,0.3500,904.92,no
2026-09-30T00:55:19.041321Z,0.3500,98.71,no
2026-09-30T00:55:19.041321Z,0.3500,5.74,no
2026-09-30T00:55:21.329815Z,0.3600,164.83,yes
2026-09-30T00:55:21.739057Z,0.3500,7.54,no
2026-09-30T00:55:23.485599Z,0.3500,917.81,no
2026-09-30T00:55:25.651874Z,0.3500,75.66,no
2026-09-30T00:55:26.101305Z,0.3500,155.43,no
2026-09-30T00:55:26.101305Z,0.3500,327.28,no
2026-09-30T00:55:26.26783Z,0.3500,12.51,no
2026-09-30T00:55:26.561346Z,0.3500,2.02,no
2026-09-30T00:55:28.213718Z,0.3500,122.95,no
2026-09-30T00:55:28.625059Z,0.3500,65.62,no
2026-09-30T00:55:30.260221Z,0.3500,61.77,no
2026-09-30T00:55:34.076816Z,0.3600,1.00,yes
2026-09-30T00:55:34.076816Z,0.3600,1.00,yes
2026-09-30T00:55:34.076816Z,0.3700,1.00,yes
2026-09-30T00:55:34.076816Z,0.3600,1.00,yes
2026-09-30T00:55:34.076816Z,0.3600,1.00,yes
2026-09-30T00:55:34.076816Z,0.3700,1.00,yes
2026-09-30T00:55:34.076816Z,0.3700,1.00,yes
2026-09-30T00:55:34.076816Z,0.3600,1.00,yes
2026-09-30T00:55:34.076816Z,0.3600,1.00,yes
2026-09-30T00:55:34.076816Z,0.3700,25.00,yes
2026-09-30T00:55:34.076816Z,0.3700,1.00,yes
2026-09-30T00:55:34.076816Z,0.3600,5.00,yes
2026-09-30T00:55:34.076816Z,0.3700,2.00,yes
2026-09-30T00:55:34.076816Z,0.3700,7.00,yes
2026-09-30T00:55:34.076816Z,0.3600,2.00,yes
2026-09-30T00:55:34.076816Z,0.3600,1.00,yes
2026-09-30T00:55:34.076816Z,0.3700,18.96,yes
2026-09-30T00:55:34.513806Z,0.3700,4.00,yes
2026-09-30T00:55:34.513806Z,0.3700,41.91,yes
2026-09-30T00:55:34.513806Z,0.3800,1493.07,yes
2026-09-30T00:55:34.513806Z,0.3800,10.00,yes
2026-09-30T00:55:34.513806Z,0.3800,5.00,yes
2026-09-30T00:55:34.513806Z,0.3800,2.00,yes
2026-09-30T00:55:34.513806Z,0.3700,45.04,yes
2026-09-30T00:55:34.513806Z,0.3700,55.00,yes
2026-09-30T00:55:34.513806Z,0.3700,42.00,yes
2026-09-30T00:55:34.513806Z,0.3700,66.77,yes
2026-09-30T00:55:34.513806Z,0.3700,18.96,yes
2026-09-30T00:55:34.513806Z,0.3700,7.00,yes
2026-09-30T00:55:34.513806Z,0.3700,4.00,yes
2026-09-30T00:55:34.513806Z,0.3700,40.00,yes
2026-09-30T00:55:35.896385Z,0.3700,25.88,yes
2026-09-30T00:55:36.676403Z,0.3800,5.00,yes
2026-09-30T00:55:36.676403Z,0.3700,8.00,yes
2026-09-30T00:55:36.676403Z,0.3800,1.00,yes
2026-09-30T00:55:36.676403Z,0.3800,17.19,yes
2026-09-30T00:55:36.676403Z,0.3800,5.00,yes
2026-09-30T00:55:36.676403Z,0.3700,4.00,yes
2026-09-30T00:55:36.676403Z,0.3700,4.00,yes
2026-09-30T00:55:36.676403Z,0.3800,2.00,yes
2026-09-30T00:55:36.676403Z,0.3700,1.00,yes
2026-09-30T00:55:36.676403Z,0.3700,1.00,yes
2026-09-30T00:55:37.423222Z,0.3800,2.87,yes
2026-09-30T00:55:38.655777Z,0.3400,27.97,no
2026-09-30T00:55:38.655777Z,0.3300,222.04,no
2026-09-30T00:55:38.655777Z,0.3300,645.43,no
2026-09-30T00:55:38.655777Z,0.3400,100.00,no
2026-09-30T00:55:38.655777Z,0.3400,21.00,no
2026-09-30T00:55:38.655777Z,0.3400,0.01,no
2026-09-30T00:55:38.655777Z,0.3600,0.01,no
2026-09-30T00:55:41.359096Z,0.3600,0.01,no
2026-09-30T00:55:41.426887Z,0.3400,100.00,no
2026-09-30T00:55:41.426887Z,0.3400,0.01,no
2026-09-30T00:55:43.414193Z,0.3400,22.49,yes
2026-09-30T00:55:43.6566Z,0.3300,57.15,no
2026-09-30T00:55:45.096607Z,0.3400,930.53,yes
2026-09-30T00:55:45.993059Z,0.3400,54.56,yes
2026-09-30T00:55:47.453985Z,0.3400,140.56,yes
2026-09-30T00:55:50.727755Z,0.3400,14.05,yes
2026-09-30T00:55:50.73697Z,0.3400,42.16,yes
2026-09-30T00:55:50.811394Z,0.3400,157.43,yes
2026-09-30T00:55:51.706032Z,0.3400,14.05,yes
2026-09-30T00:55:55.478146Z,0.3400,224.90,yes
2026-09-30T00:55:55.536621Z,0.3300,13.52,no
2026-09-30T00:55:56.344619Z,0.3300,6.94,no
2026-09-30T00:55:57.874389Z,0.3400,2.81,yes
2026-09-30T00:56:01.148758Z,0.3400,1.46,yes
2026-09-30T00:56:02.865035Z,0.3300,2.91,no
2026-09-30T00:56:03.93078Z,0.3400,176.85,yes
2026-09-30T00:56:03.93078Z,0.3400,33.99,yes
2026-09-30T00:56:04.625286Z,0.3300,5.04,no
2026-09-30T00:56:05.84396Z,0.3300,24.90,no
2026-09-30T00:56:06.22213Z,0.3300,341.25,no
2026-09-30T00:56:06.22213Z,0.3300,30.00,no
2026-09-30T00:56:06.22213Z,0.3300,44.54,no
2026-09-30T00:56:06.523614Z,0.3300,11.31,no
2026-09-30T00:56:08.597417Z,0.3300,2.87,no
2026-09-30T00:56:09.061913Z,0.3400,61.87,yes
2026-09-30T00:56:09.394732Z,0.3400,486.00,yes
2026-09-30T00:56:10.9881Z,0.3400,146.01,yes
2026-09-30T00:56:11.287955Z,0.3400,261.44,yes
2026-09-30T00:56:12.43334Z,0.3400,444.12,yes
2026-09-30T00:56:12.749906Z,0.3400,70.28,yes
2026-09-30T00:56:12.848363Z,0.3400,1.00,yes
2026-09-30T00:56:13.910945Z,0.3400,70.28,yes
2026-09-30T00:56:15.232086Z,0.3300,357.30,no
2026-09-30T00:56:15.497829Z,0.3400,49.13,yes
2026-09-30T00:56:15.497829Z,0.3400,21.15,yes
2026-09-30T00:56:15.578192Z,0.3400,1739.00,yes
2026-09-30T00:56:15.578192Z,0.3400,1689.87,yes
2026-09-30T00:56:15.578192Z,0.3400,788.07,yes
2026-09-30T00:56:15.797929Z,0.3400,6.80,yes
2026-09-30T00:56:16.413159Z,0.3300,37.50,no
2026-09-30T00:56:16.902746Z,0.3300,1.46,no
2026-09-30T00:56:18.293278Z,0.3400,14.05,yes
2026-09-30T00:56:18.761683Z,0.3400,5.62,yes
2026-09-30T00:56:19.656855Z,0.3400,56.22,yes
2026-09-30T00:56:21.636357Z,0.3400,42.16,yes
2026-09-30T00:56:21.996756Z,0.3400,937.78,yes
2026-09-30T00:56:21.996756Z,0.3400,826.08,yes
2026-09-30T00:56:23.870505Z,0.3300,29.19,no
2026-09-30T00:56:24.620718Z,0.3400,5.00,yes
2026-09-30T00:56:24.709909Z,0.3400,50.00,yes
2026-09-30T00:56:25.325572Z,0.3300,4.67,no
2026-09-30T00:56:26.012691Z,0.3300,327.22,no
2026-09-30T00:56:26.012691Z,0.3300,214.45,no
2026-09-30T00:56:28.015953Z,0.3400,2.81,yes
2026-09-30T00:56:28.702521Z,0.3300,387.43,no
2026-09-30T00:56:28.977639Z,0.3400,1.29,yes
2026-09-30T00:56:29.101469Z,0.3300,43.43,no
2026-09-30T00:56:29.50426Z,0.3400,0.56,yes
2026-09-30T00:56:29.719527Z,0.3400,1.11,yes
2026-09-30T00:56:30.084295Z,0.3300,380.30,no
2026-09-30T00:56:31.153118Z,0.3300,2.69,no
2026-09-30T00:56:31.176353Z,0.3400,2.81,yes
2026-09-30T00:56:31.961482Z,0.3400,50.60,yes
2026-09-30T00:56:32.528764Z,0.3400,16.63,yes
2026-09-30T00:56:32.765349Z,0.3400,154.62,yes
2026-09-30T00:56:33.156285Z,0.3300,12.05,no
2026-09-30T00:56:33.653357Z,0.3400,5.62,yes
2026-09-30T00:56:34.548741Z,0.3400,67.47,yes
2026-09-30T00:56:35.170675Z,0.3300,49.80,no
2026-09-30T00:56:35.306495Z,0.3400,140.56,yes
2026-09-30T00:56:37.19489Z,0.3400,0.28,yes
2026-09-30T00:56:37.231463Z,0.3400,69.41,yes
2026-09-30T00:56:38.044147Z,0.3400,28.11,yes
2026-09-30T00:56:39.166591Z,0.3300,22.23,no
2026-09-30T00:56:39.32684Z,0.3400,2.79,yes
2026-09-30T00:56:40.325892Z,0.3400,40.03,yes
2026-09-30T00:56:40.76715Z,0.3300,65.25,no
2026-09-30T00:56:41.459859Z,0.3400,119.60,yes
2026-09-30T00:56:41.459859Z,0.3400,161.52,yes
2026-09-30T00:56:42.41422Z,0.3400,33.73,yes
2026-09-30T00:56:42.460891Z,0.3400,70.39,yes
2026-09-30T00:56:43.369813Z,0.3400,843.41,yes
2026-09-30T00:56:44.025741Z,0.3400,14.05,yes
2026-09-30T00:56:46.099493Z,0.3300,2.58,no
2026-09-30T00:56:48.178959Z,0.3400,40.95,yes
2026-09-30T00:56:48.178959Z,0.3400,99.61,yes
2026-09-30T00:56:48.311411Z,0.3400,281.12,yes
2026-09-30T00:56:48.893409Z,0.3400,553.86,yes
2026-09-30T00:56:48.893409Z,0.3400,80.00,yes
2026-09-30T00:56:48.893409Z,0.3400,3000.00,yes
2026-09-30T00:56:48.893409Z,0.3400,9630.27,yes
2026-09-30T00:56:49.28494Z,0.3400,858.01,yes
2026-09-30T00:56:49.28494Z,0.3400,530.85,yes
2026-09-30T00:56:49.86332Z,0.3300,28.94,no
2026-09-30T00:56:50.244914Z,0.3400,562.25,yes
2026-09-30T00:56:50.442821Z,0.3300,434.18,no
2026-09-30T00:56:51.632638Z,0.3400,70.28,yes
2026-09-30T00:56:51.989862Z,0.3400,140.56,yes
2026-09-30T00:56:52.370213Z,0.3300,1812.68,no
2026-09-30T00:56:52.827536Z,0.3400,27.75,yes
2026-09-30T00:56:53.030436Z,0.3300,85.78,no
2026-09-30T00:56:53.462795Z,0.3400,2.79,yes
2026-09-30T00:56:53.910906Z,0.3400,210.84,yes
2026-09-30T00:56:55.374027Z,0.3400,230.52,yes
2026-09-30T00:56:57.041648Z,0.3400,70.28,yes
2026-09-30T00:56:58.397414Z,0.3400,56.22,yes
2026-09-30T00:56:59.183892Z,0.3300,282.77,no
2026-09-30T00:57:01.898294Z,0.3400,28.11,yes
2026-09-30T00:57:04.136275Z,0.3400,50.00,yes
2026-09-30T00:57:05.109571Z,0.3400,11.24,yes
2026-09-30T00:57:05.383984Z,0.3400,1500.00,yes
2026-09-30T00:57:07.012928Z,0.3300,0.02,no
2026-09-30T00:57:07.053262Z,0.3400,0.28,yes
2026-09-30T00:57:11.193808Z,0.3300,22.00,no
2026-09-30T00:57:11.193808Z,0.3300,0.01,no
2026-09-30T00:57:11.193808Z,0.3200,21.67,no
2026-09-30T00:57:11.622135Z,0.3200,590.29,no
2026-09-30T00:57:14.798554Z,0.3400,0.84,yes
2026-09-30T00:57:15.174286Z,0.3400,2.81,yes
2026-09-30T00:57:15.734298Z,0.2800,0.01,no
2026-09-30T00:57:15.734298Z,0.3100,0.01,no
2026-09-30T00:57:15.734298Z,0.2900,10.00,no
2026-09-30T00:57:15.734298Z,0.3000,2.00,no
2026-09-30T00:57:15.734298Z,0.3000,25.00,no
2026-09-30T00:57:15.734298Z,0.2900,0.01,no
2026-09-30T00:57:15.734298Z,0.2800,40.00,no
2026-09-30T00:57:15.734298Z,0.2800,1.00,no
2026-09-30T00:57:15.734298Z,0.3100,1.00,no
2026-09-30T00:57:15.734298Z,0.3000,3.00,no
2026-09-30T00:57:15.734298Z,0.3000,50.00,no
2026-09-30T00:57:15.734298Z,0.3200,0.01,no
2026-09-30T00:57:15.734298Z,0.3000,0.01,no
2026-09-30T00:57:15.790383Z,0.2800,1.00,no
2026-09-30T00:57:15.846468Z,0.2700,0.01,no
2026-09-30T00:57:15.846468Z,0.2700,100.00,no
2026-09-30T00:57:15.90501Z,0.2700,5.00,yes
2026-09-30T00:57:16.687021Z,0.2700,17.61,yes
2026-09-30T00:57:17.535493Z,0.2700,5.62,yes
2026-09-30T00:57:17.977029Z,0.2700,52.85,yes
2026-09-30T00:57:17.981686Z,0.2700,531.00,yes
2026-09-30T00:57:20.633688Z,0.2700,9.02,yes
2026-09-30T00:57:22.129708Z,0.2700,50.00,yes
2026-09-30T00:57:23.758191Z,0.2700,88.09,yes
2026-09-30T00:57:28.907141Z,0.2700,2.92,yes
2026-09-30T00:57:30.060564Z,0.2700,250.00,yes
2026-09-30T00:57:30.2593Z,0.2700,31.71,yes
2026-09-30T00:57:30.447704Z,0.2700,100.00,yes
2026-09-30T00:57:33.069036Z,0.2700,1.00,yes
2026-09-30T00:57:33.449308Z,0.2700,45.00,yes
2026-09-30T00:57:33.449308Z,0.2800,48.63,yes
2026-09-30T00:57:33.449308Z,0.2700,1.00,yes
2026-09-30T00:57:33.449308Z,0.2700,1.00,yes
2026-09-30T00:57:33.449308Z,0.2700,2.00,yes
2026-09-30T00:57:33.449308Z,0.2700,1.00,yes
2026-09-30T00:57:33.449308Z,0.2700,4.00,yes
2026-09-30T00:57:33.449308Z,0.2800,2.00,yes
2026-09-30T00:57:33.449308Z,0.2700,5.00,yes
2026-09-30T00:57:33.449308Z,0.2700,0.01,yes
2026-09-30T00:57:33.449308Z,0.2700,0.01,yes
2026-09-30T00:57:33.449308Z,0.2800,10.00,yes
2026-09-30T00:57:33.449308Z,0.2800,0.01,yes
2026-09-30T00:57:35.232418Z,0.2700,5.00,yes
2026-09-30T00:57:35.232418Z,0.2700,5.00,yes
2026-09-30T00:57:35.427218Z,0.2700,18.18,yes
2026-09-30T00:57:35.427218Z,0.2700,5.00,yes
2026-09-30T00:57:35.427218Z,0.2700,5.00,yes
2026-09-30T00:57:35.981092Z,0.2700,0.21,yes
2026-09-30T00:57:35.981092Z,0.2700,2.00,yes
2026-09-30T00:57:35.981092Z,0.2700,4.82,yes
2026-09-30T00:57:36.275866Z,0.2700,1.00,yes
2026-09-30T00:57:36.275866Z,0.2700,4.00,yes
2026-09-30T00:57:36.275866Z,0.2700,2.79,yes
2026-09-30T00:57:36.275866Z,0.2700,1.00,yes
2026-09-30T00:57:36.275866Z,0.2800,23.25,yes
2026-09-30T00:57:38.425463Z,0.1700,1.00,no
2026-09-30T00:57:38.425463Z,0.2000,1.00,no
2026-09-30T00:57:38.425463Z,0.2400,2.00,no
2026-09-30T00:57:38.425463Z,0.2200,40.00,no
2026-09-30T00:57:38.425463Z,0.1900,192.00,no
2026-09-30T00:57:38.425463Z,0.2500,1.00,no
2026-09-30T00:57:38.425463Z,0.1800,88.00,no
2026-09-30T00:57:38.425463Z,0.2300,24.00,no
2026-09-30T00:57:38.425463Z,0.1700,500.00,no
2026-09-30T00:57:38.425463Z,0.1800,77.28,no
2026-09-30T00:57:38.425463Z,0.1900,100.00,no
2026-09-30T00:57:38.425463Z,0.1600,920.14,no
2026-09-30T00:57:38.425463Z,0.1900,0.01,no
2026-09-30T00:57:38.425463Z,0.2000,0.01,no
2026-09-30T00:57:38.425463Z,0.1800,0.01,no
2026-09-30T00:57:38.425463Z,0.1700,0.01,no
2026-09-30T00:57:38.425463Z,0.2400,10.00,no
2026-09-30T00:57:38.425463Z,0.2300,0.01,no
2026-09-30T00:57:38.425463Z,0.2200,0.01,no
2026-09-30T00:57:38.425463Z,0.2100,0.01,no
2026-09-30T00:57:38.425463Z,0.1600,100.00,no
2026-09-30T00:57:38.425463Z,0.2400,0.01,no
2026-09-30T00:57:38.425463Z,0.2600,0.01,no
2026-09-30T00:57:38.425463Z,0.2500,0.01,no
2026-09-30T00:57:38.571354Z,0.2400,2.00,yes
2026-09-30T00:57:38.68869Z,0.2100,23.88,no
2026-09-30T00:57:38.68869Z,0.2200,2.00,no
2026-09-30T00:57:38.993549Z,0.2700,3.00,yes
2026-09-30T00:57:38.993549Z,0.2700,1.00,yes
2026-09-30T00:57:38.993549Z,0.2700,0.01,yes
2026-09-30T00:57:38.993549Z,0.2700,1.00,yes
2026-09-30T00:57:38.993549Z,0.2500,3.00,yes
2026-09-30T00:57:38.993549Z,0.2600,10.00,yes
2026-09-30T00:57:38.993549Z,0.2700,5.00,yes
2026-09-30T00:57:38.993549Z,0.2700,6.00,yes
2026-09-30T00:57:38.993549Z,0.2400,2.00,yes
2026-09-30T00:57:38.993549Z,0.2700,25.00,yes
2026-09-30T00:57:39.324997Z,0.2700,6.00,no
2026-09-30T00:57:39.371557Z,0.2700,6.00,no
2026-09-30T00:57:39.9094Z,0.2700,156.16,no
2026-09-30T00:57:40.291874Z,0.2900,4.00,yes
2026-09-30T00:57:40.291874Z,0.2800,6.00,yes
2026-09-30T00:57:40.291874Z,0.2800,10.00,yes
2026-09-30T00:57:40.291874Z,0.2800,4.00,yes
2026-09-30T00:57:40.291874Z,0.2800,0.01,yes
2026-09-30T00:57:40.291874Z,0.2800,6.00,yes
2026-09-30T00:57:40.291874Z,0.2900,0.01,yes
2026-09-30T00:57:40.291874Z,0.2900,10.00,yes
2026-09-30T00:57:40.291874Z,0.2900,10.00,yes
2026-09-30T00:57:40.291874Z,0.2900,13.27,yes
2026-09-30T00:57:41.060383Z,0.2900,1.00,yes
2026-09-30T00:57:41.060383Z,0.2900,1.00,yes
2026-09-30T00:57:41.060383Z,0.2800,1.00,yes
2026-09-30T00:57:41.060383Z,0.2900,144.38,yes
2026-09-30T00:57:41.060383Z,0.2900,10.00,yes
2026-09-30T00:57:41.060383Z,0.2800,4.00,yes
2026-09-30T00:57:41.060383Z,0.2800,3.00,yes
2026-09-30T00:57:42.279563Z,0.2900,45.62,yes
2026-09-30T00:57:42.279563Z,0.2900,3.00,yes
2026-09-30T00:57:42.279563Z,0.2900,10.00,yes
2026-09-30T00:57:42.279563Z,0.2900,2.00,yes
2026-09-30T00:57:42.279563Z,0.2900,10.00,yes
2026-09-30T00:57:42.33918Z,0.3200,100.00,yes
2026-09-30T00:57:42.33918Z,0.3100,1.00,yes
2026-09-30T00:57:42.33918Z,0.3200,87.00,yes
2026-09-30T00:57:42.33918Z,0.3200,2.00,yes
2026-09-30T00:57:42.33918Z,0.3100,47.00,yes
2026-09-30T00:57:42.33918Z,0.3200,10.00,yes
2026-09-30T00:57:42.33918Z,0.3000,54.00,yes
2026-09-30T00:57:42.33918Z,0.3100,6.00,yes
2026-09-30T00:57:42.33918Z,0.3100,1.00,yes
2026-09-30T00:57:42.33918Z,0.3200,50.07,yes
2026-09-30T00:57:42.33918Z,0.3200,55.00,yes
2026-09-30T00:57:42.33918Z,0.3200,0.01,yes
2026-09-30T00:57:42.33918Z,0.3100,0.01,yes
2026-09-30T00:57:42.33918Z,0.3000,10.00,yes
2026-09-30T00:57:42.33918Z,0.3200,8.00,yes
2026-09-30T00:57:42.33918Z,0.3100,5.00,yes
2026-09-30T00:57:42.33918Z,0.3000,0.01,yes
2026-09-30T00:57:42.33918Z,0.3200,1.00,yes
2026-09-30T00:57:42.33918Z,0.3000,26.73,yes
2026-09-30T00:57:42.452636Z,0.3200,6.81,no
2026-09-30T00:57:42.454692Z,0.3200,2.00,no
2026-09-30T00:57:44.422213Z,0.3200,72.50,no
2026-09-30T00:57:45.285729Z,0.3300,0.54,yes
2026-09-30T00:57:45.29871Z,0.3300,86.92,yes
2026-09-30T00:57:45.303631Z,0.3200,44.50,no
2026-09-30T00:57:45.661459Z,0.3300,578.90,yes
2026-09-30T00:57:45.669814Z,0.3200,22.56,no
2026-09-30T00:57:45.892875Z,0.3300,7.23,yes
2026-09-30T00:57:46.856346Z,0.3300,289.45,yes
2026-09-30T00:57:48.78652Z,0.3200,5.00,no
2026-09-30T00:57:51.196425Z,0.3200,654.46,no
2026-09-30T00:57:51.220986Z,0.3300,2.89,yes
2026-09-30T00:57:52.221484Z,0.3300,1.44,yes
2026-09-30T00:57:52.290263Z,0.3300,289.45,yes
2026-09-30T00:57:52.562209Z,0.3200,21.34,no
2026-09-30T00:57:52.562209Z,0.3200,27.04,no
2026-09-30T00:57:52.87375Z,0.3300,289.45,yes
2026-09-30T00:57:54.184198Z,0.3200,4.08,no
2026-09-30T00:57:56.286425Z,0.3200,12.97,no
2026-09-30T00:57:56.428362Z,0.3200,1248.91,no
2026-09-30T00:57:56.428362Z,0.3200,778.83,no
2026-09-30T00:57:58.993942Z,0.3400,32.50,yes
2026-09-30T00:57:58.993942Z,0.3300,0.01,yes
2026-09-30T00:57:58.993942Z,0.3300,0.01,yes
2026-09-30T00:57:58.993942Z,0.3300,4.00,yes
2026-09-30T00:57:58.993942Z,0.3300,5.00,yes
2026-09-30T00:57:58.993942Z,0.3400,0.01,yes
2026-09-30T00:57:58.993942Z,0.3400,0.35,yes
2026-09-30T00:57:59.078424Z,0.3400,25.04,yes
2026-09-30T00:57:59.665804Z,0.3400,0.02,yes
2026-09-30T00:58:00.675353Z,0.3100,1.39,no
2026-09-30T00:58:00.675353Z,0.3200,0.01,no
2026-09-30T00:58:00.675353Z,0.3100,0.01,no
2026-09-30T00:58:01.314907Z,0.3200,10.00,yes
2026-09-30T00:58:01.314907Z,0.3200,10.00,yes
2026-09-30T00:58:01.314907Z,0.3300,72.00,yes
2026-09-30T00:58:01.314907Z,0.3300,55.00,yes
2026-09-30T00:58:01.314907Z,0.3300,14.61,yes
2026-09-30T00:58:01.314907Z,0.3200,1.00,yes
2026-09-30T00:58:01.314907Z,0.3200,40.00,yes
2026-09-30T00:58:01.781693Z,0.3200,3.00,yes
2026-09-30T00:58:01.781693Z,0.3200,1.00,yes
2026-09-30T00:58:01.781693Z,0.3200,10.00,yes
2026-09-30T00:58:01.781693Z,0.3200,10.00,yes
2026-09-30T00:58:01.781693Z,0.3300,16.17,yes
2026-09-30T00:58:04.075232Z,0.3000,0.01,no
2026-09-30T00:58:05.536259Z,0.3000,4.00,yes
2026-09-30T00:58:05.536259Z,0.3100,3.00,yes
2026-09-30T00:58:05.536259Z,0.3700,64.00,yes
2026-09-30T00:58:05.536259Z,0.3100,0.01,yes
2026-09-30T00:58:05.536259Z,0.3100,0.01,yes
2026-09-30T00:58:05.536259Z,0.3700,1.00,yes
2026-09-30T00:58:05.536259Z,0.3500,6.00,yes
2026-09-30T00:58:05.536259Z,0.3500,1.00,yes
2026-09-30T00:58:05.536259Z,0.3400,1.00,yes
2026-09-30T00:58:05.536259Z,0.3700,64.45,yes
2026-09-30T00:58:05.536259Z,0.3600,3.00,yes
2026-09-30T00:58:05.536259Z,0.3300,5.00,yes
2026-09-30T00:58:05.536259Z,0.3300,10.00,yes
2026-09-30T00:58:05.536259Z,0.3400,3.00,yes
2026-09-30T00:58:05.536259Z,0.3800,1.00,yes
2026-09-30T00:58:05.536259Z,0.3800,1.00,yes
2026-09-30T00:58:05.536259Z,0.3900,1.00,yes
2026-09-30T00:58:05.536259Z,0.3900,1.00,yes
2026-09-30T00:58:05.536259Z,0.3900,2220.00,yes
2026-09-30T00:58:05.536259Z,0.3300,1.00,yes
2026-09-30T00:58:05.536259Z,0.3900,1.00,yes
2026-09-30T00:58:05.536259Z,0.3500,1.00,yes
2026-09-30T00:58:05.536259Z,0.3800,2.00,yes
2026-09-30T00:58:05.536259Z,0.3600,1.00,yes
2026-09-30T00:58:05.536259Z,0.3500,1.00,yes
2026-09-30T00:58:05.536259Z,0.3400,1.00,yes
2026-09-30T00:58:05.536259Z,0.3400,6.00,yes
2026-09-30T00:58:05.536259Z,0.3600,1.00,yes
2026-09-30T00:58:05.536259Z,0.3200,10.00,yes
2026-09-30T00:58:05.536259Z,0.3800,100.00,yes
2026-09-30T00:58:05.536259Z,0.3200,9.00,yes
2026-09-30T00:58:05.536259Z,0.3600,8.00,yes
2026-09-30T00:58:05.536259Z,0.3200,55.00,yes
2026-09-30T00:58:05.536259Z,0.3300,1.00,yes
2026-09-30T00:58:05.536259Z,0.3300,80.00,yes
2026-09-30T00:58:05.536259Z,0.3600,1.00,yes
2026-09-30T00:58:05.536259Z,0.3500,10.00,yes
2026-09-30T00:58:05.536259Z,0.3700,8.00,yes
2026-09-30T00:58:05.536259Z,0.3200,2.00,yes
2026-09-30T00:58:05.536259Z,0.3200,1.00,yes
2026-09-30T00:58:05.536259Z,0.3000,11.23,yes
2026-09-30T00:58:05.536259Z,0.3100,1.00,yes
2026-09-30T00:58:05.536259Z,0.3000,0.01,yes
2026-09-30T00:58:05.536259Z,0.3200,21.00,yes
2026-09-30T00:58:05.536259Z,0.3000,0.01,yes
2026-09-30T00:58:05.536259Z,0.3800,100.00,yes
2026-09-30T00:58:05.536259Z,0.3700,0.01,yes
2026-09-30T00:58:05.536259Z,0.3700,1.00,yes
2026-09-30T00:58:05.536259Z,0.3500,0.01,yes
2026-09-30T00:58:05.536259Z,0.3600,0.01,yes
2026-09-30T00:58:05.536259Z,0.3700,1.00,yes
2026-09-30T00:58:05.536259Z,0.4000,150.00,yes
2026-09-30T00:58:05.536259Z,0.3900,7.00,yes
2026-09-30T00:58:05.536259Z,0.3800,1.00,yes
2026-09-30T00:58:05.536259Z,0.3800,150.00,yes
2026-09-30T00:58:05.536259Z,0.3700,1.00,yes
2026-09-30T00:58:05.536259Z,0.3700,63.83,yes
2026-09-30T00:58:05.536259Z,0.3900,1.00,yes
2026-09-30T00:58:05.536259Z,0.3500,43.00,yes
2026-09-30T00:58:05.536259Z,0.3900,2.00,yes
2026-09-30T00:58:05.536259Z,0.4000,2.00,yes
2026-09-30T00:58:05.536259Z,0.4000,1.00,yes
2026-09-30T00:58:05.536259Z,0.4000,2.00,yes
2026-09-30T00:58:05.536259Z,0.3800,6.00,yes
2026-09-30T00:58:05.536259Z,0.3800,3.00,yes
2026-09-30T00:58:05.536259Z,0.4000,1870.00,yes
2026-09-30T00:58:05.536259Z,0.3700,27.31,yes
2026-09-30T00:58:05.536259Z,0.3400,2.00,yes
2026-09-30T00:58:05.536259Z,0.3500,132.00,yes
2026-09-30T00:58:05.536259Z,0.3500,29.00,yes
2026-09-30T00:58:05.536259Z,0.3400,2.00,yes
2026-09-30T00:58:05.536259Z,0.4000,3000.00,yes
2026-09-30T00:58:05.536259Z,0.3600,9.22,yes
2026-09-30T00:58:05.536259Z,0.3800,341.00,yes
2026-09-30T00:58:05.536259Z,0.3800,126.00,yes
2026-09-30T00:58:05.536259Z,0.4000,2849.10,yes
2026-09-30T00:58:05.536259Z,0.3900,834.00,yes
2026-09-30T00:58:05.536259Z,0.3500,1.00,yes
2026-09-30T00:58:05.536259Z,0.4000,11330.00,yes
2026-09-30T00:58:05.536259Z,0.3400,192.44,yes
2026-09-30T00:58:05.536259Z,0.3400,0.01,yes
2026-09-30T00:58:05.536259Z,0.3400,0.01,yes
2026-09-30T00:58:05.536259Z,0.3500,12.00,yes
2026-09-30T00:58:05.536259Z,0.3500,0.01,yes
2026-09-30T00:58:05.536259Z,0.3600,0.01,yes
2026-09-30T00:58:05.536259Z,0.3700,25.00,yes
2026-09-30T00:58:07.57544Z,0.3200,3.00,yes
2026-09-30T00:58:07.57544Z,0.3900,1000.00,yes
2026-09-30T00:58:07.57544Z,0.3600,28.00,yes
2026-09-30T00:58:07.57544Z,0.3600,1.00,yes
2026-09-30T00:58:07.57544Z,0.3400,505.00,yes
2026-09-30T00:58:07.57544Z,0.3300,55.00,yes
2026-09-30T00:58:07.57544Z,0.3300,74.74,yes
2026-09-30T00:58:07.57544Z,0.3300,72.00,yes
2026-09-30T00:58:07.57544Z,0.3400,2.00,yes
2026-09-30T00:58:07.57544Z,0.3600,3.00,yes
2026-09-30T00:58:07.57544Z,0.3700,3.00,yes
2026-09-30T00:58:07.57544Z,0.3900,3.00,yes
2026-09-30T00:58:07.57544Z,0.3800,5.00,yes
2026-09-30T00:58:07.57544Z,0.3300,1.00,yes
2026-09-30T00:58:07.57544Z,0.3600,4.00,yes
2026-09-30T00:58:07.57544Z,0.3700,129.00,yes
2026-09-30T00:58:07.57544Z,0.3800,7.00,yes
2026-09-30T00:58:07.57544Z,0.3300,80.00,yes
2026-09-30T00:58:07.57544Z,0.3200,10.00,yes
2026-09-30T00:58:07.57544Z,0.3400,0.01,yes
2026-09-30T00:58:07.57544Z,0.3600,44.00,yes
2026-09-30T00:58:07.57544Z,0.3300,43.00,yes
2026-09-30T00:58:07.57544Z,0.3300,10.00,yes
2026-09-30T00:58:07.57544Z,0.3700,1.00,yes
2026-09-30T00:58:07.57544Z,0.3700,3.00,yes
2026-09-30T00:58:07.57544Z,0.3400,7.00,yes
2026-09-30T00:58:07.57544Z,0.3300,2.00,yes
2026-09-30T00:58:07.57544Z,0.3800,16.00,yes
2026-09-30T00:58:07.57544Z,0.3500,7.00,yes
2026-09-30T00:58:07.57544Z,0.3500,5.00,yes
2026-09-30T00:58:07.57544Z,0.3200,3.00,yes
2026-09-30T00:58:07.57544Z,0.3900,10.00,yes
2026-09-30T00:58:07.57544Z,0.4000,1392.59,yes
2026-09-30T00:58:07.57544Z,0.4000,150.90,yes
2026-09-30T00:58:07.57544Z,0.4000,100.00,yes
2026-09-30T00:58:09.553314Z,0.3600,46.15,yes
2026-09-30T00:58:09.553314Z,0.3200,1.00,yes
2026-09-30T00:58:09.553314Z,0.3400,1.00,yes
2026-09-30T00:58:09.553314Z,0.3500,3.00,yes
2026-09-30T00:58:09.553314Z,0.3500,2.00,yes
2026-09-30T00:58:09.553314Z,0.3500,2.00,yes
2026-09-30T00:58:09.553314Z,0.3600,10.00,yes
2026-09-30T00:58:09.553314Z,0.3200,1.00,yes
2026-09-30T00:58:09.553314Z,0.3600,10.00,yes
2026-09-30T00:58:09.553314Z,0.3600,1.00,yes
2026-09-30T00:58:09.553314Z,0.3400,1.00,yes
2026-09-30T00:58:09.553314Z,0.3600,1.00,yes
2026-09-30T00:58:09.553314Z,0.3500,2.00,yes
2026-09-30T00:58:09.553314Z,0.3400,0.01,yes
2026-09-30T00:58:09.553314Z,0.3600,25.00,yes
2026-09-30T00:58:09.553314Z,0.3600,1.00,yes
2026-09-30T00:58:09.553314Z,0.3500,1.00,yes
2026-09-30T00:58:09.553314Z,0.3400,1.00,yes
2026-09-30T00:58:09.553314Z,0.3500,1.00,yes
2026-09-30T00:58:09.553314Z,0.3300,1.00,yes
2026-09-30T00:58:09.553314Z,0.3300,1.00,yes
2026-09-30T00:58:09.553314Z,0.3200,0.01,yes
2026-09-30T00:58:10.468864Z,0.3700,1.00,yes
2026-09-30T00:58:10.468864Z,0.3700,1.00,yes
2026-09-30T00:58:10.468864Z,0.3700,1.00,yes
2026-09-30T00:58:10.468864Z,0.3700,5.62,yes
2026-09-30T00:58:10.468864Z,0.3700,1.00,yes
2026-09-30T00:58:10.468864Z,0.3600,1.00,yes
2026-09-30T00:58:10.468864Z,0.3500,3.00,yes
2026-09-30T00:58:10.468864Z,0.3300,1.00,yes
2026-09-30T00:58:10.468864Z,0.3400,0.01,yes
2026-09-30T00:58:10.468864Z,0.3500,2.00,yes
2026-09-30T00:58:10.468864Z,0.3400,1.00,yes
2026-09-30T00:58:10.468864Z,0.3600,1.00,yes
2026-09-30T00:58:10.468864Z,0.3300,1.00,yes
2026-09-30T00:58:10.468864Z,0.3400,1.00,yes
2026-09-30T00:58:10.468864Z,0.3600,1.00,yes
2026-09-30T00:58:10.682979Z,0.3800,22.61,yes
2026-09-30T00:58:10.682979Z,0.3700,1.00,yes
2026-09-30T00:58:10.682979Z,0.3700,1.00,yes
2026-09-30T00:58:10.682979Z,0.3600,1.00,yes
2026-09-30T00:58:10.682979Z,0.3700,8.38,yes
2026-09-30T00:58:10.682979Z,0.3500,1.00,yes
2026-09-30T00:58:10.682979Z,0.3400,0.01,yes
2026-09-30T00:58:10.682979Z,0.3400,1.00,yes
2026-09-30T00:58:10.682979Z,0.3400,3.00,yes
2026-09-30T00:58:10.682979Z,0.3700,15.00,yes
2026-09-30T00:58:10.682979Z,0.3500,1.00,yes
2026-09-30T00:58:10.682979Z,0.3700,55.00,yes
2026-09-30T00:58:11.052931Z,0.3300,1.00,no
2026-09-30T00:58:12.837294Z,0.3400,0.07,yes
2026-09-30T00:58:12.837294Z,0.3400,0.01,yes
2026-09-30T00:58:12.973309Z,0.3400,1.00,yes
2026-09-30T00:58:12.973309Z,0.3400,1.00,yes
2026-09-30T00:58:12.973309Z,0.3400,0.93,yes
2026-09-30T00:58:12.973309Z,0.3400,1.00,yes
2026-09-30T00:58:12.973309Z,0.3500,1.00,yes
2026-09-30T00:58:12.973309Z,0.3500,3.00,yes
2026-09-30T00:58:12.973309Z,0.3500,1.00,yes
2026-09-30T00:58:12.973309Z,0.3500,31.30,yes
2026-09-30T00:58:13.216864Z,0.3500,3.51,yes
2026-09-30T00:58:13.216864Z,0.3400,0.01,yes
2026-09-30T00:58:13.216864Z,0.3400,1.00,yes
2026-09-30T00:58:13.216864Z,0.3400,1.00,yes
2026-09-30T00:58:13.761808Z,0.3500,57.80,yes
2026-09-30T00:58:13.761808Z,0.3500,1.00,yes
2026-09-30T00:58:13.761808Z,0.3400,1.00,yes
2026-09-30T00:58:13.761808Z,0.3400,0.01,yes
2026-09-30T00:58:13.761808Z,0.3500,1.00,yes
2026-09-30T00:58:13.761808Z,0.3400,1.00,yes
2026-09-30T00:58:15.130704Z,0.3400,1.00,yes
2026-09-30T00:58:15.130704Z,0.3400,1.00,yes
2026-09-30T00:58:15.130704Z,0.3400,0.01,yes
2026-09-30T00:58:15.130704Z,0.3400,0.76,yes
2026-09-30T00:58:15.249913Z,0.3400,50.95,yes
2026-09-30T00:58:15.360477Z,0.3500,21.43,yes
2026-09-30T00:58:15.360477Z,0.3400,1.00,yes
2026-09-30T00:58:15.360477Z,0.3400,1.00,yes
2026-09-30T00:58:15.360477Z,0.3400,1.00,yes
2026-09-30T00:58:15.360477Z,0.3400,149.00,yes
2026-09-30T00:58:15.360477Z,0.3500,68.00,yes
2026-09-30T00:58:15.360477Z,0.3500,1.00,yes
2026-09-30T00:58:15.360477Z,0.3400,4.00,yes
2026-09-30T00:58:15.360477Z,0.3500,1.00,yes
2026-09-30T00:58:15.88101Z,0.3600,1.00,yes
2026-09-30T00:58:15.88101Z,0.3600,1.00,yes
2026-09-30T00:58:15.88101Z,0.3600,17.67,yes
2026-09-30T00:58:15.88101Z,0.3500,1.00,yes
2026-09-30T00:58:15.88101Z,0.3500,31.00,yes
2026-09-30T00:58:15.88101Z,0.3400,0.01,yes
2026-09-30T00:58:15.88101Z,0.3500,1.00,yes
2026-09-30T00:58:15.88101Z,0.3600,1.00,yes
2026-09-30T00:58:16.410054Z,0.3400,1.00,yes
2026-09-30T00:58:16.410054Z,0.3400,1.00,yes
2026-09-30T00:58:16.410054Z,0.3400,1.00,yes
2026-09-30T00:58:16.410054Z,0.3400,0.01,yes
2026-09-30T00:58:16.410054Z,0.3500,23.57,yes
2026-09-30T00:58:17.395003Z,0.3400,0.01,yes
2026-09-30T00:58:17.395003Z,0.3500,4.34,yes
2026-09-30T00:58:18.075536Z,0.3400,0.01,yes
2026-09-30T00:58:18.075536Z,0.3500,4.00,yes
2026-09-30T00:58:18.075536Z,0.3500,1.00,yes
2026-09-30T00:58:18.075536Z,0.3500,68.00,yes
2026-09-30T00:58:18.075536Z,0.3600,22.33,yes
2026-09-30T00:58:18.075536Z,0.3500,1.00,yes
2026-09-30T00:58:18.075536Z,0.3600,99.30,yes
2026-09-30T00:58:18.075536Z,0.3500,27.09,yes
2026-09-30T00:58:18.442031Z,0.3300,0.99,no
2026-09-30T00:58:18.442031Z,0.3300,0.01,no
2026-09-30T00:58:18.886865Z,0.3400,0.01,yes
2026-09-30T00:58:18.886865Z,0.3600,10.00,yes
2026-09-30T00:58:18.886865Z,0.3500,1.00,yes
2026-09-30T00:58:18.886865Z,0.3700,64.00,yes
2026-09-30T00:58:18.886865Z,0.3500,1.00,yes
2026-09-30T00:58:18.886865Z,0.3700,42.00,yes
2026-09-30T00:58:18.886865Z,0.3800,3.00,yes
2026-09-30T00:58:18.886865Z,0.3800,1.00,yes
2026-09-30T00:58:18.886865Z,0.3600,111.70,yes
2026-09-30T00:58:18.886865Z,0.3600,1.00,yes
2026-09-30T00:58:18.886865Z,0.3600,1.00,yes
2026-09-30T00:58:18.886865Z,0.3800,5.88,yes
2026-09-30T00:58:18.886865Z,0.3800,150.00,yes
2026-09-30T00:58:18.886865Z,0.3700,1.00,yes
2026-09-30T00:58:18.886865Z,0.3700,1.00,yes
2026-09-30T00:58:18.886865Z,0.3800,2.00,yes
2026-09-30T00:58:18.886865Z,0.3800,2.00,yes
2026-09-30T00:58:19.338012Z,0.3400,0.01,yes
2026-09-30T00:58:19.338012Z,0.3600,2.60,yes
2026-09-30T00:58:21.932206Z,0.3300,0.01,no
2026-09-30T00:58:21.932206Z,0.3300,23.41,no
2026-09-30T00:58:22.590678Z,0.3600,20.63,yes
2026-09-30T00:58:22.590678Z,0.3600,1.00,yes
2026-09-30T00:58:22.590678Z,0.3500,1.00,yes
2026-09-30T00:58:22.590678Z,0.3600,1.00,yes
2026-09-30T00:58:22.590678Z,0.3400,0.01,yes
2026-09-30T00:58:22.590678Z,0.3400,1.00,yes
2026-09-30T00:58:22.590678Z,0.3500,1.00,yes
2026-09-30T00:58:22.590678Z,0.3400,0.01,yes
2026-09-30T00:58:22.590678Z,0.3400,1.00,yes
2026-09-30T00:58:24.960637Z,0.3300,0.01,no
2026-09-30T00:58:24.960637Z,0.3300,2.00,no
2026-09-30T00:58:24.960637Z,0.3300,18.20,no
2026-09-30T00:58:25.265064Z,0.3500,0.01,yes
2026-09-30T00:58:25.265064Z,0.3400,0.01,yes
2026-09-30T00:58:25.265064Z,0.3500,1.00,yes
2026-09-30T00:58:25.265064Z,0.3400,0.01,yes
2026-09-30T00:58:25.265064Z,0.3500,1.00,yes
2026-09-30T00:58:25.265064Z,0.3600,5.60,yes
2026-09-30T00:58:26.353864Z,0.3400,0.01,yes
2026-09-30T00:58:26.353864Z,0.3400,31.25,yes
2026-09-30T00:58:27.855614Z,0.3400,4.00,yes
2026-09-30T00:58:27.855614Z,0.3500,13.00,yes
2026-09-30T00:58:27.855614Z,0.3400,1.00,yes
2026-09-30T00:58:27.855614Z,0.3400,1.00,yes
2026-09-30T00:58:27.855614Z,0.3400,1.00,yes
2026-09-30T00:58:27.862548Z,0.3600,1.00,yes
2026-09-30T00:58:27.862548Z,0.3600,1.00,yes
2026-09-30T00:58:27.862548Z,0.3600,80.00,yes
2026-09-30T00:58:27.862548Z,0.3500,1.00,yes
2026-09-30T00:58:27.862548Z,0.3500,1.00,yes
2026-09-30T00:58:27.886571Z,0.3700,1.00,yes
2026-09-30T00:58:27.886571Z,0.3700,1.00,yes
2026-09-30T00:58:28.011914Z,0.3800,1.00,yes
2026-09-30T00:58:28.011914Z,0.3900,55.00,yes
2026-09-30T00:58:28.011914Z,0.3800,1.00,yes
2026-09-30T00:58:28.011914Z,0.3800,100.00,yes
2026-09-30T00:58:28.011914Z,0.3900,2.00,yes
2026-09-30T00:58:28.011914Z,0.3900,1.00,yes
2026-09-30T00:58:28.011914Z,0.3900,4.00,yes
2026-09-30T00:58:28.011914Z,0.3900,1.00,yes
2026-09-30T00:58:28.011914Z,0.3800,100.00,yes
2026-09-30T00:58:30.062177Z,0.3900,109.70,no
2026-09-30T00:58:31.304851Z,0.3900,10.00,no
2026-09-30T00:58:32.052013Z,0.3900,96.75,no
2026-09-30T00:58:33.364438Z,0.4000,23.78,yes
2026-09-30T00:58:37.17505Z,0.4000,286.97,yes
2026-09-30T00:58:37.282568Z,0.4000,28.79,yes
2026-09-30T00:58:38.354341Z,0.4000,95.87,yes
2026-09-30T00:58:38.354341Z,0.4000,24.09,yes
2026-09-30T00:58:40.271726Z,0.4000,36.01,yes
2026-09-30T00:58:40.454284Z,0.3900,140.56,no
2026-09-30T00:58:40.755129Z,0.4000,239.92,yes
2026-09-30T00:58:40.945567Z,0.4000,1527.98,yes
2026-09-30T00:58:40.945567Z,0.4000,1591.02,yes
2026-09-30T00:58:43.566827Z,0.4000,18.02,yes
2026-09-30T00:58:43.566827Z,0.4000,1828.00,yes
2026-09-30T00:58:43.566827Z,0.4000,236.98,yes
2026-09-30T00:58:43.566827Z,0.4000,1828.00,yes
2026-09-30T00:58:43.946966Z,0.4000,177.54,yes
2026-09-30T00:58:43.98194Z,0.3900,33.73,no
2026-09-30T00:58:49.75335Z,0.4000,42.65,yes
2026-09-30T00:58:49.777936Z,0.4000,17.00,yes
2026-09-30T00:58:49.855996Z,0.4000,2.39,yes
2026-09-30T00:58:50.459245Z,0.4000,119.96,yes
2026-09-30T00:58:53.200004Z,0.4000,7.19,yes
2026-09-30T00:58:53.983558Z,0.4000,19.19,yes
2026-09-30T00:58:55.377824Z,0.4000,23.99,yes
2026-09-30T00:58:56.192918Z,0.4000,0.01,yes
2026-09-30T00:58:56.192918Z,0.4000,0.01,yes
2026-09-30T00:58:56.192918Z,0.4000,9.98,yes
2026-09-30T00:58:56.67459Z,0.3900,19.92,no
2026-09-30T00:58:57.272236Z,0.4100,35.00,yes
2026-09-30T00:58:57.272236Z,0.4200,41.00,yes
2026-09-30T00:58:57.272236Z,0.4100,1.00,yes
2026-09-30T00:58:57.272236Z,0.4000,1.00,yes
2026-09-30T00:58:57.272236Z,0.4000,80.00,yes
2026-09-30T00:58:57.272236Z,0.4200,80.00,yes
2026-09-30T00:58:57.272236Z,0.4300,98.43,yes
2026-09-30T00:58:57.272236Z,0.4300,1.00,yes
2026-09-30T00:58:57.272236Z,0.4300,1.00,yes
2026-09-30T00:58:57.272236Z,0.4200,4.00,yes
2026-09-30T00:58:57.272236Z,0.4200,1.00,yes
2026-09-30T00:58:57.272236Z,0.4100,0.01,yes
2026-09-30T00:58:57.272236Z,0.4100,1.00,yes
2026-09-30T00:58:57.272236Z,0.4200,1.00,yes
2026-09-30T00:58:57.486687Z,0.4000,0.62,no
2026-09-30T00:58:57.486687Z,0.4000,55.60,no
2026-09-30T00:58:57.779768Z,0.4200,1.00,yes
2026-09-30T00:58:57.779768Z,0.4200,44.76,yes
2026-09-30T00:58:58.378927Z,0.3700,0.01,no
2026-09-30T00:58:58.378927Z,0.3700,2.86,no
2026-09-30T00:58:58.378927Z,0.3800,0.01,no
2026-09-30T00:58:58.378927Z,0.3900,0.01,no
2026-09-30T00:59:00.531302Z,0.3900,19.67,yes
2026-09-30T00:59:02.255457Z,0.3900,491.81,yes
2026-09-30T00:59:02.27106Z,0.3900,8.72,yes
2026-09-30T00:59:03.614921Z,0.3900,245.90,yes
2026-09-30T00:59:04.370083Z,0.3800,2.00,no
2026-09-30T00:59:05.367567Z,0.3700,0.01,no
2026-09-30T00:59:05.367567Z,0.3800,0.01,no
2026-09-30T00:59:05.367567Z,0.3700,1.27,no
2026-09-30T00:59:06.337846Z,0.3900,44.24,yes
2026-09-30T00:59:06.337846Z,0.3900,0.01,yes
2026-09-30T00:59:06.337846Z,0.3900,0.01,yes
2026-09-30T00:59:07.328235Z,0.3900,44.24,yes
2026-09-30T00:59:07.328235Z,0.4100,26.00,yes
2026-09-30T00:59:07.328235Z,0.3900,0.01,yes
2026-09-30T00:59:07.328235Z,0.4200,0.01,yes
2026-09-30T00:59:07.328235Z,0.3900,4.00,yes
2026-09-30T00:59:07.328235Z,0.4200,1.00,yes
2026-09-30T00:59:07.328235Z,0.4200,22.61,yes
2026-09-30T00:59:07.328235Z,0.4100,0.01,yes
2026-09-30T00:59:07.328235Z,0.4000,0.01,yes
2026-09-30T00:59:07.328235Z,0.4000,0.01,yes
2026-09-30T00:59:07.328235Z,0.4200,67.00,yes
2026-09-30T00:59:07.328235Z,0.4100,0.01,yes
2026-09-30T00:59:07.328235Z,0.4000,44.00,yes
2026-09-30T00:59:07.328235Z,0.4000,1.00,yes
2026-09-30T00:59:07.328235Z,0.3900,0.01,yes
2026-09-30T00:59:07.328235Z,0.4000,1.00,yes
2026-09-30T00:59:07.328235Z,0.3900,16.76,yes
2026-09-30T00:59:07.328235Z,0.4100,1.00,yes
2026-09-30T00:59:07.328235Z,0.4100,2.00,yes
2026-09-30T00:59:07.328235Z,0.4100,1.00,yes
2026-09-30T00:59:07.328235Z,0.4100,55.00,yes
2026-09-30T00:59:08.034472Z,0.4400,246.09,yes
2026-09-30T00:59:08.034472Z,0.4400,1.00,yes
2026-09-30T00:59:08.034472Z,0.4400,1.00,yes
2026-09-30T00:59:08.034472Z,0.4200,43.00,yes
2026-09-30T00:59:08.034472Z,0.4200,77.94,yes
2026-09-30T00:59:08.034472Z,0.4300,2.00,yes
2026-09-30T00:59:08.034472Z,0.4200,1.00,yes
2026-09-30T00:59:08.034472Z,0.4200,55.00,yes
2026-09-30T00:59:08.034472Z,0.4200,65.00,yes
2026-09-30T00:59:08.034472Z,0.4300,70.91,yes
2026-09-30T00:59:08.034472Z,0.4200,1.00,yes
2026-09-30T00:59:08.034472Z,0.4300,1.00,yes
2026-09-30T00:59:08.034472Z,0.4300,1.00,yes
2026-09-30T00:59:08.034472Z,0.4200,2.39,yes
2026-09-30T00:59:08.034472Z,0.4300,100.00,yes
2026-09-30T00:59:10.038725Z,0.4200,27.20,yes
2026-09-30T00:59:10.397889Z,0.4200,2.31,yes
2026-09-30T00:59:11.989307Z,0.4000,4.32,yes
2026-09-30T00:59:12.655838Z,0.3900,23.99,yes
2026-09-30T00:59:13.619728Z,0.3900,0.24,yes
2026-09-30T00:59:13.674717Z,0.4000,64.00,yes
2026-09-30T00:59:13.674717Z,0.4000,44.00,yes
2026-09-30T00:59:13.674717Z,0.3900,3.76,yes
2026-09-30T00:59:13.674717Z,0.4000,45.00,yes
2026-09-30T00:59:13.674717Z,0.4100,2.00,yes
2026-09-30T00:59:13.674717Z,0.4100,1.00,yes
2026-09-30T00:59:13.674717Z,0.4100,40.00,yes
2026-09-30T00:59:13.674717Z,0.4000,1.00,yes
2026-09-30T00:59:13.674717Z,0.4000,1.00,yes
2026-09-30T00:59:13.674717Z,0.3900,80.00,yes
2026-09-30T00:59:13.674717Z,0.3900,150.00,yes
2026-09-30T00:59:13.674717Z,0.3900,6.00,yes
2026-09-30T00:59:13.674717Z,0.3900,1.00,yes
2026-09-30T00:59:13.674717Z,0.3900,1.00,yes
2026-09-30T00:59:13.674717Z,0.4100,27.00,yes
2026-09-30T00:59:13.70139Z,0.4200,1.00,yes
2026-09-30T00:59:13.70139Z,0.4200,1.00,yes
2026-09-30T00:59:13.70139Z,0.4200,21.49,yes
2026-09-30T00:59:13.70139Z,0.4200,1.00,yes
2026-09-30T00:59:13.70139Z,0.4200,1.00,yes
2026-09-30T00:59:13.70139Z,0.4200,23.00,yes
2026-09-30T00:59:13.762818Z,0.4300,100.00,yes
2026-09-30T00:59:13.762818Z,0.4300,1.00,yes
2026-09-30T00:59:13.762818Z,0.4300,1.00,yes
2026-09-30T00:59:13.885934Z,0.4400,0.01,yes
2026-09-30T00:59:13.885934Z,0.4400,1.00,yes
2026-09-30T00:59:13.885934Z,0.4400,238.00,yes
2026-09-30T00:59:14.432114Z,0.4500,0.01,yes
2026-09-30T00:59:14.432114Z,0.4500,0.01,yes
2026-09-30T00:59:14.432114Z,0.4500,4.25,yes
2026-09-30T00:59:14.464269Z,0.4500,55.00,yes
2026-09-30T00:59:14.464269Z,0.4500,248.75,yes
2026-09-30T00:59:15.316018Z,0.4600,20.94,yes
2026-09-30T00:59:17.558015Z,0.4600,104.73,yes
2026-09-30T00:59:19.722587Z,0.4600,209.47,yes
2026-09-30T00:59:20.393202Z,0.4500,30.20,no
2026-09-30T00:59:20.682454Z,0.4600,62.84,yes
2026-09-30T00:59:20.820863Z,0.4600,23.04,yes
2026-09-30T00:59:21.628238Z,0.4600,36.82,yes
2026-09-30T00:59:22.653936Z,0.4600,5.00,yes
2026-09-30T00:59:22.707537Z,0.4600,41.89,yes
2026-09-30T00:59:22.754782Z,0.4600,0.02,yes
2026-09-30T00:59:22.76884Z,0.4600,4.18,yes
2026-09-30T00:59:22.967253Z,0.4500,16.84,no
2026-09-30T00:59:23.344115Z,0.4500,27.77,no
2026-09-30T00:59:24.731681Z,0.4600,8.71,yes
2026-09-30T00:59:26.443865Z,0.4600,0.01,yes
2026-09-30T00:59:26.443865Z,0.4600,1.00,yes
2026-09-30T00:59:26.443865Z,0.4600,0.99,yes
2026-09-30T00:59:26.971689Z,0.4600,10.49,yes
2026-09-30T00:59:27.476542Z,0.4600,20.94,yes
2026-09-30T00:59:27.954554Z,0.4700,1.00,yes
2026-09-30T00:59:27.954554Z,0.4700,1.00,yes
2026-09-30T00:59:27.954554Z,0.4600,0.01,yes
2026-09-30T00:59:27.954554Z,0.4700,18.51,yes
2026-09-30T00:59:28.35942Z,0.4700,0.09,yes
2026-09-30T00:59:28.532733Z,0.4500,3.22,no
2026-09-30T00:59:28.532733Z,0.4500,83.00,no
2026-09-30T00:59:28.532733Z,0.4600,2.00,no
2026-09-30T00:59:29.799076Z,0.4700,20.00,yes
2026-09-30T00:59:31.644389Z,0.4600,104.75,yes
2026-09-30T00:59:32.735859Z,0.4600,523.68,yes
2026-09-30T00:59:33.124865Z,0.4600,104.73,yes
2026-09-30T00:59:33.221566Z,0.4500,0.01,no
2026-09-30T00:59:33.240174Z,0.4400,0.01,no
2026-09-30T00:59:33.44137Z,0.4400,4.00,yes
2026-09-30T00:59:33.44137Z,0.4400,1.00,yes
2026-09-30T00:59:33.44137Z,0.4400,1.00,yes
2026-09-30T00:59:33.841633Z,0.4500,4.28,yes
2026-09-30T00:59:34.713122Z,0.4500,656.93,yes
2026-09-30T00:59:36.950859Z,0.4500,7.74,yes
2026-09-30T00:59:37.034386Z,0.4500,2736.85,yes
2026-09-30T00:59:37.041048Z,0.4600,55.00,yes
2026-09-30T00:59:37.041048Z,0.4500,6000.00,yes
2026-09-30T00:59:37.041048Z,0.4500,1.00,yes
2026-09-30T00:59:37.041048Z,0.4500,68.64,yes
2026-09-30T00:59:37.041048Z,0.4500,1.00,yes
2026-09-30T00:59:37.041048Z,0.4500,2643.01,yes
2026-09-30T00:59:37.041048Z,0.4500,71.00,yes
2026-09-30T00:59:37.041048Z,0.4600,336.61,yes
2026-09-30T00:59:37.041048Z,0.4600,1.00,yes
2026-09-30T00:59:37.041048Z,0.4600,1.00,yes
2026-09-30T00:59:37.041048Z,0.4500,10.00,yes
2026-09-30T00:59:37.041048Z,0.4500,3.00,yes
2026-09-30T00:59:37.041048Z,0.4500,472.98,yes
2026-09-30T00:59:37.041048Z,0.4500,467.00,yes
2026-09-30T00:59:37.041048Z,0.4500,936.00,yes
2026-09-30T00:59:37.041048Z,0.4500,1010.00,yes
2026-09-30T00:59:37.041048Z,0.4500,505.00,yes
2026-09-30T00:59:37.808543Z,0.4600,10.47,yes
2026-09-30T00:59:38.027701Z,0.4600,20.94,yes
2026-09-30T00:59:38.21631Z,0.4600,10.47,yes
2026-09-30T00:59:39.568073Z,0.4600,414.75,yes
2026-09-30T00:59:40.752522Z,0.4600,20.94,yes
2026-09-30T00:59:40.788376Z,0.4600,10.47,yes
2026-09-30T00:59:41.922212Z,0.4600,43.17,yes
2026-09-30T00:59:41.922212Z,0.4600,3.00,yes
2026-09-30T00:59:41.922212Z,0.4600,1.00,yes
2026-09-30T00:59:41.922212Z,0.4600,1.00,yes
2026-09-30T00:59:43.124279Z,0.4600,30.83,yes
2026-09-30T00:59:43.124279Z,0.4600,28.61,yes
2026-09-30T00:59:44.169037Z,0.4500,10.00,no
2026-09-30T00:59:44.169037Z,0.4400,2.00,no
2026-09-30T00:59:44.169037Z,0.4300,11.96,no
2026-09-30T00:59:44.169037Z,0.4300,0.01,no
2026-09-30T00:59:44.169037Z,0.4500,0.01,no
2026-09-30T00:59:44.169037Z,0.4400,0.01,no
2026-09-30T00:59:44.83413Z,0.4600,2.00,yes
2026-09-30T00:59:44.83413Z,0.4600,1.00,yes
2026-09-30T00:59:44.83413Z,0.4600,3.00,yes
2026-09-30T00:59:44.83413Z,0.4600,1.00,yes
2026-09-30T00:59:44.83413Z,0.4600,1.00,yes
2026-09-30T00:59:44.83413Z,0.4700,33.05,yes
2026-09-30T00:59:45.180076Z,0.4700,3.99,yes
2026-09-30T00:59:45.180076Z,0.4700,0.01,yes
2026-09-30T00:59:45.180076Z,0.4700,0.01,yes
2026-09-30T00:59:45.703848Z,0.4700,4.10,yes
2026-09-30T00:59:45.990639Z,0.4600,20.52,no
2026-09-30T00:59:46.040636Z,0.4600,2813.29,no
2026-09-30T00:59:47.600251Z,0.4700,20.51,yes
2026-09-30T00:59:48.737648Z,0.4700,106.00,yes
2026-09-30T00:59:49.324003Z,0.4600,54.65,no
2026-09-30T00:59:49.632519Z,0.4700,51.28,yes
2026-09-30T00:59:50.255574Z,0.4700,10.25,yes
2026-09-30T00:59:50.819763Z,0.4700,41.03,yes
2026-09-30T00:59:51.837896Z,0.4600,22.88,no
2026-09-30T00:59:52.745193Z,0.4600,2.81,no
2026-09-30T00:59:54.509445Z,0.4600,2.00,no
2026-09-30T00:59:54.590081Z,0.4700,4.10,yes
2026-09-30T00:59:55.743875Z,0.4700,40.21,yes
2026-09-30T00:59:55.930672Z,0.4700,41.03,yes
2026-09-30T00:59:56.888369Z,0.4700,2.05,yes
2026-09-30T00:59:57.870555Z,0.4700,262.59,yes
2026-09-30T00:59:58.004912Z,0.4700,117.75,yes
2026-09-30T00:59:58.173417Z,0.4700,0.51,yes
2026-09-30T00:59:59.469591Z,0.4700,10.00,yes
2026-09-30T01:00:00.29943Z,0.4700,1025.77,yes
2026-09-30T01:00:00.310163Z,0.4700,8.83,yes
2026-09-30T01:00:00.310163Z,0.4700,0.01,yes
2026-09-30T01:00:00.423228Z,0.4700,132.34,no
2026-09-30T01:00:00.482362Z,0.4800,0.01,yes
2026-09-30T01:00:00.482362Z,0.4800,1.00,yes
2026-09-30T01:00:00.990828Z,0.4800,50.00,no
2026-09-30T01:00:01.680918Z,0.4800,91.41,no
2026-09-30T01:00:02.012213Z,0.4900,5.88,yes
2026-09-30T01:00:02.012213Z,0.4900,1.00,yes
2026-09-30T01:00:02.012213Z,0.4900,1.00,yes
2026-09-30T01:00:02.327571Z,0.4800,98.70,no
2026-09-30T01:00:02.747912Z,0.4800,365.89,no
2026-09-30T01:00:02.83723Z,0.4800,150.16,no
2026-09-30T01:00:03.14835Z,0.4900,26.18,yes
2026-09-30T01:00:04.644755Z,0.4900,650.25,yes
2026-09-30T01:00:05.628339Z,0.4900,39.40,yes
2026-09-30T01:00:05.722429Z,0.4900,9.85,yes
2026-09-30T01:00:06.108235Z,0.4900,197.04,yes
2026-09-30T01:00:06.592366Z,0.4800,245.90,no
2026-09-30T01:00:06.639086Z,0.4900,19.70,yes
2026-09-30T01:00:07.566146Z,0.4900,33.49,yes
2026-09-30T01:00:07.801291Z,0.4800,146.01,no
2026-09-30T01:00:08.727332Z,0.4800,63.29,no
2026-09-30T01:00:09.068343Z,0.4800,26.26,no
2026-09-30T01:00:09.176568Z,0.4900,78.81,yes
2026-09-30T01:00:09.361099Z,0.4900,1.97,yes
2026-09-30T01:00:10.060772Z,0.4900,0.01,yes
2026-09-30T01:00:10.698863Z,0.4800,33.71,no
2026-09-30T01:00:10.698863Z,0.4800,518.54,no
2026-09-30T01:00:10.698863Z,0.4800,98.00,no
2026-09-30T01:00:11.092534Z,0.4800,239.69,no
2026-09-30T01:00:11.845432Z,0.4800,23.67,no
2026-09-30T01:00:12.104919Z,0.4800,78.18,no
2026-09-30T01:00:12.572958Z,0.4900,39.40,yes
2026-09-30T01:00:13.517661Z,0.4900,39.40,yes
2026-09-30T01:00:13.780271Z,0.4900,101.38,yes
2026-09-30T01:00:13.780271Z,0.4900,1858.62,yes
2026-09-30T01:00:14.071473Z,0.4800,6.80,no
2026-09-30T01:00:14.979153Z,0.4900,98.52,yes
2026-09-30T01:00:15.445804Z,0.4800,26.65,no
2026-09-30T01:00:15.858761Z,0.4900,197.04,yes
2026-09-30T01:00:15.886187Z,0.4800,0.24,no
2026-09-30T01:00:17.04577Z,0.4900,980.00,yes
2026-09-30T01:00:17.524688Z,0.4900,4.17,yes
2026-09-30T01:00:17.603475Z,0.4900,19.70,yes
2026-09-30T01:00:18.525533Z,0.4800,177.54,no
2026-09-30T01:00:18.638312Z,0.4800,49.95,no
2026-09-30T01:00:19.210337Z,0.4900,96.00,yes
2026-09-30T01:00:19.615527Z,0.4900,5.14,yes
2026-09-30T01:00:19.979336Z,0.4900,189.16,yes
2026-09-30T01:00:20.133199Z,0.4800,28.18,no
2026-09-30T01:00:20.209915Z,0.4800,23.99,no
2026-09-30T01:00:20.269271Z,0.4800,6.86,no
2026-09-30T01:00:20.962419Z,0.4900,197.04,yes
2026-09-30T01:00:21.722009Z,0.4800,187.51,no
2026-09-30T01:00:22.006918Z,0.4900,2.70,yes
2026-09-30T01:00:22.899349Z,0.4800,99.61,no
2026-09-30T01:00:23.371318Z,0.4800,70.28,no
2026-09-30T01:00:23.905022Z,0.4900,311.78,yes
2026-09-30T01:00:23.957873Z,0.4900,193.10,yes
2026-09-30T01:00:24.218924Z,0.4800,42.55,no
2026-09-30T01:00:24.308958Z,0.4900,19.70,yes
2026-09-30T01:00:24.418616Z,0.4900,10.00,yes
2026-09-30T01:00:24.852709Z,0.4800,132.30,no
2026-09-30T01:00:25.553514Z,0.4900,98.52,yes
2026-09-30T01:00:27.081891Z,0.4900,57.79,yes
2026-09-30T01:00:27.116334Z,0.4900,400.00,yes
2026-09-30T01:00:27.821901Z,0.4900,57.11,yes
2026-09-30T01:00:27.821901Z,0.4900,2.00,yes
2026-09-30T01:00:27.918503Z,0.4900,22.89,yes
2026-09-30T01:00:27.918503Z,0.4900,0.01,yes
2026-09-30T01:00:27.918503Z,0.4900,1.00,yes
2026-09-30T01:00:27.918503Z,0.4900,39.15,yes
2026-09-30T01:00:27.999433Z,0.4900,48.17,yes
2026-09-30T01:00:27.999433Z,0.4900,1.00,yes
2026-09-30T01:00:27.999433Z,0.4900,764.63,yes
2026-09-30T01:00:28.093088Z,0.4900,3.94,yes
2026-09-30T01:00:29.194415Z,0.4100,48.00,no
2026-09-30T01:00:29.194415Z,0.4000,0.01,no
2026-09-30T01:00:29.194415Z,0.4100,0.01,no
2026-09-30T01:00:29.194415Z,0.4200,0.01,no
2026-09-30T01:00:29.194415Z,0.4600,216.00,no
2026-09-30T01:00:29.194415Z,0.4200,50.00,no
2026-09-30T01:00:29.194415Z,0.4400,250.00,no
2026-09-30T01:00:29.194415Z,0.4200,157.00,no
2026-09-30T01:00:29.194415Z,0.4800,34.00,no
2026-09-30T01:00:29.194415Z,0.4000,95.46,no
2026-09-30T01:00:29.194415Z,0.4200,21.00,no
2026-09-30T01:00:29.194415Z,0.4400,1.00,no
2026-09-30T01:00:29.194415Z,0.4000,0.10,no
2026-09-30T01:00:29.194415Z,0.4600,2.00,no
2026-09-30T01:00:29.194415Z,0.4800,0.01,no
2026-09-30T01:00:29.194415Z,0.4700,0.01,no
2026-09-30T01:00:29.194415Z,0.4800,50.00,no
2026-09-30T01:00:29.194415Z,0.4300,5.00,no
2026-09-30T01:00:29.194415Z,0.4600,2.86,no
2026-09-30T01:00:29.194415Z,0.4400,0.01,no
2026-09-30T01:00:29.194415Z,0.4300,0.01,no
2026-09-30T01:00:29.194415Z,0.4600,0.01,no
2026-09-30T01:00:29.194415Z,0.4500,0.01,no
2026-09-30T01:00:29.194415Z,0.4300,186.00,no
2026-09-30T01:00:29.194415Z,0.4800,400.00,no
2026-09-30T01:00:29.319303Z,0.4500,2.00,yes
2026-09-30T01:00:29.319303Z,0.4700,43.00,yes
2026-09-30T01:00:30.609892Z,0.4700,10.25,yes
2026-09-30T01:00:31.390552Z,0.4700,21.75,yes
2026-09-30T01:00:31.390552Z,0.4700,19.27,yes
2026-09-30T01:00:31.979579Z,0.4700,1.64,yes
2026-09-30T01:00:32.465793Z,0.4700,4.10,yes
2026-09-30T01:00:32.746094Z,0.4700,10.25,yes
2026-09-30T01:00:32.855929Z,0.4400,0.01,no
2026-09-30T01:00:32.855929Z,0.4200,0.01,no
2026-09-30T01:00:32.855929Z,0.4300,0.01,no
2026-09-30T01:00:32.855929Z,0.4200,33.60,no
2026-09-30T01:00:32.855929Z,0.4500,0.02,no
2026-09-30T01:00:32.855929Z,0.4300,2.00,no
2026-09-30T01:00:32.855929Z,0.4300,7.14,no
2026-09-30T01:00:33.025366Z,0.4500,0.74,yes
2026-09-30T01:00:33.025366Z,0.4400,0.01,yes
2026-09-30T01:00:34.021963Z,0.4600,3.00,yes
2026-09-30T01:00:34.021963Z,0.4600,39.38,yes
2026-09-30T01:00:34.021963Z,0.4500,42.00,yes
2026-09-30T01:00:34.021963Z,0.4500,20.00,yes
2026-09-30T01:00:34.021963Z,0.4500,1.26,yes
2026-09-30T01:00:35.649497Z,0.4600,0.73,yes
2026-09-30T01:00:36.024781Z,0.4200,0.01,no
2026-09-30T01:00:36.024781Z,0.4200,34.00,no
2026-09-30T01:00:36.024781Z,0.4500,0.02,no
2026-09-30T01:00:36.024781Z,0.4300,2.00,no
2026-09-30T01:00:36.024781Z,0.4200,7.14,no
2026-09-30T01:00:36.024781Z,0.4300,30.00,no
2026-09-30T01:00:36.024781Z,0.4100,34.33,no
2026-09-30T01:00:36.024781Z,0.4100,0.01,no
2026-09-30T01:00:36.024781Z,0.4200,16.40,no
2026-09-30T01:00:36.327418Z,0.4200,5.58,no
2026-09-30T01:00:37.374468Z,0.4800,58.84,yes
2026-09-30T01:00:37.374468Z,0.4600,1.00,yes
2026-09-30T01:00:37.374468Z,0.4800,40.00,yes
2026-09-30T01:00:37.374468Z,0.4500,2.00,yes
2026-09-30T01:00:37.374468Z,0.4700,5.00,yes
2026-09-30T01:00:37.374468Z,0.4600,1.00,yes
2026-09-30T01:00:37.374468Z,0.4500,0.01,yes
2026-09-30T01:00:37.374468Z,0.4700,4.00,yes
2026-09-30T01:00:37.374468Z,0.4700,3.00,yes
2026-09-30T01:00:37.374468Z,0.4700,1.00,yes
2026-09-30T01:00:37.374468Z,0.4800,0.01,yes
2026-09-30T01:00:37.374468Z,0.4800,25.00,yes
2026-09-30T01:00:37.374468Z,0.4800,75.66,yes
2026-09-30T01:00:37.374468Z,0.4700,0.01,yes
2026-09-30T01:00:37.374468Z,0.4800,0.01,yes
2026-09-30T01:00:37.374468Z,0.4800,45.58,yes
2026-09-30T01:00:37.374468Z,0.4700,80.00,yes
2026-09-30T01:00:37.374468Z,0.4600,0.01,yes
2026-09-30T01:00:37.374468Z,0.4600,0.01,yes
2026-09-30T01:00:37.374468Z,0.4800,20.00,yes
2026-09-30T01:00:37.374468Z,0.4800,0.10,yes
2026-09-30T01:00:37.374468Z,0.4700,14.00,yes
2026-09-30T01:00:37.374468Z,0.4800,2.00,yes
2026-09-30T01:00:37.374468Z,0.4600,3.00,yes
2026-09-30T01:00:37.374468Z,0.4500,4.00,yes
2026-09-30T01:00:37.374468Z,0.4700,19.74,yes
2026-09-30T01:00:37.552807Z,0.4200,0.01,no
2026-09-30T01:00:37.552807Z,0.4200,37.55,no
2026-09-30T01:00:37.552807Z,0.4300,2.00,no
2026-09-30T01:00:37.981038Z,0.4600,1.00,yes
2026-09-30T01:00:37.981038Z,0.4600,1.00,yes
2026-09-30T01:00:37.981038Z,0.4600,4.00,yes
2026-09-30T01:00:37.981038Z,0.4700,1.00,yes
2026-09-30T01:00:37.981038Z,0.4600,25.00,yes
2026-09-30T01:00:37.981038Z,0.4500,2.00,yes
2026-09-30T01:00:37.981038Z,0.4700,53.00,yes
2026-09-30T01:00:37.981038Z,0.4700,4.00,yes
2026-09-30T01:00:37.981038Z,0.4600,55.00,yes
2026-09-30T01:00:38.041144Z,0.4200,0.01,no
2026-09-30T01:00:39.080436Z,0.4300,2.00,no
2026-09-30T01:00:39.080436Z,0.4300,14.89,no
2026-09-30T01:00:39.088804Z,0.4600,0.01,yes
2026-09-30T01:00:39.088804Z,0.4600,5.00,yes
2026-09-30T01:00:39.088804Z,0.4600,4.00,yes
2026-09-30T01:00:39.088804Z,0.4600,2.45,yes
2026-09-30T01:00:39.088804Z,0.4600,1.00,yes
2026-09-30T01:00:39.958388Z,0.4600,10.47,yes
2026-09-30T01:00:41.338876Z,0.4600,1.00,yes
2026-09-30T01:00:41.338876Z,0.4600,23.99,yes
2026-09-30T01:00:41.338876Z,0.4600,0.01,yes
2026-09-30T01:00:41.738654Z,0.4600,2.18,yes
2026-09-30T01:00:41.738654Z,0.4600,2.00,yes
2026-09-30T01:00:42.715172Z,0.4600,2.28,yes
2026-09-30T01:00:43.322849Z,0.4800,30.34,yes
2026-09-30T01:00:43.322849Z,0.4700,0.01,yes
2026-09-30T01:00:43.322849Z,0.4700,27.00,yes
2026-09-30T01:00:43.322849Z,0.4800,1.00,yes
2026-09-30T01:00:43.322849Z,0.4800,16.16,yes
2026-09-30T01:00:43.322849Z,0.4800,40.00,yes
2026-09-30T01:00:43.322849Z,0.4600,5.00,yes
2026-09-30T01:00:43.322849Z,0.4600,0.01,yes
2026-09-30T01:00:43.322849Z,0.4600,0.54,yes
2026-09-30T01:00:43.322849Z,0.4700,55.00,yes
2026-09-30T01:00:43.322849Z,0.4700,5.00,yes
2026-09-30T01:00:43.322849Z,0.4600,4.00,yes
2026-09-30T01:00:43.322849Z,0.4600,2.00,yes
2026-09-30T01:00:43.322849Z,0.4600,1.00,yes
2026-09-30T01:00:43.322849Z,0.4600,5.00,yes
2026-09-30T01:00:43.322849Z,0.4700,16.00,yes
2026-09-30T01:00:43.322849Z,0.4600,6.00,yes
2026-09-30T01:00:44.161923Z,0.4600,1.00,yes
2026-09-30T01:00:44.161923Z,0.4600,13.00,yes
2026-09-30T01:00:44.161923Z,0.4700,18.00,yes
2026-09-30T01:00:44.161923Z,0.4600,2.00,yes
2026-09-30T01:00:44.161923Z,0.4700,6.86,yes
2026-09-30T01:00:44.161923Z,0.4700,5.00,yes
2026-09-30T01:00:44.161923Z,0.4700,80.00,yes
2026-09-30T01:00:44.161923Z,0.4600,1.00,yes
2026-09-30T01:00:44.737204Z,0.4300,72.49,no
2026-09-30T01:00:44.737204Z,0.4300,86.00,no
2026-09-30T01:00:44.737204Z,0.4300,0.01,no
2026-09-30T01:00:44.944223Z,0.4700,1.00,yes
2026-09-30T01:00:44.944223Z,0.4600,1.00,yes
2026-09-30T01:00:44.944223Z,0.4600,0.01,yes
2026-09-30T01:00:44.944223Z,0.4600,25.00,yes
2026-09-30T01:00:44.944223Z,0.4600,10.00,yes
2026-09-30T01:00:44.944223Z,0.4700,2.00,yes
2026-09-30T01:00:44.944223Z,0.4700,4.00,yes
2026-09-30T01:00:44.944223Z,0.4700,15.00,yes
2026-09-30T01:00:44.944223Z,0.4500,80.00,yes
2026-09-30T01:00:44.944223Z,0.4500,4.00,yes
2026-09-30T01:00:44.944223Z,0.4600,2.00,yes
2026-09-30T01:00:44.944223Z,0.4600,1.00,yes
2026-09-30T01:00:44.944223Z,0.4700,55.00,yes
2026-09-30T01:00:44.944223Z,0.4800,12.73,yes
2026-09-30T01:00:44.944223Z,0.4700,1.00,yes
2026-09-30T01:00:45.199854Z,0.4400,2.00,no
2026-09-30T01:00:45.199854Z,0.4200,59.00,no
2026-09-30T01:00:45.199854Z,0.4300,86.00,no
2026-09-30T01:00:45.199854Z,0.4100,1.00,no
2026-09-30T01:00:45.199854Z,0.4200,50.00,no
2026-09-30T01:00:45.199854Z,0.4200,0.01,no
2026-09-30T01:00:45.199854Z,0.4100,5.61,no
2026-09-30T01:00:45.728088Z,0.4300,2.00,no
2026-09-30T01:00:45.788324Z,0.4600,2.08,yes
2026-09-30T01:00:45.788324Z,0.4600,0.01,yes
2026-09-30T01:00:46.464321Z,0.4600,14.97,yes
2026-09-30T01:00:46.464321Z,0.4500,4.00,yes
2026-09-30T01:00:46.464321Z,0.4500,2.00,yes
2026-09-30T01:00:47.320426Z,0.4600,2.09,yes
2026-09-30T01:00:48.53933Z,0.4600,0.91,yes
2026-09-30T01:00:48.53933Z,0.4600,0.01,yes
2026-09-30T01:00:48.53933Z,0.4600,2.43,yes
2026-09-30T01:00:49.147659Z,0.4600,2.00,yes
2026-09-30T01:00:49.147659Z,0.4600,8.47,yes
2026-09-30T01:00:49.696611Z,0.4600,1.64,yes
2026-09-30T01:00:49.696611Z,0.4600,2.53,yes
2026-09-30T01:00:50.706819Z,0.4600,13.00,yes
2026-09-30T01:00:50.706819Z,0.4600,0.01,yes
2026-09-30T01:00:50.706819Z,0.4600,1.00,yes
2026-09-30T01:00:50.706819Z,0.4600,1.00,yes
2026-09-30T01:00:50.706819Z,0.4600,2.00,yes
2026-09-30T01:00:50.706819Z,0.4600,1.00,yes
2026-09-30T01:00:50.706819Z,0.4700,63.09,yes
2026-09-30T01:00:50.706819Z,0.4600,3.93,yes
2026-09-30T01:00:50.706819Z,0.4700,4.00,yes
2026-09-30T01:00:50.706819Z,0.4700,55.00,yes
2026-09-30T01:00:50.706819Z,0.4700,0.01,yes
2026-09-30T01:00:52.973362Z,0.4500,2.40,yes
2026-09-30T01:00:52.973362Z,0.4500,0.01,yes
2026-09-30T01:00:52.973362Z,0.4500,4.00,yes
2026-09-30T01:00:53.200978Z,0.4300,0.01,no
2026-09-30T01:00:53.200978Z,0.4300,19.99,no
2026-09-30T01:00:54.151228Z,0.4700,0.01,yes
2026-09-30T01:00:54.151228Z,0.4600,0.01,yes
2026-09-30T01:00:54.151228Z,0.4700,38.90,yes
2026-09-30T01:00:54.151228Z,0.4700,55.00,yes
2026-09-30T01:00:54.151228Z,0.4600,0.01,yes
2026-09-30T01:00:54.151228Z,0.4700,0.01,yes
2026-09-30T01:00:54.151228Z,0.4700,1.00,yes
2026-09-30T01:00:54.151228Z,0.4500,20.00,yes
2026-09-30T01:00:54.151228Z,0.4600,18.00,yes
2026-09-30T01:00:54.151228Z,0.4600,2.00,yes
2026-09-30T01:00:54.151228Z,0.4600,29.00,yes
2026-09-30T01:00:54.151228Z,0.4500,0.01,yes
2026-09-30T01:00:54.151228Z,0.4500,4.00,yes
2026-09-30T01:00:54.151228Z,0.4500,0.01,yes
2026-09-30T01:00:54.151228Z,0.4600,4.00,yes
2026-09-30T01:00:54.151228Z,0.4500,0.01,yes
2026-09-30T01:00:54.151228Z,0.4600,2.00,yes
2026-09-30T01:00:54.151228Z,0.4500,25.00,yes
2026-09-30T01:00:54.151228Z,0.4700,9.00,yes
2026-09-30T01:00:55.103583Z,0.4800,60.10,yes
2026-09-30T01:00:55.103583Z,0.4500,121.10,yes
2026-09-30T01:00:55.103583Z,0.4800,75.00,yes
2026-09-30T01:00:55.103583Z,0.4500,20.00,yes
2026-09-30T01:00:55.103583Z,0.4600,0.01,yes
2026-09-30T01:00:55.103583Z,0.4600,251.00,yes
2026-09-30T01:00:55.103583Z,0.4600,12.00,yes
2026-09-30T01:00:55.103583Z,0.4800,40.00,yes
2026-09-30T01:00:55.103583Z,0.4500,4.00,yes
2026-09-30T01:00:55.103583Z,0.4800,20.00,yes
2026-09-30T01:00:55.103583Z,0.4800,5.00,yes
2026-09-30T01:00:55.103583Z,0.4700,0.01,yes
2026-09-30T01:00:55.103583Z,0.4600,3.00,yes
2026-09-30T01:00:55.103583Z,0.4700,55.00,yes
2026-09-30T01:00:55.103583Z,0.4700,45.00,yes
2026-09-30T01:00:55.103583Z,0.4500,2.00,yes
2026-09-30T01:00:55.103583Z,0.4600,2.00,yes
2026-09-30T01:00:55.103583Z,0.4600,0.01,yes
2026-09-30T01:00:55.103583Z,0.4500,22.00,yes
2026-09-30T01:00:55.103583Z,0.4800,41.00,yes
2026-09-30T01:00:55.103583Z,0.4700,0.01,yes
2026-09-30T01:00:55.103583Z,0.4800,0.01,yes
2026-09-30T01:00:55.103583Z,0.4800,30.36,yes
2026-09-30T01:00:55.103583Z,0.4800,0.01,yes
2026-09-30T01:00:55.108291Z,0.4800,2.00,no
2026-09-30T01:00:55.120143Z,0.4800,2.00,no
2026-09-30T01:00:55.120238Z,0.4800,2.00,no
2026-09-30T01:00:56.642761Z,0.4900,4926.17,yes
2026-09-30T01:00:56.801125Z,0.4800,117.75,no
2026-09-30T01:00:57.21482Z,0.5400,0.10,yes
2026-09-30T01:00:57.21482Z,0.5400,1.00,yes
2026-09-30T01:00:57.21482Z,0.5000,15.00,yes
2026-09-30T01:00:57.21482Z,0.4900,2.00,yes
2026-09-30T01:00:57.21482Z,0.5000,1.00,yes
2026-09-30T01:00:57.21482Z,0.5100,1.00,yes
2026-09-30T01:00:57.21482Z,0.5100,16.00,yes
2026-09-30T01:00:57.21482Z,0.5300,20.00,yes
2026-09-30T01:00:57.21482Z,0.4900,160.00,yes
2026-09-30T01:00:57.21482Z,0.5000,14.00,yes
2026-09-30T01:00:57.21482Z,0.4900,4.00,yes
2026-09-30T01:00:57.21482Z,0.5500,2.00,yes
2026-09-30T01:00:57.21482Z,0.5400,16.00,yes
2026-09-30T01:00:57.21482Z,0.5500,1.00,yes
2026-09-30T01:00:57.21482Z,0.5400,1.00,yes
2026-09-30T01:00:57.21482Z,0.5200,14.00,yes
2026-09-30T01:00:57.21482Z,0.5200,1.00,yes
2026-09-30T01:00:57.21482Z,0.5500,2.00,yes
2026-09-30T01:00:57.21482Z,0.5500,5.00,yes
2026-09-30T01:00:57.21482Z,0.5300,1.00,yes
2026-09-30T01:00:57.21482Z,0.5000,21.00,yes
2026-09-30T01:00:57.21482Z,0.5000,92.24,yes
2026-09-30T01:00:57.21482Z,0.5500,132.00,yes
2026-09-30T01:00:57.21482Z,0.5100,40.00,yes
2026-09-30T01:00:57.21482Z,0.4900,44.00,yes
2026-09-30T01:00:57.21482Z,0.5500,41.00,yes
2026-09-30T01:00:57.21482Z,0.4900,1221.18,yes
2026-09-30T01:00:57.21482Z,0.5200,237.00,yes
2026-09-30T01:00:57.21482Z,0.5400,150.00,yes
2026-09-30T01:00:57.21482Z,0.4900,2.00,yes
2026-09-30T01:00:57.21482Z,0.4900,0.01,yes
2026-09-30T01:00:57.21482Z,0.4900,0.01,yes
2026-09-30T01:00:57.21482Z,0.5200,0.01,yes
2026-09-30T01:00:57.21482Z,0.5200,0.01,yes
2026-09-30T01:00:57.21482Z,0.5300,0.01,yes
2026-09-30T01:00:57.21482Z,0.5400,0.01,yes
2026-09-30T01:00:57.21482Z,0.5400,0.01,yes
2026-09-30T01:00:57.21482Z,0.5100,0.01,yes
2026-09-30T01:00:57.21482Z,0.5100,0.01,yes
2026-09-30T01:00:57.21482Z,0.5300,0.01,yes
2026-09-30T01:00:57.21482Z,0.5000,0.01,yes
2026-09-30T01:00:57.21482Z,0.5000,0.01,yes
2026-09-30T01:00:57.21482Z,0.5500,0.01,yes
2026-09-30T01:00:57.21482Z,0.5500,0.01,yes
2026-09-30T01:00:57.21482Z,0.5300,2.81,yes
2026-09-30T01:00:57.221668Z,0.5900,1.00,yes
2026-09-30T01:00:57.221668Z,0.5700,2.23,yes
2026-09-30T01:00:57.221668Z,0.5700,79.76,yes
2026-09-30T01:00:57.221668Z,0.5600,250.00,yes
2026-09-30T01:00:57.221668Z,0.5700,3.00,yes
2026-09-30T01:00:57.221668Z,0.5700,6.00,yes
2026-09-30T01:00:57.221668Z,0.5800,1.00,yes
2026-09-30T01:00:57.221668Z,0.5600,1.00,yes
2026-09-30T01:00:57.221668Z,0.5600,50.00,yes
2026-09-30T01:00:57.221668Z,0.5600,1.00,yes
2026-09-30T01:00:57.221668Z,0.5600,3.00,yes
2026-09-30T01:00:57.221668Z,0.5800,2.00,yes
2026-09-30T01:00:57.221668Z,0.5900,5.00,yes
2026-09-30T01:00:57.221668Z,0.5800,2.00,yes
2026-09-30T01:00:57.221668Z,0.5800,167.00,yes
2026-09-30T01:00:57.221668Z,0.5700,1.00,yes
2026-09-30T01:00:57.221668Z,0.5900,178.00,yes
2026-09-30T01:00:57.221668Z,0.5700,8.71,yes
2026-09-30T01:00:57.221668Z,0.5600,0.01,yes
2026-09-30T01:00:57.221668Z,0.5600,0.01,yes
2026-09-30T01:00:57.221668Z,0.5800,0.01,yes
2026-09-30T01:00:57.221668Z,0.5700,0.01,yes
2026-09-30T01:00:57.221668Z,0.5800,408.00,yes
2026-09-30T01:00:57.221668Z,0.5600,1.97,yes
2026-09-30T01:00:57.221668Z,0.5800,2.00,yes
2026-09-30T01:00:57.221668Z,0.5600,150.00,yes
2026-09-30T01:00:57.221668Z,0.5700,75.82,yes
2026-09-30T01:00:57.221668Z,0.5900,22.00,yes
2026-09-30T01:00:57.246532Z,0.6000,2.09,yes
2026-09-30T01:00:57.246532Z,0.6000,0.04,yes
2026-09-30T01:00:57.246532Z,0.6000,75.82,yes
2026-09-30T01:00:57.543337Z,0.6100,173.00,yes
2026-09-30T01:00:57.543337Z,0.6100,10.00,yes
2026-09-30T01:00:57.543337Z,0.6100,3.00,yes
2026-09-30T01:00:58.846754Z,0.6100,2.09,no
2026-09-30T01:00:59.176303Z,0.6100,20.00,no
2026-09-30T01:00:59.182512Z,0.6100,6.73,no
2026-09-30T01:01:00.281131Z,0.6100,19.70,no
2026-09-30T01:01:01.477804Z,0.6100,289.45,no
2026-09-30T01:01:01.502442Z,0.6100,254.00,no
2026-09-30T01:01:01.785298Z,0.6200,0.78,yes
2026-09-30T01:01:02.05317Z,0.6100,4.10,no
2026-09-30T01:01:02.646305Z,0.6100,272.83,no
2026-09-30T01:01:02.900753Z,0.6200,34.56,yes
2026-09-30T01:01:02.974346Z,0.6100,23.04,no
2026-09-30T01:01:04.866778Z,0.6100,380.59,no
2026-09-30T01:01:04.999544Z,0.6100,63.05,no
2026-09-30T01:01:05.008145Z,0.6200,10.00,yes
2026-09-30T01:01:05.132691Z,0.6100,189.16,no
2026-09-30T01:01:05.154068Z,0.6100,22.49,no
2026-09-30T01:01:05.283117Z,0.6200,3.12,yes
2026-09-30T01:01:05.41891Z,0.6100,66.17,no
2026-09-30T01:01:05.66784Z,0.6200,0.50,yes
2026-09-30T01:01:06.223259Z,0.6200,23.70,yes
2026-09-30T01:01:06.223259Z,0.6200,1.00,yes
2026-09-30T01:01:06.223259Z,0.6200,5.00,yes
2026-09-30T01:01:06.223259Z,0.6200,26.86,yes
2026-09-30T01:01:06.757831Z,0.6200,10.99,yes
2026-09-30T01:01:08.065926Z,0.6200,4.71,yes
2026-09-30T01:01:09.037953Z,0.6100,98.90,no
2026-09-30T01:01:09.194291Z,0.6100,12.50,no
2026-09-30T01:01:09.396103Z,0.6200,2.35,yes
2026-09-30T01:01:09.87364Z,0.6200,4.25,yes
2026-09-30T01:01:09.87364Z,0.6200,58.59,yes
2026-09-30T01:01:10.267527Z,0.6200,15.71,yes
2026-09-30T01:01:11.227921Z,0.6100,454.54,no
2026-09-30T01:01:11.949019Z,0.6100,2305.05,no
2026-09-30T01:01:12.147133Z,0.6200,157.11,yes
2026-09-30T01:01:12.242338Z,0.6200,15.71,yes
2026-09-30T01:01:12.266139Z,0.6100,7.03,no
2026-09-30T01:01:12.488298Z,0.6200,78.55,yes
2026-09-30T01:01:12.613284Z,0.6200,157.09,yes
2026-09-30T01:01:12.670579Z,0.6200,1.57,yes
2026-09-30T01:01:12.80541Z,0.6100,8.72,no
2026-09-30T01:01:14.443503Z,0.6100,4.43,no
2026-09-30T01:01:14.45833Z,0.6100,932.37,no
2026-09-30T01:01:16.804186Z,0.6200,3.14,yes
2026-09-30T01:01:17.550946Z,0.6200,6.81,yes
2026-09-30T01:01:18.865893Z,0.6200,282.79,yes
2026-09-30T01:01:18.884553Z,0.6100,37.50,no
2026-09-30T01:01:19.513154Z,0.6200,92.69,yes
2026-09-30T01:01:19.686245Z,0.6100,5.00,no
2026-09-30T01:01:19.777983Z,0.6200,9.70,yes
2026-09-30T01:01:20.400871Z,0.6200,7.79,yes
2026-09-30T01:01:20.847958Z,0.6100,22.56,no
2026-09-30T01:01:20.905862Z,0.6100,75.90,no
2026-09-30T01:01:21.25874Z,0.6200,285.93,yes
2026-09-30T01:01:21.551871Z,0.6200,47.12,yes
2026-09-30T01:01:22.140243Z,0.6100,1.53,no
2026-09-30T01:01:22.316446Z,0.6200,1215.70,yes
2026-09-30T01:01:22.316446Z,0.6200,323.98,yes
2026-09-30T01:01:23.005049Z,0.6100,76.66,no
2026-09-30T01:01:23.768951Z,0.6200,1.00,yes
2026-09-30T01:01:24.788599Z,0.6100,2.00,no
2026-09-30T01:01:24.788599Z,0.5900,40.00,no
2026-09-30T01:01:24.788599Z,0.6000,20.00,no
2026-09-30T01:01:24.788599Z,0.5900,100.00,no
2026-09-30T01:01:24.788599Z,0.5900,83.00,no
2026-09-30T01:01:24.788599Z,0.5900,81.00,no
2026-09-30T01:01:24.788599Z,0.5900,5.00,no
2026-09-30T01:01:24.788599Z,0.5900,1.00,no
2026-09-30T01:01:24.788599Z,0.5800,0.01,no
2026-09-30T01:01:24.788599Z,0.5900,0.01,no
2026-09-30T01:01:24.788599Z,0.6000,0.01,no
2026-09-30T01:01:24.788599Z,0.5800,300.00,no
2026-09-30T01:01:24.788599Z,0.6100,0.01,no
2026-09-30T01:01:24.788599Z,0.5800,2049.81,no
2026-09-30T01:01:24.788599Z,0.5900,55.00,no
2026-09-30T01:01:26.700458Z,0.5700,0.01,no
2026-09-30T01:01:26.700458Z,0.5300,0.01,no
2026-09-30T01:01:26.700458Z,0.5400,0.01,no
2026-09-30T01:01:26.700458Z,0.5600,0.01,no
2026-09-30T01:01:26.700458Z,0.5500,0.01,no
2026-09-30T01:01:26.700458Z,0.5900,2.00,no
2026-09-30T01:01:26.700458Z,0.5600,40.00,no
2026-09-30T01:01:26.700458Z,0.5700,83.00,no
2026-09-30T01:01:26.700458Z,0.5800,5.00,no
2026-09-30T01:01:26.700458Z,0.5300,9.51,no
2026-09-30T01:01:26.700458Z,0.5800,0.01,no
2026-09-30T01:01:26.700458Z,0.5400,55.00,no
2026-09-30T01:01:26.700458Z,0.6000,0.01,no
2026-09-30T01:01:26.700458Z,0.5900,0.01,no
2026-09-30T01:01:26.700458Z,0.5400,1.00,no
2026-09-30T01:01:26.700458Z,0.5600,19.00,no
2026-09-30T01:01:26.700458Z,0.5400,48.00,no
2026-09-30T01:01:27.312437Z,0.6100,46.00,yes
2026-09-30T01:01:27.312437Z,0.6100,36.91,yes
2026-09-30T01:01:27.312437Z,0.6100,31.00,yes
2026-09-30T01:01:27.312437Z,0.6100,62.00,yes
2026-09-30T01:01:27.312437Z,0.6100,25.00,yes
2026-09-30T01:01:27.312437Z,0.6100,3.00,yes
2026-09-30T01:01:27.312437Z,0.6000,0.01,yes
2026-09-30T01:01:27.312437Z,0.6000,1.00,yes
2026-09-30T01:01:27.336656Z,0.6100,114.22,yes
2026-09-30T01:01:27.465744Z,0.6100,8.87,yes
2026-09-30T01:01:27.465744Z,0.6100,19.34,yes
2026-09-30T01:01:27.505392Z,0.6200,0.01,yes
2026-09-30T01:01:27.505392Z,0.6200,0.01,yes
2026-09-30T01:01:27.505392Z,0.6200,88.42,yes
2026-09-30T01:01:27.505392Z,0.6100,42.66,yes
2026-09-30T01:01:27.505392Z,0.6100,3.00,yes
2026-09-30T01:01:27.505392Z,0.6100,19.34,yes
2026-09-30T01:01:27.505392Z,0.6100,3.00,yes
2026-09-30T01:01:27.719964Z,0.6800,15.00,yes
2026-09-30T01:01:27.719964Z,0.7000,0.10,yes
2026-09-30T01:01:27.719964Z,0.7000,0.10,yes
2026-09-30T01:01:27.719964Z,0.6600,7.00,yes
2026-09-30T01:01:27.719964Z,0.6900,1.00,yes
2026-09-30T01:01:27.719964Z,0.6400,1.00,yes
2026-09-30T01:01:27.719964Z,0.6600,25.88,yes
2026-09-30T01:01:27.719964Z,0.6900,0.62,yes
2026-09-30T01:01:27.719964Z,0.6800,100.00,yes
2026-09-30T01:01:27.719964Z,0.6600,1.00,yes
2026-09-30T01:01:27.719964Z,0.6800,1.00,yes
2026-09-30T01:01:27.719964Z,0.6700,2.00,yes
2026-09-30T01:01:27.719964Z,0.6700,1.00,yes
2026-09-30T01:01:27.719964Z,0.6700,1.00,yes
2026-09-30T01:01:27.719964Z,0.6500,1.00,yes
2026-09-30T01:01:27.719964Z,0.6700,1.00,yes
2026-09-30T01:01:27.719964Z,0.6400,1.00,yes
2026-09-30T01:01:27.719964Z,0.6500,2.00,yes
2026-09-30T01:01:27.719964Z,0.6400,1.00,yes
2026-09-30T01:01:27.719964Z,0.6900,1.00,yes
2026-09-30T01:01:27.719964Z,0.6400,1.00,yes
2026-09-30T01:01:27.719964Z,0.6800,1.00,yes
2026-09-30T01:01:27.719964Z,0.6500,10.00,yes
2026-09-30T01:01:27.719964Z,0.6200,6.00,yes
2026-09-30T01:01:27.719964Z,0.6200,11.58,yes
2026-09-30T01:01:27.719964Z,0.6400,1.00,yes
2026-09-30T01:01:27.719964Z,0.6400,1.00,yes
2026-09-30T01:01:27.719964Z,0.6400,1.00,yes
2026-09-30T01:01:27.719964Z,0.6700,1.00,yes
2026-09-30T01:01:27.719964Z,0.6300,0.01,yes
2026-09-30T01:01:27.719964Z,0.6600,1.00,yes
2026-09-30T01:01:27.719964Z,0.6800,0.01,yes
2026-09-30T01:01:27.719964Z,0.6700,1.00,yes
2026-09-30T01:01:27.719964Z,0.6600,1.00,yes
2026-09-30T01:01:27.719964Z,0.6300,1.00,yes
2026-09-30T01:01:27.719964Z,0.6500,0.01,yes
2026-09-30T01:01:27.719964Z,0.6900,1.00,yes
2026-09-30T01:01:27.719964Z,0.6600,1.00,yes
2026-09-30T01:01:27.719964Z,0.7000,1.00,yes
2026-09-30T01:01:27.719964Z,0.6600,2.00,yes
2026-09-30T01:01:27.719964Z,0.7000,3.00,yes
2026-09-30T01:01:27.719964Z,0.6700,1.00,yes
2026-09-30T01:01:27.719964Z,0.6500,1.00,yes
2026-09-30T01:01:27.719964Z,0.6500,1.00,yes
2026-09-30T01:01:27.719964Z,0.6900,1.00,yes
2026-09-30T01:01:27.719964Z,0.6800,1.00,yes
2026-09-30T01:01:27.719964Z,0.7000,1.00,yes
2026-09-30T01:01:27.719964Z,0.6900,1.00,yes
2026-09-30T01:01:27.719964Z,0.7000,1.00,yes
2026-09-30T01:01:27.719964Z,0.6400,41.00,yes
2026-09-30T01:01:27.719964Z,0.6800,20.00,yes
2026-09-30T01:01:27.719964Z,0.7000,5.00,yes
2026-09-30T01:01:27.719964Z,0.6700,150.00,yes
2026-09-30T01:01:27.719964Z,0.6700,1.00,yes
2026-09-30T01:01:27.719964Z,0.6700,90.00,yes
2026-09-30T01:01:27.719964Z,0.6200,1.00,yes
2026-09-30T01:01:27.719964Z,0.7000,67.31,yes
2026-09-30T01:01:27.719964Z,0.6400,13.00,yes
2026-09-30T01:01:27.719964Z,0.6700,15.00,yes
2026-09-30T01:01:27.719964Z,0.6600,1.00,yes
2026-09-30T01:01:27.719964Z,0.6300,2.00,yes
2026-09-30T01:01:27.719964Z,0.6900,100.00,yes
2026-09-30T01:01:27.719964Z,0.6900,1.00,yes
2026-09-30T01:01:27.719964Z,0.6900,150.00,yes
2026-09-30T01:01:27.719964Z,0.6600,6.00,yes
2026-09-30T01:01:27.719964Z,0.6400,1.00,yes
2026-09-30T01:01:27.719964Z,0.6500,7.00,yes
2026-09-30T01:01:27.719964Z,0.6200,4.00,yes
2026-09-30T01:01:27.719964Z,0.6300,1.00,yes
2026-09-30T01:01:27.719964Z,0.6600,1.00,yes
2026-09-30T01:01:27.719964Z,0.6600,1.00,yes
2026-09-30T01:01:27.719964Z,0.6200,3.00,yes
2026-09-30T01:01:27.719964Z,0.6300,2.00,yes
2026-09-30T01:01:27.719964Z,0.6200,2.00,yes
2026-09-30T01:01:27.719964Z,0.6500,2.00,yes
2026-09-30T01:01:27.719964Z,0.6300,42.00,yes
2026-09-30T01:01:27.719964Z,0.6200,1.00,yes
2026-09-30T01:01:27.719964Z,0.6200,2.00,yes
2026-09-30T01:01:27.719964Z,0.6900,1.00,yes
2026-09-30T01:01:27.719964Z,0.6900,1.00,yes
2026-09-30T01:01:27.719964Z,0.6400,1.00,yes
2026-09-30T01:01:27.719964Z,0.6300,5.00,yes
2026-09-30T01:01:27.719964Z,0.7000,9.00,yes
2026-09-30T01:01:27.719964Z,0.6900,5.50,yes
2026-09-30T01:01:27.719964Z,0.6700,97.00,yes
2026-09-30T01:01:27.719964Z,0.6600,5.50,yes
2026-09-30T01:01:27.719964Z,0.6800,11.00,yes
2026-09-30T01:01:27.719964Z,0.6500,2.00,yes
2026-09-30T01:01:27.719964Z,0.6800,5.50,yes
2026-09-30T01:01:27.719964Z,0.6900,1.00,yes
2026-09-30T01:01:27.719964Z,0.6400,3.00,yes
2026-09-30T01:01:27.719964Z,0.6700,5.50,yes
2026-09-30T01:01:27.719964Z,0.6300,2.00,yes
2026-09-30T01:01:27.719964Z,0.6900,14.00,yes
2026-09-30T01:01:27.719964Z,0.6200,1.00,yes
2026-09-30T01:01:27.719964Z,0.6800,4.00,yes
2026-09-30T01:01:27.719964Z,0.6500,3.00,yes
2026-09-30T01:01:27.719964Z,0.6500,60.00,yes
2026-09-30T01:01:27.719964Z,0.6800,28.00,yes
2026-09-30T01:01:27.719964Z,0.6200,1.00,yes
2026-09-30T01:01:27.719964Z,0.6200,25.00,yes
2026-09-30T01:01:27.719964Z,0.6400,11.00,yes
2026-09-30T01:01:27.719964Z,0.6300,3.00,yes
2026-09-30T01:01:27.719964Z,0.6500,30.00,yes
2026-09-30T01:01:27.719964Z,0.6600,155.00,yes
2026-09-30T01:01:27.719964Z,0.6600,2.00,yes
2026-09-30T01:01:28.249046Z,0.6700,54.00,yes
2026-09-30T01:01:28.249046Z,0.6700,2.00,yes
2026-09-30T01:01:28.249046Z,0.6800,25.00,yes
2026-09-30T01:01:28.249046Z,0.6800,5.00,yes
2026-09-30T01:01:28.249046Z,0.6900,30.40,yes
2026-09-30T01:01:28.249046Z,0.6900,1.00,yes
2026-09-30T01:01:28.674026Z,0.6700,3.28,yes
2026-09-30T01:01:28.674026Z,0.6600,4.00,yes
2026-09-30T01:01:29.621416Z,0.6100,0.02,no
2026-09-30T01:01:29.624508Z,0.5900,0.02,no
2026-09-30T01:01:29.624508Z,0.6000,2.00,no
2026-09-30T01:01:29.624508Z,0.5900,0.01,no
2026-09-30T01:01:29.634974Z,0.6000,2.00,no
2026-09-30T01:01:29.649363Z,0.5700,2.00,no
2026-09-30T01:01:29.649363Z,0.5600,0.01,no
2026-09-30T01:01:29.649363Z,0.5700,0.01,no
2026-09-30T01:01:29.649363Z,0.5800,0.01,no
2026-09-30T01:01:30.122643Z,0.5600,6.00,yes
2026-09-30T01:01:30.122643Z,0.5700,21.00,yes
2026-09-30T01:01:30.122643Z,0.5600,2.00,yes
2026-09-30T01:01:30.122643Z,0.5700,1.00,yes
2026-09-30T01:01:30.122643Z,0.5700,70.00,yes
2026-09-30T01:01:30.424927Z,0.5900,43.00,yes
2026-09-30T01:01:30.424927Z,0.5800,2.00,yes
2026-09-30T01:01:30.424927Z,0.5900,1.00,yes
2026-09-30T01:01:31.033176Z,0.6000,0.62,yes
2026-09-30T01:01:31.033176Z,0.5600,1.00,yes
2026-09-30T01:01:31.22295Z,0.5200,0.01,no
2026-09-30T01:01:31.22295Z,0.5600,2.00,no
2026-09-30T01:01:31.22295Z,0.5300,7.00,no
2026-09-30T01:01:31.22295Z,0.5400,48.00,no
2026-09-30T01:01:31.22295Z,0.5300,55.00,no
2026-09-30T01:01:31.22295Z,0.5500,85.00,no
2026-09-30T01:01:31.22295Z,0.5300,1.00,no
2026-09-30T01:01:31.22295Z,0.5300,40.00,no
2026-09-30T01:01:31.22295Z,0.5300,0.01,no
2026-09-30T01:01:31.22295Z,0.5400,0.01,no
2026-09-30T01:01:31.22295Z,0.5500,0.01,no
2026-09-30T01:01:31.22295Z,0.5400,20.00,no
2026-09-30T01:01:31.266406Z,0.5100,0.01,no
2026-09-30T01:01:31.266406Z,0.5100,100.00,no
2026-09-30T01:01:31.266406Z,0.5100,20.00,no
2026-09-30T01:01:31.266406Z,0.5100,55.00,no
2026-09-30T01:01:31.266406Z,0.5000,0.01,no
2026-09-30T01:01:32.074584Z,0.4900,8.10,yes
2026-09-30T01:01:32.174646Z,0.4900,197.04,yes
2026-09-30T01:01:32.22403Z,0.4900,19.70,yes
2026-09-30T01:01:32.231539Z,0.4800,2.00,no
2026-09-30T01:01:32.231539Z,0.4800,0.01,no
2026-09-30T01:01:32.444427Z,0.4800,19.70,yes
2026-09-30T01:01:32.891888Z,0.4800,9.85,yes
2026-09-30T01:01:33.46084Z,0.4800,1.08,yes
2026-09-30T01:01:33.683445Z,0.4800,90.45,yes
2026-09-30T01:01:33.849667Z,0.4800,80.40,yes
2026-09-30T01:01:34.526984Z,0.4800,1.00,yes
2026-09-30T01:01:34.529463Z,0.4800,84.00,yes
2026-09-30T01:01:35.099228Z,0.4800,10.05,yes
2026-09-30T01:01:35.520475Z,0.4700,0.49,no
2026-09-30T01:01:35.69169Z,0.4800,10.05,yes
2026-09-30T01:01:35.956894Z,0.4800,25.00,yes
2026-09-30T01:01:36.308171Z,0.4700,2.00,no
2026-09-30T01:01:36.542466Z,0.4800,100.50,yes
2026-09-30T01:01:36.545745Z,0.4800,98.51,yes
2026-09-30T01:01:36.619963Z,0.4800,2.01,yes
2026-09-30T01:01:37.074496Z,0.4800,201.01,yes
2026-09-30T01:01:37.209832Z,0.4800,10.05,yes
2026-09-30T01:01:37.282539Z,0.4800,40.20,yes
2026-09-30T01:01:37.722775Z,0.4800,100.50,yes
2026-09-30T01:01:38.391572Z,0.4800,17.08,yes
2026-09-30T01:01:38.564432Z,0.4800,20.10,yes
2026-09-30T01:01:38.603066Z,0.4800,40.20,yes
2026-09-30T01:01:38.789195Z,0.4800,4.02,yes
2026-09-30T01:01:39.013614Z,0.4800,20.10,yes
2026-09-30T01:01:39.059837Z,0.4700,117.52,no
2026-09-30T01:01:39.059837Z,0.4700,8.51,no
2026-09-30T01:01:39.487334Z,0.4800,30.15,yes
2026-09-30T01:01:39.669689Z,0.4800,130.66,yes
2026-09-30T01:01:39.784593Z,0.4700,200.00,no
2026-09-30T01:01:39.793374Z,0.4800,10.05,yes
2026-09-30T01:01:40.012341Z,0.4700,2.34,no
2026-09-30T01:01:40.190113Z,0.4800,2.00,yes
2026-09-30T01:01:41.317364Z,0.4800,1.00,yes
2026-09-30T01:01:41.317364Z,0.4800,10.00,yes
2026-09-30T01:01:41.317364Z,0.4800,0.01,yes
2026-09-30T01:01:41.317364Z,0.4800,1.00,yes
2026-09-30T01:01:41.317364Z,0.4800,5.00,yes
2026-09-30T01:01:41.317364Z,0.4800,160.00,yes
2026-09-30T01:01:41.656378Z,0.4900,1970.47,yes
2026-09-30T01:01:41.89382Z,0.4800,56.25,no
2026-09-30T01:01:42.797485Z,0.4800,202.61,no
2026-09-30T01:01:43.045243Z,0.4900,108.37,yes
2026-09-30T01:01:44.07301Z,0.4900,46.30,yes
2026-09-30T01:01:45.286945Z,0.4800,1171.00,no
2026-09-30T01:01:45.286945Z,0.4800,735.13,no
2026-09-30T01:01:45.286945Z,0.4800,631.41,no
2026-09-30T01:01:46.007279Z,0.4900,0.98,yes
2026-09-30T01:01:46.386528Z,0.4900,9.85,yes
2026-09-30T01:01:46.52105Z,0.4900,84.73,yes
2026-09-30T01:01:46.521328Z,0.4900,3.93,yes
2026-09-30T01:01:49.00079Z,0.4900,20.00,yes
2026-09-30T01:01:49.046494Z,0.4900,17.73,yes
2026-09-30T01:01:49.144576Z,0.4900,7.88,yes
2026-09-30T01:01:49.969222Z,0.5000,8.00,yes
2026-09-30T01:01:49.969222Z,0.4900,1.00,yes
2026-09-30T01:01:49.969222Z,0.5000,1.00,yes
2026-09-30T01:01:49.969222Z,0.4900,3.00,yes
2026-09-30T01:01:49.969222Z,0.4900,5.00,yes
2026-09-30T01:01:49.969222Z,0.4900,1.00,yes
2026-09-30T01:01:49.969222Z,0.5000,1.00,yes
2026-09-30T01:01:49.969222Z,0.5000,4.00,yes
2026-09-30T01:01:49.969222Z,0.4900,3.00,yes
2026-09-30T01:01:49.969222Z,0.5100,7.85,yes
2026-09-30T01:01:49.969222Z,0.4900,1.00,yes
2026-09-30T01:01:49.969222Z,0.5000,1.00,yes
2026-09-30T01:01:49.969222Z,0.5000,7.00,yes
2026-09-30T01:01:49.969222Z,0.4900,0.01,yes
2026-09-30T01:01:50.791368Z,0.4900,0.02,no
2026-09-30T01:01:50.815604Z,0.4700,0.01,no
2026-09-30T01:01:50.828113Z,0.4600,0.01,no
2026-09-30T01:01:51.414021Z,0.4600,18.05,yes
2026-09-30T01:01:52.194351Z,0.4600,337.25,yes
2026-09-30T01:01:52.260681Z,0.4600,1.04,yes
2026-09-30T01:01:52.691344Z,0.4600,2115.67,yes
2026-09-30T01:01:53.179977Z,0.4600,2.09,yes
2026-09-30T01:01:53.310677Z,0.4600,242.98,yes
2026-09-30T01:01:55.072424Z,0.4600,9.44,yes
2026-09-30T01:01:55.18142Z,0.4600,1466.31,yes
2026-09-30T01:01:56.025741Z,0.4600,40.66,yes
2026-09-30T01:01:56.025741Z,0.4600,0.01,yes
2026-09-30T01:01:56.025741Z,0.4600,5.00,yes
2026-09-30T01:01:56.025741Z,0.4600,0.01,yes
2026-09-30T01:01:56.025741Z,0.4600,80.00,yes
2026-09-30T01:01:56.227731Z,0.4600,0.57,yes
2026-09-30T01:01:56.227731Z,0.4600,10.00,yes
2026-09-30T01:01:56.502308Z,0.4600,4.18,yes
2026-09-30T01:01:57.061106Z,0.4600,10.47,yes
2026-09-30T01:01:57.263442Z,0.4700,0.01,yes
2026-09-30T01:01:57.263442Z,0.4700,6.00,yes
2026-09-30T01:01:57.263442Z,0.4700,1.00,yes
2026-09-30T01:01:57.263442Z,0.4700,1.00,yes
2026-09-30T01:01:57.263442Z,0.4600,25.78,yes
2026-09-30T01:01:57.263442Z,0.4700,58.46,yes
2026-09-30T01:01:57.263442Z,0.4600,0.01,yes
2026-09-30T01:01:57.263442Z,0.4600,5.00,yes
2026-09-30T01:01:57.263442Z,0.4600,4.00,yes
2026-09-30T01:01:57.481326Z,0.4700,1.00,yes
2026-09-30T01:01:57.481326Z,0.4700,16.54,yes
2026-09-30T01:01:57.481326Z,0.4700,58.46,yes
2026-09-30T01:01:57.481326Z,0.4700,25.22,yes
2026-09-30T01:01:58.55332Z,0.4600,1.26,yes
2026-09-30T01:01:58.55332Z,0.4600,0.01,yes
2026-09-30T01:01:58.55332Z,0.4600,5.00,yes
2026-09-30T01:01:58.55332Z,0.4600,0.01,yes
2026-09-30T01:01:58.575136Z,0.4700,16.00,yes
2026-09-30T01:01:58.575136Z,0.4600,14.74,yes
2026-09-30T01:01:58.575136Z,0.4600,50.00,yes
2026-09-30T01:01:58.575136Z,0.4800,15.07,yes
2026-09-30T01:01:58.575136Z,0.4700,15.78,yes
2026-09-30T01:01:58.575136Z,0.4700,75.00,yes
2026-09-30T01:01:58.575136Z,0.4700,5.00,yes
2026-09-30T01:01:58.575136Z,0.4700,0.01,yes
2026-09-30T01:01:58.575136Z,0.4800,0.01,yes
2026-09-30T01:01:58.575136Z,0.4800,0.01,yes
2026-09-30T01:01:58.575136Z,0.4800,10.00,yes
2026-09-30T01:01:58.836105Z,0.4000,0.01,no
2026-09-30T01:01:58.836105Z,0.4300,24.00,no
2026-09-30T01:01:58.836105Z,0.4100,21.00,no
2026-09-30T01:01:58.836105Z,0.4000,64.03,no
2026-09-30T01:01:58.836105Z,0.4400,0.01,no
2026-09-30T01:01:58.836105Z,0.4100,0.01,no
2026-09-30T01:01:58.836105Z,0.4300,0.01,no
2026-09-30T01:01:58.836105Z,0.4200,0.01,no
2026-09-30T01:01:58.836105Z,0.4100,48.00,no
2026-09-30T01:01:58.836105Z,0.4500,0.01,no
2026-09-30T01:02:00.979217Z,0.4600,0.01,yes
2026-09-30T01:02:00.979217Z,0.4600,25.00,yes
2026-09-30T01:02:00.979217Z,0.4600,2.00,yes
2026-09-30T01:02:00.979217Z,0.4500,0.01,yes
2026-09-30T01:02:00.979217Z,0.4500,0.01,yes
2026-09-30T01:02:00.979217Z,0.4500,5.00,yes
2026-09-30T01:02:00.979217Z,0.4500,20.00,yes
2026-09-30T01:02:00.979217Z,0.4400,0.01,yes
2026-09-30T01:02:00.979217Z,0.4600,20.00,yes
2026-09-30T01:02:00.987225Z,0.4700,0.01,yes
2026-09-30T01:02:00.987225Z,0.4700,0.01,yes
2026-09-30T01:02:00.987225Z,0.4700,9.98,yes
2026-09-30T01:02:02.062806Z,0.4700,0.01,yes
2026-09-30T01:02:02.062806Z,0.4500,5.00,yes
2026-09-30T01:02:02.062806Z,0.4500,0.01,yes
2026-09-30T01:02:02.062806Z,0.4500,20.00,yes
2026-09-30T01:02:02.062806Z,0.4600,0.01,yes
2026-09-30T01:02:02.062806Z,0.4600,0.01,yes
2026-09-30T01:02:02.062806Z,0.4700,0.01,yes
2026-09-30T01:02:02.062806Z,0.4700,21.05,yes
2026-09-30T01:02:02.28303Z,0.4600,10.00,yes
2026-09-30T01:02:03.140508Z,0.4600,8.37,yes
2026-09-30T01:02:03.22554Z,0.4200,0.01,no
2026-09-30T01:02:03.22554Z,0.4100,0.01,no
2026-09-30T01:02:03.22554Z,0.4100,44.09,no
2026-09-30T01:02:04.116617Z,0.3900,0.01,no
2026-09-30T01:02:04.116617Z,0.3800,0.01,no
2026-09-30T01:02:04.116617Z,0.3600,0.01,no
2026-09-30T01:02:04.116617Z,0.3700,0.01,no
2026-09-30T01:02:04.116617Z,0.4000,89.00,no
2026-09-30T01:02:04.116617Z,0.3900,40.00,no
2026-09-30T01:02:04.116617Z,0.3800,20.00,no
2026-09-30T01:02:04.116617Z,0.3800,13.00,no
2026-09-30T01:02:04.116617Z,0.4000,0.01,no
2026-09-30T01:02:04.116617Z,0.3700,45.00,no
2026-09-30T01:02:04.116617Z,0.3600,34.93,no
2026-09-30T01:02:04.116617Z,0.3700,1.00,no
2026-09-30T01:02:04.459923Z,0.4600,6.63,yes
2026-09-30T01:02:04.459923Z,0.4600,3.00,yes
2026-09-30T01:02:04.459923Z,0.4800,0.01,yes
2026-09-30T01:02:04.459923Z,0.4800,0.01,yes
2026-09-30T01:02:04.459923Z,0.4800,0.65,yes
2026-09-30T01:02:05.412624Z,0.4700,14.36,yes
2026-09-30T01:02:06.696826Z,0.4500,25.00,yes
2026-09-30T01:02:06.696826Z,0.4500,0.01,yes
2026-09-30T01:02:06.696826Z,0.4400,0.01,yes
2026-09-30T01:02:06.696826Z,0.4600,31.59,yes
2026-09-30T01:02:06.774132Z,0.4000,0.01,no
2026-09-30T01:02:06.774132Z,0.3800,0.01,no
2026-09-30T01:02:06.774132Z,0.3900,0.01,no
2026-09-30T01:02:06.829007Z,0.3500,100.00,no
2026-09-30T01:02:06.829007Z,0.3600,44.00,no
2026-09-30T01:02:06.829007Z,0.3600,1.00,no
2026-09-30T01:02:06.829007Z,0.3600,0.01,no
2026-09-30T01:02:06.829007Z,0.3700,0.01,no
2026-09-30T01:02:06.829007Z,0.3600,21.00,no
2026-09-30T01:02:06.829007Z,0.3500,59.88,no
2026-09-30T01:02:06.829007Z,0.3500,5.00,no
2026-09-30T01:02:06.829007Z,0.3500,0.01,no
2026-09-30T01:02:06.980998Z,0.3500,51.22,yes
2026-09-30T01:02:08.620397Z,0.3500,125.70,yes
2026-09-30T01:02:09.890401Z,0.3500,117.51,yes
2026-09-30T01:02:10.234514Z,0.3500,27.32,yes
2026-09-30T01:02:10.724834Z,0.3500,66.95,yes
2026-09-30T01:02:10.79457Z,0.3500,109.44,yes
2026-09-30T01:02:11.033871Z,0.3400,7.39,no
2026-09-30T01:02:11.385673Z,0.3500,138.33,yes
2026-09-30T01:02:11.636078Z,0.3500,200.00,yes
2026-09-30T01:02:13.1038Z,0.3500,5.45,yes
2026-09-30T01:02:13.384837Z,0.3500,38.25,yes
2026-09-30T01:02:14.176539Z,0.3500,418.94,yes
2026-09-30T01:02:15.317008Z,0.3500,54.65,yes
2026-09-30T01:02:15.408474Z,0.3500,5.46,yes
2026-09-30T01:02:15.707881Z,0.3500,5.46,yes
2026-09-30T01:02:16.327429Z,0.3500,8.19,yes
2026-09-30T01:02:16.49907Z,0.3500,68.32,yes
2026-09-30T01:02:16.746509Z,0.3400,36.25,no
2026-09-30T01:02:16.850296Z,0.3500,136.64,yes
2026-09-30T01:02:17.290596Z,0.3500,27.32,yes
2026-09-30T01:02:17.513492Z,0.3500,13.66,yes
2026-09-30T01:02:18.443925Z,0.3500,81.98,yes
2026-09-30T01:02:18.544374Z,0.3400,126.86,no
2026-09-30T01:02:19.715136Z,0.3400,414.75,no
2026-09-30T01:02:19.823149Z,0.3500,24.43,yes
2026-09-30T01:02:20.544999Z,0.3500,136.64,yes
2026-09-30T01:02:20.897581Z,0.3500,273.28,yes
2026-09-30T01:02:21.177054Z,0.3500,273.28,yes
2026-09-30T01:02:21.448308Z,0.3500,5.00,yes
2026-09-30T01:02:21.796515Z,0.3500,500.00,yes
2026-09-30T01:02:22.344199Z,0.3500,8.19,yes
2026-09-30T01:02:22.913689Z,0.3500,9.97,yes
2026-09-30T01:02:22.930167Z,0.3500,90.00,yes
2026-09-30T01:02:22.969082Z,0.3500,10.00,yes
2026-09-30T01:02:24.221395Z,0.3500,19.64,yes
2026-09-30T01:02:24.221395Z,0.3500,101.39,yes
2026-09-30T01:02:24.414913Z,0.3500,60.12,yes
2026-09-30T01:02:25.184998Z,0.3500,66.95,yes
2026-09-30T01:02:25.206963Z,0.3500,27.32,yes
2026-09-30T01:02:26.093428Z,0.3400,0.01,no
2026-09-30T01:02:26.093428Z,0.3400,28.78,no
2026-09-30T01:02:27.432159Z,0.3500,81.98,yes
2026-09-30T01:02:28.479192Z,0.3500,2.71,yes
2026-09-30T01:02:28.576329Z,0.3400,8.22,no
2026-09-30T01:02:28.576329Z,0.3400,71.22,no
2026-09-30T01:02:29.567488Z,0.3500,273.28,yes
2026-09-30T01:02:30.318002Z,0.3400,182.75,no
2026-09-30T01:02:30.318002Z,0.3400,72.78,no
2026-09-30T01:02:30.405487Z,0.3500,40.99,yes
2026-09-30T01:02:31.205596Z,0.3500,27.32,yes
2026-09-30T01:02:31.588339Z,0.3500,13.66,yes
2026-09-30T01:02:31.652028Z,0.3500,8.19,yes
2026-09-30T01:02:31.8521Z,0.3500,1487.90,yes
2026-09-30T01:02:32.316511Z,0.3500,2.45,yes
2026-09-30T01:02:32.416699Z,0.3400,100.00,no
2026-09-30T01:02:32.51384Z,0.3500,2.29,yes
2026-09-30T01:02:32.648011Z,0.3500,10.93,yes
2026-09-30T01:02:32.655365Z,0.3500,2.73,yes
2026-09-30T01:02:33.127657Z,0.3400,161.61,no
2026-09-30T01:02:33.395827Z,0.3500,50.00,yes
2026-09-30T01:02:33.655214Z,0.3500,103.84,yes
2026-09-30T01:02:34.420989Z,0.3500,3.19,yes
2026-09-30T01:02:34.420989Z,0.3500,5.00,yes
2026-09-30T01:02:34.973607Z,0.3500,20.00,yes
2026-09-30T01:02:34.973607Z,0.3500,5.00,yes
2026-09-30T01:02:34.973607Z,0.3500,46.98,yes
2026-09-30T01:02:34.973607Z,0.3500,5.00,yes
2026-09-30T01:02:34.973607Z,0.3500,5.00,yes
2026-09-30T01:02:35.459909Z,0.3600,5.00,yes
2026-09-30T01:02:35.459909Z,0.3600,20.00,yes
2026-09-30T01:02:35.459909Z,0.3600,11.51,yes
2026-09-30T01:02:35.459909Z,0.3600,40.00,yes
2026-09-30T01:02:35.459909Z,0.3500,21.02,yes
2026-09-30T01:02:35.459909Z,0.3500,1.00,yes
2026-09-30T01:02:35.459909Z,0.3500,46.98,yes
2026-09-30T01:02:35.459909Z,0.3500,20.00,yes
2026-09-30T01:02:35.459909Z,0.3500,5.00,yes
2026-09-30T01:02:35.459909Z,0.3600,55.00,yes
2026-09-30T01:02:36.408276Z,0.3400,200.00,no
2026-09-30T01:02:36.408276Z,0.3400,0.01,no
2026-09-30T01:02:36.408276Z,0.3400,25.00,no
2026-09-30T01:02:38.574884Z,0.3500,62.45,yes
2026-09-30T01:02:38.574884Z,0.3500,0.01,yes
2026-09-30T01:02:38.574884Z,0.3500,0.01,yes
2026-09-30T01:02:38.574884Z,0.3400,1.00,yes
2026-09-30T01:02:38.574884Z,0.3500,5.00,yes
2026-09-30T01:02:38.574884Z,0.3400,5.00,yes
2026-09-30T01:02:38.574884Z,0.3400,74.99,yes
2026-09-30T01:02:38.574884Z,0.3500,68.00,yes
2026-09-30T01:02:38.678242Z,0.3500,1.00,no
2026-09-30T01:02:38.692782Z,0.3200,0.01,no
2026-09-30T01:02:38.692782Z,0.3100,0.01,no
2026-09-30T01:02:38.692782Z,0.3000,0.01,no
2026-09-30T01:02:38.692782Z,0.2900,0.01,no
2026-09-30T01:02:38.692782Z,0.2800,0.01,no
2026-09-30T01:02:38.692782Z,0.2800,40.00,no
2026-09-30T01:02:38.692782Z,0.2900,1.00,no
2026-09-30T01:02:38.692782Z,0.2800,2.00,no
2026-09-30T01:02:38.692782Z,0.2900,10.00,no
2026-09-30T01:02:38.692782Z,0.3300,0.02,no
2026-09-30T01:02:38.692782Z,0.3500,282.54,no
2026-09-30T01:02:38.692782Z,0.2800,14.77,no
2026-09-30T01:02:38.692782Z,0.2800,47.00,no
2026-09-30T01:02:38.692782Z,0.3300,0.01,no
2026-09-30T01:02:38.692782Z,0.2900,40.00,no
2026-09-30T01:02:39.501321Z,0.3500,0.01,yes
2026-09-30T01:02:39.501321Z,0.3600,0.01,yes
2026-09-30T01:02:39.501321Z,0.3600,0.01,yes
2026-09-30T01:02:39.501321Z,0.3700,0.01,yes
2026-09-30T01:02:39.501321Z,0.3700,0.01,yes
2026-09-30T01:02:39.501321Z,0.3700,2.35,yes
2026-09-30T01:02:39.580116Z,0.3700,1.00,yes
2026-09-30T01:02:39.580116Z,0.3700,7.65,yes
2026-09-30T01:02:40.318672Z,0.3800,63.03,yes
2026-09-30T01:02:40.318672Z,0.3800,0.01,yes
2026-09-30T01:02:40.318672Z,0.3800,0.01,yes
2026-09-30T01:02:40.38109Z,0.3800,1.21,yes
2026-09-30T01:02:41.116555Z,0.3800,12.61,yes
2026-09-30T01:02:41.426692Z,0.3800,0.37,yes
2026-09-30T01:02:42.015607Z,0.3700,2.01,no
2026-09-30T01:02:42.784758Z,0.3800,7.78,yes
2026-09-30T01:02:42.784758Z,0.3800,33.06,yes
2026-09-30T01:02:42.784758Z,0.3800,55.00,yes
2026-09-30T01:02:44.504618Z,0.3700,13.66,no
2026-09-30T01:02:44.629753Z,0.3700,36.82,no
2026-09-30T01:02:45.198123Z,0.3800,66.94,yes
2026-09-30T01:02:45.198123Z,0.3800,33.94,yes
2026-09-30T01:02:46.760633Z,0.4000,15.19,yes
2026-09-30T01:02:46.760633Z,0.3800,0.01,yes
2026-09-30T01:02:46.760633Z,0.3900,46.00,yes
2026-09-30T01:02:46.760633Z,0.3800,0.01,yes
2026-09-30T01:02:46.760633Z,0.3800,20.00,yes
2026-09-30T01:02:46.760633Z,0.3800,5.00,yes
2026-09-30T01:02:46.760633Z,0.3800,5.00,yes
2026-09-30T01:02:46.760633Z,0.4000,10.00,yes
2026-09-30T01:02:46.760633Z,0.3900,1.00,yes
2026-09-30T01:02:46.760633Z,0.3800,63.00,yes
2026-09-30T01:02:46.760633Z,0.4000,28.00,yes
2026-09-30T01:02:46.760633Z,0.3800,55.00,yes
2026-09-30T01:02:46.760633Z,0.4000,0.01,yes
2026-09-30T01:02:46.760633Z,0.3900,0.01,yes
2026-09-30T01:02:46.760633Z,0.3900,0.01,yes
2026-09-30T01:02:46.760633Z,0.4000,0.01,yes
2026-09-30T01:02:47.165165Z,0.3700,5.00,no
2026-09-30T01:02:47.165165Z,0.3700,0.02,no
2026-09-30T01:02:47.174141Z,0.3200,30.19,no
2026-09-30T01:02:47.174141Z,0.3400,10.00,no
2026-09-30T01:02:47.174141Z,0.3300,0.01,no
2026-09-30T01:02:47.19896Z,0.3800,42.87,yes
2026-09-30T01:02:49.365306Z,0.3700,12.94,yes
2026-09-30T01:02:50.116304Z,0.4100,0.01,yes
2026-09-30T01:02:50.116304Z,0.4200,0.01,yes
2026-09-30T01:02:50.116304Z,0.4200,0.01,yes
2026-09-30T01:02:50.116304Z,0.4100,0.01,yes
2026-09-30T01:02:50.116304Z,0.3900,42.00,yes
2026-09-30T01:02:50.116304Z,0.3900,25.00,yes
2026-09-30T01:02:50.116304Z,0.3900,0.01,yes
2026-09-30T01:02:50.116304Z,0.4200,150.00,yes
2026-09-30T01:02:50.116304Z,0.4100,50.00,yes
2026-09-30T01:02:50.116304Z,0.3800,7.06,yes
2026-09-30T01:02:50.116304Z,0.3800,1.00,yes
2026-09-30T01:02:50.116304Z,0.4000,0.01,yes
2026-09-30T01:02:50.116304Z,0.4100,346.00,yes
2026-09-30T01:02:50.116304Z,0.3800,42.00,yes
2026-09-30T01:02:50.116304Z,0.4000,10.00,yes
2026-09-30T01:02:50.116304Z,0.3800,0.01,yes
2026-09-30T01:02:50.116304Z,0.3900,40.00,yes
2026-09-30T01:02:50.116304Z,0.3700,5.00,yes
2026-09-30T01:02:50.116304Z,0.3700,55.00,yes
2026-09-30T01:02:50.116304Z,0.3800,27.00,yes
2026-09-30T01:02:50.116304Z,0.3600,5.00,yes
2026-09-30T01:02:50.116304Z,0.3900,4.00,yes
2026-09-30T01:02:50.116304Z,0.4100,5.00,yes
2026-09-30T01:02:50.116304Z,0.3600,66.00,yes
2026-09-30T01:02:50.116304Z,0.4000,10.00,yes
2026-09-30T01:02:50.116304Z,0.3600,25.00,yes
2026-09-30T01:02:50.116304Z,0.3800,3.00,yes
2026-09-30T01:02:50.116304Z,0.4200,229.00,yes
2026-09-30T01:02:50.116304Z,0.3800,18.81,yes
2026-09-30T01:02:50.121998Z,0.4200,0.03,no
2026-09-30T01:02:50.124447Z,0.4200,1.04,no
2026-09-30T01:02:50.129852Z,0.4200,128.04,no
2026-09-30T01:02:50.132293Z,0.4200,76.00,no
2026-09-30T01:02:50.177548Z,0.4200,42.00,no
2026-09-30T01:02:51.628681Z,0.4300,0.01,yes
2026-09-30T01:02:51.628681Z,0.4400,0.01,yes
2026-09-30T01:02:51.628681Z,0.4300,0.01,yes
2026-09-30T01:02:51.628681Z,0.4400,0.01,yes
2026-09-30T01:02:51.628681Z,0.4300,5.00,yes
2026-09-30T01:02:51.628681Z,0.4300,20.00,yes
2026-09-30T01:02:51.628681Z,0.4400,14.61,yes
2026-09-30T01:02:52.080613Z,0.4300,86.14,no
2026-09-30T01:02:52.080613Z,0.4300,4.86,no
2026-09-30T01:02:52.414548Z,0.4300,5.46,no
2026-09-30T01:02:52.441921Z,0.4500,15.00,yes
2026-09-30T01:02:52.441921Z,0.4600,5.00,yes
2026-09-30T01:02:52.441921Z,0.4500,0.01,yes
2026-09-30T01:02:52.441921Z,0.4500,0.01,yes
2026-09-30T01:02:52.441921Z,0.4600,20.00,yes
2026-09-30T01:02:52.441921Z,0.4500,20.00,yes
2026-09-30T01:02:52.441921Z,0.4400,5.00,yes
2026-09-30T01:02:52.441921Z,0.4400,5.39,yes
2026-09-30T01:02:52.441921Z,0.4600,20.00,yes
2026-09-30T01:02:52.441921Z,0.4600,1.00,yes
2026-09-30T01:02:52.441921Z,0.4500,4.00,yes
2026-09-30T01:02:52.441921Z,0.4400,14.00,yes
2026-09-30T01:02:52.441921Z,0.4400,4.00,yes
2026-09-30T01:02:52.441921Z,0.4600,0.01,yes
2026-09-30T01:02:52.485702Z,0.4700,5.00,yes
2026-09-30T01:02:52.485702Z,0.4700,20.00,yes
2026-09-30T01:02:52.485702Z,0.4700,1.00,yes
2026-09-30T01:02:52.485702Z,0.4700,0.01,yes
2026-09-30T01:02:52.516576Z,0.4800,0.01,yes
2026-09-30T01:02:52.516576Z,0.4800,0.01,yes
2026-09-30T01:02:52.516576Z,0.4800,100.00,yes
2026-09-30T01:02:52.516576Z,0.4800,20.00,yes
2026-09-30T01:02:52.516576Z,0.4800,98.00,yes
2026-09-30T01:02:52.516576Z,0.4800,100.00,yes
2026-09-30T01:02:53.514105Z,0.4800,108.76,no
2026-09-30T01:02:53.729516Z,0.4900,0.01,yes
2026-09-30T01:02:53.729516Z,0.4900,0.01,yes
2026-09-30T01:02:53.729516Z,0.4900,0.49,yes
2026-09-30T01:02:54.477135Z,0.4900,5.00,yes
2026-09-30T01:02:54.544832Z,0.4900,1.97,yes
2026-09-30T01:02:54.688369Z,0.4800,2.77,no
2026-09-30T01:02:55.393195Z,0.4800,121.03,no
2026-09-30T01:02:55.487125Z,0.4800,2.09,no
2026-09-30T01:02:55.510219Z,0.4900,23.64,yes
2026-09-30T01:02:55.736505Z,0.4900,19.31,yes
2026-09-30T01:02:56.16201Z,0.4800,54.65,no
2026-09-30T01:02:56.235242Z,0.4900,68.96,yes
2026-09-30T01:02:56.485428Z,0.4800,1485.59,no
2026-09-30T01:02:56.485428Z,0.4800,819.46,no
2026-09-30T01:02:56.639049Z,0.4900,0.19,yes
2026-09-30T01:02:56.779927Z,0.4800,8.19,no
2026-09-30T01:02:58.492345Z,0.4800,38.25,no
2026-09-30T01:02:59.632032Z,0.4900,1.97,yes
2026-09-30T01:03:00.721693Z,0.4800,16.30,no
2026-09-30T01:03:01.366892Z,0.4800,84.73,no
2026-09-30T01:03:02.103684Z,0.4900,49.26,yes
2026-09-30T01:03:03.450625Z,0.4900,55.17,yes
2026-09-30T01:03:06.348564Z,0.4900,0.96,yes
2026-09-30T01:03:06.5314Z,0.4800,28.11,no
2026-09-30T01:03:07.610336Z,0.4800,1.04,no
2026-09-30T01:03:07.63999Z,0.4800,1413.05,no
2026-09-30T01:03:07.757876Z,0.4900,19.58,yes
2026-09-30T01:03:07.940812Z,0.4900,0.01,yes
2026-09-30T01:03:08.190265Z,0.4800,13.66,no
2026-09-30T01:03:08.283871Z,0.4800,23.04,no
2026-09-30T01:03:08.876212Z,0.4800,88.35,no
2026-09-30T01:03:09.003478Z,0.4800,56.22,no
2026-09-30T01:03:09.67087Z,0.4800,20.94,no
2026-09-30T01:03:10.300235Z,0.4900,0.48,yes
2026-09-30T01:03:10.461466Z,0.4900,39.40,yes
2026-09-30T01:03:10.677287Z,0.4900,245.07,yes
2026-09-30T01:03:11.186986Z,0.4800,64.17,no
2026-09-30T01:03:11.197708Z,0.4800,12.61,no
2026-09-30T01:03:12.678864Z,0.4900,394.09,yes
2026-09-30T01:03:13.081432Z,0.4900,500.00,yes
2026-09-30T01:03:13.19383Z,0.4800,23.42,no
2026-09-30T01:03:13.716739Z,0.4800,275.72,no
2026-09-30T01:03:16.298242Z,0.4700,34.35,yes
2026-09-30T01:03:16.298242Z,0.4700,1.00,yes
2026-09-30T01:03:16.298242Z,0.4700,16.00,yes
2026-09-30T01:03:16.298242Z,0.4700,5.00,yes
2026-09-30T01:03:16.298242Z,0.4700,5.00,yes
2026-09-30T01:03:16.298242Z,0.4700,20.00,yes
2026-09-30T01:03:17.869312Z,0.4600,0.02,no
2026-09-30T01:03:17.869312Z,0.4100,3.00,no
2026-09-30T01:03:17.869312Z,0.4200,48.00,no
2026-09-30T01:03:17.869312Z,0.4500,21.00,no
2026-09-30T01:03:17.869312Z,0.4200,40.00,no
2026-09-30T01:03:17.869312Z,0.4100,101.25,no
2026-09-30T01:03:18.702149Z,0.4700,0.01,yes
2026-09-30T01:03:18.702149Z,0.4700,10.24,yes
2026-09-30T01:03:18.706115Z,0.4700,0.34,yes
2026-09-30T01:03:18.706115Z,0.4700,3.76,yes
2026-09-30T01:03:18.993282Z,0.4900,7.00,yes
2026-09-30T01:03:18.993282Z,0.4800,25.00,yes
2026-09-30T01:03:18.993282Z,0.4800,0.01,yes
2026-09-30T01:03:18.993282Z,0.4800,0.01,yes
2026-09-30T01:03:18.993282Z,0.4700,20.00,yes
2026-09-30T01:03:18.993282Z,0.4800,20.00,yes
2026-09-30T01:03:18.993282Z,0.4700,0.01,yes
2026-09-30T01:03:18.993282Z,0.4700,1.00,yes
2026-09-30T01:03:18.993282Z,0.4700,1.00,yes
2026-09-30T01:03:18.993282Z,0.4900,34.00,yes
2026-09-30T01:03:18.993282Z,0.4900,41.00,yes
2026-09-30T01:03:18.993282Z,0.5000,29.00,yes
2026-09-30T01:03:18.993282Z,0.4800,55.00,yes
2026-09-30T01:03:18.993282Z,0.5000,200.00,yes
2026-09-30T01:03:18.993282Z,0.4900,0.01,yes
2026-09-30T01:03:18.993282Z,0.5000,20.00,yes
2026-09-30T01:03:18.993282Z,0.4900,20.00,yes
2026-09-30T01:03:18.993282Z,0.5000,0.01,yes
2026-09-30T01:03:18.993282Z,0.5000,0.01,yes
2026-09-30T01:03:18.993296Z,0.5100,0.01,yes
2026-09-30T01:03:18.993296Z,0.5100,0.01,yes
2026-09-30T01:03:18.993296Z,0.5100,50.00,yes
2026-09-30T01:03:18.993296Z,0.5100,40.00,yes
2026-09-30T01:03:18.993296Z,0.5100,10.00,yes
2026-09-30T01:03:18.993296Z,0.5100,20.00,yes
2026-09-30T01:03:18.993296Z,0.5100,25.00,yes
2026-09-30T01:03:19.080864Z,0.5100,5.00,no
2026-09-30T01:03:19.410192Z,0.5200,0.01,yes
2026-09-30T01:03:19.410192Z,0.5200,0.01,yes
2026-09-30T01:03:19.410192Z,0.5200,9.28,yes
2026-09-30T01:03:20.659072Z,0.5200,7.88,yes
2026-09-30T01:03:20.659072Z,0.5200,10.72,yes
2026-09-30T01:03:21.212517Z,0.5100,2.73,no
2026-09-30T01:03:21.5214Z,0.5200,9.30,yes
2026-09-30T01:03:22.055502Z,0.5100,125.70,no
2026-09-30T01:03:23.352013Z,0.5200,1407.38,yes
2026-09-30T01:03:23.614729Z,0.5100,2.81,no
2026-09-30T01:03:24.090858Z,0.5100,0.28,no
2026-09-30T01:03:24.993422Z,0.5200,238.15,yes
2026-09-30T01:03:25.029496Z,0.5200,18.60,yes
2026-09-30T01:03:25.451203Z,0.5100,27.32,no
2026-09-30T01:03:25.665257Z,0.5100,5.46,no
2026-09-30T01:03:26.317292Z,0.5200,24.04,yes
2026-09-30T01:03:26.317292Z,0.5200,2.00,yes
2026-09-30T01:03:26.585566Z,0.5200,20.00,yes
2026-09-30T01:03:26.585566Z,0.5200,4.00,yes
2026-09-30T01:03:26.585566Z,0.5200,10.00,yes
2026-09-30T01:03:26.585566Z,0.5200,0.01,yes
2026-09-30T01:03:26.585566Z,0.5200,0.01,yes
2026-09-30T01:03:27.212832Z,0.5200,0.01,yes
2026-09-30T01:03:27.212832Z,0.5200,18.59,yes
2026-09-30T01:03:27.630378Z,0.5200,45.65,yes
2026-09-30T01:03:29.301927Z,0.5700,0.01,yes
2026-09-30T01:03:29.301927Z,0.5500,0.01,yes
2026-09-30T01:03:29.301927Z,0.5600,0.01,yes
2026-09-30T01:03:29.301927Z,0.5400,0.01,yes
2026-09-30T01:03:29.301927Z,0.5300,0.01,yes
2026-09-30T01:03:29.301927Z,0.5400,0.01,yes
2026-09-30T01:03:29.301927Z,0.5500,0.01,yes
2026-09-30T01:03:29.301927Z,0.5300,0.01,yes
2026-09-30T01:03:29.301927Z,0.5600,0.01,yes
2026-09-30T01:03:29.301927Z,0.5700,1.00,yes
2026-09-30T01:03:29.301927Z,0.5500,40.00,yes
2026-09-30T01:03:29.301927Z,0.5400,2.00,yes
2026-09-30T01:03:29.301927Z,0.5400,41.00,yes
2026-09-30T01:03:29.301927Z,0.5700,66.64,yes
2026-09-30T01:03:29.301927Z,0.5400,10.00,yes
2026-09-30T01:03:29.301927Z,0.5300,6.00,yes
2026-09-30T01:03:29.301927Z,0.5200,18.59,yes
2026-09-30T01:03:29.301927Z,0.5200,45.65,yes
2026-09-30T01:03:29.301927Z,0.5200,0.01,yes
2026-09-30T01:03:29.301927Z,0.5200,20.76,yes
2026-09-30T01:03:29.301927Z,0.5300,25.00,yes
2026-09-30T01:03:29.301927Z,0.5600,25.00,yes
2026-09-30T01:03:29.301927Z,0.5200,20.00,yes
2026-09-30T01:03:29.301927Z,0.5600,50.00,yes
2026-09-30T01:03:29.301927Z,0.5200,44.00,yes
2026-09-30T01:03:30.449363Z,0.5300,0.01,yes
2026-09-30T01:03:30.449363Z,0.5300,69.27,yes
2026-09-30T01:03:31.952369Z,0.5300,25.00,yes
2026-09-30T01:03:31.952369Z,0.5300,0.01,yes
2026-09-30T01:03:31.952369Z,0.5300,7.98,yes
2026-09-30T01:03:31.952369Z,0.5300,0.01,yes
2026-09-30T01:03:32.059604Z,0.5300,0.01,yes
2026-09-30T01:03:32.059604Z,0.5300,0.01,yes
2026-09-30T01:03:32.134759Z,0.5300,1.00,yes
2026-09-30T01:03:32.187549Z,0.5300,0.01,yes
2026-09-30T01:03:32.187549Z,0.5400,0.99,yes
2026-09-30T01:03:32.235829Z,0.5300,2.00,yes
2026-09-30T01:03:32.273976Z,0.5300,1.00,yes
2026-09-30T01:03:32.273976Z,0.5300,0.01,yes
2026-09-30T01:03:32.273976Z,0.5400,0.02,yes
2026-09-30T01:03:32.273976Z,0.5400,1.00,yes
2026-09-30T01:03:32.273976Z,0.5400,9.00,yes
2026-09-30T01:03:32.273976Z,0.5400,1.00,yes
2026-09-30T01:03:32.273976Z,0.5400,11.01,yes
2026-09-30T01:03:32.273976Z,0.5400,10.00,yes
2026-09-30T01:03:32.273976Z,0.5400,2.00,yes
2026-09-30T01:03:32.284846Z,0.5400,1.00,yes
2026-09-30T01:03:32.32837Z,0.5400,2.00,yes
2026-09-30T01:03:32.40714Z,0.5300,0.01,yes
2026-09-30T01:03:32.505649Z,0.5300,1.00,yes
2026-09-30T01:03:32.517456Z,0.5300,1.00,yes
2026-09-30T01:03:32.517456Z,0.5300,0.01,yes
2026-09-30T01:03:32.517456Z,0.5400,8.99,yes
2026-09-30T01:03:32.527869Z,0.5400,3.00,yes
2026-09-30T01:03:32.648242Z,0.5400,0.01,yes
2026-09-30T01:03:32.648242Z,0.5400,6.01,yes
2026-09-30T01:03:32.648242Z,0.5500,0.01,yes
2026-09-30T01:03:32.648242Z,0.5500,4.97,yes
2026-09-30T01:03:32.731382Z,0.5300,0.01,yes
2026-09-30T01:03:32.731382Z,0.5600,2.95,yes
2026-09-30T01:03:32.731382Z,0.5500,0.01,yes
2026-09-30T01:03:32.731382Z,0.5500,0.03,yes
2026-09-30T01:03:32.768441Z,0.5600,22.05,yes
2026-09-30T01:03:32.768441Z,0.5600,6.94,yes
2026-09-30T01:03:32.768441Z,0.5600,0.01,yes
2026-09-30T01:03:32.768441Z,0.5600,5.00,yes
2026-09-30T01:03:33.377507Z,0.5600,0.01,yes
2026-09-30T01:03:33.377507Z,0.5600,0.01,yes
2026-09-30T01:03:33.503103Z,0.6100,72.27,yes
2026-09-30T01:03:33.503103Z,0.6000,8.37,yes
2026-09-30T01:03:33.503103Z,0.5900,50.00,yes
2026-09-30T01:03:33.503103Z,0.6200,72.32,yes
2026-09-30T01:03:33.503103Z,0.5900,25.00,yes
2026-09-30T01:03:33.503103Z,0.6300,4.00,yes
2026-09-30T01:03:33.503103Z,0.5900,3.00,yes
2026-09-30T01:03:33.503103Z,0.5700,0.01,yes
2026-09-30T01:03:33.503103Z,0.6100,1.00,yes
2026-09-30T01:03:33.503103Z,0.6200,0.01,yes
2026-09-30T01:03:33.503103Z,0.6200,100.00,yes
2026-09-30T01:03:33.503103Z,0.5700,0.01,yes
2026-09-30T01:03:33.503103Z,0.6100,31.00,yes
2026-09-30T01:03:33.503103Z,0.6100,1.00,yes
2026-09-30T01:03:33.503103Z,0.6300,0.01,yes
2026-09-30T01:03:33.503103Z,0.6000,5.00,yes
2026-09-30T01:03:33.503103Z,0.6100,7.00,yes
2026-09-30T01:03:33.503103Z,0.5700,15.00,yes
2026-09-30T01:03:33.503103Z,0.5800,7.00,yes
2026-09-30T01:03:33.503103Z,0.6200,2.00,yes
2026-09-30T01:03:33.503103Z,0.5700,2.00,yes
2026-09-30T01:03:33.503103Z,0.6200,5.00,yes
2026-09-30T01:03:33.503103Z,0.5700,2.00,yes
2026-09-30T01:03:33.503103Z,0.6100,20.00,yes
2026-09-30T01:03:33.503103Z,0.5800,5.00,yes
2026-09-30T01:03:33.503103Z,0.6000,7.00,yes
2026-09-30T01:03:33.503103Z,0.6300,1.00,yes
2026-09-30T01:03:33.503103Z,0.6100,1.00,yes
2026-09-30T01:03:33.503103Z,0.5800,68.00,yes
2026-09-30T01:03:33.503103Z,0.5800,10.00,yes
2026-09-30T01:03:33.503103Z,0.5900,30.00,yes
2026-09-30T01:03:33.503103Z,0.6000,8.00,yes
2026-09-30T01:03:33.503103Z,0.6000,1.00,yes
2026-09-30T01:03:33.503103Z,0.5900,1.00,yes
2026-09-30T01:03:33.503103Z,0.6000,2.00,yes
2026-09-30T01:03:33.503103Z,0.5900,150.00,yes
2026-09-30T01:03:33.503103Z,0.6300,1.00,yes
2026-09-30T01:03:33.503103Z,0.5900,1.00,yes
2026-09-30T01:03:33.503103Z,0.6100,150.00,yes
2026-09-30T01:03:33.503103Z,0.5900,1.00,yes
2026-09-30T01:03:33.503103Z,0.6100,17.00,yes
2026-09-30T01:03:33.503103Z,0.6200,82.65,yes
2026-09-30T01:03:33.503103Z,0.5900,0.01,yes
2026-09-30T01:03:33.503103Z,0.5900,0.01,yes
2026-09-30T01:03:33.503103Z,0.6000,0.01,yes
2026-09-30T01:03:33.503103Z,0.6100,0.01,yes
2026-09-30T01:03:33.503103Z,0.5800,0.01,yes
2026-09-30T01:03:33.532857Z,0.6400,72.27,yes
2026-09-30T01:03:33.532857Z,0.6400,0.01,yes
2026-09-30T01:03:33.532857Z,0.6400,90.00,yes
2026-09-30T01:03:33.532857Z,0.6400,100.00,yes
2026-09-30T01:03:33.532857Z,0.6400,1.00,yes
2026-09-30T01:03:33.532857Z,0.6400,1.00,yes
2026-09-30T01:03:33.532857Z,0.6400,27.00,yes
2026-09-30T01:03:34.090008Z,0.6500,37.54,yes
2026-09-30T01:03:35.1348Z,0.6400,29.88,no
2026-09-30T01:03:35.365035Z,0.6400,157.43,no
2026-09-30T01:03:35.509556Z,0.6400,9.97,no
2026-09-30T01:03:35.707437Z,0.6400,184.26,no
2026-09-30T01:03:35.839723Z,0.6500,3.00,yes
2026-09-30T01:03:35.841015Z,0.6400,10.95,no
2026-09-30T01:03:35.880416Z,0.6400,39.40,no
2026-09-30T01:03:36.445393Z,0.6500,7.50,yes
2026-09-30T01:03:36.581663Z,0.6500,2284.00,yes
2026-09-30T01:03:36.581663Z,0.6500,1869.24,yes
2026-09-30T01:03:36.581663Z,0.6500,2284.00,yes
2026-09-30T01:03:36.581663Z,0.6500,2284.00,yes
2026-09-30T01:03:36.581663Z,0.6500,2235.96,yes
2026-09-30T01:03:36.590798Z,0.6500,2284.00,yes
2026-09-30T01:03:36.590798Z,0.6500,2284.00,yes
2026-09-30T01:03:36.590798Z,0.6500,414.76,yes
2026-09-30T01:03:36.590798Z,0.6500,495.84,yes
2026-09-30T01:03:36.952281Z,0.6400,41.05,no
2026-09-30T01:03:37.158484Z,0.6500,1.12,yes
2026-09-30T01:03:37.158484Z,0.6500,1.00,yes
2026-09-30T01:03:37.158484Z,0.6500,1.00,yes
2026-09-30T01:03:37.608608Z,0.6400,13.95,no
2026-09-30T01:03:37.608608Z,0.6400,26.25,no
2026-09-30T01:03:38.027398Z,0.6400,57.75,no
2026-09-30T01:03:38.027398Z,0.6400,9.50,no
2026-09-30T01:03:38.545049Z,0.6400,10.47,no
2026-09-30T01:03:38.986555Z,0.6400,7.88,no
2026-09-30T01:03:39.683654Z,0.6400,248.25,no
2026-09-30T01:03:39.891218Z,0.6600,71.15,yes
2026-09-30T01:03:39.891218Z,0.6500,1.00,yes
2026-09-30T01:03:39.891218Z,0.6500,1.88,yes
2026-09-30T01:03:40.212715Z,0.6500,14.05,no
2026-09-30T01:03:40.513644Z,0.6500,46.30,no
2026-09-30T01:03:40.811542Z,0.6500,25.65,no
2026-09-30T01:03:40.811542Z,0.6500,57.90,no
2026-09-30T01:03:41.030913Z,0.6500,50.60,no
2026-09-30T01:03:42.307917Z,0.6500,72.21,no
2026-09-30T01:03:42.541717Z,0.6600,220.50,yes
2026-09-30T01:03:42.900297Z,0.6500,49.18,no
2026-09-30T01:03:43.058491Z,0.6500,652.68,no
2026-09-30T01:03:43.422371Z,0.6500,7.77,no
2026-09-30T01:03:43.72167Z,0.6500,109.66,no
2026-09-30T01:03:43.72167Z,0.6500,47.41,no
2026-09-30T01:03:43.823318Z,0.6500,300.16,no
2026-09-30T01:03:45.243849Z,0.6600,19.23,yes
2026-09-30T01:03:45.268578Z,0.6500,16.59,no
2026-09-30T01:03:45.378972Z,0.6600,0.44,yes
2026-09-30T01:03:45.513303Z,0.6500,228.80,no
2026-09-30T01:03:46.066794Z,0.6500,54.36,no
2026-09-30T01:03:46.076253Z,0.6500,49.80,no
2026-09-30T01:03:46.715143Z,0.6500,42.16,no
2026-09-30T01:03:47.381485Z,0.6500,20.94,no
2026-09-30T01:03:48.04242Z,0.6500,45.72,no
2026-09-30T01:03:48.048251Z,0.6600,147.99,yes
2026-09-30T01:03:48.072673Z,0.6600,1539.12,yes
2026-09-30T01:03:48.782552Z,0.6500,3.35,no
2026-09-30T01:03:49.582911Z,0.6500,41.02,no
2026-09-30T01:03:49.74068Z,0.6600,15.00,yes
2026-09-30T01:03:49.977921Z,0.6500,27.20,no
2026-09-30T01:03:50.06965Z,0.6500,67.25,no
2026-09-30T01:03:50.563248Z,0.6600,147.00,yes
2026-09-30T01:03:50.642372Z,0.6500,8.19,no
2026-09-30T01:03:50.823844Z,0.6500,20.51,no
2026-09-30T01:03:51.028204Z,0.6500,26.54,no
2026-09-30T01:03:51.028204Z,0.6500,23.46,no
2026-09-30T01:03:51.217547Z,0.6600,44.39,yes
2026-09-30T01:03:51.779719Z,0.6500,37.42,no
2026-09-30T01:03:51.779719Z,0.6500,31.54,no
2026-09-30T01:03:52.14141Z,0.6500,270.49,no
2026-09-30T01:03:52.493175Z,0.6500,30.00,no
2026-09-30T01:03:53.169574Z,0.6500,190.82,no
2026-09-30T01:03:53.722771Z,0.6500,10.30,no
2026-09-30T01:03:55.415213Z,0.6500,2.58,no
2026-09-30T01:03:55.823215Z,0.6600,588.00,yes
2026-09-30T01:03:56.637384Z,0.6500,15.91,no
2026-09-30T01:03:57.030008Z,0.6500,32.58,no
2026-09-30T01:03:57.489753Z,0.6600,147.99,yes
2026-09-30T01:03:57.609041Z,0.6600,29.59,yes
2026-09-30T01:03:58.003944Z,0.6600,7.39,yes
2026-09-30T01:03:58.472172Z,0.6500,2.29,no
2026-09-30T01:03:58.727927Z,0.6500,10.05,no
2026-09-30T01:03:58.99384Z,0.6500,12.64,no
2026-09-30T01:04:02.07096Z,0.6600,72.38,yes
2026-09-30T01:04:02.07096Z,0.6600,1.00,yes
2026-09-30T01:04:02.07096Z,0.6600,5.00,yes
2026-09-30T01:04:02.07096Z,0.6600,0.01,yes
2026-09-30T01:04:02.07096Z,0.6600,1.00,yes
2026-09-30T01:04:02.07096Z,0.6600,1.00,yes
2026-09-30T01:04:02.07096Z,0.6600,1.00,yes
2026-09-30T01:04:03.52199Z,0.6600,1.83,yes
2026-09-30T01:04:03.52199Z,0.6600,10.00,yes
2026-09-30T01:04:04.297102Z,0.6500,34.99,no
2026-09-30T01:04:04.297102Z,0.6500,0.01,no
2026-09-30T01:04:04.950503Z,0.6600,4.03,yes
2026-09-30T01:04:04.950503Z,0.6600,57.17,yes
2026-09-30T01:04:04.950503Z,0.6600,1.00,yes
2026-09-30T01:04:04.950503Z,0.6600,1.00,yes
2026-09-30T01:04:04.950503Z,0.6600,6.00,yes
2026-09-30T01:04:04.950503Z,0.6600,1.83,yes
2026-09-30T01:04:05.194252Z,0.6000,19.90,no
2026-09-30T01:04:05.194252Z,0.6300,2.00,no
2026-09-30T01:04:05.194252Z,0.6100,0.01,no
2026-09-30T01:04:05.194252Z,0.6000,0.01,no
2026-09-30T01:04:05.194252Z,0.6200,0.01,no
2026-09-30T01:04:05.194252Z,0.6400,0.01,no
2026-09-30T01:04:05.194252Z,0.6300,0.01,no
2026-09-30T01:04:05.194252Z,0.6300,0.01,no
2026-09-30T01:04:05.194252Z,0.6500,0.01,no
2026-09-30T01:04:05.194252Z,0.6000,0.10,no
2026-09-30T01:04:07.56509Z,0.6500,2.00,yes
2026-09-30T01:04:07.56509Z,0.6500,60.00,yes
2026-09-30T01:04:07.56509Z,0.6500,1.00,yes
2026-09-30T01:04:07.56509Z,0.6600,38.97,yes
2026-09-30T01:04:07.56509Z,0.6600,5.00,yes
2026-09-30T01:04:07.56509Z,0.6600,1.00,yes
2026-09-30T01:04:07.56509Z,0.6600,1.00,yes
2026-09-30T01:04:07.56509Z,0.6600,11.25,yes
2026-09-30T01:04:07.7031Z,0.6600,11.76,yes
2026-09-30T01:04:08.990123Z,0.6600,4.00,yes
2026-09-30T01:04:08.990123Z,0.6600,5.00,yes
2026-09-30T01:04:08.990123Z,0.6600,1.00,yes
2026-09-30T01:04:08.990123Z,0.6600,5.60,yes
2026-09-30T01:04:08.990123Z,0.6600,25.00,yes
2026-09-30T01:04:09.223625Z,0.6600,17.75,yes
2026-09-30T01:04:09.283009Z,0.6600,4.94,yes
2026-09-30T01:04:09.283009Z,0.6600,5.00,yes
2026-09-30T01:04:09.283009Z,0.6600,19.65,yes
2026-09-30T01:04:10.457602Z,0.6500,1.00,yes
2026-09-30T01:04:11.255321Z,0.6200,98.00,no
2026-09-30T01:04:11.260053Z,0.6200,2.00,no
2026-09-30T01:04:11.262495Z,0.6000,0.01,no
2026-09-30T01:04:11.262495Z,0.6100,0.01,no
2026-09-30T01:04:11.262495Z,0.6100,1.00,no
2026-09-30T01:04:11.262495Z,0.5900,0.01,no
2026-09-30T01:04:13.041052Z,0.5400,40.00,no
2026-09-30T01:04:13.041052Z,0.5400,0.01,no
2026-09-30T01:04:13.041052Z,0.5600,0.01,no
2026-09-30T01:04:13.041052Z,0.5700,0.01,no
2026-09-30T01:04:13.041052Z,0.5500,0.01,no
2026-09-30T01:04:13.041052Z,0.5800,0.01,no
2026-09-30T01:04:13.041052Z,0.5700,0.10,no
2026-09-30T01:04:13.049388Z,0.5300,1.00,no
2026-09-30T01:04:13.049388Z,0.5300,0.01,no
2026-09-30T01:04:13.07261Z,0.5200,0.01,no
2026-09-30T01:04:13.07261Z,0.5100,0.01,no
2026-09-30T01:04:13.07261Z,0.5100,0.10,no
2026-09-30T01:04:13.091039Z,0.5000,0.01,no
2026-09-30T01:04:13.26538Z,0.5000,1.62,yes
2026-09-30T01:04:13.905182Z,0.4900,0.01,no
2026-09-30T01:04:14.824519Z,0.4900,197.04,yes
2026-09-30T01:04:16.499999Z,0.4900,39.19,yes
2026-09-30T01:04:16.537708Z,0.4800,10.94,no
2026-09-30T01:04:16.537708Z,0.4800,0.01,no
2026-09-30T01:04:16.792471Z,0.4800,251.17,no
2026-09-30T01:04:17.277177Z,0.4900,1.00,yes
2026-09-30T01:04:17.279547Z,0.4900,94.00,yes
2026-09-30T01:04:17.400054Z,0.4900,29.37,yes
2026-09-30T01:04:18.066872Z,0.4900,1960.78,yes
2026-09-30T01:04:19.182901Z,0.4900,78.81,yes
2026-09-30T01:04:22.413901Z,0.4800,55.17,no
2026-09-30T01:04:22.908369Z,0.4900,0.29,yes
2026-09-30T01:04:23.247093Z,0.4900,19.70,yes
2026-09-30T01:04:23.754634Z,0.4900,135.96,yes
2026-09-30T01:04:24.621125Z,0.4900,9.85,yes
2026-09-30T01:04:25.282611Z,0.4900,7.88,yes
2026-09-30T01:04:25.509601Z,0.4900,19.70,yes
2026-09-30T01:04:26.302654Z,0.4900,49.26,yes
2026-09-30T01:04:26.413552Z,0.4900,100.00,yes
2026-09-30T01:04:26.872627Z,0.4900,49.26,yes
2026-09-30T01:04:26.940624Z,0.4900,19.70,yes
2026-09-30T01:04:27.137511Z,0.4800,9.85,no
2026-09-30T01:04:27.94144Z,0.4900,49.26,yes
2026-09-30T01:04:28.096013Z,0.4900,29.00,yes
2026-09-30T01:04:28.223692Z,0.4800,36.88,no
2026-09-30T01:04:29.561943Z,0.4900,197.04,yes
2026-09-30T01:04:30.200252Z,0.4900,98.52,yes
2026-09-30T01:04:31.293943Z,0.4900,3.93,yes
2026-09-30T01:04:31.646008Z,0.4900,0.98,yes
2026-09-30T01:04:31.719005Z,0.4800,136.64,no
2026-09-30T01:04:31.812073Z,0.4900,197.04,yes
2026-09-30T01:04:32.648267Z,0.4900,49.24,yes
2026-09-30T01:04:33.660026Z,0.4900,72.89,yes
2026-09-30T01:04:34.578912Z,0.4900,17.00,yes
2026-09-30T01:04:34.704847Z,0.4900,354.68,yes
2026-09-30T01:04:35.814473Z,0.4800,93.69,no
2026-09-30T01:04:36.338088Z,0.4900,3.94,yes
2026-09-30T01:04:37.769635Z,0.4900,12.05,yes
2026-09-30T01:04:38.267334Z,0.4800,54.65,no
2026-09-30T01:04:38.298724Z,0.4900,4.00,yes
2026-09-30T01:04:38.653325Z,0.4900,4.76,yes
2026-09-30T01:04:40.356508Z,0.4900,1.43,yes
2026-09-30T01:04:42.526303Z,0.4800,78.61,no
2026-09-30T01:04:42.526303Z,0.4800,1000.00,no
2026-09-30T01:04:42.526303Z,0.4800,351.01,no
2026-09-30T01:04:42.526303Z,0.4800,12.00,no
2026-09-30T01:04:43.290238Z,0.4900,78.59,yes
2026-09-30T01:04:43.339395Z,0.4800,90.17,no
2026-09-30T01:04:43.402029Z,0.4900,1497.55,yes
2026-09-30T01:04:44.016324Z,0.4900,9.85,yes
2026-09-30T01:04:44.049534Z,0.4900,74.87,yes
2026-09-30T01:04:44.68958Z,0.4900,39.40,yes
2026-09-30T01:04:44.941103Z,0.4900,56.67,yes
2026-09-30T01:04:45.320685Z,0.4900,19.70,yes
2026-09-30T01:04:46.57759Z,0.4900,9.85,yes
2026-09-30T01:04:49.066813Z,0.4900,19.70,yes
2026-09-30T01:04:49.162775Z,0.4900,275.86,yes
2026-09-30T01:04:49.873019Z,0.4900,19.70,yes
2026-09-30T01:04:50.268638Z,0.4900,1.97,yes
2026-09-30T01:04:50.294368Z,0.4900,197.04,yes
2026-09-30T01:04:52.764105Z,0.4900,0.07,yes
2026-09-30T01:04:52.954578Z,0.4900,49.26,yes
2026-09-30T01:04:53.866552Z,0.4900,98.52,yes
2026-09-30T01:04:54.734472Z,0.4900,96.00,yes
2026-09-30T01:04:54.734472Z,0.4900,14.00,yes
2026-09-30T01:04:54.734472Z,0.4900,11.33,yes
2026-09-30T01:04:54.734472Z,0.4900,0.01,yes
2026-09-30T01:04:54.734472Z,0.4900,5.00,yes
2026-09-30T01:04:54.734472Z,0.4900,2.00,yes
2026-09-30T01:04:54.734472Z,0.4900,10.00,yes
2026-09-30T01:04:54.734472Z,0.4900,9.44,yes
2026-09-30T01:04:55.985325Z,0.4800,52.22,no
2026-09-30T01:04:56.991164Z,0.4900,1.00,yes
2026-09-30T01:04:56.991164Z,0.4900,1.00,yes
2026-09-30T01:04:56.991164Z,0.4900,7.22,yes
2026-09-30T01:04:56.991164Z,0.4900,0.56,yes
2026-09-30T01:04:57.330875Z,0.4900,35.46,yes
2026-09-30T01:04:57.421848Z,0.4900,0.98,yes
2026-09-30T01:04:57.422535Z,0.4900,0.01,yes
2026-09-30T01:04:59.456383Z,0.4900,22.48,yes
2026-09-30T01:04:59.456383Z,0.4900,56.33,yes
2026-09-30T01:04:59.60086Z,0.4900,150.00,yes
2026-09-30T01:04:59.920683Z,0.4900,19.70,yes
2026-09-30T01:05:00.013256Z,0.4900,0.94,yes
2026-09-30T01:05:00.819505Z,0.4800,239.92,no
2026-09-30T01:05:02.194341Z,0.4900,9.85,yes
2026-09-30T01:05:03.076948Z,0.4900,5.91,yes
2026-09-30T01:05:03.859031Z,0.4900,9.85,yes
2026-09-30T01:05:04.170422Z,0.4900,59.72,yes
2026-09-30T01:05:05.754032Z,0.4900,5.91,yes
2026-09-30T01:05:07.780083Z,0.4900,102.46,yes
2026-09-30T01:05:11.351004Z,0.4900,1.00,yes
2026-09-30T01:05:11.351004Z,0.4900,1585.18,yes
2026-09-30T01:05:11.351004Z,0.4900,94.00,yes
2026-09-30T01:05:11.351004Z,0.4900,2260.76,yes
2026-09-30T01:05:11.45923Z,0.4900,98.52,yes
2026-09-30T01:05:12.41895Z,0.4900,1326.12,yes
2026-09-30T01:05:12.891467Z,0.4900,1.00,yes
2026-09-30T01:05:12.891467Z,0.4900,1.00,yes
2026-09-30T01:05:12.891467Z,0.4900,2.00,yes
2026-09-30T01:05:12.891467Z,0.4900,10.00,yes
2026-09-30T01:05:12.891467Z,0.4900,1.00,yes
2026-09-30T01:05:12.891467Z,0.4900,10.00,yes
2026-09-30T01:05:12.891467Z,0.4900,5.00,yes
2026-09-30T01:05:12.891467Z,0.4900,10.00,yes
2026-09-30T01:05:13.81459Z,0.5000,0.01,yes
2026-09-30T01:05:13.81459Z,0.5000,0.01,yes
2026-09-30T01:05:13.81459Z,0.5100,0.01,yes
2026-09-30T01:05:13.81459Z,0.5100,0.01,yes
2026-09-30T01:05:13.81459Z,0.5100,3.73,yes
2026-09-30T01:05:15.248043Z,0.4800,0.02,no
2026-09-30T01:05:16.439317Z,0.4500,35.00,no
2026-09-30T01:05:16.439317Z,0.4400,2.50,no
2026-09-30T01:05:16.439317Z,0.4400,0.01,no
2026-09-30T01:05:16.439317Z,0.4700,0.01,no
2026-09-30T01:05:16.439317Z,0.4500,0.01,no
2026-09-30T01:05:16.439317Z,0.4600,0.01,no
2026-09-30T01:05:17.196443Z,0.4800,49.26,yes
2026-09-30T01:05:17.794158Z,0.4900,8.18,yes
2026-09-30T01:05:17.794158Z,0.4800,5.00,yes
2026-09-30T01:05:17.794158Z,0.4800,25.00,yes
2026-09-30T01:05:17.794158Z,0.4800,1.00,yes
2026-09-30T01:05:17.794158Z,0.4800,10.72,yes
2026-09-30T01:05:17.830411Z,0.4900,1.82,yes
2026-09-30T01:05:17.830411Z,0.5600,114.00,yes
2026-09-30T01:05:17.830411Z,0.5500,132.00,yes
2026-09-30T01:05:17.830411Z,0.5100,45.00,yes
2026-09-30T01:05:17.830411Z,0.5400,250.00,yes
2026-09-30T01:05:17.830411Z,0.5300,26.00,yes
2026-09-30T01:05:17.830411Z,0.5200,1.00,yes
2026-09-30T01:05:17.830411Z,0.5600,150.00,yes
2026-09-30T01:05:17.830411Z,0.5400,40.00,yes
2026-09-30T01:05:17.830411Z,0.5000,80.00,yes
2026-09-30T01:05:17.830411Z,0.5100,0.01,yes
2026-09-30T01:05:17.830411Z,0.5200,2.00,yes
2026-09-30T01:05:17.830411Z,0.5100,1.00,yes
2026-09-30T01:05:17.830411Z,0.5100,6.27,yes
2026-09-30T01:05:17.830411Z,0.5000,54.00,yes
2026-09-30T01:05:17.830411Z,0.5400,0.01,yes
2026-09-30T01:05:17.830411Z,0.5300,0.01,yes
2026-09-30T01:05:17.830411Z,0.5200,0.01,yes
2026-09-30T01:05:17.830411Z,0.5600,0.01,yes
2026-09-30T01:05:17.830411Z,0.5500,0.01,yes
2026-09-30T01:05:17.830411Z,0.5600,0.01,yes
2026-09-30T01:05:17.830411Z,0.5500,0.01,yes
2026-09-30T01:05:17.830411Z,0.5200,0.01,yes
2026-09-30T01:05:17.830411Z,0.5300,0.01,yes
2026-09-30T01:05:17.830411Z,0.5400,0.01,yes
2026-09-30T01:05:17.830411Z,0.5300,25.00,yes
2026-09-30T01:05:17.835153Z,0.5800,131.00,yes
2026-09-30T01:05:17.835153Z,0.5700,79.42,yes
2026-09-30T01:05:17.835153Z,0.5700,52.12,yes
2026-09-30T01:05:17.835153Z,0.5800,21.00,yes
2026-09-30T01:05:17.835153Z,0.5800,150.00,yes
2026-09-30T01:05:17.835153Z,0.5800,0.01,yes
2026-09-30T01:05:17.835153Z,0.5700,0.01,yes
2026-09-30T01:05:17.835153Z,0.5700,0.01,yes
2026-09-30T01:05:17.835153Z,0.5800,0.01,yes
2026-09-30T01:05:17.835153Z,0.5800,250.00,yes
2026-09-30T01:05:17.875708Z,0.5900,0.01,yes
2026-09-30T01:05:17.875708Z,0.5900,0.01,yes
2026-09-30T01:05:17.875708Z,0.5900,21.00,yes
2026-09-30T01:05:17.901307Z,0.6000,0.01,yes
2026-09-30T01:05:17.901307Z,0.6000,100.00,yes
2026-09-30T01:05:17.901307Z,0.6000,0.01,yes
2026-09-30T01:05:17.960613Z,0.6100,2.00,yes
2026-09-30T01:05:17.960613Z,0.6100,3.00,yes
2026-09-30T01:05:17.960613Z,0.6100,0.01,yes
2026-09-30T01:05:17.960613Z,0.6100,49.26,yes
2026-09-30T01:05:19.382659Z,0.6100,25.00,no
2026-09-30T01:05:19.563955Z,0.6100,140.56,no
2026-09-30T01:05:20.295146Z,0.6200,468.32,yes
2026-09-30T01:05:20.295146Z,0.6200,3.00,yes
2026-09-30T01:05:20.295146Z,0.6200,0.01,yes
2026-09-30T01:05:20.880344Z,0.6100,12.29,no
2026-09-30T01:05:20.96242Z,0.6200,5.00,yes
2026-09-30T01:05:21.409031Z,0.6100,260.66,no
2026-09-30T01:05:22.065997Z,0.6100,5.17,no
2026-09-30T01:05:22.405118Z,0.6100,415.74,no
2026-09-30T01:05:23.700514Z,0.6200,31.42,yes
2026-09-30T01:05:23.968632Z,0.6200,120.97,yes
2026-09-30T01:05:24.026216Z,0.6100,65.00,no
2026-09-30T01:05:24.622651Z,0.6100,2.08,no
2026-09-30T01:05:24.622651Z,0.6100,348.74,no
2026-09-30T01:05:24.934005Z,0.6100,10.25,no
2026-09-30T01:05:25.145214Z,0.6100,31.00,no
2026-09-30T01:05:25.234809Z,0.6100,44.51,no
2026-09-30T01:05:25.234809Z,0.6100,956.67,no
2026-09-30T01:05:26.017867Z,0.6100,10.49,no
2026-09-30T01:05:26.017867Z,0.6100,9.21,no
2026-09-30T01:05:26.505245Z,0.6100,14.05,no
2026-09-30T01:05:26.852713Z,0.6100,35.46,no
2026-09-30T01:05:28.483935Z,0.6100,9.85,no
2026-09-30T01:05:28.824918Z,0.6200,31.42,yes
2026-09-30T01:05:29.959065Z,0.6100,6.28,no
2026-09-30T01:05:30.160365Z,0.6200,29.85,yes
2026-09-30T01:05:31.641835Z,0.6200,120.00,yes
2026-09-30T01:05:31.739432Z,0.6100,7.15,no
2026-09-30T01:05:31.739432Z,0.6100,570.61,no
2026-09-30T01:05:31.870773Z,0.6100,3.94,no
2026-09-30T01:05:32.346082Z,0.6100,99.39,no
2026-09-30T01:05:32.722539Z,0.6100,300.00,no
2026-09-30T01:05:32.797371Z,0.6200,7.85,yes
2026-09-30T01:05:32.825922Z,0.6100,8.35,no
2026-09-30T01:05:33.883564Z,0.6100,261.14,no
2026-09-30T01:05:33.883777Z,0.6100,3.94,no
2026-09-30T01:05:34.480047Z,0.6100,26.79,no
2026-09-30T01:05:34.881585Z,0.6100,18.72,no
2026-09-30T01:05:35.43238Z,0.6200,78.55,yes
2026-09-30T01:05:36.289148Z,0.6100,72.89,no
2026-09-30T01:05:36.436284Z,0.6100,197.04,no
2026-09-30T01:05:36.538597Z,0.6100,44.73,no
2026-09-30T01:05:37.849329Z,0.6100,0.98,no
2026-09-30T01:05:37.876478Z,0.6100,354.68,no
2026-09-30T01:05:38.231988Z,0.6200,5.00,yes
2026-09-30T01:05:39.066612Z,0.6200,7.00,yes
2026-09-30T01:05:39.066612Z,0.6200,5.00,yes
2026-09-30T01:05:39.066612Z,0.6200,0.01,yes
2026-09-30T01:05:39.795296Z,0.6300,7.62,yes
2026-09-30T01:05:39.795296Z,0.6300,0.10,yes
2026-09-30T01:05:39.795296Z,0.6300,0.01,yes
2026-09-30T01:05:42.460057Z,0.6300,5.00,yes
2026-09-30T01:05:42.460057Z,0.6300,13.00,yes
2026-09-30T01:05:42.460057Z,0.6300,0.01,yes
2026-09-30T01:05:42.662992Z,0.6400,1.00,yes
2026-09-30T01:05:42.662992Z,0.6400,6.57,yes
2026-09-30T01:05:44.124035Z,0.6400,47.32,yes
2026-09-30T01:05:45.893267Z,0.5800,10.00,no
2026-09-30T01:05:45.893267Z,0.5500,2.43,no
2026-09-30T01:05:45.893267Z,0.6100,0.01,no
2026-09-30T01:05:45.893267Z,0.5900,0.01,no
2026-09-30T01:05:45.893267Z,0.6000,0.01,no
2026-09-30T01:05:46.273609Z,0.6300,49.06,yes
2026-09-30T01:05:46.273609Z,0.6200,46.00,yes
2026-09-30T01:05:46.273609Z,0.6200,31.00,yes
2026-09-30T01:05:46.273609Z,0.6300,1.00,yes
2026-09-30T01:05:46.273609Z,0.6200,5.00,yes
2026-09-30T01:05:46.273609Z,0.6200,22.00,yes
2026-09-30T01:05:47.250143Z,0.5100,14.43,no
2026-09-30T01:05:47.250143Z,0.5200,0.01,no
2026-09-30T01:05:47.250143Z,0.5100,0.01,no
2026-09-30T01:05:47.250143Z,0.5500,100.00,no
2026-09-30T01:05:47.250143Z,0.5300,55.00,no
2026-09-30T01:05:47.250143Z,0.5200,10.00,no
2026-09-30T01:05:47.250143Z,0.5400,25.00,no
2026-09-30T01:05:47.250143Z,0.5400,40.00,no
2026-09-30T01:05:47.250143Z,0.5200,43.00,no
2026-09-30T01:05:47.250143Z,0.5500,1.00,no
2026-09-30T01:05:47.250143Z,0.5500,1.00,no
2026-09-30T01:05:47.290001Z,0.6200,2.00,yes
2026-09-30T01:05:47.853532Z,0.6100,2.85,yes
2026-09-30T01:05:47.853532Z,0.6100,5.00,yes
2026-09-30T01:05:48.117057Z,0.6300,4.00,yes
2026-09-30T01:05:48.117057Z,0.6100,17.15,yes
2026-09-30T01:05:48.117057Z,0.6300,1.00,yes
2026-09-30T01:05:48.117057Z,0.6200,20.00,yes
2026-09-30T01:05:48.117057Z,0.6300,6.00,yes
2026-09-30T01:05:48.117057Z,0.6300,12.00,yes
2026-09-30T01:05:48.117057Z,0.6200,23.00,yes
2026-09-30T01:05:48.117057Z,0.6300,45.00,yes
2026-09-30T01:05:48.117057Z,0.6100,5.00,yes
2026-09-30T01:05:48.117057Z,0.6300,0.01,yes
2026-09-30T01:05:48.117057Z,0.6300,0.01,yes
2026-09-30T01:05:48.117057Z,0.6400,21.47,yes
2026-09-30T01:05:48.458288Z,0.6000,5.00,yes
2026-09-30T01:05:48.458288Z,0.6000,1.00,yes
2026-09-30T01:05:48.528983Z,0.6400,0.01,yes
2026-09-30T01:05:48.528983Z,0.6500,53.75,yes
2026-09-30T01:05:48.528983Z,0.6500,2.00,yes
2026-09-30T01:05:48.528983Z,0.6100,2.00,yes
2026-09-30T01:05:48.528983Z,0.6500,27.52,yes
2026-09-30T01:05:48.528983Z,0.6400,0.01,yes
2026-09-30T01:05:48.528983Z,0.6400,7.00,yes
2026-09-30T01:05:48.528983Z,0.6500,9.00,yes
2026-09-30T01:05:48.528983Z,0.6500,8.00,yes
2026-09-30T01:05:48.528983Z,0.6400,2.00,yes
2026-09-30T01:05:48.528983Z,0.6400,1.00,yes
2026-09-30T01:05:48.528983Z,0.6400,10.00,yes
2026-09-30T01:05:48.528983Z,0.6500,1.00,yes
2026-09-30T01:05:48.528983Z,0.6500,0.01,yes
2026-09-30T01:05:48.528983Z,0.6400,24.64,yes
2026-09-30T01:05:48.830127Z,0.6700,53.75,yes
2026-09-30T01:05:48.830127Z,0.6500,10.00,yes
2026-09-30T01:05:48.830127Z,0.6500,1.00,yes
2026-09-30T01:05:48.830127Z,0.6500,79.98,yes
2026-09-30T01:05:48.830127Z,0.6300,45.00,yes
2026-09-30T01:05:48.830127Z,0.6300,10.00,yes
2026-09-30T01:05:48.830127Z,0.6600,59.00,yes
2026-09-30T01:05:48.830127Z,0.6200,12.00,yes
2026-09-30T01:05:48.830127Z,0.6700,47.48,yes
2026-09-30T01:05:48.830127Z,0.6100,18.00,yes
2026-09-30T01:05:48.830127Z,0.6300,3.00,yes
2026-09-30T01:05:48.830127Z,0.6100,25.00,yes
2026-09-30T01:05:48.830127Z,0.6200,5.00,yes
2026-09-30T01:05:48.830127Z,0.6600,83.70,yes
2026-09-30T01:05:48.830127Z,0.6600,20.00,yes
2026-09-30T01:05:48.830127Z,0.6400,30.00,yes
2026-09-30T01:05:48.830127Z,0.6600,0.01,yes
2026-09-30T01:05:48.830127Z,0.6600,0.01,yes
2026-09-30T01:05:48.830127Z,0.6600,0.01,yes
2026-09-30T01:05:48.830127Z,0.6700,0.01,yes
2026-09-30T01:05:48.830127Z,0.6700,0.01,yes
2026-09-30T01:05:49.031753Z,0.6300,30.00,yes
2026-09-30T01:05:49.031753Z,0.6700,12.23,yes
2026-09-30T01:05:49.031753Z,0.6600,96.00,yes
2026-09-30T01:05:49.031753Z,0.6500,1.00,yes
2026-09-30T01:05:49.031753Z,0.6300,3.00,yes
2026-09-30T01:05:49.031753Z,0.6600,6.00,yes
2026-09-30T01:05:49.031753Z,0.6100,2.00,yes
2026-09-30T01:05:49.031753Z,0.6200,2.00,yes
2026-09-30T01:05:49.031753Z,0.6700,135.77,yes
2026-09-30T01:05:49.031753Z,0.6600,59.00,yes
2026-09-30T01:05:49.031753Z,0.6400,16.00,yes
2026-09-30T01:05:49.031753Z,0.6500,8.00,yes
2026-09-30T01:05:49.031753Z,0.6700,40.00,yes
2026-09-30T01:05:49.520016Z,0.6400,25.00,yes
2026-09-30T01:05:49.520016Z,0.6400,1.00,yes
2026-09-30T01:05:49.520016Z,0.6400,10.99,yes
2026-09-30T01:05:51.656439Z,0.6200,10.45,yes
2026-09-30T01:05:51.656439Z,0.6200,0.01,yes
2026-09-30T01:05:51.682239Z,0.6200,7.85,yes
2026-09-30T01:05:52.3749Z,0.6600,0.01,yes
2026-09-30T01:05:52.3749Z,0.6300,25.00,yes
2026-09-30T01:05:52.3749Z,0.6300,5.00,yes
2026-09-30T01:05:52.3749Z,0.6500,41.00,yes
2026-09-30T01:05:52.3749Z,0.6400,44.00,yes
2026-09-30T01:05:52.3749Z,0.6500,0.01,yes
2026-09-30T01:05:52.3749Z,0.6500,10.00,yes
2026-09-30T01:05:52.3749Z,0.6300,0.01,yes
2026-09-30T01:05:52.3749Z,0.6400,0.01,yes
2026-09-30T01:05:52.3749Z,0.6600,23.96,yes
2026-09-30T01:05:53.436625Z,0.6300,0.01,yes
2026-09-30T01:05:53.436625Z,0.6300,4.54,yes
2026-09-30T01:05:53.78332Z,0.5700,3.00,no
2026-09-30T01:05:53.78332Z,0.5900,0.01,no
2026-09-30T01:05:53.78332Z,0.5900,10.00,no
2026-09-30T01:05:53.78332Z,0.5600,1.91,no
2026-09-30T01:05:53.78332Z,0.6300,0.02,no
2026-09-30T01:05:53.837888Z,0.6400,14.00,yes
2026-09-30T01:05:53.837888Z,0.6400,0.01,yes
2026-09-30T01:05:53.837888Z,0.6500,0.01,yes
2026-09-30T01:05:53.837888Z,0.6500,23.31,yes
2026-09-30T01:05:54.597995Z,0.6200,3.14,yes
2026-09-30T01:05:56.064787Z,0.6400,3.00,yes
2026-09-30T01:05:56.064787Z,0.6400,5.00,yes
2026-09-30T01:05:56.064787Z,0.6400,1.00,yes
2026-09-30T01:05:56.064787Z,0.6500,30.00,yes
2026-09-30T01:05:56.064787Z,0.6200,25.00,yes
2026-09-30T01:05:56.064787Z,0.6400,0.01,yes
2026-09-30T01:05:56.064787Z,0.6500,0.01,yes
2026-09-30T01:05:56.064787Z,0.6500,8.00,yes
2026-09-30T01:05:56.064787Z,0.6200,1.86,yes
2026-09-30T01:05:56.064787Z,0.6300,0.01,yes
2026-09-30T01:05:56.064787Z,0.6500,3.00,yes
2026-09-30T01:05:56.064787Z,0.6600,5.00,yes
2026-09-30T01:05:56.064787Z,0.6400,44.00,yes
2026-09-30T01:05:56.064787Z,0.6600,1.27,yes
2026-09-30T01:05:56.064787Z,0.6500,100.00,yes
2026-09-30T01:05:56.166196Z,0.5600,40.00,no
2026-09-30T01:05:56.166196Z,0.5300,55.00,no
2026-09-30T01:05:56.166196Z,0.5300,1.00,no
2026-09-30T01:05:56.166196Z,0.5200,43.00,no
2026-09-30T01:05:56.166196Z,0.5300,1.00,no
2026-09-30T01:05:56.166196Z,0.5200,124.16,no
2026-09-30T01:05:56.166196Z,0.5800,10.00,no
2026-09-30T01:05:56.166196Z,0.6000,0.01,no
2026-09-30T01:05:56.166196Z,0.5900,0.01,no
2026-09-30T01:05:56.268346Z,0.5600,4.18,no
2026-09-30T01:05:57.582631Z,0.6400,3.00,yes
2026-09-30T01:05:57.582631Z,0.6400,21.00,yes
2026-09-30T01:05:57.582631Z,0.6400,0.01,yes
2026-09-30T01:05:57.582631Z,0.6400,25.00,yes
2026-09-30T01:05:57.582631Z,0.6500,28.10,yes
2026-09-30T01:05:57.582631Z,0.6300,0.01,yes
2026-09-30T01:05:57.582631Z,0.6500,5.00,yes
2026-09-30T01:05:57.582631Z,0.6500,0.01,yes
2026-09-30T01:05:59.384443Z,0.6500,7.50,yes
2026-09-30T01:05:59.411355Z,0.7100,3.09,yes
2026-09-30T01:05:59.411355Z,0.7300,2.81,yes
2026-09-30T01:05:59.411355Z,0.7600,21.27,yes
2026-09-30T01:05:59.411355Z,0.6700,42.00,yes
2026-09-30T01:05:59.411355Z,0.7400,53.00,yes
2026-09-30T01:05:59.411355Z,0.6600,0.01,yes
2026-09-30T01:05:59.411355Z,0.6900,150.00,yes
2026-09-30T01:05:59.411355Z,0.7100,150.00,yes
2026-09-30T01:05:59.411355Z,0.6700,0.01,yes
2026-09-30T01:05:59.411355Z,0.7000,21.00,yes
2026-09-30T01:05:59.411355Z,0.6900,87.00,yes
2026-09-30T01:05:59.411355Z,0.6700,0.01,yes
2026-09-30T01:05:59.411355Z,0.6800,81.62,yes
2026-09-30T01:05:59.411355Z,0.7700,5.00,yes
2026-09-30T01:05:59.411355Z,0.7700,191.00,yes
2026-09-30T01:05:59.411355Z,0.7200,92.00,yes
2026-09-30T01:05:59.411355Z,0.7300,265.00,yes
2026-09-30T01:05:59.411355Z,0.7600,113.00,yes
2026-09-30T01:05:59.411355Z,0.6700,20.00,yes
2026-09-30T01:05:59.411355Z,0.6900,5.00,yes
2026-09-30T01:05:59.411355Z,0.6500,19.00,yes
2026-09-30T01:05:59.411355Z,0.6500,10.00,yes
2026-09-30T01:05:59.411355Z,0.6600,3.00,yes
2026-09-30T01:05:59.411355Z,0.6800,41.00,yes
2026-09-30T01:05:59.411355Z,0.6500,25.00,yes
2026-09-30T01:05:59.411355Z,0.6700,0.01,yes
2026-09-30T01:05:59.411355Z,0.6800,8.00,yes
2026-09-30T01:05:59.411355Z,0.6500,8.40,yes
2026-09-30T01:05:59.411355Z,0.6600,1.00,yes
2026-09-30T01:05:59.411355Z,0.6600,5.00,yes
2026-09-30T01:05:59.411355Z,0.6700,54.00,yes
2026-09-30T01:05:59.411355Z,0.6600,29.00,yes
2026-09-30T01:05:59.411355Z,0.6900,2.00,yes
2026-09-30T01:05:59.411355Z,0.7600,50.00,yes
2026-09-30T01:05:59.411355Z,0.7000,35.00,yes
2026-09-30T01:05:59.411355Z,0.7500,0.01,yes
2026-09-30T01:05:59.411355Z,0.7500,0.01,yes
2026-09-30T01:05:59.411355Z,0.7000,0.01,yes
2026-09-30T01:05:59.411355Z,0.7200,0.01,yes
2026-09-30T01:05:59.411355Z,0.6900,0.01,yes
2026-09-30T01:05:59.411355Z,0.6800,0.01,yes
2026-09-30T01:05:59.411355Z,0.7400,0.01,yes
2026-09-30T01:05:59.411355Z,0.7100,0.01,yes
2026-09-30T01:05:59.411355Z,0.7400,0.01,yes
2026-09-30T01:05:59.411355Z,0.7000,0.01,yes
2026-09-30T01:05:59.411355Z,0.6900,0.01,yes
2026-09-30T01:05:59.411355Z,0.7300,0.01,yes
2026-09-30T01:05:59.411355Z,0.7200,0.01,yes
2026-09-30T01:05:59.411355Z,0.7300,0.01,yes
2026-09-30T01:05:59.411355Z,0.6800,0.01,yes
2026-09-30T01:05:59.411355Z,0.7100,0.01,yes
2026-09-30T01:05:59.411355Z,0.7500,49.24,yes
2026-09-30T01:05:59.411355Z,0.7200,0.10,yes
2026-09-30T01:05:59.411355Z,0.7500,1.08,yes
2026-09-30T01:05:59.411355Z,0.6900,0.10,yes
2026-09-30T01:05:59.411355Z,0.7500,1.11,yes
2026-09-30T01:05:59.411355Z,0.7500,2.39,yes
2026-09-30T01:05:59.411355Z,0.7500,4.01,yes
2026-09-30T01:05:59.411355Z,0.7500,7.02,yes
2026-09-30T01:05:59.411355Z,0.7500,42.53,yes
2026-09-30T01:05:59.411355Z,0.7600,18.42,yes
2026-09-30T01:05:59.417024Z,0.7900,1.00,yes
2026-09-30T01:05:59.417024Z,0.7900,22.56,yes
2026-09-30T01:05:59.417024Z,0.7900,7.09,yes
2026-09-30T01:05:59.417024Z,0.7800,4.24,yes
2026-09-30T01:05:59.417024Z,0.7900,95.00,yes
2026-09-30T01:05:59.417024Z,0.8000,41.99,yes
2026-09-30T01:05:59.417024Z,0.7800,40.70,yes
2026-09-30T01:05:59.417024Z,0.8000,99.00,yes
2026-09-30T01:05:59.417024Z,0.7900,42.02,yes
2026-09-30T01:05:59.417024Z,0.7800,100.00,yes
2026-09-30T01:05:59.417024Z,0.8000,18.05,yes
2026-09-30T01:05:59.417024Z,0.8000,100.00,yes
2026-09-30T01:05:59.431593Z,0.8000,25.00,no
2026-09-30T01:05:59.488602Z,0.8100,41.99,yes
2026-09-30T01:05:59.488602Z,0.8100,93.76,yes
2026-09-30T01:06:00.77084Z,0.8100,45.00,no
2026-09-30T01:06:01.515461Z,0.8100,0.28,no
2026-09-30T01:06:01.765477Z,0.8100,62.84,no
2026-09-30T01:06:02.341321Z,0.8100,227.16,no
2026-09-30T01:06:02.367911Z,0.8100,1.97,no
2026-09-30T01:06:02.473467Z,0.8100,25.00,no
2026-09-30T01:06:02.618971Z,0.8100,10.05,no
2026-09-30T01:06:02.848059Z,0.8100,147.78,no
2026-09-30T01:06:03.005848Z,0.8200,2.00,yes
2026-09-30T01:06:03.005848Z,0.8200,1.00,yes
2026-09-30T01:06:03.005848Z,0.8200,3.09,yes
2026-09-30T01:06:03.005848Z,0.8200,20.00,yes
2026-09-30T01:06:03.129287Z,0.8100,10.00,no
2026-09-30T01:06:03.431634Z,0.8100,258.85,no
2026-09-30T01:06:03.492554Z,0.8100,65.60,no
2026-09-30T01:06:03.977453Z,0.8100,41.89,no
2026-09-30T01:06:04.48703Z,0.8200,81.43,yes
2026-09-30T01:06:04.48703Z,0.8200,34.00,yes
2026-09-30T01:06:04.48703Z,0.8200,5.00,yes
2026-09-30T01:06:04.515911Z,0.8100,40.23,no
2026-09-30T01:06:04.678643Z,0.8100,19.70,no
2026-09-30T01:06:04.712677Z,0.8100,691.79,no
2026-09-30T01:06:04.712677Z,0.8100,405.90,no
2026-09-30T01:06:04.853574Z,0.8200,240.86,yes
2026-09-30T01:06:05.224228Z,0.8200,6.00,yes
2026-09-30T01:06:05.286693Z,0.8100,120.97,no
2026-09-30T01:06:05.404472Z,0.8200,602.16,yes
2026-09-30T01:06:05.549682Z,0.8100,46.84,no
2026-09-30T01:06:05.592003Z,0.8100,45.15,no
2026-09-30T01:06:05.709158Z,0.8100,95.25,no
2026-09-30T01:06:05.709158Z,0.8100,6000.00,no
2026-09-30T01:06:05.709158Z,0.8100,10618.39,no
2026-09-30T01:06:05.709158Z,0.8100,55.00,no
2026-09-30T01:06:05.712746Z,0.8100,3.14,no
2026-09-30T01:06:06.113482Z,0.8100,15.70,no
2026-09-30T01:06:06.113482Z,0.8100,708.47,no
2026-09-30T01:06:06.177414Z,0.8100,0.01,no
2026-09-30T01:06:06.177414Z,0.8100,115.93,no
2026-09-30T01:06:06.177414Z,0.8100,251.58,no
2026-09-30T01:06:06.177414Z,0.8100,632.48,no
2026-09-30T01:06:06.448631Z,0.8100,813.80,no
2026-09-30T01:06:06.493746Z,0.8100,13.22,no
2026-09-30T01:06:06.556722Z,0.8100,29.00,no
2026-09-30T01:06:06.616768Z,0.8100,47.03,no
2026-09-30T01:06:06.797818Z,0.8100,4.76,no
2026-09-30T01:06:07.389656Z,0.8100,45.29,no
2026-09-30T01:06:07.389656Z,0.8100,3386.71,no
2026-09-30T01:06:07.477147Z,0.8100,337.70,no
2026-09-30T01:06:07.560661Z,0.8200,72.26,yes
2026-09-30T01:06:07.7002Z,0.8200,157.76,yes
2026-09-30T01:06:07.82227Z,0.8100,148.02,no
2026-09-30T01:06:07.839545Z,0.8100,181.88,no
2026-09-30T01:06:08.119235Z,0.8100,1539.12,no
2026-09-30T01:06:08.133729Z,0.8100,88.53,no
2026-09-30T01:06:08.19547Z,0.8200,2.00,yes
2026-09-30T01:06:08.268746Z,0.8200,12.04,yes
2026-09-30T01:06:08.422723Z,0.8200,481.73,yes
2026-09-30T01:06:08.423117Z,0.8100,49.80,no
2026-09-30T01:06:08.836441Z,0.8100,112.52,no
2026-09-30T01:06:08.836441Z,0.8100,161.66,no
2026-09-30T01:06:08.907813Z,0.8100,356.15,no
2026-09-30T01:06:08.907813Z,0.8100,1017.48,no
2026-09-30T01:06:08.907813Z,0.8100,1130.00,no
2026-09-30T01:06:08.924142Z,0.8100,234.22,no
2026-09-30T01:06:08.933926Z,0.8200,24.08,yes
2026-09-30T01:06:08.939763Z,0.8100,39.36,no
2026-09-30T01:06:09.031757Z,0.8200,12.29,yes
2026-09-30T01:06:09.051373Z,0.8100,9.85,no
2026-09-30T01:06:09.154218Z,0.8100,10.05,no
2026-09-30T01:06:09.234004Z,0.8100,88.09,no
2026-09-30T01:06:09.266087Z,0.8100,273.28,no
2026-09-30T01:06:09.267625Z,0.8100,21.56,no
2026-09-30T01:06:09.267625Z,0.8100,119.00,no
2026-09-30T01:06:09.356303Z,0.8100,1025.77,no
2026-09-30T01:06:09.378098Z,0.8100,51.77,no
2026-09-30T01:06:09.821942Z,0.8100,22.37,no
2026-09-30T01:06:09.85215Z,0.8200,2.40,yes
2026-09-30T01:06:10.375633Z,0.8100,58.05,no
2026-09-30T01:06:10.375633Z,0.8100,8.53,no
2026-09-30T01:06:10.558161Z,0.8100,7.85,no
2026-09-30T01:06:10.624579Z,0.8100,88.97,no
2026-09-30T01:06:11.102261Z,0.8100,37.00,no
2026-09-30T01:06:11.47641Z,0.8100,275.07,no
2026-09-30T01:06:11.478345Z,0.8100,9.85,no
2026-09-30T01:06:11.576415Z,0.8200,92.73,yes
2026-09-30T01:06:11.632404Z,0.8200,57.12,yes
2026-09-30T01:06:12.123317Z,0.8100,3.95,no
2026-09-30T01:06:12.227688Z,0.8100,39.40,no
2026-09-30T01:06:12.570607Z,0.8100,48.80,no
2026-09-30T01:06:12.663946Z,0.8100,7.50,no
2026-09-30T01:06:12.799598Z,0.8100,19.70,no
2026-09-30T01:06:12.803Z,0.8100,24.38,no
2026-09-30T01:06:12.805733Z,0.8200,7.39,yes
2026-09-30T01:06:13.130328Z,0.8100,896.16,no
2026-09-30T01:06:13.130328Z,0.8100,509.48,no
2026-09-30T01:06:13.232281Z,0.8100,129.42,no
2026-09-30T01:06:13.386491Z,0.8100,104.42,no
2026-09-30T01:06:13.386491Z,0.8100,38.58,no
2026-09-30T01:06:13.460153Z,0.8100,111.90,no
2026-09-30T01:06:13.510392Z,0.8100,249.03,no
2026-09-30T01:06:13.531433Z,0.8200,68.64,yes
2026-09-30T01:06:13.606738Z,0.8200,49.37,yes
2026-09-30T01:06:13.748191Z,0.8200,1.20,yes
2026-09-30T01:06:13.905174Z,0.8100,285.93,no
2026-09-30T01:06:14.145442Z,0.8100,67.37,no
2026-09-30T01:06:15.064626Z,0.8100,12.94,no
2026-09-30T01:06:15.107158Z,0.8100,266.29,no
2026-09-30T01:06:15.129906Z,0.8100,979.33,no
2026-09-30T01:06:15.129906Z,0.8100,97.96,no
2026-09-30T01:06:15.37774Z,0.8100,31.46,no
2026-09-30T01:06:15.546712Z,0.8100,0.01,no
2026-09-30T01:06:15.546712Z,0.8100,17.42,no
2026-09-30T01:06:15.546712Z,0.8100,119.21,no
2026-09-30T01:06:15.742592Z,0.8100,37.58,no
2026-09-30T01:06:15.742592Z,0.8100,6.28,no
2026-09-30T01:06:16.483145Z,0.8100,375.86,no
2026-09-30T01:06:16.612402Z,0.8200,2.40,yes
2026-09-30T01:06:16.642572Z,0.8100,26.27,no
2026-09-30T01:06:16.661623Z,0.8100,300.00,no
2026-09-30T01:06:16.789733Z,0.8100,185.00,no
2026-09-30T01:06:16.982813Z,0.8100,70.39,no
2026-09-30T01:06:17.043657Z,0.8200,361.30,yes
2026-09-30T01:06:17.15011Z,0.8100,616.81,no
2026-09-30T01:06:17.446382Z,0.8100,119.96,no
2026-09-30T01:06:17.668413Z,0.8100,19.70,no
2026-09-30T01:06:17.960092Z,0.8100,15.06,no
2026-09-30T01:06:18.458415Z,0.8100,39.19,no
2026-09-30T01:06:18.480247Z,0.8100,46.73,no
2026-09-30T01:06:18.783507Z,0.8100,66.43,no
2026-09-30T01:06:18.841964Z,0.8100,633.94,no
2026-09-30T01:06:18.85118Z,0.8200,8.84,yes
2026-09-30T01:06:18.85118Z,0.8200,17.55,yes
2026-09-30T01:06:18.860918Z,0.8100,46.84,no
2026-09-30T01:06:19.00207Z,0.8100,21.21,no
2026-09-30T01:06:19.075064Z,0.8200,0.01,yes
2026-09-30T01:06:19.1424Z,0.8100,0.01,no
2026-09-30T01:06:19.1424Z,0.8100,80.84,no
2026-09-30T01:06:19.255758Z,0.8200,94.99,yes
2026-09-30T01:06:19.255758Z,0.8200,56.00,yes
2026-09-30T01:06:19.255758Z,0.8200,1.00,yes
2026-09-30T01:06:19.255758Z,0.8200,1.00,yes
2026-09-30T01:06:19.255758Z,0.8200,5.00,yes
2026-09-30T01:06:19.255758Z,0.8200,321.33,yes
2026-09-30T01:06:19.328921Z,0.8000,1.64,no
2026-09-30T01:06:19.549684Z,0.8200,4.00,yes
2026-09-30T01:06:19.5551Z,0.8000,48.60,no
2026-09-30T01:06:19.5551Z,0.8000,0.01,no
2026-09-30T01:06:19.66119Z,0.7700,4.14,no
2026-09-30T01:06:19.66119Z,0.7800,1.00,no
2026-09-30T01:06:19.66119Z,0.7800,0.01,no
2026-09-30T01:06:19.66119Z,0.7900,0.01,no
2026-09-30T01:06:19.66119Z,0.7700,0.01,no
2026-09-30T01:06:20.027463Z,0.7700,1.00,no
2026-09-30T01:06:20.027463Z,0.7600,52.67,no
2026-09-30T01:06:20.027463Z,0.7600,0.01,no
2026-09-30T01:06:20.269228Z,0.8200,1.00,yes
2026-09-30T01:06:20.269228Z,0.8100,5.00,yes
2026-09-30T01:06:20.269228Z,0.8000,1.00,yes
2026-09-30T01:06:20.269228Z,0.8200,10.00,yes
2026-09-30T01:06:20.269228Z,0.8100,11.00,yes
2026-09-30T01:06:20.269228Z,0.8100,25.00,yes
2026-09-30T01:06:20.269228Z,0.8100,60.00,yes
2026-09-30T01:06:20.269228Z,0.8200,1.00,yes
2026-09-30T01:06:20.269228Z,0.8200,18.80,yes
2026-09-30T01:06:20.269228Z,0.8000,5.00,yes
2026-09-30T01:06:20.269228Z,0.8200,34.00,yes
2026-09-30T01:06:20.269228Z,0.8200,5.00,yes
2026-09-30T01:06:20.269228Z,0.8200,21.00,yes
2026-09-30T01:06:20.269228Z,0.8200,1.00,yes
2026-09-30T01:06:20.493415Z,0.7600,61.00,no
2026-09-30T01:06:20.493415Z,0.7600,35.19,no
2026-09-30T01:06:20.493415Z,0.7600,2.33,no
2026-09-30T01:06:20.837429Z,0.8000,20.43,yes
2026-09-30T01:06:20.837429Z,0.8000,4.00,yes
2026-09-30T01:06:21.064458Z,0.8000,2.00,yes
2026-09-30T01:06:21.064458Z,0.8000,14.00,yes
2026-09-30T01:06:21.064458Z,0.8000,1.00,yes
2026-09-30T01:06:21.130606Z,0.7700,0.29,no
2026-09-30T01:06:21.301949Z,0.7700,20.00,no
2026-09-30T01:06:21.301949Z,0.7700,1.00,no
2026-09-30T01:06:21.301949Z,0.7700,1.00,no
2026-09-30T01:06:21.301949Z,0.7600,1.87,no
2026-09-30T01:06:21.301949Z,0.7600,0.01,no
2026-09-30T01:06:21.301949Z,0.7700,0.71,no
2026-09-30T01:06:21.490332Z,0.7500,6.78,no
2026-09-30T01:06:21.490332Z,0.7600,1.00,no
2026-09-30T01:06:21.490332Z,0.7500,0.01,no
2026-09-30T01:06:21.708005Z,0.8000,1.00,yes
2026-09-30T01:06:21.708005Z,0.8000,9.00,yes
2026-09-30T01:06:21.708005Z,0.8000,1.00,yes
2026-09-30T01:06:21.708005Z,0.8000,3.00,yes
2026-09-30T01:06:21.70834Z,0.8100,5.00,yes
2026-09-30T01:06:21.70834Z,0.8100,7.00,yes
2026-09-30T01:06:21.76407Z,0.8100,3.60,yes
2026-09-30T01:06:22.519699Z,0.8100,1.62,yes
2026-09-30T01:06:22.519699Z,0.8100,1.00,yes
2026-09-30T01:06:22.519699Z,0.8100,0.40,yes
2026-09-30T01:06:22.908714Z,0.7400,5.00,no
2026-09-30T01:06:22.908714Z,0.7500,36.22,no
2026-09-30T01:06:22.908714Z,0.7600,1.00,no
2026-09-30T01:06:22.908714Z,0.7500,55.00,no
2026-09-30T01:06:22.908714Z,0.7600,27.00,no
2026-09-30T01:06:22.908714Z,0.7400,40.74,no
2026-09-30T01:06:22.908714Z,0.7500,40.00,no
2026-09-30T01:06:22.908714Z,0.7600,1.00,no
2026-09-30T01:06:22.908714Z,0.7600,1.00,no
2026-09-30T01:06:22.908714Z,0.7500,0.01,no
2026-09-30T01:06:22.908714Z,0.7600,0.01,no
2026-09-30T01:06:22.908714Z,0.7400,0.01,no
2026-09-30T01:06:22.969137Z,0.8200,6.20,yes
2026-09-30T01:06:22.969137Z,0.8200,9.00,yes
2026-09-30T01:06:22.969137Z,0.8200,3.00,yes
2026-09-30T01:06:22.969137Z,0.8100,4.00,yes
2026-09-30T01:06:22.969137Z,0.8200,1.00,yes
2026-09-30T01:06:22.969137Z,0.8200,1.00,yes
2026-09-30T01:06:22.969137Z,0.8100,3.38,yes
2026-09-30T01:06:22.969137Z,0.8100,12.61,yes
2026-09-30T01:06:22.969137Z,0.8200,1.00,yes
2026-09-30T01:06:22.969137Z,0.8200,34.00,yes
2026-09-30T01:06:22.969137Z,0.8200,11.00,yes
2026-09-30T01:06:22.969137Z,0.8100,2.00,yes
2026-09-30T01:06:22.969137Z,0.8100,5.00,yes
2026-09-30T01:06:22.969137Z,0.8100,1.00,yes
2026-09-30T01:06:22.969137Z,0.8100,6.00,yes
2026-09-30T01:06:22.969137Z,0.8100,2.00,yes
2026-09-30T01:06:22.975349Z,0.8200,0.01,no
2026-09-30T01:06:23.091982Z,0.8400,1.00,yes
2026-09-30T01:06:23.091982Z,0.8400,0.35,yes
2026-09-30T01:06:23.091982Z,0.8400,1.00,yes
2026-09-30T01:06:23.091982Z,0.8400,1.00,yes
2026-09-30T01:06:23.091982Z,0.8300,4.00,yes
2026-09-30T01:06:23.091982Z,0.8300,2.00,yes
2026-09-30T01:06:23.091982Z,0.8400,5.00,yes
2026-09-30T01:06:23.091982Z,0.8300,1.00,yes
2026-09-30T01:06:23.091982Z,0.8400,3.00,yes
2026-09-30T01:06:23.091982Z,0.8300,13.00,yes
2026-09-30T01:06:23.091982Z,0.8400,20.00,yes
2026-09-30T01:06:23.091982Z,0.8400,56.00,yes
2026-09-30T01:06:23.091982Z,0.8300,5.00,yes
2026-09-30T01:06:23.091982Z,0.8300,35.04,yes
2026-09-30T01:06:23.091982Z,0.8300,13.02,yes
2026-09-30T01:06:23.368571Z,0.8400,19.31,no
2026-09-30T01:06:23.803224Z,0.8400,119.32,no
2026-09-30T01:06:23.8374Z,0.8400,12.29,no
2026-09-30T01:06:24.134403Z,0.8400,171.18,no
2026-09-30T01:06:24.31757Z,0.8400,42.00,no
2026-09-30T01:06:24.697884Z,0.8500,1.16,yes
2026-09-30T01:06:25.080017Z,0.8500,0.58,yes
2026-09-30T01:06:25.10889Z,0.8400,43.37,no
2026-09-30T01:06:25.321594Z,0.8400,49.80,no
2026-09-30T01:06:25.435751Z,0.8500,56.55,yes
2026-09-30T01:06:25.435751Z,0.8500,1.00,yes
2026-09-30T01:06:25.435751Z,0.8500,3.00,yes
2026-09-30T01:06:25.435751Z,0.8500,2.00,yes
2026-09-30T01:06:25.435751Z,0.8500,11.00,yes
2026-09-30T01:06:25.435751Z,0.8500,5.00,yes
2026-09-30T01:06:25.435751Z,0.8500,104.45,yes
2026-09-30T01:06:25.435751Z,0.8500,12.44,yes
2026-09-30T01:06:25.514975Z,0.8400,72.00,no
2026-09-30T01:06:25.8523Z,0.8500,110.60,yes
2026-09-30T01:06:26.405574Z,0.8500,5.82,yes
2026-09-30T01:06:26.528803Z,0.8400,40.03,no
2026-09-30T01:06:26.599776Z,0.8500,239.83,yes
2026-09-30T01:06:26.648198Z,0.8500,26.77,yes
2026-09-30T01:06:26.693074Z,0.8400,13.53,no
2026-09-30T01:06:26.783982Z,0.8500,1.16,yes
2026-09-30T01:06:27.227389Z,0.8400,363.94,no
2026-09-30T01:06:27.383585Z,0.8400,32.58,no
2026-09-30T01:06:27.480547Z,0.8500,104.78,yes
2026-09-30T01:06:27.695483Z,0.8400,156.37,no
2026-09-30T01:06:28.007956Z,0.8400,202.31,no
2026-09-30T01:06:28.403255Z,0.8400,77.65,no
2026-09-30T01:06:28.458022Z,0.8400,21.84,no
2026-09-30T01:06:28.458022Z,0.8400,151.91,no
2026-09-30T01:06:28.758261Z,0.8500,348.29,yes
2026-09-30T01:06:28.858644Z,0.8500,116.42,yes
2026-09-30T01:06:29.060289Z,0.8400,1.86,no
2026-09-30T01:06:29.351918Z,0.8600,1.00,yes
2026-09-30T01:06:29.351918Z,0.8700,56.00,yes
2026-09-30T01:06:29.351918Z,0.8700,2.00,yes
2026-09-30T01:06:29.351918Z,0.8600,3.00,yes
2026-09-30T01:06:29.351918Z,0.8700,1.00,yes
2026-09-30T01:06:29.351918Z,0.8600,12.00,yes
2026-09-30T01:06:29.351918Z,0.8700,5.00,yes
2026-09-30T01:06:29.351918Z,0.8700,12.00,yes
2026-09-30T01:06:29.351918Z,0.8600,5.00,yes
2026-09-30T01:06:29.351918Z,0.8600,1.00,yes
2026-09-30T01:06:29.351918Z,0.8700,2.00,yes
2026-09-30T01:06:29.351918Z,0.8600,47.00,yes
2026-09-30T01:06:29.351918Z,0.8500,100.00,yes
2026-09-30T01:06:29.351918Z,0.8500,5.00,yes
2026-09-30T01:06:29.351918Z,0.8500,4.00,yes
2026-09-30T01:06:29.351918Z,0.8700,2.00,yes
2026-09-30T01:06:29.351918Z,0.8600,3.00,yes
2026-09-30T01:06:29.351918Z,0.8500,1.00,yes
2026-09-30T01:06:29.351918Z,0.8500,1.00,yes
2026-09-30T01:06:29.351918Z,0.8600,65.00,yes
2026-09-30T01:06:29.351918Z,0.8700,53.54,yes
2026-09-30T01:06:29.351918Z,0.8600,1.00,yes
2026-09-30T01:06:29.351918Z,0.8700,1.00,yes
2026-09-30T01:06:29.351918Z,0.8700,5.78,yes
2026-09-30T01:06:29.640774Z,0.8900,1.00,yes
2026-09-30T01:06:29.640774Z,0.8900,23.50,yes
2026-09-30T01:06:29.640774Z,0.8800,8.51,yes
2026-09-30T01:06:29.640774Z,0.8800,1.00,yes
2026-09-30T01:06:29.640774Z,0.8800,3.00,yes
2026-09-30T01:06:29.640774Z,0.8800,20.00,yes
2026-09-30T01:06:29.640774Z,0.8700,25.00,yes
2026-09-30T01:06:29.640774Z,0.8600,2.00,yes
2026-09-30T01:06:29.640774Z,0.8700,5.00,yes
2026-09-30T01:06:29.640774Z,0.8700,42.00,yes
2026-09-30T01:06:29.640774Z,0.8500,1.00,yes
2026-09-30T01:06:29.640774Z,0.8700,10.00,yes
2026-09-30T01:06:29.640774Z,0.8700,5.00,yes
2026-09-30T01:06:29.640774Z,0.8800,33.00,yes
2026-09-30T01:06:29.640774Z,0.8800,1.00,yes
2026-09-30T01:06:29.640774Z,0.8800,25.00,yes
2026-09-30T01:06:29.640774Z,0.8800,5.00,yes
2026-09-30T01:06:29.640774Z,0.8800,1.43,yes
2026-09-30T01:06:29.640774Z,0.8800,1.17,yes
2026-09-30T01:06:29.640774Z,0.8800,1.36,yes
2026-09-30T01:06:29.640774Z,0.8800,4.03,yes
2026-09-30T01:06:30.680334Z,0.7700,153.65,no
2026-09-30T01:06:30.680334Z,0.8200,150.00,no
2026-09-30T01:06:30.680334Z,0.8300,16.00,no
2026-09-30T01:06:30.680334Z,0.8300,1.00,no
2026-09-30T01:06:30.680334Z,0.7900,40.00,no
2026-09-30T01:06:30.680334Z,0.7700,161.00,no
2026-09-30T01:06:30.680334Z,0.8300,1.00,no
2026-09-30T01:06:30.680334Z,0.8000,1.00,no
2026-09-30T01:06:30.680334Z,0.7700,47.00,no
2026-09-30T01:06:30.680334Z,0.7800,0.01,no
2026-09-30T01:06:30.680334Z,0.7900,0.01,no
2026-09-30T01:06:30.680334Z,0.7700,0.01,no
2026-09-30T01:06:30.680334Z,0.8200,5.00,no
2026-09-30T01:06:30.680334Z,0.8000,0.01,no
2026-09-30T01:06:30.680334Z,0.7800,55.00,no
2026-09-30T01:06:30.680334Z,0.8400,0.01,no
2026-09-30T01:06:30.680334Z,0.8100,0.01,no
2026-09-30T01:06:30.680334Z,0.8200,0.01,no
2026-09-30T01:06:30.680334Z,0.8300,0.01,no
2026-09-30T01:06:30.930357Z,0.7800,1.00,no
2026-09-30T01:06:30.930357Z,0.7800,11.84,no
2026-09-30T01:06:30.930357Z,0.8300,0.01,no
2026-09-30T01:06:30.930357Z,0.8200,0.01,no
2026-09-30T01:06:30.930357Z,0.8100,0.01,no
2026-09-30T01:06:31.092137Z,0.8500,2.00,yes
2026-09-30T01:06:31.092137Z,0.8500,3.00,yes
2026-09-30T01:06:31.092137Z,0.8500,1.00,yes
2026-09-30T01:06:31.611184Z,0.8500,2.00,yes
2026-09-30T01:06:31.611184Z,0.8500,16.38,yes
2026-09-30T01:06:31.611184Z,0.8500,23.00,yes
2026-09-30T01:06:31.611184Z,0.8500,3.00,yes
2026-09-30T01:06:31.611184Z,0.8500,2.00,yes
2026-09-30T01:06:31.658244Z,0.8500,41.62,yes
2026-09-30T01:06:31.658244Z,0.8500,16.38,yes
2026-09-30T01:06:31.658244Z,0.8500,5.00,yes
2026-09-30T01:06:31.658244Z,0.8500,1.00,yes
2026-09-30T01:06:31.805665Z,0.8500,99.23,no
2026-09-30T01:06:31.898912Z,0.8500,200.58,no
2026-09-30T01:06:32.086554Z,0.8500,103.25,no
2026-09-30T01:06:32.33811Z,0.8500,83.39,no
2026-09-30T01:06:32.548826Z,0.8500,4.60,no
2026-09-30T01:06:32.706934Z,0.8900,28.27,yes
2026-09-30T01:06:32.706934Z,0.8900,28.00,yes
2026-09-30T01:06:32.706934Z,0.8900,20.00,yes
2026-09-30T01:06:32.706934Z,0.8900,2.00,yes
2026-09-30T01:06:32.706934Z,0.8900,1.00,yes
2026-09-30T01:06:32.706934Z,0.8800,1.00,yes
2026-09-30T01:06:32.706934Z,0.8800,52.00,yes
2026-09-30T01:06:32.706934Z,0.8800,2.00,yes
2026-09-30T01:06:32.706934Z,0.8900,32.24,yes
2026-09-30T01:06:32.706934Z,0.8700,4.00,yes
2026-09-30T01:06:32.706934Z,0.8800,48.00,yes
2026-09-30T01:06:32.706934Z,0.8700,3.00,yes
2026-09-30T01:06:32.706934Z,0.8700,10.00,yes
2026-09-30T01:06:32.706934Z,0.8800,67.00,yes
2026-09-30T01:06:32.706934Z,0.8600,3.00,yes
2026-09-30T01:06:32.706934Z,0.8800,9.00,yes
2026-09-30T01:06:32.706934Z,0.8700,5.00,yes
2026-09-30T01:06:32.706934Z,0.8700,1.00,yes
2026-09-30T01:06:32.706934Z,0.8600,1.00,yes
2026-09-30T01:06:32.706934Z,0.8600,5.00,yes
2026-09-30T01:06:32.706934Z,0.8800,3.00,yes
2026-09-30T01:06:32.706934Z,0.8800,1.00,yes
2026-09-30T01:06:32.706934Z,0.8900,2.29,yes
2026-09-30T01:06:32.724299Z,0.8600,4.28,no
2026-09-30T01:06:32.786301Z,0.8600,97.00,no
2026-09-30T01:06:32.786301Z,0.8600,1.00,no
2026-09-30T01:06:32.786301Z,0.8500,4.46,no
2026-09-30T01:06:32.841889Z,0.8600,25.16,no
2026-09-30T01:06:32.916802Z,0.8800,96.32,yes
2026-09-30T01:06:32.978281Z,0.8600,58.99,no
2026-09-30T01:06:32.978281Z,0.8500,380.38,no
2026-09-30T01:06:33.013625Z,0.8700,0.57,yes
2026-09-30T01:06:33.061119Z,0.8700,113.11,yes
2026-09-30T01:06:33.062779Z,0.8500,9.35,no
2026-09-30T01:06:33.098745Z,0.8900,15.82,yes
2026-09-30T01:06:33.098745Z,0.8800,28.00,yes
2026-09-30T01:06:33.098745Z,0.8800,10.00,yes
2026-09-30T01:06:33.098745Z,0.8800,25.00,yes
2026-09-30T01:06:33.344924Z,0.8800,16.20,yes
2026-09-30T01:06:33.344924Z,0.8700,3.00,yes
2026-09-30T01:06:33.344924Z,0.8800,2.00,yes
2026-09-30T01:06:33.608547Z,0.8700,46.70,yes
2026-09-30T01:06:33.693782Z,0.8500,14.99,no
2026-09-30T01:06:33.693782Z,0.8600,1.00,no
2026-09-30T01:06:33.693782Z,0.8600,0.01,no
2026-09-30T01:06:33.956426Z,0.8500,100.00,no
2026-09-30T01:06:34.036242Z,0.8700,49.00,yes
2026-09-30T01:06:34.036242Z,0.8700,10.00,yes
2026-09-30T01:06:34.036242Z,0.8700,1.00,yes
2026-09-30T01:06:34.036242Z,0.8700,100.19,yes
2026-09-30T01:06:34.036242Z,0.8700,1.00,yes
2026-09-30T01:06:34.036242Z,0.8800,39.71,yes
2026-09-30T01:06:34.036242Z,0.8700,50.00,yes
2026-09-30T01:06:34.036242Z,0.8700,4.00,yes
2026-09-30T01:06:34.036242Z,0.8800,1.00,yes
2026-09-30T01:06:34.036242Z,0.8800,28.00,yes
2026-09-30T01:06:34.162503Z,0.8700,22.78,yes
2026-09-30T01:06:34.186838Z,0.8500,86.83,no
2026-09-30T01:06:34.334471Z,0.8700,14.22,yes
2026-09-30T01:06:34.334471Z,0.8700,1.00,yes
2026-09-30T01:06:34.334471Z,0.8700,3.00,yes
2026-09-30T01:06:34.334471Z,0.8700,1.00,yes
2026-09-30T01:06:34.334471Z,0.8800,3.10,yes
2026-09-30T01:06:34.396376Z,0.8700,8.00,yes
2026-09-30T01:06:34.396376Z,0.8800,8.73,yes
2026-09-30T01:06:34.409772Z,0.8800,55.81,yes
2026-09-30T01:06:34.481065Z,0.8700,2.00,yes
2026-09-30T01:06:34.481065Z,0.8800,37.06,yes
2026-09-30T01:06:34.592403Z,0.8600,18.00,no
2026-09-30T01:06:34.596371Z,0.8600,53.84,no
2026-09-30T01:06:34.596371Z,0.8600,1.00,no
2026-09-30T01:06:34.596371Z,0.8500,481.43,no
2026-09-30T01:06:34.949169Z,0.8700,1.39,yes
2026-09-30T01:06:34.98517Z,0.8800,1.00,yes
2026-09-30T01:06:34.98517Z,0.8800,9.00,yes
2026-09-30T01:06:34.98517Z,0.8700,1.61,yes
2026-09-30T01:06:34.98517Z,0.8800,25.00,yes
2026-09-30T01:06:34.98517Z,0.8800,27.59,yes
2026-09-30T01:06:34.98517Z,0.8800,2.00,yes
2026-09-30T01:06:34.98517Z,0.8900,27.66,yes
2026-09-30T01:06:35.207922Z,0.8500,19.00,no
2026-09-30T01:06:35.612022Z,0.8500,10.00,no
2026-09-30T01:06:35.662685Z,0.8500,22.49,no
2026-09-30T01:06:35.74564Z,0.8500,409.50,no
2026-09-30T01:06:36.191263Z,0.8700,26.00,yes
2026-09-30T01:06:36.191263Z,0.8700,10.00,yes
2026-09-30T01:06:36.191263Z,0.8700,58.00,yes
2026-09-30T01:06:36.191263Z,0.8700,1.00,yes
2026-09-30T01:06:36.191263Z,0.8800,8.78,yes
2026-09-30T01:06:36.212078Z,0.8500,0.01,no
2026-09-30T01:06:36.212078Z,0.8500,6.52,no
2026-09-30T01:06:37.205079Z,0.8500,0.14,yes
2026-09-30T01:06:37.205079Z,0.8500,4.00,yes
2026-09-30T01:06:37.216195Z,0.8500,20.72,yes
2026-09-30T01:06:37.977622Z,0.8500,29.93,yes
2026-09-30T01:06:38.181953Z,0.8500,1.12,yes
2026-09-30T01:06:38.476556Z,0.7900,1.00,no
2026-09-30T01:06:38.476556Z,0.8300,0.01,no
2026-09-30T01:06:38.476556Z,0.8200,0.01,no
2026-09-30T01:06:38.476556Z,0.8400,0.01,no
2026-09-30T01:06:38.476556Z,0.8100,0.01,no
2026-09-30T01:06:38.476556Z,0.7800,0.01,no
2026-09-30T01:06:38.476556Z,0.7900,0.01,no
2026-09-30T01:06:38.476556Z,0.8000,0.01,no
2026-09-30T01:06:38.476556Z,0.7800,20.41,no
2026-09-30T01:06:38.476556Z,0.8200,2.00,no
2026-09-30T01:06:38.478899Z,0.8500,258.00,yes
2026-09-30T01:06:38.91951Z,0.8400,25.42,yes
2026-09-30T01:06:38.91951Z,0.8300,10.00,yes
2026-09-30T01:06:39.007635Z,0.8100,4.98,no
2026-09-30T01:06:39.35243Z,0.8100,82.13,no
2026-09-30T01:06:39.676361Z,0.8300,29.76,yes
2026-09-30T01:06:39.723526Z,0.8300,4.24,yes
2026-09-30T01:06:39.723526Z,0.8200,20.00,yes
2026-09-30T01:06:39.723526Z,0.8300,7.90,yes
2026-09-30T01:06:40.122184Z,0.8300,1.18,yes
2026-09-30T01:06:40.122184Z,0.8300,12.10,yes
2026-09-30T01:06:40.122184Z,0.8300,1.00,yes
2026-09-30T01:06:40.865853Z,0.8400,33.00,yes
2026-09-30T01:06:40.865853Z,0.8300,10.00,yes
2026-09-30T01:06:40.865853Z,0.8400,47.66,yes
2026-09-30T01:06:40.865853Z,0.8300,7.00,yes
2026-09-30T01:06:40.865853Z,0.8400,2.00,yes
2026-09-30T01:06:40.865853Z,0.8400,20.00,yes
2026-09-30T01:06:40.865853Z,0.8300,0.01,yes
2026-09-30T01:06:40.865853Z,0.8500,130.46,yes
2026-09-30T01:06:41.590339Z,0.8400,26.00,yes
2026-09-30T01:06:41.590339Z,0.8500,43.09,yes
2026-09-30T01:06:41.590339Z,0.8400,6.00,yes
2026-09-30T01:06:41.590339Z,0.8400,20.00,yes
2026-09-30T01:06:41.590339Z,0.8400,1.00,yes
2026-09-30T01:06:41.590339Z,0.8400,54.00,yes
2026-09-30T01:06:41.590339Z,0.8400,5.00,yes
2026-09-30T01:06:41.590339Z,0.8400,88.00,yes
2026-09-30T01:06:41.590339Z,0.8400,1.00,yes
2026-09-30T01:06:41.826659Z,0.7900,0.01,no
2026-09-30T01:06:41.826659Z,0.7800,0.01,no
2026-09-30T01:06:41.826659Z,0.7800,1.00,no
2026-09-30T01:06:41.826659Z,0.8100,0.01,no
2026-09-30T01:06:41.826659Z,0.8000,2.00,no
2026-09-30T01:06:41.826659Z,0.8000,0.01,no
2026-09-30T01:06:41.826659Z,0.8200,0.01,no
2026-09-30T01:06:42.477605Z,0.8300,20.00,yes
2026-09-30T01:06:42.477605Z,0.8400,14.72,yes
2026-09-30T01:06:42.477605Z,0.8300,55.00,yes
2026-09-30T01:06:42.477605Z,0.8300,28.00,yes
2026-09-30T01:06:42.594726Z,0.8300,5.59,yes
2026-09-30T01:06:43.600971Z,0.8200,1.00,yes
2026-09-30T01:06:43.600971Z,0.8300,2.56,yes
2026-09-30T01:06:43.614957Z,0.8300,5.85,yes
2026-09-30T01:06:43.614957Z,0.8400,18.28,yes
2026-09-30T01:06:43.614957Z,0.8400,18.63,yes
2026-09-30T01:06:44.085891Z,0.8300,0.01,yes
2026-09-30T01:06:44.085891Z,0.8400,2.32,yes
2026-09-30T01:06:45.57631Z,0.8200,1.78,yes
2026-09-30T01:06:46.075266Z,0.8200,57.26,yes
2026-09-30T01:06:46.075266Z,0.8200,17.00,yes
2026-09-30T01:06:46.075266Z,0.8200,1.78,yes
2026-09-30T01:06:46.075266Z,0.8200,54.22,yes
2026-09-30T01:06:46.075266Z,0.8200,34.00,yes
2026-09-30T01:06:46.075266Z,0.8200,20.00,yes
2026-09-30T01:06:46.152916Z,0.8200,49.37,yes
2026-09-30T01:06:46.214904Z,0.8100,0.01,no
2026-09-30T01:06:46.229278Z,0.8000,0.01,no
2026-09-30T01:06:46.623153Z,0.7700,0.01,no
2026-09-30T01:06:46.623153Z,0.7500,7.26,no
2026-09-30T01:06:46.623153Z,0.7800,0.01,no
2026-09-30T01:06:46.623153Z,0.7900,0.01,no
2026-09-30T01:06:46.623153Z,0.7500,0.01,no
2026-09-30T01:06:46.623153Z,0.7600,0.01,no
2026-09-30T01:06:46.850978Z,0.7900,25.00,yes
2026-09-30T01:06:46.850978Z,0.8000,35.00,yes
2026-09-30T01:06:46.850978Z,0.8000,63.27,yes
2026-09-30T01:06:47.008381Z,0.7500,83.00,no
2026-09-30T01:06:47.008381Z,0.7500,100.00,no
2026-09-30T01:06:47.008381Z,0.7500,100.00,no
2026-09-30T01:06:47.008381Z,0.7500,100.00,no
2026-09-30T01:06:47.008381Z,0.7500,1.00,no
2026-09-30T01:06:47.162306Z,0.7400,0.01,no
2026-09-30T01:06:47.201493Z,0.7300,100.00,no
2026-09-30T01:06:47.201493Z,0.7300,0.01,no
2026-09-30T01:06:47.67191Z,0.7300,58.86,yes
2026-09-30T01:06:47.970804Z,0.7200,45.80,no
2026-09-30T01:06:48.102235Z,0.7300,6.55,yes
2026-09-30T01:06:48.362351Z,0.7300,61.92,yes
2026-09-30T01:06:49.430449Z,0.7300,4.03,yes
2026-09-30T01:06:49.546716Z,0.7300,91.00,yes
2026-09-30T01:06:49.922824Z,0.7300,24.20,yes
2026-09-30T01:06:50.086703Z,0.7300,22.06,yes
2026-09-30T01:06:51.407728Z,0.7300,6.71,yes
2026-09-30T01:06:51.487071Z,0.7300,134.44,yes
2026-09-30T01:06:51.592332Z,0.7300,1.08,yes
2026-09-30T01:06:51.715356Z,0.7200,154.42,no
2026-09-30T01:06:52.252027Z,0.7200,799.78,no
2026-09-30T01:06:52.252027Z,0.7200,526.34,no
2026-09-30T01:06:52.370731Z,0.7300,67.22,yes
2026-09-30T01:06:52.412618Z,0.7300,133.10,yes
2026-09-30T01:06:52.534851Z,0.7300,53.77,yes
2026-09-30T01:06:52.911397Z,0.7300,168.30,yes
2026-09-30T01:06:52.911397Z,0.7300,1550.05,yes
2026-09-30T01:06:52.911397Z,0.7300,2315.00,yes
2026-09-30T01:06:54.018481Z,0.7300,4.03,yes
2026-09-30T01:06:54.214646Z,0.7300,25.00,yes
2026-09-30T01:06:54.389163Z,0.7200,399.00,no
2026-09-30T01:06:54.682753Z,0.7300,10.00,yes
2026-09-30T01:06:54.849883Z,0.7300,134.44,yes
2026-09-30T01:06:55.15425Z,0.7300,1.34,yes
2026-09-30T01:06:55.833662Z,0.7200,828.66,no
2026-09-30T01:06:55.833662Z,0.7200,1681.34,no
2026-09-30T01:06:56.139444Z,0.7300,38.98,yes
2026-09-30T01:06:57.368955Z,0.7300,151.92,yes
2026-09-30T01:06:57.747961Z,0.7300,30.92,yes
2026-09-30T01:06:58.49556Z,0.7300,6.72,yes
2026-09-30T01:06:59.486225Z,0.7300,592.22,yes
2026-09-30T01:06:59.486225Z,0.7300,80.00,yes
2026-09-30T01:06:59.629069Z,0.7300,44.70,yes
2026-09-30T01:07:00.319595Z,0.7300,13.44,yes
2026-09-30T01:07:00.868363Z,0.7300,33.32,yes
2026-09-30T01:07:00.888176Z,0.7300,1.34,yes
2026-09-30T01:07:01.341135Z,0.7200,8.27,no
2026-09-30T01:07:01.604641Z,0.7200,64.39,no
2026-09-30T01:07:01.604641Z,0.7200,75.61,no
2026-09-30T01:07:02.07561Z,0.7300,13.44,yes
2026-09-30T01:07:02.75399Z,0.7300,9.41,yes
2026-09-30T01:07:03.056733Z,0.7200,307.75,no
2026-09-30T01:07:04.668564Z,0.7200,286.68,no
2026-09-30T01:07:05.043528Z,0.7300,142.65,yes
2026-09-30T01:07:05.073698Z,0.7200,65.00,no
2026-09-30T01:07:05.43226Z,0.7300,5.00,yes
2026-09-30T01:07:05.74025Z,0.7300,134.43,yes
2026-09-30T01:07:05.93404Z,0.7200,34.87,no
2026-09-30T01:07:06.523992Z,0.7300,134.44,yes
2026-09-30T01:07:08.309624Z,0.7300,111.58,yes
2026-09-30T01:07:08.75487Z,0.7100,0.01,no
2026-09-30T01:07:08.75487Z,0.7100,2.99,no
2026-09-30T01:07:08.75487Z,0.7100,0.01,no
2026-09-30T01:07:08.75487Z,0.7200,0.01,no
2026-09-30T01:07:08.860463Z,0.7300,40.33,yes
2026-09-30T01:07:08.941423Z,0.7000,16.00,no
2026-09-30T01:07:08.941423Z,0.6900,0.01,no
2026-09-30T01:07:08.941423Z,0.7000,0.01,no
2026-09-30T01:07:08.941423Z,0.7100,0.01,no
2026-09-30T01:07:08.941423Z,0.6900,26.62,no
2026-09-30T01:07:09.412753Z,0.7700,33.66,yes
2026-09-30T01:07:09.412753Z,0.7500,38.00,yes
2026-09-30T01:07:09.412753Z,0.7400,26.00,yes
2026-09-30T01:07:09.412753Z,0.7600,250.00,yes
2026-09-30T01:07:09.412753Z,0.7300,28.73,yes
2026-09-30T01:07:09.412753Z,0.7300,26.58,yes
2026-09-30T01:07:09.412753Z,0.7400,10.00,yes
2026-09-30T01:07:09.412753Z,0.7400,0.01,yes
2026-09-30T01:07:09.412753Z,0.7600,0.01,yes
2026-09-30T01:07:09.412753Z,0.7700,0.01,yes
2026-09-30T01:07:09.412753Z,0.7700,20.00,yes
2026-09-30T01:07:09.412753Z,0.7400,0.01,yes
2026-09-30T01:07:09.412753Z,0.7300,0.01,yes
2026-09-30T01:07:09.412753Z,0.7500,0.01,yes
2026-09-30T01:07:09.412753Z,0.7600,0.01,yes
2026-09-30T01:07:09.412753Z,0.7500,0.01,yes
2026-09-30T01:07:09.412753Z,0.7300,0.01,yes
2026-09-30T01:07:09.412753Z,0.7600,25.00,yes
2026-09-30T01:07:09.412753Z,0.7500,47.00,yes
2026-09-30T01:07:09.412753Z,0.7700,59.00,yes
2026-09-30T01:07:09.412753Z,0.7300,60.00,yes
2026-09-30T01:07:09.412753Z,0.7300,20.00,yes
2026-09-30T01:07:09.934868Z,0.7400,0.01,yes
2026-09-30T01:07:09.934868Z,0.7400,53.07,yes
2026-09-30T01:07:09.934868Z,0.7400,26.00,yes
2026-09-30T01:07:11.365529Z,0.7400,26.00,yes
2026-09-30T01:07:11.365529Z,0.7400,0.01,yes
2026-09-30T01:07:11.365529Z,0.7500,25.00,yes
2026-09-30T01:07:11.365529Z,0.7500,0.01,yes
2026-09-30T01:07:11.365529Z,0.7500,30.94,yes
2026-09-30T01:07:11.365529Z,0.7500,2.00,yes
2026-09-30T01:07:11.365529Z,0.7400,0.01,yes
2026-09-30T01:07:11.365529Z,0.7300,5.00,yes
2026-09-30T01:07:11.365529Z,0.7400,59.00,yes
2026-09-30T01:07:11.365529Z,0.7400,5.00,yes
2026-09-30T01:07:11.365529Z,0.7300,20.00,yes
2026-09-30T01:07:12.059127Z,0.7400,34.50,yes
2026-09-30T01:07:12.076937Z,0.7400,1.32,yes
2026-09-30T01:07:12.693694Z,0.7400,5.00,yes
2026-09-30T01:07:12.693694Z,0.7400,23.18,yes
2026-09-30T01:07:12.693694Z,0.7400,4.99,yes
2026-09-30T01:07:12.961766Z,0.8300,59.00,yes
2026-09-30T01:07:12.961766Z,0.7700,59.00,yes
2026-09-30T01:07:12.961766Z,0.8200,59.00,yes
2026-09-30T01:07:12.961766Z,0.8400,59.95,yes
2026-09-30T01:07:12.961766Z,0.8400,1.08,yes
2026-09-30T01:07:12.961766Z,0.8300,4.00,yes
2026-09-30T01:07:12.961766Z,0.7600,0.01,yes
2026-09-30T01:07:12.961766Z,0.7500,7.06,yes
2026-09-30T01:07:12.961766Z,0.7600,0.01,yes
2026-09-30T01:07:12.961766Z,0.7900,150.00,yes
2026-09-30T01:07:12.961766Z,0.7700,150.00,yes
2026-09-30T01:07:12.961766Z,0.8100,59.00,yes
2026-09-30T01:07:12.961766Z,0.7700,20.00,yes
2026-09-30T01:07:12.961766Z,0.8300,0.01,yes
2026-09-30T01:07:12.961766Z,0.7900,13.00,yes
2026-09-30T01:07:12.961766Z,0.8000,20.00,yes
2026-09-30T01:07:12.961766Z,0.7700,0.01,yes
2026-09-30T01:07:12.961766Z,0.8100,15.00,yes
2026-09-30T01:07:12.961766Z,0.7600,50.00,yes
2026-09-30T01:07:12.961766Z,0.7600,1.00,yes
2026-09-30T01:07:12.961766Z,0.7400,4.00,yes
2026-09-30T01:07:12.961766Z,0.7400,15.01,yes
2026-09-30T01:07:12.961766Z,0.7900,3.00,yes
2026-09-30T01:07:12.961766Z,0.7500,2.00,yes
2026-09-30T01:07:12.961766Z,0.7500,26.00,yes
2026-09-30T01:07:12.961766Z,0.7500,40.00,yes
2026-09-30T01:07:12.961766Z,0.7700,48.00,yes
2026-09-30T01:07:12.961766Z,0.7600,200.00,yes
2026-09-30T01:07:12.961766Z,0.8300,2.00,yes
2026-09-30T01:07:12.961766Z,0.8300,13.00,yes
2026-09-30T01:07:12.961766Z,0.7800,47.00,yes
2026-09-30T01:07:12.961766Z,0.7600,20.00,yes
2026-09-30T01:07:12.961766Z,0.7800,20.00,yes
2026-09-30T01:07:12.961766Z,0.7500,20.00,yes
2026-09-30T01:07:12.961766Z,0.8200,0.01,yes
2026-09-30T01:07:12.961766Z,0.8400,63.32,yes
2026-09-30T01:07:12.961766Z,0.8200,20.00,yes
2026-09-30T01:07:12.961766Z,0.8000,0.01,yes
2026-09-30T01:07:12.961766Z,0.8100,0.01,yes
2026-09-30T01:07:12.961766Z,0.8000,59.00,yes
2026-09-30T01:07:12.961766Z,0.8000,25.00,yes
2026-09-30T01:07:12.961766Z,0.7900,0.01,yes
2026-09-30T01:07:12.961766Z,0.8300,5.00,yes
2026-09-30T01:07:12.961766Z,0.7900,1.00,yes
2026-09-30T01:07:12.961766Z,0.7800,0.01,yes
2026-09-30T01:07:12.961766Z,0.8100,0.01,yes
2026-09-30T01:07:12.961766Z,0.7900,0.01,yes
2026-09-30T01:07:12.961766Z,0.7900,1.00,yes
2026-09-30T01:07:12.961766Z,0.7900,1.00,yes
2026-09-30T01:07:12.961766Z,0.7800,0.01,yes
2026-09-30T01:07:12.961766Z,0.8000,0.01,yes
2026-09-30T01:07:12.961766Z,0.8000,12.50,yes
2026-09-30T01:07:13.49945Z,0.7700,6.39,yes
2026-09-30T01:07:14.108636Z,0.6800,0.01,no
2026-09-30T01:07:14.108636Z,0.7500,0.02,no
2026-09-30T01:07:14.108636Z,0.6900,1.00,no
2026-09-30T01:07:14.108636Z,0.6900,0.01,no
2026-09-30T01:07:14.108636Z,0.7100,0.01,no
2026-09-30T01:07:14.108636Z,0.7000,0.01,no
2026-09-30T01:07:14.108636Z,0.6800,77.00,no
2026-09-30T01:07:14.108636Z,0.7300,4.00,no
2026-09-30T01:07:14.108636Z,0.7100,0.01,no
2026-09-30T01:07:14.154978Z,0.6700,0.01,no
2026-09-30T01:07:14.715085Z,0.6700,2.26,yes
2026-09-30T01:07:15.279717Z,0.6700,145.88,yes
2026-09-30T01:07:16.904039Z,0.6700,72.94,yes
2026-09-30T01:07:17.45527Z,0.6700,145.88,yes
2026-09-30T01:07:17.782742Z,0.6700,291.76,yes
2026-09-30T01:07:17.84341Z,0.6600,164.06,no
2026-09-30T01:07:17.84341Z,0.6600,0.01,no
2026-09-30T01:07:18.249571Z,0.6700,5.41,yes
2026-09-30T01:07:18.277965Z,0.6800,4.00,yes
2026-09-30T01:07:18.277965Z,0.6700,34.59,yes
2026-09-30T01:07:19.761647Z,0.6800,1.00,yes
2026-09-30T01:07:19.761647Z,0.6700,1.00,yes
2026-09-30T01:07:19.761647Z,0.6900,1.00,yes
2026-09-30T01:07:19.761647Z,0.7000,1.96,yes
2026-09-30T01:07:19.761647Z,0.6800,0.01,yes
2026-09-30T01:07:19.761647Z,0.7000,16.00,yes
2026-09-30T01:07:19.761647Z,0.6900,0.01,yes
2026-09-30T01:07:20.796057Z,0.7000,10.55,yes
2026-09-30T01:07:20.796057Z,0.7000,2.04,yes
2026-09-30T01:07:20.941001Z,0.6900,2.00,yes
2026-09-30T01:07:20.941001Z,0.6900,11.90,yes
2026-09-30T01:07:21.176747Z,0.7000,0.18,yes
2026-09-30T01:07:22.100543Z,0.7000,14.27,yes
2026-09-30T01:07:22.100543Z,0.7000,17.00,yes
2026-09-30T01:07:22.100543Z,0.7000,11.52,yes
2026-09-30T01:07:22.100543Z,0.6900,40.00,yes
2026-09-30T01:07:22.100543Z,0.6900,56.00,yes
2026-09-30T01:07:22.321782Z,0.5500,0.73,no
2026-09-30T01:07:22.321782Z,0.6300,2.00,no
2026-09-30T01:07:22.321782Z,0.6300,0.01,no
2026-09-30T01:07:22.321782Z,0.6500,0.01,no
2026-09-30T01:07:22.321782Z,0.6200,0.01,no
2026-09-30T01:07:22.321782Z,0.6100,0.01,no
2026-09-30T01:07:22.321782Z,0.6000,0.01,no
2026-09-30T01:07:22.321782Z,0.5800,0.01,no
2026-09-30T01:07:22.321782Z,0.6400,0.01,no
2026-09-30T01:07:22.321782Z,0.5900,0.01,no
2026-09-30T01:07:22.528462Z,0.6900,2.00,yes
2026-09-30T01:07:22.996316Z,0.5500,0.01,no
2026-09-30T01:07:22.996316Z,0.5400,0.01,no
2026-09-30T01:07:22.996316Z,0.5400,1.00,no
2026-09-30T01:07:22.996316Z,0.6500,2.00,no
2026-09-30T01:07:22.996316Z,0.6700,0.02,no
2026-09-30T01:07:22.996316Z,0.5400,4.00,no
2026-09-30T01:07:22.996316Z,0.5400,85.00,no
2026-09-30T01:07:22.996316Z,0.6500,14.00,no
2026-09-30T01:07:22.996316Z,0.5300,97.43,no
2026-09-30T01:07:23.04196Z,0.6800,1.00,yes
2026-09-30T01:07:23.04196Z,0.6800,0.41,yes
2026-09-30T01:07:23.178913Z,0.6800,10.28,yes
2026-09-30T01:07:23.178913Z,0.6800,24.59,yes
2026-09-30T01:07:23.427178Z,0.6900,5.00,yes
2026-09-30T01:07:23.427178Z,0.6900,8.00,yes
2026-09-30T01:07:24.000488Z,0.7000,20.00,yes
2026-09-30T01:07:24.000488Z,0.7000,0.01,yes
2026-09-30T01:07:25.701894Z,0.6600,14.38,yes
2026-09-30T01:07:26.033055Z,0.6400,23.62,yes
2026-09-30T01:07:26.05887Z,0.6500,25.00,yes
2026-09-30T01:07:27.08208Z,0.7000,25.00,yes
2026-09-30T01:07:27.08208Z,0.7000,4.00,yes
2026-09-30T01:07:27.08208Z,0.7200,0.01,yes
2026-09-30T01:07:27.08208Z,0.7100,0.01,yes
2026-09-30T01:07:27.08208Z,0.6600,1.00,yes
2026-09-30T01:07:27.08208Z,0.6800,20.00,yes
2026-09-30T01:07:27.08208Z,0.6900,20.00,yes
2026-09-30T01:07:27.08208Z,0.7100,20.00,yes
2026-09-30T01:07:27.08208Z,0.6700,25.00,yes
2026-09-30T01:07:27.08208Z,0.7000,20.00,yes
2026-09-30T01:07:27.08208Z,0.7200,1.82,yes
2026-09-30T01:07:27.08208Z,0.6900,0.01,yes
2026-09-30T01:07:27.08208Z,0.6800,28.00,yes
2026-09-30T01:07:27.08208Z,0.6700,42.00,yes
2026-09-30T01:07:27.08208Z,0.7200,0.01,yes
2026-09-30T01:07:27.08208Z,0.7100,0.01,yes
2026-09-30T01:07:27.215298Z,0.6600,5.00,yes
2026-09-30T01:07:27.698474Z,0.6900,10.00,yes
2026-09-30T01:07:28.581467Z,0.6800,1.43,yes
2026-09-30T01:07:29.825199Z,0.6800,3.00,yes
2026-09-30T01:07:30.983715Z,0.6800,0.57,yes
2026-09-30T01:07:30.983715Z,0.6800,8.43,yes
2026-09-30T01:07:31.702306Z,0.6200,6.89,no
2026-09-30T01:07:32.230859Z,0.6800,4.00,yes
2026-09-30T01:07:34.12214Z,0.6800,5.00,yes
2026-09-30T01:07:34.12214Z,0.6800,3.00,yes
2026-09-30T01:07:34.12214Z,0.6800,12.57,yes
2026-09-30T01:07:34.12214Z,0.6800,28.00,yes
2026-09-30T01:07:34.12214Z,0.7100,11.37,yes
2026-09-30T01:07:34.12214Z,0.6900,0.01,yes
2026-09-30T01:07:34.12214Z,0.6800,0.01,yes
2026-09-30T01:07:34.12214Z,0.6900,10.00,yes
2026-09-30T01:07:34.12214Z,0.7000,0.01,yes
2026-09-30T01:07:35.766457Z,0.7200,5.00,yes
2026-09-30T01:07:35.766457Z,0.7100,5.00,yes
2026-09-30T01:07:35.766457Z,0.7100,27.00,yes
2026-09-30T01:07:35.766457Z,0.7200,58.00,yes
2026-09-30T01:07:35.766457Z,0.7500,84.23,yes
2026-09-30T01:07:35.766457Z,0.7400,44.00,yes
2026-09-30T01:07:35.766457Z,0.7400,250.00,yes
2026-09-30T01:07:35.766457Z,0.7300,18.00,yes
2026-09-30T01:07:35.766457Z,0.6900,10.00,yes
2026-09-30T01:07:35.766457Z,0.7200,0.01,yes
2026-09-30T01:07:35.766457Z,0.7400,12.59,yes
2026-09-30T01:07:35.766457Z,0.7300,39.00,yes
2026-09-30T01:07:35.766457Z,0.7100,13.63,yes
2026-09-30T01:07:35.766457Z,0.7200,0.01,yes
2026-09-30T01:07:35.766457Z,0.7100,0.01,yes
2026-09-30T01:07:35.766457Z,0.7300,20.00,yes
2026-09-30T01:07:35.766457Z,0.7300,0.01,yes
2026-09-30T01:07:35.766457Z,0.7400,0.01,yes
2026-09-30T01:07:35.766457Z,0.7300,0.01,yes
2026-09-30T01:07:35.766457Z,0.7400,0.01,yes
2026-09-30T01:07:35.766457Z,0.7500,0.01,yes
2026-09-30T01:07:35.766457Z,0.7500,0.01,yes
2026-09-30T01:07:37.107769Z,0.7200,21.88,yes
2026-09-30T01:07:37.107769Z,0.7200,5.00,yes
2026-09-30T01:07:37.470619Z,0.7200,1.34,yes
2026-09-30T01:07:39.663693Z,0.6800,1.98,no
2026-09-30T01:07:39.663693Z,0.7100,0.01,no
2026-09-30T01:07:39.664996Z,0.6600,1.00,no
2026-09-30T01:07:39.664996Z,0.6600,0.01,no
2026-09-30T01:07:39.664996Z,0.6800,0.02,no
2026-09-30T01:07:39.664996Z,0.6800,1.00,no
2026-09-30T01:07:39.664996Z,0.6500,250.00,no
2026-09-30T01:07:40.482491Z,0.6300,56.39,yes
2026-09-30T01:07:40.916132Z,0.6200,1.00,yes
2026-09-30T01:07:40.916132Z,0.6200,20.01,yes
2026-09-30T01:07:40.916132Z,0.6200,0.01,yes
2026-09-30T01:07:40.916132Z,0.6200,3.00,yes
2026-09-30T01:07:41.703874Z,0.6200,0.01,yes
2026-09-30T01:07:41.703874Z,0.6200,15.70,yes
2026-09-30T01:07:42.154197Z,0.5600,1.00,no
2026-09-30T01:07:42.154197Z,0.5600,11.00,no
2026-09-30T01:07:42.154197Z,0.5900,25.00,no
2026-09-30T01:07:42.154197Z,0.6100,0.01,no
2026-09-30T01:07:42.154197Z,0.5800,0.01,no
2026-09-30T01:07:42.16338Z,0.5100,100.00,no
2026-09-30T01:07:42.16338Z,0.5500,0.01,no
2026-09-30T01:07:42.16338Z,0.5500,141.00,no
2026-09-30T01:07:42.16338Z,0.5400,0.01,no
2026-09-30T01:07:42.16338Z,0.5200,43.00,no
2026-09-30T01:07:42.16338Z,0.5300,0.01,no
2026-09-30T01:07:42.16338Z,0.5100,0.01,no
2026-09-30T01:07:42.16338Z,0.5200,0.01,no
2026-09-30T01:07:43.282667Z,0.5100,30.00,yes
2026-09-30T01:07:44.624506Z,0.5000,10.56,no
2026-09-30T01:07:44.624506Z,0.5000,0.01,no
2026-09-30T01:07:45.655566Z,0.5100,1.00,yes
2026-09-30T01:07:45.810241Z,0.5100,56.87,yes
2026-09-30T01:07:46.078216Z,0.5100,47.39,yes
2026-09-30T01:07:46.259992Z,0.5000,958.00,no
2026-09-30T01:07:46.502857Z,0.5100,1.00,yes
2026-09-30T01:07:47.176451Z,0.5000,20.00,no
2026-09-30T01:07:48.142663Z,0.5000,42.76,no
2026-09-30T01:07:48.326753Z,0.5100,576.30,yes
2026-09-30T01:07:48.724276Z,0.5000,26.77,no
2026-09-30T01:07:49.654392Z,0.5100,0.94,yes
2026-09-30T01:07:49.957188Z,0.5000,20.00,no
2026-09-30T01:07:50.163719Z,0.5100,56.87,yes
2026-09-30T01:07:50.594665Z,0.5100,82.81,yes
2026-09-30T01:07:50.923009Z,0.5000,53.82,no
2026-09-30T01:07:51.242991Z,0.5000,6.00,no
2026-09-30T01:07:51.260633Z,0.5000,72.26,no
2026-09-30T01:07:51.814447Z,0.5100,189.57,yes
2026-09-30T01:07:52.458231Z,0.5000,283.90,no
2026-09-30T01:07:52.647248Z,0.5000,195.44,no
2026-09-30T01:07:53.838171Z,0.5100,18.95,yes
2026-09-30T01:07:54.100732Z,0.5100,1.00,yes
2026-09-30T01:07:54.121314Z,0.5000,7.35,no
2026-09-30T01:07:54.121314Z,0.5000,96.49,no
2026-09-30T01:07:54.168091Z,0.5100,18.95,yes
2026-09-30T01:07:54.246522Z,0.5000,375.00,no
2026-09-30T01:07:55.148344Z,0.5000,16.73,no
2026-09-30T01:07:55.315801Z,0.5000,411.00,no
2026-09-30T01:07:55.946418Z,0.5100,123.21,yes
2026-09-30T01:07:56.707236Z,0.5000,17.00,no
2026-09-30T01:07:56.707236Z,0.5000,88.00,no
2026-09-30T01:07:56.707236Z,0.5000,100.00,no
2026-09-30T01:07:56.707236Z,0.5000,95.00,no
2026-09-30T01:07:56.861231Z,0.5000,63.64,no
2026-09-30T01:07:56.92316Z,0.5100,6.62,yes
2026-09-30T01:07:57.512018Z,0.5000,85.07,yes
2026-09-30T01:07:57.512018Z,0.5000,92.00,yes
2026-09-30T01:07:57.963092Z,0.5000,19.32,yes
2026-09-30T01:07:59.237729Z,0.4900,117.51,no
2026-09-30T01:07:59.733238Z,0.5000,9.66,yes
2026-09-30T01:08:00.295589Z,0.5000,38.64,yes
2026-09-30T01:08:00.763006Z,0.5000,0.01,yes
2026-09-30T01:08:01.067139Z,0.4900,882.49,no
2026-09-30T01:08:01.067139Z,0.4900,1000.00,no
2026-09-30T01:08:01.067139Z,0.4900,217.51,no
2026-09-30T01:08:01.454753Z,0.4900,300.00,no
2026-09-30T01:08:02.448221Z,0.5100,0.01,yes
2026-09-30T01:08:02.448221Z,0.5100,0.01,yes
2026-09-30T01:08:02.448221Z,0.5200,0.01,yes
2026-09-30T01:08:02.448221Z,0.5200,0.01,yes
2026-09-30T01:08:02.448221Z,0.5100,10.00,yes
2026-09-30T01:08:02.448221Z,0.4900,6.00,yes
2026-09-30T01:08:02.448221Z,0.5000,20.00,yes
2026-09-30T01:08:02.448221Z,0.4900,25.00,yes
2026-09-30T01:08:02.448221Z,0.5200,33.61,yes
2026-09-30T01:08:02.448221Z,0.5000,0.01,yes
2026-09-30T01:08:02.448221Z,0.5000,0.01,yes
2026-09-30T01:08:03.958649Z,0.5100,0.01,yes
2026-09-30T01:08:03.958649Z,0.5100,9.46,yes
2026-09-30T01:08:04.037869Z,0.5400,51.00,yes
2026-09-30T01:08:04.037869Z,0.5600,0.01,yes
2026-09-30T01:08:04.037869Z,0.5600,0.01,yes
2026-09-30T01:08:04.037869Z,0.5300,0.01,yes
2026-09-30T01:08:04.037869Z,0.5500,0.01,yes
2026-09-30T01:08:04.037869Z,0.5400,0.01,yes
2026-09-30T01:08:04.037869Z,0.5300,0.01,yes
2026-09-30T01:08:04.037869Z,0.5400,0.01,yes
2026-09-30T01:08:04.037869Z,0.5500,0.01,yes
2026-09-30T01:08:04.037869Z,0.5100,0.01,yes
2026-09-30T01:08:04.037869Z,0.5200,0.01,yes
2026-09-30T01:08:04.037869Z,0.5600,18.83,yes
2026-09-30T01:08:04.037869Z,0.5200,25.00,yes
2026-09-30T01:08:04.037869Z,0.5500,80.00,yes
2026-09-30T01:08:04.037869Z,0.5100,0.54,yes
2026-09-30T01:08:04.037869Z,0.5500,10.00,yes
2026-09-30T01:08:04.037869Z,0.5600,42.00,yes
2026-09-30T01:08:04.572104Z,0.5100,0.01,yes
2026-09-30T01:08:04.572104Z,0.5100,25.00,yes
2026-09-30T01:08:04.572104Z,0.5400,0.01,yes
2026-09-30T01:08:04.572104Z,0.5400,19.83,yes
2026-09-30T01:08:05.181667Z,0.5100,0.01,yes
2026-09-30T01:08:05.181667Z,0.5100,7.51,yes
2026-09-30T01:08:05.287288Z,0.5100,10.00,yes
2026-09-30T01:08:05.648886Z,0.5100,7.49,yes
2026-09-30T01:08:05.648886Z,0.5100,7.67,yes
2026-09-30T01:08:05.712324Z,0.4800,0.01,no
2026-09-30T01:08:05.712324Z,0.4600,1.00,no
2026-09-30T01:08:05.712324Z,0.4600,82.00,no
2026-09-30T01:08:05.712324Z,0.4600,0.01,no
2026-09-30T01:08:05.734202Z,0.4500,0.01,no
2026-09-30T01:08:05.734202Z,0.4500,48.00,no
2026-09-30T01:08:05.747411Z,0.4400,0.01,no
2026-09-30T01:08:05.747411Z,0.4400,21.00,no
2026-09-30T01:08:06.972479Z,0.4300,930.52,no
2026-09-30T01:08:06.972479Z,0.4300,0.01,no
2026-09-30T01:08:07.181731Z,0.4300,17.09,no
2026-09-30T01:08:07.42508Z,0.4400,139.96,yes
2026-09-30T01:08:07.550756Z,0.4400,21.86,yes
2026-09-30T01:08:08.043597Z,0.4400,10.93,yes
2026-09-30T01:08:08.44331Z,0.4400,874.79,yes
2026-09-30T01:08:08.780118Z,0.4400,192.45,yes
2026-09-30T01:08:08.781471Z,0.4400,3029.00,yes
2026-09-30T01:08:08.819032Z,0.4400,3.00,yes
2026-09-30T01:08:09.100718Z,0.4400,20.00,yes
2026-09-30T01:08:09.674549Z,0.4400,61.23,yes
2026-09-30T01:08:09.893691Z,0.4400,127.01,yes
2026-09-30T01:08:10.14226Z,0.4400,6.56,yes
2026-09-30T01:08:10.500168Z,0.4300,49.26,no
2026-09-30T01:08:10.881455Z,0.4400,5.00,yes
2026-09-30T01:08:10.881455Z,0.4400,10.00,yes
2026-09-30T01:08:10.881455Z,0.4400,5.00,yes
2026-09-30T01:08:10.881455Z,0.4400,20.00,yes
2026-09-30T01:08:11.038497Z,0.4400,116.42,no
2026-09-30T01:08:11.824822Z,0.4500,0.32,yes
2026-09-30T01:08:11.900712Z,0.4500,20.00,yes
2026-09-30T01:08:11.900712Z,0.4500,4.68,yes
2026-09-30T01:08:11.900712Z,0.4500,10.00,yes
2026-09-30T01:08:11.900712Z,0.4500,7.85,yes
2026-09-30T01:08:12.157729Z,0.4500,4.84,yes
2026-09-30T01:08:12.157729Z,0.4500,2.15,yes
2026-09-30T01:08:12.157729Z,0.4500,100.00,yes
2026-09-30T01:08:12.332544Z,0.4500,0.02,yes
2026-09-30T01:08:13.330512Z,0.4100,0.01,no
2026-09-30T01:08:13.330512Z,0.4000,0.01,no
2026-09-30T01:08:13.330512Z,0.3800,0.01,no
2026-09-30T01:08:13.330512Z,0.3900,0.01,no
2026-09-30T01:08:13.330512Z,0.3500,0.01,no
2026-09-30T01:08:13.330512Z,0.2900,49.00,no
2026-09-30T01:08:13.330512Z,0.3700,145.00,no
2026-09-30T01:08:13.330512Z,0.3300,0.01,no
2026-09-30T01:08:13.330512Z,0.3900,3.00,no
2026-09-30T01:08:13.330512Z,0.3700,0.01,no
2026-09-30T01:08:13.330512Z,0.3900,46.00,no
2026-09-30T01:08:13.330512Z,0.3600,0.01,no
2026-09-30T01:08:13.330512Z,0.3400,0.01,no
2026-09-30T01:08:13.330512Z,0.4000,1.00,no
2026-09-30T01:08:13.908855Z,0.4500,6.39,yes
2026-09-30T01:08:13.908855Z,0.4500,0.01,yes
2026-09-30T01:08:13.908855Z,0.4500,0.01,yes
2026-09-30T01:08:14.606893Z,0.3800,5.82,no
2026-09-30T01:08:14.655994Z,0.4500,4.00,yes
2026-09-30T01:08:14.655994Z,0.4500,5.00,yes
2026-09-30T01:08:14.655994Z,0.4600,14.71,yes
2026-09-30T01:08:14.655994Z,0.4500,0.01,yes
2026-09-30T01:08:14.655994Z,0.4500,18.61,yes
2026-09-30T01:08:14.655994Z,0.4600,0.01,yes
2026-09-30T01:08:14.655994Z,0.4600,0.01,yes
2026-09-30T01:08:16.262619Z,0.4700,5.00,yes
2026-09-30T01:08:16.262619Z,0.4700,0.01,yes
2026-09-30T01:08:16.262619Z,0.4700,0.01,yes
2026-09-30T01:08:16.262619Z,0.4600,5.00,yes
2026-09-30T01:08:16.262619Z,0.4500,5.00,yes
2026-09-30T01:08:16.262619Z,0.4500,70.09,yes
2026-09-30T01:08:16.262619Z,0.4700,18.49,yes
2026-09-30T01:08:16.899894Z,0.4500,0.02,no
2026-09-30T01:08:16.899894Z,0.3600,3.21,no
2026-09-30T01:08:16.899894Z,0.4300,15.00,no
2026-09-30T01:08:16.899894Z,0.4000,1.00,no
2026-09-30T01:08:17.170741Z,0.4100,0.01,no
2026-09-30T01:08:17.170741Z,0.3900,4.78,no
2026-09-30T01:08:18.127055Z,0.4000,10.00,yes
2026-09-30T01:08:18.127055Z,0.4600,55.47,yes
2026-09-30T01:08:18.127055Z,0.4300,44.00,yes
2026-09-30T01:08:18.127055Z,0.4200,25.00,yes
2026-09-30T01:08:18.127055Z,0.4400,5.00,yes
2026-09-30T01:08:18.127055Z,0.4100,3.00,yes
2026-09-30T01:08:18.127055Z,0.4500,5.00,yes
2026-09-30T01:08:18.127055Z,0.4100,62.00,yes
2026-09-30T01:08:18.146741Z,0.4500,51.83,yes
2026-09-30T01:08:18.146741Z,0.4000,44.00,yes
2026-09-30T01:08:20.571169Z,0.4200,2.28,yes
2026-09-30T01:08:20.738339Z,0.4200,2.72,yes
2026-09-30T01:08:20.738339Z,0.4300,5.00,yes
2026-09-30T01:08:20.738339Z,0.4300,14.29,yes
2026-09-30T01:08:20.976741Z,0.4700,4.29,yes
2026-09-30T01:08:20.976741Z,0.4500,5.00,yes
2026-09-30T01:08:20.976741Z,0.4300,10.71,yes
2026-09-30T01:08:20.976741Z,0.4600,5.00,yes
2026-09-30T01:08:20.982289Z,0.4700,16.00,yes
2026-09-30T01:08:20.982289Z,0.4700,2.22,yes
2026-09-30T01:08:20.982289Z,0.4700,5.00,yes
2026-09-30T01:08:20.982289Z,0.4800,44.00,yes
2026-09-30T01:08:20.982289Z,0.4900,32.74,yes
2026-09-30T01:08:20.982289Z,0.4900,0.01,yes
2026-09-30T01:08:20.982289Z,0.4800,0.01,yes
2026-09-30T01:08:20.982289Z,0.4900,0.01,yes
2026-09-30T01:08:20.982289Z,0.4800,0.01,yes
2026-09-30T01:08:21.399327Z,0.2600,1.00,no
2026-09-30T01:08:21.399327Z,0.2100,150.20,no
2026-09-30T01:08:21.399327Z,0.2700,50.00,no
2026-09-30T01:08:21.399327Z,0.3000,95.00,no
2026-09-30T01:08:21.399327Z,0.3600,100.00,no
2026-09-30T01:08:21.399327Z,0.3400,15.00,no
2026-09-30T01:08:21.399327Z,0.3300,0.01,no
2026-09-30T01:08:21.399327Z,0.2500,100.00,no
2026-09-30T01:08:21.399327Z,0.3500,0.01,no
2026-09-30T01:08:21.399327Z,0.3400,0.01,no
2026-09-30T01:08:21.399327Z,0.3100,0.01,no
2026-09-30T01:08:21.399327Z,0.3200,0.01,no
2026-09-30T01:08:21.399327Z,0.3600,0.01,no
2026-09-30T01:08:21.399327Z,0.3600,14.00,no
2026-09-30T01:08:21.399327Z,0.2900,0.01,no
2026-09-30T01:08:21.399327Z,0.2700,0.01,no
2026-09-30T01:08:21.399327Z,0.3000,0.01,no
2026-09-30T01:08:21.399327Z,0.2800,0.01,no
2026-09-30T01:08:21.399327Z,0.2900,39.00,no
2026-09-30T01:08:21.399327Z,0.3600,12.00,no
2026-09-30T01:08:22.976681Z,0.4400,8.79,yes
2026-09-30T01:08:22.976681Z,0.4400,5.00,yes
2026-09-30T01:08:23.254241Z,0.4000,3.32,yes
2026-09-30T01:08:23.853344Z,0.4000,1.32,yes
2026-09-30T01:08:23.853344Z,0.4000,1.68,yes
2026-09-30T01:08:24.636617Z,0.4300,0.01,yes
2026-09-30T01:08:24.636617Z,0.4000,23.68,yes
2026-09-30T01:08:24.636617Z,0.4400,5.00,yes
2026-09-30T01:08:24.636617Z,0.4600,5.00,yes
2026-09-30T01:08:24.636617Z,0.4900,124.70,yes
2026-09-30T01:08:24.636617Z,0.4900,5.00,yes
2026-09-30T01:08:24.636617Z,0.4600,41.00,yes
2026-09-30T01:08:24.636617Z,0.4000,6.00,yes
2026-09-30T01:08:24.636617Z,0.4900,25.00,yes
2026-09-30T01:08:24.636617Z,0.4400,16.21,yes
2026-09-30T01:08:24.636617Z,0.4700,75.00,yes
2026-09-30T01:08:24.636617Z,0.4800,43.00,yes
2026-09-30T01:08:24.636617Z,0.4900,41.00,yes
2026-09-30T01:08:24.636617Z,0.4700,55.00,yes
2026-09-30T01:08:24.921722Z,0.3600,29.85,no
2026-09-30T01:08:25.225325Z,0.4800,0.54,yes
2026-09-30T01:08:25.225325Z,0.4100,5.00,yes
2026-09-30T01:08:25.308228Z,0.4800,5.98,yes
2026-09-30T01:08:25.417329Z,0.4800,1.60,yes
2026-09-30T01:08:25.628138Z,0.4800,10.05,yes
2026-09-30T01:08:25.650057Z,0.4000,14.80,no
2026-09-30T01:08:26.389877Z,0.4800,3.59,yes
2026-09-30T01:08:26.389877Z,0.4300,0.01,yes
2026-09-30T01:08:26.557038Z,0.4800,2.01,yes
2026-09-30T01:08:26.566812Z,0.4500,0.02,no
2026-09-30T01:08:26.566812Z,0.4300,3.54,no
2026-09-30T01:08:28.078743Z,0.4100,1.00,no
2026-09-30T01:08:28.078743Z,0.4100,0.01,no
2026-09-30T01:08:28.078743Z,0.4100,30.25,no
2026-09-30T01:08:30.663364Z,0.4300,5.00,yes
2026-09-30T01:08:30.663364Z,0.4300,5.00,yes
2026-09-30T01:08:30.663364Z,0.4300,0.01,yes
2026-09-30T01:08:30.663364Z,0.4400,1.12,yes
2026-09-30T01:08:30.694404Z,0.4300,65.81,yes
2026-09-30T01:08:30.71463Z,0.4000,62.58,no
2026-09-30T01:08:30.71463Z,0.4100,0.01,no
2026-09-30T01:08:30.71463Z,0.4100,1.00,no
2026-09-30T01:08:30.977648Z,0.4000,0.01,no
2026-09-30T01:08:31.738755Z,0.4300,0.01,yes
2026-09-30T01:08:31.738755Z,0.4500,21.37,yes
2026-09-30T01:08:31.968157Z,0.4000,157.76,no
2026-09-30T01:08:32.274796Z,0.4800,35.55,yes
2026-09-30T01:08:32.274796Z,0.4800,1.23,yes
2026-09-30T01:08:32.274796Z,0.4500,3.63,yes
2026-09-30T01:08:33.438589Z,0.4700,8.20,yes
2026-09-30T01:08:34.170828Z,0.4800,0.01,yes
2026-09-30T01:08:34.170828Z,0.4800,16.07,yes
2026-09-30T01:08:35.676334Z,0.5000,6.85,yes
2026-09-30T01:08:35.676334Z,0.4800,8.93,yes
2026-09-30T01:08:35.676334Z,0.4800,4.00,yes
2026-09-30T01:08:35.676334Z,0.5000,0.01,yes
2026-09-30T01:08:35.676334Z,0.5000,0.01,yes
2026-09-30T01:08:36.911203Z,0.4100,1.00,no
2026-09-30T01:08:36.911203Z,0.4100,0.01,no
2026-09-30T01:08:36.911203Z,0.4000,67.63,no
2026-09-30T01:08:36.934068Z,0.5100,45.00,yes
2026-09-30T01:08:36.934068Z,0.5200,19.54,yes
2026-09-30T01:08:36.934068Z,0.5000,0.01,yes
2026-09-30T01:08:36.934068Z,0.4900,25.00,yes
2026-09-30T01:08:36.934068Z,0.5000,80.00,yes
2026-09-30T01:08:36.934068Z,0.5100,0.01,yes
2026-09-30T01:08:36.934068Z,0.5200,21.00,yes
2026-09-30T01:08:36.934068Z,0.5200,0.01,yes
2026-09-30T01:08:36.934068Z,0.5100,0.01,yes
2026-09-30T01:08:36.934068Z,0.5200,0.01,yes
2026-09-30T01:08:38.080572Z,0.4000,56.22,no
2026-09-30T01:08:40.446628Z,0.4700,1.23,yes
2026-09-30T01:08:41.24084Z,0.2900,0.01,no
2026-09-30T01:08:41.24084Z,0.2900,50.00,no
2026-09-30T01:08:41.24084Z,0.4000,100.00,no
2026-09-30T01:08:41.24084Z,0.3100,150.00,no
2026-09-30T01:08:41.24084Z,0.4000,41.00,no
2026-09-30T01:08:41.24084Z,0.3600,0.01,no
2026-09-30T01:08:41.24084Z,0.3000,0.01,no
2026-09-30T01:08:41.24084Z,0.2700,0.01,no
2026-09-30T01:08:41.24084Z,0.3500,0.01,no
2026-09-30T01:08:41.24084Z,0.3200,0.01,no
2026-09-30T01:08:41.24084Z,0.3400,0.01,no
2026-09-30T01:08:41.24084Z,0.3300,0.01,no
2026-09-30T01:08:41.24084Z,0.3100,0.01,no
2026-09-30T01:08:41.24084Z,0.2800,0.01,no
2026-09-30T01:08:41.24084Z,0.4000,1.00,no
2026-09-30T01:08:41.24084Z,0.3700,0.01,no
2026-09-30T01:08:41.24084Z,0.3200,115.00,no
2026-09-30T01:08:41.24084Z,0.3300,8.00,no
2026-09-30T01:08:41.24084Z,0.4000,0.01,no
2026-09-30T01:08:41.271949Z,0.2200,83.00,no
2026-09-30T01:08:41.281316Z,0.2200,17.00,yes
2026-09-30T01:08:41.63391Z,0.2100,5.00,no
2026-09-30T01:08:41.881868Z,0.2100,4.31,yes
2026-09-30T01:08:42.286193Z,0.2100,225.61,yes
2026-09-30T01:08:42.841708Z,0.2100,112.80,yes
2026-09-30T01:08:43.24031Z,0.2100,4.19,yes
2026-09-30T01:08:43.452813Z,0.2100,36.09,yes
2026-09-30T01:08:43.714373Z,0.2100,90.24,yes
2026-09-30T01:08:44.208094Z,0.2100,8.65,yes
2026-09-30T01:08:44.314149Z,0.2000,100.00,no
2026-09-30T01:08:44.314149Z,0.2000,100.00,no
2026-09-30T01:08:44.314149Z,0.2000,96.00,no
2026-09-30T01:08:44.314149Z,0.2000,1710.00,no
2026-09-30T01:08:44.314149Z,0.2000,253.20,no
2026-09-30T01:08:44.314149Z,0.2000,0.01,no
2026-09-30T01:08:44.314149Z,0.2000,200.00,no
2026-09-30T01:08:44.318799Z,0.2000,471.04,no
2026-09-30T01:08:44.318799Z,0.2000,1710.00,no
2026-09-30T01:08:44.318799Z,0.2000,1456.80,no
2026-09-30T01:08:44.318799Z,0.2000,1710.00,no
2026-09-30T01:08:44.318799Z,0.2000,1710.00,no
2026-09-30T01:08:44.318799Z,0.2000,1710.00,no
2026-09-30T01:08:44.323175Z,0.2100,17.00,yes
2026-09-30T01:08:44.420572Z,0.2000,30.03,no
2026-09-30T01:08:44.67578Z,0.2000,343.84,no
2026-09-30T01:08:44.79053Z,0.2100,34.80,yes
2026-09-30T01:08:44.79053Z,0.2100,78.00,yes
2026-09-30T01:08:45.088397Z,0.2100,9.02,yes
2026-09-30T01:08:45.130046Z,0.2100,11.18,yes
2026-09-30T01:08:45.130046Z,0.2100,80.41,yes
2026-09-30T01:08:45.130046Z,0.2100,134.02,yes
2026-09-30T01:08:45.345087Z,0.2000,706.00,no
2026-09-30T01:08:45.423304Z,0.2000,159.09,no
2026-09-30T01:08:45.423304Z,0.2000,0.76,no
2026-09-30T01:08:45.52902Z,0.2100,67.68,yes
2026-09-30T01:08:45.790538Z,0.2100,658.80,yes
2026-09-30T01:08:46.11333Z,0.2100,4.51,yes
2026-09-30T01:08:46.124152Z,0.2100,22.56,yes
2026-09-30T01:08:46.129096Z,0.2000,62.60,no
2026-09-30T01:08:46.164608Z,0.2000,23.64,no
2026-09-30T01:08:46.544721Z,0.2100,45.12,yes
2026-09-30T01:08:46.84535Z,0.2100,54.14,yes
2026-09-30T01:08:46.957678Z,0.2100,54.14,yes
2026-09-30T01:08:47.052392Z,0.2100,451.23,yes
2026-09-30T01:08:47.134192Z,0.2100,1.35,yes
2026-09-30T01:08:47.698594Z,0.2000,5.98,no
2026-09-30T01:08:47.774926Z,0.2000,769.29,no
2026-09-30T01:08:47.868505Z,0.2000,1.41,no
2026-09-30T01:08:48.283338Z,0.2000,134.44,no
2026-09-30T01:08:48.337738Z,0.2100,109.00,yes
2026-09-30T01:08:48.346508Z,0.2000,103.78,no
2026-09-30T01:08:48.676514Z,0.2100,123.68,yes
2026-09-30T01:08:48.725007Z,0.2100,9.02,yes
2026-09-30T01:08:48.760308Z,0.2100,4.51,yes
2026-09-30T01:08:48.807164Z,0.2100,22.56,yes
2026-09-30T01:08:48.918431Z,0.2000,154.06,no
2026-09-30T01:08:49.260433Z,0.2100,451.21,yes
2026-09-30T01:08:49.844244Z,0.2000,92.73,no
2026-09-30T01:08:50.187679Z,0.2100,126.34,yes
2026-09-30T01:08:50.262119Z,0.2100,315.86,yes
2026-09-30T01:08:50.37051Z,0.2100,3.79,yes
2026-09-30T01:08:50.377234Z,0.2000,120.00,no
2026-09-30T01:08:50.721036Z,0.2100,72.19,yes
2026-09-30T01:08:50.905539Z,0.2100,22.56,yes
2026-09-30T01:08:50.934558Z,0.2100,22.56,yes
2026-09-30T01:08:51.291149Z,0.2000,22.32,no
2026-09-30T01:08:51.787931Z,0.2100,270.74,yes
2026-09-30T01:08:51.909142Z,0.2100,22.56,yes
2026-09-30T01:08:52.062321Z,0.2100,67.68,yes
2026-09-30T01:08:52.091103Z,0.2000,29.76,no
2026-09-30T01:08:52.116725Z,0.2100,623.47,yes
2026-09-30T01:08:52.314274Z,0.2100,51.89,yes
2026-09-30T01:08:52.375371Z,0.2000,189.23,no
2026-09-30T01:08:52.375371Z,0.2000,427.77,no
2026-09-30T01:08:52.419503Z,0.2000,10.00,no
2026-09-30T01:08:52.483921Z,0.2100,902.47,yes
2026-09-30T01:08:52.504464Z,0.2100,45.12,yes
2026-09-30T01:08:52.70428Z,0.2100,300.00,yes
2026-09-30T01:08:53.360876Z,0.2100,45.12,yes
2026-09-30T01:08:53.390703Z,0.2100,225.61,yes
2026-09-30T01:08:53.583414Z,0.2100,9.00,yes
2026-09-30T01:08:53.601157Z,0.2100,117.32,yes
2026-09-30T01:08:53.621709Z,0.2100,45.12,yes
2026-09-30T01:08:53.83154Z,0.2000,123.21,no
2026-09-30T01:08:53.991626Z,0.2100,225.61,yes
2026-09-30T01:08:54.046894Z,0.2100,13.53,yes
2026-09-30T01:08:54.053883Z,0.2100,9.02,yes
2026-09-30T01:08:54.140923Z,0.2100,54.14,yes
2026-09-30T01:08:54.341418Z,0.2000,348.29,no
2026-09-30T01:08:54.413605Z,0.2000,143.36,no
2026-09-30T01:08:54.467207Z,0.2100,76.71,yes
2026-09-30T01:08:54.705107Z,0.2100,2.61,yes
2026-09-30T01:08:54.840837Z,0.2100,22.56,yes
2026-09-30T01:08:54.970362Z,0.2100,90.24,yes
2026-09-30T01:08:55.010435Z,0.2100,4.51,yes
2026-09-30T01:08:55.04167Z,0.2100,180.49,yes
2026-09-30T01:08:55.172851Z,0.2100,31.58,yes
2026-09-30T01:08:55.289088Z,0.2100,3.38,yes
2026-09-30T01:08:55.313395Z,0.2100,10.73,yes
2026-09-30T01:08:55.418936Z,0.2000,479.32,no
2026-09-30T01:08:55.447486Z,0.2000,134.44,no
2026-09-30T01:08:55.582891Z,0.2000,0.58,no
2026-09-30T01:08:55.810032Z,0.2000,119.96,no
2026-09-30T01:08:55.810232Z,0.2000,62.92,no
2026-09-30T01:08:55.940752Z,0.2100,27.07,yes
2026-09-30T01:08:56.550626Z,0.2000,25.60,no
2026-09-30T01:08:57.194396Z,0.2000,1.00,no
2026-09-30T01:08:57.260648Z,0.2100,45.12,yes
2026-09-30T01:08:57.289646Z,0.2100,4.47,yes
2026-09-30T01:08:57.467779Z,0.2100,50.00,yes
2026-09-30T01:08:57.488758Z,0.2100,18.04,yes
2026-09-30T01:08:57.642796Z,0.2100,2.25,yes
2026-09-30T01:08:57.713827Z,0.2000,481.73,no
2026-09-30T01:08:57.735359Z,0.2100,135.37,yes
2026-09-30T01:08:57.936216Z,0.2100,219.00,yes
2026-09-30T01:08:58.187317Z,0.2100,10.00,yes
2026-09-30T01:08:58.294686Z,0.2100,67.68,yes
2026-09-30T01:08:58.550536Z,0.2000,15.00,no
2026-09-30T01:08:58.707997Z,0.2100,225.84,yes
2026-09-30T01:08:58.962063Z,0.2100,112.80,yes
2026-09-30T01:08:59.408614Z,0.2100,9.02,yes
2026-09-30T01:08:59.441651Z,0.2100,130.85,yes
2026-09-30T01:09:00.056188Z,0.2000,4.14,no
2026-09-30T01:09:00.071404Z,0.2100,4.30,yes
2026-09-30T01:09:00.259301Z,0.2100,21.29,yes
2026-09-30T01:09:00.433785Z,0.2100,90.24,yes
2026-09-30T01:09:00.544211Z,0.2100,1064.91,yes
2026-09-30T01:09:00.970548Z,0.2100,5.09,yes
2026-09-30T01:09:01.064054Z,0.2100,27.07,yes
2026-09-30T01:09:01.314811Z,0.2100,0.45,yes
2026-09-30T01:09:01.510724Z,0.2100,112.80,yes
2026-09-30T01:09:01.83366Z,0.2100,22.56,yes
2026-09-30T01:09:01.869733Z,0.2100,200.00,yes
2026-09-30T01:09:01.911932Z,0.2100,189.51,yes
2026-09-30T01:09:01.920031Z,0.2100,1128.09,yes
2026-09-30T01:09:02.390705Z,0.2100,4.51,yes
2026-09-30T01:09:02.458833Z,0.2100,9.02,yes
2026-09-30T01:09:02.982952Z,0.2000,33.32,no
2026-09-30T01:09:03.117137Z,0.2100,88.44,yes
2026-09-30T01:09:03.227074Z,0.2100,0.04,yes
2026-09-30T01:09:03.528178Z,0.2100,67.68,yes
2026-09-30T01:09:03.581768Z,0.2000,389.32,no
2026-09-30T01:09:03.667417Z,0.2000,3.12,no
2026-09-30T01:09:03.718483Z,0.2100,5.00,yes
2026-09-30T01:09:03.718483Z,0.2100,20.00,yes
2026-09-30T01:09:03.718483Z,0.2100,20.12,yes
2026-09-30T01:09:03.729782Z,0.2000,220.18,no
2026-09-30T01:09:03.96648Z,0.2000,586.54,no
2026-09-30T01:09:04.145184Z,0.2100,235.09,yes
2026-09-30T01:09:04.324386Z,0.2100,109.00,yes
2026-09-30T01:09:04.450033Z,0.2100,5.00,yes
2026-09-30T01:09:04.450033Z,0.2100,4.02,yes
2026-09-30T01:09:04.551369Z,0.2100,5.00,yes
2026-09-30T01:09:04.551369Z,0.2100,3.00,yes
2026-09-30T01:09:04.551369Z,0.2100,14.56,yes
2026-09-30T01:09:04.628543Z,0.2100,45.12,yes
2026-09-30T01:09:04.907044Z,0.2000,79.08,no
2026-09-30T01:09:05.091059Z,0.2100,22.56,yes
2026-09-30T01:09:05.096667Z,0.2100,36.09,yes
2026-09-30T01:09:05.488494Z,0.2100,112.80,yes
2026-09-30T01:09:05.629724Z,0.2000,34.50,no
2026-09-30T01:09:05.690798Z,0.2100,9.02,yes
2026-09-30T01:09:05.792028Z,0.2100,45.12,yes
2026-09-30T01:09:05.795454Z,0.2100,72.19,yes
2026-09-30T01:09:05.94934Z,0.2000,220.50,no
2026-09-30T01:09:06.134884Z,0.2000,839.73,no
2026-09-30T01:09:06.279245Z,0.2100,45.12,yes
2026-09-30T01:09:06.374255Z,0.2100,22.56,yes
2026-09-30T01:09:06.485487Z,0.2000,350.78,no
2026-09-30T01:09:06.709939Z,0.2100,58.61,yes
2026-09-30T01:09:06.871048Z,0.2100,135.37,yes
2026-09-30T01:09:06.935851Z,0.2100,45.12,yes
2026-09-30T01:09:07.300584Z,0.2000,16.89,no
2026-09-30T01:09:07.397853Z,0.2000,93.58,no
2026-09-30T01:09:07.404834Z,0.2000,9.30,no
2026-09-30T01:09:07.428937Z,0.2100,22.56,yes
2026-09-30T01:09:07.511288Z,0.2100,20.30,yes
2026-09-30T01:09:08.104167Z,0.2100,221.10,yes
2026-09-30T01:09:08.146759Z,0.2100,13.53,yes
2026-09-30T01:09:08.257177Z,0.2000,17.61,no
2026-09-30T01:09:08.282983Z,0.2100,135.37,yes
2026-09-30T01:09:08.339439Z,0.2000,4.03,no
2026-09-30T01:09:08.4978Z,0.2100,112.80,yes
2026-09-30T01:09:08.636865Z,0.2100,22.56,yes
2026-09-30T01:09:09.09553Z,0.2100,18.04,yes
2026-09-30T01:09:09.190296Z,0.2100,112.80,yes
2026-09-30T01:09:09.597352Z,0.2100,902.47,yes
2026-09-30T01:09:09.66387Z,0.2100,90.24,yes
2026-09-30T01:09:09.679853Z,0.2100,36.09,yes
2026-09-30T01:09:09.849334Z,0.2000,670.62,no
2026-09-30T01:09:09.869107Z,0.2100,112.80,yes
2026-09-30T01:09:09.996136Z,0.2000,150.02,no
2026-09-30T01:09:10.087099Z,0.2100,27.07,yes
2026-09-30T01:09:10.236143Z,0.2100,876.00,yes
2026-09-30T01:09:10.326615Z,0.2100,9.02,yes
2026-09-30T01:09:10.473495Z,0.2100,676.85,yes
2026-09-30T01:09:10.835861Z,0.2000,79.12,no
2026-09-30T01:09:10.941072Z,0.2000,0.01,no
2026-09-30T01:09:10.941072Z,0.2000,62.30,no
2026-09-30T01:09:10.941072Z,0.2000,342.03,no
2026-09-30T01:09:10.941072Z,0.2000,954.44,no
2026-09-30T01:09:10.941072Z,0.2000,1000.00,no
2026-09-30T01:09:11.057299Z,0.2000,145.88,no
2026-09-30T01:09:11.2455Z,0.2100,853.16,yes
2026-09-30T01:09:11.2455Z,0.2100,49.31,yes
2026-09-30T01:09:11.504302Z,0.2100,5.00,yes
2026-09-30T01:09:11.504302Z,0.2100,5.69,yes
2026-09-30T01:09:11.504302Z,0.2100,20.00,yes
2026-09-30T01:09:11.504302Z,0.2100,11.92,yes
2026-09-30T01:09:11.504302Z,0.2100,5.00,yes
2026-09-30T01:09:11.595446Z,0.2000,18.35,no
2026-09-30T01:09:11.65442Z,0.2100,25.08,yes
2026-09-30T01:09:11.65442Z,0.2100,7.00,yes
2026-09-30T01:09:11.65442Z,0.2100,10.00,yes
2026-09-30T01:09:11.65442Z,0.2100,183.53,yes
2026-09-30T01:09:11.903749Z,0.2000,2.14,no
2026-09-30T01:09:12.052708Z,0.2100,41.84,yes
2026-09-30T01:09:12.165075Z,0.2100,45.12,yes
2026-09-30T01:09:12.337226Z,0.2100,45.12,yes
2026-09-30T01:09:12.406778Z,0.2100,90.24,yes
2026-09-30T01:09:12.426771Z,0.2100,9.02,yes
2026-09-30T01:09:12.520111Z,0.2000,116.00,no
2026-09-30T01:09:12.718514Z,0.2000,481.00,no
2026-09-30T01:09:12.925858Z,0.2100,13.00,yes
2026-09-30T01:09:12.925858Z,0.2100,5.00,yes
2026-09-30T01:09:12.999244Z,0.2000,5.41,no
2026-09-30T01:09:13.766218Z,0.2000,14.05,no
2026-09-30T01:09:14.34552Z,0.2100,0.01,yes
2026-09-30T01:09:14.34552Z,0.2100,0.01,yes
2026-09-30T01:09:14.34552Z,0.2100,0.01,yes
2026-09-30T01:09:14.34552Z,0.2300,5.00,yes
2026-09-30T01:09:14.34552Z,0.2400,7.09,yes
2026-09-30T01:09:14.34552Z,0.2300,0.01,yes
2026-09-30T01:09:14.34552Z,0.2200,0.01,yes
2026-09-30T01:09:14.34552Z,0.2400,25.00,yes
2026-09-30T01:09:14.34552Z,0.2100,25.00,yes
2026-09-30T01:09:14.34552Z,0.2200,0.01,yes
2026-09-30T01:09:14.821853Z,0.2300,19.78,yes
2026-09-30T01:09:14.83509Z,0.2400,1.87,yes
2026-09-30T01:09:14.83509Z,0.2300,6.00,yes
2026-09-30T01:09:14.83509Z,0.2300,0.22,yes
2026-09-30T01:09:14.83509Z,0.2300,5.00,yes
2026-09-30T01:09:14.83509Z,0.2400,5.00,yes
2026-09-30T01:09:14.83509Z,0.2400,12.91,yes
2026-09-30T01:09:14.904683Z,0.2400,7.00,yes
2026-09-30T01:09:14.904683Z,0.2400,4.43,yes
2026-09-30T01:09:14.904683Z,0.2400,23.13,yes
2026-09-30T01:09:14.904683Z,0.2400,5.00,yes
2026-09-30T01:09:15.44477Z,0.3100,10.00,yes
2026-09-30T01:09:15.44477Z,0.4300,83.28,yes
2026-09-30T01:09:15.44477Z,0.3400,49.00,yes
2026-09-30T01:09:15.44477Z,0.2500,4.51,yes
2026-09-30T01:09:15.44477Z,0.2400,5.00,yes
2026-09-30T01:09:15.44477Z,0.3300,20.00,yes
2026-09-30T01:09:15.44477Z,0.3200,20.00,yes
2026-09-30T01:09:15.44477Z,0.4400,22.97,yes
2026-09-30T01:09:15.44477Z,0.4200,65.00,yes
2026-09-30T01:09:15.44477Z,0.3400,20.00,yes
2026-09-30T01:09:15.44477Z,0.2400,25.00,yes
2026-09-30T01:09:15.44477Z,0.3400,5.00,yes
2026-09-30T01:09:15.44477Z,0.3200,5.00,yes
2026-09-30T01:09:15.44477Z,0.3900,4.00,yes
2026-09-30T01:09:15.44477Z,0.4200,20.00,yes
2026-09-30T01:09:15.44477Z,0.2400,0.57,yes
2026-09-30T01:09:15.44477Z,0.3300,5.00,yes
2026-09-30T01:09:15.44477Z,0.3400,5.00,yes
2026-09-30T01:09:15.44477Z,0.2900,4.51,yes
2026-09-30T01:09:15.44477Z,0.2500,50.00,yes
2026-09-30T01:09:15.44477Z,0.3000,25.00,yes
2026-09-30T01:09:15.44477Z,0.3100,56.00,yes
2026-09-30T01:09:15.44477Z,0.3000,20.00,yes
2026-09-30T01:09:15.44477Z,0.2900,20.00,yes
2026-09-30T01:09:15.44477Z,0.2500,20.00,yes
2026-09-30T01:09:15.44477Z,0.2600,20.00,yes
2026-09-30T01:09:15.44477Z,0.2800,20.00,yes
2026-09-30T01:09:15.44477Z,0.2700,20.00,yes
2026-09-30T01:09:15.44477Z,0.3100,20.00,yes
2026-09-30T01:09:15.44477Z,0.2500,5.00,yes
2026-09-30T01:09:15.44477Z,0.3100,5.00,yes
2026-09-30T01:09:15.44477Z,0.2900,5.00,yes
2026-09-30T01:09:15.44477Z,0.2700,5.00,yes
2026-09-30T01:09:15.44477Z,0.2600,5.00,yes
2026-09-30T01:09:15.44477Z,0.2800,1.00,yes
2026-09-30T01:09:15.44477Z,0.2800,4.00,yes
2026-09-30T01:09:15.44477Z,0.3000,5.00,yes
2026-09-30T01:09:15.662749Z,0.2000,29.37,no
2026-09-30T01:09:16.406945Z,0.2000,0.01,no
2026-09-30T01:09:16.406945Z,0.2000,51.17,no
2026-09-30T01:09:16.406945Z,0.2000,54.00,no
2026-09-30T01:09:16.427653Z,0.2000,19.00,yes
2026-09-30T01:09:16.446484Z,0.2000,23.88,yes
2026-09-30T01:09:16.509287Z,0.2000,144.26,yes
2026-09-30T01:09:16.712696Z,0.2000,31.59,yes
2026-09-30T01:09:16.794443Z,0.1300,1.00,no
2026-09-30T01:09:16.794443Z,0.1400,1.00,no
2026-09-30T01:09:16.794443Z,0.1400,12.50,no
2026-09-30T01:09:16.794443Z,0.1300,44.26,no
2026-09-30T01:09:16.794443Z,0.1700,42.00,no
2026-09-30T01:09:16.794443Z,0.1500,64.00,no
2026-09-30T01:09:16.794443Z,0.1900,0.01,no
2026-09-30T01:09:16.794443Z,0.1600,0.01,no
2026-09-30T01:09:16.794443Z,0.1800,0.01,no
2026-09-30T01:09:16.794443Z,0.1300,0.01,no
2026-09-30T01:09:16.794443Z,0.1700,0.01,no
2026-09-30T01:09:16.794443Z,0.1400,0.01,no
2026-09-30T01:09:16.794443Z,0.1500,0.01,no
2026-09-30T01:09:16.81358Z,0.1800,0.01,yes
2026-09-30T01:09:16.81358Z,0.2000,21.53,yes
2026-09-30T01:09:16.81358Z,0.2100,0.01,yes
2026-09-30T01:09:16.81358Z,0.2400,17.00,yes
2026-09-30T01:09:16.81358Z,0.2400,0.01,yes
2026-09-30T01:09:17.182541Z,0.3900,15.56,yes
2026-09-30T01:09:17.182541Z,0.2900,0.01,yes
2026-09-30T01:09:17.182541Z,0.2700,0.01,yes
2026-09-30T01:09:17.182541Z,0.2800,0.01,yes
2026-09-30T01:09:17.182541Z,0.2500,0.01,yes
2026-09-30T01:09:17.182541Z,0.2500,25.00,yes
2026-09-30T01:09:17.182541Z,0.3000,49.00,yes
2026-09-30T01:09:17.182541Z,0.2500,0.01,yes
2026-09-30T01:09:17.182541Z,0.3000,0.01,yes
2026-09-30T01:09:17.182541Z,0.3100,0.01,yes
2026-09-30T01:09:17.182541Z,0.2800,25.00,yes
2026-09-30T01:09:17.182541Z,0.3000,0.01,yes
2026-09-30T01:09:17.182541Z,0.2900,28.00,yes
2026-09-30T01:09:17.182541Z,0.2900,0.01,yes
2026-09-30T01:09:17.182541Z,0.2600,0.01,yes
2026-09-30T01:09:17.182541Z,0.2800,0.01,yes
2026-09-30T01:09:17.182541Z,0.3800,63.00,yes
2026-09-30T01:09:17.182541Z,0.2800,27.00,yes
2026-09-30T01:09:17.182541Z,0.2100,25.00,yes
2026-09-30T01:09:17.182541Z,0.2300,20.00,yes
2026-09-30T01:09:17.182541Z,0.1800,0.01,yes
2026-09-30T01:09:17.182541Z,0.2600,0.01,yes
2026-09-30T01:09:17.182541Z,0.2700,0.01,yes
2026-09-30T01:09:17.182541Z,0.3000,3.00,yes
2026-09-30T01:09:17.182541Z,0.1800,25.00,yes
2026-09-30T01:09:17.182541Z,0.2100,0.01,yes
2026-09-30T01:09:17.347386Z,0.1800,0.01,yes
2026-09-30T01:09:17.627898Z,0.2700,2.27,yes
2026-09-30T01:09:17.700226Z,0.2700,329.69,yes
2026-09-30T01:09:17.88889Z,0.2600,0.27,no
2026-09-30T01:09:18.165962Z,0.2700,35.23,yes
2026-09-30T01:09:18.18194Z,0.2600,58.61,no
2026-09-30T01:09:18.225288Z,0.2600,17.73,no
2026-09-30T01:09:18.572832Z,0.2600,7.00,no
2026-09-30T01:09:20.145304Z,0.2700,52.85,yes
2026-09-30T01:09:20.162099Z,0.2600,0.51,no
2026-09-30T01:09:20.18923Z,0.2700,81.04,yes
2026-09-30T01:09:20.463281Z,0.2600,4.17,no
2026-09-30T01:09:20.943419Z,0.2700,77.52,yes
2026-09-30T01:09:21.513816Z,0.2700,0.14,yes
2026-09-30T01:09:21.64615Z,0.2700,28.18,yes
2026-09-30T01:09:21.779315Z,0.2700,193.77,yes
2026-09-30T01:09:21.887677Z,0.2700,42.28,yes
2026-09-30T01:09:22.117173Z,0.2700,10.00,yes
2026-09-30T01:09:22.232452Z,0.2700,49.33,yes
2026-09-30T01:09:22.397782Z,0.2700,51.00,yes
2026-09-30T01:09:22.610535Z,0.2600,0.01,no
2026-09-30T01:09:22.610535Z,0.2500,27.06,no
2026-09-30T01:09:22.618765Z,0.2700,3.52,yes
2026-09-30T01:09:22.778628Z,0.2600,0.01,no
2026-09-30T01:09:23.482405Z,0.2600,2.00,yes
2026-09-30T01:09:23.482405Z,0.2700,92.69,yes
2026-09-30T01:09:23.482405Z,0.2600,2.00,yes
2026-09-30T01:09:23.482405Z,0.2600,9.01,yes
2026-09-30T01:09:23.839497Z,0.2600,2.00,yes
2026-09-30T01:09:23.839497Z,0.2600,5.00,yes
2026-09-30T01:09:23.849055Z,0.2700,19.00,yes
2026-09-30T01:09:24.385747Z,0.2700,176.18,yes
2026-09-30T01:09:24.598306Z,0.2600,0.01,no
2026-09-30T01:09:24.598306Z,0.2500,210.79,no
2026-09-30T01:09:24.679247Z,0.2500,22.56,no
2026-09-30T01:09:25.155709Z,0.2600,0.01,no
2026-09-30T01:09:25.155709Z,0.2500,281.11,no
2026-09-30T01:09:25.446502Z,0.2500,40.33,no
2026-09-30T01:09:25.655347Z,0.2500,201.62,no
2026-09-30T01:09:25.933454Z,0.2600,86.00,yes
2026-09-30T01:09:26.266007Z,0.2500,22.56,no
2026-09-30T01:09:26.918671Z,0.2600,2.00,yes
2026-09-30T01:09:26.918671Z,0.2600,32.56,yes
2026-09-30T01:09:26.918671Z,0.2600,2.00,yes
2026-09-30T01:09:27.750104Z,0.2600,0.01,yes
2026-09-30T01:09:27.750104Z,0.2600,2.00,yes
2026-09-30T01:09:28.452902Z,0.2100,36.00,no
2026-09-30T01:09:28.452902Z,0.2300,1.00,no
2026-09-30T01:09:28.452902Z,0.2200,0.01,no
2026-09-30T01:09:28.452902Z,0.2400,0.01,no
2026-09-30T01:09:28.452902Z,0.2000,7.81,no
2026-09-30T01:09:28.452902Z,0.2300,0.01,no
2026-09-30T01:09:28.452902Z,0.2500,0.01,no
2026-09-30T01:09:28.452902Z,0.2100,0.01,no
2026-09-30T01:09:28.512292Z,0.2700,5.00,yes
2026-09-30T01:09:28.512292Z,0.2700,5.55,yes
2026-09-30T01:09:28.512292Z,0.2700,0.01,yes
2026-09-30T01:09:28.512292Z,0.2700,0.01,yes
2026-09-30T01:09:28.934648Z,0.2700,2.00,yes
2026-09-30T01:09:28.934648Z,0.2700,5.00,yes
2026-09-30T01:09:28.934648Z,0.2700,1.00,yes
2026-09-30T01:09:28.934648Z,0.2700,2.00,yes
2026-09-30T01:09:28.934648Z,0.2700,5.00,yes
2026-09-30T01:09:28.934648Z,0.2800,9.82,yes
2026-09-30T01:09:28.934648Z,0.2700,19.45,yes
2026-09-30T01:09:28.934648Z,0.2700,35.00,yes
2026-09-30T01:09:28.934648Z,0.2800,4.00,yes
2026-09-30T01:09:28.934648Z,0.2800,0.01,yes
2026-09-30T01:09:28.934648Z,0.2700,5.00,yes
2026-09-30T01:09:29.862541Z,0.2500,5.00,yes
2026-09-30T01:09:29.862541Z,0.2500,25.40,yes
2026-09-30T01:09:30.01002Z,0.2500,19.00,yes
2026-09-30T01:09:30.363683Z,0.2100,1.21,no
2026-09-30T01:09:30.575474Z,0.2100,0.01,no
2026-09-30T01:09:30.575474Z,0.2000,69.96,no
2026-09-30T01:09:30.647488Z,0.2500,1.14,yes
2026-09-30T01:09:31.476188Z,0.2400,3.95,yes
2026-09-30T01:09:31.821263Z,0.2100,0.02,no
2026-09-30T01:09:31.821263Z,0.2000,4.98,no
2026-09-30T01:09:32.086411Z,0.2400,6.95,yes
2026-09-30T01:09:32.086411Z,0.2400,2.00,yes
2026-09-30T01:09:32.086411Z,0.2400,3.00,yes
2026-09-30T01:09:32.086411Z,0.2400,6.05,yes
2026-09-30T01:09:32.086411Z,0.2400,2.00,yes
2026-09-30T01:09:32.146485Z,0.2400,1.73,yes
2026-09-30T01:09:32.146485Z,0.2400,13.05,yes
2026-09-30T01:09:32.146485Z,0.2400,5.00,yes
2026-09-30T01:09:32.220368Z,0.1900,27.58,no
2026-09-30T01:09:32.220368Z,0.1900,0.01,no
2026-09-30T01:09:32.220368Z,0.2000,0.01,no
2026-09-30T01:09:32.220368Z,0.2000,17.25,no
2026-09-30T01:09:32.69606Z,0.2400,2.27,yes
2026-09-30T01:09:32.69606Z,0.2400,6.00,yes
2026-09-30T01:09:32.69606Z,0.2400,1.00,yes
2026-09-30T01:09:32.69606Z,0.2400,14.00,yes
2026-09-30T01:09:32.69606Z,0.2400,1.00,yes
2026-09-30T01:09:32.69606Z,0.2500,19.00,yes
2026-09-30T01:09:32.69606Z,0.2500,5.00,yes
2026-09-30T01:09:32.69606Z,0.2500,20.00,yes
2026-09-30T01:09:32.69606Z,0.2500,1.14,yes
2026-09-30T01:09:32.69606Z,0.2500,37.46,yes
2026-09-30T01:09:32.69606Z,0.2500,25.40,yes
2026-09-30T01:09:32.69606Z,0.2500,0.01,yes
2026-09-30T01:09:32.69606Z,0.2600,1.33,yes
2026-09-30T01:09:32.69606Z,0.2500,55.00,yes
2026-09-30T01:09:33.513989Z,0.1000,6.96,no
2026-09-30T01:09:33.513989Z,0.1200,100.00,no
2026-09-30T01:09:33.513989Z,0.1200,0.01,no
2026-09-30T01:09:33.513989Z,0.1800,34.00,no
2026-09-30T01:09:33.513989Z,0.1100,0.01,no
2026-09-30T01:09:33.513989Z,0.1600,8.00,no
2026-09-30T01:09:33.513989Z,0.1600,92.00,no
2026-09-30T01:09:33.513989Z,0.1300,104.00,no
2026-09-30T01:09:33.513989Z,0.1500,118.00,no
2026-09-30T01:09:33.513989Z,0.1900,0.01,no
2026-09-30T01:09:33.513989Z,0.2000,0.01,no
2026-09-30T01:09:33.513989Z,0.1700,45.00,no
2026-09-30T01:09:33.513989Z,0.1600,0.01,no
2026-09-30T01:09:33.513989Z,0.1500,0.01,no
2026-09-30T01:09:33.513989Z,0.1400,0.01,no
2026-09-30T01:09:33.513989Z,0.1300,0.01,no
2026-09-30T01:09:33.513989Z,0.1300,8.00,no
2026-09-30T01:09:33.513989Z,0.1800,0.01,no
2026-09-30T01:09:33.513989Z,0.1700,0.01,no
2026-09-30T01:09:33.513989Z,0.1100,28.00,no
2026-09-30T01:09:33.513989Z,0.1200,100.00,no
2026-09-30T01:09:33.601323Z,0.2600,0.49,yes
2026-09-30T01:09:33.657696Z,0.1800,0.01,yes
2026-09-30T01:09:33.657696Z,0.1800,1.99,yes
2026-09-30T01:09:33.658299Z,0.1800,2.00,yes
2026-09-30T01:09:33.659322Z,0.1800,21.00,yes
2026-09-30T01:09:33.673932Z,0.2400,6.99,yes
2026-09-30T01:09:33.673932Z,0.1800,0.01,yes
2026-09-30T01:09:33.852939Z,0.1800,3.75,yes
2026-09-30T01:09:33.852939Z,0.1800,0.01,yes
2026-09-30T01:09:33.860448Z,0.1800,20.00,yes
2026-09-30T01:09:33.861314Z,0.2400,5.00,yes
2026-09-30T01:09:33.861314Z,0.2000,63.00,yes
2026-09-30T01:09:33.861314Z,0.1800,1.25,yes
2026-09-30T01:09:33.861314Z,0.2400,18.74,yes
2026-09-30T01:09:33.861314Z,0.2100,0.01,yes
2026-09-30T01:09:33.88556Z,0.2500,1.00,yes
2026-09-30T01:09:33.934931Z,0.2600,13.77,yes
2026-09-30T01:09:33.934931Z,0.2500,4.00,yes
2026-09-30T01:09:34.081845Z,0.2100,0.01,yes
2026-09-30T01:09:34.294459Z,0.2600,1.82,yes
2026-09-30T01:09:34.783029Z,0.2600,0.01,yes
2026-09-30T01:09:34.783029Z,0.2600,7.62,yes
2026-09-30T01:09:34.783029Z,0.2600,32.59,yes
2026-09-30T01:09:35.377782Z,0.2000,9.85,no
2026-09-30T01:09:35.378599Z,0.2000,6.41,no
2026-09-30T01:09:35.517166Z,0.2600,7.31,yes
2026-09-30T01:09:36.156886Z,0.2700,0.40,yes
2026-09-30T01:09:36.156886Z,0.2600,1.00,yes
2026-09-30T01:09:36.156886Z,0.2600,0.01,yes
2026-09-30T01:09:36.156886Z,0.2600,5.00,yes
2026-09-30T01:09:36.156886Z,0.2600,20.00,yes
2026-09-30T01:09:36.156886Z,0.2600,0.01,yes
2026-09-30T01:09:36.156886Z,0.2600,10.07,yes
2026-09-30T01:09:36.156886Z,0.2700,0.01,yes
2026-09-30T01:09:36.156886Z,0.2700,0.01,yes
2026-09-30T01:09:36.875513Z,0.2700,19.00,yes
2026-09-30T01:09:36.875513Z,0.3000,1.00,yes
2026-09-30T01:09:36.875513Z,0.2700,25.00,yes
2026-09-30T01:09:36.875513Z,0.2700,1.00,yes
2026-09-30T01:09:36.875513Z,0.3000,2.00,yes
2026-09-30T01:09:36.875513Z,0.2900,8.00,yes
2026-09-30T01:09:36.875513Z,0.3000,1.00,yes
2026-09-30T01:09:36.875513Z,0.2800,20.00,yes
2026-09-30T01:09:36.875513Z,0.2700,4.60,yes
2026-09-30T01:09:36.875513Z,0.3000,9.00,yes
2026-09-30T01:09:36.875513Z,0.2900,3.00,yes
2026-09-30T01:09:36.875513Z,0.3000,3.00,yes
2026-09-30T01:09:36.875513Z,0.2900,1.00,yes
2026-09-30T01:09:36.875513Z,0.2800,2.00,yes
2026-09-30T01:09:36.875513Z,0.3000,1.00,yes
2026-09-30T01:09:36.875513Z,0.3000,32.89,yes
2026-09-30T01:09:36.875513Z,0.3000,1.00,yes
2026-09-30T01:09:36.875513Z,0.3000,2.00,yes
2026-09-30T01:09:36.875513Z,0.2900,17.00,yes
2026-09-30T01:09:36.875513Z,0.2800,0.01,yes
2026-09-30T01:09:36.875513Z,0.2800,0.01,yes
2026-09-30T01:09:36.875513Z,0.2900,2.00,yes
2026-09-30T01:09:36.875513Z,0.2900,0.01,yes
2026-09-30T01:09:36.875513Z,0.3000,0.01,yes
2026-09-30T01:09:36.875513Z,0.2900,6.00,yes
2026-09-30T01:09:36.875513Z,0.2900,0.01,yes
2026-09-30T01:09:36.875513Z,0.3000,0.01,yes
2026-09-30T01:09:37.507648Z,0.2200,0.01,no
2026-09-30T01:09:37.507648Z,0.2200,70.00,no
2026-09-30T01:09:37.507648Z,0.1800,10.00,no
2026-09-30T01:09:37.507648Z,0.1900,0.01,no
2026-09-30T01:09:37.507648Z,0.2000,0.01,no
2026-09-30T01:09:37.507648Z,0.2100,0.01,no
2026-09-30T01:09:37.507648Z,0.1900,25.00,no
2026-09-30T01:09:37.507648Z,0.1500,0.01,no
2026-09-30T01:09:37.507648Z,0.1700,0.01,no
2026-09-30T01:09:37.507648Z,0.1600,0.01,no
2026-09-30T01:09:37.507648Z,0.1800,0.01,no
2026-09-30T01:09:37.507648Z,0.1500,16.57,no
2026-09-30T01:09:37.507648Z,0.1800,21.00,no
2026-09-30T01:09:37.563162Z,0.1800,0.01,yes
2026-09-30T01:09:38.157034Z,0.2700,17.61,yes
2026-09-30T01:09:38.288323Z,0.2700,3.52,yes
2026-09-30T01:09:38.419728Z,0.2300,0.01,no
2026-09-30T01:09:38.432538Z,0.2100,1.00,yes
2026-09-30T01:09:38.43405Z,0.2100,0.99,yes
2026-09-30T01:09:38.434233Z,0.2700,1.00,yes
2026-09-30T01:09:40.127288Z,0.2000,12.00,no
2026-09-30T01:09:40.127288Z,0.2000,0.01,no
2026-09-30T01:09:40.127288Z,0.1700,65.00,no
2026-09-30T01:09:40.127288Z,0.1800,0.01,no
2026-09-30T01:09:40.127288Z,0.1800,1.00,no
2026-09-30T01:09:40.127288Z,0.1700,0.01,no
2026-09-30T01:09:40.127288Z,0.1500,0.01,no
2026-09-30T01:09:40.127288Z,0.1600,0.01,no
2026-09-30T01:09:40.127288Z,0.1900,0.01,no
2026-09-30T01:09:40.127288Z,0.1100,130.99,no
2026-09-30T01:09:40.127288Z,0.1300,10.00,no
2026-09-30T01:09:40.127288Z,0.1300,33.00,no
2026-09-30T01:09:40.127288Z,0.1400,0.01,no
2026-09-30T01:09:40.127288Z,0.1300,0.01,no
2026-09-30T01:09:40.127288Z,0.1200,0.01,no
2026-09-30T01:09:40.127288Z,0.1200,63.00,no
2026-09-30T01:09:40.127288Z,0.1100,0.01,no
2026-09-30T01:09:40.536585Z,0.2100,5.00,yes
2026-09-30T01:09:40.536585Z,0.2100,25.00,yes
2026-09-30T01:09:40.536585Z,0.2100,1.00,yes
2026-09-30T01:09:40.536585Z,0.2100,0.01,yes
2026-09-30T01:09:40.536585Z,0.2700,0.01,yes
2026-09-30T01:09:40.536585Z,0.2700,2.87,yes
2026-09-30T01:09:40.536585Z,0.2700,0.01,yes
2026-09-30T01:09:40.536585Z,0.2500,38.00,yes
2026-09-30T01:09:40.536585Z,0.2600,12.00,yes
2026-09-30T01:09:40.84493Z,0.1500,0.01,no
2026-09-30T01:09:40.84493Z,0.1500,11.57,no
2026-09-30T01:09:40.84493Z,0.1500,100.00,no
2026-09-30T01:09:41.658539Z,0.1800,0.01,yes
2026-09-30T01:09:41.665424Z,0.3000,17.00,yes
2026-09-30T01:09:41.665424Z,0.2800,0.01,yes
2026-09-30T01:09:41.665424Z,0.2900,0.01,yes
2026-09-30T01:09:41.665424Z,0.2800,4.00,yes
2026-09-30T01:09:41.665424Z,0.2900,5.00,yes
2026-09-30T01:09:41.665424Z,0.2800,25.00,yes
2026-09-30T01:09:41.665424Z,0.3000,0.01,yes
2026-09-30T01:09:41.665424Z,0.3000,0.01,yes
2026-09-30T01:09:41.665424Z,0.2900,20.00,yes
2026-09-30T01:09:41.665424Z,0.3000,4.72,yes
2026-09-30T01:09:41.665424Z,0.2800,20.00,yes
2026-09-30T01:09:42.330639Z,0.1600,6.37,no
2026-09-30T01:09:42.330639Z,0.2200,0.01,no
2026-09-30T01:09:42.330639Z,0.2000,15.00,no
2026-09-30T01:09:43.672946Z,0.2800,1.21,yes
2026-09-30T01:09:43.672946Z,0.2800,10.00,yes
2026-09-30T01:09:44.122991Z,0.2000,0.01,no
2026-09-30T01:09:44.122991Z,0.1800,0.01,no
2026-09-30T01:09:44.122991Z,0.1900,0.01,no
2026-09-30T01:09:44.122991Z,0.1800,1.92,no
2026-09-30T01:09:44.122991Z,0.2000,1.00,no
2026-09-30T01:09:45.038035Z,0.1600,33.00,no
2026-09-30T01:09:45.038035Z,0.1400,0.01,no
2026-09-30T01:09:45.038035Z,0.1300,0.01,no
2026-09-30T01:09:45.038035Z,0.1500,0.01,no
2026-09-30T01:09:45.038035Z,0.1700,0.01,no
2026-09-30T01:09:45.038035Z,0.1600,0.01,no
2026-09-30T01:09:45.038035Z,0.1300,3.59,no
2026-09-30T01:09:45.038035Z,0.1500,1.92,no
2026-09-30T01:09:45.038035Z,0.1700,25.00,no
2026-09-30T01:09:45.038035Z,0.1500,15.00,no
2026-09-30T01:09:45.579814Z,0.1000,93.04,no
2026-09-30T01:09:45.579814Z,0.1200,57.00,no
2026-09-30T01:09:45.579814Z,0.1000,15.00,no
2026-09-30T01:09:45.579814Z,0.1300,0.01,no
2026-09-30T01:09:45.579814Z,0.1200,1.00,no
2026-09-30T01:09:45.579814Z,0.1100,60.00,no
2026-09-30T01:09:45.579814Z,0.1100,0.01,no
2026-09-30T01:09:45.579814Z,0.1200,0.01,no
2026-09-30T01:09:45.579814Z,0.1000,20.00,no
2026-09-30T01:09:45.579814Z,0.1000,0.01,no
2026-09-30T01:09:45.579814Z,0.1000,100.00,no
2026-09-30T01:09:45.699531Z,0.2400,10.00,yes
2026-09-30T01:09:45.699531Z,0.2400,83.00,yes
2026-09-30T01:09:45.699531Z,0.2400,7.00,yes
2026-09-30T01:09:45.804775Z,0.2500,5.00,yes
2026-09-30T01:09:45.804775Z,0.2600,20.00,yes
2026-09-30T01:09:45.804775Z,0.2500,20.00,yes
2026-09-30T01:09:45.804775Z,0.2500,25.00,yes
2026-09-30T01:09:45.804775Z,0.2700,5.00,yes
2026-09-30T01:09:45.804775Z,0.2400,39.00,yes
2026-09-30T01:09:45.804775Z,0.2700,2.47,yes
2026-09-30T01:09:45.804775Z,0.2400,48.00,yes
2026-09-30T01:09:45.859246Z,0.1100,87.00,no
2026-09-30T01:09:45.859246Z,0.1100,0.01,no
2026-09-30T01:09:45.859246Z,0.1100,26.10,no
2026-09-30T01:09:46.158232Z,0.2400,8.00,yes
2026-09-30T01:09:46.217199Z,0.2400,12.00,yes
2026-09-30T01:09:46.508468Z,0.1000,12.56,no
2026-09-30T01:09:46.508468Z,0.1100,0.01,no
2026-09-30T01:09:46.508468Z,0.1200,25.00,no
2026-09-30T01:09:46.755528Z,0.1700,1.00,yes
2026-09-30T01:09:46.832786Z,0.1700,1.00,yes
2026-09-30T01:09:47.095692Z,0.1700,25.00,yes
2026-09-30T01:09:47.095692Z,0.2100,55.00,yes
2026-09-30T01:09:47.095692Z,0.1800,0.01,yes
2026-09-30T01:09:47.095692Z,0.2100,8.00,yes
2026-09-30T01:09:47.095692Z,0.2200,8.93,yes
2026-09-30T01:09:47.208324Z,0.2400,18.28,yes
2026-09-30T01:09:47.700454Z,0.2200,10.00,yes
2026-09-30T01:09:47.822444Z,0.2300,4.12,yes
2026-09-30T01:09:47.869171Z,0.2300,41.00,yes
2026-09-30T01:09:47.869171Z,0.2400,6.72,yes
2026-09-30T01:09:47.869171Z,0.2400,20.00,yes
2026-09-30T01:09:47.869171Z,0.2400,5.00,yes
2026-09-30T01:09:47.869171Z,0.2400,5.12,yes
2026-09-30T01:09:47.869171Z,0.2300,4.12,yes
2026-09-30T01:09:47.869171Z,0.2300,77.88,yes
2026-09-30T01:09:47.869171Z,0.2300,20.00,yes
2026-09-30T01:09:48.71812Z,0.1800,5.00,yes
2026-09-30T01:09:49.461915Z,0.1900,1.00,yes
2026-09-30T01:09:49.534222Z,0.1200,1.03,no
2026-09-30T01:09:49.534222Z,0.1500,0.01,no
2026-09-30T01:09:49.534222Z,0.1200,0.01,no
2026-09-30T01:09:49.534222Z,0.1300,0.01,no
2026-09-30T01:09:49.534222Z,0.1400,0.01,no
2026-09-30T01:09:49.632435Z,0.1900,4.00,yes
2026-09-30T01:09:49.632435Z,0.2300,21.03,yes
2026-09-30T01:09:49.632435Z,0.1900,25.00,yes
2026-09-30T01:09:49.632435Z,0.2200,15.00,yes
2026-09-30T01:09:49.632435Z,0.2000,4.00,yes
2026-09-30T01:09:49.680836Z,0.1100,108.00,no
2026-09-30T01:09:49.680836Z,0.1100,90.14,no
2026-09-30T01:09:49.680836Z,0.1100,0.01,no
2026-09-30T01:09:49.697512Z,0.2500,5.00,yes
2026-09-30T01:09:49.697512Z,0.2500,21.00,yes
2026-09-30T01:09:49.697512Z,0.2500,20.00,yes
2026-09-30T01:09:49.697512Z,0.2500,25.00,yes
2026-09-30T01:09:49.697512Z,0.2500,5.00,yes
2026-09-30T01:09:50.39739Z,0.3700,0.01,yes
2026-09-30T01:09:50.39739Z,0.3700,0.01,yes
2026-09-30T01:09:50.39739Z,0.3600,0.01,yes
2026-09-30T01:09:50.39739Z,0.3100,19.00,yes
2026-09-30T01:09:50.39739Z,0.3000,1.00,yes
2026-09-30T01:09:50.39739Z,0.3000,25.00,yes
2026-09-30T01:09:50.39739Z,0.3200,20.00,yes
2026-09-30T01:09:50.39739Z,0.3300,19.00,yes
2026-09-30T01:09:50.39739Z,0.3000,15.28,yes
2026-09-30T01:09:50.39739Z,0.3100,20.00,yes
2026-09-30T01:09:50.39739Z,0.2900,20.00,yes
2026-09-30T01:09:50.39739Z,0.3000,3.00,yes
2026-09-30T01:09:50.39739Z,0.2800,20.00,yes
2026-09-30T01:09:50.39739Z,0.3400,223.00,yes
2026-09-30T01:09:50.39739Z,0.2700,17.53,yes
2026-09-30T01:09:50.39739Z,0.3000,28.00,yes
2026-09-30T01:09:50.39739Z,0.3500,18.75,yes
2026-09-30T01:09:50.39739Z,0.2800,56.00,yes
2026-09-30T01:09:50.39739Z,0.3300,10.00,yes
2026-09-30T01:09:50.39739Z,0.3500,0.01,yes
2026-09-30T01:09:50.39739Z,0.2700,2.00,yes
2026-09-30T01:09:50.39739Z,0.2600,20.00,yes
2026-09-30T01:09:50.39739Z,0.3100,11.00,yes
2026-09-30T01:09:50.39739Z,0.2600,1.00,yes
2026-09-30T01:09:50.39739Z,0.3900,101.00,yes
2026-09-30T01:09:50.39739Z,0.4100,117.00,yes
2026-09-30T01:09:50.39739Z,0.3400,19.00,yes
2026-09-30T01:09:50.39739Z,0.2500,38.00,yes
2026-09-30T01:09:50.39739Z,0.2900,10.00,yes
2026-09-30T01:09:50.39739Z,0.2600,4.00,yes
2026-09-30T01:09:50.39739Z,0.3000,62.50,yes
2026-09-30T01:09:50.39739Z,0.2600,28.00,yes
2026-09-30T01:09:50.39739Z,0.3600,5.00,yes
2026-09-30T01:09:50.39739Z,0.2500,55.00,yes
2026-09-30T01:09:50.39739Z,0.3500,20.00,yes
2026-09-30T01:09:50.39739Z,0.2900,10.00,yes
2026-09-30T01:09:50.39739Z,0.2600,25.00,yes
2026-09-30T01:09:50.39739Z,0.2900,250.00,yes
2026-09-30T01:09:50.39739Z,0.2500,5.00,yes
2026-09-30T01:09:50.39739Z,0.2500,83.00,yes
2026-09-30T01:09:50.39739Z,0.4100,2.00,yes
2026-09-30T01:09:50.39739Z,0.3400,0.01,yes
2026-09-30T01:09:50.39739Z,0.3300,0.01,yes
2026-09-30T01:09:50.39739Z,0.3400,0.01,yes
2026-09-30T01:09:50.39739Z,0.3200,0.01,yes
2026-09-30T01:09:50.39739Z,0.3200,0.01,yes
2026-09-30T01:09:50.39739Z,0.3300,0.01,yes
2026-09-30T01:09:50.39739Z,0.3100,0.01,yes
2026-09-30T01:09:50.39739Z,0.3600,0.01,yes
2026-09-30T01:09:50.39739Z,0.3100,0.01,yes
2026-09-30T01:09:50.39739Z,0.3500,0.01,yes
2026-09-30T01:09:50.400031Z,0.4500,100.00,yes
2026-09-30T01:09:50.400031Z,0.4600,37.00,yes
2026-09-30T01:09:50.400031Z,0.4500,45.00,yes
2026-09-30T01:09:50.416761Z,0.4700,2.00,no
2026-09-30T01:09:50.429045Z,0.4800,150.00,yes
2026-09-30T01:09:51.056876Z,0.4800,43.00,no
2026-09-30T01:09:51.500303Z,0.4900,3.94,yes
2026-09-30T01:09:51.733696Z,0.4900,70.28,yes
2026-09-30T01:09:51.788879Z,0.4800,36.09,no
2026-09-30T01:09:51.897801Z,0.4800,40.60,no
2026-09-30T01:09:51.94671Z,0.4800,0.49,no
2026-09-30T01:09:52.434023Z,0.4800,19.80,no
2026-09-30T01:09:52.516255Z,0.4800,143.75,no
2026-09-30T01:09:52.914382Z,0.4800,243.65,no
2026-09-30T01:09:52.961309Z,0.4800,9.02,no
2026-09-30T01:09:53.061291Z,0.4800,3.38,no
2026-09-30T01:09:53.115055Z,0.4800,291.76,no
2026-09-30T01:09:53.220653Z,0.4800,67.68,no
2026-09-30T01:09:53.246128Z,0.4800,24.20,no
2026-09-30T01:09:53.473858Z,0.4900,2424.00,yes
2026-09-30T01:09:53.473858Z,0.4900,2349.78,yes
2026-09-30T01:09:53.473858Z,0.4900,2424.00,yes
2026-09-30T01:09:53.473858Z,0.4900,2424.00,yes
2026-09-30T01:09:53.473858Z,0.4900,2424.00,yes
2026-09-30T01:09:53.473858Z,0.4900,2424.00,yes
2026-09-30T01:09:53.473858Z,0.4900,107.70,yes
2026-09-30T01:09:53.473858Z,0.4900,2424.00,yes
2026-09-30T01:09:53.473858Z,0.4900,2424.00,yes
2026-09-30T01:09:53.476888Z,0.4800,39.56,no
2026-09-30T01:09:53.482088Z,0.4900,55.00,yes
2026-09-30T01:09:53.482088Z,0.4900,1.00,yes
2026-09-30T01:09:53.482088Z,0.4900,15.00,yes
2026-09-30T01:09:53.584236Z,0.4900,9.02,no
2026-09-30T01:09:53.604996Z,0.4900,29.12,no
2026-09-30T01:09:53.604996Z,0.4900,61.12,no
2026-09-30T01:09:53.625439Z,0.4900,90.24,no
2026-09-30T01:09:53.671733Z,0.4900,19.78,no
2026-09-30T01:09:53.709237Z,0.4900,94.67,no
2026-09-30T01:09:53.792501Z,0.4900,225.61,no
2026-09-30T01:09:53.852502Z,0.4900,50.00,no
2026-09-30T01:09:53.988607Z,0.4900,50.74,no
2026-09-30T01:09:54.202355Z,0.4900,144.26,no
2026-09-30T01:09:54.247056Z,0.4900,89.01,no
2026-09-30T01:09:54.321723Z,0.4900,112.80,no
2026-09-30T01:09:54.375945Z,0.4900,15.17,no
2026-09-30T01:09:54.375945Z,0.4900,653.93,no
2026-09-30T01:09:54.375945Z,0.4900,81.00,no
2026-09-30T01:09:54.817441Z,0.4900,67.67,no
2026-09-30T01:09:54.817441Z,0.4900,0.01,no
2026-09-30T01:09:54.925012Z,0.5000,4.98,yes
2026-09-30T01:09:54.925012Z,0.5000,3.00,yes
2026-09-30T01:09:54.925012Z,0.5000,0.01,yes
2026-09-30T01:09:54.925012Z,0.5000,0.01,yes
2026-09-30T01:09:54.929295Z,0.4900,300.00,no
2026-09-30T01:09:54.929295Z,0.4900,26.33,no
2026-09-30T01:09:54.929295Z,0.4800,52.00,no
2026-09-30T01:09:54.929295Z,0.4800,272.55,no
2026-09-30T01:09:55.089185Z,0.4900,35.23,no
2026-09-30T01:09:55.228247Z,0.4900,3.95,no
2026-09-30T01:09:55.423759Z,0.4900,57.82,no
2026-09-30T01:09:55.423759Z,0.4900,54.98,no
2026-09-30T01:09:55.710794Z,0.4800,125.60,no
2026-09-30T01:09:55.710794Z,0.4900,0.01,no
2026-09-30T01:09:55.710794Z,0.4900,100.00,no
2026-09-30T01:09:55.96131Z,0.4800,221.10,no
2026-09-30T01:09:56.011347Z,0.4900,36.09,no
2026-09-30T01:09:56.081574Z,0.4900,45.12,no
2026-09-30T01:09:56.267495Z,0.4900,169.13,no
2026-09-30T01:09:56.320884Z,0.5000,9.66,yes
2026-09-30T01:09:56.36423Z,0.4900,77.96,no
2026-09-30T01:09:56.37574Z,0.4900,3.79,no
2026-09-30T01:09:56.477348Z,0.4900,2.61,no
2026-09-30T01:09:56.6599Z,0.4900,4.51,no
2026-09-30T01:09:56.878805Z,0.4900,21.29,no
2026-09-30T01:09:56.915552Z,0.4900,76.71,no
2026-09-30T01:09:57.083095Z,0.4900,27.07,no
2026-09-30T01:09:57.260122Z,0.4900,45.12,no
2026-09-30T01:09:57.2745Z,0.4900,45.12,no
2026-09-30T01:09:57.331249Z,0.4900,9.02,no
2026-09-30T01:09:57.555325Z,0.4900,9.02,no
2026-09-30T01:09:57.813744Z,0.5000,9.66,yes
2026-09-30T01:09:57.824197Z,0.4900,123.58,no
2026-09-30T01:09:57.925638Z,0.4900,13.53,no
2026-09-30T01:09:58.067855Z,0.4900,2.27,no
2026-09-30T01:09:58.280373Z,0.4900,45.12,no
2026-09-30T01:09:58.739597Z,0.4900,405.44,no
2026-09-30T01:09:58.814259Z,0.5000,44.34,yes
2026-09-30T01:09:58.814259Z,0.5000,228.12,yes
2026-09-30T01:09:59.024846Z,0.5000,5.79,yes
2026-09-30T01:09:59.120821Z,0.5000,40.00,yes
2026-09-30T01:09:59.143696Z,0.4900,312.99,no
2026-09-30T01:09:59.187482Z,0.4900,49.00,no
2026-09-30T01:09:59.556846Z,0.4900,17.77,no
2026-09-30T01:09:59.972109Z,0.4900,49.33,no
2026-09-30T01:10:00.343492Z,0.4900,31.59,no
2026-09-30T01:10:00.619833Z,0.5000,9.42,yes
2026-09-30T01:10:00.761622Z,0.5000,200.00,yes
2026-09-30T01:10:00.776822Z,0.4900,55.90,no
2026-09-30T01:10:00.913693Z,0.4900,22.56,no
2026-09-30T01:10:00.93786Z,0.4900,95.76,no
2026-09-30T01:10:01.065797Z,0.4900,10.00,no
2026-09-30T01:10:01.766808Z,0.5000,0.36,yes
2026-09-30T01:10:01.873434Z,0.5000,96.61,yes
2026-09-30T01:10:01.95223Z,0.4900,10.97,no
2026-09-30T01:10:01.9557Z,0.4900,335.81,no
2026-09-30T01:10:02.256584Z,0.5000,9.35,yes
2026-09-30T01:10:02.39161Z,0.4900,2.25,no
2026-09-30T01:10:02.524485Z,0.4900,90.24,no
2026-09-30T01:10:02.875616Z,0.4900,22.56,no
2026-09-30T01:10:03.210878Z,0.5000,9.00,yes
2026-09-30T01:10:03.412055Z,0.4900,365.67,no
2026-09-30T01:10:03.596609Z,0.5000,9.66,yes
2026-09-30T01:10:03.717521Z,0.4900,1.25,no
2026-09-30T01:10:03.754895Z,0.4900,19.00,no
2026-09-30T01:10:04.172051Z,0.5000,2.87,yes
2026-09-30T01:10:04.242662Z,0.5000,96.61,yes
2026-09-30T01:10:04.536216Z,0.4900,22.56,no
2026-09-30T01:10:04.551762Z,0.4900,17.61,no
2026-09-30T01:10:04.638806Z,0.4900,72.19,no
2026-09-30T01:10:04.670886Z,0.4900,22.56,no
2026-09-30T01:10:04.732774Z,0.4900,270.74,no
2026-09-30T01:10:04.780711Z,0.4900,67.68,no
2026-09-30T01:10:04.793738Z,0.4900,19.78,no
2026-09-30T01:10:05.342202Z,0.4900,189.51,no
2026-09-30T01:10:05.662889Z,0.4900,31.58,no
2026-09-30T01:10:05.881281Z,0.4900,70.96,no
2026-09-30T01:10:05.984081Z,0.4900,312.61,no
2026-09-30T01:10:06.433916Z,0.5000,14.00,yes
2026-09-30T01:10:06.433916Z,0.5000,5.00,yes
2026-09-30T01:10:06.433916Z,0.5000,6077.39,yes
2026-09-30T01:10:06.433916Z,0.5000,20.00,yes
2026-09-30T01:10:06.433916Z,0.5000,62.12,yes
2026-09-30T01:10:06.433916Z,0.5000,1.00,yes
2026-09-30T01:10:06.433916Z,0.5000,3482.32,yes
2026-09-30T01:10:06.456078Z,0.4900,195.00,no
2026-09-30T01:10:06.585283Z,0.4900,180.49,no
2026-09-30T01:10:06.744093Z,0.5000,42.16,yes
2026-09-30T01:10:06.99468Z,0.4900,100.00,no
2026-09-30T01:10:07.066987Z,0.4900,36.51,no
2026-09-30T01:10:07.153415Z,0.4900,2.01,no
2026-09-30T01:10:07.387349Z,0.4900,133.10,no
2026-09-30T01:10:07.635579Z,0.5000,48.30,yes
2026-09-30T01:10:07.724974Z,0.5000,711.11,yes
2026-09-30T01:10:07.907021Z,0.4900,4.12,no
2026-09-30T01:10:08.114653Z,0.4900,129.42,no
2026-09-30T01:10:08.162203Z,0.5000,49.98,yes
2026-09-30T01:10:08.397645Z,0.5000,0.01,yes
2026-09-30T01:10:08.893807Z,0.4900,219.00,no
2026-09-30T01:10:09.244512Z,0.5000,44.44,yes
2026-09-30T01:10:09.294107Z,0.4900,117.60,no
2026-09-30T01:10:09.819279Z,0.4900,112.80,no
2026-09-30T01:10:10.739129Z,0.4900,500.00,no
2026-09-30T01:10:10.959415Z,0.5000,48.30,yes
2026-09-30T01:10:11.095435Z,0.4900,8.41,no
2026-09-30T01:10:12.182003Z,0.4900,225.61,no
2026-09-30T01:10:12.365854Z,0.4900,11.13,no
2026-09-30T01:10:12.605718Z,0.4900,860.07,no
2026-09-30T01:10:13.001173Z,0.4900,21.00,no
2026-09-30T01:10:13.762038Z,0.5000,3.86,yes
2026-09-30T01:10:14.269538Z,0.4900,45.12,no
2026-09-30T01:10:15.356066Z,0.5000,0.96,yes
2026-09-30T01:10:15.743215Z,0.5000,76.48,yes
2026-09-30T01:10:15.765388Z,0.4900,14.18,no
2026-09-30T01:10:15.877494Z,0.4900,56.22,no
2026-09-30T01:10:16.183845Z,0.5000,9.66,yes
2026-09-30T01:10:16.223057Z,0.5000,2.00,yes
2026-09-30T01:10:16.713285Z,0.5000,96.00,yes
2026-09-30T01:10:16.973976Z,0.5000,556.52,yes
2026-09-30T01:10:17.000624Z,0.4900,22.83,no
2026-09-30T01:10:17.140356Z,0.5000,56.03,yes
2026-09-30T01:10:17.374449Z,0.4900,22.56,no
2026-09-30T01:10:17.437914Z,0.4900,244.56,no
2026-09-30T01:10:17.80387Z,0.5000,77.29,yes
2026-09-30T01:10:17.864599Z,0.5000,19.32,yes
2026-09-30T01:10:18.56781Z,0.4900,3.94,no
2026-09-30T01:10:19.190052Z,0.4900,9.02,no
2026-09-30T01:10:20.192523Z,0.4900,7.41,no
2026-09-30T01:10:20.670508Z,0.4900,8.07,no
2026-09-30T01:10:21.08223Z,0.5000,0.46,yes
2026-09-30T01:10:21.204442Z,0.4900,38.82,no
2026-09-30T01:10:21.632764Z,0.5000,193.23,yes
2026-09-30T01:10:21.843947Z,0.5000,5.48,yes
2026-09-30T01:10:22.573932Z,0.5000,171.98,yes
2026-09-30T01:10:22.627844Z,0.5000,0.69,yes
2026-09-30T01:10:22.6787Z,0.5000,0.96,yes
2026-09-30T01:10:22.685282Z,0.4900,13.29,no
2026-09-30T01:10:22.866078Z,0.5000,0.77,yes
2026-09-30T01:10:23.039359Z,0.5000,1.93,yes
2026-09-30T01:10:24.060899Z,0.5000,28.98,yes
2026-09-30T01:10:24.266687Z,0.5000,1.00,yes
2026-09-30T01:10:24.851633Z,0.5000,5.79,yes
2026-09-30T01:10:24.976499Z,0.4900,34.78,no
2026-09-30T01:10:24.976499Z,0.4900,174.37,no
2026-09-30T01:10:24.976499Z,0.4900,76.39,no
2026-09-30T01:10:25.164991Z,0.4900,45.12,no
2026-09-30T01:10:25.545465Z,0.5000,192.00,yes
2026-09-30T01:10:25.853609Z,0.5000,36.71,yes
2026-09-30T01:10:26.037299Z,0.4900,42.55,no
2026-09-30T01:10:26.216233Z,0.4900,207.00,no
2026-09-30T01:10:26.255381Z,0.4900,85.91,no
2026-09-30T01:10:26.294004Z,0.5000,48.30,yes
2026-09-30T01:10:27.452276Z,0.4900,69.03,no
2026-09-30T01:10:28.184055Z,0.4900,491.81,no
2026-09-30T01:10:28.525068Z,0.4900,804.83,no
2026-09-30T01:10:30.136026Z,0.5000,191.30,yes
2026-09-30T01:10:30.197704Z,0.5000,28.98,yes
2026-09-30T01:10:30.702805Z,0.5000,38.64,yes
2026-09-30T01:10:31.0025Z,0.4900,47.03,no
2026-09-30T01:10:31.04653Z,0.5000,2.00,yes
2026-09-30T01:10:31.156629Z,0.5000,0.48,yes
2026-09-30T01:10:31.233566Z,0.5000,357.48,yes
2026-09-30T01:10:31.865521Z,0.5000,29.33,yes
2026-09-30T01:10:32.275856Z,0.5000,0.38,yes
2026-09-30T01:10:32.304215Z,0.5000,9.66,yes
2026-09-30T01:10:32.71909Z,0.5000,193.22,yes
2026-09-30T01:10:32.786568Z,0.4900,339.35,no
2026-09-30T01:10:33.470964Z,0.5000,39.86,yes
2026-09-30T01:10:33.638735Z,0.5000,1.92,yes
2026-09-30T01:10:34.723919Z,0.5000,0.65,yes
2026-09-30T01:10:35.013416Z,0.5000,13.52,yes
2026-09-30T01:10:36.233245Z,0.4900,2.28,no
2026-09-30T01:10:36.293511Z,0.5000,96.61,yes
2026-09-30T01:10:37.164167Z,0.4900,339.35,no
2026-09-30T01:10:38.322942Z,0.4900,18.49,no
2026-09-30T01:10:39.641229Z,0.5000,50.00,yes
2026-09-30T01:10:39.916883Z,0.5000,48.30,yes
2026-09-30T01:10:40.041533Z,0.5000,96.60,yes
2026-09-30T01:10:41.104234Z,0.5000,43.00,yes
2026-09-30T01:10:41.254112Z,0.5000,19.96,yes
2026-09-30T01:10:41.315625Z,0.4900,255.00,no
2026-09-30T01:10:42.231337Z,0.5000,57.97,yes
2026-09-30T01:10:42.913587Z,0.5000,1.00,yes
2026-09-30T01:10:43.171165Z,0.5000,0.61,yes
2026-09-30T01:10:44.459612Z,0.5000,0.57,yes
2026-09-30T01:10:44.551926Z,0.5000,1.62,yes
2026-09-30T01:10:45.549915Z,0.5000,9.66,yes
2026-09-30T01:10:46.187444Z,0.5000,5.00,yes
2026-09-30T01:10:46.704427Z,0.5000,28.98,yes
2026-09-30T01:10:46.802947Z,0.5000,3.86,yes
2026-09-30T01:10:46.871535Z,0.4900,10.57,no
2026-09-30T01:10:47.364239Z,0.4900,49.99,no
2026-09-30T01:10:47.59001Z,0.5000,1.00,yes
2026-09-30T01:10:47.59001Z,0.5000,70.28,yes
2026-09-30T01:10:47.59001Z,0.5000,1.00,yes
2026-09-30T01:10:47.59001Z,0.5000,10.00,yes
2026-09-30T01:10:47.59001Z,0.5000,1.00,yes
2026-09-30T01:10:47.59001Z,0.5000,53.00,yes
2026-09-30T01:10:47.59001Z,0.5000,12.00,yes
2026-09-30T01:10:47.59001Z,0.5000,12.00,yes
2026-09-30T01:10:47.59001Z,0.5000,0.01,yes
2026-09-30T01:10:47.59001Z,0.5000,10.00,yes
2026-09-30T01:10:47.59001Z,0.5000,200.00,yes
2026-09-30T01:10:49.252446Z,0.5200,2.00,yes
2026-09-30T01:10:49.252446Z,0.5300,2.00,yes
2026-09-30T01:10:49.252446Z,0.5100,1.00,yes
2026-09-30T01:10:49.252446Z,0.5200,1.00,yes
2026-09-30T01:10:49.252446Z,0.5300,81.00,yes
2026-09-30T01:10:49.252446Z,0.5600,84.20,yes
2026-09-30T01:10:49.252446Z,0.5600,118.54,yes
2026-09-30T01:10:49.252446Z,0.5500,41.00,yes
2026-09-30T01:10:49.252446Z,0.5500,50.00,yes
2026-09-30T01:10:49.252446Z,0.5500,50.00,yes
2026-09-30T01:10:49.252446Z,0.5100,1.00,yes
2026-09-30T01:10:49.252446Z,0.5200,10.00,yes
2026-09-30T01:10:49.252446Z,0.5100,10.00,yes
2026-09-30T01:10:49.252446Z,0.5300,0.01,yes
2026-09-30T01:10:49.252446Z,0.5600,5.00,yes
2026-09-30T01:10:49.252446Z,0.5500,0.01,yes
2026-09-30T01:10:49.252446Z,0.5100,0.01,yes
2026-09-30T01:10:49.252446Z,0.5200,0.01,yes
2026-09-30T01:10:49.252446Z,0.5400,0.01,yes
2026-09-30T01:10:49.252446Z,0.5600,0.01,yes
2026-09-30T01:10:49.252446Z,0.5600,1.00,yes
2026-09-30T01:10:49.252446Z,0.5500,1.00,yes
2026-09-30T01:10:49.252446Z,0.5600,1.00,yes
2026-09-30T01:10:49.252446Z,0.5400,4.00,yes
2026-09-30T01:10:49.252446Z,0.5300,3.00,yes
2026-09-30T01:10:49.252446Z,0.5400,2.00,yes
2026-09-30T01:10:49.252446Z,0.5100,0.01,yes
2026-09-30T01:10:49.252446Z,0.5500,5.00,yes
2026-09-30T01:10:49.252446Z,0.5300,5.00,yes
2026-09-30T01:10:49.252446Z,0.5300,1.00,yes
2026-09-30T01:10:49.252446Z,0.5400,1.00,yes
2026-09-30T01:10:49.252446Z,0.5400,1.93,yes
2026-09-30T01:10:49.653611Z,0.5000,0.01,no
2026-09-30T01:10:49.653611Z,0.4900,1.00,no
2026-09-30T01:10:49.653611Z,0.4800,0.01,no
2026-09-30T01:10:49.653611Z,0.4800,47.29,no
2026-09-30T01:10:49.653611Z,0.4900,0.01,no
2026-09-30T01:10:50.450956Z,0.5200,0.01,yes
2026-09-30T01:10:50.934941Z,0.4400,0.01,no
2026-09-30T01:10:50.934941Z,0.4600,51.00,no
2026-09-30T01:10:50.934941Z,0.4400,0.01,no
2026-09-30T01:10:50.934941Z,0.4700,0.01,no
2026-09-30T01:10:50.934941Z,0.4500,0.01,no
2026-09-30T01:10:50.934941Z,0.4300,0.01,no
2026-09-30T01:10:50.934941Z,0.4600,0.01,no
2026-09-30T01:10:50.934941Z,0.4200,0.01,no
2026-09-30T01:10:50.934941Z,0.4200,81.93,no
2026-09-30T01:10:50.934941Z,0.4600,82.00,no
2026-09-30T01:10:50.934941Z,0.4700,1.00,no
2026-09-30T01:10:50.934941Z,0.4300,36.00,no
2026-09-30T01:10:50.934941Z,0.4500,48.00,no
2026-09-30T01:10:50.941313Z,0.4100,0.01,no
2026-09-30T01:10:50.941313Z,0.4200,75.07,no
2026-09-30T01:10:51.37831Z,0.4000,76.19,no
2026-09-30T01:10:51.37831Z,0.4000,0.01,no
2026-09-30T01:10:52.090129Z,0.4000,50.00,no
2026-09-30T01:10:52.507199Z,0.4000,1123.81,no
2026-09-30T01:10:52.507199Z,0.4000,278.00,no
2026-09-30T01:10:52.507199Z,0.3700,0.01,no
2026-09-30T01:10:52.507199Z,0.3800,0.01,no
2026-09-30T01:10:52.507199Z,0.3900,0.01,no
2026-09-30T01:10:52.516787Z,0.3200,100.00,no
2026-09-30T01:10:52.516787Z,0.3100,42.99,no
2026-09-30T01:10:52.516787Z,0.3300,42.00,no
2026-09-30T01:10:52.516787Z,0.3200,0.01,no
2026-09-30T01:10:52.516787Z,0.3300,115.00,no
2026-09-30T01:10:52.703602Z,0.3100,145.00,no
2026-09-30T01:10:52.950958Z,0.3000,51.00,no
2026-09-30T01:10:53.096845Z,0.3000,88.28,no
2026-09-30T01:10:53.64405Z,0.3100,184.63,yes
2026-09-30T01:10:54.099801Z,0.3100,25.00,yes
2026-09-30T01:10:54.822021Z,0.3000,1250.00,no
2026-09-30T01:10:55.166015Z,0.3100,40.98,yes
2026-09-30T01:10:55.610466Z,0.3000,6184.57,no
2026-09-30T01:10:55.78779Z,0.3100,76.92,yes
2026-09-30T01:10:55.859795Z,0.3000,151.92,no
2026-09-30T01:10:56.745364Z,0.3100,307.71,yes
2026-09-30T01:10:56.794847Z,0.3000,674.00,no
2026-09-30T01:10:56.905426Z,0.3100,184.63,yes
2026-09-30T01:10:57.082895Z,0.3000,24.08,no
2026-09-30T01:10:57.248222Z,0.3000,0.01,no
2026-09-30T01:10:57.450623Z,0.2900,38.96,no
2026-09-30T01:10:59.479929Z,0.3000,3.17,yes
2026-09-30T01:10:59.862123Z,0.3000,31.77,yes
2026-09-30T01:11:00.339481Z,0.3000,79.44,yes
2026-09-30T01:11:00.4058Z,0.3000,15.88,yes
2026-09-30T01:11:00.643905Z,0.3000,16.96,yes
2026-09-30T01:11:00.787928Z,0.3000,0.31,yes
2026-09-30T01:11:01.064921Z,0.3000,9.53,yes
2026-09-30T01:11:01.252021Z,0.3000,158.88,yes
2026-09-30T01:11:01.782219Z,0.3000,495.71,yes
2026-09-30T01:11:01.798423Z,0.3000,15.88,yes
2026-09-30T01:11:01.862504Z,0.3000,3.17,yes
2026-09-30T01:11:01.901348Z,0.3000,139.81,yes
2026-09-30T01:11:01.954572Z,0.3000,158.86,yes
2026-09-30T01:11:02.907179Z,0.3000,15.88,yes
2026-09-30T01:11:03.499039Z,0.3000,111.21,yes
2026-09-30T01:11:04.151202Z,0.3000,15.00,yes
2026-09-30T01:11:04.225613Z,0.3000,22.24,yes
2026-09-30T01:11:04.474528Z,0.3000,5.00,yes
2026-09-30T01:11:04.624648Z,0.3000,11.37,yes
2026-09-30T01:11:04.856739Z,0.3000,50.00,yes
2026-09-30T01:11:04.881081Z,0.3000,250.00,yes
2026-09-30T01:11:05.676102Z,0.2900,56.03,no
2026-09-30T01:11:05.778668Z,0.3000,9.53,yes
2026-09-30T01:11:06.147048Z,0.3000,9.53,yes
2026-09-30T01:11:06.652261Z,0.3000,15.88,yes
2026-09-30T01:11:06.681857Z,0.3000,271.00,yes
2026-09-30T01:11:06.892766Z,0.2900,57.12,no
2026-09-30T01:11:07.136943Z,0.3000,31.77,yes
2026-09-30T01:11:07.830914Z,0.2900,38.29,no
2026-09-30T01:11:09.051572Z,0.2900,791.34,no
2026-09-30T01:11:09.276555Z,0.3000,317.76,yes
2026-09-30T01:11:09.37995Z,0.3000,31.77,yes
2026-09-30T01:11:09.717827Z,0.3000,25.42,yes
2026-09-30T01:11:10.223724Z,0.3000,317.76,yes
2026-09-30T01:11:10.419535Z,0.3000,47.66,yes
2026-09-30T01:11:10.62565Z,0.2900,6.90,no
2026-09-30T01:11:10.810975Z,0.3000,104.48,yes
2026-09-30T01:11:11.028495Z,0.3000,5.62,yes
2026-09-30T01:11:11.506015Z,0.3000,7.94,yes
2026-09-30T01:11:11.837159Z,0.3000,187.48,yes
2026-09-30T01:11:12.130569Z,0.2900,57.97,no
2026-09-30T01:11:12.33938Z,0.3000,0.31,yes
2026-09-30T01:11:12.343534Z,0.3000,31.77,yes
2026-09-30T01:11:12.765239Z,0.3000,31.77,yes
2026-09-30T01:11:13.154885Z,0.3000,9.53,yes
2026-09-30T01:11:13.508625Z,0.2900,7.85,no
2026-09-30T01:11:13.750046Z,0.3000,5.00,yes
2026-09-30T01:11:13.781711Z,0.2900,318.00,no
2026-09-30T01:11:14.075474Z,0.2900,30.92,no
2026-09-30T01:11:14.262157Z,0.3000,31.77,yes
2026-09-30T01:11:14.730692Z,0.3000,31.77,yes
2026-09-30T01:11:14.891245Z,0.2900,96.32,no
2026-09-30T01:11:14.950015Z,0.2900,67.68,no
2026-09-30T01:11:14.985208Z,0.3000,158.88,yes
2026-09-30T01:11:15.314428Z,0.2900,85.00,no
2026-09-30T01:11:15.542761Z,0.2900,36.78,no
2026-09-30T01:11:16.091555Z,0.3000,33.00,yes
2026-09-30T01:11:16.091555Z,0.3000,500.00,yes
2026-09-30T01:11:16.091555Z,0.3100,51.00,yes
2026-09-30T01:11:16.091555Z,0.3200,4.00,yes
2026-09-30T01:11:16.091555Z,0.3200,11.21,yes
2026-09-30T01:11:16.091555Z,0.3100,1.00,yes
2026-09-30T01:11:16.091555Z,0.3100,20.00,yes
2026-09-30T01:11:16.091555Z,0.3100,1.00,yes
2026-09-30T01:11:16.091555Z,0.3000,2.00,yes
2026-09-30T01:11:16.091555Z,0.3000,161.00,yes
2026-09-30T01:11:16.091555Z,0.3000,5.00,yes
2026-09-30T01:11:16.091555Z,0.3100,1.00,yes
2026-09-30T01:11:16.091555Z,0.3000,78.00,yes
2026-09-30T01:11:16.091555Z,0.3000,15.00,yes
2026-09-30T01:11:16.091555Z,0.3000,1.00,yes
2026-09-30T01:11:16.091555Z,0.3000,10.00,yes
2026-09-30T01:11:16.091555Z,0.3000,1.00,yes
2026-09-30T01:11:16.091555Z,0.3000,28.00,yes
2026-09-30T01:11:16.091555Z,0.3000,10.00,yes
2026-09-30T01:11:16.091555Z,0.3000,1.00,yes
2026-09-30T01:11:16.825143Z,0.2800,0.01,no
2026-09-30T01:11:16.825143Z,0.2700,0.01,no
2026-09-30T01:11:16.825143Z,0.2900,0.01,no
2026-09-30T01:11:16.825143Z,0.2700,33.25,no
2026-09-30T01:11:16.825143Z,0.2900,37.00,no
2026-09-30T01:11:16.850378Z,0.3000,9.23,yes
2026-09-30T01:11:17.061236Z,0.2800,8.00,yes
2026-09-30T01:11:17.127041Z,0.2800,72.00,yes
2026-09-30T01:11:17.127041Z,0.2800,0.01,yes
2026-09-30T01:11:17.127041Z,0.2800,6.99,yes
2026-09-30T01:11:17.21699Z,0.2800,3.01,yes
2026-09-30T01:11:17.21699Z,0.2800,0.01,yes
2026-09-30T01:11:17.21699Z,0.2800,8.00,yes
2026-09-30T01:11:17.21699Z,0.2800,52.53,yes
2026-09-30T01:11:17.233217Z,0.2900,4.78,yes
2026-09-30T01:11:17.233217Z,0.2800,1.00,yes
2026-09-30T01:11:17.233217Z,0.2800,19.47,yes
2026-09-30T01:11:17.233217Z,0.2800,60.53,yes
2026-09-30T01:11:17.233217Z,0.2800,0.01,yes
2026-09-30T01:11:17.373444Z,0.2800,18.00,yes
2026-09-30T01:11:17.574483Z,0.2800,10.00,yes
2026-09-30T01:11:17.574483Z,0.2800,14.00,yes
2026-09-30T01:11:17.574483Z,0.2800,2.00,yes
2026-09-30T01:11:17.626425Z,0.2800,0.01,yes
2026-09-30T01:11:17.627712Z,0.3000,57.99,yes
2026-09-30T01:11:17.627712Z,0.2900,20.00,yes
2026-09-30T01:11:17.627712Z,0.2900,0.01,yes
2026-09-30T01:11:18.135903Z,0.3000,5.00,yes
2026-09-30T01:11:18.278164Z,0.3000,1.90,yes
2026-09-30T01:11:18.285076Z,0.3000,300.00,yes
2026-09-30T01:11:18.626119Z,0.3000,2.00,yes
2026-09-30T01:11:18.631343Z,0.3000,22.97,yes
2026-09-30T01:11:18.706157Z,0.3000,23.48,yes
2026-09-30T01:11:19.225636Z,0.2900,19.00,yes
2026-09-30T01:11:19.279497Z,0.2700,0.56,no
2026-09-30T01:11:19.279497Z,0.2700,0.01,no
2026-09-30T01:11:19.417687Z,0.2900,52.56,yes
2026-09-30T01:11:19.541038Z,0.2900,10.00,yes
2026-09-30T01:11:19.800472Z,0.2900,67.66,yes
2026-09-30T01:11:19.800472Z,0.2900,11.00,yes
2026-09-30T01:11:19.800472Z,0.3000,81.17,yes
2026-09-30T01:11:20.203997Z,0.3000,31.14,yes
2026-09-30T01:11:20.317596Z,0.3000,18.00,yes
2026-09-30T01:11:20.545533Z,0.3500,25.00,yes
2026-09-30T01:11:20.545533Z,0.4300,25.00,yes
2026-09-30T01:11:20.545533Z,0.3500,5.00,yes
2026-09-30T01:11:20.545533Z,0.3300,0.01,yes
2026-09-30T01:11:20.545533Z,0.3200,8.79,yes
2026-09-30T01:11:20.545533Z,0.3700,20.00,yes
2026-09-30T01:11:20.545533Z,0.3300,20.00,yes
2026-09-30T01:11:20.545533Z,0.3500,20.00,yes
2026-09-30T01:11:20.545533Z,0.3600,20.00,yes
2026-09-30T01:11:20.545533Z,0.3400,20.00,yes
2026-09-30T01:11:20.545533Z,0.3500,0.01,yes
2026-09-30T01:11:20.545533Z,0.3800,20.00,yes
2026-09-30T01:11:20.545533Z,0.4400,4.00,yes
2026-09-30T01:11:20.545533Z,0.4000,25.00,yes
2026-09-30T01:11:20.545533Z,0.3700,4.00,yes
2026-09-30T01:11:20.545533Z,0.3200,0.01,yes
2026-09-30T01:11:20.545533Z,0.3400,0.01,yes
2026-09-30T01:11:20.545533Z,0.3600,5.00,yes
2026-09-30T01:11:20.545533Z,0.3800,1.00,yes
2026-09-30T01:11:20.545533Z,0.3800,1.00,yes
2026-09-30T01:11:20.545533Z,0.3100,0.01,yes
2026-09-30T01:11:20.545533Z,0.3100,0.01,yes
2026-09-30T01:11:20.545533Z,0.3000,47.12,yes
2026-09-30T01:11:20.545533Z,0.3200,11.00,yes
2026-09-30T01:11:20.545533Z,0.3100,25.00,yes
2026-09-30T01:11:20.545533Z,0.3500,135.00,yes
2026-09-30T01:11:20.545533Z,0.3400,100.00,yes
2026-09-30T01:11:20.545533Z,0.4000,150.00,yes
2026-09-30T01:11:20.545533Z,0.3800,150.00,yes
2026-09-30T01:11:20.545533Z,0.3100,28.96,yes
2026-09-30T01:11:20.545533Z,0.3900,7.00,yes
2026-09-30T01:11:20.545533Z,0.3000,7.00,yes
2026-09-30T01:11:20.545533Z,0.3000,2.00,yes
2026-09-30T01:11:20.545533Z,0.3200,44.00,yes
2026-09-30T01:11:20.545533Z,0.3000,1.00,yes
2026-09-30T01:11:20.545533Z,0.3400,3.00,yes
2026-09-30T01:11:20.545533Z,0.3100,10.00,yes
2026-09-30T01:11:20.545533Z,0.3300,2.00,yes
2026-09-30T01:11:20.545533Z,0.3300,10.00,yes
2026-09-30T01:11:20.545533Z,0.3200,4.00,yes
2026-09-30T01:11:20.545533Z,0.3000,5.00,yes
2026-09-30T01:11:20.545533Z,0.3100,7.00,yes
2026-09-30T01:11:20.545533Z,0.3100,10.00,yes
2026-09-30T01:11:20.545533Z,0.3900,1.00,yes
2026-09-30T01:11:20.545533Z,0.3600,73.82,yes
2026-09-30T01:11:20.545533Z,0.4000,148.00,yes
2026-09-30T01:11:20.545533Z,0.3500,156.00,yes
2026-09-30T01:11:20.545533Z,0.3400,3.17,yes
2026-09-30T01:11:20.545533Z,0.4300,15.00,yes
2026-09-30T01:11:20.554217Z,0.4700,1.00,yes
2026-09-30T01:11:20.554217Z,0.4700,2.00,yes
2026-09-30T01:11:20.554217Z,0.4500,0.01,yes
2026-09-30T01:11:20.554217Z,0.4600,36.22,yes
2026-09-30T01:11:20.554217Z,0.4700,17.77,yes
2026-09-30T01:11:20.569731Z,0.4600,1.00,yes
2026-09-30T01:11:20.569731Z,0.4700,56.00,yes
2026-09-30T01:11:20.61418Z,0.4600,5.00,yes
2026-09-30T01:11:20.669528Z,0.4900,3.00,yes
2026-09-30T01:11:20.669528Z,0.4900,116.00,yes
2026-09-30T01:11:20.669528Z,0.4900,55.00,yes
2026-09-30T01:11:20.669528Z,0.4800,4.00,yes
2026-09-30T01:11:20.669528Z,0.4700,3.00,yes
2026-09-30T01:11:20.669528Z,0.4900,1.00,yes
2026-09-30T01:11:20.669528Z,0.4900,36.21,yes
2026-09-30T01:11:20.669528Z,0.4700,26.23,yes
2026-09-30T01:11:21.162002Z,0.5000,1.00,yes
2026-09-30T01:11:21.162002Z,0.5000,22.18,yes
2026-09-30T01:11:21.256005Z,0.5000,9.66,yes
2026-09-30T01:11:21.704122Z,0.5000,32.85,yes
2026-09-30T01:11:22.154841Z,0.4900,31.77,no
2026-09-30T01:11:22.424115Z,0.4900,25.00,no
2026-09-30T01:11:22.66138Z,0.5000,75.36,yes
2026-09-30T01:11:22.727619Z,0.5000,1.10,yes
2026-09-30T01:11:22.735737Z,0.4900,158.88,no
2026-09-30T01:11:22.875956Z,0.5000,9.66,yes
2026-09-30T01:11:22.926198Z,0.4900,676.85,no
2026-09-30T01:11:23.039129Z,0.4900,76.00,no
2026-09-30T01:11:23.118617Z,0.4900,187.48,no
2026-09-30T01:11:23.185699Z,0.4900,109.63,no
2026-09-30T01:11:23.185699Z,0.4900,824.58,no
2026-09-30T01:11:23.259183Z,0.4900,656.93,no
2026-09-30T01:11:23.343192Z,0.5000,193.23,yes
2026-09-30T01:11:23.380017Z,0.5000,23.18,yes
2026-09-30T01:11:23.517155Z,0.4900,9.53,no
2026-09-30T01:11:23.619889Z,0.4900,31.77,no
2026-09-30T01:11:23.724492Z,0.4900,273.28,no
2026-09-30T01:11:23.735025Z,0.4900,317.76,no
2026-09-30T01:11:23.845013Z,0.5000,9.66,yes
2026-09-30T01:11:23.902555Z,0.4900,0.31,no
2026-09-30T01:11:24.759992Z,0.4900,184.63,no
2026-09-30T01:11:24.840505Z,0.5000,19.32,yes
2026-09-30T01:11:24.934279Z,0.4900,31.77,no
2026-09-30T01:11:25.016064Z,0.4900,52.56,no
2026-09-30T01:11:25.259126Z,0.5000,3.86,yes
2026-09-30T01:11:26.150183Z,0.4900,34.87,no
2026-09-30T01:11:26.285134Z,0.4900,51.89,no
2026-09-30T01:11:26.324225Z,0.5000,5.79,yes
2026-09-30T01:11:26.53348Z,0.4900,184.63,no
2026-09-30T01:11:26.654415Z,0.4900,165.86,no
2026-09-30T01:11:26.973798Z,0.4900,16.00,no
2026-09-30T01:11:27.322564Z,0.4900,63.55,no
2026-09-30T01:11:27.726256Z,0.4900,3.83,no
2026-09-30T01:11:27.772594Z,0.4900,36.20,no
2026-09-30T01:11:27.772594Z,0.4900,157.93,no
2026-09-30T01:11:27.98285Z,0.4900,79.44,no
2026-09-30T01:11:29.37266Z,0.4900,67.35,no
2026-09-30T01:11:30.444557Z,0.4900,31.77,no
2026-09-30T01:11:30.690106Z,0.4900,9.53,no
2026-09-30T01:11:31.616618Z,0.5000,19.32,yes
2026-09-30T01:11:31.662918Z,0.4900,6.15,no
2026-09-30T01:11:32.422633Z,0.4900,104.48,no
2026-09-30T01:11:33.123649Z,0.4900,3.17,no
2026-09-30T01:11:34.005089Z,0.4900,2.97,no
2026-09-30T01:11:34.712204Z,0.5000,1.93,yes
2026-09-30T01:11:34.959755Z,0.4900,70.28,no
2026-09-30T01:11:35.755705Z,0.5000,19.32,yes
2026-09-30T01:11:35.862773Z,0.5000,41.00,yes
2026-09-30T01:11:35.862773Z,0.5000,5.00,yes
2026-09-30T01:11:35.862773Z,0.5000,0.01,yes
2026-09-30T01:11:35.862773Z,0.5000,100.00,yes
2026-09-30T01:11:35.862773Z,0.5000,37.68,yes
2026-09-30T01:11:35.862773Z,0.5000,9.53,yes
2026-09-30T01:11:35.862773Z,0.5000,0.01,yes
2026-09-30T01:11:35.975704Z,0.5000,2.58,yes
2026-09-30T01:11:36.415823Z,0.5000,16.61,yes
2026-09-30T01:11:36.415823Z,0.5000,0.39,yes
2026-09-30T01:11:36.557285Z,0.5000,28.98,yes
2026-09-30T01:11:37.273405Z,0.4700,0.01,no
2026-09-30T01:11:37.273405Z,0.4800,0.01,no
2026-09-30T01:11:37.273405Z,0.4900,0.01,no
2026-09-30T01:11:37.273405Z,0.4700,6.36,no
2026-09-30T01:11:37.637058Z,0.4500,0.01,no
2026-09-30T01:11:37.637058Z,0.4600,0.01,no
2026-09-30T01:11:38.145942Z,0.4500,5.00,yes
2026-09-30T01:11:38.241645Z,0.4500,42.79,yes
2026-09-30T01:11:39.973002Z,0.4500,96.29,yes
2026-09-30T01:11:40.402419Z,0.4500,10.69,yes
2026-09-30T01:11:40.789085Z,0.4500,0.55,yes
2026-09-30T01:11:41.964839Z,0.4500,106.99,yes
2026-09-30T01:11:42.117992Z,0.4500,10.69,yes
2026-09-30T01:11:42.964216Z,0.4600,21.89,yes
2026-09-30T01:11:42.964216Z,0.4500,10.00,yes
2026-09-30T01:11:42.964216Z,0.4500,0.01,yes
2026-09-30T01:11:42.964216Z,0.4600,0.01,yes
2026-09-30T01:11:42.964216Z,0.4500,0.01,yes
2026-09-30T01:11:42.964216Z,0.4600,0.01,yes
2026-09-30T01:11:42.964216Z,0.4500,10.00,yes
2026-09-30T01:11:44.064774Z,0.4500,2.00,yes
2026-09-30T01:11:44.064774Z,0.4500,1.00,yes
2026-09-30T01:11:44.064774Z,0.4500,7.69,yes
2026-09-30T01:11:44.165009Z,0.4100,0.01,no
2026-09-30T01:11:44.165009Z,0.4300,0.01,no
2026-09-30T01:11:44.165009Z,0.4400,0.01,no
2026-09-30T01:11:44.165009Z,0.4200,0.01,no
2026-09-30T01:11:44.165009Z,0.4400,0.01,no
2026-09-30T01:11:44.165009Z,0.4100,2.28,no
2026-09-30T01:11:44.330496Z,0.4500,4.26,yes
2026-09-30T01:11:45.096122Z,0.4500,2.64,yes
2026-09-30T01:11:45.096122Z,0.4500,8.05,yes
2026-09-30T01:11:45.942058Z,0.4500,4.36,yes
2026-09-30T01:11:45.942058Z,0.4500,17.03,yes
2026-09-30T01:11:46.871819Z,0.4600,1.00,yes
2026-09-30T01:11:46.871819Z,0.4500,4.00,yes
2026-09-30T01:11:46.871819Z,0.4500,8.00,yes
2026-09-30T01:11:46.871819Z,0.4500,11.00,yes
2026-09-30T01:11:46.871819Z,0.4500,0.01,yes
2026-09-30T01:11:46.871819Z,0.4600,9.64,yes
2026-09-30T01:11:46.871819Z,0.4500,7.97,yes
2026-09-30T01:11:46.871819Z,0.4600,1.00,yes
2026-09-30T01:11:46.871819Z,0.4500,1.00,yes
2026-09-30T01:11:46.871819Z,0.4600,5.00,yes
2026-09-30T01:11:46.871819Z,0.4600,0.01,yes
2026-09-30T01:11:46.871819Z,0.4600,0.01,yes
2026-09-30T01:11:47.306683Z,0.4500,20.00,yes
2026-09-30T01:11:47.306683Z,0.4500,1.00,yes
2026-09-30T01:11:47.306683Z,0.4600,31.83,yes
2026-09-30T01:11:47.43037Z,0.4600,31.83,yes
2026-09-30T01:11:47.43037Z,0.4600,1.00,yes
2026-09-30T01:11:47.43037Z,0.4600,2.00,yes
2026-09-30T01:11:47.43037Z,0.4600,5.00,yes
2026-09-30T01:11:47.43037Z,0.4600,9.64,yes
2026-09-30T01:11:47.43037Z,0.4600,18.00,yes
2026-09-30T01:11:47.43037Z,0.4900,40.00,yes
2026-09-30T01:11:47.43037Z,0.4700,9.00,yes
2026-09-30T01:11:47.43037Z,0.4800,41.00,yes
2026-09-30T01:11:47.43037Z,0.4500,1.00,yes
2026-09-30T01:11:47.43037Z,0.4600,32.53,yes
2026-09-30T01:11:47.43037Z,0.4900,20.00,yes
2026-09-30T01:11:47.43037Z,0.4800,20.00,yes
2026-09-30T01:11:47.43037Z,0.4800,10.00,yes
2026-09-30T01:11:47.43037Z,0.4700,19.00,yes
2026-09-30T01:11:47.43037Z,0.4900,41.00,yes
2026-09-30T01:11:47.43037Z,0.4900,0.01,yes
2026-09-30T01:11:47.43037Z,0.4700,0.01,yes
2026-09-30T01:11:47.43037Z,0.4800,0.01,yes
2026-09-30T01:11:47.43037Z,0.4900,25.00,yes
2026-09-30T01:11:47.43037Z,0.4900,0.01,yes
2026-09-30T01:11:47.43037Z,0.4800,0.01,yes
2026-09-30T01:11:47.43037Z,0.4700,0.01,yes
2026-09-30T01:11:47.43037Z,0.5000,64.63,yes
2026-09-30T01:11:48.170321Z,0.4800,1.00,yes
2026-09-30T01:11:48.170321Z,0.4800,1.00,yes
2026-09-30T01:11:48.170321Z,0.4800,27.35,yes
2026-09-30T01:11:48.170321Z,0.4800,20.00,yes
2026-09-30T01:11:49.026521Z,0.4700,5.00,yes
2026-09-30T01:11:49.026521Z,0.4900,14.70,yes
2026-09-30T01:11:49.731268Z,0.4800,9.00,yes
2026-09-30T01:11:49.731268Z,0.4800,6.00,yes
2026-09-30T01:11:49.731268Z,0.4700,0.01,yes
2026-09-30T01:11:49.731268Z,0.4900,1.00,yes
2026-09-30T01:11:49.731268Z,0.4900,10.30,yes
2026-09-30T01:11:49.731268Z,0.4900,2.95,yes
2026-09-30T01:11:49.731268Z,0.4900,20.00,yes
2026-09-30T01:11:50.654734Z,0.4500,32.85,no
2026-09-30T01:11:50.866914Z,0.4900,1.00,yes
2026-09-30T01:11:50.866914Z,0.4900,1.00,yes
2026-09-30T01:11:50.866914Z,0.4900,17.70,yes
2026-09-30T01:11:50.99215Z,0.4400,0.01,no
2026-09-30T01:11:50.99215Z,0.4000,1.00,no
2026-09-30T01:11:50.99215Z,0.4200,10.00,no
2026-09-30T01:11:50.99215Z,0.3600,30.15,no
2026-09-30T01:11:50.99215Z,0.4500,67.15,no
2026-09-30T01:11:50.99215Z,0.3600,1.00,no
2026-09-30T01:11:50.99215Z,0.4300,9.00,no
2026-09-30T01:11:50.99215Z,0.4300,0.01,no
2026-09-30T01:11:50.99215Z,0.4000,0.01,no
2026-09-30T01:11:50.99215Z,0.3900,0.01,no
2026-09-30T01:11:50.99215Z,0.3800,0.01,no
2026-09-30T01:11:50.99215Z,0.3700,0.01,no
2026-09-30T01:11:50.99215Z,0.3600,0.01,no
2026-09-30T01:11:51.423053Z,0.5500,75.52,yes
2026-09-30T01:11:51.423053Z,0.5200,40.00,yes
2026-09-30T01:11:51.423053Z,0.4900,12.00,yes
2026-09-30T01:11:51.423053Z,0.4900,7.30,yes
2026-09-30T01:11:51.423053Z,0.4900,1.00,yes
2026-09-30T01:11:51.423053Z,0.5100,29.00,yes
2026-09-30T01:11:51.423053Z,0.4900,4.00,yes
2026-09-30T01:11:51.423053Z,0.5100,0.01,yes
2026-09-30T01:11:51.423053Z,0.5500,0.01,yes
2026-09-30T01:11:51.423053Z,0.5500,0.01,yes
2026-09-30T01:11:51.423053Z,0.5400,0.01,yes
2026-09-30T01:11:51.423053Z,0.5400,0.01,yes
2026-09-30T01:11:51.423053Z,0.5200,0.01,yes
2026-09-30T01:11:51.423053Z,0.5200,0.01,yes
2026-09-30T01:11:51.423053Z,0.5300,0.01,yes
2026-09-30T01:11:51.423053Z,0.5000,0.01,yes
2026-09-30T01:11:51.423053Z,0.5000,389.78,yes
2026-09-30T01:11:51.423053Z,0.5000,0.01,yes
2026-09-30T01:11:51.423053Z,0.5100,0.01,yes
2026-09-30T01:11:51.423053Z,0.5300,0.01,yes
2026-09-30T01:11:51.75844Z,0.4900,6.22,yes
2026-09-30T01:11:51.75844Z,0.4900,1.00,yes
2026-09-30T01:11:52.103873Z,0.4900,9.78,yes
2026-09-30T01:11:52.103873Z,0.4900,6.08,yes
2026-09-30T01:11:52.131682Z,0.4900,5.91,yes
2026-09-30T01:11:52.51945Z,0.4900,3.90,yes
2026-09-30T01:11:52.941036Z,0.4700,0.02,yes
2026-09-30T01:11:53.99471Z,0.5100,1.00,yes
2026-09-30T01:11:53.99471Z,0.5300,0.01,yes
2026-09-30T01:11:53.99471Z,0.5100,0.01,yes
2026-09-30T01:11:53.99471Z,0.5100,2.00,yes
2026-09-30T01:11:53.99471Z,0.5000,0.01,yes
2026-09-30T01:11:53.99471Z,0.5200,0.01,yes
2026-09-30T01:11:53.99471Z,0.4900,5.00,yes
2026-09-30T01:11:53.99471Z,0.5400,0.01,yes
2026-09-30T01:11:53.99471Z,0.5200,25.00,yes
2026-09-30T01:11:53.99471Z,0.4900,9.11,yes
2026-09-30T01:11:53.99471Z,0.5500,22.00,yes
2026-09-30T01:11:53.99471Z,0.5500,0.01,yes
2026-09-30T01:11:53.99471Z,0.4700,3.98,yes
2026-09-30T01:11:53.99471Z,0.5500,5.00,yes
2026-09-30T01:11:53.99471Z,0.5200,6.00,yes
2026-09-30T01:11:53.99471Z,0.5700,21.00,yes
2026-09-30T01:11:53.99471Z,0.6000,0.01,yes
2026-09-30T01:11:53.99471Z,0.6000,0.01,yes
2026-09-30T01:11:53.99471Z,0.6100,0.01,yes
2026-09-30T01:11:53.99471Z,0.5600,0.01,yes
2026-09-30T01:11:53.99471Z,0.6100,1.00,yes
2026-09-30T01:11:53.99471Z,0.5600,0.01,yes
2026-09-30T01:11:53.99471Z,0.5900,9.66,yes
2026-09-30T01:11:53.99471Z,0.6400,2.34,yes
2026-09-30T01:11:53.99471Z,0.5700,0.01,yes
2026-09-30T01:11:53.99471Z,0.5900,0.01,yes
2026-09-30T01:11:53.99471Z,0.5800,0.01,yes
2026-09-30T01:11:53.99471Z,0.5900,0.01,yes
2026-09-30T01:11:53.99471Z,0.5800,0.01,yes
2026-09-30T01:11:53.99471Z,0.5700,0.01,yes
2026-09-30T01:11:53.99471Z,0.6000,37.00,yes
2026-09-30T01:11:55.094432Z,0.4900,1.00,yes
2026-09-30T01:11:55.506086Z,0.4800,1.79,yes
2026-09-30T01:11:56.081981Z,0.4800,1.00,yes
2026-09-30T01:11:56.081981Z,0.4800,4.00,yes
2026-09-30T01:11:56.222991Z,0.4900,1.00,yes
2026-09-30T01:11:56.222991Z,0.5000,68.19,yes
2026-09-30T01:11:56.222991Z,0.4800,75.00,yes
2026-09-30T01:11:56.222991Z,0.4900,17.00,yes
2026-09-30T01:11:56.222991Z,0.4900,4.00,yes
2026-09-30T01:11:56.222991Z,0.4900,25.00,yes
2026-09-30T01:11:56.222991Z,0.4900,3.21,yes
2026-09-30T01:11:56.222991Z,0.5000,0.01,yes
2026-09-30T01:11:56.222991Z,0.5000,2.00,yes
2026-09-30T01:11:56.222991Z,0.4900,0.01,yes
2026-09-30T01:11:58.030724Z,0.5200,0.01,yes
2026-09-30T01:11:58.030724Z,0.5200,8.29,yes
2026-09-30T01:11:58.030724Z,0.5100,1.00,yes
2026-09-30T01:11:58.10643Z,0.5200,16.71,yes
2026-09-30T01:11:58.116724Z,0.5300,0.01,yes
2026-09-30T01:11:58.116724Z,0.5500,2.30,yes
2026-09-30T01:11:58.116724Z,0.5400,0.01,yes
2026-09-30T01:11:58.116724Z,0.5400,15.00,yes
2026-09-30T01:11:58.116724Z,0.5300,15.00,yes
2026-09-30T01:11:58.116724Z,0.5300,2.00,yes
2026-09-30T01:11:58.146659Z,0.4500,31.14,no
2026-09-30T01:11:58.761675Z,0.5800,0.01,yes
2026-09-30T01:11:58.761675Z,0.5400,1.00,yes
2026-09-30T01:11:58.761675Z,0.5500,0.01,yes
2026-09-30T01:11:58.761675Z,0.5500,1.70,yes
2026-09-30T01:11:58.761675Z,0.5400,5.00,yes
2026-09-30T01:11:58.761675Z,0.5400,41.00,yes
2026-09-30T01:11:58.761675Z,0.5700,17.00,yes
2026-09-30T01:11:58.761675Z,0.5600,0.01,yes
2026-09-30T01:11:58.761675Z,0.6000,0.01,yes
2026-09-30T01:11:58.761675Z,0.5700,0.01,yes
2026-09-30T01:11:58.761675Z,0.5800,0.01,yes
2026-09-30T01:11:58.761675Z,0.5900,0.01,yes
2026-09-30T01:11:58.761675Z,0.6000,2.00,yes
2026-09-30T01:11:58.761675Z,0.6000,1.00,yes
2026-09-30T01:11:58.761675Z,0.6100,12.00,yes
2026-09-30T01:11:58.761675Z,0.5700,61.00,yes
2026-09-30T01:11:58.761675Z,0.5800,15.00,yes
2026-09-30T01:11:58.761675Z,0.5900,15.00,yes
2026-09-30T01:11:58.761675Z,0.5600,16.00,yes
2026-09-30T01:11:58.761675Z,0.6100,8.00,yes
2026-09-30T01:11:58.761675Z,0.5700,2.00,yes
2026-09-30T01:11:58.761675Z,0.5400,81.00,yes
2026-09-30T01:11:58.761675Z,0.6000,15.00,yes
2026-09-30T01:11:58.761675Z,0.5500,25.00,yes
2026-09-30T01:11:58.761675Z,0.5500,19.00,yes
2026-09-30T01:11:58.761675Z,0.6100,25.00,yes
2026-09-30T01:11:58.761675Z,0.6000,7.00,yes
2026-09-30T01:11:58.761675Z,0.5600,3.00,yes
2026-09-30T01:11:58.761675Z,0.5600,50.00,yes
2026-09-30T01:11:58.769945Z,0.6100,0.01,no
2026-09-30T01:11:58.774476Z,0.6100,6.00,no
2026-09-30T01:11:58.779299Z,0.6100,3.00,no
2026-09-30T01:11:58.810731Z,0.6100,25.00,no
2026-09-30T01:11:58.818374Z,0.6100,25.00,no
2026-09-30T01:11:58.96597Z,0.6200,0.01,yes
2026-09-30T01:11:58.96597Z,0.6300,4.95,yes
2026-09-30T01:11:58.975211Z,0.6300,5.05,yes
2026-09-30T01:11:58.975211Z,0.6400,7.93,yes
2026-09-30T01:11:59.077944Z,0.6400,6.00,yes
2026-09-30T01:11:59.66128Z,0.6600,1.00,yes
2026-09-30T01:11:59.66128Z,0.6400,0.01,yes
2026-09-30T01:11:59.66128Z,0.6600,1.00,yes
2026-09-30T01:11:59.66128Z,0.6500,1.00,yes
2026-09-30T01:11:59.66128Z,0.6700,25.98,yes
2026-09-30T01:11:59.66128Z,0.6700,5.00,yes
2026-09-30T01:11:59.66128Z,0.6500,10.05,yes
2026-09-30T01:11:59.885Z,0.6100,15.16,no
2026-09-30T01:12:00.566805Z,0.6100,10.49,no
2026-09-30T01:12:00.723332Z,0.6700,60.00,yes
2026-09-30T01:12:00.723332Z,0.6700,5.00,yes
2026-09-30T01:12:00.723332Z,0.6700,1.00,yes
2026-09-30T01:12:00.741421Z,0.6800,1.00,yes
2026-09-30T01:12:00.741421Z,0.6800,1.00,yes
2026-09-30T01:12:00.778951Z,0.6900,2154.00,yes
2026-09-30T01:12:00.778951Z,0.6900,1.00,yes
2026-09-30T01:12:00.778951Z,0.6900,1.00,yes
2026-09-30T01:12:00.779246Z,0.6900,2156.00,yes
2026-09-30T01:12:00.779361Z,0.6900,2156.00,yes
2026-09-30T01:12:00.779367Z,0.6900,2156.00,yes
2026-09-30T01:12:00.779367Z,0.6900,2156.00,yes
2026-09-30T01:12:00.779404Z,0.6900,552.00,yes
2026-09-30T01:12:00.87142Z,0.7000,1.00,yes
2026-09-30T01:12:00.87142Z,0.7000,4.00,yes
2026-09-30T01:12:01.017508Z,0.7000,19.32,no
2026-09-30T01:12:01.126378Z,0.7000,45.12,no
2026-09-30T01:12:01.752361Z,0.7000,76.48,no
2026-09-30T01:12:02.082678Z,0.7000,112.80,no
2026-09-30T01:12:02.411459Z,0.7000,31.00,no
2026-09-30T01:12:02.608943Z,0.7000,18.95,no
2026-09-30T01:12:02.930316Z,0.7000,77.29,no
2026-09-30T01:12:03.123841Z,0.7000,22.56,no
2026-09-30T01:12:03.216073Z,0.7000,56.80,no
2026-09-30T01:12:03.39614Z,0.7000,902.47,no
2026-09-30T01:12:03.448124Z,0.7000,29.31,no
2026-09-30T01:12:03.469829Z,0.7100,20.70,yes
2026-09-30T01:12:03.492151Z,0.7000,22.43,no
2026-09-30T01:12:03.717464Z,0.7000,15.88,no
2026-09-30T01:12:03.842778Z,0.7000,120.00,no
2026-09-30T01:12:04.0953Z,0.7000,111.21,no
2026-09-30T01:12:04.297141Z,0.7000,68.14,no
2026-09-30T01:12:04.45898Z,0.7000,207.96,no
2026-09-30T01:12:04.763023Z,0.7000,67.84,no
2026-09-30T01:12:04.763023Z,0.7000,213.28,no
2026-09-30T01:12:04.82141Z,0.7100,0.63,yes
2026-09-30T01:12:05.005563Z,0.7000,76.92,no
2026-09-30T01:12:05.25907Z,0.7100,12.42,yes
2026-09-30T01:12:05.313987Z,0.7000,19.32,no
2026-09-30T01:12:05.566009Z,0.7100,19.32,yes
2026-09-30T01:12:05.710431Z,0.7000,19.00,no
2026-09-30T01:12:06.112728Z,0.7000,34.32,no
2026-09-30T01:12:06.136807Z,0.7000,10.25,no
2026-09-30T01:12:06.137502Z,0.7000,86.89,no
2026-09-30T01:12:06.148417Z,0.7000,2.00,no
2026-09-30T01:12:06.15938Z,0.7000,61.81,no
2026-09-30T01:12:06.243228Z,0.7000,361.21,no
2026-09-30T01:12:06.351186Z,0.7000,31.77,no
2026-09-30T01:12:06.840627Z,0.7000,54.14,no
2026-09-30T01:12:06.901949Z,0.7000,7.22,no
2026-09-30T01:12:06.987622Z,0.7000,1232.27,no
2026-09-30T01:12:07.019796Z,0.7000,299.65,no
2026-09-30T01:12:07.019796Z,0.7000,91.04,no
2026-09-30T01:12:07.130187Z,0.7000,22.56,no
2026-09-30T01:12:07.301414Z,0.7000,124.71,no
2026-09-30T01:12:07.414343Z,0.7000,25.42,no
2026-09-30T01:12:07.425446Z,0.7000,9.53,no
2026-09-30T01:12:07.756539Z,0.7100,136.00,yes
2026-09-30T01:12:08.080127Z,0.7000,158.88,no
2026-09-30T01:12:08.128567Z,0.7000,88.44,no
2026-09-30T01:12:08.13983Z,0.7000,159.83,no
2026-09-30T01:12:08.262317Z,0.7000,10.69,no
2026-09-30T01:12:08.403993Z,0.7000,18.28,no
2026-09-30T01:12:08.415662Z,0.7000,11.37,no
2026-09-30T01:12:08.476941Z,0.7000,175.49,no
2026-09-30T01:12:08.99245Z,0.7100,1027.00,yes
2026-09-30T01:12:09.130179Z,0.7000,4.51,no
2026-09-30T01:12:09.207376Z,0.7000,11.70,no
2026-09-30T01:12:09.382504Z,0.7000,337.68,no
2026-09-30T01:12:09.382504Z,0.7000,1034.94,no
2026-09-30T01:12:09.854067Z,0.7000,59.11,no
2026-09-30T01:12:10.204488Z,0.7000,112.80,no
2026-09-30T01:12:10.485917Z,0.7000,195.42,no
2026-09-30T01:12:10.637997Z,0.7100,2.00,yes
2026-09-30T01:12:10.698286Z,0.7100,1.43,yes
2026-09-30T01:12:10.724854Z,0.7000,40.21,no
2026-09-30T01:12:10.846533Z,0.7000,239.07,no
2026-09-30T01:12:11.029418Z,0.7000,9.89,no
2026-09-30T01:12:11.033357Z,0.7000,127.10,no
2026-09-30T01:12:11.280278Z,0.7100,13.80,yes
2026-09-30T01:12:11.485654Z,0.7000,19.32,no
2026-09-30T01:12:11.555603Z,0.7000,1100.27,no
2026-09-30T01:12:11.555603Z,0.7000,1015.40,no
2026-09-30T01:12:11.60357Z,0.7000,15.88,no
2026-09-30T01:12:11.685074Z,0.7000,1.93,no
2026-09-30T01:12:11.708121Z,0.7000,105.40,no
2026-09-30T01:12:11.716322Z,0.7000,45.12,no
2026-09-30T01:12:11.890982Z,0.7000,14.05,no
2026-09-30T01:12:12.187504Z,0.7000,10.69,no
2026-09-30T01:12:12.765529Z,0.7000,16.08,no
2026-09-30T01:12:12.903846Z,0.7000,145.88,no
2026-09-30T01:12:13.154377Z,0.7000,52.83,no
2026-09-30T01:12:13.466587Z,0.7100,13.80,yes
2026-09-30T01:12:13.560864Z,0.7000,507.43,no
2026-09-30T01:12:14.57808Z,0.7000,134.12,no
2026-09-30T01:12:14.8848Z,0.7000,6.32,no
2026-09-30T01:12:14.8848Z,0.7000,12.28,no
2026-09-30T01:12:15.412949Z,0.7000,117.11,no
2026-09-30T01:12:15.654678Z,0.7000,22.30,no
2026-09-30T01:12:15.907314Z,0.7000,9.02,no
2026-09-30T01:12:16.123759Z,0.7000,317.76,no
2026-09-30T01:12:16.185703Z,0.7000,15.00,no
2026-09-30T01:12:16.248993Z,0.7000,23.18,no
2026-09-30T01:12:16.491791Z,0.7100,12.42,yes
2026-09-30T01:12:17.110892Z,0.7000,2.30,no
2026-09-30T01:12:17.462007Z,0.7100,1.36,yes
2026-09-30T01:12:17.626136Z,0.7000,82.81,no
2026-09-30T01:12:18.022Z,0.7000,21.00,no
2026-09-30T01:12:18.459077Z,0.7000,15.88,no
2026-09-30T01:12:18.631618Z,0.7100,25.19,yes
2026-09-30T01:12:18.631618Z,0.7100,37.33,yes
2026-09-30T01:12:18.631618Z,0.7100,1.00,yes
2026-09-30T01:12:18.631618Z,0.7100,40.00,yes
2026-09-30T01:12:18.735501Z,0.7100,45.55,yes
2026-09-30T01:12:18.804603Z,0.7000,4.91,no
2026-09-30T01:12:19.695776Z,0.7000,3.77,no
2026-09-30T01:12:19.868438Z,0.7100,276.08,yes
2026-09-30T01:12:20.078866Z,0.7000,41.18,no
2026-09-30T01:12:20.14097Z,0.7100,30.36,yes
2026-09-30T01:12:20.1516Z,0.7100,34.00,yes
2026-09-30T01:12:20.311679Z,0.7000,23.18,no
2026-09-30T01:12:20.34499Z,0.7000,679.84,no
2026-09-30T01:12:20.514233Z,0.7100,433.45,yes
2026-09-30T01:12:21.341405Z,0.7000,48.30,no
2026-09-30T01:12:21.480349Z,0.7000,244.14,no
2026-09-30T01:12:21.697955Z,0.7100,1311.40,yes
2026-09-30T01:12:21.95068Z,0.7000,17.75,no
2026-09-30T01:12:22.071556Z,0.7000,1.56,no
2026-09-30T01:12:22.760389Z,0.7100,919.36,yes
2026-09-30T01:12:22.774287Z,0.7100,13.80,yes
2026-09-30T01:12:22.831742Z,0.7000,18.04,no
2026-09-30T01:12:23.387425Z,0.7100,22.08,yes
2026-09-30T01:12:23.488588Z,0.7000,23.23,no
2026-09-30T01:12:23.731328Z,0.7000,78.00,no
2026-09-30T01:12:24.355328Z,0.7100,0.13,yes
2026-09-30T01:12:24.723906Z,0.7000,14.06,no
2026-09-30T01:12:24.818466Z,0.7000,300.00,no
2026-09-30T01:12:26.01148Z,0.7000,19.40,no
2026-09-30T01:12:26.01148Z,0.7000,230.60,no
2026-09-30T01:12:26.258044Z,0.7100,276.08,yes
2026-09-30T01:12:26.663894Z,0.7000,313.39,no
2026-09-30T01:12:27.384401Z,0.7000,45.12,no
2026-09-30T01:12:27.409821Z,0.7000,6.35,no
2026-09-30T01:12:27.616057Z,0.7000,13.41,no
2026-09-30T01:12:27.823928Z,0.7100,1.38,yes
2026-09-30T01:12:28.057543Z,0.7100,1.69,yes
2026-09-30T01:12:28.499071Z,0.7100,6.90,yes
2026-09-30T01:12:29.074841Z,0.7000,72.00,no
2026-09-30T01:12:29.314878Z,0.7100,0.27,yes
2026-09-30T01:12:29.408407Z,0.7000,193.23,no
2026-09-30T01:12:29.606829Z,0.7000,5.00,no
2026-09-30T01:12:30.952761Z,0.7100,690.21,yes
2026-09-30T01:12:31.105557Z,0.7100,138.04,yes
2026-09-30T01:12:32.538162Z,0.6900,0.01,no
2026-09-30T01:12:32.538162Z,0.7000,0.01,no
2026-09-30T01:12:32.538162Z,0.6900,40.07,no
2026-09-30T01:12:32.77215Z,0.6900,37.93,no
2026-09-30T01:12:32.77215Z,0.6900,2.14,no
2026-09-30T01:12:32.77215Z,0.6900,0.01,no
2026-09-30T01:12:32.77215Z,0.6900,12.23,no
2026-09-30T01:12:32.77215Z,0.6900,37.93,no
2026-09-30T01:12:34.800095Z,0.7100,0.01,yes
2026-09-30T01:12:34.800095Z,0.7100,1.05,yes
2026-09-30T01:12:34.800095Z,0.7100,0.01,yes
2026-09-30T01:12:34.97177Z,0.6800,1.00,no
2026-09-30T01:12:34.97177Z,0.6700,0.21,no
2026-09-30T01:12:34.97177Z,0.6700,0.01,no
2026-09-30T01:12:34.97177Z,0.6800,0.01,no
2026-09-30T01:12:35.215868Z,0.7100,23.95,yes
2026-09-30T01:12:35.215868Z,0.7100,1.00,yes
2026-09-30T01:12:35.215868Z,0.7100,1.00,yes
2026-09-30T01:12:35.215868Z,0.7100,4.00,yes
2026-09-30T01:12:35.215868Z,0.7100,25.00,yes
2026-09-30T01:12:35.215868Z,0.7100,0.05,yes
2026-09-30T01:12:35.578754Z,0.6500,13.51,no
2026-09-30T01:12:35.578754Z,0.6500,0.01,no
2026-09-30T01:12:35.578754Z,0.6600,0.01,no
2026-09-30T01:12:35.850424Z,0.7100,4.19,yes
2026-09-30T01:12:35.850424Z,0.7100,3.95,yes
2026-09-30T01:12:36.412294Z,0.6400,0.95,no
2026-09-30T01:12:36.412294Z,0.6400,0.01,no
2026-09-30T01:12:36.799534Z,0.6200,32.29,no
2026-09-30T01:12:36.799534Z,0.6300,85.00,no
2026-09-30T01:12:36.799534Z,0.6400,0.01,no
2026-09-30T01:12:36.799534Z,0.6300,0.01,no
2026-09-30T01:12:36.799534Z,0.6200,0.01,no
2026-09-30T01:12:36.87027Z,0.7100,1.95,yes
2026-09-30T01:12:36.87027Z,0.7100,0.81,yes
2026-09-30T01:12:37.001448Z,0.7100,0.69,yes
2026-09-30T01:12:37.483658Z,0.7100,1.00,yes
2026-09-30T01:12:37.483658Z,0.7100,22.36,yes
2026-09-30T01:12:37.483658Z,0.7100,2.64,yes
2026-09-30T01:12:38.020419Z,0.7100,3.44,yes
2026-09-30T01:12:38.020419Z,0.7100,10.36,yes
2026-09-30T01:12:38.13646Z,0.7100,1.00,yes
2026-09-30T01:12:38.13646Z,0.7100,0.56,yes
2026-09-30T01:12:38.13646Z,0.7100,25.00,yes
2026-09-30T01:12:38.13646Z,0.7100,7.95,yes
2026-09-30T01:12:38.57968Z,0.6100,0.01,no
2026-09-30T01:12:38.57968Z,0.6100,23.47,no
2026-09-30T01:12:39.096044Z,0.6900,3.00,yes
2026-09-30T01:12:39.411303Z,0.7200,0.01,yes
2026-09-30T01:12:39.411303Z,0.7200,0.01,yes
2026-09-30T01:12:39.411303Z,0.7200,3.76,yes
2026-09-30T01:12:39.411303Z,0.7000,41.00,yes
2026-09-30T01:12:39.411303Z,0.7100,0.05,yes
2026-09-30T01:12:39.411303Z,0.7100,25.00,yes
2026-09-30T01:12:39.411303Z,0.7100,11.00,yes
2026-09-30T01:12:39.411303Z,0.7000,20.00,yes
2026-09-30T01:12:39.411303Z,0.7100,6.00,yes
2026-09-30T01:12:39.411303Z,0.7000,5.00,yes
2026-09-30T01:12:39.411303Z,0.7100,2.00,yes
2026-09-30T01:12:39.411303Z,0.6900,20.00,yes
2026-09-30T01:12:40.463263Z,0.7100,6.81,yes
2026-09-30T01:12:41.763551Z,0.7100,13.80,yes
2026-09-30T01:12:42.077898Z,0.7100,0.27,yes
2026-09-30T01:12:42.854426Z,0.6800,5.00,yes
2026-09-30T01:12:43.175946Z,0.6800,25.00,yes
2026-09-30T01:12:43.175946Z,0.7000,23.78,yes
2026-09-30T01:12:43.572938Z,0.6000,0.01,no
2026-09-30T01:12:43.572938Z,0.6300,15.00,no
2026-09-30T01:12:43.635415Z,0.6800,20.00,yes
2026-09-30T01:12:43.635415Z,0.6800,0.98,yes
2026-09-30T01:12:43.803822Z,0.7000,10.76,yes
2026-09-30T01:12:43.803822Z,0.6800,24.02,yes
2026-09-30T01:12:43.803822Z,0.7000,5.00,yes
2026-09-30T01:12:43.803822Z,0.7000,17.22,yes
2026-09-30T01:12:44.278763Z,0.6100,3.00,no
2026-09-30T01:12:45.113542Z,0.6800,3.00,yes
2026-09-30T01:12:46.361742Z,0.6900,0.01,yes
2026-09-30T01:12:46.361742Z,0.6800,20.00,yes
2026-09-30T01:12:46.361742Z,0.6800,25.00,yes
2026-09-30T01:12:46.361742Z,0.6900,26.16,yes
2026-09-30T01:12:46.60278Z,0.6800,14.38,yes
2026-09-30T01:12:46.612744Z,0.6800,25.00,yes
2026-09-30T01:12:46.612744Z,0.6800,5.62,yes
2026-09-30T01:12:46.612744Z,0.6800,1.00,yes
2026-09-30T01:12:47.826451Z,0.6800,25.00,yes
2026-09-30T01:12:47.826451Z,0.6800,4.00,yes
2026-09-30T01:12:48.187338Z,0.6200,85.79,no
2026-09-30T01:12:50.00801Z,0.6900,0.01,yes
2026-09-30T01:12:50.00801Z,0.7000,17.00,yes
2026-09-30T01:12:50.00801Z,0.6900,2.00,yes
2026-09-30T01:12:50.00801Z,0.7100,0.01,yes
2026-09-30T01:12:50.00801Z,0.7100,4.12,yes
2026-09-30T01:12:50.00801Z,0.7100,0.25,yes
2026-09-30T01:12:50.00801Z,0.7000,4.00,yes
2026-09-30T01:12:50.00801Z,0.7000,0.01,yes
2026-09-30T01:12:50.031963Z,0.7100,3.77,yes
2026-09-30T01:12:50.031963Z,0.7100,20.00,yes
2026-09-30T01:12:50.031963Z,0.7100,2.75,yes
2026-09-30T01:12:51.450541Z,0.7000,8.17,yes
2026-09-30T01:12:51.741369Z,0.7000,0.13,yes
2026-09-30T01:12:52.165477Z,0.7000,16.70,yes
2026-09-30T01:12:52.165477Z,0.7000,8.30,yes
2026-09-30T01:12:53.023106Z,0.7000,9.30,yes
2026-09-30T01:12:53.023106Z,0.7000,11.70,yes
2026-09-30T01:12:53.56124Z,0.7000,0.30,yes
2026-09-30T01:12:53.56124Z,0.7000,1.00,yes
2026-09-30T01:12:53.56124Z,0.7000,15.70,yes
2026-09-30T01:12:54.199332Z,0.7000,13.99,yes
2026-09-30T01:12:54.746725Z,0.6400,6.00,yes
2026-09-30T01:12:54.822325Z,0.6400,27.22,yes
2026-09-30T01:12:56.172304Z,0.6900,2.08,yes
2026-09-30T01:12:56.172304Z,0.6900,5.00,yes
2026-09-30T01:12:56.256527Z,0.6900,17.92,yes
2026-09-30T01:12:56.256527Z,0.6900,52.08,yes
2026-09-30T01:12:56.769576Z,0.7000,0.01,yes
2026-09-30T01:12:56.769576Z,0.7000,21.99,yes
2026-09-30T01:12:57.857515Z,0.6100,9.02,no
2026-09-30T01:12:58.001539Z,0.6900,2.00,yes
2026-09-30T01:12:58.001539Z,0.6900,1.00,yes
2026-09-30T01:12:58.001539Z,0.7000,3.01,yes
2026-09-30T01:12:58.001539Z,0.7100,5.97,yes
2026-09-30T01:12:58.001539Z,0.7000,20.00,yes
2026-09-30T01:12:58.001539Z,0.6900,0.01,yes
2026-09-30T01:12:58.001539Z,0.7100,0.01,yes
2026-09-30T01:12:59.138081Z,0.6900,0.40,yes
2026-09-30T01:12:59.138081Z,0.6900,1.00,yes
2026-09-30T01:12:59.172888Z,0.6900,2.53,yes
2026-09-30T01:12:59.22058Z,0.6900,0.47,yes
2026-09-30T01:12:59.334434Z,0.6900,14.96,yes
2026-09-30T01:13:00.82078Z,0.6900,0.01,yes
2026-09-30T01:13:00.82078Z,0.6900,5.60,yes
2026-09-30T01:13:00.823373Z,0.6900,2.80,yes
2026-09-30T01:13:00.825839Z,0.6900,2.81,yes
2026-09-30T01:13:00.934436Z,0.7000,17.79,yes
2026-09-30T01:13:00.934436Z,0.6900,13.79,yes
2026-09-30T01:13:01.459595Z,0.6900,2.82,yes
2026-09-30T01:13:01.627503Z,0.6000,0.01,no
2026-09-30T01:13:01.627503Z,0.6100,1.00,no
2026-09-30T01:13:01.627503Z,0.6100,1.00,no
2026-09-30T01:13:01.627503Z,0.6100,6.00,no
2026-09-30T01:13:01.627503Z,0.6100,1.00,no
2026-09-30T01:13:01.627503Z,0.6100,16.00,no
2026-09-30T01:13:01.627503Z,0.6000,2.65,no
2026-09-30T01:13:01.627503Z,0.6000,20.00,no
2026-09-30T01:13:02.283778Z,0.7500,3.52,yes
2026-09-30T01:13:02.283778Z,0.8000,95.00,yes
2026-09-30T01:13:02.283778Z,0.7200,4.00,yes
2026-09-30T01:13:02.283778Z,0.7300,39.00,yes
2026-09-30T01:13:02.283778Z,0.7400,2.00,yes
2026-09-30T01:13:02.283778Z,0.7200,0.01,yes
2026-09-30T01:13:02.283778Z,0.7800,0.01,yes
2026-09-30T01:13:02.283778Z,0.7500,0.01,yes
2026-09-30T01:13:02.283778Z,0.7300,0.01,yes
2026-09-30T01:13:02.283778Z,0.7400,0.01,yes
2026-09-30T01:13:02.283778Z,0.7600,0.01,yes
2026-09-30T01:13:02.283778Z,0.7200,23.99,yes
2026-09-30T01:13:02.283778Z,0.8000,1.00,yes
2026-09-30T01:13:02.283778Z,0.7500,100.00,yes
2026-09-30T01:13:02.283778Z,0.7900,0.01,yes
2026-09-30T01:13:02.283778Z,0.7400,0.01,yes
2026-09-30T01:13:02.283778Z,0.7700,0.01,yes
2026-09-30T01:13:02.283778Z,0.7300,0.01,yes
2026-09-30T01:13:02.283778Z,0.7500,0.01,yes
2026-09-30T01:13:02.283778Z,0.7600,0.01,yes
2026-09-30T01:13:02.283778Z,0.7800,0.01,yes
2026-09-30T01:13:02.283778Z,0.7700,0.01,yes
2026-09-30T01:13:02.283778Z,0.7900,0.01,yes
2026-09-30T01:13:02.283778Z,0.7100,1.00,yes
2026-09-30T01:13:02.283778Z,0.6900,22.18,yes
2026-09-30T01:13:02.283778Z,0.7300,60.00,yes
2026-09-30T01:13:02.283778Z,0.7500,43.00,yes
2026-09-30T01:13:02.283778Z,0.7400,37.00,yes
2026-09-30T01:13:02.283778Z,0.7300,17.00,yes
2026-09-30T01:13:02.283778Z,0.7500,39.00,yes
2026-09-30T01:13:02.283778Z,0.7100,0.01,yes
2026-09-30T01:13:02.283778Z,0.7500,20.00,yes
2026-09-30T01:13:02.283778Z,0.8000,60.25,yes
2026-09-30T01:13:02.283778Z,0.7000,0.01,yes
2026-09-30T01:13:02.283778Z,0.7100,4.00,yes
2026-09-30T01:13:02.283778Z,0.7700,20.00,yes
2026-09-30T01:13:02.283778Z,0.7800,20.00,yes
2026-09-30T01:13:02.283778Z,0.7400,26.00,yes
2026-09-30T01:13:02.283778Z,0.8000,0.01,yes
2026-09-30T01:13:02.283778Z,0.7500,12.50,yes
2026-09-30T01:13:02.984106Z,0.7600,37.00,yes
2026-09-30T01:13:02.984106Z,0.7400,10.00,yes
2026-09-30T01:13:02.984106Z,0.7400,19.00,yes
2026-09-30T01:13:02.984106Z,0.7700,2.00,yes
2026-09-30T01:13:02.984106Z,0.7400,25.00,yes
2026-09-30T01:13:02.984106Z,0.7500,20.00,yes
2026-09-30T01:13:02.984106Z,0.7700,20.00,yes
2026-09-30T01:13:02.984106Z,0.7800,20.40,yes
2026-09-30T01:13:05.340494Z,0.5700,44.00,no
2026-09-30T01:13:05.340494Z,0.5600,0.01,no
2026-09-30T01:13:05.340494Z,0.5800,0.01,no
2026-09-30T01:13:05.340494Z,0.5900,0.01,no
2026-09-30T01:13:05.340494Z,0.5700,0.01,no
2026-09-30T01:13:05.340494Z,0.6000,97.35,no
2026-09-30T01:13:05.340494Z,0.6100,18.00,no
2026-09-30T01:13:05.340494Z,0.6300,9.00,no
2026-09-30T01:13:05.340494Z,0.6200,0.01,no
2026-09-30T01:13:05.340494Z,0.6300,20.00,no
2026-09-30T01:13:05.340494Z,0.6100,0.01,no
2026-09-30T01:13:05.340494Z,0.6000,3.00,no
2026-09-30T01:13:05.340494Z,0.6000,0.01,no
2026-09-30T01:13:05.340494Z,0.6200,1.00,no
2026-09-30T01:13:05.340494Z,0.6100,55.00,no
2026-09-30T01:13:05.34571Z,0.5400,0.01,no
2026-09-30T01:13:05.34571Z,0.5500,0.01,no
2026-09-30T01:13:05.34571Z,0.5500,104.00,no
2026-09-30T01:13:05.420171Z,0.5300,0.01,no
2026-09-30T01:13:05.467525Z,0.5200,1.00,no
2026-09-30T01:13:06.320311Z,0.5200,0.16,yes
2026-09-30T01:13:06.73071Z,0.5200,55.85,yes
2026-09-30T01:13:06.73071Z,0.5200,5.00,yes
2026-09-30T01:13:06.73071Z,0.5200,33.00,yes
2026-09-30T01:13:06.73071Z,0.5200,62.23,yes
2026-09-30T01:13:06.73071Z,0.5200,1988.92,yes
2026-09-30T01:13:06.73071Z,0.5200,55.00,yes
2026-09-30T01:13:06.730749Z,0.5200,1188.92,yes
2026-09-30T01:13:06.730749Z,0.5200,1011.08,yes
2026-09-30T01:13:06.73075Z,0.5200,1811.08,yes
2026-09-30T01:13:08.367255Z,0.5300,83.60,yes
2026-09-30T01:13:08.504819Z,0.5200,17.82,no
2026-09-30T01:13:08.713343Z,0.5300,76.72,yes
2026-09-30T01:13:08.803113Z,0.5300,107.77,yes
2026-09-30T01:13:09.67018Z,0.5200,371.10,no
2026-09-30T01:13:09.67018Z,0.5200,68.90,no
2026-09-30T01:13:09.686507Z,0.5300,79.95,yes
2026-09-30T01:13:10.028277Z,0.5200,33.70,no
2026-09-30T01:13:10.050279Z,0.5300,182.66,yes
2026-09-30T01:13:10.121682Z,0.5200,19.32,no
2026-09-30T01:13:10.381185Z,0.5300,18.26,yes
2026-09-30T01:13:11.050396Z,0.5200,1.82,yes
2026-09-30T01:13:11.206635Z,0.5100,9.23,no
2026-09-30T01:13:11.443363Z,0.5200,3.65,yes
2026-09-30T01:13:11.605424Z,0.5200,139.54,yes
2026-09-30T01:13:11.779157Z,0.5200,24.18,yes
2026-09-30T01:13:12.684199Z,0.5200,96.74,yes
2026-09-30T01:13:12.875801Z,0.5200,3.72,yes
2026-09-30T01:13:14.116748Z,0.5200,7.52,yes
2026-09-30T01:13:14.186775Z,0.5100,31.58,no
2026-09-30T01:13:14.317366Z,0.5200,5.00,yes
2026-09-30T01:13:14.766869Z,0.5200,14.88,yes
2026-09-30T01:13:15.092846Z,0.5100,59.19,no
2026-09-30T01:13:15.092846Z,0.5100,436.52,no
2026-09-30T01:13:15.523771Z,0.5200,2.95,yes
2026-09-30T01:13:15.523771Z,0.5200,2.03,yes
2026-09-30T01:13:15.611084Z,0.5200,18.60,yes
2026-09-30T01:13:15.760498Z,0.5100,21.39,no
2026-09-30T01:13:16.327083Z,0.5100,58.55,no
2026-09-30T01:13:17.731348Z,0.5200,18.60,yes
2026-09-30T01:13:17.817334Z,0.5100,49.26,no
2026-09-30T01:13:18.692068Z,0.5100,18.95,yes
2026-09-30T01:13:18.734764Z,0.5100,0.01,yes
2026-09-30T01:13:18.734764Z,0.5100,3.00,yes
2026-09-30T01:13:18.734764Z,0.5100,45.00,yes
2026-09-30T01:13:18.734764Z,0.5100,25.00,yes
2026-09-30T01:13:18.734764Z,0.5100,281.05,yes
2026-09-30T01:13:18.734764Z,0.5100,20.00,yes
2026-09-30T01:13:18.734764Z,0.5200,36.04,yes
2026-09-30T01:13:18.734764Z,0.5100,5.00,yes
2026-09-30T01:13:18.734764Z,0.5100,2.00,yes
2026-09-30T01:13:18.734764Z,0.5200,45.77,yes
2026-09-30T01:13:18.807564Z,0.5100,18.95,yes
2026-09-30T01:13:19.463302Z,0.5000,101.26,no
2026-09-30T01:13:19.71208Z,0.5100,3.00,yes
2026-09-30T01:13:19.71208Z,0.5100,5.00,yes
2026-09-30T01:13:19.71208Z,0.5100,0.01,yes
2026-09-30T01:13:19.71208Z,0.5100,1.99,yes
2026-09-30T01:13:19.730187Z,0.5000,14.96,no
2026-09-30T01:13:20.017902Z,0.5100,1.89,yes
2026-09-30T01:13:20.734726Z,0.5100,28.43,yes
2026-09-30T01:13:21.154548Z,0.5100,6.35,yes
2026-09-30T01:13:21.2365Z,0.5100,185.18,yes
2026-09-30T01:13:22.155775Z,0.5100,20.75,yes
2026-09-30T01:13:22.687746Z,0.5000,103.12,no
2026-09-30T01:13:23.114471Z,0.5100,37.93,yes
2026-09-30T01:13:23.584937Z,0.5000,38.64,no
2026-09-30T01:13:24.120327Z,0.5100,3.79,yes
2026-09-30T01:13:24.774387Z,0.5000,337.25,no
2026-09-30T01:13:25.190678Z,0.5000,49.26,no
2026-09-30T01:13:25.343275Z,0.5100,18.95,yes
2026-09-30T01:13:25.804855Z,0.5000,286.00,no
2026-09-30T01:13:25.911481Z,0.5100,43.60,yes
2026-09-30T01:13:26.1096Z,0.5100,47.39,yes
2026-09-30T01:13:26.159727Z,0.5000,9.66,no
2026-09-30T01:13:26.410077Z,0.5100,20.00,yes
2026-09-30T01:13:26.754264Z,0.5000,59.85,no
2026-09-30T01:13:26.754264Z,0.5000,101.70,no
2026-09-30T01:13:27.188064Z,0.5000,12.94,no
2026-09-30T01:13:27.218206Z,0.5000,275.86,no
2026-09-30T01:13:27.280946Z,0.5000,32.73,no
2026-09-30T01:13:27.542293Z,0.5100,54.14,yes
2026-09-30T01:13:27.71068Z,0.5100,272.98,yes
2026-09-30T01:13:28.937428Z,0.5000,175.48,no
2026-09-30T01:13:28.937428Z,0.5000,0.01,no
2026-09-30T01:13:29.118697Z,0.5100,10.00,yes
2026-09-30T01:13:29.557471Z,0.5000,31.77,no
2026-09-30T01:13:29.599709Z,0.5000,31.77,no
2026-09-30T01:13:30.036833Z,0.5000,147.35,no
2026-09-30T01:13:30.139307Z,0.5100,105.49,yes
2026-09-30T01:13:30.445077Z,0.5100,5.00,yes
2026-09-30T01:13:30.966055Z,0.5000,139.96,no
2026-09-30T01:13:31.293859Z,0.5000,14.00,no
2026-09-30T01:13:31.499716Z,0.5100,1.55,yes
2026-09-30T01:13:32.269344Z,0.5000,83.60,no
2026-09-30T01:13:35.032558Z,0.5000,100.00,no
2026-09-30T01:13:35.255711Z,0.5100,94.78,yes
2026-09-30T01:13:35.30858Z,0.5100,5.00,yes
2026-09-30T01:13:35.989742Z,0.5000,267.97,no
2026-09-30T01:13:36.125566Z,0.5100,189.57,yes
2026-09-30T01:13:36.130858Z,0.5100,11.37,yes
2026-09-30T01:13:36.785078Z,0.5000,20.00,no
2026-09-30T01:13:38.097468Z,0.5000,98.51,no
2026-09-30T01:13:38.199407Z,0.5100,43.60,yes
2026-09-30T01:13:38.635388Z,0.5100,72.41,yes
2026-09-30T01:13:38.928409Z,0.5100,37.00,yes
2026-09-30T01:13:38.93891Z,0.5000,0.01,no
2026-09-30T01:13:38.93891Z,0.5000,60.00,no
2026-09-30T01:13:38.93891Z,0.5000,54.00,no
2026-09-30T01:13:39.606179Z,0.5000,2.00,yes
2026-09-30T01:13:39.606179Z,0.5000,0.01,yes
2026-09-30T01:13:39.606179Z,0.5000,2.82,yes
2026-09-30T01:13:40.173922Z,0.5000,80.00,yes
2026-09-30T01:13:40.173922Z,0.5000,20.00,yes
2026-09-30T01:13:40.173922Z,0.5000,3.00,yes
2026-09-30T01:13:40.173922Z,0.5000,25.00,yes
2026-09-30T01:13:40.173922Z,0.5000,5.00,yes
2026-09-30T01:13:40.271859Z,0.5100,0.01,yes
2026-09-30T01:13:40.271859Z,0.5100,0.01,yes
2026-09-30T01:13:40.271859Z,0.5100,44.76,yes
2026-09-30T01:13:40.936158Z,0.5100,24.97,yes
2026-09-30T01:13:40.936158Z,0.5100,20.00,yes
2026-09-30T01:13:40.936158Z,0.5100,5.00,yes
2026-09-30T01:13:40.936158Z,0.5100,5.00,yes
2026-09-30T01:13:41.260307Z,0.5100,9.47,yes
2026-09-30T01:13:41.402571Z,0.5100,42.97,yes
2026-09-30T01:13:42.834292Z,0.5100,18.95,yes
2026-09-30T01:13:42.969159Z,0.4900,0.01,no
2026-09-30T01:13:42.969159Z,0.4700,0.01,no
2026-09-30T01:13:42.969159Z,0.4700,6.88,no
2026-09-30T01:13:43.178816Z,0.4600,0.93,no
2026-09-30T01:13:43.178816Z,0.4700,0.01,no
2026-09-30T01:13:43.306541Z,0.5100,3.00,yes
2026-09-30T01:13:43.306541Z,0.5100,14.94,yes
2026-09-30T01:13:43.306541Z,0.5100,1.00,yes
2026-09-30T01:13:43.306541Z,0.5100,0.01,yes
2026-09-30T01:13:43.310568Z,0.5100,0.17,yes
2026-09-30T01:13:43.689272Z,0.5300,0.01,yes
2026-09-30T01:13:43.689272Z,0.5200,0.01,yes
2026-09-30T01:13:43.689272Z,0.5900,0.01,yes
2026-09-30T01:13:43.689272Z,0.6000,0.01,yes
2026-09-30T01:13:43.689272Z,0.5600,0.01,yes
2026-09-30T01:13:43.689272Z,0.5200,0.01,yes
2026-09-30T01:13:43.689272Z,0.6100,33.06,yes
2026-09-30T01:13:43.689272Z,0.5700,0.01,yes
2026-09-30T01:13:43.689272Z,0.5500,0.01,yes
2026-09-30T01:13:43.689272Z,0.5300,0.01,yes
2026-09-30T01:13:43.689272Z,0.5400,25.00,yes
2026-09-30T01:13:43.689272Z,0.5700,0.01,yes
2026-09-30T01:13:43.689272Z,0.5800,0.01,yes
2026-09-30T01:13:43.689272Z,0.6000,0.01,yes
2026-09-30T01:13:43.689272Z,0.5900,0.01,yes
2026-09-30T01:13:43.689272Z,0.5600,0.01,yes
2026-09-30T01:13:43.689272Z,0.5800,0.01,yes
2026-09-30T01:13:43.689272Z,0.5400,0.01,yes
2026-09-30T01:13:43.689272Z,0.5500,0.01,yes
2026-09-30T01:13:43.689272Z,0.5400,0.01,yes
2026-09-30T01:13:43.689272Z,0.5100,9.89,yes
2026-09-30T01:13:43.689272Z,0.5600,15.00,yes
2026-09-30T01:13:43.689272Z,0.6000,1.00,yes
2026-09-30T01:13:44.418954Z,0.5700,8.51,yes
2026-09-30T01:13:44.973711Z,0.5600,0.53,yes
2026-09-30T01:13:46.098338Z,0.5600,17.32,yes
2026-09-30T01:13:47.228834Z,0.5600,11.83,yes
2026-09-30T01:13:47.366621Z,0.5500,39.65,no
2026-09-30T01:13:47.379688Z,0.5600,1732.35,yes
2026-09-30T01:13:47.402967Z,0.5600,39.96,yes
2026-09-30T01:13:48.077878Z,0.5600,232.13,yes
2026-09-30T01:13:48.449206Z,0.5600,5.00,yes
2026-09-30T01:13:50.908151Z,0.5500,25.00,yes
2026-09-30T01:13:50.908151Z,0.5600,5.00,yes
2026-09-30T01:13:50.908151Z,0.5600,1.00,yes
2026-09-30T01:13:50.908151Z,0.5500,1.00,yes
2026-09-30T01:13:50.908151Z,0.5600,26.00,yes
2026-09-30T01:13:50.908151Z,0.5600,5.00,yes
2026-09-30T01:13:50.908151Z,0.5600,0.01,yes
2026-09-30T01:13:51.831344Z,0.6600,17.00,yes
2026-09-30T01:13:51.831344Z,0.6400,60.00,yes
2026-09-30T01:13:51.831344Z,0.5900,5.00,yes
2026-09-30T01:13:51.831344Z,0.6200,5.00,yes
2026-09-30T01:13:51.831344Z,0.6800,60.31,yes
2026-09-30T01:13:51.831344Z,0.6300,30.00,yes
2026-09-30T01:13:51.831344Z,0.6600,150.00,yes
2026-09-30T01:13:51.831344Z,0.6500,100.00,yes
2026-09-30T01:13:51.831344Z,0.6000,1.00,yes
2026-09-30T01:13:51.831344Z,0.5700,10.00,yes
2026-09-30T01:13:51.831344Z,0.6500,5.00,yes
2026-09-30T01:13:51.831344Z,0.5700,8.00,yes
2026-09-30T01:13:51.831344Z,0.6200,20.00,yes
2026-09-30T01:13:51.831344Z,0.6100,5.00,yes
2026-09-30T01:13:51.831344Z,0.6500,27.00,yes
2026-09-30T01:13:51.831344Z,0.6400,20.00,yes
2026-09-30T01:13:51.831344Z,0.6300,20.00,yes
2026-09-30T01:13:51.831344Z,0.6500,20.00,yes
2026-09-30T01:13:51.831344Z,0.6100,20.00,yes
2026-09-30T01:13:51.831344Z,0.6300,5.00,yes
2026-09-30T01:13:51.831344Z,0.5900,5.00,yes
2026-09-30T01:13:51.831344Z,0.6000,20.00,yes
2026-09-30T01:13:51.831344Z,0.5800,20.00,yes
2026-09-30T01:13:51.831344Z,0.5900,20.00,yes
2026-09-30T01:13:51.831344Z,0.6400,5.00,yes
2026-09-30T01:13:51.831344Z,0.5800,0.01,yes
2026-09-30T01:13:51.831344Z,0.5700,11.49,yes
2026-09-30T01:13:51.831344Z,0.5800,5.00,yes
2026-09-30T01:13:51.831344Z,0.6000,5.00,yes
2026-09-30T01:13:51.831344Z,0.5700,0.01,yes
2026-09-30T01:13:51.831344Z,0.6600,152.00,yes
2026-09-30T01:13:51.831344Z,0.6200,46.00,yes
2026-09-30T01:13:51.831344Z,0.5800,25.00,yes
2026-09-30T01:13:51.845566Z,0.5600,48.66,no
2026-09-30T01:13:53.432767Z,0.6000,4.00,yes
2026-09-30T01:13:53.432767Z,0.5700,10.00,yes
2026-09-30T01:13:53.432767Z,0.6000,15.00,yes
2026-09-30T01:13:53.432767Z,0.6000,5.00,yes
2026-09-30T01:13:53.432767Z,0.6100,9.14,yes
2026-09-30T01:13:53.432767Z,0.6000,1.00,yes
2026-09-30T01:13:53.432767Z,0.5800,0.01,yes
2026-09-30T01:13:54.40079Z,0.5800,1.00,yes
2026-09-30T01:13:54.40079Z,0.5800,0.01,yes
2026-09-30T01:13:54.83926Z,0.5900,0.18,yes
2026-09-30T01:13:54.83926Z,0.5700,10.00,yes
2026-09-30T01:13:54.83926Z,0.5800,0.01,yes
2026-09-30T01:13:56.458471Z,0.5800,0.01,yes
2026-09-30T01:13:56.458471Z,0.6000,3.82,yes
2026-09-30T01:13:56.458471Z,0.6000,0.01,yes
2026-09-30T01:13:56.458471Z,0.5900,0.01,yes
2026-09-30T01:13:56.458471Z,0.6000,1.00,yes
2026-09-30T01:13:56.951499Z,0.5700,0.01,no
2026-09-30T01:13:56.951499Z,0.5200,0.01,no
2026-09-30T01:13:56.951499Z,0.5100,0.01,no
2026-09-30T01:13:56.951499Z,0.5000,0.01,no
2026-09-30T01:13:56.951499Z,0.4800,0.01,no
2026-09-30T01:13:56.951499Z,0.4800,28.41,no
2026-09-30T01:13:56.951499Z,0.4900,0.01,no
2026-09-30T01:13:57.615398Z,0.4700,0.01,no
2026-09-30T01:13:57.615398Z,0.4600,22.59,no
2026-09-30T01:13:57.615398Z,0.4200,1.00,no
2026-09-30T01:13:57.615398Z,0.4700,9.00,no
2026-09-30T01:13:57.615398Z,0.4700,80.00,no
2026-09-30T01:13:57.615398Z,0.4200,134.13,no
2026-09-30T01:13:57.615398Z,0.4700,0.01,no
2026-09-30T01:13:57.615398Z,0.4500,50.00,no
2026-09-30T01:13:58.468509Z,0.6400,32.14,yes
2026-09-30T01:13:58.468509Z,0.6100,15.86,yes
2026-09-30T01:13:58.468509Z,0.6200,0.01,yes
2026-09-30T01:13:58.468509Z,0.5500,5.00,yes
2026-09-30T01:13:58.468509Z,0.6100,0.01,yes
2026-09-30T01:13:58.468509Z,0.5700,35.00,yes
2026-09-30T01:13:58.468509Z,0.6100,4.00,yes
2026-09-30T01:13:58.468509Z,0.6400,0.01,yes
2026-09-30T01:13:58.468509Z,0.6300,0.01,yes
2026-09-30T01:13:58.468509Z,0.6500,0.01,yes
2026-09-30T01:13:58.468509Z,0.6300,45.00,yes
2026-09-30T01:13:58.468509Z,0.6200,5.00,yes
2026-09-30T01:13:58.468509Z,0.6500,5.00,yes
2026-09-30T01:13:58.468509Z,0.6400,0.01,yes
2026-09-30T01:13:58.468509Z,0.6500,1.13,yes
2026-09-30T01:13:58.468509Z,0.6100,1.00,yes
2026-09-30T01:13:58.468509Z,0.6200,2.00,yes
2026-09-30T01:13:58.468509Z,0.6300,2.00,yes
2026-09-30T01:13:58.468509Z,0.6400,4.00,yes
2026-09-30T01:13:58.468509Z,0.6000,0.01,yes
2026-09-30T01:13:58.468509Z,0.5500,25.00,yes
2026-09-30T01:13:58.468509Z,0.5800,0.01,yes
2026-09-30T01:13:58.468509Z,0.6000,20.00,yes
2026-09-30T01:13:58.468509Z,0.5600,1.00,yes
2026-09-30T01:13:58.468509Z,0.6300,5.00,yes
2026-09-30T01:13:58.468509Z,0.6100,3.00,yes
2026-09-30T01:13:58.468509Z,0.6200,9.00,yes
2026-09-30T01:13:58.468509Z,0.6300,9.00,yes
2026-09-30T01:13:58.468509Z,0.6400,3.00,yes
2026-09-30T01:13:58.468509Z,0.5500,1.00,yes
2026-09-30T01:13:58.468509Z,0.5800,6.00,yes
2026-09-30T01:13:58.468509Z,0.5500,80.00,yes
2026-09-30T01:14:00.951498Z,0.5700,4.63,yes
2026-09-30T01:14:00.951498Z,0.5500,5.00,yes
2026-09-30T01:14:00.951498Z,0.5600,25.00,yes
2026-09-30T01:14:01.776225Z,0.5700,5.10,yes
2026-09-30T01:14:02.00334Z,0.5600,5.00,yes
2026-09-30T01:14:02.00334Z,0.5600,43.41,yes
2026-09-30T01:14:02.484703Z,0.5600,40.59,yes
2026-09-30T01:14:02.484703Z,0.5600,1.00,yes
2026-09-30T01:14:02.484703Z,0.5600,11.21,yes
2026-09-30T01:14:02.77729Z,0.5700,0.01,yes
2026-09-30T01:14:02.77729Z,0.5700,0.27,yes
2026-09-30T01:14:02.77729Z,0.5700,0.72,yes
2026-09-30T01:14:03.08017Z,0.5800,0.01,yes
2026-09-30T01:14:03.08017Z,0.5900,5.00,yes
2026-09-30T01:14:03.08017Z,0.5800,0.01,yes
2026-09-30T01:14:03.08017Z,0.5900,0.01,yes
2026-09-30T01:14:03.08017Z,0.5700,24.28,yes
2026-09-30T01:14:03.08017Z,0.5600,84.00,yes
2026-09-30T01:14:03.08017Z,0.5600,5.00,yes
2026-09-30T01:14:03.08017Z,0.5800,44.00,yes
2026-09-30T01:14:03.08017Z,0.5800,35.00,yes
2026-09-30T01:14:03.08017Z,0.5900,11.23,yes
2026-09-30T01:14:03.08017Z,0.5600,1.00,yes
2026-09-30T01:14:03.736708Z,0.5600,27.98,yes
2026-09-30T01:14:03.736708Z,0.5500,1.00,yes
2026-09-30T01:14:03.736708Z,0.5500,5.00,yes
2026-09-30T01:14:03.965178Z,0.5600,34.02,yes
2026-09-30T01:14:04.552626Z,0.5600,3.96,yes
2026-09-30T01:14:07.221972Z,0.5500,1.00,yes
2026-09-30T01:14:07.221972Z,0.5500,80.00,yes
2026-09-30T01:14:07.221972Z,0.5500,5.00,yes
2026-09-30T01:14:07.375333Z,0.5400,5.00,yes
2026-09-30T01:14:07.375333Z,0.5400,12.62,yes
2026-09-30T01:14:09.313651Z,0.5400,0.16,yes
2026-09-30T01:14:10.149854Z,0.5400,81.00,yes
2026-09-30T01:14:10.149854Z,0.5400,1.00,yes
2026-09-30T01:14:10.149854Z,0.5400,20.00,yes
2026-09-30T01:14:10.149854Z,0.5400,4.00,yes
2026-09-30T01:14:10.149854Z,0.5400,12.22,yes
2026-09-30T01:14:11.09889Z,0.5600,0.01,yes
2026-09-30T01:14:11.09889Z,0.5600,26.26,yes
2026-09-30T01:14:11.09889Z,0.5500,45.00,yes
2026-09-30T01:14:11.09889Z,0.5600,20.00,yes
2026-09-30T01:14:11.09889Z,0.5500,2.00,yes
2026-09-30T01:14:11.09889Z,0.5500,18.00,yes
2026-09-30T01:14:11.09889Z,0.5500,80.00,yes
2026-09-30T01:14:11.09889Z,0.5500,25.00,yes
2026-09-30T01:14:11.09889Z,0.5500,5.00,yes
2026-09-30T01:14:11.714125Z,0.5600,5.00,yes
2026-09-30T01:14:11.714125Z,0.5600,5.20,yes
2026-09-30T01:14:11.714125Z,0.5600,1.00,yes
2026-09-30T01:14:11.7165Z,0.5600,2.80,yes
2026-09-30T01:14:11.7165Z,0.5600,2.80,yes
2026-09-30T01:14:13.135535Z,0.5400,5.00,yes
2026-09-30T01:14:13.135535Z,0.5500,37.00,yes
2026-09-30T01:14:13.135535Z,0.5400,1.00,yes
2026-09-30T01:14:13.218313Z,0.5500,3.00,yes
2026-09-30T01:14:13.384989Z,0.5500,2.00,yes
2026-09-30T01:14:13.9045Z,0.5600,22.20,yes
2026-09-30T01:14:13.9045Z,0.5600,6.72,yes
2026-09-30T01:14:13.9045Z,0.5400,1.00,yes
2026-09-30T01:14:13.9045Z,0.5500,4.00,yes
2026-09-30T01:14:13.9045Z,0.5400,1.00,yes
2026-09-30T01:14:13.9045Z,0.5400,5.00,yes
2026-09-30T01:14:13.9045Z,0.5500,5.00,yes
2026-09-30T01:14:15.599983Z,0.5600,1.00,yes
2026-09-30T01:14:15.599983Z,0.5600,0.01,yes
2026-09-30T01:14:15.599983Z,0.5600,0.01,yes
2026-09-30T01:14:15.599983Z,0.5500,1.00,yes
2026-09-30T01:14:15.599983Z,0.5600,22.25,yes
2026-09-30T01:14:15.599983Z,0.5500,5.00,yes
2026-09-30T01:14:15.599983Z,0.5600,2.00,yes
2026-09-30T01:14:16.562197Z,0.5400,1.00,no
2026-09-30T01:14:16.566043Z,0.4900,0.01,no
2026-09-30T01:14:16.566043Z,0.5300,0.01,no
2026-09-30T01:14:16.566043Z,0.4700,0.01,no
2026-09-30T01:14:16.566043Z,0.4500,0.01,no
2026-09-30T01:14:16.566043Z,0.4800,0.01,no
2026-09-30T01:14:16.566043Z,0.4700,0.01,no
2026-09-30T01:14:16.566043Z,0.4600,0.01,no
2026-09-30T01:14:16.566043Z,0.4400,0.01,no
2026-09-30T01:14:16.566504Z,0.4300,0.01,no
2026-09-30T01:14:16.566504Z,0.4300,1.00,no
2026-09-30T01:14:16.58813Z,0.4100,8.88,no
2026-09-30T01:14:16.58813Z,0.4200,0.01,no
2026-09-30T01:14:16.58813Z,0.4100,0.01,no
2026-09-30T01:14:16.58813Z,0.4100,0.10,no
2026-09-30T01:14:16.702907Z,0.4100,12.31,no
2026-09-30T01:14:16.880848Z,0.4100,60.00,no
2026-09-30T01:14:16.946269Z,0.4100,60.00,no
2026-09-30T01:14:17.011319Z,0.4100,10.00,no
2026-09-30T01:14:17.011319Z,0.4100,40.00,no
2026-09-30T01:14:17.077186Z,0.4100,37.00,no
2026-09-30T01:14:17.077862Z,0.4000,19.98,no
2026-09-30T01:14:17.077862Z,0.4000,0.01,no
2026-09-30T01:14:17.077862Z,0.4000,0.01,no
2026-09-30T01:14:17.090712Z,0.4000,50.00,no
2026-09-30T01:14:17.24215Z,0.4100,1.00,no
2026-09-30T01:14:17.386792Z,0.4100,1.00,no
2026-09-30T01:14:17.815584Z,0.4800,1.00,yes
2026-09-30T01:14:17.815584Z,0.4900,250.00,yes
2026-09-30T01:14:17.815584Z,0.5100,4.00,yes
2026-09-30T01:14:17.815584Z,0.5200,63.56,yes
2026-09-30T01:14:17.815584Z,0.4900,41.00,yes
2026-09-30T01:14:17.815584Z,0.4200,300.00,yes
2026-09-30T01:14:17.815584Z,0.5100,92.16,yes
2026-09-30T01:14:17.815584Z,0.5100,79.67,yes
2026-09-30T01:14:17.815584Z,0.5000,20.00,yes
2026-09-30T01:14:17.815584Z,0.4500,25.00,yes
2026-09-30T01:14:17.815584Z,0.4300,100.00,yes
2026-09-30T01:14:17.815584Z,0.5100,20.00,yes
2026-09-30T01:14:17.910037Z,0.4400,109.03,yes
2026-09-30T01:14:17.923287Z,0.4000,180.02,no
2026-09-30T01:14:17.923287Z,0.3700,0.01,no
2026-09-30T01:14:17.923287Z,0.3600,1.00,no
2026-09-30T01:14:17.923287Z,0.3600,249.00,no
2026-09-30T01:14:17.923287Z,0.3700,91.17,no
2026-09-30T01:14:17.923287Z,0.3600,1.00,no
2026-09-30T01:14:17.923287Z,0.3900,0.01,no
2026-09-30T01:14:17.923287Z,0.3800,0.01,no
2026-09-30T01:14:17.923287Z,0.3500,100.00,no
2026-09-30T01:14:18.079179Z,0.3100,2444.00,no
2026-09-30T01:14:18.079188Z,0.3100,2444.00,no
2026-09-30T01:14:18.079218Z,0.3100,2444.00,no
2026-09-30T01:14:18.079508Z,0.3100,2444.00,no
2026-09-30T01:14:18.079562Z,0.3100,1554.00,no
2026-09-30T01:14:21.102811Z,0.3000,100.00,no
2026-09-30T01:14:21.578571Z,0.3000,15.38,yes
2026-09-30T01:14:21.60834Z,0.3000,19.06,yes
2026-09-30T01:14:21.704107Z,0.3000,100.00,yes
2026-09-30T01:14:21.818036Z,0.3000,158.88,yes
2026-09-30T01:14:21.941441Z,0.2900,0.01,no
2026-09-30T01:14:22.268964Z,0.2900,317.76,yes
2026-09-30T01:14:22.363589Z,0.2900,1.00,yes
2026-09-30T01:14:22.363589Z,0.2900,12.23,yes
2026-09-30T01:14:22.685644Z,0.2900,20.98,no
2026-09-30T01:14:23.348551Z,0.3000,63.55,yes
2026-09-30T01:14:23.568028Z,0.3000,2.16,yes
2026-09-30T01:14:23.644537Z,0.2900,47.52,no
2026-09-30T01:14:23.644537Z,0.2900,0.01,no
2026-09-30T01:14:23.790537Z,0.3000,190.65,yes
2026-09-30T01:14:23.833439Z,0.3000,111.28,yes
2026-09-30T01:14:23.935244Z,0.2900,10.92,no
2026-09-30T01:14:24.146462Z,0.3000,31.77,yes
2026-09-30T01:14:24.612977Z,0.3000,31.77,yes
2026-09-30T01:14:24.731272Z,0.3000,79.44,yes
2026-09-30T01:14:25.168967Z,0.3000,31.77,yes
2026-09-30T01:14:25.819624Z,0.2900,48.78,no
2026-09-30T01:14:26.207421Z,0.3000,3.17,yes
2026-09-30T01:14:26.520422Z,0.2900,13.80,no
2026-09-30T01:14:27.272305Z,0.3000,5.00,yes
2026-09-30T01:14:27.343054Z,0.2900,6.62,no
2026-09-30T01:14:27.795062Z,0.3000,2.00,yes
2026-09-30T01:14:27.886068Z,0.2900,405.22,no
2026-09-30T01:14:27.901226Z,0.3000,31.77,yes
2026-09-30T01:14:27.907642Z,0.2900,34.00,no
2026-09-30T01:14:28.048821Z,0.3000,15.88,yes
2026-09-30T01:14:28.354539Z,0.3000,155.70,yes
2026-09-30T01:14:28.906981Z,0.3000,31.77,yes
2026-09-30T01:14:29.003789Z,0.3000,15.88,yes
2026-09-30T01:14:29.445805Z,0.3000,57.19,yes
2026-09-30T01:14:29.596171Z,0.3000,15.88,yes
2026-09-30T01:14:30.045425Z,0.3000,331.00,yes
2026-09-30T01:14:30.477838Z,0.2900,184.26,no
2026-09-30T01:14:30.9976Z,0.2900,670.48,no
2026-09-30T01:14:30.9976Z,0.2900,248.88,no
2026-09-30T01:14:31.100975Z,0.3000,7.49,yes
2026-09-30T01:14:31.157811Z,0.3000,47.66,yes
2026-09-30T01:14:31.378891Z,0.3000,15.88,yes
2026-09-30T01:14:31.572227Z,0.3000,5.00,yes
2026-09-30T01:14:31.657034Z,0.3000,158.88,yes
2026-09-30T01:14:31.787384Z,0.3000,1.58,yes
2026-09-30T01:14:31.965661Z,0.3000,336.82,yes
2026-09-30T01:14:32.028898Z,0.3000,282.74,yes
2026-09-30T01:14:32.028898Z,0.3000,35.02,yes
2026-09-30T01:14:32.122486Z,0.3000,15.88,yes
2026-09-30T01:14:32.127077Z,0.3000,9.53,yes
2026-09-30T01:14:32.197199Z,0.3000,95.32,yes
2026-09-30T01:14:32.343503Z,0.3000,15.88,yes
2026-09-30T01:14:32.417325Z,0.2900,23.76,no
2026-09-30T01:14:32.620354Z,0.3000,6.35,yes
2026-09-30T01:14:32.632798Z,0.3000,12.71,yes
2026-09-30T01:14:32.638274Z,0.3000,78.00,yes
2026-09-30T01:14:32.640463Z,0.3000,34.95,yes
2026-09-30T01:14:33.380232Z,0.3000,3.17,yes
2026-09-30T01:14:33.388096Z,0.3000,6.35,yes
2026-09-30T01:14:33.388536Z,0.2900,5.00,no
2026-09-30T01:14:33.409749Z,0.3000,8.00,yes
2026-09-30T01:14:33.702788Z,0.3000,7.94,yes
2026-09-30T01:14:33.733815Z,0.3000,123.92,yes
2026-09-30T01:14:34.000949Z,0.3000,222.43,yes
2026-09-30T01:14:34.086104Z,0.3000,6.35,yes
2026-09-30T01:14:34.252134Z,0.3000,149.34,yes
2026-09-30T01:14:34.346967Z,0.3000,6.35,yes
2026-09-30T01:14:34.463533Z,0.3000,22.02,yes
2026-09-30T01:14:34.477541Z,0.3000,15.88,yes
2026-09-30T01:14:34.621628Z,0.3000,9.53,yes
2026-09-30T01:14:35.080023Z,0.3000,25.42,yes
2026-09-30T01:14:35.656822Z,0.3000,3.17,yes
2026-09-30T01:14:35.815651Z,0.3000,34.95,yes
2026-09-30T01:14:35.833371Z,0.3000,158.88,yes
2026-09-30T01:14:36.430133Z,0.3000,1349.66,yes
2026-09-30T01:14:36.430133Z,0.3000,398.03,yes
2026-09-30T01:14:36.46968Z,0.3000,3.17,yes
2026-09-30T01:14:36.532448Z,0.3000,127.10,yes
2026-09-30T01:14:36.593039Z,0.3000,17.00,yes
2026-09-30T01:14:36.622163Z,0.3000,78.00,yes
2026-09-30T01:14:36.842502Z,0.3000,15.88,yes
2026-09-30T01:14:36.886053Z,0.3000,247.85,yes
2026-09-30T01:14:37.254628Z,0.3000,77.88,yes
2026-09-30T01:14:37.364491Z,0.2900,124.56,no
2026-09-30T01:14:37.675465Z,0.3000,3.17,yes
2026-09-30T01:14:37.846879Z,0.2900,238.15,no
2026-09-30T01:14:37.851861Z,0.3000,12.71,yes
2026-09-30T01:14:37.945388Z,0.3000,28.00,yes
2026-09-30T01:14:38.007244Z,0.3000,6.29,yes
2026-09-30T01:14:38.266986Z,0.3000,47.66,yes
2026-09-30T01:14:38.448426Z,0.3000,15.88,yes
2026-09-30T01:14:38.608991Z,0.3000,15.88,yes
2026-09-30T01:14:38.610764Z,0.3000,8.89,yes
2026-09-30T01:14:38.687275Z,0.2900,26.18,no
2026-09-30T01:14:39.219904Z,0.3000,0.47,yes
2026-09-30T01:14:39.250368Z,0.3000,50.00,yes
2026-09-30T01:14:39.837786Z,0.3000,23.01,yes
2026-09-30T01:14:39.837786Z,0.3000,8.76,yes
2026-09-30T01:14:39.841453Z,0.3000,200.00,yes
2026-09-30T01:14:39.962062Z,0.3000,3.17,yes
2026-09-30T01:14:40.205162Z,0.3000,79.44,yes
2026-09-30T01:14:40.256489Z,0.2900,105.49,no
2026-09-30T01:14:40.299802Z,0.3000,158.88,yes
2026-09-30T01:14:40.38112Z,0.2900,6.81,no
2026-09-30T01:14:40.458338Z,0.3000,31.77,yes
2026-09-30T01:14:40.561726Z,0.3000,15.88,yes
2026-09-30T01:14:41.182762Z,0.3000,73.08,yes
2026-09-30T01:14:41.295123Z,0.3000,95.32,yes
2026-09-30T01:14:41.641575Z,0.3000,123.92,yes
2026-09-30T01:14:41.842985Z,0.3000,54.01,yes
2026-09-30T01:14:41.899689Z,0.3000,127.10,yes
2026-09-30T01:14:41.963345Z,0.2900,192.45,no
2026-09-30T01:14:42.235653Z,0.3000,10.00,yes
2026-09-30T01:14:42.251171Z,0.3000,47.66,yes
2026-09-30T01:14:42.29793Z,0.3000,47.66,yes
2026-09-30T01:14:42.479685Z,0.3000,111.21,yes
2026-09-30T01:14:42.58905Z,0.2900,153.40,no
2026-09-30T01:14:43.166331Z,0.2900,54.14,no
2026-09-30T01:14:43.195858Z,0.3000,15.88,yes
2026-09-30T01:14:43.452688Z,0.3000,66.73,yes
2026-09-30T01:14:43.592073Z,0.2900,91.58,no
2026-09-30T01:14:43.592073Z,0.2900,0.01,no
2026-09-30T01:14:43.592073Z,0.2900,22.92,no
2026-09-30T01:14:43.605847Z,0.2900,34.38,no
2026-09-30T01:14:43.674084Z,0.3000,31.77,yes
2026-09-30T01:14:44.262122Z,0.2900,39.06,no
2026-09-30T01:14:44.639289Z,0.3000,15.88,yes
2026-09-30T01:14:44.77855Z,0.2900,239.83,no
2026-09-30T01:14:44.788578Z,0.3000,1.81,yes
2026-09-30T01:14:44.986186Z,0.2900,4.38,no
2026-09-30T01:14:45.448213Z,0.3000,3.17,yes
2026-09-30T01:14:45.841997Z,0.3000,15.88,yes
2026-09-30T01:14:46.540356Z,0.3000,127.10,yes
2026-09-30T01:14:46.692882Z,0.3000,3.17,yes
2026-09-30T01:14:47.081966Z,0.2900,14.84,no
2026-09-30T01:14:47.232182Z,0.3000,413.09,yes
2026-09-30T01:14:47.665551Z,0.2900,112.68,no
2026-09-30T01:14:47.68271Z,0.2900,96.61,no
2026-09-30T01:14:47.743206Z,0.3000,88.97,yes
2026-09-30T01:14:47.78667Z,0.3000,3.17,yes
2026-09-30T01:14:47.79735Z,0.3000,31.77,yes
2026-09-30T01:14:48.216723Z,0.2900,48.30,no
2026-09-30T01:14:48.279523Z,0.3000,317.76,yes
2026-09-30T01:14:48.577415Z,0.3000,1.50,yes
2026-09-30T01:14:48.76197Z,0.2900,18.00,no
2026-09-30T01:14:48.811699Z,0.3000,238.32,yes
2026-09-30T01:14:49.552193Z,0.3000,3.00,yes
2026-09-30T01:14:49.589404Z,0.3000,6.35,yes
2026-09-30T01:14:49.825786Z,0.3000,31.77,yes
2026-09-30T01:14:49.875127Z,0.3000,158.88,yes
2026-09-30T01:14:49.877415Z,0.2900,650.62,no
2026-09-30T01:14:50.246467Z,0.3000,21.35,yes
2026-09-30T01:14:50.536765Z,0.3000,5.97,yes
2026-09-30T01:14:50.66211Z,0.2900,1.82,no
2026-09-30T01:14:50.950417Z,0.3000,3.17,yes
2026-09-30T01:14:51.12937Z,0.3000,15.88,yes
2026-09-30T01:14:51.233128Z,0.3000,317.76,yes
2026-09-30T01:14:51.27064Z,0.3000,9.66,yes
2026-09-30T01:14:51.503849Z,0.2900,837.40,no
2026-09-30T01:14:51.760727Z,0.3000,66.73,yes
2026-09-30T01:14:51.826096Z,0.3000,31.77,yes
2026-09-30T01:14:52.146176Z,0.2900,0.01,no
2026-09-30T01:14:52.146176Z,0.2900,52.79,no
2026-09-30T01:14:52.225946Z,0.3000,5.00,yes
2026-09-30T01:14:52.225946Z,0.3000,4.87,yes
2026-09-30T01:14:52.225946Z,0.3000,0.01,yes
2026-09-30T01:14:52.225946Z,0.3000,5.00,yes
2026-09-30T01:14:52.225946Z,0.3000,1.00,yes
2026-09-30T01:14:52.504913Z,0.3000,0.01,yes
2026-09-30T01:14:52.504913Z,0.3000,4.98,yes
2026-09-30T01:14:52.504913Z,0.3000,0.01,yes
2026-09-30T01:14:52.633741Z,0.3000,3.17,yes
2026-09-30T01:14:53.509349Z,0.3100,9.23,yes
2026-09-30T01:14:53.531198Z,0.3100,10.00,yes
2026-09-30T01:14:53.531198Z,0.3100,0.01,yes
2026-09-30T01:14:53.531198Z,0.3100,15.77,yes
2026-09-30T01:14:53.531198Z,0.3200,0.01,yes
2026-09-30T01:14:53.531198Z,0.3300,0.01,yes
2026-09-30T01:14:53.531198Z,0.3200,0.01,yes
2026-09-30T01:14:53.531198Z,0.3300,0.01,yes
2026-09-30T01:14:53.531198Z,0.3100,0.01,yes
2026-09-30T01:14:53.531198Z,0.3300,31.53,yes
2026-09-30T01:14:53.531198Z,0.3200,20.00,yes
2026-09-30T01:14:53.682786Z,0.3100,1.15,yes
2026-09-30T01:14:53.682786Z,0.3100,5.00,yes
2026-09-30T01:14:53.731842Z,0.3300,0.14,yes
2026-09-30T01:14:53.731842Z,0.3100,23.85,yes
2026-09-30T01:14:53.731842Z,0.3300,0.01,yes
2026-09-30T01:14:53.791959Z,0.2900,15.02,no
2026-09-30T01:14:53.791959Z,0.2900,0.01,no
2026-09-30T01:14:53.791959Z,0.2900,94.00,no
2026-09-30T01:14:54.023252Z,0.3300,14.45,yes
2026-09-30T01:14:54.417419Z,0.3300,55.00,yes
2026-09-30T01:14:54.417419Z,0.3400,20.00,yes
2026-09-30T01:14:54.417419Z,0.3400,0.01,yes
2026-09-30T01:14:54.417419Z,0.3300,5.00,yes
2026-09-30T01:14:54.417419Z,0.3300,25.00,yes
2026-09-30T01:14:54.417419Z,0.3400,0.73,yes
2026-09-30T01:14:54.417419Z,0.3300,5.41,yes
2026-09-30T01:14:54.417419Z,0.3300,14.00,yes
2026-09-30T01:14:54.417419Z,0.3100,10.00,yes
2026-09-30T01:14:54.894102Z,0.3100,0.01,yes
2026-09-30T01:14:54.894102Z,0.3100,2.99,yes
2026-09-30T01:14:54.952659Z,0.3000,4.00,no
2026-09-30T01:14:54.952659Z,0.3000,72.72,no
2026-09-30T01:14:54.987424Z,0.3100,6.15,yes
2026-09-30T01:14:55.066473Z,0.3300,5.00,yes
2026-09-30T01:14:55.066473Z,0.3300,1.00,yes
2026-09-30T01:14:55.066473Z,0.3300,5.55,yes
2026-09-30T01:14:55.066473Z,0.3100,15.86,yes
2026-09-30T01:14:55.066473Z,0.3100,0.01,yes
2026-09-30T01:14:55.066473Z,0.3300,0.01,yes
2026-09-30T01:14:55.066473Z,0.3300,0.01,yes
2026-09-30T01:14:55.47348Z,0.3400,0.01,yes
2026-09-30T01:14:55.47348Z,0.3300,13.00,yes
2026-09-30T01:14:55.47348Z,0.3400,1.74,yes
2026-09-30T01:14:55.47348Z,0.3300,5.00,yes
2026-09-30T01:14:55.47348Z,0.3300,25.00,yes
2026-09-30T01:14:55.47348Z,0.3100,10.00,yes
2026-09-30T01:14:55.47348Z,0.3400,0.01,yes
2026-09-30T01:14:55.47348Z,0.3400,0.01,yes
2026-09-30T01:14:55.639716Z,0.3400,33.00,yes
2026-09-30T01:14:55.639716Z,0.3300,5.00,yes
2026-09-30T01:14:55.639716Z,0.3400,1.00,yes
2026-09-30T01:14:56.721251Z,0.3300,5.00,yes
2026-09-30T01:14:56.721251Z,0.3300,5.00,yes
2026-09-30T01:14:56.721251Z,0.3400,4.19,yes
2026-09-30T01:14:56.861819Z,0.3100,0.01,yes
2026-09-30T01:14:56.861819Z,0.3400,6.84,yes
2026-09-30T01:14:56.861819Z,0.3400,0.01,yes
2026-09-30T01:14:56.861819Z,0.3400,20.81,yes
2026-09-30T01:14:57.071132Z,0.3400,6.00,yes
2026-09-30T01:14:57.071132Z,0.3500,20.00,yes
2026-09-30T01:14:57.071132Z,0.3600,20.00,yes
2026-09-30T01:14:57.071132Z,0.3400,25.00,yes
2026-09-30T01:14:57.071132Z,0.3400,13.16,yes
2026-09-30T01:14:57.071132Z,0.3600,45.19,yes
2026-09-30T01:14:57.071132Z,0.3500,6.29,yes
2026-09-30T01:14:57.071132Z,0.3500,0.01,yes
2026-09-30T01:14:57.071132Z,0.3600,0.01,yes
2026-09-30T01:14:57.071132Z,0.3500,0.01,yes
2026-09-30T01:14:57.071132Z,0.3600,0.01,yes
2026-09-30T01:14:58.256952Z,0.2000,35.00,no
2026-09-30T01:14:58.256952Z,0.2800,10.00,no
2026-09-30T01:14:58.256952Z,0.2800,116.00,no
2026-09-30T01:14:58.256952Z,0.2000,9.06,no
2026-09-30T01:14:58.256952Z,0.2900,0.01,no
2026-09-30T01:14:58.256952Z,0.2800,49.00,no
2026-09-30T01:14:58.256952Z,0.2000,1.00,no
2026-09-30T01:14:58.256952Z,0.3000,0.01,no
2026-09-30T01:14:58.256952Z,0.3000,1.00,no
2026-09-30T01:14:58.256952Z,0.2600,0.01,no
2026-09-30T01:14:58.256952Z,0.2100,0.01,no
2026-09-30T01:14:58.256952Z,0.2200,0.01,no
2026-09-30T01:14:58.256952Z,0.2500,0.01,no
2026-09-30T01:14:58.256952Z,0.2300,0.01,no
2026-09-30T01:14:58.256952Z,0.2800,0.01,no
2026-09-30T01:14:58.256952Z,0.2700,0.01,no
2026-09-30T01:14:58.256952Z,0.2400,0.01,no
2026-09-30T01:14:58.256952Z,0.2000,0.01,no
2026-09-30T01:14:58.256952Z,0.2700,0.10,no
2026-09-30T01:14:58.345448Z,0.3600,22.29,yes
2026-09-30T01:14:58.345448Z,0.3500,5.00,yes
2026-09-30T01:14:58.345448Z,0.3500,20.00,yes
2026-09-30T01:14:58.345448Z,0.3500,68.00,yes
2026-09-30T01:14:58.345448Z,0.3500,7.00,yes
2026-09-30T01:14:58.345448Z,0.3500,1.00,yes
2026-09-30T01:14:58.345448Z,0.3600,9.81,yes
2026-09-30T01:14:59.081404Z,0.3100,10.00,yes
2026-09-30T01:14:59.491328Z,0.2900,0.01,no
2026-09-30T01:14:59.494224Z,0.1200,0.01,no
2026-09-30T01:14:59.494224Z,0.2000,0.01,no
2026-09-30T01:14:59.494224Z,0.1300,0.01,no
2026-09-30T01:14:59.494224Z,0.1900,104.00,no
2026-09-30T01:14:59.494224Z,0.1600,0.01,no
2026-09-30T01:14:59.494224Z,0.1400,0.01,no
2026-09-30T01:14:59.494224Z,0.1800,0.01,no
2026-09-30T01:14:59.494224Z,0.2400,0.01,no
2026-09-30T01:14:59.494224Z,0.2700,12.00,no
2026-09-30T01:14:59.494224Z,0.1500,0.01,no
2026-09-30T01:14:59.494224Z,0.1700,0.01,no
2026-09-30T01:14:59.494224Z,0.1100,0.01,no
2026-09-30T01:14:59.494224Z,0.2000,35.00,no
2026-09-30T01:14:59.494224Z,0.2500,0.01,no
2026-09-30T01:14:59.494224Z,0.1000,0.01,no
2026-09-30T01:14:59.494224Z,0.2600,0.01,no
2026-09-30T01:14:59.494224Z,0.1200,63.00,no
2026-09-30T01:14:59.494224Z,0.2200,0.01,no
2026-09-30T01:14:59.494224Z,0.2800,0.01,no
2026-09-30T01:14:59.494224Z,0.2000,1.00,no
2026-09-30T01:14:59.494224Z,0.2100,0.01,no
2026-09-30T01:14:59.494224Z,0.2700,0.01,no
2026-09-30T01:14:59.494224Z,0.2300,0.01,no
2026-09-30T01:14:59.494224Z,0.1700,100.00,no
2026-09-30T01:14:59.494224Z,0.0600,234.00,no
2026-09-30T01:14:59.494224Z,0.1500,25.00,no
2026-09-30T01:14:59.494224Z,0.1900,0.01,no
2026-09-30T01:14:59.494224Z,0.1600,0.10,no
2026-09-30T01:14:59.494224Z,0.1100,150.00,no
2026-09-30T01:14:59.494224Z,0.1300,10.00,no
2026-09-30T01:14:59.494224Z,0.1000,100.00,no
2026-09-30T01:14:59.494224Z,0.0800,1.00,no
2026-09-30T01:14:59.494224Z,0.0700,1.00,no
2026-09-30T01:14:59.494224Z,0.0600,1.00,no
2026-09-30T01:14:59.494224Z,0.1000,7.44,no
2026-09-30T01:14:59.494224Z,0.0700,50.00,no
2026-09-30T01:14:59.494224Z,0.0900,2.00,no
2026-09-30T01:14:59.495079Z,0.0500,2.17,no
2026-09-30T01:14:59.495079Z,0.0500,2.00,no
2026-09-30T01:14:59.495079Z,0.0500,1.00,no
2026-09-30T01:14:59.495079Z,0.0500,20.00,no
2026-09-30T01:14:59.501282Z,0.1800,109.00,no
2026-09-30T01:14:59.501282Z,0.0500,97.83,no
2026-09-30T01:14:59.501282Z,0.0400,1500.00,no
2026-09-30T01:14:59.501282Z,0.0500,19.00,no
2026-09-30T01:14:59.501282Z,0.0300,1.00,no
2026-09-30T01:14:59.501282Z,0.0400,1.00,no
2026-09-30T01:14:59.501282Z,0.0200,1.00,no
2026-09-30T01:14:59.501282Z,0.0200,300.00,no
2026-09-30T01:14:59.501282Z,0.0200,7.00,no
2026-09-30T01:14:59.535641Z,0.2100,15.00,no
2026-09-30T01:14:59.539133Z,0.2100,83.99,no
2026-09-30T01:14:59.539461Z,0.2100,40.00,no
2026-09-30T01:14:59.540729Z,0.2100,49.01,no
2026-09-30T01:14:59.547636Z,0.0200,49.01,no
2026-09-30T01:14:59.578212Z,0.1000,0.01,no
2026-09-30T01:14:59.578212Z,0.0100,61.34,no
2026-09-30T01:14:59.578212Z,0.0100,134.65,no
2026-09-30T01:14:59.578212Z,0.0100,12.00,no
2026-09-30T01:14:59.578212Z,0.0100,14.00,no
2026-09-30T01:14:59.673573Z,0.0100,7.44,no
2026-09-30T01:14:59.715891Z,0.0200,1.00,yes
2026-09-30T01:14:59.785106Z,0.0200,139.00,yes
2026-09-30T01:14:59.785106Z,0.0200,61.00,yes
2026-09-30T01:14:59.785394Z,0.0200,21.00,yes
2026-09-30T01:14:59.785394Z,0.0200,206.71,yes
2026-09-30T01:14:59.885862Z,0.0200,82.03,yes
2026-09-30T01:15:00.028375Z,0.0200,32.85,yes
2026-09-30T01:15:00.070982Z,0.0100,63.00,no
2026-09-30T01:15:00.070982Z,0.0100,139.00,no
2026-09-30T01:15:00.070982Z,0.0100,21.00,no
2026-09-30T01:15:00.070982Z,0.0100,1.00,no
2026-09-30T01:15:00.070982Z,0.0100,0.27,no
2026-09-30T01:15:00.070982Z,0.0100,1.00,no
2026-09-30T01:15:00.070982Z,0.0100,169.91,no
2026-09-30T01:15:00.287199Z,0.0100,467.90,yes
2026-09-30T01:15:00.367007Z,0.0100,79.07,yes
2026-09-30T01:15:00.5396Z,0.0100,608.33,yes
2026-09-30T01:15:00.5396Z,0.0100,18.85,yes
2026-09-30T01:15:00.5396Z,0.0100,5.00,yes
2026-09-30T01:15:00.672654Z,0.0100,1884.41,yes
2026-09-30T01:15:01.540601Z,0.0100,25.00,yes
2026-09-30T01:15:03.22315Z,0.0100,641.45,yes
2026-09-30T01:15:03.790442Z,0.0100,467.59,yes
2026-09-30T01:15:04.51819Z,0.0100,93.51,yes
2026-09-30T01:15:07.954973Z,0.0100,67.22,yes
2026-09-30T01:15:08.567546Z,0.0100,2267.00,yes
2026-09-30T01:15:09.387104Z,0.0100,46.75,yes
2026-09-30T01:15:09.992375Z,0.0100,500.00,yes
2026-09-30T01:15:10.443686Z,0.0100,1309.00,yes
2026-09-30T01:15:10.572165Z,0.0100,187.03,yes
2026-09-30T01:15:11.968144Z,0.0100,500.00,yes
2026-09-30T01:15:12.610483Z,0.0100,935.00,yes
2026-09-30T01:15:14.421703Z,0.0100,95.38,yes
2026-09-30T01:15:16.155638Z,0.0100,935.19,yes
2026-09-30T01:15:16.765255Z,0.0100,93.51,yes
2026-09-30T01:15:16.802836Z,0.0100,64.88,yes
2026-09-30T01:15:16.802836Z,0.0100,20.63,yes
2026-09-30T01:15:16.802836Z,0.0100,8.00,yes
2026-09-30T01:15:20.387628Z,0.0100,93.51,yes
2026-09-30T01:15:21.973097Z,0.0100,48.02,yes
2026-09-30T01:15:21.973097Z,0.0100,45.49,yes
2026-09-30T01:15:24.094417Z,0.0100,14.98,yes
2026-09-30T01:15:24.094417Z,0.0100,750.21,yes
2026-09-30T01:15:24.094417Z,0.0100,170.00,yes
2026-09-30T01:15:35.686478Z,0.0100,93.51,yes
2026-09-30T01:15:36.521806Z,0.0100,39.27,yes
2026-09-30T01:15:36.752372Z,0.0100,23.37,yes
2026-09-30T01:15:37.553359Z,0.0100,187.03,yes
2026-09-30T01:15:38.668603Z,0.0100,11.20,yes
2026-09-30T01:15:39.176776Z,0.0100,280.55,yes
2026-09-30T01:15:39.393527Z,0.0100,187.03,yes
2026-09-30T01:15:41.35201Z,0.0100,280.55,yes
2026-09-30T01:15:43.390738Z,0.0100,657.28,yes
2026-09-30T01:15:43.390738Z,0.0100,277.91,yes
2026-09-30T01:16:06.280004Z,0.0100,187.03,yes
