time,yes_price,contracts,taker
2026-10-04T23:08:14.301146Z,0.0100,504.69,no
2026-10-04T23:08:20.894661Z,0.0100,68.69,no
2026-10-04T23:08:24.498562Z,0.0300,156.06,yes
2026-10-04T23:08:28.876087Z,0.0100,11.71,no
2026-10-04T23:08:31.705848Z,0.0300,312.13,yes
2026-10-04T23:08:31.749946Z,0.0100,100.93,no
2026-10-04T23:08:43.878893Z,0.0100,1704.80,no
2026-10-04T23:08:43.878893Z,0.0100,313.98,no
2026-10-04T23:08:49.342119Z,0.0200,46.79,yes
2026-10-04T23:08:57.498971Z,0.0200,1169.50,yes
2026-10-04T23:09:19.113892Z,0.0100,10.00,no
2026-10-04T23:09:19.113892Z,0.0100,41.00,no
2026-10-04T23:09:19.113892Z,0.0100,0.10,no
2026-10-04T23:09:19.113892Z,0.0100,57.45,no
2026-10-04T23:09:19.113892Z,0.0100,295.20,no
2026-10-04T23:09:59.606857Z,0.0200,46.79,yes
2026-10-04T23:10:07.389261Z,0.0200,233.95,yes
2026-10-04T23:10:54.596271Z,0.0200,46.79,yes
2026-10-04T23:10:56.426384Z,0.0200,0.10,yes
2026-10-04T23:10:56.426384Z,0.0200,160.98,yes
2026-10-04T23:10:56.426384Z,0.0200,62.87,yes
2026-10-04T23:10:56.426384Z,0.0200,10.00,yes
2026-10-04T23:11:59.365877Z,0.0200,39.13,yes
2026-10-04T23:11:59.365877Z,0.0200,68.00,yes
2026-10-04T23:11:59.365877Z,0.0200,307.40,yes
2026-10-04T23:11:59.365877Z,0.0200,53.37,yes
2026-10-04T23:12:05.534682Z,0.0200,10.00,yes
2026-10-04T23:12:05.534682Z,0.0200,1864.23,yes
2026-10-04T23:12:05.534682Z,0.0200,1.63,yes
2026-10-04T23:12:05.534682Z,0.0200,295.20,yes
2026-10-04T23:12:12.068227Z,0.0200,233.95,yes
2026-10-04T23:12:28.403625Z,0.0200,233.95,yes
2026-10-04T23:12:59.605171Z,0.0100,504.69,no
2026-10-04T23:13:11.342798Z,0.0100,222.48,no
2026-10-04T23:13:12.137008Z,0.0100,31.21,no
2026-10-04T23:14:05.062414Z,0.0200,46.79,yes
2026-10-04T23:14:09.483197Z,0.0200,50.00,yes
2026-10-04T23:14:09.483197Z,0.0200,100.00,yes
2026-10-04T23:14:09.483197Z,0.0200,10.00,yes
2026-10-04T23:14:09.483197Z,0.0200,103.21,yes
2026-10-04T23:14:09.483197Z,0.0200,6.00,yes
2026-10-04T23:14:09.483197Z,0.0300,255.21,yes
2026-10-04T23:14:28.045217Z,0.0100,117.48,no
2026-10-04T23:14:31.855197Z,0.0200,140.37,yes
2026-10-04T23:14:36.817861Z,0.0200,37.16,yes
2026-10-04T23:14:36.817861Z,0.0200,9.63,yes
2026-10-04T23:14:38.691782Z,0.0100,39.00,no
2026-10-04T23:14:38.695294Z,0.0100,10.00,no
2026-10-04T23:14:45.40881Z,0.0200,82.58,yes
2026-10-04T23:14:45.40881Z,0.0200,11.00,yes
2026-10-04T23:14:54.71319Z,0.0300,312.13,yes
2026-10-04T23:15:03.972698Z,0.0200,35.79,yes
2026-10-04T23:15:03.972698Z,0.0200,11.00,yes
2026-10-04T23:15:57.595998Z,0.0300,156.06,yes
2026-10-04T23:16:31.632973Z,0.0300,40.89,yes
2026-10-04T23:16:31.632973Z,0.0200,11.00,yes
2026-10-04T23:16:59.878047Z,0.0300,312.13,yes
2026-10-04T23:17:12.420675Z,0.0300,156.06,yes
2026-10-04T23:17:29.841373Z,0.0300,156.06,yes
2026-10-04T23:17:34.71096Z,0.0300,312.13,yes
2026-10-04T23:17:35.967439Z,0.0300,28.09,yes
2026-10-04T23:17:43.77306Z,0.0300,156.06,yes
2026-10-04T23:17:46.643297Z,0.0300,1407.27,yes
2026-10-04T23:18:28.082734Z,0.0300,15.60,yes
2026-10-04T23:18:31.904521Z,0.0300,31.21,yes
2026-10-04T23:18:32.021987Z,0.0300,62.42,yes
2026-10-04T23:18:32.787039Z,0.0300,200.00,yes
2026-10-04T23:19:43.796828Z,0.0300,156.06,yes
2026-10-04T23:19:48.121986Z,0.0300,31.21,yes
2026-10-04T23:20:09.689975Z,0.0300,156.06,yes
2026-10-04T23:20:24.914979Z,0.0100,41.00,no
2026-10-04T23:20:24.914979Z,0.0100,111.71,no
2026-10-04T23:20:24.914979Z,0.0200,20.00,no
2026-10-04T23:21:37.81583Z,0.0200,4.00,yes
2026-10-04T23:21:37.81583Z,0.0200,89.58,yes
2026-10-04T23:21:46.76659Z,0.0200,5.00,yes
2026-10-04T23:21:46.76659Z,0.0200,24.00,yes
2026-10-04T23:21:46.76659Z,0.0200,10.42,yes
2026-10-04T23:21:46.76659Z,0.0300,67.10,yes
2026-10-04T23:21:48.527678Z,0.0300,31.21,yes
2026-10-04T23:22:08.258829Z,0.0300,156.06,yes
2026-10-04T23:22:33.64828Z,0.0100,43.77,no
2026-10-04T23:22:41.744496Z,0.0300,31.21,yes
2026-10-04T23:24:01.491064Z,0.0200,43.77,yes
2026-10-04T23:24:01.491064Z,0.0200,96.60,yes
2026-10-04T23:24:12.937245Z,0.0100,117.12,no
2026-10-04T23:25:08.983503Z,0.0200,3.40,yes
2026-10-04T23:25:08.983503Z,0.0200,62.10,yes
2026-10-04T23:25:34.769964Z,0.0200,55.02,yes
2026-10-04T23:25:34.769964Z,0.0200,38.56,yes
2026-10-04T23:26:09.024446Z,0.0200,16.44,yes
2026-10-04T23:26:09.024446Z,0.0200,40.93,yes
2026-10-04T23:26:09.024446Z,0.0200,10.00,yes
2026-10-04T23:26:18.865972Z,0.0200,46.79,yes
2026-10-04T23:26:28.644544Z,0.0200,25.00,yes
2026-10-04T23:26:32.075395Z,0.0200,226.46,yes
2026-10-04T23:26:37.703862Z,0.0200,187.16,yes
2026-10-04T23:26:39.564792Z,0.0200,5.61,yes
2026-10-04T23:26:40.066502Z,0.0100,8.00,no
2026-10-04T23:26:40.078126Z,0.0100,8.00,no
2026-10-04T23:26:53.5952Z,0.0200,140.37,yes
2026-10-04T23:27:03.904221Z,0.0200,467.90,yes
2026-10-04T23:27:13.151377Z,0.0200,233.95,yes
2026-10-04T23:27:17.486756Z,0.0200,46.79,yes
2026-10-04T23:27:35.766439Z,0.0200,233.95,yes
2026-10-04T23:27:36.474939Z,0.0200,233.95,yes
2026-10-04T23:27:38.391421Z,0.0200,50.00,yes
2026-10-04T23:27:39.429992Z,0.0200,36.50,yes
2026-10-04T23:27:39.579811Z,0.0200,935.80,yes
2026-10-04T23:27:56.946054Z,0.0200,233.95,yes
2026-10-04T23:28:13.090877Z,0.0100,19.50,no
2026-10-04T23:28:14.434029Z,0.0200,233.95,yes
2026-10-04T23:28:17.166429Z,0.0100,114.11,no
2026-10-04T23:28:21.682075Z,0.0200,46.79,yes
2026-10-04T23:28:28.522002Z,0.0200,223.65,yes
2026-10-04T23:28:45.060426Z,0.0200,46.79,yes
2026-10-04T23:28:54.244314Z,0.0200,46.79,yes
2026-10-04T23:28:55.137255Z,0.0200,233.95,yes
2026-10-04T23:28:55.307254Z,0.0200,233.95,yes
2026-10-04T23:28:57.525912Z,0.0200,93.58,yes
2026-10-04T23:29:05.738314Z,0.0200,4.50,yes
2026-10-04T23:29:33.09163Z,0.0200,233.95,yes
2026-10-04T23:29:55.008636Z,0.0200,46.79,yes
2026-10-04T23:29:55.265894Z,0.0200,75.33,yes
2026-10-04T23:30:21.423531Z,0.0200,233.95,yes
2026-10-04T23:30:33.569499Z,0.0200,100.92,yes
2026-10-04T23:30:33.569499Z,0.0200,0.10,yes
2026-10-04T23:30:33.569499Z,0.0200,132.93,yes
2026-10-04T23:30:34.589975Z,0.0200,140.37,yes
2026-10-04T23:30:43.913754Z,0.0200,93.58,yes
2026-10-04T23:31:35.313107Z,0.0200,187.16,yes
2026-10-04T23:31:38.112783Z,0.0200,93.58,yes
2026-10-04T23:31:55.829896Z,0.0200,93.58,yes
2026-10-04T23:31:58.028266Z,0.0200,935.80,yes
2026-10-04T23:32:22.454827Z,0.0200,50.00,yes
2026-10-04T23:32:23.050082Z,0.0200,233.95,yes
2026-10-04T23:32:51.463393Z,0.0100,1.00,no
2026-10-04T23:32:56.595315Z,0.0100,11.00,no
2026-10-04T23:33:43.09371Z,0.0200,467.90,yes
2026-10-04T23:33:51.188767Z,0.0200,467.90,yes
2026-10-04T23:34:00.641694Z,0.0200,233.95,yes
2026-10-04T23:34:09.661134Z,0.0200,56.14,yes
2026-10-04T23:34:18.994342Z,0.0200,93.58,yes
2026-10-04T23:34:27.184982Z,0.0200,23.39,yes
2026-10-04T23:34:28.070306Z,0.0100,1319.07,no
2026-10-04T23:34:28.361963Z,0.0200,46.79,yes
2026-10-04T23:34:43.064596Z,0.0100,8.00,no
2026-10-04T23:35:24.681236Z,0.0200,233.95,yes
2026-10-04T23:35:46.063051Z,0.0200,23.39,yes
2026-10-04T23:36:04.437616Z,0.0200,140.37,yes
2026-10-04T23:36:09.066255Z,0.0100,25.23,no
2026-10-04T23:36:09.922154Z,0.0200,46.79,yes
2026-10-04T23:36:39.649987Z,0.0200,233.95,yes
2026-10-04T23:36:42.471733Z,0.0200,46.79,yes
2026-10-04T23:36:51.467038Z,0.0200,233.95,yes
2026-10-04T23:36:52.202692Z,0.0200,46.79,yes
2026-10-04T23:36:59.273388Z,0.0200,23.39,yes
2026-10-04T23:37:00.95625Z,0.0200,233.95,yes
2026-10-04T23:37:01.70121Z,0.0200,233.95,yes
2026-10-04T23:37:07.878378Z,0.0100,23.42,no
2026-10-04T23:37:12.727151Z,0.0100,100.02,no
2026-10-04T23:37:34.744115Z,0.0200,70.18,yes
2026-10-04T23:37:49.976654Z,0.0200,46.79,yes
2026-10-04T23:38:33.499791Z,0.0200,36.42,yes
2026-10-04T23:38:33.499791Z,0.0200,0.10,yes
2026-10-04T23:38:33.499791Z,0.0200,5.00,yes
2026-10-04T23:38:33.499791Z,0.0200,20.00,yes
2026-10-04T23:38:33.499791Z,0.0200,10.00,yes
2026-10-04T23:38:33.499791Z,0.0200,35.16,yes
2026-10-04T23:38:34.085217Z,0.0200,5.00,yes
2026-10-04T23:38:34.086305Z,0.0200,10.00,yes
2026-10-04T23:38:42.177243Z,0.0200,18.32,yes
2026-10-04T23:38:44.145293Z,0.0200,10.00,yes
2026-10-04T23:38:44.147302Z,0.0200,73.00,yes
2026-10-04T23:38:44.197287Z,0.0200,24.00,yes
2026-10-04T23:38:44.236594Z,0.0200,109.00,yes
2026-10-04T23:38:44.433258Z,0.0200,21.00,yes
2026-10-04T23:38:45.153649Z,0.0200,32.00,yes
2026-10-04T23:38:53.898877Z,0.0200,5.00,yes
2026-10-04T23:38:55.089718Z,0.0300,74.90,yes
2026-10-04T23:38:55.089718Z,0.0300,0.10,yes
2026-10-04T23:38:55.090173Z,0.0300,20.00,yes
2026-10-04T23:38:55.091449Z,0.0300,88.00,yes
2026-10-04T23:38:55.092246Z,0.0300,6.90,yes
2026-10-04T23:38:55.092246Z,0.0300,13.10,yes
2026-10-04T23:38:55.096941Z,0.0300,49.00,yes
2026-10-04T23:38:56.545946Z,0.0300,22.00,yes
2026-10-04T23:38:56.547368Z,0.0300,65.00,yes
2026-10-04T23:39:00.87365Z,0.0300,624.27,yes
2026-10-04T23:39:09.221929Z,0.0300,10.00,yes
2026-10-04T23:39:09.221929Z,0.0300,526.44,yes
2026-10-04T23:39:09.221929Z,0.0600,150.00,yes
2026-10-04T23:39:09.221929Z,0.0900,150.00,yes
2026-10-04T23:39:09.221929Z,0.0700,38.46,yes
2026-10-04T23:39:09.221929Z,0.0900,18.80,yes
2026-10-04T23:39:09.221929Z,0.0800,49.00,yes
2026-10-04T23:39:30.950217Z,0.0600,11.00,yes
2026-10-04T23:39:30.950217Z,0.0600,0.10,yes
2026-10-04T23:39:30.950217Z,0.0500,11.00,yes
2026-10-04T23:39:30.950217Z,0.0500,1.00,yes
2026-10-04T23:39:30.950217Z,0.0500,11.00,yes
2026-10-04T23:39:30.950217Z,0.0600,47.85,yes
2026-10-04T23:39:33.086238Z,0.0800,17.65,yes
2026-10-04T23:39:33.086238Z,0.0700,30.93,yes
2026-10-04T23:39:33.086238Z,0.0800,1.00,yes
2026-10-04T23:39:33.086238Z,0.0700,55.00,yes
2026-10-04T23:39:33.798558Z,0.0800,2.35,yes
2026-10-04T23:39:33.798558Z,0.0800,0.10,yes
2026-10-04T23:39:33.798558Z,0.0800,15.98,yes
2026-10-04T23:39:33.798558Z,0.0700,1.00,yes
2026-10-04T23:39:33.798558Z,0.0700,31.57,yes
2026-10-04T23:39:34.932757Z,0.0600,11.00,yes
2026-10-04T23:39:34.932757Z,0.0700,1.41,yes
2026-10-04T23:39:34.932757Z,0.0700,1.00,yes
2026-10-04T23:39:41.993822Z,0.0500,11.00,yes
2026-10-04T23:39:41.993822Z,0.0500,7.75,yes
2026-10-04T23:39:42.385085Z,0.0500,16.50,yes
2026-10-04T23:39:42.385085Z,0.0500,2.25,yes
2026-10-04T23:39:43.814671Z,0.0700,1.00,yes
2026-10-04T23:39:43.814671Z,0.0800,54.37,yes
2026-10-04T23:39:44.349711Z,0.0800,6.17,yes
2026-10-04T23:39:44.349711Z,0.0700,5.00,yes
2026-10-04T23:39:44.349711Z,0.0800,0.63,yes
2026-10-04T23:39:45.428661Z,0.0800,4.05,yes
2026-10-04T23:39:45.428661Z,0.0600,5.00,yes
2026-10-04T23:39:45.428661Z,0.0700,55.00,yes
2026-10-04T23:39:45.428661Z,0.0800,43.63,yes
2026-10-04T23:39:45.428661Z,0.0700,11.00,yes
2026-10-04T23:39:49.799029Z,0.0600,3.41,yes
2026-10-04T23:39:49.799029Z,0.0600,10.00,yes
2026-10-04T23:39:50.255104Z,0.0600,67.06,yes
2026-10-04T23:40:05.577336Z,0.0600,31.27,yes
2026-10-04T23:40:07.120391Z,0.0600,23.45,yes
2026-10-04T23:40:07.45672Z,0.0600,78.18,yes
2026-10-04T23:40:09.798677Z,0.0600,26.90,yes
2026-10-04T23:40:09.798677Z,0.0600,4.37,yes
2026-10-04T23:40:10.112986Z,0.0600,12.55,yes
2026-10-04T23:40:10.112986Z,0.0600,42.00,yes
2026-10-04T23:40:10.112986Z,0.0600,23.45,yes
2026-10-04T23:40:10.112986Z,0.0700,32.25,yes
2026-10-04T23:40:10.112986Z,0.0600,28.10,yes
2026-10-04T23:40:10.112986Z,0.0600,6.33,yes
2026-10-04T23:40:10.112986Z,0.0700,5.00,yes
2026-10-04T23:40:19.138394Z,0.0500,18.75,yes
2026-10-04T23:40:22.580992Z,0.0500,281.29,yes
2026-10-04T23:40:22.855367Z,0.0500,93.76,yes
2026-10-04T23:40:27.039291Z,0.0400,5.00,no
2026-10-04T23:40:27.039291Z,0.0400,26.21,no
2026-10-04T23:40:29.716219Z,0.0500,37.50,yes
2026-10-04T23:40:35.037215Z,0.0600,0.10,yes
2026-10-04T23:40:35.037215Z,0.0600,5.00,yes
2026-10-04T23:40:35.037215Z,0.0700,26.72,yes
2026-10-04T23:40:35.037215Z,0.0500,68.70,yes
2026-10-04T23:40:35.037215Z,0.0700,0.10,yes
2026-10-04T23:40:38.310407Z,0.0900,1.98,yes
2026-10-04T23:40:38.310407Z,0.0800,1.00,yes
2026-10-04T23:40:38.310407Z,0.0600,11.00,yes
2026-10-04T23:40:38.310407Z,0.0800,0.10,yes
2026-10-04T23:40:41.652618Z,0.1100,55.00,yes
2026-10-04T23:40:41.652618Z,0.0900,5.00,yes
2026-10-04T23:40:41.652618Z,0.1000,11.00,yes
2026-10-04T23:40:41.652618Z,0.1000,55.00,yes
2026-10-04T23:40:41.652618Z,0.1000,11.00,yes
2026-10-04T23:40:41.652618Z,0.1100,2.59,yes
2026-10-04T23:40:41.652618Z,0.1000,1.00,yes
2026-10-04T23:40:41.652618Z,0.1200,35.24,yes
2026-10-04T23:40:48.086763Z,0.0700,9.00,no
2026-10-04T23:40:48.086763Z,0.0800,3.00,no
2026-10-04T23:40:48.086763Z,0.0700,1.00,no
2026-10-04T23:40:48.086763Z,0.0700,7.00,no
2026-10-04T23:40:48.107637Z,0.0700,10.00,no
2026-10-04T23:40:51.990813Z,0.1100,1.00,yes
2026-10-04T23:40:51.990813Z,0.1100,7.00,yes
2026-10-04T23:40:51.990813Z,0.1100,9.11,yes
2026-10-04T23:40:59.469924Z,0.1100,8.16,yes
2026-10-04T23:40:59.469924Z,0.1000,5.00,yes
2026-10-04T23:40:59.469924Z,0.1100,11.00,yes
2026-10-04T23:40:59.469924Z,0.1100,1.89,yes
2026-10-04T23:41:02.541648Z,0.1100,30.00,yes
2026-10-04T23:41:02.541648Z,0.1200,1.00,yes
2026-10-04T23:41:02.541648Z,0.1500,1.00,yes
2026-10-04T23:41:02.541648Z,0.1500,62.00,yes
2026-10-04T23:41:02.541648Z,0.1200,55.00,yes
2026-10-04T23:41:02.541648Z,0.1400,55.00,yes
2026-10-04T23:41:02.541648Z,0.1200,28.00,yes
2026-10-04T23:41:02.541648Z,0.1100,5.00,yes
2026-10-04T23:41:02.541648Z,0.1100,11.00,yes
2026-10-04T23:41:02.541648Z,0.1300,0.10,yes
2026-10-04T23:41:02.541648Z,0.1200,26.88,yes
2026-10-04T23:41:02.541648Z,0.1100,16.00,yes
2026-10-04T23:41:02.541648Z,0.1600,44.34,yes
2026-10-04T23:41:04.876154Z,0.2300,104.26,yes
2026-10-04T23:41:04.876154Z,0.1800,3.00,yes
2026-10-04T23:41:04.876154Z,0.1300,11.00,yes
2026-10-04T23:41:04.876154Z,0.2000,47.00,yes
2026-10-04T23:41:04.876154Z,0.1900,55.00,yes
2026-10-04T23:41:04.876154Z,0.1500,55.00,yes
2026-10-04T23:41:04.876154Z,0.2000,15.01,yes
2026-10-04T23:41:04.876154Z,0.2100,13.41,yes
2026-10-04T23:41:04.876154Z,0.2000,10.00,yes
2026-10-04T23:41:04.876154Z,0.1600,156.26,yes
2026-10-04T23:41:08.708682Z,0.0700,30.00,no
2026-10-04T23:41:08.708682Z,0.0700,0.10,no
2026-10-04T23:41:08.708682Z,0.0800,1.00,no
2026-10-04T23:41:18.903399Z,0.1000,46.19,yes
2026-10-04T23:41:21.881654Z,0.0900,73.42,yes
2026-10-04T23:41:21.881654Z,0.0900,28.00,yes
2026-10-04T23:41:24.31507Z,0.0900,26.58,yes
2026-10-04T23:41:24.31507Z,0.0900,25.64,yes
2026-10-04T23:41:26.326592Z,0.0900,100.00,yes
2026-10-04T23:41:26.326592Z,0.0900,21.00,yes
2026-10-04T23:41:26.326592Z,0.0900,5.00,yes
2026-10-04T23:41:26.326592Z,0.0900,1.00,yes
2026-10-04T23:41:26.326592Z,0.0900,55.00,yes
2026-10-04T23:41:26.326592Z,0.1000,129.93,yes
2026-10-04T23:41:26.326592Z,0.0900,64.36,yes
2026-10-04T23:41:26.436285Z,0.0800,4.00,no
2026-10-04T23:41:26.436285Z,0.0800,4.00,no
2026-10-04T23:41:26.436285Z,0.0800,1.00,no
2026-10-04T23:41:27.868421Z,0.0800,340.56,yes
2026-10-04T23:41:28.680239Z,0.0800,11.74,yes
2026-10-04T23:41:37.713968Z,0.0800,108.04,yes
2026-10-04T23:41:40.931924Z,0.0800,30.66,yes
2026-10-04T23:41:40.931924Z,0.0800,5.00,yes
2026-10-04T23:41:40.931924Z,0.0800,6.14,yes
2026-10-04T23:41:45.524575Z,0.0700,67.00,yes
2026-10-04T23:41:45.524575Z,0.0700,55.00,yes
2026-10-04T23:41:45.524575Z,0.0800,40.48,yes
2026-10-04T23:41:45.524575Z,0.0700,5.00,yes
2026-10-04T23:41:45.524575Z,0.0700,5.00,yes
2026-10-04T23:41:45.524575Z,0.0700,20.00,yes
2026-10-04T23:41:45.952737Z,0.0600,1.00,no
2026-10-04T23:41:45.952737Z,0.0600,3.00,no
2026-10-04T23:41:45.952737Z,0.0600,5.00,no
2026-10-04T23:41:45.952737Z,0.0600,5.00,no
2026-10-04T23:41:45.952737Z,0.0600,17.00,no
2026-10-04T23:41:55.382152Z,0.0600,57.55,yes
2026-10-04T23:41:55.382152Z,0.0600,5.00,yes
2026-10-04T23:41:56.051933Z,0.0600,133.76,yes
2026-10-04T23:42:00.293366Z,0.0600,109.46,yes
2026-10-04T23:42:00.679003Z,0.0600,27.83,yes
2026-10-04T23:42:10.061066Z,0.0600,2.81,yes
2026-10-04T23:42:10.426463Z,0.0600,31.27,yes
2026-10-04T23:42:12.518527Z,0.0600,31.27,yes
2026-10-04T23:42:18.906683Z,0.0600,15.63,yes
2026-10-04T23:42:19.473858Z,0.0500,1.00,no
2026-10-04T23:42:19.725715Z,0.0600,15.63,yes
2026-10-04T23:42:20.076713Z,0.0500,2.00,no
2026-10-04T23:42:21.421041Z,0.0600,7.81,yes
2026-10-04T23:42:22.404711Z,0.0500,17.00,no
2026-10-04T23:42:22.410083Z,0.0500,0.90,no
2026-10-04T23:42:24.245911Z,0.0500,2.00,no
2026-10-04T23:42:24.373074Z,0.0500,11.00,no
2026-10-04T23:42:25.808517Z,0.0600,137.48,yes
2026-10-04T23:42:25.808517Z,0.0600,5.00,yes
2026-10-04T23:42:25.808517Z,0.0600,5.00,yes
2026-10-04T23:42:25.808517Z,0.0600,66.98,yes
2026-10-04T23:42:25.808517Z,0.0600,0.10,yes
2026-10-04T23:42:25.808517Z,0.0600,20.00,yes
2026-10-04T23:42:31.384631Z,0.0600,0.78,yes
2026-10-04T23:42:35.161104Z,0.0600,88.88,yes
2026-10-04T23:42:35.161104Z,0.0600,11.00,yes
2026-10-04T23:42:35.161104Z,0.0600,4.22,yes
2026-10-04T23:42:35.161104Z,0.0600,21.00,yes
2026-10-04T23:42:41.96284Z,0.0600,156.37,yes
2026-10-04T23:42:43.851107Z,0.0600,94.19,yes
2026-10-04T23:42:43.851107Z,0.0600,37.00,yes
2026-10-04T23:42:43.851107Z,0.0600,5.00,yes
2026-10-04T23:42:43.851107Z,0.0600,254.75,yes
2026-10-04T23:42:43.967536Z,0.0600,109.46,yes
2026-10-04T23:43:02.456482Z,0.0600,78.18,yes
2026-10-04T23:43:02.562763Z,0.0600,156.37,yes
2026-10-04T23:43:04.752381Z,0.0600,0.10,yes
2026-10-04T23:43:04.752381Z,0.0600,5.00,yes
2026-10-04T23:43:04.752381Z,0.0600,29.00,yes
2026-10-04T23:43:04.752381Z,0.0600,86.63,yes
2026-10-04T23:43:04.752381Z,0.0600,20.00,yes
2026-10-04T23:43:08.229133Z,0.0600,15.63,yes
2026-10-04T23:43:28.549102Z,0.0600,156.37,yes
2026-10-04T23:43:39.037014Z,0.0600,109.46,yes
2026-10-04T23:43:39.251196Z,0.0600,156.37,yes
2026-10-04T23:43:47.092179Z,0.0600,77.80,yes
2026-10-04T23:43:47.092179Z,0.0600,78.57,yes
2026-10-04T23:43:48.083825Z,0.0500,20.00,no
2026-10-04T23:43:53.75319Z,0.0600,1.00,yes
2026-10-04T23:43:53.75319Z,0.0600,23.75,yes
2026-10-04T23:43:53.75319Z,0.0600,5.00,yes
2026-10-04T23:43:53.75319Z,0.0600,21.43,yes
2026-10-04T23:43:53.75319Z,0.0600,27.00,yes
2026-10-04T23:43:58.901455Z,0.0700,0.10,yes
2026-10-04T23:43:58.901455Z,0.0600,5.00,yes
2026-10-04T23:43:58.901455Z,0.0700,9.02,yes
2026-10-04T23:44:12.773297Z,0.0600,5.00,yes
2026-10-04T23:44:12.773297Z,0.0700,49.35,yes
2026-10-04T23:44:13.703286Z,0.0700,20.00,yes
2026-10-04T23:44:13.703286Z,0.0700,41.63,yes
2026-10-04T23:44:13.703286Z,0.0700,268.39,yes
2026-10-04T23:44:13.703286Z,0.0600,5.00,yes
2026-10-04T23:44:13.703286Z,0.0700,1.00,yes
2026-10-04T23:44:17.699533Z,0.0700,35.94,yes
2026-10-04T23:44:17.699533Z,0.0600,5.00,yes
2026-10-04T23:44:24.257155Z,0.0500,18.00,no
2026-10-04T23:44:25.190331Z,0.0500,7.00,no
2026-10-04T23:44:25.728345Z,0.0500,15.00,no
2026-10-04T23:44:30.365999Z,0.0600,5.00,yes
2026-10-04T23:44:30.365999Z,0.0600,385.94,yes
2026-10-04T23:44:30.980204Z,0.0600,40.00,yes
2026-10-04T23:44:30.980204Z,0.0600,2.21,yes
2026-10-04T23:44:30.980204Z,0.0600,0.10,yes
2026-10-04T23:44:30.980204Z,0.0600,114.06,yes
2026-10-04T23:44:40.919086Z,0.0600,15.63,yes
2026-10-04T23:44:47.368175Z,0.0600,6.47,yes
2026-10-04T23:44:47.368175Z,0.0600,9.16,yes
2026-10-04T23:44:51.097449Z,0.0600,4.53,yes
2026-10-04T23:44:51.097449Z,0.0600,75.40,yes
2026-10-04T23:44:53.861188Z,0.0600,81.44,yes
2026-10-04T23:44:56.436834Z,0.0600,46.91,yes
2026-10-04T23:44:58.466231Z,0.0600,156.37,yes
2026-10-04T23:45:02.964781Z,0.0600,85.00,yes
2026-10-04T23:45:06.315337Z,0.0600,5.00,yes
2026-10-04T23:45:06.315337Z,0.0600,54.88,yes
2026-10-04T23:45:06.315337Z,0.0600,0.10,yes
2026-10-04T23:45:06.315337Z,0.0600,56.39,yes
2026-10-04T23:45:06.315337Z,0.0600,40.00,yes
2026-10-04T23:45:13.212585Z,0.0600,156.37,yes
2026-10-04T23:45:21.152037Z,0.0600,156.37,yes
2026-10-04T23:45:28.410378Z,0.0600,15.63,yes
2026-10-04T23:45:32.12827Z,0.0500,10.00,no
2026-10-04T23:45:32.132157Z,0.0600,115.24,yes
2026-10-04T23:45:32.132157Z,0.0600,1.13,yes
2026-10-04T23:45:32.132157Z,0.0600,40.00,yes
2026-10-04T23:45:39.66483Z,0.0600,11.76,yes
2026-10-04T23:45:39.66483Z,0.0600,3.87,yes
2026-10-04T23:45:45.437066Z,0.0600,9.24,yes
2026-10-04T23:45:45.437066Z,0.0600,147.13,yes
2026-10-04T23:45:45.857341Z,0.0600,0.10,yes
2026-10-04T23:45:45.857341Z,0.0600,13.78,yes
2026-10-04T23:45:45.857341Z,0.0600,298.87,yes
2026-10-04T23:45:53.65649Z,0.0600,46.91,yes
2026-10-04T23:45:55.650398Z,0.0600,156.37,yes
2026-10-04T23:45:56.632989Z,0.0600,282.94,yes
2026-10-04T23:45:56.632989Z,0.0600,40.00,yes
2026-10-04T23:45:56.632989Z,0.0600,5.00,yes
2026-10-04T23:45:56.632989Z,0.0700,303.42,yes
2026-10-04T23:45:56.632989Z,0.0600,100.00,yes
2026-10-04T23:45:56.632989Z,0.0700,0.10,yes
2026-10-04T23:45:59.298385Z,0.0800,0.10,yes
2026-10-04T23:45:59.298385Z,0.0900,0.10,yes
2026-10-04T23:45:59.298385Z,0.0800,93.90,yes
2026-10-04T23:45:59.298385Z,0.0700,196.58,yes
2026-10-04T23:45:59.298385Z,0.1000,9.78,yes
2026-10-04T23:45:59.298385Z,0.0900,10.00,yes
2026-10-04T23:45:59.298385Z,0.0600,5.00,yes
2026-10-04T23:45:59.900562Z,0.0900,11.00,yes
2026-10-04T23:45:59.900562Z,0.0900,26.00,yes
2026-10-04T23:45:59.900562Z,0.1000,11.00,yes
2026-10-04T23:45:59.900562Z,0.1100,2.03,yes
2026-10-04T23:46:03.096613Z,0.1100,1.71,yes
2026-10-04T23:46:03.874395Z,0.0800,21.00,no
2026-10-04T23:46:03.874395Z,0.0800,8.00,no
2026-10-04T23:46:03.874395Z,0.0800,7.00,no
2026-10-04T23:46:09.556612Z,0.0800,20.00,yes
2026-10-04T23:46:10.784018Z,0.0800,63.94,yes
2026-10-04T23:46:10.784018Z,0.0800,5.00,yes
2026-10-04T23:46:10.784018Z,0.0800,25.00,yes
2026-10-04T23:46:21.303166Z,0.0700,35.23,yes
2026-10-04T23:46:21.303166Z,0.0700,5.00,yes
2026-10-04T23:46:28.540678Z,0.0700,19.77,yes
2026-10-04T23:46:28.540678Z,0.0700,7.29,yes
2026-10-04T23:46:28.540678Z,0.0700,40.00,yes
2026-10-04T23:46:29.897963Z,0.0700,1.00,yes
2026-10-04T23:46:32.064488Z,0.0700,111.59,yes
2026-10-04T23:46:35.887876Z,0.0700,13.41,yes
2026-10-04T23:46:37.057912Z,0.0700,268.25,yes
2026-10-04T23:46:39.012705Z,0.0700,201.18,yes
2026-10-04T23:46:40.483685Z,0.0700,134.12,yes
2026-10-04T23:46:42.733737Z,0.0700,26.82,yes
2026-10-04T23:46:50.353698Z,0.0700,98.97,yes
2026-10-04T23:46:50.353698Z,0.0700,236.34,yes
2026-10-04T23:46:50.60126Z,0.0700,13.14,yes
2026-10-04T23:46:54.08094Z,0.0700,15.50,yes
2026-10-04T23:46:55.366766Z,0.0700,53.65,yes
2026-10-04T23:46:59.823856Z,0.0700,111.11,yes
2026-10-04T23:47:03.138512Z,0.0700,6.84,yes
2026-10-04T23:47:03.507572Z,0.0700,29.64,yes
2026-10-04T23:47:04.649126Z,0.0700,21.75,yes
2026-10-04T23:47:04.649126Z,0.0700,15.00,yes
2026-10-04T23:47:04.649126Z,0.0700,31.00,yes
2026-10-04T23:47:04.649126Z,0.0800,43.92,yes
2026-10-04T23:47:04.649126Z,0.0700,5.00,yes
2026-10-04T23:47:04.649126Z,0.0700,0.10,yes
2026-10-04T23:47:04.649126Z,0.0700,4.00,yes
2026-10-04T23:47:04.649126Z,0.0700,1000.00,yes
2026-10-04T23:47:04.649126Z,0.0700,107.00,yes
2026-10-04T23:47:04.649126Z,0.0700,107.21,yes
2026-10-04T23:47:07.888227Z,0.0700,5.00,yes
2026-10-04T23:47:07.888227Z,0.0700,21.82,yes
2026-10-04T23:47:10.581979Z,0.0700,7.12,yes
2026-10-04T23:47:10.581979Z,0.0700,67.00,yes
2026-10-04T23:47:10.581979Z,0.0700,33.18,yes
2026-10-04T23:47:15.173168Z,0.0700,13.41,yes
2026-10-04T23:47:16.573146Z,0.0700,26.82,yes
2026-10-04T23:47:16.713351Z,0.0700,81.47,yes
2026-10-04T23:47:16.713351Z,0.0700,52.65,yes
2026-10-04T23:47:25.505777Z,0.0700,134.12,yes
2026-10-04T23:47:31.305132Z,0.0700,256.76,yes
2026-10-04T23:47:31.305132Z,0.0700,784.41,yes
2026-10-04T23:47:31.305132Z,0.0700,5.00,yes
2026-10-04T23:47:32.842824Z,0.0700,6.70,yes
2026-10-04T23:47:33.218268Z,0.0600,1.00,no
2026-10-04T23:47:33.218268Z,0.0600,42.00,no
2026-10-04T23:47:33.218268Z,0.0600,18.00,no
2026-10-04T23:47:33.218268Z,0.0600,1.00,no
2026-10-04T23:47:33.218268Z,0.0600,6.00,no
2026-10-04T23:47:33.21908Z,0.0500,5.00,no
2026-10-04T23:47:33.21908Z,0.0500,0.10,no
2026-10-04T23:47:33.21908Z,0.0500,2.35,no
2026-10-04T23:47:33.21908Z,0.0500,169.89,no
2026-10-04T23:47:33.219679Z,0.0400,16.00,no
2026-10-04T23:47:33.219679Z,0.0400,50.00,no
2026-10-04T23:47:33.219679Z,0.0400,10.00,no
2026-10-04T23:47:33.219679Z,0.0400,0.10,no
2026-10-04T23:47:33.219679Z,0.0400,41.00,no
2026-10-04T23:47:33.219679Z,0.0400,2.00,no
2026-10-04T23:47:35.42923Z,0.0500,40.00,yes
2026-10-04T23:47:35.42923Z,0.0500,31.28,yes
2026-10-04T23:47:38.335336Z,0.0600,55.00,yes
2026-10-04T23:47:38.335336Z,0.0500,40.00,yes
2026-10-04T23:47:38.335336Z,0.0600,0.10,yes
2026-10-04T23:47:38.335336Z,0.0600,29.87,yes
2026-10-04T23:47:38.335336Z,0.0500,55.00,yes
2026-10-04T23:47:38.335336Z,0.0600,23.32,yes
2026-10-04T23:47:39.642445Z,0.0400,16.96,no
2026-10-04T23:47:41.136029Z,0.0400,41.00,no
2026-10-04T23:47:41.136029Z,0.0400,14.00,no
2026-10-04T23:47:41.136029Z,0.0400,5.00,no
2026-10-04T23:47:41.136029Z,0.0400,17.88,no
2026-10-04T23:47:41.136029Z,0.0400,55.04,no
2026-10-04T23:47:41.136029Z,0.0400,55.00,no
2026-10-04T23:47:41.136029Z,0.0400,7.00,no
2026-10-04T23:47:41.136029Z,0.0400,123.00,no
2026-10-04T23:47:41.136029Z,0.0400,30.00,no
2026-10-04T23:47:41.136029Z,0.0400,20.00,no
2026-10-04T23:47:41.364181Z,0.0700,0.10,yes
2026-10-04T23:47:41.364181Z,0.0700,5.00,yes
2026-10-04T23:47:41.364181Z,0.0700,43.05,yes
2026-10-04T23:47:41.364181Z,0.0600,11.00,yes
2026-10-04T23:47:41.364181Z,0.0600,11.00,yes
2026-10-04T23:47:45.377445Z,0.0300,0.04,no
2026-10-04T23:47:48.703255Z,0.0500,56.25,yes
2026-10-04T23:47:49.983842Z,0.0500,37.50,yes
2026-10-04T23:47:51.562698Z,0.0500,937.64,yes
2026-10-04T23:47:53.006631Z,0.0500,93.76,yes
2026-10-04T23:47:54.40768Z,0.0500,206.28,yes
2026-10-04T23:47:54.817273Z,0.0500,31.27,yes
2026-10-04T23:47:55.519724Z,0.0500,93.76,yes
2026-10-04T23:47:56.714271Z,0.0500,9.37,yes
2026-10-04T23:48:01.244001Z,0.0400,100.00,yes
2026-10-04T23:48:01.244001Z,0.0400,17.64,yes
2026-10-04T23:48:01.244001Z,0.0400,61.61,yes
2026-10-04T23:48:01.244001Z,0.0400,55.00,yes
2026-10-04T23:48:01.293531Z,0.0400,3.74,yes
2026-10-04T23:48:01.404666Z,0.0400,100.00,yes
2026-10-04T23:48:01.404666Z,0.0400,51.65,yes
2026-10-04T23:48:01.404666Z,0.0400,104.00,yes
2026-10-04T23:48:01.404666Z,0.0400,18.00,yes
2026-10-04T23:48:01.404666Z,0.0400,12.00,yes
2026-10-04T23:48:01.477144Z,0.0500,714.20,yes
2026-10-04T23:48:01.523379Z,0.0400,4714.35,no
2026-10-04T23:48:03.058887Z,0.0400,17.12,yes
2026-10-04T23:48:03.058887Z,0.0400,100.00,yes
2026-10-04T23:48:05.323737Z,0.0400,6.00,yes
2026-10-04T23:48:05.323737Z,0.0500,563.33,yes
2026-10-04T23:48:05.323737Z,0.0400,99.88,yes
2026-10-04T23:48:05.323737Z,0.0400,104.00,yes
2026-10-04T23:48:06.01709Z,0.0500,75.01,yes
2026-10-04T23:48:06.23139Z,0.0500,112.51,yes
2026-10-04T23:48:08.128821Z,0.0500,93.76,yes
2026-10-04T23:48:10.825974Z,0.0500,93.76,yes
2026-10-04T23:48:11.948663Z,0.0500,37.50,yes
2026-10-04T23:48:11.998503Z,0.0500,187.52,yes
2026-10-04T23:48:12.96685Z,0.0500,500.00,yes
2026-10-04T23:48:14.888866Z,0.0500,18.75,yes
2026-10-04T23:48:15.119873Z,0.0500,187.52,yes
2026-10-04T23:48:18.393391Z,0.0500,56.25,yes
2026-10-04T23:48:18.75868Z,0.0300,5.00,no
2026-10-04T23:48:18.75868Z,0.0300,0.10,no
2026-10-04T23:48:18.75868Z,0.0300,100.00,no
2026-10-04T23:48:18.75868Z,0.0300,100.00,no
2026-10-04T23:48:18.75868Z,0.0300,269.20,no
2026-10-04T23:48:18.75868Z,0.0300,71.00,no
2026-10-04T23:48:18.75868Z,0.0300,4.00,no
2026-10-04T23:48:18.75868Z,0.0300,11.00,no
2026-10-04T23:48:18.75868Z,0.0300,896.72,no
2026-10-04T23:48:18.75868Z,0.0300,3.00,no
2026-10-04T23:48:18.75868Z,0.0300,0.96,no
2026-10-04T23:48:19.905636Z,0.0400,19.12,yes
2026-10-04T23:48:19.905636Z,0.0400,98.00,yes
2026-10-04T23:48:21.523049Z,0.0400,0.10,yes
2026-10-04T23:48:21.523049Z,0.0400,21.29,yes
2026-10-04T23:48:21.523049Z,0.0400,80.88,yes
2026-10-04T23:48:21.523049Z,0.0500,105.57,yes
2026-10-04T23:48:23.483819Z,0.0500,14.06,yes
2026-10-04T23:48:29.016447Z,0.0500,93.76,yes
2026-10-04T23:48:31.074922Z,0.0500,56.25,yes
2026-10-04T23:48:31.412492Z,0.0500,37.50,yes
2026-10-04T23:48:33.031795Z,0.0500,187.52,yes
2026-10-04T23:48:33.381382Z,0.0300,935.80,no
2026-10-04T23:48:35.565728Z,0.0400,5.00,yes
2026-10-04T23:48:35.565728Z,0.0400,117.00,yes
2026-10-04T23:48:35.565728Z,0.0400,22.23,yes
2026-10-04T23:48:35.565728Z,0.0500,137.06,yes
2026-10-04T23:48:36.270609Z,0.0400,11.10,yes
2026-10-04T23:48:36.270609Z,0.0400,100.00,yes
2026-10-04T23:48:36.270609Z,0.0400,6.02,yes
2026-10-04T23:48:39.171591Z,0.0400,110.98,yes
2026-10-04T23:48:39.171591Z,0.0400,80.00,yes
2026-10-04T23:48:39.171591Z,0.0400,100.00,yes
2026-10-04T23:48:39.171591Z,0.0400,61.00,yes
2026-10-04T23:48:39.171591Z,0.0500,84.54,yes
2026-10-04T23:48:40.701696Z,0.0500,56.25,yes
2026-10-04T23:48:45.55513Z,0.0500,37.50,yes
2026-10-04T23:48:46.622144Z,0.0500,109.74,yes
2026-10-04T23:48:46.622144Z,0.0500,15.00,yes
2026-10-04T23:48:46.622144Z,0.0500,84.05,yes
2026-10-04T23:48:46.622144Z,0.0500,100.00,yes
2026-10-04T23:48:46.622144Z,0.0500,80.00,yes
2026-10-04T23:48:46.622144Z,0.0500,9.69,yes
2026-10-04T23:48:46.622144Z,0.0500,258.63,yes
2026-10-04T23:48:46.622144Z,0.0500,93.00,yes
2026-10-04T23:48:47.491063Z,0.0500,93.76,yes
2026-10-04T23:48:49.655704Z,0.0400,45.00,yes
2026-10-04T23:48:49.655704Z,0.0400,48.76,yes
2026-10-04T23:48:50.459764Z,0.0400,7.00,yes
2026-10-04T23:48:50.459764Z,0.0400,1.00,yes
2026-10-04T23:48:50.459764Z,0.0400,68.24,yes
2026-10-04T23:48:50.459764Z,0.0400,7.00,yes
2026-10-04T23:48:50.459764Z,0.0500,29.62,yes
2026-10-04T23:48:50.918546Z,0.0500,388.56,yes
2026-10-04T23:48:55.381478Z,0.0500,375.05,yes
2026-10-04T23:48:55.520896Z,0.0500,187.52,yes
2026-10-04T23:48:58.552641Z,0.0400,2.34,yes
2026-10-04T23:49:04.285826Z,0.0400,36.66,yes
2026-10-04T23:49:04.285826Z,0.0400,117.00,yes
2026-10-04T23:49:04.285826Z,0.0500,237.32,yes
2026-10-04T23:49:12.161647Z,0.0400,117.00,yes
2026-10-04T23:49:12.161647Z,0.0400,35.00,yes
2026-10-04T23:49:12.161647Z,0.0400,7.00,yes
2026-10-04T23:49:12.161647Z,0.0500,341.49,yes
2026-10-04T23:49:13.066178Z,0.0500,18.75,yes
2026-10-04T23:49:13.992369Z,0.0500,187.52,yes
2026-10-04T23:49:15.093356Z,0.0500,18.75,yes
2026-10-04T23:49:17.952852Z,0.0400,11.47,yes
2026-10-04T23:49:18.573587Z,0.0400,18.53,yes
2026-10-04T23:49:18.573587Z,0.0400,31.83,yes
2026-10-04T23:49:18.68904Z,0.0400,6.83,yes
2026-10-04T23:49:19.042148Z,0.0400,46.85,yes
2026-10-04T23:49:22.0416Z,0.0400,31.49,yes
2026-10-04T23:49:22.0416Z,0.0400,1.00,yes
2026-10-04T23:49:22.0416Z,0.0400,1.00,yes
2026-10-04T23:49:22.0416Z,0.0500,904.15,yes
2026-10-04T23:49:25.811669Z,0.0400,22.02,yes
2026-10-04T23:49:26.134543Z,0.0400,95.45,yes
2026-10-04T23:49:26.134543Z,0.0400,4.98,yes
2026-10-04T23:49:28.152783Z,0.0500,49.73,yes
2026-10-04T23:49:28.152783Z,0.0400,4.00,yes
2026-10-04T23:49:28.152783Z,0.0400,21.55,yes
2026-10-04T23:49:31.356835Z,0.0500,24.17,yes
2026-10-04T23:49:31.356835Z,0.0400,55.00,yes
2026-10-04T23:49:31.356835Z,0.0400,117.00,yes
2026-10-04T23:49:31.356835Z,0.0400,23.00,yes
2026-10-04T23:49:31.356835Z,0.0400,5.00,yes
2026-10-04T23:49:34.16169Z,0.0500,212.65,yes
2026-10-04T23:49:34.577502Z,0.0500,18.75,yes
2026-10-04T23:49:42.042911Z,0.0500,72.94,yes
2026-10-04T23:49:42.042911Z,0.0400,117.00,yes
2026-10-04T23:49:42.042911Z,0.0400,21.00,yes
2026-10-04T23:49:42.042911Z,0.0400,5.00,yes
2026-10-04T23:49:44.732717Z,0.0500,39.52,yes
2026-10-04T23:49:44.732717Z,0.0400,19.00,yes
2026-10-04T23:49:44.732717Z,0.0400,7.00,yes
2026-10-04T23:49:44.732717Z,0.0400,117.00,yes
2026-10-04T23:49:44.732717Z,0.0400,5.00,yes
2026-10-04T23:49:54.577549Z,0.0500,89.62,yes
2026-10-04T23:49:54.577549Z,0.0400,7.00,yes
2026-10-04T23:49:54.577549Z,0.0400,94.00,yes
2026-10-04T23:49:54.577549Z,0.0400,16.00,yes
2026-10-04T23:49:54.577549Z,0.0400,5.00,yes
2026-10-04T23:49:56.284977Z,0.0500,18.75,yes
2026-10-04T23:49:56.383728Z,0.0500,300.04,yes
2026-10-04T23:49:56.532044Z,0.0500,14.14,yes
2026-10-04T23:49:56.69768Z,0.0500,18.75,yes
2026-10-04T23:49:58.141724Z,0.0500,37.50,yes
2026-10-04T23:49:58.288509Z,0.0500,151.85,yes
2026-10-04T23:50:01.564916Z,0.0500,37.50,yes
2026-10-04T23:50:01.755032Z,0.0500,187.52,yes
2026-10-04T23:50:02.030275Z,0.0400,100.00,no
2026-10-04T23:50:02.030275Z,0.0400,100.00,no
2026-10-04T23:50:03.543775Z,0.0400,100.00,no
2026-10-04T23:50:03.543775Z,0.0400,3067.90,no
2026-10-04T23:50:03.543775Z,0.0400,3.00,no
2026-10-04T23:50:03.543775Z,0.0400,9.00,no
2026-10-04T23:50:05.070407Z,0.0400,825.14,no
2026-10-04T23:50:06.456373Z,0.0500,187.52,yes
2026-10-04T23:50:06.582411Z,0.0400,631.18,no
2026-10-04T23:50:08.111618Z,0.0400,340.74,no
2026-10-04T23:50:08.178874Z,0.0500,187.52,yes
2026-10-04T23:50:09.359646Z,0.0500,25.69,yes
2026-10-04T23:50:09.629502Z,0.0400,36.00,no
2026-10-04T23:50:09.629502Z,0.0400,135.04,no
2026-10-04T23:50:09.629502Z,0.0400,2.00,no
2026-10-04T23:50:09.629502Z,0.0400,7.00,no
2026-10-04T23:50:12.535107Z,0.0500,100.00,yes
2026-10-04T23:50:12.535107Z,0.0500,87.52,yes
2026-10-04T23:50:13.469375Z,0.0500,187.52,yes
2026-10-04T23:50:17.200778Z,0.0500,656.35,yes
2026-10-04T23:50:17.773589Z,0.0500,93.76,yes
2026-10-04T23:50:18.169183Z,0.0500,25.00,yes
2026-10-04T23:50:22.341372Z,0.0500,93.76,yes
2026-10-04T23:50:22.736041Z,0.0500,93.76,yes
2026-10-04T23:50:24.630058Z,0.0500,9.37,yes
2026-10-04T23:50:24.837088Z,0.0500,75.01,yes
2026-10-04T23:50:26.02365Z,0.0500,206.28,yes
2026-10-04T23:50:31.368077Z,0.0500,1.68,yes
2026-10-04T23:50:32.43967Z,0.0500,13.50,yes
2026-10-04T23:50:35.499563Z,0.0500,142.85,yes
2026-10-04T23:50:36.537049Z,0.0500,37.50,yes
2026-10-04T23:50:41.53739Z,0.0500,187.52,yes
2026-10-04T23:50:42.056845Z,0.0500,93.76,yes
2026-10-04T23:50:43.761532Z,0.0500,93.76,yes
2026-10-04T23:50:44.497701Z,0.0500,93.76,yes
2026-10-04T23:50:50.739948Z,0.0500,18.75,yes
2026-10-04T23:50:51.404532Z,0.0500,18.75,yes
2026-10-04T23:50:52.545938Z,0.0500,187.52,yes
2026-10-04T23:50:52.872322Z,0.0500,187.52,yes
2026-10-04T23:50:53.073667Z,0.0500,1875.29,yes
2026-10-04T23:50:54.557407Z,0.0500,28.42,yes
2026-10-04T23:50:54.607607Z,0.0500,93.76,yes
2026-10-04T23:50:55.323407Z,0.0500,1.00,yes
2026-10-04T23:50:55.323407Z,0.0500,397.33,yes
2026-10-04T23:50:55.323407Z,0.0500,111.25,yes
2026-10-04T23:50:55.323407Z,0.0500,7.00,yes
2026-10-04T23:50:55.323407Z,0.0500,2.00,yes
2026-10-04T23:50:55.323407Z,0.0500,5.00,yes
2026-10-04T23:50:55.323407Z,0.0500,3.00,yes
2026-10-04T23:50:55.323407Z,0.0500,10.00,yes
2026-10-04T23:50:55.323407Z,0.0500,26.00,yes
2026-10-04T23:50:58.282116Z,0.0500,181.90,yes
2026-10-04T23:50:59.458297Z,0.0500,46.88,yes
2026-10-04T23:51:00.102564Z,0.0500,56.25,yes
2026-10-04T23:51:02.930324Z,0.0500,937.64,yes
2026-10-04T23:51:05.947483Z,0.0400,197.00,no
2026-10-04T23:51:05.947483Z,0.0400,1000.00,no
2026-10-04T23:51:05.947483Z,0.0400,2.00,no
2026-10-04T23:51:05.947483Z,0.0400,41.00,no
2026-10-04T23:51:07.258322Z,0.0400,12.52,yes
2026-10-04T23:51:07.258322Z,0.0400,10.90,yes
2026-10-04T23:51:09.673749Z,0.0400,70.27,yes
2026-10-04T23:51:13.204073Z,0.0400,17.21,yes
2026-10-04T23:51:13.204073Z,0.0400,53.06,yes
2026-10-04T23:51:14.24798Z,0.0400,1.94,yes
2026-10-04T23:51:14.24798Z,0.0400,117.00,yes
2026-10-04T23:51:14.24798Z,0.0400,3.00,yes
2026-10-04T23:51:14.24798Z,0.0400,100.00,yes
2026-10-04T23:51:14.24798Z,0.0400,51.00,yes
2026-10-04T23:51:14.24798Z,0.0500,246.22,yes
2026-10-04T23:51:14.24798Z,0.0400,5.00,yes
2026-10-04T23:51:14.7097Z,0.0400,23.42,yes
2026-10-04T23:51:16.680097Z,0.0400,76.58,yes
2026-10-04T23:51:16.680097Z,0.0400,5.00,yes
2026-10-04T23:51:16.680097Z,0.0400,14.69,yes
2026-10-04T23:51:16.680097Z,0.0400,3.00,yes
2026-10-04T23:51:16.680097Z,0.0500,7.68,yes
2026-10-04T23:51:16.680097Z,0.0400,55.00,yes
2026-10-04T23:51:18.807886Z,0.0500,37.50,yes
2026-10-04T23:51:19.352767Z,0.0500,937.64,yes
2026-10-04T23:51:25.653386Z,0.0400,5.00,yes
2026-10-04T23:51:25.653386Z,0.0400,3.00,yes
2026-10-04T23:51:25.653386Z,0.0400,11.00,yes
2026-10-04T23:51:25.653386Z,0.0400,7.00,yes
2026-10-04T23:51:25.653386Z,0.0500,448.00,yes
2026-10-04T23:51:26.358507Z,0.0500,187.52,yes
2026-10-04T23:51:29.811858Z,0.0500,37.50,yes
2026-10-04T23:51:31.079663Z,0.0400,1923.44,no
2026-10-04T23:51:31.953458Z,0.0500,105.01,yes
2026-10-04T23:51:37.11768Z,0.0400,20.77,no
2026-10-04T23:51:37.533126Z,0.0500,150.02,yes
2026-10-04T23:51:37.764117Z,0.0500,187.52,yes
2026-10-04T23:51:41.037643Z,0.0500,37.50,yes
2026-10-04T23:51:47.850345Z,0.0500,1.00,yes
2026-10-04T23:51:47.850345Z,0.0500,186.52,yes
2026-10-04T23:51:54.578509Z,0.0500,187.52,yes
2026-10-04T23:51:55.415434Z,0.0500,93.76,yes
2026-10-04T23:51:56.793498Z,0.0500,187.52,yes
2026-10-04T23:51:57.149536Z,0.0500,18.75,yes
2026-10-04T23:52:05.832195Z,0.0500,187.52,yes
2026-10-04T23:52:13.407646Z,0.0500,131.27,yes
2026-10-04T23:52:18.845196Z,0.0500,18.75,yes
2026-10-04T23:52:21.053344Z,0.0500,18.75,yes
2026-10-04T23:52:24.752015Z,0.0500,350.86,yes
2026-10-04T23:52:25.006187Z,0.0400,20.77,no
2026-10-04T23:52:30.430329Z,0.0500,18.75,yes
2026-10-04T23:52:30.628054Z,0.0500,68.82,yes
2026-10-04T23:52:32.651055Z,0.0500,4.68,yes
2026-10-04T23:52:42.861697Z,0.0500,18.75,yes
2026-10-04T23:52:47.090681Z,0.0500,318.79,yes
2026-10-04T23:52:50.732795Z,0.0500,112.51,yes
2026-10-04T23:52:52.528076Z,0.0500,677.68,yes
2026-10-04T23:52:52.528076Z,0.0500,100.00,yes
2026-10-04T23:52:52.528076Z,0.0500,100.00,yes
2026-10-04T23:52:52.528076Z,0.0500,147.49,yes
2026-10-04T23:52:52.528076Z,0.0500,100.00,yes
2026-10-04T23:52:53.946639Z,0.0500,93.76,yes
2026-10-04T23:52:55.295433Z,0.0500,37.50,yes
2026-10-04T23:52:55.91001Z,0.0500,9.37,yes
2026-10-04T23:52:58.463174Z,0.0500,79.62,yes
2026-10-04T23:52:58.463174Z,0.0500,17.98,yes
2026-10-04T23:52:58.463174Z,0.0500,2.00,yes
2026-10-04T23:52:58.463174Z,0.0500,181.69,yes
2026-10-04T23:52:58.858197Z,0.0500,367.55,yes
2026-10-04T23:53:00.445575Z,0.0500,393.81,yes
2026-10-04T23:53:02.657839Z,0.0500,93.76,yes
2026-10-04T23:53:06.824173Z,0.0500,93.76,yes
2026-10-04T23:53:08.199933Z,0.0500,13.12,yes
2026-10-04T23:53:12.265899Z,0.0500,18.75,yes
2026-10-04T23:53:13.814299Z,0.0500,93.76,yes
2026-10-04T23:53:14.137147Z,0.0500,37.50,yes
2026-10-04T23:53:15.667601Z,0.0500,52.50,yes
2026-10-04T23:53:16.381143Z,0.0500,93.76,yes
2026-10-04T23:53:19.097606Z,0.0500,93.76,yes
2026-10-04T23:53:23.659893Z,0.0500,31.87,yes
2026-10-04T23:53:25.545524Z,0.0500,37.50,yes
2026-10-04T23:53:26.971597Z,0.0500,187.52,yes
2026-10-04T23:53:28.184443Z,0.0500,0.37,yes
2026-10-04T23:53:28.316128Z,0.0500,18.75,yes
2026-10-04T23:53:30.425048Z,0.0500,11.25,yes
2026-10-04T23:53:35.162974Z,0.0500,0.37,yes
2026-10-04T23:53:36.646196Z,0.0500,9.37,yes
2026-10-04T23:53:38.330031Z,0.0500,18.75,yes
2026-10-04T23:53:40.44391Z,0.0500,56.25,yes
2026-10-04T23:53:40.49332Z,0.0500,2.81,yes
2026-10-04T23:53:40.656938Z,0.0500,357.00,yes
2026-10-04T23:53:44.200374Z,0.0500,8.62,yes
2026-10-04T23:53:48.308387Z,0.0500,18.75,yes
2026-10-04T23:53:51.949097Z,0.0500,93.76,yes
2026-10-04T23:53:53.412285Z,0.0500,200.00,yes
2026-10-04T23:53:56.84696Z,0.0500,29.44,yes
2026-10-04T23:53:57.484229Z,0.0500,206.28,yes
2026-10-04T23:53:57.973081Z,0.0500,75.01,yes
2026-10-04T23:53:58.229857Z,0.0500,168.77,yes
2026-10-04T23:53:58.574051Z,0.0500,93.76,yes
2026-10-04T23:54:05.772746Z,0.0500,187.52,yes
2026-10-04T23:54:05.934743Z,0.0500,93.76,yes
2026-10-04T23:54:06.038224Z,0.0500,112.51,yes
2026-10-04T23:54:06.106108Z,0.0500,37.50,yes
2026-10-04T23:54:06.602412Z,0.0500,18.75,yes
2026-10-04T23:54:06.766419Z,0.0500,9.37,yes
2026-10-04T23:54:08.652823Z,0.0500,93.95,yes
2026-10-04T23:54:10.430343Z,0.0500,262.54,yes
2026-10-04T23:54:11.208604Z,0.0500,93.76,yes
2026-10-04T23:54:11.845338Z,0.0500,187.52,yes
2026-10-04T23:54:12.531215Z,0.0500,937.64,yes
2026-10-04T23:54:12.785998Z,0.0500,168.77,yes
2026-10-04T23:54:14.925717Z,0.0500,1.00,yes
2026-10-04T23:54:14.925717Z,0.0500,145.62,yes
2026-10-04T23:54:14.925717Z,0.0500,40.90,yes
2026-10-04T23:54:15.212618Z,0.0500,139.10,yes
2026-10-04T23:54:15.212618Z,0.0500,20.00,yes
2026-10-04T23:54:15.212618Z,0.0500,591.01,yes
2026-10-04T23:54:15.64369Z,0.0500,937.64,yes
2026-10-04T23:54:15.881473Z,0.0500,375.05,yes
2026-10-04T23:54:17.493744Z,0.0500,1012.65,yes
2026-10-04T23:54:20.51416Z,0.0500,4.00,yes
2026-10-04T23:54:20.51416Z,0.0500,3.00,yes
2026-10-04T23:54:20.51416Z,0.0500,15.00,yes
2026-10-04T23:54:20.51416Z,0.0500,7.00,yes
2026-10-04T23:54:20.51416Z,0.0500,64.76,yes
2026-10-04T23:54:25.560418Z,0.0500,206.28,yes
2026-10-04T23:54:26.349961Z,0.0400,122.90,no
2026-10-04T23:54:28.456553Z,0.0600,116.19,yes
2026-10-04T23:54:28.456553Z,0.0600,5.00,yes
2026-10-04T23:54:28.456553Z,0.0500,2.00,yes
2026-10-04T23:54:28.456553Z,0.0500,1.00,yes
2026-10-04T23:54:28.456553Z,0.0500,1.00,yes
2026-10-04T23:54:28.456553Z,0.0500,15.00,yes
2026-10-04T23:54:28.456553Z,0.0500,1.72,yes
2026-10-04T23:54:28.456553Z,0.0500,7.00,yes
2026-10-04T23:54:28.456553Z,0.0500,14.43,yes
2026-10-04T23:54:29.510754Z,0.0600,138.62,yes
2026-10-04T23:54:29.510754Z,0.0500,5.00,yes
2026-10-04T23:54:29.510754Z,0.0500,15.00,yes
2026-10-04T23:54:30.322843Z,0.0600,44.87,yes
2026-10-04T23:54:30.322843Z,0.0500,5.00,yes
2026-10-04T23:54:30.322843Z,0.0500,15.00,yes
2026-10-04T23:54:30.92662Z,0.0500,3.12,yes
2026-10-04T23:54:31.564831Z,0.0600,47.60,yes
2026-10-04T23:54:31.564831Z,0.0500,15.00,yes
2026-10-04T23:54:31.564831Z,0.0500,1.88,yes
2026-10-04T23:54:31.878226Z,0.0600,0.12,yes
2026-10-04T23:54:31.962434Z,0.0600,61.45,yes
2026-10-04T23:54:31.962434Z,0.0500,5.00,yes
2026-10-04T23:54:31.962434Z,0.0500,15.00,yes
2026-10-04T23:54:32.243699Z,0.0600,156.37,yes
2026-10-04T23:54:32.973693Z,0.0600,73.96,yes
2026-10-04T23:54:32.973693Z,0.0500,5.00,yes
2026-10-04T23:54:35.152244Z,0.0500,93.76,yes
2026-10-04T23:54:36.863509Z,0.0600,11.41,yes
2026-10-04T23:54:36.863509Z,0.0500,5.00,yes
2026-10-04T23:54:40.045285Z,0.0600,61.45,yes
2026-10-04T23:54:40.045285Z,0.0500,5.00,yes
2026-10-04T23:54:40.045285Z,0.0500,15.00,yes
2026-10-04T23:54:40.106066Z,0.0600,312.75,yes
2026-10-04T23:54:41.748859Z,0.0500,13.75,yes
2026-10-04T23:54:41.748859Z,0.0500,5.00,yes
2026-10-04T23:54:41.80455Z,0.0600,156.37,yes
2026-10-04T23:54:42.307408Z,0.0600,0.31,yes
2026-10-04T23:54:42.64165Z,0.0600,73.18,yes
2026-10-04T23:54:42.64165Z,0.0500,5.00,yes
2026-10-04T23:54:43.719712Z,0.0600,292.75,yes
2026-10-04T23:54:43.719712Z,0.0500,15.00,yes
2026-10-04T23:54:43.719712Z,0.0500,5.00,yes
2026-10-04T23:54:44.625456Z,0.0600,79.14,yes
2026-10-04T23:54:44.625456Z,0.0500,5.00,yes
2026-10-04T23:54:44.625456Z,0.0500,15.00,yes
2026-10-04T23:54:44.751799Z,0.0600,78.18,yes
2026-10-04T23:54:45.380568Z,0.0600,58.18,yes
2026-10-04T23:54:45.380568Z,0.0500,5.00,yes
2026-10-04T23:54:45.380568Z,0.0500,15.00,yes
2026-10-04T23:54:45.430163Z,0.0600,78.18,yes
2026-10-04T23:54:46.321287Z,0.0600,22.84,yes
2026-10-04T23:54:46.321287Z,0.0500,5.00,yes
2026-10-04T23:54:46.321287Z,0.0500,15.00,yes
2026-10-04T23:54:46.582159Z,0.0600,125.10,yes
2026-10-04T23:54:48.348069Z,0.0600,61.45,yes
2026-10-04T23:54:48.348069Z,0.0500,15.00,yes
2026-10-04T23:54:48.348069Z,0.0500,5.00,yes
2026-10-04T23:54:49.004765Z,0.0600,73.19,yes
2026-10-04T23:54:49.004765Z,0.0500,5.00,yes
2026-10-04T23:54:49.643737Z,0.0600,125.00,yes
2026-10-04T23:54:49.856941Z,0.0600,307.75,yes
2026-10-04T23:54:49.856941Z,0.0500,5.00,yes
2026-10-04T23:54:50.024278Z,0.0600,125.10,yes
2026-10-04T23:54:50.113709Z,0.0600,78.18,yes
2026-10-04T23:54:50.792947Z,0.0600,381.94,yes
2026-10-04T23:54:50.792947Z,0.0500,5.00,yes
2026-10-04T23:54:50.792947Z,0.0500,4.00,yes
2026-10-04T23:54:51.20708Z,0.0600,233.76,yes
2026-10-04T23:54:51.42722Z,0.0500,5.63,yes
2026-10-04T23:54:51.42722Z,0.0500,5.00,yes
2026-10-04T23:54:51.42722Z,0.0500,5.00,yes
2026-10-04T23:54:52.56776Z,0.0600,88.82,yes
2026-10-04T23:54:52.56776Z,0.0500,5.00,yes
2026-10-04T23:54:55.732145Z,0.0500,11.27,yes
2026-10-04T23:54:55.732145Z,0.0500,15.00,yes
2026-10-04T23:54:55.732145Z,0.0500,5.00,yes
2026-10-04T23:54:55.785813Z,0.0500,18.75,yes
2026-10-04T23:54:55.834043Z,0.0500,50.18,yes
2026-10-04T23:54:58.051899Z,0.0400,5.00,no
2026-10-04T23:54:58.906923Z,0.0600,139.64,yes
2026-10-04T23:54:58.906923Z,0.0500,5.00,yes
2026-10-04T23:54:58.906923Z,0.0500,15.00,yes
2026-10-04T23:54:59.248209Z,0.0600,769.44,yes
2026-10-04T23:54:59.795333Z,0.0600,24.27,yes
2026-10-04T23:54:59.795333Z,0.0500,2.00,yes
2026-10-04T23:54:59.795333Z,0.0500,5.00,yes
2026-10-04T23:55:00.207357Z,0.0600,292.75,yes
2026-10-04T23:55:00.207357Z,0.0500,5.00,yes
2026-10-04T23:55:00.207357Z,0.0500,15.00,yes
2026-10-04T23:55:02.098865Z,0.0600,60.31,yes
2026-10-04T23:55:02.098865Z,0.0500,5.00,yes
2026-10-04T23:55:02.098865Z,0.0500,15.00,yes
2026-10-04T23:55:02.648471Z,0.0600,750.60,yes
2026-10-04T23:55:03.330639Z,0.0600,295.69,yes
2026-10-04T23:55:03.330639Z,0.0500,5.00,yes
2026-10-04T23:55:03.330639Z,0.0500,9.00,yes
2026-10-04T23:55:03.573245Z,0.0400,5.00,no
2026-10-04T23:55:05.199412Z,0.0600,60.73,yes
2026-10-04T23:55:05.199412Z,0.0500,5.00,yes
2026-10-04T23:55:05.199412Z,0.0500,15.00,yes
2026-10-04T23:55:05.199412Z,0.0500,1.00,yes
2026-10-04T23:55:06.053807Z,0.0600,73.18,yes
2026-10-04T23:55:06.053807Z,0.0500,5.00,yes
2026-10-04T23:55:06.302745Z,0.0600,15.63,yes
2026-10-04T23:55:07.914209Z,0.0500,4.68,yes
2026-10-04T23:55:08.449718Z,0.0600,65.36,yes
2026-10-04T23:55:08.449718Z,0.0500,0.32,yes
2026-10-04T23:55:08.449718Z,0.0500,15.00,yes
2026-10-04T23:55:09.847813Z,0.0600,1515.68,yes
2026-10-04T23:55:09.847813Z,0.0500,5.00,yes
2026-10-04T23:55:09.847813Z,0.0500,15.00,yes
2026-10-04T23:55:11.911898Z,0.0600,65.85,yes
2026-10-04T23:55:11.911898Z,0.0500,5.00,yes
2026-10-04T23:55:11.911898Z,0.0500,8.00,yes
2026-10-04T23:55:12.887638Z,0.0600,103.24,yes
2026-10-04T23:55:12.887638Z,0.0500,5.00,yes
2026-10-04T23:55:12.990354Z,0.0600,77.38,yes
2026-10-04T23:55:15.763684Z,0.0500,4.68,yes
2026-10-04T23:55:17.402219Z,0.0600,18.04,yes
2026-10-04T23:55:17.402219Z,0.0500,15.00,yes
2026-10-04T23:55:17.402219Z,0.0500,0.32,yes
2026-10-04T23:55:18.897105Z,0.0600,27.20,yes
2026-10-04T23:55:18.897105Z,0.0500,5.00,yes
2026-10-04T23:55:19.936722Z,0.0600,293.53,yes
2026-10-04T23:55:19.936722Z,0.0500,5.00,yes
2026-10-04T23:55:19.936722Z,0.0500,15.00,yes
2026-10-04T23:55:20.426153Z,0.0600,31.40,yes
2026-10-04T23:55:22.957297Z,0.0400,1486.50,no
2026-10-04T23:55:23.212147Z,0.0500,9.00,yes
2026-10-04T23:55:23.212147Z,0.0500,8.17,yes
2026-10-04T23:55:23.212147Z,0.0500,9.88,yes
2026-10-04T23:55:23.212147Z,0.0500,5.00,yes
2026-10-04T23:55:23.222274Z,0.0600,53.84,yes
2026-10-04T23:55:23.222274Z,0.0500,20.00,yes
2026-10-04T23:55:23.222274Z,0.0500,5.12,yes
2026-10-04T23:55:23.60356Z,0.0600,810.63,yes
2026-10-04T23:55:23.60356Z,0.0500,1.00,yes
2026-10-04T23:55:23.60356Z,0.0500,15.00,yes
2026-10-04T23:55:23.60356Z,0.0500,6.84,yes
2026-10-04T23:55:24.489157Z,0.0400,6.00,no
2026-10-04T23:55:24.489157Z,0.0400,2.00,no
2026-10-04T23:55:24.489157Z,0.0400,1415.62,no
2026-10-04T23:55:24.489157Z,0.0400,0.10,no
2026-10-04T23:55:24.489157Z,0.0400,138.91,no
2026-10-04T23:55:25.034055Z,0.0500,5.00,yes
2026-10-04T23:55:25.034055Z,0.0500,7.00,yes
2026-10-04T23:55:25.034055Z,0.0500,14.00,yes
2026-10-04T23:55:25.034055Z,0.0500,5.90,yes
2026-10-04T23:55:25.034055Z,0.0500,15.00,yes
2026-10-04T23:55:25.034055Z,0.0600,267.30,yes
2026-10-04T23:55:25.588672Z,0.0500,0.37,yes
2026-10-04T23:55:25.775768Z,0.0500,5.92,yes
2026-10-04T23:55:25.775768Z,0.0500,5.00,yes
2026-10-04T23:55:25.775768Z,0.0500,2.00,yes
2026-10-04T23:55:25.775768Z,0.0600,81.22,yes
2026-10-04T23:55:26.664919Z,0.0500,5.00,yes
2026-10-04T23:55:26.664919Z,0.0500,5.12,yes
2026-10-04T23:55:26.664919Z,0.0500,15.00,yes
2026-10-04T23:55:26.664919Z,0.0500,1.00,yes
2026-10-04T23:55:26.664919Z,0.0600,133.70,yes
2026-10-04T23:55:29.118072Z,0.0500,8.12,yes
2026-10-04T23:55:29.118072Z,0.0500,5.00,yes
2026-10-04T23:55:29.813292Z,0.0500,5.00,yes
2026-10-04T23:55:29.813292Z,0.0600,11.39,yes
2026-10-04T23:55:30.301839Z,0.0500,5.00,yes
2026-10-04T23:55:30.301839Z,0.0600,151.37,yes
2026-10-04T23:55:30.975253Z,0.0500,5.00,yes
2026-10-04T23:55:30.975253Z,0.0600,58.12,yes
2026-10-04T23:55:33.973252Z,0.0500,5.00,yes
2026-10-04T23:55:33.973252Z,0.0500,15.00,yes
2026-10-04T23:55:33.973252Z,0.0600,139.64,yes
2026-10-04T23:55:37.21592Z,0.0500,15.00,yes
2026-10-04T23:55:37.21592Z,0.0500,5.00,yes
2026-10-04T23:55:37.21592Z,0.0600,30.18,yes
2026-10-04T23:55:38.158966Z,0.0500,5.00,yes
2026-10-04T23:55:38.158966Z,0.0600,110.62,yes
2026-10-04T23:55:38.480026Z,0.0600,182.17,yes
2026-10-04T23:55:40.688403Z,0.0500,5.00,yes
2026-10-04T23:55:40.688403Z,0.0600,152.15,yes
2026-10-04T23:55:42.914136Z,0.0500,5.00,yes
2026-10-04T23:55:45.662685Z,0.0500,5.00,yes
2026-10-04T23:55:45.662685Z,0.0600,230.34,yes
2026-10-04T23:55:46.223231Z,0.0600,230.63,yes
2026-10-04T23:55:47.390077Z,0.0500,5.00,yes
2026-10-04T23:55:47.390077Z,0.0600,3.59,yes
2026-10-04T23:55:48.544175Z,0.0500,5.00,yes
2026-10-04T23:55:48.544175Z,0.0600,35.49,yes
2026-10-04T23:55:50.546589Z,0.0500,5.00,yes
2026-10-04T23:55:50.546589Z,0.0600,3.59,yes
2026-10-04T23:55:51.643899Z,0.0500,5.00,yes
2026-10-04T23:55:51.643899Z,0.0600,10.63,yes
2026-10-04T23:55:52.872399Z,0.0500,5.00,yes
2026-10-04T23:55:52.872399Z,0.0600,73.96,yes
2026-10-04T23:55:54.594889Z,0.0500,5.00,yes
2026-10-04T23:55:54.594889Z,0.0600,6.41,yes
2026-10-04T23:55:55.541007Z,0.0500,5.00,yes
2026-10-04T23:55:55.541007Z,0.0600,7.82,yes
2026-10-04T23:55:58.063222Z,0.0500,5.00,yes
2026-10-04T23:55:58.063222Z,0.0600,73.96,yes
2026-10-04T23:56:02.832042Z,0.0600,390.94,yes
2026-10-04T23:56:04.490105Z,0.0600,12.51,yes
2026-10-04T23:56:04.516753Z,0.0600,46.91,yes
2026-10-04T23:56:05.334708Z,0.0600,312.75,yes
2026-10-04T23:56:05.408279Z,0.0600,38.78,yes
2026-10-04T23:56:05.796543Z,0.0600,41.00,yes
2026-10-04T23:56:07.385166Z,0.0600,154.00,yes
2026-10-04T23:56:10.728587Z,0.0500,82.56,no
2026-10-04T23:56:11.007598Z,0.0600,37.37,yes
2026-10-04T23:56:11.396811Z,0.0600,234.56,yes
2026-10-04T23:56:11.622509Z,0.0600,78.18,yes
2026-10-04T23:56:12.221023Z,0.0500,1.00,no
2026-10-04T23:56:12.221023Z,0.0500,5.00,no
2026-10-04T23:56:12.221023Z,0.0500,117.44,no
2026-10-04T23:56:12.221023Z,0.0500,100.00,no
2026-10-04T23:56:12.221023Z,0.0500,56.00,no
2026-10-04T23:56:14.134887Z,0.0600,49.87,yes
2026-10-04T23:56:14.701299Z,0.0600,78.18,yes
2026-10-04T23:56:16.859977Z,0.0600,781.88,yes
2026-10-04T23:56:17.043481Z,0.0600,422.21,yes
2026-10-04T23:56:20.559609Z,0.0400,71.78,no
2026-10-04T23:56:20.559609Z,0.0400,32.09,no
2026-10-04T23:56:22.696416Z,0.0600,312.75,yes
2026-10-04T23:56:23.632179Z,0.0600,62.55,yes
2026-10-04T23:56:27.291477Z,0.0600,46.91,yes
2026-10-04T23:56:28.443401Z,0.0600,156.37,yes
2026-10-04T23:56:28.576392Z,0.0400,28.22,no
2026-10-04T23:56:28.576392Z,0.0400,179.53,no
2026-10-04T23:56:28.598116Z,0.0600,78.18,yes
2026-10-04T23:56:29.627177Z,0.0600,1.56,yes
2026-10-04T23:56:29.886046Z,0.0600,62.55,yes
2026-10-04T23:56:30.972858Z,0.0600,1.09,yes
2026-10-04T23:56:31.844536Z,0.0600,60.36,yes
2026-10-04T23:56:32.63274Z,0.0600,15.63,yes
2026-10-04T23:56:35.732699Z,0.0500,93.76,yes
2026-10-04T23:56:37.917933Z,0.0500,82.69,yes
2026-10-04T23:56:37.917933Z,0.0500,11.07,yes
2026-10-04T23:56:39.776745Z,0.0600,31.27,yes
2026-10-04T23:56:42.09844Z,0.0600,31.27,yes
2026-10-04T23:56:43.195376Z,0.0600,1426.21,yes
2026-10-04T23:56:43.195376Z,0.0600,0.10,yes
2026-10-04T23:56:43.195376Z,0.0600,37.46,yes
2026-10-04T23:56:43.195376Z,0.0600,100.00,yes
2026-10-04T23:56:47.061983Z,0.0600,31.27,yes
2026-10-04T23:56:49.723937Z,0.0600,46.91,yes
2026-10-04T23:56:53.097255Z,0.0600,5.00,yes
2026-10-04T23:56:53.097255Z,0.0600,7.37,yes
2026-10-04T23:56:53.097255Z,0.0600,1551.40,yes
2026-10-04T23:56:53.176007Z,0.0600,47.63,yes
2026-10-04T23:56:53.176007Z,0.0600,30.24,yes
2026-10-04T23:56:53.439857Z,0.0500,1.00,no
2026-10-04T23:56:53.439857Z,0.0500,1.00,no
2026-10-04T23:56:53.439857Z,0.0500,67.00,no
2026-10-04T23:56:53.439857Z,0.0500,57.00,no
2026-10-04T23:56:53.439857Z,0.0500,1.00,no
2026-10-04T23:56:53.439857Z,0.0500,173.00,no
2026-10-04T23:56:53.439857Z,0.0500,123.00,no
2026-10-04T23:56:53.439857Z,0.0500,41.31,no
2026-10-04T23:56:53.439857Z,0.0500,40.00,no
2026-10-04T23:56:54.961208Z,0.0500,67.00,no
2026-10-04T23:56:54.961208Z,0.0500,100.00,no
2026-10-04T23:56:54.961208Z,0.0500,123.00,no
2026-10-04T23:56:56.495241Z,0.0500,100.00,no
2026-10-04T23:56:56.495241Z,0.0500,183.00,no
2026-10-04T23:56:56.495241Z,0.0500,67.00,no
2026-10-04T23:56:56.495241Z,0.0500,123.00,no
2026-10-04T23:56:56.495241Z,0.0500,118.00,no
2026-10-04T23:56:57.983654Z,0.0500,96.76,no
2026-10-04T23:56:57.983654Z,0.0500,123.00,no
2026-10-04T23:56:57.983654Z,0.0500,67.00,no
2026-10-04T23:56:57.983654Z,0.0500,3.00,no
2026-10-04T23:56:58.772295Z,0.0600,20.00,yes
2026-10-04T23:56:58.772295Z,0.0600,58.18,yes
2026-10-04T23:56:59.483228Z,0.0500,3.24,no
2026-10-04T23:56:59.483228Z,0.0500,24.56,no
2026-10-04T23:56:59.483228Z,0.0500,1.00,no
2026-10-04T23:56:59.993444Z,0.0600,16.73,yes
2026-10-04T23:57:00.7369Z,0.0600,93.82,yes
2026-10-04T23:57:02.26382Z,0.0600,10.80,yes
2026-10-04T23:57:02.26382Z,0.0600,5.00,yes
2026-10-04T23:57:02.26382Z,0.0700,11.80,yes
2026-10-04T23:57:02.588804Z,0.0500,1.33,no
2026-10-04T23:57:02.899835Z,0.0700,30.17,yes
2026-10-04T23:57:04.051635Z,0.0600,5.00,yes
2026-10-04T23:57:04.051635Z,0.0700,129.83,yes
2026-10-04T23:57:05.002836Z,0.0500,2.41,no
2026-10-04T23:57:06.516674Z,0.0500,78.00,no
2026-10-04T23:57:06.516674Z,0.0500,63.26,no
2026-10-04T23:57:06.516674Z,0.0500,1.00,no
2026-10-04T23:57:06.516674Z,0.0500,3.00,no
2026-10-04T23:57:06.516674Z,0.0500,36.00,no
2026-10-04T23:57:06.516674Z,0.0500,41.00,no
2026-10-04T23:57:06.516674Z,0.0500,61.91,no
2026-10-04T23:57:06.516674Z,0.0500,100.00,no
2026-10-04T23:57:06.516674Z,0.0500,31.00,no
2026-10-04T23:57:07.585145Z,0.0900,34.36,yes
2026-10-04T23:57:07.585145Z,0.0700,11.00,yes
2026-10-04T23:57:07.585145Z,0.0800,61.91,yes
2026-10-04T23:57:07.585145Z,0.0700,8.09,yes
2026-10-04T23:57:08.035742Z,0.0500,3.00,no
2026-10-04T23:57:08.035742Z,0.0500,1.00,no
2026-10-04T23:57:08.035742Z,0.0500,1.00,no
2026-10-04T23:57:08.035742Z,0.0500,67.00,no
2026-10-04T23:57:08.035742Z,0.0500,16.00,no
2026-10-04T23:57:08.035742Z,0.0500,41.00,no
2026-10-04T23:57:11.65958Z,0.0600,79.92,no
2026-10-04T23:57:12.819757Z,0.0800,30.00,yes
2026-10-04T23:57:12.819757Z,0.0800,50.11,yes
2026-10-04T23:57:12.819757Z,0.0800,11.00,yes
2026-10-04T23:57:12.819757Z,0.0800,11.00,yes
2026-10-04T23:57:12.819757Z,0.0700,5.00,yes
2026-10-04T23:57:12.819757Z,0.0700,5.00,yes
2026-10-04T23:57:14.090381Z,0.0800,38.25,yes
2026-10-04T23:57:14.090381Z,0.0800,11.00,yes
2026-10-04T23:57:14.090381Z,0.0700,5.00,yes
2026-10-04T23:57:14.090381Z,0.0700,5.00,yes
2026-10-04T23:57:15.365897Z,0.0900,75.59,yes
2026-10-04T23:57:15.365897Z,0.0900,25.00,yes
2026-10-04T23:57:15.365897Z,0.0800,5.00,yes
2026-10-04T23:57:15.365897Z,0.0800,11.00,yes
2026-10-04T23:57:17.131205Z,0.0700,107.43,yes
2026-10-04T23:57:17.836922Z,0.0800,289.27,yes
2026-10-04T23:57:17.836922Z,0.0700,5.00,yes
2026-10-04T23:57:17.836922Z,0.0700,166.00,yes
2026-10-04T23:57:17.878899Z,0.0600,30.37,no
2026-10-04T23:57:18.610625Z,0.0700,134.12,yes
2026-10-04T23:57:18.789012Z,0.0700,11.00,yes
2026-10-04T23:57:18.789012Z,0.0700,33.88,yes
2026-10-04T23:57:18.789012Z,0.0700,22.18,yes
2026-10-04T23:57:19.402654Z,0.0600,1.00,no
2026-10-04T23:57:19.402654Z,0.0600,2.00,no
2026-10-04T23:57:19.402654Z,0.0600,10.63,no
2026-10-04T23:57:19.402654Z,0.0600,55.00,no
2026-10-04T23:57:19.402654Z,0.0600,30.00,no
2026-10-04T23:57:19.402654Z,0.0600,12.00,no
2026-10-04T23:57:20.935538Z,0.0600,41.00,no
2026-10-04T23:57:20.935538Z,0.0600,181.00,no
2026-10-04T23:57:22.351422Z,0.0700,160.00,yes
2026-10-04T23:57:22.351422Z,0.0700,55.00,yes
2026-10-04T23:57:22.351422Z,0.1300,12.04,yes
2026-10-04T23:57:22.351422Z,0.1300,71.00,yes
2026-10-04T23:57:22.351422Z,0.0700,5.00,yes
2026-10-04T23:57:22.351422Z,0.1000,100.00,yes
2026-10-04T23:57:22.351422Z,0.0800,710.73,yes
2026-10-04T23:57:22.459795Z,0.0600,55.00,no
2026-10-04T23:57:22.459795Z,0.0600,41.00,no
2026-10-04T23:57:23.236365Z,0.0600,96.76,no
2026-10-04T23:57:23.236365Z,0.0600,98.24,no
2026-10-04T23:57:23.99719Z,0.0600,1.00,no
2026-10-04T23:57:23.99719Z,0.0600,96.24,no
2026-10-04T23:57:23.99719Z,0.0600,7.00,no
2026-10-04T23:57:23.99719Z,0.0600,50.00,no
2026-10-04T23:57:23.99719Z,0.0600,1.00,no
2026-10-04T23:57:23.99719Z,0.0600,41.00,no
2026-10-04T23:57:23.99719Z,0.0600,55.00,no
2026-10-04T23:57:23.99719Z,0.0600,2.00,no
2026-10-04T23:57:26.033329Z,0.0700,0.13,yes
2026-10-04T23:57:27.07391Z,0.0800,58.71,yes
2026-10-04T23:57:27.203085Z,0.0600,198.00,no
2026-10-04T23:57:28.730004Z,0.0600,45.48,no
2026-10-04T23:57:28.730004Z,0.0600,41.00,no
2026-10-04T23:57:28.730004Z,0.0600,1.00,no
2026-10-04T23:57:28.730004Z,0.0600,55.00,no
2026-10-04T23:57:28.730004Z,0.0600,1.00,no
2026-10-04T23:57:32.380846Z,0.0700,2.41,yes
2026-10-04T23:57:32.380846Z,0.0700,11.00,yes
2026-10-04T23:57:32.954961Z,0.0700,1.34,yes
2026-10-04T23:57:33.855834Z,0.0600,17.43,no
2026-10-04T23:57:35.375404Z,0.0600,1.00,no
2026-10-04T23:57:35.375404Z,0.0600,1.00,no
2026-10-04T23:57:35.375404Z,0.0600,41.00,no
2026-10-04T23:57:35.375404Z,0.0600,37.57,no
2026-10-04T23:57:36.632309Z,0.0700,9.66,yes
2026-10-04T23:57:36.632309Z,0.0800,50.14,yes
2026-10-04T23:57:36.87659Z,0.0600,17.43,no
2026-10-04T23:57:36.87659Z,0.0600,55.00,no
2026-10-04T23:57:36.87659Z,0.0600,41.00,no
2026-10-04T23:57:37.3631Z,0.0800,27.99,yes
2026-10-04T23:57:37.3631Z,0.0800,5.00,yes
2026-10-04T23:57:37.3631Z,0.0800,83.15,yes
2026-10-04T23:57:41.018672Z,0.0600,20.00,yes
2026-10-04T23:57:41.018672Z,0.0600,5.00,yes
2026-10-04T23:57:41.018672Z,0.0700,34.80,yes
2026-10-04T23:57:41.941511Z,0.0600,5.00,yes
2026-10-04T23:57:41.941511Z,0.0700,11.00,yes
2026-10-04T23:57:41.941511Z,0.0700,46.53,yes
2026-10-04T23:57:42.013474Z,0.0800,0.12,yes
2026-10-04T23:57:42.61193Z,0.0700,0.11,yes
2026-10-04T23:57:45.954513Z,0.0700,80.00,yes
2026-10-04T23:57:45.954513Z,0.0700,4.89,yes
2026-10-04T23:57:45.954513Z,0.0700,33.09,yes
2026-10-04T23:57:47.443798Z,0.0700,62.06,yes
2026-10-04T23:57:47.443798Z,0.0600,5.00,yes
2026-10-04T23:57:47.643827Z,0.0600,34.79,no
2026-10-04T23:57:49.17008Z,0.0600,41.00,no
2026-10-04T23:57:49.17008Z,0.0600,55.00,no
2026-10-04T23:57:49.17008Z,0.0600,1.00,no
2026-10-04T23:57:49.633543Z,0.0700,5.00,yes
2026-10-04T23:57:49.633543Z,0.0800,54.25,yes
2026-10-04T23:57:50.705298Z,0.0600,55.00,no
2026-10-04T23:57:50.705298Z,0.0600,41.00,no
2026-10-04T23:57:54.899055Z,0.0600,15.63,yes
2026-10-04T23:57:56.253123Z,0.0700,54.00,yes
2026-10-04T23:57:56.253123Z,0.0700,8.06,yes
2026-10-04T23:57:56.253123Z,0.0700,5.00,yes
2026-10-04T23:57:56.272436Z,0.0700,3.62,yes
2026-10-04T23:57:56.522882Z,0.0700,40.23,yes
2026-10-04T23:57:57.032868Z,0.0800,178.85,yes
2026-10-04T23:57:57.032868Z,0.0800,198.00,yes
2026-10-04T23:57:57.032868Z,0.0700,55.00,yes
2026-10-04T23:57:57.032868Z,0.0700,55.09,yes
2026-10-04T23:57:57.032868Z,0.0700,8.06,yes
2026-10-04T23:57:57.032868Z,0.0700,40.23,yes
2026-10-04T23:57:57.032868Z,0.0700,3.62,yes
2026-10-04T23:57:57.032868Z,0.0800,6.79,yes
2026-10-04T23:57:57.032868Z,0.0800,55.00,yes
2026-10-04T23:57:57.032868Z,0.0700,7.00,yes
2026-10-04T23:57:57.237288Z,0.0700,13.91,yes
2026-10-04T23:57:57.237288Z,0.0600,5.00,yes
2026-10-04T23:57:58.170011Z,0.0700,129.12,yes
2026-10-04T23:57:58.170011Z,0.0600,5.00,yes
2026-10-04T23:57:58.485393Z,0.0700,3.00,yes
2026-10-04T23:57:58.485393Z,0.0700,55.00,yes
2026-10-04T23:57:58.485393Z,0.0700,51.88,yes
2026-10-04T23:57:58.485393Z,0.0700,91.30,yes
2026-10-04T23:57:59.957048Z,0.0800,354.77,yes
2026-10-04T23:57:59.957048Z,0.0600,5.00,yes
2026-10-04T23:57:59.957048Z,0.0700,193.00,yes
2026-10-04T23:57:59.957048Z,0.0700,5.54,yes
2026-10-04T23:57:59.957048Z,0.0700,55.00,yes
2026-10-04T23:58:00.088129Z,0.0600,103.00,no
2026-10-04T23:58:00.088129Z,0.0600,102.00,no
2026-10-04T23:58:03.425385Z,0.0600,5.00,yes
2026-10-04T23:58:03.425385Z,0.0600,26.27,yes
2026-10-04T23:58:04.938526Z,0.0700,154.51,yes
2026-10-04T23:58:04.938526Z,0.0600,53.75,yes
2026-10-04T23:58:04.938526Z,0.0600,73.73,yes
2026-10-04T23:58:04.938526Z,0.0600,5.00,yes
2026-10-04T23:58:05.30374Z,0.0800,9466.38,yes
2026-10-04T23:58:05.30374Z,0.0800,266.67,yes
2026-10-04T23:58:05.30374Z,0.0700,100.00,yes
2026-10-04T23:58:05.30374Z,0.0700,107.00,yes
2026-10-04T23:58:05.30374Z,0.0700,55.00,yes
2026-10-04T23:58:05.30374Z,0.0700,11.00,yes
2026-10-04T23:58:05.30374Z,0.0700,23.49,yes
2026-10-04T23:58:05.453694Z,0.0600,25.25,no
2026-10-04T23:58:05.453694Z,0.0600,100.00,no
2026-10-04T23:58:05.453694Z,0.0600,41.00,no
2026-10-04T23:58:05.976045Z,0.0700,0.11,yes
2026-10-04T23:58:08.407608Z,0.0700,4.89,yes
2026-10-04T23:58:08.407608Z,0.0800,54.37,yes
2026-10-04T23:58:14.571354Z,0.0700,5.00,yes
2026-10-04T23:58:14.571354Z,0.0800,112.97,yes
2026-10-04T23:58:14.614722Z,0.0900,385.06,yes
2026-10-04T23:58:14.614722Z,0.0700,11.00,yes
2026-10-04T23:58:14.614722Z,0.0800,11.00,yes
2026-10-04T23:58:14.614722Z,0.0800,4.66,yes
2026-10-04T23:58:14.614722Z,0.0800,11.00,yes
2026-10-04T23:58:14.614722Z,0.0800,118.00,yes
2026-10-04T23:58:17.790619Z,0.0700,5.00,yes
2026-10-04T23:58:17.790619Z,0.0700,100.00,yes
2026-10-04T23:58:17.790619Z,0.0800,25.48,yes
2026-10-04T23:58:19.065705Z,0.0700,5.00,yes
2026-10-04T23:58:19.065705Z,0.0700,8.41,yes
2026-10-04T23:58:19.758297Z,0.0500,143.16,no
2026-10-04T23:58:19.758297Z,0.0600,6.00,no
2026-10-04T23:58:19.758297Z,0.0600,100.00,no
2026-10-04T23:58:19.758297Z,0.0600,103.00,no
2026-10-04T23:58:19.758297Z,0.0600,1.00,no
2026-10-04T23:58:19.758297Z,0.0600,41.00,no
2026-10-04T23:58:19.758297Z,0.0600,29.75,no
2026-10-04T23:58:19.758297Z,0.0600,70.00,no
2026-10-04T23:58:20.218593Z,0.0800,709.38,yes
2026-10-04T23:58:20.218593Z,0.0800,135.52,yes
2026-10-04T23:58:20.218593Z,0.0800,11.00,yes
2026-10-04T23:58:20.218593Z,0.0700,55.00,yes
2026-10-04T23:58:20.218593Z,0.0700,5.00,yes
2026-10-04T23:58:20.218593Z,0.0700,100.00,yes
2026-10-04T23:58:21.638086Z,0.0700,5.00,yes
2026-10-04T23:58:21.638086Z,0.0700,100.00,yes
2026-10-04T23:58:21.638086Z,0.0800,4.46,yes
2026-10-04T23:58:22.940782Z,0.0700,5.00,yes
2026-10-04T23:58:22.940782Z,0.0700,21.82,yes
2026-10-04T23:58:24.088832Z,0.0500,26.22,no
2026-10-04T23:58:24.336356Z,0.0800,95.40,yes
2026-10-04T23:58:24.336356Z,0.0700,5.00,yes
2026-10-04T23:58:26.336944Z,0.0700,0.40,yes
2026-10-04T23:58:28.37521Z,0.0700,35.63,yes
2026-10-04T23:58:28.37521Z,0.0700,4.60,yes
2026-10-04T23:58:30.928362Z,0.0800,124.13,yes
2026-10-04T23:58:30.928362Z,0.0600,5.00,yes
2026-10-04T23:58:30.928362Z,0.0700,55.00,yes
2026-10-04T23:58:31.392852Z,0.0800,35.23,yes
2026-10-04T23:58:32.195511Z,0.0800,995.40,yes
2026-10-04T23:58:32.195511Z,0.0700,5.00,yes
2026-10-04T23:58:36.568996Z,0.0900,30.00,yes
2026-10-04T23:58:36.568996Z,0.1000,157.38,yes
2026-10-04T23:58:36.568996Z,0.0700,5.00,yes
2026-10-04T23:58:36.568996Z,0.0900,177.00,yes
2026-10-04T23:58:36.568996Z,0.0800,36.00,yes
2026-10-04T23:58:36.727873Z,0.0700,41.00,no
2026-10-04T23:58:36.727873Z,0.0700,60.00,no
2026-10-04T23:58:36.727873Z,0.0700,30.00,no
2026-10-04T23:58:36.727873Z,0.0700,70.00,no
2026-10-04T23:58:36.727873Z,0.0700,100.00,no
2026-10-04T23:58:36.727873Z,0.0700,1.00,no
2026-10-04T23:58:38.230915Z,0.0700,12.00,no
2026-10-04T23:58:38.230915Z,0.0700,1.00,no
2026-10-04T23:58:38.230915Z,0.0700,100.00,no
2026-10-04T23:58:38.230915Z,0.0700,41.00,no
2026-10-04T23:58:38.230915Z,0.0700,1.00,no
2026-10-04T23:58:39.103545Z,0.0900,5.95,yes
2026-10-04T23:58:39.103545Z,0.0800,5.00,yes
2026-10-04T23:58:39.775918Z,0.0900,5.05,yes
2026-10-04T23:58:39.775918Z,0.0900,30.00,yes
2026-10-04T23:58:39.775918Z,0.0900,11.00,yes
2026-10-04T23:58:39.775918Z,0.0900,42.96,yes
2026-10-04T23:58:39.775918Z,0.0800,5.00,yes
2026-10-04T23:58:40.327779Z,0.1000,0.56,yes
2026-10-04T23:58:40.516853Z,0.1000,23.22,yes
2026-10-04T23:58:40.516853Z,0.0900,5.00,yes
2026-10-04T23:58:43.381484Z,0.0900,5.00,yes
2026-10-04T23:58:43.381484Z,0.0900,5.44,yes
2026-10-04T23:58:46.831024Z,0.0800,5.00,yes
2026-10-04T23:58:46.831024Z,0.0800,5.00,yes
2026-10-04T23:58:46.831024Z,0.0900,0.95,yes
2026-10-04T23:58:51.442739Z,0.0800,5.00,yes
2026-10-04T23:58:51.442739Z,0.0900,11.78,yes
2026-10-04T23:58:51.442739Z,0.0900,4.61,yes
2026-10-04T23:58:52.959469Z,0.1000,58.49,yes
2026-10-04T23:58:52.959469Z,0.0900,11.00,yes
2026-10-04T23:58:52.959469Z,0.0800,11.00,yes
2026-10-04T23:58:52.959469Z,0.1000,318.84,yes
2026-10-04T23:58:52.959469Z,0.1000,20.00,yes
2026-10-04T23:58:53.672907Z,0.0900,0.09,yes
2026-10-04T23:58:54.342341Z,0.0700,500.00,no
2026-10-04T23:58:54.342341Z,0.0700,100.00,no
2026-10-04T23:58:54.342341Z,0.0700,42.00,no
2026-10-04T23:58:56.472578Z,0.0900,1.67,yes
2026-10-04T23:58:56.472578Z,0.0900,4.91,yes
2026-10-04T23:58:57.507793Z,0.0800,5.00,yes
2026-10-04T23:58:57.507793Z,0.0900,5.44,yes
2026-10-04T23:58:59.581612Z,0.0800,5.00,yes
2026-10-04T23:58:59.581612Z,0.0900,99.96,yes
2026-10-04T23:59:01.66461Z,0.0800,5.00,yes
2026-10-04T23:59:01.66461Z,0.0900,152.19,yes
2026-10-04T23:59:01.877152Z,0.0900,25.02,yes
2026-10-04T23:59:01.877152Z,0.0900,7.81,yes
2026-10-04T23:59:03.070057Z,0.0800,5.00,yes
2026-10-04T23:59:03.070057Z,0.0800,53.71,yes
2026-10-04T23:59:03.510303Z,0.0800,1.76,yes
2026-10-04T23:59:03.510303Z,0.0800,115.67,yes
2026-10-04T23:59:04.707615Z,0.1000,684.03,yes
2026-10-04T23:59:04.707615Z,0.0900,158.24,yes
2026-10-04T23:59:04.707615Z,0.0800,5.00,yes
2026-10-04T23:59:06.024667Z,0.0900,5.00,yes
2026-10-04T23:59:06.024667Z,0.1000,42.52,yes
2026-10-04T23:59:06.706859Z,0.1100,8.31,yes
2026-10-04T23:59:06.706859Z,0.1100,10.00,yes
2026-10-04T23:59:06.706859Z,0.1000,214.96,yes
2026-10-04T23:59:06.751576Z,0.0900,5.00,yes
2026-10-04T23:59:06.751576Z,0.1000,4.40,yes
2026-10-04T23:59:08.270173Z,0.0800,5.00,yes
2026-10-04T23:59:08.270173Z,0.0900,5.95,yes
2026-10-04T23:59:11.006543Z,0.0800,5.00,yes
2026-10-04T23:59:11.006543Z,0.0900,5.95,yes
2026-10-04T23:59:11.170563Z,0.0900,20.89,yes
2026-10-04T23:59:12.272682Z,0.0800,5.00,yes
2026-10-04T23:59:12.272682Z,0.0900,308.87,yes
2026-10-04T23:59:15.087848Z,0.1100,10.00,yes
2026-10-04T23:59:15.087848Z,0.0900,158.34,yes
2026-10-04T23:59:15.087848Z,0.1000,6.60,yes
2026-10-04T23:59:15.087848Z,0.1100,282.05,yes
2026-10-04T23:59:15.087848Z,0.1000,103.00,yes
2026-10-04T23:59:15.087848Z,0.0800,100.00,yes
2026-10-04T23:59:15.087848Z,0.0800,5.00,yes
2026-10-04T23:59:15.087848Z,0.0900,100.00,yes
2026-10-04T23:59:15.087848Z,0.1000,183.00,yes
2026-10-04T23:59:15.087848Z,0.1100,9.18,yes
2026-10-04T23:59:15.733159Z,0.0800,11.00,yes
2026-10-04T23:59:15.733159Z,0.0800,4.96,yes
2026-10-04T23:59:15.733159Z,0.0800,100.00,yes
2026-10-04T23:59:16.741577Z,0.0800,100.00,yes
2026-10-04T23:59:16.741577Z,0.0900,4.92,yes
2026-10-04T23:59:16.741577Z,0.0800,0.04,yes
2026-10-04T23:59:17.549173Z,0.0700,51.00,no
2026-10-04T23:59:17.549173Z,0.0700,2.00,no
2026-10-04T23:59:17.549173Z,0.0700,41.00,no
2026-10-04T23:59:17.549173Z,0.0700,1.00,no
2026-10-04T23:59:17.549173Z,0.0700,47.00,no
2026-10-04T23:59:17.549173Z,0.0600,36.33,no
2026-10-04T23:59:17.549173Z,0.0700,1.00,no
2026-10-04T23:59:17.549173Z,0.0700,30.00,no
2026-10-04T23:59:20.852142Z,0.0800,18.48,yes
2026-10-04T23:59:20.852142Z,0.0800,5.00,yes
2026-10-04T23:59:23.319286Z,0.0800,5.87,yes
2026-10-04T23:59:26.943467Z,0.0800,72.07,yes
2026-10-04T23:59:26.943467Z,0.0800,5.00,yes
2026-10-04T23:59:26.943467Z,0.0800,5.13,yes
2026-10-04T23:59:27.363348Z,0.0700,5.00,yes
2026-10-04T23:59:27.363348Z,0.0800,7.48,yes
2026-10-04T23:59:27.363348Z,0.0800,11.00,yes
2026-10-04T23:59:30.41053Z,0.0800,19.02,yes
2026-10-04T23:59:30.41053Z,0.0700,5.00,yes
2026-10-04T23:59:32.923008Z,0.0800,30.76,yes
2026-10-04T23:59:32.923008Z,0.0700,5.00,yes
2026-10-04T23:59:37.752211Z,0.0900,13.47,yes
2026-10-04T23:59:37.752211Z,0.0800,55.00,yes
2026-10-04T23:59:37.752211Z,0.0800,42.74,yes
2026-10-04T23:59:37.752211Z,0.0700,5.00,yes
2026-10-04T23:59:40.309318Z,0.0900,29.81,yes
2026-10-04T23:59:40.309318Z,0.0800,11.00,yes
2026-10-04T23:59:40.309318Z,0.0800,11.00,yes
2026-10-04T23:59:40.309318Z,0.0900,55.00,yes
2026-10-04T23:59:42.441557Z,0.0900,16.39,yes
2026-10-04T23:59:42.441557Z,0.0800,5.00,yes
2026-10-04T23:59:42.542329Z,0.0900,48.06,yes
2026-10-04T23:59:42.542329Z,0.0900,3.61,yes
2026-10-04T23:59:42.993096Z,0.0800,11.00,yes
2026-10-04T23:59:42.993096Z,0.0800,11.00,yes
2026-10-04T23:59:42.993096Z,0.0900,5.00,yes
2026-10-04T23:59:42.993096Z,0.1000,154.79,yes
2026-10-04T23:59:42.993096Z,0.1000,8.36,yes
2026-10-04T23:59:45.269889Z,0.1000,15.89,yes
2026-10-04T23:59:45.269889Z,0.0800,5.00,yes
2026-10-04T23:59:45.269889Z,0.0900,30.00,yes
2026-10-04T23:59:46.169197Z,0.0900,7.00,yes
2026-10-04T23:59:46.169197Z,0.0900,38.89,yes
2026-10-04T23:59:46.169197Z,0.0900,5.00,yes
2026-10-04T23:59:46.746814Z,0.0900,15.89,yes
2026-10-04T23:59:46.746814Z,0.0800,5.00,yes
2026-10-04T23:59:49.846274Z,0.0900,5.00,yes
2026-10-04T23:59:49.846274Z,0.0900,72.00,yes
2026-10-04T23:59:49.846274Z,0.0900,17.01,yes
2026-10-04T23:59:50.406708Z,0.0900,5.00,yes
2026-10-04T23:59:50.406708Z,0.0900,36.58,yes
2026-10-04T23:59:50.739145Z,0.0900,3.81,yes
2026-10-04T23:59:50.989025Z,0.0900,30.00,yes
2026-10-04T23:59:50.989025Z,0.0800,5.00,yes
2026-10-04T23:59:50.989025Z,0.1000,12.03,yes
2026-10-04T23:59:53.414264Z,0.0900,47.22,yes
2026-10-04T23:59:53.414264Z,0.0900,5.00,yes
2026-10-04T23:59:53.890083Z,0.0900,11.00,yes
2026-10-04T23:59:53.890083Z,0.0900,11.00,yes
2026-10-04T23:59:53.890083Z,0.0900,29.17,yes
2026-10-04T23:59:54.206799Z,0.0900,47.18,yes
2026-10-04T23:59:54.206799Z,0.0900,5.00,yes
2026-10-04T23:59:54.269962Z,0.0900,24.82,yes
2026-10-04T23:59:54.269962Z,0.0900,79.63,yes
2026-10-04T23:59:55.810605Z,0.0900,72.00,yes
2026-10-04T23:59:55.810605Z,0.0900,104.00,yes
2026-10-04T23:59:55.810605Z,0.0900,21.00,yes
2026-10-04T23:59:55.810605Z,0.0900,5.00,yes
2026-10-04T23:59:55.810605Z,0.1000,52.60,yes
2026-10-04T23:59:56.781711Z,0.0900,15.00,yes
2026-10-04T23:59:56.781711Z,0.0900,104.00,yes
2026-10-04T23:59:56.781711Z,0.0900,5.00,yes
2026-10-04T23:59:56.781711Z,0.0900,72.00,yes
2026-10-04T23:59:56.781711Z,0.1000,29.77,yes
2026-10-04T23:59:58.53113Z,0.0900,5.00,yes
2026-10-04T23:59:58.53113Z,0.0900,94.76,yes
2026-10-04T23:59:58.53113Z,0.0900,26.00,yes
2026-10-04T23:59:59.211566Z,0.0900,80.21,yes
2026-10-04T23:59:59.211566Z,0.0900,9.24,yes
2026-10-04T23:59:59.211566Z,0.0900,15.00,yes
2026-10-04T23:59:59.570527Z,0.0900,11.00,yes
2026-10-04T23:59:59.570527Z,0.0900,59.00,yes
2026-10-04T23:59:59.570527Z,0.0900,1.45,yes
2026-10-04T23:59:59.570527Z,0.0900,11.00,yes
2026-10-04T23:59:59.570527Z,0.0900,15.00,yes
2026-10-04T23:59:59.570527Z,0.0900,7.00,yes
2026-10-05T00:00:05.824316Z,0.0800,11.00,yes
2026-10-05T00:00:05.824316Z,0.0900,3.55,yes
2026-10-05T00:00:05.824316Z,0.0900,7.52,yes
2026-10-05T00:00:07.855826Z,0.0900,11.00,yes
2026-10-05T00:00:07.855826Z,0.0900,36.73,yes
2026-10-05T00:00:07.855826Z,0.0800,5.00,yes
2026-10-05T00:00:12.043634Z,0.0700,1.00,no
2026-10-05T00:00:12.043634Z,0.0700,8.37,no
2026-10-05T00:00:12.297011Z,0.0700,1.00,no
2026-10-05T00:00:12.297011Z,0.0700,71.00,no
2026-10-05T00:00:12.297011Z,0.0700,0.10,no
2026-10-05T00:00:12.297011Z,0.0700,100.00,no
2026-10-05T00:00:12.297011Z,0.0700,21.00,no
2026-10-05T00:00:12.297011Z,0.0700,18.00,no
2026-10-05T00:00:12.297011Z,0.0700,77.00,no
2026-10-05T00:00:12.297011Z,0.0700,41.00,no
2026-10-05T00:00:12.297011Z,0.0600,4.67,no
2026-10-05T00:00:12.297011Z,0.0600,160.30,no
2026-10-05T00:00:12.297011Z,0.0700,21.63,no
2026-10-05T00:00:12.297011Z,0.0700,6.00,no
2026-10-05T00:00:12.297011Z,0.0700,1.00,no
2026-10-05T00:00:13.92325Z,0.0900,91.00,yes
2026-10-05T00:00:13.92325Z,0.0900,100.00,yes
2026-10-05T00:00:13.92325Z,0.0900,0.10,yes
2026-10-05T00:00:13.92325Z,0.0900,5.00,yes
2026-10-05T00:00:13.92325Z,0.0900,95.28,yes
2026-10-05T00:00:13.92325Z,0.0800,160.30,yes
2026-10-05T00:00:13.92325Z,0.1000,71.65,yes
2026-10-05T00:00:15.559605Z,0.0700,1.07,no
2026-10-05T00:00:18.112129Z,0.0900,11.00,yes
2026-10-05T00:00:18.112129Z,0.0900,11.00,yes
2026-10-05T00:00:18.112129Z,0.0800,5.00,yes
2026-10-05T00:00:18.112129Z,0.0900,10.00,yes
2026-10-05T00:00:18.112129Z,0.1000,14.11,yes
2026-10-05T00:00:19.994607Z,0.0900,6.00,yes
2026-10-05T00:00:19.994607Z,0.0900,30.00,yes
2026-10-05T00:00:19.994607Z,0.0900,5.00,yes
2026-10-05T00:00:19.994607Z,0.0900,1.00,yes
2026-10-05T00:00:19.994607Z,0.1000,82.12,yes
2026-10-05T00:00:21.105947Z,0.0900,11.00,yes
2026-10-05T00:00:21.105947Z,0.0900,11.00,yes
2026-10-05T00:00:21.105947Z,0.1000,450.51,yes
2026-10-05T00:00:22.654555Z,0.0700,31.93,no
2026-10-05T00:00:22.654555Z,0.0700,24.21,no
2026-10-05T00:00:22.758931Z,0.0700,75.79,no
2026-10-05T00:00:22.758931Z,0.0700,98.00,no
2026-10-05T00:00:22.758931Z,0.0700,41.00,no
2026-10-05T00:00:22.758931Z,0.0700,30.00,no
2026-10-05T00:00:22.758931Z,0.0700,290.22,no
2026-10-05T00:00:24.199845Z,0.0900,2.00,yes
2026-10-05T00:00:24.199845Z,0.0900,24.33,yes
2026-10-05T00:00:24.199845Z,0.0900,5.00,yes
2026-10-05T00:00:25.219042Z,0.0900,1.67,yes
2026-10-05T00:00:25.219042Z,0.0900,14.22,yes
2026-10-05T00:00:25.219042Z,0.0800,5.00,yes
2026-10-05T00:00:27.346327Z,0.0900,47.73,yes
2026-10-05T00:00:27.346327Z,0.0800,5.00,yes
2026-10-05T00:00:28.271249Z,0.0800,5.00,yes
2026-10-05T00:00:28.271249Z,0.0900,38.05,yes
2026-10-05T00:00:28.271249Z,0.0900,48.22,yes
2026-10-05T00:00:29.954721Z,0.0700,2.14,no
2026-10-05T00:00:34.391125Z,0.0800,5.00,yes
2026-10-05T00:00:34.391125Z,0.0900,0.73,yes
2026-10-05T00:00:35.868741Z,0.0900,10.27,yes
2026-10-05T00:00:35.868741Z,0.0900,6.12,yes
2026-10-05T00:00:35.868741Z,0.0800,5.00,yes
2026-10-05T00:00:37.603455Z,0.0800,5.00,yes
2026-10-05T00:00:37.603455Z,0.0900,11.01,yes
2026-10-05T00:00:37.603455Z,0.0900,4.88,yes
2026-10-05T00:00:38.360519Z,0.0800,5.00,yes
2026-10-05T00:00:38.360519Z,0.0900,80.00,yes
2026-10-05T00:00:38.360519Z,0.0900,11.00,yes
2026-10-05T00:00:38.360519Z,0.0900,11.00,yes
2026-10-05T00:00:38.360519Z,0.0900,15.00,yes
2026-10-05T00:00:38.360519Z,0.1000,721.83,yes
2026-10-05T00:00:41.130357Z,0.0900,55.00,yes
2026-10-05T00:00:41.130357Z,0.0900,15.00,yes
2026-10-05T00:00:41.130357Z,0.0900,24.00,yes
2026-10-05T00:00:41.130357Z,0.0900,5.00,yes
2026-10-05T00:00:41.130357Z,0.0900,5.00,yes
2026-10-05T00:00:41.130357Z,0.0900,7.00,yes
2026-10-05T00:00:41.130357Z,0.0900,20.00,yes
2026-10-05T00:00:41.130357Z,0.1000,2.57,yes
2026-10-05T00:00:42.240247Z,0.0700,57.37,no
2026-10-05T00:00:42.240247Z,0.0700,207.64,no
2026-10-05T00:00:42.240247Z,0.0700,97.00,no
2026-10-05T00:00:42.240247Z,0.0700,1.00,no
2026-10-05T00:00:42.240247Z,0.0700,172.00,no
2026-10-05T00:00:43.059723Z,0.0900,1.00,yes
2026-10-05T00:00:43.059723Z,0.0900,5.00,yes
2026-10-05T00:00:43.059723Z,0.0900,45.67,yes
2026-10-05T00:00:43.13354Z,0.0900,1.04,yes
2026-10-05T00:00:43.610275Z,0.0900,4.00,yes
2026-10-05T00:00:43.610275Z,0.0900,9.96,yes
2026-10-05T00:00:43.610275Z,0.0900,11.00,yes
2026-10-05T00:00:43.610275Z,0.1000,24.34,yes
2026-10-05T00:00:43.610275Z,0.1000,46.92,yes
2026-10-05T00:00:44.238477Z,0.0900,5.00,yes
2026-10-05T00:00:44.238477Z,0.1000,161.66,yes
2026-10-05T00:00:44.314654Z,0.1000,30.47,yes
2026-10-05T00:00:47.329348Z,0.0900,15.00,yes
2026-10-05T00:00:47.329348Z,0.0900,5.00,yes
2026-10-05T00:00:47.329348Z,0.0900,0.89,yes
2026-10-05T00:00:47.974559Z,0.1000,783.53,yes
2026-10-05T00:00:47.974559Z,0.0900,15.00,yes
2026-10-05T00:00:47.974559Z,0.0900,5.00,yes
2026-10-05T00:00:47.974559Z,0.1000,30.13,yes
2026-10-05T00:00:48.379157Z,0.1000,1.25,yes
2026-10-05T00:00:49.722803Z,0.0900,5.00,yes
2026-10-05T00:00:49.722803Z,0.0900,0.22,yes
2026-10-05T00:00:53.77588Z,0.0900,5.00,yes
2026-10-05T00:00:53.77588Z,0.0900,0.89,yes
2026-10-05T00:00:53.77588Z,0.0900,15.00,yes
2026-10-05T00:00:55.731759Z,0.0800,5.00,yes
2026-10-05T00:00:55.731759Z,0.0900,5.95,yes
2026-10-05T00:00:55.906305Z,0.0900,46.87,yes
2026-10-05T00:00:55.906305Z,0.0900,0.16,yes
2026-10-05T00:00:57.433714Z,0.0800,5.00,yes
2026-10-05T00:00:57.433714Z,0.0900,47.73,yes
2026-10-05T00:01:00.350703Z,0.0800,5.00,yes
2026-10-05T00:01:00.350703Z,0.0900,17.86,yes
2026-10-05T00:01:01.818267Z,0.0800,5.00,yes
2026-10-05T00:01:01.818267Z,0.0900,0.73,yes
2026-10-05T00:01:05.4227Z,0.0800,5.00,yes
2026-10-05T00:01:05.4227Z,0.0900,16.39,yes
2026-10-05T00:01:06.017912Z,0.0700,2.00,no
2026-10-05T00:01:07.730817Z,0.0800,5.00,yes
2026-10-05T00:01:07.730817Z,0.0900,37.29,yes
2026-10-05T00:01:10.895046Z,0.0900,333.13,yes
2026-10-05T00:01:10.895046Z,0.1000,138.33,yes
2026-10-05T00:01:10.895046Z,0.0900,15.00,yes
2026-10-05T00:01:10.895046Z,0.0900,5.00,yes
2026-10-05T00:01:10.895046Z,0.0800,5.00,yes
2026-10-05T00:01:12.577781Z,0.1000,414.95,yes
2026-10-05T00:01:12.577781Z,0.0900,15.00,yes
2026-10-05T00:01:12.577781Z,0.0900,28.00,yes
2026-10-05T00:01:12.577781Z,0.0900,4.00,yes
2026-10-05T00:01:12.577781Z,0.0900,1.00,yes
2026-10-05T00:01:14.79319Z,0.1000,62.46,yes
2026-10-05T00:01:14.79319Z,0.0900,1.00,yes
2026-10-05T00:01:14.79319Z,0.0900,7.00,yes
2026-10-05T00:01:14.79319Z,0.0900,9.00,yes
2026-10-05T00:01:14.79319Z,0.0900,15.00,yes
2026-10-05T00:01:14.79319Z,0.0900,3.00,yes
2026-10-05T00:01:15.743695Z,0.1000,75.25,yes
2026-10-05T00:01:17.235004Z,0.0700,5.35,no
2026-10-05T00:01:18.472018Z,0.0900,97.86,yes
2026-10-05T00:01:18.472018Z,0.0900,5.00,yes
2026-10-05T00:01:18.75897Z,0.1000,1.70,yes
2026-10-05T00:01:18.75897Z,0.0900,14.00,yes
2026-10-05T00:01:18.75897Z,0.0900,15.00,yes
2026-10-05T00:01:21.840323Z,0.0900,38.07,yes
2026-10-05T00:01:21.840323Z,0.0900,15.00,yes
2026-10-05T00:01:21.840323Z,0.0900,30.00,yes
2026-10-05T00:01:21.840323Z,0.0900,11.00,yes
2026-10-05T00:01:22.056507Z,0.1000,404.25,yes
2026-10-05T00:01:22.056507Z,0.0900,15.00,yes
2026-10-05T00:01:22.056507Z,0.0900,4.08,yes
2026-10-05T00:01:22.226553Z,0.0700,33.65,no
2026-10-05T00:01:22.226553Z,0.0700,30.00,no
2026-10-05T00:01:22.226553Z,0.0700,50.47,no
2026-10-05T00:01:22.226553Z,0.0700,3.00,no
2026-10-05T00:01:25.488937Z,0.0900,9.40,yes
2026-10-05T00:01:29.281537Z,0.0700,8.59,no
2026-10-05T00:01:29.833985Z,0.0700,14.31,no
2026-10-05T00:01:29.833985Z,0.0700,41.00,no
2026-10-05T00:01:29.833985Z,0.0700,30.00,no
2026-10-05T00:01:29.833985Z,0.0700,20.00,no
2026-10-05T00:01:29.833985Z,0.0700,136.94,no
2026-10-05T00:01:29.833985Z,0.0700,1.00,no
2026-10-05T00:01:29.833985Z,0.0700,68.00,no
2026-10-05T00:01:29.833985Z,0.0700,1.00,no
2026-10-05T00:01:29.833985Z,0.0700,26.00,no
2026-10-05T00:01:30.244202Z,0.0800,11.74,yes
2026-10-05T00:01:31.349408Z,0.0700,500.00,no
2026-10-05T00:01:31.349408Z,0.0700,122.00,no
2026-10-05T00:01:31.349408Z,0.0700,83.69,no
2026-10-05T00:01:31.349408Z,0.0700,88.50,no
2026-10-05T00:01:31.349408Z,0.0700,196.00,no
2026-10-05T00:01:31.349408Z,0.0700,6.00,no
2026-10-05T00:01:32.335795Z,0.0900,11.00,yes
2026-10-05T00:01:32.335795Z,0.0900,2.00,yes
2026-10-05T00:01:32.335795Z,0.0900,15.00,yes
2026-10-05T00:01:32.335795Z,0.0900,7.00,yes
2026-10-05T00:01:32.335795Z,0.0900,6.65,yes
2026-10-05T00:01:32.335795Z,0.0900,37.21,yes
2026-10-05T00:01:32.533155Z,0.0900,41.78,yes
2026-10-05T00:01:32.624813Z,0.0900,10.44,yes
2026-10-05T00:01:32.743898Z,0.0900,17.00,yes
2026-10-05T00:01:32.743898Z,0.0900,6.00,yes
2026-10-05T00:01:32.743898Z,0.0900,53.00,yes
2026-10-05T00:01:32.743898Z,0.0900,12.00,yes
2026-10-05T00:01:32.743898Z,0.0900,8.00,yes
2026-10-05T00:01:32.743898Z,0.0900,5.00,yes
2026-10-05T00:01:32.743898Z,0.0900,92.57,yes
2026-10-05T00:01:32.743898Z,0.0900,15.34,yes
2026-10-05T00:01:34.062215Z,0.0900,20.89,yes
2026-10-05T00:01:38.867896Z,0.0700,9.11,no
2026-10-05T00:01:38.867896Z,0.0700,14.31,no
2026-10-05T00:01:39.053081Z,0.0800,5.00,yes
2026-10-05T00:01:39.053081Z,0.0900,36.78,yes
2026-10-05T00:01:39.291064Z,0.0900,52.22,yes
2026-10-05T00:01:43.645885Z,0.0900,34.77,yes
2026-10-05T00:01:43.645885Z,0.0900,7.72,yes
2026-10-05T00:01:43.645885Z,0.0900,9.00,yes
2026-10-05T00:01:43.645885Z,0.0900,52.96,yes
2026-10-05T00:01:45.444921Z,0.0900,5.00,yes
2026-10-05T00:01:45.444921Z,0.0900,1.00,yes
2026-10-05T00:01:45.444921Z,0.0900,15.00,yes
2026-10-05T00:01:45.444921Z,0.0900,27.00,yes
2026-10-05T00:01:45.444921Z,0.0900,77.34,yes
2026-10-05T00:01:45.769365Z,0.0800,11.00,yes
2026-10-05T00:01:45.769365Z,0.0900,93.45,yes
2026-10-05T00:01:47.427121Z,0.0900,10.44,yes
2026-10-05T00:01:50.864632Z,0.0800,5.00,yes
2026-10-05T00:01:50.864632Z,0.0900,10.75,yes
2026-10-05T00:01:52.357803Z,0.0900,20.89,yes
2026-10-05T00:01:55.289593Z,0.0900,287.13,yes
2026-10-05T00:01:55.289593Z,0.0800,5.00,yes
2026-10-05T00:01:55.289593Z,0.0900,22.63,yes
2026-10-05T00:01:55.289593Z,0.0900,1.00,yes
2026-10-05T00:01:55.289593Z,0.0900,160.00,yes
2026-10-05T00:01:55.289593Z,0.0900,46.52,yes
2026-10-05T00:01:56.109637Z,0.0700,5.87,no
2026-10-05T00:01:59.158206Z,0.0800,11.00,yes
2026-10-05T00:01:59.158206Z,0.0900,1.00,yes
2026-10-05T00:01:59.158206Z,0.0900,4.59,yes
2026-10-05T00:01:59.158206Z,0.0900,5.48,yes
2026-10-05T00:02:03.12329Z,0.1000,4.70,yes
2026-10-05T00:02:08.525985Z,0.0900,10.44,yes
2026-10-05T00:02:08.899073Z,0.0900,15.00,yes
2026-10-05T00:02:08.899073Z,0.0900,0.56,yes
2026-10-05T00:02:08.899073Z,0.0900,0.33,yes
2026-10-05T00:02:08.899073Z,0.0900,5.00,yes
2026-10-05T00:02:12.298426Z,0.0900,5.00,yes
2026-10-05T00:02:12.298426Z,0.0900,5.02,yes
2026-10-05T00:02:17.352506Z,0.0900,160.00,yes
2026-10-05T00:02:17.352506Z,0.0900,3.00,yes
2026-10-05T00:02:17.352506Z,0.0900,10.00,yes
2026-10-05T00:02:17.352506Z,0.0900,5.00,yes
2026-10-05T00:02:17.352506Z,0.0900,12.00,yes
2026-10-05T00:02:17.352506Z,0.0900,9.98,yes
2026-10-05T00:02:17.352506Z,0.1000,55.09,yes
2026-10-05T00:02:20.579811Z,0.0700,77.81,no
2026-10-05T00:02:20.579811Z,0.0700,41.00,no
2026-10-05T00:02:20.579811Z,0.0700,68.71,no
2026-10-05T00:02:21.415897Z,0.0900,29.86,yes
2026-10-05T00:02:21.415897Z,0.0900,15.00,yes
2026-10-05T00:02:21.415897Z,0.0900,5.00,yes
2026-10-05T00:02:21.681252Z,0.0900,25.14,yes
2026-10-05T00:02:21.681252Z,0.0900,11.13,yes
2026-10-05T00:02:23.313366Z,0.0900,10.44,yes
2026-10-05T00:02:27.385901Z,0.0900,3.09,yes
2026-10-05T00:02:27.385901Z,0.0900,15.00,yes
2026-10-05T00:02:28.730992Z,0.0900,5.00,yes
2026-10-05T00:02:28.730992Z,0.0900,3.53,yes
2026-10-05T00:02:28.730992Z,0.0900,1.91,yes
2026-10-05T00:02:33.477502Z,0.0900,10.44,yes
2026-10-05T00:02:37.156662Z,0.1000,320.44,yes
2026-10-05T00:02:37.156662Z,0.0900,5.00,yes
2026-10-05T00:02:37.156662Z,0.0900,35.00,yes
2026-10-05T00:02:37.156662Z,0.0900,19.69,yes
2026-10-05T00:02:37.156662Z,0.0900,76.03,yes
2026-10-05T00:02:37.156662Z,0.0900,15.00,yes
2026-10-05T00:02:37.156662Z,0.0900,5.00,yes
2026-10-05T00:02:39.657497Z,0.0900,8.14,yes
2026-10-05T00:02:41.085823Z,0.1000,359.34,yes
2026-10-05T00:02:41.085823Z,0.0900,2.86,yes
2026-10-05T00:02:41.085823Z,0.0900,90.00,yes
2026-10-05T00:02:41.085823Z,0.0900,5.00,yes
2026-10-05T00:02:41.085823Z,0.0900,15.00,yes
2026-10-05T00:02:41.085823Z,0.0900,8.88,yes
2026-10-05T00:02:43.851833Z,0.0900,9.45,yes
2026-10-05T00:02:43.851833Z,0.0900,90.00,yes
2026-10-05T00:02:43.851833Z,0.0900,5.00,yes
2026-10-05T00:02:49.380706Z,0.0900,140.69,yes
2026-10-05T00:02:49.380706Z,0.0900,5.55,yes
2026-10-05T00:02:54.199076Z,0.0900,104.45,yes
2026-10-05T00:02:55.39143Z,0.0900,31.33,yes
2026-10-05T00:02:59.863871Z,0.1000,1706.36,yes
2026-10-05T00:02:59.863871Z,0.0900,15.00,yes
2026-10-05T00:02:59.863871Z,0.0900,6.87,yes
2026-10-05T00:02:59.863871Z,0.0900,90.00,yes
2026-10-05T00:02:59.863871Z,0.0900,5.00,yes
2026-10-05T00:02:59.863871Z,0.0900,43.53,yes
2026-10-05T00:02:59.863871Z,0.0900,27.00,yes
2026-10-05T00:03:00.593474Z,0.0700,1.86,no
2026-10-05T00:03:00.593474Z,0.0700,14.19,no
2026-10-05T00:03:03.396179Z,0.0900,11.00,yes
2026-10-05T00:03:03.396179Z,0.0900,93.45,yes
2026-10-05T00:03:08.180871Z,0.0800,11.00,yes
2026-10-05T00:03:08.180871Z,0.0900,94.63,yes
2026-10-05T00:03:08.933113Z,0.0900,20.89,yes
2026-10-05T00:03:16.289283Z,0.0800,11.00,yes
2026-10-05T00:03:16.289283Z,0.0800,0.74,yes
2026-10-05T00:03:19.051978Z,0.0900,26.00,yes
2026-10-05T00:03:19.051978Z,0.0900,55.00,yes
2026-10-05T00:03:19.051978Z,0.0900,6.48,yes
2026-10-05T00:03:19.051978Z,0.0800,110.29,yes
2026-10-05T00:03:19.051978Z,0.1000,20.88,yes
2026-10-05T00:03:22.544992Z,0.0900,11.31,yes
2026-10-05T00:03:22.544992Z,0.0800,11.00,yes
2026-10-05T00:03:22.544992Z,0.0800,11.00,yes
2026-10-05T00:03:22.544992Z,0.1000,66.13,yes
2026-10-05T00:03:40.319559Z,0.0700,8.00,no
2026-10-05T00:03:40.32814Z,0.0700,8.00,no
2026-10-05T00:03:44.775512Z,0.0900,8.22,yes
2026-10-05T00:03:44.775512Z,0.0900,11.00,yes
2026-10-05T00:03:44.775512Z,0.0900,11.00,yes
2026-10-05T00:03:44.775512Z,0.0900,11.00,yes
2026-10-05T00:03:44.775512Z,0.0900,11.00,yes
2026-10-05T00:03:46.884359Z,0.0900,46.78,yes
2026-10-05T00:03:46.884359Z,0.0900,5.44,yes
2026-10-05T00:03:51.343686Z,0.0900,36.56,yes
2026-10-05T00:03:51.343686Z,0.0900,15.66,yes
2026-10-05T00:03:52.625489Z,0.0800,50.00,no
2026-10-05T00:03:52.626702Z,0.0800,12.00,no
2026-10-05T00:03:52.626702Z,0.0800,58.00,no
2026-10-05T00:03:52.626702Z,0.0800,7.58,no
2026-10-05T00:03:52.626702Z,0.0800,56.00,no
2026-10-05T00:03:52.626702Z,0.0800,50.00,no
2026-10-05T00:03:52.626702Z,0.0800,54.00,no
2026-10-05T00:03:52.630036Z,0.0800,89.10,no
2026-10-05T00:03:52.632756Z,0.0800,83.13,no
2026-10-05T00:03:53.001691Z,0.0800,3.02,yes
2026-10-05T00:03:56.174571Z,0.0900,25.63,yes
2026-10-05T00:03:56.174571Z,0.0900,11.00,yes
2026-10-05T00:03:56.174571Z,0.0900,11.00,yes
2026-10-05T00:03:56.174571Z,0.0800,63.85,yes
2026-10-05T00:03:58.810257Z,0.0900,8.35,yes
2026-10-05T00:04:00.828126Z,0.1000,2.25,yes
2026-10-05T00:04:00.828126Z,0.0900,2.65,yes
2026-10-05T00:04:03.145831Z,0.0900,52.22,yes
2026-10-05T00:04:07.286334Z,0.0900,9.00,yes
2026-10-05T00:04:10.113301Z,0.0900,11.00,yes
2026-10-05T00:04:10.113301Z,0.0900,2.00,yes
2026-10-05T00:04:10.113301Z,0.1000,63.37,yes
2026-10-05T00:04:10.113301Z,0.0900,11.00,yes
2026-10-05T00:04:10.113301Z,0.1000,5.00,yes
2026-10-05T00:04:10.113301Z,0.1000,5.00,yes
2026-10-05T00:04:10.113301Z,0.1100,41.93,yes
2026-10-05T00:04:13.270223Z,0.0900,13.12,no
2026-10-05T00:04:16.743254Z,0.1000,9.40,yes
2026-10-05T00:04:19.387196Z,0.1000,11.00,yes
2026-10-05T00:04:19.387196Z,0.1100,1.00,yes
2026-10-05T00:04:19.387196Z,0.1000,1.60,yes
2026-10-05T00:04:19.387196Z,0.1000,11.00,yes
2026-10-05T00:04:19.387196Z,0.1200,38.59,yes
2026-10-05T00:04:19.387196Z,0.1300,15.47,yes
2026-10-05T00:04:19.387196Z,0.1300,2.29,yes
2026-10-05T00:04:19.715055Z,0.1200,7.84,yes
2026-10-05T00:04:23.477211Z,0.1100,6.25,yes
2026-10-05T00:04:23.477211Z,0.1100,18.53,yes
2026-10-05T00:04:23.477211Z,0.1000,11.00,yes
2026-10-05T00:04:23.477211Z,0.1100,7.00,yes
2026-10-05T00:04:23.614801Z,0.1100,27.10,yes
2026-10-05T00:04:23.614801Z,0.1100,58.47,yes
2026-10-05T00:04:24.709956Z,0.1100,5.00,yes
2026-10-05T00:04:24.709956Z,0.1100,3.55,yes
2026-10-05T00:04:25.519057Z,0.1100,15.90,yes
2026-10-05T00:04:25.519057Z,0.1100,69.84,yes
2026-10-05T00:04:25.519057Z,0.1100,1.10,yes
2026-10-05T00:04:25.519057Z,0.1100,4.23,yes
2026-10-05T00:04:25.519057Z,0.1100,5.00,yes
2026-10-05T00:04:29.698034Z,0.0900,10.00,yes
2026-10-05T00:04:29.698034Z,0.1100,103.31,yes
2026-10-05T00:04:29.698034Z,0.1000,5.00,yes
2026-10-05T00:04:29.698034Z,0.1100,55.00,yes
2026-10-05T00:04:32.441458Z,0.1000,9.40,yes
2026-10-05T00:04:32.571453Z,0.1000,47.03,yes
2026-10-05T00:04:33.265393Z,0.1000,94.07,yes
2026-10-05T00:04:35.566522Z,0.1000,9.40,yes
2026-10-05T00:04:35.994567Z,0.1000,10.00,yes
2026-10-05T00:04:36.923126Z,0.1000,122.29,yes
2026-10-05T00:04:37.160139Z,0.1000,9.40,yes
2026-10-05T00:04:38.206479Z,0.1000,23.62,yes
2026-10-05T00:04:38.206479Z,0.1000,18.41,yes
2026-10-05T00:04:38.206479Z,0.1000,5.00,yes
2026-10-05T00:04:39.403039Z,0.1000,6.11,yes
2026-10-05T00:04:39.403039Z,0.1000,55.00,yes
2026-10-05T00:04:39.403039Z,0.1000,49.00,yes
2026-10-05T00:04:39.403039Z,0.1000,5.00,yes
2026-10-05T00:04:39.403039Z,0.1000,23.62,yes
2026-10-05T00:04:39.403039Z,0.1000,301.25,yes
2026-10-05T00:04:39.403039Z,0.1000,30.38,yes
2026-10-05T00:04:40.538875Z,0.0800,5.00,no
2026-10-05T00:04:40.538875Z,0.0800,72.00,no
2026-10-05T00:04:40.538875Z,0.0800,1.00,no
2026-10-05T00:04:40.538875Z,0.0800,0.10,no
2026-10-05T00:04:40.538875Z,0.0800,23.00,no
2026-10-05T00:04:40.538875Z,0.0800,100.00,no
2026-10-05T00:04:40.538875Z,0.0700,41.00,no
2026-10-05T00:04:40.538875Z,0.0700,25.00,no
2026-10-05T00:04:40.538875Z,0.0700,5.26,no
2026-10-05T00:04:40.538875Z,0.0800,12.00,no
2026-10-05T00:04:40.538875Z,0.0700,0.10,no
2026-10-05T00:04:40.538875Z,0.0800,30.00,no
2026-10-05T00:04:40.538875Z,0.0800,200.00,no
2026-10-05T00:04:40.538875Z,0.0700,25.00,no
2026-10-05T00:04:40.645498Z,0.1000,9.40,yes
2026-10-05T00:04:41.590595Z,0.1000,45.60,yes
2026-10-05T00:04:41.590595Z,0.1000,6.00,yes
2026-10-05T00:04:41.590595Z,0.1000,59.00,yes
2026-10-05T00:04:41.590595Z,0.1000,0.10,yes
2026-10-05T00:04:41.590595Z,0.1000,5.00,yes
2026-10-05T00:04:41.590595Z,0.1000,5.68,yes
2026-10-05T00:04:43.743523Z,0.1000,5.00,yes
2026-10-05T00:04:43.743523Z,0.1000,5.91,yes
2026-10-05T00:04:43.743523Z,0.1100,75.65,yes
2026-10-05T00:04:45.177972Z,0.1100,8.55,yes
2026-10-05T00:04:45.469413Z,0.0800,6.00,no
2026-10-05T00:04:45.469413Z,0.0700,98.00,no
2026-10-05T00:04:45.469413Z,0.0600,10.00,no
2026-10-05T00:04:45.469413Z,0.0700,143.62,no
2026-10-05T00:04:45.469413Z,0.0800,100.00,no
2026-10-05T00:04:45.469413Z,0.0700,12.00,no
2026-10-05T00:04:45.469413Z,0.0700,1.00,no
2026-10-05T00:04:45.469413Z,0.0800,30.00,no
2026-10-05T00:04:45.469413Z,0.0700,41.00,no
2026-10-05T00:04:45.469413Z,0.0800,27.00,no
2026-10-05T00:04:45.469413Z,0.0700,23.00,no
2026-10-05T00:04:45.469413Z,0.0700,71.89,no
2026-10-05T00:04:45.469413Z,0.0600,41.00,no
2026-10-05T00:04:45.469413Z,0.0600,0.10,no
2026-10-05T00:04:45.469413Z,0.0600,500.00,no
2026-10-05T00:04:45.469413Z,0.0800,34.00,no
2026-10-05T00:04:45.469413Z,0.0700,0.74,no
2026-10-05T00:04:45.469413Z,0.0600,100.00,no
2026-10-05T00:04:45.469413Z,0.0500,1278.26,no
2026-10-05T00:04:45.469413Z,0.0600,20.00,no
2026-10-05T00:04:46.897058Z,0.0900,10.44,yes
2026-10-05T00:04:49.126003Z,0.0900,0.56,yes
2026-10-05T00:04:49.126003Z,0.0900,17.53,yes
2026-10-05T00:04:49.378426Z,0.1000,0.08,yes
2026-10-05T00:04:50.370286Z,0.1000,55.00,yes
2026-10-05T00:04:50.370286Z,0.1000,23.00,yes
2026-10-05T00:04:50.370286Z,0.1000,16.07,yes
2026-10-05T00:04:51.71689Z,0.0900,4.38,yes
2026-10-05T00:04:52.275719Z,0.1000,3.38,yes
2026-10-05T00:04:52.275719Z,0.0900,6.62,yes
2026-10-05T00:04:56.01354Z,0.0900,20.89,yes
2026-10-05T00:05:00.502975Z,0.0900,10.44,yes
2026-10-05T00:05:03.685457Z,0.1000,27.00,yes
2026-10-05T00:05:03.685457Z,0.1000,75.00,yes
2026-10-05T00:05:03.685457Z,0.0900,5.00,yes
2026-10-05T00:05:03.685457Z,0.0900,0.56,yes
2026-10-05T00:05:03.685457Z,0.0900,122.65,yes
2026-10-05T00:05:03.685457Z,0.0900,0.10,yes
2026-10-05T00:05:05.062048Z,0.1000,0.10,yes
2026-10-05T00:05:05.062048Z,0.1000,11.00,yes
2026-10-05T00:05:05.062048Z,0.1100,31.51,yes
2026-10-05T00:05:05.062048Z,0.1100,0.10,yes
2026-10-05T00:05:11.501831Z,0.1200,1.00,yes
2026-10-05T00:05:11.501831Z,0.1200,16.00,yes
2026-10-05T00:05:11.501831Z,0.1300,72.50,yes
2026-10-05T00:05:11.501831Z,0.1300,30.00,yes
2026-10-05T00:05:11.501831Z,0.1200,11.00,yes
2026-10-05T00:05:12.862224Z,0.1100,72.30,yes
2026-10-05T00:05:13.933256Z,0.1000,18.81,yes
2026-10-05T00:05:14.651688Z,0.1000,7.52,yes
2026-10-05T00:05:23.302479Z,0.0900,4.89,yes
2026-10-05T00:05:23.302479Z,0.0900,5.00,yes
2026-10-05T00:05:23.302479Z,0.0900,11.00,yes
2026-10-05T00:05:24.681526Z,0.0900,6.11,yes
2026-10-05T00:05:24.681526Z,0.0900,36.11,yes
2026-10-05T00:05:24.681526Z,0.0900,10.00,yes
2026-10-05T00:05:26.350496Z,0.0900,11.00,yes
2026-10-05T00:05:26.350496Z,0.0900,114.34,yes
2026-10-05T00:05:26.874277Z,0.0800,1.00,no
2026-10-05T00:05:26.874277Z,0.0800,12.00,no
2026-10-05T00:05:26.874277Z,0.0700,98.00,no
2026-10-05T00:05:26.874277Z,0.0800,30.00,no
2026-10-05T00:05:26.874277Z,0.0700,1.00,no
2026-10-05T00:05:26.874277Z,0.0700,27.00,no
2026-10-05T00:05:32.80197Z,0.0800,5.00,yes
2026-10-05T00:05:32.80197Z,0.0800,75.43,yes
2026-10-05T00:05:32.80197Z,0.0800,11.00,yes
2026-10-05T00:05:32.80197Z,0.0800,16.00,yes
2026-10-05T00:05:34.048772Z,0.0800,32.57,yes
2026-10-05T00:05:34.048772Z,0.0800,4.43,yes
2026-10-05T00:05:34.048772Z,0.0800,25.43,yes
2026-10-05T00:05:34.048772Z,0.0800,55.00,yes
2026-10-05T00:05:34.506924Z,0.0800,54.48,yes
2026-10-05T00:05:34.506924Z,0.0800,5.00,yes
2026-10-05T00:05:34.506924Z,0.0800,1.00,yes
2026-10-05T00:05:34.506924Z,0.0800,70.00,yes
2026-10-05T00:05:34.506924Z,0.0800,0.57,yes
2026-10-05T00:05:35.544543Z,0.0600,11.00,no
2026-10-05T00:05:35.544543Z,0.0700,9.00,no
2026-10-05T00:05:35.544543Z,0.0700,25.00,no
2026-10-05T00:05:35.544543Z,0.0700,30.00,no
2026-10-05T00:05:35.544543Z,0.0700,25.00,no
2026-10-05T00:05:36.619024Z,0.0700,0.53,yes
2026-10-05T00:05:39.802812Z,0.0600,5.29,no
2026-10-05T00:05:41.120891Z,0.0700,52.55,yes
2026-10-05T00:05:41.120891Z,0.0800,30.00,yes
2026-10-05T00:05:41.120891Z,0.0700,10.47,yes
2026-10-05T00:05:41.120891Z,0.0700,11.00,yes
2026-10-05T00:05:41.120891Z,0.0700,5.00,yes
2026-10-05T00:05:41.120891Z,0.0700,11.00,yes
2026-10-05T00:05:41.120891Z,0.0800,5.84,yes
2026-10-05T00:05:42.584835Z,0.0800,0.98,yes
2026-10-05T00:05:42.584835Z,0.0800,18.92,yes
2026-10-05T00:05:42.821763Z,0.0800,0.10,yes
2026-10-05T00:05:42.886889Z,0.1000,7.21,yes
2026-10-05T00:05:42.886889Z,0.1000,18.00,yes
2026-10-05T00:05:42.886889Z,0.0900,1278.26,yes
2026-10-05T00:05:42.886889Z,0.0900,284.48,yes
2026-10-05T00:05:42.886889Z,0.0800,300.98,yes
2026-10-05T00:05:42.886889Z,0.0800,1.00,yes
2026-10-05T00:05:42.886889Z,0.0800,6.99,yes
2026-10-05T00:05:42.886889Z,0.0900,100.00,yes
2026-10-05T00:05:42.886889Z,0.1100,483.50,yes
2026-10-05T00:05:44.287699Z,0.1100,66.57,yes
2026-10-05T00:05:44.287699Z,0.1000,1.00,yes
2026-10-05T00:05:44.287699Z,0.1000,11.00,yes
2026-10-05T00:05:44.287699Z,0.0800,7.00,yes
2026-10-05T00:05:46.635126Z,0.1100,49.93,yes
2026-10-05T00:05:46.635126Z,0.1100,9.97,yes
2026-10-05T00:05:51.538443Z,0.1000,2.93,no
2026-10-05T00:05:51.538443Z,0.1000,13.36,no
2026-10-05T00:05:52.97187Z,0.1000,5.73,no
2026-10-05T00:05:53.471639Z,0.1100,11.00,yes
2026-10-05T00:05:53.471639Z,0.1100,50.00,yes
2026-10-05T00:05:53.471639Z,0.1400,22.00,yes
2026-10-05T00:05:53.471639Z,0.1400,3.00,yes
2026-10-05T00:05:53.471639Z,0.1100,1.03,yes
2026-10-05T00:05:53.471639Z,0.1400,3.62,yes
2026-10-05T00:05:53.471639Z,0.1300,1.00,yes
2026-10-05T00:05:53.471639Z,0.1500,6.35,yes
2026-10-05T00:05:53.471639Z,0.1500,18.75,yes
2026-10-05T00:05:58.442363Z,0.1200,7.84,yes
2026-10-05T00:06:00.397481Z,0.1200,7.09,yes
2026-10-05T00:06:00.397481Z,0.1200,3.16,yes
2026-10-05T00:06:00.397481Z,0.1200,25.00,yes
2026-10-05T00:06:00.397481Z,0.1100,7.00,yes
2026-10-05T00:06:00.397481Z,0.1200,6.00,yes
2026-10-05T00:06:00.397481Z,0.1300,27.84,yes
2026-10-05T00:06:00.397481Z,0.1200,0.65,yes
2026-10-05T00:06:01.045043Z,0.1300,0.24,yes
2026-10-05T00:06:03.226409Z,0.1200,7.84,yes
2026-10-05T00:06:03.735003Z,0.1300,336.71,yes
2026-10-05T00:06:03.735003Z,0.1200,7.00,yes
2026-10-05T00:06:03.735003Z,0.1200,3.16,yes
2026-10-05T00:06:03.735003Z,0.1200,10.00,yes
2026-10-05T00:06:05.201485Z,0.0800,1.49,no
2026-10-05T00:06:05.201485Z,0.0900,3.95,no
2026-10-05T00:06:05.701823Z,0.1300,0.36,yes
2026-10-05T00:06:12.153949Z,0.0900,0.40,no
2026-10-05T00:06:12.153949Z,0.0900,28.88,no
2026-10-05T00:06:14.173946Z,0.0900,46.00,no
2026-10-05T00:06:14.173946Z,0.0900,15.60,no
2026-10-05T00:06:14.173946Z,0.0900,17.36,no
2026-10-05T00:06:16.094653Z,0.1100,4.27,yes
2026-10-05T00:06:21.060457Z,0.0900,1.09,no
2026-10-05T00:06:23.870715Z,0.1000,7.00,yes
2026-10-05T00:06:23.870715Z,0.1100,24.27,yes
2026-10-05T00:06:23.870715Z,0.1200,11.00,yes
2026-10-05T00:06:23.870715Z,0.1200,11.00,yes
2026-10-05T00:06:23.870715Z,0.1300,11.60,yes
2026-10-05T00:06:26.345796Z,0.1200,7.84,yes
2026-10-05T00:06:30.662248Z,0.1200,3.16,yes
2026-10-05T00:06:30.662248Z,0.1300,26.03,yes
2026-10-05T00:06:32.381333Z,0.1200,11.00,yes
2026-10-05T00:06:32.381333Z,0.1200,4.69,yes
2026-10-05T00:06:34.670541Z,0.1100,42.78,yes
2026-10-05T00:06:35.624628Z,0.1100,13.31,yes
2026-10-05T00:06:35.624628Z,0.1200,65.31,yes
2026-10-05T00:06:35.624628Z,0.1300,27.04,yes
2026-10-05T00:06:37.246279Z,0.1200,1.33,yes
2026-10-05T00:06:38.617963Z,0.1200,9.67,yes
2026-10-05T00:06:38.617963Z,0.1300,5.51,yes
2026-10-05T00:06:40.006644Z,0.1200,11.00,yes
2026-10-05T00:06:40.006644Z,0.1300,56.33,yes
2026-10-05T00:06:42.229024Z,0.1000,5.00,no
2026-10-05T00:06:42.229024Z,0.1000,1.00,no
2026-10-05T00:06:42.229024Z,0.1000,5.00,no
2026-10-05T00:06:42.229024Z,0.1000,4.69,no
2026-10-05T00:06:42.229024Z,0.1000,6.27,no
2026-10-05T00:06:43.249698Z,0.1200,4.70,yes
2026-10-05T00:06:43.249698Z,0.1300,2.98,yes
2026-10-05T00:06:45.586998Z,0.1200,1.00,yes
2026-10-05T00:06:45.586998Z,0.1200,4.00,yes
2026-10-05T00:06:45.586998Z,0.1200,5.00,yes
2026-10-05T00:06:45.586998Z,0.1400,13.56,yes
2026-10-05T00:06:45.586998Z,0.1300,11.00,yes
2026-10-05T00:06:45.586998Z,0.1300,10.00,yes
2026-10-05T00:06:45.586998Z,0.1300,5.36,yes
2026-10-05T00:06:45.586998Z,0.1400,1.00,yes
2026-10-05T00:06:45.586998Z,0.1300,21.00,yes
2026-10-05T00:06:50.938077Z,0.1000,93.00,no
2026-10-05T00:06:50.938077Z,0.0800,0.10,no
2026-10-05T00:06:50.938077Z,0.0900,26.67,no
2026-10-05T00:06:50.938077Z,0.0900,18.00,no
2026-10-05T00:06:50.938077Z,0.1000,5.00,no
2026-10-05T00:06:50.938077Z,0.0900,0.10,no
2026-10-05T00:06:50.938077Z,0.0800,10.00,no
2026-10-05T00:06:50.938077Z,0.1000,12.00,no
2026-10-05T00:06:50.938077Z,0.0900,5.00,no
2026-10-05T00:06:50.938077Z,0.0900,41.00,no
2026-10-05T00:06:50.938077Z,0.0700,34.51,no
2026-10-05T00:06:50.938077Z,0.0700,1.00,no
2026-10-05T00:06:50.938077Z,0.0800,30.00,no
2026-10-05T00:06:50.938077Z,0.0800,25.00,no
2026-10-05T00:06:50.938077Z,0.0800,50.00,no
2026-10-05T00:06:53.682442Z,0.1100,1.00,yes
2026-10-05T00:06:53.682442Z,0.1200,0.88,yes
2026-10-05T00:06:53.682442Z,0.1100,11.00,yes
2026-10-05T00:06:53.682442Z,0.1000,26.67,yes
2026-10-05T00:06:53.682442Z,0.1200,5.00,yes
2026-10-05T00:06:54.337986Z,0.0900,5.00,no
2026-10-05T00:06:54.337986Z,0.0900,1.00,no
2026-10-05T00:06:54.680113Z,0.1100,11.00,yes
2026-10-05T00:06:54.680113Z,0.1300,0.10,yes
2026-10-05T00:06:54.680113Z,0.1300,92.00,yes
2026-10-05T00:06:54.680113Z,0.1000,5.00,yes
2026-10-05T00:06:54.680113Z,0.1300,30.00,yes
2026-10-05T00:06:54.680113Z,0.1300,11.00,yes
2026-10-05T00:06:54.680113Z,0.1300,11.00,yes
2026-10-05T00:06:54.680113Z,0.1200,0.10,yes
2026-10-05T00:06:54.680113Z,0.1300,10.00,yes
2026-10-05T00:06:54.680113Z,0.1200,55.00,yes
2026-10-05T00:06:54.680113Z,0.1400,127.06,yes
2026-10-05T00:06:56.657698Z,0.1300,7.00,yes
2026-10-05T00:06:56.657698Z,0.1300,3.00,yes
2026-10-05T00:06:56.657698Z,0.1200,11.00,yes
2026-10-05T00:06:56.657698Z,0.1100,5.00,yes
2026-10-05T00:06:56.657698Z,0.1300,11.00,yes
2026-10-05T00:06:56.657698Z,0.1300,10.00,yes
2026-10-05T00:06:56.657698Z,0.1200,1.00,yes
2026-10-05T00:06:56.657698Z,0.1400,2.25,yes
2026-10-05T00:06:58.857964Z,0.1200,9.86,yes
2026-10-05T00:06:58.857964Z,0.1200,5.00,yes
2026-10-05T00:07:05.289978Z,0.0800,4.86,no
2026-10-05T00:07:05.289978Z,0.0900,5.00,no
2026-10-05T00:07:05.289978Z,0.0900,1.00,no
2026-10-05T00:07:06.223164Z,0.0800,11.00,yes
2026-10-05T00:07:06.223164Z,0.0900,60.00,yes
2026-10-05T00:07:10.999635Z,0.0900,5.00,yes
2026-10-05T00:07:10.999635Z,0.0900,14.00,yes
2026-10-05T00:07:10.999635Z,0.1000,0.03,yes
2026-10-05T00:07:10.999635Z,0.0900,20.00,yes
2026-10-05T00:07:10.999635Z,0.0900,8.00,yes
2026-10-05T00:07:12.718267Z,0.0900,5.00,yes
2026-10-05T00:07:12.718267Z,0.0900,11.00,yes
2026-10-05T00:07:12.718267Z,0.0900,5.00,yes
2026-10-05T00:07:12.718267Z,0.0900,5.00,yes
2026-10-05T00:07:12.718267Z,0.1000,48.67,yes
2026-10-05T00:07:12.718267Z,0.1000,10.97,yes
2026-10-05T00:07:12.718267Z,0.1000,11.00,yes
2026-10-05T00:07:17.554225Z,0.0900,5.00,yes
2026-10-05T00:07:17.554225Z,0.0900,7.00,yes
2026-10-05T00:07:17.554225Z,0.0900,11.00,yes
2026-10-05T00:07:17.554225Z,0.0900,5.00,yes
2026-10-05T00:07:18.028687Z,0.0900,10.44,yes
2026-10-05T00:07:18.125242Z,0.0900,7.00,yes
2026-10-05T00:07:18.125242Z,0.0900,0.44,yes
2026-10-05T00:07:18.125242Z,0.0900,100.00,yes
2026-10-05T00:07:18.125242Z,0.0900,13.56,yes
2026-10-05T00:07:18.125242Z,0.0900,11.00,yes
2026-10-05T00:07:18.125242Z,0.0900,1.00,yes
2026-10-05T00:07:18.125242Z,0.0900,5.00,yes
2026-10-05T00:07:18.125242Z,0.0900,35.63,yes
2026-10-05T00:07:19.981998Z,0.0700,50.00,no
2026-10-05T00:07:19.981998Z,0.0700,29.14,no
2026-10-05T00:07:19.981998Z,0.0800,1.00,no
2026-10-05T00:07:19.981998Z,0.0700,13.86,no
2026-10-05T00:07:19.981998Z,0.0700,5.00,no
2026-10-05T00:07:19.981998Z,0.0800,1.00,no
2026-10-05T00:07:20.124771Z,0.0900,11.00,yes
2026-10-05T00:07:20.124771Z,0.0900,88.45,yes
2026-10-05T00:07:20.124771Z,0.0900,5.00,yes
2026-10-05T00:07:21.072616Z,0.0900,5.00,yes
2026-10-05T00:07:21.072616Z,0.0900,5.00,yes
2026-10-05T00:07:21.072616Z,0.0900,2.00,yes
2026-10-05T00:07:21.072616Z,0.0900,11.55,yes
2026-10-05T00:07:21.072616Z,0.1000,1.41,yes
2026-10-05T00:07:21.072616Z,0.0900,5.00,yes
2026-10-05T00:07:21.072616Z,0.0900,10.00,yes
2026-10-05T00:07:21.072616Z,0.0900,12.09,yes
2026-10-05T00:07:23.100167Z,0.0900,75.46,yes
2026-10-05T00:07:23.100167Z,0.0800,5.00,yes
2026-10-05T00:07:26.331189Z,0.0800,5.00,yes
2026-10-05T00:07:26.331189Z,0.0800,100.00,yes
2026-10-05T00:07:26.331189Z,0.0800,1.43,yes
2026-10-05T00:07:26.331189Z,0.0800,11.00,yes
2026-10-05T00:07:29.129163Z,0.0800,5.00,yes
2026-10-05T00:07:29.129163Z,0.0900,100.00,yes
2026-10-05T00:07:29.129163Z,0.0800,26.57,yes
2026-10-05T00:07:29.129163Z,0.0900,80.81,yes
2026-10-05T00:07:33.732675Z,0.1000,11.00,yes
2026-10-05T00:07:33.732675Z,0.1000,5.00,yes
2026-10-05T00:07:33.732675Z,0.1000,23.15,yes
2026-10-05T00:07:33.732675Z,0.0900,5.00,yes
2026-10-05T00:07:39.965039Z,0.0900,5.00,yes
2026-10-05T00:07:39.965039Z,0.1000,39.15,yes
2026-10-05T00:07:43.938238Z,0.0900,5.44,yes
2026-10-05T00:07:43.938238Z,0.0900,5.00,yes
2026-10-05T00:07:46.256987Z,0.0800,18.00,no
2026-10-05T00:07:46.256987Z,0.0800,12.00,no
2026-10-05T00:07:46.256987Z,0.0800,47.18,no
2026-10-05T00:07:46.256987Z,0.0800,1.00,no
2026-10-05T00:07:48.380001Z,0.1000,62.70,yes
2026-10-05T00:07:48.380001Z,0.1500,13.84,yes
2026-10-05T00:07:48.380001Z,0.1300,5.63,yes
2026-10-05T00:07:48.380001Z,0.0900,0.56,yes
2026-10-05T00:07:48.380001Z,0.1400,27.00,yes
2026-10-05T00:07:48.380001Z,0.1400,38.00,yes
2026-10-05T00:07:48.380001Z,0.0900,5.00,yes
2026-10-05T00:07:51.813534Z,0.1200,5.00,yes
2026-10-05T00:07:51.813534Z,0.1300,5.22,yes
2026-10-05T00:07:51.813534Z,0.1200,5.00,yes
2026-10-05T00:07:55.182448Z,0.1300,8.85,yes
2026-10-05T00:07:55.182448Z,0.1200,7.00,yes
2026-10-05T00:07:55.182448Z,0.1300,16.71,yes
2026-10-05T00:07:55.182448Z,0.1200,5.00,yes
2026-10-05T00:07:55.182448Z,0.1200,5.00,yes
2026-10-05T00:07:55.182448Z,0.1200,11.00,yes
2026-10-05T00:07:55.182448Z,0.1100,5.00,yes
2026-10-05T00:07:55.182448Z,0.1300,11.00,yes
2026-10-05T00:07:55.182448Z,0.1300,5.78,yes
2026-10-05T00:08:00.453557Z,0.1000,4.70,yes
2026-10-05T00:08:01.749413Z,0.1000,0.30,yes
2026-10-05T00:08:01.749413Z,0.1100,8.21,yes
2026-10-05T00:08:05.145146Z,0.1000,5.00,yes
2026-10-05T00:08:05.145146Z,0.1100,3.93,yes
2026-10-05T00:08:06.355241Z,0.1100,1.00,yes
2026-10-05T00:08:06.355241Z,0.1000,5.00,yes
2026-10-05T00:08:06.355241Z,0.1400,1.00,yes
2026-10-05T00:08:06.355241Z,0.1200,11.00,yes
2026-10-05T00:08:06.355241Z,0.1200,97.00,yes
2026-10-05T00:08:06.355241Z,0.1400,21.70,yes
2026-10-05T00:08:06.355241Z,0.1100,187.29,yes
2026-10-05T00:08:06.355241Z,0.1300,2.29,yes
2026-10-05T00:08:12.643544Z,0.1500,4.54,yes
2026-10-05T00:08:12.643544Z,0.1500,9.24,yes
2026-10-05T00:08:12.643544Z,0.1300,11.00,yes
2026-10-05T00:08:12.643544Z,0.1100,11.00,yes
2026-10-05T00:08:19.236959Z,0.1500,7.00,yes
2026-10-05T00:08:19.236959Z,0.1300,11.00,yes
2026-10-05T00:08:19.236959Z,0.1300,11.00,yes
2026-10-05T00:08:19.236959Z,0.1500,30.00,yes
2026-10-05T00:08:19.236959Z,0.1500,1.00,yes
2026-10-05T00:08:19.236959Z,0.1600,14.25,yes
2026-10-05T00:08:19.236959Z,0.1200,5.00,yes
2026-10-05T00:08:19.236959Z,0.1200,11.00,yes
2026-10-05T00:08:19.236959Z,0.1200,5.00,yes
2026-10-05T00:08:19.236959Z,0.1500,5.00,yes
2026-10-05T00:08:29.281062Z,0.1100,7.00,yes
2026-10-05T00:08:29.281062Z,0.1200,115.70,yes
2026-10-05T00:08:29.281062Z,0.1100,11.00,yes
2026-10-05T00:08:29.281062Z,0.1100,5.00,yes
2026-10-05T00:08:29.281062Z,0.1100,11.00,yes
2026-10-05T00:08:29.281062Z,0.1100,11.00,yes
2026-10-05T00:08:30.222772Z,0.0900,41.00,no
2026-10-05T00:08:30.222772Z,0.0900,26.90,no
2026-10-05T00:08:30.222772Z,0.0900,1.00,no
2026-10-05T00:08:30.222772Z,0.0900,25.00,no
2026-10-05T00:08:30.222772Z,0.0900,0.10,no
2026-10-05T00:08:30.222772Z,0.1000,5.00,no
2026-10-05T00:08:30.222772Z,0.1000,1.00,no
2026-10-05T00:08:33.768409Z,0.1100,5.00,yes
2026-10-05T00:08:33.768409Z,0.1100,11.00,yes
2026-10-05T00:08:33.768409Z,0.1100,5.00,yes
2026-10-05T00:08:33.768409Z,0.1100,11.00,yes
2026-10-05T00:08:33.768409Z,0.1200,9.89,yes
2026-10-05T00:08:37.720522Z,0.1100,11.00,yes
2026-10-05T00:08:37.720522Z,0.1100,1.00,yes
2026-10-05T00:08:37.720522Z,0.1200,145.92,yes
2026-10-05T00:08:37.956509Z,0.1100,8.55,yes
2026-10-05T00:08:37.973163Z,0.1100,2.45,yes
2026-10-05T00:08:37.973163Z,0.1200,44.61,yes
2026-10-05T00:08:39.685489Z,0.1200,39.24,yes
2026-10-05T00:08:40.167676Z,0.1100,11.00,yes
2026-10-05T00:08:40.167676Z,0.1200,67.21,yes
2026-10-05T00:08:41.924802Z,0.1200,7.77,yes
2026-10-05T00:08:44.278327Z,0.2000,10.00,yes
2026-10-05T00:08:44.278327Z,0.1400,10.00,yes
2026-10-05T00:08:44.278327Z,0.1500,10.00,yes
2026-10-05T00:08:44.278327Z,0.1600,10.00,yes
2026-10-05T00:08:44.278327Z,0.1700,10.00,yes
2026-10-05T00:08:44.278327Z,0.1200,25.00,yes
2026-10-05T00:08:44.278327Z,0.1200,5.00,yes
2026-10-05T00:08:44.278327Z,0.2100,161.00,yes
2026-10-05T00:08:44.278327Z,0.2000,15.00,yes
2026-10-05T00:08:44.278327Z,0.1500,5.88,yes
2026-10-05T00:08:44.278327Z,0.1200,55.41,yes
2026-10-05T00:08:44.278327Z,0.1600,204.00,yes
2026-10-05T00:08:44.278327Z,0.1300,265.90,yes
2026-10-05T00:08:44.278327Z,0.1200,5.00,yes
2026-10-05T00:08:44.278327Z,0.1300,500.00,yes
2026-10-05T00:08:44.278327Z,0.2000,189.00,yes
2026-10-05T00:08:44.278327Z,0.2100,134.83,yes
2026-10-05T00:08:53.761386Z,0.1100,31.21,no
2026-10-05T00:08:57.035325Z,0.1200,3.64,yes
2026-10-05T00:08:57.868144Z,0.1200,8.33,yes
2026-10-05T00:08:57.868144Z,0.1200,7.36,yes
2026-10-05T00:08:59.338765Z,0.1200,2.67,yes
2026-10-05T00:08:59.338765Z,0.1400,1.00,yes
2026-10-05T00:08:59.338765Z,0.1400,5.13,yes
2026-10-05T00:09:00.088259Z,0.1200,8.00,no
2026-10-05T00:09:00.088259Z,0.1300,12.00,no
2026-10-05T00:09:03.732816Z,0.1300,1.45,yes
2026-10-05T00:09:03.931761Z,0.1300,205.47,yes
2026-10-05T00:09:03.931761Z,0.1300,5.00,yes
2026-10-05T00:09:03.931761Z,0.1300,1.00,yes
2026-10-05T00:09:03.931761Z,0.1300,3.55,yes
2026-10-05T00:09:03.931761Z,0.1300,7.00,yes
2026-10-05T00:09:03.931761Z,0.1300,68.00,yes
2026-10-05T00:09:06.413155Z,0.1200,5.00,no
2026-10-05T00:09:06.413155Z,0.1200,3.43,no
2026-10-05T00:09:06.413155Z,0.1100,15.57,no
2026-10-05T00:09:08.087312Z,0.1300,7.25,yes
2026-10-05T00:09:09.691158Z,0.1100,77.68,no
2026-10-05T00:09:09.691158Z,0.1100,0.10,no
2026-10-05T00:09:09.691158Z,0.1100,9.22,no
2026-10-05T00:09:10.361246Z,0.1200,1.00,yes
2026-10-05T00:09:10.361246Z,0.1200,52.00,yes
2026-10-05T00:09:10.361246Z,0.1200,10.00,yes
2026-10-05T00:09:10.361246Z,0.1300,55.73,yes
2026-10-05T00:09:10.361246Z,0.1300,5.00,yes
2026-10-05T00:09:10.361246Z,0.1300,3.75,yes
2026-10-05T00:09:10.361246Z,0.1300,5.00,yes
2026-10-05T00:09:10.361246Z,0.1300,11.00,yes
2026-10-05T00:09:10.361246Z,0.1200,5.00,yes
2026-10-05T00:09:10.361246Z,0.1300,2.46,yes
2026-10-05T00:09:10.361246Z,0.1200,7.00,yes
2026-10-05T00:09:21.087901Z,0.1000,5.00,no
2026-10-05T00:09:21.087901Z,0.1000,1.00,no
2026-10-05T00:09:21.087901Z,0.0900,10.30,no
2026-10-05T00:09:21.087901Z,0.0900,1.00,no
2026-10-05T00:09:24.194731Z,0.1000,47.03,yes
2026-10-05T00:09:37.321538Z,0.1000,5.00,yes
2026-10-05T00:09:37.321538Z,0.1000,5.00,yes
2026-10-05T00:09:37.321538Z,0.1000,5.00,yes
2026-10-05T00:09:37.321538Z,0.1000,11.00,yes
2026-10-05T00:09:37.321538Z,0.1000,8.47,yes
2026-10-05T00:09:37.321538Z,0.1100,0.10,yes
2026-10-05T00:09:37.321538Z,0.1000,7.00,yes
2026-10-05T00:09:37.321538Z,0.1000,5.00,yes
2026-10-05T00:09:37.321538Z,0.1100,34.46,yes
2026-10-05T00:09:37.321538Z,0.1100,7.00,yes
2026-10-05T00:09:43.060734Z,0.1000,4.95,yes
2026-10-05T00:09:43.060734Z,0.1000,5.00,yes
2026-10-05T00:09:43.060734Z,0.1000,5.00,yes
2026-10-05T00:09:46.554978Z,0.1000,1.84,yes
2026-10-05T00:09:46.554978Z,0.1000,7.00,yes
2026-10-05T00:09:47.108949Z,0.1000,4.17,yes
2026-10-05T00:09:47.108949Z,0.1000,3.16,yes
2026-10-05T00:09:48.418477Z,0.1000,0.83,yes
2026-10-05T00:09:48.418477Z,0.1000,3.87,yes
2026-10-05T00:09:48.644714Z,0.1000,1.00,yes
2026-10-05T00:09:48.644714Z,0.1000,1.13,yes
2026-10-05T00:09:52.592568Z,0.1100,5.00,yes
2026-10-05T00:09:52.592568Z,0.1100,100.00,yes
2026-10-05T00:09:52.592568Z,0.1100,11.00,yes
2026-10-05T00:09:52.592568Z,0.1100,53.20,yes
2026-10-05T00:09:53.756389Z,0.0800,41.00,no
2026-10-05T00:09:53.756389Z,0.0700,39.43,no
2026-10-05T00:09:53.756389Z,0.0700,25.00,no
2026-10-05T00:09:53.756389Z,0.0800,2.83,no
2026-10-05T00:09:53.756389Z,0.0900,25.00,no
2026-10-05T00:09:53.756389Z,0.1000,147.87,no
2026-10-05T00:09:53.756389Z,0.0800,1.00,no
2026-10-05T00:09:53.756389Z,0.0800,24.00,no
2026-10-05T00:09:53.756389Z,0.0800,1.00,no
2026-10-05T00:09:53.756389Z,0.0800,5.00,no
2026-10-05T00:09:54.679619Z,0.1100,11.00,yes
2026-10-05T00:09:54.679619Z,0.1100,1.00,yes
2026-10-05T00:09:54.679619Z,0.1100,20.78,yes
2026-10-05T00:09:54.679619Z,0.1100,5.00,yes
2026-10-05T00:09:54.679619Z,0.1100,5.00,yes
2026-10-05T00:09:57.005601Z,0.1200,1.14,yes
2026-10-05T00:09:57.005601Z,0.1000,5.00,yes
2026-10-05T00:09:57.005601Z,0.1100,11.00,yes
2026-10-05T00:09:57.005601Z,0.1100,55.00,yes
2026-10-05T00:09:57.005601Z,0.1100,5.00,yes
2026-10-05T00:09:57.946734Z,0.1100,5.00,yes
2026-10-05T00:09:57.946734Z,0.1100,2.84,yes
2026-10-05T00:10:02.113232Z,0.1200,17.03,yes
2026-10-05T00:10:02.113232Z,0.1100,2.16,yes
2026-10-05T00:10:02.113232Z,0.1100,11.00,yes
2026-10-05T00:10:02.113232Z,0.1100,11.00,yes
2026-10-05T00:10:06.08185Z,0.1200,4.23,yes
2026-10-05T00:10:06.08185Z,0.1100,5.00,yes
2026-10-05T00:10:06.08185Z,0.1100,5.00,yes
2026-10-05T00:10:06.08185Z,0.1100,11.00,yes
2026-10-05T00:10:07.41478Z,0.1200,206.87,yes
2026-10-05T00:10:07.41478Z,0.1200,32.60,yes
2026-10-05T00:10:07.41478Z,0.1000,5.00,yes
2026-10-05T00:10:07.41478Z,0.1200,89.27,yes
2026-10-05T00:10:07.41478Z,0.1100,60.30,yes
2026-10-05T00:10:07.41478Z,0.1000,5.00,yes
2026-10-05T00:10:08.060773Z,0.1200,20.51,yes
2026-10-05T00:10:08.060773Z,0.1200,11.00,yes
2026-10-05T00:10:08.060773Z,0.1200,1.00,yes
2026-10-05T00:10:08.060773Z,0.1200,5.00,yes
2026-10-05T00:10:16.007976Z,0.0600,100.00,no
2026-10-05T00:10:16.007976Z,0.0600,25.00,no
2026-10-05T00:10:16.007976Z,0.0700,29.10,no
2026-10-05T00:10:16.007976Z,0.0800,1.00,no
2026-10-05T00:10:16.007976Z,0.0800,50.00,no
2026-10-05T00:10:16.007976Z,0.0700,0.10,no
2026-10-05T00:10:16.007976Z,0.0700,2.22,no
2026-10-05T00:10:16.007976Z,0.0600,0.75,no
2026-10-05T00:10:16.007976Z,0.0800,5.00,no
2026-10-05T00:10:16.007976Z,0.0700,10.00,no
2026-10-05T00:10:16.007976Z,0.0700,1.00,no
2026-10-05T00:10:17.974379Z,0.0900,30.93,yes
2026-10-05T00:10:17.974379Z,0.0800,5.00,yes
2026-10-05T00:10:17.974379Z,0.0800,5.00,yes
2026-10-05T00:10:18.922192Z,0.0800,5.00,yes
2026-10-05T00:10:18.922192Z,0.0900,0.10,yes
2026-10-05T00:10:18.922192Z,0.0800,5.00,yes
2026-10-05T00:10:18.922192Z,0.0900,0.10,yes
2026-10-05T00:10:18.922192Z,0.1000,1.03,yes
2026-10-05T00:10:19.425569Z,0.0900,103.36,yes
2026-10-05T00:10:20.62811Z,0.0900,5.00,yes
2026-10-05T00:10:20.62811Z,0.0900,94.45,yes
2026-10-05T00:10:20.62811Z,0.0900,5.00,yes
2026-10-05T00:10:34.701298Z,0.0900,3.65,yes
2026-10-05T00:10:35.202392Z,0.0900,11.00,yes
2026-10-05T00:10:35.202392Z,0.0900,1.00,yes
2026-10-05T00:10:35.202392Z,0.0900,1.35,yes
2026-10-05T00:10:35.202392Z,0.0900,5.00,yes
2026-10-05T00:10:35.202392Z,0.0900,33.87,yes
2026-10-05T00:10:40.539689Z,0.1000,11.00,yes
2026-10-05T00:10:40.539689Z,0.0800,11.00,yes
2026-10-05T00:10:40.539689Z,0.0900,5.00,yes
2026-10-05T00:10:40.539689Z,0.1000,69.71,yes
2026-10-05T00:10:43.652833Z,0.1000,1.00,yes
2026-10-05T00:10:43.652833Z,0.1000,6.04,yes
2026-10-05T00:10:43.652833Z,0.1200,17.66,yes
2026-10-05T00:10:45.075204Z,0.0800,2.00,no
2026-10-05T00:10:45.075204Z,0.0800,11.69,no
2026-10-05T00:10:45.075204Z,0.0800,95.00,no
2026-10-05T00:10:45.075204Z,0.0800,0.10,no
2026-10-05T00:10:45.075204Z,0.0800,1.00,no
2026-10-05T00:10:45.075204Z,0.0800,18.00,no
2026-10-05T00:10:45.075204Z,0.0800,28.00,no
2026-10-05T00:10:45.075204Z,0.0700,21.34,no
2026-10-05T00:10:45.075204Z,0.0700,1.00,no
2026-10-05T00:10:45.075204Z,0.0700,5.00,no
2026-10-05T00:10:45.075204Z,0.0800,27.00,no
2026-10-05T00:10:45.075204Z,0.0700,25.00,no
2026-10-05T00:10:45.075204Z,0.0800,65.00,no
2026-10-05T00:10:45.075204Z,0.0800,12.00,no
2026-10-05T00:10:45.283992Z,0.1300,10.00,yes
2026-10-05T00:10:45.283992Z,0.1300,4.04,yes
2026-10-05T00:10:45.283992Z,0.1200,1.00,yes
2026-10-05T00:10:45.283992Z,0.1200,1.00,yes
2026-10-05T00:10:45.283992Z,0.1300,3.25,yes
2026-10-05T00:10:45.283992Z,0.1200,9.83,yes
2026-10-05T00:10:49.362979Z,0.1000,78.07,yes
2026-10-05T00:10:49.362979Z,0.1000,11.00,yes
2026-10-05T00:10:49.362979Z,0.1000,5.00,yes
2026-10-05T00:10:49.702761Z,0.1000,24.93,yes
2026-10-05T00:10:49.702761Z,0.1000,69.14,yes
2026-10-05T00:10:59.767644Z,0.1100,3.61,yes
2026-10-05T00:10:59.767644Z,0.1000,5.00,yes
2026-10-05T00:11:08.663433Z,0.1100,5.00,yes
2026-10-05T00:11:08.663433Z,0.1200,11.06,yes
2026-10-05T00:11:13.077992Z,0.1100,8.55,yes
2026-10-05T00:11:18.491673Z,0.1000,55.18,no
2026-10-05T00:11:18.491673Z,0.1000,12.00,no
2026-10-05T00:11:18.491673Z,0.1000,11.00,no
2026-10-05T00:11:22.586163Z,0.1000,12.00,no
2026-10-05T00:11:22.586163Z,0.1000,34.79,no
2026-10-05T00:11:25.212749Z,0.0700,0.10,no
2026-10-05T00:11:25.212749Z,0.0700,50.00,no
2026-10-05T00:11:25.212749Z,0.0700,29.66,no
2026-10-05T00:11:25.212749Z,0.0700,50.00,no
2026-10-05T00:11:25.212749Z,0.0800,5.00,no
2026-10-05T00:11:25.212749Z,0.0800,50.00,no
2026-10-05T00:11:25.212749Z,0.0800,1.00,no
2026-10-05T00:11:25.212749Z,0.0700,9.00,no
2026-10-05T00:11:25.212749Z,0.0800,95.00,no
2026-10-05T00:11:25.212749Z,0.0800,14.25,no
2026-10-05T00:11:25.212749Z,0.0800,5.00,no
2026-10-05T00:11:25.212749Z,0.0800,12.00,no
2026-10-05T00:11:25.212749Z,0.0700,41.00,no
2026-10-05T00:11:27.257922Z,0.1000,76.25,yes
2026-10-05T00:11:27.257922Z,0.1000,17.82,yes
2026-10-05T00:11:30.566083Z,0.1100,5.00,yes
2026-10-05T00:11:30.566083Z,0.1000,10.00,yes
2026-10-05T00:11:30.566083Z,0.1100,25.00,yes
2026-10-05T00:11:30.566083Z,0.1100,3.63,yes
2026-10-05T00:11:34.911105Z,0.1000,75.56,yes
2026-10-05T00:11:34.911105Z,0.1000,11.00,yes
2026-10-05T00:11:39.733736Z,0.1000,2.05,yes
2026-10-05T00:11:39.733736Z,0.1000,5.00,yes
2026-10-05T00:11:41.801125Z,0.1200,1.00,yes
2026-10-05T00:11:41.801125Z,0.1300,1.00,yes
2026-10-05T00:11:41.801125Z,0.1200,7.94,yes
2026-10-05T00:11:41.801125Z,0.1400,16.03,yes
2026-10-05T00:11:41.801125Z,0.1000,8.95,yes
2026-10-05T00:11:41.801125Z,0.1300,30.00,yes
2026-10-05T00:11:41.801125Z,0.1100,25.00,yes
2026-10-05T00:11:41.801125Z,0.1300,3.13,yes
2026-10-05T00:11:41.801125Z,0.1200,0.10,yes
2026-10-05T00:11:41.801125Z,0.1100,7.37,yes
2026-10-05T00:11:53.659522Z,0.1200,11.54,yes
2026-10-05T00:11:53.659522Z,0.1200,5.00,yes
2026-10-05T00:11:53.659522Z,0.1200,7.00,yes
2026-10-05T00:11:54.265665Z,0.1200,39.23,yes
2026-10-05T00:11:54.585569Z,0.1100,5.00,yes
2026-10-05T00:11:54.585569Z,0.1100,100.00,yes
2026-10-05T00:11:54.585569Z,0.1100,5.00,yes
2026-10-05T00:11:54.585569Z,0.1100,70.24,yes
2026-10-05T00:11:54.585569Z,0.1100,16.00,yes
2026-10-05T00:11:54.601833Z,0.1200,15.69,yes
2026-10-05T00:11:55.021206Z,0.1200,27.10,yes
2026-10-05T00:11:55.021206Z,0.1100,15.00,yes
2026-10-05T00:11:55.021206Z,0.1100,5.00,yes
2026-10-05T00:11:55.021206Z,0.1100,100.00,yes
2026-10-05T00:11:55.782991Z,0.1200,13.44,yes
2026-10-05T00:11:55.782991Z,0.1200,55.00,yes
2026-10-05T00:11:55.782991Z,0.1100,5.00,yes
2026-10-05T00:11:55.782991Z,0.1200,19.00,yes
2026-10-05T00:11:55.782991Z,0.1200,22.95,yes
2026-10-05T00:11:57.083454Z,0.1000,14.01,no
2026-10-05T00:11:57.083454Z,0.1000,1.00,no
2026-10-05T00:11:59.277025Z,0.1100,3.00,yes
2026-10-05T00:11:59.277025Z,0.1100,5.00,yes
2026-10-05T00:11:59.277025Z,0.1200,3.74,yes
2026-10-05T00:12:01.198268Z,0.1100,5.00,yes
2026-10-05T00:12:01.198268Z,0.1200,3.21,yes
2026-10-05T00:12:02.545634Z,0.1100,5.00,yes
2026-10-05T00:12:02.545634Z,0.1200,26.76,yes
2026-10-05T00:12:04.009933Z,0.1300,65.29,yes
2026-10-05T00:12:04.009933Z,0.1200,6.94,yes
2026-10-05T00:12:05.744434Z,0.1200,1.84,yes
2026-10-05T00:12:05.744434Z,0.1200,5.00,yes
2026-10-05T00:12:05.744434Z,0.1200,1.00,yes
2026-10-05T00:12:06.231971Z,0.1000,78.18,no
2026-10-05T00:12:07.570168Z,0.1000,11.00,no
2026-10-05T00:12:07.570168Z,0.1000,100.00,no
2026-10-05T00:12:07.570168Z,0.1000,18.00,no
2026-10-05T00:12:07.570168Z,0.0900,53.52,no
2026-10-05T00:12:07.570168Z,0.0900,5.00,no
2026-10-05T00:12:07.984427Z,0.1000,42.78,yes
2026-10-05T00:12:10.750526Z,0.1000,94.07,yes
2026-10-05T00:12:11.049594Z,0.1000,94.07,yes
2026-10-05T00:12:11.16736Z,0.1000,47.03,yes
2026-10-05T00:12:11.347405Z,0.1000,141.11,yes
2026-10-05T00:12:21.10805Z,0.1100,34.01,yes
2026-10-05T00:12:21.10805Z,0.1100,94.00,yes
2026-10-05T00:12:21.10805Z,0.1100,123.72,yes
2026-10-05T00:12:21.10805Z,0.1100,5.00,yes
2026-10-05T00:12:21.46839Z,0.1000,59.57,yes
2026-10-05T00:12:21.46839Z,0.1000,5.00,yes
2026-10-05T00:12:21.46839Z,0.1000,5.00,yes
2026-10-05T00:12:21.46839Z,0.1000,16.00,yes
2026-10-05T00:12:23.140232Z,0.1000,5.00,yes
2026-10-05T00:12:23.140232Z,0.1100,38.16,yes
2026-10-05T00:12:23.310904Z,0.1100,17.14,yes
2026-10-05T00:12:28.137127Z,0.1100,4.14,yes
2026-10-05T00:12:28.137127Z,0.1100,4.41,yes
2026-10-05T00:12:29.897889Z,0.1000,78.96,no
2026-10-05T00:12:32.839313Z,0.1000,5.00,yes
2026-10-05T00:12:32.839313Z,0.1000,300.36,yes
2026-10-05T00:12:32.839313Z,0.1000,100.00,yes
2026-10-05T00:12:32.839313Z,0.1000,55.00,yes
2026-10-05T00:12:32.839313Z,0.1000,10.00,yes
2026-10-05T00:12:35.484812Z,0.1100,3.42,yes
2026-10-05T00:12:39.023343Z,0.1000,33.00,yes
2026-10-05T00:12:39.863992Z,0.1000,94.07,yes
2026-10-05T00:12:40.07349Z,0.1000,42.78,yes
2026-10-05T00:12:49.084012Z,0.1100,2.50,yes
2026-10-05T00:12:49.084012Z,0.1100,5.00,yes
2026-10-05T00:12:49.09617Z,0.0800,41.00,no
2026-10-05T00:12:49.09617Z,0.0800,30.00,no
2026-10-05T00:12:49.09617Z,0.0800,5.00,no
2026-10-05T00:12:49.09617Z,0.0800,9.36,no
2026-10-05T00:12:49.09617Z,0.0800,95.00,no
2026-10-05T00:12:49.09617Z,0.0800,72.23,no
2026-10-05T00:12:49.09617Z,0.0800,29.00,no
2026-10-05T00:12:49.907841Z,0.1300,5.00,yes
2026-10-05T00:12:49.907841Z,0.1300,28.68,yes
2026-10-05T00:12:50.193561Z,0.1300,68.14,yes
2026-10-05T00:12:51.530988Z,0.1000,12.00,no
2026-10-05T00:12:51.530988Z,0.1000,5.00,no
2026-10-05T00:12:51.530988Z,0.1000,39.25,no
2026-10-05T00:12:52.183246Z,0.1000,41.00,no
2026-10-05T00:12:52.183246Z,0.1000,7.00,no
2026-10-05T00:12:52.183246Z,0.1000,72.27,no
2026-10-05T00:12:52.183246Z,0.1000,29.75,no
2026-10-05T00:12:52.371334Z,0.0800,27.22,no
2026-10-05T00:12:52.371334Z,0.0900,7.00,no
2026-10-05T00:12:52.371334Z,0.1000,27.73,no
2026-10-05T00:12:52.371334Z,0.0900,10.00,no
2026-10-05T00:12:52.371334Z,0.0900,2.00,no
2026-10-05T00:12:52.371334Z,0.1100,5.00,no
2026-10-05T00:12:52.371334Z,0.0900,30.00,no
2026-10-05T00:12:52.371334Z,0.0900,22.00,no
2026-10-05T00:12:52.371334Z,0.0900,41.00,no
2026-10-05T00:12:52.371334Z,0.0900,52.00,no
2026-10-05T00:12:52.371334Z,0.0900,10.00,no
2026-10-05T00:12:53.115786Z,0.1200,2.84,yes
2026-10-05T00:12:53.115786Z,0.1200,5.00,yes
2026-10-05T00:12:53.626034Z,0.1200,39.24,yes
2026-10-05T00:12:54.805977Z,0.1200,57.92,yes
2026-10-05T00:12:54.805977Z,0.1100,100.00,yes
2026-10-05T00:12:54.805977Z,0.1100,5.00,yes
2026-10-05T00:12:54.805977Z,0.1200,0.60,yes
2026-10-05T00:13:03.744204Z,0.1000,7.00,no
2026-10-05T00:13:03.744204Z,0.1000,43.00,no
2026-10-05T00:13:03.744204Z,0.1000,0.10,no
2026-10-05T00:13:03.744204Z,0.1000,100.00,no
2026-10-05T00:13:03.744204Z,0.1000,5.00,no
2026-10-05T00:13:03.744204Z,0.1000,2.09,no
2026-10-05T00:13:07.138709Z,0.1000,36.40,no
2026-10-05T00:13:07.138709Z,0.1000,41.81,no
2026-10-05T00:13:07.138709Z,0.1000,38.91,no
2026-10-05T00:13:08.242342Z,0.1100,5.00,yes
2026-10-05T00:13:08.242342Z,0.1100,20.67,yes
2026-10-05T00:13:10.117489Z,0.1000,18.00,no
2026-10-05T00:13:10.117489Z,0.1000,5.00,no
2026-10-05T00:13:10.117489Z,0.0900,7.00,no
2026-10-05T00:13:10.117489Z,0.0900,0.10,no
2026-10-05T00:13:10.117489Z,0.0900,7.00,no
2026-10-05T00:13:10.117489Z,0.0900,52.00,no
2026-10-05T00:13:10.117489Z,0.0900,30.00,no
2026-10-05T00:13:10.117489Z,0.0900,41.00,no
2026-10-05T00:13:10.117489Z,0.0900,5.00,no
2026-10-05T00:13:10.117489Z,0.0800,147.03,no
2026-10-05T00:13:13.827485Z,0.1300,10.00,yes
2026-10-05T00:13:13.827485Z,0.1300,10.00,yes
2026-10-05T00:13:13.827485Z,0.1200,5.00,yes
2026-10-05T00:13:13.827485Z,0.1000,48.04,yes
2026-10-05T00:13:13.827485Z,0.1300,0.10,yes
2026-10-05T00:13:13.827485Z,0.1100,5.00,yes
2026-10-05T00:13:13.827485Z,0.1300,30.00,yes
2026-10-05T00:13:13.827485Z,0.1400,1.00,yes
2026-10-05T00:13:13.827485Z,0.1200,55.00,yes
2026-10-05T00:13:13.827485Z,0.1300,55.00,yes
2026-10-05T00:13:13.827485Z,0.1400,434.12,yes
2026-10-05T00:13:14.890954Z,0.1300,5.00,yes
2026-10-05T00:13:14.890954Z,0.1400,1.73,yes
2026-10-05T00:13:17.649479Z,0.1000,13.75,no
2026-10-05T00:13:17.649479Z,0.1000,5.00,no
2026-10-05T00:13:18.867884Z,0.1200,4.56,yes
2026-10-05T00:13:18.867884Z,0.1200,5.00,yes
2026-10-05T00:13:21.074455Z,0.1100,31.00,yes
2026-10-05T00:13:21.074455Z,0.1100,5.00,yes
2026-10-05T00:13:21.80657Z,0.1100,16.57,yes
2026-10-05T00:13:21.80657Z,0.1100,69.00,yes
2026-10-05T00:13:22.485227Z,0.1100,80.57,yes
2026-10-05T00:13:22.485227Z,0.1100,5.00,yes
2026-10-05T00:13:23.814101Z,0.1100,5.00,yes
2026-10-05T00:13:23.814101Z,0.1100,16.82,yes
2026-10-05T00:13:24.701851Z,0.1100,42.78,yes
2026-10-05T00:13:25.532341Z,0.1100,25.67,yes
2026-10-05T00:13:29.790473Z,0.1000,3.04,no
2026-10-05T00:13:29.790473Z,0.1000,5.00,no
2026-10-05T00:13:32.303326Z,0.1200,0.44,yes
2026-10-05T00:13:32.303326Z,0.1200,20.67,yes
2026-10-05T00:13:32.303326Z,0.1100,14.73,yes
2026-10-05T00:13:32.303326Z,0.1100,5.00,yes
2026-10-05T00:13:38.855318Z,0.1100,37.78,yes
2026-10-05T00:13:38.855318Z,0.1100,5.00,yes
2026-10-05T00:13:40.963221Z,0.1200,50.40,yes
2026-10-05T00:13:40.963221Z,0.1100,5.00,yes
2026-10-05T00:13:41.479626Z,0.1300,10.00,yes
2026-10-05T00:13:43.483495Z,0.1200,4.78,yes
2026-10-05T00:13:43.686277Z,0.1200,7.62,yes
2026-10-05T00:13:43.686277Z,0.1200,0.22,yes
2026-10-05T00:13:45.014407Z,0.1100,5.00,yes
2026-10-05T00:13:45.014407Z,0.1200,24.00,yes
2026-10-05T00:13:47.636561Z,0.1200,18.91,yes
2026-10-05T00:13:47.636561Z,0.1100,5.00,yes
2026-10-05T00:13:49.834955Z,0.1000,156.37,no
2026-10-05T00:13:50.455307Z,0.1000,7.02,no
2026-10-05T00:14:02.400783Z,0.1100,5.00,yes
2026-10-05T00:14:02.400783Z,0.1200,26.76,yes
2026-10-05T00:14:04.50187Z,0.1100,5.00,yes
2026-10-05T00:14:04.50187Z,0.1200,34.61,yes
2026-10-05T00:14:05.549703Z,0.1100,0.51,yes
2026-10-05T00:14:07.276065Z,0.1100,4.49,yes
2026-10-05T00:14:07.276065Z,0.1200,5.32,yes
2026-10-05T00:14:07.276065Z,0.1200,0.10,yes
2026-10-05T00:14:07.276065Z,0.1200,35.39,yes
2026-10-05T00:14:09.299174Z,0.1000,39.66,no
2026-10-05T00:14:09.299174Z,0.1000,7.00,no
2026-10-05T00:14:09.299174Z,0.1000,5.00,no
2026-10-05T00:14:09.299174Z,0.1000,36.61,no
2026-10-05T00:14:10.133581Z,0.1200,50.31,yes
2026-10-05T00:14:10.133581Z,0.1100,5.00,yes
2026-10-05T00:14:12.794578Z,0.1100,5.00,yes
2026-10-05T00:14:12.794578Z,0.1100,37.78,yes
2026-10-05T00:14:14.447156Z,0.1100,34.23,yes
2026-10-05T00:14:14.541601Z,0.1100,8.55,yes
2026-10-05T00:14:18.001991Z,0.1100,23.34,yes
2026-10-05T00:14:18.001991Z,0.1100,19.44,yes
2026-10-05T00:14:18.14403Z,0.1100,31.66,yes
2026-10-05T00:14:18.14403Z,0.1100,47.20,yes
2026-10-05T00:14:21.462765Z,0.1100,42.78,yes
2026-10-05T00:14:22.465235Z,0.1100,4.02,yes
2026-10-05T00:14:22.465235Z,0.1100,13.09,yes
2026-10-05T00:14:24.347429Z,0.1100,116.24,yes
2026-10-05T00:14:24.347429Z,0.1100,54.91,yes
2026-10-05T00:14:26.513928Z,0.1100,85.57,yes
2026-10-05T00:14:28.670449Z,0.1100,5.00,yes
2026-10-05T00:14:28.670449Z,0.1100,33.50,yes
2026-10-05T00:14:30.344069Z,0.1100,66.50,yes
2026-10-05T00:14:30.344069Z,0.1100,5.28,yes
2026-10-05T00:14:36.197426Z,0.1100,192.16,yes
2026-10-05T00:14:36.197426Z,0.1100,94.00,yes
2026-10-05T00:14:36.197426Z,0.1100,5.00,yes
2026-10-05T00:14:36.197426Z,0.1100,5.00,yes
2026-10-05T00:14:36.197426Z,0.1100,4.00,yes
2026-10-05T00:14:36.197426Z,0.1100,33.00,yes
2026-10-05T00:14:36.197426Z,0.1100,94.72,yes
2026-10-05T00:14:44.841171Z,0.1100,11.00,yes
2026-10-05T00:14:44.841171Z,0.1100,20.78,yes
2026-10-05T00:14:44.841171Z,0.1100,11.00,yes
2026-10-05T00:14:49.035512Z,0.1000,9.00,no
2026-10-05T00:14:49.056029Z,0.1000,9.00,no
2026-10-05T00:14:49.163202Z,0.1100,4.27,yes
2026-10-05T00:14:49.382374Z,0.1100,3.54,yes
2026-10-05T00:14:49.382374Z,0.1100,0.73,yes
2026-10-05T00:14:49.600593Z,0.1100,7.46,yes
2026-10-05T00:14:49.600593Z,0.1100,9.65,yes
2026-10-05T00:14:50.183236Z,0.1100,7.20,yes
2026-10-05T00:14:50.183236Z,0.1100,1.35,yes
2026-10-05T00:14:56.760613Z,0.2700,10.95,yes
2026-10-05T00:14:56.760613Z,0.3000,10.44,yes
2026-10-05T00:14:56.760613Z,0.1400,1.87,yes
2026-10-05T00:14:56.760613Z,0.3200,8.59,yes
2026-10-05T00:14:56.760613Z,0.2000,151.00,yes
2026-10-05T00:14:56.760613Z,0.1200,106.03,yes
2026-10-05T00:14:56.760613Z,0.1200,190.85,yes
2026-10-05T00:14:56.760613Z,0.2600,15.00,yes
2026-10-05T00:14:56.760613Z,0.1900,10.00,yes
2026-10-05T00:14:56.760613Z,0.1100,55.00,yes
2026-10-05T00:14:56.760613Z,0.1300,316.07,yes
2026-10-05T00:14:56.760613Z,0.1100,11.00,yes
2026-10-05T00:14:56.760613Z,0.1100,11.00,yes
2026-10-05T00:14:56.760613Z,0.1100,35.80,yes
2026-10-05T00:14:56.760613Z,0.1100,5.00,yes
2026-10-05T00:14:56.760613Z,0.2600,10.00,yes
2026-10-05T00:14:56.760613Z,0.1700,1.00,yes
2026-10-05T00:14:56.760613Z,0.2000,1.00,yes
2026-10-05T00:14:56.760613Z,0.2700,1.45,yes
2026-10-05T00:14:56.760613Z,0.2800,10.00,yes
2026-10-05T00:14:56.760613Z,0.3000,1.00,yes
2026-10-05T00:14:56.760613Z,0.2400,1.00,yes
2026-10-05T00:14:57.295804Z,0.1300,5.00,no
2026-10-05T00:14:57.295804Z,0.1300,10.00,no
2026-10-05T00:14:57.540413Z,0.2100,213.39,yes
2026-10-05T00:14:58.134118Z,0.1200,3.00,no
2026-10-05T00:14:58.902149Z,0.1200,41.00,no
2026-10-05T00:14:58.902149Z,0.1200,10.00,no
2026-10-05T00:14:58.902149Z,0.1200,0.15,no
2026-10-05T00:14:58.982382Z,0.1900,27.39,yes
2026-10-05T00:15:01.961959Z,0.1600,4.44,yes
2026-10-05T00:15:05.307739Z,0.1600,0.24,yes
2026-10-05T00:15:05.536419Z,0.1500,6.29,yes
2026-10-05T00:15:06.678992Z,0.1500,56.63,yes
2026-10-05T00:15:06.965102Z,0.1500,1.58,yes
2026-10-05T00:15:06.965102Z,0.1500,11.00,yes
2026-10-05T00:15:11.671385Z,0.1300,5.00,no
2026-10-05T00:15:11.671385Z,0.1200,0.10,no
2026-10-05T00:15:11.671385Z,0.1100,10.00,no
2026-10-05T00:15:11.671385Z,0.1300,63.00,no
2026-10-05T00:15:11.671385Z,0.1100,0.10,no
2026-10-05T00:15:11.671385Z,0.1000,0.10,no
2026-10-05T00:15:11.671385Z,0.1100,5.00,no
2026-10-05T00:15:11.671385Z,0.1100,7.00,no
2026-10-05T00:15:11.671385Z,0.1000,7.00,no
2026-10-05T00:15:11.671385Z,0.1100,1.00,no
2026-10-05T00:15:11.671385Z,0.1200,41.00,no
2026-10-05T00:15:11.671385Z,0.1300,5.00,no
2026-10-05T00:15:11.671385Z,0.1000,44.00,no
2026-10-05T00:15:11.671385Z,0.1200,29.21,no
2026-10-05T00:15:11.671385Z,0.1100,41.00,no
2026-10-05T00:15:11.671385Z,0.0900,38.02,no
2026-10-05T00:15:12.955808Z,0.1400,47.86,yes
2026-10-05T00:15:14.780095Z,0.1300,21.75,yes
2026-10-05T00:15:20.405572Z,0.3100,10.00,yes
2026-10-05T00:15:20.405572Z,0.1800,10.00,yes
2026-10-05T00:15:20.405572Z,0.1600,10.00,yes
2026-10-05T00:15:20.405572Z,0.1700,10.00,yes
2026-10-05T00:15:20.405572Z,0.1300,332.04,yes
2026-10-05T00:15:20.405572Z,0.1400,8.33,yes
2026-10-05T00:15:20.405572Z,0.1200,11.00,yes
2026-10-05T00:15:20.405572Z,0.1200,100.00,yes
2026-10-05T00:15:20.405572Z,0.1200,107.00,yes
2026-10-05T00:15:20.405572Z,0.1200,11.00,yes
2026-10-05T00:15:20.405572Z,0.1400,10.00,yes
2026-10-05T00:15:20.405572Z,0.1600,0.10,yes
2026-10-05T00:15:20.405572Z,0.3100,2.64,yes
2026-10-05T00:15:20.405572Z,0.1500,10.00,yes
2026-10-05T00:15:20.405572Z,0.1600,0.10,yes
2026-10-05T00:15:20.405572Z,0.1600,0.10,yes
2026-10-05T00:15:20.405572Z,0.1200,5.00,yes
2026-10-05T00:15:20.405572Z,0.1200,197.00,yes
2026-10-05T00:15:20.405572Z,0.1700,55.00,yes
2026-10-05T00:15:20.405572Z,0.1800,1.00,yes
2026-10-05T00:15:20.405572Z,0.1200,174.55,yes
2026-10-05T00:15:20.405572Z,0.2100,225.00,yes
2026-10-05T00:15:20.405572Z,0.2800,1.00,yes
2026-10-05T00:15:20.405572Z,0.2500,1.00,yes
2026-10-05T00:15:20.405572Z,0.2500,10.00,yes
2026-10-05T00:15:20.480126Z,0.1400,3.00,no
2026-10-05T00:15:20.483369Z,0.1400,3.00,no
2026-10-05T00:15:20.483369Z,0.1400,3.00,no
2026-10-05T00:15:20.485721Z,0.1400,6.00,no
2026-10-05T00:15:20.926973Z,0.1200,4.00,no
2026-10-05T00:15:20.926973Z,0.1200,1.00,no
2026-10-05T00:15:21.128132Z,0.1300,1.00,no
2026-10-05T00:15:21.128132Z,0.1200,1.00,no
2026-10-05T00:15:21.128132Z,0.1200,10.00,no
2026-10-05T00:15:21.291995Z,0.1500,55.00,yes
2026-10-05T00:15:21.291995Z,0.1500,53.66,yes
2026-10-05T00:15:21.549374Z,0.1200,1.00,no
2026-10-05T00:15:21.549374Z,0.1200,4.00,no
2026-10-05T00:15:21.608505Z,0.1600,6.11,yes
2026-10-05T00:15:29.141108Z,0.1400,5.00,yes
2026-10-05T00:15:29.141108Z,0.1500,7.86,yes
2026-10-05T00:15:30.055861Z,0.1400,5.00,yes
2026-10-05T00:15:30.055861Z,0.2100,25.00,yes
2026-10-05T00:15:30.055861Z,0.1500,3.14,yes
2026-10-05T00:15:30.055861Z,0.2100,14.00,yes
2026-10-05T00:15:30.055861Z,0.1500,11.00,yes
2026-10-05T00:15:30.055861Z,0.1500,11.00,yes
2026-10-05T00:15:30.055861Z,0.1500,11.00,yes
2026-10-05T00:15:30.055861Z,0.2300,13.70,yes
2026-10-05T00:15:30.055861Z,0.2100,1.00,yes
2026-10-05T00:15:30.055861Z,0.1800,1.00,yes
2026-10-05T00:15:30.055861Z,0.1700,6.00,yes
2026-10-05T00:15:30.698444Z,0.2600,1.00,yes
2026-10-05T00:15:31.088729Z,0.2500,5.00,yes
2026-10-05T00:15:31.088729Z,0.2600,2.53,yes
2026-10-05T00:15:38.28975Z,0.2300,19.25,yes
2026-10-05T00:15:38.28975Z,0.2300,11.00,yes
2026-10-05T00:15:38.28975Z,0.2300,11.00,yes
2026-10-05T00:15:38.586103Z,0.2300,12.37,yes
2026-10-05T00:15:39.222873Z,0.1900,1.00,no
2026-10-05T00:15:39.222873Z,0.1700,0.10,no
2026-10-05T00:15:39.222873Z,0.1700,5.00,no
2026-10-05T00:15:39.222873Z,0.1600,1.00,no
2026-10-05T00:15:39.222873Z,0.1800,1.47,no
2026-10-05T00:15:39.222873Z,0.1700,10.00,no
2026-10-05T00:15:39.222873Z,0.1800,0.10,no
2026-10-05T00:15:39.222873Z,0.1700,7.00,no
2026-10-05T00:15:39.222873Z,0.1600,2.72,no
2026-10-05T00:15:39.222873Z,0.1800,41.00,no
2026-10-05T00:15:40.841421Z,0.1700,5.00,no
2026-10-05T00:15:40.841421Z,0.1700,1.00,no
2026-10-05T00:15:40.841421Z,0.1700,6.00,no
2026-10-05T00:15:40.841421Z,0.1600,13.67,no
2026-10-05T00:15:43.093502Z,0.1600,0.10,no
2026-10-05T00:15:43.093502Z,0.1800,1.00,no
2026-10-05T00:15:43.093502Z,0.1600,11.90,no
2026-10-05T00:15:43.093502Z,0.1700,7.00,no
2026-10-05T00:15:43.146662Z,0.1700,5.00,no
2026-10-05T00:15:45.56957Z,0.1300,108.00,yes
2026-10-05T00:15:45.56957Z,0.1300,5.00,yes
2026-10-05T00:15:45.56957Z,0.1300,249.53,yes
2026-10-05T00:15:46.679217Z,0.1200,100.00,no
2026-10-05T00:15:46.679217Z,0.1100,51.37,no
2026-10-05T00:15:46.679217Z,0.1200,5.00,no
2026-10-05T00:15:50.842394Z,0.1300,55.00,yes
2026-10-05T00:15:50.842394Z,0.1300,5.00,yes
2026-10-05T00:15:50.842394Z,0.1300,12.50,yes
2026-10-05T00:15:50.904429Z,0.1300,36.25,yes
2026-10-05T00:15:57.400755Z,0.1200,0.78,yes
2026-10-05T00:16:03.657447Z,0.1200,10.00,yes
2026-10-05T00:16:03.657447Z,0.1200,107.74,yes
2026-10-05T00:16:04.337163Z,0.1200,6.00,yes
2026-10-05T00:16:05.202634Z,0.1200,23.54,yes
2026-10-05T00:16:07.826723Z,0.1200,154.56,yes
2026-10-05T00:16:08.575115Z,0.1200,78.39,yes
2026-10-05T00:16:08.575115Z,0.1200,0.10,yes
2026-10-05T00:16:10.198783Z,0.1200,21.61,yes
2026-10-05T00:16:10.198783Z,0.1200,1.88,yes
2026-10-05T00:16:10.198783Z,0.1200,55.00,yes
2026-10-05T00:16:15.988721Z,0.1400,100.00,yes
2026-10-05T00:16:15.988721Z,0.1400,34.74,yes
2026-10-05T00:16:16.340648Z,0.1400,66.26,yes
2026-10-05T00:16:16.340648Z,0.1400,1.11,yes
2026-10-05T00:16:17.396115Z,0.1300,2.00,no
2026-10-05T00:16:23.672966Z,0.1500,5.00,yes
2026-10-05T00:16:23.672966Z,0.1500,136.00,yes
2026-10-05T00:16:24.143241Z,0.1700,27.07,yes
2026-10-05T00:16:28.075029Z,0.1300,3.00,no
2026-10-05T00:16:28.075029Z,0.1300,17.00,no
2026-10-05T00:16:29.270601Z,0.1400,4.44,yes
2026-10-05T00:16:30.683816Z,0.1400,72.16,yes
2026-10-05T00:16:30.683816Z,0.1800,1.00,yes
2026-10-05T00:16:30.683816Z,0.1400,0.56,yes
2026-10-05T00:16:30.683816Z,0.1700,10.00,yes
2026-10-05T00:16:30.683816Z,0.1600,106.00,yes
2026-10-05T00:16:30.683816Z,0.1400,100.00,yes
2026-10-05T00:16:30.683816Z,0.1700,337.63,yes
2026-10-05T00:16:30.683816Z,0.1700,5.00,yes
2026-10-05T00:16:30.683816Z,0.1400,55.00,yes
2026-10-05T00:16:30.683816Z,0.1600,7.76,yes
2026-10-05T00:16:30.683816Z,0.1500,100.00,yes
2026-10-05T00:16:30.683816Z,0.1700,199.00,yes
2026-10-05T00:16:30.683816Z,0.1800,428.67,yes
2026-10-05T00:16:33.092009Z,0.1400,20.00,yes
2026-10-05T00:16:36.371156Z,0.1400,101.00,yes
2026-10-05T00:16:36.899227Z,0.1400,134.74,yes
2026-10-05T00:16:39.390638Z,0.1800,25.95,yes
2026-10-05T00:16:39.390638Z,0.1500,0.10,yes
2026-10-05T00:16:39.390638Z,0.1600,0.10,yes
2026-10-05T00:16:39.390638Z,0.1700,0.10,yes
2026-10-05T00:16:39.999097Z,0.1400,29.61,no
2026-10-05T00:16:39.999097Z,0.1200,0.62,no
2026-10-05T00:16:39.999097Z,0.1200,1.00,no
2026-10-05T00:16:39.999097Z,0.1300,10.00,no
2026-10-05T00:16:39.999097Z,0.1400,0.10,no
2026-10-05T00:16:39.999097Z,0.1300,1.45,no
2026-10-05T00:16:40.472155Z,0.1300,4.00,no
2026-10-05T00:16:40.472155Z,0.1400,1.00,no
2026-10-05T00:16:40.472155Z,0.1300,2.84,no
2026-10-05T00:16:41.279909Z,0.1700,4.00,yes
2026-10-05T00:16:41.279909Z,0.1700,46.98,yes
2026-10-05T00:16:46.760416Z,0.1700,5.55,yes
2026-10-05T00:16:51.100478Z,0.1700,2.39,yes
2026-10-05T00:16:51.100478Z,0.1700,10.00,yes
2026-10-05T00:16:51.100478Z,0.1600,55.00,yes
2026-10-05T00:16:51.100478Z,0.1500,5.00,yes
2026-10-05T00:16:51.100478Z,0.1600,11.00,yes
2026-10-05T00:16:52.842538Z,0.1700,27.61,yes
2026-10-05T00:16:52.842538Z,0.1700,83.57,yes
2026-10-05T00:16:56.8668Z,0.1700,27.98,yes
2026-10-05T00:16:56.8668Z,0.1700,100.00,yes
2026-10-05T00:16:56.8668Z,0.1700,11.00,yes
2026-10-05T00:17:08.677591Z,0.1500,5.00,yes
2026-10-05T00:17:08.677591Z,0.1500,7.58,yes
2026-10-05T00:17:09.832402Z,0.1200,11.57,no
2026-10-05T00:17:09.832402Z,0.1300,41.00,no
2026-10-05T00:17:09.832402Z,0.1300,1.00,no
2026-10-05T00:17:09.832402Z,0.1300,0.10,no
2026-10-05T00:17:09.832402Z,0.1200,0.10,no
2026-10-05T00:17:09.832402Z,0.1300,100.00,no
2026-10-05T00:17:09.832402Z,0.1300,1.00,no
2026-10-05T00:17:09.832402Z,0.1300,14.00,no
2026-10-05T00:17:10.220611Z,0.1500,0.04,yes
2026-10-05T00:17:10.220611Z,0.1500,31.42,yes
2026-10-05T00:17:12.15813Z,0.1500,0.96,yes
2026-10-05T00:17:12.15813Z,0.1500,87.13,yes
2026-10-05T00:17:15.338401Z,0.1500,50.33,yes
2026-10-05T00:17:15.479381Z,0.1500,228.85,yes
2026-10-05T00:17:16.910198Z,0.1300,10.00,no
2026-10-05T00:17:16.910198Z,0.1300,100.00,no
2026-10-05T00:17:16.910198Z,0.1300,96.00,no
2026-10-05T00:17:16.910198Z,0.1200,96.45,no
2026-10-05T00:17:16.910198Z,0.1200,7.41,no
2026-10-05T00:17:16.910198Z,0.1300,41.00,no
2026-10-05T00:17:17.217641Z,0.1500,1.00,yes
2026-10-05T00:17:22.916369Z,0.1500,31.46,yes
2026-10-05T00:17:23.722894Z,0.1500,31.46,yes
2026-10-05T00:17:27.258972Z,0.1500,12.58,yes
2026-10-05T00:17:28.853476Z,0.1400,58.07,yes
2026-10-05T00:17:28.853476Z,0.1600,4.95,yes
2026-10-05T00:17:28.853476Z,0.1500,9.00,yes
2026-10-05T00:17:28.853476Z,0.1600,0.10,yes
2026-10-05T00:17:28.853476Z,0.1500,57.19,yes
2026-10-05T00:17:29.077917Z,0.1200,20.00,no
2026-10-05T00:17:31.383096Z,0.1200,41.00,no
2026-10-05T00:17:31.383096Z,0.1200,15.00,no
2026-10-05T00:17:31.383096Z,0.1200,200.00,no
2026-10-05T00:17:31.383096Z,0.1100,282.96,no
2026-10-05T00:17:31.383096Z,0.1100,10.00,no
2026-10-05T00:17:31.383096Z,0.0900,126.06,no
2026-10-05T00:17:31.383096Z,0.1100,20.00,no
2026-10-05T00:17:31.383096Z,0.1000,10.00,no
2026-10-05T00:17:31.383096Z,0.0900,10.00,no
2026-10-05T00:17:31.383096Z,0.1000,0.10,no
2026-10-05T00:17:31.383096Z,0.0900,52.00,no
2026-10-05T00:17:31.383096Z,0.1100,41.00,no
2026-10-05T00:17:31.383096Z,0.1100,1.00,no
2026-10-05T00:17:31.383096Z,0.1200,30.00,no
2026-10-05T00:17:31.383096Z,0.0900,10.00,no
2026-10-05T00:17:31.383096Z,0.1000,1.00,no
2026-10-05T00:17:31.383096Z,0.0900,5.00,no
2026-10-05T00:17:31.383096Z,0.0900,11.98,no
2026-10-05T00:17:31.5796Z,0.1500,17.37,yes
2026-10-05T00:17:31.5796Z,0.1700,37.58,yes
2026-10-05T00:17:42.785584Z,0.1100,5.00,no
2026-10-05T00:17:42.785584Z,0.1100,34.65,no
2026-10-05T00:17:42.785584Z,0.1100,10.00,no
2026-10-05T00:17:42.785584Z,0.1000,2.93,no
2026-10-05T00:17:42.785584Z,0.1100,41.00,no
2026-10-05T00:17:43.271895Z,0.1400,34.65,yes
2026-10-05T00:17:43.271895Z,0.1400,20.94,yes
2026-10-05T00:17:45.062159Z,0.1400,67.37,yes
2026-10-05T00:17:47.075509Z,0.1400,11.69,yes
2026-10-05T00:17:47.075509Z,0.1400,1.04,yes
2026-10-05T00:17:47.64168Z,0.1400,6.73,yes
2026-10-05T00:17:50.103191Z,0.1300,5.45,yes
2026-10-05T00:17:51.063977Z,0.1000,5.47,no
2026-10-05T00:17:56.705129Z,0.1300,36.25,yes
2026-10-05T00:18:00.409402Z,0.1300,72.50,yes
2026-10-05T00:18:01.541741Z,0.1300,3.26,yes
2026-10-05T00:18:06.573154Z,0.1100,21.75,yes
2026-10-05T00:18:11.358164Z,0.0900,603.40,no
2026-10-05T00:18:12.263449Z,0.1100,11.00,yes
2026-10-05T00:18:12.263449Z,0.1100,0.84,yes
2026-10-05T00:18:12.263449Z,0.1100,10.00,yes
2026-10-05T00:18:12.263449Z,0.1100,55.00,yes
2026-10-05T00:18:18.11986Z,0.1100,0.10,yes
2026-10-05T00:18:18.11986Z,0.1200,26.06,yes
2026-10-05T00:18:18.11986Z,0.1100,100.00,yes
2026-10-05T00:18:18.11986Z,0.1200,0.10,yes
2026-10-05T00:18:18.11986Z,0.1100,55.00,yes
2026-10-05T00:18:20.084626Z,0.1000,10.00,yes
2026-10-05T00:18:20.084626Z,0.1000,103.00,yes
2026-10-05T00:18:20.084626Z,0.1000,485.98,yes
2026-10-05T00:18:20.084626Z,0.1000,52.00,yes
2026-10-05T00:18:20.084626Z,0.1000,200.00,yes
2026-10-05T00:18:22.127862Z,0.1000,424.23,yes
2026-10-05T00:18:22.127862Z,0.1000,103.00,yes
2026-10-05T00:18:22.127862Z,0.1000,184.00,yes
2026-10-05T00:18:22.127862Z,0.1000,55.00,yes
2026-10-05T00:18:23.405363Z,0.0900,81.45,no
2026-10-05T00:18:25.797814Z,0.1100,8.55,yes
2026-10-05T00:18:26.682462Z,0.1100,220.05,yes
2026-10-05T00:18:26.682462Z,0.1100,2.45,yes
2026-10-05T00:18:27.511969Z,0.1100,8.55,yes
2026-10-05T00:18:29.723876Z,0.1100,85.57,yes
2026-10-05T00:18:30.688405Z,0.1100,85.57,yes
2026-10-05T00:18:30.840093Z,0.1100,8.55,yes
2026-10-05T00:18:33.56567Z,0.1100,8.55,yes
2026-10-05T00:18:36.827645Z,0.1100,8.55,yes
2026-10-05T00:18:37.003032Z,0.1100,42.78,yes
2026-10-05T00:18:38.127544Z,0.1100,42.78,yes
2026-10-05T00:18:38.998427Z,0.1100,14.54,yes
2026-10-05T00:18:48.477609Z,0.0900,50.00,no
2026-10-05T00:18:48.477865Z,0.0900,127.00,no
2026-10-05T00:18:48.481855Z,0.0900,127.00,no
2026-10-05T00:18:48.48841Z,0.0800,1.00,no
2026-10-05T00:18:48.48841Z,0.0800,25.00,no
2026-10-05T00:18:48.48841Z,0.0800,0.10,no
2026-10-05T00:18:48.48841Z,0.0900,11.15,no
2026-10-05T00:18:48.48841Z,0.0800,15.11,no
2026-10-05T00:18:48.48841Z,0.0900,0.10,no
2026-10-05T00:18:51.066008Z,0.0900,15.11,yes
2026-10-05T00:18:51.066008Z,0.1000,3.58,yes
2026-10-05T00:18:51.066008Z,0.1000,11.00,yes
2026-10-05T00:18:52.893055Z,0.1100,25.93,yes
2026-10-05T00:18:52.893055Z,0.1000,11.00,yes
2026-10-05T00:18:52.893055Z,0.1000,0.10,yes
2026-10-05T00:18:52.893055Z,0.1000,7.42,yes
2026-10-05T00:18:58.035758Z,0.1000,1.00,yes
2026-10-05T00:18:58.035758Z,0.1000,11.00,yes
2026-10-05T00:18:58.035758Z,0.1000,5.00,yes
2026-10-05T00:18:58.035758Z,0.1100,27.29,yes
2026-10-05T00:18:58.469946Z,0.1100,0.08,yes
2026-10-05T00:18:59.033008Z,0.0700,10.00,no
2026-10-05T00:18:59.033008Z,0.0700,1.00,no
2026-10-05T00:18:59.033008Z,0.0800,100.00,no
2026-10-05T00:18:59.033008Z,0.0700,14.00,no
2026-10-05T00:18:59.033008Z,0.0700,1.00,no
2026-10-05T00:18:59.033008Z,0.0800,17.96,no
2026-10-05T00:18:59.033008Z,0.0700,10.00,no
2026-10-05T00:18:59.033008Z,0.0800,5.00,no
2026-10-05T00:18:59.033008Z,0.0700,50.00,no
2026-10-05T00:19:00.462199Z,0.1100,1.00,yes
2026-10-05T00:19:00.462199Z,0.1000,16.32,yes
2026-10-05T00:19:00.462199Z,0.1100,45.07,yes
2026-10-05T00:19:00.462199Z,0.1100,24.61,yes
2026-10-05T00:19:07.026476Z,0.1000,94.07,yes
2026-10-05T00:19:07.775984Z,0.0600,11.00,no
2026-10-05T00:19:07.775984Z,0.0600,7.44,no
2026-10-05T00:19:07.775984Z,0.0600,24.25,no
2026-10-05T00:19:10.56993Z,0.0900,30.00,yes
2026-10-05T00:19:10.56993Z,0.0800,55.00,yes
2026-10-05T00:19:10.56993Z,0.0700,5.00,yes
2026-10-05T00:19:10.56993Z,0.0900,10.00,yes
2026-10-05T00:19:10.56993Z,0.1000,10.00,yes
2026-10-05T00:19:10.56993Z,0.1000,84.93,yes
2026-10-05T00:19:10.56993Z,0.1100,253.29,yes
2026-10-05T00:19:10.56993Z,0.1100,11.00,yes
2026-10-05T00:19:10.56993Z,0.1100,1.00,yes
2026-10-05T00:19:11.385778Z,0.1000,3.00,yes
2026-10-05T00:19:11.768519Z,0.1000,9.08,yes
2026-10-05T00:19:11.768519Z,0.1000,8.00,yes
2026-10-05T00:19:11.768519Z,0.1000,28.95,yes
2026-10-05T00:19:11.768519Z,0.1000,1.00,yes
2026-10-05T00:19:13.418894Z,0.0900,1.00,yes
2026-10-05T00:19:13.418894Z,0.0900,51.22,yes
2026-10-05T00:19:13.945997Z,0.1100,85.57,yes
2026-10-05T00:19:14.589903Z,0.1100,51.34,yes
2026-10-05T00:19:16.120185Z,0.1000,3.93,yes
2026-10-05T00:19:16.120185Z,0.1000,5.00,yes
2026-10-05T00:19:18.107717Z,0.0600,5.00,no
2026-10-05T00:19:18.107717Z,0.0600,1.00,no
2026-10-05T00:19:18.107717Z,0.0600,30.00,no
2026-10-05T00:19:18.107717Z,0.0600,1.00,no
2026-10-05T00:19:18.107717Z,0.0600,100.00,no
2026-10-05T00:19:20.611099Z,0.1000,5.00,yes
2026-10-05T00:19:20.611099Z,0.1000,54.23,yes
2026-10-05T00:19:20.611099Z,0.1000,7.07,yes
2026-10-05T00:19:20.611099Z,0.1000,1.00,yes
2026-10-05T00:19:20.86675Z,0.1000,4.13,yes
2026-10-05T00:19:26.02847Z,0.1000,6.87,yes
2026-10-05T00:19:26.02847Z,0.1000,7.24,yes
2026-10-05T00:19:26.285798Z,0.1800,1.00,yes
2026-10-05T00:19:26.285798Z,0.1300,0.10,yes
2026-10-05T00:19:26.285798Z,0.1200,10.00,yes
2026-10-05T00:19:26.285798Z,0.1100,6.40,yes
2026-10-05T00:19:26.285798Z,0.1300,10.00,yes
2026-10-05T00:19:26.285798Z,0.1400,10.00,yes
2026-10-05T00:19:26.285798Z,0.1500,10.00,yes
2026-10-05T00:19:26.285798Z,0.1100,0.10,yes
2026-10-05T00:19:26.285798Z,0.1200,3.27,yes
2026-10-05T00:19:26.285798Z,0.1200,0.10,yes
2026-10-05T00:19:26.285798Z,0.1000,217.01,yes
2026-10-05T00:19:26.285798Z,0.1000,1.00,yes
2026-10-05T00:19:26.285798Z,0.1000,100.00,yes
2026-10-05T00:19:26.285798Z,0.1100,10.00,yes
2026-10-05T00:19:26.285798Z,0.1800,33.64,yes
2026-10-05T00:19:31.571585Z,0.0800,63.15,yes
2026-10-05T00:19:31.571585Z,0.0800,108.00,yes
2026-10-05T00:19:31.571585Z,0.0800,5.00,yes
2026-10-05T00:19:31.580172Z,0.0800,58.71,yes
2026-10-05T00:19:33.030355Z,0.0800,6.34,yes
2026-10-05T00:19:34.390063Z,0.0800,160.00,yes
2026-10-05T00:19:34.390063Z,0.0800,100.00,yes
2026-10-05T00:19:34.390063Z,0.1000,10.00,yes
2026-10-05T00:19:34.390063Z,0.1100,10.00,yes
2026-10-05T00:19:34.390063Z,0.0900,366.03,yes
2026-10-05T00:19:34.390063Z,0.0900,100.00,yes
2026-10-05T00:19:34.390063Z,0.0800,371.80,yes
2026-10-05T00:19:34.390063Z,0.1200,8.24,yes
2026-10-05T00:19:34.390063Z,0.1100,11.00,yes
2026-10-05T00:19:37.232313Z,0.0800,1.00,no
2026-10-05T00:19:44.113404Z,0.0800,1.00,no
2026-10-05T00:19:46.721452Z,0.1000,94.07,yes
2026-10-05T00:19:47.840641Z,0.1100,11.00,yes
2026-10-05T00:19:47.840641Z,0.1100,11.00,yes
2026-10-05T00:19:47.840641Z,0.1000,405.93,yes
2026-10-05T00:19:47.840641Z,0.1000,198.00,yes
2026-10-05T00:19:47.840641Z,0.1100,121.77,yes
2026-10-05T00:19:52.325082Z,0.1200,39.24,yes
2026-10-05T00:19:58.023819Z,0.0900,28.94,no
2026-10-05T00:19:58.023819Z,0.0900,64.82,no
2026-10-05T00:20:00.431404Z,0.1000,100.00,yes
2026-10-05T00:20:00.431404Z,0.1000,56.14,yes
2026-10-05T00:20:00.431404Z,0.1000,26.67,yes
2026-10-05T00:20:06.031835Z,0.1100,8.55,yes
2026-10-05T00:20:06.379403Z,0.0700,41.00,no
2026-10-05T00:20:06.379403Z,0.0800,41.00,no
2026-10-05T00:20:06.379403Z,0.0800,55.00,no
2026-10-05T00:20:06.379403Z,0.0800,34.02,no
2026-10-05T00:20:06.379403Z,0.0800,6.00,no
2026-10-05T00:20:06.379403Z,0.0700,10.00,no
2026-10-05T00:20:06.379403Z,0.0700,79.00,no
2026-10-05T00:20:06.379403Z,0.0700,26.82,no
2026-10-05T00:20:06.379403Z,0.0700,47.00,no
2026-10-05T00:20:06.379403Z,0.0700,0.10,no
2026-10-05T00:20:06.379403Z,0.0800,0.10,no
2026-10-05T00:20:06.379403Z,0.0800,31.00,no
2026-10-05T00:20:06.379403Z,0.0800,3.00,no
2026-10-05T00:20:06.379403Z,0.0800,25.00,no
2026-10-05T00:20:06.628538Z,0.1100,5.99,yes
2026-10-05T00:20:08.146599Z,0.1100,264.14,yes
2026-10-05T00:20:08.146599Z,0.1200,128.31,yes
2026-10-05T00:20:08.146599Z,0.1000,55.00,yes
2026-10-05T00:20:08.146599Z,0.1000,18.82,yes
2026-10-05T00:20:08.146599Z,0.1100,196.00,yes
2026-10-05T00:20:08.146599Z,0.1100,8.55,yes
2026-10-05T00:20:08.146599Z,0.1100,26.08,yes
2026-10-05T00:20:08.146599Z,0.1000,47.00,yes
2026-10-05T00:20:08.146599Z,0.1100,5.99,yes
2026-10-05T00:20:08.146599Z,0.1100,79.46,yes
2026-10-05T00:20:08.146599Z,0.1100,11.00,yes
2026-10-05T00:20:08.146599Z,0.1000,13.45,yes
2026-10-05T00:20:08.676255Z,0.0700,5.00,no
2026-10-05T00:20:08.676255Z,0.0700,1.00,no
2026-10-05T00:20:08.676255Z,0.0700,86.00,no
2026-10-05T00:20:08.676255Z,0.0700,41.00,no
2026-10-05T00:20:08.676255Z,0.0700,6.00,no
2026-10-05T00:20:08.676255Z,0.0700,52.00,no
2026-10-05T00:20:08.676255Z,0.0700,160.00,no
2026-10-05T00:20:08.676255Z,0.0700,6.00,no
2026-10-05T00:20:10.681776Z,0.1100,17.11,yes
2026-10-05T00:20:14.537659Z,0.1000,15.20,yes
2026-10-05T00:20:14.537659Z,0.1100,27.58,yes
2026-10-05T00:20:18.158661Z,0.1000,27.41,yes
2026-10-05T00:20:18.158661Z,0.1000,11.00,yes
2026-10-05T00:20:18.158661Z,0.1100,18.44,yes
2026-10-05T00:20:18.158661Z,0.1000,55.00,yes
2026-10-05T00:20:18.158661Z,0.1100,153.31,yes
2026-10-05T00:20:19.673042Z,0.1100,8.55,yes
2026-10-05T00:20:23.600422Z,0.1000,36.03,yes
2026-10-05T00:20:23.600422Z,0.1000,11.00,yes
2026-10-05T00:20:24.574771Z,0.1100,17.11,yes
2026-10-05T00:20:30.607796Z,0.1100,52.00,yes
2026-10-05T00:20:30.607796Z,0.1100,68.34,yes
2026-10-05T00:20:30.607796Z,0.1100,3.40,yes
2026-10-05T00:20:30.607796Z,0.1000,5.00,yes
2026-10-05T00:20:41.503816Z,0.0900,0.74,no
2026-10-05T00:20:51.089449Z,0.1000,11.00,yes
2026-10-05T00:20:51.089449Z,0.1000,26.06,yes
2026-10-05T00:20:51.089449Z,0.0900,11.00,yes
2026-10-05T00:20:52.082253Z,0.0900,5.84,yes
2026-10-05T00:20:58.042568Z,0.0900,42.90,yes
2026-10-05T00:20:58.042568Z,0.0900,5.16,yes
2026-10-05T00:21:04.169873Z,0.0900,1.04,yes
2026-10-05T00:21:05.02466Z,0.0900,52.22,yes
2026-10-05T00:21:12.035653Z,0.0900,50.24,yes
2026-10-05T00:21:12.665609Z,0.0900,0.20,yes
2026-10-05T00:21:15.107886Z,0.0900,10.44,yes
2026-10-05T00:21:15.218999Z,0.0900,52.22,yes
2026-10-05T00:21:17.210104Z,0.0900,52.22,yes
2026-10-05T00:21:17.213806Z,0.0900,94.01,yes
2026-10-05T00:21:17.653207Z,0.0900,11.00,yes
2026-10-05T00:21:17.653207Z,0.0900,9.89,yes
2026-10-05T00:21:19.274365Z,0.0900,5.00,yes
2026-10-05T00:21:19.274365Z,0.0900,89.01,yes
2026-10-05T00:21:21.731439Z,0.0900,52.22,yes
2026-10-05T00:21:26.3238Z,0.0900,11.00,yes
2026-10-05T00:21:26.3238Z,0.0900,104.00,yes
2026-10-05T00:21:26.3238Z,0.1000,178.00,yes
2026-10-05T00:21:26.3238Z,0.0800,11.00,yes
2026-10-05T00:21:26.3238Z,0.1000,10.00,yes
2026-10-05T00:21:26.3238Z,0.1000,341.22,yes
2026-10-05T00:21:26.3238Z,0.0900,187.41,yes
2026-10-05T00:21:26.3238Z,0.0900,2.78,yes
2026-10-05T00:21:26.3238Z,0.1000,25.00,yes
2026-10-05T00:21:32.154951Z,0.0800,5.00,yes
2026-10-05T00:21:32.154951Z,0.0800,6.74,yes
2026-10-05T00:21:37.322168Z,0.0700,46.79,no
2026-10-05T00:21:40.036609Z,0.0800,4.26,yes
2026-10-05T00:21:40.036609Z,0.0800,55.00,yes
2026-10-05T00:21:40.036609Z,0.0800,150.23,yes
2026-10-05T00:21:40.036609Z,0.0800,5.00,yes
2026-10-05T00:21:40.036609Z,0.0800,5.00,yes
2026-10-05T00:21:40.036609Z,0.0800,30.41,yes
2026-10-05T00:21:45.362075Z,0.0800,11.00,yes
2026-10-05T00:21:45.362075Z,0.0800,6.58,yes
2026-10-05T00:21:45.362075Z,0.0800,5.00,yes
2026-10-05T00:21:46.37065Z,0.0700,74.88,no
2026-10-05T00:21:46.37065Z,0.0700,10.00,no
2026-10-05T00:21:46.37065Z,0.0700,3.21,no
2026-10-05T00:21:49.697471Z,0.0800,4.42,yes
2026-10-05T00:21:49.697471Z,0.0700,11.00,yes
2026-10-05T00:21:49.697471Z,0.0900,91.81,yes
2026-10-05T00:21:50.238821Z,0.0800,10.44,yes
2026-10-05T00:21:52.392745Z,0.0800,0.56,yes
2026-10-05T00:21:52.392745Z,0.0900,1.77,yes
2026-10-05T00:21:56.639173Z,0.0600,47.03,no
2026-10-05T00:22:01.538216Z,0.1300,5.00,yes
2026-10-05T00:22:01.538216Z,0.1100,2.66,yes
2026-10-05T00:22:01.538216Z,0.1300,55.00,yes
2026-10-05T00:22:01.538216Z,0.1000,50.00,yes
2026-10-05T00:22:01.538216Z,0.0800,11.00,yes
2026-10-05T00:22:01.538216Z,0.0800,11.00,yes
2026-10-05T00:22:01.538216Z,0.1100,30.00,yes
2026-10-05T00:22:01.538216Z,0.1400,0.30,yes
2026-10-05T00:22:01.538216Z,0.1200,38.50,yes
2026-10-05T00:22:06.299427Z,0.1400,15.17,yes
2026-10-05T00:22:06.299427Z,0.0900,11.00,yes
2026-10-05T00:22:06.299427Z,0.1400,4.50,yes
2026-10-05T00:22:06.299427Z,0.1400,0.70,yes
2026-10-05T00:22:09.280026Z,0.0700,2.00,no
2026-10-05T00:22:10.087576Z,0.1100,9.07,yes
2026-10-05T00:22:10.087576Z,0.0800,11.00,yes
2026-10-05T00:22:12.515441Z,0.1000,11.00,yes
2026-10-05T00:22:12.515441Z,0.1000,2.82,yes
2026-10-05T00:22:14.007386Z,0.0900,208.91,yes
2026-10-05T00:22:14.063085Z,0.0900,86.94,yes
2026-10-05T00:22:14.063085Z,0.0900,17.51,yes
2026-10-05T00:22:14.370742Z,0.1000,24.70,yes
2026-10-05T00:22:14.370742Z,0.1000,8.18,yes
2026-10-05T00:22:14.370742Z,0.0900,100.00,yes
2026-10-05T00:22:14.370742Z,0.0900,86.94,yes
2026-10-05T00:22:14.370742Z,0.0900,10.00,yes
2026-10-05T00:22:14.370742Z,0.0900,17.06,yes
2026-10-05T00:22:14.370742Z,0.0900,0.50,yes
2026-10-05T00:22:16.291076Z,0.1000,177.00,yes
2026-10-05T00:22:16.291076Z,0.1000,60.91,yes
2026-10-05T00:22:16.909522Z,0.1000,37.06,yes
2026-10-05T00:22:16.909522Z,0.0900,11.00,yes
2026-10-05T00:22:17.153947Z,0.0900,11.00,yes
2026-10-05T00:22:17.153947Z,0.1000,18.25,yes
2026-10-05T00:22:17.198755Z,0.1000,31.40,yes
2026-10-05T00:22:17.198755Z,0.1000,203.78,yes
2026-10-05T00:22:18.14823Z,0.1000,13.14,yes
2026-10-05T00:22:18.14823Z,0.1000,175.00,yes
2026-10-05T00:22:18.175187Z,0.0800,18.75,no
2026-10-05T00:22:18.948646Z,0.1000,9.40,yes
2026-10-05T00:22:21.172748Z,0.1000,42.61,yes
2026-10-05T00:22:21.259308Z,0.0800,11.72,no
2026-10-05T00:22:21.754728Z,0.1000,45.81,yes
2026-10-05T00:22:25.981005Z,0.1000,3.48,yes
2026-10-05T00:22:25.981005Z,0.0900,5.00,yes
2026-10-05T00:22:28.087915Z,0.1000,20.00,no
2026-10-05T00:22:28.901073Z,0.1000,1.37,no
2026-10-05T00:22:30.104093Z,0.1100,17.97,yes
2026-10-05T00:22:31.779746Z,0.1100,8.55,yes
2026-10-05T00:22:32.343416Z,0.1000,5.39,yes
2026-10-05T00:22:38.502552Z,0.0900,10.00,no
2026-10-05T00:22:38.502552Z,0.0900,16.25,no
2026-10-05T00:22:40.290576Z,0.1100,11.03,yes
2026-10-05T00:22:40.290576Z,0.1000,5.00,yes
2026-10-05T00:22:40.290576Z,0.1000,11.00,yes
2026-10-05T00:22:46.595322Z,0.1100,8.14,yes
2026-10-05T00:22:46.595322Z,0.1100,0.41,yes
2026-10-05T00:22:47.493372Z,0.1000,14.61,yes
2026-10-05T00:22:47.493372Z,0.1100,2.50,yes
2026-10-05T00:22:51.172512Z,0.0900,26.00,no
2026-10-05T00:22:51.172512Z,0.0900,100.00,no
2026-10-05T00:22:51.172512Z,0.0800,18.28,no
2026-10-05T00:22:51.172512Z,0.0800,8.77,no
2026-10-05T00:22:51.172512Z,0.0900,3.01,no
2026-10-05T00:22:52.181981Z,0.0900,41.22,yes
2026-10-05T00:22:52.181981Z,0.0900,11.00,yes
2026-10-05T00:22:55.644185Z,0.0900,10.44,yes
2026-10-05T00:22:56.045376Z,0.0900,1.00,yes
2026-10-05T00:22:56.045376Z,0.0900,5.00,yes
2026-10-05T00:22:56.045376Z,0.1000,120.89,yes
2026-10-05T00:22:56.045376Z,0.1000,100.00,yes
2026-10-05T00:22:56.045376Z,0.1000,183.00,yes
2026-10-05T00:22:56.045376Z,0.0900,10.00,yes
2026-10-05T00:22:56.045376Z,0.0900,48.34,yes
2026-10-05T00:22:58.341115Z,0.0900,11.00,yes
2026-10-05T00:22:58.341115Z,0.0900,11.00,yes
2026-10-05T00:22:58.341115Z,0.1000,83.63,yes
2026-10-05T00:23:00.323653Z,0.1000,47.03,yes
2026-10-05T00:23:00.499241Z,0.1000,6.58,yes
2026-10-05T00:23:01.083493Z,0.0900,11.00,yes
2026-10-05T00:23:01.083493Z,0.1000,22.58,yes
2026-10-05T00:23:05.438592Z,0.0900,10.44,yes
2026-10-05T00:23:05.681906Z,0.1000,46.53,yes
2026-10-05T00:23:05.681906Z,0.0900,0.56,yes
2026-10-05T00:23:06.39034Z,0.1000,5.00,yes
2026-10-05T00:23:06.39034Z,0.1000,9.06,yes
2026-10-05T00:23:06.39034Z,0.1000,2.49,yes
2026-10-05T00:23:06.39034Z,0.1000,8.47,yes
2026-10-05T00:23:08.719907Z,0.1000,1.00,yes
2026-10-05T00:23:08.719907Z,0.0900,11.00,yes
2026-10-05T00:23:08.719907Z,0.1100,15.66,yes
2026-10-05T00:23:10.043638Z,0.1000,5.00,yes
2026-10-05T00:23:10.043638Z,0.1000,4.40,yes
2026-10-05T00:23:16.705679Z,0.0800,17.31,no
2026-10-05T00:23:17.787163Z,0.0900,17.31,yes
2026-10-05T00:23:17.787163Z,0.1000,7.05,yes
2026-10-05T00:23:17.787163Z,0.0900,11.00,yes
2026-10-05T00:23:17.787163Z,0.0900,11.00,yes
2026-10-05T00:23:17.787163Z,0.0900,5.00,yes
2026-10-05T00:23:17.990006Z,0.0800,33.50,no
2026-10-05T00:23:17.990006Z,0.0800,30.00,no
2026-10-05T00:23:17.990006Z,0.0800,95.00,no
2026-10-05T00:23:17.990006Z,0.0800,10.00,no
2026-10-05T00:23:17.990006Z,0.0800,64.00,no
2026-10-05T00:23:17.990006Z,0.0800,38.58,no
2026-10-05T00:23:17.990006Z,0.0800,1.00,no
2026-10-05T00:23:17.990006Z,0.0800,7.00,no
2026-10-05T00:23:17.990006Z,0.0800,193.00,no
2026-10-05T00:23:17.990006Z,0.0800,27.92,no
2026-10-05T00:23:18.091Z,0.0800,21.00,no
2026-10-05T00:23:18.097143Z,0.0800,20.00,no
2026-10-05T00:23:18.116145Z,0.0800,0.10,no
2026-10-05T00:23:18.116145Z,0.0800,194.40,no
2026-10-05T00:23:18.116145Z,0.0800,25.50,no
2026-10-05T00:23:18.123699Z,0.0800,10.00,no
2026-10-05T00:23:18.261129Z,0.1000,9.40,yes
2026-10-05T00:23:22.810492Z,0.0900,10.00,yes
2026-10-05T00:23:22.810492Z,0.0900,8.28,yes
2026-10-05T00:23:23.096724Z,0.0800,58.00,no
2026-10-05T00:23:23.096724Z,0.0800,1.00,no
2026-10-05T00:23:23.096724Z,0.0800,42.00,no
2026-10-05T00:23:23.096724Z,0.0800,54.00,no
2026-10-05T00:23:23.096724Z,0.0800,100.00,no
2026-10-05T00:23:23.096724Z,0.0800,6.00,no
2026-10-05T00:23:23.096724Z,0.0800,20.13,no
2026-10-05T00:23:23.096724Z,0.0800,31.00,no
2026-10-05T00:23:23.17579Z,0.0800,15.62,no
2026-10-05T00:23:23.17579Z,0.0800,3.13,no
2026-10-05T00:23:23.17579Z,0.0800,100.00,no
2026-10-05T00:23:23.17579Z,0.0800,19.44,no
2026-10-05T00:23:23.17579Z,0.0800,17.87,no
2026-10-05T00:23:23.294192Z,0.1000,56.44,yes
2026-10-05T00:23:25.135903Z,0.1000,94.07,yes
2026-10-05T00:23:26.306574Z,0.1000,5.36,yes
2026-10-05T00:23:26.306574Z,0.1000,4.04,yes
2026-10-05T00:23:29.245058Z,0.0900,43.26,yes
2026-10-05T00:23:29.245058Z,0.0900,8.96,yes
2026-10-05T00:23:30.048297Z,0.0900,7.10,yes
2026-10-05T00:23:30.048297Z,0.0900,91.04,yes
2026-10-05T00:23:30.048297Z,0.0900,163.00,yes
2026-10-05T00:23:30.106913Z,0.0900,52.22,yes
2026-10-05T00:23:31.962967Z,0.0900,94.01,yes
2026-10-05T00:23:35.129683Z,0.0900,5.74,yes
2026-10-05T00:23:35.934284Z,0.0900,0.10,yes
2026-10-05T00:23:35.934284Z,0.0900,10.34,yes
2026-10-05T00:23:38.086147Z,0.0900,89.66,yes
2026-10-05T00:23:38.086147Z,0.0900,14.79,yes
2026-10-05T00:23:38.620406Z,0.0900,12.33,yes
2026-10-05T00:23:41.506957Z,0.0900,56.68,yes
2026-10-05T00:23:41.506957Z,0.0900,100.00,yes
2026-10-05T00:23:51.53197Z,0.0900,10.34,yes
2026-10-05T00:23:54.224569Z,0.0800,51.00,no
2026-10-05T00:23:56.458629Z,0.0900,81.79,yes
2026-10-05T00:23:56.458629Z,0.0900,11.00,yes
2026-10-05T00:23:56.458629Z,0.0900,11.00,yes
2026-10-05T00:23:56.458629Z,0.0900,0.66,yes
2026-10-05T00:23:59.131917Z,0.0900,10.44,yes
2026-10-05T00:23:59.783859Z,0.0900,0.56,yes
2026-10-05T00:23:59.783859Z,0.0900,9.88,yes
2026-10-05T00:24:01.887457Z,0.0900,11.00,yes
2026-10-05T00:24:01.887457Z,0.1000,83.07,yes
2026-10-05T00:24:02.925451Z,0.0800,10.00,no
2026-10-05T00:24:02.925451Z,0.0800,26.00,no
2026-10-05T00:24:02.925451Z,0.0800,56.00,no
2026-10-05T00:24:02.925451Z,0.0800,3.00,no
2026-10-05T00:24:02.925451Z,0.0800,5.00,no
2026-10-05T00:24:02.925451Z,0.0800,41.00,no
2026-10-05T00:24:07.225309Z,0.0900,10.00,yes
2026-10-05T00:24:07.225309Z,0.0900,52.67,yes
2026-10-05T00:24:09.556698Z,0.0900,11.00,yes
2026-10-05T00:24:09.556698Z,0.1000,10.81,yes
2026-10-05T00:24:10.83973Z,0.1000,47.03,yes
2026-10-05T00:24:14.3035Z,0.0800,10.00,no
2026-10-05T00:24:14.3035Z,0.0800,100.00,no
2026-10-05T00:24:14.3035Z,0.0800,84.22,no
2026-10-05T00:24:14.3035Z,0.0800,54.00,no
2026-10-05T00:24:14.3035Z,0.0800,5.00,no
2026-10-05T00:24:14.3035Z,0.0800,25.00,no
2026-10-05T00:24:14.3035Z,0.0800,144.00,no
2026-10-05T00:24:14.3035Z,0.0800,38.00,no
2026-10-05T00:24:15.555019Z,0.0900,5.00,yes
2026-10-05T00:24:15.555019Z,0.0900,11.00,yes
2026-10-05T00:24:15.555019Z,0.1000,22.45,yes
2026-10-05T00:24:15.555019Z,0.1000,143.24,yes
2026-10-05T00:24:15.555019Z,0.1000,55.00,yes
2026-10-05T00:24:16.379819Z,0.0800,79.94,no
2026-10-05T00:24:16.379819Z,0.0800,41.00,no
2026-10-05T00:24:18.86611Z,0.1000,37.06,yes
2026-10-05T00:24:18.86611Z,0.0900,11.00,yes
2026-10-05T00:24:20.795095Z,0.1000,55.00,yes
2026-10-05T00:24:20.795095Z,0.1000,140.95,yes
2026-10-05T00:24:20.795095Z,0.0900,11.00,yes
2026-10-05T00:24:20.795095Z,0.1000,11.00,yes
2026-10-05T00:24:20.795095Z,0.1000,10.00,yes
2026-10-05T00:24:20.795095Z,0.1000,8.26,yes
2026-10-05T00:24:24.195035Z,0.0900,11.00,yes
2026-10-05T00:24:24.195035Z,0.1000,37.06,yes
2026-10-05T00:24:24.476161Z,0.1100,55.50,yes
2026-10-05T00:24:24.476161Z,0.1000,92.00,yes
2026-10-05T00:24:24.476161Z,0.1000,103.00,yes
2026-10-05T00:24:24.476161Z,0.1000,193.00,yes
2026-10-05T00:24:24.476161Z,0.1000,17.94,yes
2026-10-05T00:24:25.515476Z,0.1000,77.19,yes
2026-10-05T00:24:25.515476Z,0.1000,7.06,yes
2026-10-05T00:24:28.49895Z,0.1100,319.58,yes
2026-10-05T00:24:28.49895Z,0.1100,928.84,yes
2026-10-05T00:24:28.49895Z,0.1200,417.92,yes
2026-10-05T00:24:28.49895Z,0.1000,100.00,yes
2026-10-05T00:24:28.49895Z,0.1000,77.19,yes
2026-10-05T00:24:28.49895Z,0.1100,167.00,yes
2026-10-05T00:24:28.49895Z,0.1000,92.00,yes
2026-10-05T00:24:28.49895Z,0.1000,25.81,yes
2026-10-05T00:24:33.37762Z,0.1100,6.84,yes
2026-10-05T00:24:38.260704Z,0.0900,1.00,no
2026-10-05T00:24:38.260704Z,0.0900,98.55,no
2026-10-05T00:24:38.260704Z,0.0900,41.00,no
2026-10-05T00:24:38.390258Z,0.0900,10.00,no
2026-10-05T00:24:38.390258Z,0.0900,8.75,no
2026-10-05T00:24:45.612777Z,0.1000,168.22,yes
2026-10-05T00:24:45.612777Z,0.1000,11.00,yes
2026-10-05T00:24:45.612777Z,0.1000,103.00,yes
2026-10-05T00:24:48.523658Z,0.0800,54.00,no
2026-10-05T00:24:48.523658Z,0.0900,5.00,no
2026-10-05T00:24:48.523658Z,0.0800,50.00,no
2026-10-05T00:24:48.523658Z,0.0800,20.43,no
2026-10-05T00:24:48.523658Z,0.0900,100.00,no
2026-10-05T00:24:48.523658Z,0.0900,36.00,no
2026-10-05T00:24:48.523658Z,0.0900,100.00,no
2026-10-05T00:24:48.523658Z,0.0900,0.10,no
2026-10-05T00:24:48.523658Z,0.0900,41.25,no
2026-10-05T00:24:48.523658Z,0.0800,43.60,no
2026-10-05T00:24:48.523658Z,0.0800,172.00,no
2026-10-05T00:24:48.523658Z,0.0800,0.10,no
2026-10-05T00:24:48.936722Z,0.0800,156.06,no
2026-10-05T00:24:50.013777Z,0.1000,36.03,yes
2026-10-05T00:24:50.013777Z,0.1000,11.00,yes
2026-10-05T00:24:53.017699Z,0.0800,41.00,no
2026-10-05T00:24:53.017699Z,0.0800,43.06,no
2026-10-05T00:24:53.017699Z,0.0800,5.00,no
2026-10-05T00:24:53.017699Z,0.0800,10.94,no
2026-10-05T00:24:53.017699Z,0.0800,54.00,no
2026-10-05T00:24:54.303756Z,0.0800,0.03,no
2026-10-05T00:24:56.838668Z,0.0900,6.00,yes
2026-10-05T00:24:57.456752Z,0.2700,15.00,yes
2026-10-05T00:24:57.456752Z,0.1000,7.57,yes
2026-10-05T00:24:57.456752Z,0.1000,11.00,yes
2026-10-05T00:24:57.456752Z,0.1900,10.00,yes
2026-10-05T00:24:57.456752Z,0.1000,11.00,yes
2026-10-05T00:24:57.456752Z,0.1200,0.10,yes
2026-10-05T00:24:57.456752Z,0.1000,0.10,yes
2026-10-05T00:24:57.456752Z,0.1100,0.10,yes
2026-10-05T00:24:57.456752Z,0.1100,151.78,yes
2026-10-05T00:24:57.456752Z,0.2800,44.55,yes
2026-10-05T00:24:57.456752Z,0.2500,30.00,yes
2026-10-05T00:24:57.456752Z,0.2700,14.09,yes
2026-10-05T00:24:57.456752Z,0.1100,25.00,yes
2026-10-05T00:24:57.456752Z,0.1200,115.93,yes
2026-10-05T00:24:57.456752Z,0.1300,1.00,yes
2026-10-05T00:24:57.456752Z,0.2100,1.00,yes
2026-10-05T00:24:57.456752Z,0.3100,0.43,yes
2026-10-05T00:24:57.456752Z,0.3000,8.47,yes
2026-10-05T00:24:57.456752Z,0.1900,10.00,yes
2026-10-05T00:24:58.094894Z,0.1300,21.00,no
2026-10-05T00:24:58.111294Z,0.1900,1.00,yes
2026-10-05T00:25:00.255572Z,0.1400,3.00,no
2026-10-05T00:25:02.984327Z,0.1300,12.33,no
2026-10-05T00:25:09.692668Z,0.1000,69.00,yes
2026-10-05T00:25:09.692668Z,0.1000,11.00,yes
2026-10-05T00:25:12.353165Z,0.1000,92.00,yes
2026-10-05T00:25:12.353165Z,0.1000,112.00,yes
2026-10-05T00:25:12.353165Z,0.1000,31.18,yes
2026-10-05T00:25:15.243393Z,0.1000,94.07,yes
2026-10-05T00:25:18.387866Z,0.1000,34.00,yes
2026-10-05T00:25:18.387866Z,0.1000,5.00,yes
2026-10-05T00:25:18.387866Z,0.1000,11.00,yes
2026-10-05T00:25:19.75268Z,0.1000,5.00,yes
2026-10-05T00:25:19.75268Z,0.1000,3.30,yes
2026-10-05T00:25:19.75268Z,0.1000,33.00,yes
2026-10-05T00:25:20.039634Z,0.1100,0.23,yes
2026-10-05T00:25:20.50866Z,0.1100,42.78,yes
2026-10-05T00:25:20.743548Z,0.1100,6.99,yes
2026-10-05T00:25:20.743548Z,0.1100,35.79,yes
2026-10-05T00:25:27.057596Z,0.1100,80.00,yes
2026-10-05T00:25:28.338765Z,0.1100,85.57,yes
2026-10-05T00:25:33.857599Z,0.1200,167.00,yes
2026-10-05T00:25:33.857599Z,0.1200,107.00,yes
2026-10-05T00:25:33.857599Z,0.1200,314.38,yes
2026-10-05T00:25:33.857599Z,0.1200,55.00,yes
2026-10-05T00:25:33.857599Z,0.1200,16.00,yes
2026-10-05T00:25:35.595672Z,0.1200,39.24,yes
2026-10-05T00:25:43.095107Z,0.1100,11.00,yes
2026-10-05T00:25:43.095107Z,0.1100,31.78,yes
2026-10-05T00:25:43.685215Z,0.1200,39.24,yes
2026-10-05T00:25:46.362397Z,0.1100,8.55,yes
2026-10-05T00:25:48.58387Z,0.1100,41.45,yes
2026-10-05T00:25:48.58387Z,0.1100,44.12,yes
2026-10-05T00:25:50.194327Z,0.1100,29.69,yes
2026-10-05T00:25:50.194327Z,0.1100,5.00,yes
2026-10-05T00:25:50.194327Z,0.1100,49.88,yes
2026-10-05T00:25:50.194327Z,0.1100,1.00,yes
2026-10-05T00:25:50.414106Z,0.1100,24.00,yes
2026-10-05T00:25:50.414106Z,0.1100,100.00,yes
2026-10-05T00:25:50.414106Z,0.1100,3.00,yes
2026-10-05T00:25:50.414106Z,0.1100,14.43,yes
2026-10-05T00:25:50.414106Z,0.1100,29.72,yes
2026-10-05T00:25:50.540326Z,0.1100,17.00,yes
2026-10-05T00:25:50.540326Z,0.1100,100.00,yes
2026-10-05T00:25:50.540326Z,0.1100,11.00,yes
2026-10-05T00:25:54.372407Z,0.1000,1.00,no
2026-10-05T00:25:54.372407Z,0.1000,6.84,no
2026-10-05T00:25:59.107687Z,0.1100,74.57,yes
2026-10-05T00:25:59.107687Z,0.1100,11.00,yes
2026-10-05T00:26:01.037573Z,0.1100,42.78,yes
2026-10-05T00:26:03.108587Z,0.1000,10.00,no
2026-10-05T00:26:03.108587Z,0.1000,10.00,no
2026-10-05T00:26:06.546585Z,0.1000,52.22,no
2026-10-05T00:26:06.765999Z,0.1000,47.78,no
2026-10-05T00:26:06.765999Z,0.1000,5.87,no
2026-10-05T00:26:08.870239Z,0.1100,1.11,yes
2026-10-05T00:26:08.870239Z,0.1100,5.00,yes
2026-10-05T00:26:08.870239Z,0.1100,11.00,yes
2026-10-05T00:26:09.477484Z,0.1100,1.54,yes
2026-10-05T00:26:09.477484Z,0.1100,11.00,yes
2026-10-05T00:26:09.477484Z,0.1100,11.00,yes
2026-10-05T00:26:11.196445Z,0.1100,26.00,no
2026-10-05T00:26:11.196445Z,0.1000,14.87,no
2026-10-05T00:26:11.196445Z,0.1000,0.13,no
2026-10-05T00:26:12.898362Z,0.1000,14.00,no
2026-10-05T00:26:12.898362Z,0.1100,5.00,no
2026-10-05T00:26:12.898362Z,0.1000,10.00,no
2026-10-05T00:26:12.898362Z,0.1000,41.00,no
2026-10-05T00:26:13.362121Z,0.1200,5.00,yes
2026-10-05T00:26:13.362121Z,0.1200,22.78,yes
2026-10-05T00:26:13.362121Z,0.1200,50.00,yes
2026-10-05T00:26:15.265442Z,0.1200,11.00,yes
2026-10-05T00:26:15.265442Z,0.1200,11.00,yes
2026-10-05T00:26:15.265442Z,0.1200,14.87,yes
2026-10-05T00:26:15.265442Z,0.1300,8.25,yes
2026-10-05T00:26:16.545825Z,0.1300,21.75,yes
2026-10-05T00:26:17.32058Z,0.1100,2.00,no
2026-10-05T00:26:17.32201Z,0.1100,1.00,no
2026-10-05T00:26:21.634046Z,0.1200,2.74,yes
2026-10-05T00:26:22.401273Z,0.1100,2.00,no
2026-10-05T00:26:26.120477Z,0.1000,10.00,yes
2026-10-05T00:26:26.120477Z,0.1000,33.70,yes
2026-10-05T00:26:26.120477Z,0.1000,55.00,yes
2026-10-05T00:26:26.120477Z,0.1000,14.00,yes
2026-10-05T00:26:26.120477Z,0.1000,19.00,yes
2026-10-05T00:26:28.117361Z,0.1000,24.78,yes
2026-10-05T00:26:28.117361Z,0.1000,2.00,yes
2026-10-05T00:26:28.117361Z,0.1000,3.22,yes
2026-10-05T00:26:29.539786Z,0.1000,1.00,yes
2026-10-05T00:26:29.539786Z,0.1000,5.00,yes
2026-10-05T00:26:29.539786Z,0.1000,15.00,yes
2026-10-05T00:26:29.539786Z,0.1000,5.00,yes
2026-10-05T00:26:29.539786Z,0.1000,11.00,yes
2026-10-05T00:26:29.539786Z,0.1000,16.00,yes
2026-10-05T00:26:29.539786Z,0.1100,13.35,yes
2026-10-05T00:26:31.068649Z,0.1100,70.94,yes
2026-10-05T00:26:31.068649Z,0.1000,5.00,yes
2026-10-05T00:26:31.068649Z,0.1000,11.00,yes
2026-10-05T00:26:31.166029Z,0.1100,27.15,yes
2026-10-05T00:26:31.166029Z,0.1000,5.00,yes
2026-10-05T00:26:31.166029Z,0.1000,12.00,yes
2026-10-05T00:26:32.644353Z,0.0900,2.00,no
2026-10-05T00:26:34.542859Z,0.1000,171.00,yes
2026-10-05T00:26:34.542859Z,0.1000,64.18,yes
2026-10-05T00:26:34.642964Z,0.1000,3.00,yes
2026-10-05T00:26:34.642964Z,0.1000,47.85,yes
2026-10-05T00:26:34.642964Z,0.1000,10.00,yes
2026-10-05T00:26:34.642964Z,0.1000,5.00,yes
2026-10-05T00:26:37.818482Z,0.1000,94.07,yes
2026-10-05T00:26:41.696596Z,0.1000,61.99,yes
2026-10-05T00:26:41.696596Z,0.1000,32.08,yes
2026-10-05T00:26:42.43291Z,0.1000,9.89,yes
2026-10-05T00:26:42.43291Z,0.1000,32.14,yes
2026-10-05T00:26:42.43291Z,0.1000,5.00,yes
2026-10-05T00:26:44.135854Z,0.1000,67.86,yes
2026-10-05T00:26:44.135854Z,0.1000,12.00,yes
2026-10-05T00:26:44.135854Z,0.1000,89.47,yes
2026-10-05T00:26:48.885615Z,0.1000,18.81,yes
2026-10-05T00:26:49.043169Z,0.1000,47.03,yes
2026-10-05T00:26:49.247337Z,0.1000,5.12,yes
2026-10-05T00:26:49.247337Z,0.1000,8.69,yes
2026-10-05T00:26:49.247337Z,0.1000,5.00,yes
2026-10-05T00:26:50.120015Z,0.0900,0.78,no
2026-10-05T00:26:50.120015Z,0.0900,42.00,no
2026-10-05T00:26:50.410711Z,0.1000,47.03,yes
2026-10-05T00:26:55.405845Z,0.1000,12.00,yes
2026-10-05T00:26:55.405845Z,0.1000,9.00,yes
2026-10-05T00:26:55.405845Z,0.1000,47.85,yes
2026-10-05T00:26:55.405845Z,0.1000,56.56,yes
2026-10-05T00:26:55.405845Z,0.1000,5.00,yes
2026-10-05T00:26:55.405845Z,0.1000,5.00,yes
2026-10-05T00:26:56.176756Z,0.0900,5.03,no
2026-10-05T00:26:56.176756Z,0.0900,5.00,no
2026-10-05T00:26:56.176756Z,0.0900,49.22,no
2026-10-05T00:26:57.491791Z,0.1000,9.40,yes
2026-10-05T00:26:58.86057Z,0.0900,8.00,no
2026-10-05T00:27:00.787844Z,0.1100,91.54,yes
2026-10-05T00:27:00.787844Z,0.1000,5.00,yes
2026-10-05T00:27:00.787844Z,0.1000,12.00,yes
2026-10-05T00:27:00.787844Z,0.1000,100.00,yes
2026-10-05T00:27:00.787844Z,0.1000,179.00,yes
2026-10-05T00:27:00.787844Z,0.1000,11.00,yes
2026-10-05T00:27:00.787844Z,0.1000,51.27,yes
2026-10-05T00:27:01.202798Z,0.1100,174.23,yes
2026-10-05T00:27:01.202798Z,0.1000,7.00,yes
2026-10-05T00:27:01.202798Z,0.1000,11.00,yes
2026-10-05T00:27:01.202798Z,0.1000,100.00,yes
2026-10-05T00:27:01.202798Z,0.1000,5.00,yes
2026-10-05T00:27:01.202798Z,0.1000,500.00,yes
2026-10-05T00:27:09.159756Z,0.1000,18.22,yes
2026-10-05T00:27:09.159756Z,0.1000,5.00,yes
2026-10-05T00:27:09.159756Z,0.1000,5.00,yes
2026-10-05T00:27:09.832514Z,0.1000,10.00,yes
2026-10-05T00:27:09.832514Z,0.1000,31.78,yes
2026-10-05T00:27:09.832514Z,0.1000,52.29,yes
2026-10-05T00:27:16.639114Z,0.1000,0.09,yes
2026-10-05T00:27:17.200418Z,0.0800,0.10,no
2026-10-05T00:27:17.200418Z,0.0800,50.00,no
2026-10-05T00:27:17.200418Z,0.0700,33.72,no
2026-10-05T00:27:17.200418Z,0.0800,10.00,no
2026-10-05T00:27:17.560857Z,0.0600,2.97,no
2026-10-05T00:27:17.560857Z,0.0600,47.00,no
2026-10-05T00:27:17.560857Z,0.0700,16.28,no
2026-10-05T00:27:17.560857Z,0.0700,0.10,no
2026-10-05T00:27:17.798344Z,0.0700,4.91,yes
2026-10-05T00:27:22.002504Z,0.0800,42.03,yes
2026-10-05T00:27:22.002504Z,0.0700,5.00,yes
2026-10-05T00:27:23.55111Z,0.0800,18.20,yes
2026-10-05T00:27:23.802672Z,0.0800,23.48,yes
2026-10-05T00:27:24.791501Z,0.0800,9.39,yes
2026-10-05T00:27:26.000751Z,0.0800,5.87,yes
2026-10-05T00:27:26.455546Z,0.0800,13.74,yes
2026-10-05T00:27:26.82937Z,0.0800,58.71,yes
2026-10-05T00:27:28.769161Z,0.0700,15.00,no
2026-10-05T00:27:29.946515Z,0.0900,0.10,yes
2026-10-05T00:27:29.946515Z,0.0900,15.56,yes
2026-10-05T00:27:33.534558Z,0.0900,3.00,yes
2026-10-05T00:27:34.761006Z,0.0900,31.33,yes
2026-10-05T00:27:35.009603Z,0.0900,20.89,yes
2026-10-05T00:27:35.764951Z,0.0900,31.33,yes
2026-10-05T00:27:36.04372Z,0.0900,62.67,yes
2026-10-05T00:27:37.3111Z,0.0900,52.22,yes
2026-10-05T00:27:37.642359Z,0.0900,5.95,yes
2026-10-05T00:27:38.728189Z,0.0900,35.00,yes
2026-10-05T00:27:38.728189Z,0.0900,50.00,yes
2026-10-05T00:27:38.728189Z,0.0900,17.00,yes
2026-10-05T00:27:38.728189Z,0.0900,9.00,yes
2026-10-05T00:27:38.728189Z,0.0900,11.00,yes
2026-10-05T00:27:38.728189Z,0.0900,55.00,yes
2026-10-05T00:27:38.728189Z,0.0900,10.00,yes
2026-10-05T00:27:38.728189Z,0.1000,11.02,yes
2026-10-05T00:27:38.728189Z,0.1000,164.00,yes
2026-10-05T00:27:38.728189Z,0.0900,5.00,yes
2026-10-05T00:27:38.728189Z,0.0900,105.63,yes
2026-10-05T00:27:38.728189Z,0.1000,11.06,yes
2026-10-05T00:27:38.728189Z,0.0900,7.00,yes
2026-10-05T00:27:40.434565Z,0.1000,9.40,yes
2026-10-05T00:27:41.545552Z,0.1000,47.03,yes
2026-10-05T00:27:45.207732Z,0.0900,5.00,yes
2026-10-05T00:27:45.207732Z,0.0900,10.33,yes
2026-10-05T00:27:45.207732Z,0.0900,5.00,yes
2026-10-05T00:27:45.207732Z,0.0900,11.00,yes
2026-10-05T00:27:46.871088Z,0.0700,30.00,no
2026-10-05T00:27:46.871088Z,0.0700,84.85,no
2026-10-05T00:27:46.871088Z,0.0700,10.00,no
2026-10-05T00:27:47.163899Z,0.0700,10.00,yes
2026-10-05T00:27:48.77067Z,0.0800,5.00,yes
2026-10-05T00:27:48.77067Z,0.0900,12.39,yes
2026-10-05T00:27:48.77067Z,0.0800,5.00,yes
2026-10-05T00:27:48.77067Z,0.0800,11.00,yes
2026-10-05T00:27:50.079567Z,0.0900,27.28,yes
2026-10-05T00:27:50.079567Z,0.0900,143.08,yes
2026-10-05T00:27:50.079567Z,0.0800,5.00,yes
2026-10-05T00:27:50.079567Z,0.0800,1.00,yes
2026-10-05T00:27:53.01834Z,0.0900,20.00,yes
2026-10-05T00:27:53.01834Z,0.1000,53.95,yes
2026-10-05T00:27:53.01834Z,0.0900,356.92,yes
2026-10-05T00:27:53.01834Z,0.1000,50.00,yes
2026-10-05T00:27:53.01834Z,0.0900,8.58,yes
2026-10-05T00:27:53.01834Z,0.0900,16.29,yes
2026-10-05T00:27:53.01834Z,0.0900,5.00,yes
2026-10-05T00:27:54.5558Z,0.1000,96.60,yes
2026-10-05T00:27:54.5558Z,0.0900,4.00,yes
2026-10-05T00:27:54.5558Z,0.0900,5.00,yes
2026-10-05T00:27:54.5558Z,0.1000,17.51,yes
2026-10-05T00:27:54.666638Z,0.1000,51.68,yes
2026-10-05T00:27:54.666638Z,0.1000,8.81,yes
2026-10-05T00:27:54.666638Z,0.1000,32.49,yes
2026-10-05T00:27:58.282912Z,0.1100,68.97,yes
2026-10-05T00:27:58.282912Z,0.0900,168.00,yes
2026-10-05T00:27:58.282912Z,0.0900,2.00,yes
2026-10-05T00:27:58.282912Z,0.0900,11.00,yes
2026-10-05T00:27:58.282912Z,0.0900,5.00,yes
2026-10-05T00:27:58.282912Z,0.0900,448.32,yes
2026-10-05T00:27:58.282912Z,0.1000,293.54,yes
2026-10-05T00:28:01.246337Z,0.0900,20.89,yes
2026-10-05T00:28:01.976342Z,0.0800,8.00,yes
2026-10-05T00:28:01.976342Z,0.0800,11.00,yes
2026-10-05T00:28:01.976342Z,0.0900,80.45,yes
2026-10-05T00:28:01.976342Z,0.0800,5.00,yes
2026-10-05T00:28:04.787444Z,0.0900,47.03,yes
2026-10-05T00:28:05.959758Z,0.0900,5.00,yes
2026-10-05T00:28:05.959758Z,0.1000,4.12,yes
2026-10-05T00:28:05.959758Z,0.1000,11.00,yes
2026-10-05T00:28:05.959758Z,0.0900,1.00,yes
2026-10-05T00:28:05.959758Z,0.1000,7.64,yes
2026-10-05T00:28:09.883637Z,0.0900,10.44,yes
2026-10-05T00:28:11.816545Z,0.0900,11.00,yes
2026-10-05T00:28:11.816545Z,0.1000,30.95,yes
2026-10-05T00:28:11.816545Z,0.0900,5.00,yes
2026-10-05T00:28:11.816545Z,0.0900,0.56,yes
2026-10-05T00:28:12.522957Z,0.0700,18.75,no
2026-10-05T00:28:16.874096Z,0.0900,10.44,yes
2026-10-05T00:28:19.139936Z,0.0900,3.00,yes
2026-10-05T00:28:19.139936Z,0.0900,11.00,yes
2026-10-05T00:28:19.139936Z,0.1000,28.34,yes
2026-10-05T00:28:19.139936Z,0.1000,6.77,yes
2026-10-05T00:28:19.139936Z,0.1000,30.00,yes
2026-10-05T00:28:19.139936Z,0.0900,0.56,yes
2026-10-05T00:28:19.139936Z,0.0900,5.00,yes
2026-10-05T00:28:19.139936Z,0.1000,11.00,yes
2026-10-05T00:28:20.949449Z,0.1000,186.80,yes
2026-10-05T00:28:20.949449Z,0.1000,30.00,yes
2026-10-05T00:28:20.949449Z,0.0900,11.00,yes
2026-10-05T00:28:20.949449Z,0.1000,5.00,yes
2026-10-05T00:28:25.147539Z,0.0700,36.79,no
2026-10-05T00:28:25.147539Z,0.0700,10.00,no
2026-10-05T00:28:25.926309Z,0.0900,5.00,yes
2026-10-05T00:28:25.936186Z,0.0900,12.85,no
2026-10-05T00:28:25.936322Z,0.0900,12.85,no
2026-10-05T00:28:25.936322Z,0.0800,12.15,no
2026-10-05T00:28:25.946098Z,0.0800,6.42,no
2026-10-05T00:28:26.794008Z,0.0900,11.00,yes
2026-10-05T00:28:26.873539Z,0.0900,24.86,no
2026-10-05T00:28:26.873539Z,0.0800,0.14,no
2026-10-05T00:28:26.874163Z,0.0800,2.00,no
2026-10-05T00:28:30.398056Z,0.0900,11.00,yes
2026-10-05T00:28:31.351889Z,0.1000,5.00,yes
2026-10-05T00:28:31.351889Z,0.1000,11.00,yes
2026-10-05T00:28:31.351889Z,0.1000,1.59,yes
2026-10-05T00:28:31.721684Z,0.1000,9.41,yes
2026-10-05T00:28:31.721684Z,0.1000,7.14,yes
2026-10-05T00:28:31.818379Z,0.0900,11.00,yes
2026-10-05T00:28:32.324096Z,0.1000,94.07,yes
2026-10-05T00:28:32.700987Z,0.1000,6.00,yes
2026-10-05T00:28:32.700987Z,0.1000,30.00,yes
2026-10-05T00:28:32.700987Z,0.1000,5.00,yes
2026-10-05T00:28:32.700987Z,0.1000,39.00,yes
2026-10-05T00:28:32.700987Z,0.1000,6.62,yes
2026-10-05T00:28:32.700987Z,0.1100,5.56,yes
2026-10-05T00:28:34.968313Z,0.0900,8.00,yes
2026-10-05T00:28:35.220077Z,0.1000,7.15,yes
2026-10-05T00:28:35.220077Z,0.1000,29.00,yes
2026-10-05T00:28:35.220077Z,0.1000,10.88,yes
2026-10-05T00:28:39.808942Z,0.1000,0.88,yes
2026-10-05T00:28:39.808942Z,0.1000,17.00,yes
2026-10-05T00:28:39.808942Z,0.1000,5.00,yes
2026-10-05T00:28:39.808942Z,0.1000,14.12,yes
2026-10-05T00:28:39.808942Z,0.1000,17.00,yes
2026-10-05T00:28:39.808942Z,0.1000,2.00,yes
2026-10-05T00:28:39.808942Z,0.1100,69.96,yes
2026-10-05T00:28:44.974045Z,0.0900,11.00,yes
2026-10-05T00:28:44.974045Z,0.1000,36.79,yes
2026-10-05T00:28:44.974045Z,0.1000,2.00,yes
2026-10-05T00:28:44.974045Z,0.1000,44.32,yes
2026-10-05T00:28:44.974045Z,0.1000,5.00,yes
2026-10-05T00:28:44.974045Z,0.1000,5.00,yes
2026-10-05T00:28:44.974045Z,0.1000,15.00,yes
2026-10-05T00:28:44.974045Z,0.1000,11.00,yes
2026-10-05T00:28:44.974045Z,0.1000,11.00,yes
2026-10-05T00:28:46.282045Z,0.1000,11.00,yes
2026-10-05T00:28:46.282045Z,0.1000,27.03,yes
2026-10-05T00:28:46.282045Z,0.1000,4.00,yes
2026-10-05T00:28:46.282045Z,0.1000,5.00,yes
2026-10-05T00:28:50.426511Z,0.1000,2.00,yes
2026-10-05T00:28:50.426511Z,0.0900,5.00,yes
2026-10-05T00:28:50.426511Z,0.1000,90.14,yes
2026-10-05T00:28:50.426511Z,0.1000,11.00,yes
2026-10-05T00:28:50.426511Z,0.1000,1.00,yes
2026-10-05T00:28:50.426511Z,0.1000,20.00,yes
2026-10-05T00:28:50.426511Z,0.0900,5.00,yes
2026-10-05T00:28:50.426511Z,0.1000,4.00,yes
2026-10-05T00:28:50.426511Z,0.1000,2.97,yes
2026-10-05T00:28:56.455752Z,0.0700,13.21,no
2026-10-05T00:28:56.455752Z,0.0700,4.76,no
2026-10-05T00:28:58.647277Z,0.0900,10.44,yes
2026-10-05T00:28:59.750463Z,0.0700,0.06,no
2026-10-05T00:29:00.051176Z,0.0700,49.75,no
2026-10-05T00:29:00.051176Z,0.0700,100.00,no
2026-10-05T00:29:00.051176Z,0.0700,49.94,no
2026-10-05T00:29:02.206691Z,0.0800,5.00,yes
2026-10-05T00:29:02.206691Z,0.0800,4.71,yes
2026-10-05T00:29:02.206691Z,0.0800,49.00,yes
2026-10-05T00:29:06.894997Z,0.0800,11.00,yes
2026-10-05T00:29:06.894997Z,0.0800,42.00,yes
2026-10-05T00:29:06.894997Z,0.0800,4.71,yes
2026-10-05T00:29:06.894997Z,0.0800,1.00,yes
2026-10-05T00:29:08.357482Z,0.0800,55.00,yes
2026-10-05T00:29:08.357482Z,0.0800,0.29,yes
2026-10-05T00:29:08.357482Z,0.0800,62.14,yes
2026-10-05T00:29:09.119724Z,0.0800,82.20,yes
2026-10-05T00:29:10.399321Z,0.0800,58.71,yes
2026-10-05T00:29:12.834807Z,0.0800,100.00,yes
2026-10-05T00:29:12.834807Z,0.0800,46.00,yes
2026-10-05T00:29:12.834807Z,0.0800,144.23,yes
2026-10-05T00:29:12.834807Z,0.0800,296.95,yes
2026-10-05T00:29:15.092844Z,0.3600,55.31,yes
2026-10-05T00:29:15.092844Z,0.3100,9.57,yes
2026-10-05T00:29:15.092844Z,0.2900,10.00,yes
2026-10-05T00:29:15.092844Z,0.1100,2466.40,yes
2026-10-05T00:29:15.092844Z,0.3800,15.00,yes
2026-10-05T00:29:15.092844Z,0.1000,3.01,yes
2026-10-05T00:29:15.092844Z,0.2700,10.44,yes
2026-10-05T00:29:15.092844Z,0.1400,28.40,yes
2026-10-05T00:29:15.092844Z,0.1200,10.00,yes
2026-10-05T00:29:15.092844Z,0.1400,10.00,yes
2026-10-05T00:29:15.092844Z,0.1300,10.00,yes
2026-10-05T00:29:15.092844Z,0.1100,26.41,yes
2026-10-05T00:29:15.092844Z,0.1300,26.90,yes
2026-10-05T00:29:15.092844Z,0.1200,25.03,yes
2026-10-05T00:29:15.092844Z,0.1200,1.00,yes
2026-10-05T00:29:15.092844Z,0.1100,10.00,yes
2026-10-05T00:29:15.092844Z,0.1000,28.16,yes
2026-10-05T00:29:15.092844Z,0.1000,269.55,yes
2026-10-05T00:29:15.092844Z,0.1000,50.00,yes
2026-10-05T00:29:15.092844Z,0.0900,100.00,yes
2026-10-05T00:29:15.092844Z,0.1000,8.60,yes
2026-10-05T00:29:15.092844Z,0.0800,1.00,yes
2026-10-05T00:29:15.092844Z,0.0800,5.00,yes
2026-10-05T00:29:15.092844Z,0.0800,5.00,yes
2026-10-05T00:29:15.092844Z,0.1000,10.00,yes
2026-10-05T00:29:15.092844Z,0.0900,112.96,yes
2026-10-05T00:29:15.092844Z,0.0800,6.00,yes
2026-10-05T00:29:15.092844Z,0.0800,16.00,yes
2026-10-05T00:29:15.092844Z,0.0900,500.00,yes
2026-10-05T00:29:15.092844Z,0.0900,195.00,yes
2026-10-05T00:29:15.092844Z,0.2500,1.00,yes
2026-10-05T00:29:15.092844Z,0.1900,1.00,yes
2026-10-05T00:29:15.092844Z,0.3600,48.00,yes
2026-10-05T00:29:15.092844Z,0.1600,1.00,yes
2026-10-05T00:29:15.092844Z,0.3900,19.14,yes
2026-10-05T00:29:15.092844Z,0.3900,1.00,yes
2026-10-05T00:29:15.092844Z,0.3400,1.00,yes
2026-10-05T00:29:15.216239Z,0.1400,11.00,yes
2026-10-05T00:29:16.117112Z,0.1600,5.02,no
2026-10-05T00:29:16.118524Z,0.1600,5.03,no
2026-10-05T00:29:16.200285Z,0.1500,4.51,no
2026-10-05T00:29:17.081132Z,0.1500,25.00,no
2026-10-05T00:29:17.093589Z,0.1500,3.55,no
2026-10-05T00:29:17.11808Z,0.1500,27.00,no
2026-10-05T00:29:17.131082Z,0.1600,1.00,yes
2026-10-05T00:29:18.98588Z,0.1200,5.69,no
2026-10-05T00:29:18.98588Z,0.1300,96.00,no
2026-10-05T00:29:18.98588Z,0.1500,1.00,no
2026-10-05T00:29:18.98588Z,0.1400,24.49,no
2026-10-05T00:29:18.98588Z,0.1500,9.45,no
2026-10-05T00:29:18.98588Z,0.1400,37.00,no
2026-10-05T00:29:19.989755Z,0.1500,16.00,no
2026-10-05T00:29:19.989755Z,0.1500,24.00,no
2026-10-05T00:29:19.989755Z,0.1400,58.00,no
2026-10-05T00:29:21.790299Z,0.1400,7.00,no
2026-10-05T00:29:21.790299Z,0.1400,3.00,no
2026-10-05T00:29:23.974847Z,0.1200,10.00,no
2026-10-05T00:29:23.974847Z,0.1300,5.00,no
2026-10-05T00:29:23.974847Z,0.1300,30.00,no
2026-10-05T00:29:23.974847Z,0.1100,1.64,no
2026-10-05T00:29:23.974847Z,0.1100,1.00,no
2026-10-05T00:29:23.974847Z,0.1400,5.00,no
2026-10-05T00:29:23.974847Z,0.1200,41.00,no
2026-10-05T00:29:27.078508Z,0.1100,1.00,no
2026-10-05T00:29:27.078508Z,0.1100,0.10,no
2026-10-05T00:29:27.76562Z,0.1300,3.62,yes
2026-10-05T00:29:31.061381Z,0.1100,33.00,no
2026-10-05T00:29:31.061381Z,0.1100,1.00,no
2026-10-05T00:29:35.313245Z,0.1000,31.67,no
2026-10-05T00:29:35.313245Z,0.1100,10.00,no
2026-10-05T00:29:35.313245Z,0.1100,33.00,no
2026-10-05T00:29:35.313245Z,0.1100,15.75,no
2026-10-05T00:29:35.313245Z,0.1100,57.00,no
2026-10-05T00:29:35.313245Z,0.1000,40.00,no
2026-10-05T00:29:35.313245Z,0.1000,0.10,no
2026-10-05T00:29:35.837393Z,0.0900,25.69,no
2026-10-05T00:29:41.239936Z,0.0900,9.40,yes
2026-10-05T00:29:42.005771Z,0.0900,10.00,yes
2026-10-05T00:29:42.005771Z,0.1000,0.37,yes
2026-10-05T00:29:45.451926Z,0.1000,6.30,yes
2026-10-05T00:29:45.451926Z,0.1000,10.63,yes
2026-10-05T00:29:46.220814Z,0.1300,3.03,yes
2026-10-05T00:29:46.220814Z,0.1000,4.70,yes
2026-10-05T00:29:46.220814Z,0.1100,0.10,yes
2026-10-05T00:29:46.220814Z,0.1300,0.10,yes
2026-10-05T00:29:46.220814Z,0.1300,0.10,yes
2026-10-05T00:29:47.761965Z,0.1400,7.67,yes
2026-10-05T00:29:47.761965Z,0.1300,9.77,yes
2026-10-05T00:29:47.761965Z,0.1200,11.00,yes
2026-10-05T00:29:48.078656Z,0.1100,5.00,no
2026-10-05T00:29:48.078656Z,0.1100,12.00,no
2026-10-05T00:29:48.078656Z,0.1100,3.00,no
2026-10-05T00:29:48.079538Z,0.1100,5.00,no
2026-10-05T00:29:49.423041Z,0.1100,2.00,no
2026-10-05T00:29:49.705244Z,0.1100,1.00,no
2026-10-05T00:29:49.707876Z,0.1100,2.00,no
2026-10-05T00:29:49.731694Z,0.0900,36.47,no
2026-10-05T00:29:49.731694Z,0.0900,174.00,no
2026-10-05T00:29:49.731694Z,0.1000,30.15,no
2026-10-05T00:29:49.731694Z,0.1000,41.00,no
2026-10-05T00:29:49.731694Z,0.0900,41.00,no
2026-10-05T00:29:49.731694Z,0.0900,30.00,no
2026-10-05T00:29:51.766711Z,0.1200,11.00,yes
2026-10-05T00:29:51.766711Z,0.1200,11.00,yes
2026-10-05T00:29:51.766711Z,0.1400,34.08,yes
2026-10-05T00:29:51.766711Z,0.1300,30.00,yes
2026-10-05T00:29:51.766711Z,0.1200,53.97,yes
2026-10-05T00:29:53.166255Z,0.1100,5.00,no
2026-10-05T00:29:53.166255Z,0.1100,26.00,no
2026-10-05T00:29:53.831785Z,0.1500,24.00,yes
2026-10-05T00:29:53.831785Z,0.1600,18.18,yes
2026-10-05T00:29:53.831785Z,0.1500,1.00,yes
2026-10-05T00:29:53.831785Z,0.1600,3.97,yes
2026-10-05T00:29:54.219677Z,0.1200,30.00,no
2026-10-05T00:29:54.219677Z,0.1200,5.00,no
2026-10-05T00:29:54.219677Z,0.1200,1.00,no
2026-10-05T00:29:54.219677Z,0.1100,26.00,no
2026-10-05T00:29:54.219677Z,0.1100,20.00,no
2026-10-05T00:29:55.252221Z,0.1100,16.00,no
2026-10-05T00:29:56.373933Z,0.1300,21.75,yes
2026-10-05T00:29:56.997539Z,0.1400,9.00,yes
2026-10-05T00:29:56.997539Z,0.1300,11.00,yes
2026-10-05T00:29:56.997539Z,0.1300,11.00,yes
2026-10-05T00:29:56.997539Z,0.1400,17.00,yes
2026-10-05T00:29:57.728802Z,0.1100,11.74,no
2026-10-05T00:29:59.336353Z,0.1400,11.00,yes
2026-10-05T00:29:59.336353Z,0.1400,2.47,yes
2026-10-05T00:30:01.118547Z,0.1100,3.26,no
2026-10-05T00:30:01.118547Z,0.1100,5.00,no
2026-10-05T00:30:01.118547Z,0.1100,8.15,no
2026-10-05T00:30:01.497807Z,0.0800,951.36,no
2026-10-05T00:30:01.497807Z,0.1000,41.00,no
2026-10-05T00:30:01.497807Z,0.1100,41.00,no
2026-10-05T00:30:01.497807Z,0.0900,189.00,no
2026-10-05T00:30:01.497807Z,0.0900,261.98,no
2026-10-05T00:30:01.497807Z,0.1000,37.82,no
2026-10-05T00:30:01.497807Z,0.0900,10.00,no
2026-10-05T00:30:01.497807Z,0.1100,21.85,no
2026-10-05T00:30:01.497807Z,0.0900,10.00,no
2026-10-05T00:30:01.497807Z,0.1000,0.10,no
2026-10-05T00:30:01.497807Z,0.0900,0.10,no
2026-10-05T00:30:01.497807Z,0.1100,5.00,no
2026-10-05T00:30:01.497807Z,0.1100,47.00,no
2026-10-05T00:30:01.497807Z,0.0800,1.00,no
2026-10-05T00:30:04.772575Z,0.1100,4.27,yes
2026-10-05T00:30:09.602304Z,0.1000,1.00,yes
2026-10-05T00:30:09.602304Z,0.1200,0.54,yes
2026-10-05T00:30:09.602304Z,0.1100,11.00,yes
2026-10-05T00:30:09.602304Z,0.1000,5.00,yes
2026-10-05T00:30:11.922915Z,0.1200,2.11,yes
2026-10-05T00:30:11.922915Z,0.1000,37.29,yes
2026-10-05T00:30:11.922915Z,0.1100,11.00,yes
2026-10-05T00:30:13.272605Z,0.0700,0.25,no
2026-10-05T00:30:13.272605Z,0.0900,30.00,no
2026-10-05T00:30:13.272605Z,0.0900,5.00,no
2026-10-05T00:30:13.272605Z,0.0700,41.00,no
2026-10-05T00:30:13.272605Z,0.0800,1.00,no
2026-10-05T00:30:13.272605Z,0.0800,50.00,no
2026-10-05T00:30:13.272605Z,0.0800,1.00,no
2026-10-05T00:30:13.272605Z,0.0900,100.00,no
2026-10-05T00:30:13.272605Z,0.0700,4.44,no
2026-10-05T00:30:13.272605Z,0.0700,10.00,no
2026-10-05T00:30:13.272605Z,0.0900,26.00,no
2026-10-05T00:30:13.272605Z,0.0900,11.60,no
2026-10-05T00:30:13.272605Z,0.0700,50.00,no
2026-10-05T00:30:13.272605Z,0.0800,48.64,no
2026-10-05T00:30:13.506723Z,0.1400,55.00,yes
2026-10-05T00:30:13.506723Z,0.1200,48.88,yes
2026-10-05T00:30:13.506723Z,0.1400,11.00,yes
2026-10-05T00:30:13.506723Z,0.1300,1.00,yes
2026-10-05T00:30:13.506723Z,0.1400,11.00,yes
2026-10-05T00:30:13.506723Z,0.1200,10.00,yes
2026-10-05T00:30:13.506723Z,0.1200,107.00,yes
2026-10-05T00:30:13.506723Z,0.1300,10.00,yes
2026-10-05T00:30:13.506723Z,0.1500,2.86,yes
2026-10-05T00:30:13.506723Z,0.1300,11.00,yes
2026-10-05T00:30:13.506723Z,0.1400,10.00,yes
2026-10-05T00:30:13.506723Z,0.1400,137.21,yes
2026-10-05T00:30:13.506723Z,0.1200,72.00,yes
2026-10-05T00:30:13.506723Z,0.1300,55.00,yes
2026-10-05T00:30:16.13627Z,0.1100,21.00,yes
2026-10-05T00:30:16.13627Z,0.1100,68.00,yes
2026-10-05T00:30:16.13627Z,0.1300,57.31,yes
2026-10-05T00:30:16.13627Z,0.1100,10.00,yes
2026-10-05T00:30:16.13627Z,0.1200,10.00,yes
2026-10-05T00:30:16.13627Z,0.1100,94.00,yes
2026-10-05T00:30:16.13627Z,0.1100,11.00,yes
2026-10-05T00:30:16.13627Z,0.1200,161.00,yes
2026-10-05T00:30:16.13627Z,0.1100,100.00,yes
2026-10-05T00:30:16.686634Z,0.1100,1.00,yes
2026-10-05T00:30:16.686634Z,0.1100,7.55,yes
2026-10-05T00:30:17.870635Z,0.1000,5.73,yes
2026-10-05T00:30:17.870635Z,0.0900,11.00,yes
2026-10-05T00:30:23.212638Z,0.0900,11.00,yes
2026-10-05T00:30:23.212638Z,0.0900,9.89,yes
2026-10-05T00:30:24.634947Z,0.0800,0.06,no
2026-10-05T00:30:25.858514Z,0.0900,10.53,yes
2026-10-05T00:30:25.858514Z,0.0900,5.13,yes
2026-10-05T00:30:28.280953Z,0.0900,100.00,yes
2026-10-05T00:30:28.280953Z,0.1000,103.00,yes
2026-10-05T00:30:28.280953Z,0.0900,11.00,yes
2026-10-05T00:30:28.280953Z,0.1100,10.00,yes
2026-10-05T00:30:28.280953Z,0.1100,30.00,yes
2026-10-05T00:30:28.280953Z,0.1000,11.00,yes
2026-10-05T00:30:28.280953Z,0.1100,17.40,yes
2026-10-05T00:30:28.280953Z,0.1100,2.33,yes
2026-10-05T00:30:28.280953Z,0.0900,55.00,yes
2026-10-05T00:30:28.953933Z,0.0900,89.26,yes
2026-10-05T00:30:29.939365Z,0.0900,84.00,yes
2026-10-05T00:30:29.939365Z,0.0900,70.05,yes
2026-10-05T00:30:29.939365Z,0.0900,45.00,yes
2026-10-05T00:30:31.03423Z,0.0800,11.00,yes
2026-10-05T00:30:31.03423Z,0.0900,10.00,yes
2026-10-05T00:30:31.03423Z,0.0900,5.00,yes
2026-10-05T00:30:31.03423Z,0.0900,25.70,yes
2026-10-05T00:30:31.529907Z,0.0900,18.68,yes
2026-10-05T00:30:31.529907Z,0.0900,5.00,yes
2026-10-05T00:30:31.529907Z,0.0900,20.00,yes
2026-10-05T00:30:31.529907Z,0.0900,5.00,yes
2026-10-05T00:30:31.529907Z,0.0900,55.00,yes
2026-10-05T00:30:31.659757Z,0.0600,10.00,no
2026-10-05T00:30:31.659757Z,0.0600,0.10,no
2026-10-05T00:30:31.659757Z,0.0700,1.00,no
2026-10-05T00:30:31.659757Z,0.0600,41.00,no
2026-10-05T00:30:31.659757Z,0.0500,3.90,no
2026-10-05T00:30:31.659757Z,0.0600,29.94,no
2026-10-05T00:30:31.659757Z,0.0500,100.00,no
2026-10-05T00:30:31.659757Z,0.0600,3.00,no
2026-10-05T00:30:31.659757Z,0.0500,22.00,no
2026-10-05T00:30:31.82816Z,0.0900,5.00,yes
2026-10-05T00:30:31.82816Z,0.0900,43.36,yes
2026-10-05T00:30:39.550399Z,0.0800,38.25,yes
2026-10-05T00:30:39.550399Z,0.0700,5.00,yes
2026-10-05T00:30:39.550399Z,0.0700,11.00,yes
2026-10-05T00:30:39.550399Z,0.0800,5.00,yes
2026-10-05T00:30:40.020919Z,0.0800,5.00,yes
2026-10-05T00:30:40.020919Z,0.0900,23.84,yes
2026-10-05T00:30:40.020919Z,0.0900,3.00,yes
2026-10-05T00:30:41.109432Z,0.0900,160.00,yes
2026-10-05T00:30:41.109432Z,0.0800,11.00,yes
2026-10-05T00:30:41.109432Z,0.0800,42.00,yes
2026-10-05T00:30:41.109432Z,0.0800,5.00,yes
2026-10-05T00:30:41.109432Z,0.1000,11.00,yes
2026-10-05T00:30:41.109432Z,0.1000,652.81,yes
2026-10-05T00:30:41.109432Z,0.0900,10.00,yes
2026-10-05T00:30:41.109432Z,0.0900,6.16,yes
2026-10-05T00:30:41.109432Z,0.0900,55.00,yes
2026-10-05T00:30:41.109432Z,0.0900,8.32,yes
2026-10-05T00:30:43.666574Z,0.0600,1.00,no
2026-10-05T00:30:43.666574Z,0.0600,38.24,no
2026-10-05T00:30:44.470182Z,0.0900,30.00,yes
2026-10-05T00:30:44.470182Z,0.0900,55.00,yes
2026-10-05T00:30:44.470182Z,0.0800,6.00,yes
2026-10-05T00:30:44.470182Z,0.0800,11.00,yes
2026-10-05T00:30:44.470182Z,0.0900,29.97,yes
2026-10-05T00:30:44.470182Z,0.0800,5.00,yes
2026-10-05T00:30:47.436398Z,0.0900,10.44,yes
2026-10-05T00:30:47.856565Z,0.0900,9.88,yes
2026-10-05T00:30:47.856565Z,0.0900,0.56,yes
2026-10-05T00:30:48.202817Z,0.0700,110.05,no
2026-10-05T00:30:48.202817Z,0.0800,30.00,no
2026-10-05T00:30:48.678854Z,0.1000,28.22,yes
2026-10-05T00:30:48.775893Z,0.0900,11.00,yes
2026-10-05T00:30:48.775893Z,0.1000,83.07,yes
2026-10-05T00:30:49.061952Z,0.0700,0.54,no
2026-10-05T00:30:49.071133Z,0.0700,62.00,no
2026-10-05T00:30:51.161211Z,0.1000,18.81,yes
2026-10-05T00:30:51.839254Z,0.1000,18.81,yes
2026-10-05T00:30:52.28563Z,0.1000,47.03,yes
2026-10-05T00:30:52.789528Z,0.1000,9.40,yes
2026-10-05T00:30:52.997474Z,0.1000,0.10,yes
2026-10-05T00:30:52.997474Z,0.1000,84.54,yes
2026-10-05T00:30:52.997474Z,0.1000,9.43,yes
2026-10-05T00:30:53.026625Z,0.1000,9.40,yes
2026-10-05T00:30:53.883661Z,0.0900,9.40,yes
2026-10-05T00:31:05.647198Z,0.0900,1.60,yes
2026-10-05T00:31:05.647198Z,0.0900,1.29,yes
2026-10-05T00:31:05.647198Z,0.0900,11.00,yes
2026-10-05T00:31:05.647198Z,0.0900,7.00,yes
2026-10-05T00:31:08.352779Z,0.0800,6.00,no
2026-10-05T00:31:08.352779Z,0.0800,86.52,no
2026-10-05T00:31:08.352779Z,0.0800,95.00,no
2026-10-05T00:31:08.558068Z,0.0900,11.00,yes
2026-10-05T00:31:08.558068Z,0.1000,3.00,yes
2026-10-05T00:31:08.558068Z,0.1000,34.06,yes
2026-10-05T00:31:10.460457Z,0.1000,35.27,yes
2026-10-05T00:31:10.460457Z,0.0900,2.00,yes
2026-10-05T00:31:10.460457Z,0.0900,11.00,yes
2026-10-05T00:31:11.264757Z,0.1000,94.07,yes
2026-10-05T00:31:12.082295Z,0.0900,20.00,no
2026-10-05T00:31:16.312825Z,0.0900,62.42,no
2026-10-05T00:31:16.997174Z,0.1000,9.40,yes
2026-10-05T00:31:17.650264Z,0.1000,10.00,yes
2026-10-05T00:31:18.766934Z,0.1000,9.40,yes
2026-10-05T00:31:24.659798Z,0.0800,9.40,no
2026-10-05T00:31:27.380993Z,0.0900,0.52,yes
2026-10-05T00:31:28.246621Z,0.0900,1.41,yes
2026-10-05T00:31:28.246621Z,0.0900,19.48,yes
2026-10-05T00:31:32.153805Z,0.1000,1.41,yes
2026-10-05T00:31:32.153805Z,0.0900,3.59,yes
2026-10-05T00:31:33.664983Z,0.0800,72.08,no
2026-10-05T00:31:33.664983Z,0.0800,80.63,no
2026-10-05T00:31:33.664983Z,0.0800,0.10,no
2026-10-05T00:31:33.664983Z,0.0800,30.00,no
2026-10-05T00:31:34.657144Z,0.0900,11.00,yes
2026-10-05T00:31:34.657144Z,0.1000,12.81,yes
2026-10-05T00:31:34.657144Z,0.1000,23.22,yes
2026-10-05T00:31:36.464181Z,0.1000,188.14,yes
2026-10-05T00:31:42.104473Z,0.1000,5.00,no
2026-10-05T00:31:42.104473Z,0.1000,16.75,no
2026-10-05T00:31:44.850025Z,0.0800,16.79,no
2026-10-05T00:31:44.850025Z,0.0800,30.00,no
2026-10-05T00:31:47.876474Z,0.1100,10.00,yes
2026-10-05T00:31:47.876474Z,0.1100,161.15,yes
2026-10-05T00:31:50.110698Z,0.1000,8.59,no
2026-10-05T00:31:53.959954Z,0.1200,1.00,yes
2026-10-05T00:31:53.959954Z,0.1100,8.59,yes
2026-10-05T00:31:53.959954Z,0.1200,11.00,yes
2026-10-05T00:31:53.959954Z,0.1200,11.00,yes
2026-10-05T00:31:53.959954Z,0.1300,0.10,yes
2026-10-05T00:31:53.959954Z,0.1200,1.00,yes
2026-10-05T00:31:53.959954Z,0.1300,6.78,yes
2026-10-05T00:31:54.1989Z,0.0800,30.13,no
2026-10-05T00:31:54.1989Z,0.0900,7.00,no
2026-10-05T00:31:54.1989Z,0.0800,160.00,no
2026-10-05T00:31:54.1989Z,0.0900,5.00,no
2026-10-05T00:31:54.1989Z,0.0800,33.21,no
2026-10-05T00:31:54.76393Z,0.1300,1.00,yes
2026-10-05T00:31:54.76393Z,0.1600,3.62,yes
2026-10-05T00:31:54.76393Z,0.1600,1.00,yes
2026-10-05T00:32:03.379175Z,0.1000,5.33,yes
2026-10-05T00:32:04.455679Z,0.1000,47.03,yes
2026-10-05T00:32:06.125506Z,0.0900,93.45,yes
2026-10-05T00:32:06.125506Z,0.0900,11.00,yes
2026-10-05T00:32:07.495868Z,0.1000,10.00,yes
2026-10-05T00:32:07.495868Z,0.1200,11.00,yes
2026-10-05T00:32:07.495868Z,0.1400,16.03,yes
2026-10-05T00:32:13.418612Z,0.1100,4.27,yes
2026-10-05T00:32:14.033812Z,0.1100,0.25,yes
2026-10-05T00:32:14.400128Z,0.1400,25.15,yes
2026-10-05T00:32:14.400128Z,0.1100,6.48,yes
2026-10-05T00:32:14.400128Z,0.1100,5.00,yes
2026-10-05T00:32:14.400128Z,0.1300,50.00,yes
2026-10-05T00:32:14.400128Z,0.1300,11.00,yes
2026-10-05T00:32:14.829811Z,0.1500,1.00,yes
2026-10-05T00:32:14.829811Z,0.1800,0.75,yes
2026-10-05T00:32:15.92332Z,0.1000,18.89,no
2026-10-05T00:32:15.92332Z,0.1000,1.00,no
2026-10-05T00:32:15.92332Z,0.1000,1.00,no
2026-10-05T00:32:17.072788Z,0.0900,41.00,no
2026-10-05T00:32:17.072788Z,0.0900,10.00,no
2026-10-05T00:32:17.072788Z,0.0900,114.78,no
2026-10-05T00:32:17.072788Z,0.0900,52.00,no
2026-10-05T00:32:17.072788Z,0.0800,89.35,no
2026-10-05T00:32:17.072788Z,0.1000,5.00,no
2026-10-05T00:32:18.209762Z,0.1100,20.67,yes
2026-10-05T00:32:18.209762Z,0.1000,5.00,yes
2026-10-05T00:32:19.836442Z,0.1100,41.24,yes
2026-10-05T00:32:20.386158Z,0.1000,11.00,yes
2026-10-05T00:32:20.386158Z,0.1100,6.11,yes
2026-10-05T00:32:21.305632Z,0.1400,8.10,yes
2026-10-05T00:32:21.305632Z,0.1400,6.55,yes
2026-10-05T00:32:21.305632Z,0.1500,1.00,yes
2026-10-05T00:32:21.305632Z,0.1500,11.00,yes
2026-10-05T00:32:21.305632Z,0.1400,10.00,yes
2026-10-05T00:32:21.305632Z,0.1400,10.00,yes
2026-10-05T00:32:21.305632Z,0.1300,10.00,yes
2026-10-05T00:32:21.305632Z,0.1300,55.00,yes
2026-10-05T00:32:21.305632Z,0.1200,55.00,yes
2026-10-05T00:32:21.305632Z,0.1200,1.00,yes
2026-10-05T00:32:21.305632Z,0.1000,5.00,yes
2026-10-05T00:32:21.305632Z,0.1500,535.85,yes
2026-10-05T00:32:21.305632Z,0.1400,291.50,yes
2026-10-05T00:32:21.535437Z,0.1000,1.00,no
2026-10-05T00:32:25.222886Z,0.1100,42.78,yes
2026-10-05T00:32:27.482107Z,0.0900,41.00,no
2026-10-05T00:32:27.482107Z,0.0900,52.00,no
2026-10-05T00:32:27.482107Z,0.0900,5.00,no
2026-10-05T00:32:27.482107Z,0.0900,211.68,no
2026-10-05T00:32:27.482107Z,0.0900,7.00,no
2026-10-05T00:32:29.723622Z,0.0900,12.37,no
2026-10-05T00:32:30.180126Z,0.1000,9.40,yes
2026-10-05T00:32:31.679899Z,0.0900,156.37,no
2026-10-05T00:32:31.766127Z,0.1100,8.12,yes
2026-10-05T00:32:31.766127Z,0.1000,11.00,yes
2026-10-05T00:32:31.766127Z,0.1000,11.00,yes
2026-10-05T00:32:31.766127Z,0.1000,5.00,yes
2026-10-05T00:32:31.766127Z,0.1000,1.60,yes
2026-10-05T00:32:32.764091Z,0.0900,10.42,no
2026-10-05T00:32:32.764091Z,0.0900,5.00,no
2026-10-05T00:32:32.764091Z,0.0900,52.00,no
2026-10-05T00:32:32.764091Z,0.0900,155.58,no
2026-10-05T00:32:34.558106Z,0.0900,9.40,yes
2026-10-05T00:32:34.634676Z,0.0900,26.62,yes
2026-10-05T00:32:34.634676Z,0.0900,1.60,yes
2026-10-05T00:32:39.069452Z,0.0900,104.45,yes
2026-10-05T00:32:40.260943Z,0.1000,11.00,yes
2026-10-05T00:32:40.260943Z,0.1000,54.85,yes
2026-10-05T00:32:41.163859Z,0.1000,94.07,yes
2026-10-05T00:32:43.963955Z,0.1000,4.70,yes
2026-10-05T00:32:51.213127Z,0.0900,7.00,yes
2026-10-05T00:32:53.881627Z,0.1700,19.00,yes
2026-10-05T00:32:53.881627Z,0.1500,10.00,yes
2026-10-05T00:32:53.881627Z,0.1000,75.06,yes
2026-10-05T00:32:53.881627Z,0.1200,10.00,yes
2026-10-05T00:32:53.881627Z,0.1400,10.00,yes
2026-10-05T00:32:53.881627Z,0.1100,10.00,yes
2026-10-05T00:32:53.881627Z,0.1300,10.00,yes
2026-10-05T00:32:53.881627Z,0.0900,100.00,yes
2026-10-05T00:32:53.881627Z,0.1000,100.00,yes
2026-10-05T00:32:53.881627Z,0.0900,187.00,yes
2026-10-05T00:32:53.881627Z,0.1600,8.00,yes
2026-10-05T00:32:53.881627Z,0.1700,10.00,yes
2026-10-05T00:32:53.881627Z,0.0900,4.00,yes
2026-10-05T00:32:53.881627Z,0.0900,5.00,yes
2026-10-05T00:32:53.881627Z,0.0900,11.00,yes
2026-10-05T00:32:53.881627Z,0.0900,11.00,yes
2026-10-05T00:32:53.881627Z,0.1500,52.15,yes
2026-10-05T00:32:53.881627Z,0.0900,346.38,yes
2026-10-05T00:32:53.881627Z,0.1400,1.00,yes
2026-10-05T00:32:53.881627Z,0.1100,89.35,yes
2026-10-05T00:32:53.881627Z,0.1200,11.77,yes
2026-10-05T00:32:53.881627Z,0.1800,1.00,yes
2026-10-05T00:32:53.881627Z,0.1800,19.54,yes
2026-10-05T00:32:55.082034Z,0.0900,18.00,no
2026-10-05T00:32:55.082034Z,0.0900,1.00,no
2026-10-05T00:32:55.082034Z,0.0900,1.00,no
2026-10-05T00:33:02.30795Z,0.0900,10.44,yes
2026-10-05T00:33:05.656177Z,0.0800,23.64,no
2026-10-05T00:33:08.691078Z,0.0900,92.89,yes
2026-10-05T00:33:08.691078Z,0.0900,11.00,yes
2026-10-05T00:33:08.691078Z,0.0900,0.56,yes
2026-10-05T00:33:09.563462Z,0.0800,885.65,no
2026-10-05T00:33:10.370087Z,0.0900,68.10,yes
2026-10-05T00:33:10.985769Z,0.0800,1.36,no
2026-10-05T00:33:10.985769Z,0.0800,50.00,no
2026-10-05T00:33:10.985769Z,0.0800,0.10,no
2026-10-05T00:33:10.985769Z,0.0800,12.80,no
2026-10-05T00:33:10.985769Z,0.0800,25.00,no
2026-10-05T00:33:12.925576Z,0.0900,34.00,yes
2026-10-05T00:33:12.925576Z,0.0900,11.00,yes
2026-10-05T00:33:12.925576Z,0.0900,5.00,yes
2026-10-05T00:33:16.096163Z,0.0900,7.21,no
2026-10-05T00:33:16.096163Z,0.0900,1.30,no
2026-10-05T00:33:16.180739Z,0.1100,39.24,yes
2026-10-05T00:33:18.962675Z,0.0700,28.87,no
2026-10-05T00:33:18.962675Z,0.0800,25.00,no
2026-10-05T00:33:18.962675Z,0.0800,59.20,no
2026-10-05T00:33:19.960051Z,0.0800,38.87,yes
2026-10-05T00:33:19.960051Z,0.0800,55.00,yes
2026-10-05T00:33:20.314772Z,0.0800,23.48,yes
2026-10-05T00:33:22.275884Z,0.0800,45.65,yes
2026-10-05T00:33:22.275884Z,0.0800,71.78,yes
2026-10-05T00:33:22.501871Z,0.0700,18.75,no
2026-10-05T00:33:22.622437Z,0.0800,108.00,yes
2026-10-05T00:33:22.622437Z,0.0800,5.00,yes
2026-10-05T00:33:22.622437Z,0.0800,7.00,yes
2026-10-05T00:33:22.622437Z,0.0800,55.00,yes
2026-10-05T00:33:22.622437Z,0.0800,19.00,yes
2026-10-05T00:33:22.622437Z,0.0800,40.87,yes
2026-10-05T00:33:26.810799Z,0.0800,58.71,yes
2026-10-05T00:33:29.16574Z,0.0800,9.42,yes
2026-10-05T00:33:29.16574Z,0.0800,49.29,yes
2026-10-05T00:33:29.218048Z,0.0800,23.48,yes
2026-10-05T00:33:30.800193Z,0.0700,2.38,no
2026-10-05T00:33:30.800193Z,0.0700,19.50,no
2026-10-05T00:33:34.237324Z,0.0800,6.00,yes
2026-10-05T00:33:34.237324Z,0.0800,15.00,yes
2026-10-05T00:33:34.237324Z,0.0800,5.00,yes
2026-10-05T00:33:34.237324Z,0.0800,32.71,yes
2026-10-05T00:33:36.134749Z,0.0700,10.00,no
2026-10-05T00:33:37.205703Z,0.0700,58.71,yes
2026-10-05T00:33:39.007879Z,0.0800,29.54,yes
2026-10-05T00:33:39.007879Z,0.0800,21.88,yes
2026-10-05T00:33:39.007879Z,0.0800,7.29,yes
2026-10-05T00:33:40.153971Z,0.0800,23.48,yes
2026-10-05T00:33:40.434227Z,0.0700,5.00,yes
2026-10-05T00:33:40.434227Z,0.0800,3.00,yes
2026-10-05T00:33:40.434227Z,0.0800,1.98,yes
2026-10-05T00:33:40.434227Z,0.0800,15.00,yes
2026-10-05T00:33:40.434227Z,0.0800,1.00,yes
2026-10-05T00:33:40.434227Z,0.0800,32.73,yes
2026-10-05T00:33:40.770537Z,0.0800,32.27,yes
2026-10-05T00:33:40.770537Z,0.0800,85.16,yes
2026-10-05T00:33:46.621441Z,0.0800,23.48,yes
2026-10-05T00:33:49.960518Z,0.0600,49.33,no
2026-10-05T00:33:49.960518Z,0.0600,1.00,no
2026-10-05T00:33:54.549093Z,0.0700,5.00,yes
2026-10-05T00:33:54.549093Z,0.0700,1.41,yes
2026-10-05T00:33:54.549093Z,0.0700,7.00,yes
2026-10-05T00:33:55.517272Z,0.0700,3.59,yes
2026-10-05T00:33:55.517272Z,0.0700,1.00,yes
2026-10-05T00:33:55.517272Z,0.0700,8.82,yes
2026-10-05T00:33:57.898479Z,0.0700,55.93,yes
2026-10-05T00:33:57.898479Z,0.0700,166.18,yes
2026-10-05T00:33:58.2136Z,0.0700,0.11,yes
2026-10-05T00:33:58.964715Z,0.0700,43.25,yes
2026-10-05T00:33:58.964715Z,0.0700,2.00,yes
2026-10-05T00:33:58.964715Z,0.0700,16.00,yes
2026-10-05T00:33:58.964715Z,0.0700,186.00,yes
2026-10-05T00:33:58.964715Z,0.0700,55.00,yes
2026-10-05T00:33:58.964715Z,0.0700,50.00,yes
2026-10-05T00:33:58.964715Z,0.0800,33.11,yes
2026-10-05T00:33:58.964715Z,0.0700,4.89,yes
2026-10-05T00:33:59.711245Z,0.0800,37.81,yes
2026-10-05T00:33:59.711245Z,0.0800,6.39,yes
2026-10-05T00:33:59.711245Z,0.0700,500.00,yes
2026-10-05T00:33:59.711245Z,0.0700,27.00,yes
2026-10-05T00:33:59.711245Z,0.0700,11.00,yes
2026-10-05T00:33:59.711245Z,0.0700,4.00,yes
2026-10-05T00:33:59.711245Z,0.0700,5.00,yes
2026-10-05T00:33:59.711245Z,0.0700,11.00,yes
2026-10-05T00:33:59.711245Z,0.0700,55.00,yes
2026-10-05T00:34:01.528091Z,0.0800,872.84,yes
2026-10-05T00:34:01.528091Z,0.0800,127.16,yes
2026-10-05T00:34:01.791833Z,0.1000,273.10,yes
2026-10-05T00:34:01.791833Z,0.0900,15.00,yes
2026-10-05T00:34:01.791833Z,0.1000,122.62,yes
2026-10-05T00:34:01.791833Z,0.1000,0.10,yes
2026-10-05T00:34:01.791833Z,0.0900,0.10,yes
2026-10-05T00:34:01.791833Z,0.1000,116.24,yes
2026-10-05T00:34:01.791833Z,0.0900,100.00,yes
2026-10-05T00:34:01.791833Z,0.0900,372.84,yes
2026-10-05T00:34:01.957098Z,0.1400,1.00,yes
2026-10-05T00:34:01.957098Z,0.1100,500.00,yes
2026-10-05T00:34:01.957098Z,0.1200,10.00,yes
2026-10-05T00:34:01.957098Z,0.1300,10.00,yes
2026-10-05T00:34:01.957098Z,0.1200,337.07,yes
2026-10-05T00:34:01.957098Z,0.1000,198.00,yes
2026-10-05T00:34:01.957098Z,0.1400,7.75,yes
2026-10-05T00:34:02.001715Z,0.1600,595.00,yes
2026-10-05T00:34:02.001715Z,0.1400,10.00,yes
2026-10-05T00:34:02.001715Z,0.1600,97.35,yes
2026-10-05T00:34:02.001715Z,0.1500,33.00,yes
2026-10-05T00:34:02.001715Z,0.1400,33.00,yes
2026-10-05T00:34:02.001715Z,0.1500,10.00,yes
2026-10-05T00:34:02.001715Z,0.1500,187.00,yes
2026-10-05T00:34:02.001715Z,0.1500,15.00,yes
2026-10-05T00:34:02.001715Z,0.1600,10.00,yes
2026-10-05T00:34:02.001715Z,0.1500,9.65,yes
2026-10-05T00:34:02.03525Z,0.1300,2.00,no
2026-10-05T00:34:02.042977Z,0.1300,4.00,no
2026-10-05T00:34:02.04373Z,0.1200,1.00,no
2026-10-05T00:34:02.054094Z,0.1100,41.00,no
2026-10-05T00:34:02.054094Z,0.1000,10.00,no
2026-10-05T00:34:02.054094Z,0.1000,10.00,no
2026-10-05T00:34:02.054094Z,0.1100,90.00,no
2026-10-05T00:34:02.054094Z,0.0800,43.21,no
2026-10-05T00:34:02.054094Z,0.0900,1.00,no
2026-10-05T00:34:02.054094Z,0.0800,41.00,no
2026-10-05T00:34:02.09284Z,0.1100,10.00,no
2026-10-05T00:34:02.093417Z,0.1100,10.00,no
2026-10-05T00:34:02.206785Z,0.1100,2.00,no
2026-10-05T00:34:02.207388Z,0.1100,1.00,no
2026-10-05T00:34:02.213286Z,0.1800,30.00,yes
2026-10-05T00:34:02.213286Z,0.1900,5.00,yes
2026-10-05T00:34:02.213286Z,0.1800,10.00,yes
2026-10-05T00:34:02.213286Z,0.2000,10.00,yes
2026-10-05T00:34:02.213286Z,0.1900,1.00,yes
2026-10-05T00:34:02.213286Z,0.1800,8.78,yes
2026-10-05T00:34:02.213286Z,0.2000,125.22,yes
2026-10-05T00:34:02.213286Z,0.1900,10.00,yes
2026-10-05T00:34:02.213286Z,0.2000,300.00,yes
2026-10-05T00:34:02.427848Z,0.4100,99.44,yes
2026-10-05T00:34:02.427848Z,0.3900,33.08,yes
2026-10-05T00:34:02.427848Z,0.4300,176.00,yes
2026-10-05T00:34:02.427848Z,0.2300,10.00,yes
2026-10-05T00:34:02.427848Z,0.2200,2.00,yes
2026-10-05T00:34:02.427848Z,0.3700,40.00,yes
2026-10-05T00:34:02.427848Z,0.2200,1.00,yes
2026-10-05T00:34:02.427848Z,0.3600,5.00,yes
2026-10-05T00:34:02.427848Z,0.2600,15.00,yes
2026-10-05T00:34:02.427848Z,0.3600,79.00,yes
2026-10-05T00:34:02.427848Z,0.3700,11.00,yes
2026-10-05T00:34:02.427848Z,0.3800,224.00,yes
2026-10-05T00:34:02.427848Z,0.4400,1.00,yes
2026-10-05T00:34:02.74639Z,0.4000,13.00,yes
2026-10-05T00:34:03.028257Z,0.3900,13.00,yes
2026-10-05T00:34:03.028257Z,0.3800,300.00,yes
2026-10-05T00:34:03.028257Z,0.3900,4.00,yes
2026-10-05T00:34:03.028257Z,0.4500,5.00,yes
2026-10-05T00:34:03.028257Z,0.4500,17.00,yes
2026-10-05T00:34:03.111982Z,0.1400,8.00,no
2026-10-05T00:34:03.111982Z,0.1400,1.00,no
2026-10-05T00:34:03.111982Z,0.1400,11.00,no
2026-10-05T00:34:03.194247Z,0.1500,10.00,no
2026-10-05T00:34:03.23202Z,0.4400,1.00,yes
2026-10-05T00:34:03.547829Z,0.4000,300.00,yes
2026-10-05T00:34:03.749163Z,0.1700,2.50,yes
2026-10-05T00:34:03.751557Z,0.1700,5.50,yes
2026-10-05T00:34:05.234341Z,0.3500,100.00,yes
2026-10-05T00:34:05.234341Z,0.3600,11.00,yes
2026-10-05T00:34:05.234341Z,0.3600,11.00,yes
2026-10-05T00:34:05.450781Z,0.3600,81.21,no
2026-10-05T00:34:05.543039Z,0.3100,202.44,no
2026-10-05T00:34:05.543039Z,0.3300,14.00,no
2026-10-05T00:34:05.543039Z,0.3200,30.00,no
2026-10-05T00:34:05.543039Z,0.3600,118.79,no
2026-10-05T00:34:05.543039Z,0.3200,72.00,no
2026-10-05T00:34:05.543039Z,0.3100,31.00,no
2026-10-05T00:34:05.99528Z,0.3800,200.00,yes
2026-10-05T00:34:06.086363Z,0.3900,1.00,yes
2026-10-05T00:34:06.096749Z,0.4000,50.00,no
2026-10-05T00:34:06.098091Z,0.4000,149.00,no
2026-10-05T00:34:07.097219Z,0.3900,1.00,yes
2026-10-05T00:34:07.097219Z,0.4000,147.00,yes
2026-10-05T00:34:07.097219Z,0.3900,5.00,yes
2026-10-05T00:34:07.097219Z,0.3900,30.00,yes
2026-10-05T00:34:07.097219Z,0.3900,12.00,yes
2026-10-05T00:34:07.097219Z,0.3900,5.00,yes
2026-10-05T00:34:08.502525Z,0.4000,2.00,yes
2026-10-05T00:34:08.502525Z,0.4600,0.34,yes
2026-10-05T00:34:08.782017Z,0.3900,9.44,no
2026-10-05T00:34:08.782017Z,0.3900,1.00,no
2026-10-05T00:34:08.78561Z,0.2000,6.00,no
2026-10-05T00:34:08.78561Z,0.3000,1.00,no
2026-10-05T00:34:08.78561Z,0.3100,31.00,no
2026-10-05T00:34:08.78561Z,0.1800,171.51,no
2026-10-05T00:34:08.78561Z,0.3400,7.00,no
2026-10-05T00:34:08.78561Z,0.2500,1.00,no
2026-10-05T00:34:08.78561Z,0.2800,34.00,no
2026-10-05T00:34:08.78561Z,0.2900,31.00,no
2026-10-05T00:34:08.78561Z,0.2200,23.00,no
2026-10-05T00:34:08.78561Z,0.2000,30.00,no
2026-10-05T00:34:08.78561Z,0.3900,15.56,no
2026-10-05T00:34:09.15543Z,0.1300,1.00,no
2026-10-05T00:34:09.15543Z,0.1500,6.00,no
2026-10-05T00:34:09.15543Z,0.1700,5.00,no
2026-10-05T00:34:09.15543Z,0.1200,85.09,no
2026-10-05T00:34:09.15543Z,0.1400,10.00,no
2026-10-05T00:34:09.15543Z,0.3100,1.00,no
2026-10-05T00:34:09.15543Z,0.3600,1.00,no
2026-10-05T00:34:09.15543Z,0.2200,39.00,no
2026-10-05T00:34:09.15543Z,0.2400,5.00,no
2026-10-05T00:34:09.15543Z,0.1700,186.00,no
2026-10-05T00:34:09.15543Z,0.1900,26.00,no
2026-10-05T00:34:09.15543Z,0.3400,1.00,no
2026-10-05T00:34:09.15543Z,0.3700,100.00,no
2026-10-05T00:34:09.15543Z,0.2300,79.00,no
2026-10-05T00:34:10.438537Z,0.4000,1.00,no
2026-10-05T00:34:10.438537Z,0.4000,36.50,no
2026-10-05T00:34:10.693408Z,0.3900,1.00,yes
2026-10-05T00:34:10.693805Z,0.3900,1.00,yes
2026-10-05T00:34:10.701678Z,0.3900,2.50,yes
2026-10-05T00:34:10.705192Z,0.3900,1.50,yes
2026-10-05T00:34:10.714795Z,0.4000,1.25,yes
2026-10-05T00:34:10.72168Z,0.4000,10.00,yes
2026-10-05T00:34:10.733705Z,0.4000,4.37,yes
2026-10-05T00:34:10.742241Z,0.4000,2.19,yes
2026-10-05T00:34:10.753072Z,0.4000,1.09,yes
2026-10-05T00:34:11.692877Z,0.3200,1.00,no
2026-10-05T00:34:11.692877Z,0.3300,31.00,no
2026-10-05T00:34:11.692877Z,0.3200,6.14,no
2026-10-05T00:34:11.692877Z,0.3700,1.00,no
2026-10-05T00:34:11.692877Z,0.3300,3.64,no
2026-10-05T00:34:12.09609Z,0.3400,36.00,no
2026-10-05T00:34:12.219743Z,0.4000,1.10,yes
2026-10-05T00:34:12.363536Z,0.4100,1.00,no
2026-10-05T00:34:12.363536Z,0.4100,19.89,no
2026-10-05T00:34:12.38538Z,0.4200,100.00,no
2026-10-05T00:34:12.38538Z,0.4100,20.11,no
2026-10-05T00:34:12.401125Z,0.3700,50.00,yes
2026-10-05T00:34:12.403394Z,0.3700,20.00,yes
2026-10-05T00:34:12.40464Z,0.3700,1.00,yes
2026-10-05T00:34:12.405996Z,0.3700,493.00,yes
2026-10-05T00:34:12.412329Z,0.3700,5.00,yes
2026-10-05T00:34:13.30859Z,0.2400,2.42,no
2026-10-05T00:34:13.30859Z,0.3000,1.00,no
2026-10-05T00:34:13.30859Z,0.2500,31.00,no
2026-10-05T00:34:13.30859Z,0.3000,2.00,no
2026-10-05T00:34:13.30859Z,0.2600,65.00,no
2026-10-05T00:34:13.320614Z,0.2100,26.00,no
2026-10-05T00:34:13.320614Z,0.2400,33.58,no
2026-10-05T00:34:13.320614Z,0.2000,3.88,no
2026-10-05T00:34:13.320614Z,0.2100,5.00,no
2026-10-05T00:34:13.320614Z,0.2200,41.00,no
2026-10-05T00:34:13.406791Z,0.3200,57.89,yes
2026-10-05T00:34:13.678976Z,0.3000,5.00,yes
2026-10-05T00:34:15.127065Z,0.2900,17.00,yes
2026-10-05T00:34:15.504641Z,0.3000,10.00,yes
2026-10-05T00:34:16.047675Z,0.2700,6.00,yes
2026-10-05T00:34:17.172987Z,0.2700,17.00,yes
2026-10-05T00:34:17.172987Z,0.2700,20.00,yes
2026-10-05T00:34:17.286949Z,0.3700,510.04,yes
2026-10-05T00:34:17.286949Z,0.3600,10.00,yes
2026-10-05T00:34:17.286949Z,0.2900,49.00,yes
2026-10-05T00:34:17.286949Z,0.3000,1.00,yes
2026-10-05T00:34:17.286949Z,0.3300,173.00,yes
2026-10-05T00:34:17.286949Z,0.2700,500.00,yes
2026-10-05T00:34:17.286949Z,0.3600,17.00,yes
2026-10-05T00:34:17.286949Z,0.2700,23.00,yes
2026-10-05T00:34:17.286949Z,0.3000,308.92,yes
2026-10-05T00:34:17.286949Z,0.2800,168.00,yes
2026-10-05T00:34:17.286949Z,0.2700,88.00,yes
2026-10-05T00:34:17.286949Z,0.2900,11.00,yes
2026-10-05T00:34:17.286949Z,0.3300,6.00,yes
2026-10-05T00:34:17.286949Z,0.3900,22.00,yes
2026-10-05T00:34:17.306629Z,0.3900,0.18,no
2026-10-05T00:34:17.310635Z,0.3900,131.00,no
2026-10-05T00:34:17.485587Z,0.3900,90.00,no
2026-10-05T00:34:18.273703Z,0.4000,44.00,no
2026-10-05T00:34:18.273703Z,0.4000,15.00,no
2026-10-05T00:34:18.273703Z,0.4000,87.69,no
2026-10-05T00:34:18.273703Z,0.4000,5.00,no
2026-10-05T00:34:18.273703Z,0.4000,31.00,no
2026-10-05T00:34:18.273703Z,0.4000,1.00,no
2026-10-05T00:34:18.645452Z,0.4000,60.94,no
2026-10-05T00:34:18.645452Z,0.4100,15.00,no
2026-10-05T00:34:18.645452Z,0.4100,10.00,no
2026-10-05T00:34:18.645452Z,0.4300,1.00,no
2026-10-05T00:34:18.723741Z,0.4000,181.13,no
2026-10-05T00:34:18.723741Z,0.4000,5.00,no
2026-10-05T00:34:18.723741Z,0.4100,40.00,no
2026-10-05T00:34:18.723741Z,0.4000,10.00,no
2026-10-05T00:34:18.723741Z,0.4000,15.00,no
2026-10-05T00:34:18.723741Z,0.4000,30.00,no
2026-10-05T00:34:18.723741Z,0.4000,31.00,no
2026-10-05T00:34:19.016679Z,0.4100,26.89,no
2026-10-05T00:34:19.016679Z,0.4100,15.00,no
2026-10-05T00:34:19.551494Z,0.4600,40.00,yes
2026-10-05T00:34:19.551494Z,0.4600,7.00,yes
2026-10-05T00:34:19.551494Z,0.4600,50.00,yes
2026-10-05T00:34:19.626816Z,0.4400,82.76,no
2026-10-05T00:34:19.626816Z,0.4400,1.00,no
2026-10-05T00:34:19.626816Z,0.4400,10.00,no
2026-10-05T00:34:19.696067Z,0.4600,40.00,yes
2026-10-05T00:34:19.696067Z,0.4500,18.00,yes
2026-10-05T00:34:19.696067Z,0.4600,10.26,yes
2026-10-05T00:34:19.696067Z,0.4600,50.00,yes
2026-10-05T00:34:19.696067Z,0.4600,36.00,yes
2026-10-05T00:34:19.696067Z,0.4500,85.00,yes
2026-10-05T00:34:19.696067Z,0.4600,194.00,yes
2026-10-05T00:34:19.696067Z,0.4500,6.00,yes
2026-10-05T00:34:20.554297Z,0.4700,18.00,no
2026-10-05T00:34:20.554297Z,0.4600,122.37,no
2026-10-05T00:34:20.635409Z,0.4600,29.25,no
2026-10-05T00:34:20.713175Z,0.4300,26.00,no
2026-10-05T00:34:20.713175Z,0.4600,1.00,no
2026-10-05T00:34:20.713175Z,0.4200,0.09,no
2026-10-05T00:34:20.713175Z,0.4600,4.12,no
2026-10-05T00:34:20.927396Z,0.4300,1.00,no
2026-10-05T00:34:20.927396Z,0.4300,30.75,no
2026-10-05T00:34:21.054682Z,0.4200,0.10,no
2026-10-05T00:34:21.054682Z,0.4300,10.00,no
2026-10-05T00:34:21.054682Z,0.4400,10.00,no
2026-10-05T00:34:21.054682Z,0.4200,10.00,no
2026-10-05T00:34:21.054682Z,0.4200,30.00,no
2026-10-05T00:34:21.054682Z,0.4100,10.00,no
2026-10-05T00:34:21.054682Z,0.4400,1.00,no
2026-10-05T00:34:21.054682Z,0.4100,0.10,no
2026-10-05T00:34:21.054682Z,0.4100,22.87,no
2026-10-05T00:34:21.149102Z,0.4200,18.04,no
2026-10-05T00:34:21.149102Z,0.4200,10.00,no
2026-10-05T00:34:21.149102Z,0.4300,10.00,no
2026-10-05T00:34:21.149102Z,0.4300,6.00,no
2026-10-05T00:34:21.302493Z,0.4100,15.00,no
2026-10-05T00:34:21.302493Z,0.4100,10.00,no
2026-10-05T00:34:21.302493Z,0.4200,10.00,no
2026-10-05T00:34:21.302493Z,0.4200,38.00,no
2026-10-05T00:34:21.302493Z,0.4200,15.00,no
2026-10-05T00:34:21.302493Z,0.4300,10.00,no
2026-10-05T00:34:21.302493Z,0.4100,5.00,no
2026-10-05T00:34:21.302493Z,0.4100,22.10,no
2026-10-05T00:34:21.473949Z,0.4300,6.83,no
2026-10-05T00:34:21.750752Z,0.4200,17.11,no
2026-10-05T00:34:22.131776Z,0.4600,30.00,yes
2026-10-05T00:34:22.131776Z,0.4600,1.00,yes
2026-10-05T00:34:22.131776Z,0.4600,39.90,yes
2026-10-05T00:34:22.131776Z,0.4500,0.10,yes
2026-10-05T00:34:22.132901Z,0.4600,0.10,yes
2026-10-05T00:34:22.132901Z,0.4700,19.90,yes
2026-10-05T00:34:22.133035Z,0.4700,71.00,yes
2026-10-05T00:34:22.133986Z,0.4700,20.00,yes
2026-10-05T00:34:22.134369Z,0.4800,20.00,yes
2026-10-05T00:34:22.134369Z,0.4700,49.10,yes
2026-10-05T00:34:22.134369Z,0.4800,5.66,yes
2026-10-05T00:34:22.134369Z,0.4800,0.24,yes
2026-10-05T00:34:22.134461Z,0.5300,4.00,yes
2026-10-05T00:34:22.134461Z,0.5300,13.74,yes
2026-10-05T00:34:22.134461Z,0.5200,3.00,yes
2026-10-05T00:34:22.134461Z,0.5300,1.02,yes
2026-10-05T00:34:22.134461Z,0.5000,11.83,yes
2026-10-05T00:34:22.134461Z,0.5100,47.00,yes
2026-10-05T00:34:22.134461Z,0.5200,29.00,yes
2026-10-05T00:34:22.134461Z,0.4800,88.41,yes
2026-10-05T00:34:22.134461Z,0.4900,1.00,yes
2026-10-05T00:34:22.135152Z,0.5300,7.98,yes
2026-10-05T00:34:22.135152Z,0.5300,36.02,yes
2026-10-05T00:34:22.135532Z,0.5300,41.00,yes
2026-10-05T00:34:22.141652Z,0.5400,60.00,yes
2026-10-05T00:34:22.141652Z,0.5400,1.00,yes
2026-10-05T00:34:22.227389Z,0.5400,6.00,yes
2026-10-05T00:34:22.632984Z,0.5300,6.00,yes
2026-10-05T00:34:22.682158Z,0.5300,36.00,yes
2026-10-05T00:34:22.682158Z,0.5300,77.00,yes
2026-10-05T00:34:22.682158Z,0.5400,29.00,yes
2026-10-05T00:34:22.682158Z,0.5400,24.00,yes
2026-10-05T00:34:22.682158Z,0.5400,54.00,yes
2026-10-05T00:34:22.682158Z,0.5300,11.00,yes
2026-10-05T00:34:22.682158Z,0.5300,4.00,yes
2026-10-05T00:34:22.882871Z,0.5400,1.00,yes
2026-10-05T00:34:22.882871Z,0.5400,2.00,yes
2026-10-05T00:34:22.882871Z,0.5400,26.00,yes
2026-10-05T00:34:22.882871Z,0.5400,38.00,yes
2026-10-05T00:34:23.555576Z,0.4600,1.00,no
2026-10-05T00:34:23.555576Z,0.4600,31.00,no
2026-10-05T00:34:23.555576Z,0.4400,5.00,no
2026-10-05T00:34:23.555576Z,0.4300,51.75,no
2026-10-05T00:34:23.555576Z,0.4700,81.00,no
2026-10-05T00:34:23.555576Z,0.4400,30.00,no
2026-10-05T00:34:23.555576Z,0.4700,31.00,no
2026-10-05T00:34:23.555576Z,0.4800,47.00,no
2026-10-05T00:34:23.555576Z,0.4300,35.00,no
2026-10-05T00:34:24.800778Z,0.5000,3.79,yes
2026-10-05T00:34:25.820113Z,0.4900,7.00,yes
2026-10-05T00:34:25.820113Z,0.4900,2.85,yes
2026-10-05T00:34:26.08206Z,0.4900,5.00,yes
2026-10-05T00:34:26.08206Z,0.4900,15.00,yes
2026-10-05T00:34:26.307704Z,0.4500,7.07,no
2026-10-05T00:34:26.307704Z,0.4700,1.00,no
2026-10-05T00:34:26.307704Z,0.4600,10.00,no
2026-10-05T00:34:26.307704Z,0.4600,30.00,no
2026-10-05T00:34:26.892425Z,0.4200,6.00,no
2026-10-05T00:34:26.892425Z,0.4300,200.00,no
2026-10-05T00:34:26.892425Z,0.4500,23.93,no
2026-10-05T00:34:26.892425Z,0.4400,30.00,no
2026-10-05T00:34:26.892425Z,0.4200,1.10,no
2026-10-05T00:34:26.892425Z,0.4600,110.00,no
2026-10-05T00:34:26.892425Z,0.4600,1.00,no
2026-10-05T00:34:26.892425Z,0.4200,15.00,no
2026-10-05T00:34:26.892425Z,0.4400,23.52,no
2026-10-05T00:34:26.892425Z,0.4300,35.00,no
2026-10-05T00:34:26.892425Z,0.4500,8.00,no
2026-10-05T00:34:26.892425Z,0.4400,27.00,no
2026-10-05T00:34:26.892425Z,0.4200,1.00,no
2026-10-05T00:34:27.268866Z,0.4400,26.00,no
2026-10-05T00:34:27.268866Z,0.4400,29.65,no
2026-10-05T00:34:27.492365Z,0.4000,15.00,no
2026-10-05T00:34:27.492365Z,0.4400,31.00,no
2026-10-05T00:34:27.492365Z,0.4500,6.00,no
2026-10-05T00:34:27.492365Z,0.4300,31.00,no
2026-10-05T00:34:27.492365Z,0.4300,30.00,no
2026-10-05T00:34:27.492365Z,0.4000,120.86,no
2026-10-05T00:34:27.492365Z,0.4300,5.00,no
2026-10-05T00:34:27.492365Z,0.4100,15.00,no
2026-10-05T00:34:27.492365Z,0.4200,198.90,no
2026-10-05T00:34:27.492365Z,0.4400,13.35,no
2026-10-05T00:34:27.492365Z,0.4100,200.00,no
2026-10-05T00:34:27.492365Z,0.4300,84.00,no
2026-10-05T00:34:28.065922Z,0.4500,85.57,no
2026-10-05T00:34:28.774321Z,0.4600,1.00,yes
2026-10-05T00:34:28.774321Z,0.4700,29.78,yes
2026-10-05T00:34:29.003568Z,0.4500,124.63,no
2026-10-05T00:34:29.003568Z,0.4500,5.00,no
2026-10-05T00:34:29.003568Z,0.4500,26.43,no
2026-10-05T00:34:30.298601Z,0.4500,57.89,no
2026-10-05T00:34:30.439147Z,0.4900,33.79,yes
2026-10-05T00:34:30.439147Z,0.4900,1.00,yes
2026-10-05T00:34:30.439147Z,0.4800,54.00,yes
2026-10-05T00:34:30.439147Z,0.4800,11.00,yes
2026-10-05T00:34:30.483802Z,0.4900,40.00,yes
2026-10-05T00:34:30.483802Z,0.4900,4.38,yes
2026-10-05T00:34:31.194208Z,0.4700,10.00,no
2026-10-05T00:34:31.194208Z,0.4600,10.00,no
2026-10-05T00:34:31.194208Z,0.4500,186.00,no
2026-10-05T00:34:31.194208Z,0.4600,110.00,no
2026-10-05T00:34:31.194208Z,0.4700,292.86,no
2026-10-05T00:34:31.194208Z,0.4700,31.00,no
2026-10-05T00:34:31.194208Z,0.4600,31.00,no
2026-10-05T00:34:31.194208Z,0.4600,5.00,no
2026-10-05T00:34:31.194208Z,0.4500,10.00,no
2026-10-05T00:34:31.194208Z,0.4700,54.00,no
2026-10-05T00:34:31.194208Z,0.4400,372.83,no
2026-10-05T00:34:31.68769Z,0.4900,1.00,yes
2026-10-05T00:34:31.68769Z,0.5000,36.95,yes
2026-10-05T00:34:34.184416Z,0.4600,0.85,no
2026-10-05T00:34:34.184416Z,0.4600,10.00,no
2026-10-05T00:34:34.184416Z,0.4700,100.00,no
2026-10-05T00:34:34.184416Z,0.4700,10.00,no
2026-10-05T00:34:34.184416Z,0.4600,31.00,no
2026-10-05T00:34:34.806707Z,0.4400,195.17,no
2026-10-05T00:34:34.806707Z,0.4300,155.66,no
2026-10-05T00:34:34.806707Z,0.4400,73.44,no
2026-10-05T00:34:34.806707Z,0.4500,39.00,no
2026-10-05T00:34:34.806707Z,0.4400,31.00,no
2026-10-05T00:34:34.806707Z,0.4300,15.00,no
2026-10-05T00:34:34.806707Z,0.4400,10.00,no
2026-10-05T00:34:34.806707Z,0.4300,10.00,no
2026-10-05T00:34:34.806707Z,0.4400,15.00,no
2026-10-05T00:34:34.806707Z,0.4500,10.00,no
2026-10-05T00:34:34.806707Z,0.4300,35.00,no
2026-10-05T00:34:34.806707Z,0.4500,30.00,no
2026-10-05T00:34:34.806707Z,0.4500,5.00,no
2026-10-05T00:34:34.926049Z,0.4400,5.00,no
2026-10-05T00:34:34.926049Z,0.4400,15.00,no
2026-10-05T00:34:34.926049Z,0.4300,8.41,no
2026-10-05T00:34:34.926049Z,0.4400,7.00,no
2026-10-05T00:34:34.926049Z,0.4400,100.00,no
2026-10-05T00:34:35.407763Z,0.4900,15.00,yes
2026-10-05T00:34:35.407763Z,0.4700,4.00,yes
2026-10-05T00:34:35.407763Z,0.4900,76.17,yes
2026-10-05T00:34:35.407763Z,0.4900,91.00,yes
2026-10-05T00:34:35.407763Z,0.4800,1.00,yes
2026-10-05T00:34:35.407763Z,0.4800,40.00,yes
2026-10-05T00:34:35.407763Z,0.4900,10.53,yes
2026-10-05T00:34:35.407763Z,0.4900,40.00,yes
2026-10-05T00:34:35.407763Z,0.4900,39.00,yes
2026-10-05T00:34:35.407763Z,0.5000,111.61,yes
2026-10-05T00:34:35.407763Z,0.4800,30.00,yes
2026-10-05T00:34:36.121874Z,0.4500,41.00,no
2026-10-05T00:34:36.121874Z,0.4500,1.00,no
2026-10-05T00:34:36.121874Z,0.4500,26.18,no
2026-10-05T00:34:36.121874Z,0.4500,10.00,no
2026-10-05T00:34:36.381456Z,0.4800,1.00,yes
2026-10-05T00:34:36.381456Z,0.4800,11.00,yes
2026-10-05T00:34:36.400521Z,0.4500,2.02,no
2026-10-05T00:34:36.400521Z,0.4500,4.82,no
2026-10-05T00:34:36.412385Z,0.4800,19.00,yes
2026-10-05T00:34:36.412385Z,0.4800,40.00,yes
2026-10-05T00:34:36.412385Z,0.4900,40.00,yes
2026-10-05T00:34:36.412385Z,0.4900,91.00,yes
2026-10-05T00:34:36.412385Z,0.4900,39.00,yes
2026-10-05T00:34:36.412385Z,0.4900,11.00,yes
2026-10-05T00:34:36.412385Z,0.5000,461.09,yes
2026-10-05T00:34:36.512828Z,0.4400,15.00,no
2026-10-05T00:34:36.512828Z,0.4500,15.00,no
2026-10-05T00:34:36.512828Z,0.4400,50.78,no
2026-10-05T00:34:36.512828Z,0.4500,2.98,no
2026-10-05T00:34:36.512828Z,0.4400,10.00,no
2026-10-05T00:34:36.725251Z,0.4400,0.78,no
2026-10-05T00:34:36.725251Z,0.4400,26.00,no
2026-10-05T00:34:36.725251Z,0.4400,5.00,no
2026-10-05T00:34:36.725251Z,0.4400,82.00,no
2026-10-05T00:34:36.725251Z,0.4500,100.00,no
2026-10-05T00:34:37.495701Z,0.4800,1.00,yes
2026-10-05T00:34:37.495701Z,0.4700,21.00,yes
2026-10-05T00:34:37.495701Z,0.4800,40.00,yes
2026-10-05T00:34:37.495701Z,0.4800,6.00,yes
2026-10-05T00:34:37.510204Z,0.4900,26.00,yes
2026-10-05T00:34:37.510204Z,0.4900,6.00,yes
2026-10-05T00:34:37.679198Z,0.4900,0.43,yes
2026-10-05T00:34:37.679198Z,0.4900,4.00,yes
2026-10-05T00:34:37.679198Z,0.4800,5.00,yes
2026-10-05T00:34:37.679198Z,0.4800,6.00,yes
2026-10-05T00:34:38.044469Z,0.4800,3.94,yes
2026-10-05T00:34:38.155907Z,0.4500,0.87,no
2026-10-05T00:34:38.155907Z,0.4500,5.00,no
2026-10-05T00:34:38.619528Z,0.4300,15.00,no
2026-10-05T00:34:38.619528Z,0.4200,277.47,no
2026-10-05T00:34:38.619528Z,0.4400,5.00,no
2026-10-05T00:34:38.619528Z,0.4400,82.00,no
2026-10-05T00:34:38.619528Z,0.4600,3.00,no
2026-10-05T00:34:38.619528Z,0.4400,15.00,no
2026-10-05T00:34:38.619528Z,0.4600,10.00,no
2026-10-05T00:34:38.619528Z,0.4300,174.00,no
2026-10-05T00:34:38.619528Z,0.4500,40.13,no
2026-10-05T00:34:38.619528Z,0.4400,30.00,no
2026-10-05T00:34:38.619528Z,0.4500,10.00,no
2026-10-05T00:34:38.619528Z,0.4400,10.00,no
2026-10-05T00:34:38.619528Z,0.4500,6.00,no
2026-10-05T00:34:38.619528Z,0.4500,31.00,no
2026-10-05T00:34:38.619528Z,0.4300,31.00,no
2026-10-05T00:34:38.619528Z,0.4300,10.00,no
2026-10-05T00:34:38.619528Z,0.4200,1.00,no
2026-10-05T00:34:38.805232Z,0.4800,29.00,yes
2026-10-05T00:34:38.805232Z,0.4800,40.00,yes
2026-10-05T00:34:38.805232Z,0.4800,1.00,yes
2026-10-05T00:34:38.805232Z,0.4800,30.00,yes
2026-10-05T00:34:38.960455Z,0.4500,2.34,no
2026-10-05T00:34:38.999578Z,0.4900,55.00,yes
2026-10-05T00:34:38.999578Z,0.4900,5.00,yes
2026-10-05T00:34:38.999578Z,0.4900,40.00,yes
2026-10-05T00:34:39.068146Z,0.4900,7.00,yes
2026-10-05T00:34:39.068146Z,0.4900,29.00,yes
2026-10-05T00:34:39.068146Z,0.4900,25.00,yes
2026-10-05T00:34:39.068146Z,0.4900,18.00,yes
2026-10-05T00:34:39.078491Z,0.4900,21.00,yes
2026-10-05T00:34:39.078491Z,0.4900,55.00,yes
2026-10-05T00:34:39.078491Z,0.4900,2.57,yes
2026-10-05T00:34:39.115354Z,0.4900,36.00,yes
2026-10-05T00:34:39.115354Z,0.4900,3.90,yes
2026-10-05T00:34:39.115354Z,0.4900,3.43,yes
2026-10-05T00:34:39.26803Z,0.4900,23.00,yes
2026-10-05T00:34:39.883883Z,0.4600,10.00,no
2026-10-05T00:34:39.883883Z,0.4600,1.00,no
2026-10-05T00:34:39.883883Z,0.4600,11.00,no
2026-10-05T00:34:40.065289Z,0.4600,28.00,yes
2026-10-05T00:34:40.065289Z,0.4800,1.57,yes
2026-10-05T00:34:40.205284Z,0.4900,39.00,yes
2026-10-05T00:34:40.205284Z,0.4900,32.90,yes
2026-10-05T00:34:40.205284Z,0.4900,28.10,yes
2026-10-05T00:34:40.361184Z,0.4900,2.00,yes
2026-10-05T00:34:40.361184Z,0.4900,7.00,yes
2026-10-05T00:34:40.361184Z,0.4900,5.00,yes
2026-10-05T00:34:40.383984Z,0.4900,61.00,yes
2026-10-05T00:34:40.383984Z,0.4900,39.00,yes
2026-10-05T00:34:40.383984Z,0.4900,9.00,yes
2026-10-05T00:34:40.383984Z,0.4900,21.00,yes
2026-10-05T00:34:40.383984Z,0.4900,40.00,yes
2026-10-05T00:34:40.383984Z,0.5000,32.82,yes
2026-10-05T00:34:40.536472Z,0.4900,3.50,yes
2026-10-05T00:34:40.536472Z,0.4900,5.00,yes
2026-10-05T00:34:40.538281Z,0.4900,17.00,yes
2026-10-05T00:34:40.717811Z,0.4900,8.00,yes
2026-10-05T00:34:40.750046Z,0.4700,30.00,no
2026-10-05T00:34:40.972712Z,0.4900,20.00,yes
2026-10-05T00:34:41.034072Z,0.4900,40.00,yes
2026-10-05T00:34:41.034072Z,0.4900,39.00,yes
2026-10-05T00:34:41.034072Z,0.4900,22.50,yes
2026-10-05T00:34:41.034072Z,0.4900,3.00,yes
2026-10-05T00:34:41.034072Z,0.4900,4.50,yes
2026-10-05T00:34:41.104944Z,0.4900,2.50,yes
2026-10-05T00:34:41.104944Z,0.4900,8.00,yes
2026-10-05T00:34:41.104944Z,0.4900,5.00,yes
2026-10-05T00:34:41.104944Z,0.4900,15.00,yes
2026-10-05T00:34:41.104944Z,0.4900,16.50,yes
2026-10-05T00:34:41.104944Z,0.4900,5.00,yes
2026-10-05T00:34:41.104944Z,0.4900,6.00,yes
2026-10-05T00:34:41.21689Z,0.4700,30.00,no
2026-10-05T00:34:41.474301Z,0.4900,22.00,yes
2026-10-05T00:34:41.474301Z,0.4900,22.00,yes
2026-10-05T00:34:41.526962Z,0.4600,54.85,no
2026-10-05T00:34:41.526962Z,0.4600,10.00,no
2026-10-05T00:34:41.526962Z,0.4600,1.00,no
2026-10-05T00:34:41.67267Z,0.4900,17.00,yes
2026-10-05T00:34:41.67267Z,0.4900,32.60,yes
2026-10-05T00:34:41.707923Z,0.4900,3.94,yes
2026-10-05T00:34:41.890733Z,0.4900,0.48,yes
2026-10-05T00:34:41.890733Z,0.4900,3.46,yes
2026-10-05T00:34:41.945413Z,0.4900,12.00,yes
2026-10-05T00:34:41.945413Z,0.4900,42.00,yes
2026-10-05T00:34:41.945413Z,0.4900,21.52,yes
2026-10-05T00:34:41.945413Z,0.4900,5.00,yes
2026-10-05T00:34:41.945413Z,0.4900,10.48,yes
2026-10-05T00:34:41.945413Z,0.4900,9.00,yes
2026-10-05T00:34:42.418623Z,0.5000,42.00,yes
2026-10-05T00:34:42.418623Z,0.4900,39.00,yes
2026-10-05T00:34:42.418623Z,0.4900,17.00,yes
2026-10-05T00:34:42.418623Z,0.4900,6.00,yes
2026-10-05T00:34:42.418623Z,0.4900,2.00,yes
2026-10-05T00:34:42.418623Z,0.4900,2.00,yes
2026-10-05T00:34:42.418623Z,0.4900,5.00,yes
2026-10-05T00:34:42.670801Z,0.4900,6.00,yes
2026-10-05T00:34:42.976776Z,0.5000,5.52,yes
2026-10-05T00:34:42.976776Z,0.4900,9.48,yes
2026-10-05T00:34:42.976776Z,0.4900,5.00,yes
2026-10-05T00:34:42.976776Z,0.4900,5.00,yes
2026-10-05T00:34:42.976776Z,0.4900,16.00,yes
2026-10-05T00:34:42.976776Z,0.4900,40.00,yes
2026-10-05T00:34:43.273563Z,0.4900,22.00,yes
2026-10-05T00:34:43.273563Z,0.4900,31.00,yes
2026-10-05T00:34:43.396024Z,0.4600,30.00,no
2026-10-05T00:34:43.396024Z,0.4500,24.00,no
2026-10-05T00:34:43.396024Z,0.4500,3.18,no
2026-10-05T00:34:43.396024Z,0.4700,10.00,no
2026-10-05T00:34:43.396024Z,0.4700,1.00,no
2026-10-05T00:34:43.396024Z,0.4600,10.00,no
2026-10-05T00:34:43.415354Z,0.4900,5.00,yes
2026-10-05T00:34:43.415354Z,0.4900,22.00,yes
2026-10-05T00:34:43.415354Z,0.4800,9.00,yes
2026-10-05T00:34:43.415354Z,0.4900,6.97,yes
2026-10-05T00:34:43.415354Z,0.4900,6.00,yes
2026-10-05T00:34:43.415354Z,0.4900,9.00,yes
2026-10-05T00:34:43.482772Z,0.5000,178.30,yes
2026-10-05T00:34:43.482772Z,0.4900,5.00,yes
2026-10-05T00:34:43.482772Z,0.4900,8.00,yes
2026-10-05T00:34:43.497431Z,0.5000,1.93,yes
2026-10-05T00:34:43.780021Z,0.5000,7.00,yes
2026-10-05T00:34:44.174192Z,0.5000,70.00,yes
2026-10-05T00:34:45.005434Z,0.5000,3.09,yes
2026-10-05T00:34:45.025342Z,0.5000,10.00,yes
2026-10-05T00:34:45.246188Z,0.5000,13.00,yes
2026-10-05T00:34:45.46889Z,0.5000,16.00,yes
2026-10-05T00:34:45.580697Z,0.5000,5.15,yes
2026-10-05T00:34:45.643021Z,0.5000,61.00,yes
2026-10-05T00:34:45.719077Z,0.5000,25.12,yes
2026-10-05T00:34:45.765452Z,0.5000,286.06,yes
2026-10-05T00:34:45.777038Z,0.5000,19.32,yes
2026-10-05T00:34:45.797122Z,0.4400,86.00,no
2026-10-05T00:34:45.797122Z,0.4500,100.00,no
2026-10-05T00:34:45.797122Z,0.4700,0.10,no
2026-10-05T00:34:45.797122Z,0.4700,0.10,no
2026-10-05T00:34:45.797122Z,0.4800,1.00,no
2026-10-05T00:34:45.797122Z,0.4800,1.00,no
2026-10-05T00:34:45.797122Z,0.4600,30.00,no
2026-10-05T00:34:45.797122Z,0.4400,33.88,no
2026-10-05T00:34:45.797122Z,0.4500,31.00,no
2026-10-05T00:34:45.797122Z,0.4300,13.00,no
2026-10-05T00:34:45.797122Z,0.4400,1.00,no
2026-10-05T00:34:45.797122Z,0.4300,36.34,no
2026-10-05T00:34:45.797122Z,0.4600,34.00,no
2026-10-05T00:34:45.797122Z,0.4300,6.00,no
2026-10-05T00:34:45.797122Z,0.4600,31.00,no
2026-10-05T00:34:45.797122Z,0.4300,15.00,no
2026-10-05T00:34:46.028691Z,0.4900,1.00,yes
2026-10-05T00:34:46.028691Z,0.4900,2.00,yes
2026-10-05T00:34:46.352906Z,0.4900,12.00,yes
2026-10-05T00:34:46.352906Z,0.4900,3.00,yes
2026-10-05T00:34:46.408279Z,0.4900,31.11,yes
2026-10-05T00:34:46.408279Z,0.4900,28.00,yes
2026-10-05T00:34:46.41811Z,0.4900,13.79,yes
2026-10-05T00:34:46.44661Z,0.4900,19.70,yes
2026-10-05T00:34:46.73708Z,0.4900,1.97,yes
2026-10-05T00:34:46.959027Z,0.4900,19.70,yes
2026-10-05T00:34:47.036537Z,0.4900,6.63,yes
2026-10-05T00:34:47.036537Z,0.4900,1.22,yes
2026-10-05T00:34:47.036537Z,0.4900,2.00,yes
2026-10-05T00:34:47.21181Z,0.4900,6.00,yes
2026-10-05T00:34:47.21181Z,0.4900,16.33,yes
2026-10-05T00:34:47.21181Z,0.4900,0.97,yes
2026-10-05T00:34:47.21181Z,0.4900,3.78,yes
2026-10-05T00:34:47.21181Z,0.4900,1.00,yes
2026-10-05T00:34:47.21181Z,0.4900,0.70,yes
2026-10-05T00:34:47.21181Z,0.5000,55.22,yes
2026-10-05T00:34:47.252333Z,0.5000,8.00,yes
2026-10-05T00:34:47.394623Z,0.5000,26.00,yes
2026-10-05T00:34:47.42205Z,0.5000,66.00,yes
2026-10-05T00:34:47.620556Z,0.4900,22.00,yes
2026-10-05T00:34:47.620556Z,0.4900,16.64,yes
2026-10-05T00:34:47.634405Z,0.4900,5.00,yes
2026-10-05T00:34:47.634405Z,0.5000,90.00,yes
2026-10-05T00:34:48.370957Z,0.4900,39.40,yes
2026-10-05T00:34:48.772275Z,0.5300,161.54,yes
2026-10-05T00:34:48.772275Z,0.5200,100.00,yes
2026-10-05T00:34:48.772275Z,0.5200,1.00,yes
2026-10-05T00:34:48.772275Z,0.5100,81.00,yes
2026-10-05T00:34:48.772275Z,0.5000,513.77,yes
2026-10-05T00:34:48.800232Z,0.5500,147.00,yes
2026-10-05T00:34:48.800232Z,0.5400,5.00,yes
2026-10-05T00:34:49.253947Z,0.5500,0.32,yes
2026-10-05T00:34:49.253947Z,0.5500,9.87,yes
2026-10-05T00:34:49.253947Z,0.5500,5.00,yes
2026-10-05T00:34:49.272459Z,0.4600,31.00,no
2026-10-05T00:34:49.272459Z,0.4700,1.00,no
2026-10-05T00:34:49.272459Z,0.4500,48.00,no
2026-10-05T00:34:49.272459Z,0.4800,30.00,no
2026-10-05T00:34:49.272459Z,0.4500,64.28,no
2026-10-05T00:34:49.272459Z,0.5100,1.00,no
2026-10-05T00:34:49.272459Z,0.4700,31.00,no
2026-10-05T00:34:49.492705Z,0.5500,15.00,yes
2026-10-05T00:34:49.492705Z,0.5500,1.00,yes
2026-10-05T00:34:49.492705Z,0.5400,5.00,yes
2026-10-05T00:34:49.492705Z,0.5400,49.00,yes
2026-10-05T00:34:49.492705Z,0.5500,30.00,yes
2026-10-05T00:34:49.857955Z,0.5600,34.16,yes
2026-10-05T00:34:50.399221Z,0.5600,2.09,yes
2026-10-05T00:34:50.399221Z,0.5600,5.00,yes
2026-10-05T00:34:50.399221Z,0.5600,7.55,yes
2026-10-05T00:34:50.399221Z,0.5500,20.00,yes
2026-10-05T00:34:50.883667Z,0.5200,11.51,no
2026-10-05T00:34:50.883667Z,0.4600,30.00,no
2026-10-05T00:34:50.883667Z,0.5200,104.00,no
2026-10-05T00:34:50.883667Z,0.4900,52.00,no
2026-10-05T00:34:50.883667Z,0.4700,1.00,no
2026-10-05T00:34:50.883667Z,0.4700,31.00,no
2026-10-05T00:34:50.883667Z,0.4600,31.00,no
2026-10-05T00:34:50.883667Z,0.4600,1.00,no
2026-10-05T00:34:50.883667Z,0.5000,1.00,no
2026-10-05T00:34:50.883667Z,0.5100,31.00,no
2026-10-05T00:34:50.883667Z,0.4700,1.00,no
2026-10-05T00:34:50.883667Z,0.5200,65.00,no
2026-10-05T00:34:50.940683Z,0.4500,8.57,no
2026-10-05T00:34:50.940683Z,0.5000,30.00,no
2026-10-05T00:34:50.940683Z,0.4500,41.00,no
2026-10-05T00:34:50.940683Z,0.4600,5.00,no
2026-10-05T00:34:50.940683Z,0.5000,1.00,no
2026-10-05T00:34:51.222193Z,0.4700,125.96,no
2026-10-05T00:34:51.247368Z,0.5700,1.70,yes
2026-10-05T00:34:51.352448Z,0.5700,5.00,yes
2026-10-05T00:34:51.352448Z,0.5700,26.45,yes
2026-10-05T00:34:51.352448Z,0.5700,1.00,yes
2026-10-05T00:34:51.352448Z,0.5700,11.26,yes
2026-10-05T00:34:51.352448Z,0.5700,29.00,yes
2026-10-05T00:34:51.352448Z,0.5700,8.30,yes
2026-10-05T00:34:51.365858Z,0.4600,30.00,no
2026-10-05T00:34:51.365858Z,0.4600,1.00,no
2026-10-05T00:34:51.365858Z,0.4700,5.00,no
2026-10-05T00:34:51.365858Z,0.4600,110.00,no
2026-10-05T00:34:51.365858Z,0.4800,25.00,no
2026-10-05T00:34:51.365858Z,0.5000,100.00,no
2026-10-05T00:34:51.365858Z,0.4900,1.00,no
2026-10-05T00:34:51.540689Z,0.5600,7.00,yes
2026-10-05T00:34:51.557868Z,0.5600,6.92,yes
2026-10-05T00:34:51.606622Z,0.5600,3.00,yes
2026-10-05T00:34:51.655532Z,0.5600,55.34,yes
2026-10-05T00:34:51.655532Z,0.5500,23.00,yes
2026-10-05T00:34:51.866372Z,0.5500,13.18,yes
2026-10-05T00:34:52.027995Z,0.5000,42.00,no
2026-10-05T00:34:52.027995Z,0.5100,1.00,no
2026-10-05T00:34:52.027995Z,0.5000,30.00,no
2026-10-05T00:34:52.027995Z,0.4900,3.49,no
2026-10-05T00:34:52.066532Z,0.5500,34.64,yes
2026-10-05T00:34:52.118665Z,0.4900,18.75,no
2026-10-05T00:34:52.580899Z,0.5300,19.56,yes
2026-10-05T00:34:52.625833Z,0.5500,14.18,yes
2026-10-05T00:34:52.625833Z,0.5500,0.82,yes
2026-10-05T00:34:52.625833Z,0.5400,1.00,yes
2026-10-05T00:34:53.041782Z,0.5400,15.18,yes
2026-10-05T00:34:53.041782Z,0.5400,12.56,yes
2026-10-05T00:34:53.041782Z,0.5400,1.00,yes
2026-10-05T00:34:53.041782Z,0.5500,32.47,yes
2026-10-05T00:34:53.374383Z,0.5500,25.00,yes
2026-10-05T00:34:53.374383Z,0.5500,18.00,yes
2026-10-05T00:34:53.374383Z,0.5500,29.00,yes
2026-10-05T00:34:53.608863Z,0.5100,8.55,no
2026-10-05T00:34:54.090739Z,0.5100,10.00,no
2026-10-05T00:34:54.090739Z,0.5100,21.00,no
2026-10-05T00:34:54.090739Z,0.5100,1.00,no
2026-10-05T00:34:54.090739Z,0.5100,3.00,no
2026-10-05T00:34:54.090739Z,0.5100,21.45,no
2026-10-05T00:34:54.090739Z,0.5000,33.55,no
2026-10-05T00:34:54.090739Z,0.5000,10.00,no
2026-10-05T00:34:54.176289Z,0.5000,10.00,no
2026-10-05T00:34:54.176289Z,0.5000,1.00,no
2026-10-05T00:34:54.176289Z,0.5000,1.44,no
2026-10-05T00:34:54.176289Z,0.5000,8.45,no
2026-10-05T00:34:54.403854Z,0.5000,33.44,no
2026-10-05T00:34:54.403854Z,0.5000,3.56,no
2026-10-05T00:34:54.434548Z,0.5800,41.00,yes
2026-10-05T00:34:54.434548Z,0.5300,3.00,yes
2026-10-05T00:34:54.434548Z,0.5600,29.00,yes
2026-10-05T00:34:54.434548Z,0.5800,80.00,yes
2026-10-05T00:34:54.434548Z,0.5400,1.00,yes
2026-10-05T00:34:54.434548Z,0.5700,20.00,yes
2026-10-05T00:34:54.434548Z,0.5600,30.00,yes
2026-10-05T00:34:54.434548Z,0.5800,11.00,yes
2026-10-05T00:34:54.434548Z,0.5800,0.10,yes
2026-10-05T00:34:54.434548Z,0.5900,0.10,yes
2026-10-05T00:34:54.434548Z,0.5900,40.07,yes
2026-10-05T00:34:54.434548Z,0.5700,1.00,yes
2026-10-05T00:34:54.434548Z,0.5600,8.74,yes
2026-10-05T00:34:54.434548Z,0.5700,29.00,yes
2026-10-05T00:34:54.434548Z,0.5900,3.00,yes
2026-10-05T00:34:54.595054Z,0.5100,8.14,no
2026-10-05T00:34:54.853505Z,0.5500,3.54,yes
2026-10-05T00:34:54.948495Z,0.4800,28.76,no
2026-10-05T00:34:54.948495Z,0.4900,23.86,no
2026-10-05T00:34:54.948495Z,0.4900,10.00,no
2026-10-05T00:34:54.948495Z,0.4900,6.00,no
2026-10-05T00:34:54.948495Z,0.4800,1.00,no
2026-10-05T00:34:54.948495Z,0.4900,31.00,no
2026-10-05T00:34:54.976364Z,0.5600,6.00,yes
2026-10-05T00:34:54.976364Z,0.5600,39.46,yes
2026-10-05T00:34:54.976364Z,0.5600,39.72,yes
2026-10-05T00:34:54.976364Z,0.5600,1.00,yes
2026-10-05T00:34:55.227836Z,0.5000,3.24,no
2026-10-05T00:34:55.227836Z,0.5000,20.00,no
2026-10-05T00:34:55.227836Z,0.5100,8.00,no
2026-10-05T00:34:55.227836Z,0.5000,10.00,no
2026-10-05T00:34:55.355208Z,0.5600,0.01,yes
2026-10-05T00:34:55.735741Z,0.5500,5.00,yes
2026-10-05T00:34:55.735741Z,0.5600,0.99,yes
2026-10-05T00:34:55.735741Z,0.5600,19.99,yes
2026-10-05T00:34:55.771604Z,0.5700,29.00,yes
2026-10-05T00:34:55.771604Z,0.5700,34.00,yes
2026-10-05T00:34:55.771604Z,0.5600,10.01,yes
2026-10-05T00:34:55.771604Z,0.5900,18.86,yes
2026-10-05T00:34:55.771604Z,0.5800,44.00,yes
2026-10-05T00:34:55.771604Z,0.5700,6.00,yes
2026-10-05T00:34:55.771604Z,0.5600,5.00,yes
2026-10-05T00:34:55.771604Z,0.5800,20.00,yes
2026-10-05T00:34:56.550345Z,0.5800,16.74,yes
2026-10-05T00:34:56.574824Z,0.5800,9.26,yes
2026-10-05T00:34:56.574824Z,0.5800,5.00,yes
2026-10-05T00:34:56.574824Z,0.5800,10.86,yes
2026-10-05T00:34:56.867666Z,0.5300,8.62,no
2026-10-05T00:34:57.107896Z,0.5000,42.00,no
2026-10-05T00:34:57.107896Z,0.5000,23.99,no
2026-10-05T00:34:57.107896Z,0.5000,1.00,no
2026-10-05T00:34:57.107896Z,0.5100,30.00,no
2026-10-05T00:34:57.107896Z,0.5200,1.00,no
2026-10-05T00:34:57.107896Z,0.5300,6.00,no
2026-10-05T00:34:57.107896Z,0.5200,42.00,no
2026-10-05T00:34:57.107896Z,0.4900,8.38,no
2026-10-05T00:34:57.107896Z,0.5200,1.00,no
2026-10-05T00:34:57.107896Z,0.5300,1.00,no
2026-10-05T00:34:57.226076Z,0.5800,29.00,yes
2026-10-05T00:34:57.226076Z,0.5900,21.73,yes
2026-10-05T00:34:57.226076Z,0.5800,19.14,yes
2026-10-05T00:34:57.226076Z,0.5800,5.00,yes
2026-10-05T00:34:57.226076Z,0.5800,7.00,yes
2026-10-05T00:34:57.226076Z,0.5800,1.00,yes
2026-10-05T00:34:57.442569Z,0.5200,15.63,no
2026-10-05T00:34:57.503815Z,0.5700,8.37,yes
2026-10-05T00:34:57.505755Z,0.5900,100.00,yes
2026-10-05T00:34:57.505755Z,0.5800,5.00,yes
2026-10-05T00:34:57.505755Z,0.5700,7.63,yes
2026-10-05T00:34:57.505755Z,0.5800,29.00,yes
2026-10-05T00:34:57.505755Z,0.5800,30.00,yes
2026-10-05T00:34:57.505755Z,0.5900,59.41,yes
2026-10-05T00:34:57.505755Z,0.6000,97.04,yes
2026-10-05T00:34:57.505755Z,0.6000,1.00,yes
2026-10-05T00:34:57.583001Z,0.5900,5.00,yes
2026-10-05T00:34:57.583001Z,0.5900,30.00,yes
2026-10-05T00:34:57.583001Z,0.5900,1.00,yes
2026-10-05T00:34:57.583001Z,0.5900,8.00,yes
2026-10-05T00:34:57.583001Z,0.6000,0.31,yes
2026-10-05T00:34:57.674104Z,0.5900,0.56,yes
2026-10-05T00:34:57.868319Z,0.5900,19.44,yes
2026-10-05T00:34:57.868319Z,0.5900,5.27,yes
2026-10-05T00:34:58.040959Z,0.5900,5.00,yes
2026-10-05T00:34:58.040959Z,0.5900,24.73,yes
2026-10-05T00:34:58.040959Z,0.6000,127.80,yes
2026-10-05T00:34:58.188932Z,0.5900,19.98,yes
2026-10-05T00:34:58.188932Z,0.5900,6.38,yes
2026-10-05T00:34:58.264698Z,0.5900,5.00,yes
2026-10-05T00:34:58.264698Z,0.5900,2.00,yes
2026-10-05T00:34:58.264698Z,0.5900,23.62,yes
2026-10-05T00:34:58.264698Z,0.6000,129.10,yes
2026-10-05T00:34:58.632908Z,0.5900,1.00,yes
2026-10-05T00:34:58.632908Z,0.5900,5.78,yes
2026-10-05T00:34:58.988448Z,0.4600,15.00,no
2026-10-05T00:34:58.988448Z,0.4800,47.00,no
2026-10-05T00:34:58.988448Z,0.4700,15.00,no
2026-10-05T00:34:58.988448Z,0.5000,53.99,no
2026-10-05T00:34:58.988448Z,0.4800,15.00,no
2026-10-05T00:34:58.988448Z,0.4600,226.00,no
2026-10-05T00:34:58.988448Z,0.4700,119.00,no
2026-10-05T00:34:58.988448Z,0.5200,30.00,no
2026-10-05T00:34:58.988448Z,0.4800,6.00,no
2026-10-05T00:34:58.988448Z,0.4900,31.00,no
2026-10-05T00:34:58.988448Z,0.5100,42.00,no
2026-10-05T00:34:58.988448Z,0.5300,1.00,no
2026-10-05T00:34:58.988448Z,0.4600,189.00,no
2026-10-05T00:34:58.988448Z,0.4800,93.00,no
2026-10-05T00:34:58.988448Z,0.4700,23.00,no
2026-10-05T00:34:58.988448Z,0.4600,81.00,no
2026-10-05T00:34:58.988448Z,0.4700,54.00,no
2026-10-05T00:34:58.988448Z,0.4500,22.83,no
2026-10-05T00:34:59.126828Z,0.5800,3.29,yes
2026-10-05T00:34:59.133593Z,0.5800,22.71,yes
2026-10-05T00:34:59.133593Z,0.5800,10.17,yes
2026-10-05T00:34:59.162105Z,0.5800,9.00,yes
2026-10-05T00:34:59.217489Z,0.5200,25.67,no
2026-10-05T00:34:59.232851Z,0.5800,3.29,yes
2026-10-05T00:34:59.293934Z,0.5800,25.71,yes
2026-10-05T00:34:59.293934Z,0.5800,7.00,yes
2026-10-05T00:34:59.293934Z,0.5800,26.29,yes
2026-10-05T00:34:59.294643Z,0.5800,14.71,yes
2026-10-05T00:34:59.294643Z,0.5800,1.76,yes
2026-10-05T00:34:59.575731Z,0.5700,5.02,yes
2026-10-05T00:34:59.57655Z,0.5700,13.00,yes
2026-10-05T00:34:59.57655Z,0.5700,19.98,yes
2026-10-05T00:34:59.57655Z,0.5700,5.00,yes
2026-10-05T00:34:59.57655Z,0.5800,44.08,yes
2026-10-05T00:35:00.223595Z,0.5800,0.02,yes
2026-10-05T00:35:00.223595Z,0.5800,5.00,yes
2026-10-05T00:35:00.363868Z,0.5800,2.98,yes
2026-10-05T00:35:00.363868Z,0.5800,11.00,yes
2026-10-05T00:35:00.363868Z,0.5800,2.76,yes
2026-10-05T00:35:00.430964Z,0.5300,1.00,no
2026-10-05T00:35:00.430964Z,0.5200,6.90,no
2026-10-05T00:35:00.430964Z,0.5300,1.00,no
2026-10-05T00:35:00.81087Z,0.5100,34.00,no
2026-10-05T00:35:00.81087Z,0.5200,42.00,no
2026-10-05T00:35:00.81087Z,0.5200,200.00,no
2026-10-05T00:35:00.81087Z,0.5000,10.00,no
2026-10-05T00:35:00.81087Z,0.4900,88.90,no
2026-10-05T00:35:00.81087Z,0.5200,10.00,no
2026-10-05T00:35:00.81087Z,0.5100,10.00,no
2026-10-05T00:35:00.81087Z,0.5000,30.00,no
2026-10-05T00:35:00.81087Z,0.5100,1.00,no
2026-10-05T00:35:00.81087Z,0.5100,42.00,no
2026-10-05T00:35:00.975206Z,0.5700,16.64,yes
2026-10-05T00:35:01.109445Z,0.5700,3.29,yes
2026-10-05T00:35:01.286119Z,0.5500,166.66,yes
2026-10-05T00:35:01.311596Z,0.5500,3.00,yes
2026-10-05T00:35:01.448188Z,0.5400,9.00,yes
2026-10-05T00:35:01.4978Z,0.5400,39.00,yes
2026-10-05T00:35:01.537181Z,0.5000,9.74,no
2026-10-05T00:35:01.537181Z,0.5200,100.00,no
2026-10-05T00:35:01.537181Z,0.5000,1.00,no
2026-10-05T00:35:01.537181Z,0.5200,44.00,no
2026-10-05T00:35:01.84451Z,0.5300,30.00,yes
2026-10-05T00:35:01.84451Z,0.5300,1.00,yes
2026-10-05T00:35:01.84451Z,0.5300,52.00,yes
2026-10-05T00:35:01.84451Z,0.5300,12.00,yes
2026-10-05T00:35:01.84451Z,0.5300,5.00,yes
2026-10-05T00:35:02.011425Z,0.5100,100.00,no
2026-10-05T00:35:02.011425Z,0.5100,161.00,no
2026-10-05T00:35:02.011425Z,0.5000,500.00,no
2026-10-05T00:35:02.011425Z,0.5000,23.00,no
2026-10-05T00:35:02.011425Z,0.5100,42.00,no
2026-10-05T00:35:02.011425Z,0.5000,10.00,no
2026-10-05T00:35:02.011425Z,0.4900,29.26,no
2026-10-05T00:35:02.011425Z,0.4900,10.00,no
2026-10-05T00:35:02.011425Z,0.5100,10.00,no
2026-10-05T00:35:02.011425Z,0.4900,1.00,no
2026-10-05T00:35:02.011425Z,0.4800,39.38,no
2026-10-05T00:35:02.011425Z,0.4900,12.00,no
2026-10-05T00:35:02.080292Z,0.5000,116.00,no
2026-10-05T00:35:02.108054Z,0.5400,30.00,yes
2026-10-05T00:35:02.108054Z,0.5400,14.00,yes
2026-10-05T00:35:02.108054Z,0.5400,5.00,yes
2026-10-05T00:35:02.108054Z,0.5400,21.00,yes
2026-10-05T00:35:02.108054Z,0.5400,1.00,yes
2026-10-05T00:35:02.108054Z,0.5400,29.00,yes
2026-10-05T00:35:02.459266Z,0.5400,22.00,yes
2026-10-05T00:35:02.459266Z,0.5400,6.97,yes
2026-10-05T00:35:02.573143Z,0.5400,1.79,yes
2026-10-05T00:35:02.86582Z,0.5400,1.00,yes
2026-10-05T00:35:02.86582Z,0.5400,36.00,yes
2026-10-05T00:35:02.86582Z,0.5400,20.79,yes
2026-10-05T00:35:02.86582Z,0.5400,3.21,yes
2026-10-05T00:35:02.86582Z,0.5400,1.00,yes
2026-10-05T00:35:03.042485Z,0.5200,51.11,no
2026-10-05T00:35:03.092278Z,0.5400,30.00,yes
2026-10-05T00:35:03.092278Z,0.5400,5.00,yes
2026-10-05T00:35:03.092278Z,0.5500,165.00,yes
2026-10-05T00:35:03.577286Z,0.5400,1.00,yes
2026-10-05T00:35:03.577286Z,0.5400,5.00,yes
2026-10-05T00:35:03.577286Z,0.5400,4.67,yes
2026-10-05T00:35:03.618856Z,0.5500,43.05,yes
2026-10-05T00:35:03.700549Z,0.5500,9.19,yes
2026-10-05T00:35:03.754562Z,0.5200,3.00,no
2026-10-05T00:35:04.008975Z,0.5400,16.00,yes
2026-10-05T00:35:04.008975Z,0.5400,1.00,yes
2026-10-05T00:35:04.206803Z,0.5500,207.00,yes
2026-10-05T00:35:04.206803Z,0.5400,29.00,yes
2026-10-05T00:35:04.206803Z,0.5400,29.00,yes
2026-10-05T00:35:04.206803Z,0.5400,5.00,yes
2026-10-05T00:35:04.206803Z,0.5400,30.00,yes
2026-10-05T00:35:04.215833Z,0.5500,1.50,yes
2026-10-05T00:35:04.316222Z,0.5500,42.36,yes
2026-10-05T00:35:04.382948Z,0.5500,8.79,yes
2026-10-05T00:35:04.502029Z,0.5100,39.37,no
2026-10-05T00:35:04.502029Z,0.5400,3.00,no
2026-10-05T00:35:04.502029Z,0.5300,10.00,no
2026-10-05T00:35:04.502029Z,0.5400,12.00,no
2026-10-05T00:35:04.502029Z,0.5400,10.00,no
2026-10-05T00:35:04.502029Z,0.5200,42.00,no
2026-10-05T00:35:04.502029Z,0.5200,10.00,no
2026-10-05T00:35:04.502029Z,0.5200,30.00,no
2026-10-05T00:35:04.536312Z,0.5400,6.00,yes
2026-10-05T00:35:04.536312Z,0.5400,5.00,yes
2026-10-05T00:35:04.536312Z,0.5400,1.00,yes
2026-10-05T00:35:04.549499Z,0.5400,6.00,yes
2026-10-05T00:35:04.566461Z,0.5400,3.00,yes
2026-10-05T00:35:04.578743Z,0.5400,3.00,yes
2026-10-05T00:35:04.580376Z,0.5400,1.50,yes
2026-10-05T00:35:04.623485Z,0.5400,1.47,yes
2026-10-05T00:35:04.623485Z,0.5400,7.50,yes
2026-10-05T00:35:04.96899Z,0.5500,60.52,yes
2026-10-05T00:35:04.96899Z,0.5400,15.00,yes
2026-10-05T00:35:04.96899Z,0.5400,5.00,yes
2026-10-05T00:35:04.96899Z,0.5400,2.00,yes
2026-10-05T00:35:04.96899Z,0.5400,5.00,yes
2026-10-05T00:35:05.168699Z,0.5500,8.79,yes
2026-10-05T00:35:05.201855Z,0.5500,43.05,yes
2026-10-05T00:35:05.557435Z,0.5500,200.00,yes
2026-10-05T00:35:05.714447Z,0.5300,12.17,no
2026-10-05T00:35:05.861038Z,0.5500,135.72,yes
2026-10-05T00:35:05.944981Z,0.5500,1.76,yes
2026-10-05T00:35:05.967344Z,0.5500,1.76,yes
2026-10-05T00:35:06.061162Z,0.5500,1.00,yes
2026-10-05T00:35:06.105024Z,0.5500,96.94,yes
2026-10-05T00:35:06.119711Z,0.5300,9.37,no
2026-10-05T00:35:06.274716Z,0.5500,37.00,yes
2026-10-05T00:35:06.278802Z,0.5500,4.45,yes
2026-10-05T00:35:06.381094Z,0.5500,18.00,yes
2026-10-05T00:35:06.608693Z,0.5400,10.00,no
2026-10-05T00:35:06.608693Z,0.5400,189.00,no
2026-10-05T00:35:06.608693Z,0.5300,421.96,no
2026-10-05T00:35:06.608693Z,0.5300,10.00,no
2026-10-05T00:35:06.757943Z,0.5300,75.28,no
2026-10-05T00:35:06.793283Z,0.5100,2.63,no
2026-10-05T00:35:06.793283Z,0.5100,7.54,no
2026-10-05T00:35:06.793283Z,0.5200,10.00,no
2026-10-05T00:35:06.793283Z,0.5100,10.00,no
2026-10-05T00:35:06.793283Z,0.5200,0.10,no
2026-10-05T00:35:06.839707Z,0.5500,128.00,yes
2026-10-05T00:35:06.839707Z,0.5400,5.00,yes
2026-10-05T00:35:06.839707Z,0.5400,22.00,yes
2026-10-05T00:35:06.839707Z,0.5400,1.00,yes
2026-10-05T00:35:06.839707Z,0.5400,89.00,yes
2026-10-05T00:35:06.867388Z,0.5200,16.73,no
2026-10-05T00:35:06.871034Z,0.5500,57.00,yes
2026-10-05T00:35:07.0383Z,0.5500,35.25,yes
2026-10-05T00:35:07.061663Z,0.5500,17.62,yes
2026-10-05T00:35:07.124652Z,0.5100,10.00,no
2026-10-05T00:35:07.124652Z,0.5100,0.10,no
2026-10-05T00:35:07.124652Z,0.5300,10.00,no
2026-10-05T00:35:07.124652Z,0.5300,1.00,no
2026-10-05T00:35:07.124652Z,0.5200,10.00,no
2026-10-05T00:35:07.124652Z,0.5100,27.61,no
2026-10-05T00:35:07.215832Z,0.5400,5.00,yes
2026-10-05T00:35:07.215832Z,0.5400,5.98,yes
2026-10-05T00:35:07.215832Z,0.5400,1.00,yes
2026-10-05T00:35:07.329258Z,0.5500,234.00,yes
2026-10-05T00:35:07.350455Z,0.5500,19.00,yes
2026-10-05T00:35:07.582745Z,0.5500,5.88,yes
2026-10-05T00:35:07.619455Z,0.5500,8.00,yes
2026-10-05T00:35:08.105682Z,0.5500,29.00,yes
2026-10-05T00:35:08.1884Z,0.5500,0.37,yes
2026-10-05T00:35:08.459371Z,0.5500,83.74,yes
2026-10-05T00:35:08.853759Z,0.5500,346.90,yes
2026-10-05T00:35:09.236397Z,0.5400,10.00,no
2026-10-05T00:35:09.236397Z,0.5400,75.57,no
2026-10-05T00:35:09.273618Z,0.5500,46.00,yes
2026-10-05T00:35:09.309359Z,0.5500,35.07,yes
2026-10-05T00:35:09.65803Z,0.5500,100.00,yes
2026-10-05T00:35:09.764Z,0.5500,43.05,yes
2026-10-05T00:35:09.810707Z,0.5500,44.06,yes
2026-10-05T00:35:09.978149Z,0.5500,19.81,yes
2026-10-05T00:35:09.978149Z,0.5500,511.52,yes
2026-10-05T00:35:09.978149Z,0.5500,23.00,yes
2026-10-05T00:35:09.978149Z,0.5500,69.73,yes
2026-10-05T00:35:09.978149Z,0.5500,81.00,yes
2026-10-05T00:35:10.083799Z,0.5500,6.69,yes
2026-10-05T00:35:10.145366Z,0.5500,3.52,yes
2026-10-05T00:35:10.65814Z,0.5500,7.05,yes
2026-10-05T00:35:10.97585Z,0.5400,2.00,no
2026-10-05T00:35:11.064566Z,0.5500,3.31,yes
2026-10-05T00:35:11.064566Z,0.5700,3.09,yes
2026-10-05T00:35:11.064566Z,0.5600,2.24,yes
2026-10-05T00:35:11.08444Z,0.5500,134.12,no
2026-10-05T00:35:11.17641Z,0.5700,1.72,yes
2026-10-05T00:35:11.281056Z,0.5100,106.00,no
2026-10-05T00:35:11.281056Z,0.5300,10.00,no
2026-10-05T00:35:11.281056Z,0.5200,10.00,no
2026-10-05T00:35:11.281056Z,0.5100,51.00,no
2026-10-05T00:35:11.281056Z,0.5100,42.00,no
2026-10-05T00:35:11.281056Z,0.5100,10.00,no
2026-10-05T00:35:11.281056Z,0.5200,1.00,no
2026-10-05T00:35:11.281056Z,0.5300,1.00,no
2026-10-05T00:35:11.281056Z,0.5100,0.10,no
2026-10-05T00:35:11.281056Z,0.5000,81.00,no
2026-10-05T00:35:11.281056Z,0.5000,500.00,no
2026-10-05T00:35:11.281056Z,0.5100,55.00,no
2026-10-05T00:35:11.281056Z,0.4900,1.00,no
2026-10-05T00:35:11.281056Z,0.5200,30.00,no
2026-10-05T00:35:11.281056Z,0.5000,200.00,no
2026-10-05T00:35:11.281056Z,0.5000,23.00,no
2026-10-05T00:35:11.281056Z,0.5400,10.00,no
2026-10-05T00:35:11.281056Z,0.5400,148.00,no
2026-10-05T00:35:11.281056Z,0.5400,10.00,no
2026-10-05T00:35:11.281056Z,0.4600,226.00,no
2026-10-05T00:35:11.281056Z,0.5200,6.00,no
2026-10-05T00:35:11.281056Z,0.5100,188.00,no
2026-10-05T00:35:11.281056Z,0.4600,31.00,no
2026-10-05T00:35:11.281056Z,0.5000,10.00,no
2026-10-05T00:35:11.281056Z,0.4700,19.00,no
2026-10-05T00:35:11.281056Z,0.4500,129.18,no
2026-10-05T00:35:11.281056Z,0.4800,100.62,no
2026-10-05T00:35:11.281056Z,0.4700,15.00,no
2026-10-05T00:35:11.281056Z,0.4600,15.00,no
2026-10-05T00:35:11.562508Z,0.5200,94.07,no
2026-10-05T00:35:11.86274Z,0.5200,45.30,no
2026-10-05T00:35:11.959792Z,0.5100,1.00,no
2026-10-05T00:35:11.959792Z,0.5200,54.70,no
2026-10-05T00:35:11.959792Z,0.5000,25.41,no
2026-10-05T00:35:11.959792Z,0.5200,42.00,no
2026-10-05T00:35:11.976847Z,0.5600,7.00,yes
2026-10-05T00:35:11.976847Z,0.5600,29.00,yes
2026-10-05T00:35:11.976847Z,0.5600,40.00,yes
2026-10-05T00:35:11.976847Z,0.5600,6.97,yes
2026-10-05T00:35:11.976847Z,0.5600,86.00,yes
2026-10-05T00:35:11.976847Z,0.5600,1.00,yes
2026-10-05T00:35:11.978349Z,0.5700,9.74,yes
2026-10-05T00:35:11.978349Z,0.5700,24.19,yes
2026-10-05T00:35:11.978349Z,0.5700,30.00,yes
2026-10-05T00:35:11.978349Z,0.5600,0.03,yes
2026-10-05T00:35:11.978349Z,0.5700,74.31,yes
2026-10-05T00:35:12.366455Z,0.5600,1.00,yes
2026-10-05T00:35:12.366455Z,0.5600,20.00,yes
2026-10-05T00:35:12.366455Z,0.5600,26.00,yes
2026-10-05T00:35:12.366455Z,0.5600,11.00,yes
2026-10-05T00:35:12.366455Z,0.5600,5.00,yes
2026-10-05T00:35:12.366455Z,0.5700,1.50,yes
2026-10-05T00:35:12.381457Z,0.5700,38.51,yes
2026-10-05T00:35:12.596349Z,0.5600,17.32,yes
2026-10-05T00:35:12.59999Z,0.5800,52.57,yes
2026-10-05T00:35:12.59999Z,0.5600,5.00,yes
2026-10-05T00:35:12.59999Z,0.5700,38.51,yes
2026-10-05T00:35:12.59999Z,0.5700,12.36,yes
2026-10-05T00:35:12.59999Z,0.5600,8.68,yes
2026-10-05T00:35:12.59999Z,0.5600,5.00,yes
2026-10-05T00:35:12.59999Z,0.5700,1.50,yes
2026-10-05T00:35:12.59999Z,0.5700,39.99,yes
2026-10-05T00:35:13.339898Z,0.5900,1.00,yes
2026-10-05T00:35:13.339898Z,0.5800,100.00,yes
2026-10-05T00:35:13.339898Z,0.5700,80.00,yes
2026-10-05T00:35:13.339898Z,0.5700,5.00,yes
2026-10-05T00:35:13.339898Z,0.5700,29.00,yes
2026-10-05T00:35:13.339898Z,0.5800,29.00,yes
2026-10-05T00:35:13.339898Z,0.5700,10.00,yes
2026-10-05T00:35:13.339898Z,0.5800,515.43,yes
2026-10-05T00:35:13.339898Z,0.5900,53.29,yes
2026-10-05T00:35:13.518995Z,0.5500,1.00,no
2026-10-05T00:35:13.518995Z,0.5000,1.00,no
2026-10-05T00:35:13.518995Z,0.4900,12.47,no
2026-10-05T00:35:13.518995Z,0.5400,25.00,no
2026-10-05T00:35:13.663855Z,0.5300,1.00,no
2026-10-05T00:35:13.663855Z,0.5300,12.85,no
2026-10-05T00:35:13.663855Z,0.5400,10.00,no
2026-10-05T00:35:14.138169Z,0.5500,26.00,no
2026-10-05T00:35:14.284925Z,0.5400,20.00,yes
2026-10-05T00:35:14.463921Z,0.5500,166.30,yes
2026-10-05T00:35:14.58145Z,0.5500,30.14,yes
2026-10-05T00:35:15.069766Z,0.5500,30.01,yes
2026-10-05T00:35:15.96122Z,0.5400,17.50,no
2026-10-05T00:35:15.96122Z,0.5400,20.00,no
2026-10-05T00:35:15.993436Z,0.5600,175.35,yes
2026-10-05T00:35:15.993436Z,0.5600,0.10,yes
2026-10-05T00:35:15.993436Z,0.5500,24.55,yes
2026-10-05T00:35:16.17082Z,0.5400,100.00,no
2026-10-05T00:35:16.17082Z,0.5100,6.64,no
2026-10-05T00:35:16.17082Z,0.5400,10.00,no
2026-10-05T00:35:16.17082Z,0.5300,10.00,no
2026-10-05T00:35:16.17082Z,0.5200,10.00,no
2026-10-05T00:35:16.17082Z,0.5200,42.00,no
2026-10-05T00:35:16.17082Z,0.5300,1.00,no
2026-10-05T00:35:16.222938Z,0.5100,17.00,no
2026-10-05T00:35:16.222938Z,0.5100,15.36,no
2026-10-05T00:35:16.222938Z,0.5100,6.00,no
2026-10-05T00:35:16.222938Z,0.5100,3.86,no
2026-10-05T00:35:16.222938Z,0.5100,10.00,no
2026-10-05T00:35:16.414198Z,0.5200,59.00,no
2026-10-05T00:35:16.414198Z,0.5300,5.00,no
2026-10-05T00:35:16.414198Z,0.5300,1.00,no
2026-10-05T00:35:16.414198Z,0.5100,10.25,no
2026-10-05T00:35:16.445054Z,0.5500,21.00,yes
2026-10-05T00:35:16.445054Z,0.5500,22.44,yes
2026-10-05T00:35:16.563303Z,0.5200,10.37,no
2026-10-05T00:35:16.767467Z,0.5500,0.40,yes
2026-10-05T00:35:16.828385Z,0.5300,17.16,no
2026-10-05T00:35:16.845604Z,0.5000,12.28,no
2026-10-05T00:35:16.845604Z,0.5100,5.00,no
2026-10-05T00:35:16.845604Z,0.5000,1.00,no
2026-10-05T00:35:16.997524Z,0.5400,43.00,yes
2026-10-05T00:35:16.997524Z,0.5500,57.00,yes
2026-10-05T00:35:17.088439Z,0.5600,69.13,yes
2026-10-05T00:35:17.088439Z,0.5500,49.00,yes
2026-10-05T00:35:17.088439Z,0.5600,24.65,yes
2026-10-05T00:35:17.088439Z,0.5600,24.00,yes
2026-10-05T00:35:17.088439Z,0.5500,43.22,yes
2026-10-05T00:35:17.088439Z,0.5500,10.00,yes
2026-10-05T00:35:17.088439Z,0.5500,29.00,yes
2026-10-05T00:35:17.113275Z,0.5600,37.69,yes
2026-10-05T00:35:17.491379Z,0.5600,666.04,yes
2026-10-05T00:35:17.559387Z,0.5600,75.00,yes
2026-10-05T00:35:17.582533Z,0.5600,17.26,yes
2026-10-05T00:35:18.019402Z,0.5500,1.00,yes
2026-10-05T00:35:18.019402Z,0.5600,16.32,yes
2026-10-05T00:35:18.189232Z,0.5300,156.37,no
2026-10-05T00:35:18.216815Z,0.5300,42.00,no
2026-10-05T00:35:18.216815Z,0.5200,109.37,no
2026-10-05T00:35:18.216815Z,0.5300,5.00,no
2026-10-05T00:35:18.587787Z,0.5500,43.00,yes
2026-10-05T00:35:18.587787Z,0.5500,1.00,yes
2026-10-05T00:35:18.730727Z,0.5600,56.00,yes
2026-10-05T00:35:18.773536Z,0.5600,62.56,yes
2026-10-05T00:35:18.773536Z,0.5600,30.82,yes
2026-10-05T00:35:19.027442Z,0.5600,0.86,yes
2026-10-05T00:35:19.291909Z,0.5700,71.00,yes
2026-10-05T00:35:19.291909Z,0.5700,7.00,yes
2026-10-05T00:35:19.291909Z,0.5800,48.49,yes
2026-10-05T00:35:19.291909Z,0.5700,36.56,yes
2026-10-05T00:35:19.291909Z,0.5700,0.10,yes
2026-10-05T00:35:19.291909Z,0.5800,6.00,yes
2026-10-05T00:35:19.771675Z,0.5800,16.74,yes
2026-10-05T00:35:19.917427Z,0.5500,166.94,yes
2026-10-05T00:35:19.945841Z,0.5400,10.00,no
2026-10-05T00:35:19.945841Z,0.5400,40.00,no
2026-10-05T00:35:19.945841Z,0.5300,40.34,no
2026-10-05T00:35:19.945841Z,0.5300,12.72,no
2026-10-05T00:35:20.51752Z,0.5400,8.97,yes
2026-10-05T00:35:20.519433Z,0.5200,10.00,no
2026-10-05T00:35:20.519433Z,0.5200,41.89,no
2026-10-05T00:35:20.545461Z,0.5400,2.00,yes
2026-10-05T00:35:20.562539Z,0.5200,104.00,no
2026-10-05T00:35:20.562539Z,0.5200,10.00,no
2026-10-05T00:35:20.562539Z,0.5100,1.00,no
2026-10-05T00:35:20.562539Z,0.5200,42.00,no
2026-10-05T00:35:20.562539Z,0.5100,50.84,no
2026-10-05T00:35:20.598887Z,0.5500,6.97,yes
2026-10-05T00:35:20.598887Z,0.5400,5.03,yes
2026-10-05T00:35:21.04302Z,0.5800,1.00,yes
2026-10-05T00:35:21.04302Z,0.5800,5.00,yes
2026-10-05T00:35:21.04302Z,0.5500,326.09,yes
2026-10-05T00:35:21.04302Z,0.5600,29.00,yes
2026-10-05T00:35:21.04302Z,0.5700,29.00,yes
2026-10-05T00:35:21.04302Z,0.5400,5.00,yes
2026-10-05T00:35:21.04302Z,0.5800,175.00,yes
2026-10-05T00:35:21.04302Z,0.5700,80.00,yes
2026-10-05T00:35:21.04302Z,0.5600,100.00,yes
2026-10-05T00:35:21.04302Z,0.5700,100.00,yes
2026-10-05T00:35:21.04302Z,0.5900,10.00,yes
2026-10-05T00:35:21.04302Z,0.5800,170.50,yes
2026-10-05T00:35:21.04302Z,0.6000,872.30,yes
2026-10-05T00:35:21.04302Z,0.5900,200.00,yes
2026-10-05T00:35:21.04302Z,0.5900,200.00,yes
2026-10-05T00:35:21.04302Z,0.5900,200.00,yes
2026-10-05T00:35:21.04302Z,0.5900,146.71,yes
2026-10-05T00:35:21.048978Z,0.5300,4.90,no
2026-10-05T00:35:21.477174Z,0.5700,8.51,yes
2026-10-05T00:35:22.588195Z,0.5400,0.40,no
2026-10-05T00:35:22.588195Z,0.5500,8.00,no
2026-10-05T00:35:22.588195Z,0.5500,1.00,no
2026-10-05T00:35:22.616345Z,0.5300,42.00,no
2026-10-05T00:35:22.616345Z,0.5200,15.63,no
2026-10-05T00:35:22.616345Z,0.5200,6.00,no
2026-10-05T00:35:22.616345Z,0.5400,0.60,no
2026-10-05T00:35:22.616345Z,0.5300,10.00,no
2026-10-05T00:35:22.616345Z,0.5400,10.00,no
2026-10-05T00:35:22.834248Z,0.5700,1.49,yes
2026-10-05T00:35:22.834248Z,0.5700,15.25,yes
2026-10-05T00:35:23.088208Z,0.5700,26.00,yes
2026-10-05T00:35:23.088208Z,0.5800,1.00,yes
2026-10-05T00:35:23.088208Z,0.5800,7.00,yes
2026-10-05T00:35:23.088208Z,0.5800,2.87,yes
2026-10-05T00:35:23.088208Z,0.5800,5.00,yes
2026-10-05T00:35:23.139598Z,0.5800,5.00,yes
2026-10-05T00:35:23.139598Z,0.5800,4.87,yes
2026-10-05T00:35:23.139598Z,0.5800,1.00,yes
2026-10-05T00:35:23.139598Z,0.5800,6.00,yes
2026-10-05T00:35:23.139598Z,0.5800,26.13,yes
2026-10-05T00:35:23.677308Z,0.5800,5.00,yes
2026-10-05T00:35:23.677308Z,0.5800,26.00,yes
2026-10-05T00:35:23.677308Z,0.5800,5.84,yes
2026-10-05T00:35:23.853309Z,0.5400,42.00,no
2026-10-05T00:35:23.853309Z,0.5400,100.00,no
2026-10-05T00:35:23.853309Z,0.5300,1.00,no
2026-10-05T00:35:23.853309Z,0.5300,1.00,no
2026-10-05T00:35:23.853309Z,0.5400,54.00,no
2026-10-05T00:35:23.853309Z,0.5300,3.18,no
2026-10-05T00:35:24.024525Z,0.5300,7.03,no
2026-10-05T00:35:24.024525Z,0.5500,2.00,no
2026-10-05T00:35:24.024525Z,0.5400,0.37,no
2026-10-05T00:35:24.472576Z,0.5800,32.89,yes
2026-10-05T00:35:24.472576Z,0.5700,80.00,yes
2026-10-05T00:35:24.472576Z,0.5800,1.00,yes
2026-10-05T00:35:24.472576Z,0.5700,10.00,yes
2026-10-05T00:35:24.472576Z,0.5800,1.00,yes
2026-10-05T00:35:24.472576Z,0.5800,5.00,yes
2026-10-05T00:35:24.472576Z,0.5800,29.00,yes
2026-10-05T00:35:24.64135Z,0.5800,2.45,yes
2026-10-05T00:35:24.64135Z,0.5800,1.00,yes
2026-10-05T00:35:24.64135Z,0.5800,5.00,yes
2026-10-05T00:35:24.813343Z,0.5800,8.22,yes
2026-10-05T00:35:25.141611Z,0.5800,66.04,yes
2026-10-05T00:35:25.141611Z,0.5800,4.33,yes
2026-10-05T00:35:25.141611Z,0.5800,5.00,yes
2026-10-05T00:35:25.397117Z,0.5500,28.24,no
2026-10-05T00:35:25.397117Z,0.5500,1.00,no
2026-10-05T00:35:25.397117Z,0.5500,10.00,no
2026-10-05T00:35:25.440936Z,0.5800,2.63,yes
2026-10-05T00:35:25.440936Z,0.5800,29.00,yes
2026-10-05T00:35:25.440936Z,0.5800,133.96,yes
2026-10-05T00:35:25.753237Z,0.5500,2.00,no
2026-10-05T00:35:25.767926Z,0.5800,1.00,yes
2026-10-05T00:35:25.767926Z,0.5800,5.00,yes
2026-10-05T00:35:25.767926Z,0.5800,1.00,yes
2026-10-05T00:35:25.767926Z,0.5800,1.00,yes
2026-10-05T00:35:25.767926Z,0.5800,67.37,yes
2026-10-05T00:35:25.810346Z,0.5500,20.89,no
2026-10-05T00:35:25.877916Z,0.5800,7.00,yes
2026-10-05T00:35:25.877916Z,0.5800,5.00,yes
2026-10-05T00:35:25.877916Z,0.5800,11.00,yes
2026-10-05T00:35:25.877916Z,0.5800,8.82,yes
2026-10-05T00:35:25.877916Z,0.5800,1.00,yes
2026-10-05T00:35:26.06039Z,0.5600,30.47,no
2026-10-05T00:35:26.293959Z,0.5500,10.00,no
2026-10-05T00:35:26.293959Z,0.5700,10.00,no
2026-10-05T00:35:26.293959Z,0.5600,10.00,no
2026-10-05T00:35:26.293959Z,0.5700,6.00,no
2026-10-05T00:35:26.293959Z,0.5500,30.00,no
2026-10-05T00:35:26.293959Z,0.5500,1.06,no
2026-10-05T00:35:26.376842Z,0.6000,442.85,yes
2026-10-05T00:35:26.376842Z,0.5800,34.00,yes
2026-10-05T00:35:26.376842Z,0.5800,29.00,yes
2026-10-05T00:35:26.376842Z,0.5800,1.00,yes
2026-10-05T00:35:26.376842Z,0.5800,1.00,yes
2026-10-05T00:35:26.376842Z,0.5800,28.00,yes
2026-10-05T00:35:26.376842Z,0.5800,5.00,yes
2026-10-05T00:35:26.376842Z,0.5900,200.00,yes
2026-10-05T00:35:26.376842Z,0.5900,35.59,yes
2026-10-05T00:35:26.376842Z,0.5900,9.75,yes
2026-10-05T00:35:26.376842Z,0.5900,29.00,yes
2026-10-05T00:35:26.468552Z,0.6000,149.18,yes
2026-10-05T00:35:26.468552Z,0.5900,7.00,yes
2026-10-05T00:35:26.468552Z,0.5900,1.00,yes
2026-10-05T00:35:26.468552Z,0.5900,5.00,yes
2026-10-05T00:35:26.682787Z,0.5500,10.00,no
2026-10-05T00:35:26.682787Z,0.5700,1.00,no
2026-10-05T00:35:26.682787Z,0.5400,30.00,no
2026-10-05T00:35:26.682787Z,0.5700,10.00,no
2026-10-05T00:35:26.682787Z,0.5400,10.00,no
2026-10-05T00:35:26.682787Z,0.5500,18.00,no
2026-10-05T00:35:26.682787Z,0.5300,19.37,no
2026-10-05T00:35:26.682787Z,0.5400,42.00,no
2026-10-05T00:35:26.742605Z,0.5900,1.04,yes
2026-10-05T00:35:26.834081Z,0.4800,74.77,no
2026-10-05T00:35:26.834081Z,0.5300,10.00,no
2026-10-05T00:35:26.834081Z,0.5300,121.00,no
2026-10-05T00:35:26.834081Z,0.5300,15.00,no
2026-10-05T00:35:26.834081Z,0.5400,1.00,no
2026-10-05T00:35:26.834081Z,0.5500,100.00,no
2026-10-05T00:35:26.834081Z,0.5300,6.00,no
2026-10-05T00:35:26.834081Z,0.5400,19.00,no
2026-10-05T00:35:26.834081Z,0.5300,192.00,no
2026-10-05T00:35:26.834081Z,0.4900,5.00,no
2026-10-05T00:35:26.834081Z,0.5000,18.00,no
2026-10-05T00:35:26.834081Z,0.4900,510.00,no
2026-10-05T00:35:26.834081Z,0.5300,53.10,no
2026-10-05T00:35:26.834081Z,0.5300,42.00,no
2026-10-05T00:35:26.834081Z,0.5200,800.00,no
2026-10-05T00:35:26.834081Z,0.5000,800.00,no
2026-10-05T00:35:26.834081Z,0.5100,100.00,no
2026-10-05T00:35:26.834081Z,0.5100,800.00,no
2026-10-05T00:35:26.942196Z,0.5800,10.00,yes
2026-10-05T00:35:26.942196Z,0.5900,3.96,yes
2026-10-05T00:35:26.942196Z,0.5900,1.00,yes
2026-10-05T00:35:26.942196Z,0.5900,19.50,yes
2026-10-05T00:35:27.018021Z,0.5800,0.18,yes
2026-10-05T00:35:27.204403Z,0.5800,34.32,yes
2026-10-05T00:35:27.204403Z,0.5800,9.96,yes
2026-10-05T00:35:27.204403Z,0.5800,80.00,yes
2026-10-05T00:35:27.419606Z,0.5800,3.34,yes
2026-10-05T00:35:27.462359Z,0.5800,12.78,yes
2026-10-05T00:35:27.462359Z,0.5800,5.00,yes
2026-10-05T00:35:27.462359Z,0.5800,15.70,yes
2026-10-05T00:35:27.496825Z,0.5500,8.48,no
2026-10-05T00:35:27.875541Z,0.5700,6.00,yes
2026-10-05T00:35:27.875541Z,0.5700,10.29,yes
2026-10-05T00:35:27.953069Z,0.5900,19.93,yes
2026-10-05T00:35:27.953069Z,0.5800,5.00,yes
2026-10-05T00:35:27.953069Z,0.5800,29.71,yes
2026-10-05T00:35:27.953069Z,0.5800,80.00,yes
2026-10-05T00:35:27.953069Z,0.5900,29.00,yes
2026-10-05T00:35:28.212307Z,0.5900,5.00,yes
2026-10-05T00:35:28.212307Z,0.5900,7.07,yes
2026-10-05T00:35:28.212307Z,0.5900,12.63,yes
2026-10-05T00:35:28.225802Z,0.6000,27.42,yes
2026-10-05T00:35:28.225802Z,0.5900,5.00,yes
2026-10-05T00:35:28.225802Z,0.5900,26.00,yes
2026-10-05T00:35:28.225802Z,0.5900,19.00,yes
2026-10-05T00:35:28.225802Z,0.5900,46.00,yes
2026-10-05T00:35:28.225802Z,0.5900,15.37,yes
2026-10-05T00:35:28.453219Z,0.4800,8.12,no
2026-10-05T00:35:28.453219Z,0.5200,400.00,no
2026-10-05T00:35:28.453219Z,0.5300,196.00,no
2026-10-05T00:35:28.453219Z,0.5100,4.00,no
2026-10-05T00:35:28.453219Z,0.5200,42.00,no
2026-10-05T00:35:28.453219Z,0.5100,1.00,no
2026-10-05T00:35:28.453219Z,0.5200,100.00,no
2026-10-05T00:35:28.453219Z,0.4900,101.00,no
2026-10-05T00:35:28.453219Z,0.5000,1.00,no
2026-10-05T00:35:28.453219Z,0.4900,15.00,no
2026-10-05T00:35:28.453219Z,0.4900,19.00,no
2026-10-05T00:35:28.453219Z,0.5100,49.52,no
2026-10-05T00:35:28.453219Z,0.5300,1.00,no
2026-10-05T00:35:28.626707Z,0.5800,80.00,yes
2026-10-05T00:35:28.626707Z,0.5900,1.00,yes
2026-10-05T00:35:28.626707Z,0.5900,30.00,yes
2026-10-05T00:35:28.626707Z,0.5900,5.00,yes
2026-10-05T00:35:28.626707Z,0.5800,26.00,yes
2026-10-05T00:35:28.626707Z,0.5900,154.91,yes
2026-10-05T00:35:28.626707Z,0.5900,29.00,yes
2026-10-05T00:35:28.922085Z,0.6000,14.33,yes
2026-10-05T00:35:28.922085Z,0.5800,26.00,yes
2026-10-05T00:35:28.922085Z,0.5800,5.00,yes
2026-10-05T00:35:28.922085Z,0.5900,15.00,yes
2026-10-05T00:35:28.922085Z,0.5800,80.00,yes
2026-10-05T00:35:29.039546Z,0.5600,326.62,no
2026-10-05T00:35:29.039546Z,0.5500,10.00,no
2026-10-05T00:35:29.039546Z,0.5600,10.00,no
2026-10-05T00:35:29.039546Z,0.5400,1.00,no
2026-10-05T00:35:29.039546Z,0.5100,24.51,no
2026-10-05T00:35:29.039546Z,0.5300,30.00,no
2026-10-05T00:35:29.039546Z,0.5400,10.00,no
2026-10-05T00:35:29.039546Z,0.5200,10.00,no
2026-10-05T00:35:29.039546Z,0.5300,10.00,no
2026-10-05T00:35:29.039546Z,0.5200,46.00,no
2026-10-05T00:35:29.324381Z,0.5400,10.00,no
2026-10-05T00:35:29.324381Z,0.5300,27.00,no
2026-10-05T00:35:29.324381Z,0.5400,200.00,no
2026-10-05T00:35:29.324381Z,0.5300,143.94,no
2026-10-05T00:35:29.324381Z,0.5300,10.00,no
2026-10-05T00:35:29.802656Z,0.5700,11.00,yes
2026-10-05T00:35:29.802656Z,0.5700,1.00,yes
2026-10-05T00:35:30.169733Z,0.5700,5.00,yes
2026-10-05T00:35:30.169733Z,0.5700,17.95,yes
2026-10-05T00:35:30.169733Z,0.5600,1.00,yes
2026-10-05T00:35:30.169733Z,0.5700,3.00,yes
2026-10-05T00:35:30.169733Z,0.5700,80.00,yes
2026-10-05T00:35:30.335657Z,0.5700,5.00,yes
2026-10-05T00:35:30.335657Z,0.5700,16.42,yes
2026-10-05T00:35:30.335657Z,0.5600,18.00,yes
2026-10-05T00:35:30.339708Z,0.5700,5.00,yes
2026-10-05T00:35:30.777886Z,0.5600,1.00,yes
2026-10-05T00:35:30.777886Z,0.5600,26.00,yes
2026-10-05T00:35:31.041947Z,0.5800,2.26,yes
2026-10-05T00:35:31.041947Z,0.5700,21.42,yes
2026-10-05T00:35:31.041947Z,0.5700,58.58,yes
2026-10-05T00:35:31.041947Z,0.5600,1.00,yes
2026-10-05T00:35:31.041947Z,0.5600,26.00,yes
2026-10-05T00:35:31.041947Z,0.5600,4.00,yes
2026-10-05T00:35:31.041947Z,0.5700,29.00,yes
2026-10-05T00:35:31.041947Z,0.5600,29.00,yes
2026-10-05T00:35:31.703713Z,0.5800,197.74,yes
2026-10-05T00:35:31.703713Z,0.5600,86.00,yes
2026-10-05T00:35:31.703713Z,0.5700,11.00,yes
2026-10-05T00:35:31.703713Z,0.5700,5.00,yes
2026-10-05T00:35:31.703713Z,0.5600,7.00,yes
2026-10-05T00:35:31.703713Z,0.5700,29.00,yes
2026-10-05T00:35:31.703713Z,0.5800,1.15,yes
2026-10-05T00:35:31.703713Z,0.5700,1.00,yes
2026-10-05T00:35:32.299619Z,0.5800,5.00,yes
2026-10-05T00:35:32.299619Z,0.5800,11.74,yes
2026-10-05T00:35:32.333477Z,0.5800,0.11,yes
2026-10-05T00:35:32.582954Z,0.5400,3.25,no
2026-10-05T00:35:32.582954Z,0.5500,10.00,no
2026-10-05T00:35:32.582954Z,0.5600,10.00,no
2026-10-05T00:35:32.582954Z,0.5400,1.00,no
2026-10-05T00:35:32.582954Z,0.5600,5.00,no
2026-10-05T00:35:32.582954Z,0.5500,30.00,no
2026-10-05T00:35:32.986437Z,0.5800,6.00,yes
2026-10-05T00:35:32.986437Z,0.5800,1.00,yes
2026-10-05T00:35:32.986437Z,0.5800,5.00,yes
2026-10-05T00:35:32.986437Z,0.5800,10.00,yes
2026-10-05T00:35:32.986437Z,0.5800,27.00,yes
2026-10-05T00:35:32.986437Z,0.5800,29.00,yes
2026-10-05T00:35:32.986437Z,0.5900,84.98,yes
2026-10-05T00:35:32.986437Z,0.5800,1.15,yes
2026-10-05T00:35:33.233915Z,0.5800,12.00,yes
2026-10-05T00:35:33.233915Z,0.5800,1.00,yes
2026-10-05T00:35:33.233915Z,0.5800,2.74,yes
2026-10-05T00:35:33.233915Z,0.5800,1.00,yes
2026-10-05T00:35:33.286373Z,0.5800,1.39,yes
2026-10-05T00:35:33.493041Z,0.5800,11.00,yes
2026-10-05T00:35:33.493041Z,0.5800,5.00,yes
2026-10-05T00:35:33.493041Z,0.5800,0.87,yes
2026-10-05T00:35:33.493041Z,0.5900,147.89,yes
2026-10-05T00:35:33.654813Z,0.5800,1.00,yes
2026-10-05T00:35:33.654813Z,0.5800,5.00,yes
2026-10-05T00:35:33.654813Z,0.5800,4.00,yes
2026-10-05T00:35:33.654813Z,0.5900,6.36,yes
2026-10-05T00:35:33.845467Z,0.5800,115.44,yes
2026-10-05T00:35:34.324717Z,0.5800,16.74,yes
2026-10-05T00:35:34.384884Z,0.5600,1.00,no
2026-10-05T00:35:34.384884Z,0.5200,15.45,no
2026-10-05T00:35:34.384884Z,0.5500,54.00,no
2026-10-05T00:35:34.384884Z,0.5300,0.10,no
2026-10-05T00:35:34.384884Z,0.5500,34.15,no
2026-10-05T00:35:34.384884Z,0.5200,0.10,no
2026-10-05T00:35:34.384884Z,0.5300,30.00,no
2026-10-05T00:35:34.384884Z,0.5300,42.00,no
2026-10-05T00:35:34.54194Z,0.5700,18.00,yes
2026-10-05T00:35:34.54194Z,0.5700,26.00,yes
2026-10-05T00:35:34.54194Z,0.5700,1.88,yes
2026-10-05T00:35:34.54194Z,0.5700,29.00,yes
2026-10-05T00:35:34.916189Z,0.5700,5.00,yes
2026-10-05T00:35:34.916189Z,0.5700,13.57,yes
2026-10-05T00:35:34.916189Z,0.5700,14.92,yes
2026-10-05T00:35:35.074447Z,0.5700,11.08,yes
2026-10-05T00:35:35.074447Z,0.5700,1.00,yes
2026-10-05T00:35:35.074447Z,0.5700,5.00,yes
2026-10-05T00:35:35.074447Z,0.5700,8.35,yes
2026-10-05T00:35:35.098096Z,0.5800,140.69,yes
2026-10-05T00:35:35.098096Z,0.5800,29.00,yes
2026-10-05T00:35:35.098096Z,0.5700,5.00,yes
2026-10-05T00:35:35.098096Z,0.5900,113.50,yes
2026-10-05T00:35:35.098096Z,0.5800,42.80,yes
2026-10-05T00:35:35.276556Z,0.5800,5.00,yes
2026-10-05T00:35:35.276556Z,0.5800,2.00,yes
2026-10-05T00:35:35.276556Z,0.5800,13.00,yes
2026-10-05T00:35:35.276556Z,0.5900,41.00,yes
2026-10-05T00:35:35.475472Z,0.5800,5.00,yes
2026-10-05T00:35:35.475472Z,0.5800,5.00,yes
2026-10-05T00:35:35.475472Z,0.5800,0.68,yes
2026-10-05T00:35:35.475472Z,0.5800,1.00,yes
2026-10-05T00:35:35.649357Z,0.5800,5.00,yes
2026-10-05T00:35:35.649357Z,0.5800,0.74,yes
2026-10-05T00:35:35.649357Z,0.5800,11.00,yes
2026-10-05T00:35:36.0793Z,0.5400,42.00,no
2026-10-05T00:35:36.0793Z,0.5300,30.00,no
2026-10-05T00:35:36.0793Z,0.5500,1.00,no
2026-10-05T00:35:36.0793Z,0.5500,1.00,no
2026-10-05T00:35:36.0793Z,0.5200,20.07,no
2026-10-05T00:35:37.151275Z,0.5800,7.37,yes
2026-10-05T00:35:37.151275Z,0.5800,1.00,yes
2026-10-05T00:35:37.437233Z,0.5800,3.63,yes
2026-10-05T00:35:37.437233Z,0.5800,5.00,yes
2026-10-05T00:35:37.437233Z,0.5800,8.00,yes
2026-10-05T00:35:37.437233Z,0.5800,3.00,yes
2026-10-05T00:35:37.437233Z,0.5800,4.00,yes
2026-10-05T00:35:37.437233Z,0.5800,29.00,yes
2026-10-05T00:35:37.437233Z,0.5800,1.00,yes
2026-10-05T00:35:37.437233Z,0.5900,26.41,yes
2026-10-05T00:35:37.497101Z,0.5800,3.37,yes
2026-10-05T00:35:37.497101Z,0.5800,5.00,yes
2026-10-05T00:35:37.593628Z,0.5900,41.03,yes
2026-10-05T00:35:37.651658Z,0.5500,26.82,no
2026-10-05T00:35:38.194327Z,0.5900,109.52,yes
2026-10-05T00:35:38.194327Z,0.5800,12.00,yes
2026-10-05T00:35:38.194327Z,0.5800,5.00,yes
2026-10-05T00:35:38.194327Z,0.5800,1.00,yes
2026-10-05T00:35:38.194327Z,0.5800,29.00,yes
2026-10-05T00:35:38.599658Z,0.5900,1829.31,yes
2026-10-05T00:35:38.599658Z,0.5900,5.00,yes
2026-10-05T00:35:38.599658Z,0.5900,18.00,yes
2026-10-05T00:35:38.599658Z,0.5900,100.00,yes
2026-10-05T00:35:38.599658Z,0.6000,672.66,yes
2026-10-05T00:35:38.657369Z,0.5400,10.00,no
2026-10-05T00:35:38.657369Z,0.5300,10.00,no
2026-10-05T00:35:38.657369Z,0.5500,10.00,no
2026-10-05T00:35:38.657369Z,0.5500,54.00,no
2026-10-05T00:35:38.657369Z,0.5300,1.00,no
2026-10-05T00:35:38.657369Z,0.5300,30.00,no
2026-10-05T00:35:38.657369Z,0.5300,42.00,no
2026-10-05T00:35:38.657369Z,0.5400,42.00,no
2026-10-05T00:35:39.151587Z,0.5000,1.00,no
2026-10-05T00:35:39.151587Z,0.5000,38.95,no
2026-10-05T00:35:39.151587Z,0.5000,127.00,no
2026-10-05T00:35:39.151587Z,0.5500,1.00,no
2026-10-05T00:35:39.151587Z,0.5100,30.00,no
2026-10-05T00:35:39.151587Z,0.5200,36.00,no
2026-10-05T00:35:39.279703Z,0.5800,1.67,yes
2026-10-05T00:35:39.307715Z,0.5200,43.55,no
2026-10-05T00:35:39.307715Z,0.5100,1.00,no
2026-10-05T00:35:39.307715Z,0.5100,27.93,no
2026-10-05T00:35:39.307715Z,0.5300,100.00,no
2026-10-05T00:35:39.307715Z,0.5300,20.00,no
2026-10-05T00:35:39.774226Z,0.5800,20.00,yes
2026-10-05T00:35:39.90809Z,0.5800,29.00,yes
2026-10-05T00:35:39.90809Z,0.5800,4.33,yes
2026-10-05T00:35:39.90809Z,0.5800,0.16,yes
2026-10-05T00:35:39.908494Z,0.5500,0.12,no
2026-10-05T00:35:39.9418Z,0.5800,13.84,yes
2026-10-05T00:35:39.9418Z,0.5800,17.16,yes
2026-10-05T00:35:40.729865Z,0.5700,8.00,yes
2026-10-05T00:35:40.729865Z,0.5700,5.00,yes
2026-10-05T00:35:40.729865Z,0.5800,0.84,yes
2026-10-05T00:35:40.729865Z,0.5800,16.90,yes
2026-10-05T00:35:40.729865Z,0.5700,24.00,yes
2026-10-05T00:35:40.729865Z,0.5700,29.00,yes
2026-10-05T00:35:40.810921Z,0.5800,18.27,yes
2026-10-05T00:35:40.810921Z,0.5800,15.10,yes
2026-10-05T00:35:41.11973Z,0.5800,4.73,yes
2026-10-05T00:35:41.425483Z,0.5600,0.48,no
2026-10-05T00:35:41.425483Z,0.5600,23.00,no
2026-10-05T00:35:41.624429Z,0.5500,46.33,no
2026-10-05T00:35:41.624429Z,0.5500,10.00,no
2026-10-05T00:35:41.624429Z,0.5400,10.00,no
2026-10-05T00:35:41.624429Z,0.5300,42.00,no
2026-10-05T00:35:41.624429Z,0.5300,1.00,no
2026-10-05T00:35:41.624429Z,0.5300,10.00,no
2026-10-05T00:35:41.624429Z,0.5400,102.00,no
2026-10-05T00:35:41.624429Z,0.5500,100.00,no
2026-10-05T00:35:41.624429Z,0.5200,4.95,no
2026-10-05T00:35:41.694861Z,0.5800,8.37,yes
2026-10-05T00:35:41.829245Z,0.5800,45.20,yes
2026-10-05T00:35:41.862183Z,0.5300,10.21,no
2026-10-05T00:35:41.862183Z,0.5400,1.00,no
2026-10-05T00:35:41.862183Z,0.5300,10.00,no
2026-10-05T00:35:41.862183Z,0.5400,10.00,no
2026-10-05T00:35:42.075884Z,0.5800,23.43,yes
2026-10-05T00:35:42.075884Z,0.5800,5.31,yes
2026-10-05T00:35:42.075884Z,0.5700,29.00,yes
2026-10-05T00:35:42.075884Z,0.5700,26.00,yes
2026-10-05T00:35:42.203946Z,0.5400,88.06,no
2026-10-05T00:35:42.203946Z,0.5400,10.00,no
2026-10-05T00:35:42.203946Z,0.5400,26.05,no
2026-10-05T00:35:42.800228Z,0.5700,8.51,yes
2026-10-05T00:35:42.804385Z,0.5700,14.49,yes
2026-10-05T00:35:42.804385Z,0.5800,0.14,yes
2026-10-05T00:35:42.804385Z,0.5800,0.10,yes
2026-10-05T00:35:42.804385Z,0.5800,0.10,yes
2026-10-05T00:35:42.938753Z,0.5500,18.75,no
2026-10-05T00:35:42.959426Z,0.5500,13.41,no
2026-10-05T00:35:43.095725Z,0.5500,37.98,no
2026-10-05T00:35:43.095725Z,0.5500,67.84,no
2026-10-05T00:35:43.111508Z,0.5100,1.33,no
2026-10-05T00:35:43.111508Z,0.5200,50.00,no
2026-10-05T00:35:43.111508Z,0.5300,23.00,no
2026-10-05T00:35:43.111508Z,0.5300,121.00,no
2026-10-05T00:35:43.111508Z,0.5200,29.79,no
2026-10-05T00:35:43.111508Z,0.5400,42.00,no
2026-10-05T00:35:43.111508Z,0.5400,45.00,no
2026-10-05T00:35:43.429738Z,0.5700,18.00,yes
2026-10-05T00:35:43.429738Z,0.5700,3.24,yes
2026-10-05T00:35:43.429738Z,0.5700,29.00,yes
2026-10-05T00:35:43.59645Z,0.5700,15.07,yes
2026-10-05T00:35:44.003257Z,0.5700,1.00,yes
2026-10-05T00:35:44.197943Z,0.5700,25.54,yes
2026-10-05T00:35:44.27647Z,0.5700,34.06,yes
2026-10-05T00:35:44.757094Z,0.5800,1.66,yes
2026-10-05T00:35:45.011829Z,0.5800,11.34,yes
2026-10-05T00:35:45.011829Z,0.5800,0.34,yes
2026-10-05T00:35:45.011829Z,0.5800,5.00,yes
2026-10-05T00:35:45.357912Z,0.5800,21.59,yes
2026-10-05T00:35:45.357912Z,0.5900,1.00,yes
2026-10-05T00:35:45.357912Z,0.5800,48.77,yes
2026-10-05T00:35:45.357912Z,0.5900,150.00,yes
2026-10-05T00:35:45.357912Z,0.5800,29.00,yes
2026-10-05T00:35:45.357912Z,0.6000,398.71,yes
2026-10-05T00:35:45.357912Z,0.6000,0.10,yes
2026-10-05T00:35:45.357912Z,0.5800,5.00,yes
2026-10-05T00:35:45.357912Z,0.5800,80.00,yes
2026-10-05T00:35:45.465128Z,0.5500,53.00,no
2026-10-05T00:35:45.465128Z,0.5600,1.00,no
2026-10-05T00:35:45.465128Z,0.5600,10.00,no
2026-10-05T00:35:45.465128Z,0.5700,10.00,no
2026-10-05T00:35:45.465128Z,0.5500,4.00,no
2026-10-05T00:35:45.465128Z,0.5400,2.86,no
2026-10-05T00:35:45.465128Z,0.5500,10.00,no
2026-10-05T00:35:45.465128Z,0.5700,15.00,no
2026-10-05T00:35:46.274153Z,0.5900,0.03,yes
2026-10-05T00:35:46.375968Z,0.5900,0.97,yes
2026-10-05T00:35:46.375968Z,0.5900,4.64,yes
2026-10-05T00:35:46.664492Z,0.5600,56.62,no
2026-10-05T00:35:47.120975Z,0.5600,15.00,no
2026-10-05T00:35:47.34031Z,0.5900,47.56,yes
2026-10-05T00:35:47.34031Z,0.5900,16.36,yes
2026-10-05T00:35:47.34031Z,0.5800,1.00,yes
2026-10-05T00:35:47.854927Z,0.5900,0.16,yes
2026-10-05T00:35:48.179916Z,0.5900,24.72,yes
2026-10-05T00:35:48.179916Z,0.5900,24.28,yes
2026-10-05T00:35:48.180081Z,0.5900,15.28,yes
2026-10-05T00:35:48.180081Z,0.5900,1.19,yes
2026-10-05T00:35:48.186682Z,0.5600,93.89,no
2026-10-05T00:35:48.457046Z,0.5600,52.50,no
2026-10-05T00:35:48.529957Z,0.5600,47.03,no
2026-10-05T00:35:48.755272Z,0.5900,42.57,yes
2026-10-05T00:35:48.755272Z,0.5800,11.00,yes
2026-10-05T00:35:48.755272Z,0.5800,1.00,yes
2026-10-05T00:35:48.755272Z,0.5900,27.81,yes
2026-10-05T00:35:49.067185Z,0.6000,32.46,yes
2026-10-05T00:35:49.389202Z,0.6000,8.10,yes
2026-10-05T00:35:49.488324Z,0.5500,1.36,no
2026-10-05T00:35:49.488324Z,0.5600,100.00,no
2026-10-05T00:35:49.488324Z,0.5600,65.00,no
2026-10-05T00:35:49.488324Z,0.5600,10.00,no
2026-10-05T00:35:49.702289Z,0.5900,21.69,yes
2026-10-05T00:35:49.702289Z,0.5900,1.00,yes
2026-10-05T00:35:49.834694Z,0.5900,11.80,yes
2026-10-05T00:35:49.834694Z,0.5900,2.31,yes
2026-10-05T00:35:49.834694Z,0.5900,18.31,yes
2026-10-05T00:35:49.892258Z,0.5600,47.51,no
2026-10-05T00:35:50.102862Z,0.6100,6.95,yes
2026-10-05T00:35:50.102862Z,0.6000,153.73,yes
2026-10-05T00:35:50.506017Z,0.6000,22.08,yes
2026-10-05T00:35:50.614978Z,0.6000,2.92,yes
2026-10-05T00:35:50.614978Z,0.6100,0.27,yes
2026-10-05T00:35:50.630622Z,0.5700,1.00,no
2026-10-05T00:35:50.630622Z,0.5200,12.76,no
2026-10-05T00:35:50.630622Z,0.5500,1.00,no
2026-10-05T00:35:50.630622Z,0.5200,1.00,no
2026-10-05T00:35:50.630622Z,0.5500,30.00,no
2026-10-05T00:35:50.630622Z,0.5400,42.00,no
2026-10-05T00:35:50.630622Z,0.5500,6.00,no
2026-10-05T00:35:50.681103Z,0.6100,12.76,yes
2026-10-05T00:35:50.681103Z,0.6100,1.00,yes
2026-10-05T00:35:50.681103Z,0.6100,78.00,yes
2026-10-05T00:35:50.681103Z,0.6100,4.73,yes
2026-10-05T00:35:50.753216Z,0.6100,0.55,yes
2026-10-05T00:35:51.244648Z,0.6000,70.62,yes
2026-10-05T00:35:51.244648Z,0.6000,25.00,yes
2026-10-05T00:35:51.279267Z,0.6100,78.00,yes
2026-10-05T00:35:51.279267Z,0.6100,1.00,yes
2026-10-05T00:35:51.279267Z,0.6100,5.00,yes
2026-10-05T00:35:51.279267Z,0.6100,5.45,yes
2026-10-05T00:35:51.279267Z,0.6200,29.00,yes
2026-10-05T00:35:51.279267Z,0.6100,29.00,yes
2026-10-05T00:35:51.279267Z,0.6200,100.00,yes
2026-10-05T00:35:51.279267Z,0.6400,65.72,yes
2026-10-05T00:35:51.279267Z,0.6200,1.00,yes
2026-10-05T00:35:51.407776Z,0.6000,6.46,yes
2026-10-05T00:35:51.567288Z,0.5600,42.00,no
2026-10-05T00:35:51.567288Z,0.5300,0.83,no
2026-10-05T00:35:51.567288Z,0.5300,1.00,no
2026-10-05T00:35:51.567288Z,0.5500,30.00,no
2026-10-05T00:35:51.567288Z,0.5500,44.00,no
2026-10-05T00:35:51.567288Z,0.5800,1.00,no
2026-10-05T00:35:51.567288Z,0.5400,42.00,no
2026-10-05T00:35:51.567288Z,0.5500,15.00,no
2026-10-05T00:35:51.899261Z,0.6100,2.54,yes
2026-10-05T00:35:51.899261Z,0.6100,36.81,yes
2026-10-05T00:35:52.51383Z,0.5500,1.00,no
2026-10-05T00:35:52.51383Z,0.5400,1.73,no
2026-10-05T00:35:52.51383Z,0.5800,1.00,no
2026-10-05T00:35:52.51383Z,0.5500,17.16,no
2026-10-05T00:35:52.834702Z,0.6100,44.19,yes
2026-10-05T00:35:52.834702Z,0.6000,10.00,yes
2026-10-05T00:35:52.834702Z,0.6000,74.00,yes
2026-10-05T00:35:52.834702Z,0.6000,30.00,yes
2026-10-05T00:35:52.991374Z,0.6100,7.93,yes
2026-10-05T00:35:53.817923Z,0.6300,0.25,yes
2026-10-05T00:35:53.817923Z,0.6200,5.00,yes
2026-10-05T00:35:53.817923Z,0.6200,1.00,yes
2026-10-05T00:35:53.970586Z,0.5800,93.76,no
2026-10-05T00:35:53.98155Z,0.5600,9.88,no
2026-10-05T00:35:53.98155Z,0.5800,106.24,no
2026-10-05T00:35:53.98155Z,0.5700,1.00,no
2026-10-05T00:35:54.430221Z,0.6100,3.07,yes
2026-10-05T00:35:55.237611Z,0.5700,10.00,no
2026-10-05T00:35:55.237611Z,0.5700,100.00,no
2026-10-05T00:35:55.407471Z,0.5600,1.00,no
2026-10-05T00:35:55.407471Z,0.5400,34.23,no
2026-10-05T00:35:56.199305Z,0.5700,100.00,no
2026-10-05T00:35:56.199305Z,0.5700,100.00,no
2026-10-05T00:35:56.236191Z,0.5700,2.00,no
2026-10-05T00:35:56.236191Z,0.5700,32.78,no
2026-10-05T00:35:56.236191Z,0.5700,7.00,no
2026-10-05T00:35:56.268964Z,0.6100,1.00,yes
2026-10-05T00:35:56.268964Z,0.6200,5.00,yes
2026-10-05T00:35:56.268964Z,0.6300,24.90,yes
2026-10-05T00:35:56.700357Z,0.5700,6.00,no
2026-10-05T00:35:56.700357Z,0.5800,10.00,no
2026-10-05T00:35:56.700357Z,0.5700,10.00,no
2026-10-05T00:35:56.700357Z,0.5800,100.00,no
2026-10-05T00:35:56.700357Z,0.5700,0.10,no
2026-10-05T00:35:56.700357Z,0.5600,165.00,no
2026-10-05T00:35:56.700357Z,0.5600,10.00,no
2026-10-05T00:35:56.700357Z,0.5900,10.00,no
2026-10-05T00:35:56.700357Z,0.5500,164.69,no
2026-10-05T00:35:56.700357Z,0.5500,0.10,no
2026-10-05T00:35:56.700357Z,0.5500,1.00,no
2026-10-05T00:35:56.700357Z,0.5700,34.24,no
2026-10-05T00:35:56.700357Z,0.5900,39.12,no
2026-10-05T00:35:56.700357Z,0.5800,0.27,no
2026-10-05T00:35:57.050885Z,0.6200,14.71,yes
2026-10-05T00:35:57.050885Z,0.6200,1.00,yes
2026-10-05T00:35:57.1031Z,0.5800,9.00,no
2026-10-05T00:35:57.115624Z,0.5800,3.00,no
2026-10-05T00:35:57.115624Z,0.5800,7.00,no
2026-10-05T00:35:57.118163Z,0.5800,2.00,no
2026-10-05T00:35:57.118163Z,0.5800,45.03,no
2026-10-05T00:35:57.131541Z,0.5800,4.97,no
2026-10-05T00:35:57.131541Z,0.5800,10.00,no
2026-10-05T00:35:57.131541Z,0.5800,8.03,no
2026-10-05T00:35:57.151722Z,0.5800,7.00,no
2026-10-05T00:35:57.152597Z,0.5800,10.00,no
2026-10-05T00:35:57.155829Z,0.5800,10.00,no
2026-10-05T00:35:57.155829Z,0.5800,74.97,no
2026-10-05T00:35:57.155829Z,0.5800,5.00,no
2026-10-05T00:35:57.197474Z,0.5800,50.00,no
2026-10-05T00:35:57.214365Z,0.5800,38.00,yes
2026-10-05T00:35:57.288293Z,0.5700,10.28,no
2026-10-05T00:35:57.288293Z,0.5700,5.00,no
2026-10-05T00:35:57.294986Z,0.5700,91.72,no
2026-10-05T00:35:57.294986Z,0.5700,250.28,no
2026-10-05T00:35:57.515545Z,0.5600,8.62,no
2026-10-05T00:35:57.515545Z,0.5800,5.00,no
2026-10-05T00:35:57.515545Z,0.5800,100.00,no
2026-10-05T00:35:57.60096Z,0.5700,4.27,no
2026-10-05T00:35:57.601976Z,0.5700,14.40,no
2026-10-05T00:35:57.601976Z,0.5700,17.60,no
2026-10-05T00:35:57.653339Z,0.6100,7.75,yes
2026-10-05T00:35:57.653339Z,0.6200,29.00,yes
2026-10-05T00:35:57.653339Z,0.6200,0.96,yes
2026-10-05T00:35:57.653339Z,0.5900,15.00,yes
2026-10-05T00:35:57.653339Z,0.6000,8.00,yes
2026-10-05T00:35:57.653339Z,0.6000,50.00,yes
2026-10-05T00:35:57.653339Z,0.6200,1.00,yes
2026-10-05T00:35:57.703074Z,0.5600,1.38,no
2026-10-05T00:35:57.703074Z,0.5700,1.00,no
2026-10-05T00:35:57.703074Z,0.5700,84.40,no
2026-10-05T00:35:57.703074Z,0.5700,5.00,no
2026-10-05T00:35:57.703074Z,0.5700,17.60,no
2026-10-05T00:35:57.703074Z,0.5800,1.00,no
2026-10-05T00:35:57.703074Z,0.5600,14.62,no
2026-10-05T00:35:57.765286Z,0.5800,4.00,no
2026-10-05T00:35:57.765286Z,0.5800,100.00,no
2026-10-05T00:35:57.814768Z,0.5700,16.06,no
2026-10-05T00:35:58.074656Z,0.5800,97.84,no
2026-10-05T00:35:58.087185Z,0.5700,2.39,no
2026-10-05T00:35:58.185603Z,0.5700,20.00,no
2026-10-05T00:35:58.185631Z,0.5700,83.00,no
2026-10-05T00:35:58.185821Z,0.5700,88.00,no
2026-10-05T00:35:58.237515Z,0.5700,4.00,no
2026-10-05T00:35:58.300938Z,0.6000,29.00,yes
2026-10-05T00:35:58.300938Z,0.6000,30.00,yes
2026-10-05T00:35:58.300938Z,0.5800,80.00,yes
2026-10-05T00:35:58.300938Z,0.6100,18.11,yes
2026-10-05T00:35:58.325923Z,0.6100,1.57,yes
2026-10-05T00:35:58.591492Z,0.5800,100.00,no
2026-10-05T00:35:58.877201Z,0.6100,3.19,yes
2026-10-05T00:35:58.907001Z,0.6100,1.57,yes
2026-10-05T00:35:59.130947Z,0.5800,10.00,no
2026-10-05T00:35:59.130947Z,0.5700,4.60,no
2026-10-05T00:35:59.130947Z,0.5800,1.00,no
2026-10-05T00:35:59.423723Z,0.6100,1.00,yes
2026-10-05T00:35:59.423723Z,0.6100,0.58,yes
2026-10-05T00:35:59.667156Z,0.5800,169.33,no
2026-10-05T00:35:59.732116Z,0.5600,10.00,no
2026-10-05T00:35:59.732116Z,0.5700,10.00,no
2026-10-05T00:35:59.732116Z,0.5700,30.00,no
2026-10-05T00:35:59.732116Z,0.5600,187.00,no
2026-10-05T00:35:59.732116Z,0.5700,102.00,no
2026-10-05T00:35:59.732116Z,0.5700,1.00,no
2026-10-05T00:35:59.732116Z,0.5500,130.82,no
2026-10-05T00:35:59.732116Z,0.5800,1.00,no
2026-10-05T00:35:59.732116Z,0.5600,0.10,no
2026-10-05T00:35:59.74035Z,0.5600,107.33,no
2026-10-05T00:35:59.827445Z,0.6000,1.00,yes
2026-10-05T00:35:59.827445Z,0.6200,9.04,yes
2026-10-05T00:35:59.827445Z,0.6200,95.44,yes
2026-10-05T00:35:59.827445Z,0.6200,29.00,yes
2026-10-05T00:35:59.888609Z,0.6200,34.61,yes
2026-10-05T00:35:59.888609Z,0.6200,100.00,yes
2026-10-05T00:35:59.888609Z,0.6200,4.56,yes
2026-10-05T00:35:59.888888Z,0.6200,15.63,yes
2026-10-05T00:36:00.117372Z,0.5700,65.00,no
2026-10-05T00:36:00.117372Z,0.5600,30.00,no
2026-10-05T00:36:00.117372Z,0.5700,1.00,no
2026-10-05T00:36:00.117372Z,0.5600,60.00,no
2026-10-05T00:36:00.117372Z,0.5700,5.00,no
2026-10-05T00:36:00.135907Z,0.6100,1.59,yes
2026-10-05T00:36:00.18717Z,0.5600,1.00,no
2026-10-05T00:36:00.18717Z,0.5600,11.00,no
2026-10-05T00:36:00.18717Z,0.5600,30.00,no
2026-10-05T00:36:00.18717Z,0.5700,42.00,no
2026-10-05T00:36:00.18717Z,0.5800,5.00,no
2026-10-05T00:36:00.243804Z,0.5600,1.00,no
2026-10-05T00:36:00.392072Z,0.5700,10.00,no
2026-10-05T00:36:00.392072Z,0.5700,300.00,no
2026-10-05T00:36:00.392072Z,0.5700,10.00,no
2026-10-05T00:36:00.392072Z,0.5700,15.32,no
2026-10-05T00:36:00.791662Z,0.6300,43.00,yes
2026-10-05T00:36:00.791662Z,0.6300,77.01,yes
2026-10-05T00:36:00.791662Z,0.6300,11.41,yes
2026-10-05T00:36:00.791662Z,0.6200,10.00,yes
2026-10-05T00:36:00.791662Z,0.6000,1.00,yes
2026-10-05T00:36:00.791662Z,0.6200,29.00,yes
2026-10-05T00:36:00.791662Z,0.6100,29.00,yes
2026-10-05T00:36:00.791662Z,0.6300,30.00,yes
2026-10-05T00:36:00.791662Z,0.6100,81.00,yes
2026-10-05T00:36:01.185944Z,0.6100,1.55,yes
2026-10-05T00:36:01.611719Z,0.5800,1.00,no
2026-10-05T00:36:01.611719Z,0.5800,42.00,no
2026-10-05T00:36:01.611719Z,0.5800,21.00,no
2026-10-05T00:36:01.611719Z,0.5800,16.00,no
2026-10-05T00:36:01.611719Z,0.5800,10.00,no
2026-10-05T00:36:01.751687Z,0.5800,10.00,no
2026-10-05T00:36:01.751687Z,0.5800,1.00,no
2026-10-05T00:36:02.169018Z,0.5800,0.20,no
2026-10-05T00:36:02.661852Z,0.6100,78.00,yes
2026-10-05T00:36:02.661852Z,0.6100,5.00,yes
2026-10-05T00:36:02.661852Z,0.6100,1.00,yes
2026-10-05T00:36:02.661852Z,0.6100,31.00,yes
2026-10-05T00:36:02.661852Z,0.6200,2.79,yes
2026-10-05T00:36:02.661852Z,0.6200,41.00,yes
2026-10-05T00:36:03.049757Z,0.6100,31.00,yes
2026-10-05T00:36:03.049757Z,0.6100,5.00,yes
2026-10-05T00:36:03.049757Z,0.6100,6.08,yes
2026-10-05T00:36:03.049757Z,0.6100,1.00,yes
2026-10-05T00:36:03.175487Z,0.5700,30.00,no
2026-10-05T00:36:03.175487Z,0.5600,182.00,no
2026-10-05T00:36:03.175487Z,0.5800,40.00,no
2026-10-05T00:36:03.175487Z,0.5600,35.20,no
2026-10-05T00:36:03.175487Z,0.5800,1.00,no
2026-10-05T00:36:03.175487Z,0.5800,10.00,no
2026-10-05T00:36:03.175487Z,0.5700,10.00,no
2026-10-05T00:36:03.175487Z,0.5700,6.00,no
2026-10-05T00:36:03.598208Z,0.6100,5.01,yes
2026-10-05T00:36:03.752994Z,0.5800,39.00,no
2026-10-05T00:36:03.752994Z,0.5800,10.00,no
2026-10-05T00:36:03.752994Z,0.5900,10.00,no
2026-10-05T00:36:03.752994Z,0.5800,1.00,no
2026-10-05T00:36:03.752994Z,0.5900,200.00,no
2026-10-05T00:36:03.925846Z,0.6100,8.99,yes
2026-10-05T00:36:03.925846Z,0.6100,22.92,yes
2026-10-05T00:36:04.19075Z,0.5700,4.00,no
2026-10-05T00:36:04.19075Z,0.5600,20.06,no
2026-10-05T00:36:04.19075Z,0.5700,30.00,no
2026-10-05T00:36:04.19075Z,0.5700,9.00,no
2026-10-05T00:36:04.19075Z,0.5700,3.00,no
2026-10-05T00:36:04.19075Z,0.5700,47.00,no
2026-10-05T00:36:04.19075Z,0.5700,10.00,no
2026-10-05T00:36:04.216527Z,0.6000,100.00,yes
2026-10-05T00:36:04.223521Z,0.5600,29.00,no
2026-10-05T00:36:04.223521Z,0.5600,5.00,no
2026-10-05T00:36:04.223521Z,0.5600,1.00,no
2026-10-05T00:36:04.223521Z,0.5600,165.00,no
2026-10-05T00:36:04.703393Z,0.6100,7.91,yes
2026-10-05T00:36:04.703393Z,0.6000,24.00,yes
2026-10-05T00:36:05.209609Z,0.5700,10.00,no
2026-10-05T00:36:05.209609Z,0.5700,5.00,no
2026-10-05T00:36:05.209609Z,0.5700,1.00,no
2026-10-05T00:36:05.209609Z,0.5700,40.00,no
2026-10-05T00:36:05.585561Z,0.5700,24.00,yes
2026-10-05T00:36:06.076846Z,0.5600,20.00,no
2026-10-05T00:36:06.240913Z,0.5700,48.23,yes
2026-10-05T00:36:06.331299Z,0.5700,8.51,yes
2026-10-05T00:36:06.41559Z,0.5800,0.10,yes
2026-10-05T00:36:06.41559Z,0.5700,16.00,yes
2026-10-05T00:36:06.41559Z,0.5700,97.51,yes
2026-10-05T00:36:06.41559Z,0.5700,0.10,yes
2026-10-05T00:36:06.41559Z,0.6100,3.11,yes
2026-10-05T00:36:06.619921Z,0.6000,0.67,yes
2026-10-05T00:36:07.355807Z,0.6200,10.00,yes
2026-10-05T00:36:07.355807Z,0.6200,31.00,yes
2026-10-05T00:36:07.355807Z,0.5900,0.10,yes
2026-10-05T00:36:07.355807Z,0.6100,29.00,yes
2026-10-05T00:36:07.355807Z,0.6200,29.00,yes
2026-10-05T00:36:07.355807Z,0.6100,1.00,yes
2026-10-05T00:36:07.355807Z,0.6100,89.74,yes
2026-10-05T00:36:07.355807Z,0.6100,18.98,yes
2026-10-05T00:36:07.355807Z,0.6200,10.00,yes
2026-10-05T00:36:07.355807Z,0.6300,79.35,yes
2026-10-05T00:36:07.355807Z,0.6200,6.00,yes
2026-10-05T00:36:07.496009Z,0.6100,2.19,yes
2026-10-05T00:36:07.496009Z,0.6100,1.00,yes
2026-10-05T00:36:08.111462Z,0.5700,2.00,no
2026-10-05T00:36:08.111462Z,0.5700,1.00,no
2026-10-05T00:36:08.111462Z,0.5700,1.00,no
2026-10-05T00:36:08.111462Z,0.5700,17.00,no
2026-10-05T00:36:08.111462Z,0.5700,10.00,no
2026-10-05T00:36:08.111462Z,0.5700,15.00,no
2026-10-05T00:36:08.399706Z,0.5700,25.78,no
2026-10-05T00:36:08.662296Z,0.6000,22.00,yes
2026-10-05T00:36:08.662296Z,0.6000,1.00,yes
2026-10-05T00:36:08.662296Z,0.6100,23.41,yes
2026-10-05T00:36:09.166055Z,0.5800,15.95,yes
2026-10-05T00:36:09.576187Z,0.5900,72.00,yes
2026-10-05T00:36:09.576187Z,0.6100,95.13,yes
2026-10-05T00:36:09.576187Z,0.5900,9.00,yes
2026-10-05T00:36:09.576187Z,0.5900,1.00,yes
2026-10-05T00:36:09.576187Z,0.5800,0.05,yes
2026-10-05T00:36:09.576187Z,0.6000,29.00,yes
2026-10-05T00:36:09.576187Z,0.6000,171.00,yes
2026-10-05T00:36:09.576187Z,0.5900,5.00,yes
2026-10-05T00:36:09.576187Z,0.5900,29.00,yes
2026-10-05T00:36:09.576187Z,0.5900,40.00,yes
2026-10-05T00:36:09.760475Z,0.5700,1.00,no
2026-10-05T00:36:10.845096Z,0.6000,1.12,yes
2026-10-05T00:36:10.845096Z,0.6000,161.00,yes
2026-10-05T00:36:10.912056Z,0.5500,454.00,no
2026-10-05T00:36:10.912056Z,0.5200,203.13,no
2026-10-05T00:36:10.912056Z,0.5600,169.00,no
2026-10-05T00:36:10.912056Z,0.5600,42.00,no
2026-10-05T00:36:10.912056Z,0.5700,17.67,no
2026-10-05T00:36:10.912056Z,0.5600,30.00,no
2026-10-05T00:36:10.912056Z,0.5600,20.00,no
2026-10-05T00:36:11.38221Z,0.5800,8.10,yes
2026-10-05T00:36:11.756334Z,0.5800,17.90,yes
2026-10-05T00:36:11.756334Z,0.5800,18.81,yes
2026-10-05T00:36:12.590742Z,0.5200,29.45,no
2026-10-05T00:36:12.590742Z,0.5400,2.00,no
2026-10-05T00:36:12.590742Z,0.5400,25.00,no
2026-10-05T00:36:12.590742Z,0.5300,23.00,no
2026-10-05T00:36:12.590742Z,0.5300,1.00,no
2026-10-05T00:36:12.590742Z,0.5300,1.00,no
2026-10-05T00:36:13.271395Z,0.5700,85.00,yes
2026-10-05T00:36:13.271395Z,0.5800,0.15,yes
2026-10-05T00:36:13.606522Z,0.5900,5.00,yes
2026-10-05T00:36:13.606522Z,0.5900,40.00,yes
2026-10-05T00:36:13.606522Z,0.5900,72.00,yes
2026-10-05T00:36:13.606522Z,0.5900,29.00,yes
2026-10-05T00:36:13.606522Z,0.6000,59.19,yes
2026-10-05T00:36:13.606522Z,0.5900,1.00,yes
2026-10-05T00:36:13.606522Z,0.5900,30.00,yes
2026-10-05T00:36:13.952656Z,0.6100,107.55,yes
2026-10-05T00:36:13.952656Z,0.6000,32.00,yes
2026-10-05T00:36:13.952656Z,0.5900,72.00,yes
2026-10-05T00:36:13.952656Z,0.6000,5.00,yes
2026-10-05T00:36:13.952656Z,0.5900,26.00,yes
2026-10-05T00:36:13.952656Z,0.5900,1.00,yes
2026-10-05T00:36:13.952656Z,0.5900,22.00,yes
2026-10-05T00:36:13.952656Z,0.6000,109.81,yes
2026-10-05T00:36:13.952656Z,0.6000,29.00,yes
2026-10-05T00:36:14.784672Z,0.5800,11.00,yes
2026-10-05T00:36:14.784672Z,0.5800,20.88,yes
2026-10-05T00:36:14.894318Z,0.5600,10.00,no
2026-10-05T00:36:14.894318Z,0.5500,10.00,no
2026-10-05T00:36:14.894318Z,0.5400,10.00,no
2026-10-05T00:36:14.894318Z,0.5300,10.00,no
2026-10-05T00:36:14.894318Z,0.5500,8.00,no
2026-10-05T00:36:14.894318Z,0.5100,6.86,no
2026-10-05T00:36:14.894318Z,0.5200,10.00,no
2026-10-05T00:36:14.894318Z,0.5500,42.00,no
2026-10-05T00:36:14.894318Z,0.5500,18.00,no
2026-10-05T00:36:14.894318Z,0.5100,5.00,no
2026-10-05T00:36:14.894318Z,0.5600,1.00,no
2026-10-05T00:36:14.894318Z,0.5400,100.00,no
2026-10-05T00:36:14.894318Z,0.5300,1.00,no
2026-10-05T00:36:14.894318Z,0.5500,1.00,no
2026-10-05T00:36:14.894318Z,0.5300,42.00,no
2026-10-05T00:36:14.894318Z,0.5200,247.42,no
2026-10-05T00:36:14.950116Z,0.5100,10.00,no
2026-10-05T00:36:14.950116Z,0.5100,195.00,no
2026-10-05T00:36:14.950116Z,0.5200,104.00,no
2026-10-05T00:36:14.950116Z,0.5000,64.33,no
2026-10-05T00:36:14.950116Z,0.5200,1.00,no
2026-10-05T00:36:14.950116Z,0.5200,10.00,no
2026-10-05T00:36:14.950116Z,0.5200,39.00,no
2026-10-05T00:36:15.440675Z,0.5400,19.00,no
2026-10-05T00:36:15.440675Z,0.5200,31.25,no
2026-10-05T00:36:15.681961Z,0.5800,1.00,yes
2026-10-05T00:36:15.681961Z,0.5800,7.37,yes
2026-10-05T00:36:16.338314Z,0.5700,100.00,yes
2026-10-05T00:36:16.352303Z,0.5700,1.67,yes
2026-10-05T00:36:16.747056Z,0.5600,46.74,yes
2026-10-05T00:36:16.747056Z,0.5600,35.00,yes
2026-10-05T00:36:16.968656Z,0.5700,5.00,yes
2026-10-05T00:36:16.968656Z,0.5700,78.00,yes
2026-10-05T00:36:16.968656Z,0.5600,17.00,yes
2026-10-05T00:36:17.654683Z,0.5800,5.00,yes
2026-10-05T00:36:17.654683Z,0.5800,14.00,yes
2026-10-05T00:36:17.654683Z,0.5800,1.00,yes
2026-10-05T00:36:17.654683Z,0.5800,80.00,yes
2026-10-05T00:36:17.809107Z,0.5800,45.06,yes
2026-10-05T00:36:17.809107Z,0.5800,5.00,yes
2026-10-05T00:36:17.823874Z,0.5800,4.99,yes
2026-10-05T00:36:19.107249Z,0.6000,16.21,yes
2026-10-05T00:36:19.558906Z,0.6000,16.21,yes
2026-10-05T00:36:19.740033Z,0.5500,35.00,no
2026-10-05T00:36:19.740033Z,0.5500,93.95,no
2026-10-05T00:36:19.740033Z,0.5600,65.00,no
2026-10-05T00:36:19.740033Z,0.5500,53.00,no
2026-10-05T00:36:19.740033Z,0.5600,1.00,no
2026-10-05T00:36:19.740033Z,0.5600,20.79,no
2026-10-05T00:36:19.740033Z,0.5600,51.00,no
2026-10-05T00:36:19.740033Z,0.5500,191.00,no
2026-10-05T00:36:19.969253Z,0.5600,50.36,no
2026-10-05T00:36:19.969253Z,0.5600,5.00,no
2026-10-05T00:36:19.969253Z,0.5600,5.00,no
2026-10-05T00:36:20.034736Z,0.5500,56.05,no
2026-10-05T00:36:20.034736Z,0.5500,28.01,no
2026-10-05T00:36:20.32863Z,0.5900,15.42,yes
2026-10-05T00:36:20.32863Z,0.5900,17.00,yes
2026-10-05T00:36:21.756259Z,0.5600,63.81,no
2026-10-05T00:36:22.017846Z,0.5900,13.58,yes
2026-10-05T00:36:22.017846Z,0.5900,1.24,yes
2026-10-05T00:36:22.596078Z,0.5600,6.00,no
2026-10-05T00:36:22.596078Z,0.5600,42.00,no
2026-10-05T00:36:22.596078Z,0.5600,1.19,no
2026-10-05T00:36:22.596078Z,0.5600,1.00,no
2026-10-05T00:36:22.596078Z,0.5600,5.00,no
2026-10-05T00:36:22.596078Z,0.5600,63.81,no
2026-10-05T00:36:22.753263Z,0.5500,3.65,no
2026-10-05T00:36:22.926914Z,0.5600,40.36,yes
2026-10-05T00:36:23.153924Z,0.5600,0.82,yes
2026-10-05T00:36:23.178085Z,0.5600,173.23,yes
2026-10-05T00:36:23.187125Z,0.5500,50.98,no
2026-10-05T00:36:23.628947Z,0.5600,112.39,yes
2026-10-05T00:36:23.777476Z,0.5600,10.39,yes
2026-10-05T00:36:23.915247Z,0.5600,129.92,yes
2026-10-05T00:36:24.103075Z,0.5600,519.70,yes
2026-10-05T00:36:24.479766Z,0.5600,173.23,yes
2026-10-05T00:36:25.035827Z,0.5600,1905.59,yes
2026-10-05T00:36:25.353195Z,0.5500,1.00,no
2026-10-05T00:36:25.353195Z,0.5500,0.10,no
2026-10-05T00:36:25.353195Z,0.5400,1.00,no
2026-10-05T00:36:25.353195Z,0.5400,103.85,no
2026-10-05T00:36:25.353195Z,0.5400,1.00,no
2026-10-05T00:36:25.987057Z,0.5400,467.90,no
2026-10-05T00:36:26.11188Z,0.5600,34.64,yes
2026-10-05T00:36:26.428948Z,0.5600,86.61,yes
2026-10-05T00:36:26.739765Z,0.5400,309.69,no
2026-10-05T00:36:26.900201Z,0.5600,25.98,yes
2026-10-05T00:36:26.902711Z,0.5400,937.64,no
2026-10-05T00:36:27.44722Z,0.5500,10.25,yes
2026-10-05T00:36:27.44722Z,0.5500,11.00,yes
2026-10-05T00:36:27.44722Z,0.5500,14.00,yes
2026-10-05T00:36:27.630117Z,0.5500,17.62,yes
2026-10-05T00:36:27.768321Z,0.5500,56.13,yes
2026-10-05T00:36:27.768321Z,0.5500,20.18,yes
2026-10-05T00:36:27.768321Z,0.5500,3.00,yes
2026-10-05T00:36:27.973886Z,0.5400,82.20,no
2026-10-05T00:36:28.071958Z,0.5500,14.82,yes
2026-10-05T00:36:28.071958Z,0.5500,77.77,yes
2026-10-05T00:36:28.071958Z,0.5500,5.00,yes
2026-10-05T00:36:28.071958Z,0.5500,180.00,yes
2026-10-05T00:36:28.071958Z,0.5500,5.00,yes
2026-10-05T00:36:28.071958Z,0.5500,1.19,yes
2026-10-05T00:36:28.235796Z,0.5500,9.06,yes
2026-10-05T00:36:28.235796Z,0.5500,5.04,yes
2026-10-05T00:36:28.332803Z,0.5500,13.42,yes
2026-10-05T00:36:28.332803Z,0.5500,12.58,yes
2026-10-05T00:36:28.332803Z,0.5500,56.13,yes
2026-10-05T00:36:28.332803Z,0.5500,6.00,yes
2026-10-05T00:36:28.466178Z,0.5500,8.81,yes
2026-10-05T00:36:28.650337Z,0.5500,14.10,yes
2026-10-05T00:36:28.650337Z,0.5500,1.19,yes
2026-10-05T00:36:28.650337Z,0.5500,12.77,yes
2026-10-05T00:36:28.650337Z,0.5500,2.19,yes
2026-10-05T00:36:28.650337Z,0.5500,5.00,yes
2026-10-05T00:36:28.839067Z,0.5500,17.62,yes
2026-10-05T00:36:28.899106Z,0.5500,17.48,yes
2026-10-05T00:36:28.899106Z,0.5500,5.00,yes
2026-10-05T00:36:28.899106Z,0.5500,35.00,yes
2026-10-05T00:36:28.899106Z,0.5500,48.90,yes
2026-10-05T00:36:28.899106Z,0.5500,9.95,yes
2026-10-05T00:36:29.488786Z,0.5500,1.76,yes
2026-10-05T00:36:29.685789Z,0.5400,44.62,no
2026-10-05T00:36:29.690599Z,0.5500,33.53,yes
2026-10-05T00:36:29.690599Z,0.5500,15.86,yes
2026-10-05T00:36:29.825651Z,0.5500,35.00,yes
2026-10-05T00:36:29.825651Z,0.5500,32.85,yes
2026-10-05T00:36:29.825651Z,0.5500,2.65,yes
2026-10-05T00:36:29.931018Z,0.5400,46.00,no
2026-10-05T00:36:30.131061Z,0.5500,2.35,yes
2026-10-05T00:36:30.131061Z,0.5500,192.00,yes
2026-10-05T00:36:30.131061Z,0.5500,51.15,yes
2026-10-05T00:36:30.131061Z,0.5500,32.85,yes
2026-10-05T00:36:30.131061Z,0.5500,5.00,yes
2026-10-05T00:36:30.131061Z,0.5500,35.00,yes
2026-10-05T00:36:30.131061Z,0.5500,0.10,yes
2026-10-05T00:36:30.131061Z,0.5600,523.66,yes
2026-10-05T00:36:30.131061Z,0.5500,29.00,yes
2026-10-05T00:36:30.461569Z,0.5500,5.00,yes
2026-10-05T00:36:30.461569Z,0.5500,12.62,yes
2026-10-05T00:36:31.574984Z,0.5500,71.70,yes
2026-10-05T00:36:31.574984Z,0.5500,71.38,yes
2026-10-05T00:36:31.574984Z,0.5500,33.18,yes
2026-10-05T00:36:31.853454Z,0.5500,70.51,yes
2026-10-05T00:36:31.853454Z,0.5500,5.00,yes
2026-10-05T00:36:31.853454Z,0.5500,12.62,yes
2026-10-05T00:36:32.16147Z,0.5500,0.87,yes
2026-10-05T00:36:32.16147Z,0.5500,34.40,yes
2026-10-05T00:36:32.493112Z,0.5400,46.79,no
2026-10-05T00:36:32.762852Z,0.5500,24.31,yes
2026-10-05T00:36:33.119777Z,0.5400,42.78,no
2026-10-05T00:36:33.177884Z,0.5500,1.11,yes
2026-10-05T00:36:33.678353Z,0.5500,6.92,yes
2026-10-05T00:36:34.021019Z,0.5400,393.81,no
2026-10-05T00:36:34.115275Z,0.5500,13.86,yes
2026-10-05T00:36:34.115275Z,0.5500,5.00,yes
2026-10-05T00:36:34.115275Z,0.5500,16.39,yes
2026-10-05T00:36:34.115583Z,0.5500,24.31,yes
2026-10-05T00:36:34.115583Z,0.5500,21.41,yes
2026-10-05T00:36:34.115583Z,0.5500,108.86,yes
2026-10-05T00:36:34.234598Z,0.5600,45.78,yes
2026-10-05T00:36:34.234598Z,0.5500,5.00,yes
2026-10-05T00:36:34.234598Z,0.5500,71.14,yes
2026-10-05T00:36:34.234598Z,0.5500,5.00,yes
2026-10-05T00:36:34.234598Z,0.5500,75.97,yes
2026-10-05T00:36:34.234598Z,0.5500,8.03,yes
2026-10-05T00:36:34.234598Z,0.5500,100.00,yes
2026-10-05T00:36:34.70966Z,0.5500,0.31,yes
2026-10-05T00:36:35.253229Z,0.5500,6.63,yes
2026-10-05T00:36:35.253229Z,0.5500,10.69,yes
2026-10-05T00:36:35.583249Z,0.5400,29.44,no
2026-10-05T00:36:35.800804Z,0.5500,88.13,yes
2026-10-05T00:36:36.163404Z,0.5500,72.24,yes
2026-10-05T00:36:36.163404Z,0.5500,5.00,yes
2026-10-05T00:36:36.163404Z,0.5500,10.89,yes
2026-10-05T00:36:36.565088Z,0.5500,21.15,yes
2026-10-05T00:36:36.593366Z,0.5400,27.28,no
2026-10-05T00:36:36.593366Z,0.5200,0.10,no
2026-10-05T00:36:36.593366Z,0.5400,1.00,no
2026-10-05T00:36:37.037873Z,0.5300,43.30,yes
2026-10-05T00:36:37.273513Z,0.3900,1.00,no
2026-10-05T00:36:37.273513Z,0.4800,27.50,no
2026-10-05T00:36:37.273513Z,0.4900,100.00,no
2026-10-05T00:36:37.273513Z,0.4900,1.00,no
2026-10-05T00:36:37.273513Z,0.4700,24.60,no
2026-10-05T00:36:37.273513Z,0.4400,26.78,no
2026-10-05T00:36:37.273513Z,0.3900,6.65,no
2026-10-05T00:36:37.273513Z,0.4600,1.00,no
2026-10-05T00:36:37.273513Z,0.4300,10.00,no
2026-10-05T00:36:37.273513Z,0.4000,84.00,no
2026-10-05T00:36:37.273513Z,0.4100,31.00,no
2026-10-05T00:36:37.80998Z,0.5200,14.56,yes
2026-10-05T00:36:37.80998Z,0.5200,29.00,yes
2026-10-05T00:36:37.80998Z,0.5200,5.00,yes
2026-10-05T00:36:37.80998Z,0.5200,24.00,yes
2026-10-05T00:36:38.437299Z,0.5100,5.00,yes
2026-10-05T00:36:38.437299Z,0.5100,3.97,yes
2026-10-05T00:36:38.977908Z,0.4900,2.50,yes
2026-10-05T00:36:38.980607Z,0.4900,2.50,yes
2026-10-05T00:36:39.271644Z,0.4700,10.68,no
2026-10-05T00:36:39.271644Z,0.4900,2.50,no
2026-10-05T00:36:39.296508Z,0.5000,0.06,yes
2026-10-05T00:36:39.296508Z,0.5000,2.44,yes
2026-10-05T00:36:39.305788Z,0.5000,1.25,yes
2026-10-05T00:36:39.347049Z,0.5000,2.00,yes
2026-10-05T00:36:39.632002Z,0.4900,20.00,yes
2026-10-05T00:36:39.632002Z,0.4900,2.00,yes
2026-10-05T00:36:39.632002Z,0.5000,43.94,yes
2026-10-05T00:36:39.632002Z,0.4900,1.69,yes
2026-10-05T00:36:40.169565Z,0.5100,5.00,yes
2026-10-05T00:36:40.169565Z,0.5100,1.00,yes
2026-10-05T00:36:40.169565Z,0.5100,94.00,yes
2026-10-05T00:36:40.169565Z,0.5100,25.00,yes
2026-10-05T00:36:40.304076Z,0.5100,42.33,yes
2026-10-05T00:36:40.304076Z,0.5100,5.00,yes
2026-10-05T00:36:40.491858Z,0.5200,15.04,yes
2026-10-05T00:36:40.80972Z,0.5200,4.96,yes
2026-10-05T00:36:40.80972Z,0.5200,27.00,yes
2026-10-05T00:36:40.80972Z,0.5200,9.23,yes
2026-10-05T00:36:42.018068Z,0.5300,5.53,yes
2026-10-05T00:36:42.2321Z,0.4600,1.00,no
2026-10-05T00:36:42.2321Z,0.4300,10.00,no
2026-10-05T00:36:42.2321Z,0.4200,10.99,no
2026-10-05T00:36:42.2321Z,0.4600,1.00,no
2026-10-05T00:36:42.2321Z,0.4400,1.00,no
2026-10-05T00:36:42.725745Z,0.5300,18.26,yes
2026-10-05T00:36:42.912752Z,0.5300,27.12,yes
2026-10-05T00:36:42.912752Z,0.5300,5.00,yes
2026-10-05T00:36:42.912752Z,0.5300,59.21,yes
2026-10-05T00:36:43.250917Z,0.5300,1.88,yes
2026-10-05T00:36:43.250917Z,0.5300,7.20,yes
2026-10-05T00:36:43.250917Z,0.5300,5.53,yes
2026-10-05T00:36:44.329971Z,0.5400,11.82,yes
2026-10-05T00:36:44.329971Z,0.5400,1.00,yes
2026-10-05T00:36:44.329971Z,0.5300,30.00,yes
2026-10-05T00:36:44.329971Z,0.5300,11.06,yes
2026-10-05T00:36:44.329971Z,0.5300,5.00,yes
2026-10-05T00:36:44.329971Z,0.5300,29.00,yes
2026-10-05T00:36:44.329971Z,0.5300,15.94,yes
2026-10-05T00:36:44.881616Z,0.5400,17.18,yes
2026-10-05T00:36:44.881616Z,0.5400,4.31,yes
2026-10-05T00:36:44.881616Z,0.5300,21.00,yes
2026-10-05T00:36:44.881616Z,0.5300,1.00,yes
2026-10-05T00:36:44.882148Z,0.5400,44.85,yes
2026-10-05T00:36:45.055169Z,0.5400,17.89,yes
2026-10-05T00:36:45.197895Z,0.5400,26.91,yes
2026-10-05T00:36:46.887043Z,0.5600,20.00,yes
2026-10-05T00:36:46.887043Z,0.5400,6.04,yes
2026-10-05T00:36:46.887043Z,0.5700,15.00,yes
2026-10-05T00:36:46.887043Z,0.5800,18.12,yes
2026-10-05T00:36:46.887043Z,0.5700,5.00,yes
2026-10-05T00:36:47.423257Z,0.5100,6.96,no
2026-10-05T00:36:47.423257Z,0.5000,1.59,no
2026-10-05T00:36:48.319896Z,0.5800,2.00,yes
2026-10-05T00:36:48.319896Z,0.5800,5.00,yes
2026-10-05T00:36:48.319896Z,0.5700,1.00,yes
2026-10-05T00:36:48.319896Z,0.5900,5.21,yes
2026-10-05T00:36:49.292159Z,0.5000,1.00,no
2026-10-05T00:36:49.292159Z,0.4900,40.29,no
2026-10-05T00:36:49.292159Z,0.5000,52.41,no
2026-10-05T00:36:49.437739Z,0.6000,29.00,yes
2026-10-05T00:36:49.437739Z,0.5600,29.00,yes
2026-10-05T00:36:49.437739Z,0.5600,12.79,yes
2026-10-05T00:36:49.437739Z,0.5500,26.00,yes
2026-10-05T00:36:49.437739Z,0.5600,40.00,yes
2026-10-05T00:36:49.437739Z,0.5600,5.00,yes
2026-10-05T00:36:49.437739Z,0.5600,1.00,yes
2026-10-05T00:36:49.437739Z,0.5800,11.00,yes
2026-10-05T00:36:49.437739Z,0.6100,15.70,yes
2026-10-05T00:36:49.437739Z,0.6100,10.00,yes
2026-10-05T00:36:49.437739Z,0.5700,153.62,yes
2026-10-05T00:36:50.213018Z,0.5600,3.46,yes
2026-10-05T00:36:50.388779Z,0.5500,1.03,yes
2026-10-05T00:36:51.118373Z,0.5500,1.00,yes
2026-10-05T00:36:51.118373Z,0.5500,4.28,yes
2026-10-05T00:36:51.118373Z,0.5500,24.97,yes
2026-10-05T00:36:51.118373Z,0.5500,5.00,yes
2026-10-05T00:36:51.496847Z,0.5800,70.23,yes
2026-10-05T00:36:51.496847Z,0.5500,5.00,yes
2026-10-05T00:36:51.496847Z,0.5500,9.00,yes
2026-10-05T00:36:51.496847Z,0.5700,0.10,yes
2026-10-05T00:36:51.496847Z,0.5500,3.00,yes
2026-10-05T00:36:51.496847Z,0.5600,0.10,yes
2026-10-05T00:36:51.496847Z,0.5700,29.00,yes
2026-10-05T00:36:51.496847Z,0.5600,23.54,yes
2026-10-05T00:36:51.496847Z,0.5600,29.00,yes
2026-10-05T00:36:51.619815Z,0.5700,15.87,yes
2026-10-05T00:36:51.619815Z,0.5700,1.00,yes
2026-10-05T00:36:51.747744Z,0.5700,0.76,yes
2026-10-05T00:36:51.747744Z,0.5700,84.13,yes
2026-10-05T00:36:52.61176Z,0.5600,1.70,yes
2026-10-05T00:36:52.658139Z,0.5600,25.30,yes
2026-10-05T00:36:52.658139Z,0.5700,4.52,yes
2026-10-05T00:36:52.658139Z,0.5700,4.24,yes
2026-10-05T00:36:52.704828Z,0.5700,5.00,yes
2026-10-05T00:36:52.704828Z,0.5700,12.03,yes
2026-10-05T00:36:53.773378Z,0.5700,30.78,yes
2026-10-05T00:36:53.773378Z,0.5700,100.00,yes
2026-10-05T00:36:53.773378Z,0.5700,5.00,yes
2026-10-05T00:36:53.773378Z,0.5700,29.00,yes
2026-10-05T00:36:53.773378Z,0.5700,5.00,yes
2026-10-05T00:36:53.87476Z,0.5700,1.65,yes
2026-10-05T00:36:53.87476Z,0.5700,7.00,yes
2026-10-05T00:36:53.87476Z,0.5700,17.00,yes
2026-10-05T00:36:53.87476Z,0.5700,5.00,yes
2026-10-05T00:36:53.917751Z,0.5800,145.93,yes
2026-10-05T00:36:53.917751Z,0.5700,7.00,yes
2026-10-05T00:36:53.917751Z,0.5700,5.00,yes
2026-10-05T00:36:53.917751Z,0.5700,100.00,yes
2026-10-05T00:36:53.917751Z,0.5800,10.00,yes
2026-10-05T00:36:53.917751Z,0.5800,29.00,yes
2026-10-05T00:36:53.917751Z,0.5900,15.81,yes
2026-10-05T00:36:55.348269Z,0.5800,2.32,yes
2026-10-05T00:36:55.430623Z,0.5800,2.68,yes
2026-10-05T00:36:55.430623Z,0.5800,2.00,yes
2026-10-05T00:36:55.430623Z,0.5900,3.50,yes
2026-10-05T00:36:55.626588Z,0.5800,8.35,yes
2026-10-05T00:36:57.073748Z,0.5300,1.00,no
2026-10-05T00:36:57.073748Z,0.5300,1.00,no
2026-10-05T00:36:57.073748Z,0.5300,3.81,no
2026-10-05T00:36:57.073748Z,0.5200,23.98,no
2026-10-05T00:36:57.333891Z,0.5100,0.10,no
2026-10-05T00:36:57.333891Z,0.5200,1.00,no
2026-10-05T00:36:57.333891Z,0.5200,0.10,no
2026-10-05T00:36:57.333891Z,0.5200,10.00,no
2026-10-05T00:36:57.333891Z,0.4800,1.00,no
2026-10-05T00:36:57.333891Z,0.5200,3.02,no
2026-10-05T00:36:57.333891Z,0.5000,1.00,no
2026-10-05T00:36:57.333891Z,0.5100,27.00,no
2026-10-05T00:36:57.333891Z,0.4900,31.00,no
2026-10-05T00:36:57.333891Z,0.4600,3.82,no
2026-10-05T00:36:57.333891Z,0.4700,30.00,no
2026-10-05T00:36:57.967663Z,0.5800,5.00,yes
2026-10-05T00:36:57.967663Z,0.5800,2.65,yes
2026-10-05T00:36:57.967663Z,0.5800,9.09,yes
2026-10-05T00:36:58.080799Z,0.5800,14.25,yes
2026-10-05T00:36:58.577427Z,0.5700,1.67,yes
2026-10-05T00:36:58.971226Z,0.5700,17.03,yes
2026-10-05T00:36:59.451823Z,0.5700,5.00,yes
2026-10-05T00:36:59.451823Z,0.5700,8.30,yes
2026-10-05T00:36:59.451823Z,0.5700,3.73,yes
2026-10-05T00:36:59.947728Z,0.5800,3.00,yes
2026-10-05T00:36:59.947728Z,0.5800,8.08,yes
2026-10-05T00:36:59.947728Z,0.5800,5.66,yes
2026-10-05T00:37:00.00999Z,0.5800,8.09,yes
2026-10-05T00:37:00.00999Z,0.5800,1.92,yes
2026-10-05T00:37:00.00999Z,0.5800,5.00,yes
2026-10-05T00:37:00.122458Z,0.5300,20.00,no
2026-10-05T00:37:00.135574Z,0.4900,0.10,no
2026-10-05T00:37:00.135574Z,0.4900,1.00,no
2026-10-05T00:37:00.135574Z,0.5300,7.00,no
2026-10-05T00:37:00.135574Z,0.5300,1.00,no
2026-10-05T00:37:00.170365Z,0.4900,10.90,yes
2026-10-05T00:37:00.177519Z,0.4600,1.00,no
2026-10-05T00:37:00.177519Z,0.4400,6.00,no
2026-10-05T00:37:00.177519Z,0.4400,14.00,no
2026-10-05T00:37:00.177519Z,0.4500,1.00,no
2026-10-05T00:37:00.18768Z,0.4500,20.00,no
2026-10-05T00:37:01.118853Z,0.5600,2.66,yes
2026-10-05T00:37:01.118853Z,0.5600,6.00,yes
2026-10-05T00:37:01.150828Z,0.5600,7.34,yes
2026-10-05T00:37:01.150828Z,0.5600,15.91,yes
2026-10-05T00:37:01.150828Z,0.5600,1.00,yes
2026-10-05T00:37:02.101842Z,0.5700,30.00,yes
2026-10-05T00:37:02.101842Z,0.5500,27.00,yes
2026-10-05T00:37:02.101842Z,0.5500,1.00,yes
2026-10-05T00:37:02.101842Z,0.5700,1.78,yes
2026-10-05T00:37:02.428644Z,0.5200,44.00,no
2026-10-05T00:37:02.684917Z,0.5100,10.00,no
2026-10-05T00:37:02.684917Z,0.5100,8.00,no
2026-10-05T00:37:02.684917Z,0.5100,40.71,no
2026-10-05T00:37:03.214507Z,0.5000,30.00,no
2026-10-05T00:37:03.214507Z,0.4900,4.40,no
2026-10-05T00:37:03.214507Z,0.5000,1.00,no
2026-10-05T00:37:03.214507Z,0.5000,17.30,no
2026-10-05T00:37:03.517682Z,0.5600,26.00,yes
2026-10-05T00:37:03.517682Z,0.5600,5.00,yes
2026-10-05T00:37:03.517682Z,0.5600,7.00,yes
2026-10-05T00:37:03.517682Z,0.5600,11.00,yes
2026-10-05T00:37:03.517682Z,0.5600,1.00,yes
2026-10-05T00:37:03.517682Z,0.5600,0.22,yes
2026-10-05T00:37:04.558172Z,0.4900,26.60,no
2026-10-05T00:37:04.558172Z,0.4900,21.00,no
2026-10-05T00:37:04.558172Z,0.4900,30.00,no
2026-10-05T00:37:04.558172Z,0.4900,15.98,no
2026-10-05T00:37:04.80036Z,0.4900,101.00,no
2026-10-05T00:37:04.80036Z,0.4500,52.61,no
2026-10-05T00:37:04.80036Z,0.4700,6.00,no
2026-10-05T00:37:04.80036Z,0.4900,30.00,no
2026-10-05T00:37:04.80036Z,0.4600,31.00,no
2026-10-05T00:37:04.80036Z,0.4500,1.00,no
2026-10-05T00:37:04.80036Z,0.4800,1.00,no
2026-10-05T00:37:04.80036Z,0.4600,27.00,no
2026-10-05T00:37:04.80036Z,0.4500,128.00,no
2026-10-05T00:37:04.80036Z,0.4800,28.00,no
2026-10-05T00:37:04.80036Z,0.4900,24.29,no
2026-10-05T00:37:04.80036Z,0.4800,38.00,no
2026-10-05T00:37:05.070978Z,0.5600,8.27,yes
2026-10-05T00:37:05.070978Z,0.5600,1.00,yes
2026-10-05T00:37:05.070978Z,0.5600,9.78,yes
2026-10-05T00:37:05.715102Z,0.5500,1.00,yes
2026-10-05T00:37:05.715102Z,0.5600,7.45,yes
2026-10-05T00:37:06.300851Z,0.5200,13.41,no
2026-10-05T00:37:06.502698Z,0.5500,0.05,yes
2026-10-05T00:37:06.502698Z,0.5500,1.00,yes
2026-10-05T00:37:07.539537Z,0.5200,30.00,no
2026-10-05T00:37:07.539537Z,0.5200,18.06,no
2026-10-05T00:37:07.988152Z,0.5200,31.27,no
2026-10-05T00:37:08.128347Z,0.5200,10.05,no
2026-10-05T00:37:08.171855Z,0.5500,1.00,yes
2026-10-05T00:37:08.171855Z,0.5800,38.29,yes
2026-10-05T00:37:08.171855Z,0.5800,5.00,yes
2026-10-05T00:37:08.171855Z,0.5800,6.00,yes
2026-10-05T00:37:08.171855Z,0.5800,10.00,yes
2026-10-05T00:37:08.171855Z,0.5700,10.00,yes
2026-10-05T00:37:08.171855Z,0.5600,86.00,yes
2026-10-05T00:37:08.171855Z,0.5500,29.00,yes
2026-10-05T00:37:08.171855Z,0.5900,54.42,yes
2026-10-05T00:37:08.171855Z,0.5500,29.50,yes
2026-10-05T00:37:08.171855Z,0.5600,36.00,yes
2026-10-05T00:37:08.171855Z,0.5800,5.00,yes
2026-10-05T00:37:08.171855Z,0.5700,29.00,yes
2026-10-05T00:37:08.318028Z,0.5300,31.21,no
2026-10-05T00:37:08.706308Z,0.5300,8.55,no
2026-10-05T00:37:08.718521Z,0.5700,8.48,yes
2026-10-05T00:37:09.71676Z,0.5300,7.52,no
2026-10-05T00:37:09.782165Z,0.5700,2.52,yes
2026-10-05T00:37:09.782165Z,0.5700,28.00,yes
2026-10-05T00:37:11.10612Z,0.5300,17.76,yes
2026-10-05T00:37:11.10612Z,0.5300,8.00,yes
2026-10-05T00:37:11.10612Z,0.5300,100.00,yes
2026-10-05T00:37:11.10612Z,0.5300,7.00,yes
2026-10-05T00:37:11.562285Z,0.5300,5.00,yes
2026-10-05T00:37:11.562285Z,0.5300,11.24,yes
2026-10-05T00:37:11.562285Z,0.5300,83.00,yes
2026-10-05T00:37:11.562285Z,0.5400,80.16,yes
2026-10-05T00:37:11.815408Z,0.5400,89.50,yes
2026-10-05T00:37:11.958323Z,0.5400,11.51,yes
2026-10-05T00:37:12.392991Z,0.5200,10.00,no
2026-10-05T00:37:12.392991Z,0.5100,182.00,no
2026-10-05T00:37:12.392991Z,0.5100,100.00,no
2026-10-05T00:37:12.392991Z,0.5200,20.00,no
2026-10-05T00:37:12.392991Z,0.5000,125.58,no
2026-10-05T00:37:12.392991Z,0.5100,10.00,no
2026-10-05T00:37:12.392991Z,0.5200,30.00,no
2026-10-05T00:37:12.392991Z,0.5200,42.00,no
2026-10-05T00:37:12.392991Z,0.5000,1.00,no
2026-10-05T00:37:12.392991Z,0.5100,42.00,no
2026-10-05T00:37:12.449171Z,0.5400,0.28,yes
2026-10-05T00:37:12.449171Z,0.5400,0.10,yes
2026-10-05T00:37:12.449171Z,0.5400,5.00,yes
2026-10-05T00:37:12.550281Z,0.5400,5.72,yes
2026-10-05T00:37:12.550281Z,0.5400,6.83,yes
2026-10-05T00:37:13.184252Z,0.5400,1.00,yes
2026-10-05T00:37:13.184252Z,0.5400,7.00,yes
2026-10-05T00:37:13.184252Z,0.5400,5.00,yes
2026-10-05T00:37:13.184252Z,0.5400,30.00,yes
2026-10-05T00:37:13.184252Z,0.5500,40.31,yes
2026-10-05T00:37:13.184252Z,0.5400,22.17,yes
2026-10-05T00:37:13.477806Z,0.5500,0.01,yes
2026-10-05T00:37:13.552226Z,0.5500,8.79,yes
2026-10-05T00:37:13.555149Z,0.5500,43.95,yes
2026-10-05T00:37:14.364357Z,0.5200,42.00,no
2026-10-05T00:37:14.364357Z,0.5200,73.17,no
2026-10-05T00:37:14.364357Z,0.5200,44.03,no
2026-10-05T00:37:14.364357Z,0.5200,10.00,no
2026-10-05T00:37:14.635305Z,0.5400,10.00,yes
2026-10-05T00:37:15.694252Z,0.5400,8.97,yes
2026-10-05T00:37:16.290183Z,0.5400,52.00,yes
2026-10-05T00:37:16.578978Z,0.5200,26.82,no
2026-10-05T00:37:16.612505Z,0.5400,60.67,yes
2026-10-05T00:37:16.612505Z,0.5400,29.03,yes
2026-10-05T00:37:16.679769Z,0.5400,44.64,yes
2026-10-05T00:37:17.342794Z,0.5400,5.00,yes
2026-10-05T00:37:17.342794Z,0.5400,25.36,yes
2026-10-05T00:37:17.342794Z,0.5400,19.00,yes
2026-10-05T00:37:17.342794Z,0.5400,29.00,yes
2026-10-05T00:37:17.342794Z,0.5400,11.55,yes
2026-10-05T00:37:17.342794Z,0.5400,44.64,yes
2026-10-05T00:37:18.374906Z,0.5200,19.10,no
2026-10-05T00:37:18.374906Z,0.5200,1.00,no
2026-10-05T00:37:18.545632Z,0.5200,42.00,no
2026-10-05T00:37:18.545632Z,0.5200,155.90,no
2026-10-05T00:37:18.545632Z,0.5100,30.00,no
2026-10-05T00:37:18.545632Z,0.5100,42.00,no
2026-10-05T00:37:18.545632Z,0.5100,230.48,no
2026-10-05T00:37:18.545632Z,0.5100,10.00,no
2026-10-05T00:37:18.545868Z,0.5100,27.03,no
2026-10-05T00:37:18.93349Z,0.5500,4906.94,yes
2026-10-05T00:37:18.93349Z,0.5500,336.53,yes
2026-10-05T00:37:18.93349Z,0.5500,77.75,yes
2026-10-05T00:37:18.93349Z,0.5400,188.00,yes
2026-10-05T00:37:18.93349Z,0.5400,29.00,yes
2026-10-05T00:37:18.93349Z,0.5400,5.00,yes
2026-10-05T00:37:18.93349Z,0.5300,20.00,yes
2026-10-05T00:37:18.93349Z,0.5400,100.00,yes
2026-10-05T00:37:18.93349Z,0.5700,1.34,yes
2026-10-05T00:37:18.93349Z,0.5400,20.00,yes
2026-10-05T00:37:18.93349Z,0.5300,83.00,yes
2026-10-05T00:37:18.93349Z,0.5500,0.10,yes
2026-10-05T00:37:18.93349Z,0.5300,29.00,yes
2026-10-05T00:37:19.820995Z,0.5800,29.00,yes
2026-10-05T00:37:19.820995Z,0.5800,30.00,yes
2026-10-05T00:37:19.820995Z,0.5800,45.00,yes
2026-10-05T00:37:19.820995Z,0.5700,5.00,yes
2026-10-05T00:37:19.820995Z,0.5900,180.00,yes
2026-10-05T00:37:19.820995Z,0.5900,10.00,yes
2026-10-05T00:37:19.820995Z,0.5700,1.00,yes
2026-10-05T00:37:19.820995Z,0.5800,5.00,yes
2026-10-05T00:37:19.820995Z,0.5800,11.00,yes
2026-10-05T00:37:19.820995Z,0.6000,91.98,yes
2026-10-05T00:37:19.820995Z,0.6000,1.00,yes
2026-10-05T00:37:20.179271Z,0.5700,14.09,yes
2026-10-05T00:37:20.179271Z,0.5700,5.00,yes
2026-10-05T00:37:20.814622Z,0.5400,3.49,no
2026-10-05T00:37:20.814622Z,0.5500,42.18,no
2026-10-05T00:37:20.814622Z,0.5400,6.00,no
2026-10-05T00:37:21.151161Z,0.5400,128.00,no
2026-10-05T00:37:21.195719Z,0.5800,1.63,yes
2026-10-05T00:37:21.195719Z,0.5700,3.00,yes
2026-10-05T00:37:21.195719Z,0.5700,1.00,yes
2026-10-05T00:37:21.195719Z,0.5700,100.00,yes
2026-10-05T00:37:21.195719Z,0.5800,5.00,yes
2026-10-05T00:37:21.195719Z,0.5800,29.00,yes
2026-10-05T00:37:21.195719Z,0.5800,29.00,yes
2026-10-05T00:37:21.599405Z,0.5800,6.00,yes
2026-10-05T00:37:21.599405Z,0.5800,29.00,yes
2026-10-05T00:37:21.599405Z,0.5800,2.00,yes
2026-10-05T00:37:21.599405Z,0.5800,5.00,yes
2026-10-05T00:37:21.599405Z,0.5800,4.00,yes
2026-10-05T00:37:21.599405Z,0.5900,36.06,yes
2026-10-05T00:37:21.611024Z,0.5800,1.00,yes
2026-10-05T00:37:21.611024Z,0.5900,0.51,yes
2026-10-05T00:37:22.306502Z,0.5800,38.98,yes
2026-10-05T00:37:22.306502Z,0.5800,5.00,yes
2026-10-05T00:37:22.306502Z,0.5800,30.00,yes
2026-10-05T00:37:22.306502Z,0.5800,1.00,yes
2026-10-05T00:37:22.374584Z,0.5300,1.00,no
2026-10-05T00:37:22.374584Z,0.5400,0.10,no
2026-10-05T00:37:22.374584Z,0.5400,1.00,no
2026-10-05T00:37:22.374584Z,0.5400,10.00,no
2026-10-05T00:37:22.374584Z,0.5300,108.92,no
2026-10-05T00:37:22.374584Z,0.5300,121.00,no
2026-10-05T00:37:22.374584Z,0.5400,42.00,no
2026-10-05T00:37:22.374584Z,0.5400,168.00,no
2026-10-05T00:37:22.374584Z,0.5300,10.00,no
2026-10-05T00:37:22.374584Z,0.5400,56.45,no
2026-10-05T00:37:22.68095Z,0.5800,0.01,yes
2026-10-05T00:37:22.859209Z,0.5300,30.00,no
2026-10-05T00:37:22.859209Z,0.5200,43.35,no
2026-10-05T00:37:22.859209Z,0.5300,10.00,no
2026-10-05T00:37:22.859209Z,0.5400,1.00,no
2026-10-05T00:37:22.859209Z,0.5400,10.00,no
2026-10-05T00:37:22.859209Z,0.5300,0.10,no
2026-10-05T00:37:22.859209Z,0.5200,10.00,no
2026-10-05T00:37:22.990287Z,0.5200,15.65,no
2026-10-05T00:37:22.990287Z,0.5200,65.00,no
2026-10-05T00:37:22.990287Z,0.5200,11.91,no
2026-10-05T00:37:22.990287Z,0.5300,42.00,no
2026-10-05T00:37:22.990287Z,0.5300,20.00,no
2026-10-05T00:37:23.079141Z,0.5700,25.00,yes
2026-10-05T00:37:23.079141Z,0.5700,55.39,yes
2026-10-05T00:37:23.968208Z,0.5800,61.90,yes
2026-10-05T00:37:23.968208Z,0.5800,5.00,yes
2026-10-05T00:37:23.968208Z,0.5700,41.00,yes
2026-10-05T00:37:23.968208Z,0.5700,29.00,yes
2026-10-05T00:37:23.968208Z,0.5800,28.99,yes
2026-10-05T00:37:24.070991Z,0.5800,17.87,yes
2026-10-05T00:37:24.070991Z,0.5700,5.00,yes
2026-10-05T00:37:24.070991Z,0.5700,1.00,yes
2026-10-05T00:37:24.070991Z,0.5700,18.00,yes
2026-10-05T00:37:24.071669Z,0.5800,0.23,yes
2026-10-05T00:37:24.071669Z,0.5800,4.77,yes
2026-10-05T00:37:25.356088Z,0.5600,26.00,yes
2026-10-05T00:37:25.356088Z,0.5600,8.05,yes
2026-10-05T00:37:25.614425Z,0.5800,7.44,yes
2026-10-05T00:37:25.614425Z,0.5700,29.00,yes
2026-10-05T00:37:25.614425Z,0.5700,11.00,yes
2026-10-05T00:37:25.614425Z,0.5700,10.00,yes
2026-10-05T00:37:25.614425Z,0.5700,26.00,yes
2026-10-05T00:37:26.6977Z,0.5700,2.06,yes
2026-10-05T00:37:26.6977Z,0.5700,2.00,yes
2026-10-05T00:37:26.6977Z,0.5700,30.00,yes
2026-10-05T00:37:26.71549Z,0.5700,7.21,yes
2026-10-05T00:37:26.71549Z,0.5700,77.94,yes
2026-10-05T00:37:27.110217Z,0.5900,133.43,yes
2026-10-05T00:37:27.110217Z,0.5900,10.00,yes
2026-10-05T00:37:27.110217Z,0.5700,21.79,yes
2026-10-05T00:37:27.110217Z,0.5700,100.00,yes
2026-10-05T00:37:27.110217Z,0.5900,10.00,yes
2026-10-05T00:37:27.110217Z,0.5800,80.00,yes
2026-10-05T00:37:27.110217Z,0.5800,5.00,yes
2026-10-05T00:37:27.110217Z,0.5800,21.56,yes
2026-10-05T00:37:27.110217Z,0.5800,1.00,yes
2026-10-05T00:37:27.110217Z,0.6000,430.03,yes
2026-10-05T00:37:27.581694Z,0.5500,1.00,no
2026-10-05T00:37:27.581694Z,0.5500,14.63,no
2026-10-05T00:37:28.751702Z,0.5800,5.00,yes
2026-10-05T00:37:28.751702Z,0.5900,3.32,yes
2026-10-05T00:37:28.751702Z,0.5800,5.00,yes
2026-10-05T00:37:29.052588Z,0.5400,21.81,no
2026-10-05T00:37:29.32132Z,0.5800,1.28,yes
2026-10-05T00:37:29.799795Z,0.5400,10.00,no
2026-10-05T00:37:29.799795Z,0.5400,32.19,no
2026-10-05T00:37:29.799795Z,0.5400,10.03,no
2026-10-05T00:37:29.872683Z,0.5800,5.00,yes
2026-10-05T00:37:29.872683Z,0.5800,3.72,yes
2026-10-05T00:37:29.872683Z,0.5800,22.00,yes
2026-10-05T00:37:29.872683Z,0.5900,10.28,yes
2026-10-05T00:37:29.872683Z,0.5800,29.00,yes
2026-10-05T00:37:30.212903Z,0.5800,1.00,yes
2026-10-05T00:37:30.212903Z,0.5800,0.67,yes
2026-10-05T00:37:30.256401Z,0.5800,7.32,yes
2026-10-05T00:37:30.256401Z,0.5800,4.33,yes
2026-10-05T00:37:30.393223Z,0.5400,3.00,no
2026-10-05T00:37:30.393223Z,0.5400,29.00,no
2026-10-05T00:37:30.393223Z,0.5400,4.00,no
2026-10-05T00:37:30.393223Z,0.5400,30.00,no
2026-10-05T00:37:30.393223Z,0.5300,42.00,no
2026-10-05T00:37:30.393223Z,0.5300,1.00,no
2026-10-05T00:37:31.556651Z,0.5300,18.98,no
2026-10-05T00:37:32.064238Z,0.5400,30.00,no
2026-10-05T00:37:32.064238Z,0.5400,19.76,no
2026-10-05T00:37:32.064238Z,0.5400,44.00,no
2026-10-05T00:37:32.165346Z,0.5400,111.80,no
2026-10-05T00:37:32.165346Z,0.5400,22.24,no
2026-10-05T00:37:32.29514Z,0.5600,10.39,yes
2026-10-05T00:37:32.961478Z,0.5500,1.62,no
2026-10-05T00:37:33.024143Z,0.5700,1.51,yes
2026-10-05T00:37:33.374731Z,0.5700,6.98,yes
2026-10-05T00:37:33.374731Z,0.5700,0.49,yes
2026-10-05T00:37:33.374731Z,0.5700,16.00,yes
2026-10-05T00:37:33.58548Z,0.5400,22.20,no
2026-10-05T00:37:33.58548Z,0.5400,67.00,no
2026-10-05T00:37:33.58548Z,0.5400,92.70,no
2026-10-05T00:37:33.902452Z,0.5300,6.00,no
2026-10-05T00:37:33.902452Z,0.5300,30.00,no
2026-10-05T00:37:33.902452Z,0.5300,11.03,no
2026-10-05T00:37:33.925158Z,0.5200,1.00,no
2026-10-05T00:37:33.925158Z,0.5200,104.00,no
2026-10-05T00:37:33.925158Z,0.5200,5.00,no
2026-10-05T00:37:33.925158Z,0.5100,25.10,no
2026-10-05T00:37:33.925158Z,0.5200,20.00,no
2026-10-05T00:37:33.925385Z,0.5600,83.24,yes
2026-10-05T00:37:33.956942Z,0.5100,28.22,no
2026-10-05T00:37:34.317612Z,0.5600,16.76,yes
2026-10-05T00:37:34.317612Z,0.5600,4.20,yes
2026-10-05T00:37:34.324419Z,0.5600,60.81,yes
2026-10-05T00:37:34.324419Z,0.5600,25.80,yes
2026-10-05T00:37:34.415065Z,0.5600,25.19,yes
2026-10-05T00:37:34.415065Z,0.5600,59.28,yes
2026-10-05T00:37:34.415065Z,0.5600,79.00,yes
2026-10-05T00:37:35.530789Z,0.5300,1.00,no
2026-10-05T00:37:35.530789Z,0.5300,4.83,no
2026-10-05T00:37:35.750142Z,0.5600,11.00,yes
2026-10-05T00:37:35.750142Z,0.5600,24.00,yes
2026-10-05T00:37:35.750142Z,0.5600,5.83,yes
2026-10-05T00:37:35.750142Z,0.5500,5.83,yes
2026-10-05T00:37:35.750142Z,0.5600,18.05,yes
2026-10-05T00:37:36.356392Z,0.5700,0.02,yes
2026-10-05T00:37:36.356392Z,0.5800,1.64,yes
2026-10-05T00:37:36.990947Z,0.5600,23.00,no
2026-10-05T00:37:36.990947Z,0.5600,0.17,no
2026-10-05T00:37:36.990947Z,0.5600,30.00,no
2026-10-05T00:37:36.990947Z,0.5500,25.01,no
2026-10-05T00:37:37.147625Z,0.5800,5.02,yes
2026-10-05T00:37:37.300946Z,0.5500,76.77,no
2026-10-05T00:37:37.300946Z,0.5500,16.99,no
2026-10-05T00:37:37.367777Z,0.5500,21.00,no
2026-10-05T00:37:37.367777Z,0.5500,5.00,no
2026-10-05T00:37:37.367777Z,0.5500,56.00,no
2026-10-05T00:37:37.367777Z,0.5500,54.23,no
2026-10-05T00:37:37.371767Z,0.5500,55.77,no
2026-10-05T00:37:37.371767Z,0.5400,33.60,no
2026-10-05T00:37:37.371767Z,0.5400,67.00,no
2026-10-05T00:37:37.599515Z,0.5800,5.00,yes
2026-10-05T00:37:37.599515Z,0.5800,4.89,yes
2026-10-05T00:37:37.599515Z,0.5800,4.34,yes
2026-10-05T00:37:37.802726Z,0.5800,75.11,yes
2026-10-05T00:37:37.802726Z,0.5800,20.35,yes
2026-10-05T00:37:37.88207Z,0.5800,16.74,yes
2026-10-05T00:37:38.132037Z,0.5900,11.48,yes
2026-10-05T00:37:38.205349Z,0.5700,65.73,no
2026-10-05T00:37:38.205349Z,0.5700,42.00,no
2026-10-05T00:37:38.815314Z,0.5700,150.00,no
2026-10-05T00:37:39.091092Z,0.5900,41.19,yes
2026-10-05T00:37:39.163633Z,0.5700,0.38,no
2026-10-05T00:37:39.163633Z,0.5700,5.00,no
2026-10-05T00:37:39.262842Z,0.5700,101.62,no
2026-10-05T00:37:39.262842Z,0.5500,10.00,no
2026-10-05T00:37:39.262842Z,0.5700,184.00,no
2026-10-05T00:37:39.262842Z,0.5500,5.00,no
2026-10-05T00:37:39.262842Z,0.5600,30.00,no
2026-10-05T00:37:39.262842Z,0.5700,39.96,no
2026-10-05T00:37:39.262842Z,0.5400,142.08,no
2026-10-05T00:37:39.262842Z,0.5500,42.00,no
2026-10-05T00:37:39.262842Z,0.5600,299.39,no
2026-10-05T00:37:39.262842Z,0.5600,100.00,no
2026-10-05T00:37:39.262842Z,0.5400,10.00,no
2026-10-05T00:37:39.369277Z,0.5900,82.38,yes
2026-10-05T00:37:39.748571Z,0.5500,17.00,no
2026-10-05T00:37:40.412408Z,0.5900,4.94,yes
2026-10-05T00:37:40.565327Z,0.5900,55.04,yes
2026-10-05T00:37:40.783056Z,0.5900,9.93,yes
2026-10-05T00:37:40.783056Z,0.5900,72.00,yes
2026-10-05T00:37:40.783056Z,0.5900,0.45,yes
2026-10-05T00:37:40.957415Z,0.5900,32.84,yes
2026-10-05T00:37:40.980715Z,0.5900,20.10,yes
2026-10-05T00:37:41.263165Z,0.5700,42.78,no
2026-10-05T00:37:41.322097Z,0.5900,0.10,yes
2026-10-05T00:37:41.322097Z,0.5900,5.47,yes
2026-10-05T00:37:41.553118Z,0.5700,42.00,no
2026-10-05T00:37:41.553118Z,0.5700,1.00,no
2026-10-05T00:37:41.553118Z,0.5600,28.14,no
2026-10-05T00:37:41.553118Z,0.5700,5.00,no
2026-10-05T00:37:41.553118Z,0.5700,145.22,no
2026-10-05T00:37:41.553118Z,0.5700,102.00,no
2026-10-05T00:37:41.553118Z,0.5700,100.00,no
2026-10-05T00:37:41.553118Z,0.5700,47.00,no
2026-10-05T00:37:41.632849Z,0.5700,89.07,no
2026-10-05T00:37:41.632849Z,0.5700,5.00,no
2026-10-05T00:37:42.18076Z,0.5700,42.00,no
2026-10-05T00:37:42.18076Z,0.5600,140.02,no
2026-10-05T00:37:42.18076Z,0.5700,5.00,no
2026-10-05T00:37:42.18076Z,0.5700,102.00,no
2026-10-05T00:37:42.18076Z,0.5700,47.00,no
2026-10-05T00:37:42.231231Z,0.5800,8.37,yes
2026-10-05T00:37:42.367006Z,0.5800,30.86,yes
2026-10-05T00:37:42.367006Z,0.5800,2.63,yes
2026-10-05T00:37:42.367217Z,0.5600,46.79,no
2026-10-05T00:37:42.390628Z,0.5800,34.42,yes
2026-10-05T00:37:42.730442Z,0.5800,6.69,yes
2026-10-05T00:37:43.462934Z,0.5600,16.68,no
2026-10-05T00:37:43.655953Z,0.5600,312.13,no
2026-10-05T00:37:44.534785Z,0.5800,29.00,yes
2026-10-05T00:37:44.534785Z,0.5800,28.03,yes
2026-10-05T00:37:44.534785Z,0.5800,51.09,yes
2026-10-05T00:37:44.625819Z,0.5800,41.87,yes
2026-10-05T00:37:44.898737Z,0.6000,46.21,yes
2026-10-05T00:37:44.898737Z,0.5800,29.00,yes
2026-10-05T00:37:44.898737Z,0.5900,66.25,yes
2026-10-05T00:37:44.898737Z,0.5900,90.51,yes
2026-10-05T00:37:44.898737Z,0.5900,20.00,yes
2026-10-05T00:37:44.898737Z,0.5900,166.53,yes
2026-10-05T00:37:44.898737Z,0.5900,53.32,yes
2026-10-05T00:37:44.898737Z,0.5900,500.00,yes
2026-10-05T00:37:44.898737Z,0.5800,41.00,yes
2026-10-05T00:37:44.898737Z,0.5900,100.00,yes
2026-10-05T00:37:44.898737Z,0.5800,80.00,yes
2026-10-05T00:37:44.898737Z,0.5800,58.13,yes
2026-10-05T00:37:45.369528Z,0.5700,200.00,no
2026-10-05T00:37:45.369528Z,0.5700,5.00,no
2026-10-05T00:37:45.369528Z,0.5700,42.00,no
2026-10-05T00:37:45.369528Z,0.5600,30.00,no
2026-10-05T00:37:45.369528Z,0.5700,100.00,no
2026-10-05T00:37:45.369528Z,0.5700,1.00,no
2026-10-05T00:37:45.369528Z,0.5700,102.00,no
2026-10-05T00:37:45.369528Z,0.5600,256.24,no
2026-10-05T00:37:45.369528Z,0.5600,297.82,no
2026-10-05T00:37:45.369528Z,0.5600,100.00,no
2026-10-05T00:37:45.555299Z,0.5500,20.07,no
2026-10-05T00:37:45.617064Z,0.5600,10.10,yes
2026-10-05T00:37:45.707793Z,0.5600,22.21,yes
2026-10-05T00:37:45.9229Z,0.5600,34.64,yes
2026-10-05T00:37:45.939606Z,0.5500,5.73,no
2026-10-05T00:37:46.436033Z,0.5600,86.61,yes
2026-10-05T00:37:46.658817Z,0.5600,17.32,yes
2026-10-05T00:37:46.703921Z,0.5400,1.76,no
2026-10-05T00:37:46.925038Z,0.5600,25.98,yes
2026-10-05T00:37:47.639863Z,0.5600,346.47,yes
2026-10-05T00:37:47.651281Z,0.5600,10.39,yes
2026-10-05T00:37:47.699143Z,0.5300,141.85,no
2026-10-05T00:37:47.699143Z,0.5300,1.00,no
2026-10-05T00:37:48.665845Z,0.5600,17.32,yes
2026-10-05T00:37:48.817575Z,0.5600,3.46,yes
2026-10-05T00:37:49.559764Z,0.5300,460.27,no
2026-10-05T00:37:49.99559Z,0.5600,93.54,yes
2026-10-05T00:37:51.549319Z,0.5500,8.81,yes
2026-10-05T00:37:51.759461Z,0.5500,45.19,yes
2026-10-05T00:37:51.759461Z,0.5500,17.70,yes
2026-10-05T00:37:51.968307Z,0.5500,25.01,yes
2026-10-05T00:37:52.384672Z,0.5500,13.69,yes
2026-10-05T00:37:52.97874Z,0.5500,27.60,yes
2026-10-05T00:37:52.97874Z,0.5500,16.46,yes
2026-10-05T00:37:52.983164Z,0.5500,0.61,yes
2026-10-05T00:37:53.241353Z,0.5400,97.00,no
2026-10-05T00:37:53.617581Z,0.5400,12.58,no
2026-10-05T00:37:53.90174Z,0.5500,41.29,yes
2026-10-05T00:37:53.90174Z,0.5500,35.00,yes
2026-10-05T00:37:53.90174Z,0.5500,602.12,yes
2026-10-05T00:37:53.90174Z,0.5500,180.93,yes
2026-10-05T00:37:53.90174Z,0.5500,42.71,yes
2026-10-05T00:37:53.90174Z,0.5600,845.80,yes
2026-10-05T00:37:53.981358Z,0.5600,172.73,yes
2026-10-05T00:37:54.106069Z,0.5600,16.94,yes
2026-10-05T00:37:54.114287Z,0.5400,656.35,no
2026-10-05T00:37:54.275973Z,0.5500,147.69,yes
2026-10-05T00:37:54.275973Z,0.5500,5.00,yes
2026-10-05T00:37:55.626531Z,0.5500,14.00,yes
2026-10-05T00:37:55.626531Z,0.5500,84.00,yes
2026-10-05T00:37:55.626531Z,0.5500,5.00,yes
2026-10-05T00:37:55.626531Z,0.5500,35.00,yes
2026-10-05T00:37:56.342009Z,0.5500,15.00,yes
2026-10-05T00:37:56.342009Z,0.5500,24.06,yes
2026-10-05T00:37:56.342009Z,0.5500,5.00,yes
2026-10-05T00:37:56.488915Z,0.5600,534.26,yes
2026-10-05T00:37:56.488915Z,0.5500,160.00,yes
2026-10-05T00:37:56.488915Z,0.5500,24.06,yes
2026-10-05T00:37:56.488915Z,0.5500,5.00,yes
2026-10-05T00:37:56.488915Z,0.5500,59.94,yes
2026-10-05T00:37:56.488915Z,0.5500,35.00,yes
2026-10-05T00:37:57.362349Z,0.5600,331.74,yes
2026-10-05T00:37:58.645272Z,0.5600,339.54,yes
2026-10-05T00:37:58.731605Z,0.5600,164.57,yes
2026-10-05T00:37:58.929555Z,0.5600,32.91,yes
2026-10-05T00:37:59.112878Z,0.5600,169.20,yes
2026-10-05T00:37:59.984125Z,0.5600,86.61,yes
2026-10-05T00:38:00.199907Z,0.5600,8.66,yes
2026-10-05T00:38:00.471523Z,0.5600,51.97,yes
2026-10-05T00:38:00.709232Z,0.5600,26.78,yes
2026-10-05T00:38:00.737725Z,0.5600,60.63,yes
2026-10-05T00:38:00.753489Z,0.5500,0.51,no
2026-10-05T00:38:00.75425Z,0.5600,76.22,yes
2026-10-05T00:38:00.757964Z,0.5500,29.00,no
2026-10-05T00:38:00.757964Z,0.5500,78.87,no
2026-10-05T00:38:00.757964Z,0.5500,53.00,no
2026-10-05T00:38:00.757964Z,0.5500,39.80,no
2026-10-05T00:38:01.228367Z,0.5600,57.00,yes
2026-10-05T00:38:01.737795Z,0.5600,17.32,yes
2026-10-05T00:38:01.81102Z,0.5600,8.66,yes
2026-10-05T00:38:02.114284Z,0.5500,8.37,no
2026-10-05T00:38:02.566478Z,0.5600,86.61,yes
2026-10-05T00:38:02.803437Z,0.5600,17.00,yes
2026-10-05T00:38:03.544376Z,0.5500,9.40,no
2026-10-05T00:38:03.560174Z,0.5600,3.46,yes
2026-10-05T00:38:03.584563Z,0.5600,50.00,yes
2026-10-05T00:38:03.813656Z,0.5600,17.32,yes
2026-10-05T00:38:04.745808Z,0.5800,55.74,yes
2026-10-05T00:38:04.745808Z,0.5600,21.97,yes
2026-10-05T00:38:04.745808Z,0.5700,29.00,yes
2026-10-05T00:38:04.745808Z,0.5800,100.00,yes
2026-10-05T00:38:05.411609Z,0.5500,73.43,no
2026-10-05T00:38:05.411609Z,0.5500,33.56,no
2026-10-05T00:38:05.494696Z,0.5800,1.41,yes
2026-10-05T00:38:05.494696Z,0.5700,0.10,yes
2026-10-05T00:38:06.310537Z,0.5500,81.44,no
2026-10-05T00:38:06.643796Z,0.5500,47.03,no
2026-10-05T00:38:06.68106Z,0.5600,1.00,yes
2026-10-05T00:38:06.68106Z,0.5800,0.18,yes
2026-10-05T00:38:07.015802Z,0.5800,29.00,yes
2026-10-05T00:38:07.015802Z,0.5800,15.41,yes
2026-10-05T00:38:07.015802Z,0.5800,44.25,yes
2026-10-05T00:38:07.064648Z,0.5500,7.97,no
2026-10-05T00:38:07.064648Z,0.5500,0.69,no
2026-10-05T00:38:07.730911Z,0.5500,23.48,no
2026-10-05T00:38:07.905314Z,0.5800,63.64,yes
2026-10-05T00:38:08.052228Z,0.5800,43.54,yes
2026-10-05T00:38:08.272826Z,0.5800,0.40,yes
2026-10-05T00:38:08.356089Z,0.5800,10.04,yes
2026-10-05T00:38:08.954315Z,0.5800,41.87,yes
2026-10-05T00:38:08.971727Z,0.5500,2.00,no
2026-10-05T00:38:09.299451Z,0.5800,81.15,yes
2026-10-05T00:38:09.299451Z,0.5800,19.34,yes
2026-10-05T00:38:09.457672Z,0.5800,0.03,yes
2026-10-05T00:38:09.458085Z,0.5500,7.41,no
2026-10-05T00:38:09.458085Z,0.5500,62.74,no
2026-10-05T00:38:09.586879Z,0.5800,178.00,yes
2026-10-05T00:38:09.586879Z,0.5900,100.00,yes
2026-10-05T00:38:09.586879Z,0.5900,43.15,yes
2026-10-05T00:38:09.586879Z,0.5900,500.00,yes
2026-10-05T00:38:09.586879Z,0.5900,1.00,yes
2026-10-05T00:38:09.684158Z,0.5900,72.00,yes
2026-10-05T00:38:09.684158Z,0.6000,158.46,yes
2026-10-05T00:38:09.684158Z,0.6200,10.00,yes
2026-10-05T00:38:09.684158Z,0.5900,100.00,yes
2026-10-05T00:38:09.684158Z,0.6100,10.00,yes
2026-10-05T00:38:09.684158Z,0.6000,193.00,yes
2026-10-05T00:38:09.684158Z,0.5900,40.00,yes
2026-10-05T00:38:09.684158Z,0.6300,240.94,yes
2026-10-05T00:38:09.684158Z,0.6000,87.50,yes
2026-10-05T00:38:09.684158Z,0.5900,6.00,yes
2026-10-05T00:38:09.684158Z,0.6000,365.78,yes
2026-10-05T00:38:10.071485Z,0.5700,17.00,no
2026-10-05T00:38:10.071485Z,0.5700,93.37,no
2026-10-05T00:38:10.071485Z,0.5700,30.00,no
2026-10-05T00:38:11.225884Z,0.5800,28.97,no
2026-10-05T00:38:11.534761Z,0.6100,15.95,yes
2026-10-05T00:38:11.846958Z,0.5700,15.00,no
2026-10-05T00:38:11.846958Z,0.5700,72.76,no
2026-10-05T00:38:11.846958Z,0.5700,6.00,no
2026-10-05T00:38:13.762815Z,0.5600,9.99,no
2026-10-05T00:38:13.762815Z,0.5700,0.10,no
2026-10-05T00:38:13.762815Z,0.5700,50.00,no
2026-10-05T00:38:13.762815Z,0.5700,5.00,no
2026-10-05T00:38:13.762815Z,0.5600,42.00,no
2026-10-05T00:38:13.762815Z,0.5600,254.30,no
2026-10-05T00:38:13.762815Z,0.5700,72.76,no
2026-10-05T00:38:13.762815Z,0.5600,0.10,no
2026-10-05T00:38:13.762815Z,0.5600,1.00,no
2026-10-05T00:38:13.762815Z,0.5700,29.24,no
2026-10-05T00:38:13.762815Z,0.5700,42.00,no
2026-10-05T00:38:13.888316Z,0.6100,0.05,yes
2026-10-05T00:38:13.888316Z,0.6100,26.53,yes
2026-10-05T00:38:13.888316Z,0.6100,5.00,yes
2026-10-05T00:38:14.203915Z,0.6000,25.53,yes
2026-10-05T00:38:14.260457Z,0.6000,2.72,yes
2026-10-05T00:38:14.260457Z,0.6000,0.47,yes
2026-10-05T00:38:14.351591Z,0.5500,69.43,no
2026-10-05T00:38:14.351591Z,0.5700,42.00,no
2026-10-05T00:38:14.351591Z,0.5600,42.00,no
2026-10-05T00:38:14.351591Z,0.5600,65.00,no
2026-10-05T00:38:14.351591Z,0.5700,1.00,no
2026-10-05T00:38:14.351591Z,0.5700,11.00,no
2026-10-05T00:38:14.351591Z,0.5700,5.00,no
2026-10-05T00:38:14.351591Z,0.5600,176.00,no
2026-10-05T00:38:14.351591Z,0.5500,0.10,no
2026-10-05T00:38:14.351591Z,0.5500,45.59,no
2026-10-05T00:38:15.225627Z,0.5700,10.93,no
2026-10-05T00:38:15.875885Z,0.6100,46.11,yes
2026-10-05T00:38:15.875885Z,0.6000,1.00,yes
2026-10-05T00:38:15.875885Z,0.6000,11.00,yes
2026-10-05T00:38:15.875885Z,0.6000,10.00,yes
2026-10-05T00:38:15.875885Z,0.6100,10.00,yes
2026-10-05T00:38:15.875885Z,0.6100,2.47,yes
2026-10-05T00:38:15.930206Z,0.6100,15.88,yes
2026-10-05T00:38:17.297921Z,0.5700,14.07,no
2026-10-05T00:38:17.297921Z,0.5700,6.82,no
2026-10-05T00:38:17.367245Z,0.6000,37.00,yes
2026-10-05T00:38:17.367245Z,0.6000,2.00,yes
2026-10-05T00:38:17.367245Z,0.6000,1.00,yes
2026-10-05T00:38:17.367245Z,0.6000,10.00,yes
2026-10-05T00:38:18.068447Z,0.6000,3.21,yes
2026-10-05T00:38:18.068447Z,0.6000,13.00,yes
2026-10-05T00:38:18.225572Z,0.6000,8.00,yes
2026-10-05T00:38:18.225572Z,0.6000,1.00,yes
2026-10-05T00:38:18.225572Z,0.6100,24.23,yes
2026-10-05T00:38:18.225572Z,0.6100,16.01,yes
2026-10-05T00:38:19.191731Z,0.6100,7.94,yes
2026-10-05T00:38:19.191731Z,0.6100,9.00,yes
2026-10-05T00:38:19.191731Z,0.6100,6.77,yes
2026-10-05T00:38:19.254155Z,0.6100,1.59,yes
2026-10-05T00:38:19.895066Z,0.5700,6.00,no
2026-10-05T00:38:19.895066Z,0.5800,1.00,no
2026-10-05T00:38:19.895066Z,0.5700,6.82,no
2026-10-05T00:38:19.895066Z,0.5700,62.23,no
2026-10-05T00:38:19.895066Z,0.5800,12.00,no
2026-10-05T00:38:19.895066Z,0.5700,95.18,no
2026-10-05T00:38:19.895066Z,0.5700,5.00,no
2026-10-05T00:38:19.895066Z,0.5600,46.95,no
2026-10-05T00:38:19.968651Z,0.6000,11.00,yes
2026-10-05T00:38:19.968651Z,0.6000,10.00,yes
2026-10-05T00:38:19.968651Z,0.6000,10.74,yes
2026-10-05T00:38:21.431583Z,0.5700,8.11,no
2026-10-05T00:38:21.431583Z,0.5700,1.00,no
2026-10-05T00:38:21.431583Z,0.5700,30.00,no
2026-10-05T00:38:21.431583Z,0.5700,102.00,no
2026-10-05T00:38:22.417695Z,0.6000,8.10,yes
2026-10-05T00:38:23.544787Z,0.5700,13.14,no
2026-10-05T00:38:23.544787Z,0.5700,33.89,no
2026-10-05T00:38:24.091905Z,0.6000,100.00,yes
2026-10-05T00:38:24.091905Z,0.6100,22.56,yes
2026-10-05T00:38:24.091905Z,0.6100,6.00,yes
2026-10-05T00:38:24.091905Z,0.6100,11.00,yes
2026-10-05T00:38:24.091905Z,0.6100,1.00,yes
2026-10-05T00:38:24.091905Z,0.6000,20.90,yes
2026-10-05T00:38:24.423216Z,0.6100,55.11,yes
2026-10-05T00:38:24.423216Z,0.6100,8.44,yes
2026-10-05T00:38:24.979882Z,0.5800,5.00,no
2026-10-05T00:38:24.979882Z,0.5800,1.00,no
2026-10-05T00:38:24.979882Z,0.5700,6.00,no
2026-10-05T00:38:24.979882Z,0.5700,100.00,no
2026-10-05T00:38:24.979882Z,0.5800,30.00,no
2026-10-05T00:38:24.979882Z,0.5700,102.00,no
2026-10-05T00:38:25.69719Z,0.6000,11.00,yes
2026-10-05T00:38:25.69719Z,0.6000,30.00,yes
2026-10-05T00:38:25.69719Z,0.6000,67.56,yes
2026-10-05T00:38:25.833667Z,0.6000,8.00,yes
2026-10-05T00:38:25.833667Z,0.6000,0.10,yes
2026-10-05T00:38:26.085134Z,0.6000,1.00,yes
2026-10-05T00:38:26.085134Z,0.6000,30.00,yes
2026-10-05T00:38:26.085134Z,0.6000,8.88,yes
2026-10-05T00:38:27.696782Z,0.6100,7.97,yes
2026-10-05T00:38:27.879673Z,0.5700,1.00,no
2026-10-05T00:38:27.879673Z,0.5700,2.79,no
2026-10-05T00:38:28.737061Z,0.6000,7.10,yes
2026-10-05T00:38:28.737061Z,0.6000,1.00,yes
2026-10-05T00:38:29.282351Z,0.6100,9.45,yes
2026-10-05T00:38:29.282351Z,0.6100,21.03,yes
2026-10-05T00:38:29.282351Z,0.6100,78.00,yes
2026-10-05T00:38:29.282351Z,0.6000,29.00,yes
2026-10-05T00:38:29.282351Z,0.6000,22.90,yes
2026-10-05T00:38:30.325295Z,0.6000,5.00,yes
2026-10-05T00:38:30.325295Z,0.6000,10.95,yes
2026-10-05T00:38:30.501632Z,0.5800,1.00,no
2026-10-05T00:38:30.501632Z,0.5800,51.18,no
2026-10-05T00:38:30.906487Z,0.5900,5.00,yes
2026-10-05T00:38:30.906487Z,0.5900,76.06,yes
2026-10-05T00:38:31.682219Z,0.6100,6.57,yes
2026-10-05T00:38:31.682219Z,0.6000,29.00,yes
2026-10-05T00:38:31.682219Z,0.6000,11.00,yes
2026-10-05T00:38:31.682219Z,0.6000,1.00,yes
2026-10-05T00:38:31.682219Z,0.6000,6.00,yes
2026-10-05T00:38:31.682219Z,0.6100,0.55,yes
2026-10-05T00:38:31.682219Z,0.6100,4.00,yes
2026-10-05T00:38:31.935066Z,0.6100,1.58,yes
2026-10-05T00:38:32.217043Z,0.6100,6.00,yes
2026-10-05T00:38:32.217043Z,0.6100,31.00,yes
2026-10-05T00:38:32.217043Z,0.6100,23.07,yes
2026-10-05T00:38:32.217043Z,0.6100,5.00,yes
2026-10-05T00:38:32.217043Z,0.6100,0.10,yes
2026-10-05T00:38:32.217043Z,0.6100,91.85,yes
2026-10-05T00:38:33.045299Z,0.6100,19.76,yes
2026-10-05T00:38:33.045299Z,0.6100,54.93,yes
2026-10-05T00:38:33.045299Z,0.6100,31.00,yes
2026-10-05T00:38:33.045299Z,0.6100,23.07,yes
2026-10-05T00:38:33.045299Z,0.6100,5.00,yes
2026-10-05T00:38:33.045299Z,0.6100,29.00,yes
2026-10-05T00:38:33.138737Z,0.6200,69.43,yes
2026-10-05T00:38:33.138737Z,0.6200,2.94,yes
2026-10-05T00:38:33.138737Z,0.6100,78.00,yes
2026-10-05T00:38:33.138737Z,0.6100,1.00,yes
2026-10-05T00:38:33.138737Z,0.6100,5.00,yes
2026-10-05T00:38:33.940898Z,0.6100,3.19,yes
2026-10-05T00:38:33.992079Z,0.6100,3.61,yes
2026-10-05T00:38:33.992079Z,0.6100,1.81,yes
2026-10-05T00:38:34.354655Z,0.5800,1.00,no
2026-10-05T00:38:34.354655Z,0.5800,76.38,no
2026-10-05T00:38:34.362411Z,0.6100,1.59,yes
2026-10-05T00:38:34.39583Z,0.5800,3.99,no
2026-10-05T00:38:34.39583Z,0.5800,23.62,no
2026-10-05T00:38:34.445128Z,0.6100,39.89,yes
2026-10-05T00:38:34.484444Z,0.5800,100.00,no
2026-10-05T00:38:34.484444Z,0.5700,100.00,no
2026-10-05T00:38:34.484444Z,0.5800,100.00,no
2026-10-05T00:38:34.484444Z,0.5800,96.01,no
2026-10-05T00:38:34.484444Z,0.5700,0.18,no
2026-10-05T00:38:34.484444Z,0.5700,27.00,no
2026-10-05T00:38:34.484444Z,0.5700,5.00,no
2026-10-05T00:38:34.484444Z,0.5700,42.00,no
2026-10-05T00:38:34.484444Z,0.5600,54.23,no
2026-10-05T00:38:35.001434Z,0.5800,20.82,no
2026-10-05T00:38:35.001434Z,0.5800,1.00,no
2026-10-05T00:38:35.595251Z,0.6000,256.23,yes
2026-10-05T00:38:35.600585Z,0.5600,275.71,no
2026-10-05T00:38:35.600585Z,0.5700,0.10,no
2026-10-05T00:38:35.600585Z,0.5700,100.00,no
2026-10-05T00:38:35.600585Z,0.5800,79.18,no
2026-10-05T00:38:35.600585Z,0.5600,10.00,no
2026-10-05T00:38:35.600585Z,0.5600,185.00,no
2026-10-05T00:38:35.600585Z,0.5800,0.10,no
2026-10-05T00:38:35.600585Z,0.5700,30.00,no
2026-10-05T00:38:35.600585Z,0.5600,42.00,no
2026-10-05T00:38:35.600585Z,0.5500,384.98,no
2026-10-05T00:38:35.600585Z,0.5600,30.00,no
2026-10-05T00:38:36.193587Z,0.5900,15.95,yes
2026-10-05T00:38:36.198185Z,0.5900,12.22,yes
2026-10-05T00:38:37.304762Z,0.5900,41.19,yes
2026-10-05T00:38:37.406394Z,0.5900,3.01,yes
2026-10-05T00:38:37.626588Z,0.5900,114.63,yes
2026-10-05T00:38:37.626588Z,0.5900,5.00,yes
2026-10-05T00:38:37.626588Z,0.5900,40.00,yes
2026-10-05T00:38:37.626588Z,0.5900,114.30,yes
2026-10-05T00:38:37.626588Z,0.6000,224.44,yes
2026-10-05T00:38:37.942229Z,0.5900,29.00,yes
2026-10-05T00:38:37.942229Z,0.5900,11.00,yes
2026-10-05T00:38:37.942229Z,0.5900,100.00,yes
2026-10-05T00:38:37.942229Z,0.5900,36.91,yes
2026-10-05T00:38:37.942229Z,0.5900,71.12,yes
2026-10-05T00:38:37.942229Z,0.5900,191.00,yes
2026-10-05T00:38:37.942229Z,0.5900,72.00,yes
2026-10-05T00:38:37.942229Z,0.5900,5.00,yes
2026-10-05T00:38:37.942229Z,0.6000,298.98,yes
2026-10-05T00:38:38.537161Z,0.5900,5.00,yes
2026-10-05T00:38:38.537161Z,0.5900,45.00,yes
2026-10-05T00:38:39.057476Z,0.5900,1.09,yes
2026-10-05T00:38:39.271056Z,0.5800,0.69,no
2026-10-05T00:38:41.404693Z,0.5900,3.47,yes
2026-10-05T00:38:41.636504Z,0.5900,16.47,yes
2026-10-05T00:38:41.761562Z,0.5900,5.97,yes
2026-10-05T00:38:41.761562Z,0.5900,13.79,yes
2026-10-05T00:38:41.761562Z,0.5900,45.00,yes
2026-10-05T00:38:41.761562Z,0.5900,100.00,yes
2026-10-05T00:38:42.703672Z,0.5900,15.21,yes
2026-10-05T00:38:42.703672Z,0.5900,78.70,yes
2026-10-05T00:38:43.165741Z,0.5700,82.73,no
2026-10-05T00:38:43.165741Z,0.5700,30.00,no
2026-10-05T00:38:43.165741Z,0.5700,35.00,no
2026-10-05T00:38:43.165741Z,0.5700,1.00,no
2026-10-05T00:38:43.165741Z,0.5700,42.00,no
2026-10-05T00:38:43.165741Z,0.5700,47.00,no
2026-10-05T00:38:43.165741Z,0.5700,102.00,no
2026-10-05T00:38:43.432108Z,0.5900,23.24,yes
2026-10-05T00:38:43.432108Z,0.5900,306.28,yes
2026-10-05T00:38:44.322251Z,0.5900,5.47,yes
2026-10-05T00:38:44.322251Z,0.5900,11.00,yes
2026-10-05T00:38:44.912216Z,0.5900,8.23,yes
2026-10-05T00:38:46.542148Z,0.6000,21.69,yes
2026-10-05T00:38:46.542148Z,0.5900,7.00,yes
2026-10-05T00:38:46.542148Z,0.5900,40.00,yes
2026-10-05T00:38:46.542148Z,0.5900,20.77,yes
2026-10-05T00:38:46.542148Z,0.5900,72.00,yes
2026-10-05T00:38:46.619873Z,0.5700,6.00,no
2026-10-05T00:38:46.619873Z,0.5800,7.73,no
2026-10-05T00:38:46.619873Z,0.5700,21.27,no
2026-10-05T00:38:46.619873Z,0.5800,100.00,no
2026-10-05T00:38:46.619873Z,0.5700,42.00,no
2026-10-05T00:38:47.4309Z,0.5900,7.23,yes
2026-10-05T00:38:47.4309Z,0.5900,1.00,yes
2026-10-05T00:38:47.828214Z,0.5900,16.47,yes
2026-10-05T00:38:48.539606Z,0.5900,6.16,yes
2026-10-05T00:38:49.573106Z,0.5600,5.14,no
2026-10-05T00:38:49.689986Z,0.5900,16.47,yes
2026-10-05T00:38:49.950529Z,0.5900,3.29,yes
2026-10-05T00:38:51.176326Z,0.5900,45.77,yes
2026-10-05T00:38:51.176326Z,0.5900,7.00,yes
2026-10-05T00:38:51.176326Z,0.5900,46.08,yes
2026-10-05T00:38:51.19378Z,0.5900,53.49,yes
2026-10-05T00:38:51.808305Z,0.5600,5.62,no
2026-10-05T00:38:51.889219Z,0.5900,84.12,yes
2026-10-05T00:38:51.889219Z,0.5900,9.79,yes
2026-10-05T00:38:52.125939Z,0.5600,42.00,no
2026-10-05T00:38:52.125939Z,0.5600,187.24,no
2026-10-05T00:38:52.125939Z,0.5600,1.90,no
2026-10-05T00:38:52.125939Z,0.5600,30.00,no
2026-10-05T00:38:52.438927Z,0.5600,5.02,no
2026-10-05T00:38:52.654118Z,0.5600,39.88,no
2026-10-05T00:38:52.738183Z,0.5900,1.15,yes
2026-10-05T00:38:53.460499Z,0.5900,3.29,yes
2026-10-05T00:38:54.3197Z,0.5900,82.38,yes
2026-10-05T00:38:56.237095Z,0.5900,1.64,yes
2026-10-05T00:38:56.600098Z,0.5900,23.06,yes
2026-10-05T00:38:57.691758Z,0.5900,41.19,yes
2026-10-05T00:38:57.99875Z,0.5900,5.03,yes
2026-10-05T00:38:57.99875Z,0.5900,192.00,yes
2026-10-05T00:38:57.99875Z,0.5900,0.10,yes
2026-10-05T00:38:57.99875Z,0.5900,100.00,yes
2026-10-05T00:38:57.99875Z,0.5900,526.68,yes
2026-10-05T00:38:58.491812Z,0.6100,7.72,yes
2026-10-05T00:38:58.491812Z,0.6100,0.10,yes
2026-10-05T00:38:58.491812Z,0.6000,0.10,yes
2026-10-05T00:38:58.822266Z,0.6100,0.01,yes
2026-10-05T00:38:59.24426Z,0.6100,10.99,yes
2026-10-05T00:38:59.24426Z,0.6200,0.10,yes
2026-10-05T00:38:59.24426Z,0.6200,4.78,yes
2026-10-05T00:39:00.082617Z,0.5800,41.40,no
2026-10-05T00:39:00.082617Z,0.5800,100.00,no
2026-10-05T00:39:00.082617Z,0.5800,16.00,no
2026-10-05T00:39:00.082617Z,0.5800,30.00,no
2026-10-05T00:39:00.138666Z,0.6200,20.36,yes
2026-10-05T00:39:00.138666Z,0.6200,10.00,yes
2026-10-05T00:39:00.138666Z,0.6200,1.00,yes
2026-10-05T00:39:00.138666Z,0.6200,24.22,yes
2026-10-05T00:39:01.162071Z,0.6200,6.85,yes
2026-10-05T00:39:01.162071Z,0.6200,1.00,yes
2026-10-05T00:39:01.490942Z,0.5800,50.00,no
2026-10-05T00:39:01.490942Z,0.5800,18.17,no
2026-10-05T00:39:01.490942Z,0.5800,42.00,no
2026-10-05T00:39:01.490942Z,0.5800,58.60,no
2026-10-05T00:39:01.635685Z,0.6100,7.97,yes
2026-10-05T00:39:02.399166Z,0.5800,46.40,no
2026-10-05T00:39:02.399166Z,0.5800,47.49,no
2026-10-05T00:39:02.399166Z,0.5800,23.23,no
2026-10-05T00:39:02.530155Z,0.6100,29.00,yes
2026-10-05T00:39:02.530155Z,0.6100,7.00,yes
2026-10-05T00:39:02.530155Z,0.6100,27.11,yes
2026-10-05T00:39:02.530155Z,0.6100,7.03,yes
2026-10-05T00:39:02.530155Z,0.6100,9.64,yes
2026-10-05T00:39:02.555815Z,0.6200,5.35,yes
2026-10-05T00:39:02.996309Z,0.5800,10.00,no
2026-10-05T00:39:03.872217Z,0.5800,29.69,no
2026-10-05T00:39:06.870892Z,0.6100,100.00,yes
2026-10-05T00:39:06.870892Z,0.6100,11.00,yes
2026-10-05T00:39:06.870892Z,0.6200,8.82,yes
2026-10-05T00:39:06.870892Z,0.6200,29.00,yes
2026-10-05T00:39:06.870892Z,0.6200,10.00,yes
2026-10-05T00:39:06.906516Z,0.6200,1.00,yes
2026-10-05T00:39:06.906516Z,0.6200,77.00,yes
2026-10-05T00:39:06.906516Z,0.6200,10.00,yes
2026-10-05T00:39:06.906516Z,0.6300,30.00,yes
2026-10-05T00:39:06.906516Z,0.6200,5.00,yes
2026-10-05T00:39:06.906516Z,0.6200,17.18,yes
2026-10-05T00:39:06.906516Z,0.6300,5.46,yes
2026-10-05T00:39:06.906516Z,0.6300,10.00,yes
2026-10-05T00:39:07.086443Z,0.6300,29.00,yes
2026-10-05T00:39:07.087206Z,0.6300,20.00,yes
2026-10-05T00:39:07.209269Z,0.6200,4.31,yes
2026-10-05T00:39:07.209269Z,0.6200,11.00,yes
2026-10-05T00:39:07.869104Z,0.6200,5.69,yes
2026-10-05T00:39:07.869104Z,0.6200,6.87,yes
2026-10-05T00:39:08.026398Z,0.6100,20.00,yes
2026-10-05T00:39:08.026398Z,0.6100,11.42,yes
2026-10-05T00:39:08.089438Z,0.6300,5.63,yes
2026-10-05T00:39:08.089438Z,0.6200,10.00,yes
2026-10-05T00:39:08.596449Z,0.6200,7.79,yes
2026-10-05T00:39:08.731845Z,0.6200,0.01,yes
2026-10-05T00:39:09.303899Z,0.6100,25.00,no
2026-10-05T00:39:09.303899Z,0.6000,94.56,no
2026-10-05T00:39:09.303899Z,0.6000,1.00,no
2026-10-05T00:39:09.833849Z,0.6300,4.37,yes
2026-10-05T00:39:09.833849Z,0.6300,17.77,yes
2026-10-05T00:39:09.833849Z,0.6200,3.20,yes
2026-10-05T00:39:09.833849Z,0.6200,100.00,yes
2026-10-05T00:39:10.543032Z,0.6000,0.44,no
2026-10-05T00:39:10.543032Z,0.6000,61.83,no
2026-10-05T00:39:10.543032Z,0.6000,8.00,no
2026-10-05T00:39:10.573246Z,0.6300,15.47,yes
2026-10-05T00:39:10.926395Z,0.5900,33.45,no
2026-10-05T00:39:10.926395Z,0.5800,10.00,no
2026-10-05T00:39:10.926395Z,0.5900,198.00,no
2026-10-05T00:39:10.926395Z,0.5800,37.10,no
2026-10-05T00:39:10.926395Z,0.5900,100.00,no
2026-10-05T00:39:10.926395Z,0.6000,32.73,no
2026-10-05T00:39:10.926395Z,0.6000,5.00,no
2026-10-05T00:39:10.926395Z,0.6000,62.27,no
2026-10-05T00:39:10.926395Z,0.5900,42.00,no
2026-10-05T00:39:10.926395Z,0.5800,0.10,no
2026-10-05T00:39:10.926395Z,0.5900,48.00,no
2026-10-05T00:39:10.926395Z,0.5800,12.82,no
2026-10-05T00:39:10.926395Z,0.6000,42.00,no
2026-10-05T00:39:10.926395Z,0.5800,200.00,no
2026-10-05T00:39:10.926395Z,0.5800,10.00,no
2026-10-05T00:39:11.125255Z,0.5900,163.00,no
2026-10-05T00:39:11.125255Z,0.5900,70.95,no
2026-10-05T00:39:11.233775Z,0.6300,13.53,yes
2026-10-05T00:39:11.233775Z,0.6300,9.67,yes
2026-10-05T00:39:11.68596Z,0.6300,2.76,yes
2026-10-05T00:39:11.68596Z,0.6300,0.33,yes
2026-10-05T00:39:11.953271Z,0.6300,10.00,yes
2026-10-05T00:39:11.953271Z,0.6300,172.00,yes
2026-10-05T00:39:11.953271Z,0.6300,29.00,yes
2026-10-05T00:39:11.953271Z,0.6300,56.00,yes
2026-10-05T00:39:11.953271Z,0.6300,1.00,yes
2026-10-05T00:39:11.953271Z,0.6400,68.15,yes
2026-10-05T00:39:11.953271Z,0.6300,30.00,yes
2026-10-05T00:39:11.953271Z,0.6400,10.00,yes
2026-10-05T00:39:11.953271Z,0.6400,121.80,yes
2026-10-05T00:39:12.192208Z,0.6300,6.18,yes
2026-10-05T00:39:12.262973Z,0.6300,42.29,yes
2026-10-05T00:39:12.262973Z,0.6300,3.82,yes
2026-10-05T00:39:12.262973Z,0.6300,56.00,yes
2026-10-05T00:39:12.357894Z,0.6400,37.11,yes
2026-10-05T00:39:12.357894Z,0.6400,1.31,yes
2026-10-05T00:39:12.357894Z,0.6400,10.00,yes
2026-10-05T00:39:12.357894Z,0.6300,11.00,yes
2026-10-05T00:39:12.357894Z,0.6300,56.00,yes
2026-10-05T00:39:12.357894Z,0.6300,18.00,yes
2026-10-05T00:39:12.619048Z,0.6400,7.00,yes
2026-10-05T00:39:12.619048Z,0.6400,30.90,yes
2026-10-05T00:39:13.381421Z,0.6000,82.14,no
2026-10-05T00:39:13.381421Z,0.6000,1.00,no
2026-10-05T00:39:13.381421Z,0.6000,16.00,no
2026-10-05T00:39:13.540808Z,0.6300,36.20,yes
2026-10-05T00:39:13.540808Z,0.6300,1.00,yes
2026-10-05T00:39:13.540808Z,0.6300,10.00,yes
2026-10-05T00:39:13.540808Z,0.6300,29.00,yes
2026-10-05T00:39:13.668633Z,0.6000,42.00,no
2026-10-05T00:39:13.668633Z,0.5900,127.79,no
2026-10-05T00:39:13.668633Z,0.6000,1.00,no
2026-10-05T00:39:13.668633Z,0.6000,95.00,no
2026-10-05T00:39:13.668633Z,0.5900,48.00,no
2026-10-05T00:39:13.668633Z,0.5900,5.00,no
2026-10-05T00:39:13.749491Z,0.6200,7.79,yes
2026-10-05T00:39:13.886724Z,0.6200,0.01,yes
2026-10-05T00:39:14.893609Z,0.6300,2.31,yes
2026-10-05T00:39:14.893609Z,0.6300,10.00,yes
2026-10-05T00:39:14.893609Z,0.6200,3.20,yes
2026-10-05T00:39:15.658593Z,0.6000,3.46,no
2026-10-05T00:39:15.822463Z,0.6300,56.00,yes
2026-10-05T00:39:15.822463Z,0.6300,10.00,yes
2026-10-05T00:39:15.822463Z,0.6300,2.00,yes
2026-10-05T00:39:15.822463Z,0.6300,6.00,yes
2026-10-05T00:39:15.822463Z,0.6300,2.20,yes
2026-10-05T00:39:17.331988Z,0.6000,95.00,no
2026-10-05T00:39:17.331988Z,0.6000,1.00,no
2026-10-05T00:39:17.331988Z,0.6000,5.00,no
2026-10-05T00:39:17.331988Z,0.6000,42.00,no
2026-10-05T00:39:17.331988Z,0.6000,58.91,no
2026-10-05T00:39:17.331988Z,0.6000,7.00,no
2026-10-05T00:39:17.825364Z,0.6300,29.00,yes
2026-10-05T00:39:17.825364Z,0.6300,27.80,yes
2026-10-05T00:39:17.825364Z,0.6400,10.00,yes
2026-10-05T00:39:17.825364Z,0.6400,6.28,yes
2026-10-05T00:39:17.825364Z,0.6300,56.00,yes
2026-10-05T00:39:17.825364Z,0.6300,5.00,yes
2026-10-05T00:39:17.825364Z,0.6300,10.00,yes
2026-10-05T00:39:17.825364Z,0.6300,8.60,yes
2026-10-05T00:39:17.825364Z,0.6300,164.00,yes
2026-10-05T00:39:18.603751Z,0.6300,4.47,yes
2026-10-05T00:39:18.603751Z,0.6300,11.00,yes
2026-10-05T00:39:19.919662Z,0.6000,20.89,no
2026-10-05T00:39:20.380817Z,0.6200,11.00,yes
2026-10-05T00:39:20.380817Z,0.6300,27.48,yes
2026-10-05T00:39:21.556911Z,0.6400,22.72,yes
2026-10-05T00:39:21.556911Z,0.6500,10.00,yes
2026-10-05T00:39:21.556911Z,0.7100,111.42,yes
2026-10-05T00:39:21.556911Z,0.6600,10.00,yes
2026-10-05T00:39:21.556911Z,0.6900,5.00,yes
2026-10-05T00:39:21.556911Z,0.6300,56.00,yes
2026-10-05T00:39:21.556911Z,0.6800,10.00,yes
2026-10-05T00:39:21.556911Z,0.6300,100.00,yes
2026-10-05T00:39:21.556911Z,0.6400,10.00,yes
2026-10-05T00:39:21.556911Z,0.7000,15.00,yes
2026-10-05T00:39:21.556911Z,0.6400,305.26,yes
2026-10-05T00:39:21.556911Z,0.6700,10.00,yes
2026-10-05T00:39:21.556911Z,0.6300,29.00,yes
2026-10-05T00:39:21.556911Z,0.6400,48.46,yes
2026-10-05T00:39:21.556911Z,0.6300,5.00,yes
2026-10-05T00:39:21.556911Z,0.6400,194.00,yes
2026-10-05T00:39:21.556911Z,0.6300,18.00,yes
2026-10-05T00:39:21.556911Z,0.6300,9.62,yes
2026-10-05T00:39:21.556911Z,0.6700,0.40,yes
2026-10-05T00:39:21.556911Z,0.6500,500.00,yes
2026-10-05T00:39:21.556911Z,0.7000,12.98,yes
2026-10-05T00:39:21.556911Z,0.6500,10.00,yes
2026-10-05T00:39:21.556911Z,0.6700,0.52,yes
2026-10-05T00:39:21.556911Z,0.6900,46.79,yes
2026-10-05T00:39:21.556911Z,0.6900,3.00,yes
2026-10-05T00:39:21.556911Z,0.6500,1.00,yes
2026-10-05T00:39:21.556911Z,0.6700,4.00,yes
2026-10-05T00:39:21.556911Z,0.7000,1.00,yes
2026-10-05T00:39:21.556911Z,0.6800,1.00,yes
2026-10-05T00:39:21.805995Z,0.6100,42.00,no
2026-10-05T00:39:21.805995Z,0.6200,54.00,no
2026-10-05T00:39:21.805995Z,0.6200,1.00,no
2026-10-05T00:39:21.805995Z,0.6200,104.00,no
2026-10-05T00:39:21.805995Z,0.6100,8.34,no
2026-10-05T00:39:21.805995Z,0.6200,100.00,no
2026-10-05T00:39:21.805995Z,0.6200,8.00,no
2026-10-05T00:39:21.805995Z,0.6200,42.00,no
2026-10-05T00:39:22.034428Z,0.6500,3.75,yes
2026-10-05T00:39:22.034428Z,0.6500,10.00,yes
2026-10-05T00:39:22.145507Z,0.6200,1.00,no
2026-10-05T00:39:22.145507Z,0.6200,26.60,no
2026-10-05T00:39:22.389383Z,0.6600,16.19,yes
2026-10-05T00:39:23.597268Z,0.6400,6.00,no
2026-10-05T00:39:23.597268Z,0.6300,0.35,no
2026-10-05T00:39:23.597268Z,0.6300,12.40,no
2026-10-05T00:39:23.780402Z,0.6200,80.07,no
2026-10-05T00:39:23.780402Z,0.6300,9.00,no
2026-10-05T00:39:23.780402Z,0.6200,5.00,no
2026-10-05T00:39:24.093567Z,0.6200,10.00,no
2026-10-05T00:39:24.114715Z,0.6200,15.57,no
2026-10-05T00:39:24.114715Z,0.6200,2.00,no
2026-10-05T00:39:25.268991Z,0.6300,4.99,no
2026-10-05T00:39:25.623194Z,0.6500,1.50,yes
2026-10-05T00:39:25.918983Z,0.6300,4.01,no
2026-10-05T00:39:25.918983Z,0.6200,15.26,no
2026-10-05T00:39:25.918983Z,0.6300,5.00,no
2026-10-05T00:39:25.918983Z,0.6300,7.00,no
2026-10-05T00:39:26.893204Z,0.7000,59.87,yes
2026-10-05T00:39:26.893204Z,0.6500,11.00,yes
2026-10-05T00:39:26.893204Z,0.6800,53.00,yes
2026-10-05T00:39:26.893204Z,0.6900,31.70,yes
2026-10-05T00:39:26.893204Z,0.6700,72.00,yes
2026-10-05T00:39:26.893204Z,0.6700,29.00,yes
2026-10-05T00:39:26.893204Z,0.6500,9.50,yes
2026-10-05T00:39:26.893204Z,0.7000,31.00,yes
2026-10-05T00:39:26.893204Z,0.6900,29.00,yes
2026-10-05T00:39:26.893204Z,0.7000,1.00,yes
2026-10-05T00:39:26.893204Z,0.6700,1.00,yes
2026-10-05T00:39:26.893204Z,0.6900,10.50,yes
2026-10-05T00:39:26.893204Z,0.6700,7.00,yes
2026-10-05T00:39:26.893204Z,0.6600,10.00,yes
2026-10-05T00:39:27.344412Z,0.6800,29.97,yes
2026-10-05T00:39:27.344412Z,0.6700,5.00,yes
2026-10-05T00:39:28.421632Z,0.6400,15.63,no
2026-10-05T00:39:28.548516Z,0.6200,7.00,no
2026-10-05T00:39:28.548516Z,0.6100,36.45,no
2026-10-05T00:39:28.548516Z,0.6200,42.00,no
2026-10-05T00:39:28.548516Z,0.6200,7.37,no
2026-10-05T00:39:28.548516Z,0.6300,1.00,no
2026-10-05T00:39:28.575912Z,0.6700,5.00,yes
2026-10-05T00:39:28.575912Z,0.6700,21.86,yes
2026-10-05T00:39:28.575912Z,0.6700,10.00,yes
2026-10-05T00:39:28.575912Z,0.6700,5.00,yes
2026-10-05T00:39:28.575912Z,0.6700,29.00,yes
2026-10-05T00:39:28.575912Z,0.6700,26.00,yes
2026-10-05T00:39:29.282957Z,0.6700,14.89,yes
2026-10-05T00:39:29.282957Z,0.6700,11.00,yes
2026-10-05T00:39:29.282957Z,0.6600,10.00,yes
2026-10-05T00:39:29.282957Z,0.6600,11.00,yes
2026-10-05T00:39:29.282957Z,0.6700,10.00,yes
2026-10-05T00:39:29.620376Z,0.6700,4.25,yes
2026-10-05T00:39:30.779979Z,0.6600,28.58,yes
2026-10-05T00:39:31.320126Z,0.6700,5.48,yes
2026-10-05T00:39:31.320126Z,0.6600,10.00,yes
2026-10-05T00:39:31.320126Z,0.6700,36.00,yes
2026-10-05T00:39:31.320126Z,0.6600,80.00,yes
2026-10-05T00:39:31.320126Z,0.6700,10.00,yes
2026-10-05T00:39:31.320126Z,0.6600,5.00,yes
2026-10-05T00:39:32.430493Z,0.6900,8.00,yes
2026-10-05T00:39:32.430493Z,0.6700,72.00,yes
2026-10-05T00:39:32.430493Z,0.6800,5.00,yes
2026-10-05T00:39:32.430493Z,0.6700,1.59,yes
2026-10-05T00:39:32.430493Z,0.6700,10.00,yes
2026-10-05T00:39:32.430493Z,0.6900,33.47,yes
2026-10-05T00:39:32.430493Z,0.7000,74.19,yes
2026-10-05T00:39:32.430493Z,0.6800,29.00,yes
2026-10-05T00:39:32.430493Z,0.6800,10.00,yes
2026-10-05T00:39:32.430493Z,0.6900,10.00,yes
2026-10-05T00:39:32.430493Z,0.6900,1.00,yes
2026-10-05T00:39:32.430493Z,0.6900,29.00,yes
2026-10-05T00:39:32.451213Z,0.6300,0.10,no
2026-10-05T00:39:32.451213Z,0.6300,0.10,no
2026-10-05T00:39:32.451213Z,0.6200,19.71,no
2026-10-05T00:39:32.451213Z,0.6300,42.00,no
2026-10-05T00:39:32.451213Z,0.6200,26.00,no
2026-10-05T00:39:32.451213Z,0.6200,7.00,no
2026-10-05T00:39:32.451213Z,0.6500,30.15,no
2026-10-05T00:39:32.451213Z,0.6200,1.00,no
2026-10-05T00:39:32.451213Z,0.6300,30.00,no
2026-10-05T00:39:33.078432Z,0.6400,42.00,no
2026-10-05T00:39:33.078432Z,0.6400,22.60,no
2026-10-05T00:39:33.981147Z,0.6700,10.00,yes
2026-10-05T00:39:33.981147Z,0.6700,11.00,yes
2026-10-05T00:39:33.981147Z,0.6800,14.95,yes
2026-10-05T00:39:34.440609Z,0.6800,12.20,yes
2026-10-05T00:39:34.440609Z,0.6700,11.00,yes
2026-10-05T00:39:34.440609Z,0.6700,10.00,yes
2026-10-05T00:39:34.440609Z,0.6800,29.00,yes
2026-10-05T00:39:34.440609Z,0.6800,10.00,yes
2026-10-05T00:39:34.95386Z,0.6500,3.00,no
2026-10-05T00:39:34.95386Z,0.6500,28.87,no
2026-10-05T00:39:34.966172Z,0.6800,18.80,yes
2026-10-05T00:39:34.966172Z,0.6800,9.22,yes
2026-10-05T00:39:34.966172Z,0.6800,10.00,yes
2026-10-05T00:39:34.966172Z,0.6800,5.00,yes
2026-10-05T00:39:35.056161Z,0.6500,1.04,no
2026-10-05T00:39:35.183821Z,0.6500,1.76,no
2026-10-05T00:39:35.937449Z,0.6900,1.00,yes
2026-10-05T00:39:35.937449Z,0.6900,0.38,yes
2026-10-05T00:39:35.985208Z,0.6500,5.24,no
2026-10-05T00:39:35.985208Z,0.6400,93.00,no
2026-10-05T00:39:35.985208Z,0.6400,44.89,no
2026-10-05T00:39:35.985208Z,0.6500,9.00,no
2026-10-05T00:39:35.985208Z,0.6500,1.00,no
2026-10-05T00:39:35.985208Z,0.6400,15.00,no
2026-10-05T00:39:35.985208Z,0.6400,31.00,no
2026-10-05T00:39:35.985208Z,0.6400,42.00,no
2026-10-05T00:39:35.985208Z,0.6400,7.00,no
2026-10-05T00:39:35.985208Z,0.6500,42.00,no
2026-10-05T00:39:35.985208Z,0.6400,22.00,no
2026-10-05T00:39:36.151851Z,0.6800,29.00,yes
2026-10-05T00:39:36.151851Z,0.6800,34.00,yes
2026-10-05T00:39:36.151851Z,0.6800,7.92,yes
2026-10-05T00:39:36.461775Z,0.6800,28.36,yes
2026-10-05T00:39:37.12783Z,0.6900,66.62,yes
2026-10-05T00:39:37.12783Z,0.6900,3.85,yes
2026-10-05T00:39:38.109849Z,0.6900,5.00,yes
2026-10-05T00:39:38.109849Z,0.6900,29.00,yes
2026-10-05T00:39:38.109849Z,0.6900,24.54,yes
2026-10-05T00:39:38.109849Z,0.6900,12.00,yes
2026-10-05T00:39:38.109849Z,0.6900,0.38,yes
2026-10-05T00:39:38.113957Z,0.6500,20.00,no
2026-10-05T00:39:39.278244Z,0.6600,10.00,yes
2026-10-05T00:39:39.278244Z,0.6600,11.00,yes
2026-10-05T00:39:39.278244Z,0.6700,20.73,yes
2026-10-05T00:39:39.278244Z,0.6700,11.00,yes
2026-10-05T00:39:39.278244Z,0.6700,10.00,yes
2026-10-05T00:39:39.530751Z,0.6700,52.10,yes
2026-10-05T00:39:39.530751Z,0.6700,10.00,yes
2026-10-05T00:39:39.530751Z,0.6700,5.00,yes
2026-10-05T00:39:40.162129Z,0.6700,19.90,yes
2026-10-05T00:39:40.162129Z,0.6700,9.27,yes
2026-10-05T00:39:40.705953Z,0.6700,7.29,yes
2026-10-05T00:39:41.053544Z,0.6700,19.90,yes
2026-10-05T00:39:41.053544Z,0.6700,0.10,yes
2026-10-05T00:39:41.053544Z,0.6700,52.10,yes
2026-10-05T00:39:41.053544Z,0.6700,10.00,yes
2026-10-05T00:39:41.053544Z,0.6700,5.00,yes
2026-10-05T00:39:41.053544Z,0.6700,12.44,yes
2026-10-05T00:39:41.053544Z,0.6800,42.88,yes
2026-10-05T00:39:41.936418Z,0.6700,135.88,yes
2026-10-05T00:39:41.936418Z,0.6700,10.00,yes
2026-10-05T00:39:42.021779Z,0.6500,14.00,no
2026-10-05T00:39:42.021779Z,0.6500,17.33,no
2026-10-05T00:39:42.95246Z,0.6600,9.00,no
2026-10-05T00:39:42.95246Z,0.6600,10.00,no
2026-10-05T00:39:43.446072Z,0.6500,18.69,no
2026-10-05T00:39:43.446072Z,0.6500,24.67,no
2026-10-05T00:39:43.532143Z,0.6600,8.46,yes
2026-10-05T00:39:44.062305Z,0.6600,10.54,yes
2026-10-05T00:39:44.062305Z,0.6900,9.00,yes
2026-10-05T00:39:44.062305Z,0.6800,0.10,yes
2026-10-05T00:39:44.062305Z,0.6900,5.00,yes
2026-10-05T00:39:44.062305Z,0.6900,29.00,yes
2026-10-05T00:39:44.062305Z,0.6600,11.00,yes
2026-10-05T00:39:44.062305Z,0.6600,11.00,yes
2026-10-05T00:39:44.062305Z,0.6900,67.00,yes
2026-10-05T00:39:44.062305Z,0.6900,0.10,yes
2026-10-05T00:39:44.062305Z,0.6800,29.00,yes
2026-10-05T00:39:44.062305Z,0.7000,5.99,yes
2026-10-05T00:39:44.117889Z,0.6500,31.21,no
2026-10-05T00:39:44.574087Z,0.6500,50.10,no
2026-10-05T00:39:44.574087Z,0.6400,40.28,no
2026-10-05T00:39:44.574087Z,0.6400,1.89,no
2026-10-05T00:39:44.574087Z,0.6500,42.00,no
2026-10-05T00:39:45.936899Z,0.6700,1.16,yes
2026-10-05T00:39:46.924531Z,0.6700,11.67,yes
2026-10-05T00:39:47.515767Z,0.6700,269.88,yes
2026-10-05T00:39:48.109278Z,0.6700,8.49,yes
2026-10-05T00:39:48.415948Z,0.6700,48.96,yes
2026-10-05T00:39:48.415948Z,0.6700,208.80,yes
2026-10-05T00:39:48.415948Z,0.6700,29.00,yes
2026-10-05T00:39:48.415948Z,0.6700,5.00,yes
2026-10-05T00:39:48.992592Z,0.6600,11.00,yes
2026-10-05T00:39:48.992592Z,0.6600,32.76,yes
2026-10-05T00:39:49.446971Z,0.6800,10.00,yes
2026-10-05T00:39:49.446971Z,0.6700,7.00,yes
2026-10-05T00:39:49.446971Z,0.6900,7.00,yes
2026-10-05T00:39:49.446971Z,0.6900,1.00,yes
2026-10-05T00:39:49.446971Z,0.6900,35.00,yes
2026-10-05T00:39:49.446971Z,0.6900,10.00,yes
2026-10-05T00:39:49.446971Z,0.6800,29.00,yes
2026-10-05T00:39:49.446971Z,0.6900,24.04,yes
2026-10-05T00:39:49.446971Z,0.6600,67.24,yes
2026-10-05T00:39:49.446971Z,0.6800,10.00,yes
2026-10-05T00:39:49.446971Z,0.6900,67.00,yes
2026-10-05T00:39:49.446971Z,0.6900,5.00,yes
2026-10-05T00:39:49.446971Z,0.6700,10.00,yes
2026-10-05T00:39:49.446971Z,0.6800,1.89,yes
2026-10-05T00:39:52.031315Z,0.6300,1.00,no
2026-10-05T00:39:52.031315Z,0.6400,12.00,no
2026-10-05T00:39:52.031315Z,0.6500,52.74,no
2026-10-05T00:39:52.031315Z,0.6400,93.00,no
2026-10-05T00:39:52.031315Z,0.6300,28.78,no
2026-10-05T00:39:52.830564Z,0.6600,5.00,yes
2026-10-05T00:39:52.830564Z,0.6700,10.00,yes
2026-10-05T00:39:52.830564Z,0.6700,72.00,yes
2026-10-05T00:39:52.830564Z,0.6700,29.00,yes
2026-10-05T00:39:52.830564Z,0.6600,5.28,yes
2026-10-05T00:39:52.830564Z,0.6800,7.62,yes
2026-10-05T00:39:52.830564Z,0.6700,10.00,yes
2026-10-05T00:39:52.830564Z,0.6700,7.00,yes
2026-10-05T00:39:55.081201Z,0.6500,11.00,no
2026-10-05T00:39:55.477246Z,0.6500,8.35,no
2026-10-05T00:39:55.907517Z,0.6500,39.00,no
2026-10-05T00:39:55.907517Z,0.6500,9.98,no
2026-10-05T00:39:55.907517Z,0.6500,39.00,no
2026-10-05T00:39:55.907517Z,0.6500,83.65,no
2026-10-05T00:39:56.48459Z,0.6500,8.00,no
2026-10-05T00:39:56.48459Z,0.6500,10.16,no
2026-10-05T00:39:56.48459Z,0.6500,32.02,no
2026-10-05T00:39:56.601111Z,0.6900,5.00,yes
2026-10-05T00:39:56.601111Z,0.6600,11.00,yes
2026-10-05T00:39:56.601111Z,0.6900,29.00,yes
2026-10-05T00:39:56.601111Z,0.6900,15.37,yes
2026-10-05T00:39:56.601111Z,0.6900,11.00,yes
2026-10-05T00:39:57.491852Z,0.6800,7.00,yes
2026-10-05T00:39:57.491852Z,0.6800,21.76,yes
2026-10-05T00:39:58.009325Z,0.6500,10.95,no
2026-10-05T00:39:58.161461Z,0.6800,8.48,yes
2026-10-05T00:39:58.476444Z,0.6800,2.52,yes
2026-10-05T00:39:58.476444Z,0.6800,10.00,yes
2026-10-05T00:39:58.476444Z,0.6800,0.97,yes
2026-10-05T00:39:59.057989Z,0.6800,2.55,yes
2026-10-05T00:39:59.057989Z,0.6800,11.00,yes
2026-10-05T00:39:59.084694Z,0.6600,31.21,no
2026-10-05T00:39:59.191079Z,0.6600,35.96,no
2026-10-05T00:39:59.191079Z,0.6600,0.10,no
2026-10-05T00:39:59.191079Z,0.6600,10.79,no
2026-10-05T00:40:00.116588Z,0.6900,35.00,yes
2026-10-05T00:40:00.116588Z,0.6900,10.00,yes
2026-10-05T00:40:00.116588Z,0.6900,5.00,yes
2026-10-05T00:40:00.116588Z,0.6900,7.00,yes
2026-10-05T00:40:00.116588Z,0.6900,29.00,yes
2026-10-05T00:40:00.116588Z,0.6900,54.15,yes
2026-10-05T00:40:00.391716Z,0.6900,21.27,yes
2026-10-05T00:40:00.603904Z,0.6900,28.36,yes
2026-10-05T00:40:01.548226Z,0.6500,19.99,no
2026-10-05T00:40:02.588334Z,0.6900,5.00,yes
2026-10-05T00:40:02.588334Z,0.6900,5.99,yes
2026-10-05T00:40:02.588334Z,0.6900,17.37,yes
2026-10-05T00:40:02.937352Z,0.6500,8.81,no
2026-10-05T00:40:03.012859Z,0.6900,40.78,yes
2026-10-05T00:40:03.012859Z,0.6900,21.27,yes
2026-10-05T00:40:03.012859Z,0.6900,4.01,yes
2026-10-05T00:40:03.012859Z,0.6900,29.00,yes
2026-10-05T00:40:03.012859Z,0.6900,28.36,yes
2026-10-05T00:40:03.012859Z,0.6900,4.00,yes
2026-10-05T00:40:03.012859Z,0.6900,17.37,yes
2026-10-05T00:40:03.012859Z,0.6900,5.00,yes
2026-10-05T00:40:03.037124Z,0.6900,4.18,yes
2026-10-05T00:40:03.037124Z,0.6900,10.00,yes
2026-10-05T00:40:03.326839Z,0.6900,34.04,yes
2026-10-05T00:40:04.193158Z,0.6800,3.18,yes
2026-10-05T00:40:04.193158Z,0.6800,11.00,yes
2026-10-05T00:40:05.10225Z,0.6500,50.00,no
2026-10-05T00:40:05.257006Z,0.6800,6.82,yes
2026-10-05T00:40:05.257006Z,0.6900,3.27,yes
2026-10-05T00:40:05.257006Z,0.6800,5.00,yes
2026-10-05T00:40:05.988035Z,0.6800,10.00,yes
2026-10-05T00:40:05.988035Z,0.6800,11.00,yes
2026-10-05T00:40:05.988035Z,0.6800,45.27,yes
2026-10-05T00:40:05.988035Z,0.6800,5.00,yes
2026-10-05T00:40:06.014431Z,0.6800,7.19,yes
2026-10-05T00:40:06.657771Z,0.6800,28.76,yes
2026-10-05T00:40:07.078585Z,0.6500,42.00,no
2026-10-05T00:40:07.078585Z,0.6500,57.91,no
2026-10-05T00:40:07.078585Z,0.6500,0.09,no
2026-10-05T00:40:07.763125Z,0.6500,65.92,no
2026-10-05T00:40:07.763125Z,0.6400,66.36,no
2026-10-05T00:40:07.763125Z,0.6400,1.00,no
2026-10-05T00:40:08.332119Z,0.6700,7.19,yes
2026-10-05T00:40:09.441576Z,0.6700,2.81,yes
2026-10-05T00:40:09.441576Z,0.6600,11.00,yes
2026-10-05T00:40:09.441576Z,0.6700,0.92,yes
2026-10-05T00:40:09.506203Z,0.6700,44.86,yes
2026-10-05T00:40:09.506203Z,0.6700,28.08,yes
2026-10-05T00:40:09.604528Z,0.6700,9.77,yes
2026-10-05T00:40:09.609684Z,0.6300,100.00,no
2026-10-05T00:40:09.609684Z,0.6400,33.64,no
2026-10-05T00:40:09.609684Z,0.6200,1.78,no
2026-10-05T00:40:09.609684Z,0.6400,10.00,no
2026-10-05T00:40:09.609684Z,0.6400,0.10,no
2026-10-05T00:40:09.609684Z,0.6400,42.00,no
2026-10-05T00:40:10.448743Z,0.6600,22.00,yes
2026-10-05T00:40:10.448743Z,0.6700,2.17,yes
2026-10-05T00:40:10.448743Z,0.6600,5.00,yes
2026-10-05T00:40:10.459115Z,0.7100,96.15,yes
2026-10-05T00:40:10.459115Z,0.7000,15.00,yes
2026-10-05T00:40:10.459115Z,0.6900,10.00,yes
2026-10-05T00:40:10.459115Z,0.6800,29.00,yes
2026-10-05T00:40:10.459115Z,0.6800,7.00,yes
2026-10-05T00:40:10.459115Z,0.7000,10.00,yes
2026-10-05T00:40:10.459115Z,0.6700,10.00,yes
2026-10-05T00:40:10.459115Z,0.6700,44.86,yes
2026-10-05T00:40:10.459115Z,0.6700,1.00,yes
2026-10-05T00:40:10.459115Z,0.6700,9.77,yes
2026-10-05T00:40:10.459115Z,0.6900,60.43,yes
2026-10-05T00:40:10.459115Z,0.7000,175.00,yes
2026-10-05T00:40:10.459115Z,0.6700,15.20,yes
2026-10-05T00:40:10.459115Z,0.6700,29.00,yes
2026-10-05T00:40:10.459115Z,0.6800,10.00,yes
2026-10-05T00:40:10.459115Z,0.6800,18.78,yes
2026-10-05T00:40:10.459115Z,0.6900,7.00,yes
2026-10-05T00:40:11.329689Z,0.6200,28.22,no
2026-10-05T00:40:11.329689Z,0.6300,12.00,no
2026-10-05T00:40:11.329689Z,0.6200,42.00,no
2026-10-05T00:40:11.329689Z,0.6300,30.00,no
2026-10-05T00:40:11.329689Z,0.6300,15.00,no
2026-10-05T00:40:11.329689Z,0.6100,29.30,no
2026-10-05T00:40:11.329689Z,0.6200,30.00,no
2026-10-05T00:40:11.329689Z,0.6300,1.00,no
2026-10-05T00:40:12.507059Z,0.6500,1.49,yes
2026-10-05T00:40:13.063427Z,0.6500,5.00,yes
2026-10-05T00:40:13.063427Z,0.6500,5.51,yes
2026-10-05T00:40:13.063427Z,0.6600,1.25,yes
2026-10-05T00:40:13.127378Z,0.6500,5.00,yes
2026-10-05T00:40:13.127378Z,0.6600,2.33,yes
2026-10-05T00:40:13.133274Z,0.6600,9.13,yes
2026-10-05T00:40:13.152183Z,0.6400,14.00,no
2026-10-05T00:40:13.42409Z,0.6600,1.45,yes
2026-10-05T00:40:13.512849Z,0.6600,56.74,yes
2026-10-05T00:40:13.512849Z,0.6600,15.84,yes
2026-10-05T00:40:13.588158Z,0.6600,1.42,yes
2026-10-05T00:40:14.65306Z,0.6500,7.50,yes
2026-10-05T00:40:15.08809Z,0.6600,14.84,yes
2026-10-05T00:40:15.08809Z,0.6500,3.50,yes
2026-10-05T00:40:15.08809Z,0.6500,5.00,yes
2026-10-05T00:40:15.08809Z,0.6600,29.00,yes
2026-10-05T00:40:15.08809Z,0.6600,18.87,yes
2026-10-05T00:40:15.403845Z,0.6600,0.10,yes
2026-10-05T00:40:15.403845Z,0.6600,2.78,yes
2026-10-05T00:40:15.403845Z,0.6600,10.43,yes
2026-10-05T00:40:15.848154Z,0.6600,3.38,yes
2026-10-05T00:40:16.041494Z,0.6600,5.00,yes
2026-10-05T00:40:16.041494Z,0.6600,14.84,yes
2026-10-05T00:40:16.041494Z,0.6600,84.52,yes
2026-10-05T00:40:16.041494Z,0.6600,100.00,yes
2026-10-05T00:40:16.041494Z,0.6600,1.00,yes
2026-10-05T00:40:16.041494Z,0.6600,50.58,yes
2026-10-05T00:40:16.041494Z,0.6600,1.42,yes
2026-10-05T00:40:17.461466Z,0.6400,25.67,no
2026-10-05T00:40:19.594921Z,0.6500,3.00,yes
2026-10-05T00:40:20.221066Z,0.6600,3.01,yes
2026-10-05T00:40:20.221066Z,0.6500,8.00,yes
2026-10-05T00:40:20.221066Z,0.6600,3.38,yes
2026-10-05T00:40:20.221066Z,0.6600,5.00,yes
2026-10-05T00:40:20.221066Z,0.6500,13.00,yes
2026-10-05T00:40:20.221066Z,0.6600,66.84,yes
2026-10-05T00:40:20.221066Z,0.6600,29.00,yes
2026-10-05T00:40:20.221066Z,0.6600,2.78,yes
2026-10-05T00:40:20.221066Z,0.6500,10.00,yes
2026-10-05T00:40:20.221066Z,0.6600,7.00,yes
2026-10-05T00:40:20.481231Z,0.6400,100.00,no
2026-10-05T00:40:20.481231Z,0.6200,104.00,no
2026-10-05T00:40:20.481231Z,0.6400,56.48,no
2026-10-05T00:40:20.481231Z,0.6500,50.54,no
2026-10-05T00:40:20.481231Z,0.6200,1.00,no
2026-10-05T00:40:20.481231Z,0.6100,18.97,no
2026-10-05T00:40:20.696608Z,0.6600,10.57,yes
2026-10-05T00:40:20.696608Z,0.6500,10.00,yes
2026-10-05T00:40:20.696608Z,0.6600,1.00,yes
2026-10-05T00:40:20.696608Z,0.6600,11.00,yes
2026-10-05T00:40:21.010911Z,0.6600,5.00,yes
2026-10-05T00:40:21.010911Z,0.6600,29.81,yes
2026-10-05T00:40:21.010911Z,0.6500,1.00,yes
2026-10-05T00:40:21.203106Z,0.6600,14.79,yes
2026-10-05T00:40:21.358657Z,0.6200,1.00,no
2026-10-05T00:40:21.358657Z,0.6200,2.35,no
2026-10-05T00:40:21.957571Z,0.6600,28.40,yes
2026-10-05T00:40:21.957571Z,0.6600,29.00,yes
2026-10-05T00:40:21.957571Z,0.6600,29.81,yes
2026-10-05T00:40:21.957571Z,0.6600,14.79,yes
2026-10-05T00:40:21.957571Z,0.6600,5.00,yes
2026-10-05T00:40:21.957571Z,0.6600,10.00,yes
2026-10-05T00:40:21.957571Z,0.6600,30.54,yes
2026-10-05T00:40:23.910658Z,0.6600,7.39,yes
2026-10-05T00:40:24.742741Z,0.6500,11.00,yes
2026-10-05T00:40:24.742741Z,0.6600,11.19,yes
2026-10-05T00:40:25.364088Z,0.6600,2.95,yes
2026-10-05T00:40:26.597316Z,0.6500,10.00,yes
2026-10-05T00:40:26.597316Z,0.6500,4.79,yes
2026-10-05T00:40:27.446268Z,0.6500,5.00,yes
2026-10-05T00:40:27.446268Z,0.6500,3.61,yes
2026-10-05T00:40:27.446268Z,0.6500,0.64,yes
2026-10-05T00:40:28.081281Z,0.6500,7.50,yes
2026-10-05T00:40:28.538749Z,0.6500,5.00,yes
2026-10-05T00:40:28.538749Z,0.6500,12.50,yes
2026-10-05T00:40:28.538749Z,0.6600,10.96,yes
2026-10-05T00:40:28.538749Z,0.6500,7.00,yes
2026-10-05T00:40:29.323641Z,0.6500,600.00,no
2026-10-05T00:40:30.459221Z,0.6600,29.59,yes
2026-10-05T00:40:30.621764Z,0.6500,154.58,no
2026-10-05T00:40:31.187701Z,0.6500,109.31,no
2026-10-05T00:40:31.301953Z,0.6600,66.61,yes
2026-10-05T00:40:31.301953Z,0.6600,7.38,yes
2026-10-05T00:40:31.741057Z,0.6600,7.39,yes
2026-10-05T00:40:31.7818Z,0.6500,54.84,no
2026-10-05T00:40:31.7818Z,0.6500,136.11,no
2026-10-05T00:40:31.8303Z,0.6600,3.61,yes
2026-10-05T00:40:31.8303Z,0.6600,11.18,yes
2026-10-05T00:40:31.912433Z,0.6600,35.00,yes
2026-10-05T00:40:32.268573Z,0.6600,22.05,yes
2026-10-05T00:40:32.343295Z,0.6700,0.22,yes
2026-10-05T00:40:32.343295Z,0.6600,31.77,yes
2026-10-05T00:40:32.343295Z,0.6600,5.00,yes
2026-10-05T00:40:33.44727Z,0.6700,99.78,yes
2026-10-05T00:40:33.44727Z,0.6800,10.00,yes
2026-10-05T00:40:33.44727Z,0.6700,10.00,yes
2026-10-05T00:40:33.44727Z,0.6600,5.00,yes
2026-10-05T00:40:33.44727Z,0.6700,7.00,yes
2026-10-05T00:40:33.44727Z,0.6800,12.27,yes
2026-10-05T00:40:33.44727Z,0.6700,29.00,yes
2026-10-05T00:40:35.5374Z,0.6800,1.00,yes
2026-10-05T00:40:35.5374Z,0.6800,6.14,yes
2026-10-05T00:40:35.8643Z,0.6800,1.43,yes
2026-10-05T00:40:36.162163Z,0.6400,10.00,no
2026-10-05T00:40:36.162163Z,0.6400,1.00,no
2026-10-05T00:40:37.730716Z,0.6600,1.83,yes
2026-10-05T00:40:37.889319Z,0.6700,3.83,yes
2026-10-05T00:40:37.889319Z,0.6600,9.17,yes
2026-10-05T00:40:38.678604Z,0.6900,10.04,yes
2026-10-05T00:40:38.678604Z,0.6700,7.17,yes
2026-10-05T00:40:39.109811Z,0.6700,34.00,no
2026-10-05T00:40:39.109811Z,0.6700,1.00,no
2026-10-05T00:40:39.375429Z,0.6700,46.89,no
2026-10-05T00:40:40.312513Z,0.6800,9.00,yes
2026-10-05T00:40:40.312513Z,0.6800,1.93,yes
2026-10-05T00:40:41.211009Z,0.6700,25.00,no
2026-10-05T00:40:41.42708Z,0.6900,4.25,yes
2026-10-05T00:40:41.549858Z,0.6700,62.65,no
2026-10-05T00:40:41.549858Z,0.6700,19.69,no
2026-10-05T00:40:41.549858Z,0.6700,22.11,no
2026-10-05T00:40:42.714372Z,0.6700,42.78,no
2026-10-05T00:40:43.104479Z,0.6600,29.31,no
2026-10-05T00:40:43.104479Z,0.6700,100.00,no
2026-10-05T00:40:44.077224Z,0.6700,80.32,yes
2026-10-05T00:40:44.077224Z,0.6700,11.00,yes
2026-10-05T00:40:44.087801Z,0.6600,9.00,no
2026-10-05T00:40:44.947399Z,0.6700,20.00,yes
2026-10-05T00:40:44.947399Z,0.6700,19.68,yes
2026-10-05T00:40:44.947399Z,0.6700,47.85,yes
2026-10-05T00:40:45.94457Z,0.6600,8.83,no
2026-10-05T00:40:45.94457Z,0.6600,101.00,no
2026-10-05T00:40:45.94457Z,0.6600,21.00,no
2026-10-05T00:40:45.94457Z,0.6600,22.16,no
2026-10-05T00:40:45.94457Z,0.6600,3.69,no
2026-10-05T00:40:46.063714Z,0.6500,52.00,no
2026-10-05T00:40:46.087007Z,0.6500,100.00,no
2026-10-05T00:40:46.105243Z,0.6500,20.00,no
2026-10-05T00:40:46.107981Z,0.6500,88.00,no
2026-10-05T00:40:46.246845Z,0.6700,31.18,yes
2026-10-05T00:40:47.085228Z,0.6500,20.00,no
2026-10-05T00:40:47.086162Z,0.6500,75.00,no
2026-10-05T00:40:47.129008Z,0.6500,72.00,no
2026-10-05T00:40:47.535636Z,0.6700,4.37,yes
2026-10-05T00:40:47.692362Z,0.6700,14.58,yes
2026-10-05T00:40:47.865539Z,0.6700,9.65,yes
2026-10-05T00:40:47.865539Z,0.6700,2.02,yes
2026-10-05T00:40:48.094855Z,0.6500,136.00,no
2026-10-05T00:40:48.303963Z,0.6600,11.00,yes
2026-10-05T00:40:48.303963Z,0.6600,3.58,yes
2026-10-05T00:40:48.570768Z,0.6700,1.45,yes
2026-10-05T00:40:48.93913Z,0.6700,29.17,yes
2026-10-05T00:40:49.213035Z,0.6900,67.00,yes
2026-10-05T00:40:49.213035Z,0.6900,200.38,yes
2026-10-05T00:40:49.213035Z,0.6700,10.00,yes
2026-10-05T00:40:49.213035Z,0.6800,10.00,yes
2026-10-05T00:40:49.213035Z,0.6800,11.00,yes
2026-10-05T00:40:49.213035Z,0.6900,10.00,yes
2026-10-05T00:40:49.213035Z,0.6700,85.07,yes
2026-10-05T00:40:49.213035Z,0.6800,20.00,yes
2026-10-05T00:40:49.213035Z,0.6800,29.00,yes
2026-10-05T00:40:49.283008Z,0.6800,0.14,yes
2026-10-05T00:40:49.469796Z,0.6800,19.86,yes
2026-10-05T00:40:49.469796Z,0.6900,6.87,yes
2026-10-05T00:40:50.10096Z,0.6800,7.19,yes
2026-10-05T00:40:51.27575Z,0.6900,5.67,yes
2026-10-05T00:40:52.409123Z,0.6600,42.00,no
2026-10-05T00:40:52.409123Z,0.6600,101.00,no
2026-10-05T00:40:52.409123Z,0.6600,168.00,no
2026-10-05T00:40:52.409123Z,0.6600,47.00,no
2026-10-05T00:40:52.409123Z,0.6600,100.00,no
2026-10-05T00:40:52.409123Z,0.6600,26.62,no
2026-10-05T00:40:52.409123Z,0.6600,295.72,no
2026-10-05T00:40:52.431678Z,0.6700,3.00,no
2026-10-05T00:40:52.756727Z,0.6700,20.89,no
2026-10-05T00:40:53.076418Z,0.6900,28.36,yes
2026-10-05T00:40:53.465542Z,0.6700,18.11,no
2026-10-05T00:40:53.465542Z,0.6700,44.31,no
2026-10-05T00:40:53.82307Z,0.6700,84.48,no
2026-10-05T00:40:53.82307Z,0.6700,49.69,no
2026-10-05T00:40:53.82307Z,0.6700,5.00,no
2026-10-05T00:40:53.97651Z,0.6700,42.00,no
2026-10-05T00:40:53.97651Z,0.6700,8.33,no
2026-10-05T00:40:53.97651Z,0.6700,15.52,no
2026-10-05T00:40:54.311733Z,0.6800,11.00,yes
2026-10-05T00:40:54.311733Z,0.6900,7.91,yes
2026-10-05T00:40:55.260173Z,0.6800,5.00,no
2026-10-05T00:40:55.260173Z,0.6800,3.00,no
2026-10-05T00:40:55.632522Z,0.7100,19.57,yes
2026-10-05T00:40:55.632522Z,0.6900,50.81,yes
2026-10-05T00:40:55.842358Z,0.7000,1.38,yes
2026-10-05T00:40:56.512748Z,0.7100,7.60,yes
2026-10-05T00:40:56.552923Z,0.6800,59.00,no
2026-10-05T00:40:57.414038Z,0.7100,23.06,yes
2026-10-05T00:40:57.414038Z,0.7100,10.00,yes
2026-10-05T00:40:57.414038Z,0.7100,1.00,yes
2026-10-05T00:40:58.096437Z,0.6800,15.00,no
2026-10-05T00:40:58.184747Z,0.6800,6.41,no
2026-10-05T00:40:58.642075Z,0.7100,16.60,yes
2026-10-05T00:40:58.642075Z,0.7100,11.00,yes
2026-10-05T00:40:59.075942Z,0.6800,1.68,no
2026-10-05T00:40:59.276966Z,0.6800,17.11,no
2026-10-05T00:40:59.475158Z,0.7100,12.40,yes
2026-10-05T00:40:59.475158Z,0.7100,86.65,yes
2026-10-05T00:40:59.475158Z,0.7100,10.00,yes
2026-10-05T00:40:59.713009Z,0.6800,26.05,no
2026-10-05T00:40:59.759639Z,0.7100,10.00,yes
2026-10-05T00:40:59.759639Z,0.7100,1.00,yes
2026-10-05T00:40:59.759639Z,0.7200,26.58,yes
2026-10-05T00:40:59.759639Z,0.7200,3.00,yes
2026-10-05T00:40:59.822933Z,0.6900,0.59,no
2026-10-05T00:40:59.822933Z,0.6900,1.00,no
2026-10-05T00:41:00.405976Z,0.7200,40.58,yes
2026-10-05T00:41:01.115987Z,0.7200,22.14,yes
2026-10-05T00:41:01.50001Z,0.7200,107.44,yes
2026-10-05T00:41:01.50001Z,0.7200,15.15,yes
2026-10-05T00:41:01.989772Z,0.6900,30.37,no
2026-10-05T00:41:01.989772Z,0.6900,1.00,no
2026-10-05T00:41:02.146897Z,0.6900,100.00,no
2026-10-05T00:41:02.146897Z,0.6900,30.37,no
2026-10-05T00:41:02.146897Z,0.6800,5.00,no
2026-10-05T00:41:02.146897Z,0.6800,50.75,no
2026-10-05T00:41:02.146897Z,0.6800,42.00,no
2026-10-05T00:41:02.146897Z,0.6800,22.37,no
2026-10-05T00:41:02.146897Z,0.6900,62.63,no
2026-10-05T00:41:02.545335Z,0.6800,100.00,no
2026-10-05T00:41:02.545335Z,0.6800,0.10,no
2026-10-05T00:41:02.545335Z,0.6800,120.83,no
2026-10-05T00:41:02.545335Z,0.6800,77.63,no
2026-10-05T00:41:02.545335Z,0.6800,42.00,no
2026-10-05T00:41:02.681944Z,0.7200,2.80,yes
2026-10-05T00:41:02.714157Z,0.7200,10.00,yes
2026-10-05T00:41:02.714157Z,0.7200,13.00,yes
2026-10-05T00:41:02.714157Z,0.7200,1.00,yes
2026-10-05T00:41:02.714157Z,0.7200,29.00,yes
2026-10-05T00:41:02.714157Z,0.7200,15.10,yes
2026-10-05T00:41:03.039891Z,0.6800,72.87,no
2026-10-05T00:41:03.039891Z,0.6800,5.00,no
2026-10-05T00:41:03.594665Z,0.7100,1.00,yes
2026-10-05T00:41:03.594665Z,0.7100,11.00,yes
2026-10-05T00:41:03.594665Z,0.7200,10.00,yes
2026-10-05T00:41:03.594665Z,0.7200,5.39,yes
2026-10-05T00:41:04.610948Z,0.7100,40.86,yes
2026-10-05T00:41:05.290011Z,0.7100,5.83,yes
2026-10-05T00:41:05.750299Z,0.6900,1.00,no
2026-10-05T00:41:05.750299Z,0.6800,14.82,no
2026-10-05T00:41:05.780664Z,0.7100,25.14,yes
2026-10-05T00:41:05.780664Z,0.7100,23.17,yes
2026-10-05T00:41:05.781812Z,0.6800,70.70,no
2026-10-05T00:41:05.781812Z,0.6800,4.31,no
2026-10-05T00:41:05.945843Z,0.7100,44.86,yes
2026-10-05T00:41:05.945843Z,0.7100,6.21,yes
2026-10-05T00:41:07.103204Z,0.7100,0.69,yes
2026-10-05T00:41:07.246784Z,0.6800,44.31,no
2026-10-05T00:41:07.299711Z,0.7100,14.88,yes
2026-10-05T00:41:07.299711Z,0.7100,14.10,yes
2026-10-05T00:41:09.728568Z,0.7000,11.00,yes
2026-10-05T00:41:09.728568Z,0.7000,5.00,yes
2026-10-05T00:41:09.728568Z,0.7000,20.00,yes
2026-10-05T00:41:10.010628Z,0.6800,1.98,no
2026-10-05T00:41:10.010628Z,0.6800,1.00,no
2026-10-05T00:41:10.630184Z,0.6800,100.00,no
2026-10-05T00:41:10.630184Z,0.6700,42.00,no
2026-10-05T00:41:10.630184Z,0.6700,93.08,no
2026-10-05T00:41:10.630184Z,0.6700,0.10,no
2026-10-05T00:41:11.612991Z,0.7000,26.98,yes
2026-10-05T00:41:11.612991Z,0.7000,1.00,yes
2026-10-05T00:41:11.657847Z,0.7000,139.91,yes
2026-10-05T00:41:12.017103Z,0.7000,0.02,yes
2026-10-05T00:41:12.017103Z,0.7000,9.11,yes
2026-10-05T00:41:12.209141Z,0.7000,34.97,yes
2026-10-05T00:41:12.974639Z,0.6700,6.92,no
2026-10-05T00:41:12.974639Z,0.6700,42.00,no
2026-10-05T00:41:12.974639Z,0.6700,94.00,no
2026-10-05T00:41:13.477506Z,0.6600,0.10,no
2026-10-05T00:41:13.477506Z,0.6600,46.69,no
2026-10-05T00:41:14.982212Z,0.6600,34.04,no
2026-10-05T00:41:15.236878Z,0.6700,68.23,yes
2026-10-05T00:41:15.61906Z,0.6700,29.17,yes
2026-10-05T00:41:15.765461Z,0.6700,43.76,yes
2026-10-05T00:41:15.844772Z,0.6700,138.04,yes
2026-10-05T00:41:16.504693Z,0.6600,37.50,no
2026-10-05T00:41:17.449367Z,0.6700,35.01,yes
2026-10-05T00:41:17.542297Z,0.6700,83.15,yes
2026-10-05T00:41:19.417628Z,0.6600,1.91,no
2026-10-05T00:41:19.811055Z,0.6700,6.28,yes
2026-10-05T00:41:21.1689Z,0.6700,10.95,yes
2026-10-05T00:41:21.18174Z,0.6500,117.19,no
2026-10-05T00:41:23.016896Z,0.6700,87.53,yes
2026-10-05T00:41:23.018765Z,0.6500,793.94,no
2026-10-05T00:41:23.997359Z,0.6700,14.58,yes
2026-10-05T00:41:25.310365Z,0.6700,45.44,yes
2026-10-05T00:41:25.310365Z,0.6700,100.00,yes
2026-10-05T00:41:25.310365Z,0.6700,0.44,yes
2026-10-05T00:41:26.093584Z,0.6700,14.53,yes
2026-10-05T00:41:26.359082Z,0.6700,60.85,yes
2026-10-05T00:41:26.359082Z,0.6700,85.03,yes
2026-10-05T00:41:26.680852Z,0.6700,3.83,yes
2026-10-05T00:41:27.150893Z,0.6700,100.00,yes
2026-10-05T00:41:27.150893Z,0.6700,100.00,yes
2026-10-05T00:41:28.526989Z,0.6600,42.00,no
2026-10-05T00:41:28.526989Z,0.6600,114.06,no
2026-10-05T00:41:30.03294Z,0.6600,51.94,no
2026-10-05T00:41:30.03294Z,0.6600,56.18,no
2026-10-05T00:41:30.522641Z,0.6600,122.43,no
2026-10-05T00:41:30.525582Z,0.6700,11.00,yes
2026-10-05T00:41:30.525582Z,0.7100,28.92,yes
2026-10-05T00:41:30.525582Z,0.7000,0.10,yes
2026-10-05T00:41:30.525582Z,0.6900,0.10,yes
2026-10-05T00:41:30.525582Z,0.7000,31.00,yes
2026-10-05T00:41:30.525582Z,0.7100,10.00,yes
2026-10-05T00:41:30.525582Z,0.7000,29.00,yes
2026-10-05T00:41:30.525582Z,0.6800,107.23,yes
2026-10-05T00:41:30.525582Z,0.7100,5.00,yes
2026-10-05T00:41:30.525582Z,0.7100,29.00,yes
2026-10-05T00:41:30.525582Z,0.7000,25.24,yes
2026-10-05T00:41:31.156716Z,0.7000,2.74,yes
2026-10-05T00:41:31.156716Z,0.7000,1.00,yes
2026-10-05T00:41:31.895215Z,0.6600,25.15,no
2026-10-05T00:41:32.621177Z,0.6900,0.32,yes
2026-10-05T00:41:32.621177Z,0.6900,1.00,yes
2026-10-05T00:41:33.317987Z,0.7100,1.89,yes
2026-10-05T00:41:33.317987Z,0.7000,7.00,yes
2026-10-05T00:41:33.317987Z,0.6900,5.00,yes
2026-10-05T00:41:33.951207Z,0.7200,23.69,yes
2026-10-05T00:41:33.951207Z,0.7100,7.00,yes
2026-10-05T00:41:33.951207Z,0.6900,11.00,yes
2026-10-05T00:41:33.951207Z,0.7200,26.00,yes
2026-10-05T00:41:36.200939Z,0.7100,69.56,yes
2026-10-05T00:41:36.200939Z,0.7100,7.00,yes
2026-10-05T00:41:36.200939Z,0.7200,57.23,yes
2026-10-05T00:41:36.200939Z,0.7100,10.00,yes
2026-10-05T00:41:36.200939Z,0.7200,72.00,yes
2026-10-05T00:41:36.200939Z,0.7100,29.00,yes
2026-10-05T00:41:36.200939Z,0.7200,1.00,yes
2026-10-05T00:41:36.200939Z,0.7100,5.00,yes
2026-10-05T00:41:36.200939Z,0.7200,10.00,yes
2026-10-05T00:41:36.603676Z,0.7200,7.00,yes
2026-10-05T00:41:36.603676Z,0.7200,155.79,yes
2026-10-05T00:41:36.603676Z,0.7200,10.00,yes
2026-10-05T00:41:36.603676Z,0.7200,29.00,yes
2026-10-05T00:41:37.995072Z,0.7200,47.67,yes
2026-10-05T00:41:38.420509Z,0.6900,18.09,no
2026-10-05T00:41:38.420509Z,0.6900,1.00,no
2026-10-05T00:41:39.94158Z,0.7100,11.00,yes
2026-10-05T00:41:39.94158Z,0.7100,99.43,yes
2026-10-05T00:41:40.166843Z,0.7100,0.57,yes
2026-10-05T00:41:40.166843Z,0.7100,4.96,yes
2026-10-05T00:41:40.227827Z,0.7000,6.91,no
2026-10-05T00:41:40.227827Z,0.6800,77.33,no
2026-10-05T00:41:40.227827Z,0.6900,54.55,no
2026-10-05T00:41:40.595098Z,0.7100,0.91,yes
2026-10-05T00:41:41.919213Z,0.7100,6.90,yes
2026-10-05T00:41:42.599773Z,0.7100,6.00,yes
2026-10-05T00:41:42.599773Z,0.7100,0.91,yes
2026-10-05T00:41:42.599773Z,0.7300,10.00,yes
2026-10-05T00:41:42.599773Z,0.7100,4.96,yes
2026-10-05T00:41:42.599773Z,0.7100,112.04,yes
2026-10-05T00:41:42.599773Z,0.7100,6.90,yes
2026-10-05T00:41:42.599773Z,0.7300,164.00,yes
2026-10-05T00:41:42.599773Z,0.7200,287.05,yes
2026-10-05T00:41:42.599773Z,0.7100,57.23,yes
2026-10-05T00:41:42.599773Z,0.7400,500.00,yes
2026-10-05T00:41:42.599773Z,0.7200,34.00,yes
2026-10-05T00:41:42.599773Z,0.7400,41.70,yes
2026-10-05T00:41:42.599773Z,0.7200,10.00,yes
2026-10-05T00:41:42.599773Z,0.7300,1.00,yes
2026-10-05T00:41:42.599773Z,0.7100,5.00,yes
2026-10-05T00:41:42.599773Z,0.7200,29.00,yes
2026-10-05T00:41:42.599773Z,0.7100,29.00,yes
2026-10-05T00:41:42.599773Z,0.7100,7.00,yes
2026-10-05T00:41:42.599773Z,0.7400,10.00,yes
2026-10-05T00:41:42.599773Z,0.7300,10.00,yes
2026-10-05T00:41:42.599773Z,0.7300,20.89,yes
2026-10-05T00:41:42.599773Z,0.7300,1.00,yes
2026-10-05T00:41:43.639329Z,0.6800,0.59,no
2026-10-05T00:41:43.664525Z,0.7100,1.38,yes
2026-10-05T00:41:44.172491Z,0.7100,8.32,yes
2026-10-05T00:41:44.172491Z,0.7100,9.62,yes
2026-10-05T00:41:44.424471Z,0.7100,4.14,yes
2026-10-05T00:41:45.061741Z,0.6800,20.22,no
2026-10-05T00:41:46.104689Z,0.7100,34.51,yes
2026-10-05T00:41:46.216397Z,0.7000,10.00,no
2026-10-05T00:41:46.216397Z,0.7000,74.00,no
2026-10-05T00:41:46.491588Z,0.7000,34.00,no
2026-10-05T00:41:46.717015Z,0.6900,449.81,no
2026-10-05T00:41:47.24202Z,0.6700,1.00,no
2026-10-05T00:41:47.24202Z,0.6900,91.89,no
2026-10-05T00:41:47.24202Z,0.6800,6.00,no
2026-10-05T00:41:47.24202Z,0.6600,10.00,no
2026-10-05T00:41:47.24202Z,0.6600,62.12,no
2026-10-05T00:41:47.24202Z,0.6700,0.10,no
2026-10-05T00:41:47.376032Z,0.7000,1.00,yes
2026-10-05T00:41:47.376032Z,0.7100,2.00,yes
2026-10-05T00:41:47.376032Z,0.7000,31.00,yes
2026-10-05T00:41:47.376032Z,0.7000,66.00,yes
2026-10-05T00:41:48.436758Z,0.6700,9.68,no
2026-10-05T00:41:48.436758Z,0.6700,50.00,no
2026-10-05T00:41:48.436758Z,0.6700,1.00,no
2026-10-05T00:41:48.436758Z,0.6700,100.00,no
2026-10-05T00:41:48.832642Z,0.7000,13.99,yes
2026-10-05T00:41:49.367382Z,0.7000,17.17,yes
2026-10-05T00:41:49.367382Z,0.7000,29.00,yes
2026-10-05T00:41:49.721023Z,0.6600,164.47,no
2026-10-05T00:41:49.721023Z,0.6700,42.00,no
2026-10-05T00:41:49.721023Z,0.6900,1.00,no
2026-10-05T00:41:49.721023Z,0.6600,10.00,no
2026-10-05T00:41:49.721023Z,0.6700,16.78,no
2026-10-05T00:41:50.420227Z,0.6700,23.85,no
2026-10-05T00:41:50.420227Z,0.6700,1.00,no
2026-10-05T00:41:50.420227Z,0.6700,100.00,no
2026-10-05T00:41:50.998486Z,0.7000,3.98,yes
2026-10-05T00:41:52.092588Z,0.7000,0.95,yes
2026-10-05T00:41:52.213639Z,0.7000,0.01,yes
2026-10-05T00:41:52.26737Z,0.7000,2.92,yes
2026-10-05T00:41:52.26737Z,0.7000,0.06,yes
2026-10-05T00:41:52.269732Z,0.7000,2.79,yes
2026-10-05T00:41:54.268064Z,0.6900,11.00,yes
2026-10-05T00:41:54.268064Z,0.6900,3.89,yes
2026-10-05T00:41:54.271406Z,0.6900,24.17,yes
2026-10-05T00:41:54.271406Z,0.6900,25.11,yes
2026-10-05T00:41:55.466189Z,0.6700,16.55,no
2026-10-05T00:41:55.961654Z,0.7000,2.53,yes
2026-10-05T00:41:57.98368Z,0.7000,0.08,yes
2026-10-05T00:41:58.554997Z,0.7000,4.19,yes
2026-10-05T00:41:58.859204Z,0.7000,34.97,yes
2026-10-05T00:41:59.07225Z,0.6600,162.00,no
2026-10-05T00:41:59.07225Z,0.6700,1.00,no
2026-10-05T00:41:59.07225Z,0.6700,10.00,no
2026-10-05T00:41:59.07225Z,0.6700,10.00,no
2026-10-05T00:41:59.07225Z,0.6600,108.11,no
2026-10-05T00:41:59.07225Z,0.6600,42.00,no
2026-10-05T00:42:00.35966Z,0.6900,70.92,yes
2026-10-05T00:42:00.542361Z,0.6600,165.00,no
2026-10-05T00:42:00.542361Z,0.6600,10.00,no
2026-10-05T00:42:00.542361Z,0.6600,101.00,no
2026-10-05T00:42:00.542361Z,0.6600,48.78,no
2026-10-05T00:42:00.561905Z,0.6900,4.25,yes
2026-10-05T00:42:00.704707Z,0.6900,30.00,yes
2026-10-05T00:42:00.704707Z,0.6900,10.00,yes
2026-10-05T00:42:00.704707Z,0.6900,72.84,yes
2026-10-05T00:42:00.704707Z,0.6900,29.00,yes
2026-10-05T00:42:01.389089Z,0.7000,0.54,yes
2026-10-05T00:42:01.66342Z,0.7000,28.46,yes
2026-10-05T00:42:01.66342Z,0.7000,39.62,yes
2026-10-05T00:42:02.762109Z,0.6700,42.00,no
2026-10-05T00:42:02.762109Z,0.6700,76.50,no
2026-10-05T00:42:02.762109Z,0.6700,195.44,no
2026-10-05T00:42:03.449381Z,0.7000,37.57,yes
2026-10-05T00:42:03.449381Z,0.7000,32.38,yes
2026-10-05T00:42:04.131162Z,0.7000,11.00,yes
2026-10-05T00:42:04.131162Z,0.7000,53.36,yes
2026-10-05T00:42:05.442537Z,0.7000,3.99,yes
2026-10-05T00:42:05.442537Z,0.7000,10.00,yes
2026-10-05T00:42:05.634661Z,0.6700,52.00,no
2026-10-05T00:42:06.044167Z,0.7000,4.19,yes
2026-10-05T00:42:06.53802Z,0.7000,25.16,yes
2026-10-05T00:42:06.53802Z,0.7000,2.82,yes
2026-10-05T00:42:09.02748Z,0.6800,52.67,no
2026-10-05T00:42:09.02748Z,0.6800,10.00,no
2026-10-05T00:42:09.813681Z,0.7000,11.00,yes
2026-10-05T00:42:09.813681Z,0.7000,100.00,yes
2026-10-05T00:42:09.813681Z,0.7000,0.43,yes
2026-10-05T00:42:09.962497Z,0.7000,27.63,yes
2026-10-05T00:42:09.962497Z,0.7000,65.57,yes
2026-10-05T00:42:09.962497Z,0.7000,31.00,yes
2026-10-05T00:42:09.962497Z,0.7000,8.84,yes
2026-10-05T00:42:09.962497Z,0.7000,5.00,yes
2026-10-05T00:42:11.092425Z,0.7000,0.27,yes
2026-10-05T00:42:11.632811Z,0.6900,0.22,yes
2026-10-05T00:42:11.893192Z,0.6900,69.95,yes
2026-10-05T00:42:12.050591Z,0.6900,0.69,yes
2026-10-05T00:42:12.076456Z,0.6800,20.00,no
2026-10-05T00:42:12.084697Z,0.6800,22.00,no
2026-10-05T00:42:12.084697Z,0.6800,35.00,no
2026-10-05T00:42:12.102573Z,0.6800,13.84,no
2026-10-05T00:42:12.517789Z,0.6800,15.01,no
2026-10-05T00:42:12.99975Z,0.6600,34.16,no
2026-10-05T00:42:12.99975Z,0.6700,100.00,no
2026-10-05T00:42:12.99975Z,0.6800,36.15,no
2026-10-05T00:42:12.99975Z,0.6700,0.10,no
2026-10-05T00:42:12.99975Z,0.6800,0.10,no
2026-10-05T00:42:12.99975Z,0.6700,0.75,no
2026-10-05T00:42:13.062159Z,0.6600,13.34,no
2026-10-05T00:42:13.734657Z,0.6600,52.50,no
2026-10-05T00:42:13.734657Z,0.6600,41.51,no
2026-10-05T00:42:14.9979Z,0.6800,10.00,yes
2026-10-05T00:42:14.9979Z,0.6800,18.76,yes
2026-10-05T00:42:15.529215Z,0.6800,35.70,yes
2026-10-05T00:42:15.57805Z,0.6800,26.37,yes
2026-10-05T00:42:15.57805Z,0.6800,45.54,yes
2026-10-05T00:42:15.676148Z,0.6800,40.27,yes
2026-10-05T00:42:16.732513Z,0.6600,23.32,no
2026-10-05T00:42:16.732513Z,0.6600,0.10,no
2026-10-05T00:42:16.762449Z,0.6800,31.12,yes
2026-10-05T00:42:16.762449Z,0.6800,5.00,yes
2026-10-05T00:42:16.762449Z,0.6800,4.36,yes
2026-10-05T00:42:16.762449Z,0.6800,0.47,yes
2026-10-05T00:42:16.762449Z,0.6800,29.00,yes
2026-10-05T00:42:16.994029Z,0.6700,5.00,yes
2026-10-05T00:42:16.994029Z,0.6700,39.00,yes
2026-10-05T00:42:16.994029Z,0.6700,10.00,yes
2026-10-05T00:42:16.994029Z,0.6800,32.30,yes
2026-10-05T00:42:17.318723Z,0.6800,1.39,yes
2026-10-05T00:42:17.318723Z,0.6800,7.00,yes
2026-10-05T00:42:17.97573Z,0.6800,14.23,yes
2026-10-05T00:42:18.106658Z,0.6800,71.91,yes
2026-10-05T00:42:18.46926Z,0.6600,31.21,no
2026-10-05T00:42:19.78704Z,0.6800,4.31,yes
2026-10-05T00:42:20.915169Z,0.6800,9.55,yes
2026-10-05T00:42:20.915169Z,0.6900,4.65,yes
2026-10-05T00:42:21.125469Z,0.6900,0.01,yes
2026-10-05T00:42:21.321043Z,0.6900,27.92,yes
2026-10-05T00:42:21.47663Z,0.6700,85.61,no
2026-10-05T00:42:21.47663Z,0.6700,1.00,no
2026-10-05T00:42:21.50261Z,0.6900,67.42,yes
2026-10-05T00:42:21.50261Z,0.7100,15.02,yes
2026-10-05T00:42:21.50261Z,0.7000,0.75,yes
2026-10-05T00:42:21.50261Z,0.7100,0.10,yes
2026-10-05T00:42:21.50261Z,0.7000,0.10,yes
2026-10-05T00:42:22.173146Z,0.6700,9.00,no
2026-10-05T00:42:22.173146Z,0.6700,8.00,no
2026-10-05T00:42:22.173146Z,0.6600,14.21,no
2026-10-05T00:42:22.191877Z,0.7100,1.00,yes
2026-10-05T00:42:22.191877Z,0.7100,33.51,yes
2026-10-05T00:42:22.451046Z,0.7000,6.90,yes
2026-10-05T00:42:23.517711Z,0.6700,32.68,no
2026-10-05T00:42:23.517711Z,0.6700,1.00,no
2026-10-05T00:42:23.546246Z,0.7000,19.45,yes
2026-10-05T00:42:24.138133Z,0.6900,10.00,yes
2026-10-05T00:42:24.138133Z,0.6900,4.43,yes
2026-10-05T00:42:24.138133Z,0.6900,6.55,yes
2026-10-05T00:42:24.639348Z,0.6900,3.68,yes
2026-10-05T00:42:24.639348Z,0.6900,0.57,yes
2026-10-05T00:42:24.779473Z,0.6900,63.32,yes
2026-10-05T00:42:24.779473Z,0.6900,7.60,yes
2026-10-05T00:42:24.8391Z,0.6900,21.27,yes
2026-10-05T00:42:24.897788Z,0.6800,2.80,no
2026-10-05T00:42:24.984498Z,0.6800,15.20,no
2026-10-05T00:42:24.984498Z,0.6800,1.01,no
2026-10-05T00:42:25.299538Z,0.6800,57.07,no
2026-10-05T00:42:25.299538Z,0.6800,98.99,no
2026-10-05T00:42:25.4669Z,0.6900,44.27,yes
2026-10-05T00:42:25.4669Z,0.6900,5.00,yes
2026-10-05T00:42:25.4669Z,0.6900,10.00,yes
2026-10-05T00:42:25.4669Z,0.6900,3.68,yes
2026-10-05T00:42:25.4669Z,0.6900,63.32,yes
2026-10-05T00:42:25.4669Z,0.6900,5.44,yes
2026-10-05T00:42:25.4669Z,0.6900,10.00,yes
2026-10-05T00:42:25.4669Z,0.6900,0.13,yes
2026-10-05T00:42:25.55599Z,0.6800,15.00,no
2026-10-05T00:42:25.55599Z,0.6800,42.93,no
2026-10-05T00:42:25.55599Z,0.6700,12.34,no
2026-10-05T00:42:26.051818Z,0.6900,5.00,yes
2026-10-05T00:42:26.051818Z,0.6800,14.00,yes
2026-10-05T00:42:26.051818Z,0.6900,7.95,yes
2026-10-05T00:42:27.124748Z,0.6900,14.18,yes
2026-10-05T00:42:27.629877Z,0.6700,31.76,no
2026-10-05T00:42:29.468375Z,0.6900,7.09,yes
2026-10-05T00:42:30.019019Z,0.6700,0.73,no
2026-10-05T00:42:30.019019Z,0.6700,55.90,no
2026-10-05T00:42:30.387065Z,0.6900,162.91,yes
2026-10-05T00:42:30.387065Z,0.6900,10.27,yes
2026-10-05T00:42:30.529256Z,0.6900,36.00,yes
2026-10-05T00:42:30.529256Z,0.6900,10.69,yes
2026-10-05T00:42:30.529256Z,0.6900,5.00,yes
2026-10-05T00:42:30.529256Z,0.6900,18.73,yes
2026-10-05T00:42:30.586996Z,0.6900,19.85,yes
2026-10-05T00:42:30.714475Z,0.6600,8.75,no
2026-10-05T00:42:30.714475Z,0.6700,10.00,no
2026-10-05T00:42:30.982285Z,0.6900,9.46,yes
2026-10-05T00:42:30.982285Z,0.6900,0.46,yes
2026-10-05T00:42:31.138863Z,0.6900,0.46,yes
2026-10-05T00:42:31.138863Z,0.6900,19.85,yes
2026-10-05T00:42:31.138863Z,0.6900,5.00,yes
2026-10-05T00:42:31.138863Z,0.6900,177.00,yes
2026-10-05T00:42:31.138863Z,0.6900,46.69,yes
2026-10-05T00:42:31.138863Z,0.6900,100.00,yes
2026-10-05T00:42:31.138863Z,0.6900,100.00,yes
2026-10-05T00:42:31.138863Z,0.6900,90.54,yes
2026-10-05T00:42:31.138863Z,0.7000,4317.71,yes
2026-10-05T00:42:31.58179Z,0.6900,1.00,yes
2026-10-05T00:42:31.58179Z,0.6900,0.41,yes
2026-10-05T00:42:31.803711Z,0.6900,31.00,yes
2026-10-05T00:42:32.11517Z,0.6600,10.00,no
2026-10-05T00:42:32.11517Z,0.6600,166.25,no
2026-10-05T00:42:32.11517Z,0.6600,283.72,no
2026-10-05T00:42:32.465729Z,0.6800,6.00,yes
2026-10-05T00:42:32.624114Z,0.6800,2.84,yes
2026-10-05T00:42:32.755148Z,0.6800,0.01,yes
2026-10-05T00:42:32.842545Z,0.6800,10.06,yes
2026-10-05T00:42:33.190397Z,0.6800,21.57,yes
2026-10-05T00:42:33.685707Z,0.6800,0.94,yes
2026-10-05T00:42:34.114976Z,0.6800,7.19,yes
2026-10-05T00:42:34.3359Z,0.6800,2.00,yes
2026-10-05T00:42:35.164368Z,0.6600,5.00,no
2026-10-05T00:42:35.680935Z,0.6600,82.06,no
2026-10-05T00:42:35.821389Z,0.6800,43.15,yes
2026-10-05T00:42:36.928096Z,0.6600,93.94,no
2026-10-05T00:42:36.989872Z,0.6800,6.24,yes
2026-10-05T00:42:36.989872Z,0.6900,112.90,yes
2026-10-05T00:42:36.989872Z,0.6900,10.00,yes
2026-10-05T00:42:36.989872Z,0.6800,20.00,yes
2026-10-05T00:42:36.989872Z,0.6900,160.00,yes
2026-10-05T00:42:36.989872Z,0.6900,29.00,yes
2026-10-05T00:42:36.989872Z,0.6900,35.59,yes
2026-10-05T00:42:36.989872Z,0.6900,0.41,yes
2026-10-05T00:42:36.989872Z,0.6900,5.00,yes
2026-10-05T00:42:36.989872Z,0.6900,1.87,yes
2026-10-05T00:42:36.989872Z,0.6800,29.00,yes
2026-10-05T00:42:37.655043Z,0.6800,7.32,yes
2026-10-05T00:42:37.655043Z,0.6800,20.00,yes
2026-10-05T00:42:37.837818Z,0.6800,14.38,yes
2026-10-05T00:42:37.84005Z,0.6800,21.00,yes
2026-10-05T00:42:37.84005Z,0.6800,78.30,yes
2026-10-05T00:42:37.84005Z,0.6900,36.38,yes
2026-10-05T00:42:37.84005Z,0.6800,5.00,yes
2026-10-05T00:42:37.948277Z,0.6900,17.91,yes
2026-10-05T00:42:39.063872Z,0.6600,14.23,no
2026-10-05T00:42:39.341793Z,0.6900,80.10,yes
2026-10-05T00:42:39.341793Z,0.6900,5.00,yes
2026-10-05T00:42:39.50462Z,0.6900,7.09,yes
2026-10-05T00:42:39.581572Z,0.6900,14.18,yes
2026-10-05T00:42:39.764617Z,0.6600,2.77,no
2026-10-05T00:42:39.764617Z,0.6600,25.34,no
2026-10-05T00:42:41.085131Z,0.6600,178.00,no
2026-10-05T00:42:41.085131Z,0.6600,0.10,no
2026-10-05T00:42:41.085131Z,0.6700,107.44,no
2026-10-05T00:42:41.085131Z,0.6600,74.66,no
2026-10-05T00:42:41.085131Z,0.6500,264.07,no
2026-10-05T00:42:42.819199Z,0.6900,0.92,yes
2026-10-05T00:42:44.078582Z,0.6900,0.04,yes
2026-10-05T00:42:44.452018Z,0.6900,69.67,yes
2026-10-05T00:42:44.452018Z,0.6900,29.00,yes
2026-10-05T00:42:44.452018Z,0.6900,149.56,yes
2026-10-05T00:42:44.452018Z,0.6900,0.73,yes
2026-10-05T00:42:44.452018Z,0.6900,99.66,yes
2026-10-05T00:42:44.452018Z,0.6900,5.00,yes
2026-10-05T00:42:44.452018Z,0.6900,1.00,yes
2026-10-05T00:42:45.042158Z,0.6600,105.63,no
2026-10-05T00:42:45.251706Z,0.6800,5.00,yes
2026-10-05T00:42:45.251706Z,0.6800,2.19,yes
2026-10-05T00:42:45.877031Z,0.6800,18.69,yes
2026-10-05T00:42:46.198424Z,0.6600,83.37,no
2026-10-05T00:42:46.198424Z,0.6600,75.14,no
2026-10-05T00:42:47.14027Z,0.6800,17.48,yes
2026-10-05T00:42:47.14027Z,0.6800,34.00,yes
2026-10-05T00:42:47.14027Z,0.6800,16.12,yes
2026-10-05T00:42:47.184018Z,0.6600,24.86,no
2026-10-05T00:42:47.184018Z,0.6600,79.59,no
2026-10-05T00:42:47.356585Z,0.6800,1.63,yes
2026-10-05T00:42:47.954686Z,0.6800,9.89,yes
2026-10-05T00:42:47.954686Z,0.6800,2.19,yes
2026-10-05T00:42:47.954686Z,0.6800,5.00,yes
2026-10-05T00:42:47.954686Z,0.6800,0.07,yes
2026-10-05T00:42:47.954686Z,0.6800,17.69,yes
2026-10-05T00:42:48.316688Z,0.6800,0.70,yes
2026-10-05T00:42:48.687922Z,0.6800,0.01,yes
2026-10-05T00:42:49.74818Z,0.6800,0.22,yes
2026-10-05T00:42:49.74818Z,0.6800,35.73,yes
2026-10-05T00:42:50.42701Z,0.6800,14.38,yes
2026-10-05T00:42:50.56614Z,0.6800,12.94,yes
2026-10-05T00:42:52.703422Z,0.7000,105.04,yes
2026-10-05T00:42:52.703422Z,0.6800,5.23,yes
2026-10-05T00:42:52.703422Z,0.6900,10.00,yes
2026-10-05T00:42:52.703422Z,0.6800,1.00,yes
2026-10-05T00:42:52.703422Z,0.6800,1.00,yes
2026-10-05T00:42:52.703422Z,0.6800,29.00,yes
2026-10-05T00:42:52.703422Z,0.6800,3.77,yes
2026-10-05T00:42:52.703422Z,0.6800,172.00,yes
2026-10-05T00:42:52.703422Z,0.6800,10.00,yes
2026-10-05T00:42:52.703422Z,0.6900,323.73,yes
2026-10-05T00:42:52.703422Z,0.6800,109.37,yes
2026-10-05T00:42:52.703422Z,0.6900,29.00,yes
2026-10-05T00:42:52.703422Z,0.6800,36.95,yes
2026-10-05T00:42:52.703422Z,0.6800,5.00,yes
2026-10-05T00:42:52.703422Z,0.6800,100.00,yes
2026-10-05T00:42:52.703422Z,0.6900,7.37,yes
2026-10-05T00:42:52.703422Z,0.6900,100.00,yes
2026-10-05T00:42:54.309688Z,0.6800,1.43,yes
2026-10-05T00:42:54.347042Z,0.6800,4.81,yes
2026-10-05T00:42:54.347042Z,0.6800,9.57,yes
2026-10-05T00:42:54.844083Z,0.6700,68.18,no
2026-10-05T00:42:54.844083Z,0.6700,10.00,no
2026-10-05T00:42:55.264858Z,0.6600,1.00,no
2026-10-05T00:42:55.264858Z,0.6600,21.19,no
2026-10-05T00:42:55.64524Z,0.6800,0.19,yes
2026-10-05T00:42:55.64524Z,0.6800,28.57,yes
2026-10-05T00:42:55.72806Z,0.6800,14.38,yes
2026-10-05T00:42:56.017495Z,0.6800,0.35,yes
2026-10-05T00:42:56.943575Z,0.6500,156.06,no
2026-10-05T00:42:58.031152Z,0.6700,7.29,yes
2026-10-05T00:42:58.33493Z,0.6500,25.98,no
2026-10-05T00:42:59.673187Z,0.6700,6.36,yes
2026-10-05T00:43:00.244128Z,0.6700,100.00,yes
2026-10-05T00:43:00.244128Z,0.6800,47.00,yes
2026-10-05T00:43:00.244128Z,0.6800,14.00,yes
2026-10-05T00:43:00.244128Z,0.6800,182.00,yes
2026-10-05T00:43:00.244128Z,0.6800,1.00,yes
2026-10-05T00:43:00.244128Z,0.6800,29.00,yes
2026-10-05T00:43:00.244128Z,0.6800,56.70,yes
2026-10-05T00:43:00.244128Z,0.6700,6.35,yes
2026-10-05T00:43:00.244128Z,0.6800,5.00,yes
2026-10-05T00:43:00.244128Z,0.6800,3.00,yes
2026-10-05T00:43:00.244128Z,0.6800,1.00,yes
2026-10-05T00:43:00.244128Z,0.6800,4.00,yes
2026-10-05T00:43:00.244128Z,0.6800,1.00,yes
2026-10-05T00:43:00.268206Z,0.6900,29.00,yes
2026-10-05T00:43:00.268206Z,0.6900,8.70,yes
2026-10-05T00:43:00.268206Z,0.6900,32.77,yes
2026-10-05T00:43:00.306558Z,0.6900,167.00,yes
2026-10-05T00:43:00.306558Z,0.6900,20.00,yes
2026-10-05T00:43:00.306558Z,0.6900,100.00,yes
2026-10-05T00:43:00.306558Z,0.6900,5.00,yes
2026-10-05T00:43:00.306558Z,0.6900,10.00,yes
2026-10-05T00:43:00.306558Z,0.6900,0.10,yes
2026-10-05T00:43:00.306558Z,0.7000,256.82,yes
2026-10-05T00:43:00.306558Z,0.6900,143.81,yes
2026-10-05T00:43:01.696323Z,0.6900,7.03,yes
2026-10-05T00:43:01.696323Z,0.6900,5.00,yes
2026-10-05T00:43:01.696323Z,0.6900,16.33,yes
2026-10-05T00:43:01.799682Z,0.6900,70.92,yes
2026-10-05T00:43:02.006165Z,0.6900,29.00,yes
2026-10-05T00:43:02.006165Z,0.6900,67.00,yes
2026-10-05T00:43:02.006165Z,0.6900,12.75,yes
2026-10-05T00:43:02.006165Z,0.6900,31.00,yes
2026-10-05T00:43:02.006165Z,0.6900,143.94,yes
2026-10-05T00:43:02.151126Z,0.6700,10.00,no
2026-10-05T00:43:02.151126Z,0.6700,100.00,no
2026-10-05T00:43:02.151126Z,0.6700,0.75,no
2026-10-05T00:43:02.151126Z,0.6600,0.26,no
2026-10-05T00:43:02.151126Z,0.6700,0.10,no
2026-10-05T00:43:02.180647Z,0.6900,30.46,yes
2026-10-05T00:43:02.180647Z,0.6900,5.00,yes
2026-10-05T00:43:02.763953Z,0.6800,5.88,yes
2026-10-05T00:43:02.763953Z,0.6800,0.75,yes
2026-10-05T00:43:02.763953Z,0.6800,5.00,yes
2026-10-05T00:43:03.396053Z,0.6800,19.12,yes
2026-10-05T00:43:03.396053Z,0.6800,19.71,yes
2026-10-05T00:43:03.693711Z,0.6800,5.00,yes
2026-10-05T00:43:03.693711Z,0.6900,42.98,yes
2026-10-05T00:43:03.693711Z,0.6800,7.11,yes
2026-10-05T00:43:03.693711Z,0.6800,9.29,yes
2026-10-05T00:43:04.226635Z,0.6900,26.56,yes
2026-10-05T00:43:04.226635Z,0.6900,33.69,yes
2026-10-05T00:43:04.226635Z,0.6800,5.00,yes
2026-10-05T00:43:06.548798Z,0.6600,0.53,no
2026-10-05T00:43:06.548798Z,0.6700,100.00,no
2026-10-05T00:43:06.548798Z,0.6700,0.75,no
2026-10-05T00:43:06.965083Z,0.6900,28.94,yes
2026-10-05T00:43:06.965083Z,0.6900,112.90,yes
2026-10-05T00:43:07.08897Z,0.6900,19.94,yes
2026-10-05T00:43:07.08897Z,0.6900,0.06,yes
2026-10-05T00:43:07.089598Z,0.6900,84.00,yes
2026-10-05T00:43:07.988045Z,0.6900,346.11,yes
2026-10-05T00:43:07.988045Z,0.6900,1.00,yes
2026-10-05T00:43:07.988045Z,0.6900,10.00,yes
2026-10-05T00:43:07.988045Z,0.6900,29.00,yes
2026-10-05T00:43:07.988045Z,0.6900,5.00,yes
2026-10-05T00:43:07.988045Z,0.6900,6.58,yes
2026-10-05T00:43:07.988045Z,0.6900,3.00,yes
2026-10-05T00:43:08.095401Z,0.7000,27.79,yes
2026-10-05T00:43:08.183874Z,0.6900,140.85,no
2026-10-05T00:43:08.71138Z,0.7000,416.69,yes
2026-10-05T00:43:09.188452Z,0.6900,6.92,no
2026-10-05T00:43:10.158304Z,0.7000,6.99,yes
2026-10-05T00:43:10.378578Z,0.7000,30.78,yes
2026-10-05T00:43:11.157166Z,0.6900,497.34,no
2026-10-05T00:43:11.863763Z,0.6900,42.78,no
2026-10-05T00:43:12.698557Z,0.6900,124.12,no
2026-10-05T00:43:12.933271Z,0.7000,4.19,yes
2026-10-05T00:43:15.055787Z,0.7000,2.69,yes
2026-10-05T00:43:15.055787Z,0.7000,0.10,yes
2026-10-05T00:43:15.212828Z,0.7000,66.64,yes
2026-10-05T00:43:15.212828Z,0.7000,17.31,yes
2026-10-05T00:43:15.845828Z,0.7000,6.99,yes
2026-10-05T00:43:16.08375Z,0.7000,13.99,yes
2026-10-05T00:43:16.370693Z,0.6900,46.79,no
2026-10-05T00:43:16.724381Z,0.6900,100.00,no
2026-10-05T00:43:16.724381Z,0.6900,160.00,no
2026-10-05T00:43:16.724381Z,0.6900,340.51,no
2026-10-05T00:43:16.724381Z,0.6900,100.58,no
2026-10-05T00:43:18.59206Z,0.6900,11.00,yes
2026-10-05T00:43:18.59206Z,0.6900,58.95,yes
2026-10-05T00:43:20.710168Z,0.7000,100.00,yes
2026-10-05T00:43:20.710168Z,0.7000,6.00,yes
2026-10-05T00:43:20.710168Z,0.7000,21.00,yes
2026-10-05T00:43:20.710168Z,0.7000,6.85,yes
2026-10-05T00:43:20.710168Z,0.7000,5.00,yes
2026-10-05T00:43:20.86813Z,0.7000,4.47,yes
2026-10-05T00:43:21.526306Z,0.7000,5.59,yes
2026-10-05T00:43:21.834299Z,0.6800,17.21,no
2026-10-05T00:43:22.451232Z,0.7000,13.99,yes
2026-10-05T00:43:22.902104Z,0.7000,2.79,yes
2026-10-05T00:43:23.099864Z,0.7000,8.36,yes
2026-10-05T00:43:23.204031Z,0.7000,0.34,yes
2026-10-05T00:43:23.328086Z,0.7000,62.96,yes
2026-10-05T00:43:24.079432Z,0.7000,1.50,yes
2026-10-05T00:43:24.079432Z,0.7000,1.00,yes
2026-10-05T00:43:24.079432Z,0.7000,4.47,yes
2026-10-05T00:43:24.225213Z,0.7000,0.53,yes
2026-10-05T00:43:24.225213Z,0.7000,0.86,yes
2026-10-05T00:43:24.360518Z,0.7000,1.55,yes
2026-10-05T00:43:24.457148Z,0.7000,0.74,yes
2026-10-05T00:43:24.96431Z,0.7000,0.18,yes
2026-10-05T00:43:25.016238Z,0.6800,76.16,no
2026-10-05T00:43:26.239262Z,0.7000,27.98,yes
2026-10-05T00:43:26.938504Z,0.7000,29.00,yes
2026-10-05T00:43:26.938504Z,0.6900,5.00,yes
2026-10-05T00:43:26.938504Z,0.7000,100.00,yes
2026-10-05T00:43:26.938504Z,0.6900,0.75,yes
2026-10-05T00:43:26.938504Z,0.6900,18.00,yes
2026-10-05T00:43:26.938504Z,0.7200,3361.05,yes
2026-10-05T00:43:26.938504Z,0.7100,29.00,yes
2026-10-05T00:43:26.938504Z,0.7100,165.00,yes
2026-10-05T00:43:26.938504Z,0.7100,50.12,yes
2026-10-05T00:43:27.366443Z,0.6600,0.10,no
2026-10-05T00:43:27.366443Z,0.6600,10.00,no
2026-10-05T00:43:27.366443Z,0.6800,6.63,no
2026-10-05T00:43:27.366443Z,0.6600,29.96,no
2026-10-05T00:43:27.366443Z,0.6700,0.10,no
2026-10-05T00:43:28.781173Z,0.6500,27.32,no
2026-10-05T00:43:29.001099Z,0.7000,37.00,yes
2026-10-05T00:43:29.001099Z,0.6900,5.00,yes
2026-10-05T00:43:29.001099Z,0.7000,1.00,yes
2026-10-05T00:43:29.001099Z,0.7000,12.00,yes
2026-10-05T00:43:29.001099Z,0.7000,17.00,yes
2026-10-05T00:43:29.001099Z,0.6900,29.00,yes
2026-10-05T00:43:29.001099Z,0.7000,13.73,yes
2026-10-05T00:43:29.001099Z,0.6900,26.00,yes
2026-10-05T00:43:29.71206Z,0.6600,1.00,no
2026-10-05T00:43:29.71206Z,0.6600,30.00,no
2026-10-05T00:43:29.71206Z,0.6200,10.00,no
2026-10-05T00:43:29.71206Z,0.6500,0.10,no
2026-10-05T00:43:29.71206Z,0.6300,10.00,no
2026-10-05T00:43:29.71206Z,0.6500,1.54,no
2026-10-05T00:43:29.71206Z,0.6500,10.00,no
2026-10-05T00:43:29.71206Z,0.6400,10.00,no
2026-10-05T00:43:29.71206Z,0.6200,112.00,no
2026-10-05T00:43:29.71206Z,0.6100,36.38,no
2026-10-05T00:43:29.71206Z,0.6500,274.44,no
2026-10-05T00:43:29.71206Z,0.6300,1.00,no
2026-10-05T00:43:29.986104Z,0.6900,5.00,yes
2026-10-05T00:43:29.986104Z,0.6900,7.44,yes
2026-10-05T00:43:29.986104Z,0.6800,30.00,yes
2026-10-05T00:43:30.162177Z,0.6900,29.00,yes
2026-10-05T00:43:30.162177Z,0.6900,19.56,yes
2026-10-05T00:43:30.162177Z,0.7000,4.30,yes
2026-10-05T00:43:30.162177Z,0.6900,5.00,yes
2026-10-05T00:43:30.162177Z,0.6900,7.00,yes
2026-10-05T00:43:30.162177Z,0.6900,1.00,yes
2026-10-05T00:43:30.162177Z,0.6800,26.00,yes
2026-10-05T00:43:30.162177Z,0.6800,5.00,yes
2026-10-05T00:43:30.451059Z,0.6800,7.00,yes
2026-10-05T00:43:30.451059Z,0.6900,2.72,yes
2026-10-05T00:43:32.191856Z,0.6900,2.28,yes
2026-10-05T00:43:32.191856Z,0.6900,29.00,yes
2026-10-05T00:43:32.191856Z,0.6800,1.00,yes
2026-10-05T00:43:32.191856Z,0.6700,31.00,yes
2026-10-05T00:43:32.191856Z,0.6800,4.00,yes
2026-10-05T00:43:32.191856Z,0.7100,11.00,yes
2026-10-05T00:43:32.191856Z,0.7100,166.32,yes
2026-10-05T00:43:32.191856Z,0.7000,29.00,yes
2026-10-05T00:43:32.961175Z,0.7000,11.00,yes
2026-10-05T00:43:32.961175Z,0.7000,2.99,yes
2026-10-05T00:43:35.484443Z,0.7000,2.01,yes
2026-10-05T00:43:35.484443Z,0.7100,55.93,yes
2026-10-05T00:43:35.484443Z,0.7100,11.10,yes
2026-10-05T00:43:35.975719Z,0.6200,91.00,no
2026-10-05T00:43:35.975719Z,0.6800,100.00,no
2026-10-05T00:43:35.975719Z,0.6600,10.00,no
2026-10-05T00:43:35.975719Z,0.6500,10.00,no
2026-10-05T00:43:35.975719Z,0.5100,15.00,no
2026-10-05T00:43:35.975719Z,0.6600,100.00,no
2026-10-05T00:43:35.975719Z,0.6300,10.00,no
2026-10-05T00:43:35.975719Z,0.6200,26.56,no
2026-10-05T00:43:35.975719Z,0.6900,54.00,no
2026-10-05T00:43:35.975719Z,0.6100,1.00,no
2026-10-05T00:43:35.975719Z,0.6200,10.00,no
2026-10-05T00:43:35.975719Z,0.6400,10.00,no
2026-10-05T00:43:35.975719Z,0.6400,1.00,no
2026-10-05T00:43:35.975719Z,0.6300,10.00,no
2026-10-05T00:43:35.975719Z,0.6800,42.79,no
2026-10-05T00:43:35.975719Z,0.6300,100.00,no
2026-10-05T00:43:35.975719Z,0.6400,100.00,no
2026-10-05T00:43:35.975719Z,0.6300,31.00,no
2026-10-05T00:43:35.975719Z,0.6100,78.62,no
2026-10-05T00:43:35.975719Z,0.2400,35.20,no
2026-10-05T00:43:35.975719Z,0.2500,30.00,no
2026-10-05T00:43:35.975719Z,0.2600,65.00,no
2026-10-05T00:43:35.975719Z,0.3000,12.00,no
2026-10-05T00:43:35.975719Z,0.5700,1.00,no
2026-10-05T00:43:35.975719Z,0.5100,10.00,no
2026-10-05T00:43:35.975719Z,0.2400,1.00,no
2026-10-05T00:43:35.975719Z,0.2800,2.00,no
2026-10-05T00:43:36.18679Z,0.6600,34.51,yes
2026-10-05T00:43:37.306747Z,0.6500,6.60,yes
2026-10-05T00:43:37.381726Z,0.6500,50.90,yes
2026-10-05T00:43:37.381726Z,0.6500,24.40,yes
2026-10-05T00:43:37.477582Z,0.6500,23.34,yes
2026-10-05T00:43:38.968141Z,0.6400,15.32,yes
2026-10-05T00:43:38.979063Z,0.6400,7.00,yes
2026-10-05T00:43:38.979063Z,0.6400,60.16,yes
2026-10-05T00:43:38.979063Z,0.6400,84.68,yes
2026-10-05T00:43:39.391891Z,0.6400,5.00,yes
2026-10-05T00:43:39.391891Z,0.6400,39.84,yes
2026-10-05T00:43:39.391891Z,0.6500,5.43,yes
2026-10-05T00:43:39.391891Z,0.6400,2.00,yes
2026-10-05T00:43:39.445324Z,0.6400,12.00,yes
2026-10-05T00:43:39.445324Z,0.6400,5.00,yes
2026-10-05T00:43:39.445324Z,0.6400,1.00,yes
2026-10-05T00:43:39.449247Z,0.6400,6.09,yes
2026-10-05T00:43:39.509883Z,0.6400,7.91,yes
2026-10-05T00:43:39.509883Z,0.6400,2.07,yes
2026-10-05T00:43:40.16671Z,0.5900,12.12,no
2026-10-05T00:43:40.16671Z,0.6000,1.00,no
2026-10-05T00:43:40.762135Z,0.6400,21.36,yes
2026-10-05T00:43:40.762135Z,0.6400,26.00,yes
2026-10-05T00:43:40.762135Z,0.6400,2.93,yes
2026-10-05T00:43:42.061097Z,0.6500,18.20,yes
2026-10-05T00:43:42.061097Z,0.6400,5.00,yes
2026-10-05T00:43:42.061097Z,0.6400,7.00,yes
2026-10-05T00:43:42.399991Z,0.6500,1.28,yes
2026-10-05T00:43:42.399991Z,0.6500,100.00,yes
2026-10-05T00:43:42.399991Z,0.6500,2.13,yes
2026-10-05T00:43:43.375162Z,0.6300,35.17,no
2026-10-05T00:43:43.375162Z,0.6400,11.74,no
2026-10-05T00:43:43.553123Z,0.6600,0.41,yes
2026-10-05T00:43:43.553123Z,0.6600,0.49,yes
2026-10-05T00:43:43.553123Z,0.6500,0.10,yes
2026-10-05T00:43:44.449494Z,0.6600,0.59,yes
2026-10-05T00:43:44.449494Z,0.6900,8.58,yes
2026-10-05T00:43:44.449494Z,0.6900,0.10,yes
2026-10-05T00:43:44.449494Z,0.6800,5.00,yes
2026-10-05T00:43:45.409976Z,0.6700,0.10,yes
2026-10-05T00:43:45.409976Z,0.6700,1.35,yes
2026-10-05T00:43:46.353114Z,0.6300,0.87,no
2026-10-05T00:43:46.353114Z,0.6300,18.83,no
2026-10-05T00:43:46.538264Z,0.6600,0.75,no
2026-10-05T00:43:46.538264Z,0.6300,2.13,no
2026-10-05T00:43:46.538264Z,0.6200,9.98,no
2026-10-05T00:43:47.726243Z,0.6700,1.00,yes
2026-10-05T00:43:47.726243Z,0.6900,2.52,yes
2026-10-05T00:43:50.647611Z,0.7000,27.00,yes
2026-10-05T00:43:50.647611Z,0.6900,1.13,yes
2026-10-05T00:43:50.647611Z,0.6900,29.00,yes
2026-10-05T00:43:50.647611Z,0.7000,1.00,yes
2026-10-05T00:43:50.647611Z,0.7000,29.00,yes
2026-10-05T00:43:50.647611Z,0.7100,51.73,yes
2026-10-05T00:43:50.647611Z,0.6800,0.75,yes
2026-10-05T00:43:51.272751Z,0.7100,7.47,yes
2026-10-05T00:43:51.272751Z,0.7000,27.00,yes
2026-10-05T00:43:51.272751Z,0.7000,1.00,yes
2026-10-05T00:43:51.272751Z,0.7000,5.00,yes
2026-10-05T00:43:51.272751Z,0.7000,29.00,yes
2026-10-05T00:43:51.867109Z,0.7100,29.16,yes
2026-10-05T00:43:51.867109Z,0.7000,1.00,yes
2026-10-05T00:43:51.867109Z,0.7000,5.00,yes
2026-10-05T00:43:51.867109Z,0.7000,5.00,yes
2026-10-05T00:43:52.153522Z,0.6400,1.00,no
2026-10-05T00:43:52.153522Z,0.6400,1.00,no
2026-10-05T00:43:52.153522Z,0.6400,29.00,no
2026-10-05T00:43:52.153522Z,0.6500,10.09,no
2026-10-05T00:43:52.153522Z,0.6300,8.94,no
2026-10-05T00:43:52.188793Z,0.6200,18.02,no
2026-10-05T00:43:52.188793Z,0.6300,27.00,no
2026-10-05T00:43:52.188793Z,0.6300,0.10,no
2026-10-05T00:43:52.188793Z,0.6300,100.00,no
2026-10-05T00:43:52.188793Z,0.6300,17.06,no
2026-10-05T00:43:53.134455Z,0.6400,1.00,no
2026-10-05T00:43:53.134455Z,0.6500,5.00,no
2026-10-05T00:43:53.783308Z,0.6900,31.00,yes
2026-10-05T00:43:53.783308Z,0.6800,29.00,yes
2026-10-05T00:43:53.783308Z,0.6900,5.00,yes
2026-10-05T00:43:53.783308Z,0.7000,40.00,yes
2026-10-05T00:43:53.783308Z,0.6900,1.00,yes
2026-10-05T00:43:53.783308Z,0.7000,18.00,yes
2026-10-05T00:43:53.783308Z,0.7000,9.00,yes
2026-10-05T00:43:53.783308Z,0.7100,144.99,yes
2026-10-05T00:43:53.822495Z,0.7000,40.00,yes
2026-10-05T00:43:53.822495Z,0.7100,259.45,yes
2026-10-05T00:43:53.822495Z,0.7100,191.00,yes
2026-10-05T00:43:53.822495Z,0.7100,5.00,yes
2026-10-05T00:43:53.822495Z,0.7100,10.00,yes
2026-10-05T00:43:53.822495Z,0.7100,110.65,yes
2026-10-05T00:43:53.822495Z,0.7200,1396.87,yes
2026-10-05T00:43:55.14994Z,0.7000,0.85,yes
2026-10-05T00:43:55.449391Z,0.7000,20.00,yes
2026-10-05T00:43:55.449391Z,0.7100,42.63,yes
2026-10-05T00:43:55.449391Z,0.7000,26.00,yes
2026-10-05T00:43:55.449391Z,0.7100,20.00,yes
2026-10-05T00:43:55.449391Z,0.7000,1.00,yes
2026-10-05T00:43:55.449391Z,0.7100,5.00,yes
2026-10-05T00:43:55.449391Z,0.7200,18.50,yes
2026-10-05T00:43:55.899841Z,0.7100,2.00,yes
2026-10-05T00:43:55.899841Z,0.7100,5.00,yes
2026-10-05T00:43:55.899841Z,0.7100,1.00,yes
2026-10-05T00:43:55.899841Z,0.7100,1.00,yes
2026-10-05T00:43:55.899841Z,0.7100,5.00,yes
2026-10-05T00:43:55.899841Z,0.7200,40.71,yes
2026-10-05T00:43:57.121166Z,0.6800,19.81,no
2026-10-05T00:43:57.342652Z,0.7000,37.50,no
2026-10-05T00:43:57.40578Z,0.7200,100.80,yes
2026-10-05T00:43:57.781561Z,0.7200,68.10,yes
2026-10-05T00:43:58.034303Z,0.7100,0.01,yes
2026-10-05T00:43:58.272524Z,0.6800,16.60,no
2026-10-05T00:43:58.272524Z,0.7000,43.30,no
2026-10-05T00:43:58.272524Z,0.6900,1.00,no
2026-10-05T00:43:58.357774Z,0.6800,34.03,no
2026-10-05T00:43:58.357774Z,0.6800,83.40,no
2026-10-05T00:43:58.973001Z,0.6700,10.07,no
2026-10-05T00:44:01.128584Z,0.7100,1.44,yes
2026-10-05T00:44:01.209058Z,0.7100,1.22,yes
2026-10-05T00:44:03.376913Z,0.7100,13.38,yes
2026-10-05T00:44:03.376913Z,0.7100,8.33,yes
2026-10-05T00:44:03.376913Z,0.7100,5.00,yes
2026-10-05T00:44:03.633653Z,0.6900,31.21,no
2026-10-05T00:44:03.866171Z,0.7100,10.00,yes
2026-10-05T00:44:04.245215Z,0.7100,4.14,yes
2026-10-05T00:44:04.815149Z,0.7100,10.00,yes
2026-10-05T00:44:04.815149Z,0.7100,8.14,yes
2026-10-05T00:44:04.815149Z,0.7100,1.48,yes
2026-10-05T00:44:05.353016Z,0.7100,5.00,yes
2026-10-05T00:44:05.353016Z,0.7200,8.67,yes
2026-10-05T00:44:05.364482Z,0.6200,10.00,no
2026-10-05T00:44:05.364482Z,0.6800,100.00,no
2026-10-05T00:44:05.364482Z,0.6800,36.15,no
2026-10-05T00:44:05.364482Z,0.6900,100.00,no
2026-10-05T00:44:05.364482Z,0.6100,45.06,no
2026-10-05T00:44:05.364482Z,0.6900,10.00,no
2026-10-05T00:44:05.364482Z,0.6200,5.00,no
2026-10-05T00:44:05.364482Z,0.6900,68.79,no
2026-10-05T00:44:05.364482Z,0.6800,10.00,no
2026-10-05T00:44:05.364482Z,0.6700,100.00,no
2026-10-05T00:44:05.364482Z,0.6100,1.00,no
2026-10-05T00:44:05.364482Z,0.6700,10.00,no
2026-10-05T00:44:05.364482Z,0.6700,100.00,no
2026-10-05T00:44:05.364482Z,0.6500,10.00,no
2026-10-05T00:44:05.364482Z,0.6600,29.00,no
2026-10-05T00:44:05.364482Z,0.6600,10.00,no
2026-10-05T00:44:05.364482Z,0.6400,344.00,no
2026-10-05T00:44:05.364482Z,0.6400,1.00,no
2026-10-05T00:44:05.364482Z,0.6500,10.00,no
2026-10-05T00:44:05.959159Z,0.7100,5.00,yes
2026-10-05T00:44:05.959159Z,0.7100,27.00,yes
2026-10-05T00:44:05.959159Z,0.7100,1.00,yes
2026-10-05T00:44:05.959159Z,0.7100,29.00,yes
2026-10-05T00:44:05.959159Z,0.7200,34.77,yes
2026-10-05T00:44:07.501336Z,0.7100,1.00,yes
2026-10-05T00:44:07.501336Z,0.7100,5.00,yes
2026-10-05T00:44:07.501336Z,0.7100,14.70,yes
2026-10-05T00:44:07.614155Z,0.7100,85.30,yes
2026-10-05T00:44:07.614155Z,0.7100,52.74,yes
2026-10-05T00:44:07.643075Z,0.7100,23.14,yes
2026-10-05T00:44:07.643075Z,0.7100,47.26,yes
2026-10-05T00:44:07.670462Z,0.7100,0.69,yes
2026-10-05T00:44:08.345148Z,0.7100,0.69,yes
2026-10-05T00:44:08.431038Z,0.7100,75.48,yes
2026-10-05T00:44:08.431038Z,0.7100,31.00,yes
2026-10-05T00:44:08.431038Z,0.7100,100.00,yes
2026-10-05T00:44:08.431038Z,0.7100,36.47,yes
2026-10-05T00:44:08.455523Z,0.7100,2.48,yes
2026-10-05T00:44:08.455523Z,0.7100,45.53,yes
2026-10-05T00:44:09.338361Z,0.6700,12.55,no
2026-10-05T00:44:09.473928Z,0.7100,4.14,yes
2026-10-05T00:44:09.495385Z,0.6700,31.00,no
2026-10-05T00:44:09.495385Z,0.6700,14.45,no
2026-10-05T00:44:09.495385Z,0.6700,48.62,no
2026-10-05T00:44:10.068824Z,0.6900,1.39,yes
2026-10-05T00:44:10.354771Z,0.6900,3.61,yes
2026-10-05T00:44:10.354771Z,0.6900,4.51,yes
2026-10-05T00:44:10.60165Z,0.6900,23.36,yes
2026-10-05T00:44:10.60165Z,0.6900,5.00,yes
2026-10-05T00:44:10.993281Z,0.6700,23.54,no
2026-10-05T00:44:11.565148Z,0.6900,5.00,yes
2026-10-05T00:44:11.565148Z,0.6900,6.00,yes
2026-10-05T00:44:11.565148Z,0.7000,0.10,yes
2026-10-05T00:44:11.565148Z,0.7100,81.82,yes
2026-10-05T00:44:11.565148Z,0.7000,27.00,yes
2026-10-05T00:44:11.565148Z,0.7000,17.23,yes
2026-10-05T00:44:11.578825Z,0.7100,18.18,yes
2026-10-05T00:44:11.578825Z,0.7100,16.25,yes
2026-10-05T00:44:12.25676Z,0.7100,107.45,yes
2026-10-05T00:44:12.25676Z,0.7000,26.00,yes
2026-10-05T00:44:12.25676Z,0.7000,5.00,yes
2026-10-05T00:44:12.38888Z,0.7100,30.16,yes
2026-10-05T00:44:12.572594Z,0.7000,2.18,yes
2026-10-05T00:44:12.641325Z,0.7100,19.60,yes
2026-10-05T00:44:12.641325Z,0.7000,2.82,yes
2026-10-05T00:44:12.641325Z,0.7000,5.00,yes
2026-10-05T00:44:13.716018Z,0.7000,5.00,yes
2026-10-05T00:44:13.716018Z,0.7000,7.59,yes
2026-10-05T00:44:14.462843Z,0.7000,5.00,yes
2026-10-05T00:44:14.462843Z,0.7000,92.41,yes
2026-10-05T00:44:14.462843Z,0.7100,40.63,yes
2026-10-05T00:44:14.593882Z,0.7100,5.00,yes
2026-10-05T00:44:14.593882Z,0.7100,10.00,yes
2026-10-05T00:44:14.593882Z,0.7100,10.00,yes
2026-10-05T00:44:14.593882Z,0.7100,129.91,yes
2026-10-05T00:44:14.593882Z,0.7200,114.99,yes
2026-10-05T00:44:17.190327Z,0.6800,9.34,no
2026-10-05T00:44:17.610397Z,0.6900,3.91,no
2026-10-05T00:44:17.835893Z,0.7300,27.68,yes
2026-10-05T00:44:18.081263Z,0.6800,20.00,no
2026-10-05T00:44:18.883217Z,0.7300,18.91,yes
2026-10-05T00:44:19.325584Z,0.7300,17.00,yes
2026-10-05T00:44:19.325584Z,0.7400,5.00,yes
2026-10-05T00:44:19.325584Z,0.7300,9.00,yes
2026-10-05T00:44:19.325584Z,0.7400,51.34,yes
2026-10-05T00:44:19.325584Z,0.7300,1.47,yes
2026-10-05T00:44:19.638994Z,0.7300,8.55,yes
2026-10-05T00:44:19.860695Z,0.7300,1.34,yes
2026-10-05T00:44:20.807973Z,0.7400,5.00,yes
2026-10-05T00:44:20.807973Z,0.7400,2.39,yes
2026-10-05T00:44:20.807973Z,0.7300,1.11,yes
2026-10-05T00:44:21.034213Z,0.7000,9.00,no
2026-10-05T00:44:21.034213Z,0.7000,21.00,no
2026-10-05T00:44:21.034213Z,0.7000,100.00,no
2026-10-05T00:44:21.034213Z,0.6900,10.00,no
2026-10-05T00:44:21.034213Z,0.6900,100.00,no
2026-10-05T00:44:21.034213Z,0.7000,23.66,no
2026-10-05T00:44:21.034213Z,0.6800,0.08,no
2026-10-05T00:44:21.034213Z,0.7000,42.00,no
2026-10-05T00:44:21.034213Z,0.7000,7.00,no
2026-10-05T00:44:21.295475Z,0.7400,0.61,yes
2026-10-05T00:44:21.295475Z,0.7400,9.73,yes
2026-10-05T00:44:21.295475Z,0.7400,30.00,yes
2026-10-05T00:44:21.295475Z,0.7400,5.00,yes
2026-10-05T00:44:21.348597Z,0.6800,100.00,no
2026-10-05T00:44:21.348597Z,0.6900,7.00,no
2026-10-05T00:44:21.348597Z,0.6900,10.00,no
2026-10-05T00:44:21.348597Z,0.6900,12.00,no
2026-10-05T00:44:21.348597Z,0.6800,0.10,no
2026-10-05T00:44:21.348597Z,0.6700,9.84,no
2026-10-05T00:44:21.348597Z,0.6800,9.92,no
2026-10-05T00:44:21.348597Z,0.6700,72.64,no
2026-10-05T00:44:21.348597Z,0.6900,1.00,no
2026-10-05T00:44:21.443246Z,0.6700,3.02,no
2026-10-05T00:44:22.451247Z,0.7300,100.00,yes
2026-10-05T00:44:22.451247Z,0.7300,5.00,yes
2026-10-05T00:44:22.451247Z,0.7300,25.00,yes
2026-10-05T00:44:22.451247Z,0.7400,3.54,yes
2026-10-05T00:44:23.996698Z,0.7200,24.12,yes
2026-10-05T00:44:23.996698Z,0.7200,5.00,yes
2026-10-05T00:44:23.996698Z,0.7200,26.00,yes
2026-10-05T00:44:24.967422Z,0.7300,28.55,yes
2026-10-05T00:44:24.967422Z,0.7200,5.00,yes
2026-10-05T00:44:25.236522Z,0.7000,0.31,no
2026-10-05T00:44:25.32459Z,0.7300,41.60,yes
2026-10-05T00:44:25.32459Z,0.7300,2.45,yes
2026-10-05T00:44:25.358756Z,0.7300,4.36,yes
2026-10-05T00:44:25.688811Z,0.7300,8.21,yes
2026-10-05T00:44:25.720937Z,0.7000,1.69,no
2026-10-05T00:44:25.720937Z,0.7000,4.15,no
2026-10-05T00:44:25.720937Z,0.7000,46.00,no
2026-10-05T00:44:25.720937Z,0.7000,100.00,no
2026-10-05T00:44:27.768582Z,0.7300,10.00,yes
2026-10-05T00:44:27.768582Z,0.7300,65.25,yes
2026-10-05T00:44:27.768582Z,0.7400,15.73,yes
2026-10-05T00:44:27.768582Z,0.7400,1.00,yes
2026-10-05T00:44:27.768582Z,0.7400,100.00,yes
2026-10-05T00:44:27.768582Z,0.7200,5.00,yes
2026-10-05T00:44:27.768582Z,0.7300,65.73,yes
2026-10-05T00:44:27.768582Z,0.7400,7.17,yes
2026-10-05T00:44:27.768582Z,0.7300,45.83,yes
2026-10-05T00:44:28.158517Z,0.7400,0.17,yes
2026-10-05T00:44:28.158517Z,0.7300,27.00,yes
2026-10-05T00:44:28.158517Z,0.7300,5.00,yes
2026-10-05T00:44:28.158517Z,0.7300,1.00,yes
2026-10-05T00:44:28.229515Z,0.6900,14.28,no
2026-10-05T00:44:29.771253Z,0.7300,63.55,yes
2026-10-05T00:44:29.771253Z,0.7300,27.00,yes
2026-10-05T00:44:29.771253Z,0.7300,5.00,yes
2026-10-05T00:44:29.771253Z,0.7300,11.00,yes
2026-10-05T00:44:29.771253Z,0.7300,1.00,yes
2026-10-05T00:44:29.910544Z,0.7400,61.87,yes
2026-10-05T00:44:29.910544Z,0.7300,4.00,yes
2026-10-05T00:44:29.960983Z,0.7400,34.52,yes
2026-10-05T00:44:29.960983Z,0.7300,5.00,yes
2026-10-05T00:44:31.008017Z,0.7300,5.00,yes
2026-10-05T00:44:31.008017Z,0.7400,9.66,yes
2026-10-05T00:44:31.522686Z,0.7000,63.43,no
2026-10-05T00:44:31.522686Z,0.7000,54.00,no
2026-10-05T00:44:33.530184Z,0.7400,17.56,yes
2026-10-05T00:44:33.530184Z,0.7400,5.00,yes
2026-10-05T00:44:34.351909Z,0.7400,8.16,yes
2026-10-05T00:44:34.351909Z,0.7400,5.00,yes
2026-10-05T00:44:35.385219Z,0.7300,3.98,yes
2026-10-05T00:44:35.488012Z,0.7300,5.00,yes
2026-10-05T00:44:35.488012Z,0.7400,2.84,yes
2026-10-05T00:44:35.488012Z,0.7400,66.00,yes
2026-10-05T00:44:35.488012Z,0.7400,76.00,yes
2026-10-05T00:44:35.488012Z,0.7300,22.02,yes
2026-10-05T00:44:35.488012Z,0.7500,13.05,yes
2026-10-05T00:44:35.488012Z,0.7500,0.82,yes
2026-10-05T00:44:35.488012Z,0.7500,206.28,yes
2026-10-05T00:44:35.488012Z,0.7500,3.00,yes
2026-10-05T00:44:35.590095Z,0.7400,9.00,yes
2026-10-05T00:44:35.590095Z,0.7400,5.00,yes
2026-10-05T00:44:35.590095Z,0.7400,11.00,yes
2026-10-05T00:44:35.75241Z,0.7400,1.32,yes
2026-10-05T00:44:36.561779Z,0.6900,11.87,no
2026-10-05T00:44:36.561779Z,0.7100,39.89,no
2026-10-05T00:44:36.561779Z,0.7000,42.00,no
2026-10-05T00:44:37.917838Z,0.7400,4.29,yes
2026-10-05T00:44:37.917838Z,0.7400,5.00,yes
2026-10-05T00:44:38.109091Z,0.7400,5.71,yes
2026-10-05T00:44:38.109091Z,0.7400,11.54,yes
2026-10-05T00:44:38.120155Z,0.7400,66.35,yes
2026-10-05T00:44:39.023549Z,0.7400,21.23,yes
2026-10-05T00:44:39.124325Z,0.7500,1.45,yes
2026-10-05T00:44:39.124325Z,0.7500,291.76,yes
2026-10-05T00:44:39.124325Z,0.7400,0.10,yes
2026-10-05T00:44:39.124325Z,0.7400,5.00,yes
2026-10-05T00:44:39.124325Z,0.7400,29.00,yes
2026-10-05T00:44:39.124325Z,0.7400,77.09,yes
2026-10-05T00:44:39.124325Z,0.7400,88.88,yes
2026-10-05T00:44:39.124325Z,0.7300,11.00,yes
2026-10-05T00:44:39.124325Z,0.7300,100.00,yes
2026-10-05T00:44:39.124325Z,0.7400,10.00,yes
2026-10-05T00:44:39.124325Z,0.7500,37.06,yes
2026-10-05T00:44:39.124325Z,0.7500,3.89,yes
2026-10-05T00:44:40.620624Z,0.7400,1.00,yes
2026-10-05T00:44:40.620624Z,0.7400,2.98,yes
2026-10-05T00:44:41.013585Z,0.6900,89.69,no
2026-10-05T00:44:41.013585Z,0.7000,2.98,no
2026-10-05T00:44:41.013585Z,0.7000,30.00,no
2026-10-05T00:44:41.013585Z,0.6900,4.85,no
2026-10-05T00:44:41.013585Z,0.7100,25.00,no
2026-10-05T00:44:41.903986Z,0.7400,3.72,yes
2026-10-05T00:44:42.397277Z,0.7200,35.00,no
2026-10-05T00:44:42.397277Z,0.7200,8.05,no
2026-10-05T00:44:43.056512Z,0.7200,36.66,no
2026-10-05T00:44:43.056512Z,0.7300,183.00,no
2026-10-05T00:44:43.056512Z,0.7300,100.00,no
2026-10-05T00:44:43.056512Z,0.7300,85.52,no
2026-10-05T00:44:43.672191Z,0.7400,67.08,yes
2026-10-05T00:44:43.672191Z,0.7400,23.00,yes
2026-10-05T00:44:43.672191Z,0.7400,1.28,yes
2026-10-05T00:44:43.705236Z,0.7400,5.00,yes
2026-10-05T00:44:43.705236Z,0.7400,3.00,yes
2026-10-05T00:44:43.705236Z,0.7500,95.02,yes
2026-10-05T00:44:44.78461Z,0.7200,48.79,no
2026-10-05T00:44:44.78461Z,0.7200,100.00,no
2026-10-05T00:44:44.78461Z,0.7200,100.00,no
2026-10-05T00:44:44.78461Z,0.7200,63.34,no
2026-10-05T00:44:45.055741Z,0.7400,6.55,yes
2026-10-05T00:44:45.904759Z,0.7200,0.10,no
2026-10-05T00:44:45.904759Z,0.7000,6.55,no
2026-10-05T00:44:45.904759Z,0.7000,8.17,no
2026-10-05T00:44:46.046016Z,0.7300,5.04,yes
2026-10-05T00:44:46.405275Z,0.7400,4.20,yes
2026-10-05T00:44:46.405275Z,0.7300,1.00,yes
2026-10-05T00:44:46.405275Z,0.7400,10.00,yes
2026-10-05T00:44:46.405275Z,0.7300,5.96,yes
2026-10-05T00:44:46.405275Z,0.7400,5.00,yes
2026-10-05T00:44:46.787636Z,0.7400,3.46,yes
2026-10-05T00:44:47.058011Z,0.7300,21.23,yes
2026-10-05T00:44:47.144366Z,0.7600,10.00,yes
2026-10-05T00:44:47.144366Z,0.7500,10.00,yes
2026-10-05T00:44:47.144366Z,0.7500,161.00,yes
2026-10-05T00:44:47.144366Z,0.7300,100.00,yes
2026-10-05T00:44:47.144366Z,0.7300,5.00,yes
2026-10-05T00:44:47.144366Z,0.7400,10.00,yes
2026-10-05T00:44:47.144366Z,0.7400,100.00,yes
2026-10-05T00:44:47.144366Z,0.7300,4.31,yes
2026-10-05T00:44:47.144366Z,0.7500,10.00,yes
2026-10-05T00:44:47.144366Z,0.7600,500.00,yes
2026-10-05T00:44:47.144366Z,0.7600,500.00,yes
2026-10-05T00:44:47.144366Z,0.7600,330.30,yes
2026-10-05T00:44:47.144366Z,0.7600,10.00,yes
2026-10-05T00:44:47.144366Z,0.7500,167.92,yes
2026-10-05T00:44:47.319081Z,0.7400,1.31,yes
2026-10-05T00:44:47.716757Z,0.7400,17.00,yes
2026-10-05T00:44:47.716757Z,0.7500,21.78,yes
2026-10-05T00:44:47.716757Z,0.7500,10.00,yes
2026-10-05T00:44:47.716757Z,0.7400,3.69,yes
2026-10-05T00:44:49.056579Z,0.7100,15.63,no
2026-10-05T00:44:49.397745Z,0.6900,10.31,no
2026-10-05T00:44:49.397745Z,0.6900,1.75,no
2026-10-05T00:44:49.397745Z,0.7100,35.37,no
2026-10-05T00:44:49.397745Z,0.7000,10.00,no
2026-10-05T00:44:49.397745Z,0.7000,10.00,no
2026-10-05T00:44:49.397745Z,0.7100,54.29,no
2026-10-05T00:44:49.611734Z,0.7500,5.00,yes
2026-10-05T00:44:49.611734Z,0.7500,19.05,yes
2026-10-05T00:44:49.611734Z,0.7400,26.00,yes
2026-10-05T00:44:49.644994Z,0.6900,89.50,no
2026-10-05T00:44:50.031878Z,0.7400,29.00,yes
2026-10-05T00:44:50.031878Z,0.7400,4.17,yes
2026-10-05T00:44:50.151497Z,0.7400,0.48,yes
2026-10-05T00:44:50.151497Z,0.7400,0.83,yes
2026-10-05T00:44:50.891802Z,0.7600,19.41,yes
2026-10-05T00:44:50.891802Z,0.7500,80.95,yes
2026-10-05T00:44:50.891802Z,0.7400,25.52,yes
2026-10-05T00:44:50.891802Z,0.7400,5.00,yes
2026-10-05T00:44:51.217998Z,0.7400,11.00,yes
2026-10-05T00:44:52.303912Z,0.7400,57.55,yes
2026-10-05T00:44:52.303912Z,0.7300,5.00,yes
2026-10-05T00:44:52.339152Z,0.7400,3.94,yes
2026-10-05T00:44:52.364177Z,0.7400,38.51,yes
2026-10-05T00:44:52.364177Z,0.7500,80.34,yes
2026-10-05T00:44:52.364177Z,0.7400,5.00,yes
2026-10-05T00:44:52.364177Z,0.7600,52.15,yes
2026-10-05T00:44:52.433499Z,0.7600,26.33,yes
2026-10-05T00:44:52.433499Z,0.7600,10.00,yes
2026-10-05T00:44:52.433499Z,0.7600,98.14,yes
2026-10-05T00:44:52.433499Z,0.7600,500.00,yes
2026-10-05T00:44:53.514362Z,0.7600,32.35,yes
2026-10-05T00:44:53.618127Z,0.7600,1.08,yes
2026-10-05T00:44:53.718959Z,0.7600,32.35,yes
2026-10-05T00:44:53.846444Z,0.7200,8.66,no
2026-10-05T00:44:54.212656Z,0.7400,34.00,no
2026-10-05T00:44:54.262412Z,0.7400,24.17,no
2026-10-05T00:44:54.364809Z,0.7600,5.00,yes
2026-10-05T00:44:54.364809Z,0.7600,1.00,yes
2026-10-05T00:44:54.364809Z,0.7600,4.00,yes
2026-10-05T00:44:54.364809Z,0.7700,1.11,yes
2026-10-05T00:44:54.364809Z,0.7600,7.89,yes
2026-10-05T00:44:55.729598Z,0.7500,15.34,no
2026-10-05T00:44:55.729598Z,0.7500,15.56,no
2026-10-05T00:44:55.891266Z,0.7700,3.83,yes
2026-10-05T00:44:56.202243Z,0.7600,72.00,yes
2026-10-05T00:44:56.202243Z,0.7600,11.00,yes
2026-10-05T00:44:56.202994Z,0.7700,27.07,yes
2026-10-05T00:44:56.202994Z,0.7600,5.00,yes
2026-10-05T00:44:56.202994Z,0.7600,28.00,yes
2026-10-05T00:44:56.777547Z,0.7400,4.67,no
2026-10-05T00:44:56.777547Z,0.7500,12.44,no
2026-10-05T00:44:57.158313Z,0.7400,42.00,no
2026-10-05T00:44:57.158313Z,0.7500,10.00,no
2026-10-05T00:44:57.158313Z,0.7400,76.05,no
2026-10-05T00:44:57.158313Z,0.7400,120.16,no
2026-10-05T00:44:57.158313Z,0.7400,80.87,no
2026-10-05T00:44:57.284818Z,0.7700,63.90,yes
2026-10-05T00:44:57.74445Z,0.7700,25.56,yes
2026-10-05T00:44:58.077849Z,0.7700,255.62,yes
2026-10-05T00:44:58.437203Z,0.7700,12.78,yes
2026-10-05T00:44:58.454876Z,0.7300,287.34,no
2026-10-05T00:44:58.454876Z,0.7400,176.00,no
2026-10-05T00:44:58.454876Z,0.7400,42.00,no
2026-10-05T00:44:58.696805Z,0.7600,12.78,yes
2026-10-05T00:44:58.823036Z,0.7400,2.18,no
2026-10-05T00:44:58.903939Z,0.7400,122.70,no
2026-10-05T00:44:59.075162Z,0.7600,5.00,yes
2026-10-05T00:44:59.075162Z,0.7600,25.00,yes
2026-10-05T00:44:59.075162Z,0.7600,6.00,yes
2026-10-05T00:44:59.075162Z,0.7600,100.00,yes
2026-10-05T00:44:59.075162Z,0.7600,189.00,yes
2026-10-05T00:44:59.075162Z,0.7700,675.00,yes
2026-10-05T00:44:59.415083Z,0.7400,42.00,no
2026-10-05T00:44:59.415083Z,0.7400,161.00,no
2026-10-05T00:44:59.415083Z,0.7300,547.11,no
2026-10-05T00:44:59.46232Z,0.7600,2.58,yes
2026-10-05T00:45:00.159737Z,0.7400,173.00,no
2026-10-05T00:45:00.159737Z,0.7400,14.52,no
2026-10-05T00:45:00.495671Z,0.7400,26.82,no
2026-10-05T00:45:00.591318Z,0.7400,8.27,no
2026-10-05T00:45:00.591318Z,0.7400,0.66,no
2026-10-05T00:45:00.647634Z,0.7600,0.10,yes
2026-10-05T00:45:00.647634Z,0.7700,4.87,yes
2026-10-05T00:45:01.245045Z,0.7700,4.13,yes
2026-10-05T00:45:01.245045Z,0.7800,0.46,yes
2026-10-05T00:45:01.245045Z,0.7700,0.10,yes
2026-10-05T00:45:01.918551Z,0.7500,7.97,no
2026-10-05T00:45:01.918551Z,0.7500,1.00,no
2026-10-05T00:45:03.315912Z,0.7900,5.46,yes
2026-10-05T00:45:03.315912Z,0.7700,11.00,yes
2026-10-05T00:45:03.315912Z,0.7900,5.00,yes
2026-10-05T00:45:03.436051Z,0.7600,42.29,no
2026-10-05T00:45:03.614293Z,0.7900,11.00,yes
2026-10-05T00:45:03.614293Z,0.7900,77.39,yes
2026-10-05T00:45:03.614293Z,0.7900,25.00,yes
2026-10-05T00:45:04.750008Z,0.7500,9.25,no
2026-10-05T00:45:06.630178Z,0.7600,1.00,no
2026-10-05T00:45:06.630178Z,0.7600,12.35,no
2026-10-05T00:45:06.769225Z,0.7900,12.83,yes
2026-10-05T00:45:06.961406Z,0.7500,40.00,no
2026-10-05T00:45:06.961406Z,0.7500,682.39,no
2026-10-05T00:45:06.961406Z,0.7500,0.10,no
2026-10-05T00:45:06.961406Z,0.7600,1.00,no
2026-10-05T00:45:06.961406Z,0.7600,186.00,no
2026-10-05T00:45:06.961406Z,0.7600,5.65,no
2026-10-05T00:45:07.027302Z,0.7900,12.00,yes
2026-10-05T00:45:07.562998Z,0.7900,0.17,yes
2026-10-05T00:45:07.562998Z,0.7900,3.64,yes
2026-10-05T00:45:07.562998Z,0.7900,2.42,yes
2026-10-05T00:45:07.667607Z,0.7900,1.24,yes
2026-10-05T00:45:08.387587Z,0.7700,61.00,yes
2026-10-05T00:45:08.842875Z,0.7700,127.81,yes
2026-10-05T00:45:09.430443Z,0.7600,63.31,no
2026-10-05T00:45:09.430443Z,0.7600,1.00,no
2026-10-05T00:45:09.96881Z,0.7900,25.00,yes
2026-10-05T00:45:09.96881Z,0.7700,11.19,yes
2026-10-05T00:45:09.96881Z,0.7900,5.00,yes
2026-10-05T00:45:09.96881Z,0.7900,6.12,yes
2026-10-05T00:45:09.96881Z,0.8000,74.77,yes
2026-10-05T00:45:09.96881Z,0.8000,2.00,yes
2026-10-05T00:45:11.918217Z,0.7900,10.00,yes
2026-10-05T00:45:11.918217Z,0.7900,5.00,yes
2026-10-05T00:45:11.918217Z,0.7900,65.00,yes
2026-10-05T00:45:11.918217Z,0.8000,6.86,yes
2026-10-05T00:45:11.918217Z,0.8000,25.23,yes
2026-10-05T00:45:11.918217Z,0.8000,135.40,yes
2026-10-05T00:45:12.237298Z,0.7800,6.55,no
2026-10-05T00:45:12.247059Z,0.7800,22.45,no
2026-10-05T00:45:12.247059Z,0.7800,18.55,no
2026-10-05T00:45:12.251942Z,0.7800,21.45,no
2026-10-05T00:45:12.696723Z,0.8000,10.00,yes
2026-10-05T00:45:12.696723Z,0.8000,18.14,yes
2026-10-05T00:45:12.696723Z,0.7900,11.00,yes
2026-10-05T00:45:12.696723Z,0.7900,11.00,yes
2026-10-05T00:45:12.696723Z,0.8000,5.00,yes
2026-10-05T00:45:12.696723Z,0.7900,10.00,yes
2026-10-05T00:45:12.696723Z,0.8000,22.00,yes
2026-10-05T00:45:12.696723Z,0.7800,19.55,yes
2026-10-05T00:45:12.696723Z,0.8100,15.03,yes
2026-10-05T00:45:13.040588Z,0.7700,1.00,no
2026-10-05T00:45:13.040588Z,0.7700,15.00,no
2026-10-05T00:45:13.040588Z,0.7700,5.00,no
2026-10-05T00:45:13.607188Z,0.7600,174.00,no
2026-10-05T00:45:13.607188Z,0.7600,383.55,no
2026-10-05T00:45:13.607188Z,0.7700,100.00,no
2026-10-05T00:45:13.607188Z,0.7600,100.00,no
2026-10-05T00:45:13.607188Z,0.7500,625.88,no
2026-10-05T00:45:13.607188Z,0.7700,35.00,no
2026-10-05T00:45:13.607188Z,0.7700,138.02,no
2026-10-05T00:45:13.607188Z,0.7500,317.61,no
2026-10-05T00:45:13.786036Z,0.7700,1.00,no
2026-10-05T00:45:13.786036Z,0.7600,40.00,no
2026-10-05T00:45:13.786036Z,0.7500,130.15,no
2026-10-05T00:45:13.875061Z,0.7500,23.42,no
2026-10-05T00:45:14.019734Z,0.8000,1.00,yes
2026-10-05T00:45:14.019734Z,0.8000,18.00,yes
2026-10-05T00:45:14.019734Z,0.8000,10.00,yes
2026-10-05T00:45:14.019734Z,0.8000,1.00,yes
2026-10-05T00:45:14.019734Z,0.8000,25.00,yes
2026-10-05T00:45:14.019734Z,0.8000,5.00,yes
2026-10-05T00:45:14.019734Z,0.8100,55.93,yes
2026-10-05T00:45:14.346907Z,0.8000,2.13,yes
2026-10-05T00:45:14.842351Z,0.8000,0.02,yes
2026-10-05T00:45:14.842351Z,0.8000,1.00,yes
2026-10-05T00:45:14.842351Z,0.8000,5.00,yes
2026-10-05T00:45:14.842351Z,0.8000,10.00,yes
2026-10-05T00:45:15.658101Z,0.7600,1.00,no
2026-10-05T00:45:15.658101Z,0.7700,2.00,no
2026-10-05T00:45:15.658101Z,0.7600,12.88,no
2026-10-05T00:45:15.99341Z,0.8000,1.24,yes
2026-10-05T00:45:16.215506Z,0.8000,23.74,yes
2026-10-05T00:45:16.215506Z,0.8000,99.53,yes
2026-10-05T00:45:16.292777Z,0.7700,1.00,no
2026-10-05T00:45:16.292777Z,0.7600,991.05,no
2026-10-05T00:45:16.292777Z,0.7600,14.12,no
2026-10-05T00:45:16.292777Z,0.7600,40.00,no
2026-10-05T00:45:17.250788Z,0.8000,0.47,yes
2026-10-05T00:45:17.250788Z,0.8000,10.00,yes
2026-10-05T00:45:17.250788Z,0.7900,5.00,yes
2026-10-05T00:45:17.250788Z,0.7900,7.00,yes
2026-10-05T00:45:17.250788Z,0.8000,17.44,yes
2026-10-05T00:45:17.250788Z,0.7900,11.00,yes
2026-10-05T00:45:17.250788Z,0.7900,10.00,yes
2026-10-05T00:45:17.250788Z,0.7900,1.00,yes
2026-10-05T00:45:17.388314Z,0.7900,11.00,yes
2026-10-05T00:45:17.388314Z,0.7900,5.00,yes
2026-10-05T00:45:17.388314Z,0.7900,10.00,yes
2026-10-05T00:45:17.388314Z,0.8000,12.56,yes
2026-10-05T00:45:17.388314Z,0.8000,11.03,yes
2026-10-05T00:45:17.928641Z,0.7700,1.00,no
2026-10-05T00:45:17.928641Z,0.7600,2.47,no
2026-10-05T00:45:17.928641Z,0.7700,10.00,no
2026-10-05T00:45:18.019007Z,0.7700,8.00,yes
2026-10-05T00:45:18.100632Z,0.7900,5.00,yes
2026-10-05T00:45:18.100632Z,0.7900,3.14,yes
2026-10-05T00:45:18.289765Z,0.7700,3.00,no
2026-10-05T00:45:18.619974Z,0.7700,34.53,no
2026-10-05T00:45:18.642635Z,0.7700,43.00,no
2026-10-05T00:45:19.123217Z,0.8000,90.03,yes
2026-10-05T00:45:19.123217Z,0.8000,1.00,yes
2026-10-05T00:45:19.123217Z,0.8000,30.00,yes
2026-10-05T00:45:19.123217Z,0.8000,10.00,yes
2026-10-05T00:45:19.123217Z,0.8000,5.00,yes
2026-10-05T00:45:19.123217Z,0.8000,13.97,yes
2026-10-05T00:45:19.258517Z,0.8000,46.61,yes
2026-10-05T00:45:19.258517Z,0.8000,5.00,yes
2026-10-05T00:45:19.258517Z,0.8000,10.00,yes
2026-10-05T00:45:19.699617Z,0.7700,1.00,no
2026-10-05T00:45:19.699617Z,0.7700,20.00,no
2026-10-05T00:45:19.699617Z,0.7700,11.47,no
2026-10-05T00:45:19.699617Z,0.7700,38.45,no
2026-10-05T00:45:20.422426Z,0.7600,100.00,no
2026-10-05T00:45:20.422426Z,0.7600,6.48,no
2026-10-05T00:45:20.422426Z,0.7600,100.00,no
2026-10-05T00:45:20.422426Z,0.7700,1.00,no
2026-10-05T00:45:20.422426Z,0.7500,293.24,no
2026-10-05T00:45:20.422426Z,0.7600,40.00,no
2026-10-05T00:45:20.485564Z,0.7500,46.19,no
2026-10-05T00:45:20.825597Z,0.7900,1.00,yes
2026-10-05T00:45:20.825597Z,0.7900,0.24,yes
2026-10-05T00:45:22.290815Z,0.7800,6.23,yes
2026-10-05T00:45:22.376597Z,0.7800,10.00,yes
2026-10-05T00:45:22.376597Z,0.7800,4.77,yes
2026-10-05T00:45:22.376597Z,0.7900,5.17,yes
2026-10-05T00:45:22.376597Z,0.7800,5.00,yes
2026-10-05T00:45:22.74171Z,0.7900,25.00,yes
2026-10-05T00:45:22.74171Z,0.7900,3.17,yes
2026-10-05T00:45:22.74171Z,0.7900,94.83,yes
2026-10-05T00:45:24.098764Z,0.7900,0.10,yes
2026-10-05T00:45:24.098764Z,0.7900,5.00,yes
2026-10-05T00:45:24.098764Z,0.8000,25.00,yes
2026-10-05T00:45:24.098764Z,0.8000,31.02,yes
2026-10-05T00:45:24.447991Z,0.7800,16.39,no
2026-10-05T00:45:24.55778Z,0.8000,74.15,yes
2026-10-05T00:45:24.55778Z,0.8000,68.98,yes
2026-10-05T00:45:24.62266Z,0.8000,15.00,yes
2026-10-05T00:45:24.62266Z,0.8000,103.17,yes
2026-10-05T00:45:24.62266Z,0.8000,5.00,yes
2026-10-05T00:45:24.62266Z,0.8000,0.10,yes
2026-10-05T00:45:24.886912Z,0.7800,176.15,no
2026-10-05T00:45:26.915753Z,0.8100,292.07,yes
2026-10-05T00:45:26.915753Z,0.8100,500.00,yes
2026-10-05T00:45:26.915753Z,0.8100,177.30,yes
2026-10-05T00:45:26.915753Z,0.8100,179.00,yes
2026-10-05T00:45:26.915753Z,0.8000,5.00,yes
2026-10-05T00:45:26.915753Z,0.8100,25.00,yes
2026-10-05T00:45:26.915753Z,0.8100,10.00,yes
2026-10-05T00:45:26.915753Z,0.8100,1.00,yes
2026-10-05T00:45:26.915753Z,0.8100,29.04,yes
2026-10-05T00:45:27.487679Z,0.7900,3.38,no
2026-10-05T00:45:27.511431Z,0.8000,36.63,yes
2026-10-05T00:45:27.511431Z,0.8000,5.00,yes
2026-10-05T00:45:27.511431Z,0.8000,20.00,yes
2026-10-05T00:45:28.396623Z,0.8000,30.81,yes
2026-10-05T00:45:28.4579Z,0.7900,54.65,no
2026-10-05T00:45:28.4579Z,0.7900,169.00,no
2026-10-05T00:45:29.197492Z,0.8000,24.65,yes
2026-10-05T00:45:32.023534Z,0.7900,4.27,no
2026-10-05T00:45:32.350082Z,0.7900,110.43,no
2026-10-05T00:45:32.574347Z,0.8000,36.98,yes
2026-10-05T00:45:32.879936Z,0.7900,156.37,no
2026-10-05T00:45:33.113996Z,0.8000,5.00,yes
2026-10-05T00:45:33.113996Z,0.8000,100.00,yes
2026-10-05T00:45:33.113996Z,0.8000,18.27,yes
2026-10-05T00:45:33.555936Z,0.7900,130.88,no
2026-10-05T00:45:33.930912Z,0.7900,48.36,no
2026-10-05T00:45:34.122506Z,0.7900,40.73,no
2026-10-05T00:45:34.459213Z,0.8000,5.00,yes
2026-10-05T00:45:34.459213Z,0.8000,1.16,yes
2026-10-05T00:45:34.741918Z,0.8100,176.21,yes
2026-10-05T00:45:34.741918Z,0.8000,5.00,yes
2026-10-05T00:45:34.969879Z,0.7900,0.37,no
2026-10-05T00:45:35.353049Z,0.8000,11.00,yes
2026-10-05T00:45:35.353049Z,0.8000,19.81,yes
2026-10-05T00:45:35.929615Z,0.7900,186.78,no
2026-10-05T00:45:36.43569Z,0.7900,17.03,no
2026-10-05T00:45:36.808101Z,0.8000,5.00,yes
2026-10-05T00:45:36.808101Z,0.8000,7.32,yes
2026-10-05T00:45:37.399561Z,0.8000,157.78,yes
2026-10-05T00:45:37.583831Z,0.8000,21.90,yes
2026-10-05T00:45:37.583831Z,0.8000,25.00,yes
2026-10-05T00:45:37.583831Z,0.8000,10.00,yes
2026-10-05T00:45:37.583831Z,0.8000,5.00,yes
2026-10-05T00:45:37.583831Z,0.8100,31.72,yes
2026-10-05T00:45:37.583831Z,0.8100,500.00,yes
2026-10-05T00:45:37.583831Z,0.8100,500.00,yes
2026-10-05T00:45:37.583831Z,0.8100,25.00,yes
2026-10-05T00:45:37.583831Z,0.8100,159.87,yes
2026-10-05T00:45:37.583831Z,0.8100,500.00,yes
2026-10-05T00:45:37.583831Z,0.8100,15.00,yes
2026-10-05T00:45:38.217545Z,0.8000,78.44,yes
2026-10-05T00:45:38.280094Z,0.8000,94.56,yes
2026-10-05T00:45:38.280094Z,0.8000,5.00,yes
2026-10-05T00:45:38.280094Z,0.8000,16.00,yes
2026-10-05T00:45:38.280094Z,0.8000,11.00,yes
2026-10-05T00:45:38.280094Z,0.8000,10.00,yes
2026-10-05T00:45:38.321964Z,0.8000,64.32,no
2026-10-05T00:45:38.496981Z,0.8000,47.06,no
2026-10-05T00:45:38.898542Z,0.8000,1.00,no
2026-10-05T00:45:39.090571Z,0.8000,9.00,no
2026-10-05T00:45:39.102978Z,0.8000,40.00,no
2026-10-05T00:45:40.124804Z,0.8000,77.00,no
2026-10-05T00:45:40.377424Z,0.8000,9.40,no
2026-10-05T00:45:40.483381Z,0.8000,318.26,no
2026-10-05T00:45:42.133709Z,0.8100,6.09,yes
2026-10-05T00:45:42.361273Z,0.8100,30.45,yes
2026-10-05T00:45:42.38676Z,0.8000,50.00,no
2026-10-05T00:45:43.521323Z,0.8100,10.00,yes
2026-10-05T00:45:43.521323Z,0.8100,0.59,yes
2026-10-05T00:45:43.91589Z,0.8000,76.20,no
2026-10-05T00:45:44.323483Z,0.8000,27.78,no
2026-10-05T00:45:44.323483Z,0.8000,100.00,no
2026-10-05T00:45:44.323483Z,0.8000,15.00,no
2026-10-05T00:45:44.323483Z,0.8000,171.20,no
2026-10-05T00:45:44.571461Z,0.8100,8.91,yes
2026-10-05T00:45:44.878939Z,0.8000,0.63,no
2026-10-05T00:45:44.878939Z,0.7900,3.88,no
2026-10-05T00:45:45.029187Z,0.8100,10.00,yes
2026-10-05T00:45:45.029187Z,0.8000,11.00,yes
2026-10-05T00:45:45.029187Z,0.8100,5.00,yes
2026-10-05T00:45:45.029187Z,0.8100,195.00,yes
2026-10-05T00:45:45.797116Z,0.8200,11.04,yes
2026-10-05T00:45:45.797116Z,0.8200,1.00,yes
2026-10-05T00:45:46.096989Z,0.8100,108.00,no
2026-10-05T00:45:46.117693Z,0.8200,2.40,yes
2026-10-05T00:45:47.056572Z,0.8100,346.46,no
2026-10-05T00:45:48.068146Z,0.8200,9.63,yes
2026-10-05T00:45:48.240937Z,0.8200,27.69,yes
2026-10-05T00:45:48.535709Z,0.8100,30.78,no
2026-10-05T00:45:49.166401Z,0.8100,249.03,no
2026-10-05T00:45:49.747463Z,0.8200,30.10,yes
2026-10-05T00:45:49.888813Z,0.8200,12.04,yes
2026-10-05T00:45:50.954111Z,0.8200,240.86,yes
2026-10-05T00:45:51.017052Z,0.8200,24.08,yes
2026-10-05T00:45:51.074893Z,0.8100,44.73,no
2026-10-05T00:45:51.074893Z,0.8100,23.27,no
2026-10-05T00:45:51.197383Z,0.8100,76.73,no
2026-10-05T00:45:51.197383Z,0.8000,40.00,no
2026-10-05T00:45:51.197383Z,0.7900,2.11,no
2026-10-05T00:45:51.361688Z,0.8100,5.00,yes
2026-10-05T00:45:51.361688Z,0.8100,11.00,yes
2026-10-05T00:45:51.361688Z,0.8100,300.00,yes
2026-10-05T00:45:51.361688Z,0.8100,172.00,yes
2026-10-05T00:45:51.361688Z,0.8100,11.00,yes
2026-10-05T00:45:51.361688Z,0.8100,25.00,yes
2026-10-05T00:45:52.084546Z,0.8100,47.00,no
2026-10-05T00:45:52.515Z,0.8100,15.00,no
2026-10-05T00:45:52.640632Z,0.8100,189.00,no
2026-10-05T00:45:53.059035Z,0.8100,12.00,no
2026-10-05T00:45:53.31009Z,0.8100,18.81,no
2026-10-05T00:45:53.547257Z,0.8100,75.00,no
2026-10-05T00:45:53.640636Z,0.8200,120.43,yes
2026-10-05T00:45:54.452331Z,0.8100,17.54,no
2026-10-05T00:45:54.785443Z,0.8200,1.20,yes
2026-10-05T00:45:55.721116Z,0.8100,59.80,no
2026-10-05T00:45:56.862523Z,0.8200,180.65,yes
2026-10-05T00:45:57.121059Z,0.8100,24.00,no
2026-10-05T00:45:57.970961Z,0.8200,1000.00,yes
2026-10-05T00:45:58.624119Z,0.8200,6.02,yes
2026-10-05T00:45:58.795207Z,0.8100,1.00,no
2026-10-05T00:45:58.818859Z,0.8100,88.16,no
2026-10-05T00:45:58.818859Z,0.8100,16.85,no
2026-10-05T00:45:59.137509Z,0.8200,6.02,yes
2026-10-05T00:45:59.261995Z,0.8200,1.55,yes
2026-10-05T00:45:59.351511Z,0.8100,11.84,no
2026-10-05T00:46:00.78631Z,0.8000,15.00,no
2026-10-05T00:46:00.78631Z,0.8000,46.50,no
2026-10-05T00:46:00.78631Z,0.8000,94.87,no
2026-10-05T00:46:01.676795Z,0.8100,0.60,yes
2026-10-05T00:46:02.31204Z,0.8100,9.74,yes
2026-10-05T00:46:03.551785Z,0.8100,5.00,yes
2026-10-05T00:46:03.551785Z,0.8100,0.66,yes
2026-10-05T00:46:03.551785Z,0.8100,15.00,yes
2026-10-05T00:46:03.551785Z,0.8100,11.00,yes
2026-10-05T00:46:03.551785Z,0.8100,18.62,yes
2026-10-05T00:46:03.689994Z,0.8100,73.10,yes
2026-10-05T00:46:03.98931Z,0.8100,1.00,yes
2026-10-05T00:46:04.473652Z,0.7900,174.00,no
2026-10-05T00:46:04.473652Z,0.8000,53.50,no
2026-10-05T00:46:04.473652Z,0.7900,344.00,no
2026-10-05T00:46:04.473652Z,0.7900,0.10,no
2026-10-05T00:46:04.473652Z,0.7900,298.79,no
2026-10-05T00:46:04.473652Z,0.7800,690.30,no
2026-10-05T00:46:04.631643Z,0.8100,11.00,yes
2026-10-05T00:46:04.631643Z,0.8100,0.10,yes
2026-10-05T00:46:04.631643Z,0.8100,27.10,yes
2026-10-05T00:46:04.631643Z,0.8100,5.00,yes
2026-10-05T00:46:04.631643Z,0.8100,10.00,yes
2026-10-05T00:46:04.631643Z,0.8100,7.28,yes
2026-10-05T00:46:05.057221Z,0.8000,8.00,yes
2026-10-05T00:46:05.057221Z,0.8000,5.00,yes
2026-10-05T00:46:05.057221Z,0.8000,11.00,yes
2026-10-05T00:46:05.370923Z,0.8000,100.00,no
2026-10-05T00:46:05.691984Z,0.8000,20.89,no
2026-10-05T00:46:06.006565Z,0.8100,22.87,yes
2026-10-05T00:46:06.006565Z,0.8100,5.00,yes
2026-10-05T00:46:07.272502Z,0.8000,80.00,no
2026-10-05T00:46:07.600117Z,0.8000,67.10,no
2026-10-05T00:46:08.439216Z,0.8000,344.76,no
2026-10-05T00:46:09.891889Z,0.8000,106.52,no
2026-10-05T00:46:10.121079Z,0.8100,15.33,yes
2026-10-05T00:46:10.121079Z,0.8100,5.00,yes
2026-10-05T00:46:10.121079Z,0.8100,77.13,yes
2026-10-05T00:46:10.694957Z,0.8000,19.00,no
2026-10-05T00:46:10.757726Z,0.8000,5.00,no
2026-10-05T00:46:11.135938Z,0.8000,4.00,no
2026-10-05T00:46:11.399842Z,0.8000,14.08,no
2026-10-05T00:46:11.567397Z,0.8000,5.00,no
2026-10-05T00:46:12.508728Z,0.8000,82.38,no
2026-10-05T00:46:12.540494Z,0.7800,117.16,no
2026-10-05T00:46:12.540494Z,0.7900,57.00,no
2026-10-05T00:46:12.540494Z,0.8000,94.00,no
2026-10-05T00:46:12.540494Z,0.7900,15.00,no
2026-10-05T00:46:12.540494Z,0.7900,172.00,no
2026-10-05T00:46:12.540494Z,0.7800,38.51,no
2026-10-05T00:46:12.540494Z,0.8000,5.00,no
2026-10-05T00:46:12.540494Z,0.8000,127.27,no
2026-10-05T00:46:12.540494Z,0.7900,40.00,no
2026-10-05T00:46:12.540494Z,0.7800,0.10,no
2026-10-05T00:46:13.576689Z,0.8000,7.68,no
2026-10-05T00:46:13.576689Z,0.8000,15.32,no
2026-10-05T00:46:14.204335Z,0.8100,10.00,yes
2026-10-05T00:46:15.481281Z,0.8100,11.00,yes
2026-10-05T00:46:15.481281Z,0.8100,1.00,yes
2026-10-05T00:46:15.481281Z,0.8200,0.10,yes
2026-10-05T00:46:15.481281Z,0.8200,24.03,yes
2026-10-05T00:46:15.536174Z,0.8200,75.97,yes
2026-10-05T00:46:15.536174Z,0.8200,164.89,yes
2026-10-05T00:46:15.829544Z,0.8000,94.07,no
2026-10-05T00:46:17.235323Z,0.8100,11.00,yes
2026-10-05T00:46:17.235323Z,0.8200,5.63,yes
2026-10-05T00:46:17.235323Z,0.8300,8.33,yes
2026-10-05T00:46:17.235323Z,0.8200,35.11,yes
2026-10-05T00:46:17.235323Z,0.8300,0.10,yes
2026-10-05T00:46:17.351182Z,0.8300,1.00,yes
2026-10-05T00:46:17.351182Z,0.8300,3.21,yes
2026-10-05T00:46:17.351182Z,0.8100,20.00,yes
2026-10-05T00:46:17.942503Z,0.8100,7.31,yes
2026-10-05T00:46:18.36805Z,0.8300,1.00,yes
2026-10-05T00:46:18.36805Z,0.8300,20.00,yes
2026-10-05T00:46:18.36805Z,0.8300,15.00,yes
2026-10-05T00:46:18.36805Z,0.8300,60.00,yes
2026-10-05T00:46:18.36805Z,0.8300,5.00,yes
2026-10-05T00:46:18.36805Z,0.8400,15.31,yes
2026-10-05T00:46:19.977718Z,0.8100,15.00,no
2026-10-05T00:46:19.977718Z,0.8000,492.94,no
2026-10-05T00:46:20.334807Z,0.8200,5.84,yes
2026-10-05T00:46:20.757724Z,0.8200,3.50,yes
2026-10-05T00:46:20.807821Z,0.8100,0.71,yes
2026-10-05T00:46:21.538387Z,0.8100,30.10,yes
2026-10-05T00:46:21.707978Z,0.8200,3.74,yes
2026-10-05T00:46:21.78604Z,0.8100,163.00,yes
2026-10-05T00:46:21.78604Z,0.8100,3.35,yes
2026-10-05T00:46:21.78604Z,0.8200,9.44,yes
2026-10-05T00:46:21.78604Z,0.8200,3.76,yes
2026-10-05T00:46:21.932836Z,0.8000,27.07,no
2026-10-05T00:46:22.124987Z,0.8200,5.58,yes
2026-10-05T00:46:22.124987Z,0.8200,1.56,yes
2026-10-05T00:46:22.163816Z,0.8000,7.41,no
2026-10-05T00:46:22.446455Z,0.8100,528.00,no
2026-10-05T00:46:22.530335Z,0.8100,104.45,no
2026-10-05T00:46:22.679695Z,0.8100,24.00,no
2026-10-05T00:46:22.972439Z,0.8100,5.00,no
2026-10-05T00:46:23.136787Z,0.8100,43.00,no
2026-10-05T00:46:23.544096Z,0.8100,21.46,no
2026-10-05T00:46:23.867586Z,0.8200,602.16,yes
2026-10-05T00:46:24.966161Z,0.8100,200.00,no
2026-10-05T00:46:25.530305Z,0.8100,42.00,no
2026-10-05T00:46:25.570017Z,0.8100,32.09,no
2026-10-05T00:46:25.570017Z,0.8100,5.29,no
2026-10-05T00:46:25.570017Z,0.8100,0.62,no
2026-10-05T00:46:25.683316Z,0.8200,100.00,yes
2026-10-05T00:46:25.683316Z,0.8200,20.08,yes
2026-10-05T00:46:25.834549Z,0.8100,58.71,no
2026-10-05T00:46:26.361489Z,0.8100,3.00,no
2026-10-05T00:46:27.212972Z,0.8100,16.00,no
2026-10-05T00:46:27.212972Z,0.8100,31.00,no
2026-10-05T00:46:27.226303Z,0.8300,1.00,yes
2026-10-05T00:46:27.226303Z,0.8300,0.02,yes
2026-10-05T00:46:27.226303Z,0.8200,11.00,yes
2026-10-05T00:46:27.292686Z,0.8100,4.25,no
2026-10-05T00:46:27.501246Z,0.8100,13.99,no
2026-10-05T00:46:27.540528Z,0.8100,47.78,no
2026-10-05T00:46:27.540528Z,0.8100,5.76,no
2026-10-05T00:46:27.540528Z,0.8100,41.17,no
2026-10-05T00:46:27.540528Z,0.8100,5.29,no
2026-10-05T00:46:27.614167Z,0.8300,5.00,yes
2026-10-05T00:46:27.614167Z,0.8300,24.98,yes
2026-10-05T00:46:27.614167Z,0.8300,1.00,yes
2026-10-05T00:46:27.614167Z,0.8300,10.00,yes
2026-10-05T00:46:27.614167Z,0.8300,29.00,yes
2026-10-05T00:46:27.614167Z,0.8300,1.00,yes
2026-10-05T00:46:27.614167Z,0.8300,5.00,yes
2026-10-05T00:46:27.614167Z,0.8300,15.00,yes
2026-10-05T00:46:27.614167Z,0.8300,100.00,yes
2026-10-05T00:46:27.614167Z,0.8400,77.65,yes
2026-10-05T00:46:27.614167Z,0.8300,10.00,yes
2026-10-05T00:46:27.614167Z,0.8300,43.00,yes
2026-10-05T00:46:27.614167Z,0.8300,185.00,yes
2026-10-05T00:46:27.614167Z,0.8400,1.00,yes
2026-10-05T00:46:27.614167Z,0.8400,84.69,yes
2026-10-05T00:46:28.74179Z,0.8300,23.19,yes
2026-10-05T00:46:28.74179Z,0.8200,0.62,yes
2026-10-05T00:46:28.943988Z,0.8100,5.00,no
2026-10-05T00:46:28.943988Z,0.8100,95.52,no
2026-10-05T00:46:29.037215Z,0.8300,130.85,yes
2026-10-05T00:46:29.137368Z,0.8100,5.52,no
2026-10-05T00:46:29.137368Z,0.8100,2.48,no
2026-10-05T00:46:29.160486Z,0.8300,7.11,yes
2026-10-05T00:46:29.160486Z,0.8300,10.00,yes
2026-10-05T00:46:29.160486Z,0.8300,11.00,yes
2026-10-05T00:46:29.612726Z,0.8300,10.00,yes
2026-10-05T00:46:29.612726Z,0.8300,100.00,yes
2026-10-05T00:46:29.612726Z,0.8300,25.00,yes
2026-10-05T00:46:29.612726Z,0.8300,60.00,yes
2026-10-05T00:46:29.612726Z,0.8300,5.00,yes
2026-10-05T00:46:29.612726Z,0.8300,20.89,yes
2026-10-05T00:46:29.612726Z,0.8400,727.15,yes
2026-10-05T00:46:30.899993Z,0.8000,100.00,no
2026-10-05T00:46:30.899993Z,0.8000,224.22,no
2026-10-05T00:46:30.899993Z,0.8000,378.51,no
2026-10-05T00:46:32.092337Z,0.8200,1.20,yes
2026-10-05T00:46:32.879492Z,0.8000,31.21,no
2026-10-05T00:46:33.817601Z,0.8200,9.80,yes
2026-10-05T00:46:33.817601Z,0.8200,25.20,yes
2026-10-05T00:46:33.832231Z,0.8100,134.12,no
2026-10-05T00:46:35.253832Z,0.8200,30.10,yes
2026-10-05T00:46:35.551288Z,0.8100,93.76,no
2026-10-05T00:46:35.616746Z,0.8200,6.02,yes
2026-10-05T00:46:36.786799Z,0.8200,4.29,yes
2026-10-05T00:46:37.075826Z,0.8200,1.74,yes
2026-10-05T00:46:37.075826Z,0.8200,34.39,yes
2026-10-05T00:46:38.862466Z,0.8100,49.80,no
2026-10-05T00:46:39.414243Z,0.8100,47.20,no
2026-10-05T00:46:39.503172Z,0.8200,9.26,yes
2026-10-05T00:46:39.503172Z,0.8300,5.58,yes
2026-10-05T00:46:39.503172Z,0.8300,10.00,yes
2026-10-05T00:46:39.503172Z,0.8200,40.00,yes
2026-10-05T00:46:39.641439Z,0.8300,5.00,yes
2026-10-05T00:46:39.641439Z,0.8300,1.08,yes
2026-10-05T00:46:40.484194Z,0.8100,339.21,no
2026-10-05T00:46:40.533801Z,0.8100,18.81,no
2026-10-05T00:46:40.776998Z,0.8200,11.00,yes
2026-10-05T00:46:40.861632Z,0.8300,58.92,yes
2026-10-05T00:46:40.861632Z,0.8300,1.76,yes
2026-10-05T00:46:41.270694Z,0.8200,10.00,no
2026-10-05T00:46:41.852903Z,0.8400,922.45,yes
2026-10-05T00:46:41.852903Z,0.8300,1.08,yes
2026-10-05T00:46:41.852903Z,0.8300,10.00,yes
2026-10-05T00:46:41.852903Z,0.8300,58.92,yes
2026-10-05T00:46:41.852903Z,0.8300,5.00,yes
2026-10-05T00:46:41.852903Z,0.8300,182.72,yes
2026-10-05T00:46:42.848313Z,0.8200,55.59,no
2026-10-05T00:46:43.558272Z,0.8200,800.00,no
2026-10-05T00:46:43.953421Z,0.8200,18.91,no
2026-10-05T00:46:44.866848Z,0.8300,10.00,yes
2026-10-05T00:46:44.866848Z,0.8300,14.01,yes
2026-10-05T00:46:44.866848Z,0.8300,11.00,yes
2026-10-05T00:46:44.866848Z,0.8300,60.00,yes
2026-10-05T00:46:44.866848Z,0.8300,5.00,yes
2026-10-05T00:46:45.74152Z,0.8200,0.61,no
2026-10-05T00:46:45.74152Z,0.8200,91.00,no
2026-10-05T00:46:45.74152Z,0.8100,1003.48,no
2026-10-05T00:46:45.74152Z,0.8200,191.06,no
2026-10-05T00:46:45.74152Z,0.8100,0.10,no
2026-10-05T00:46:45.74152Z,0.8200,104.50,no
2026-10-05T00:46:45.74152Z,0.8100,317.10,no
2026-10-05T00:46:45.74152Z,0.8200,40.00,no
2026-10-05T00:46:46.598592Z,0.8100,187.52,no
2026-10-05T00:46:47.224219Z,0.8300,0.10,yes
2026-10-05T00:46:47.224219Z,0.8300,200.00,yes
2026-10-05T00:46:47.224219Z,0.8300,10.00,yes
2026-10-05T00:46:47.224219Z,0.8200,11.00,yes
2026-10-05T00:46:47.224219Z,0.8400,360.35,yes
2026-10-05T00:46:47.99111Z,0.8200,49.00,no
2026-10-05T00:46:48.011331Z,0.8300,0.89,yes
2026-10-05T00:46:49.108741Z,0.8200,50.00,no
2026-10-05T00:46:49.423683Z,0.8200,747.70,no
2026-10-05T00:46:49.779622Z,0.8300,2.38,yes
2026-10-05T00:46:49.900011Z,0.8200,46.70,no
2026-10-05T00:46:49.900011Z,0.8200,153.30,no
2026-10-05T00:46:50.15194Z,0.8300,7.73,yes
2026-10-05T00:46:50.15194Z,0.8300,10.00,yes
2026-10-05T00:46:50.15194Z,0.8300,85.85,yes
2026-10-05T00:46:50.371653Z,0.8300,60.00,yes
2026-10-05T00:46:50.371653Z,0.8400,168.36,yes
2026-10-05T00:46:50.371653Z,0.8300,5.00,yes
2026-10-05T00:46:50.980417Z,0.8200,53.30,no
2026-10-05T00:46:50.980417Z,0.8200,40.00,no
2026-10-05T00:46:50.980417Z,0.8100,140.95,no
2026-10-05T00:46:51.736471Z,0.8300,60.00,yes
2026-10-05T00:46:51.736471Z,0.8300,11.00,yes
2026-10-05T00:46:51.736471Z,0.8300,181.19,yes
2026-10-05T00:46:51.736471Z,0.8300,100.00,yes
2026-10-05T00:46:51.736471Z,0.8300,5.00,yes
2026-10-05T00:46:52.422101Z,0.8200,187.28,yes
2026-10-05T00:46:52.422101Z,0.8300,10.00,yes
2026-10-05T00:46:52.422101Z,0.8400,25.00,yes
2026-10-05T00:46:52.422101Z,0.8400,105.26,yes
2026-10-05T00:46:52.422101Z,0.8400,10.00,yes
2026-10-05T00:46:52.422101Z,0.8400,369.01,yes
2026-10-05T00:46:52.498234Z,0.8400,16.32,yes
2026-10-05T00:46:52.622384Z,0.8400,2.00,yes
2026-10-05T00:46:54.115856Z,0.8200,14.00,no
2026-10-05T00:46:54.208755Z,0.8300,9.40,yes
2026-10-05T00:46:55.209921Z,0.8100,52.22,no
2026-10-05T00:46:55.547447Z,0.8400,11.00,yes
2026-10-05T00:46:55.547447Z,0.8400,10.00,yes
2026-10-05T00:46:55.547447Z,0.8500,5.00,yes
2026-10-05T00:46:55.547447Z,0.8300,100.00,yes
2026-10-05T00:46:55.547447Z,0.8500,162.00,yes
2026-10-05T00:46:55.547447Z,0.8400,13.00,yes
2026-10-05T00:46:55.547447Z,0.8300,10.00,yes
2026-10-05T00:46:55.547447Z,0.8500,25.00,yes
2026-10-05T00:46:55.547447Z,0.8500,10.00,yes
2026-10-05T00:46:55.547447Z,0.8600,0.37,yes
2026-10-05T00:46:55.547447Z,0.8500,30.00,yes
2026-10-05T00:46:55.988168Z,0.8400,10.00,yes
2026-10-05T00:46:55.988168Z,0.8500,170.00,yes
2026-10-05T00:46:55.988168Z,0.8400,2.00,yes
2026-10-05T00:46:55.988168Z,0.8500,10.00,yes
2026-10-05T00:46:55.988168Z,0.8400,1.00,yes
2026-10-05T00:46:55.988168Z,0.8400,5.00,yes
2026-10-05T00:46:55.988168Z,0.8500,1.00,yes
2026-10-05T00:46:55.988168Z,0.8300,11.00,yes
2026-10-05T00:46:55.988168Z,0.8600,340.83,yes
2026-10-05T00:46:55.988168Z,0.8600,9.40,yes
2026-10-05T00:46:55.988168Z,0.8600,7.00,yes
2026-10-05T00:46:55.988168Z,0.8600,9.63,yes
2026-10-05T00:46:58.089069Z,0.8200,10.35,no
2026-10-05T00:46:58.089069Z,0.8200,1.00,no
2026-10-05T00:46:58.42734Z,0.8200,60.00,no
2026-10-05T00:46:58.42734Z,0.8200,40.00,no
2026-10-05T00:47:00.182575Z,0.8200,40.00,no
2026-10-05T00:47:00.182575Z,0.8200,154.25,no
2026-10-05T00:47:00.182575Z,0.8200,40.00,no
2026-10-05T00:47:00.414638Z,0.8300,18.76,yes
2026-10-05T00:47:00.414638Z,0.8300,11.00,yes
2026-10-05T00:47:04.356414Z,0.8100,173.18,no
2026-10-05T00:47:04.525635Z,0.8300,5.95,yes
2026-10-05T00:47:04.596629Z,0.8300,38.05,yes
2026-10-05T00:47:04.596629Z,0.8300,5.05,yes
2026-10-05T00:47:04.845363Z,0.8300,5.95,yes
2026-10-05T00:47:04.864037Z,0.8300,7.10,yes
2026-10-05T00:47:04.864037Z,0.8300,56.00,yes
2026-10-05T00:47:05.483688Z,0.8400,5.00,yes
2026-10-05T00:47:05.483688Z,0.8400,4.98,yes
2026-10-05T00:47:07.046932Z,0.8400,5.37,yes
2026-10-05T00:47:07.046932Z,0.8400,10.00,yes
2026-10-05T00:47:07.046932Z,0.8400,2.12,yes
2026-10-05T00:47:07.356194Z,0.8300,11.90,yes
2026-10-05T00:47:08.172362Z,0.8300,58.86,yes
2026-10-05T00:47:08.18381Z,0.8200,1.00,no
2026-10-05T00:47:08.18381Z,0.8200,7.00,no
2026-10-05T00:47:09.218045Z,0.8200,95.00,no
2026-10-05T00:47:09.218045Z,0.8200,5.00,no
2026-10-05T00:47:09.493533Z,0.8200,3.00,no
2026-10-05T00:47:09.493533Z,0.8200,5.00,no
2026-10-05T00:47:09.493533Z,0.8200,91.00,no
2026-10-05T00:47:09.815719Z,0.8200,24.71,no
2026-10-05T00:47:09.997332Z,0.8200,1.00,no
2026-10-05T00:47:10.558119Z,0.8200,6.28,no
2026-10-05T00:47:10.608249Z,0.8300,54.76,yes
2026-10-05T00:47:11.729081Z,0.8300,100.00,yes
2026-10-05T00:47:11.729081Z,0.8300,17.63,yes
2026-10-05T00:47:11.77285Z,0.8300,10.00,no
2026-10-05T00:47:11.797168Z,0.8400,5.83,yes
2026-10-05T00:47:12.024053Z,0.8300,0.01,yes
2026-10-05T00:47:12.794301Z,0.8200,88.57,no
2026-10-05T00:47:12.794301Z,0.8200,5.01,no
2026-10-05T00:47:13.238863Z,0.8200,33.58,no
2026-10-05T00:47:14.500762Z,0.8200,24.00,no
2026-10-05T00:47:15.045215Z,0.8200,35.00,no
2026-10-05T00:47:15.692071Z,0.8200,4.00,no
2026-10-05T00:47:15.785766Z,0.8500,10.00,yes
2026-10-05T00:47:15.785766Z,0.8500,17.80,yes
2026-10-05T00:47:15.785766Z,0.8300,11.00,yes
2026-10-05T00:47:15.785766Z,0.8300,10.99,yes
2026-10-05T00:47:15.785766Z,0.8400,17.05,yes
2026-10-05T00:47:15.785766Z,0.8400,10.00,yes
2026-10-05T00:47:15.785766Z,0.8500,15.00,yes
2026-10-05T00:47:15.785766Z,0.8400,11.00,yes
2026-10-05T00:47:15.785766Z,0.8400,11.00,yes
2026-10-05T00:47:15.785766Z,0.8400,0.61,yes
2026-10-05T00:47:15.856232Z,0.8200,134.74,no
2026-10-05T00:47:16.149297Z,0.8200,50.00,no
2026-10-05T00:47:16.643306Z,0.8200,34.00,no
2026-10-05T00:47:16.643306Z,0.8300,15.00,no
2026-10-05T00:47:16.745621Z,0.8200,596.11,no
2026-10-05T00:47:16.745621Z,0.8200,871.89,no
2026-10-05T00:47:16.745621Z,0.8200,91.00,no
2026-10-05T00:47:16.811752Z,0.8300,11.00,yes
2026-10-05T00:47:16.811752Z,0.8300,11.00,yes
2026-10-05T00:47:16.811752Z,0.8400,13.31,yes
2026-10-05T00:47:17.04814Z,0.8200,32.63,no
2026-10-05T00:47:17.04814Z,0.8200,19.90,no
2026-10-05T00:47:17.304011Z,0.8100,100.00,no
2026-10-05T00:47:17.304011Z,0.8100,70.09,no
2026-10-05T00:47:17.304011Z,0.8200,67.37,no
2026-10-05T00:47:17.304011Z,0.8300,2.00,no
2026-10-05T00:47:17.304011Z,0.8200,0.61,no
2026-10-05T00:47:17.304011Z,0.8200,1000.00,no
2026-10-05T00:47:17.304011Z,0.8200,61.79,no
2026-10-05T00:47:17.757951Z,0.8100,42.78,no
2026-10-05T00:47:18.558878Z,0.8400,0.61,yes
2026-10-05T00:47:18.558878Z,0.8300,100.00,yes
2026-10-05T00:47:18.558878Z,0.8400,25.00,yes
2026-10-05T00:47:18.558878Z,0.8400,13.31,yes
2026-10-05T00:47:18.558878Z,0.8300,100.00,yes
2026-10-05T00:47:18.558878Z,0.8400,10.00,yes
2026-10-05T00:47:18.558878Z,0.8400,42.69,yes
2026-10-05T00:47:18.558878Z,0.8500,114.16,yes
2026-10-05T00:47:18.558878Z,0.8500,7.20,yes
2026-10-05T00:47:19.111235Z,0.8400,10.00,yes
2026-10-05T00:47:19.111235Z,0.8400,13.25,yes
2026-10-05T00:47:19.111235Z,0.8400,5.00,yes
2026-10-05T00:47:19.404394Z,0.8400,2.35,yes
2026-10-05T00:47:20.222644Z,0.8300,182.72,yes
2026-10-05T00:47:20.222644Z,0.8400,10.00,yes
2026-10-05T00:47:20.222644Z,0.8300,20.00,yes
2026-10-05T00:47:20.222644Z,0.8500,5.00,yes
2026-10-05T00:47:20.222644Z,0.8400,100.00,yes
2026-10-05T00:47:20.222644Z,0.8500,25.00,yes
2026-10-05T00:47:20.222644Z,0.8500,58.00,yes
2026-10-05T00:47:20.222644Z,0.8500,64.84,yes
2026-10-05T00:47:20.222644Z,0.8500,10.00,yes
2026-10-05T00:47:20.222644Z,0.8600,111.03,yes
2026-10-05T00:47:20.451184Z,0.8200,1.00,no
2026-10-05T00:47:20.451184Z,0.8100,146.10,no
2026-10-05T00:47:20.731606Z,0.8100,157.53,no
2026-10-05T00:47:21.028988Z,0.8400,925.83,yes
2026-10-05T00:47:21.028988Z,0.8400,1.00,yes
2026-10-05T00:47:21.028988Z,0.8400,10.00,yes
2026-10-05T00:47:21.028988Z,0.8400,5.00,yes
2026-10-05T00:47:22.455548Z,0.8300,2.38,yes
2026-10-05T00:47:23.056238Z,0.8200,9.83,no
2026-10-05T00:47:23.056238Z,0.8200,0.61,no
2026-10-05T00:47:23.117675Z,0.8400,5.00,yes
2026-10-05T00:47:23.117675Z,0.8300,8.62,yes
2026-10-05T00:47:23.117675Z,0.8500,15.72,yes
2026-10-05T00:47:23.758955Z,0.8400,24.31,yes
2026-10-05T00:47:23.758955Z,0.8400,11.00,yes
2026-10-05T00:47:23.817636Z,0.8400,1.17,yes
2026-10-05T00:47:24.198975Z,0.8400,1.17,yes
2026-10-05T00:47:25.344214Z,0.8400,18.00,yes
2026-10-05T00:47:25.706131Z,0.8200,100.00,no
2026-10-05T00:47:25.706131Z,0.8200,172.75,no
2026-10-05T00:47:25.706131Z,0.8200,40.00,no
2026-10-05T00:47:26.371497Z,0.8200,2.79,no
2026-10-05T00:47:26.430906Z,0.8400,129.50,yes
2026-10-05T00:47:26.500037Z,0.8200,31.21,no
2026-10-05T00:47:27.041897Z,0.8300,11.78,yes
2026-10-05T00:47:27.041897Z,0.8300,11.00,yes
2026-10-05T00:47:27.188663Z,0.8300,29.43,yes
2026-10-05T00:47:27.705153Z,0.8300,0.59,yes
2026-10-05T00:47:28.208359Z,0.8300,2.00,yes
2026-10-05T00:47:29.862691Z,0.8200,0.31,no
2026-10-05T00:47:30.062776Z,0.8300,3.33,yes
2026-10-05T00:47:30.062776Z,0.8300,56.20,yes
2026-10-05T00:47:31.08145Z,0.8200,15.69,no
2026-10-05T00:47:31.08145Z,0.8200,171.70,no
2026-10-05T00:47:31.190608Z,0.8200,138.85,no
2026-10-05T00:47:31.603912Z,0.8300,0.61,yes
2026-10-05T00:47:31.603912Z,0.8400,11.16,yes
2026-10-05T00:47:32.335352Z,0.8400,67.31,yes
2026-10-05T00:47:32.570604Z,0.8400,23.54,yes
2026-10-05T00:47:33.328291Z,0.8400,58.86,yes
2026-10-05T00:47:34.299052Z,0.8400,29.43,yes
2026-10-05T00:47:34.406036Z,0.8400,11.49,yes
2026-10-05T00:47:34.406036Z,0.8400,9.70,yes
2026-10-05T00:47:34.739295Z,0.8300,17.45,no
2026-10-05T00:47:34.739295Z,0.8300,2.00,no
2026-10-05T00:47:35.042093Z,0.8300,10.39,no
2026-10-05T00:47:37.937094Z,0.8300,67.37,no
2026-10-05T00:47:38.511346Z,0.8400,34.14,yes
2026-10-05T00:47:38.54149Z,0.8200,257.75,no
2026-10-05T00:47:38.54149Z,0.8300,4.79,no
2026-10-05T00:47:39.058451Z,0.8400,3.00,yes
2026-10-05T00:47:41.231807Z,0.8200,80.66,no
2026-10-05T00:47:41.819484Z,0.8700,4.14,yes
2026-10-05T00:47:41.819484Z,0.8900,5.00,yes
2026-10-05T00:47:41.819484Z,0.8800,25.00,yes
2026-10-05T00:47:41.819484Z,0.8400,100.00,yes
2026-10-05T00:47:41.819484Z,0.9000,27.82,yes
2026-10-05T00:47:41.819484Z,0.8300,11.00,yes
2026-10-05T00:47:41.819484Z,0.8800,33.00,yes
2026-10-05T00:47:41.819484Z,0.8300,100.00,yes
2026-10-05T00:47:41.819484Z,0.8800,3.94,yes
2026-10-05T00:47:41.819484Z,0.8900,84.89,yes
2026-10-05T00:47:41.819484Z,0.8800,18.75,yes
2026-10-05T00:47:41.819484Z,0.8700,23.42,yes
2026-10-05T00:47:41.819484Z,0.8900,20.00,yes
2026-10-05T00:47:41.819484Z,0.9000,5.00,yes
2026-10-05T00:47:41.819484Z,0.8800,5.00,yes
2026-10-05T00:47:41.819484Z,0.8700,3.00,yes
2026-10-05T00:47:41.819484Z,0.9000,100.00,yes
2026-10-05T00:47:43.66018Z,0.8400,4.68,yes
2026-10-05T00:47:44.343118Z,0.8200,40.00,no
2026-10-05T00:47:44.343118Z,0.8200,674.09,no
2026-10-05T00:47:44.343118Z,0.8200,100.00,no
2026-10-05T00:47:44.343118Z,0.8200,5.93,no
2026-10-05T00:47:44.343118Z,0.8200,1000.00,no
2026-10-05T00:47:44.343118Z,0.8200,351.04,no
2026-10-05T00:47:44.654852Z,0.8400,35.31,yes
2026-10-05T00:47:45.126609Z,0.8400,94.18,yes
2026-10-05T00:47:45.25901Z,0.8400,3.00,yes
2026-10-05T00:47:46.533427Z,0.8200,135.72,no
2026-10-05T00:47:47.510442Z,0.8200,54.71,no
2026-10-05T00:47:47.760987Z,0.8300,3.14,yes
2026-10-05T00:47:47.901772Z,0.8300,3.57,yes
2026-10-05T00:47:50.925872Z,0.8300,1.00,yes
2026-10-05T00:47:50.925872Z,0.8400,59.53,yes
2026-10-05T00:47:50.925872Z,0.8300,4.29,yes
2026-10-05T00:47:50.925872Z,0.8300,5.93,yes
2026-10-05T00:47:51.011945Z,0.8400,1.74,yes
2026-10-05T00:47:51.260387Z,0.8400,11.65,yes
2026-10-05T00:47:51.290409Z,0.8400,4.70,yes
2026-10-05T00:47:51.911313Z,0.8400,36.48,yes
2026-10-05T00:47:51.911313Z,0.8400,22.38,yes
2026-10-05T00:47:52.287577Z,0.8400,10.58,yes
2026-10-05T00:47:53.444399Z,0.8400,223.68,yes
2026-10-05T00:47:54.043451Z,0.8200,135.48,no
2026-10-05T00:47:54.043451Z,0.8200,3.52,no
2026-10-05T00:47:54.043451Z,0.8200,100.00,no
2026-10-05T00:47:54.322878Z,0.8400,7.06,yes
2026-10-05T00:47:54.44194Z,0.8400,40.02,yes
2026-10-05T00:47:54.692821Z,0.8400,47.09,yes
2026-10-05T00:47:55.008119Z,0.8400,117.72,yes
2026-10-05T00:47:55.079758Z,0.8400,23.54,yes
2026-10-05T00:47:57.090872Z,0.8400,0.01,yes
2026-10-05T00:47:57.483051Z,0.8400,1.01,yes
2026-10-05T00:47:58.09888Z,0.8400,47.09,yes
2026-10-05T00:47:58.30051Z,0.8400,29.43,yes
2026-10-05T00:47:58.814464Z,0.8400,70.29,yes
2026-10-05T00:47:58.814464Z,0.8400,48.75,yes
2026-10-05T00:47:59.020163Z,0.8400,200.00,yes
2026-10-05T00:47:59.020163Z,0.8800,10.00,yes
2026-10-05T00:47:59.020163Z,0.8900,6.00,yes
2026-10-05T00:47:59.020163Z,0.8900,178.38,yes
2026-10-05T00:47:59.020163Z,0.8400,51.25,yes
2026-10-05T00:47:59.020163Z,0.8600,94.14,yes
2026-10-05T00:47:59.020163Z,0.8500,20.00,yes
2026-10-05T00:47:59.020163Z,0.8800,5.00,yes
2026-10-05T00:47:59.020163Z,0.8800,1.00,yes
2026-10-05T00:48:00.57646Z,0.8400,1.00,no
2026-10-05T00:48:00.57646Z,0.8400,222.00,no
2026-10-05T00:48:01.527744Z,0.8500,11.00,yes
2026-10-05T00:48:01.527744Z,0.8800,27.00,yes
2026-10-05T00:48:01.527744Z,0.8500,1.00,yes
2026-10-05T00:48:01.527744Z,0.8800,12.90,yes
2026-10-05T00:48:01.922898Z,0.8800,1.12,yes
2026-10-05T00:48:02.206013Z,0.8500,34.00,no
2026-10-05T00:48:02.206013Z,0.8600,27.00,no
2026-10-05T00:48:02.206013Z,0.8500,1.00,no
2026-10-05T00:48:02.945134Z,0.8600,1.00,no
2026-10-05T00:48:02.945134Z,0.8600,33.54,no
2026-10-05T00:48:03.662132Z,0.8600,39.00,no
2026-10-05T00:48:03.662132Z,0.8600,13.25,no
2026-10-05T00:48:03.662132Z,0.8600,6.46,no
2026-10-05T00:48:03.80621Z,0.8600,77.25,no
2026-10-05T00:48:03.80621Z,0.8600,57.75,no
2026-10-05T00:48:03.80621Z,0.8600,65.00,no
2026-10-05T00:48:04.554926Z,0.8600,104.45,no
2026-10-05T00:48:04.593606Z,0.8600,11.76,no
2026-10-05T00:48:04.796738Z,0.8900,1.00,yes
2026-10-05T00:48:04.796738Z,0.9000,3.13,yes
2026-10-05T00:48:04.796738Z,0.8900,5.98,yes
2026-10-05T00:48:04.796738Z,0.8900,1.00,yes
2026-10-05T00:48:05.000028Z,0.9000,14.00,yes
2026-10-05T00:48:05.000028Z,0.9000,12.26,yes
2026-10-05T00:48:05.000028Z,0.8900,1.00,yes
2026-10-05T00:48:05.000028Z,0.9000,25.00,yes
2026-10-05T00:48:05.000028Z,0.9000,1.87,yes
2026-10-05T00:48:05.1372Z,0.9000,10.88,yes
2026-10-05T00:48:05.35604Z,0.9000,5.00,yes
2026-10-05T00:48:05.35604Z,0.9000,5.00,yes
2026-10-05T00:48:05.35604Z,0.9000,52.00,yes
2026-10-05T00:48:05.35604Z,0.9000,5.86,yes
2026-10-05T00:48:05.35604Z,0.9000,148.62,yes
2026-10-05T00:48:05.35604Z,0.9100,28.45,yes
2026-10-05T00:48:05.35604Z,0.9100,2.00,yes
2026-10-05T00:48:05.35604Z,0.9100,1.00,yes
2026-10-05T00:48:05.56998Z,0.9000,1.00,yes
2026-10-05T00:48:05.56998Z,0.9000,0.08,yes
2026-10-05T00:48:05.92897Z,0.8700,1.00,no
2026-10-05T00:48:05.92897Z,0.8600,100.00,no
2026-10-05T00:48:05.92897Z,0.8600,30.66,no
2026-10-05T00:48:05.92897Z,0.8700,1.00,no
2026-10-05T00:48:05.92897Z,0.8600,0.10,no
2026-10-05T00:48:06.404551Z,0.8800,6.02,no
2026-10-05T00:48:06.56837Z,0.8800,70.27,no
2026-10-05T00:48:06.804995Z,0.8800,100.00,no
2026-10-05T00:48:06.872046Z,0.8500,431.13,no
2026-10-05T00:48:06.872046Z,0.8600,10.00,no
2026-10-05T00:48:06.872046Z,0.8800,0.71,no
2026-10-05T00:48:06.872046Z,0.8600,9.34,no
2026-10-05T00:48:08.271876Z,0.8800,5.63,yes
2026-10-05T00:48:08.324692Z,0.8700,50.22,no
2026-10-05T00:48:08.355083Z,0.8600,1.00,no
2026-10-05T00:48:08.355083Z,0.8600,39.00,no
2026-10-05T00:48:08.355083Z,0.8600,40.00,no
2026-10-05T00:48:08.355083Z,0.8600,2.99,no
2026-10-05T00:48:08.355083Z,0.8500,500.00,no
2026-10-05T00:48:08.355083Z,0.8500,68.87,no
2026-10-05T00:48:08.355083Z,0.8500,71.75,no
2026-10-05T00:48:09.670218Z,0.8400,35.31,no
2026-10-05T00:48:10.097028Z,0.8600,20.00,yes
2026-10-05T00:48:10.194133Z,0.8600,28.00,yes
2026-10-05T00:48:10.821806Z,0.8700,15.21,yes
2026-10-05T00:48:10.821806Z,0.8700,25.00,yes
2026-10-05T00:48:10.821806Z,0.8700,4.92,yes
2026-10-05T00:48:10.838321Z,0.8500,50.36,no
2026-10-05T00:48:11.416729Z,0.8700,1.00,yes
2026-10-05T00:48:11.416729Z,0.8700,1.29,yes
2026-10-05T00:48:11.416729Z,0.8700,14.79,yes
2026-10-05T00:48:11.52594Z,0.8700,18.71,yes
2026-10-05T00:48:11.52594Z,0.8700,541.51,yes
2026-10-05T00:48:11.52594Z,0.8700,5.00,yes
2026-10-05T00:48:12.56566Z,0.8700,17.08,yes
2026-10-05T00:48:14.98156Z,0.8700,11.39,yes
2026-10-05T00:48:15.240146Z,0.8700,1.13,yes
2026-10-05T00:48:16.443978Z,0.8700,200.47,yes
2026-10-05T00:48:16.645212Z,0.8900,63.35,yes
2026-10-05T00:48:16.645212Z,0.8900,0.10,yes
2026-10-05T00:48:16.645212Z,0.8800,0.10,yes
2026-10-05T00:48:16.645212Z,0.9000,4.60,yes
2026-10-05T00:48:16.645212Z,0.8800,100.00,yes
2026-10-05T00:48:16.645212Z,0.8900,1.00,yes
2026-10-05T00:48:16.645212Z,0.8800,2.99,yes
2026-10-05T00:48:16.645212Z,0.8700,0.10,yes
2026-10-05T00:48:16.645212Z,0.8900,25.00,yes
2026-10-05T00:48:16.645212Z,0.8900,19.00,yes
2026-10-05T00:48:16.645212Z,0.8700,300.17,yes
2026-10-05T00:48:16.645212Z,0.8900,5.00,yes
2026-10-05T00:48:16.645212Z,0.8900,11.00,yes
2026-10-05T00:48:16.645212Z,0.9000,25.00,yes
2026-10-05T00:48:16.964021Z,0.8600,14.12,no
2026-10-05T00:48:21.355205Z,0.8800,231.87,no
2026-10-05T00:48:21.355205Z,0.8800,40.00,no
2026-10-05T00:48:21.355205Z,0.8800,100.00,no
2026-10-05T00:48:21.355205Z,0.8700,88.07,no
2026-10-05T00:48:21.355205Z,0.8800,10.00,no
2026-10-05T00:48:21.599748Z,0.8700,3.74,no
2026-10-05T00:48:22.001492Z,0.8700,19.05,no
2026-10-05T00:48:22.088327Z,0.8700,180.00,no
2026-10-05T00:48:22.443918Z,0.8700,14.83,no
2026-10-05T00:48:22.680651Z,0.8700,66.00,no
2026-10-05T00:48:23.007871Z,0.8900,5.00,yes
2026-10-05T00:48:23.007871Z,0.8900,1.00,yes
2026-10-05T00:48:23.007871Z,0.8900,27.45,yes
2026-10-05T00:48:23.179064Z,0.8900,1.11,yes
2026-10-05T00:48:23.213107Z,0.8700,48.01,no
2026-10-05T00:48:23.302253Z,0.8600,82.47,no
2026-10-05T00:48:23.302253Z,0.8700,580.30,no
2026-10-05T00:48:23.302253Z,0.8700,40.00,no
2026-10-05T00:48:23.496656Z,0.8800,20.00,yes
2026-10-05T00:48:23.496656Z,0.8800,2.30,yes
2026-10-05T00:48:25.095675Z,0.8600,17.53,no
2026-10-05T00:48:25.095675Z,0.8600,1.65,no
2026-10-05T00:48:25.095675Z,0.8600,1.00,no
2026-10-05T00:48:25.095675Z,0.8600,4.82,no
2026-10-05T00:48:25.264752Z,0.8800,6.26,yes
2026-10-05T00:48:25.264752Z,0.8800,5.00,yes
2026-10-05T00:48:25.403374Z,0.8600,50.00,no
2026-10-05T00:48:25.403374Z,0.8600,35.18,no
2026-10-05T00:48:25.403374Z,0.8600,100.00,no
2026-10-05T00:48:25.418545Z,0.8500,15.00,no
2026-10-05T00:48:25.53834Z,0.8800,25.00,yes
2026-10-05T00:48:25.53834Z,0.8800,15.60,yes
2026-10-05T00:48:25.53834Z,0.8700,2.00,yes
2026-10-05T00:48:25.53834Z,0.8700,13.74,yes
2026-10-05T00:48:25.837136Z,0.8500,85.00,no
2026-10-05T00:48:25.837136Z,0.8500,163.50,no
2026-10-05T00:48:27.087632Z,0.8700,1.13,yes
2026-10-05T00:48:27.27761Z,0.8500,78.18,no
2026-10-05T00:48:27.351698Z,0.8700,18.87,yes
2026-10-05T00:48:27.351698Z,0.8700,5.00,yes
2026-10-05T00:48:27.368701Z,0.8700,100.00,no
2026-10-05T00:48:28.487946Z,0.8700,77.78,no
2026-10-05T00:48:28.671068Z,0.8700,29.00,no
2026-10-05T00:48:28.687325Z,0.8700,18.75,no
2026-10-05T00:48:28.689288Z,0.8700,93.76,no
2026-10-05T00:48:28.766156Z,0.8700,41.87,no
2026-10-05T00:48:28.972143Z,0.8800,14.35,yes
2026-10-05T00:48:29.103279Z,0.8700,257.36,no
2026-10-05T00:48:29.169258Z,0.8800,1.12,yes
2026-10-05T00:48:29.384753Z,0.8700,34.00,no
2026-10-05T00:48:29.392077Z,0.8700,3.00,no
2026-10-05T00:48:29.399617Z,0.8700,60.00,no
2026-10-05T00:48:29.447568Z,0.8700,15.09,no
2026-10-05T00:48:30.267064Z,0.8700,61.00,no
2026-10-05T00:48:30.499638Z,0.8700,78.49,no
2026-10-05T00:48:30.863317Z,0.8800,24.79,yes
2026-10-05T00:48:31.414842Z,0.8800,44.14,yes
2026-10-05T00:48:31.414842Z,0.8800,79.81,yes
2026-10-05T00:48:32.386867Z,0.8800,20.19,yes
2026-10-05T00:48:32.386867Z,0.8800,7.14,yes
2026-10-05T00:48:32.386867Z,0.8800,100.00,yes
2026-10-05T00:48:32.552303Z,0.8600,25.39,no
2026-10-05T00:48:32.552303Z,0.8700,0.10,no
2026-10-05T00:48:32.552303Z,0.8600,0.10,no
2026-10-05T00:48:32.552303Z,0.8600,40.00,no
2026-10-05T00:48:32.552303Z,0.8700,106.03,no
2026-10-05T00:48:32.552303Z,0.8700,40.00,no
2026-10-05T00:48:33.249045Z,0.8800,0.39,yes
2026-10-05T00:48:35.713817Z,0.8700,822.72,no
2026-10-05T00:48:35.778387Z,0.8700,90.28,no
2026-10-05T00:48:35.778387Z,0.8700,40.00,no
2026-10-05T00:48:35.778387Z,0.8700,100.00,no
2026-10-05T00:48:35.778387Z,0.8700,177.28,no
2026-10-05T00:48:36.437497Z,0.8600,20.70,no
2026-10-05T00:48:37.306489Z,0.8800,4.32,yes
2026-10-05T00:48:37.306489Z,0.8800,1.26,yes
2026-10-05T00:48:37.979165Z,0.8800,16.90,yes
2026-10-05T00:48:38.066396Z,0.8800,28.17,yes
2026-10-05T00:48:38.204371Z,0.8800,2.54,yes
2026-10-05T00:48:38.837414Z,0.8700,5.63,no
2026-10-05T00:48:38.837414Z,0.8600,32.62,no
2026-10-05T00:48:38.850765Z,0.8800,11.26,yes
2026-10-05T00:48:39.304656Z,0.8800,9.01,yes
2026-10-05T00:48:39.650996Z,0.8600,40.02,no
2026-10-05T00:48:39.66514Z,0.8800,11.26,yes
2026-10-05T00:48:39.734458Z,0.8600,45.13,no
2026-10-05T00:48:39.734458Z,0.8600,39.00,no
2026-10-05T00:48:39.734458Z,0.8600,71.00,no
2026-10-05T00:48:39.734458Z,0.8600,6.66,no
2026-10-05T00:48:39.734458Z,0.8600,40.00,no
2026-10-05T00:48:39.772606Z,0.8600,19.87,no
2026-10-05T00:48:39.772606Z,0.8600,39.00,no
2026-10-05T00:48:39.772606Z,0.8600,41.13,no
2026-10-05T00:48:40.257268Z,0.8600,18.81,no
2026-10-05T00:48:40.258075Z,0.8600,71.00,no
2026-10-05T00:48:40.258075Z,0.8600,39.00,no
2026-10-05T00:48:40.258075Z,0.8600,46.19,no
2026-10-05T00:48:40.272497Z,0.8500,44.00,no
2026-10-05T00:48:40.998583Z,0.8700,12.86,yes
2026-10-05T00:48:42.195298Z,0.8800,20.00,yes
2026-10-05T00:48:42.195298Z,0.8800,16.54,yes
2026-10-05T00:48:42.195298Z,0.8800,100.00,yes
2026-10-05T00:48:42.195298Z,0.9000,142.14,yes
2026-10-05T00:48:42.531656Z,0.8700,93.76,no
2026-10-05T00:48:42.64585Z,0.9000,11.03,yes
2026-10-05T00:48:42.694439Z,0.8700,9.56,no
2026-10-05T00:48:42.723946Z,0.8700,15.31,no
2026-10-05T00:48:43.598898Z,0.8700,638.06,no
2026-10-05T00:48:43.77514Z,0.8700,108.65,no
2026-10-05T00:48:44.176084Z,0.8700,96.01,no
2026-10-05T00:48:45.615935Z,0.8800,2.25,yes
2026-10-05T00:48:45.673977Z,0.8700,68.08,no
2026-10-05T00:48:45.673977Z,0.8700,25.79,no
2026-10-05T00:48:45.696548Z,0.9000,25.00,yes
2026-10-05T00:48:45.696548Z,0.9000,46.83,yes
2026-10-05T00:48:45.696548Z,0.8900,5.00,yes
2026-10-05T00:48:45.696548Z,0.9000,10.24,yes
2026-10-05T00:48:45.696548Z,0.9000,20.00,yes
2026-10-05T00:48:45.696548Z,0.8800,3.38,yes
2026-10-05T00:48:45.708208Z,0.9000,1.00,yes
2026-10-05T00:48:45.708208Z,0.9000,9.76,yes
2026-10-05T00:48:45.708208Z,0.9100,0.27,yes
2026-10-05T00:48:46.423327Z,0.9000,5.00,yes
2026-10-05T00:48:46.423327Z,0.9000,1.00,yes
2026-10-05T00:48:46.423327Z,0.9000,6.13,yes
2026-10-05T00:48:47.207527Z,0.8700,31.92,no
2026-10-05T00:48:47.207527Z,0.8700,4.60,no
2026-10-05T00:48:48.352257Z,0.8900,5.00,yes
2026-10-05T00:48:48.352257Z,0.8900,20.00,yes
2026-10-05T00:48:48.352257Z,0.8900,30.00,yes
2026-10-05T00:48:48.468823Z,0.8900,68.23,no
2026-10-05T00:48:48.637191Z,0.8900,127.73,no
2026-10-05T00:48:49.048497Z,0.9000,2.18,yes
2026-10-05T00:48:49.352862Z,0.8900,518.00,no
2026-10-05T00:48:49.539447Z,0.9100,25.00,yes
2026-10-05T00:48:49.539447Z,0.9100,273.87,yes
2026-10-05T00:48:49.539447Z,0.9000,20.00,yes
2026-10-05T00:48:49.539447Z,0.9100,27.00,yes
2026-10-05T00:48:49.539447Z,0.9000,5.00,yes
2026-10-05T00:48:49.539447Z,0.9000,2.18,yes
2026-10-05T00:48:49.539447Z,0.9000,6.13,yes
2026-10-05T00:48:49.539447Z,0.9000,1.00,yes
2026-10-05T00:48:49.539447Z,0.9000,100.00,yes
2026-10-05T00:48:49.539447Z,0.9000,57.69,yes
2026-10-05T00:48:49.539447Z,0.9100,5.79,yes
2026-10-05T00:48:49.539447Z,0.9200,24.07,yes
2026-10-05T00:48:49.542837Z,0.9200,145.97,yes
2026-10-05T00:48:49.62219Z,0.8900,35.78,no
2026-10-05T00:48:49.624876Z,0.8900,157.00,no
2026-10-05T00:48:49.667149Z,0.8500,67.36,no
2026-10-05T00:48:49.667149Z,0.8900,38.26,no
2026-10-05T00:48:49.667149Z,0.8700,1.00,no
2026-10-05T00:48:49.667149Z,0.8700,40.00,no
2026-10-05T00:48:49.667149Z,0.8600,100.00,no
2026-10-05T00:48:49.667149Z,0.8600,40.00,no
2026-10-05T00:48:49.837131Z,0.8500,9.44,no
2026-10-05T00:48:49.837131Z,0.8600,1.00,no
2026-10-05T00:48:49.89073Z,0.9200,16.31,yes
2026-10-05T00:48:49.89073Z,0.9100,25.00,yes
2026-10-05T00:48:49.89073Z,0.8900,20.00,yes
2026-10-05T00:48:49.89073Z,0.9000,5.00,yes
2026-10-05T00:48:49.89073Z,0.9000,29.00,yes
2026-10-05T00:48:49.89073Z,0.9000,66.00,yes
2026-10-05T00:48:49.89073Z,0.9000,1.00,yes
2026-10-05T00:48:49.89073Z,0.9200,10.00,yes
2026-10-05T00:48:49.89073Z,0.9200,3.00,yes
2026-10-05T00:48:49.89073Z,0.9200,29.96,yes
2026-10-05T00:48:50.419192Z,0.8500,64.87,no
2026-10-05T00:48:51.069829Z,0.8600,1.00,no
2026-10-05T00:48:51.069829Z,0.8600,59.12,no
2026-10-05T00:48:51.069829Z,0.8600,1.00,no
2026-10-05T00:48:51.713889Z,0.9000,6.98,yes
2026-10-05T00:48:51.713889Z,0.8900,5.00,yes
2026-10-05T00:48:51.713889Z,0.9000,29.00,yes
2026-10-05T00:48:51.713889Z,0.8900,20.00,yes
2026-10-05T00:48:51.713889Z,0.8900,78.00,yes
2026-10-05T00:48:51.792391Z,0.8600,28.87,no
2026-10-05T00:48:51.792391Z,0.8700,4.49,no
2026-10-05T00:48:54.035195Z,0.8600,20.39,no
2026-10-05T00:48:54.035195Z,0.8600,1.00,no
2026-10-05T00:48:54.621067Z,0.8900,75.61,yes
2026-10-05T00:48:54.621067Z,0.8900,27.39,yes
2026-10-05T00:48:54.621067Z,0.8900,1.00,yes
2026-10-05T00:48:54.621067Z,0.8900,5.00,yes
2026-10-05T00:48:54.621067Z,0.8900,1.00,yes
2026-10-05T00:48:56.20556Z,0.8800,392.48,no
2026-10-05T00:48:56.519788Z,0.8800,33.68,no
2026-10-05T00:48:56.9504Z,0.8800,101.00,no
2026-10-05T00:48:57.429636Z,0.8800,17.32,no
2026-10-05T00:48:57.673986Z,0.8800,36.00,no
2026-10-05T00:48:57.820821Z,0.8800,364.00,no
2026-10-05T00:48:57.828109Z,0.8800,9.85,no
2026-10-05T00:48:58.520963Z,0.8800,54.23,no
2026-10-05T00:48:58.520963Z,0.8800,0.10,no
2026-10-05T00:48:58.520963Z,0.8800,45.67,no
2026-10-05T00:48:59.492431Z,0.9000,11.03,yes
2026-10-05T00:48:59.730899Z,0.9000,0.77,yes
2026-10-05T00:48:59.764381Z,0.8800,41.87,no
2026-10-05T00:48:59.992597Z,0.8800,3.90,no
2026-10-05T00:48:59.992597Z,0.8700,16.99,no
2026-10-05T00:49:00.365533Z,0.8700,71.13,no
2026-10-05T00:49:00.365533Z,0.8700,23.01,no
2026-10-05T00:49:00.738894Z,0.8900,1.00,yes
2026-10-05T00:49:00.738894Z,0.8900,43.00,yes
2026-10-05T00:49:00.738894Z,0.9000,4.01,yes
2026-10-05T00:49:00.738894Z,0.8900,5.00,yes
2026-10-05T00:49:00.738894Z,0.9000,88.20,yes
2026-10-05T00:49:00.993995Z,0.9000,100.00,yes
2026-10-05T00:49:00.993995Z,0.9000,5.00,yes
2026-10-05T00:49:00.993995Z,0.9100,1.00,yes
2026-10-05T00:49:00.993995Z,0.9100,10.00,yes
2026-10-05T00:49:00.993995Z,0.9100,0.10,yes
2026-10-05T00:49:00.993995Z,0.9000,100.00,yes
2026-10-05T00:49:00.993995Z,0.9100,265.65,yes
2026-10-05T00:49:00.993995Z,0.9200,500.00,yes
2026-10-05T00:49:00.993995Z,0.9200,500.00,yes
2026-10-05T00:49:00.993995Z,0.9000,20.99,yes
2026-10-05T00:49:00.993995Z,0.9100,25.00,yes
2026-10-05T00:49:00.993995Z,0.9200,381.88,yes
2026-10-05T00:49:00.993995Z,0.9200,176.18,yes
2026-10-05T00:49:01.106186Z,0.9000,1.00,yes
2026-10-05T00:49:01.106186Z,0.9100,1.18,yes
2026-10-05T00:49:02.662346Z,0.8800,1.00,no
2026-10-05T00:49:02.662346Z,0.8800,1.00,no
2026-10-05T00:49:03.042996Z,0.8900,26.00,no
2026-10-05T00:49:03.042996Z,0.9000,10.00,no
2026-10-05T00:49:03.218034Z,0.8900,181.00,no
2026-10-05T00:49:03.453216Z,0.8900,76.20,no
2026-10-05T00:49:04.262362Z,0.8900,6.02,no
2026-10-05T00:49:04.355966Z,0.8900,468.20,no
2026-10-05T00:49:04.376926Z,0.8900,5.02,no
2026-10-05T00:49:04.455984Z,0.8900,113.39,no
2026-10-05T00:49:04.557136Z,0.8900,7.39,no
2026-10-05T00:49:05.027446Z,0.9100,25.00,yes
2026-10-05T00:49:05.027446Z,0.9100,10.00,yes
2026-10-05T00:49:05.027446Z,0.9100,176.18,yes
2026-10-05T00:49:05.027446Z,0.9000,100.00,yes
2026-10-05T00:49:05.027446Z,0.9100,5.00,yes
2026-10-05T00:49:05.027446Z,0.9100,20.00,yes
2026-10-05T00:49:05.027446Z,0.9100,14.00,yes
2026-10-05T00:49:05.027446Z,0.9100,1.00,yes
2026-10-05T00:49:05.027446Z,0.9100,147.00,yes
2026-10-05T00:49:05.027446Z,0.9100,100.00,yes
2026-10-05T00:49:05.027446Z,0.9100,1.00,yes
2026-10-05T00:49:05.230166Z,0.8900,30.17,no
2026-10-05T00:49:05.565596Z,0.8900,117.72,no
2026-10-05T00:49:05.959Z,0.8900,57.97,no
2026-10-05T00:49:06.333587Z,0.8900,7.00,no
2026-10-05T00:49:06.401968Z,0.8900,35.76,no
2026-10-05T00:49:06.548174Z,0.8900,72.00,no
2026-10-05T00:49:06.79649Z,0.8900,15.00,no
2026-10-05T00:49:06.991876Z,0.9000,3.00,yes
2026-10-05T00:49:07.339021Z,0.9000,1.10,yes
2026-10-05T00:49:08.129907Z,0.8900,72.00,no
2026-10-05T00:49:08.309107Z,0.8700,0.10,no
2026-10-05T00:49:08.309107Z,0.8700,12.93,no
2026-10-05T00:49:08.309107Z,0.8700,7.00,no
2026-10-05T00:49:08.309107Z,0.8900,91.04,no
2026-10-05T00:49:08.309107Z,0.8900,100.00,no
2026-10-05T00:49:09.848175Z,0.8900,100.00,yes
2026-10-05T00:49:09.848175Z,0.8900,20.00,yes
2026-10-05T00:49:09.848175Z,0.9000,136.45,yes
2026-10-05T00:49:09.848175Z,0.9000,250.00,yes
2026-10-05T00:49:09.848175Z,0.9000,10.00,yes
2026-10-05T00:49:09.848175Z,0.9000,6.00,yes
2026-10-05T00:49:09.848175Z,0.8900,4.49,yes
2026-10-05T00:49:09.848175Z,0.9000,25.00,yes
2026-10-05T00:49:10.406337Z,0.9000,2.22,yes
2026-10-05T00:49:10.406337Z,0.9000,4.00,yes
2026-10-05T00:49:11.546063Z,0.8900,1000.00,no
2026-10-05T00:49:11.546063Z,0.8800,113.77,no
2026-10-05T00:49:11.941794Z,0.9000,14.38,yes
2026-10-05T00:49:12.858367Z,0.9100,10.00,yes
2026-10-05T00:49:14.005644Z,0.8900,2.54,no
2026-10-05T00:49:14.005644Z,0.8900,100.00,no
2026-10-05T00:49:14.005644Z,0.8800,100.00,no
2026-10-05T00:49:14.005644Z,0.8900,3.00,no
2026-10-05T00:49:14.005644Z,0.8800,56.46,no
2026-10-05T00:49:14.096662Z,0.8900,20.00,yes
2026-10-05T00:49:14.100293Z,0.8900,72.00,yes
2026-10-05T00:49:14.221987Z,0.8700,75.88,no
2026-10-05T00:49:14.221987Z,0.8700,100.00,no
2026-10-05T00:49:14.221987Z,0.8800,119.72,no
2026-10-05T00:49:14.221987Z,0.8800,40.00,no
2026-10-05T00:49:14.414763Z,0.8700,9.40,no
2026-10-05T00:49:14.700081Z,0.8900,60.78,yes
2026-10-05T00:49:14.700081Z,0.8900,5.00,yes
2026-10-05T00:49:15.474759Z,0.8700,48.06,no
2026-10-05T00:49:16.013276Z,0.8800,0.14,yes
2026-10-05T00:49:16.161713Z,0.8800,11.10,yes
2026-10-05T00:49:16.335812Z,0.8800,16.90,yes
2026-10-05T00:49:17.104838Z,0.8800,1.12,yes
2026-10-05T00:49:17.526719Z,0.8700,11.00,no
2026-10-05T00:49:17.651315Z,0.8800,3.40,yes
2026-10-05T00:49:17.651315Z,0.8900,100.00,yes
2026-10-05T00:49:17.651315Z,0.8800,100.00,yes
2026-10-05T00:49:17.651315Z,0.8800,98.88,yes
2026-10-05T00:49:17.707Z,0.9000,22.07,yes
2026-10-05T00:49:19.308772Z,0.9000,2.31,yes
2026-10-05T00:49:19.3865Z,0.9000,3.00,yes
2026-10-05T00:49:19.447479Z,0.8900,283.69,no
2026-10-05T00:49:19.847425Z,0.9000,220.67,yes
2026-10-05T00:49:20.20277Z,0.8900,196.00,no
2026-10-05T00:49:20.219917Z,0.8900,78.00,no
2026-10-05T00:49:20.276226Z,0.8900,16.00,no
2026-10-05T00:49:20.902161Z,0.8900,37.95,no
2026-10-05T00:49:21.111524Z,0.8900,8.00,no
2026-10-05T00:49:21.243022Z,0.8900,70.50,no
2026-10-05T00:49:21.501682Z,0.8900,84.42,no
2026-10-05T00:49:21.501682Z,0.8900,7.58,no
2026-10-05T00:49:21.734032Z,0.9000,0.10,yes
2026-10-05T00:49:21.734032Z,0.9000,25.00,yes
2026-10-05T00:49:21.734032Z,0.9000,1.00,yes
2026-10-05T00:49:21.734032Z,0.9000,100.00,yes
2026-10-05T00:49:21.734032Z,0.9000,10.00,yes
2026-10-05T00:49:21.734032Z,0.9000,20.00,yes
2026-10-05T00:49:21.734032Z,0.9000,5.00,yes
2026-10-05T00:49:21.734032Z,0.9000,24.02,yes
2026-10-05T00:49:21.734032Z,0.9100,204.52,yes
2026-10-05T00:49:21.734032Z,0.9100,15.00,yes
2026-10-05T00:49:21.734032Z,0.9000,144.55,yes
2026-10-05T00:49:21.906658Z,0.9100,28.67,yes
2026-10-05T00:49:22.016693Z,0.9100,16.81,yes
2026-10-05T00:49:22.016693Z,0.9100,36.14,yes
2026-10-05T00:49:23.170721Z,0.8900,2.35,no
2026-10-05T00:49:23.262987Z,0.9100,10.92,yes
2026-10-05T00:49:24.495751Z,0.9000,0.46,yes
2026-10-05T00:49:24.495751Z,0.9000,2.54,yes
2026-10-05T00:49:25.025355Z,0.9100,26.07,yes
2026-10-05T00:49:25.025355Z,0.9000,4.54,yes
2026-10-05T00:49:25.057586Z,0.9100,13.82,yes
2026-10-05T00:49:25.818011Z,0.9000,88.13,no
2026-10-05T00:49:26.211056Z,0.9100,122.30,yes
2026-10-05T00:49:26.290429Z,0.9100,27.30,yes
2026-10-05T00:49:26.839859Z,0.9000,124.72,no
2026-10-05T00:49:26.916236Z,0.9100,137.39,yes
2026-10-05T00:49:27.056303Z,0.9100,0.01,yes
2026-10-05T00:49:27.346057Z,0.9100,39.31,yes
2026-10-05T00:49:27.799836Z,0.9000,131.70,no
2026-10-05T00:49:28.162501Z,0.9100,86.74,yes
2026-10-05T00:49:28.162501Z,0.9100,20.59,yes
2026-10-05T00:49:29.035619Z,0.9000,42.00,no
2026-10-05T00:49:29.315287Z,0.9000,17.00,no
2026-10-05T00:49:29.42984Z,0.9100,221.81,yes
2026-10-05T00:49:29.42984Z,0.9100,500.00,yes
2026-10-05T00:49:29.42984Z,0.9100,479.41,yes
2026-10-05T00:49:29.722956Z,0.9000,68.00,no
2026-10-05T00:49:29.903098Z,0.9000,85.00,no
2026-10-05T00:49:29.935126Z,0.9000,2.79,no
2026-10-05T00:49:30.325875Z,0.9000,94.07,no
2026-10-05T00:49:30.556779Z,0.9000,156.06,no
2026-10-05T00:49:30.630168Z,0.9000,1.00,no
2026-10-05T00:49:30.972912Z,0.9000,43.00,no
2026-10-05T00:49:30.989489Z,0.9000,52.73,no
2026-10-05T00:49:31.653615Z,0.9000,9.00,no
2026-10-05T00:49:31.685175Z,0.9000,42.00,no
2026-10-05T00:49:32.754082Z,0.9000,0.10,no
2026-10-05T00:49:32.754082Z,0.9000,0.10,no
2026-10-05T00:49:32.754082Z,0.9000,42.80,no
2026-10-05T00:49:33.139252Z,0.9000,99.90,no
2026-10-05T00:49:33.139252Z,0.9000,11.58,no
2026-10-05T00:49:33.263284Z,0.9000,10.00,no
2026-10-05T00:49:33.263284Z,0.9000,961.58,no
2026-10-05T00:49:33.263284Z,0.9000,28.42,no
2026-10-05T00:49:34.024854Z,0.9000,38.42,no
2026-10-05T00:49:34.024854Z,0.9000,28.58,no
2026-10-05T00:49:34.071232Z,0.8900,150.99,no
2026-10-05T00:49:34.071232Z,0.8900,0.10,no
2026-10-05T00:49:34.071232Z,0.8900,1.27,no
2026-10-05T00:49:34.071232Z,0.8900,13.23,no
2026-10-05T00:49:34.432912Z,0.8900,68.75,no
2026-10-05T00:49:34.447419Z,0.8900,30.16,no
2026-10-05T00:49:34.559082Z,0.8900,4.00,no
2026-10-05T00:49:34.741067Z,0.8900,23.00,no
2026-10-05T00:49:35.368121Z,0.8900,24.00,no
2026-10-05T00:49:35.974855Z,0.8900,79.31,no
2026-10-05T00:49:36.888451Z,0.8900,6.04,no
2026-10-05T00:49:36.890371Z,0.8900,1285.00,no
2026-10-05T00:49:37.09743Z,0.8800,86.44,no
2026-10-05T00:49:37.09743Z,0.8900,50.56,no
2026-10-05T00:49:37.118835Z,0.8900,11.00,yes
2026-10-05T00:49:37.118835Z,0.9000,209.67,yes
2026-10-05T00:49:37.155283Z,0.8700,100.00,no
2026-10-05T00:49:37.155283Z,0.8800,13.56,no
2026-10-05T00:49:37.155283Z,0.8700,0.10,no
2026-10-05T00:49:37.155283Z,0.8800,0.10,no
2026-10-05T00:49:37.155283Z,0.8700,2.74,no
2026-10-05T00:49:37.529701Z,0.8800,2.23,yes
2026-10-05T00:49:37.570178Z,0.8800,5.51,yes
2026-10-05T00:49:38.81209Z,0.8800,20.00,yes
2026-10-05T00:49:38.81209Z,0.8800,7.33,yes
2026-10-05T00:49:38.876881Z,0.8800,2.25,yes
2026-10-05T00:49:38.974295Z,0.8600,71.00,no
2026-10-05T00:49:38.974295Z,0.8600,22.43,no
2026-10-05T00:49:38.974295Z,0.8600,44.61,no
2026-10-05T00:49:39.066707Z,0.8800,55.95,yes
2026-10-05T00:49:39.268962Z,0.8700,48.00,yes
2026-10-05T00:49:39.268962Z,0.8800,34.47,yes
2026-10-05T00:49:39.268962Z,0.8800,30.21,yes
2026-10-05T00:49:40.60618Z,0.8600,40.00,no
2026-10-05T00:49:40.60618Z,0.8600,142.57,no
2026-10-05T00:49:40.60618Z,0.8500,349.64,no
2026-10-05T00:49:40.72494Z,0.8500,27.69,no
2026-10-05T00:49:40.869441Z,0.8700,5.00,yes
2026-10-05T00:49:40.869441Z,0.8700,85.00,yes
2026-10-05T00:49:40.869441Z,0.8700,20.00,yes
2026-10-05T00:49:40.869441Z,0.8800,70.30,yes
2026-10-05T00:49:41.041138Z,0.8700,5.00,yes
2026-10-05T00:49:41.041138Z,0.8700,20.00,yes
2026-10-05T00:49:41.041138Z,0.8700,12.00,yes
2026-10-05T00:49:41.041138Z,0.8700,100.00,yes
2026-10-05T00:49:41.041138Z,0.8800,139.08,yes
2026-10-05T00:49:41.230388Z,0.8700,2.00,yes
2026-10-05T00:49:41.230388Z,0.8700,15.53,yes
2026-10-05T00:49:41.230388Z,0.8700,5.00,yes
2026-10-05T00:49:43.079652Z,0.8800,10.41,yes
2026-10-05T00:49:43.079652Z,0.8800,45.13,yes
2026-10-05T00:49:43.132125Z,0.8800,57.81,yes
2026-10-05T00:49:43.132125Z,0.8800,54.87,yes
2026-10-05T00:49:43.346685Z,0.8700,12.80,no
2026-10-05T00:49:43.831061Z,0.8700,117.12,no
2026-10-05T00:49:44.000264Z,0.8700,130.48,no
2026-10-05T00:49:44.317485Z,0.8800,16.90,yes
2026-10-05T00:49:45.264534Z,0.8700,4.36,no
2026-10-05T00:49:45.341812Z,0.8700,152.69,no
2026-10-05T00:49:45.929734Z,0.8400,41.66,no
2026-10-05T00:49:45.929734Z,0.8500,195.32,no
2026-10-05T00:49:45.929734Z,0.8300,67.97,no
2026-10-05T00:49:45.929734Z,0.8400,50.00,no
2026-10-05T00:49:45.929734Z,0.8700,582.55,no
2026-10-05T00:49:45.988756Z,0.8800,2.25,yes
2026-10-05T00:49:46.125972Z,0.8800,5.00,yes
2026-10-05T00:49:46.125972Z,0.8800,100.00,yes
2026-10-05T00:49:46.125972Z,0.8800,28.00,yes
2026-10-05T00:49:46.125972Z,0.8800,23.04,yes
2026-10-05T00:49:46.125972Z,0.8900,13.29,yes
2026-10-05T00:49:46.125972Z,0.8900,11.00,yes
2026-10-05T00:49:46.125972Z,0.8900,214.35,yes
2026-10-05T00:49:46.125972Z,0.8900,10.00,yes
2026-10-05T00:49:46.125972Z,0.8800,0.10,yes
2026-10-05T00:49:46.125972Z,0.8900,0.10,yes
2026-10-05T00:49:46.125972Z,0.8800,100.00,yes
2026-10-05T00:49:46.125972Z,0.8900,5.00,yes
2026-10-05T00:49:46.125972Z,0.8800,25.00,yes
2026-10-05T00:49:46.125972Z,0.8900,25.00,yes
2026-10-05T00:49:46.284223Z,0.8300,264.07,no
2026-10-05T00:49:46.284223Z,0.8400,266.46,no
2026-10-05T00:49:46.284223Z,0.8400,93.00,no
2026-10-05T00:49:46.284223Z,0.8400,1.00,no
2026-10-05T00:49:46.284223Z,0.8400,50.00,no
2026-10-05T00:49:46.284223Z,0.8400,65.00,no
2026-10-05T00:49:46.284223Z,0.8400,40.00,no
2026-10-05T00:49:46.284223Z,0.8400,182.00,no
2026-10-05T00:49:46.584864Z,0.8500,31.00,no
2026-10-05T00:49:46.584864Z,0.8500,65.00,no
2026-10-05T00:49:46.584864Z,0.8500,1.00,no
2026-10-05T00:49:46.584864Z,0.8500,83.00,no
2026-10-05T00:49:46.611275Z,0.8300,667.96,no
2026-10-05T00:49:46.611275Z,0.8500,65.00,no
2026-10-05T00:49:46.611275Z,0.8400,10.00,no
2026-10-05T00:49:46.611275Z,0.8500,83.00,no
2026-10-05T00:49:46.611275Z,0.8300,95.57,no
2026-10-05T00:49:46.611275Z,0.8400,40.00,no
2026-10-05T00:49:46.815105Z,0.8300,29.00,no
2026-10-05T00:49:46.815105Z,0.8300,38.43,no
2026-10-05T00:49:46.815105Z,0.8300,75.00,no
2026-10-05T00:49:46.815105Z,0.8300,65.00,no
2026-10-05T00:49:46.815105Z,0.8200,754.10,no
2026-10-05T00:49:46.847562Z,0.8300,65.00,no
2026-10-05T00:49:46.847562Z,0.8300,1.00,no
2026-10-05T00:49:46.847705Z,0.8200,607.62,no
2026-10-05T00:49:46.847705Z,0.8300,75.00,no
2026-10-05T00:49:46.847705Z,0.8200,242.38,no
2026-10-05T00:49:46.850058Z,0.8200,9.71,no
2026-10-05T00:49:46.851831Z,0.8200,382.67,no
2026-10-05T00:49:46.851831Z,0.8200,74.00,no
2026-10-05T00:49:46.867999Z,0.8200,29.00,no
2026-10-05T00:49:46.867999Z,0.8100,4.00,no
2026-10-05T00:49:46.875803Z,0.8100,611.50,no
2026-10-05T00:49:46.875803Z,0.8100,579.50,no
2026-10-05T00:49:46.933252Z,0.8100,256.23,no
2026-10-05T00:49:46.953693Z,0.7600,0.73,no
2026-10-05T00:49:46.953693Z,0.8100,10.00,no
2026-10-05T00:49:46.953693Z,0.8100,132.27,no
2026-10-05T00:49:46.95692Z,0.7600,0.27,no
2026-10-05T00:49:47.116124Z,0.3800,4.00,no
2026-10-05T00:49:47.116124Z,0.3300,81.73,no
2026-10-05T00:49:47.116124Z,0.3600,65.00,no
2026-10-05T00:49:47.116124Z,0.4200,80.00,no
2026-10-05T00:49:47.116124Z,0.3800,10.00,no
2026-10-05T00:49:47.116124Z,0.4100,40.00,no
2026-10-05T00:49:47.116124Z,0.3500,26.00,no
2026-10-05T00:49:47.116124Z,0.4100,30.00,no
2026-10-05T00:49:47.116124Z,0.7000,4.27,no
2026-10-05T00:49:47.128297Z,0.2000,3.00,no
2026-10-05T00:49:47.128297Z,0.3300,72.27,no
2026-10-05T00:49:47.128297Z,0.1600,100.00,no
2026-10-05T00:49:47.128297Z,0.2100,10.00,no
2026-10-05T00:49:47.128297Z,0.1500,70.00,no
2026-10-05T00:49:47.128297Z,0.2100,12.00,no
2026-10-05T00:49:47.128297Z,0.1200,10.00,no
2026-10-05T00:49:47.128297Z,0.1200,20.00,no
2026-10-05T00:49:47.128297Z,0.2000,4.00,no
2026-10-05T00:49:47.128297Z,0.0700,5.00,no
2026-10-05T00:49:47.128297Z,0.0700,69.73,no
2026-10-05T00:49:47.150055Z,0.2100,1.00,no
2026-10-05T00:49:47.150055Z,0.2400,76.00,no
2026-10-05T00:49:47.150055Z,0.3500,31.00,no
2026-10-05T00:49:47.150055Z,0.3400,1.00,no
2026-10-05T00:49:47.150055Z,0.4300,1.00,no
2026-10-05T00:49:47.150055Z,0.4100,1.00,no
2026-10-05T00:49:47.392238Z,0.2000,1.00,no
2026-10-05T00:49:48.231397Z,0.1400,26.22,no
2026-10-05T00:49:48.231397Z,0.1400,26.00,no
2026-10-05T00:49:48.241235Z,0.1300,96.00,no
2026-10-05T00:49:48.241235Z,0.1300,17.42,no
2026-10-05T00:49:48.241235Z,0.1400,35.00,no
2026-10-05T00:49:48.241235Z,0.1400,1.00,no
2026-10-05T00:49:48.241235Z,0.1400,14.78,no
2026-10-05T00:49:48.900179Z,0.1300,16.55,no
2026-10-05T00:49:48.900179Z,0.1400,5.00,no
2026-10-05T00:49:48.900179Z,0.1400,109.00,no
2026-10-05T00:49:48.900179Z,0.1400,7.00,no
2026-10-05T00:49:48.900179Z,0.1400,41.00,no
2026-10-05T00:49:48.900179Z,0.1400,1.00,no
2026-10-05T00:49:48.912964Z,0.1300,48.55,no
2026-10-05T00:49:48.912964Z,0.1300,7.03,no
2026-10-05T00:49:49.096912Z,0.3300,1.00,yes
2026-10-05T00:49:49.117911Z,0.3300,11.00,yes
2026-10-05T00:49:49.218355Z,0.3200,1.00,yes
2026-10-05T00:49:49.236618Z,0.3200,5.92,yes
2026-10-05T00:49:49.243854Z,0.3200,10.84,yes
2026-10-05T00:49:49.587545Z,0.1300,12.00,no
2026-10-05T00:49:49.587545Z,0.1400,5.00,no
2026-10-05T00:49:49.587545Z,0.1200,23.16,no
2026-10-05T00:49:49.704672Z,0.2800,14.00,yes
2026-10-05T00:49:49.704672Z,0.2800,29.24,yes
2026-10-05T00:49:49.704672Z,0.2800,40.00,yes
2026-10-05T00:49:49.704672Z,0.2900,54.00,yes
2026-10-05T00:49:49.704672Z,0.3300,40.00,yes
2026-10-05T00:49:49.704672Z,0.2800,82.00,yes
2026-10-05T00:49:49.704672Z,0.2800,44.00,yes
2026-10-05T00:49:49.704672Z,0.2800,1.00,yes
2026-10-05T00:49:49.704672Z,0.2800,4.00,yes
2026-10-05T00:49:49.704672Z,0.3400,508.76,yes
2026-10-05T00:49:49.704672Z,0.3200,183.00,yes
2026-10-05T00:49:49.86879Z,0.1500,17.33,no
2026-10-05T00:49:49.86879Z,0.1500,26.00,no
2026-10-05T00:49:50.096174Z,0.1600,42.45,no
2026-10-05T00:49:50.096174Z,0.1600,21.00,no
2026-10-05T00:49:50.096174Z,0.1600,41.00,no
2026-10-05T00:49:50.516123Z,0.1700,3.54,no
2026-10-05T00:49:50.989496Z,0.1600,30.19,no
2026-10-05T00:49:50.989496Z,0.1600,3.46,no
2026-10-05T00:49:50.989496Z,0.1600,30.00,no
2026-10-05T00:49:51.220528Z,0.2300,27.00,yes
2026-10-05T00:49:51.255435Z,0.2300,1.00,yes
2026-10-05T00:49:51.255435Z,0.2300,9.00,yes
2026-10-05T00:49:51.255435Z,0.2300,1.00,yes
2026-10-05T00:49:51.255435Z,0.2300,26.00,yes
2026-10-05T00:49:51.280058Z,0.2300,10.00,yes
2026-10-05T00:49:51.316278Z,0.1400,6.00,no
2026-10-05T00:49:51.316278Z,0.1300,5.00,no
2026-10-05T00:49:51.316278Z,0.1300,46.61,no
2026-10-05T00:49:51.90191Z,0.1200,17.91,no
2026-10-05T00:49:52.033122Z,0.1100,20.28,no
2026-10-05T00:49:52.033122Z,0.1100,5.00,no
2026-10-05T00:49:52.033122Z,0.1200,8.09,no
2026-10-05T00:49:52.102677Z,0.1600,15.00,yes
2026-10-05T00:49:52.126187Z,0.1600,1.00,yes
2026-10-05T00:49:52.126187Z,0.1600,4.00,yes
2026-10-05T00:49:52.126187Z,0.1600,2.08,yes
2026-10-05T00:49:52.126187Z,0.1600,2.92,yes
2026-10-05T00:49:52.204135Z,0.1100,30.36,no
2026-10-05T00:49:52.204135Z,0.1100,69.72,no
2026-10-05T00:49:52.204135Z,0.1200,1.00,no
2026-10-05T00:49:52.204135Z,0.1200,5.00,no
2026-10-05T00:49:52.204135Z,0.1200,18.00,no
2026-10-05T00:49:52.309384Z,0.1100,10.64,no
2026-10-05T00:49:52.309384Z,0.1100,6.34,no
2026-10-05T00:49:52.309384Z,0.1100,5.00,no
2026-10-05T00:49:52.309384Z,0.1100,142.00,no
2026-10-05T00:49:52.411891Z,0.1200,11.31,no
2026-10-05T00:49:52.411891Z,0.1200,5.00,no
2026-10-05T00:49:52.979503Z,0.1500,10.00,yes
2026-10-05T00:49:53.119802Z,0.1500,13.08,yes
2026-10-05T00:49:53.119802Z,0.1500,5.92,yes
2026-10-05T00:49:53.119802Z,0.1500,1.00,yes
2026-10-05T00:49:53.315281Z,0.2000,47.00,yes
2026-10-05T00:49:53.315281Z,0.1700,6.00,yes
2026-10-05T00:49:53.315281Z,0.1600,69.73,yes
2026-10-05T00:49:53.315281Z,0.1500,12.08,yes
2026-10-05T00:49:53.315281Z,0.1500,1.00,yes
2026-10-05T00:49:53.315281Z,0.1600,40.00,yes
2026-10-05T00:49:53.752288Z,0.2100,5.00,no
2026-10-05T00:49:53.752288Z,0.2100,26.00,no
2026-10-05T00:49:53.752288Z,0.2100,41.00,no
2026-10-05T00:49:53.752288Z,0.2100,12.00,no
2026-10-05T00:49:53.752288Z,0.2000,58.52,no
2026-10-05T00:49:53.752288Z,0.2100,19.00,no
2026-10-05T00:49:53.752288Z,0.2100,10.00,no
2026-10-05T00:49:53.752288Z,0.2100,32.00,no
2026-10-05T00:49:53.752288Z,0.2100,79.00,no
2026-10-05T00:49:54.753002Z,0.2100,8.21,no
2026-10-05T00:49:55.436129Z,0.2100,31.69,no
2026-10-05T00:49:55.436129Z,0.2100,1.79,no
2026-10-05T00:49:56.131293Z,0.2800,1.08,yes
2026-10-05T00:49:56.131293Z,0.2200,1.00,yes
2026-10-05T00:49:56.702473Z,0.2200,41.00,no
2026-10-05T00:49:56.702473Z,0.2300,5.00,no
2026-10-05T00:49:56.702473Z,0.2300,26.00,no
2026-10-05T00:49:56.702473Z,0.2100,16.63,no
2026-10-05T00:49:56.702473Z,0.2300,41.00,no
2026-10-05T00:49:56.702473Z,0.2300,79.00,no
2026-10-05T00:49:56.702473Z,0.2200,1.00,no
2026-10-05T00:49:58.010097Z,0.2200,49.12,no
2026-10-05T00:49:58.010097Z,0.2200,6.00,no
2026-10-05T00:49:58.047719Z,0.2100,27.41,no
2026-10-05T00:49:58.047719Z,0.2100,15.37,no
2026-10-05T00:49:58.480037Z,0.2100,56.89,no
2026-10-05T00:49:58.516551Z,0.1900,0.10,no
2026-10-05T00:49:58.516551Z,0.2100,165.70,no
2026-10-05T00:49:58.516551Z,0.2000,0.10,no
2026-10-05T00:49:58.516551Z,0.2100,0.10,no
2026-10-05T00:49:58.779426Z,0.1900,43.46,yes
2026-10-05T00:49:59.093459Z,0.1700,93.00,yes
2026-10-05T00:49:59.594342Z,0.1000,23.00,no
2026-10-05T00:49:59.594342Z,0.1600,12.00,no
2026-10-05T00:49:59.775853Z,0.1700,18.00,yes
2026-10-05T00:49:59.775853Z,0.1700,9.96,yes
2026-10-05T00:49:59.777146Z,0.1100,4.00,no
2026-10-05T00:49:59.777146Z,0.1100,26.76,no
2026-10-05T00:49:59.777146Z,0.1100,1.00,no
2026-10-05T00:50:00.095238Z,0.1200,5.53,no
2026-10-05T00:50:00.378607Z,0.1300,64.00,no
2026-10-05T00:50:00.392801Z,0.1300,9.84,yes
2026-10-05T00:50:00.399118Z,0.1300,19.00,yes
2026-10-05T00:50:00.406475Z,0.1300,5.08,yes
2026-10-05T00:50:00.410415Z,0.1300,5.09,yes
2026-10-05T00:50:00.447565Z,0.1300,1.00,yes
2026-10-05T00:50:00.763522Z,0.0900,10.95,no
2026-10-05T00:50:00.763754Z,0.0800,250.00,no
2026-10-05T00:50:00.763754Z,0.0800,10.00,no
2026-10-05T00:50:00.763754Z,0.0900,89.05,no
2026-10-05T00:50:00.763754Z,0.0900,41.00,no
2026-10-05T00:50:00.763754Z,0.0800,41.00,no
2026-10-05T00:50:00.763754Z,0.0800,172.00,no
2026-10-05T00:50:00.763754Z,0.0800,5.00,no
2026-10-05T00:50:00.763754Z,0.0700,334.65,no
2026-10-05T00:50:00.988135Z,0.0800,30.78,no
2026-10-05T00:50:01.076164Z,0.1100,8.76,yes
2026-10-05T00:50:01.076164Z,0.1100,100.00,yes
2026-10-05T00:50:01.310713Z,0.1100,0.39,yes
2026-10-05T00:50:01.630294Z,0.0800,12.85,no
2026-10-05T00:50:01.630294Z,0.0800,5.00,no
2026-10-05T00:50:01.630294Z,0.0800,142.22,no
2026-10-05T00:50:01.630294Z,0.0800,95.00,no
2026-10-05T00:50:01.662501Z,0.0800,2.13,no
2026-10-05T00:50:02.005245Z,0.0800,54.00,no
2026-10-05T00:50:02.005245Z,0.0800,26.02,no
2026-10-05T00:50:02.005245Z,0.0800,20.26,no
2026-10-05T00:50:02.037008Z,0.0800,28.67,no
2026-10-05T00:50:02.465244Z,0.0900,17.11,yes
2026-10-05T00:50:02.647882Z,0.0900,21.99,yes
2026-10-05T00:50:02.941226Z,0.0800,30.47,no
2026-10-05T00:50:02.981373Z,0.0800,96.54,no
2026-10-05T00:50:02.981373Z,0.0800,5.00,no
2026-10-05T00:50:02.981373Z,0.0800,35.86,no
2026-10-05T00:50:04.108603Z,0.0900,18.74,yes
2026-10-05T00:50:04.108603Z,0.0900,14.94,yes
2026-10-05T00:50:04.151957Z,0.0800,12.00,no
2026-10-05T00:50:04.151957Z,0.0800,5.00,no
2026-10-05T00:50:04.151957Z,0.0800,38.43,no
2026-10-05T00:50:04.151957Z,0.0800,28.67,no
2026-10-05T00:50:04.151957Z,0.0800,30.47,no
2026-10-05T00:50:04.151957Z,0.0800,35.86,no
2026-10-05T00:50:04.151957Z,0.0800,54.00,no
2026-10-05T00:50:04.151957Z,0.0700,364.23,no
2026-10-05T00:50:04.228867Z,0.0700,113.61,no
2026-10-05T00:50:04.228867Z,0.0700,10.00,no
2026-10-05T00:50:04.228867Z,0.0700,2564.39,no
2026-10-05T00:50:04.454764Z,0.0700,77.95,no
2026-10-05T00:50:04.455701Z,0.0700,150.95,no
2026-10-05T00:50:05.282206Z,0.0700,5.00,no
2026-10-05T00:50:05.386235Z,0.0800,11.00,yes
2026-10-05T00:50:05.386235Z,0.0800,47.71,yes
2026-10-05T00:50:05.387709Z,0.0700,62.73,no
2026-10-05T00:50:05.505349Z,0.0700,98.52,no
2026-10-05T00:50:05.505349Z,0.0600,1.00,no
2026-10-05T00:50:05.781938Z,0.0500,67.63,no
2026-10-05T00:50:05.867164Z,0.0600,587.18,yes
2026-10-05T00:50:06.135049Z,0.0500,571.38,no
2026-10-05T00:50:06.135049Z,0.0500,3265.37,no
2026-10-05T00:50:06.297347Z,0.0500,30.10,no
2026-10-05T00:50:06.771698Z,0.0500,1.27,no
2026-10-05T00:50:06.817388Z,0.0400,1287.34,no
2026-10-05T00:50:06.817388Z,0.0500,50.00,no
2026-10-05T00:50:06.817388Z,0.0500,397.25,no
2026-10-05T00:50:06.817388Z,0.0500,171.00,no
2026-10-05T00:50:07.090612Z,0.0400,80.00,no
2026-10-05T00:50:07.109337Z,0.0400,80.00,no
2026-10-05T00:50:07.113896Z,0.0400,200.00,no
2026-10-05T00:50:07.138938Z,0.0400,80.00,no
2026-10-05T00:50:07.188156Z,0.0400,34.14,no
2026-10-05T00:50:07.208054Z,0.0400,615.00,no
2026-10-05T00:50:07.632442Z,0.0300,600.00,no
2026-10-05T00:50:07.632442Z,0.0400,600.00,no
2026-10-05T00:50:07.632442Z,0.0400,956.52,no
2026-10-05T00:50:07.632442Z,0.0400,5.00,no
2026-10-05T00:50:07.632442Z,0.0400,41.00,no
2026-10-05T00:50:07.632442Z,0.0400,1.00,no
2026-10-05T00:50:07.632442Z,0.0400,123.00,no
2026-10-05T00:50:07.632442Z,0.0300,3372.38,no
2026-10-05T00:50:07.632442Z,0.0300,7.00,no
2026-10-05T00:50:07.632442Z,0.0300,300.00,no
2026-10-05T00:50:07.632442Z,0.0300,0.10,no
2026-10-05T00:50:07.633447Z,0.0300,2.40,no
2026-10-05T00:50:07.644283Z,0.0300,0.73,no
2026-10-05T00:50:07.648101Z,0.0300,5.00,no
2026-10-05T00:50:07.657437Z,0.0300,1.00,no
2026-10-05T00:50:07.658927Z,0.0300,1.00,no
2026-10-05T00:50:07.773999Z,0.0300,5.88,no
2026-10-05T00:50:08.008746Z,0.0300,17.78,no
2026-10-05T00:50:08.030778Z,0.0400,589.00,yes
2026-10-05T00:50:08.030778Z,0.0400,11.00,yes
2026-10-05T00:50:08.402976Z,0.0300,11.39,no
2026-10-05T00:50:08.938249Z,0.0400,300.00,yes
2026-10-05T00:50:08.938249Z,0.0400,11.00,yes
2026-10-05T00:50:08.938249Z,0.0400,12.93,yes
2026-10-05T00:50:08.938249Z,0.0400,55.00,yes
2026-10-05T00:50:09.139706Z,0.0500,4.51,yes
2026-10-05T00:50:09.361788Z,0.0300,1.00,no
2026-10-05T00:50:09.361788Z,0.0300,41.00,no
2026-10-05T00:50:09.361788Z,0.0300,12.00,no
2026-10-05T00:50:09.361788Z,0.0300,188.00,no
2026-10-05T00:50:09.361788Z,0.0300,176.00,no
2026-10-05T00:50:09.361788Z,0.0300,16.00,no
2026-10-05T00:50:09.361788Z,0.0300,5.00,no
2026-10-05T00:50:09.361788Z,0.0300,130.00,no
2026-10-05T00:50:09.361788Z,0.0300,1582.44,no
2026-10-05T00:50:09.394543Z,0.0300,0.17,yes
2026-10-05T00:50:09.562698Z,0.0200,6.36,no
2026-10-05T00:50:09.562698Z,0.0200,2.00,no
2026-10-05T00:50:10.286033Z,0.0300,57.00,yes
2026-10-05T00:50:10.568766Z,0.0200,14.38,no
2026-10-05T00:50:11.282109Z,0.0200,25.47,no
2026-10-05T00:50:11.402784Z,0.0200,30.81,no
2026-10-05T00:50:11.457733Z,0.0300,156.06,yes
2026-10-05T00:50:11.683731Z,0.0300,156.06,yes
2026-10-05T00:50:11.767608Z,0.0200,600.00,no
2026-10-05T00:50:11.767608Z,0.0200,1000.00,no
2026-10-05T00:50:11.767608Z,0.0200,45.00,no
2026-10-05T00:50:11.767608Z,0.0200,1.00,no
2026-10-05T00:50:11.767608Z,0.0200,10.00,no
2026-10-05T00:50:11.767608Z,0.0200,41.00,no
2026-10-05T00:50:11.767608Z,0.0200,10.00,no
2026-10-05T00:50:11.767608Z,0.0200,222.98,no
2026-10-05T00:50:11.767608Z,0.0200,2222.00,no
2026-10-05T00:50:12.468802Z,0.0100,415.69,no
2026-10-05T00:50:12.468802Z,0.0100,1.00,no
2026-10-05T00:50:12.814168Z,0.0200,11.28,yes
2026-10-05T00:50:12.814168Z,0.0200,35.51,yes
2026-10-05T00:50:13.095655Z,0.0200,64.09,yes
2026-10-05T00:50:13.095655Z,0.0200,29.49,yes
2026-10-05T00:50:13.453933Z,0.0100,17.32,no
2026-10-05T00:50:13.620745Z,0.0200,18.00,yes
2026-10-05T00:50:13.832389Z,0.0100,2.58,no
2026-10-05T00:50:13.884758Z,0.0100,28.58,no
2026-10-05T00:50:14.132423Z,0.0100,5.51,no
2026-10-05T00:50:14.303123Z,0.0200,112.99,yes
2026-10-05T00:50:14.303123Z,0.0200,102.00,yes
2026-10-05T00:50:14.303123Z,0.0200,185.00,yes
2026-10-05T00:50:14.303123Z,0.0200,67.91,yes
2026-10-05T00:50:14.337364Z,0.0100,2085.80,no
2026-10-05T00:50:15.324878Z,0.0100,6.92,no
2026-10-05T00:50:15.358698Z,0.0100,49.24,no
2026-10-05T00:50:15.453657Z,0.0200,52.53,yes
2026-10-05T00:50:15.560022Z,0.0100,14.38,no
2026-10-05T00:50:15.749014Z,0.0100,68.08,no
2026-10-05T00:50:15.972869Z,0.0200,29.79,yes
2026-10-05T00:50:16.161822Z,0.0100,69.95,no
2026-10-05T00:50:16.443235Z,0.0100,80.31,no
2026-10-05T00:50:16.537043Z,0.0200,20.00,yes
2026-10-05T00:50:16.565634Z,0.0200,46.79,yes
2026-10-05T00:50:16.599032Z,0.0100,46.75,no
2026-10-05T00:50:17.112802Z,0.0100,6.22,no
2026-10-05T00:50:17.264009Z,0.0100,80.95,no
2026-10-05T00:50:17.802354Z,0.0100,129.50,no
2026-10-05T00:50:17.929319Z,0.0100,70.92,no
2026-10-05T00:50:17.974716Z,0.0100,376.78,no
2026-10-05T00:50:17.974716Z,0.0100,300.00,no
2026-10-05T00:50:17.974716Z,0.0100,923.22,no
2026-10-05T00:50:17.974991Z,0.0100,273.60,no
2026-10-05T00:50:17.999269Z,0.0100,17.11,no
2026-10-05T00:50:18.186046Z,0.0200,233.95,yes
2026-10-05T00:50:18.381258Z,0.0100,448.05,no
2026-10-05T00:50:18.407483Z,0.0100,133.54,no
2026-10-05T00:50:18.427563Z,0.0100,1.66,no
2026-10-05T00:50:18.656743Z,0.0100,22.65,no
2026-10-05T00:50:18.856996Z,0.0100,156.06,no
2026-10-05T00:50:19.251819Z,0.0100,1.55,no
2026-10-05T00:50:19.540879Z,0.0100,10.00,no
2026-10-05T00:50:19.622492Z,0.0200,46.79,yes
2026-10-05T00:50:19.788687Z,0.0100,124.28,no
2026-10-05T00:50:19.89271Z,0.0200,46.79,yes
2026-10-05T00:50:19.98837Z,0.0100,8.37,no
2026-10-05T00:50:20.171173Z,0.0200,84.63,yes
2026-10-05T00:50:20.171173Z,0.0200,5.00,yes
2026-10-05T00:50:20.171173Z,0.0200,30.81,yes
2026-10-05T00:50:20.171173Z,0.0200,600.00,yes
2026-10-05T00:50:20.171173Z,0.0200,6.36,yes
2026-10-05T00:50:20.171173Z,0.0200,222.98,yes
2026-10-05T00:50:20.171173Z,0.0200,25.47,yes
2026-10-05T00:50:20.171173Z,0.0200,10.37,yes
2026-10-05T00:50:20.171173Z,0.0200,14.38,yes
2026-10-05T00:50:20.198708Z,0.0100,127.33,no
2026-10-05T00:50:20.547071Z,0.0100,7.14,no
2026-10-05T00:50:20.74523Z,0.0100,634.47,no
2026-10-05T00:50:20.918569Z,0.0200,45.53,yes
2026-10-05T00:50:20.918569Z,0.0200,15.37,yes
2026-10-05T00:50:21.171362Z,0.0100,269.88,no
2026-10-05T00:50:21.268912Z,0.0100,163.47,no
2026-10-05T00:50:21.286984Z,0.0200,27.61,yes
2026-10-05T00:50:21.412219Z,0.0200,6.00,yes
2026-10-05T00:50:21.412219Z,0.0200,126.47,yes
2026-10-05T00:50:21.412219Z,0.0200,526.86,yes
2026-10-05T00:50:21.412219Z,0.0200,102.00,yes
2026-10-05T00:50:21.45896Z,0.0200,70.87,yes
2026-10-05T00:50:21.45896Z,0.0200,448.00,yes
2026-10-05T00:50:21.45896Z,0.0200,134.00,yes
2026-10-05T00:50:21.45896Z,0.0200,130.00,yes
2026-10-05T00:50:21.45896Z,0.0200,0.10,yes
2026-10-05T00:50:21.45896Z,0.0200,150.00,yes
2026-10-05T00:50:21.45896Z,0.0200,5.53,yes
2026-10-05T00:50:21.809759Z,0.0200,46.79,yes
2026-10-05T00:50:21.811968Z,0.0100,233.36,no
2026-10-05T00:50:22.058415Z,0.0100,35.00,no
2026-10-05T00:50:22.243802Z,0.0200,5.00,yes
2026-10-05T00:50:22.243802Z,0.0200,61.69,yes
2026-10-05T00:50:22.243802Z,0.0200,182.34,yes
2026-10-05T00:50:22.318809Z,0.0100,75.85,no
2026-10-05T00:50:22.39711Z,0.0200,26.27,yes
2026-10-05T00:50:22.39711Z,0.0200,38.31,yes
2026-10-05T00:50:22.39711Z,0.0200,29.00,yes
2026-10-05T00:50:22.437419Z,0.0100,7.17,no
2026-10-05T00:50:23.185318Z,0.0100,114.01,no
2026-10-05T00:50:23.398192Z,0.0100,96.71,no
2026-10-05T00:50:23.481681Z,0.0100,1.63,no
2026-10-05T00:50:23.650662Z,0.0100,16.87,no
2026-10-05T00:50:23.728135Z,0.0100,76.22,no
2026-10-05T00:50:23.889917Z,0.0100,1.31,no
2026-10-05T00:50:24.592007Z,0.0100,137.15,no
2026-10-05T00:50:24.801385Z,0.0100,1.31,no
2026-10-05T00:50:25.091974Z,0.0100,87.12,no
2026-10-05T00:50:25.104355Z,0.0200,30.00,yes
2026-10-05T00:50:25.144447Z,0.0100,0.35,no
2026-10-05T00:50:25.180857Z,0.0100,24.70,no
2026-10-05T00:50:25.325864Z,0.0200,93.58,yes
2026-10-05T00:50:25.701949Z,0.0100,2.38,no
2026-10-05T00:50:25.763865Z,0.0100,1.08,no
2026-10-05T00:50:25.896267Z,0.0100,2.74,no
2026-10-05T00:50:25.966273Z,0.0100,62.96,no
2026-10-05T00:50:26.051063Z,0.0100,220.67,no
2026-10-05T00:50:26.607065Z,0.0100,82.06,no
2026-10-05T00:50:26.680447Z,0.0100,187.52,no
2026-10-05T00:50:27.060491Z,0.0200,83.03,yes
2026-10-05T00:50:27.060491Z,0.0200,16.97,yes
2026-10-05T00:50:27.136184Z,0.0200,1.00,yes
2026-10-05T00:50:27.137172Z,0.0200,1.00,yes
2026-10-05T00:50:27.168635Z,0.0100,276.08,no
2026-10-05T00:50:27.218201Z,0.0100,93.58,no
2026-10-05T00:50:27.471912Z,0.0100,37.90,no
2026-10-05T00:50:28.761281Z,0.0100,155.64,no
2026-10-05T00:50:28.901359Z,0.0100,31.18,no
2026-10-05T00:50:29.038099Z,0.0100,0.71,no
2026-10-05T00:50:29.38977Z,0.0100,13.82,no
2026-10-05T00:50:29.457923Z,0.0200,16.97,yes
2026-10-05T00:50:29.457923Z,0.0200,5.00,yes
2026-10-05T00:50:29.457923Z,0.0200,7.00,yes
2026-10-05T00:50:29.457923Z,0.0300,167.93,yes
2026-10-05T00:50:29.554485Z,0.0300,10.93,yes
2026-10-05T00:50:29.778441Z,0.0100,223.68,no
2026-10-05T00:50:29.975781Z,0.0100,3.19,no
2026-10-05T00:50:30.067604Z,0.0300,31.21,yes
2026-10-05T00:50:30.108239Z,0.0100,71.27,no
2026-10-05T00:50:30.329658Z,0.0200,156.06,yes
2026-10-05T00:50:30.402764Z,0.0100,2.62,no
2026-10-05T00:50:30.604811Z,0.0100,4.70,no
2026-10-05T00:50:30.718581Z,0.0200,35.82,yes
2026-10-05T00:50:30.718581Z,0.0200,11.00,yes
2026-10-05T00:50:30.786045Z,0.0100,10.58,no
2026-10-05T00:50:30.81663Z,0.0200,62.42,yes
2026-10-05T00:50:30.915618Z,0.0100,587.18,no
2026-10-05T00:50:31.090083Z,0.0100,173.05,no
2026-10-05T00:50:31.364023Z,0.0100,304.17,no
2026-10-05T00:50:31.774707Z,0.0300,229.58,yes
2026-10-05T00:50:31.774707Z,0.0200,5.00,yes
2026-10-05T00:50:31.774707Z,0.0200,1.76,yes
2026-10-05T00:50:31.812144Z,0.0100,8.50,no
2026-10-05T00:50:31.871418Z,0.0100,109.44,no
2026-10-05T00:50:32.144386Z,0.0100,1.10,no
2026-10-05T00:50:32.198102Z,0.0300,613.82,yes
2026-10-05T00:50:32.316678Z,0.0300,1071.50,yes
2026-10-05T00:50:32.38682Z,0.0100,14.73,no
2026-10-05T00:50:32.589685Z,0.0100,1.12,no
2026-10-05T00:50:32.670137Z,0.0100,43.54,no
2026-10-05T00:50:32.985356Z,0.0100,18.23,no
2026-10-05T00:50:33.641678Z,0.0100,58.86,no
2026-10-05T00:50:33.732435Z,0.0100,12.94,no
2026-10-05T00:50:33.937971Z,0.0100,50.24,no
2026-10-05T00:50:34.020673Z,0.0100,17.62,no
2026-10-05T00:50:34.089509Z,0.0300,62.42,yes
2026-10-05T00:50:34.139919Z,0.0300,419.20,yes
2026-10-05T00:50:34.216942Z,0.0300,93.79,yes
2026-10-05T00:50:34.583452Z,0.0300,31.21,yes
2026-10-05T00:50:35.079649Z,0.0300,93.64,yes
2026-10-05T00:50:35.128537Z,0.0300,156.06,yes
2026-10-05T00:50:35.407981Z,0.0300,31.21,yes
2026-10-05T00:50:35.500662Z,0.0200,6.02,no
2026-10-05T00:50:35.742753Z,0.0300,62.42,yes
2026-10-05T00:50:36.772447Z,0.0300,392.48,yes
2026-10-05T00:50:36.842997Z,0.0200,1419.00,no
2026-10-05T00:50:36.845011Z,0.0200,39.29,no
2026-10-05T00:50:36.863875Z,0.0200,1.00,no
2026-10-05T00:50:36.867038Z,0.0200,1.00,no
2026-10-05T00:50:36.930077Z,0.0300,31.21,yes
2026-10-05T00:50:37.137743Z,0.0300,39.80,yes
2026-10-05T00:50:37.145309Z,0.0200,2012.69,no
2026-10-05T00:50:37.145309Z,0.0200,6.57,no
2026-10-05T00:50:37.145309Z,0.0200,0.10,no
2026-10-05T00:50:37.145309Z,0.0200,41.00,no
2026-10-05T00:50:37.145583Z,0.0200,62.42,yes
2026-10-05T00:50:37.151328Z,0.0200,93.64,yes
2026-10-05T00:50:37.159383Z,0.0100,46.79,no
2026-10-05T00:50:37.511274Z,0.0200,31.21,yes
2026-10-05T00:50:37.644198Z,0.0100,0.56,no
2026-10-05T00:50:37.822755Z,0.0100,1154.00,no
2026-10-05T00:50:37.829932Z,0.0100,600.00,no
2026-10-05T00:50:37.838204Z,0.0100,0.56,no
2026-10-05T00:50:37.840787Z,0.0100,30.00,no
2026-10-05T00:50:37.857213Z,0.0100,32.46,no
2026-10-05T00:50:37.863161Z,0.0100,1.00,no
2026-10-05T00:50:37.866304Z,0.0100,1.00,no
2026-10-05T00:50:38.048172Z,0.0200,62.42,yes
2026-10-05T00:50:38.950353Z,0.0100,314.59,no
2026-10-05T00:50:38.950353Z,0.0100,1016.41,no
2026-10-05T00:50:39.132837Z,0.0100,12.13,no
2026-10-05T00:50:39.166089Z,0.0100,138.27,no
2026-10-05T00:50:39.407573Z,0.0200,608.27,yes
2026-10-05T00:50:39.490293Z,0.0100,32.00,no
2026-10-05T00:50:39.637939Z,0.0100,27.79,no
2026-10-05T00:50:39.776409Z,0.0100,25.00,no
2026-10-05T00:50:40.755046Z,0.0100,0.50,no
2026-10-05T00:50:40.756577Z,0.0100,1.00,no
2026-10-05T00:50:40.769062Z,0.0100,2.00,no
2026-10-05T00:50:40.770778Z,0.0100,1.25,no
2026-10-05T00:50:41.193504Z,0.0200,661.83,yes
2026-10-05T00:50:41.195252Z,0.0200,950.00,yes
2026-10-05T00:50:42.097106Z,0.0200,233.95,yes
2026-10-05T00:50:42.259887Z,0.0100,45.47,no
2026-10-05T00:50:42.259887Z,0.0100,126.59,no
2026-10-05T00:50:42.394169Z,0.0200,75.00,yes
2026-10-05T00:50:42.490867Z,0.0100,5000.00,no
2026-10-05T00:50:43.131329Z,0.0100,4.31,no
2026-10-05T00:50:43.260065Z,0.0100,9.00,no
2026-10-05T00:50:43.68395Z,0.0100,6.90,no
2026-10-05T00:50:43.840333Z,0.0100,16.47,no
2026-10-05T00:50:43.881188Z,0.0200,25.00,yes
2026-10-05T00:50:43.940395Z,0.0100,2.80,no
2026-10-05T00:50:44.07944Z,0.0100,4.13,no
2026-10-05T00:50:44.130796Z,0.0200,588.00,yes
2026-10-05T00:50:44.159754Z,0.0200,1.00,yes
2026-10-05T00:50:44.162655Z,0.0200,20.00,yes
2026-10-05T00:50:44.245422Z,0.0100,1.41,no
2026-10-05T00:50:44.287301Z,0.0200,188.00,yes
2026-10-05T00:50:44.622528Z,0.0100,81.01,no
2026-10-05T00:50:44.798139Z,0.0100,32.35,no
2026-10-05T00:50:45.235535Z,0.0100,6.00,no
2026-10-05T00:50:45.235535Z,0.0100,30.97,no
2026-10-05T00:50:45.235535Z,0.0100,127.00,no
2026-10-05T00:50:45.245732Z,0.0200,77.00,yes
2026-10-05T00:50:45.270631Z,0.0200,10.00,yes
2026-10-05T00:50:45.386689Z,0.0100,57.68,no
2026-10-05T00:50:45.386689Z,0.0100,155.00,no
2026-10-05T00:50:45.386689Z,0.0100,103.03,no
2026-10-05T00:50:46.716167Z,0.0100,41.87,no
2026-10-05T00:50:46.807202Z,0.0100,30.45,no
2026-10-05T00:50:46.807202Z,0.0100,448.00,no
2026-10-05T00:50:46.807202Z,0.0100,8.00,no
2026-10-05T00:50:46.807202Z,0.0100,1000.00,no
2026-10-05T00:50:46.807202Z,0.0100,5.05,no
2026-10-05T00:50:47.069939Z,0.0200,140.37,yes
2026-10-05T00:50:47.254183Z,0.0200,10.00,yes
2026-10-05T00:50:47.254183Z,0.0200,11.00,yes
2026-10-05T00:50:47.27239Z,0.0200,33.00,yes
2026-10-05T00:50:47.42376Z,0.0200,1.00,yes
2026-10-05T00:50:47.42376Z,0.0200,12.00,yes
2026-10-05T00:50:47.434818Z,0.0100,19.00,no
2026-10-05T00:50:47.434818Z,0.0100,5.05,no
2026-10-05T00:50:47.434818Z,0.0100,143.95,no
2026-10-05T00:50:47.434818Z,0.0100,41.00,no
2026-10-05T00:50:48.4775Z,0.0100,329.00,yes
2026-10-05T00:50:48.773073Z,0.0100,34.00,yes
2026-10-05T00:50:49.193109Z,0.0100,32.73,yes
2026-10-05T00:50:49.596992Z,0.0100,935.19,yes
2026-10-05T00:50:49.609577Z,0.0100,25.47,yes
2026-10-05T00:50:49.989196Z,0.0100,467.59,yes
2026-10-05T00:50:50.91499Z,0.0100,94.07,yes
2026-10-05T00:50:51.73159Z,0.0100,187.03,yes
2026-10-05T00:50:52.590989Z,0.0100,93.51,yes
2026-10-05T00:50:53.639793Z,0.0100,15.89,yes
2026-10-05T00:50:54.367666Z,0.0100,187.03,yes
2026-10-05T00:50:55.763116Z,0.0100,93.51,yes
2026-10-05T00:50:56.076886Z,0.0100,187.03,yes
2026-10-05T00:50:58.816241Z,0.0100,166.33,yes
2026-10-05T00:50:58.870486Z,0.0100,935.19,yes
2026-10-05T00:51:00.829747Z,0.0100,93.51,yes
2026-10-05T00:51:00.994261Z,0.0100,161.66,yes
2026-10-05T00:51:02.310999Z,0.0100,1666.66,yes
2026-10-05T00:51:03.202414Z,0.0100,4675.95,yes
2026-10-05T00:51:04.083528Z,0.0100,93.51,yes
2026-10-05T00:51:04.487777Z,0.0100,1924.09,yes
2026-10-05T00:51:04.810435Z,0.0100,93.51,yes
2026-10-05T00:51:05.591784Z,0.0100,467.59,yes
2026-10-05T00:51:05.782048Z,0.0100,333.33,yes
2026-10-05T00:51:06.612065Z,0.0100,187.03,yes
2026-10-05T00:51:07.31385Z,0.0100,93.51,yes
2026-10-05T00:51:09.890169Z,0.0100,93.51,yes
2026-10-05T00:51:10.065995Z,0.0100,39.27,yes
2026-10-05T00:51:10.213336Z,0.0100,56.62,yes
2026-10-05T00:51:13.740438Z,0.0100,166.33,yes
2026-10-05T00:51:14.094031Z,0.0100,53.30,yes
2026-10-05T00:51:17.001679Z,0.0100,100.00,yes
2026-10-05T00:51:17.718373Z,0.0100,93.51,yes
2026-10-05T00:51:19.822859Z,0.0100,467.59,yes
2026-10-05T00:51:21.91701Z,0.0100,93.51,yes
2026-10-05T00:51:22.972467Z,0.0100,93.51,yes
2026-10-05T00:51:23.531805Z,0.0100,9351.91,yes
2026-10-05T00:51:24.222702Z,0.0100,1870.38,yes
2026-10-05T00:51:30.1702Z,0.0100,467.59,yes
2026-10-05T00:51:30.93104Z,0.0100,93.51,yes
2026-10-05T00:51:31.711481Z,0.0100,1666.66,yes
2026-10-05T00:51:33.533387Z,0.0100,101.28,yes
2026-10-05T00:51:33.580631Z,0.0100,161.66,yes
2026-10-05T00:51:35.601352Z,0.0100,93.51,yes
2026-10-05T00:51:38.123924Z,0.0100,187.03,yes
2026-10-05T00:51:40.082719Z,0.0100,100.00,yes
2026-10-05T00:51:40.963595Z,0.0100,9.35,yes
2026-10-05T00:51:43.539063Z,0.0100,467.59,yes
2026-10-05T00:51:43.679723Z,0.0100,467.59,yes
2026-10-05T00:51:44.103467Z,0.0100,46.75,yes
2026-10-05T00:51:53.0057Z,0.0100,333.33,yes
2026-10-05T00:51:53.912035Z,0.0100,93.51,yes
2026-10-05T00:51:54.570643Z,0.0100,88.27,yes
2026-10-05T00:51:57.52085Z,0.0100,187.03,yes
2026-10-05T00:51:57.716604Z,0.0100,166.66,yes
2026-10-05T00:52:00.539002Z,0.0100,52.46,yes
2026-10-05T00:52:01.5196Z,0.0100,187.03,yes
2026-10-05T00:52:05.882414Z,0.0100,33.33,yes
2026-10-05T00:52:08.269793Z,0.0100,100.00,yes
2026-10-05T00:52:10.768298Z,0.0100,166.66,yes
2026-10-05T00:52:12.421458Z,0.0100,877.81,yes
2026-10-05T00:52:12.5585Z,0.0100,93.51,yes
2026-10-05T00:52:20.099013Z,0.0100,37.00,yes
2026-10-05T00:52:22.157179Z,0.0100,187.03,yes
2026-10-05T00:52:27.627055Z,0.0100,18.70,yes
2026-10-05T00:52:33.312372Z,0.0100,456.67,yes
2026-10-05T00:53:02.746372Z,0.0100,935.19,yes
2026-10-05T00:53:12.366824Z,0.0100,43.95,yes
2026-10-05T00:53:15.968956Z,0.0100,109.31,yes
2026-10-05T00:53:20.391042Z,0.0100,467.59,yes
2026-10-05T00:54:00.759772Z,0.0100,333.00,yes
2026-10-05T00:55:23.72093Z,0.0100,93.51,yes
