time,yes_price,contracts,taker
2026-10-06T10:48:25.770031Z,0.0100,100.00,no
2026-10-06T10:48:26.397681Z,0.0100,50.00,no
2026-10-06T10:48:26.397681Z,0.0100,119.68,no
2026-10-06T10:48:26.512745Z,0.0100,44.77,no
2026-10-06T10:48:31.137738Z,0.0200,111.00,yes
2026-10-06T10:48:31.137738Z,0.0200,1.00,yes
2026-10-06T10:48:31.137738Z,0.0200,4.13,yes
2026-10-06T10:48:31.137738Z,0.0200,195.00,yes
2026-10-06T10:48:31.137738Z,0.0200,1.00,yes
2026-10-06T10:48:31.602147Z,0.0100,144.22,no
2026-10-06T10:48:35.030551Z,0.0100,130.24,no
2026-10-06T10:48:35.030551Z,0.0100,191.33,no
2026-10-06T10:48:36.066787Z,0.0100,155.60,no
2026-10-06T10:48:37.114788Z,0.0100,13.41,no
2026-10-06T10:48:38.918289Z,0.0200,1.00,yes
2026-10-06T10:48:38.918289Z,0.0200,2.87,yes
2026-10-06T10:48:38.918289Z,0.0200,1.00,yes
2026-10-06T10:48:38.918289Z,0.0200,5.00,yes
2026-10-06T10:48:38.918289Z,0.0200,83.71,yes
2026-10-06T10:48:40.585212Z,0.0100,250.00,no
2026-10-06T10:48:40.585212Z,0.0100,78.36,no
2026-10-06T10:48:40.585212Z,0.0100,100.75,no
2026-10-06T10:48:40.585212Z,0.0100,5.00,no
2026-10-06T10:48:45.693839Z,0.0200,72.00,yes
2026-10-06T10:48:45.693839Z,0.0200,5.29,yes
2026-10-06T10:48:45.693839Z,0.0200,16.29,yes
2026-10-06T10:48:55.668381Z,0.0100,23.39,yes
2026-10-06T10:49:10.019512Z,0.0100,115.00,yes
2026-10-06T10:49:10.019512Z,0.0100,155.00,yes
2026-10-06T10:49:10.019512Z,0.0100,106.61,yes
2026-10-06T10:49:10.019512Z,0.0100,1.00,yes
2026-10-06T10:49:10.019512Z,0.0100,296.39,yes
2026-10-06T10:49:11.408279Z,0.0300,670.00,yes
2026-10-06T10:49:15.515532Z,0.0200,2.25,no
2026-10-06T10:49:15.935812Z,0.0200,2136.00,no
2026-10-06T10:49:15.935812Z,0.0200,487.91,no
2026-10-06T10:49:15.935812Z,0.0200,247.75,no
2026-10-06T10:49:15.935812Z,0.0200,171.00,no
2026-10-06T10:49:21.038359Z,0.0300,93.64,yes
2026-10-06T10:49:23.282366Z,0.0300,599.00,yes
2026-10-06T10:49:25.673321Z,0.0300,14.04,yes
2026-10-06T10:49:31.584754Z,0.0300,18.72,yes
2026-10-06T10:49:32.729649Z,0.0200,870.75,no
2026-10-06T10:49:45.760913Z,0.0100,94.00,no
2026-10-06T10:49:45.760913Z,0.0100,400.00,no
2026-10-06T10:49:45.760913Z,0.0200,0.01,no
2026-10-06T10:49:45.760913Z,0.0100,0.01,no
2026-10-06T10:49:50.736973Z,0.0300,1.00,yes
2026-10-06T10:49:50.736973Z,0.0100,400.00,yes
2026-10-06T10:49:50.736973Z,0.0400,58.00,yes
2026-10-06T10:49:50.736973Z,0.0200,1.00,yes
2026-10-06T10:49:50.736973Z,0.0400,55.00,yes
2026-10-06T10:49:51.944604Z,0.0500,14.97,yes
2026-10-06T10:49:51.944604Z,0.0500,2.00,yes
2026-10-06T10:49:51.944604Z,0.0500,8.00,yes
2026-10-06T10:50:01.990102Z,0.0600,31.27,yes
2026-10-06T10:50:05.881447Z,0.0600,15.63,yes
2026-10-06T10:50:05.945688Z,0.0600,15.63,yes
2026-10-06T10:50:06.985687Z,0.0500,14.44,no
2026-10-06T10:50:19.238203Z,0.0600,171.96,yes
2026-10-06T10:50:19.238203Z,0.0700,137.25,yes
2026-10-06T10:50:19.238203Z,0.0600,100.00,yes
2026-10-06T10:50:19.238203Z,0.0700,33.00,yes
2026-10-06T10:50:19.238203Z,0.0700,5.00,yes
2026-10-06T10:50:19.238203Z,0.0700,20.00,yes
2026-10-06T10:50:20.66436Z,0.0700,11.41,yes
2026-10-06T10:50:20.66436Z,0.0700,1.00,yes
2026-10-06T10:50:20.66436Z,0.0700,1.00,yes
2026-10-06T10:50:36.021362Z,0.0900,242.36,yes
2026-10-06T10:50:36.021362Z,0.1000,95.98,yes
2026-10-06T10:50:36.021362Z,0.1000,19.00,yes
2026-10-06T10:50:36.021362Z,0.1100,35.60,yes
2026-10-06T10:50:36.021362Z,0.0900,55.00,yes
2026-10-06T10:50:36.021362Z,0.1000,1.00,yes
2026-10-06T10:50:36.021362Z,0.0900,16.40,yes
2026-10-06T10:50:36.021362Z,0.0700,5.00,yes
2026-10-06T10:50:36.021362Z,0.0800,35.00,yes
2026-10-06T10:50:36.021362Z,0.0900,1.00,yes
2026-10-06T10:50:43.616871Z,0.0900,5.44,yes
2026-10-06T10:50:43.616871Z,0.0900,5.00,yes
2026-10-06T10:50:49.47525Z,0.0900,131.64,yes
2026-10-06T10:50:49.47525Z,0.0800,5.00,yes
2026-10-06T10:50:49.47525Z,0.0900,35.00,yes
2026-10-06T10:50:49.47525Z,0.0900,3.93,yes
2026-10-06T10:50:52.282334Z,0.1000,1.00,no
2026-10-06T10:50:52.282334Z,0.1000,12.53,no
2026-10-06T10:50:54.094757Z,0.1100,42.78,yes
2026-10-06T10:50:56.727956Z,0.1100,8.55,yes
2026-10-06T10:50:58.945807Z,0.1100,85.57,yes
2026-10-06T10:51:03.08168Z,0.1100,85.57,yes
2026-10-06T10:51:03.090912Z,0.1100,42.78,yes
2026-10-06T10:51:05.785984Z,0.1100,66.15,yes
2026-10-06T10:51:05.785984Z,0.1100,361.73,yes
2026-10-06T10:51:07.091275Z,0.1100,25.67,yes
2026-10-06T10:51:08.639631Z,0.1100,105.08,yes
2026-10-06T10:51:16.806142Z,0.1200,1.00,yes
2026-10-06T10:51:16.806142Z,0.1200,5.00,yes
2026-10-06T10:51:16.806142Z,0.1300,25.00,yes
2026-10-06T10:51:16.806142Z,0.1400,32.62,yes
2026-10-06T10:51:16.806142Z,0.1400,6.32,yes
2026-10-06T10:51:18.768124Z,0.1400,33.00,yes
2026-10-06T10:51:18.768124Z,0.1500,2.16,yes
2026-10-06T10:51:18.768124Z,0.1400,5.00,yes
2026-10-06T10:51:18.768124Z,0.1400,6.11,yes
2026-10-06T10:51:18.768124Z,0.1500,1.00,yes
2026-10-06T10:51:18.768124Z,0.1500,50.00,yes
2026-10-06T10:51:21.040048Z,0.0900,1.00,no
2026-10-06T10:51:21.040048Z,0.0700,55.00,no
2026-10-06T10:51:21.040048Z,0.0700,400.00,no
2026-10-06T10:51:21.040048Z,0.0900,1.00,no
2026-10-06T10:51:21.040048Z,0.0800,25.00,no
2026-10-06T10:51:21.052554Z,0.0900,1.00,no
2026-10-06T10:51:21.052554Z,0.0700,25.00,no
2026-10-06T10:51:21.119494Z,0.0600,4.00,no
2026-10-06T10:51:21.119494Z,0.0600,16.00,no
2026-10-06T10:51:21.235554Z,0.0700,17.92,yes
2026-10-06T10:51:22.274822Z,0.0600,691.00,yes
2026-10-06T10:51:22.889404Z,0.0600,5.00,yes
2026-10-06T10:51:26.853695Z,0.0600,13.29,yes
2026-10-06T10:51:28.687512Z,0.0600,15.63,yes
2026-10-06T10:51:34.789401Z,0.0600,31.27,yes
2026-10-06T10:51:34.880131Z,0.0600,46.91,yes
2026-10-06T10:51:36.986426Z,0.0600,46.91,yes
2026-10-06T10:51:39.276255Z,0.0500,250.00,no
2026-10-06T10:51:39.276255Z,0.0500,186.00,no
2026-10-06T10:51:39.276255Z,0.0500,31.21,no
2026-10-06T10:51:41.331878Z,0.0600,78.18,yes
2026-10-06T10:51:53.136702Z,0.0600,35.02,yes
2026-10-06T10:51:55.648446Z,0.0600,3.98,yes
2026-10-06T10:51:55.648446Z,0.0600,1.00,yes
2026-10-06T10:51:55.648446Z,0.0600,35.02,yes
2026-10-06T10:51:55.648446Z,0.0600,2.00,yes
2026-10-06T10:51:55.648446Z,0.0600,1.00,yes
2026-10-06T10:51:55.648446Z,0.0600,7.00,yes
2026-10-06T10:51:55.648446Z,0.0600,0.01,yes
2026-10-06T10:51:55.648446Z,0.0600,1.00,yes
2026-10-06T10:52:08.9533Z,0.0800,10.47,yes
2026-10-06T10:52:08.9533Z,0.0700,25.00,yes
2026-10-06T10:52:08.9533Z,0.0900,129.86,yes
2026-10-06T10:52:08.9533Z,0.0700,33.00,yes
2026-10-06T10:52:08.9533Z,0.0700,100.00,yes
2026-10-06T10:52:08.9533Z,0.0800,246.07,yes
2026-10-06T10:52:08.9533Z,0.0900,1.00,yes
2026-10-06T10:52:08.9533Z,0.0900,1.00,yes
2026-10-06T10:52:08.961391Z,0.0900,49.00,yes
2026-10-06T10:52:08.961391Z,0.0900,1.00,yes
2026-10-06T10:52:08.976144Z,0.0900,306.00,yes
2026-10-06T10:52:08.976144Z,0.0900,35.00,yes
2026-10-06T10:52:08.984796Z,0.0800,8.00,yes
2026-10-06T10:52:08.984796Z,0.0900,10.00,yes
2026-10-06T10:52:08.984796Z,0.0900,35.00,yes
2026-10-06T10:52:09.042353Z,0.0900,25.00,yes
2026-10-06T10:52:10.588838Z,0.1000,7.00,yes
2026-10-06T10:52:10.588838Z,0.1000,10.00,yes
2026-10-06T10:52:10.588838Z,0.1000,10.00,yes
2026-10-06T10:52:14.047536Z,0.1000,166.13,no
2026-10-06T10:52:14.047536Z,0.1000,145.00,no
2026-10-06T10:52:14.047536Z,0.1000,1.00,no
2026-10-06T10:52:15.083602Z,0.1000,0.01,no
2026-10-06T10:52:15.083602Z,0.1000,14.87,no
2026-10-06T10:52:15.083602Z,0.1000,78.76,no
2026-10-06T10:52:15.369542Z,0.1000,163.56,no
2026-10-06T10:52:15.369542Z,0.1000,10.49,no
2026-10-06T10:52:18.777802Z,0.1100,159.34,yes
2026-10-06T10:52:18.777998Z,0.1100,2.56,yes
2026-10-06T10:52:19.367856Z,0.1100,85.57,yes
2026-10-06T10:52:19.486672Z,0.1100,42.78,yes
2026-10-06T10:52:20.500959Z,0.1100,410.77,yes
2026-10-06T10:52:22.864624Z,0.1100,5.73,yes
2026-10-06T10:52:23.017475Z,0.1100,293.25,yes
2026-10-06T10:52:23.017475Z,0.1100,6.27,yes
2026-10-06T10:52:25.804258Z,0.1000,23.37,no
2026-10-06T10:52:31.224189Z,0.1100,25.67,yes
2026-10-06T10:52:31.664452Z,0.1100,85.57,yes
2026-10-06T10:52:32.285062Z,0.1100,11.36,yes
2026-10-06T10:52:35.295319Z,0.1100,4.00,yes
2026-10-06T10:52:35.295319Z,0.1100,5.32,yes
2026-10-06T10:52:39.232316Z,0.1200,29.55,yes
2026-10-06T10:52:39.232316Z,0.1100,10.00,yes
2026-10-06T10:52:40.875093Z,0.1300,36.00,yes
2026-10-06T10:52:40.875093Z,0.1300,10.00,yes
2026-10-06T10:52:40.875093Z,0.1500,41.21,yes
2026-10-06T10:52:40.875093Z,0.1400,7.79,yes
2026-10-06T10:52:40.875093Z,0.1300,5.00,yes
2026-10-06T10:52:42.30448Z,0.1400,16.00,yes
2026-10-06T10:52:42.30448Z,0.1400,7.00,yes
2026-10-06T10:52:42.30448Z,0.1400,5.00,yes
2026-10-06T10:52:42.30448Z,0.1500,28.31,yes
2026-10-06T10:52:42.30448Z,0.1500,31.00,yes
2026-10-06T10:52:42.30448Z,0.1400,8.40,yes
2026-10-06T10:52:43.233482Z,0.1400,13.81,yes
2026-10-06T10:52:43.233482Z,0.1400,6.40,yes
2026-10-06T10:52:48.229305Z,0.1300,1.00,yes
2026-10-06T10:52:48.229305Z,0.1300,4.00,yes
2026-10-06T10:52:48.229305Z,0.1300,5.00,yes
2026-10-06T10:52:48.229305Z,0.1300,7.00,yes
2026-10-06T10:52:48.229305Z,0.1300,7.21,yes
2026-10-06T10:52:49.751583Z,0.1300,2.79,yes
2026-10-06T10:52:49.751583Z,0.1300,4.00,yes
2026-10-06T10:52:49.751583Z,0.1300,8.00,yes
2026-10-06T10:52:49.751583Z,0.1400,6.00,yes
2026-10-06T10:52:49.751583Z,0.1500,256.00,yes
2026-10-06T10:52:49.751583Z,0.1400,19.19,yes
2026-10-06T10:52:49.751583Z,0.1500,158.30,yes
2026-10-06T10:52:49.751583Z,0.1500,10.00,yes
2026-10-06T10:52:49.751583Z,0.1500,10.00,yes
2026-10-06T10:52:49.751583Z,0.1400,8.00,yes
2026-10-06T10:52:49.751583Z,0.1400,10.00,yes
2026-10-06T10:52:49.751583Z,0.1400,13.81,yes
2026-10-06T10:52:49.751583Z,0.1400,4.74,yes
2026-10-06T10:52:49.751583Z,0.1400,19.00,yes
2026-10-06T10:52:49.751583Z,0.1600,168.92,yes
2026-10-06T10:52:54.957388Z,0.1400,10.00,yes
2026-10-06T10:52:54.957388Z,0.1400,5.00,yes
2026-10-06T10:52:54.957388Z,0.1400,33.00,yes
2026-10-06T10:52:54.957388Z,0.1500,2.20,yes
2026-10-06T10:52:54.957388Z,0.1400,7.00,yes
2026-10-06T10:52:54.957388Z,0.1400,10.00,yes
2026-10-06T10:52:55.680878Z,0.1500,12.02,yes
2026-10-06T10:52:55.680878Z,0.1400,33.00,yes
2026-10-06T10:52:55.680878Z,0.1400,5.00,yes
2026-10-06T10:52:55.680878Z,0.1400,6.00,yes
2026-10-06T10:52:55.680878Z,0.1400,10.00,yes
2026-10-06T10:52:57.090663Z,0.1500,43.92,yes
2026-10-06T10:52:57.090663Z,0.1400,6.00,yes
2026-10-06T10:52:57.090663Z,0.1400,5.00,yes
2026-10-06T10:52:57.090663Z,0.1400,33.00,yes
2026-10-06T10:52:57.090663Z,0.1400,10.00,yes
2026-10-06T10:52:59.824255Z,0.1400,2.02,yes
2026-10-06T10:53:13.104641Z,0.1400,6.00,yes
2026-10-06T10:53:13.104641Z,0.1400,2.98,yes
2026-10-06T10:53:13.104641Z,0.1400,10.00,yes
2026-10-06T10:53:13.104641Z,0.1400,33.00,yes
2026-10-06T10:53:13.105862Z,0.1500,7.00,yes
2026-10-06T10:53:13.105862Z,0.1500,10.00,yes
2026-10-06T10:53:13.105862Z,0.1500,53.01,yes
2026-10-06T10:53:13.105862Z,0.1500,6.92,yes
2026-10-06T10:53:13.105862Z,0.1500,10.00,yes
2026-10-06T10:53:13.105862Z,0.1500,162.85,yes
2026-10-06T10:53:13.105862Z,0.1500,1.00,yes
2026-10-06T10:53:20.749954Z,0.1600,5.90,yes
2026-10-06T10:53:21.145644Z,0.1600,0.01,yes
2026-10-06T10:53:21.145644Z,0.1600,0.01,yes
2026-10-06T10:53:21.145644Z,0.1700,272.92,yes
2026-10-06T10:53:21.578219Z,0.1600,186.28,no
2026-10-06T10:53:21.578219Z,0.1600,171.00,no
2026-10-06T10:53:24.178761Z,0.1700,55.59,yes
2026-10-06T10:53:25.800294Z,0.1700,55.59,yes
2026-10-06T10:53:29.171727Z,0.1700,100.06,yes
2026-10-06T10:53:33.622791Z,0.1700,38.91,yes
2026-10-06T10:53:35.314638Z,0.1700,8.00,yes
2026-10-06T10:53:35.314638Z,0.1700,4.00,yes
2026-10-06T10:53:35.314638Z,0.1700,2.00,yes
2026-10-06T10:53:35.314638Z,0.1700,1.00,yes
2026-10-06T10:53:35.314638Z,0.1700,10.00,yes
2026-10-06T10:53:35.314638Z,0.1700,500.00,yes
2026-10-06T10:53:35.314638Z,0.1700,139.97,yes
2026-10-06T10:53:35.314638Z,0.1700,72.00,yes
2026-10-06T10:53:35.314638Z,0.1700,5824.00,yes
2026-10-06T10:53:35.314638Z,0.1700,50.00,yes
2026-10-06T10:53:35.314638Z,0.1700,200.00,yes
2026-10-06T10:53:35.314638Z,0.1700,100.00,yes
2026-10-06T10:53:35.314638Z,0.1700,200.00,yes
2026-10-06T10:53:35.314638Z,0.1700,1000.00,yes
2026-10-06T10:53:35.314638Z,0.1700,476.93,yes
2026-10-06T10:53:48.293152Z,0.1700,0.55,yes
2026-10-06T10:53:57.881716Z,0.1700,544.81,yes
2026-10-06T10:54:04.037934Z,0.1600,0.01,no
2026-10-06T10:54:04.037934Z,0.1600,44.00,no
2026-10-06T10:54:04.037934Z,0.1600,51.23,no
2026-10-06T10:54:04.037934Z,0.1600,1.00,no
2026-10-06T10:54:16.492232Z,0.1800,26.26,yes
2026-10-06T10:54:18.998557Z,0.1800,1.00,yes
2026-10-06T10:54:18.998557Z,0.2000,8.90,yes
2026-10-06T10:54:18.998557Z,0.2000,25.00,yes
2026-10-06T10:54:18.998557Z,0.2000,29.00,yes
2026-10-06T10:54:18.998557Z,0.2100,79.46,yes
2026-10-06T10:54:18.998557Z,0.1800,51.92,yes
2026-10-06T10:54:20.336115Z,0.2000,0.23,yes
2026-10-06T10:54:30.419665Z,0.2200,990.00,yes
2026-10-06T10:54:30.419665Z,0.2200,1000.00,yes
2026-10-06T10:54:30.419665Z,0.2000,100.00,yes
2026-10-06T10:54:30.419665Z,0.2100,1.00,yes
2026-10-06T10:54:30.419665Z,0.2100,242.62,yes
2026-10-06T10:54:30.419665Z,0.2000,4.77,yes
2026-10-06T10:54:30.419665Z,0.2000,29.00,yes
2026-10-06T10:54:30.419665Z,0.2000,6.29,yes
2026-10-06T10:54:30.419665Z,0.2100,90.03,yes
2026-10-06T10:54:30.419665Z,0.2200,7409.29,yes
2026-10-06T10:54:30.465672Z,0.2200,1.00,yes
2026-10-06T10:54:30.465672Z,0.2200,375.92,yes
2026-10-06T10:54:30.465672Z,0.2200,28.00,yes
2026-10-06T10:54:30.509055Z,0.2200,28.00,yes
2026-10-06T10:54:30.509055Z,0.2200,10.00,yes
2026-10-06T10:54:30.509055Z,0.2200,7.00,yes
2026-10-06T10:54:35.100339Z,0.2300,9.00,yes
2026-10-06T10:54:35.100339Z,0.2300,0.01,yes
2026-10-06T10:54:35.100339Z,0.2400,10.11,yes
2026-10-06T10:54:35.100339Z,0.2400,1.00,yes
2026-10-06T10:54:37.038809Z,0.2200,185.00,no
2026-10-06T10:54:37.038809Z,0.2200,229.93,no
2026-10-06T10:54:37.038809Z,0.2200,1.00,no
2026-10-06T10:54:37.038809Z,0.2200,250.00,no
2026-10-06T10:54:38.050833Z,0.2300,3.94,yes
2026-10-06T10:54:38.050833Z,0.2400,8.07,yes
2026-10-06T10:54:38.863549Z,0.2400,22.61,yes
2026-10-06T10:54:38.863549Z,0.2400,17.05,yes
2026-10-06T10:54:41.430268Z,0.2400,506.39,yes
2026-10-06T10:54:44.891157Z,0.2400,39.56,yes
2026-10-06T10:54:51.532583Z,0.2400,3049.93,yes
2026-10-06T10:54:51.532583Z,0.2400,1.00,yes
2026-10-06T10:54:51.532583Z,0.2400,1000.00,yes
2026-10-06T10:54:51.532583Z,0.2400,431.44,yes
2026-10-06T10:54:51.988825Z,0.2400,8.86,yes
2026-10-06T10:54:52.503996Z,0.2400,79.12,yes
2026-10-06T10:54:53.878412Z,0.2400,94.16,yes
2026-10-06T10:54:55.986503Z,0.2400,39.56,yes
2026-10-06T10:54:56.478047Z,0.2400,791.23,yes
2026-10-06T10:54:59.584834Z,0.2400,14.78,yes
2026-10-06T10:54:59.584834Z,0.2400,5.00,yes
2026-10-06T10:55:03.118317Z,0.2300,85.57,no
2026-10-06T10:55:08.855427Z,0.2400,7.99,yes
2026-10-06T10:55:08.905013Z,0.2300,11.64,no
2026-10-06T10:55:11.297336Z,0.2400,35.00,yes
2026-10-06T10:55:14.443978Z,0.2400,36.03,yes
2026-10-06T10:55:14.443978Z,0.2400,42.23,yes
2026-10-06T10:55:14.443978Z,0.2400,10.00,yes
2026-10-06T10:55:16.265496Z,0.2400,3.95,yes
2026-10-06T10:55:18.299632Z,0.2400,226.93,yes
2026-10-06T10:55:18.299632Z,0.2400,33.00,yes
2026-10-06T10:55:18.299632Z,0.2400,4.02,yes
2026-10-06T10:55:19.007918Z,0.2400,47.47,yes
2026-10-06T10:55:21.866799Z,0.2400,39.56,yes
2026-10-06T10:55:28.226196Z,0.2400,949.48,yes
2026-10-06T10:55:28.51084Z,0.2400,110.77,yes
2026-10-06T10:55:29.283098Z,0.2400,19.78,yes
2026-10-06T10:55:31.584144Z,0.2300,32.52,no
2026-10-06T10:55:32.427697Z,0.2400,376.01,yes
2026-10-06T10:55:32.427697Z,0.2400,620.95,yes
2026-10-06T10:55:35.04368Z,0.2400,229.45,yes
2026-10-06T10:55:35.646805Z,0.2500,117.20,yes
2026-10-06T10:55:35.646805Z,0.2400,10.00,yes
2026-10-06T10:55:35.646805Z,0.2400,35.00,yes
2026-10-06T10:55:35.646805Z,0.2400,42.23,yes
2026-10-06T10:55:35.646805Z,0.2400,25.00,yes
2026-10-06T10:55:35.646805Z,0.2400,7.99,yes
2026-10-06T10:55:35.646805Z,0.2400,138.60,yes
2026-10-06T10:55:35.646805Z,0.2400,14.78,yes
2026-10-06T10:55:39.567189Z,0.2500,662.08,yes
2026-10-06T10:55:39.567189Z,0.2400,85.22,yes
2026-10-06T10:55:39.567189Z,0.2400,14.78,yes
2026-10-06T10:55:39.567189Z,0.2400,1.00,yes
2026-10-06T10:55:39.567189Z,0.2400,1.00,yes
2026-10-06T10:55:40.901599Z,0.2500,191.65,yes
2026-10-06T10:55:40.901599Z,0.2400,1.00,yes
2026-10-06T10:55:40.901599Z,0.2400,4.92,yes
2026-10-06T10:55:44.412477Z,0.2400,95.23,yes
2026-10-06T10:55:45.632766Z,0.2500,17.06,yes
2026-10-06T10:55:45.632766Z,0.2400,1.00,yes
2026-10-06T10:55:45.632766Z,0.2400,1.00,yes
2026-10-06T10:55:46.066701Z,0.2500,0.03,yes
2026-10-06T10:55:46.347738Z,0.2300,21.92,no
2026-10-06T10:55:48.071579Z,0.2500,11.98,yes
2026-10-06T10:55:48.071579Z,0.2500,29.82,yes
2026-10-06T10:55:50.86237Z,0.2500,19.00,yes
2026-10-06T10:55:52.222889Z,0.2500,3.80,yes
2026-10-06T10:55:57.59278Z,0.2500,38.00,yes
2026-10-06T10:56:04.5115Z,0.2300,9.62,no
2026-10-06T10:56:04.678296Z,0.2300,7.69,no
2026-10-06T10:56:05.055728Z,0.2500,10.00,yes
2026-10-06T10:56:05.055728Z,0.2500,1.00,yes
2026-10-06T10:56:05.055728Z,0.2500,1.00,yes
2026-10-06T10:56:05.055728Z,0.2500,502.12,yes
2026-10-06T10:56:05.055728Z,0.2500,90.00,yes
2026-10-06T10:56:05.055728Z,0.2500,100.00,yes
2026-10-06T10:56:05.055728Z,0.2500,303.00,yes
2026-10-06T10:56:05.788197Z,0.2500,19.00,yes
2026-10-06T10:56:06.064681Z,0.2500,95.01,yes
2026-10-06T10:56:06.867758Z,0.2400,17.75,no
2026-10-06T10:56:07.353338Z,0.2500,161.17,yes
2026-10-06T10:56:07.353338Z,0.2500,1.00,yes
2026-10-06T10:56:07.353338Z,0.2500,1.00,yes
2026-10-06T10:56:07.353338Z,0.2500,40.00,yes
2026-10-06T10:56:07.353338Z,0.2500,176.87,yes
2026-10-06T10:56:09.992048Z,0.2500,76.00,yes
2026-10-06T10:56:14.086881Z,0.2500,34.20,yes
2026-10-06T10:56:14.695174Z,0.2600,1.00,yes
2026-10-06T10:56:14.695174Z,0.2600,1.00,yes
2026-10-06T10:56:14.695174Z,0.2600,561.00,yes
2026-10-06T10:56:14.695174Z,0.2500,574.63,yes
2026-10-06T10:56:14.695174Z,0.2500,10.00,yes
2026-10-06T10:56:14.695174Z,0.2500,413.00,yes
2026-10-06T10:56:14.695174Z,0.2500,1.00,yes
2026-10-06T10:56:14.695174Z,0.2500,1.00,yes
2026-10-06T10:56:14.695174Z,0.2600,1.00,yes
2026-10-06T10:56:14.695174Z,0.2600,1000.00,yes
2026-10-06T10:56:14.695174Z,0.2600,46.00,yes
2026-10-06T10:56:14.695174Z,0.2600,200.00,yes
2026-10-06T10:56:14.695174Z,0.2600,100.00,yes
2026-10-06T10:56:14.695174Z,0.2600,55.00,yes
2026-10-06T10:56:14.695174Z,0.2600,542.46,yes
2026-10-06T10:56:14.695174Z,0.2600,100.00,yes
2026-10-06T10:56:14.804605Z,0.2400,15.63,no
2026-10-06T10:56:16.845363Z,0.2600,0.03,yes
2026-10-06T10:56:17.438207Z,0.2500,7.31,yes
2026-10-06T10:56:17.695273Z,0.2500,3.80,yes
2026-10-06T10:56:17.829204Z,0.2500,106.41,yes
2026-10-06T10:56:20.857618Z,0.2500,0.01,yes
2026-10-06T10:56:20.857618Z,0.2500,1.00,yes
2026-10-06T10:56:20.857618Z,0.2600,31.92,yes
2026-10-06T10:56:31.429127Z,0.2500,20.75,yes
2026-10-06T10:56:33.536999Z,0.2500,45.60,yes
2026-10-06T10:56:33.928932Z,0.2500,760.09,yes
2026-10-06T10:56:40.161133Z,0.2700,1.00,yes
2026-10-06T10:56:40.161133Z,0.2700,2.00,yes
2026-10-06T10:56:40.161133Z,0.2700,1.00,yes
2026-10-06T10:56:40.161133Z,0.2700,60.17,yes
2026-10-06T10:56:40.161133Z,0.2500,3.00,yes
2026-10-06T10:56:40.161133Z,0.2600,97.00,yes
2026-10-06T10:56:40.161133Z,0.2700,1.00,yes
2026-10-06T10:56:40.161133Z,0.2600,3.00,yes
2026-10-06T10:56:40.161133Z,0.2500,0.01,yes
2026-10-06T10:56:40.161133Z,0.2500,0.01,yes
2026-10-06T10:56:40.161133Z,0.2700,5.00,yes
2026-10-06T10:56:40.161133Z,0.2600,3.00,yes
2026-10-06T10:56:40.161133Z,0.2600,1.00,yes
2026-10-06T10:56:40.161133Z,0.2700,1.00,yes
2026-10-06T10:56:40.161133Z,0.2600,1.00,yes
2026-10-06T10:56:40.161133Z,0.2600,1.00,yes
2026-10-06T10:56:40.161133Z,0.2600,0.01,yes
2026-10-06T10:56:48.370678Z,0.2600,5.00,yes
2026-10-06T10:56:48.584923Z,0.2900,1.00,yes
2026-10-06T10:56:48.584923Z,0.2900,1.00,yes
2026-10-06T10:56:52.543051Z,0.3200,569.78,yes
2026-10-06T10:56:52.543051Z,0.3000,1.42,yes
2026-10-06T10:56:52.543051Z,0.3000,20.21,yes
2026-10-06T10:56:52.543051Z,0.3100,6.70,yes
2026-10-06T10:56:53.462454Z,0.3100,25.67,no
2026-10-06T10:56:58.099924Z,0.3200,326.13,yes
2026-10-06T10:56:58.099924Z,0.3200,1.00,yes
2026-10-06T10:56:58.099924Z,0.3200,1.00,yes
2026-10-06T10:56:59.773005Z,0.3200,13.42,yes
2026-10-06T10:56:59.842885Z,0.3200,1.49,yes
2026-10-06T10:57:00.711099Z,0.3200,79.27,yes
2026-10-06T10:57:00.711099Z,0.3200,10.00,yes
2026-10-06T10:57:00.711099Z,0.3200,1449.96,yes
2026-10-06T10:57:01.285893Z,0.3200,35.79,yes
2026-10-06T10:57:02.626904Z,0.3200,25.68,yes
2026-10-06T10:57:04.933875Z,0.3100,0.03,no
2026-10-06T10:57:05.974478Z,0.3200,0.01,yes
2026-10-06T10:57:05.974478Z,0.3200,0.01,yes
2026-10-06T10:57:05.974478Z,0.3300,288.42,yes
2026-10-06T10:57:05.974478Z,0.3300,1.00,yes
2026-10-06T10:57:06.575317Z,0.3400,1.00,yes
2026-10-06T10:57:06.575317Z,0.3300,0.01,yes
2026-10-06T10:57:06.575317Z,0.3300,0.01,yes
2026-10-06T10:57:06.575317Z,0.3400,116.36,yes
2026-10-06T10:57:06.575317Z,0.3400,725.00,yes
2026-10-06T10:57:06.575317Z,0.3400,1.00,yes
2026-10-06T10:57:07.005296Z,0.3400,72.07,yes
2026-10-06T10:57:07.753197Z,0.3400,325.72,yes
2026-10-06T10:57:07.753197Z,0.3400,146.57,yes
2026-10-06T10:57:09.234559Z,0.3300,120.33,no
2026-10-06T10:57:09.966112Z,0.3400,8.43,yes
2026-10-06T10:57:10.755934Z,0.3400,163.05,yes
2026-10-06T10:57:13.599945Z,0.3300,38.81,no
2026-10-06T10:57:15.809559Z,0.3400,11.22,yes
2026-10-06T10:57:15.809559Z,0.3400,0.01,yes
2026-10-06T10:57:15.809559Z,0.3400,0.01,yes
2026-10-06T10:57:16.057533Z,0.3400,13.04,yes
2026-10-06T10:57:16.194009Z,0.3400,7.74,yes
2026-10-06T10:57:16.194009Z,0.3400,6.31,yes
2026-10-06T10:57:19.019105Z,0.3200,0.01,no
2026-10-06T10:57:19.019105Z,0.3100,0.01,no
2026-10-06T10:57:19.019105Z,0.3000,0.01,no
2026-10-06T10:57:19.019105Z,0.3000,37.00,no
2026-10-06T10:57:19.019105Z,0.3000,12.97,no
2026-10-06T10:57:19.020091Z,0.2800,0.01,no
2026-10-06T10:57:19.020091Z,0.2900,0.01,no
2026-10-06T10:57:19.020091Z,0.2900,161.00,no
2026-10-06T10:57:19.020091Z,0.3000,37.03,no
2026-10-06T10:57:19.020091Z,0.2800,1000.00,no
2026-10-06T10:57:19.033582Z,0.2900,155.21,no
2026-10-06T10:57:19.044991Z,0.2800,5.00,no
2026-10-06T10:57:20.391436Z,0.2700,0.01,no
2026-10-06T10:57:21.376049Z,0.2700,35.23,yes
2026-10-06T10:57:24.945229Z,0.2700,42.28,yes
2026-10-06T10:57:24.984317Z,0.2700,176.00,yes
2026-10-06T10:57:24.984317Z,0.2700,625.48,yes
2026-10-06T10:57:24.984317Z,0.2700,117.23,yes
2026-10-06T10:57:24.984317Z,0.2700,1.00,yes
2026-10-06T10:57:24.984317Z,0.2700,27.00,yes
2026-10-06T10:57:24.984317Z,0.2700,1.00,yes
2026-10-06T10:57:30.084951Z,0.2700,81.04,yes
2026-10-06T10:57:30.592117Z,0.2700,35.23,yes
2026-10-06T10:57:31.563124Z,0.2700,176.18,yes
2026-10-06T10:57:31.744194Z,0.2700,3.52,yes
2026-10-06T10:57:33.032919Z,0.2700,1.00,yes
2026-10-06T10:57:33.032919Z,0.2700,1.00,yes
2026-10-06T10:57:33.032919Z,0.2700,33.23,yes
2026-10-06T10:57:34.570974Z,0.2700,1.00,yes
2026-10-06T10:57:34.570974Z,0.2700,1.00,yes
2026-10-06T10:57:34.570974Z,0.2700,0.07,yes
2026-10-06T10:57:38.852577Z,0.2700,0.93,yes
2026-10-06T10:57:38.852577Z,0.2700,16.71,yes
2026-10-06T10:57:38.852577Z,0.2700,0.01,yes
2026-10-06T10:57:39.264163Z,0.2700,3.52,yes
2026-10-06T10:57:43.536142Z,0.3100,11.68,yes
2026-10-06T10:57:43.536142Z,0.2800,1.00,yes
2026-10-06T10:57:43.536142Z,0.2900,1.00,yes
2026-10-06T10:57:43.536142Z,0.2800,2.00,yes
2026-10-06T10:57:43.536142Z,0.2900,1.00,yes
2026-10-06T10:57:43.536142Z,0.2800,1.00,yes
2026-10-06T10:57:43.536142Z,0.2900,1.00,yes
2026-10-06T10:57:43.536142Z,0.2900,1.00,yes
2026-10-06T10:57:43.536142Z,0.2900,1.00,yes
2026-10-06T10:57:43.536142Z,0.2900,1.00,yes
2026-10-06T10:57:43.536142Z,0.2900,1.00,yes
2026-10-06T10:57:43.536142Z,0.3000,4.00,yes
2026-10-06T10:57:43.536142Z,0.3200,2.00,yes
2026-10-06T10:57:43.536142Z,0.2900,5.00,yes
2026-10-06T10:57:43.536142Z,0.2800,0.01,yes
2026-10-06T10:57:43.536142Z,0.3200,5.00,yes
2026-10-06T10:57:43.536142Z,0.3000,4.00,yes
2026-10-06T10:57:43.536142Z,0.3100,5.00,yes
2026-10-06T10:57:43.536142Z,0.3000,5.00,yes
2026-10-06T10:57:43.536142Z,0.3100,1.00,yes
2026-10-06T10:57:43.536142Z,0.2800,1.00,yes
2026-10-06T10:57:43.536142Z,0.3300,3.00,yes
2026-10-06T10:57:43.536142Z,0.3200,1.00,yes
2026-10-06T10:57:43.536142Z,0.3000,5.00,yes
2026-10-06T10:57:43.536142Z,0.2800,1.00,yes
2026-10-06T10:57:43.536142Z,0.3100,9.00,yes
2026-10-06T10:57:43.536142Z,0.3300,1.00,yes
2026-10-06T10:57:43.536142Z,0.3300,4.00,yes
2026-10-06T10:57:43.536142Z,0.2800,1.00,yes
2026-10-06T10:57:43.536142Z,0.2800,1.00,yes
2026-10-06T10:57:43.536142Z,0.2900,1.00,yes
2026-10-06T10:57:43.536142Z,0.3100,1.00,yes
2026-10-06T10:57:43.536142Z,0.3100,1.00,yes
2026-10-06T10:57:43.536142Z,0.3200,1.00,yes
2026-10-06T10:57:43.536142Z,0.3300,1.00,yes
2026-10-06T10:57:43.536142Z,0.2800,1.00,yes
2026-10-06T10:57:43.536142Z,0.2700,5.00,yes
2026-10-06T10:57:43.536142Z,0.2800,1.00,yes
2026-10-06T10:57:43.536142Z,0.2800,2.00,yes
2026-10-06T10:57:43.536142Z,0.2700,4.00,yes
2026-10-06T10:57:43.536142Z,0.2800,1.00,yes
2026-10-06T10:57:43.536142Z,0.2700,2.00,yes
2026-10-06T10:57:43.536142Z,0.2700,6.77,yes
2026-10-06T10:57:43.536142Z,0.2800,1.00,yes
2026-10-06T10:57:43.536142Z,0.2700,1.00,yes
2026-10-06T10:57:43.536142Z,0.3000,1.00,yes
2026-10-06T10:57:43.536142Z,0.3200,1.00,yes
2026-10-06T10:57:43.536142Z,0.3300,1.00,yes
2026-10-06T10:57:43.536142Z,0.3100,75.00,yes
2026-10-06T10:57:43.536142Z,0.3300,8.49,yes
2026-10-06T10:57:43.536142Z,0.2900,2.00,yes
2026-10-06T10:57:43.536142Z,0.3200,68.00,yes
2026-10-06T10:57:43.536142Z,0.3200,41.00,yes
2026-10-06T10:57:46.573392Z,0.2800,0.01,yes
2026-10-06T10:57:46.573392Z,0.3000,15.85,yes
2026-10-06T10:57:49.178649Z,0.2800,0.01,yes
2026-10-06T10:57:49.178649Z,0.3000,15.85,yes
2026-10-06T10:57:49.178649Z,0.3300,163.51,yes
2026-10-06T10:57:49.178649Z,0.3100,8.00,yes
2026-10-06T10:57:49.178649Z,0.3200,6.00,yes
2026-10-06T10:57:49.178649Z,0.3200,1.00,yes
2026-10-06T10:57:49.178649Z,0.3300,51.65,yes
2026-10-06T10:57:49.178649Z,0.3000,12.15,yes
2026-10-06T10:57:49.178649Z,0.3000,2.00,yes
2026-10-06T10:57:49.178649Z,0.3200,3.00,yes
2026-10-06T10:57:49.178649Z,0.3100,4.00,yes
2026-10-06T10:57:49.178649Z,0.3300,4.00,yes
2026-10-06T10:57:49.178649Z,0.3000,6.00,yes
2026-10-06T10:57:49.178649Z,0.3300,8.00,yes
2026-10-06T10:57:49.178649Z,0.3200,8.73,yes
2026-10-06T10:57:50.199843Z,0.2800,0.01,yes
2026-10-06T10:57:50.199843Z,0.2900,22.96,yes
2026-10-06T10:57:53.357904Z,0.3300,1.00,yes
2026-10-06T10:57:53.357904Z,0.3000,5.00,yes
2026-10-06T10:57:53.357904Z,0.3300,173.00,yes
2026-10-06T10:57:53.357904Z,0.2900,0.01,yes
2026-10-06T10:57:53.357904Z,0.3200,8.30,yes
2026-10-06T10:57:53.357904Z,0.3200,2.00,yes
2026-10-06T10:57:53.357904Z,0.3200,5.00,yes
2026-10-06T10:57:53.357904Z,0.3200,4.00,yes
2026-10-06T10:57:53.357904Z,0.3100,5.00,yes
2026-10-06T10:57:53.357904Z,0.3300,111.00,yes
2026-10-06T10:57:53.357904Z,0.3300,5.00,yes
2026-10-06T10:57:53.357904Z,0.3100,0.01,yes
2026-10-06T10:57:53.357904Z,0.3200,1.00,yes
2026-10-06T10:57:53.357904Z,0.3300,2.00,yes
2026-10-06T10:57:53.357904Z,0.2900,4.04,yes
2026-10-06T10:57:53.357904Z,0.3000,1.00,yes
2026-10-06T10:57:53.357904Z,0.2900,4.00,yes
2026-10-06T10:57:53.357904Z,0.2800,0.01,yes
2026-10-06T10:57:53.357904Z,0.2900,2.00,yes
2026-10-06T10:57:53.357904Z,0.3100,2.00,yes
2026-10-06T10:57:53.357904Z,0.3400,6.00,yes
2026-10-06T10:57:53.357904Z,0.3400,3.69,yes
2026-10-06T10:57:53.357904Z,0.3400,6.00,yes
2026-10-06T10:57:53.357904Z,0.3400,47.07,yes
2026-10-06T10:57:53.357904Z,0.3300,17.00,yes
2026-10-06T10:57:56.886934Z,0.3100,6.12,yes
2026-10-06T10:57:56.886934Z,0.2800,0.01,yes
2026-10-06T10:58:02.584757Z,0.3000,1.00,yes
2026-10-06T10:58:02.584757Z,0.3200,30.00,yes
2026-10-06T10:58:02.584757Z,0.3300,3.00,yes
2026-10-06T10:58:02.584757Z,0.3100,1.00,yes
2026-10-06T10:58:02.584757Z,0.3100,1.00,yes
2026-10-06T10:58:02.584757Z,0.3300,1.00,yes
2026-10-06T10:58:02.584757Z,0.3300,111.00,yes
2026-10-06T10:58:02.584757Z,0.2900,0.01,yes
2026-10-06T10:58:02.584757Z,0.3000,5.00,yes
2026-10-06T10:58:02.584757Z,0.2900,0.01,yes
2026-10-06T10:58:02.584757Z,0.3000,0.01,yes
2026-10-06T10:58:02.584757Z,0.3000,0.01,yes
2026-10-06T10:58:02.584757Z,0.2800,0.01,yes
2026-10-06T10:58:02.584757Z,0.3300,2.00,yes
2026-10-06T10:58:02.584757Z,0.3200,0.01,yes
2026-10-06T10:58:02.584757Z,0.3100,0.01,yes
2026-10-06T10:58:02.584757Z,0.3200,1.00,yes
2026-10-06T10:58:02.584757Z,0.3200,5.81,yes
2026-10-06T10:58:02.584757Z,0.3200,1.00,yes
2026-10-06T10:58:02.584757Z,0.3300,183.00,yes
2026-10-06T10:58:02.584757Z,0.3100,1.00,yes
2026-10-06T10:58:02.584757Z,0.3300,1.00,yes
2026-10-06T10:58:02.584757Z,0.3300,7.00,yes
2026-10-06T10:58:02.584757Z,0.3400,219.29,yes
2026-10-06T10:58:03.301001Z,0.3100,2.00,yes
2026-10-06T10:58:03.301001Z,0.3100,0.01,yes
2026-10-06T10:58:03.301001Z,0.3100,1.00,yes
2026-10-06T10:58:03.301001Z,0.3100,30.00,yes
2026-10-06T10:58:03.301001Z,0.3100,5.00,yes
2026-10-06T10:58:03.349878Z,0.3200,1.00,yes
2026-10-06T10:58:03.349878Z,0.3200,1.00,yes
2026-10-06T10:58:07.061113Z,0.3200,0.23,no
2026-10-06T10:58:07.366447Z,0.3200,22.90,no
2026-10-06T10:58:07.366447Z,0.3200,0.77,no
2026-10-06T10:58:08.41703Z,0.3300,45.00,yes
2026-10-06T10:58:08.41703Z,0.3300,0.01,yes
2026-10-06T10:58:08.41703Z,0.3300,0.01,yes
2026-10-06T10:58:08.41703Z,0.3300,99.70,yes
2026-10-06T10:58:10.112416Z,0.3200,3852.00,no
2026-10-06T10:58:10.112416Z,0.3200,153.27,no
2026-10-06T10:58:10.112416Z,0.3200,477.10,no
2026-10-06T10:58:11.069862Z,0.3300,0.01,yes
2026-10-06T10:58:11.069862Z,0.3300,1.00,yes
2026-10-06T10:58:11.069862Z,0.3300,23.30,yes
2026-10-06T10:58:11.069862Z,0.3400,2.00,yes
2026-10-06T10:58:11.069862Z,0.3400,1.46,yes
2026-10-06T10:58:11.069862Z,0.3300,0.01,yes
2026-10-06T10:58:11.069862Z,0.3400,1.00,yes
2026-10-06T10:58:11.13057Z,0.3300,500.00,no
2026-10-06T10:58:11.13057Z,0.3300,112.00,no
2026-10-06T10:58:11.13057Z,0.3300,50.00,no
2026-10-06T10:58:11.13057Z,0.3300,37.00,no
2026-10-06T10:58:11.13057Z,0.3200,356.16,no
2026-10-06T10:58:11.13057Z,0.3200,34.73,no
2026-10-06T10:58:13.235411Z,0.3400,14.05,yes
2026-10-06T10:58:14.313085Z,0.3400,181.76,yes
2026-10-06T10:58:14.313085Z,0.3400,5.12,yes
2026-10-06T10:58:14.313085Z,0.3400,94.24,yes
2026-10-06T10:58:14.653877Z,0.3400,56.22,yes
2026-10-06T10:58:15.463787Z,0.3400,39.35,yes
2026-10-06T10:58:15.687715Z,0.3300,7.14,no
2026-10-06T10:58:18.504823Z,0.3400,28.92,yes
2026-10-06T10:58:19.619186Z,0.3400,0.01,yes
2026-10-06T10:58:19.619186Z,0.3400,0.01,yes
2026-10-06T10:58:19.619186Z,0.3400,10.00,yes
2026-10-06T10:58:19.619186Z,0.3400,2560.45,yes
2026-10-06T10:58:19.619186Z,0.3400,1269.75,yes
2026-10-06T10:58:21.233248Z,0.3500,3.40,yes
2026-10-06T10:58:21.233248Z,0.3500,2.00,yes
2026-10-06T10:58:21.233248Z,0.3500,1.00,yes
2026-10-06T10:58:21.233248Z,0.3500,6.60,yes
2026-10-06T10:58:21.233248Z,0.3500,1.00,yes
2026-10-06T10:58:21.233248Z,0.3500,3.00,yes
2026-10-06T10:58:21.233248Z,0.3500,1.00,yes
2026-10-06T10:58:21.233248Z,0.3500,8.00,yes
2026-10-06T10:58:21.233248Z,0.3500,1.00,yes
2026-10-06T10:58:21.238762Z,0.3500,0.08,yes
2026-10-06T10:58:21.960069Z,0.3500,0.02,yes
2026-10-06T10:58:22.232618Z,0.3500,546.56,yes
2026-10-06T10:58:25.479551Z,0.3400,20.12,no
2026-10-06T10:58:26.68628Z,0.3500,13.66,yes
2026-10-06T10:58:26.70918Z,0.3400,29.23,no
2026-10-06T10:58:27.384928Z,0.3500,8.19,yes
2026-10-06T10:58:27.910572Z,0.3500,54.65,yes
2026-10-06T10:58:28.608939Z,0.3500,35.41,yes
2026-10-06T10:58:31.292694Z,0.3500,273.28,yes
2026-10-06T10:58:32.420778Z,0.3500,497.36,yes
2026-10-06T10:58:32.620308Z,0.3500,16.39,yes
2026-10-06T10:58:36.974466Z,0.3500,27.32,yes
2026-10-06T10:58:42.742776Z,0.3600,1.00,yes
2026-10-06T10:58:42.742776Z,0.3700,10.04,yes
2026-10-06T10:58:42.742776Z,0.3600,29.00,yes
2026-10-06T10:58:42.742776Z,0.3500,0.01,yes
2026-10-06T10:58:42.742776Z,0.3500,0.01,yes
2026-10-06T10:58:42.742776Z,0.3600,1.00,yes
2026-10-06T10:58:42.742776Z,0.3700,1.00,yes
2026-10-06T10:58:42.742776Z,0.3700,3.00,yes
2026-10-06T10:58:42.742776Z,0.3600,2.00,yes
2026-10-06T10:58:42.742776Z,0.3600,4.00,yes
2026-10-06T10:58:42.742776Z,0.3700,2.00,yes
2026-10-06T10:58:42.742776Z,0.3600,1.00,yes
2026-10-06T10:58:42.742776Z,0.3600,1.00,yes
2026-10-06T10:58:42.742776Z,0.3700,1.00,yes
2026-10-06T10:58:42.742776Z,0.3700,1.00,yes
2026-10-06T10:58:42.742776Z,0.3700,1.00,yes
2026-10-06T10:58:42.742776Z,0.3600,1.00,yes
2026-10-06T10:58:42.742776Z,0.3700,1.00,yes
2026-10-06T10:58:42.742776Z,0.3700,1.00,yes
2026-10-06T10:58:42.742776Z,0.3600,1.00,yes
2026-10-06T10:58:42.742776Z,0.3600,1.00,yes
2026-10-06T10:58:42.742776Z,0.3600,1.00,yes
2026-10-06T10:58:42.742776Z,0.3700,1.00,yes
2026-10-06T10:58:44.684266Z,0.3800,14.20,yes
2026-10-06T10:58:44.684266Z,0.3800,1.00,yes
2026-10-06T10:58:44.684266Z,0.3700,1.00,yes
2026-10-06T10:58:44.684266Z,0.3700,1.00,yes
2026-10-06T10:58:44.684266Z,0.3800,1.00,yes
2026-10-06T10:58:44.684266Z,0.3800,1.00,yes
2026-10-06T10:58:44.684266Z,0.3800,1.00,yes
2026-10-06T10:58:46.968105Z,0.3900,1.00,yes
2026-10-06T10:58:46.968105Z,0.4000,5.27,yes
2026-10-06T10:58:46.968105Z,0.4000,1.00,yes
2026-10-06T10:58:46.968105Z,0.4000,1.00,yes
2026-10-06T10:58:46.968105Z,0.4000,1.00,yes
2026-10-06T10:58:46.968105Z,0.3800,1.00,yes
2026-10-06T10:58:46.968105Z,0.4000,21.88,yes
2026-10-06T10:58:46.968105Z,0.3800,1.00,yes
2026-10-06T10:58:46.968105Z,0.3900,1.00,yes
2026-10-06T10:58:46.968105Z,0.3900,1.00,yes
2026-10-06T10:58:46.968105Z,0.3900,1.00,yes
2026-10-06T10:58:47.587928Z,0.4000,1.00,yes
2026-10-06T10:58:47.587928Z,0.3800,1.00,yes
2026-10-06T10:58:47.587928Z,0.4000,4.87,yes
2026-10-06T10:58:47.587928Z,0.4000,195.22,yes
2026-10-06T10:58:47.587928Z,0.3900,1.00,yes
2026-10-06T10:58:47.587928Z,0.3800,1.00,yes
2026-10-06T10:58:47.587928Z,0.4000,7.12,yes
2026-10-06T10:58:47.587928Z,0.3900,1.00,yes
2026-10-06T10:58:47.587928Z,0.3900,1.00,yes
2026-10-06T10:58:47.587928Z,0.4000,21.88,yes
2026-10-06T10:58:47.587928Z,0.3900,5.00,yes
2026-10-06T10:58:49.346487Z,0.4000,29.00,yes
2026-10-06T10:58:49.346487Z,0.4000,1.00,yes
2026-10-06T10:58:49.346487Z,0.3900,1.00,yes
2026-10-06T10:58:49.346487Z,0.3900,1.00,yes
2026-10-06T10:58:49.346487Z,0.4000,143.41,yes
2026-10-06T10:58:49.346487Z,0.3800,1.00,yes
2026-10-06T10:58:49.346487Z,0.3800,1.00,yes
2026-10-06T10:58:49.346487Z,0.4000,1.00,yes
2026-10-06T10:58:49.972227Z,0.4100,1.00,yes
2026-10-06T10:58:49.972227Z,0.4100,1.00,yes
2026-10-06T10:58:49.972227Z,0.4200,1.00,yes
2026-10-06T10:58:49.972227Z,0.4100,1.00,yes
2026-10-06T10:58:49.972227Z,0.4100,1.00,yes
2026-10-06T10:58:49.972227Z,0.4100,1.00,yes
2026-10-06T10:58:49.972227Z,0.4200,1.00,yes
2026-10-06T10:58:49.972227Z,0.4200,528.96,yes
2026-10-06T10:58:49.972227Z,0.3900,5.00,yes
2026-10-06T10:58:49.972227Z,0.3900,1.00,yes
2026-10-06T10:58:49.972227Z,0.4000,400.00,yes
2026-10-06T10:58:49.972227Z,0.4000,1.00,yes
2026-10-06T10:58:49.972227Z,0.3800,1.00,yes
2026-10-06T10:58:49.972227Z,0.4000,29.00,yes
2026-10-06T10:58:49.972227Z,0.4100,50.00,yes
2026-10-06T10:58:49.972227Z,0.4100,146.11,yes
2026-10-06T10:58:50.87421Z,0.3300,6.12,no
2026-10-06T10:58:50.87421Z,0.3400,0.01,no
2026-10-06T10:58:50.87421Z,0.3400,38.00,no
2026-10-06T10:58:52.065076Z,0.4100,13.00,yes
2026-10-06T10:58:52.065076Z,0.4000,400.00,yes
2026-10-06T10:58:52.065076Z,0.4000,1.00,yes
2026-10-06T10:58:52.065076Z,0.3900,29.00,yes
2026-10-06T10:58:52.065076Z,0.4100,1.00,yes
2026-10-06T10:58:52.065076Z,0.3800,1.00,yes
2026-10-06T10:58:52.065076Z,0.3800,1.00,yes
2026-10-06T10:58:52.065076Z,0.3900,1.00,yes
2026-10-06T10:58:52.065076Z,0.4000,1.00,yes
2026-10-06T10:58:52.065076Z,0.3900,6.00,yes
2026-10-06T10:58:52.065076Z,0.4100,1.00,yes
2026-10-06T10:58:52.065076Z,0.3800,5.00,yes
2026-10-06T10:58:52.065076Z,0.4000,1.00,yes
2026-10-06T10:58:52.065076Z,0.4200,18.73,yes
2026-10-06T10:58:54.596458Z,0.3900,1.00,yes
2026-10-06T10:58:54.596458Z,0.4000,1.00,yes
2026-10-06T10:58:54.596458Z,0.4000,29.00,yes
2026-10-06T10:58:54.596458Z,0.4100,2.00,yes
2026-10-06T10:58:54.596458Z,0.3900,1.00,yes
2026-10-06T10:58:54.596458Z,0.4100,1.00,yes
2026-10-06T10:58:54.596458Z,0.4100,10.02,yes
2026-10-06T10:58:54.596458Z,0.4100,1.00,yes
2026-10-06T10:58:54.596458Z,0.4200,88.19,yes
2026-10-06T10:58:54.596458Z,0.4200,13.31,yes
2026-10-06T10:58:54.847962Z,0.4200,5.00,yes
2026-10-06T10:58:54.847962Z,0.4200,27.00,yes
2026-10-06T10:58:54.847962Z,0.4200,124.70,yes
2026-10-06T10:58:54.847962Z,0.4200,1.00,yes
2026-10-06T10:58:54.847962Z,0.4200,1.00,yes
2026-10-06T10:59:04.346038Z,0.3900,1.00,yes
2026-10-06T10:59:04.346038Z,0.4200,1.00,yes
2026-10-06T10:59:04.346038Z,0.4200,27.00,yes
2026-10-06T10:59:04.346038Z,0.4200,22.45,yes
2026-10-06T10:59:04.346038Z,0.3900,1.00,yes
2026-10-06T10:59:04.346038Z,0.4000,1.00,yes
2026-10-06T10:59:04.346038Z,0.4100,1.00,yes
2026-10-06T10:59:04.346038Z,0.4000,1.00,yes
2026-10-06T10:59:04.346038Z,0.4200,1.00,yes
2026-10-06T10:59:04.346038Z,0.4100,1.00,yes
2026-10-06T10:59:08.211458Z,0.4100,9.39,yes
2026-10-06T10:59:08.211458Z,0.4100,1.00,yes
2026-10-06T10:59:08.211458Z,0.4100,5.00,yes
2026-10-06T10:59:08.211458Z,0.4100,1.00,yes
2026-10-06T10:59:10.012104Z,0.3400,0.01,no
2026-10-06T10:59:10.012104Z,0.3400,24.00,no
2026-10-06T10:59:10.012104Z,0.3300,102.91,no
2026-10-06T10:59:11.50066Z,0.4000,2.39,yes
2026-10-06T10:59:11.658936Z,0.4000,2.61,yes
2026-10-06T10:59:11.658936Z,0.4000,1.00,yes
2026-10-06T10:59:11.658936Z,0.4000,1.00,yes
2026-10-06T10:59:11.658936Z,0.4000,26.58,yes
2026-10-06T10:59:12.240703Z,0.4000,1.00,yes
2026-10-06T10:59:12.240703Z,0.4000,5.00,yes
2026-10-06T10:59:12.240703Z,0.4000,2.00,yes
2026-10-06T10:59:14.95166Z,0.4100,0.01,yes
2026-10-06T10:59:14.95166Z,0.4100,0.01,yes
2026-10-06T10:59:14.95166Z,0.4200,1.00,yes
2026-10-06T10:59:14.95166Z,0.4200,1.00,yes
2026-10-06T10:59:14.95166Z,0.4200,1.94,yes
2026-10-06T10:59:15.75482Z,0.4200,22.21,yes
2026-10-06T10:59:15.845893Z,0.4200,11.44,yes
2026-10-06T10:59:16.095971Z,0.4200,11.44,yes
2026-10-06T10:59:16.624919Z,0.4200,1.00,yes
2026-10-06T10:59:16.624919Z,0.4200,1.00,yes
2026-10-06T10:59:16.624919Z,0.4200,52.00,yes
2026-10-06T10:59:16.624919Z,0.4300,553.10,yes
2026-10-06T10:59:16.624919Z,0.4300,1.00,yes
2026-10-06T10:59:16.624919Z,0.4300,1.00,yes
2026-10-06T10:59:16.624919Z,0.4300,1.00,yes
2026-10-06T10:59:16.624919Z,0.4200,513.97,yes
2026-10-06T10:59:17.268285Z,0.4300,14.46,yes
2026-10-06T10:59:17.268285Z,0.4300,7.90,yes
2026-10-06T10:59:18.354837Z,0.4300,0.07,yes
2026-10-06T10:59:18.354837Z,0.4300,1.00,yes
2026-10-06T10:59:18.354837Z,0.4300,1.00,yes
2026-10-06T10:59:18.380374Z,0.4300,52.93,yes
2026-10-06T10:59:18.396306Z,0.4300,1.00,yes
2026-10-06T10:59:18.396306Z,0.4300,1.00,yes
2026-10-06T10:59:18.838794Z,0.4400,54.00,yes
2026-10-06T10:59:18.838794Z,0.4400,374.79,yes
2026-10-06T10:59:18.838794Z,0.4400,0.01,yes
2026-10-06T10:59:18.838794Z,0.4400,0.01,yes
2026-10-06T10:59:18.838794Z,0.4400,1.00,yes
2026-10-06T10:59:21.044598Z,0.4400,54.00,yes
2026-10-06T10:59:21.044598Z,0.4500,1.00,yes
2026-10-06T10:59:21.044598Z,0.4500,228.60,yes
2026-10-06T10:59:22.308843Z,0.4500,19.68,yes
2026-10-06T10:59:22.339024Z,0.4300,65.00,no
2026-10-06T10:59:23.60356Z,0.4500,320.97,yes
2026-10-06T10:59:24.121642Z,0.4400,1.58,no
2026-10-06T10:59:25.704662Z,0.4300,87.07,no
2026-10-06T10:59:25.704662Z,0.4400,0.01,no
2026-10-06T10:59:28.31089Z,0.4500,137.16,yes
2026-10-06T10:59:28.31089Z,0.4500,1.00,yes
2026-10-06T10:59:28.31089Z,0.4500,930.75,yes
2026-10-06T10:59:28.31089Z,0.4500,1.00,yes
2026-10-06T10:59:31.315072Z,0.4500,42.79,yes
2026-10-06T10:59:32.099664Z,0.4500,10.69,yes
2026-10-06T10:59:32.164857Z,0.4500,677.36,yes
2026-10-06T10:59:32.164857Z,0.4500,392.55,yes
2026-10-06T10:59:32.37806Z,0.4300,263.43,no
2026-10-06T10:59:32.37806Z,0.4300,14.93,no
2026-10-06T10:59:32.411344Z,0.4300,42.78,no
2026-10-06T10:59:35.980068Z,0.4500,207.57,yes
2026-10-06T10:59:38.493611Z,0.4500,42.79,yes
2026-10-06T10:59:39.183499Z,0.4500,49.09,yes
2026-10-06T10:59:39.183499Z,0.4500,62.18,yes
2026-10-06T10:59:40.35028Z,0.4500,0.97,yes
2026-10-06T10:59:40.35028Z,0.4500,0.01,yes
2026-10-06T10:59:40.35028Z,0.4500,0.01,yes
2026-10-06T10:59:40.35028Z,0.4500,10.00,yes
2026-10-06T10:59:43.135994Z,0.4900,1.00,yes
2026-10-06T10:59:43.135994Z,0.5000,1.00,yes
2026-10-06T10:59:43.135994Z,0.4900,1.00,yes
2026-10-06T10:59:43.135994Z,0.4900,1.00,yes
2026-10-06T10:59:43.135994Z,0.5000,1.00,yes
2026-10-06T10:59:43.135994Z,0.5000,1.00,yes
2026-10-06T10:59:43.135994Z,0.4600,1.00,yes
2026-10-06T10:59:43.135994Z,0.4600,1.00,yes
2026-10-06T10:59:43.135994Z,0.4700,1.00,yes
2026-10-06T10:59:43.135994Z,0.4800,1.00,yes
2026-10-06T10:59:43.135994Z,0.4700,1.00,yes
2026-10-06T10:59:43.135994Z,0.4800,1.00,yes
2026-10-06T10:59:43.135994Z,0.4800,1.00,yes
2026-10-06T10:59:43.135994Z,0.4700,1.00,yes
2026-10-06T10:59:43.135994Z,0.4600,1.00,yes
2026-10-06T10:59:43.135994Z,0.4900,3.00,yes
2026-10-06T10:59:43.135994Z,0.4800,1.00,yes
2026-10-06T10:59:43.135994Z,0.5000,99.44,yes
2026-10-06T10:59:43.135994Z,0.4500,1.00,yes
2026-10-06T10:59:43.135994Z,0.4700,3.00,yes
2026-10-06T10:59:43.135994Z,0.4500,1.00,yes
2026-10-06T10:59:43.135994Z,0.4700,25.00,yes
2026-10-06T10:59:43.135994Z,0.4800,79.00,yes
2026-10-06T10:59:43.135994Z,0.4700,8.00,yes
2026-10-06T10:59:43.135994Z,0.4500,0.01,yes
2026-10-06T10:59:43.135994Z,0.4500,5.00,yes
2026-10-06T10:59:43.135994Z,0.4900,220.00,yes
2026-10-06T10:59:43.135994Z,0.4800,25.00,yes
2026-10-06T10:59:43.135994Z,0.4800,6.00,yes
2026-10-06T10:59:43.135994Z,0.4900,105.27,yes
2026-10-06T10:59:43.135994Z,0.4900,2.00,yes
2026-10-06T10:59:43.135994Z,0.4700,1.00,yes
2026-10-06T10:59:43.135994Z,0.5000,69.00,yes
2026-10-06T10:59:43.135994Z,0.5000,1500.00,yes
2026-10-06T10:59:43.135994Z,0.4900,1.00,yes
2026-10-06T10:59:43.135994Z,0.5000,1.00,yes
2026-10-06T10:59:43.135994Z,0.5000,50.00,yes
2026-10-06T10:59:43.135994Z,0.5000,40.00,yes
2026-10-06T10:59:43.135994Z,0.4900,1.00,yes
2026-10-06T10:59:43.135994Z,0.4900,1.00,yes
2026-10-06T10:59:43.135994Z,0.5000,561.00,yes
2026-10-06T10:59:45.729131Z,0.4900,1.00,yes
2026-10-06T10:59:45.729131Z,0.4900,57.64,yes
2026-10-06T10:59:45.729131Z,0.4800,1.00,yes
2026-10-06T10:59:45.729131Z,0.4900,28.00,yes
2026-10-06T10:59:45.729131Z,0.4800,5.00,yes
2026-10-06T10:59:45.729131Z,0.4900,5.00,yes
2026-10-06T10:59:45.729131Z,0.4800,1.00,yes
2026-10-06T10:59:48.160945Z,0.4400,0.01,no
2026-10-06T10:59:48.160945Z,0.4400,0.01,no
2026-10-06T10:59:48.884313Z,0.4400,2.18,yes
2026-10-06T10:59:51.270036Z,0.4600,63.00,yes
2026-10-06T10:59:51.270036Z,0.4700,82.00,yes
2026-10-06T10:59:51.270036Z,0.4900,1.00,yes
2026-10-06T10:59:51.270036Z,0.4800,25.00,yes
2026-10-06T10:59:51.270036Z,0.4800,1.00,yes
2026-10-06T10:59:51.270036Z,0.4800,1.00,yes
2026-10-06T10:59:51.270036Z,0.4900,4.00,yes
2026-10-06T10:59:51.270036Z,0.4800,5.00,yes
2026-10-06T10:59:51.270036Z,0.4800,142.82,yes
2026-10-06T10:59:51.270036Z,0.4600,1.00,yes
2026-10-06T10:59:51.270036Z,0.4700,3.00,yes
2026-10-06T10:59:51.270036Z,0.4700,1.00,yes
2026-10-06T10:59:51.270036Z,0.4500,3.00,yes
2026-10-06T10:59:51.270036Z,0.4700,1.00,yes
2026-10-06T10:59:51.270036Z,0.4800,163.73,yes
2026-10-06T10:59:51.270036Z,0.4800,5.33,yes
2026-10-06T10:59:51.270036Z,0.4600,1.00,yes
2026-10-06T10:59:51.270036Z,0.4600,1.00,yes
2026-10-06T10:59:51.270036Z,0.4500,6.00,yes
2026-10-06T10:59:51.270036Z,0.4600,1.00,yes
2026-10-06T10:59:51.270036Z,0.4600,1.00,yes
2026-10-06T10:59:51.270036Z,0.4900,23.74,yes
2026-10-06T10:59:51.270036Z,0.4400,0.01,yes
2026-10-06T10:59:51.270036Z,0.4700,1.00,yes
2026-10-06T10:59:51.270036Z,0.4700,1.00,yes
2026-10-06T10:59:51.270036Z,0.4500,1.00,yes
2026-10-06T10:59:51.270036Z,0.4600,1.00,yes
2026-10-06T10:59:51.270036Z,0.4400,151.31,yes
2026-10-06T10:59:51.270036Z,0.4400,1.00,yes
2026-10-06T10:59:51.270036Z,0.4600,1.00,yes
2026-10-06T10:59:51.270036Z,0.4500,1.00,yes
2026-10-06T10:59:52.123738Z,0.4300,0.01,no
2026-10-06T10:59:52.123738Z,0.4200,0.01,no
2026-10-06T10:59:52.128493Z,0.4100,0.01,no
2026-10-06T10:59:52.128493Z,0.4000,0.01,no
2026-10-06T10:59:52.128493Z,0.4000,7.98,no
2026-10-06T10:59:52.601134Z,0.4000,15.00,yes
2026-10-06T10:59:53.171581Z,0.3800,0.01,no
2026-10-06T10:59:53.171581Z,0.3900,0.01,no
2026-10-06T10:59:53.171581Z,0.3900,63.00,no
2026-10-06T10:59:53.171581Z,0.3900,100.00,no
2026-10-06T10:59:53.171581Z,0.3900,181.00,no
2026-10-06T10:59:53.171581Z,0.3800,36.00,no
2026-10-06T10:59:53.171581Z,0.3900,73.48,no
2026-10-06T10:59:53.171581Z,0.3800,500.00,no
2026-10-06T10:59:58.835367Z,0.3700,0.01,no
2026-10-06T10:59:58.835367Z,0.3700,22.96,no
2026-10-06T10:59:59.167583Z,0.3700,13.29,no
2026-10-06T11:00:01.012074Z,0.3800,1.00,yes
2026-10-06T11:00:01.012074Z,0.3800,184.00,yes
2026-10-06T11:00:01.012074Z,0.3800,1.00,yes
2026-10-06T11:00:01.012074Z,0.3800,46.50,yes
2026-10-06T11:00:01.012074Z,0.3900,107.56,yes
2026-10-06T11:00:01.012074Z,0.3800,10.00,yes
2026-10-06T11:00:01.256892Z,0.3800,68.09,yes
2026-10-06T11:00:03.094574Z,0.3700,300.00,no
2026-10-06T11:00:03.094574Z,0.3700,500.00,no
2026-10-06T11:00:06.219535Z,0.3800,1.00,yes
2026-10-06T11:00:06.219535Z,0.3800,1.00,yes
2026-10-06T11:00:06.219535Z,0.3800,73.66,yes
2026-10-06T11:00:06.906517Z,0.3700,170.00,no
2026-10-06T11:00:08.725714Z,0.3800,0.01,yes
2026-10-06T11:00:08.725714Z,0.3800,1.00,yes
2026-10-06T11:00:08.725714Z,0.3800,19.16,yes
2026-10-06T11:00:15.902447Z,0.4700,41.00,yes
2026-10-06T11:00:15.902447Z,0.4400,1.00,yes
2026-10-06T11:00:15.902447Z,0.4100,28.00,yes
2026-10-06T11:00:15.902447Z,0.4300,2.00,yes
2026-10-06T11:00:15.902447Z,0.4000,3.00,yes
2026-10-06T11:00:15.902447Z,0.4100,4.00,yes
2026-10-06T11:00:15.902447Z,0.4600,1.00,yes
2026-10-06T11:00:15.902447Z,0.4700,179.00,yes
2026-10-06T11:00:15.902447Z,0.4200,3.00,yes
2026-10-06T11:00:15.902447Z,0.4500,1.00,yes
2026-10-06T11:00:15.902447Z,0.4100,1.00,yes
2026-10-06T11:00:15.902447Z,0.4500,5.00,yes
2026-10-06T11:00:15.902447Z,0.4700,1.00,yes
2026-10-06T11:00:15.902447Z,0.4200,6.00,yes
2026-10-06T11:00:15.902447Z,0.4600,3.00,yes
2026-10-06T11:00:15.902447Z,0.4100,2.00,yes
2026-10-06T11:00:15.902447Z,0.4300,7.00,yes
2026-10-06T11:00:15.902447Z,0.4100,2.00,yes
2026-10-06T11:00:15.902447Z,0.4000,1.00,yes
2026-10-06T11:00:15.902447Z,0.4200,1.00,yes
2026-10-06T11:00:15.902447Z,0.4500,1.00,yes
2026-10-06T11:00:15.902447Z,0.4200,6.00,yes
2026-10-06T11:00:15.902447Z,0.4300,8.00,yes
2026-10-06T11:00:15.902447Z,0.4300,1.00,yes
2026-10-06T11:00:15.902447Z,0.4000,1.00,yes
2026-10-06T11:00:15.902447Z,0.4500,3.00,yes
2026-10-06T11:00:15.902447Z,0.4300,107.00,yes
2026-10-06T11:00:15.902447Z,0.4000,1.00,yes
2026-10-06T11:00:15.902447Z,0.4700,14.00,yes
2026-10-06T11:00:15.902447Z,0.4100,1.00,yes
2026-10-06T11:00:15.902447Z,0.4000,4.00,yes
2026-10-06T11:00:15.902447Z,0.4300,2.00,yes
2026-10-06T11:00:15.902447Z,0.4600,7.00,yes
2026-10-06T11:00:15.902447Z,0.4400,2.00,yes
2026-10-06T11:00:15.902447Z,0.4700,2.00,yes
2026-10-06T11:00:15.902447Z,0.4600,2.00,yes
2026-10-06T11:00:15.902447Z,0.4500,6.00,yes
2026-10-06T11:00:15.902447Z,0.4100,2.00,yes
2026-10-06T11:00:15.902447Z,0.4400,5.00,yes
2026-10-06T11:00:15.902447Z,0.4600,2.00,yes
2026-10-06T11:00:15.902447Z,0.4100,1.00,yes
2026-10-06T11:00:15.902447Z,0.3800,0.01,yes
2026-10-06T11:00:15.902447Z,0.4400,1.00,yes
2026-10-06T11:00:15.902447Z,0.4700,1.00,yes
2026-10-06T11:00:15.902447Z,0.4000,1.00,yes
2026-10-06T11:00:15.902447Z,0.3800,0.01,yes
2026-10-06T11:00:15.902447Z,0.4200,2.00,yes
2026-10-06T11:00:15.902447Z,0.4200,2.00,yes
2026-10-06T11:00:15.902447Z,0.4100,2.00,yes
2026-10-06T11:00:15.902447Z,0.3900,0.01,yes
2026-10-06T11:00:15.902447Z,0.3900,0.01,yes
2026-10-06T11:00:15.902447Z,0.4000,1.00,yes
2026-10-06T11:00:15.902447Z,0.4300,0.01,yes
2026-10-06T11:00:15.902447Z,0.4600,5.00,yes
2026-10-06T11:00:15.902447Z,0.4000,0.01,yes
2026-10-06T11:00:15.902447Z,0.4400,9.00,yes
2026-10-06T11:00:15.902447Z,0.4700,1.00,yes
2026-10-06T11:00:15.902447Z,0.4000,1.00,yes
2026-10-06T11:00:15.902447Z,0.4100,0.01,yes
2026-10-06T11:00:15.902447Z,0.4200,3.00,yes
2026-10-06T11:00:15.902447Z,0.4600,2.00,yes
2026-10-06T11:00:15.902447Z,0.4400,0.01,yes
2026-10-06T11:00:15.902447Z,0.4300,5.00,yes
2026-10-06T11:00:15.902447Z,0.4100,1.00,yes
2026-10-06T11:00:15.902447Z,0.4300,2.00,yes
2026-10-06T11:00:15.902447Z,0.4500,5.00,yes
2026-10-06T11:00:15.902447Z,0.4600,2.00,yes
2026-10-06T11:00:15.902447Z,0.4200,0.01,yes
2026-10-06T11:00:15.902447Z,0.4500,0.01,yes
2026-10-06T11:00:15.902447Z,0.4300,1.00,yes
2026-10-06T11:00:15.902447Z,0.4500,8.31,yes
2026-10-06T11:00:15.902447Z,0.4600,1.00,yes
2026-10-06T11:00:15.902447Z,0.4700,0.01,yes
2026-10-06T11:00:15.902447Z,0.4600,1.00,yes
2026-10-06T11:00:15.902447Z,0.4700,1.00,yes
2026-10-06T11:00:15.902447Z,0.4600,0.01,yes
2026-10-06T11:00:15.902447Z,0.4500,20.00,yes
2026-10-06T11:00:15.902447Z,0.4600,39.00,yes
2026-10-06T11:00:16.433565Z,0.3400,32.74,no
2026-10-06T11:00:16.433565Z,0.3700,0.01,no
2026-10-06T11:00:16.433565Z,0.3500,10.00,no
2026-10-06T11:00:16.433565Z,0.3400,0.01,no
2026-10-06T11:00:16.433565Z,0.3500,0.01,no
2026-10-06T11:00:16.433565Z,0.3600,0.01,no
2026-10-06T11:00:17.330193Z,0.4000,1.00,yes
2026-10-06T11:00:17.330193Z,0.4000,2.00,yes
2026-10-06T11:00:17.330193Z,0.4100,3.28,yes
2026-10-06T11:00:17.330193Z,0.4000,5.00,yes
2026-10-06T11:00:17.330193Z,0.4000,1.00,yes
2026-10-06T11:00:17.330193Z,0.4000,2.00,yes
2026-10-06T11:00:19.152285Z,0.4100,3.00,yes
2026-10-06T11:00:19.152285Z,0.4100,5.00,yes
2026-10-06T11:00:19.152285Z,0.4100,22.38,yes
2026-10-06T11:00:19.152285Z,0.4100,1.00,yes
2026-10-06T11:00:19.152285Z,0.4100,7.00,yes
2026-10-06T11:00:19.152285Z,0.4100,1.72,yes
2026-10-06T11:00:19.152285Z,0.4100,1.00,yes
2026-10-06T11:00:19.296903Z,0.3300,0.01,no
2026-10-06T11:00:19.296903Z,0.3300,33.83,no
2026-10-06T11:00:19.311844Z,0.3300,21.00,yes
2026-10-06T11:00:19.320235Z,0.3300,2.00,yes
2026-10-06T11:00:19.32883Z,0.3300,2.35,yes
2026-10-06T11:00:19.355814Z,0.4000,2.00,yes
2026-10-06T11:00:21.065777Z,0.3400,0.01,yes
2026-10-06T11:00:21.065777Z,0.3400,0.01,yes
2026-10-06T11:00:24.775923Z,0.4200,1.00,yes
2026-10-06T11:00:24.775923Z,0.4200,0.01,yes
2026-10-06T11:00:24.775923Z,0.4300,0.01,yes
2026-10-06T11:00:24.775923Z,0.4300,1.00,yes
2026-10-06T11:00:24.775923Z,0.4100,0.01,yes
2026-10-06T11:00:24.775923Z,0.3800,0.01,yes
2026-10-06T11:00:24.775923Z,0.4000,3.00,yes
2026-10-06T11:00:24.775923Z,0.4000,0.01,yes
2026-10-06T11:00:24.775923Z,0.4200,1.00,yes
2026-10-06T11:00:24.775923Z,0.4200,0.01,yes
2026-10-06T11:00:24.775923Z,0.4100,0.01,yes
2026-10-06T11:00:24.775923Z,0.4300,13.67,yes
2026-10-06T11:00:24.775923Z,0.4200,27.00,yes
2026-10-06T11:00:24.775923Z,0.4200,17.00,yes
2026-10-06T11:00:24.775923Z,0.4000,9.00,yes
2026-10-06T11:00:24.775923Z,0.4100,11.00,yes
2026-10-06T11:00:24.775923Z,0.4000,5.00,yes
2026-10-06T11:00:24.937052Z,0.4100,3.74,yes
2026-10-06T11:00:25.195386Z,0.3000,22.69,no
2026-10-06T11:00:25.195386Z,0.3200,0.01,no
2026-10-06T11:00:25.195386Z,0.3000,0.01,no
2026-10-06T11:00:25.195386Z,0.3100,0.01,no
2026-10-06T11:00:26.554018Z,0.4200,1.01,yes
2026-10-06T11:00:26.554018Z,0.4100,1.26,yes
2026-10-06T11:00:26.554018Z,0.4100,0.01,yes
2026-10-06T11:00:26.554018Z,0.4200,0.01,yes
2026-10-06T11:00:30.065014Z,0.3200,2.00,no
2026-10-06T11:00:30.065014Z,0.3200,0.01,no
2026-10-06T11:00:30.065014Z,0.3000,0.01,no
2026-10-06T11:00:30.087916Z,0.2800,1.98,no
2026-10-06T11:00:30.087916Z,0.2900,0.01,no
2026-10-06T11:00:30.087916Z,0.2800,0.01,no
2026-10-06T11:00:30.630193Z,0.2800,17.00,yes
2026-10-06T11:00:31.819259Z,0.2600,8.40,no
2026-10-06T11:00:31.819259Z,0.2700,0.01,no
2026-10-06T11:00:33.495518Z,0.2700,196.00,yes
2026-10-06T11:00:33.495518Z,0.2700,977.37,yes
2026-10-06T11:00:33.761902Z,0.2600,35.23,no
2026-10-06T11:00:36.575945Z,0.2700,154.63,yes
2026-10-06T11:00:36.575945Z,0.2700,197.73,yes
2026-10-06T11:00:36.854958Z,0.2700,10.57,yes
2026-10-06T11:00:37.478811Z,0.2700,3.52,yes
2026-10-06T11:00:37.871191Z,0.2700,17.61,yes
2026-10-06T11:00:37.903317Z,0.2600,456.37,no
2026-10-06T11:00:37.903317Z,0.2600,30.05,no
2026-10-06T11:00:37.903317Z,0.2600,36.00,no
2026-10-06T11:00:37.903317Z,0.2600,172.51,no
2026-10-06T11:00:37.903317Z,0.2600,0.01,no
2026-10-06T11:00:38.317912Z,0.2600,124.51,no
2026-10-06T11:00:38.588885Z,0.2600,20.20,no
2026-10-06T11:00:42.018144Z,0.2600,10.99,no
2026-10-06T11:00:42.087693Z,0.2700,6.51,yes
2026-10-06T11:00:42.186862Z,0.2700,352.36,yes
2026-10-06T11:00:43.584607Z,0.2700,10.57,yes
2026-10-06T11:00:44.141355Z,0.2600,216.56,no
2026-10-06T11:00:44.475643Z,0.2600,150.63,no
2026-10-06T11:00:44.475643Z,0.2600,471.69,no
2026-10-06T11:00:44.521169Z,0.2700,204.37,yes
2026-10-06T11:00:45.029434Z,0.2600,0.01,no
2026-10-06T11:00:45.029434Z,0.2600,70.34,no
2026-10-06T11:00:46.649427Z,0.2700,211.41,yes
2026-10-06T11:00:46.990266Z,0.2600,100.00,no
2026-10-06T11:00:46.990266Z,0.2600,0.01,no
2026-10-06T11:00:46.990266Z,0.2600,29.66,no
2026-10-06T11:00:46.990266Z,0.2500,415.14,no
2026-10-06T11:00:51.115873Z,0.2500,8.19,no
2026-10-06T11:00:52.262488Z,0.2600,19.27,yes
2026-10-06T11:00:56.279651Z,0.2600,73.13,yes
2026-10-06T11:00:58.281266Z,0.2500,21.39,no
2026-10-06T11:00:58.513757Z,0.2600,315.68,yes
2026-10-06T11:00:59.484106Z,0.2500,7.99,no
2026-10-06T11:00:59.943039Z,0.2600,18.28,yes
2026-10-06T11:01:01.741252Z,0.2600,18.28,yes
2026-10-06T11:01:02.244023Z,0.2600,0.73,yes
2026-10-06T11:01:05.125269Z,0.2600,3.65,yes
2026-10-06T11:01:13.083604Z,0.2000,0.01,no
2026-10-06T11:01:13.083604Z,0.1900,0.01,no
2026-10-06T11:01:13.083604Z,0.1800,0.01,no
2026-10-06T11:01:13.083604Z,0.1700,0.01,no
2026-10-06T11:01:13.083604Z,0.2100,0.01,no
2026-10-06T11:01:13.083604Z,0.2400,0.01,no
2026-10-06T11:01:13.083604Z,0.2500,0.01,no
2026-10-06T11:01:13.083604Z,0.2300,0.01,no
2026-10-06T11:01:13.083604Z,0.2200,0.01,no
2026-10-06T11:01:13.083604Z,0.1600,26.82,no
2026-10-06T11:01:13.083604Z,0.1900,2.00,no
2026-10-06T11:01:13.083604Z,0.1600,0.01,no
2026-10-06T11:01:13.245954Z,0.2600,0.97,yes
2026-10-06T11:01:13.245954Z,0.2600,0.01,yes
2026-10-06T11:01:13.245954Z,0.2600,0.01,yes
2026-10-06T11:01:15.10011Z,0.3100,20.61,yes
2026-10-06T11:01:15.10011Z,0.2700,0.01,yes
2026-10-06T11:01:15.10011Z,0.2800,0.01,yes
2026-10-06T11:01:15.10011Z,0.3100,0.01,yes
2026-10-06T11:01:15.10011Z,0.2900,0.01,yes
2026-10-06T11:01:15.10011Z,0.2700,0.01,yes
2026-10-06T11:01:15.10011Z,0.3000,0.01,yes
2026-10-06T11:01:15.10011Z,0.2800,1.00,yes
2026-10-06T11:01:15.10011Z,0.3000,0.01,yes
2026-10-06T11:01:15.10011Z,0.2900,0.01,yes
2026-10-06T11:01:15.10011Z,0.3100,0.01,yes
2026-10-06T11:01:15.10011Z,0.2600,4.03,yes
2026-10-06T11:01:15.10011Z,0.2600,0.01,yes
2026-10-06T11:01:15.10011Z,0.3000,5.00,yes
2026-10-06T11:01:15.10011Z,0.3000,28.00,yes
2026-10-06T11:01:15.10011Z,0.3100,96.82,yes
2026-10-06T11:01:18.202919Z,0.1600,28.24,no
2026-10-06T11:01:18.202919Z,0.1800,0.01,no
2026-10-06T11:01:18.202919Z,0.1600,0.01,no
2026-10-06T11:01:18.202919Z,0.1900,1.00,no
2026-10-06T11:01:18.202919Z,0.1700,0.01,no
2026-10-06T11:01:18.202919Z,0.1900,0.01,no
2026-10-06T11:01:19.517383Z,0.3100,5.00,yes
2026-10-06T11:01:19.517383Z,0.3300,2.00,yes
2026-10-06T11:01:19.517383Z,0.2800,5.00,yes
2026-10-06T11:01:19.517383Z,0.3100,0.01,yes
2026-10-06T11:01:19.517383Z,0.2800,0.01,yes
2026-10-06T11:01:19.517383Z,0.3000,0.01,yes
2026-10-06T11:01:19.517383Z,0.3200,0.01,yes
2026-10-06T11:01:19.517383Z,0.3300,0.01,yes
2026-10-06T11:01:19.517383Z,0.3300,1.00,yes
2026-10-06T11:01:19.517383Z,0.3200,0.01,yes
2026-10-06T11:01:19.517383Z,0.3300,2.41,yes
2026-10-06T11:01:19.921563Z,0.1500,15.00,no
2026-10-06T11:01:19.921563Z,0.1500,47.00,no
2026-10-06T11:01:19.921563Z,0.1500,6.00,no
2026-10-06T11:01:19.921563Z,0.1600,0.01,no
2026-10-06T11:01:19.921563Z,0.1500,0.01,no
2026-10-06T11:01:19.936055Z,0.1500,42.00,yes
2026-10-06T11:01:23.266756Z,0.1500,2.00,yes
2026-10-06T11:01:23.283709Z,0.1500,314.61,yes
2026-10-06T11:01:27.553572Z,0.1300,1527.90,no
2026-10-06T11:01:27.553572Z,0.1400,0.01,no
2026-10-06T11:01:28.008574Z,0.1300,75.66,no
2026-10-06T11:01:28.212592Z,0.1300,428.11,no
2026-10-06T11:01:28.914316Z,0.1300,392.87,no
2026-10-06T11:01:28.914316Z,0.1300,453.33,no
2026-10-06T11:01:28.914316Z,0.1300,0.01,no
2026-10-06T11:01:28.914316Z,0.1300,500.00,no
2026-10-06T11:01:30.378061Z,0.1300,19.68,no
2026-10-06T11:01:31.235269Z,0.1300,44.13,no
2026-10-06T11:01:31.295856Z,0.1300,100.00,no
2026-10-06T11:01:31.295856Z,0.1300,865.59,no
2026-10-06T11:01:31.295856Z,0.1300,104.32,no
2026-10-06T11:01:32.34009Z,0.1300,0.01,no
2026-10-06T11:01:32.34009Z,0.1200,655.00,no
2026-10-06T11:01:32.34009Z,0.1200,1.00,no
2026-10-06T11:01:32.34009Z,0.1200,500.00,no
2026-10-06T11:01:32.34009Z,0.1200,0.01,no
2026-10-06T11:01:32.34009Z,0.1200,500.00,no
2026-10-06T11:01:32.34009Z,0.1200,734.63,no
2026-10-06T11:01:33.79455Z,0.1200,3728.21,no
2026-10-06T11:01:33.79455Z,0.1200,112.01,no
2026-10-06T11:01:34.665793Z,0.1300,362.53,yes
2026-10-06T11:01:34.674909Z,0.1200,2.29,no
2026-10-06T11:01:35.496047Z,0.1300,1.45,yes
2026-10-06T11:01:35.853829Z,0.1300,36.25,yes
2026-10-06T11:01:36.638345Z,0.1300,65.25,yes
2026-10-06T11:01:38.688776Z,0.1300,3340.52,yes
2026-10-06T11:01:38.688776Z,0.1300,284.84,yes
2026-10-06T11:01:40.722233Z,0.1300,36.25,yes
2026-10-06T11:01:41.936061Z,0.1300,36.25,yes
2026-10-06T11:01:43.564767Z,0.1300,304.53,yes
2026-10-06T11:01:43.739015Z,0.1300,67.37,yes
2026-10-06T11:01:43.867004Z,0.1300,336.86,yes
2026-10-06T11:01:45.09523Z,0.1300,33.26,yes
2026-10-06T11:01:52.903664Z,0.1500,13.73,yes
2026-10-06T11:01:52.903664Z,0.1500,5.00,yes
2026-10-06T11:01:52.903664Z,0.1300,0.01,yes
2026-10-06T11:01:52.903664Z,0.1400,0.01,yes
2026-10-06T11:01:52.903664Z,0.1400,0.01,yes
2026-10-06T11:01:52.903664Z,0.1300,0.01,yes
2026-10-06T11:01:52.903664Z,0.1500,0.01,yes
2026-10-06T11:01:52.903664Z,0.1500,0.01,yes
2026-10-06T11:01:53.977009Z,0.1000,1.00,no
2026-10-06T11:01:53.977009Z,0.0600,32.61,no
2026-10-06T11:01:53.977009Z,0.1000,1.00,no
2026-10-06T11:01:53.977009Z,0.0600,0.01,no
2026-10-06T11:01:53.977009Z,0.0700,0.01,no
2026-10-06T11:01:53.977009Z,0.0800,0.01,no
2026-10-06T11:01:53.977009Z,0.1200,0.01,no
2026-10-06T11:01:53.977009Z,0.0900,0.01,no
2026-10-06T11:01:53.977009Z,0.1100,0.01,no
2026-10-06T11:01:53.977009Z,0.1000,0.01,no
2026-10-06T11:01:53.977009Z,0.0900,1.00,no
2026-10-06T11:01:55.805654Z,0.1500,8.00,yes
2026-10-06T11:01:55.805654Z,0.1600,10.00,yes
2026-10-06T11:01:55.805654Z,0.2000,5.00,yes
2026-10-06T11:01:55.805654Z,0.1700,14.00,yes
2026-10-06T11:01:55.805654Z,0.2100,9.00,yes
2026-10-06T11:01:55.805654Z,0.1700,2.00,yes
2026-10-06T11:01:55.805654Z,0.2200,5.00,yes
2026-10-06T11:01:55.805654Z,0.1900,11.00,yes
2026-10-06T11:01:55.805654Z,0.1400,0.01,yes
2026-10-06T11:01:55.805654Z,0.1500,0.01,yes
2026-10-06T11:01:55.805654Z,0.1400,5.00,yes
2026-10-06T11:01:55.805654Z,0.1400,0.01,yes
2026-10-06T11:01:55.805654Z,0.1400,1.00,yes
2026-10-06T11:01:55.805654Z,0.1500,5.00,yes
2026-10-06T11:01:55.805654Z,0.1500,0.01,yes
2026-10-06T11:01:55.805654Z,0.1500,0.01,yes
2026-10-06T11:01:55.805654Z,0.1800,0.01,yes
2026-10-06T11:01:55.805654Z,0.2000,3.00,yes
2026-10-06T11:01:55.805654Z,0.1900,2.00,yes
2026-10-06T11:01:55.805654Z,0.2400,2.00,yes
2026-10-06T11:01:55.805654Z,0.2000,0.01,yes
2026-10-06T11:01:55.805654Z,0.1700,0.01,yes
2026-10-06T11:01:55.805654Z,0.2300,4.00,yes
2026-10-06T11:01:55.805654Z,0.1800,11.00,yes
2026-10-06T11:01:55.805654Z,0.2200,0.01,yes
2026-10-06T11:01:55.805654Z,0.2300,0.01,yes
2026-10-06T11:01:55.805654Z,0.1600,0.01,yes
2026-10-06T11:01:55.805654Z,0.1900,17.00,yes
2026-10-06T11:01:55.805654Z,0.2400,0.01,yes
2026-10-06T11:01:55.805654Z,0.2200,0.01,yes
2026-10-06T11:01:55.805654Z,0.2100,0.01,yes
2026-10-06T11:01:55.805654Z,0.2100,0.01,yes
2026-10-06T11:01:55.805654Z,0.1900,0.01,yes
2026-10-06T11:01:55.805654Z,0.1700,0.01,yes
2026-10-06T11:01:55.805654Z,0.1900,31.00,yes
2026-10-06T11:01:55.805654Z,0.2400,148.28,yes
2026-10-06T11:01:55.805654Z,0.2300,195.00,yes
2026-10-06T11:01:55.805654Z,0.2000,122.00,yes
2026-10-06T11:01:55.805654Z,0.2400,213.00,yes
2026-10-06T11:01:55.805654Z,0.1800,0.01,yes
2026-10-06T11:01:55.805654Z,0.1600,0.01,yes
2026-10-06T11:01:55.805654Z,0.2300,24.64,yes
2026-10-06T11:01:55.805654Z,0.2000,1.00,yes
2026-10-06T11:01:55.910863Z,0.0700,1.00,no
2026-10-06T11:01:55.910863Z,0.0600,46.00,no
2026-10-06T11:01:55.910863Z,0.0200,33.61,no
2026-10-06T11:01:55.910863Z,0.0800,1.00,no
2026-10-06T11:01:55.910863Z,0.0500,6.00,no
2026-10-06T11:01:55.910863Z,0.0900,1.00,no
2026-10-06T11:01:55.910863Z,0.0400,10.00,no
2026-10-06T11:01:55.910863Z,0.0700,0.01,no
2026-10-06T11:01:55.910863Z,0.0300,196.00,no
2026-10-06T11:01:55.910863Z,0.0400,1.00,no
2026-10-06T11:01:55.910863Z,0.0600,0.01,no
2026-10-06T11:01:55.910863Z,0.0800,0.01,no
2026-10-06T11:01:55.910863Z,0.0300,0.01,no
2026-10-06T11:01:55.910863Z,0.0400,0.01,no
2026-10-06T11:01:55.910863Z,0.0500,0.01,no
2026-10-06T11:01:55.910863Z,0.0200,0.01,no
2026-10-06T11:01:55.910863Z,0.0500,20.00,no
2026-10-06T11:01:57.027574Z,0.1100,4.36,yes
2026-10-06T11:02:00.187409Z,0.0900,130.69,no
2026-10-06T11:02:00.187409Z,0.0900,1.00,no
2026-10-06T11:02:00.187409Z,0.1000,0.01,no
2026-10-06T11:02:00.187409Z,0.0900,0.01,no
2026-10-06T11:02:00.187409Z,0.0900,1.00,no
2026-10-06T11:02:00.187409Z,0.0900,217.35,no
2026-10-06T11:02:02.112822Z,0.1100,17.02,yes
2026-10-06T11:02:02.112822Z,0.1000,0.01,yes
2026-10-06T11:02:03.361004Z,0.0800,1.00,no
2026-10-06T11:02:03.361004Z,0.0600,0.01,no
2026-10-06T11:02:03.361004Z,0.0700,0.01,no
2026-10-06T11:02:03.361004Z,0.0800,0.01,no
2026-10-06T11:02:03.361004Z,0.0500,0.01,no
2026-10-06T11:02:03.361004Z,0.0300,34.67,no
2026-10-06T11:02:03.361004Z,0.0400,0.01,no
2026-10-06T11:02:03.361004Z,0.0900,0.01,no
2026-10-06T11:02:03.361004Z,0.0900,1.00,no
2026-10-06T11:02:03.361004Z,0.0400,52.00,no
2026-10-06T11:02:03.361004Z,0.1000,0.01,no
2026-10-06T11:02:04.208682Z,0.1400,5.00,yes
2026-10-06T11:02:04.208682Z,0.1400,12.00,yes
2026-10-06T11:02:04.208682Z,0.1500,14.00,yes
2026-10-06T11:02:04.208682Z,0.1000,1.00,yes
2026-10-06T11:02:04.208682Z,0.1600,32.00,yes
2026-10-06T11:02:04.208682Z,0.1600,2.00,yes
2026-10-06T11:02:04.208682Z,0.1700,4.55,yes
2026-10-06T11:02:04.208682Z,0.1700,0.01,yes
2026-10-06T11:02:04.208682Z,0.1700,5.00,yes
2026-10-06T11:02:04.208682Z,0.1200,5.00,yes
2026-10-06T11:02:04.208682Z,0.1600,0.01,yes
2026-10-06T11:02:04.208682Z,0.1400,0.01,yes
2026-10-06T11:02:04.208682Z,0.1700,0.01,yes
2026-10-06T11:02:04.208682Z,0.1200,0.01,yes
2026-10-06T11:02:04.208682Z,0.1600,0.01,yes
2026-10-06T11:02:04.208682Z,0.1300,0.01,yes
2026-10-06T11:02:04.208682Z,0.1500,2.00,yes
2026-10-06T11:02:04.208682Z,0.1100,0.01,yes
2026-10-06T11:02:04.208682Z,0.1500,0.01,yes
2026-10-06T11:02:04.208682Z,0.1400,0.01,yes
2026-10-06T11:02:04.21297Z,0.0700,3.96,no
2026-10-06T11:02:04.230136Z,0.0900,1.00,yes
2026-10-06T11:02:06.293739Z,0.0900,0.01,yes
2026-10-06T11:02:06.293739Z,0.1200,0.01,yes
2026-10-06T11:02:06.293739Z,0.1600,0.01,yes
2026-10-06T11:02:06.293739Z,0.1600,7.00,yes
2026-10-06T11:02:06.293739Z,0.1600,4.66,yes
2026-10-06T11:02:06.293739Z,0.1600,0.01,yes
2026-10-06T11:02:09.836513Z,0.1600,0.01,yes
2026-10-06T11:02:09.836513Z,0.1600,0.60,yes
2026-10-06T11:02:09.836513Z,0.1600,0.01,yes
2026-10-06T11:02:09.836513Z,0.1600,5.00,yes
2026-10-06T11:02:09.836513Z,0.1600,5.00,yes
2026-10-06T11:02:09.999645Z,0.1600,2.40,yes
2026-10-06T11:02:09.999645Z,0.1600,9.40,yes
2026-10-06T11:02:14.073551Z,0.1800,0.01,yes
2026-10-06T11:02:14.073551Z,0.1900,0.01,yes
2026-10-06T11:02:14.073551Z,0.2000,0.01,yes
2026-10-06T11:02:14.073551Z,0.1800,0.01,yes
2026-10-06T11:02:14.073551Z,0.1900,0.01,yes
2026-10-06T11:02:14.073551Z,0.2000,0.01,yes
2026-10-06T11:02:14.073551Z,0.1700,0.01,yes
2026-10-06T11:02:14.073551Z,0.1700,5.00,yes
2026-10-06T11:02:14.073551Z,0.2000,4.12,yes
2026-10-06T11:02:14.073551Z,0.1600,2.00,yes
2026-10-06T11:02:14.073551Z,0.1600,1.00,yes
2026-10-06T11:02:14.073551Z,0.1900,4.00,yes
2026-10-06T11:02:14.073551Z,0.1800,5.00,yes
2026-10-06T11:02:14.073551Z,0.1900,1.00,yes
2026-10-06T11:02:14.073551Z,0.1600,2.60,yes
2026-10-06T11:02:14.073551Z,0.1600,0.01,yes
2026-10-06T11:02:16.523072Z,0.2100,1.58,yes
2026-10-06T11:02:16.523072Z,0.2000,5.00,yes
2026-10-06T11:02:16.523072Z,0.2000,2.00,yes
2026-10-06T11:02:16.523072Z,0.1900,5.00,yes
2026-10-06T11:02:16.523072Z,0.2000,1.00,yes
2026-10-06T11:02:16.523072Z,0.2000,7.00,yes
2026-10-06T11:02:16.523072Z,0.1900,10.00,yes
2026-10-06T11:02:16.523072Z,0.1900,2.00,yes
2026-10-06T11:02:16.523072Z,0.2000,1.00,yes
2026-10-06T11:02:16.523072Z,0.1900,5.00,yes
2026-10-06T11:02:16.523072Z,0.1900,5.00,yes
2026-10-06T11:02:16.523072Z,0.2000,27.00,yes
2026-10-06T11:02:16.523072Z,0.2100,0.01,yes
2026-10-06T11:02:16.523072Z,0.2100,0.01,yes
2026-10-06T11:02:19.202291Z,0.1900,5.00,yes
2026-10-06T11:02:19.202291Z,0.1900,1.00,yes
2026-10-06T11:02:19.202291Z,0.1900,4.00,yes
2026-10-06T11:02:19.202291Z,0.2000,0.01,yes
2026-10-06T11:02:19.202291Z,0.1900,0.01,yes
2026-10-06T11:02:19.202291Z,0.2000,0.01,yes
2026-10-06T11:02:19.202291Z,0.1900,3.00,yes
2026-10-06T11:02:19.202291Z,0.2000,1.61,yes
2026-10-06T11:02:24.175891Z,0.1900,1.00,yes
2026-10-06T11:02:24.175891Z,0.1900,1.99,yes
2026-10-06T11:02:24.175891Z,0.1900,1.00,yes
2026-10-06T11:02:24.175891Z,0.1900,1.00,yes
2026-10-06T11:02:24.175891Z,0.1900,1.00,yes
2026-10-06T11:02:24.175891Z,0.1900,5.00,yes
2026-10-06T11:02:24.175891Z,0.1900,0.01,yes
2026-10-06T11:02:24.175891Z,0.1900,4.00,yes
2026-10-06T11:02:24.175891Z,0.1900,3.00,yes
2026-10-06T11:02:24.184176Z,0.1900,0.01,yes
2026-10-06T11:02:24.184176Z,0.2000,2.00,yes
2026-10-06T11:02:24.184176Z,0.2000,1.00,yes
2026-10-06T11:02:24.184176Z,0.2000,1.00,yes
2026-10-06T11:02:24.184176Z,0.2000,2.00,yes
2026-10-06T11:02:24.184176Z,0.2000,7.00,yes
2026-10-06T11:02:24.184176Z,0.2000,1.00,yes
2026-10-06T11:02:24.184176Z,0.2000,3.39,yes
2026-10-06T11:02:24.184176Z,0.2000,0.01,yes
2026-10-06T11:02:24.211402Z,0.2000,3.92,yes
2026-10-06T11:02:24.531686Z,0.2000,5.00,yes
2026-10-06T11:02:24.679838Z,0.2100,0.97,yes
2026-10-06T11:02:24.679838Z,0.2100,0.01,yes
2026-10-06T11:02:24.679838Z,0.2100,0.01,yes
2026-10-06T11:02:24.679838Z,0.2100,0.01,yes
2026-10-06T11:02:24.704705Z,0.2100,1.00,yes
2026-10-06T11:02:24.704705Z,0.2100,1.00,yes
2026-10-06T11:02:24.704705Z,0.2100,16.03,yes
2026-10-06T11:02:27.226949Z,0.2100,0.45,no
2026-10-06T11:02:27.226949Z,0.2100,1.00,no
2026-10-06T11:02:27.401526Z,0.2300,1.00,yes
2026-10-06T11:02:27.401526Z,0.2300,1.00,yes
2026-10-06T11:02:27.401526Z,0.2300,2.00,yes
2026-10-06T11:02:27.401526Z,0.2300,3.32,yes
2026-10-06T11:02:27.401526Z,0.2300,0.01,yes
2026-10-06T11:02:27.401526Z,0.2200,0.01,yes
2026-10-06T11:02:27.401526Z,0.2300,0.01,yes
2026-10-06T11:02:27.401526Z,0.2200,0.01,yes
2026-10-06T11:02:28.563769Z,0.2300,0.01,yes
2026-10-06T11:02:28.563769Z,0.2300,10.00,yes
2026-10-06T11:02:28.563769Z,0.2400,0.01,yes
2026-10-06T11:02:28.563769Z,0.2400,0.01,yes
2026-10-06T11:02:28.563769Z,0.2400,243.94,yes
2026-10-06T11:02:28.563769Z,0.2400,1.00,yes
2026-10-06T11:02:30.236948Z,0.2400,18.71,yes
2026-10-06T11:02:30.236948Z,0.2400,0.01,yes
2026-10-06T11:02:30.236948Z,0.2400,1.06,yes
2026-10-06T11:02:33.088459Z,0.2400,164.29,yes
2026-10-06T11:02:33.088459Z,0.2400,0.01,yes
2026-10-06T11:02:33.088459Z,0.2400,311.00,yes
2026-10-06T11:02:33.088459Z,0.2400,264.49,yes
2026-10-06T11:02:33.088459Z,0.2400,0.01,yes
2026-10-06T11:02:34.921323Z,0.2400,122.64,yes
2026-10-06T11:02:35.413728Z,0.2400,391.66,yes
2026-10-06T11:02:39.671984Z,0.2300,67.20,no
2026-10-06T11:02:41.00001Z,0.2400,35.60,yes
2026-10-06T11:02:41.349997Z,0.2400,40.35,yes
2026-10-06T11:02:42.55296Z,0.2400,691.26,yes
2026-10-06T11:02:42.55296Z,0.2400,10.00,yes
2026-10-06T11:02:42.55296Z,0.2400,0.01,yes
2026-10-06T11:02:42.55296Z,0.2400,0.01,yes
2026-10-06T11:02:42.55296Z,0.2400,174.00,yes
2026-10-06T11:02:42.55296Z,0.2400,707.19,yes
2026-10-06T11:02:44.077912Z,0.2400,27.89,yes
2026-10-06T11:02:51.281307Z,0.2400,197.80,yes
2026-10-06T11:02:54.082816Z,0.2400,1.02,yes
2026-10-06T11:02:54.099377Z,0.2400,19.78,yes
2026-10-06T11:03:00.738412Z,0.3100,29.58,yes
2026-10-06T11:03:00.738412Z,0.2500,10.00,yes
2026-10-06T11:03:00.738412Z,0.3100,0.01,yes
2026-10-06T11:03:00.738412Z,0.3000,0.01,yes
2026-10-06T11:03:00.738412Z,0.2900,0.01,yes
2026-10-06T11:03:00.738412Z,0.2800,0.01,yes
2026-10-06T11:03:00.738412Z,0.3000,0.01,yes
2026-10-06T11:03:00.738412Z,0.3100,0.01,yes
2026-10-06T11:03:00.738412Z,0.2900,4.00,yes
2026-10-06T11:03:00.738412Z,0.2700,0.01,yes
2026-10-06T11:03:00.738412Z,0.2900,0.01,yes
2026-10-06T11:03:00.738412Z,0.2600,0.01,yes
2026-10-06T11:03:00.738412Z,0.2700,0.01,yes
2026-10-06T11:03:00.738412Z,0.2500,0.01,yes
2026-10-06T11:03:00.738412Z,0.2600,0.01,yes
2026-10-06T11:03:00.738412Z,0.2500,0.01,yes
2026-10-06T11:03:00.738412Z,0.2800,0.01,yes
2026-10-06T11:03:01.050827Z,0.3200,75.00,yes
2026-10-06T11:03:01.050827Z,0.2700,1.00,yes
2026-10-06T11:03:01.050827Z,0.3200,5.00,yes
2026-10-06T11:03:01.050827Z,0.3100,25.00,yes
2026-10-06T11:03:01.050827Z,0.3200,30.00,yes
2026-10-06T11:03:01.050827Z,0.3200,6.00,yes
2026-10-06T11:03:01.050827Z,0.3200,0.01,yes
2026-10-06T11:03:01.050827Z,0.3200,0.01,yes
2026-10-06T11:03:03.308344Z,0.2700,0.01,yes
2026-10-06T11:03:03.308344Z,0.2700,1.00,yes
2026-10-06T11:03:03.308344Z,0.2700,2.99,yes
2026-10-06T11:03:03.930945Z,0.1500,14.97,no
2026-10-06T11:03:03.930945Z,0.2100,10.00,no
2026-10-06T11:03:03.930945Z,0.1700,0.01,no
2026-10-06T11:03:03.930945Z,0.1600,0.01,no
2026-10-06T11:03:03.930945Z,0.1800,0.01,no
2026-10-06T11:03:03.930945Z,0.2000,0.01,no
2026-10-06T11:03:03.930945Z,0.1500,0.01,no
2026-10-06T11:03:03.930945Z,0.2100,0.01,no
2026-10-06T11:03:03.930945Z,0.1900,0.01,no
2026-10-06T11:03:03.930945Z,0.2200,0.01,no
2026-10-06T11:03:03.930945Z,0.2300,0.01,no
2026-10-06T11:03:03.930945Z,0.2400,0.01,no
2026-10-06T11:03:05.166574Z,0.2900,10.67,yes
2026-10-06T11:03:05.166574Z,0.2800,6.00,yes
2026-10-06T11:03:05.166574Z,0.2900,6.00,yes
2026-10-06T11:03:05.166574Z,0.2900,1.00,yes
2026-10-06T11:03:05.166574Z,0.2700,4.01,yes
2026-10-06T11:03:05.166574Z,0.2800,1.00,yes
2026-10-06T11:03:05.166574Z,0.2700,4.00,yes
2026-10-06T11:03:05.166574Z,0.2700,1.00,yes
2026-10-06T11:03:06.319327Z,0.3500,168.00,yes
2026-10-06T11:03:06.319327Z,0.3400,0.01,yes
2026-10-06T11:03:06.319327Z,0.3500,130.00,yes
2026-10-06T11:03:06.319327Z,0.3600,1416.15,yes
2026-10-06T11:03:06.319327Z,0.3300,0.01,yes
2026-10-06T11:03:06.319327Z,0.3300,0.01,yes
2026-10-06T11:03:06.319327Z,0.3200,3.00,yes
2026-10-06T11:03:06.319327Z,0.3500,80.00,yes
2026-10-06T11:03:06.319327Z,0.2700,8.00,yes
2026-10-06T11:03:06.319327Z,0.3400,166.08,yes
2026-10-06T11:03:06.319327Z,0.2800,6.00,yes
2026-10-06T11:03:06.319327Z,0.3200,115.00,yes
2026-10-06T11:03:06.319327Z,0.3000,28.00,yes
2026-10-06T11:03:06.319327Z,0.2900,5.00,yes
2026-10-06T11:03:06.319327Z,0.3500,500.00,yes
2026-10-06T11:03:06.319327Z,0.3500,1.00,yes
2026-10-06T11:03:06.319327Z,0.3400,9.00,yes
2026-10-06T11:03:06.319327Z,0.3300,12.00,yes
2026-10-06T11:03:06.319327Z,0.3300,23.34,yes
2026-10-06T11:03:06.319327Z,0.3000,1.00,yes
2026-10-06T11:03:06.319327Z,0.3100,0.01,yes
2026-10-06T11:03:06.319327Z,0.3200,6.00,yes
2026-10-06T11:03:06.319327Z,0.3100,6.00,yes
2026-10-06T11:03:06.319327Z,0.3000,10.00,yes
2026-10-06T11:03:06.319327Z,0.3100,25.00,yes
2026-10-06T11:03:06.319327Z,0.3600,1.00,yes
2026-10-06T11:03:06.319327Z,0.3300,1.00,yes
2026-10-06T11:03:06.319327Z,0.3600,0.01,yes
2026-10-06T11:03:09.506262Z,0.3600,464.62,yes
2026-10-06T11:03:09.506262Z,0.2700,1.00,yes
2026-10-06T11:03:09.506262Z,0.3100,1.00,yes
2026-10-06T11:03:09.506262Z,0.3500,1.00,yes
2026-10-06T11:03:09.506262Z,0.2800,1.00,yes
2026-10-06T11:03:09.506262Z,0.3000,1.00,yes
2026-10-06T11:03:09.506262Z,0.3500,165.05,yes
2026-10-06T11:03:09.506262Z,0.3400,4.00,yes
2026-10-06T11:03:09.506262Z,0.3200,1.00,yes
2026-10-06T11:03:09.506262Z,0.3300,1.00,yes
2026-10-06T11:03:09.506262Z,0.2700,1.00,yes
2026-10-06T11:03:09.506262Z,0.3200,5.00,yes
2026-10-06T11:03:09.506262Z,0.3300,111.00,yes
2026-10-06T11:03:09.506262Z,0.3100,30.00,yes
2026-10-06T11:03:09.506262Z,0.2900,1.00,yes
2026-10-06T11:03:09.506262Z,0.3300,1.00,yes
2026-10-06T11:03:09.506262Z,0.3500,1.00,yes
2026-10-06T11:03:09.506262Z,0.3500,23.16,yes
2026-10-06T11:03:09.506262Z,0.3400,1.00,yes
2026-10-06T11:03:09.506262Z,0.3500,5.00,yes
2026-10-06T11:03:09.506262Z,0.3200,25.00,yes
2026-10-06T11:03:10.412122Z,0.3300,11.24,yes
2026-10-06T11:03:12.341761Z,0.2700,1.00,yes
2026-10-06T11:03:12.341761Z,0.2800,1.00,yes
2026-10-06T11:03:12.341761Z,0.2700,1.00,yes
2026-10-06T11:03:12.341761Z,0.3200,0.11,yes
2026-10-06T11:03:14.279983Z,0.3100,1.00,yes
2026-10-06T11:03:14.279983Z,0.2700,0.01,yes
2026-10-06T11:03:14.279983Z,0.2800,1.00,yes
2026-10-06T11:03:14.279983Z,0.3200,1.00,yes
2026-10-06T11:03:14.279983Z,0.3200,1.00,yes
2026-10-06T11:03:14.279983Z,0.3400,32.00,yes
2026-10-06T11:03:14.279983Z,0.3400,112.00,yes
2026-10-06T11:03:14.279983Z,0.2900,1.00,yes
2026-10-06T11:03:14.279983Z,0.3500,87.85,yes
2026-10-06T11:03:14.279983Z,0.3000,1.00,yes
2026-10-06T11:03:14.279983Z,0.2700,1.00,yes
2026-10-06T11:03:14.279983Z,0.3500,9.27,yes
2026-10-06T11:03:14.279983Z,0.3500,1.00,yes
2026-10-06T11:03:14.279983Z,0.3400,1.00,yes
2026-10-06T11:03:14.279983Z,0.3400,4.00,yes
2026-10-06T11:03:14.279983Z,0.3500,1.00,yes
2026-10-06T11:03:14.279983Z,0.3300,1.00,yes
2026-10-06T11:03:14.279983Z,0.3200,0.89,yes
2026-10-06T11:03:14.279983Z,0.3300,5.00,yes
2026-10-06T11:03:14.279983Z,0.3500,1.00,yes
2026-10-06T11:03:14.279983Z,0.3500,1.00,yes
2026-10-06T11:03:14.279983Z,0.3300,7.76,yes
2026-10-06T11:03:14.279983Z,0.3300,1.00,yes
2026-10-06T11:03:14.279983Z,0.3500,1.00,yes
2026-10-06T11:03:15.577107Z,0.3300,57.11,yes
2026-10-06T11:03:15.704844Z,0.3500,32.00,yes
2026-10-06T11:03:15.704844Z,0.3500,1.00,yes
2026-10-06T11:03:15.704844Z,0.3400,4.00,yes
2026-10-06T11:03:15.704844Z,0.3600,122.59,yes
2026-10-06T11:03:21.425517Z,0.3000,1.00,yes
2026-10-06T11:03:21.425517Z,0.3000,2.00,yes
2026-10-06T11:03:21.441633Z,0.3200,3.00,yes
2026-10-06T11:03:21.441633Z,0.3200,1.00,yes
2026-10-06T11:03:21.441633Z,0.3100,1.00,yes
2026-10-06T11:03:21.520766Z,0.3300,1.00,yes
2026-10-06T11:03:21.699248Z,0.3400,1.00,yes
2026-10-06T11:03:24.069712Z,0.3400,295.62,no
2026-10-06T11:03:24.069712Z,0.3400,38.00,no
2026-10-06T11:03:24.069712Z,0.3400,0.01,no
2026-10-06T11:03:24.069712Z,0.3400,500.00,no
2026-10-06T11:03:24.069712Z,0.3400,174.00,no
2026-10-06T11:03:24.497039Z,0.3400,3.52,no
2026-10-06T11:03:24.571441Z,0.3400,195.40,no
2026-10-06T11:03:24.77686Z,0.3600,36.16,yes
2026-10-06T11:03:24.77686Z,0.3500,0.01,yes
2026-10-06T11:03:24.77686Z,0.3500,3.00,yes
2026-10-06T11:03:25.254078Z,0.3500,314.61,no
2026-10-06T11:03:26.190093Z,0.3500,22.07,no
2026-10-06T11:03:26.190093Z,0.3500,185.39,no
2026-10-06T11:03:26.476042Z,0.3400,0.01,no
2026-10-06T11:03:26.476042Z,0.3500,0.01,no
2026-10-06T11:03:26.476042Z,0.3400,5.46,no
2026-10-06T11:03:26.476042Z,0.3400,99.59,no
2026-10-06T11:03:29.038857Z,0.3300,561.00,no
2026-10-06T11:03:29.038857Z,0.3300,0.01,no
2026-10-06T11:03:29.038857Z,0.3300,346.28,no
2026-10-06T11:03:29.038857Z,0.3400,0.01,no
2026-10-06T11:03:29.038857Z,0.3400,38.00,no
2026-10-06T11:03:29.038857Z,0.3400,4.18,no
2026-10-06T11:03:29.297668Z,0.3300,7.36,no
2026-10-06T11:03:32.612596Z,0.3500,0.01,yes
2026-10-06T11:03:32.612596Z,0.3500,27.31,yes
2026-10-06T11:03:35.344252Z,0.3400,17.03,no
2026-10-06T11:03:35.372245Z,0.3400,52.11,no
2026-10-06T11:03:35.564011Z,0.3500,36.30,yes
2026-10-06T11:03:35.564011Z,0.3500,4.69,yes
2026-10-06T11:03:38.077976Z,0.3500,13.48,yes
2026-10-06T11:03:39.679402Z,0.3500,5.46,yes
2026-10-06T11:03:40.589823Z,0.3500,6.96,yes
2026-10-06T11:03:41.939802Z,0.3500,540.51,yes
2026-10-06T11:03:42.029162Z,0.3500,13.66,yes
2026-10-06T11:03:46.071951Z,0.3500,1.02,yes
2026-10-06T11:03:46.071951Z,0.3500,0.01,yes
2026-10-06T11:03:46.451431Z,0.3500,1.00,yes
2026-10-06T11:03:46.451431Z,0.3600,1.00,yes
2026-10-06T11:03:46.451431Z,0.3900,20.36,yes
2026-10-06T11:03:46.451431Z,0.3500,98.98,yes
2026-10-06T11:03:46.451431Z,0.3600,1.00,yes
2026-10-06T11:03:46.451431Z,0.3700,1.00,yes
2026-10-06T11:03:46.451431Z,0.3900,1.00,yes
2026-10-06T11:03:46.451431Z,0.3900,1.00,yes
2026-10-06T11:03:46.451431Z,0.3900,1.00,yes
2026-10-06T11:03:46.451431Z,0.3700,1.00,yes
2026-10-06T11:03:46.451431Z,0.3800,1.00,yes
2026-10-06T11:03:46.451431Z,0.3700,1.00,yes
2026-10-06T11:03:46.451431Z,0.3900,1.00,yes
2026-10-06T11:03:46.451431Z,0.3800,1.00,yes
2026-10-06T11:03:46.451431Z,0.3800,1.00,yes
2026-10-06T11:03:46.451431Z,0.3700,0.01,yes
2026-10-06T11:03:46.451431Z,0.3600,0.01,yes
2026-10-06T11:03:46.451431Z,0.3600,1.00,yes
2026-10-06T11:03:47.934666Z,0.3600,21.33,yes
2026-10-06T11:03:47.934666Z,0.3500,1.00,yes
2026-10-06T11:03:47.934666Z,0.3500,0.01,yes
2026-10-06T11:03:47.934666Z,0.3600,1.00,yes
2026-10-06T11:03:47.934666Z,0.3500,1.00,yes
2026-10-06T11:03:47.934666Z,0.3600,1.00,yes
2026-10-06T11:03:47.934666Z,0.3600,1.00,yes
2026-10-06T11:03:49.392795Z,0.3600,15.26,yes
2026-10-06T11:03:51.548364Z,0.3600,0.01,yes
2026-10-06T11:03:51.548364Z,0.3600,0.01,yes
2026-10-06T11:03:51.548364Z,0.3700,90.99,yes
2026-10-06T11:03:51.548364Z,0.3600,500.00,yes
2026-10-06T11:03:51.548364Z,0.3800,1.00,yes
2026-10-06T11:03:51.548364Z,0.3700,1.00,yes
2026-10-06T11:03:51.548364Z,0.3700,0.01,yes
2026-10-06T11:03:51.548364Z,0.3800,1.00,yes
2026-10-06T11:03:51.548364Z,0.3800,667.33,yes
2026-10-06T11:03:51.548364Z,0.3600,10.41,yes
2026-10-06T11:03:51.548364Z,0.3700,1.00,yes
2026-10-06T11:03:52.679951Z,0.3600,19.78,no
2026-10-06T11:03:52.974683Z,0.3700,10.06,yes
2026-10-06T11:03:52.974683Z,0.3700,0.01,yes
2026-10-06T11:03:54.126628Z,0.4100,4.00,yes
2026-10-06T11:03:54.126628Z,0.4200,31.76,yes
2026-10-06T11:03:54.126628Z,0.3800,0.01,yes
2026-10-06T11:03:54.126628Z,0.3800,1.00,yes
2026-10-06T11:03:54.126628Z,0.3800,1.00,yes
2026-10-06T11:03:54.126628Z,0.4100,28.00,yes
2026-10-06T11:03:54.126628Z,0.3800,0.01,yes
2026-10-06T11:03:54.126628Z,0.3800,1.00,yes
2026-10-06T11:03:54.126628Z,0.3900,2.00,yes
2026-10-06T11:03:54.126628Z,0.3900,1.00,yes
2026-10-06T11:03:54.126628Z,0.4200,1.00,yes
2026-10-06T11:03:54.126628Z,0.4100,1.00,yes
2026-10-06T11:03:54.126628Z,0.4200,1.00,yes
2026-10-06T11:03:54.126628Z,0.4000,1.00,yes
2026-10-06T11:03:54.126628Z,0.4000,1.00,yes
2026-10-06T11:03:54.126628Z,0.4100,0.01,yes
2026-10-06T11:03:54.126628Z,0.4200,1.00,yes
2026-10-06T11:03:54.126628Z,0.4100,1.00,yes
2026-10-06T11:03:54.126628Z,0.4200,0.01,yes
2026-10-06T11:03:54.126628Z,0.4000,1.00,yes
2026-10-06T11:03:54.126628Z,0.4100,2.00,yes
2026-10-06T11:03:54.126628Z,0.4000,1.00,yes
2026-10-06T11:03:56.588618Z,0.4300,1.25,yes
2026-10-06T11:03:56.588618Z,0.4200,27.00,yes
2026-10-06T11:03:56.588618Z,0.4200,1.00,yes
2026-10-06T11:03:56.588618Z,0.4100,1.00,yes
2026-10-06T11:03:56.588618Z,0.4100,1.00,yes
2026-10-06T11:03:56.588618Z,0.4200,1.00,yes
2026-10-06T11:03:56.588618Z,0.4300,1.00,yes
2026-10-06T11:03:56.588618Z,0.4300,1.00,yes
2026-10-06T11:03:56.588618Z,0.4300,0.01,yes
2026-10-06T11:03:57.956446Z,0.4300,2.05,yes
2026-10-06T11:03:58.626828Z,0.4300,23.95,yes
2026-10-06T11:03:58.626828Z,0.4300,25.05,yes
2026-10-06T11:03:58.626828Z,0.4300,1.00,yes
2026-10-06T11:03:58.631382Z,0.4500,1.00,yes
2026-10-06T11:03:58.631382Z,0.4500,1.00,yes
2026-10-06T11:03:58.631382Z,0.4300,1.00,yes
2026-10-06T11:03:58.631382Z,0.4300,53.51,yes
2026-10-06T11:03:58.631382Z,0.4500,500.00,yes
2026-10-06T11:03:58.631382Z,0.4400,240.01,yes
2026-10-06T11:03:58.631382Z,0.4300,2.05,yes
2026-10-06T11:03:58.631382Z,0.4400,134.22,yes
2026-10-06T11:03:58.631382Z,0.4500,561.00,yes
2026-10-06T11:03:58.631382Z,0.4400,1.00,yes
2026-10-06T11:03:58.631382Z,0.4400,0.01,yes
2026-10-06T11:03:58.631382Z,0.4400,1.00,yes
2026-10-06T11:03:58.631382Z,0.4400,1.00,yes
2026-10-06T11:04:00.05464Z,0.4500,0.01,yes
2026-10-06T11:04:00.362116Z,0.4600,2.34,yes
2026-10-06T11:04:00.362116Z,0.4600,1.00,yes
2026-10-06T11:04:00.517729Z,0.4500,19.27,no
2026-10-06T11:04:00.519497Z,0.4500,258.28,no
2026-10-06T11:04:01.266146Z,0.4600,16.75,yes
2026-10-06T11:04:03.932196Z,0.4600,10.47,yes
2026-10-06T11:04:03.993246Z,0.4600,6.28,yes
2026-10-06T11:04:04.324036Z,0.4500,328.50,no
2026-10-06T11:04:04.347641Z,0.4500,42.28,no
2026-10-06T11:04:05.817931Z,0.4500,2.98,no
2026-10-06T11:04:07.164593Z,0.4500,99.54,no
2026-10-06T11:04:07.164593Z,0.4500,529.68,no
2026-10-06T11:04:07.213398Z,0.4500,33.68,no
2026-10-06T11:04:07.947453Z,0.4500,500.00,no
2026-10-06T11:04:07.947453Z,0.4500,100.00,no
2026-10-06T11:04:07.947453Z,0.4500,178.00,no
2026-10-06T11:04:07.947453Z,0.4500,6255.78,no
2026-10-06T11:04:07.947453Z,0.4500,230.56,no
2026-10-06T11:04:07.947453Z,0.4500,88.38,no
2026-10-06T11:04:07.947453Z,0.4500,1885.19,no
2026-10-06T11:04:08.08269Z,0.4600,0.01,yes
2026-10-06T11:04:08.08269Z,0.4600,0.01,yes
2026-10-06T11:04:08.211576Z,0.4600,506.34,no
2026-10-06T11:04:08.235278Z,0.4600,27.58,no
2026-10-06T11:04:08.543884Z,0.4600,68.54,no
2026-10-06T11:04:08.543884Z,0.4600,126.08,no
2026-10-06T11:04:08.622284Z,0.4600,570.22,no
2026-10-06T11:04:08.622284Z,0.4600,934.00,no
2026-10-06T11:04:08.622284Z,0.4600,35.00,no
2026-10-06T11:04:08.622284Z,0.4600,0.01,no
2026-10-06T11:04:09.942624Z,0.4600,73.13,no
2026-10-06T11:04:10.425835Z,0.4600,35.23,no
2026-10-06T11:04:11.100583Z,0.4700,1.00,yes
2026-10-06T11:04:11.100583Z,0.4700,9.25,yes
2026-10-06T11:04:12.01851Z,0.4600,6.96,no
2026-10-06T11:04:13.068194Z,0.4700,16.41,yes
2026-10-06T11:04:13.557114Z,0.4600,58.71,no
2026-10-06T11:04:13.569171Z,0.4600,518.77,no
2026-10-06T11:04:13.820195Z,0.4600,133.36,no
2026-10-06T11:04:14.735611Z,0.4700,36.08,yes
2026-10-06T11:04:17.40274Z,0.4600,9.62,no
2026-10-06T11:04:17.53503Z,0.4700,204.06,yes
2026-10-06T11:04:20.418127Z,0.4600,259.41,no
2026-10-06T11:04:21.087575Z,0.4600,391.66,no
2026-10-06T11:04:21.14284Z,0.4600,10.57,no
2026-10-06T11:04:21.66674Z,0.4600,760.09,no
2026-10-06T11:04:22.298444Z,0.4600,61.27,no
2026-10-06T11:04:22.657766Z,0.4600,1497.06,no
2026-10-06T11:04:23.722133Z,0.4600,3.65,no
2026-10-06T11:04:23.982198Z,0.4600,3.52,no
2026-10-06T11:04:25.716975Z,0.4600,98.09,no
2026-10-06T11:04:25.781136Z,0.4600,307.95,no
2026-10-06T11:04:26.336808Z,0.4700,20.51,yes
2026-10-06T11:04:28.670584Z,0.4700,51.28,yes
2026-10-06T11:04:30.078451Z,0.4700,41.72,yes
2026-10-06T11:04:30.606127Z,0.4600,77.35,no
2026-10-06T11:04:33.046884Z,0.4700,1.02,yes
2026-10-06T11:04:33.655729Z,0.4600,34.20,no
2026-10-06T11:04:35.287958Z,0.4700,131.29,yes
2026-10-06T11:04:35.784438Z,0.4700,2.05,yes
2026-10-06T11:04:36.206254Z,0.4700,408.14,yes
2026-10-06T11:04:42.172066Z,0.4800,1.00,yes
2026-10-06T11:04:42.172066Z,0.4800,1.00,yes
2026-10-06T11:04:42.172066Z,0.4700,1.00,yes
2026-10-06T11:04:42.172066Z,0.4900,0.92,yes
2026-10-06T11:04:42.172066Z,0.4700,0.01,yes
2026-10-06T11:04:42.172066Z,0.4700,0.01,yes
2026-10-06T11:04:42.172066Z,0.4900,1.00,yes
2026-10-06T11:04:42.172066Z,0.4900,1.00,yes
2026-10-06T11:04:42.172066Z,0.4800,0.01,yes
2026-10-06T11:04:42.172066Z,0.4800,0.01,yes
2026-10-06T11:04:42.172066Z,0.4900,1.00,yes
2026-10-06T11:04:42.172066Z,0.4800,1.00,yes
2026-10-06T11:04:43.281531Z,0.4900,28.00,yes
2026-10-06T11:04:43.281531Z,0.4900,1.00,yes
2026-10-06T11:04:43.281531Z,0.4900,1.00,yes
2026-10-06T11:04:43.281531Z,0.5000,18.87,yes
2026-10-06T11:04:46.914446Z,0.5000,19.32,yes
2026-10-06T11:04:47.407361Z,0.4300,37.00,no
2026-10-06T11:04:47.407361Z,0.4500,0.01,no
2026-10-06T11:04:47.407361Z,0.4300,0.01,no
2026-10-06T11:04:47.407361Z,0.4400,0.01,no
2026-10-06T11:04:47.407361Z,0.4200,0.01,no
2026-10-06T11:04:47.407361Z,0.4600,0.01,no
2026-10-06T11:04:47.419599Z,0.4100,67.99,no
2026-10-06T11:04:47.419599Z,0.4100,0.01,no
2026-10-06T11:04:47.449214Z,0.4200,36.00,no
2026-10-06T11:04:47.449214Z,0.4100,156.00,no
2026-10-06T11:04:47.449214Z,0.4200,47.38,no
2026-10-06T11:04:47.449214Z,0.4100,169.00,no
2026-10-06T11:04:47.449214Z,0.4000,0.01,no
2026-10-06T11:04:47.449214Z,0.4000,795.00,no
2026-10-06T11:04:47.449214Z,0.4000,219.00,no
2026-10-06T11:04:48.153014Z,0.4100,23.42,yes
2026-10-06T11:04:49.547967Z,0.4100,9.66,yes
2026-10-06T11:04:53.813377Z,0.4100,2.34,yes
2026-10-06T11:04:55.565515Z,0.4100,12.29,yes
2026-10-06T11:04:55.952106Z,0.3900,57.87,no
2026-10-06T11:04:55.952106Z,0.3900,0.01,no
2026-10-06T11:04:55.952106Z,0.4000,0.01,no
2026-10-06T11:05:00.996249Z,0.4000,50.00,yes
2026-10-06T11:05:00.996249Z,0.4000,1.00,yes
2026-10-06T11:05:00.996249Z,0.4000,1.00,yes
2026-10-06T11:05:00.996249Z,0.4100,14.80,yes
2026-10-06T11:05:01.34553Z,0.4000,4.79,yes
2026-10-06T11:05:06.609527Z,0.4000,34.18,yes
2026-10-06T11:05:08.279397Z,0.3900,0.01,no
2026-10-06T11:05:08.279397Z,0.3800,46.60,no
2026-10-06T11:05:08.279397Z,0.3800,0.01,no
2026-10-06T11:05:08.748947Z,0.4000,47.98,yes
2026-10-06T11:05:09.253444Z,0.3800,34.74,no
2026-10-06T11:05:09.51311Z,0.3800,82.65,no
2026-10-06T11:05:19.731303Z,0.4600,5.76,yes
2026-10-06T11:05:19.731303Z,0.4500,1.00,yes
2026-10-06T11:05:19.731303Z,0.4700,5.00,yes
2026-10-06T11:05:19.731303Z,0.4500,1.00,yes
2026-10-06T11:05:19.731303Z,0.4700,2.65,yes
2026-10-06T11:05:19.731303Z,0.4600,91.40,yes
2026-10-06T11:05:19.731303Z,0.4600,176.00,yes
2026-10-06T11:05:19.731303Z,0.4500,26.00,yes
2026-10-06T11:05:19.731303Z,0.4400,5.00,yes
2026-10-06T11:05:19.731303Z,0.4600,1.00,yes
2026-10-06T11:05:20.229119Z,0.3500,0.99,no
2026-10-06T11:05:24.697507Z,0.4600,5.44,yes
2026-10-06T11:05:24.697507Z,0.4600,1.00,yes
2026-10-06T11:05:24.697507Z,0.4500,26.00,yes
2026-10-06T11:05:24.697507Z,0.4500,5.00,yes
2026-10-06T11:05:24.697507Z,0.4700,0.20,yes
2026-10-06T11:05:24.858669Z,0.4500,2.33,yes
2026-10-06T11:05:24.858669Z,0.4500,1.00,yes
2026-10-06T11:05:25.0413Z,0.4600,26.00,yes
2026-10-06T11:05:25.0413Z,0.4500,1.00,yes
2026-10-06T11:05:25.0413Z,0.4500,5.23,yes
2026-10-06T11:05:25.0413Z,0.4500,2.67,yes
2026-10-06T11:05:25.0413Z,0.4600,91.80,yes
2026-10-06T11:05:25.0413Z,0.4700,143.44,yes
2026-10-06T11:05:31.614388Z,0.4700,344.83,no
2026-10-06T11:05:31.614388Z,0.4700,500.00,no
2026-10-06T11:05:33.408495Z,0.4700,27.07,no
2026-10-06T11:05:33.710412Z,0.4700,27.32,no
2026-10-06T11:05:34.457507Z,0.4700,273.78,no
2026-10-06T11:05:35.107915Z,0.4800,100.50,yes
2026-10-06T11:05:35.521111Z,0.4700,396.72,no
2026-10-06T11:05:38.254435Z,0.4800,1083.47,yes
2026-10-06T11:05:39.848481Z,0.4700,47.47,no
2026-10-06T11:05:40.021629Z,0.4800,11.55,yes
2026-10-06T11:05:41.283014Z,0.4800,30.15,yes
2026-10-06T11:05:42.499928Z,0.4700,0.08,no
2026-10-06T11:05:43.571669Z,0.4700,0.77,no
2026-10-06T11:05:46.608402Z,0.4800,20.10,yes
2026-10-06T11:05:47.86655Z,0.4800,138.70,yes
2026-10-06T11:05:49.107915Z,0.4800,32.22,yes
2026-10-06T11:05:50.125941Z,0.4700,23.42,no
2026-10-06T11:05:50.381543Z,0.4800,4.00,yes
2026-10-06T11:05:51.430445Z,0.4800,984.98,yes
2026-10-06T11:06:00.793281Z,0.4900,1.00,yes
2026-10-06T11:06:00.793281Z,0.4900,2.80,yes
2026-10-06T11:06:00.793281Z,0.4900,1.00,yes
2026-10-06T11:06:00.793281Z,0.4900,1.00,yes
2026-10-06T11:06:00.793281Z,0.4800,0.01,yes
2026-10-06T11:06:00.793281Z,0.4800,0.01,yes
2026-10-06T11:06:00.793281Z,0.4900,1.00,yes
2026-10-06T11:06:00.793281Z,0.4900,1.00,yes
2026-10-06T11:06:01.637134Z,0.4200,0.01,no
2026-10-06T11:06:01.637134Z,0.4300,0.01,no
2026-10-06T11:06:01.637134Z,0.4600,0.01,no
2026-10-06T11:06:01.637134Z,0.4200,140.00,no
2026-10-06T11:06:01.637134Z,0.4500,0.01,no
2026-10-06T11:06:01.637134Z,0.4400,10.00,no
2026-10-06T11:06:01.637134Z,0.4700,0.01,no
2026-10-06T11:06:01.64982Z,0.4000,36.00,no
2026-10-06T11:06:01.64982Z,0.4000,0.01,no
2026-10-06T11:06:01.64982Z,0.4100,0.01,no
2026-10-06T11:06:01.674715Z,0.4100,0.97,yes
2026-10-06T11:06:01.674715Z,0.4000,1.00,yes
2026-10-06T11:06:01.684593Z,0.4000,6.00,no
2026-10-06T11:06:01.977703Z,0.4100,0.02,yes
2026-10-06T11:06:07.945037Z,0.4100,0.01,yes
2026-10-06T11:06:07.945037Z,0.4100,11.70,yes
2026-10-06T11:06:08.341644Z,0.4100,90.30,yes
2026-10-06T11:06:08.341644Z,0.4100,162.00,yes
2026-10-06T11:06:08.341644Z,0.4100,561.00,yes
2026-10-06T11:06:08.341644Z,0.4100,1.00,yes
2026-10-06T11:06:08.341644Z,0.4100,120.00,yes
2026-10-06T11:06:08.341644Z,0.4100,5809.86,yes
2026-10-06T11:06:09.308501Z,0.4100,0.02,yes
2026-10-06T11:06:12.859032Z,0.4100,152.24,yes
2026-10-06T11:06:14.518016Z,0.4100,0.07,yes
2026-10-06T11:06:15.189932Z,0.4000,0.01,no
2026-10-06T11:06:15.189932Z,0.3900,0.24,no
2026-10-06T11:06:15.189932Z,0.3900,0.01,no
2026-10-06T11:06:20.585423Z,0.4000,143.95,yes
2026-10-06T11:06:27.538413Z,0.4100,1.00,yes
2026-10-06T11:06:27.538413Z,0.4400,1.00,yes
2026-10-06T11:06:27.538413Z,0.4400,1.00,yes
2026-10-06T11:06:27.538413Z,0.4400,4.00,yes
2026-10-06T11:06:27.538413Z,0.4300,1.00,yes
2026-10-06T11:06:27.538413Z,0.4200,1.00,yes
2026-10-06T11:06:27.538413Z,0.4200,2.00,yes
2026-10-06T11:06:27.538413Z,0.4500,1.00,yes
2026-10-06T11:06:27.538413Z,0.4100,3.00,yes
2026-10-06T11:06:27.538413Z,0.4100,692.83,yes
2026-10-06T11:06:27.538413Z,0.4400,1.00,yes
2026-10-06T11:06:27.538413Z,0.4200,561.00,yes
2026-10-06T11:06:27.538413Z,0.4400,1.00,yes
2026-10-06T11:06:27.538413Z,0.4300,1.00,yes
2026-10-06T11:06:27.538413Z,0.4500,1.00,yes
2026-10-06T11:06:27.538413Z,0.4200,1.00,yes
2026-10-06T11:06:27.538413Z,0.4500,1.00,yes
2026-10-06T11:06:27.538413Z,0.4200,1.00,yes
2026-10-06T11:06:27.538413Z,0.4300,561.00,yes
2026-10-06T11:06:27.538413Z,0.4400,1.00,yes
2026-10-06T11:06:27.538413Z,0.4400,8.25,yes
2026-10-06T11:06:27.538413Z,0.4300,1.00,yes
2026-10-06T11:06:27.538413Z,0.4200,17.00,yes
2026-10-06T11:06:27.538413Z,0.4500,20.00,yes
2026-10-06T11:06:27.538413Z,0.4300,19.00,yes
2026-10-06T11:06:27.538413Z,0.4400,13.00,yes
2026-10-06T11:06:27.538413Z,0.4500,12.00,yes
2026-10-06T11:06:27.538413Z,0.4100,4.00,yes
2026-10-06T11:06:27.538413Z,0.4400,27.00,yes
2026-10-06T11:06:27.538413Z,0.4000,400.00,yes
2026-10-06T11:06:27.538413Z,0.4000,181.69,yes
2026-10-06T11:06:27.538413Z,0.4000,1356.05,yes
2026-10-06T11:06:27.538413Z,0.4000,3.00,yes
2026-10-06T11:06:27.538413Z,0.4000,1.00,yes
2026-10-06T11:06:27.538413Z,0.4500,284.60,yes
2026-10-06T11:06:27.538413Z,0.4200,1.00,yes
2026-10-06T11:06:31.163504Z,0.4100,6.67,yes
2026-10-06T11:06:31.163504Z,0.4000,0.01,yes
2026-10-06T11:06:31.163504Z,0.4100,1.00,yes
2026-10-06T11:06:31.163504Z,0.4100,0.01,yes
2026-10-06T11:06:31.163504Z,0.4100,1.00,yes
2026-10-06T11:06:31.163504Z,0.4100,1.00,yes
2026-10-06T11:06:31.163504Z,0.4100,2.00,yes
2026-10-06T11:06:31.163504Z,0.4000,0.01,yes
2026-10-06T11:06:35.128164Z,0.3900,0.01,no
2026-10-06T11:06:38.385979Z,0.4100,11.38,yes
2026-10-06T11:06:38.385979Z,0.4100,0.33,yes
2026-10-06T11:06:41.791903Z,0.4200,9.00,yes
2026-10-06T11:06:41.791903Z,0.4200,2.86,yes
2026-10-06T11:06:41.791903Z,0.4100,5.00,yes
2026-10-06T11:06:41.791903Z,0.4100,3.00,yes
2026-10-06T11:06:41.791903Z,0.4100,16.62,yes
2026-10-06T11:06:41.791903Z,0.4100,4.00,yes
2026-10-06T11:06:41.791903Z,0.4100,1.00,yes
2026-10-06T11:06:41.791903Z,0.4100,5.00,yes
2026-10-06T11:06:41.791903Z,0.4100,8.00,yes
2026-10-06T11:06:41.791903Z,0.4100,2.00,yes
2026-10-06T11:06:41.791903Z,0.4100,11.38,yes
2026-10-06T11:06:41.791903Z,0.4200,6.00,yes
2026-10-06T11:06:41.791903Z,0.4200,0.01,yes
2026-10-06T11:06:41.791903Z,0.4200,0.01,yes
2026-10-06T11:06:42.521026Z,0.3800,0.01,no
2026-10-06T11:06:42.967077Z,0.3800,0.05,yes
2026-10-06T11:06:43.746071Z,0.4400,326.00,yes
2026-10-06T11:06:43.746071Z,0.4300,128.00,yes
2026-10-06T11:06:43.746071Z,0.4300,1.00,yes
2026-10-06T11:06:43.746071Z,0.4500,0.01,yes
2026-10-06T11:06:43.746071Z,0.4300,13.59,yes
2026-10-06T11:06:43.746071Z,0.4500,0.01,yes
2026-10-06T11:06:43.746071Z,0.4300,0.01,yes
2026-10-06T11:06:43.746071Z,0.4400,0.01,yes
2026-10-06T11:06:43.746071Z,0.4400,0.01,yes
2026-10-06T11:06:43.746071Z,0.4200,7.00,yes
2026-10-06T11:06:43.746071Z,0.4300,0.01,yes
2026-10-06T11:06:43.746071Z,0.4500,106.00,yes
2026-10-06T11:06:43.746071Z,0.4100,0.01,yes
2026-10-06T11:06:43.746071Z,0.4100,0.01,yes
2026-10-06T11:06:43.746071Z,0.4200,27.00,yes
2026-10-06T11:06:43.746071Z,0.4200,0.01,yes
2026-10-06T11:06:43.746071Z,0.3800,39.24,yes
2026-10-06T11:06:43.746071Z,0.4000,0.01,yes
2026-10-06T11:06:43.746071Z,0.4000,0.01,yes
2026-10-06T11:06:43.746071Z,0.3800,0.01,yes
2026-10-06T11:06:43.746071Z,0.4200,0.01,yes
2026-10-06T11:06:43.746071Z,0.3800,0.01,yes
2026-10-06T11:06:43.746071Z,0.4500,1.00,yes
2026-10-06T11:06:43.746071Z,0.4100,12.00,yes
2026-10-06T11:06:43.746071Z,0.4000,3.00,yes
2026-10-06T11:06:43.746071Z,0.4500,20.00,yes
2026-10-06T11:06:43.746071Z,0.4000,10.00,yes
2026-10-06T11:06:43.746071Z,0.3800,7.00,yes
2026-10-06T11:06:43.746071Z,0.4400,1.00,yes
2026-10-06T11:06:43.746071Z,0.3900,0.01,yes
2026-10-06T11:06:43.746071Z,0.3900,9.00,yes
2026-10-06T11:06:43.746071Z,0.4300,20.00,yes
2026-10-06T11:06:43.746071Z,0.4200,20.00,yes
2026-10-06T11:06:43.746071Z,0.4400,16.00,yes
2026-10-06T11:06:43.746071Z,0.4200,0.01,yes
2026-10-06T11:06:43.746071Z,0.4500,70.00,yes
2026-10-06T11:06:43.76119Z,0.4600,0.01,yes
2026-10-06T11:06:43.76119Z,0.4600,0.01,yes
2026-10-06T11:06:43.76119Z,0.4600,1.00,yes
2026-10-06T11:06:43.76119Z,0.4500,7.00,yes
2026-10-06T11:06:43.76119Z,0.4600,37.00,yes
2026-10-06T11:06:44.395936Z,0.4800,0.01,yes
2026-10-06T11:06:44.395936Z,0.4900,226.74,yes
2026-10-06T11:06:44.395936Z,0.4700,0.01,yes
2026-10-06T11:06:44.395936Z,0.4800,0.01,yes
2026-10-06T11:06:44.395936Z,0.4700,0.01,yes
2026-10-06T11:06:44.395936Z,0.4700,20.00,yes
2026-10-06T11:06:44.395936Z,0.4800,7.87,yes
2026-10-06T11:06:44.395936Z,0.4600,20.00,yes
2026-10-06T11:06:44.395936Z,0.4800,161.35,yes
2026-10-06T11:06:44.395936Z,0.4800,4.00,yes
2026-10-06T11:06:44.687204Z,0.4900,377.00,yes
2026-10-06T11:06:44.941711Z,0.4900,269.00,yes
2026-10-06T11:06:47.208189Z,0.4800,0.07,no
2026-10-06T11:06:49.304234Z,0.4800,197.57,no
2026-10-06T11:06:50.177569Z,0.4900,403.00,yes
2026-10-06T11:06:50.7445Z,0.4900,394.09,yes
2026-10-06T11:06:51.32972Z,0.4800,254.26,no
2026-10-06T11:06:53.138399Z,0.4800,48.10,no
2026-10-06T11:06:53.138399Z,0.4800,239.19,no
2026-10-06T11:06:53.138399Z,0.4800,185.00,no
2026-10-06T11:06:53.549755Z,0.4800,180.20,no
2026-10-06T11:06:53.830528Z,0.4900,29.55,yes
2026-10-06T11:06:56.352964Z,0.4900,45.32,yes
2026-10-06T11:06:57.277152Z,0.4900,280.30,yes
2026-10-06T11:06:57.277152Z,0.4900,417.24,yes
2026-10-06T11:06:58.282702Z,0.4900,25.61,yes
2026-10-06T11:06:58.745219Z,0.4900,177.34,yes
2026-10-06T11:06:58.87Z,0.4800,279.62,no
2026-10-06T11:07:01.347553Z,0.4900,7.96,yes
2026-10-06T11:07:03.664196Z,0.4800,1532.74,no
2026-10-06T11:07:03.71878Z,0.4800,10.25,no
2026-10-06T11:07:04.406895Z,0.4900,49.26,yes
2026-10-06T11:07:04.736091Z,0.4900,0.05,yes
2026-10-06T11:07:06.093646Z,0.4900,137.93,yes
2026-10-06T11:07:08.589665Z,0.4900,39.40,yes
2026-10-06T11:07:12.271901Z,0.4900,90.64,yes
2026-10-06T11:07:13.388783Z,0.4900,1.79,yes
2026-10-06T11:07:14.88103Z,0.4900,552.78,yes
2026-10-06T11:07:14.88103Z,0.4900,255.11,yes
2026-10-06T11:07:15.935574Z,0.4900,59.11,yes
2026-10-06T11:07:16.632429Z,0.4900,1185.78,yes
2026-10-06T11:07:16.632429Z,0.4900,3.00,yes
2026-10-06T11:07:16.632429Z,0.4900,1.00,yes
2026-10-06T11:07:16.632429Z,0.4900,1.00,yes
2026-10-06T11:07:16.632429Z,0.4900,1.00,yes
2026-10-06T11:07:16.632429Z,0.4900,700.00,yes
2026-10-06T11:07:16.632429Z,0.4900,100.00,yes
2026-10-06T11:07:16.632429Z,0.4900,3508.22,yes
2026-10-06T11:07:22.765147Z,0.4900,28.00,yes
2026-10-06T11:07:22.765147Z,0.4900,1.00,yes
2026-10-06T11:07:22.765147Z,0.4900,0.01,yes
2026-10-06T11:07:22.765147Z,0.4900,0.01,yes
2026-10-06T11:07:22.765147Z,0.5000,2.45,yes
2026-10-06T11:07:27.365312Z,0.5000,40.57,yes
2026-10-06T11:07:28.917112Z,0.5000,1.00,yes
2026-10-06T11:07:28.917112Z,0.5000,0.01,yes
2026-10-06T11:07:28.917112Z,0.5000,1.00,yes
2026-10-06T11:07:28.917112Z,0.5000,0.01,yes
2026-10-06T11:07:28.917112Z,0.5000,11.44,yes
2026-10-06T11:07:28.917112Z,0.5000,16.49,yes
2026-10-06T11:07:30.472449Z,0.5100,1.00,yes
2026-10-06T11:07:30.472449Z,0.5200,1.00,yes
2026-10-06T11:07:30.472449Z,0.5300,2.00,yes
2026-10-06T11:07:30.472449Z,0.5400,78.83,yes
2026-10-06T11:07:30.472449Z,0.5200,1.00,yes
2026-10-06T11:07:30.472449Z,0.5200,1.00,yes
2026-10-06T11:07:30.472449Z,0.5300,1.00,yes
2026-10-06T11:07:30.472449Z,0.5300,1.00,yes
2026-10-06T11:07:30.472449Z,0.5300,0.01,yes
2026-10-06T11:07:30.472449Z,0.5400,0.01,yes
2026-10-06T11:07:30.472449Z,0.5100,0.01,yes
2026-10-06T11:07:30.472449Z,0.5400,1.00,yes
2026-10-06T11:07:30.472449Z,0.5200,0.01,yes
2026-10-06T11:07:30.472449Z,0.5400,1.00,yes
2026-10-06T11:07:30.472449Z,0.5300,0.01,yes
2026-10-06T11:07:30.472449Z,0.5100,0.01,yes
2026-10-06T11:07:30.472449Z,0.5200,0.01,yes
2026-10-06T11:07:30.472449Z,0.5400,1.00,yes
2026-10-06T11:07:35.222167Z,0.5300,1.00,yes
2026-10-06T11:07:35.222167Z,0.5200,0.01,yes
2026-10-06T11:07:35.222167Z,0.5400,0.98,yes
2026-10-06T11:07:35.222167Z,0.5200,1.00,yes
2026-10-06T11:07:35.222167Z,0.5400,2.00,yes
2026-10-06T11:07:35.222167Z,0.5300,0.01,yes
2026-10-06T11:07:35.222167Z,0.5400,1.00,yes
2026-10-06T11:07:35.297196Z,0.5500,0.01,yes
2026-10-06T11:07:35.297196Z,0.5500,0.01,yes
2026-10-06T11:07:35.297196Z,0.5500,1.00,yes
2026-10-06T11:07:35.297196Z,0.5500,1.27,yes
2026-10-06T11:07:35.297196Z,0.5400,1.00,yes
2026-10-06T11:07:35.297196Z,0.5400,0.02,yes
2026-10-06T11:07:35.297196Z,0.5500,1.00,yes
2026-10-06T11:07:35.297196Z,0.5500,1.00,yes
2026-10-06T11:07:40.779484Z,0.5700,0.01,yes
2026-10-06T11:07:40.779484Z,0.5700,0.01,yes
2026-10-06T11:07:40.779484Z,0.5800,0.01,yes
2026-10-06T11:07:40.779484Z,0.5600,0.01,yes
2026-10-06T11:07:40.779484Z,0.5600,0.01,yes
2026-10-06T11:07:40.779484Z,0.5600,1.00,yes
2026-10-06T11:07:40.779484Z,0.5900,1.00,yes
2026-10-06T11:07:40.779484Z,0.5900,2.00,yes
2026-10-06T11:07:40.779484Z,0.5800,1.00,yes
2026-10-06T11:07:40.779484Z,0.5700,2.00,yes
2026-10-06T11:07:40.779484Z,0.5500,1.73,yes
2026-10-06T11:07:40.779484Z,0.5800,1.00,yes
2026-10-06T11:07:40.779484Z,0.5900,1.00,yes
2026-10-06T11:07:40.779484Z,0.5800,1.00,yes
2026-10-06T11:07:40.779484Z,0.5800,1.00,yes
2026-10-06T11:07:40.779484Z,0.5900,1.00,yes
2026-10-06T11:07:40.779484Z,0.5600,2.00,yes
2026-10-06T11:07:40.779484Z,0.5900,1.00,yes
2026-10-06T11:07:40.779484Z,0.5800,1.00,yes
2026-10-06T11:07:40.779484Z,0.5700,1.00,yes
2026-10-06T11:07:40.779484Z,0.5700,1.00,yes
2026-10-06T11:07:40.779484Z,0.5600,1.00,yes
2026-10-06T11:07:40.779484Z,0.5800,1.00,yes
2026-10-06T11:07:40.779484Z,0.5900,1.00,yes
2026-10-06T11:07:40.779484Z,0.5600,1.00,yes
2026-10-06T11:07:40.779484Z,0.5900,0.01,yes
2026-10-06T11:07:40.779484Z,0.5900,0.01,yes
2026-10-06T11:07:40.779484Z,0.5500,1.00,yes
2026-10-06T11:07:40.779484Z,0.5400,1.00,yes
2026-10-06T11:07:40.779484Z,0.5400,1.00,yes
2026-10-06T11:07:40.779484Z,0.5900,16.51,yes
2026-10-06T11:07:40.779484Z,0.5500,1.00,yes
2026-10-06T11:07:40.779484Z,0.5800,0.01,yes
2026-10-06T11:07:40.779484Z,0.5900,1.00,yes
2026-10-06T11:07:42.243677Z,0.5100,0.01,no
2026-10-06T11:07:42.243677Z,0.5100,33.00,no
2026-10-06T11:07:42.243677Z,0.5000,45.29,no
2026-10-06T11:07:42.243677Z,0.5100,36.36,no
2026-10-06T11:07:42.243677Z,0.5200,0.01,no
2026-10-06T11:07:42.243677Z,0.5100,1.00,no
2026-10-06T11:07:43.836082Z,0.5400,1.00,yes
2026-10-06T11:07:43.836082Z,0.5400,1.00,yes
2026-10-06T11:07:43.836082Z,0.5400,1.00,yes
2026-10-06T11:07:44.867741Z,0.5500,1.00,yes
2026-10-06T11:07:44.867741Z,0.5500,1.00,yes
2026-10-06T11:07:44.867741Z,0.5600,2.23,yes
2026-10-06T11:07:44.867741Z,0.5500,1.00,yes
2026-10-06T11:07:47.263096Z,0.6000,1.00,yes
2026-10-06T11:07:47.263096Z,0.6000,9.17,yes
2026-10-06T11:07:47.263096Z,0.6000,1.00,yes
2026-10-06T11:07:47.263096Z,0.5600,0.01,yes
2026-10-06T11:07:47.263096Z,0.5900,5.00,yes
2026-10-06T11:07:47.263096Z,0.5700,0.01,yes
2026-10-06T11:07:47.263096Z,0.5700,0.01,yes
2026-10-06T11:07:47.263096Z,0.5800,0.01,yes
2026-10-06T11:07:47.263096Z,0.5600,0.01,yes
2026-10-06T11:07:47.263096Z,0.5900,1.00,yes
2026-10-06T11:07:47.263096Z,0.5800,0.01,yes
2026-10-06T11:07:47.263096Z,0.6000,27.76,yes
2026-10-06T11:07:47.263096Z,0.5900,2.00,yes
2026-10-06T11:07:47.263096Z,0.5900,76.00,yes
2026-10-06T11:07:47.263096Z,0.6000,1.00,yes
2026-10-06T11:07:47.263096Z,0.6000,1.00,yes
2026-10-06T11:07:47.263096Z,0.6000,1.00,yes
2026-10-06T11:07:47.263096Z,0.6000,1.00,yes
2026-10-06T11:07:47.263096Z,0.6000,2.00,yes
2026-10-06T11:07:47.263096Z,0.6000,2.00,yes
2026-10-06T11:07:50.503548Z,0.6100,148.00,yes
2026-10-06T11:07:50.503548Z,0.6200,2722.00,yes
2026-10-06T11:07:50.503548Z,0.6000,1.00,yes
2026-10-06T11:07:50.503548Z,0.6200,1500.00,yes
2026-10-06T11:07:50.503548Z,0.6200,1500.00,yes
2026-10-06T11:07:50.503548Z,0.6100,1392.00,yes
2026-10-06T11:07:50.503548Z,0.6100,1.00,yes
2026-10-06T11:07:50.503548Z,0.6200,2.00,yes
2026-10-06T11:07:50.503548Z,0.6200,1.00,yes
2026-10-06T11:07:50.503548Z,0.6200,1.00,yes
2026-10-06T11:07:50.503548Z,0.6100,1.00,yes
2026-10-06T11:07:50.503548Z,0.6200,29.00,yes
2026-10-06T11:07:50.503548Z,0.6100,1.00,yes
2026-10-06T11:07:50.503548Z,0.6000,116.28,yes
2026-10-06T11:07:50.503548Z,0.5900,1.00,yes
2026-10-06T11:07:50.503548Z,0.5900,1.00,yes
2026-10-06T11:07:50.503548Z,0.6000,10.00,yes
2026-10-06T11:07:50.503548Z,0.5900,82.00,yes
2026-10-06T11:07:50.503548Z,0.5900,4.00,yes
2026-10-06T11:07:50.503548Z,0.5700,0.01,yes
2026-10-06T11:07:50.503548Z,0.6000,2.00,yes
2026-10-06T11:07:50.503548Z,0.6000,9.97,yes
2026-10-06T11:07:50.503548Z,0.6000,1.00,yes
2026-10-06T11:07:50.503548Z,0.6000,4.00,yes
2026-10-06T11:07:50.503548Z,0.5900,1.00,yes
2026-10-06T11:07:50.617392Z,0.6100,1.00,yes
2026-10-06T11:07:50.617392Z,0.6100,1.00,yes
2026-10-06T11:07:50.617392Z,0.6200,267.00,yes
2026-10-06T11:07:51.56753Z,0.6100,500.00,no
2026-10-06T11:07:51.56753Z,0.6100,129.22,no
2026-10-06T11:07:52.023339Z,0.6300,59.20,yes
2026-10-06T11:07:52.023339Z,0.6200,4.47,yes
2026-10-06T11:07:52.023339Z,0.6200,0.01,yes
2026-10-06T11:07:52.023339Z,0.6200,0.01,yes
2026-10-06T11:07:52.023339Z,0.6300,1.00,yes
2026-10-06T11:07:52.023339Z,0.6300,1.00,yes
2026-10-06T11:07:52.023339Z,0.6300,9.00,yes
2026-10-06T11:07:52.591102Z,0.6200,101.43,no
2026-10-06T11:07:52.933293Z,0.6200,315.73,no
2026-10-06T11:07:52.933293Z,0.6200,78.57,no
2026-10-06T11:07:54.580074Z,0.6200,16.39,no
2026-10-06T11:07:56.638644Z,0.6200,82.88,no
2026-10-06T11:07:56.638644Z,0.6200,0.01,no
2026-10-06T11:07:56.638644Z,0.6200,7.75,no
2026-10-06T11:07:57.064838Z,0.6300,38.68,yes
2026-10-06T11:07:57.634735Z,0.6200,177.25,no
2026-10-06T11:07:57.634735Z,0.6200,484.28,no
2026-10-06T11:07:57.634735Z,0.6200,217.00,no
2026-10-06T11:07:57.634735Z,0.6200,118.43,no
2026-10-06T11:07:58.80781Z,0.6200,3.33,no
2026-10-06T11:07:58.81957Z,0.6300,9.15,yes
2026-10-06T11:07:59.698532Z,0.6300,20.71,yes
2026-10-06T11:08:00.434734Z,0.6200,697.54,no
2026-10-06T11:08:00.572451Z,0.6300,15.36,yes
2026-10-06T11:08:05.242237Z,0.6300,7.73,yes
2026-10-06T11:08:06.539286Z,0.6200,1122.79,no
2026-10-06T11:08:07.712567Z,0.6300,20.11,yes
2026-10-06T11:08:08.197895Z,0.6200,254.97,no
2026-10-06T11:08:08.782026Z,0.6300,45.48,yes
2026-10-06T11:08:08.943596Z,0.6200,171.14,no
2026-10-06T11:08:09.926525Z,0.6200,68.73,no
2026-10-06T11:08:10.030063Z,0.6300,2243.48,yes
2026-10-06T11:08:10.03136Z,0.6200,19.78,no
2026-10-06T11:08:14.035392Z,0.6300,0.77,yes
2026-10-06T11:08:15.856028Z,0.6300,1.00,yes
2026-10-06T11:08:15.856028Z,0.6300,1.00,yes
2026-10-06T11:08:15.856028Z,0.6300,137.49,yes
2026-10-06T11:08:16.281591Z,0.6300,18.56,yes
2026-10-06T11:08:16.369506Z,0.6200,12.58,no
2026-10-06T11:08:16.689692Z,0.6200,502.88,no
2026-10-06T11:08:16.689692Z,0.6200,799.86,no
2026-10-06T11:08:17.253555Z,0.6300,3.09,yes
2026-10-06T11:08:17.391659Z,0.6300,23.20,yes
2026-10-06T11:08:19.212759Z,0.6300,24.13,yes
2026-10-06T11:08:20.361773Z,0.6300,77.34,yes
2026-10-06T11:08:20.708907Z,0.6300,27.85,yes
2026-10-06T11:08:21.345029Z,0.6300,173.28,yes
2026-10-06T11:08:23.24862Z,0.6300,15.47,yes
2026-10-06T11:08:23.85296Z,0.6300,1.54,yes
2026-10-06T11:08:24.787171Z,0.6300,127.22,yes
2026-10-06T11:08:25.732165Z,0.6200,3.80,no
2026-10-06T11:08:25.758849Z,0.6200,12.61,no
2026-10-06T11:08:26.064906Z,0.6200,19.78,no
2026-10-06T11:08:26.165711Z,0.6300,7.73,yes
2026-10-06T11:08:28.047386Z,0.6200,0.01,no
2026-10-06T11:08:28.047386Z,0.6200,21.26,no
2026-10-06T11:08:30.160133Z,0.6300,0.01,yes
2026-10-06T11:08:30.160133Z,0.6300,0.01,yes
2026-10-06T11:08:31.067837Z,0.6400,0.01,yes
2026-10-06T11:08:31.067837Z,0.6400,0.01,yes
2026-10-06T11:08:31.067837Z,0.6400,1.00,yes
2026-10-06T11:08:31.067837Z,0.6400,11.18,yes
2026-10-06T11:08:31.067837Z,0.6400,1.00,yes
2026-10-06T11:08:31.353022Z,0.6400,0.25,no
2026-10-06T11:08:31.874063Z,0.6500,0.01,yes
2026-10-06T11:08:31.874063Z,0.6500,0.01,yes
2026-10-06T11:08:31.874063Z,0.6500,75.06,yes
2026-10-06T11:08:32.984879Z,0.6500,7.50,yes
2026-10-06T11:08:34.750552Z,0.6400,195.28,no
2026-10-06T11:08:37.679525Z,0.5800,0.01,no
2026-10-06T11:08:37.679525Z,0.6000,0.01,no
2026-10-06T11:08:37.679525Z,0.5900,0.01,no
2026-10-06T11:08:37.679525Z,0.5600,0.01,no
2026-10-06T11:08:37.679525Z,0.5700,0.01,no
2026-10-06T11:08:37.679525Z,0.6100,0.01,no
2026-10-06T11:08:37.679525Z,0.5500,0.01,no
2026-10-06T11:08:37.679525Z,0.5500,0.01,no
2026-10-06T11:08:37.679525Z,0.5600,1.00,no
2026-10-06T11:08:37.679525Z,0.5500,19.67,no
2026-10-06T11:08:38.336724Z,0.6500,0.01,yes
2026-10-06T11:08:38.336724Z,0.6500,3.49,yes
2026-10-06T11:08:38.336724Z,0.6500,5.00,yes
2026-10-06T11:08:39.569971Z,0.6500,0.01,yes
2026-10-06T11:08:39.569971Z,0.6500,0.97,yes
2026-10-06T11:08:41.072132Z,0.6500,4.03,yes
2026-10-06T11:08:41.072132Z,0.6500,0.01,yes
2026-10-06T11:08:41.072132Z,0.6500,0.46,yes
2026-10-06T11:08:41.562598Z,0.5500,17.09,no
2026-10-06T11:08:41.562598Z,0.5600,5.00,no
2026-10-06T11:08:41.562598Z,0.5500,0.01,no
2026-10-06T11:08:41.562598Z,0.5600,0.01,no
2026-10-06T11:08:49.155981Z,0.6400,3.01,yes
2026-10-06T11:08:52.416135Z,0.6400,1.99,yes
2026-10-06T11:08:52.416135Z,0.6500,24.00,yes
2026-10-06T11:08:52.416135Z,0.6600,15.83,yes
2026-10-06T11:09:01.77576Z,0.6500,5.00,yes
2026-10-06T11:09:01.776445Z,0.7300,240.00,yes
2026-10-06T11:09:01.776445Z,0.7100,76.00,yes
2026-10-06T11:09:01.776445Z,0.6900,22.00,yes
2026-10-06T11:09:01.776445Z,0.7400,710.00,yes
2026-10-06T11:09:01.776445Z,0.6600,1.00,yes
2026-10-06T11:09:01.776445Z,0.7000,25.72,yes
2026-10-06T11:09:01.776445Z,0.7200,1.00,yes
2026-10-06T11:09:01.776445Z,0.7000,11.00,yes
2026-10-06T11:09:01.776445Z,0.7400,29.00,yes
2026-10-06T11:09:01.776445Z,0.7300,82.00,yes
2026-10-06T11:09:01.776445Z,0.6900,1.00,yes
2026-10-06T11:09:01.776445Z,0.6800,0.26,yes
2026-10-06T11:09:01.776445Z,0.7400,1.00,yes
2026-10-06T11:09:01.776445Z,0.6600,5.98,yes
2026-10-06T11:09:01.844755Z,0.7400,6.98,yes
2026-10-06T11:09:01.877953Z,0.7400,1.00,yes
2026-10-06T11:09:01.877953Z,0.7400,15.02,yes
2026-10-06T11:09:01.877953Z,0.7400,6.98,yes
2026-10-06T11:09:01.914214Z,0.7500,20.51,yes
2026-10-06T11:09:01.914214Z,0.7500,1.00,yes
2026-10-06T11:09:01.914214Z,0.7500,7.27,yes
2026-10-06T11:09:01.914214Z,0.7500,0.73,yes
2026-10-06T11:09:01.914214Z,0.7500,22.21,yes
2026-10-06T11:09:01.914214Z,0.7500,26.58,yes
2026-10-06T11:09:03.891596Z,0.7500,11.24,no
2026-10-06T11:09:06.788356Z,0.7500,1.54,no
2026-10-06T11:09:07.956232Z,0.7600,0.01,yes
2026-10-06T11:09:09.491075Z,0.7500,42.78,no
2026-10-06T11:09:10.741788Z,0.7600,0.01,yes
2026-10-06T11:09:10.741788Z,0.7600,0.11,yes
2026-10-06T11:09:10.897792Z,0.7500,63.10,no
2026-10-06T11:09:11.035712Z,0.7500,84.57,no
2026-10-06T11:09:12.438176Z,0.7500,11.70,no
2026-10-06T11:09:13.033478Z,0.7500,11.44,no
2026-10-06T11:09:13.61933Z,0.7600,42.70,yes
2026-10-06T11:09:14.251046Z,0.7500,38.00,no
2026-10-06T11:09:14.486399Z,0.7600,976.74,yes
2026-10-06T11:09:14.486399Z,0.7600,317.30,yes
2026-10-06T11:09:15.759133Z,0.7600,0.01,yes
2026-10-06T11:09:15.759133Z,0.7700,0.01,yes
2026-10-06T11:09:15.759133Z,0.7700,0.01,yes
2026-10-06T11:09:15.759133Z,0.7700,37.03,yes
2026-10-06T11:09:16.330024Z,0.7600,109.52,no
2026-10-06T11:09:16.330024Z,0.7600,190.00,no
2026-10-06T11:09:16.472465Z,0.7700,28.11,yes
2026-10-06T11:09:16.923049Z,0.7700,155.93,yes
2026-10-06T11:09:17.577422Z,0.7600,57.66,no
2026-10-06T11:09:17.875952Z,0.7600,3.34,no
2026-10-06T11:09:18.279863Z,0.7700,191.71,yes
2026-10-06T11:09:19.275303Z,0.7700,31.94,yes
2026-10-06T11:09:19.481628Z,0.7700,37.11,yes
2026-10-06T11:09:20.032233Z,0.7600,299.25,no
2026-10-06T11:09:20.825752Z,0.7700,169.99,yes
2026-10-06T11:09:20.844468Z,0.7600,129.36,no
2026-10-06T11:09:20.844468Z,0.7600,30.23,no
2026-10-06T11:09:21.012371Z,0.7700,1.27,yes
2026-10-06T11:09:23.509461Z,0.7600,27.32,no
2026-10-06T11:09:23.615995Z,0.7600,21.27,no
2026-10-06T11:09:25.228252Z,0.7600,34.00,no
2026-10-06T11:09:25.866206Z,0.7700,1.27,yes
2026-10-06T11:09:27.430962Z,0.7700,2.77,yes
2026-10-06T11:09:28.302864Z,0.7700,51.88,yes
2026-10-06T11:09:28.460652Z,0.7700,0.01,yes
2026-10-06T11:09:28.933763Z,0.7700,34.50,yes
2026-10-06T11:09:29.715322Z,0.7700,25.49,yes
2026-10-06T11:09:30.644677Z,0.7600,288.05,no
2026-10-06T11:09:30.644677Z,0.7600,662.70,no
2026-10-06T11:09:32.678766Z,0.7600,137.93,no
2026-10-06T11:09:33.379307Z,0.7600,18.79,no
2026-10-06T11:09:33.746551Z,0.7700,23.00,yes
2026-10-06T11:09:33.746551Z,0.7700,2.56,yes
2026-10-06T11:09:33.948101Z,0.7600,1397.43,no
2026-10-06T11:09:34.625524Z,0.7700,51.11,yes
2026-10-06T11:09:35.40047Z,0.7600,138.70,no
2026-10-06T11:09:35.675564Z,0.7700,72.85,yes
2026-10-06T11:09:36.752346Z,0.7600,1.38,no
2026-10-06T11:09:37.87084Z,0.7600,270.14,no
2026-10-06T11:09:40.209006Z,0.7700,2.55,yes
2026-10-06T11:09:40.356715Z,0.7700,0.17,yes
2026-10-06T11:09:40.855739Z,0.7600,223.63,no
2026-10-06T11:09:43.443889Z,0.7700,12.64,yes
2026-10-06T11:09:43.494142Z,0.7700,4.40,yes
2026-10-06T11:09:43.681062Z,0.7700,0.01,yes
2026-10-06T11:09:44.301388Z,0.7600,14.64,no
2026-10-06T11:09:47.226682Z,0.7700,8.00,yes
2026-10-06T11:09:48.229305Z,0.7600,35.60,no
2026-10-06T11:09:49.377658Z,0.7600,64.82,no
2026-10-06T11:09:53.250743Z,0.7600,394.09,no
2026-10-06T11:09:53.307664Z,0.7700,25.56,yes
2026-10-06T11:09:54.326872Z,0.7700,101.18,yes
2026-10-06T11:09:56.744025Z,0.7600,59.51,no
2026-10-06T11:09:58.897002Z,0.7700,4.08,yes
2026-10-06T11:09:59.795092Z,0.7600,254.45,no
2026-10-06T11:10:01.757227Z,0.7600,3.01,no
2026-10-06T11:10:02.861848Z,0.7600,329.94,no
2026-10-06T11:10:03.130144Z,0.7700,6.39,yes
2026-10-06T11:10:06.433784Z,0.7600,380.04,no
2026-10-06T11:10:06.885957Z,0.7700,39.62,yes
2026-10-06T11:10:07.859656Z,0.7600,34.00,no
2026-10-06T11:10:07.947522Z,0.7700,10.00,yes
2026-10-06T11:10:09.059489Z,0.7600,230.40,no
2026-10-06T11:10:09.837738Z,0.7700,25.56,yes
2026-10-06T11:10:09.954209Z,0.7700,1.27,yes
2026-10-06T11:10:12.178618Z,0.7600,29.55,no
2026-10-06T11:10:13.085851Z,0.7700,50.00,yes
2026-10-06T11:10:14.627521Z,0.7700,12.64,yes
2026-10-06T11:10:14.628403Z,0.7700,12.77,yes
2026-10-06T11:10:14.755832Z,0.7700,0.01,yes
2026-10-06T11:10:16.15946Z,0.7700,1.87,yes
2026-10-06T11:10:19.515838Z,0.7700,27.62,yes
2026-10-06T11:10:19.690451Z,0.7700,0.07,yes
2026-10-06T11:10:20.370288Z,0.7700,35.78,yes
2026-10-06T11:10:22.765075Z,0.7600,51.28,no
2026-10-06T11:10:25.853916Z,0.7700,2.51,yes
2026-10-06T11:10:25.981853Z,0.7700,0.01,yes
2026-10-06T11:10:28.061521Z,0.7500,900.58,no
2026-10-06T11:10:28.061521Z,0.7600,37.00,no
2026-10-06T11:10:28.061521Z,0.7500,8000.00,no
2026-10-06T11:10:28.061521Z,0.7500,124.77,no
2026-10-06T11:10:28.061521Z,0.7600,100.00,no
2026-10-06T11:10:28.061521Z,0.7500,536.00,no
2026-10-06T11:10:28.061521Z,0.7600,0.01,no
2026-10-06T11:10:28.061521Z,0.7500,0.01,no
2026-10-06T11:10:28.061521Z,0.7500,500.00,no
2026-10-06T11:10:28.061521Z,0.7500,90.00,no
2026-10-06T11:10:28.061521Z,0.7500,78.80,no
2026-10-06T11:10:28.061521Z,0.7500,828.00,no
2026-10-06T11:10:28.061521Z,0.7500,500.00,no
2026-10-06T11:10:28.061521Z,0.7500,500.00,no
2026-10-06T11:10:29.6453Z,0.7600,0.01,yes
2026-10-06T11:10:29.6453Z,0.7700,33.21,yes
2026-10-06T11:10:29.95435Z,0.7500,127.22,no
2026-10-06T11:10:37.186643Z,0.7600,0.01,yes
2026-10-06T11:10:37.186643Z,0.7700,1.45,yes
2026-10-06T11:10:41.737093Z,0.7600,0.01,yes
2026-10-06T11:10:41.737093Z,0.7700,6.37,yes
2026-10-06T11:10:42.515845Z,0.7600,0.01,yes
2026-10-06T11:10:42.515845Z,0.7700,11.49,yes
2026-10-06T11:10:45.914124Z,0.7600,0.01,yes
2026-10-06T11:10:45.914124Z,0.7700,150.79,yes
2026-10-06T11:10:49.543778Z,0.7500,17.37,no
2026-10-06T11:10:51.285939Z,0.7500,9.15,no
2026-10-06T11:10:56.191828Z,0.7600,0.01,yes
2026-10-06T11:10:56.191828Z,0.7700,112.80,yes
2026-10-06T11:10:59.696147Z,0.7700,12.78,yes
2026-10-06T11:11:01.216785Z,0.7500,0.77,no
2026-10-06T11:11:04.156789Z,0.7700,6.39,yes
2026-10-06T11:11:04.158021Z,0.7500,18.56,no
2026-10-06T11:11:06.707318Z,0.7500,39.62,no
2026-10-06T11:11:07.897778Z,0.7700,13.50,yes
2026-10-06T11:11:08.343907Z,0.7700,31.95,yes
2026-10-06T11:11:09.805953Z,0.7500,26.36,no
2026-10-06T11:11:09.805953Z,0.7500,10.00,no
2026-10-06T11:11:09.805953Z,0.7500,36.00,no
2026-10-06T11:11:10.273728Z,0.7400,55.59,no
2026-10-06T11:11:13.039704Z,0.7200,1.79,no
2026-10-06T11:11:13.994932Z,0.7100,1.00,no
2026-10-06T11:11:13.994932Z,0.7000,6.64,no
2026-10-06T11:11:13.994932Z,0.7000,30.00,no
2026-10-06T11:11:16.365204Z,0.7100,31.00,no
2026-10-06T11:11:16.365204Z,0.7100,1.00,no
2026-10-06T11:11:16.365204Z,0.7000,186.00,no
2026-10-06T11:11:17.757329Z,0.6800,427.00,no
2026-10-06T11:11:20.282902Z,0.6800,71.19,no
2026-10-06T11:11:21.423672Z,0.6800,1.27,no
2026-10-06T11:11:23.827736Z,0.6900,1.00,yes
2026-10-06T11:11:23.827736Z,0.6900,6.09,yes
2026-10-06T11:11:24.665523Z,0.6800,229.39,no
2026-10-06T11:11:24.665523Z,0.6800,0.54,no
2026-10-06T11:11:24.95867Z,0.6800,47.10,no
2026-10-06T11:11:26.077305Z,0.6900,35.46,yes
2026-10-06T11:11:27.58336Z,0.6800,88.11,no
2026-10-06T11:11:29.82978Z,0.6800,160.73,no
2026-10-06T11:11:29.82978Z,0.6800,32.00,no
2026-10-06T11:11:29.82978Z,0.6800,135.40,no
2026-10-06T11:11:30.022148Z,0.6800,155.93,no
2026-10-06T11:11:30.100863Z,0.6800,240.09,no
2026-10-06T11:11:30.156385Z,0.6800,6.28,no
2026-10-06T11:11:32.672928Z,0.6800,15.26,no
2026-10-06T11:11:39.074715Z,0.6700,17.38,no
2026-10-06T11:11:39.444725Z,0.6500,7.76,no
2026-10-06T11:11:39.444725Z,0.6700,17.38,no
2026-10-06T11:11:39.444725Z,0.6600,0.01,no
2026-10-06T11:11:39.444725Z,0.6700,11.62,no
2026-10-06T11:11:39.444725Z,0.6700,0.01,no
2026-10-06T11:11:39.444725Z,0.6600,25.00,no
2026-10-06T11:11:41.84612Z,0.6900,0.17,yes
2026-10-06T11:11:41.84612Z,0.6900,3.00,yes
2026-10-06T11:11:41.84612Z,0.6900,3.00,yes
2026-10-06T11:11:41.84612Z,0.6900,1.00,yes
2026-10-06T11:11:41.84612Z,0.6900,1.00,yes
2026-10-06T11:11:41.84612Z,0.6900,1.00,yes
2026-10-06T11:11:41.84612Z,0.6900,1.00,yes
2026-10-06T11:11:41.84612Z,0.6900,1.00,yes
2026-10-06T11:11:41.84612Z,0.6900,0.01,yes
2026-10-06T11:11:41.84612Z,0.6900,1.00,yes
2026-10-06T11:11:41.84612Z,0.6900,1.00,yes
2026-10-06T11:11:41.84612Z,0.6900,1.00,yes
2026-10-06T11:11:42.127193Z,0.6500,72.85,no
2026-10-06T11:11:42.321165Z,0.6900,1.00,yes
2026-10-06T11:11:42.321165Z,0.6900,7.00,yes
2026-10-06T11:11:42.321165Z,0.6900,5.00,yes
2026-10-06T11:11:42.321165Z,0.7000,2.00,yes
2026-10-06T11:11:42.321165Z,0.7000,2.00,yes
2026-10-06T11:11:42.321165Z,0.7000,1.00,yes
2026-10-06T11:11:42.321165Z,0.6900,3.00,yes
2026-10-06T11:11:42.321165Z,0.6900,0.83,yes
2026-10-06T11:11:42.321165Z,0.7100,1.00,yes
2026-10-06T11:11:42.321165Z,0.7000,4.00,yes
2026-10-06T11:11:42.321165Z,0.7100,1.00,yes
2026-10-06T11:11:42.321165Z,0.7100,10.49,yes
2026-10-06T11:11:42.321165Z,0.7000,1.00,yes
2026-10-06T11:11:42.321165Z,0.7000,1.00,yes
2026-10-06T11:11:42.321165Z,0.7000,1.00,yes
2026-10-06T11:11:43.145767Z,0.7000,3.00,yes
2026-10-06T11:11:43.145767Z,0.6900,1.00,yes
2026-10-06T11:11:43.145767Z,0.7100,2.00,yes
2026-10-06T11:11:43.145767Z,0.6900,2.00,yes
2026-10-06T11:11:43.145767Z,0.7100,1.00,yes
2026-10-06T11:11:43.145767Z,0.6900,1.00,yes
2026-10-06T11:11:43.145767Z,0.7000,3.00,yes
2026-10-06T11:11:43.145767Z,0.7000,1.00,yes
2026-10-06T11:11:43.145767Z,0.7100,4.00,yes
2026-10-06T11:11:43.145767Z,0.6900,2.00,yes
2026-10-06T11:11:43.145767Z,0.7200,1.00,yes
2026-10-06T11:11:43.145767Z,0.7100,1.00,yes
2026-10-06T11:11:43.145767Z,0.7200,21.83,yes
2026-10-06T11:11:43.145767Z,0.7100,1.00,yes
2026-10-06T11:11:43.145767Z,0.7100,1.00,yes
2026-10-06T11:11:43.145767Z,0.7100,1.00,yes
2026-10-06T11:11:43.145767Z,0.7100,0.51,yes
2026-10-06T11:11:43.145767Z,0.7100,11.94,yes
2026-10-06T11:11:43.145767Z,0.7200,1.00,yes
2026-10-06T11:11:43.145767Z,0.7200,6.00,yes
2026-10-06T11:11:43.145767Z,0.7200,1.00,yes
2026-10-06T11:11:43.145767Z,0.7200,1.00,yes
2026-10-06T11:11:43.145767Z,0.7100,1.00,yes
2026-10-06T11:11:43.145767Z,0.7100,1.00,yes
2026-10-06T11:11:43.145767Z,0.7200,1.00,yes
2026-10-06T11:11:43.145767Z,0.7100,1.00,yes
2026-10-06T11:11:43.145767Z,0.7100,1.00,yes
2026-10-06T11:11:43.145767Z,0.7200,1.00,yes
2026-10-06T11:11:43.433917Z,0.6400,28.45,no
2026-10-06T11:11:43.433917Z,0.6500,0.01,no
2026-10-06T11:11:43.433917Z,0.6500,11.69,no
2026-10-06T11:11:44.836476Z,0.6400,28.45,no
2026-10-06T11:11:44.836476Z,0.6300,0.01,no
2026-10-06T11:11:44.836476Z,0.6300,1.00,no
2026-10-06T11:11:44.836476Z,0.6200,0.01,no
2026-10-06T11:11:44.836476Z,0.6300,79.23,no
2026-10-06T11:11:44.836476Z,0.6400,0.01,no
2026-10-06T11:11:44.836476Z,0.6200,62.02,no
2026-10-06T11:11:44.836476Z,0.6400,2.55,no
2026-10-06T11:11:50.073562Z,0.7100,2.02,yes
2026-10-06T11:11:50.073562Z,0.7100,3.00,yes
2026-10-06T11:11:50.073562Z,0.7100,1.00,yes
2026-10-06T11:11:50.073562Z,0.7100,5.00,yes
2026-10-06T11:11:50.073562Z,0.7100,0.01,yes
2026-10-06T11:11:50.073562Z,0.7100,0.01,yes
2026-10-06T11:11:50.249644Z,0.6400,1.00,no
2026-10-06T11:11:50.249644Z,0.6400,0.01,no
2026-10-06T11:11:50.249644Z,0.6300,31.54,no
2026-10-06T11:11:50.249644Z,0.6400,15.00,no
2026-10-06T11:11:50.556598Z,0.7400,1.00,yes
2026-10-06T11:11:50.556598Z,0.7500,2.00,yes
2026-10-06T11:11:50.556598Z,0.7200,2.00,yes
2026-10-06T11:11:50.556598Z,0.7500,70.00,yes
2026-10-06T11:11:50.556598Z,0.7500,1.00,yes
2026-10-06T11:11:50.556598Z,0.7500,1.00,yes
2026-10-06T11:11:50.556598Z,0.7500,1.00,yes
2026-10-06T11:11:50.556598Z,0.7300,1.00,yes
2026-10-06T11:11:50.556598Z,0.7300,1.00,yes
2026-10-06T11:11:50.556598Z,0.7400,1.00,yes
2026-10-06T11:11:50.556598Z,0.7300,2.00,yes
2026-10-06T11:11:50.556598Z,0.7500,2.00,yes
2026-10-06T11:11:50.556598Z,0.7400,1.00,yes
2026-10-06T11:11:50.556598Z,0.7400,1.00,yes
2026-10-06T11:11:50.556598Z,0.7300,1.00,yes
2026-10-06T11:11:50.556598Z,0.7400,2.00,yes
2026-10-06T11:11:50.556598Z,0.7300,1.00,yes
2026-10-06T11:11:50.556598Z,0.7500,1.00,yes
2026-10-06T11:11:50.556598Z,0.7400,7.00,yes
2026-10-06T11:11:50.556598Z,0.7300,15.00,yes
2026-10-06T11:11:50.556598Z,0.7500,13.00,yes
2026-10-06T11:11:50.556598Z,0.7100,3.00,yes
2026-10-06T11:11:50.556598Z,0.7400,6.00,yes
2026-10-06T11:11:50.556598Z,0.7100,4.00,yes
2026-10-06T11:11:50.556598Z,0.7400,22.00,yes
2026-10-06T11:11:50.556598Z,0.7100,5.00,yes
2026-10-06T11:11:50.556598Z,0.7100,3.98,yes
2026-10-06T11:11:50.556598Z,0.7100,1.00,yes
2026-10-06T11:11:50.556598Z,0.7200,2.00,yes
2026-10-06T11:11:50.556598Z,0.7400,1.00,yes
2026-10-06T11:11:50.556598Z,0.7200,1.00,yes
2026-10-06T11:11:50.556598Z,0.7400,1.00,yes
2026-10-06T11:11:50.556598Z,0.7200,2.00,yes
2026-10-06T11:11:50.556598Z,0.7200,2.00,yes
2026-10-06T11:11:50.556598Z,0.7400,18.87,yes
2026-10-06T11:11:50.556598Z,0.7500,43.89,yes
2026-10-06T11:11:50.556598Z,0.7200,0.01,yes
2026-10-06T11:11:50.556598Z,0.7400,10.00,yes
2026-10-06T11:11:50.556598Z,0.7200,1.00,yes
2026-10-06T11:11:51.626117Z,0.6300,0.46,no
2026-10-06T11:11:51.626117Z,0.6300,0.01,no
2026-10-06T11:11:51.626117Z,0.6300,31.54,no
2026-10-06T11:11:51.626117Z,0.6300,16.00,no
2026-10-06T11:11:51.627144Z,0.6200,5.00,no
2026-10-06T11:11:51.627144Z,0.6200,0.01,no
2026-10-06T11:11:51.627144Z,0.6200,129.66,no
2026-10-06T11:11:51.627144Z,0.6200,79.80,no
2026-10-06T11:11:51.630319Z,0.6100,4.98,no
2026-10-06T11:11:51.630319Z,0.6100,0.01,no
2026-10-06T11:11:51.630319Z,0.6100,0.01,no
2026-10-06T11:11:52.273439Z,0.6100,6.42,yes
2026-10-06T11:11:52.273439Z,0.6100,1.00,yes
2026-10-06T11:11:53.889184Z,0.6000,0.01,no
2026-10-06T11:11:53.889184Z,0.6000,41.71,no
2026-10-06T11:11:56.100617Z,0.6100,199.47,yes
2026-10-06T11:11:57.327911Z,0.6000,7.96,no
2026-10-06T11:11:59.13131Z,0.6000,130.99,no
2026-10-06T11:11:59.905193Z,0.6000,76.27,no
2026-10-06T11:11:59.905193Z,0.6000,319.34,no
2026-10-06T11:12:00.320824Z,0.6100,39.89,yes
2026-10-06T11:12:01.678187Z,0.6000,12.03,no
2026-10-06T11:12:01.894677Z,0.6000,29.25,no
2026-10-06T11:12:01.894677Z,0.6000,32.00,no
2026-10-06T11:12:01.894677Z,0.6000,411.70,no
2026-10-06T11:12:01.89749Z,0.6000,100.06,no
2026-10-06T11:12:02.44906Z,0.6000,619.89,no
2026-10-06T11:12:03.80067Z,0.6100,15.95,yes
2026-10-06T11:12:04.833063Z,0.6100,23.93,yes
2026-10-06T11:12:06.058871Z,0.6100,7.97,yes
2026-10-06T11:12:06.323625Z,0.6000,230.13,no
2026-10-06T11:12:06.841453Z,0.6000,35.79,no
2026-10-06T11:12:07.372415Z,0.6000,139.89,no
2026-10-06T11:12:08.016704Z,0.6100,15.95,yes
2026-10-06T11:12:08.926592Z,0.6000,3368.40,no
2026-10-06T11:12:09.111148Z,0.6000,739.80,no
2026-10-06T11:12:12.761784Z,0.6000,581.59,no
2026-10-06T11:12:12.761784Z,0.6000,69.79,no
2026-10-06T11:12:15.99421Z,0.5900,124.06,no
2026-10-06T11:12:15.99421Z,0.5900,500.00,no
2026-10-06T11:12:15.99421Z,0.5900,500.00,no
2026-10-06T11:12:15.99421Z,0.5900,0.01,no
2026-10-06T11:12:16.53041Z,0.5900,176.15,no
2026-10-06T11:12:17.502215Z,0.5900,2.77,no
2026-10-06T11:12:19.64615Z,0.6100,19.70,yes
2026-10-06T11:12:19.64615Z,0.6000,0.01,yes
2026-10-06T11:12:19.64615Z,0.6000,0.01,yes
2026-10-06T11:12:19.64615Z,0.5900,1.00,yes
2026-10-06T11:12:19.64615Z,0.5900,0.01,yes
2026-10-06T11:12:19.64615Z,0.6100,0.01,yes
2026-10-06T11:12:19.64615Z,0.6100,0.01,yes
2026-10-06T11:12:23.800692Z,0.5700,10.23,no
2026-10-06T11:12:23.800692Z,0.5800,0.01,no
2026-10-06T11:12:23.800692Z,0.5700,0.01,no
2026-10-06T11:12:29.764646Z,0.5600,30.00,no
2026-10-06T11:12:29.764646Z,0.5500,10.35,no
2026-10-06T11:12:29.764646Z,0.5700,0.01,no
2026-10-06T11:12:29.764646Z,0.5500,0.01,no
2026-10-06T11:12:29.764646Z,0.5600,0.01,no
2026-10-06T11:12:30.767374Z,0.5500,6.39,no
2026-10-06T11:12:31.809768Z,0.5400,8.54,no
2026-10-06T11:12:31.809768Z,0.5500,34.00,no
2026-10-06T11:12:31.809768Z,0.5500,0.01,no
2026-10-06T11:12:31.809768Z,0.5400,0.01,no
2026-10-06T11:12:34.657421Z,0.6100,61.54,yes
2026-10-06T11:12:34.657421Z,0.6100,11.48,yes
2026-10-06T11:12:34.657421Z,0.6000,1.00,yes
2026-10-06T11:12:34.657421Z,0.6000,1.00,yes
2026-10-06T11:12:34.657421Z,0.6000,9.00,yes
2026-10-06T11:12:34.657421Z,0.6000,1.00,yes
2026-10-06T11:12:34.657421Z,0.6000,1.00,yes
2026-10-06T11:12:34.657421Z,0.6000,5.00,yes
2026-10-06T11:12:34.657421Z,0.6000,0.01,yes
2026-10-06T11:12:34.657421Z,0.6000,0.01,yes
2026-10-06T11:12:34.657421Z,0.6100,0.01,yes
2026-10-06T11:12:34.657421Z,0.6100,0.01,yes
2026-10-06T11:12:34.657421Z,0.6000,5.00,yes
2026-10-06T11:12:34.657421Z,0.6000,25.00,yes
2026-10-06T11:12:34.657421Z,0.6000,4.00,yes
2026-10-06T11:12:34.657421Z,0.6100,18.00,yes
2026-10-06T11:12:34.657421Z,0.6000,2.00,yes
2026-10-06T11:12:34.657421Z,0.6100,1.00,yes
2026-10-06T11:12:34.877685Z,0.5500,25.00,no
2026-10-06T11:12:34.877685Z,0.5400,22.00,no
2026-10-06T11:12:34.877685Z,0.5500,34.00,no
2026-10-06T11:12:34.877685Z,0.5400,172.45,no
2026-10-06T11:12:36.231761Z,0.5400,8.97,yes
2026-10-06T11:12:38.034451Z,0.5400,89.70,yes
2026-10-06T11:12:40.089669Z,0.5400,80.11,yes
2026-10-06T11:12:43.098741Z,0.5200,121.98,no
2026-10-06T11:12:43.098741Z,0.5300,150.94,no
2026-10-06T11:12:43.098741Z,0.5300,0.01,no
2026-10-06T11:12:43.098741Z,0.5200,0.01,no
2026-10-06T11:12:43.651728Z,0.5200,128.37,no
2026-10-06T11:12:43.651728Z,0.5200,378.02,no
2026-10-06T11:12:44.683038Z,0.5200,263.95,no
2026-10-06T11:12:45.091077Z,0.5200,107.68,no
2026-10-06T11:12:45.091077Z,0.5200,105.58,no
2026-10-06T11:12:46.973586Z,0.5300,21.52,yes
2026-10-06T11:12:47.381114Z,0.5100,225.40,no
2026-10-06T11:12:47.381114Z,0.5100,0.01,no
2026-10-06T11:12:48.240116Z,0.5200,16.25,yes
2026-10-06T11:12:48.240116Z,0.5200,0.01,yes
2026-10-06T11:12:48.240116Z,0.5200,26.21,yes
2026-10-06T11:12:48.508602Z,0.5100,62.16,no
2026-10-06T11:12:48.546936Z,0.5100,13.50,no
2026-10-06T11:12:48.68108Z,0.5100,50.44,no
2026-10-06T11:12:48.68108Z,0.5100,19.50,no
2026-10-06T11:12:49.021869Z,0.5100,31.19,no
2026-10-06T11:12:50.109919Z,0.5000,271.95,no
2026-10-06T11:12:50.61541Z,0.4900,22.00,no
2026-10-06T11:12:50.61541Z,0.4900,6.78,no
2026-10-06T11:12:54.619644Z,0.4900,67.27,no
2026-10-06T11:12:54.619644Z,0.5000,35.00,no
2026-10-06T11:12:54.619644Z,0.5000,9.00,no
2026-10-06T11:12:54.640056Z,0.4900,19.06,no
2026-10-06T11:12:54.83834Z,0.5200,1.00,yes
2026-10-06T11:12:54.83834Z,0.5200,0.01,yes
2026-10-06T11:12:54.83834Z,0.5200,14.15,yes
2026-10-06T11:12:55.370952Z,0.4900,128.45,no
2026-10-06T11:12:57.527616Z,0.5000,96.61,yes
2026-10-06T11:12:58.714909Z,0.5000,3.86,yes
2026-10-06T11:13:15.116563Z,0.4800,39.55,no
2026-10-06T11:13:15.884655Z,0.4800,183.08,no
2026-10-06T11:13:16.513367Z,0.4800,78.91,no
2026-10-06T11:13:22.988026Z,0.4800,20.11,no
2026-10-06T11:13:26.109787Z,0.4800,169.99,no
2026-10-06T11:13:28.877374Z,0.4800,2.33,no
2026-10-06T11:13:28.877374Z,0.4800,8.36,no
2026-10-06T11:13:32.032024Z,0.4900,23.06,yes
2026-10-06T11:13:32.032024Z,0.4900,174.00,yes
2026-10-06T11:13:32.509278Z,0.4900,19.70,yes
2026-10-06T11:13:36.005412Z,0.4900,49.26,yes
2026-10-06T11:13:37.273537Z,0.4900,1.97,yes
2026-10-06T11:13:38.620014Z,0.4900,9.85,yes
2026-10-06T11:13:39.366432Z,0.4800,35.23,no
2026-10-06T11:13:45.641026Z,0.4900,49.26,yes
2026-10-06T11:13:47.193794Z,0.4900,9.85,yes
2026-10-06T11:13:48.223923Z,0.4900,43.03,yes
2026-10-06T11:13:51.409066Z,0.4900,49.26,yes
2026-10-06T11:13:57.986522Z,0.4800,4.99,no
2026-10-06T11:13:57.986522Z,0.4800,0.01,no
2026-10-06T11:13:58.179873Z,0.4900,70.52,yes
2026-10-06T11:13:58.179873Z,0.4900,28.00,yes
2026-10-06T11:14:03.209057Z,0.4900,29.55,yes
2026-10-06T11:14:04.4684Z,0.4800,5.00,no
2026-10-06T11:14:04.619517Z,0.4900,1.00,yes
2026-10-06T11:14:04.619517Z,0.4900,28.00,yes
2026-10-06T11:14:04.619517Z,0.4900,121.98,yes
2026-10-06T11:14:04.619517Z,0.4900,112.74,yes
2026-10-06T11:14:04.619517Z,0.5000,327.77,yes
2026-10-06T11:14:04.619517Z,0.5000,7.55,yes
2026-10-06T11:14:04.619517Z,0.4900,1.00,yes
2026-10-06T11:14:04.619517Z,0.4900,174.00,yes
2026-10-06T11:14:04.619517Z,0.5000,10.00,yes
2026-10-06T11:14:04.619517Z,0.4900,20.00,yes
2026-10-06T11:14:04.619517Z,0.4900,4.00,yes
2026-10-06T11:14:05.760287Z,0.4800,40.01,no
2026-10-06T11:14:05.760287Z,0.4500,0.01,no
2026-10-06T11:14:05.760287Z,0.4600,0.01,no
2026-10-06T11:14:05.760287Z,0.4300,29.08,no
2026-10-06T11:14:05.760287Z,0.4400,0.01,no
2026-10-06T11:14:05.760287Z,0.4500,10.00,no
2026-10-06T11:14:09.497797Z,0.4800,2.49,yes
2026-10-06T11:14:10.319646Z,0.4200,12.00,no
2026-10-06T11:14:10.319646Z,0.4200,47.61,no
2026-10-06T11:14:10.332279Z,0.4000,46.00,no
2026-10-06T11:14:10.332279Z,0.3900,4.00,no
2026-10-06T11:14:10.332279Z,0.3900,0.01,no
2026-10-06T11:14:14.622115Z,0.3700,147.52,no
2026-10-06T11:14:15.601425Z,0.3800,4.94,yes
2026-10-06T11:14:16.354743Z,0.3700,74.69,no
2026-10-06T11:14:16.399622Z,0.3800,12.61,yes
2026-10-06T11:14:16.924357Z,0.3700,254.75,no
2026-10-06T11:14:17.51479Z,0.3600,112.81,no
2026-10-06T11:14:17.7856Z,0.3600,5.98,no
2026-10-06T11:14:20.136241Z,0.3600,25.21,no
2026-10-06T11:14:20.136241Z,0.3600,24.79,no
2026-10-06T11:14:20.369759Z,0.3700,129.42,yes
2026-10-06T11:14:20.459906Z,0.3700,64.71,yes
2026-10-06T11:14:20.563164Z,0.3600,5.31,no
2026-10-06T11:14:20.578022Z,0.3600,37.11,no
2026-10-06T11:14:22.033661Z,0.3700,207.08,yes
2026-10-06T11:14:22.499404Z,0.3700,647.21,yes
2026-10-06T11:14:22.776352Z,0.3700,25.88,yes
2026-10-06T11:14:23.386524Z,0.3700,87.64,yes
2026-10-06T11:14:24.707565Z,0.3700,51.77,yes
2026-10-06T11:14:25.014347Z,0.3700,12.94,yes
2026-10-06T11:14:26.591154Z,0.3700,12.94,yes
2026-10-06T11:14:30.829576Z,0.3700,258.85,yes
2026-10-06T11:14:32.632077Z,0.3600,4.40,no
2026-10-06T11:14:32.776103Z,0.3700,116.48,yes
2026-10-06T11:14:32.782639Z,0.3700,31.06,yes
2026-10-06T11:14:36.927697Z,0.3700,23.07,yes
2026-10-06T11:14:36.927697Z,0.3700,29.00,yes
2026-10-06T11:14:36.927697Z,0.3700,17.00,yes
2026-10-06T11:14:36.927697Z,0.3700,0.01,yes
2026-10-06T11:14:38.5711Z,0.3700,0.01,yes
2026-10-06T11:14:38.5711Z,0.3900,5.00,yes
2026-10-06T11:14:38.5711Z,0.3900,19.00,yes
2026-10-06T11:14:38.5711Z,0.4000,5.21,yes
2026-10-06T11:14:38.5711Z,0.3800,0.01,yes
2026-10-06T11:14:38.5711Z,0.4000,0.01,yes
2026-10-06T11:14:38.5711Z,0.3900,0.01,yes
2026-10-06T11:14:38.5711Z,0.3900,0.01,yes
2026-10-06T11:14:38.5711Z,0.3800,0.01,yes
2026-10-06T11:14:38.5711Z,0.3900,5.00,yes
2026-10-06T11:14:38.5711Z,0.4000,0.01,yes
2026-10-06T11:14:40.56519Z,0.4100,28.00,yes
2026-10-06T11:14:40.56519Z,0.4000,14.79,yes
2026-10-06T11:14:40.56519Z,0.4000,5.00,yes
2026-10-06T11:14:40.56519Z,0.3900,3.00,yes
2026-10-06T11:14:40.56519Z,0.3900,14.00,yes
2026-10-06T11:14:40.56519Z,0.3900,5.00,yes
2026-10-06T11:14:40.56519Z,0.4100,20.00,yes
2026-10-06T11:14:40.56519Z,0.4000,0.01,yes
2026-10-06T11:14:40.56519Z,0.3900,0.01,yes
2026-10-06T11:14:40.56519Z,0.4200,19.50,yes
2026-10-06T11:14:40.56519Z,0.4100,0.01,yes
2026-10-06T11:14:40.56519Z,0.4200,0.01,yes
2026-10-06T11:14:40.56519Z,0.4100,0.01,yes
2026-10-06T11:14:40.56519Z,0.4200,20.00,yes
2026-10-06T11:14:41.182057Z,0.4200,5.00,yes
2026-10-06T11:14:41.182057Z,0.4200,5.00,yes
2026-10-06T11:14:41.182057Z,0.4100,19.00,yes
2026-10-06T11:14:41.182057Z,0.4200,9.70,yes
2026-10-06T11:14:41.182057Z,0.4100,5.00,yes
2026-10-06T11:14:41.869014Z,0.4100,2.28,yes
2026-10-06T11:14:42.361363Z,0.4100,1.00,yes
2026-10-06T11:14:42.361363Z,0.4100,11.72,yes
2026-10-06T11:14:42.361363Z,0.4200,5.00,yes
2026-10-06T11:14:42.361363Z,0.4200,9.00,yes
2026-10-06T11:14:42.361363Z,0.4100,5.00,yes
2026-10-06T11:14:42.361363Z,0.4200,5.00,yes
2026-10-06T11:14:42.361363Z,0.4200,10.30,yes
2026-10-06T11:14:42.361363Z,0.4300,20.00,yes
2026-10-06T11:14:42.361363Z,0.4300,0.01,yes
2026-10-06T11:14:42.361363Z,0.4300,0.01,yes
2026-10-06T11:14:42.361363Z,0.4300,1.49,yes
2026-10-06T11:14:44.819082Z,0.4300,17.24,yes
2026-10-06T11:14:45.581252Z,0.4300,4.00,yes
2026-10-06T11:14:45.581252Z,0.4300,1.00,yes
2026-10-06T11:14:45.581252Z,0.4300,11.83,yes
2026-10-06T11:14:45.581252Z,0.4300,5.00,yes
2026-10-06T11:14:45.581252Z,0.4300,0.53,yes
2026-10-06T11:14:46.007262Z,0.4400,1.00,yes
2026-10-06T11:14:46.007262Z,0.4400,2.00,yes
2026-10-06T11:14:46.007262Z,0.4600,63.47,yes
2026-10-06T11:14:46.007262Z,0.4400,1.00,yes
2026-10-06T11:14:46.007262Z,0.4500,4.00,yes
2026-10-06T11:14:46.007262Z,0.4600,3.00,yes
2026-10-06T11:14:46.007262Z,0.4600,102.00,yes
2026-10-06T11:14:46.007262Z,0.4400,1.00,yes
2026-10-06T11:14:46.007262Z,0.4300,8.17,yes
2026-10-06T11:14:46.007262Z,0.4500,26.00,yes
2026-10-06T11:14:46.007262Z,0.4300,11.00,yes
2026-10-06T11:14:46.007262Z,0.4400,20.17,yes
2026-10-06T11:14:46.007262Z,0.4300,5.00,yes
2026-10-06T11:14:46.007262Z,0.4300,5.00,yes
2026-10-06T11:14:46.007262Z,0.4500,1.00,yes
2026-10-06T11:14:46.007262Z,0.4500,50.50,yes
2026-10-06T11:14:46.007262Z,0.4400,0.01,yes
2026-10-06T11:14:46.007262Z,0.4400,20.00,yes
2026-10-06T11:14:46.007262Z,0.4500,0.01,yes
2026-10-06T11:14:46.007262Z,0.4600,20.00,yes
2026-10-06T11:14:46.007262Z,0.4600,0.01,yes
2026-10-06T11:14:46.007262Z,0.4500,20.00,yes
2026-10-06T11:14:46.985065Z,0.4600,1.00,yes
2026-10-06T11:14:46.985065Z,0.4700,4.00,yes
2026-10-06T11:14:46.985065Z,0.4600,20.00,yes
2026-10-06T11:14:46.985065Z,0.4500,5.00,yes
2026-10-06T11:14:46.985065Z,0.4600,191.00,yes
2026-10-06T11:14:46.985065Z,0.4600,95.75,yes
2026-10-06T11:14:46.985065Z,0.4700,423.28,yes
2026-10-06T11:14:46.985065Z,0.4400,16.00,yes
2026-10-06T11:14:46.985065Z,0.4400,27.00,yes
2026-10-06T11:14:46.985065Z,0.4500,1.00,yes
2026-10-06T11:14:46.985065Z,0.4500,20.63,yes
2026-10-06T11:14:46.985065Z,0.4500,5.00,yes
2026-10-06T11:14:46.985065Z,0.4600,4.00,yes
2026-10-06T11:14:46.985065Z,0.4500,20.00,yes
2026-10-06T11:14:46.985065Z,0.4400,4.00,yes
2026-10-06T11:14:46.985065Z,0.4700,21.00,yes
2026-10-06T11:14:46.985065Z,0.4700,20.00,yes
2026-10-06T11:14:46.985065Z,0.4700,0.01,yes
2026-10-06T11:14:48.487405Z,0.4500,0.02,yes
2026-10-06T11:14:55.451255Z,0.4400,4.00,yes
2026-10-06T11:14:55.451255Z,0.4400,2.00,yes
2026-10-06T11:14:55.451255Z,0.4300,5.00,yes
2026-10-06T11:14:55.451255Z,0.4300,3.00,yes
2026-10-06T11:14:55.451255Z,0.4300,5.00,yes
2026-10-06T11:14:55.464989Z,0.4400,8.25,yes
2026-10-06T11:14:55.464989Z,0.4500,26.00,yes
2026-10-06T11:14:55.464989Z,0.4500,3.00,yes
2026-10-06T11:14:55.464989Z,0.4500,4.98,yes
2026-10-06T11:14:55.464989Z,0.4500,5.00,yes
2026-10-06T11:14:55.464989Z,0.4500,18.00,yes
2026-10-06T11:14:55.467988Z,0.4600,75.00,yes
2026-10-06T11:14:55.467988Z,0.4600,130.48,yes
2026-10-06T11:14:55.467988Z,0.4600,3.00,yes
2026-10-06T11:14:55.467988Z,0.4600,5.00,yes
2026-10-06T11:14:55.467988Z,0.4600,21.40,yes
2026-10-06T11:14:56.581326Z,0.4700,0.01,yes
2026-10-06T11:14:56.581326Z,0.4700,5.00,yes
2026-10-06T11:14:56.581326Z,0.4800,0.01,yes
2026-10-06T11:14:56.581326Z,0.4800,34.53,yes
2026-10-06T11:14:58.604076Z,0.4700,42.70,no
2026-10-06T11:15:02.088241Z,0.4800,201.01,yes
2026-10-06T11:15:04.373577Z,0.4700,87.64,no
2026-10-06T11:15:06.304865Z,0.4800,30.15,yes
2026-10-06T11:15:06.717345Z,0.4800,57.98,yes
2026-10-06T11:15:08.034947Z,0.4800,199.00,yes
2026-10-06T11:15:09.000089Z,0.4800,40.20,yes
2026-10-06T11:15:10.724935Z,0.4800,38.90,yes
2026-10-06T11:15:10.724935Z,0.4800,363.13,yes
2026-10-06T11:15:13.994083Z,0.4800,80.08,yes
2026-10-06T11:15:15.341774Z,0.4800,50.25,yes
2026-10-06T11:15:15.489043Z,0.4800,201.01,yes
2026-10-06T11:15:16.645106Z,0.4800,6.03,yes
2026-10-06T11:15:18.013973Z,0.4800,10.05,yes
2026-10-06T11:15:26.842235Z,0.5000,5.00,yes
2026-10-06T11:15:26.842235Z,0.5300,25.89,yes
2026-10-06T11:15:26.842235Z,0.5200,0.01,yes
2026-10-06T11:15:26.842235Z,0.5100,1.00,yes
2026-10-06T11:15:26.842235Z,0.5200,1.00,yes
2026-10-06T11:15:26.842235Z,0.5000,1.00,yes
2026-10-06T11:15:26.842235Z,0.5300,1.00,yes
2026-10-06T11:15:27.478783Z,0.5300,0.01,yes
2026-10-06T11:15:29.927171Z,0.5600,3.91,yes
2026-10-06T11:15:29.927171Z,0.5300,4.99,yes
2026-10-06T11:15:30.375363Z,0.4000,34.26,no
2026-10-06T11:15:34.822471Z,0.5500,0.44,yes
2026-10-06T11:15:36.89157Z,0.5600,5.00,yes
2026-10-06T11:15:36.89157Z,0.5600,25.00,yes
2026-10-06T11:15:36.89157Z,0.5600,5.00,yes
2026-10-06T11:15:36.89157Z,0.5800,207.77,yes
2026-10-06T11:15:36.89157Z,0.5700,1.00,yes
2026-10-06T11:15:36.89157Z,0.5700,8.77,yes
2026-10-06T11:15:39.104821Z,0.5700,24.00,yes
2026-10-06T11:15:39.104821Z,0.5700,5.00,yes
2026-10-06T11:15:39.104821Z,0.5700,11.85,yes
2026-10-06T11:15:39.104821Z,0.5700,8.28,yes
2026-10-06T11:15:39.454253Z,0.5600,0.01,yes
2026-10-06T11:15:45.317898Z,0.5700,1.15,yes
2026-10-06T11:15:45.317898Z,0.5600,25.00,yes
2026-10-06T11:15:45.317898Z,0.5600,4.99,yes
2026-10-06T11:15:45.546307Z,0.5600,5.00,yes
2026-10-06T11:15:45.546307Z,0.5600,0.19,yes
2026-10-06T11:15:46.350018Z,0.3900,6.00,no
2026-10-06T11:15:50.352489Z,0.3600,23.90,yes
2026-10-06T11:15:50.523452Z,0.3600,26.58,yes
2026-10-06T11:15:51.375021Z,0.3600,39.88,yes
2026-10-06T11:15:53.359387Z,0.3500,49.26,no
2026-10-06T11:15:54.206476Z,0.3600,47.00,yes
2026-10-06T11:15:54.206476Z,0.3600,19.46,yes
2026-10-06T11:15:56.793987Z,0.3600,159.52,yes
2026-10-06T11:15:57.288784Z,0.3600,13.13,yes
2026-10-06T11:15:58.162043Z,0.3500,496.97,no
2026-10-06T11:15:58.162043Z,0.3500,450.74,no
2026-10-06T11:15:58.509966Z,0.3600,1307.89,yes
2026-10-06T11:15:58.509966Z,0.3600,32.07,yes
2026-10-06T11:15:58.763599Z,0.3600,4.14,yes
2026-10-06T11:15:58.911562Z,0.3600,39.88,yes
2026-10-06T11:15:59.340207Z,0.3600,0.58,yes
2026-10-06T11:16:03.655813Z,0.3600,265.86,yes
2026-10-06T11:16:03.868291Z,0.3500,91.98,no
2026-10-06T11:16:03.868291Z,0.3500,3.03,no
2026-10-06T11:16:03.929174Z,0.3500,2.52,no
2026-10-06T11:16:04.120004Z,0.3500,34.28,no
2026-10-06T11:16:04.131861Z,0.3500,39.22,no
2026-10-06T11:16:04.131861Z,0.3500,2204.26,no
2026-10-06T11:16:05.240856Z,0.3600,13.29,yes
2026-10-06T11:16:06.552195Z,0.3600,1.32,yes
2026-10-06T11:16:06.83309Z,0.3600,13.29,yes
2026-10-06T11:16:09.617531Z,0.3600,265.86,yes
2026-10-06T11:16:10.357195Z,0.3600,265.86,yes
2026-10-06T11:16:12.031051Z,0.3500,4.14,no
2026-10-06T11:16:12.183002Z,0.3600,13.63,yes
2026-10-06T11:16:12.413395Z,0.3600,26.58,yes
2026-10-06T11:16:13.983393Z,0.3600,22.59,yes
2026-10-06T11:16:14.122509Z,0.3600,26.58,yes
2026-10-06T11:16:14.652124Z,0.3600,398.80,yes
2026-10-06T11:16:18.201219Z,0.3600,1.70,yes
2026-10-06T11:16:19.51618Z,0.3500,34.50,no
2026-10-06T11:16:24.727904Z,0.3500,8.97,no
2026-10-06T11:16:27.210614Z,0.3500,1.32,no
2026-10-06T11:16:27.674004Z,0.3600,1.00,yes
2026-10-06T11:16:27.674004Z,0.3600,4.00,yes
2026-10-06T11:16:28.984517Z,0.3600,0.26,yes
2026-10-06T11:16:32.689209Z,0.4000,5.00,yes
2026-10-06T11:16:32.689209Z,0.4000,18.36,yes
2026-10-06T11:16:32.689209Z,0.3700,0.01,yes
2026-10-06T11:16:32.689209Z,0.3800,0.01,yes
2026-10-06T11:16:32.689209Z,0.3900,0.01,yes
2026-10-06T11:16:32.689209Z,0.3700,0.01,yes
2026-10-06T11:16:32.689209Z,0.4000,0.01,yes
2026-10-06T11:16:32.689209Z,0.3900,0.01,yes
2026-10-06T11:16:32.689209Z,0.4000,0.01,yes
2026-10-06T11:16:32.689209Z,0.3800,0.01,yes
2026-10-06T11:16:32.689209Z,0.4100,0.01,yes
2026-10-06T11:16:32.689209Z,0.4100,0.01,yes
2026-10-06T11:16:32.689209Z,0.3600,0.01,yes
2026-10-06T11:16:32.689209Z,0.3600,10.00,yes
2026-10-06T11:16:32.689209Z,0.3600,0.01,yes
2026-10-06T11:16:32.689209Z,0.4000,1.00,yes
2026-10-06T11:16:32.689209Z,0.3800,1.00,yes
2026-10-06T11:16:32.689209Z,0.3900,1.00,yes
2026-10-06T11:16:32.689209Z,0.4000,29.00,yes
2026-10-06T11:16:32.689209Z,0.4100,7.33,yes
2026-10-06T11:16:33.631801Z,0.4200,0.01,yes
2026-10-06T11:16:33.631801Z,0.4200,0.01,yes
2026-10-06T11:16:33.631801Z,0.4100,27.00,yes
2026-10-06T11:16:33.631801Z,0.4100,5.00,yes
2026-10-06T11:16:33.631801Z,0.4000,2.00,yes
2026-10-06T11:16:33.631801Z,0.4100,3.00,yes
2026-10-06T11:16:33.631801Z,0.4200,8.25,yes
2026-10-06T11:16:33.631801Z,0.4100,1.00,yes
2026-10-06T11:16:33.631801Z,0.3900,0.01,yes
2026-10-06T11:16:33.631801Z,0.4000,0.01,yes
2026-10-06T11:16:35.313932Z,0.3900,2.45,yes
2026-10-06T11:16:38.039575Z,0.3700,10.00,yes
2026-10-06T11:16:38.039575Z,0.4200,24.71,yes
2026-10-06T11:16:38.039575Z,0.4200,27.00,yes
2026-10-06T11:16:38.039575Z,0.3900,2.00,yes
2026-10-06T11:16:38.039575Z,0.3700,0.01,yes
2026-10-06T11:16:38.039575Z,0.4100,0.01,yes
2026-10-06T11:16:38.039575Z,0.3900,0.01,yes
2026-10-06T11:16:38.039575Z,0.4200,22.00,yes
2026-10-06T11:16:38.039575Z,0.4200,0.01,yes
2026-10-06T11:16:38.039575Z,0.3900,7.55,yes
2026-10-06T11:16:38.039575Z,0.4000,0.01,yes
2026-10-06T11:16:39.098428Z,0.3900,0.01,yes
2026-10-06T11:16:39.098428Z,0.4200,1.27,yes
2026-10-06T11:16:39.098428Z,0.4000,7.00,yes
2026-10-06T11:16:39.098428Z,0.4000,0.01,yes
2026-10-06T11:16:39.098428Z,0.4100,12.00,yes
2026-10-06T11:16:39.098428Z,0.4100,3.00,yes
2026-10-06T11:16:39.098428Z,0.4100,28.00,yes
2026-10-06T11:16:39.098428Z,0.4100,0.01,yes
2026-10-06T11:16:39.098428Z,0.4200,16.29,yes
2026-10-06T11:16:45.616153Z,0.2600,12.77,no
2026-10-06T11:16:46.061503Z,0.4100,19.00,yes
2026-10-06T11:16:46.061503Z,0.4200,0.01,yes
2026-10-06T11:16:46.061503Z,0.4200,3.73,yes
2026-10-06T11:16:46.061503Z,0.4100,2.00,yes
2026-10-06T11:16:46.061503Z,0.3900,10.00,yes
2026-10-06T11:16:46.061503Z,0.3900,5.00,yes
2026-10-06T11:16:46.061503Z,0.4200,7.54,yes
2026-10-06T11:16:47.149389Z,0.4500,25.00,yes
2026-10-06T11:16:47.149389Z,0.4000,3.00,yes
2026-10-06T11:16:47.149389Z,0.4100,5.00,yes
2026-10-06T11:16:47.149389Z,0.4400,27.00,yes
2026-10-06T11:16:47.149389Z,0.4300,6.00,yes
2026-10-06T11:16:47.149389Z,0.4500,19.54,yes
2026-10-06T11:16:47.149389Z,0.4400,0.01,yes
2026-10-06T11:16:47.149389Z,0.4300,0.01,yes
2026-10-06T11:16:47.149389Z,0.4500,0.01,yes
2026-10-06T11:16:47.149389Z,0.4500,1.00,yes
2026-10-06T11:16:47.149389Z,0.4500,21.53,yes
2026-10-06T11:16:47.592036Z,0.4100,11.60,yes
2026-10-06T11:16:48.307288Z,0.4100,0.27,yes
2026-10-06T11:16:48.307288Z,0.4100,4.40,yes
2026-10-06T11:16:49.013301Z,0.4200,5.00,yes
2026-10-06T11:16:49.013301Z,0.4200,27.00,yes
2026-10-06T11:16:49.013301Z,0.4100,11.73,yes
2026-10-06T11:16:49.02554Z,0.4300,13.00,yes
2026-10-06T11:16:49.02554Z,0.4400,23.00,yes
2026-10-06T11:16:49.02554Z,0.4300,26.00,yes
2026-10-06T11:16:49.02554Z,0.4400,4.00,yes
2026-10-06T11:16:49.02554Z,0.4400,25.00,yes
2026-10-06T11:16:49.054561Z,0.4300,5.00,yes
2026-10-06T11:16:49.083801Z,0.4500,10.46,yes
2026-10-06T11:16:49.083801Z,0.4500,8.24,yes
2026-10-06T11:16:49.083801Z,0.4500,26.00,yes
2026-10-06T11:16:49.083801Z,0.4300,1.00,yes
2026-10-06T11:16:49.083801Z,0.4400,7.00,yes
2026-10-06T11:16:49.320957Z,0.4500,4.00,yes
2026-10-06T11:16:49.348954Z,0.4600,1.00,yes
2026-10-06T11:16:50.572325Z,0.4700,4.00,yes
2026-10-06T11:16:50.572325Z,0.4700,1.00,yes
2026-10-06T11:16:50.572325Z,0.4800,5.04,yes
2026-10-06T11:16:50.757191Z,0.4800,0.40,yes
2026-10-06T11:16:51.830785Z,0.4700,2.45,no
2026-10-06T11:16:52.160072Z,0.4700,0.05,no
2026-10-06T11:16:53.391988Z,0.4800,2.01,yes
2026-10-06T11:16:54.561538Z,0.4700,159.52,no
2026-10-06T11:16:58.14573Z,0.4800,140.71,yes
2026-10-06T11:16:58.439801Z,0.4700,37.10,no
2026-10-06T11:16:58.439801Z,0.4700,31.98,no
2026-10-06T11:17:00.11229Z,0.4800,2.01,yes
2026-10-06T11:17:00.930144Z,0.4800,10.05,yes
2026-10-06T11:17:01.502683Z,0.4700,407.01,no
2026-10-06T11:17:01.502683Z,0.4700,662.90,no
2026-10-06T11:17:01.587603Z,0.4800,34.17,yes
2026-10-06T11:17:02.512135Z,0.4800,635.21,yes
2026-10-06T11:17:02.603006Z,0.4800,60.30,yes
2026-10-06T11:17:03.399128Z,0.4700,207.08,no
2026-10-06T11:17:04.580302Z,0.4800,0.04,yes
2026-10-06T11:17:06.727602Z,0.4800,43.23,yes
2026-10-06T11:17:06.82237Z,0.4700,26.58,no
2026-10-06T11:17:08.940284Z,0.4800,6.03,yes
2026-10-06T11:17:11.785956Z,0.4800,176.89,yes
2026-10-06T11:17:13.094212Z,0.4800,20.10,yes
2026-10-06T11:17:14.455587Z,0.4800,54.27,yes
2026-10-06T11:17:17.72707Z,0.4800,40.18,yes
2026-10-06T11:17:20.198491Z,0.4700,1769.77,no
2026-10-06T11:17:20.628769Z,0.4800,274.80,yes
2026-10-06T11:17:20.628769Z,0.4800,0.01,yes
2026-10-06T11:17:20.628769Z,0.4800,171.44,yes
2026-10-06T11:17:21.785825Z,0.4800,51.88,yes
2026-10-06T11:17:22.426652Z,0.4800,62.85,yes
2026-10-06T11:17:22.829728Z,0.4800,3.01,yes
2026-10-06T11:17:22.833546Z,0.4800,100.00,yes
2026-10-06T11:17:27.660334Z,0.4800,24.13,yes
2026-10-06T11:17:27.660334Z,0.4800,2.00,yes
2026-10-06T11:17:32.174337Z,0.5600,8.00,yes
2026-10-06T11:17:32.174337Z,0.5600,25.00,yes
2026-10-06T11:17:32.174337Z,0.5500,9.00,yes
2026-10-06T11:17:32.174337Z,0.5300,12.00,yes
2026-10-06T11:17:32.174337Z,0.5500,1.00,yes
2026-10-06T11:17:32.174337Z,0.5500,5.00,yes
2026-10-06T11:17:32.174337Z,0.5400,10.00,yes
2026-10-06T11:17:32.174337Z,0.5600,0.08,yes
2026-10-06T11:17:32.174337Z,0.5400,2.00,yes
2026-10-06T11:17:32.174337Z,0.5400,2.00,yes
2026-10-06T11:17:32.174337Z,0.5300,5.00,yes
2026-10-06T11:17:32.174337Z,0.5400,0.01,yes
2026-10-06T11:17:32.174337Z,0.5100,0.01,yes
2026-10-06T11:17:32.174337Z,0.5600,0.01,yes
2026-10-06T11:17:32.174337Z,0.4900,0.01,yes
2026-10-06T11:17:32.174337Z,0.5600,1.00,yes
2026-10-06T11:17:32.174337Z,0.5300,0.01,yes
2026-10-06T11:17:32.174337Z,0.5500,7.27,yes
2026-10-06T11:17:32.174337Z,0.5300,0.01,yes
2026-10-06T11:17:32.174337Z,0.5100,0.01,yes
2026-10-06T11:17:32.174337Z,0.5000,0.01,yes
2026-10-06T11:17:32.174337Z,0.5500,0.01,yes
2026-10-06T11:17:32.174337Z,0.5000,0.01,yes
2026-10-06T11:17:32.174337Z,0.5200,0.01,yes
2026-10-06T11:17:32.174337Z,0.4900,0.01,yes
2026-10-06T11:17:32.174337Z,0.5200,0.01,yes
2026-10-06T11:17:32.174337Z,0.5400,0.01,yes
2026-10-06T11:17:32.174337Z,0.5500,0.01,yes
2026-10-06T11:17:34.77419Z,0.4900,0.01,yes
2026-10-06T11:17:34.77419Z,0.5000,10.39,yes
2026-10-06T11:17:34.77419Z,0.4900,28.00,yes
2026-10-06T11:17:39.65898Z,0.5000,38.64,yes
2026-10-06T11:17:40.465833Z,0.5000,0.11,yes
2026-10-06T11:17:41.853739Z,0.4500,10.00,no
2026-10-06T11:17:41.853739Z,0.4000,36.00,no
2026-10-06T11:17:41.853739Z,0.3900,150.00,no
2026-10-06T11:17:41.853739Z,0.4700,0.01,no
2026-10-06T11:17:41.853739Z,0.4100,0.01,no
2026-10-06T11:17:41.853739Z,0.4700,0.01,no
2026-10-06T11:17:41.853739Z,0.3800,0.01,no
2026-10-06T11:17:41.853739Z,0.4000,0.01,no
2026-10-06T11:17:41.853739Z,0.4200,0.01,no
2026-10-06T11:17:41.853739Z,0.4600,0.01,no
2026-10-06T11:17:41.853739Z,0.4300,0.01,no
2026-10-06T11:17:41.853739Z,0.3900,0.01,no
2026-10-06T11:17:41.853739Z,0.4500,0.01,no
2026-10-06T11:17:41.853739Z,0.4400,0.01,no
2026-10-06T11:17:41.865347Z,0.3700,22.00,no
2026-10-06T11:17:41.865347Z,0.3700,37.00,no
2026-10-06T11:17:41.865347Z,0.3700,1.00,no
2026-10-06T11:17:41.865347Z,0.3700,0.01,no
2026-10-06T11:17:41.88462Z,0.3700,26.00,no
2026-10-06T11:17:41.88462Z,0.3700,37.00,no
2026-10-06T11:17:41.88462Z,0.3700,22.00,no
2026-10-06T11:17:42.66125Z,0.3500,13.66,yes
2026-10-06T11:17:47.299505Z,0.3500,13.66,yes
2026-10-06T11:17:49.153996Z,0.3500,54.65,yes
2026-10-06T11:17:49.614224Z,0.3500,6.75,yes
2026-10-06T11:17:50.14882Z,0.3500,505.24,yes
2026-10-06T11:17:50.14882Z,0.3500,181.00,yes
2026-10-06T11:17:50.14882Z,0.3500,1500.00,yes
2026-10-06T11:17:51.113411Z,0.3500,26.42,yes
2026-10-06T11:17:51.49154Z,0.3500,81.98,yes
2026-10-06T11:17:52.822762Z,0.3500,9.86,yes
2026-10-06T11:17:53.124941Z,0.3500,43.34,yes
2026-10-06T11:17:53.124941Z,0.3500,776.50,yes
2026-10-06T11:17:53.37758Z,0.3500,34.07,yes
2026-10-06T11:17:53.49269Z,0.3500,191.29,yes
2026-10-06T11:17:53.630201Z,0.3500,278.74,yes
2026-10-06T11:17:54.635179Z,0.3500,1.36,yes
2026-10-06T11:17:54.702725Z,0.3500,136.64,yes
2026-10-06T11:18:00.626531Z,0.3500,273.28,yes
2026-10-06T11:18:00.712474Z,0.3400,3.86,no
2026-10-06T11:18:00.771627Z,0.3500,1366.40,yes
2026-10-06T11:18:01.767264Z,0.3500,273.28,yes
2026-10-06T11:18:03.662976Z,0.3400,3.01,no
2026-10-06T11:18:03.979216Z,0.3500,1.00,yes
2026-10-06T11:18:03.979216Z,0.3500,3.09,yes
2026-10-06T11:18:06.540907Z,0.3500,53.21,yes
2026-10-06T11:18:06.540907Z,0.3500,6.91,yes
2026-10-06T11:18:07.757253Z,0.3500,54.65,yes
2026-10-06T11:18:09.192761Z,0.3500,100.00,yes
2026-10-06T11:18:10.436039Z,0.3500,0.05,yes
2026-10-06T11:18:11.034736Z,0.3500,40.99,yes
2026-10-06T11:18:13.839545Z,0.3500,10.60,yes
2026-10-06T11:18:18.261179Z,0.3500,51.43,yes
2026-10-06T11:18:22.727538Z,0.3500,30.11,yes
2026-10-06T11:18:26.367524Z,0.3500,0.01,yes
2026-10-06T11:18:26.367524Z,0.3900,0.01,yes
2026-10-06T11:18:26.367524Z,0.4000,0.01,yes
2026-10-06T11:18:26.367524Z,0.4100,21.44,yes
2026-10-06T11:18:26.367524Z,0.3700,0.01,yes
2026-10-06T11:18:26.367524Z,0.4100,0.01,yes
2026-10-06T11:18:26.367524Z,0.3700,4.00,yes
2026-10-06T11:18:26.367524Z,0.4100,0.01,yes
2026-10-06T11:18:26.367524Z,0.4000,0.01,yes
2026-10-06T11:18:26.367524Z,0.3600,0.01,yes
2026-10-06T11:18:26.367524Z,0.3600,0.01,yes
2026-10-06T11:18:26.367524Z,0.3800,0.01,yes
2026-10-06T11:18:26.367524Z,0.3900,0.01,yes
2026-10-06T11:18:26.367524Z,0.3800,0.01,yes
2026-10-06T11:18:26.367524Z,0.3500,0.01,yes
2026-10-06T11:18:26.367524Z,0.4000,29.00,yes
2026-10-06T11:18:26.367524Z,0.4000,2.00,yes
2026-10-06T11:18:26.367524Z,0.3800,2.00,yes
2026-10-06T11:18:26.367524Z,0.4000,7.94,yes
2026-10-06T11:18:27.939348Z,0.4000,0.02,yes
2026-10-06T11:18:33.416918Z,0.4000,2.39,yes
2026-10-06T11:18:40.030731Z,0.2200,2.00,no
2026-10-06T11:18:40.030731Z,0.2200,199.00,no
2026-10-06T11:18:40.030731Z,0.2200,434.21,no
2026-10-06T11:18:41.417936Z,0.2300,99.96,yes
2026-10-06T11:18:43.344114Z,0.2300,412.54,yes
2026-10-06T11:18:43.562622Z,0.2200,402.03,no
2026-10-06T11:18:43.735727Z,0.2200,4.08,no
2026-10-06T11:18:44.35418Z,0.2200,24.13,no
2026-10-06T11:18:45.475371Z,0.2200,38.68,no
2026-10-06T11:18:45.478076Z,0.2300,215.39,yes
2026-10-06T11:18:45.596764Z,0.2200,7.42,no
2026-10-06T11:18:47.04602Z,0.2200,86.89,no
2026-10-06T11:18:47.100801Z,0.2200,4.09,no
2026-10-06T11:18:47.883332Z,0.2300,20.62,yes
2026-10-06T11:18:48.107462Z,0.2300,41.25,yes
2026-10-06T11:18:48.29046Z,0.2200,15.47,no
2026-10-06T11:18:48.427035Z,0.2300,396.04,yes
2026-10-06T11:18:48.811Z,0.2300,20.62,yes
2026-10-06T11:18:48.813434Z,0.2200,353.18,no
2026-10-06T11:18:49.165395Z,0.2200,201.01,no
2026-10-06T11:18:49.217237Z,0.2300,4.12,yes
2026-10-06T11:18:49.231199Z,0.2300,87.39,yes
2026-10-06T11:18:49.231199Z,0.2300,289.46,yes
2026-10-06T11:18:49.231199Z,0.2300,39.00,yes
2026-10-06T11:18:49.231199Z,0.2300,500.00,yes
2026-10-06T11:18:50.407562Z,0.2200,100.00,no
2026-10-06T11:18:52.212998Z,0.2300,20.62,yes
2026-10-06T11:18:52.917338Z,0.2300,20.62,yes
2026-10-06T11:18:54.829924Z,0.2200,15.67,no
2026-10-06T11:18:55.506152Z,0.2300,1031.36,yes
2026-10-06T11:18:56.475669Z,0.2300,4.12,yes
2026-10-06T11:18:57.791549Z,0.2300,8.25,yes
2026-10-06T11:18:59.18731Z,0.2300,165.01,yes
2026-10-06T11:18:59.221701Z,0.2300,8.25,yes
2026-10-06T11:18:59.457023Z,0.2300,17.73,yes
2026-10-06T11:19:00.578804Z,0.2300,265.22,yes
2026-10-06T11:19:00.79648Z,0.2300,79.96,yes
2026-10-06T11:19:01.560279Z,0.2300,4.12,yes
2026-10-06T11:19:02.165474Z,0.2300,103.13,yes
2026-10-06T11:19:02.73495Z,0.2300,3.54,yes
2026-10-06T11:19:03.310602Z,0.2300,45.38,yes
2026-10-06T11:19:03.713754Z,0.2300,309.40,yes
2026-10-06T11:19:07.499847Z,0.2300,197.23,yes
2026-10-06T11:19:08.104824Z,0.2300,206.27,yes
2026-10-06T11:19:09.195633Z,0.2200,11.60,no
2026-10-06T11:19:09.854662Z,0.2300,5.40,yes
2026-10-06T11:19:11.108718Z,0.2300,33.00,yes
2026-10-06T11:19:11.243307Z,0.2300,41.25,yes
2026-10-06T11:19:13.725443Z,0.2300,825.09,yes
2026-10-06T11:19:13.999161Z,0.2300,206.27,yes
2026-10-06T11:19:15.105573Z,0.2300,0.82,yes
2026-10-06T11:19:15.154222Z,0.2200,22.36,no
2026-10-06T11:19:16.228204Z,0.2300,41.25,yes
2026-10-06T11:19:17.940608Z,0.2300,61.88,yes
2026-10-06T11:19:18.93304Z,0.2300,825.09,yes
2026-10-06T11:19:20.507143Z,0.2300,16.50,yes
2026-10-06T11:19:20.884886Z,0.2300,20.62,yes
2026-10-06T11:19:21.938736Z,0.2300,14.52,yes
2026-10-06T11:19:24.806317Z,0.2300,206.27,yes
2026-10-06T11:19:25.304928Z,0.2200,85.88,no
2026-10-06T11:19:25.961505Z,0.2200,4.12,no
2026-10-06T11:19:29.614079Z,0.2300,41.25,yes
2026-10-06T11:19:32.519275Z,0.2300,206.27,yes
2026-10-06T11:19:32.704298Z,0.2300,0.20,yes
2026-10-06T11:19:35.850879Z,0.2300,7.54,yes
2026-10-06T11:19:41.315935Z,0.2300,12.37,yes
2026-10-06T11:19:42.075437Z,0.2200,41.82,no
2026-10-06T11:19:42.175828Z,0.2300,12.37,yes
2026-10-06T11:19:42.905769Z,0.2300,12.37,yes
2026-10-06T11:19:43.608332Z,0.2300,61.88,yes
2026-10-06T11:19:43.871559Z,0.2200,43.72,no
2026-10-06T11:19:47.321767Z,0.2200,4.12,no
2026-10-06T11:19:49.429669Z,0.2300,33.00,yes
2026-10-06T11:19:52.362492Z,0.1100,34.00,no
2026-10-06T11:19:52.362492Z,0.1200,45.00,no
2026-10-06T11:19:52.362492Z,0.1200,6.00,no
2026-10-06T11:19:52.362492Z,0.1300,2.00,no
2026-10-06T11:19:52.362492Z,0.1100,10.00,no
2026-10-06T11:19:52.362492Z,0.1100,1.00,no
2026-10-06T11:19:52.362492Z,0.1200,1.00,no
2026-10-06T11:19:52.362492Z,0.1300,1.00,no
2026-10-06T11:19:53.982171Z,0.1700,1.00,no
2026-10-06T11:19:53.982171Z,0.1600,1.12,no
2026-10-06T11:19:53.982171Z,0.1700,2.00,no
2026-10-06T11:19:54.35458Z,0.2700,7.65,yes
2026-10-06T11:19:54.35458Z,0.2300,5.00,yes
2026-10-06T11:19:54.35458Z,0.2600,1.00,yes
2026-10-06T11:19:54.35458Z,0.2300,5.00,yes
2026-10-06T11:19:54.35458Z,0.2600,27.00,yes
2026-10-06T11:19:54.35458Z,0.2300,10.00,yes
2026-10-06T11:19:54.35458Z,0.2700,18.67,yes
2026-10-06T11:19:54.673773Z,0.1200,8.04,no
2026-10-06T11:19:55.626396Z,0.2800,28.00,yes
2026-10-06T11:19:55.626396Z,0.2600,5.00,yes
2026-10-06T11:19:55.626396Z,0.2800,18.34,yes
2026-10-06T11:19:57.515812Z,0.1200,1.00,no
2026-10-06T11:19:57.515812Z,0.1200,3.00,no
2026-10-06T11:20:01.546132Z,0.1000,40.61,no
2026-10-06T11:20:01.546132Z,0.1000,1.00,no
2026-10-06T11:20:01.546132Z,0.1000,1.00,no
2026-10-06T11:20:02.747218Z,0.1000,40.18,no
2026-10-06T11:20:03.239547Z,0.1000,240.66,no
2026-10-06T11:20:03.300724Z,0.1000,41.25,no
2026-10-06T11:20:04.87033Z,0.1000,3.54,no
2026-10-06T11:20:05.220596Z,0.1000,43.00,no
2026-10-06T11:20:05.220596Z,0.1000,485.32,no
2026-10-06T11:20:05.220596Z,0.1000,131.96,no
2026-10-06T11:20:05.220596Z,0.1000,500.00,no
2026-10-06T11:20:05.220596Z,0.1000,133.76,no
2026-10-06T11:20:05.414564Z,0.1000,16.41,no
2026-10-06T11:20:06.66415Z,0.1100,13.58,yes
2026-10-06T11:20:06.66415Z,0.1100,0.01,yes
2026-10-06T11:20:06.66415Z,0.1100,10.00,yes
2026-10-06T11:20:06.66415Z,0.1100,0.01,yes
2026-10-06T11:20:06.66415Z,0.1100,34.00,yes
2026-10-06T11:20:06.66415Z,0.1100,1.00,yes
2026-10-06T11:20:07.503149Z,0.1200,37.56,yes
2026-10-06T11:20:07.503149Z,0.1100,0.01,yes
2026-10-06T11:20:07.503149Z,0.1100,1.00,yes
2026-10-06T11:20:07.742055Z,0.1000,722.00,no
2026-10-06T11:20:07.742055Z,0.1000,0.01,no
2026-10-06T11:20:07.742055Z,0.1000,85.88,no
2026-10-06T11:20:08.845235Z,0.1100,855.77,yes
2026-10-06T11:20:09.48673Z,0.1100,25.67,yes
2026-10-06T11:20:09.773527Z,0.1000,891.82,no
2026-10-06T11:20:10.57172Z,0.1000,101.18,no
2026-10-06T11:20:13.571472Z,0.1100,0.85,yes
2026-10-06T11:20:14.194774Z,0.1000,1.97,no
2026-10-06T11:20:14.604892Z,0.1000,53.17,no
2026-10-06T11:20:15.195943Z,0.1000,42.79,no
2026-10-06T11:20:19.502919Z,0.1000,1.70,no
2026-10-06T11:20:19.502919Z,0.1000,33.00,no
2026-10-06T11:20:20.18071Z,0.1100,0.01,yes
2026-10-06T11:20:20.18071Z,0.1100,10.00,yes
2026-10-06T11:20:20.18071Z,0.1100,0.01,yes
2026-10-06T11:20:20.860429Z,0.1200,24.81,yes
2026-10-06T11:20:20.860429Z,0.1200,1.00,yes
2026-10-06T11:20:20.860429Z,0.1200,0.01,yes
2026-10-06T11:20:20.860429Z,0.1200,1.00,yes
2026-10-06T11:20:20.860778Z,0.1200,64.83,yes
2026-10-06T11:20:21.024157Z,0.1200,3.92,yes
2026-10-06T11:20:22.100828Z,0.1100,12.94,no
2026-10-06T11:20:22.897325Z,0.1100,50.95,no
2026-10-06T11:20:23.02483Z,0.1100,80.11,no
2026-10-06T11:20:23.180035Z,0.1300,0.01,yes
2026-10-06T11:20:23.180035Z,0.1800,1.00,yes
2026-10-06T11:20:23.180035Z,0.1500,1.00,yes
2026-10-06T11:20:23.180035Z,0.1700,1.00,yes
2026-10-06T11:20:23.180035Z,0.1800,1.00,yes
2026-10-06T11:20:23.180035Z,0.1600,1.00,yes
2026-10-06T11:20:23.180035Z,0.1400,1.00,yes
2026-10-06T11:20:23.180035Z,0.1700,1.00,yes
2026-10-06T11:20:23.180035Z,0.1700,1.00,yes
2026-10-06T11:20:23.180035Z,0.1400,0.01,yes
2026-10-06T11:20:23.180035Z,0.1700,0.01,yes
2026-10-06T11:20:23.180035Z,0.1300,0.01,yes
2026-10-06T11:20:23.180035Z,0.1500,0.01,yes
2026-10-06T11:20:23.180035Z,0.1500,19.19,yes
2026-10-06T11:20:23.180035Z,0.1800,798.33,yes
2026-10-06T11:20:23.180035Z,0.1700,1.00,yes
2026-10-06T11:20:23.180035Z,0.1700,1.00,yes
2026-10-06T11:20:23.180035Z,0.1500,5.00,yes
2026-10-06T11:20:23.180035Z,0.1700,1.00,yes
2026-10-06T11:20:23.180035Z,0.1600,7.00,yes
2026-10-06T11:20:23.180035Z,0.1700,1.00,yes
2026-10-06T11:20:23.180035Z,0.1400,12.00,yes
2026-10-06T11:20:23.180035Z,0.1700,7.00,yes
2026-10-06T11:20:23.180035Z,0.1600,0.01,yes
2026-10-06T11:20:23.180035Z,0.1700,146.98,yes
2026-10-06T11:20:23.180035Z,0.1600,10.00,yes
2026-10-06T11:20:23.180035Z,0.1400,7.00,yes
2026-10-06T11:20:23.180035Z,0.1700,4.00,yes
2026-10-06T11:20:23.180035Z,0.1500,14.00,yes
2026-10-06T11:20:23.180035Z,0.1500,1.00,yes
2026-10-06T11:20:23.180035Z,0.1400,33.00,yes
2026-10-06T11:20:23.180035Z,0.1500,1.00,yes
2026-10-06T11:20:23.180035Z,0.1700,111.00,yes
2026-10-06T11:20:23.180035Z,0.1600,1.00,yes
2026-10-06T11:20:23.180035Z,0.1200,10.00,yes
2026-10-06T11:20:23.180035Z,0.1500,2.00,yes
2026-10-06T11:20:23.180035Z,0.1200,0.01,yes
2026-10-06T11:20:23.180035Z,0.1200,0.01,yes
2026-10-06T11:20:23.180035Z,0.1500,1.00,yes
2026-10-06T11:20:23.180035Z,0.1600,1.00,yes
2026-10-06T11:20:24.426772Z,0.1300,15.00,yes
2026-10-06T11:20:24.426772Z,0.1300,18.39,yes
2026-10-06T11:20:25.259405Z,0.1300,0.72,yes
2026-10-06T11:20:26.805533Z,0.1000,15.37,no
2026-10-06T11:20:26.805533Z,0.1100,0.01,no
2026-10-06T11:20:26.805533Z,0.1000,1.00,no
2026-10-06T11:20:26.805533Z,0.1000,0.01,no
2026-10-06T11:20:28.292074Z,0.1700,69.00,yes
2026-10-06T11:20:28.292074Z,0.1700,1.00,yes
2026-10-06T11:20:28.292074Z,0.1500,20.00,yes
2026-10-06T11:20:28.292074Z,0.1600,3.00,yes
2026-10-06T11:20:28.292074Z,0.1300,13.00,yes
2026-10-06T11:20:28.292074Z,0.1700,14.00,yes
2026-10-06T11:20:28.292074Z,0.1700,1.00,yes
2026-10-06T11:20:28.292074Z,0.1600,20.00,yes
2026-10-06T11:20:28.292074Z,0.1200,11.00,yes
2026-10-06T11:20:28.292074Z,0.1400,20.00,yes
2026-10-06T11:20:28.292074Z,0.1400,25.00,yes
2026-10-06T11:20:28.292074Z,0.1500,5.00,yes
2026-10-06T11:20:28.292074Z,0.1700,111.00,yes
2026-10-06T11:20:28.292074Z,0.1300,12.00,yes
2026-10-06T11:20:28.292074Z,0.1300,0.01,yes
2026-10-06T11:20:28.292074Z,0.1700,168.49,yes
2026-10-06T11:20:28.292074Z,0.1500,10.00,yes
2026-10-06T11:20:28.292074Z,0.1200,3.00,yes
2026-10-06T11:20:28.292074Z,0.1600,1.00,yes
2026-10-06T11:20:28.292074Z,0.1300,0.01,yes
2026-10-06T11:20:28.292074Z,0.1500,31.00,yes
2026-10-06T11:20:28.292074Z,0.1400,0.01,yes
2026-10-06T11:20:28.292074Z,0.1700,0.01,yes
2026-10-06T11:20:28.292074Z,0.1600,0.01,yes
2026-10-06T11:20:28.292074Z,0.1500,0.01,yes
2026-10-06T11:20:28.292074Z,0.1700,19.39,yes
2026-10-06T11:20:28.292074Z,0.1500,0.01,yes
2026-10-06T11:20:28.292074Z,0.1400,0.01,yes
2026-10-06T11:20:28.292074Z,0.1700,5.00,yes
2026-10-06T11:20:28.292074Z,0.1600,0.01,yes
2026-10-06T11:20:28.292074Z,0.1800,14.74,yes
2026-10-06T11:20:30.008292Z,0.1000,0.01,no
2026-10-06T11:20:30.008292Z,0.0900,0.10,no
2026-10-06T11:20:30.768931Z,0.1500,16.00,yes
2026-10-06T11:20:30.768931Z,0.1500,0.01,yes
2026-10-06T11:20:30.768931Z,0.1600,0.01,yes
2026-10-06T11:20:30.768931Z,0.1400,0.01,yes
2026-10-06T11:20:30.768931Z,0.1700,10.99,yes
2026-10-06T11:20:30.768931Z,0.1700,0.01,yes
2026-10-06T11:20:30.768931Z,0.1600,0.01,yes
2026-10-06T11:20:30.768931Z,0.1700,0.01,yes
2026-10-06T11:20:30.768931Z,0.1400,0.01,yes
2026-10-06T11:20:30.768931Z,0.1500,0.01,yes
2026-10-06T11:20:30.768931Z,0.1600,32.00,yes
2026-10-06T11:20:30.768931Z,0.1400,20.00,yes
2026-10-06T11:20:30.768931Z,0.1700,1355.00,yes
2026-10-06T11:20:30.768931Z,0.1300,5.00,yes
2026-10-06T11:20:30.768931Z,0.1600,4.00,yes
2026-10-06T11:20:30.768931Z,0.1700,5.00,yes
2026-10-06T11:20:30.768931Z,0.1500,20.00,yes
2026-10-06T11:20:30.768931Z,0.1600,100.24,yes
2026-10-06T11:20:30.768931Z,0.1500,5.00,yes
2026-10-06T11:20:30.768931Z,0.1300,11.00,yes
2026-10-06T11:20:30.768931Z,0.1400,4.00,yes
2026-10-06T11:20:30.768931Z,0.1700,1.00,yes
2026-10-06T11:20:30.768931Z,0.1600,56.00,yes
2026-10-06T11:20:30.768931Z,0.1700,18.00,yes
2026-10-06T11:20:30.768931Z,0.1600,20.00,yes
2026-10-06T11:20:30.785514Z,0.1400,33.00,yes
2026-10-06T11:20:30.785514Z,0.1500,62.00,yes
2026-10-06T11:20:30.785514Z,0.1300,1.00,yes
2026-10-06T11:20:30.785514Z,0.1700,162.38,yes
2026-10-06T11:20:31.05315Z,0.1700,1.00,no
2026-10-06T11:20:31.05315Z,0.1700,0.36,no
2026-10-06T11:20:32.185348Z,0.1800,1.00,yes
2026-10-06T11:20:32.185348Z,0.1800,1.00,yes
2026-10-06T11:20:32.185348Z,0.1800,1.00,yes
2026-10-06T11:20:32.185348Z,0.1800,0.01,yes
2026-10-06T11:20:32.185348Z,0.1800,1.00,yes
2026-10-06T11:20:32.185348Z,0.1800,1.00,yes
2026-10-06T11:20:34.540618Z,0.1800,59.11,no
2026-10-06T11:20:34.560599Z,0.1900,4.98,yes
2026-10-06T11:20:36.374122Z,0.1800,30.15,no
2026-10-06T11:20:38.413502Z,0.1800,364.34,no
2026-10-06T11:20:39.259549Z,0.1900,9.96,yes
2026-10-06T11:20:40.71023Z,0.1800,23.48,no
2026-10-06T11:20:41.4377Z,0.1900,116.00,yes
2026-10-06T11:20:41.839038Z,0.1900,49.80,yes
2026-10-06T11:20:41.938551Z,0.1800,34.18,no
2026-10-06T11:20:43.031942Z,0.1800,7.96,no
2026-10-06T11:20:43.10923Z,0.1900,4.98,yes
2026-10-06T11:20:43.263545Z,0.1900,69.73,yes
2026-10-06T11:20:43.536055Z,0.1900,244.05,yes
2026-10-06T11:20:44.112121Z,0.1800,700.00,no
2026-10-06T11:20:44.112121Z,0.1800,125.00,no
2026-10-06T11:20:44.112121Z,0.1800,165.00,no
2026-10-06T11:20:44.112703Z,0.1800,5.00,no
2026-10-06T11:20:44.113877Z,0.1800,100.00,no
2026-10-06T11:20:45.617545Z,0.1700,0.70,no
2026-10-06T11:20:45.617545Z,0.1800,0.01,no
2026-10-06T11:20:45.617545Z,0.1700,0.01,no
2026-10-06T11:20:47.675944Z,0.1900,10.00,yes
2026-10-06T11:20:47.675944Z,0.1900,20.00,yes
2026-10-06T11:20:47.675944Z,0.1900,0.01,yes
2026-10-06T11:20:47.675944Z,0.1900,0.01,yes
2026-10-06T11:20:49.359255Z,0.1900,0.01,no
2026-10-06T11:20:49.359255Z,0.1800,650.98,no
2026-10-06T11:20:49.359255Z,0.1900,162.00,no
2026-10-06T11:20:49.359255Z,0.1900,40.00,no
2026-10-06T11:20:49.359255Z,0.1900,169.98,no
2026-10-06T11:20:49.359255Z,0.1900,511.00,no
2026-10-06T11:20:49.359255Z,0.1700,1.00,no
2026-10-06T11:20:49.359255Z,0.1800,0.01,no
2026-10-06T11:20:49.359255Z,0.1800,282.00,no
2026-10-06T11:20:49.359255Z,0.1700,257.91,no
2026-10-06T11:20:53.102511Z,0.2000,0.01,yes
2026-10-06T11:20:53.102511Z,0.2000,0.01,yes
2026-10-06T11:20:53.102511Z,0.2000,10.00,yes
2026-10-06T11:20:53.102511Z,0.2000,8.32,yes
2026-10-06T11:20:53.102511Z,0.2000,29.00,yes
2026-10-06T11:20:54.914951Z,0.2200,0.01,yes
2026-10-06T11:20:54.914951Z,0.2600,5.00,yes
2026-10-06T11:20:54.914951Z,0.2300,0.01,yes
2026-10-06T11:20:54.914951Z,0.2100,0.01,yes
2026-10-06T11:20:54.914951Z,0.2100,0.01,yes
2026-10-06T11:20:54.914951Z,0.2100,1.00,yes
2026-10-06T11:20:54.914951Z,0.2600,0.01,yes
2026-10-06T11:20:54.914951Z,0.2400,0.01,yes
2026-10-06T11:20:54.914951Z,0.2700,0.01,yes
2026-10-06T11:20:54.914951Z,0.2700,1.00,yes
2026-10-06T11:20:54.914951Z,0.2500,0.01,yes
2026-10-06T11:20:54.914951Z,0.2800,0.01,yes
2026-10-06T11:20:54.914951Z,0.2800,0.01,yes
2026-10-06T11:20:54.914951Z,0.2400,0.01,yes
2026-10-06T11:20:54.914951Z,0.2500,0.01,yes
2026-10-06T11:20:54.914951Z,0.2600,0.01,yes
2026-10-06T11:20:54.914951Z,0.2900,25.01,yes
2026-10-06T11:20:54.914951Z,0.2800,10.00,yes
2026-10-06T11:20:54.914951Z,0.2700,0.01,yes
2026-10-06T11:20:54.914951Z,0.2300,0.01,yes
2026-10-06T11:20:54.914951Z,0.2200,0.01,yes
2026-10-06T11:20:54.914951Z,0.2000,20.00,yes
2026-10-06T11:20:54.914951Z,0.2400,5.00,yes
2026-10-06T11:20:54.914951Z,0.2300,5.00,yes
2026-10-06T11:20:54.914951Z,0.2700,1.00,yes
2026-10-06T11:20:54.914951Z,0.2200,5.00,yes
2026-10-06T11:20:54.914951Z,0.2500,5.00,yes
2026-10-06T11:20:54.914951Z,0.2900,157.17,yes
2026-10-06T11:20:54.914951Z,0.2600,1.00,yes
2026-10-06T11:20:54.914951Z,0.3000,117.10,yes
2026-10-06T11:20:54.914951Z,0.2000,5.00,yes
2026-10-06T11:20:54.914951Z,0.2100,28.00,yes
2026-10-06T11:20:54.914951Z,0.2000,0.01,yes
2026-10-06T11:20:54.914951Z,0.2100,20.00,yes
2026-10-06T11:20:54.914951Z,0.3000,112.00,yes
2026-10-06T11:20:54.914951Z,0.2400,5.00,yes
2026-10-06T11:20:54.914951Z,0.2100,2.00,yes
2026-10-06T11:20:54.914951Z,0.2700,1.00,yes
2026-10-06T11:20:54.914951Z,0.2600,2.00,yes
2026-10-06T11:20:54.914951Z,0.2800,1.00,yes
2026-10-06T11:20:54.914951Z,0.2700,4.00,yes
2026-10-06T11:20:54.914951Z,0.2500,20.00,yes
2026-10-06T11:20:54.914951Z,0.2900,5.00,yes
2026-10-06T11:20:54.914951Z,0.2900,20.00,yes
2026-10-06T11:20:54.914951Z,0.2800,3.00,yes
2026-10-06T11:20:54.914951Z,0.2800,1.00,yes
2026-10-06T11:20:54.914951Z,0.2100,1.00,yes
2026-10-06T11:20:54.914951Z,0.2300,1.00,yes
2026-10-06T11:20:54.914951Z,0.2700,2.00,yes
2026-10-06T11:20:54.914951Z,0.2600,5.00,yes
2026-10-06T11:20:54.914951Z,0.2800,18.00,yes
2026-10-06T11:20:54.914951Z,0.2200,5.00,yes
2026-10-06T11:20:54.914951Z,0.2200,14.00,yes
2026-10-06T11:20:54.914951Z,0.2600,14.00,yes
2026-10-06T11:20:54.914951Z,0.2700,15.00,yes
2026-10-06T11:20:54.914951Z,0.2300,18.00,yes
2026-10-06T11:20:54.914951Z,0.2400,14.00,yes
2026-10-06T11:20:56.336161Z,0.1300,0.01,no
2026-10-06T11:20:56.336161Z,0.1500,0.01,no
2026-10-06T11:20:56.336161Z,0.1400,0.01,no
2026-10-06T11:20:56.336161Z,0.1200,0.01,no
2026-10-06T11:20:56.336161Z,0.1600,0.01,no
2026-10-06T11:20:56.336161Z,0.1800,0.01,no
2026-10-06T11:20:56.336161Z,0.1900,0.01,no
2026-10-06T11:20:56.336161Z,0.1200,97.71,no
2026-10-06T11:20:56.336161Z,0.1200,45.00,no
2026-10-06T11:20:56.336161Z,0.1400,5.00,no
2026-10-06T11:20:58.871846Z,0.2700,75.00,yes
2026-10-06T11:20:58.871846Z,0.2300,20.00,yes
2026-10-06T11:20:58.871846Z,0.2700,27.00,yes
2026-10-06T11:20:58.871846Z,0.2300,5.00,yes
2026-10-06T11:20:58.871846Z,0.2600,6.00,yes
2026-10-06T11:20:58.871846Z,0.2700,1.31,yes
2026-10-06T11:20:58.871846Z,0.2300,10.00,yes
2026-10-06T11:20:58.871846Z,0.2400,5.00,yes
2026-10-06T11:20:58.871846Z,0.2300,5.00,yes
2026-10-06T11:20:58.871846Z,0.2700,5.00,yes
2026-10-06T11:20:58.871846Z,0.2500,5.00,yes
2026-10-06T11:20:58.871846Z,0.2600,3.00,yes
2026-10-06T11:20:58.871846Z,0.2400,10.00,yes
2026-10-06T11:20:58.871846Z,0.2500,3.00,yes
2026-10-06T11:20:59.861208Z,0.2600,5.00,yes
2026-10-06T11:20:59.861208Z,0.2600,1.00,yes
2026-10-06T11:20:59.861208Z,0.2400,5.00,yes
2026-10-06T11:20:59.861208Z,0.2800,8.11,yes
2026-10-06T11:20:59.861208Z,0.2700,1.69,yes
2026-10-06T11:21:02.300271Z,0.2500,5.00,yes
2026-10-06T11:21:02.300271Z,0.2700,1.00,yes
2026-10-06T11:21:02.300271Z,0.2500,1.00,yes
2026-10-06T11:21:02.300271Z,0.2600,1.00,yes
2026-10-06T11:21:02.300271Z,0.2600,3.00,yes
2026-10-06T11:21:02.300271Z,0.2700,5.00,yes
2026-10-06T11:21:02.300271Z,0.2800,1.00,yes
2026-10-06T11:21:02.300271Z,0.2900,27.00,yes
2026-10-06T11:21:02.300271Z,0.2900,3.18,yes
2026-10-06T11:21:02.300271Z,0.2600,5.00,yes
2026-10-06T11:21:02.300271Z,0.2800,5.00,yes
2026-10-06T11:21:02.300271Z,0.2800,10.00,yes
2026-10-06T11:21:02.300271Z,0.2800,1.60,yes
2026-10-06T11:21:02.300271Z,0.2900,11.00,yes
2026-10-06T11:21:02.300271Z,0.2900,5.00,yes
2026-10-06T11:21:04.147859Z,0.0900,48.00,no
2026-10-06T11:21:04.147859Z,0.1500,0.01,no
2026-10-06T11:21:04.147859Z,0.0900,1.00,no
2026-10-06T11:21:04.147859Z,0.1500,2.00,no
2026-10-06T11:21:04.147859Z,0.1400,5.00,no
2026-10-06T11:21:04.147859Z,0.1400,0.01,no
2026-10-06T11:21:04.147859Z,0.1000,0.01,no
2026-10-06T11:21:04.147859Z,0.1100,0.01,no
2026-10-06T11:21:04.147859Z,0.1200,0.01,no
2026-10-06T11:21:04.147859Z,0.1300,0.01,no
2026-10-06T11:21:04.147859Z,0.0900,0.01,no
2026-10-06T11:21:04.147859Z,0.0900,0.90,no
2026-10-06T11:21:04.165203Z,0.0900,1.00,no
2026-10-06T11:21:04.165203Z,0.0900,1.00,no
2026-10-06T11:21:04.186497Z,0.0800,0.01,no
2026-10-06T11:21:04.224856Z,0.0800,1.00,no
2026-10-06T11:21:04.240641Z,0.0800,1.00,no
2026-10-06T11:21:04.305337Z,0.0700,355.99,no
2026-10-06T11:21:04.305337Z,0.0700,46.00,no
2026-10-06T11:21:04.305337Z,0.0700,0.01,no
2026-10-06T11:21:04.310488Z,0.0700,205.01,no
2026-10-06T11:21:04.315543Z,0.0600,279.00,no
2026-10-06T11:21:04.315543Z,0.0600,500.00,no
2026-10-06T11:21:04.315543Z,0.0600,1.00,no
2026-10-06T11:21:05.301168Z,0.0700,67.06,yes
2026-10-06T11:21:06.030599Z,0.0700,698.00,yes
2026-10-06T11:21:07.737795Z,0.0700,134.12,yes
2026-10-06T11:21:08.867042Z,0.0600,46.00,no
2026-10-06T11:21:08.867042Z,0.0600,1.00,no
2026-10-06T11:21:08.867042Z,0.0600,17.70,no
2026-10-06T11:21:08.867042Z,0.0600,0.01,no
2026-10-06T11:21:10.115284Z,0.0600,31.47,no
2026-10-06T11:21:10.302418Z,0.0600,31.95,no
2026-10-06T11:21:12.553805Z,0.0700,508.43,yes
2026-10-06T11:21:12.553805Z,0.0700,832.82,yes
2026-10-06T11:21:12.877031Z,0.0700,13.41,yes
2026-10-06T11:21:13.096424Z,0.0600,9.86,no
2026-10-06T11:21:14.719934Z,0.0600,28.11,no
2026-10-06T11:21:16.924177Z,0.0700,6.70,yes
2026-10-06T11:21:18.285285Z,0.0600,133.36,no
2026-10-06T11:21:18.285285Z,0.0600,72.91,no
2026-10-06T11:21:18.694351Z,0.0700,299.46,yes
2026-10-06T11:21:18.694351Z,0.0700,371.16,yes
2026-10-06T11:21:19.059423Z,0.0700,67.06,yes
2026-10-06T11:21:19.299553Z,0.0700,14.35,yes
2026-10-06T11:21:20.137104Z,0.0600,314.81,no
2026-10-06T11:21:20.143171Z,0.0600,45.32,no
2026-10-06T11:21:20.455924Z,0.0700,134.12,yes
2026-10-06T11:21:20.487494Z,0.0600,36.08,no
2026-10-06T11:21:22.375588Z,0.0700,67.06,yes
2026-10-06T11:21:27.451323Z,0.0600,30.15,no
2026-10-06T11:21:28.412161Z,0.0700,10.73,yes
2026-10-06T11:21:29.425156Z,0.0600,2.39,no
2026-10-06T11:21:31.805262Z,0.0700,26.02,yes
2026-10-06T11:21:32.288687Z,0.0600,0.82,no
2026-10-06T11:21:33.940393Z,0.0600,131.29,no
2026-10-06T11:21:34.959826Z,0.0800,1.00,yes
2026-10-06T11:21:34.959826Z,0.0800,2.00,yes
2026-10-06T11:21:34.959826Z,0.0800,1.00,yes
2026-10-06T11:21:34.959826Z,0.0800,0.62,yes
2026-10-06T11:21:34.959826Z,0.0700,0.01,yes
2026-10-06T11:21:34.959826Z,0.0800,6.00,yes
2026-10-06T11:21:34.959826Z,0.0800,1.00,yes
2026-10-06T11:21:34.959826Z,0.0700,0.01,yes
2026-10-06T11:21:35.199856Z,0.0700,1.04,no
2026-10-06T11:21:35.621807Z,0.0900,11.00,yes
2026-10-06T11:21:35.621807Z,0.0900,35.00,yes
2026-10-06T11:21:35.621807Z,0.1000,1.00,yes
2026-10-06T11:21:35.621807Z,0.0900,1.00,yes
2026-10-06T11:21:35.621807Z,0.0900,0.01,yes
2026-10-06T11:21:35.621807Z,0.1100,0.13,yes
2026-10-06T11:21:35.621807Z,0.1000,0.01,yes
2026-10-06T11:21:35.621807Z,0.0800,0.01,yes
2026-10-06T11:21:35.621807Z,0.0900,1.00,yes
2026-10-06T11:21:36.668777Z,0.1000,1.00,yes
2026-10-06T11:21:36.668777Z,0.1000,17.81,yes
2026-10-06T11:21:37.162978Z,0.1100,5.83,yes
2026-10-06T11:21:37.162978Z,0.1000,0.01,yes
2026-10-06T11:21:37.162978Z,0.1000,9.00,yes
2026-10-06T11:21:37.162978Z,0.1000,17.19,yes
2026-10-06T11:21:37.162978Z,0.1000,1.00,yes
2026-10-06T11:21:37.162978Z,0.1000,1.00,yes
2026-10-06T11:21:37.162978Z,0.1000,17.81,yes
2026-10-06T11:21:37.162978Z,0.1000,10.00,yes
2026-10-06T11:21:37.162978Z,0.1100,27.87,yes
2026-10-06T11:21:37.162978Z,0.1100,0.01,yes
2026-10-06T11:21:37.162978Z,0.1100,0.01,yes
2026-10-06T11:21:40.417482Z,0.1000,0.01,yes
2026-10-06T11:21:40.417482Z,0.1000,9.38,yes
2026-10-06T11:21:40.417482Z,0.1000,0.01,yes
2026-10-06T11:21:40.972857Z,0.0800,0.44,no
2026-10-06T11:21:41.592868Z,0.0500,0.01,no
2026-10-06T11:21:41.592868Z,0.0600,0.01,no
2026-10-06T11:21:41.592868Z,0.0700,0.01,no
2026-10-06T11:21:41.592868Z,0.0800,0.56,no
2026-10-06T11:21:41.592868Z,0.0500,2.60,no
2026-10-06T11:21:41.592868Z,0.0700,1.00,no
2026-10-06T11:21:41.592868Z,0.0500,1.00,no
2026-10-06T11:21:42.057993Z,0.0900,5.00,yes
2026-10-06T11:21:42.057993Z,0.0900,3.46,yes
2026-10-06T11:21:42.057993Z,0.0900,1.00,yes
2026-10-06T11:21:42.139109Z,0.0400,0.01,no
2026-10-06T11:21:42.139109Z,0.0300,0.01,no
2026-10-06T11:21:42.139109Z,0.0400,25.00,no
2026-10-06T11:21:42.139109Z,0.0300,11.86,no
2026-10-06T11:21:42.139109Z,0.0500,0.01,no
2026-10-06T11:21:42.139109Z,0.0600,1.00,no
2026-10-06T11:21:42.139109Z,0.0300,1.00,no
2026-10-06T11:21:42.139109Z,0.0400,1.00,no
2026-10-06T11:21:43.043423Z,0.0900,0.01,yes
2026-10-06T11:21:43.043423Z,0.1100,24.93,yes
2026-10-06T11:21:43.043423Z,0.0800,1.00,yes
2026-10-06T11:21:43.043423Z,0.0900,1.00,yes
2026-10-06T11:21:43.043423Z,0.1000,0.01,yes
2026-10-06T11:21:43.043423Z,0.1100,25.00,yes
2026-10-06T11:21:43.043423Z,0.1100,0.01,yes
2026-10-06T11:21:43.043423Z,0.1100,34.00,yes
2026-10-06T11:21:43.043423Z,0.1100,0.01,yes
2026-10-06T11:21:43.043423Z,0.1000,0.01,yes
2026-10-06T11:21:43.043423Z,0.1100,0.01,yes
2026-10-06T11:21:44.554301Z,0.1000,1.03,yes
2026-10-06T11:21:45.073257Z,0.1000,3.97,yes
2026-10-06T11:21:45.073257Z,0.1000,14.84,yes
2026-10-06T11:21:45.415397Z,0.0300,109.04,no
2026-10-06T11:21:45.415397Z,0.0300,10.00,no
2026-10-06T11:21:45.415397Z,0.0500,1.00,no
2026-10-06T11:21:45.415397Z,0.0500,1.00,no
2026-10-06T11:21:45.415397Z,0.0400,0.01,no
2026-10-06T11:21:45.415397Z,0.0300,0.01,no
2026-10-06T11:21:45.415397Z,0.0400,25.00,no
2026-10-06T11:21:48.158751Z,0.1100,0.01,yes
2026-10-06T11:21:48.158751Z,0.0900,0.01,yes
2026-10-06T11:21:48.158751Z,0.0900,3.00,yes
2026-10-06T11:21:48.158751Z,0.0900,1.00,yes
2026-10-06T11:21:48.158751Z,0.1000,14.84,yes
2026-10-06T11:21:48.158751Z,0.1000,0.01,yes
2026-10-06T11:21:48.158751Z,0.1100,2.52,yes
2026-10-06T11:21:48.158751Z,0.1100,5.00,yes
2026-10-06T11:21:48.158751Z,0.1000,20.16,yes
2026-10-06T11:21:48.158751Z,0.1000,0.01,yes
2026-10-06T11:21:48.323748Z,0.1200,1.00,yes
2026-10-06T11:21:48.323748Z,0.1100,0.01,yes
2026-10-06T11:21:48.323748Z,0.1000,35.00,yes
2026-10-06T11:21:48.323748Z,0.1100,5.00,yes
2026-10-06T11:21:48.323748Z,0.1000,25.00,yes
2026-10-06T11:21:48.323748Z,0.1000,20.00,yes
2026-10-06T11:21:48.323748Z,0.1100,5.00,yes
2026-10-06T11:21:48.323748Z,0.1200,52.66,yes
2026-10-06T11:21:48.323748Z,0.1200,10.00,yes
2026-10-06T11:21:48.323748Z,0.1200,1.00,yes
2026-10-06T11:21:48.323748Z,0.1200,0.01,yes
2026-10-06T11:21:48.323748Z,0.1200,11.46,yes
2026-10-06T11:21:48.623599Z,0.1000,3.00,yes
2026-10-06T11:21:48.623599Z,0.1000,20.00,yes
2026-10-06T11:21:48.623599Z,0.1000,35.00,yes
2026-10-06T11:21:48.652153Z,0.1100,59.00,yes
2026-10-06T11:21:48.652153Z,0.1100,10.92,yes
2026-10-06T11:21:48.652153Z,0.1100,34.00,yes
2026-10-06T11:21:48.652153Z,0.1100,0.01,yes
2026-10-06T11:21:48.652153Z,0.1100,0.01,yes
2026-10-06T11:21:48.652153Z,0.1200,293.98,yes
2026-10-06T11:21:48.652153Z,0.1200,102.08,yes
2026-10-06T11:21:50.312507Z,0.1100,10.00,yes
2026-10-06T11:21:50.312507Z,0.1100,0.01,yes
2026-10-06T11:21:50.312507Z,0.1100,0.01,yes
2026-10-06T11:21:50.893054Z,0.1100,670.62,no
2026-10-06T11:21:51.976613Z,0.1300,17.86,yes
2026-10-06T11:21:51.976613Z,0.1200,10.00,yes
2026-10-06T11:21:51.976613Z,0.1200,0.01,yes
2026-10-06T11:21:51.976613Z,0.1200,5.00,yes
2026-10-06T11:21:51.976613Z,0.1300,1.00,yes
2026-10-06T11:21:51.976613Z,0.1300,10.00,yes
2026-10-06T11:21:53.54049Z,0.1300,72.50,yes
2026-10-06T11:21:55.362189Z,0.1300,145.01,yes
2026-10-06T11:21:56.943607Z,0.1300,7.25,yes
2026-10-06T11:21:57.406477Z,0.1200,28.01,no
2026-10-06T11:21:59.554849Z,0.1300,146.24,yes
2026-10-06T11:21:59.767801Z,0.1300,21.75,yes
2026-10-06T11:22:00.759769Z,0.1300,28.35,yes
2026-10-06T11:22:01.39964Z,0.1300,16.31,yes
2026-10-06T11:22:01.437809Z,0.1200,6.70,no
2026-10-06T11:22:01.70729Z,0.1300,36.25,yes
2026-10-06T11:22:02.010878Z,0.1300,29.00,yes
2026-10-06T11:22:02.425483Z,0.1300,290.02,yes
2026-10-06T11:22:03.958272Z,0.1300,0.07,yes
2026-10-06T11:22:05.171675Z,0.1300,7.23,yes
2026-10-06T11:22:06.821622Z,0.1300,72.50,yes
2026-10-06T11:22:07.608603Z,0.1300,609.66,yes
2026-10-06T11:22:07.608603Z,0.1300,115.41,yes
2026-10-06T11:22:07.640963Z,0.1300,7.25,yes
2026-10-06T11:22:09.240058Z,0.1300,145.01,yes
2026-10-06T11:22:09.810676Z,0.1300,7.25,yes
2026-10-06T11:22:10.039519Z,0.1300,543.80,yes
2026-10-06T11:22:10.308649Z,0.1300,0.01,yes
2026-10-06T11:22:10.308649Z,0.1300,1.00,yes
2026-10-06T11:22:10.308649Z,0.1300,2.00,yes
2026-10-06T11:22:10.308649Z,0.1300,7.00,yes
2026-10-06T11:22:10.308649Z,0.1300,4.00,yes
2026-10-06T11:22:10.308649Z,0.1300,0.49,yes
2026-10-06T11:22:10.463198Z,0.1300,14.93,yes
2026-10-06T11:22:10.937578Z,0.1300,7.25,yes
2026-10-06T11:22:11.949862Z,0.1300,3.62,yes
2026-10-06T11:22:13.10045Z,0.1300,72.50,yes
2026-10-06T11:22:13.624172Z,0.1300,7.25,yes
2026-10-06T11:22:14.46884Z,0.1300,34.80,yes
2026-10-06T11:22:15.015081Z,0.1300,3.62,yes
2026-10-06T11:22:15.015081Z,0.1300,7.25,yes
2026-10-06T11:22:15.015081Z,0.1300,0.49,yes
2026-10-06T11:22:15.015081Z,0.1300,10.00,yes
2026-10-06T11:22:15.015081Z,0.1300,14.93,yes
2026-10-06T11:22:15.015081Z,0.1300,66.09,yes
2026-10-06T11:22:15.015081Z,0.1300,0.01,yes
2026-10-06T11:22:15.015081Z,0.1400,20.00,yes
2026-10-06T11:22:15.015081Z,0.1400,1.00,yes
2026-10-06T11:22:15.015081Z,0.1400,1.00,yes
2026-10-06T11:22:15.015081Z,0.1300,59.16,yes
2026-10-06T11:22:15.015081Z,0.1300,10.00,yes
2026-10-06T11:22:15.015081Z,0.1400,197.10,yes
2026-10-06T11:22:16.316739Z,0.1200,67.06,no
2026-10-06T11:22:16.540087Z,0.1200,78.23,no
2026-10-06T11:22:16.540087Z,0.1200,21.23,no
2026-10-06T11:22:17.820622Z,0.1400,0.01,yes
2026-10-06T11:22:17.820622Z,0.1400,10.00,yes
2026-10-06T11:22:17.820622Z,0.1400,2.00,yes
2026-10-06T11:22:17.820622Z,0.1500,19.19,yes
2026-10-06T11:22:17.820622Z,0.1500,1.00,yes
2026-10-06T11:22:19.126054Z,0.1500,10.00,yes
2026-10-06T11:22:19.126054Z,0.1500,20.00,yes
2026-10-06T11:22:19.126054Z,0.1600,0.36,yes
2026-10-06T11:22:19.126054Z,0.1500,0.01,yes
2026-10-06T11:22:19.126054Z,0.1500,1.00,yes
2026-10-06T11:22:19.920709Z,0.1300,0.01,no
2026-10-06T11:22:19.920709Z,0.1300,37.99,no
2026-10-06T11:22:20.042512Z,0.1300,8.25,no
2026-10-06T11:22:21.294388Z,0.1600,1.00,yes
2026-10-06T11:22:21.294388Z,0.1700,0.23,yes
2026-10-06T11:22:21.294388Z,0.1600,3.00,yes
2026-10-06T11:22:21.294388Z,0.1700,1.00,yes
2026-10-06T11:22:21.294388Z,0.1700,1.00,yes
2026-10-06T11:22:21.294388Z,0.1700,1.00,yes
2026-10-06T11:22:21.294388Z,0.1600,0.64,yes
2026-10-06T11:22:21.294388Z,0.1600,1.00,yes
2026-10-06T11:22:21.294388Z,0.1700,9.00,yes
2026-10-06T11:22:21.294388Z,0.1600,17.00,yes
2026-10-06T11:22:21.294388Z,0.1500,20.00,yes
2026-10-06T11:22:21.294388Z,0.1500,4.00,yes
2026-10-06T11:22:21.294388Z,0.1600,1.00,yes
2026-10-06T11:22:21.753715Z,0.1700,1.00,yes
2026-10-06T11:22:21.753715Z,0.1700,0.90,yes
2026-10-06T11:22:21.753715Z,0.1700,8.00,yes
2026-10-06T11:22:21.753715Z,0.1700,2.77,yes
2026-10-06T11:22:21.753715Z,0.1600,3.00,yes
2026-10-06T11:22:21.753715Z,0.1500,20.00,yes
2026-10-06T11:22:21.753715Z,0.1600,20.00,yes
2026-10-06T11:22:21.753715Z,0.1500,4.00,yes
2026-10-06T11:22:21.753715Z,0.1600,0.01,yes
2026-10-06T11:22:23.12469Z,0.1500,2.00,yes
2026-10-06T11:22:23.12469Z,0.1600,9.05,yes
2026-10-06T11:22:23.12469Z,0.1500,6.00,yes
2026-10-06T11:22:25.45879Z,0.1700,0.10,yes
2026-10-06T11:22:25.45879Z,0.1700,1.00,yes
2026-10-06T11:22:25.45879Z,0.1500,1.00,yes
2026-10-06T11:22:25.45879Z,0.1600,6.00,yes
2026-10-06T11:22:25.45879Z,0.1500,11.00,yes
2026-10-06T11:22:25.45879Z,0.1700,30.00,yes
2026-10-06T11:22:25.45879Z,0.1600,2.95,yes
2026-10-06T11:22:25.45879Z,0.1700,3.00,yes
2026-10-06T11:22:25.45879Z,0.1700,0.53,yes
2026-10-06T11:22:25.45879Z,0.1600,0.01,yes
2026-10-06T11:22:25.45879Z,0.1600,2.00,yes
2026-10-06T11:22:27.368074Z,0.1800,4.00,yes
2026-10-06T11:22:27.368074Z,0.1800,5.00,yes
2026-10-06T11:22:27.368074Z,0.1800,1.00,yes
2026-10-06T11:22:27.368074Z,0.1800,1.00,yes
2026-10-06T11:22:27.368074Z,0.1800,1.00,yes
2026-10-06T11:22:27.368074Z,0.1800,7.00,yes
2026-10-06T11:22:27.368074Z,0.1800,1.00,yes
2026-10-06T11:22:27.368074Z,0.1900,19.00,yes
2026-10-06T11:22:27.368074Z,0.1900,1.00,yes
2026-10-06T11:22:27.368074Z,0.1800,1.00,yes
2026-10-06T11:22:27.368074Z,0.2000,10.37,yes
2026-10-06T11:22:27.368074Z,0.1900,1.00,yes
2026-10-06T11:22:27.368074Z,0.1800,1.00,yes
2026-10-06T11:22:27.368074Z,0.2000,1.00,yes
2026-10-06T11:22:27.368074Z,0.1800,1.00,yes
2026-10-06T11:22:27.368074Z,0.1800,1.00,yes
2026-10-06T11:22:27.368074Z,0.1900,1.00,yes
2026-10-06T11:22:27.368074Z,0.1800,1.00,yes
2026-10-06T11:22:27.368074Z,0.1900,1.00,yes
2026-10-06T11:22:27.368074Z,0.1900,1.00,yes
2026-10-06T11:22:27.368074Z,0.1800,1.00,yes
2026-10-06T11:22:27.368074Z,0.1700,1.00,yes
2026-10-06T11:22:27.368074Z,0.1700,4.00,yes
2026-10-06T11:22:27.368074Z,0.1700,1.47,yes
2026-10-06T11:22:27.368074Z,0.1600,6.00,yes
2026-10-06T11:22:27.368074Z,0.1700,30.00,yes
2026-10-06T11:22:27.368074Z,0.1700,2.00,yes
2026-10-06T11:22:27.368074Z,0.1600,2.00,yes
2026-10-06T11:22:27.368074Z,0.1600,8.00,yes
2026-10-06T11:22:27.368074Z,0.1700,2.00,yes
2026-10-06T11:22:27.368074Z,0.1600,0.01,yes
2026-10-06T11:22:27.368074Z,0.1600,5.00,yes
2026-10-06T11:22:27.368074Z,0.1600,10.00,yes
2026-10-06T11:22:28.794885Z,0.1500,0.02,yes
2026-10-06T11:22:28.794885Z,0.1500,4.00,yes
2026-10-06T11:22:29.662289Z,0.2300,13.00,yes
2026-10-06T11:22:29.662289Z,0.2100,1.00,yes
2026-10-06T11:22:29.662289Z,0.2100,1.00,yes
2026-10-06T11:22:29.662289Z,0.2300,7.53,yes
2026-10-06T11:22:29.662289Z,0.2000,1.00,yes
2026-10-06T11:22:29.662289Z,0.2200,19.00,yes
2026-10-06T11:22:29.662289Z,0.2100,2.00,yes
2026-10-06T11:22:29.662289Z,0.2000,9.63,yes
2026-10-06T11:22:29.662289Z,0.2000,1.00,yes
2026-10-06T11:22:29.662289Z,0.2100,20.00,yes
2026-10-06T11:22:29.662289Z,0.2200,2.00,yes
2026-10-06T11:22:29.662289Z,0.2400,1.00,yes
2026-10-06T11:22:29.662289Z,0.1900,31.00,yes
2026-10-06T11:22:29.662289Z,0.1500,10.00,yes
2026-10-06T11:22:29.662289Z,0.1500,1.00,yes
2026-10-06T11:22:29.662289Z,0.1600,1.00,yes
2026-10-06T11:22:29.662289Z,0.1500,0.98,yes
2026-10-06T11:22:29.662289Z,0.1800,1.00,yes
2026-10-06T11:22:29.662289Z,0.1600,0.01,yes
2026-10-06T11:22:29.662289Z,0.1900,1.00,yes
2026-10-06T11:22:29.662289Z,0.1900,2.00,yes
2026-10-06T11:22:29.662289Z,0.1700,2.00,yes
2026-10-06T11:22:29.662289Z,0.1700,0.01,yes
2026-10-06T11:22:29.662289Z,0.1700,5.00,yes
2026-10-06T11:22:29.662289Z,0.1600,4.00,yes
2026-10-06T11:22:29.662289Z,0.2100,119.00,yes
2026-10-06T11:22:29.662289Z,0.1800,4.00,yes
2026-10-06T11:22:29.662289Z,0.2300,2.00,yes
2026-10-06T11:22:29.662289Z,0.2200,1.00,yes
2026-10-06T11:22:29.662289Z,0.2300,20.00,yes
2026-10-06T11:22:29.662289Z,0.2100,1.00,yes
2026-10-06T11:22:29.662289Z,0.2200,1.00,yes
2026-10-06T11:22:29.662289Z,0.2200,1.00,yes
2026-10-06T11:22:29.662289Z,0.2100,1.00,yes
2026-10-06T11:22:29.662289Z,0.2000,1.00,yes
2026-10-06T11:22:29.662289Z,0.2000,1.00,yes
2026-10-06T11:22:29.662289Z,0.2300,1.00,yes
2026-10-06T11:22:29.662289Z,0.2200,1.00,yes
2026-10-06T11:22:29.662289Z,0.2300,1.00,yes
2026-10-06T11:22:29.662289Z,0.2400,143.27,yes
2026-10-06T11:22:32.710585Z,0.1100,0.01,no
2026-10-06T11:22:32.710585Z,0.1000,0.01,no
2026-10-06T11:22:32.710585Z,0.0900,0.01,no
2026-10-06T11:22:32.710585Z,0.0800,0.01,no
2026-10-06T11:22:32.710585Z,0.0900,1.00,no
2026-10-06T11:22:32.710585Z,0.1200,0.01,no
2026-10-06T11:22:32.710585Z,0.0800,32.14,no
2026-10-06T11:22:32.710585Z,0.1300,0.01,no
2026-10-06T11:22:32.710585Z,0.1100,1.00,no
2026-10-06T11:22:33.087859Z,0.1600,1.88,yes
2026-10-06T11:22:33.087859Z,0.1600,0.01,yes
2026-10-06T11:22:33.087859Z,0.1500,1.00,yes
2026-10-06T11:22:33.087859Z,0.1500,2.00,yes
2026-10-06T11:22:33.087859Z,0.1500,1.00,yes
2026-10-06T11:22:33.087859Z,0.1500,0.01,yes
2026-10-06T11:22:33.101618Z,0.0100,0.01,no
2026-10-06T11:22:33.101618Z,0.0200,0.01,no
2026-10-06T11:22:33.101618Z,0.0300,0.01,no
2026-10-06T11:22:33.101618Z,0.0500,0.01,no
2026-10-06T11:22:33.101618Z,0.0400,0.01,no
2026-10-06T11:22:33.101618Z,0.0600,0.01,no
2026-10-06T11:22:33.101618Z,0.0700,0.01,no
2026-10-06T11:22:33.101618Z,0.1000,1.00,no
2026-10-06T11:22:33.101618Z,0.0100,990.00,no
2026-10-06T11:22:33.101618Z,0.0800,0.01,no
2026-10-06T11:22:33.101618Z,0.0500,50.00,no
2026-10-06T11:22:33.101618Z,0.0400,192.00,no
2026-10-06T11:22:33.101618Z,0.0600,46.00,no
2026-10-06T11:22:33.101618Z,0.0900,0.01,no
2026-10-06T11:22:33.101618Z,0.0700,6.00,no
2026-10-06T11:22:33.101618Z,0.0100,400.00,no
2026-10-06T11:22:33.116217Z,0.0100,314.00,yes
2026-10-06T11:22:34.158928Z,0.0100,280.55,yes
2026-10-06T11:22:59.946845Z,0.0100,93.51,yes
2026-10-06T11:24:26.780313Z,0.0100,1.00,yes
