time,yes_price,contracts,taker
2026-10-10T02:40:32.575422Z,0.0200,166.40,no
2026-10-10T02:40:32.575422Z,0.0200,10.00,no
2026-10-10T02:40:32.575422Z,0.0200,200.00,no
2026-10-10T02:40:32.575422Z,0.0200,0.01,no
2026-10-10T02:40:32.575422Z,0.0200,0.01,no
2026-10-10T02:40:32.575422Z,0.0200,1003.00,no
2026-10-10T02:40:32.575422Z,0.0200,71.00,no
2026-10-10T02:40:32.575422Z,0.0200,25.00,no
2026-10-10T02:40:32.575422Z,0.0200,0.01,no
2026-10-10T02:40:32.575422Z,0.0200,0.01,no
2026-10-10T02:40:32.575422Z,0.0200,0.01,no
2026-10-10T02:40:32.575422Z,0.0200,0.01,no
2026-10-10T02:40:32.575422Z,0.0200,660.00,no
2026-10-10T02:40:32.575422Z,0.0200,500.00,no
2026-10-10T02:40:32.575422Z,0.0200,600.00,no
2026-10-10T02:40:32.575422Z,0.0200,12.05,no
2026-10-10T02:40:32.575422Z,0.0200,2200.00,no
2026-10-10T02:40:32.575422Z,0.0200,997.00,no
2026-10-10T02:40:32.575422Z,0.0100,806.21,no
2026-10-10T02:40:32.595827Z,0.0200,283.27,yes
2026-10-10T02:40:32.685579Z,0.0200,100.00,yes
2026-10-10T02:40:32.685579Z,0.0200,182.27,yes
2026-10-10T02:40:32.685579Z,0.0200,1.00,yes
2026-10-10T02:40:32.685579Z,0.0200,522.94,yes
2026-10-10T02:40:34.189781Z,0.0200,500.00,yes
2026-10-10T02:40:34.189781Z,0.0200,417.73,yes
2026-10-10T02:40:34.189781Z,0.0200,100.00,yes
2026-10-10T02:40:34.189781Z,0.0200,346.40,yes
2026-10-10T02:40:34.189781Z,0.0200,40.00,yes
2026-10-10T02:40:38.549585Z,0.0300,200.00,yes
2026-10-10T02:40:38.549585Z,0.0300,1924.24,yes
2026-10-10T02:40:38.549585Z,0.0300,125.00,yes
2026-10-10T02:40:38.549585Z,0.0300,10.00,yes
2026-10-10T02:40:38.549585Z,0.0300,91.00,yes
2026-10-10T02:40:38.549585Z,0.0300,100.00,yes
2026-10-10T02:40:38.549585Z,0.0300,601.15,yes
2026-10-10T02:40:38.549585Z,0.0300,70.00,yes
2026-10-10T02:40:40.425551Z,0.0300,62.42,yes
2026-10-10T02:40:40.758941Z,0.0200,108.76,no
2026-10-10T02:40:42.600116Z,0.0300,142.72,yes
2026-10-10T02:40:42.600116Z,0.0300,13.34,yes
2026-10-10T02:40:45.313164Z,0.0300,156.06,yes
2026-10-10T02:40:46.37236Z,0.0200,710.57,no
2026-10-10T02:40:46.669661Z,0.0200,20.26,no
2026-10-10T02:40:47.229576Z,0.0300,201.22,yes
2026-10-10T02:40:47.229576Z,0.0300,110.91,yes
2026-10-10T02:40:56.620734Z,0.0300,62.42,yes
2026-10-10T02:41:00.427835Z,0.0200,62.63,no
2026-10-10T02:41:00.427835Z,0.0200,10.00,no
2026-10-10T02:41:00.427835Z,0.0200,157.41,no
2026-10-10T02:41:00.427835Z,0.0200,71.00,no
2026-10-10T02:41:00.427835Z,0.0200,10.48,no
2026-10-10T02:41:00.427835Z,0.0200,1.00,no
2026-10-10T02:41:00.433905Z,0.0200,37.37,no
2026-10-10T02:41:00.433905Z,0.0100,287.16,no
2026-10-10T02:41:00.439386Z,0.0200,10.00,no
2026-10-10T02:41:03.499297Z,0.0100,137.74,no
2026-10-10T02:41:05.378998Z,0.0200,40.00,yes
2026-10-10T02:41:05.378998Z,0.0200,93.00,yes
2026-10-10T02:41:05.378998Z,0.0200,137.74,yes
2026-10-10T02:41:05.378998Z,0.0200,168.00,yes
2026-10-10T02:41:05.378998Z,0.0200,10.00,yes
2026-10-10T02:41:05.378998Z,0.0200,1.00,yes
2026-10-10T02:41:05.378998Z,0.0200,277.16,yes
2026-10-10T02:41:07.966969Z,0.0200,100.00,no
2026-10-10T02:41:07.966969Z,0.0200,71.33,no
2026-10-10T02:41:09.986931Z,0.0200,52.83,no
2026-10-10T02:41:09.986931Z,0.0200,19.67,no
2026-10-10T02:41:11.208256Z,0.0300,31.21,yes
2026-10-10T02:41:12.098146Z,0.0200,997.00,no
2026-10-10T02:41:12.098146Z,0.0200,10.00,no
2026-10-10T02:41:12.098146Z,0.0200,18.60,no
2026-10-10T02:41:12.098146Z,0.0200,18.17,no
2026-10-10T02:41:12.098146Z,0.0200,5.00,no
2026-10-10T02:41:19.244568Z,0.0300,58.42,yes
2026-10-10T02:41:19.244568Z,0.0300,4.00,yes
2026-10-10T02:41:21.24047Z,0.0200,28.54,no
2026-10-10T02:41:25.554176Z,0.0200,88.30,no
2026-10-10T02:41:31.234092Z,0.0300,1.56,yes
2026-10-10T02:41:35.688429Z,0.0200,52.22,no
2026-10-10T02:41:35.938833Z,0.0200,17.00,no
2026-10-10T02:41:35.938833Z,0.0200,2.81,no
2026-10-10T02:41:35.938833Z,0.0200,412.34,no
2026-10-10T02:41:35.938833Z,0.0200,100.00,no
2026-10-10T02:41:35.938833Z,0.0200,71.00,no
2026-10-10T02:41:35.938833Z,0.0200,10.00,no
2026-10-10T02:41:35.938833Z,0.0100,2508.24,no
2026-10-10T02:41:36.202289Z,0.0100,56.67,no
2026-10-10T02:41:41.105198Z,0.0200,15.44,yes
2026-10-10T02:41:56.159642Z,0.0100,11.90,no
2026-10-10T02:42:00.386525Z,0.0100,1.41,no
2026-10-10T02:42:03.992747Z,0.0100,136.64,no
2026-10-10T02:42:06.346763Z,0.0200,200.00,yes
2026-10-10T02:42:07.341964Z,0.0200,46.79,yes
2026-10-10T02:42:17.952524Z,0.0100,134.12,no
2026-10-10T02:42:29.112252Z,0.0200,200.00,yes
2026-10-10T02:42:29.112252Z,0.0200,2049.00,yes
2026-10-10T02:42:29.112252Z,0.0200,2246.01,yes
2026-10-10T02:42:29.112252Z,0.0200,10.00,yes
2026-10-10T02:42:30.481241Z,0.0200,140.37,yes
2026-10-10T02:42:30.991996Z,0.0100,8.20,no
2026-10-10T02:42:35.792951Z,0.0100,13.89,no
2026-10-10T02:42:35.82161Z,0.0100,725.07,no
2026-10-10T02:42:39.102642Z,0.0100,25.22,no
2026-10-10T02:42:40.655425Z,0.0200,14.03,yes
2026-10-10T02:42:41.847551Z,0.0100,781.27,no
2026-10-10T02:42:45.227647Z,0.0100,1009.39,no
2026-10-10T02:42:45.997593Z,0.0200,46.79,yes
2026-10-10T02:42:46.881127Z,0.0200,70.18,yes
2026-10-10T02:42:49.39573Z,0.0100,303.03,no
2026-10-10T02:42:53.533281Z,0.0200,46.79,yes
2026-10-10T02:42:56.165546Z,0.0200,93.58,yes
2026-10-10T02:43:04.001283Z,0.0200,168.71,yes
2026-10-10T02:43:08.051571Z,0.0200,4.00,yes
2026-10-10T02:43:08.051571Z,0.0200,203.43,yes
2026-10-10T02:43:08.051571Z,0.0200,1.00,yes
2026-10-10T02:43:08.051571Z,0.0200,412.34,yes
2026-10-10T02:43:08.051571Z,0.0200,88.30,yes
2026-10-10T02:43:08.051571Z,0.0200,56.67,yes
2026-10-10T02:43:08.051571Z,0.0200,0.70,yes
2026-10-10T02:43:08.051571Z,0.0200,28.54,yes
2026-10-10T02:43:08.051571Z,0.0200,52.22,yes
2026-10-10T02:43:08.051571Z,0.0200,18.60,yes
2026-10-10T02:43:08.051571Z,0.0200,70.00,yes
2026-10-10T02:43:09.050491Z,0.0200,100.00,yes
2026-10-10T02:43:09.428058Z,0.0100,93.70,no
2026-10-10T02:43:09.460095Z,0.0100,36.25,no
2026-10-10T02:43:10.02726Z,0.0200,37.38,yes
2026-10-10T02:43:10.02726Z,0.0200,196.57,yes
2026-10-10T02:43:12.018795Z,0.0100,26.58,no
2026-10-10T02:43:17.249359Z,0.0100,601.81,no
2026-10-10T02:43:17.351272Z,0.0100,427.88,no
2026-10-10T02:43:18.816485Z,0.0100,28.94,no
2026-10-10T02:43:19.222455Z,0.0200,233.95,yes
2026-10-10T02:43:24.015174Z,0.0200,228.67,yes
2026-10-10T02:43:24.015174Z,0.0200,100.00,yes
2026-10-10T02:43:24.015174Z,0.0200,0.01,yes
2026-10-10T02:43:24.015174Z,0.0200,40.53,yes
2026-10-10T02:43:24.015174Z,0.0200,11.90,yes
2026-10-10T02:43:24.015174Z,0.0200,40.00,yes
2026-10-10T02:43:24.875677Z,0.0100,136.64,no
2026-10-10T02:43:25.63566Z,0.0100,297.91,no
2026-10-10T02:43:29.065619Z,0.0200,100.00,yes
2026-10-10T02:43:29.065619Z,0.0200,61.47,yes
2026-10-10T02:43:29.065619Z,0.0200,1.41,yes
2026-10-10T02:43:29.065619Z,0.0200,71.07,yes
2026-10-10T02:43:29.102193Z,0.0100,8.94,no
2026-10-10T02:43:29.207587Z,0.0100,298.30,no
2026-10-10T02:43:29.60364Z,0.0100,272.08,no
2026-10-10T02:43:32.934478Z,0.0200,46.79,yes
2026-10-10T02:43:36.290108Z,0.0100,1751.68,no
2026-10-10T02:43:45.512446Z,0.0200,9.09,yes
2026-10-10T02:43:45.512446Z,0.0200,18.78,yes
2026-10-10T02:43:47.007852Z,0.0100,65.25,no
2026-10-10T02:43:48.782573Z,0.0200,9.91,yes
2026-10-10T02:43:48.782573Z,0.0200,130.46,yes
2026-10-10T02:43:50.463377Z,0.0100,39.88,no
2026-10-10T02:43:52.204578Z,0.0100,52.10,no
2026-10-10T02:44:02.933554Z,0.0100,531.73,no
2026-10-10T02:44:05.432574Z,0.0100,21.75,no
2026-10-10T02:44:08.548587Z,0.0100,100.00,no
2026-10-10T02:44:09.211185Z,0.0100,106.34,no
2026-10-10T02:44:13.927753Z,0.0100,17.11,no
2026-10-10T02:44:16.494334Z,0.0100,27.32,no
2026-10-10T02:44:21.766435Z,0.0200,0.46,yes
2026-10-10T02:44:22.014513Z,0.0200,3.20,yes
2026-10-10T02:44:22.014513Z,0.0200,0.01,yes
2026-10-10T02:44:22.014513Z,0.0200,100.00,yes
2026-10-10T02:44:22.014513Z,0.0200,13.89,yes
2026-10-10T02:44:22.014513Z,0.0200,725.07,yes
2026-10-10T02:44:22.014513Z,0.0200,100.00,yes
2026-10-10T02:44:22.014513Z,0.0200,200.00,yes
2026-10-10T02:44:22.014513Z,0.0200,10.00,yes
2026-10-10T02:44:22.014513Z,0.0200,8.20,yes
2026-10-10T02:44:22.014513Z,0.0200,25.22,yes
2026-10-10T02:44:22.014513Z,0.0200,218.11,yes
2026-10-10T02:44:33.924318Z,0.0200,46.79,yes
2026-10-10T02:44:35.791249Z,0.0100,468.51,no
2026-10-10T02:44:37.347285Z,0.0200,0.93,yes
2026-10-10T02:44:38.495433Z,0.0100,36.25,no
2026-10-10T02:44:41.573831Z,0.0100,25.40,no
2026-10-10T02:44:46.719359Z,0.0100,14.91,no
2026-10-10T02:44:52.379051Z,0.0100,62.42,no
2026-10-10T02:44:55.13211Z,0.0200,334.19,yes
2026-10-10T02:44:55.13211Z,0.0200,781.27,yes
2026-10-10T02:44:55.13211Z,0.0200,100.00,yes
2026-10-10T02:44:55.13211Z,0.0200,1009.39,yes
2026-10-10T02:44:55.13211Z,0.0200,303.03,yes
2026-10-10T02:44:55.13211Z,0.0200,0.01,yes
2026-10-10T02:44:55.13211Z,0.0200,100.00,yes
2026-10-10T02:44:55.13211Z,0.0200,1980.12,yes
2026-10-10T02:44:55.13211Z,0.0200,70.00,yes
2026-10-10T02:44:55.13211Z,0.0200,1.00,yes
2026-10-10T02:44:56.455639Z,0.0100,234.25,no
2026-10-10T02:44:56.7667Z,0.0200,93.58,yes
2026-10-10T02:45:07.46029Z,0.0200,36.25,yes
2026-10-10T02:45:07.46029Z,0.0200,0.12,yes
2026-10-10T02:45:07.46029Z,0.0200,1.00,yes
2026-10-10T02:45:07.46029Z,0.0200,299.95,yes
2026-10-10T02:45:07.46029Z,0.0200,4.00,yes
2026-10-10T02:45:07.46029Z,0.0200,26.58,yes
2026-10-10T02:45:07.46029Z,0.0200,100.00,yes
2026-10-10T02:45:07.781783Z,0.0200,427.88,yes
2026-10-10T02:45:07.781783Z,0.0200,301.86,yes
2026-10-10T02:45:07.781783Z,0.0200,40.00,yes
2026-10-10T02:45:07.781783Z,0.0200,136.64,yes
2026-10-10T02:45:07.781783Z,0.0200,297.91,yes
2026-10-10T02:45:07.781783Z,0.0200,28.94,yes
2026-10-10T02:45:07.781783Z,0.0200,100.00,yes
2026-10-10T02:45:07.781783Z,0.0200,8.94,yes
2026-10-10T02:45:07.781783Z,0.0200,298.30,yes
2026-10-10T02:45:07.781783Z,0.0200,25.53,yes
2026-10-10T02:45:16.380737Z,0.0200,753.44,yes
2026-10-10T02:45:16.380737Z,0.0200,246.55,yes
2026-10-10T02:45:16.380737Z,0.0200,0.01,yes
2026-10-10T02:45:16.39254Z,0.0200,25.40,yes
2026-10-10T02:45:16.39254Z,0.0200,2.00,yes
2026-10-10T02:45:16.39254Z,0.0200,0.01,yes
2026-10-10T02:45:16.39254Z,0.0200,121.00,yes
2026-10-10T02:45:16.39254Z,0.0200,14.91,yes
2026-10-10T02:45:16.39254Z,0.0200,1.00,yes
2026-10-10T02:45:16.39254Z,0.0200,121.00,yes
2026-10-10T02:45:16.39254Z,0.0200,62.42,yes
2026-10-10T02:45:16.39254Z,0.0200,70.00,yes
2026-10-10T02:45:16.39254Z,0.0200,1.00,yes
2026-10-10T02:45:16.39254Z,0.0200,0.01,yes
2026-10-10T02:45:16.39254Z,0.0200,1000.00,yes
2026-10-10T02:45:16.39254Z,0.0200,468.51,yes
2026-10-10T02:45:16.39254Z,0.0200,36.25,yes
2026-10-10T02:45:16.39254Z,0.0200,100.00,yes
2026-10-10T02:45:16.39254Z,0.0200,106.34,yes
2026-10-10T02:45:16.39254Z,0.0200,17.11,yes
2026-10-10T02:45:16.39254Z,0.0200,27.32,yes
2026-10-10T02:45:16.39254Z,0.0200,200.00,yes
2026-10-10T02:45:16.39254Z,0.0200,10.00,yes
2026-10-10T02:45:16.39254Z,0.0200,52.10,yes
2026-10-10T02:45:16.39254Z,0.0200,10.00,yes
2026-10-10T02:45:16.39254Z,0.0200,0.01,yes
2026-10-10T02:45:16.39254Z,0.0200,531.73,yes
2026-10-10T02:45:16.39254Z,0.0200,21.75,yes
2026-10-10T02:45:16.39254Z,0.0200,500.00,yes
2026-10-10T02:45:16.39254Z,0.0300,500.00,yes
2026-10-10T02:45:16.39254Z,0.0200,1.00,yes
2026-10-10T02:45:16.39254Z,0.0300,100.00,yes
2026-10-10T02:45:16.39254Z,0.0200,100.00,yes
2026-10-10T02:45:16.39254Z,0.0200,332.00,yes
2026-10-10T02:45:16.39254Z,0.0200,234.25,yes
2026-10-10T02:45:16.39254Z,0.0200,0.01,yes
2026-10-10T02:45:16.39254Z,0.0300,1.00,yes
2026-10-10T02:45:16.39254Z,0.0200,2.00,yes
2026-10-10T02:45:16.39254Z,0.0200,40.00,yes
2026-10-10T02:45:16.39254Z,0.0200,2000.00,yes
2026-10-10T02:45:16.39254Z,0.0300,1089.00,yes
2026-10-10T02:45:16.39254Z,0.0300,2000.00,yes
2026-10-10T02:45:16.39254Z,0.0300,448.00,yes
2026-10-10T02:45:16.39254Z,0.0200,3916.00,yes
2026-10-10T02:45:16.39254Z,0.0200,1.00,yes
2026-10-10T02:45:16.39254Z,0.0200,50.00,yes
2026-10-10T02:45:16.39254Z,0.0300,2.00,yes
2026-10-10T02:45:16.39254Z,0.0200,998.24,yes
2026-10-10T02:45:16.39254Z,0.0200,90.00,yes
2026-10-10T02:45:16.39254Z,0.0200,3.00,yes
2026-10-10T02:45:16.39254Z,0.0200,65.25,yes
2026-10-10T02:45:16.39254Z,0.0200,39.88,yes
2026-10-10T02:45:16.39254Z,0.0300,0.01,yes
2026-10-10T02:45:16.39254Z,0.0300,200.00,yes
2026-10-10T02:45:16.39254Z,0.0300,2.00,yes
2026-10-10T02:45:16.39254Z,0.0300,5.00,yes
2026-10-10T02:45:16.39254Z,0.0300,1.00,yes
2026-10-10T02:45:16.39254Z,0.0300,0.01,yes
2026-10-10T02:45:16.39254Z,0.0300,1.00,yes
2026-10-10T02:45:16.39254Z,0.0300,10.00,yes
2026-10-10T02:45:16.410153Z,0.0100,6.00,no
2026-10-10T02:45:16.410403Z,0.0200,6.00,no
2026-10-10T02:45:16.410825Z,0.0200,6.00,no
2026-10-10T02:45:16.410868Z,0.0400,500.00,yes
2026-10-10T02:45:16.410868Z,0.0400,997.00,yes
2026-10-10T02:45:16.410868Z,0.0300,96.00,yes
2026-10-10T02:45:16.410868Z,0.0300,1.00,yes
2026-10-10T02:45:16.410868Z,0.0400,500.00,yes
2026-10-10T02:45:16.410868Z,0.0300,6.00,yes
2026-10-10T02:45:16.410868Z,0.0400,3.00,yes
2026-10-10T02:45:16.410868Z,0.0400,2000.00,yes
2026-10-10T02:45:16.410868Z,0.0400,238.00,yes
2026-10-10T02:45:16.410868Z,0.0400,685.00,yes
2026-10-10T02:45:16.410868Z,0.0400,4.67,yes
2026-10-10T02:45:16.410868Z,0.0400,0.01,yes
2026-10-10T02:45:16.410868Z,0.0400,25.00,yes
2026-10-10T02:45:16.410868Z,0.0400,3.00,yes
2026-10-10T02:45:16.410868Z,0.0400,10.00,yes
2026-10-10T02:45:16.410868Z,0.0400,0.01,yes
2026-10-10T02:45:16.410868Z,0.0400,200.00,yes
2026-10-10T02:45:16.410868Z,0.0400,4.00,yes
2026-10-10T02:45:16.410868Z,0.0400,1.00,yes
2026-10-10T02:45:16.410868Z,0.0400,7.00,yes
2026-10-10T02:45:16.410868Z,0.0400,1.00,yes
2026-10-10T02:45:16.414518Z,0.0200,6.00,no
2026-10-10T02:45:16.418854Z,0.0100,6.00,no
2026-10-10T02:45:16.422375Z,0.0200,1510.00,yes
2026-10-10T02:45:16.42821Z,0.0100,79.00,no
2026-10-10T02:45:16.429544Z,0.0100,82.00,no
2026-10-10T02:45:16.43347Z,0.0200,60.00,yes
2026-10-10T02:45:16.44276Z,0.0200,6.00,yes
2026-10-10T02:45:16.44276Z,0.0200,53.00,yes
2026-10-10T02:45:16.44276Z,0.0200,79.00,yes
2026-10-10T02:45:16.44276Z,0.0200,82.00,yes
2026-10-10T02:45:16.517578Z,0.0200,39.00,yes
2026-10-10T02:45:16.517578Z,0.0200,13.00,yes
2026-10-10T02:45:16.517578Z,0.0200,10.00,yes
2026-10-10T02:45:16.517578Z,0.0200,13.00,yes
2026-10-10T02:45:16.742625Z,0.0300,22.00,yes
2026-10-10T02:45:16.743245Z,0.0300,0.87,yes
2026-10-10T02:45:16.824084Z,0.0900,1.00,yes
2026-10-10T02:45:16.824084Z,0.0700,1.00,yes
2026-10-10T02:45:16.824084Z,0.1000,2.00,yes
2026-10-10T02:45:16.824084Z,0.0900,1.00,yes
2026-10-10T02:45:16.824084Z,0.1000,0.01,yes
2026-10-10T02:45:16.824084Z,0.1000,1.00,yes
2026-10-10T02:45:16.824084Z,0.0900,1.00,yes
2026-10-10T02:45:16.824084Z,0.0700,107.00,yes
2026-10-10T02:45:16.824084Z,0.0800,93.00,yes
2026-10-10T02:45:16.824084Z,0.0600,1.00,yes
2026-10-10T02:45:16.824084Z,0.1000,92.00,yes
2026-10-10T02:45:16.824084Z,0.0800,10.36,yes
2026-10-10T02:45:16.824084Z,0.0800,52.00,yes
2026-10-10T02:45:16.824084Z,0.0900,5.00,yes
2026-10-10T02:45:16.824084Z,0.0500,3.00,yes
2026-10-10T02:45:16.824084Z,0.0800,2.00,yes
2026-10-10T02:45:16.824084Z,0.0900,3.00,yes
2026-10-10T02:45:16.824084Z,0.0600,46.79,yes
2026-10-10T02:45:16.824084Z,0.0600,0.01,yes
2026-10-10T02:45:16.824084Z,0.0700,0.01,yes
2026-10-10T02:45:16.824084Z,0.0900,1.00,yes
2026-10-10T02:45:16.824084Z,0.0800,25.00,yes
2026-10-10T02:45:16.824084Z,0.1000,1.00,yes
2026-10-10T02:45:16.824084Z,0.0700,0.01,yes
2026-10-10T02:45:16.824084Z,0.1000,25.00,yes
2026-10-10T02:45:16.824084Z,0.0600,0.01,yes
2026-10-10T02:45:16.824084Z,0.0600,0.01,yes
2026-10-10T02:45:16.824084Z,0.0500,3.00,yes
2026-10-10T02:45:16.824084Z,0.0600,5.00,yes
2026-10-10T02:45:16.824084Z,0.0800,1.00,yes
2026-10-10T02:45:16.824084Z,0.0700,1.00,yes
2026-10-10T02:45:16.824084Z,0.0500,1.00,yes
2026-10-10T02:45:16.824084Z,0.0600,1.00,yes
2026-10-10T02:45:16.824084Z,0.0500,1.00,yes
2026-10-10T02:45:16.824084Z,0.0600,1.00,yes
2026-10-10T02:45:16.824084Z,0.0700,1.00,yes
2026-10-10T02:45:16.824084Z,0.0800,1.00,yes
2026-10-10T02:45:16.824084Z,0.0600,1.00,yes
2026-10-10T02:45:16.824084Z,0.0900,1.00,yes
2026-10-10T02:45:16.824084Z,0.0500,0.01,yes
2026-10-10T02:45:16.824084Z,0.0600,2.00,yes
2026-10-10T02:45:16.824084Z,0.0500,0.01,yes
2026-10-10T02:45:16.824084Z,0.0700,21.00,yes
2026-10-10T02:45:16.824084Z,0.0600,1.00,yes
2026-10-10T02:45:16.824084Z,0.0700,1.00,yes
2026-10-10T02:45:16.824084Z,0.0800,1.00,yes
2026-10-10T02:45:16.824084Z,0.0700,1.00,yes
2026-10-10T02:45:16.824084Z,0.0700,1.00,yes
2026-10-10T02:45:16.824084Z,0.0600,1.00,yes
2026-10-10T02:45:16.824084Z,0.0700,1.00,yes
2026-10-10T02:45:16.824084Z,0.0600,2.00,yes
2026-10-10T02:45:16.824084Z,0.0800,1.09,yes
2026-10-10T02:45:16.824084Z,0.0700,4.00,yes
2026-10-10T02:45:16.824084Z,0.0800,1.00,yes
2026-10-10T02:45:16.824084Z,0.0600,1.00,yes
2026-10-10T02:45:16.824084Z,0.1000,1.00,yes
2026-10-10T02:45:16.824084Z,0.0900,447.00,yes
2026-10-10T02:45:16.824084Z,0.0600,30.00,yes
2026-10-10T02:45:16.824084Z,0.0800,1.00,yes
2026-10-10T02:45:16.824084Z,0.0500,1.00,yes
2026-10-10T02:45:16.824084Z,0.0500,1.00,yes
2026-10-10T02:45:16.824084Z,0.1000,3.00,yes
2026-10-10T02:45:16.824084Z,0.1000,3.00,yes
2026-10-10T02:45:16.824084Z,0.0700,3.00,yes
2026-10-10T02:45:16.824084Z,0.0700,1.00,yes
2026-10-10T02:45:16.824084Z,0.1000,1.00,yes
2026-10-10T02:45:16.824084Z,0.0800,1.00,yes
2026-10-10T02:45:16.824084Z,0.0800,1.00,yes
2026-10-10T02:45:16.824084Z,0.0500,1.00,yes
2026-10-10T02:45:16.824084Z,0.0500,1.00,yes
2026-10-10T02:45:16.824084Z,0.0600,1.00,yes
2026-10-10T02:45:16.824084Z,0.0500,1.00,yes
2026-10-10T02:45:16.829456Z,0.1100,2.00,yes
2026-10-10T02:45:16.829456Z,0.1100,3.00,yes
2026-10-10T02:45:16.829456Z,0.1100,0.99,yes
2026-10-10T02:45:16.829456Z,0.1100,1.00,yes
2026-10-10T02:45:16.829456Z,0.1100,0.01,yes
2026-10-10T02:45:16.829456Z,0.1100,1.00,yes
2026-10-10T02:45:16.829456Z,0.1100,1.00,yes
2026-10-10T02:45:16.863585Z,0.0800,1.00,no
2026-10-10T02:45:17.584796Z,0.1000,45.00,yes
2026-10-10T02:45:17.635004Z,0.1100,0.01,yes
2026-10-10T02:45:17.635004Z,0.1100,31.99,yes
2026-10-10T02:45:17.685922Z,0.1100,23.00,yes
2026-10-10T02:45:17.689999Z,0.1100,23.00,yes
2026-10-10T02:45:17.693456Z,0.1100,2.00,yes
2026-10-10T02:45:17.699756Z,0.1000,2.00,no
2026-10-10T02:45:18.067305Z,0.1100,1.00,yes
2026-10-10T02:45:18.385997Z,0.1200,6.00,yes
2026-10-10T02:45:18.385997Z,0.1200,1.00,yes
2026-10-10T02:45:18.392976Z,0.1200,1.81,yes
2026-10-10T02:45:18.392976Z,0.1200,1.00,yes
2026-10-10T02:45:18.392976Z,0.1200,4.19,yes
2026-10-10T02:45:18.400138Z,0.1200,7.00,yes
2026-10-10T02:45:22.96426Z,0.1200,7.00,yes
2026-10-10T02:45:22.96426Z,0.1200,59.77,yes
2026-10-10T02:45:22.96426Z,0.1200,12.23,yes
2026-10-10T02:45:26.54944Z,0.1100,7.50,no
2026-10-10T02:45:26.54944Z,0.1100,6.00,no
2026-10-10T02:45:26.54944Z,0.1100,1.00,no
2026-10-10T02:45:33.067349Z,0.1100,30.85,no
2026-10-10T02:45:35.22413Z,0.1100,0.18,no
2026-10-10T02:45:35.22413Z,0.1100,82.00,no
2026-10-10T02:45:35.22413Z,0.1000,65.97,no
2026-10-10T02:45:35.22413Z,0.1100,1.00,no
2026-10-10T02:45:35.87338Z,0.1100,0.16,no
2026-10-10T02:45:35.87338Z,0.1000,89.00,no
2026-10-10T02:45:35.87338Z,0.0900,52.00,no
2026-10-10T02:45:35.87338Z,0.1100,76.00,no
2026-10-10T02:45:35.87338Z,0.1000,83.00,no
2026-10-10T02:45:35.87338Z,0.0900,10.00,no
2026-10-10T02:45:35.87338Z,0.0900,1.00,no
2026-10-10T02:45:35.87338Z,0.1000,71.00,no
2026-10-10T02:45:35.87338Z,0.0900,52.02,no
2026-10-10T02:45:37.505594Z,0.1200,39.77,yes
2026-10-10T02:45:37.505594Z,0.1200,10.23,yes
2026-10-10T02:45:37.505594Z,0.1200,8.24,yes
2026-10-10T02:45:37.505594Z,0.1100,21.00,yes
2026-10-10T02:45:37.505594Z,0.1100,1.00,yes
2026-10-10T02:45:37.831132Z,0.1100,1.00,yes
2026-10-10T02:45:37.831132Z,0.1100,0.01,yes
2026-10-10T02:45:37.901173Z,0.1100,5.00,yes
2026-10-10T02:45:38.178936Z,0.1000,12.51,no
2026-10-10T02:45:39.886009Z,0.1000,19.12,no
2026-10-10T02:45:42.074679Z,0.1100,3.01,yes
2026-10-10T02:45:42.074679Z,0.1100,15.00,yes
2026-10-10T02:45:42.074679Z,0.1100,24.77,yes
2026-10-10T02:45:42.110756Z,0.1100,1.71,yes
2026-10-10T02:45:42.280008Z,0.1100,40.99,yes
2026-10-10T02:45:44.688456Z,0.1000,25.37,no
2026-10-10T02:45:44.688456Z,0.1000,61.46,no
2026-10-10T02:45:44.936952Z,0.1100,17.11,yes
2026-10-10T02:45:45.11137Z,0.1000,9.54,no
2026-10-10T02:45:45.11137Z,0.1000,10.00,no
2026-10-10T02:45:45.11137Z,0.1000,67.29,no
2026-10-10T02:45:45.581702Z,0.1000,72.50,no
2026-10-10T02:45:46.280808Z,0.1000,98.00,no
2026-10-10T02:45:46.280808Z,0.1000,4.76,no
2026-10-10T02:45:46.280808Z,0.1000,10.00,no
2026-10-10T02:45:46.280808Z,0.1000,6.00,no
2026-10-10T02:45:46.280808Z,0.1000,1.00,no
2026-10-10T02:45:46.280808Z,0.0900,329.16,no
2026-10-10T02:45:46.280808Z,0.0900,18.98,no
2026-10-10T02:45:46.732323Z,0.0900,265.86,no
2026-10-10T02:45:46.87647Z,0.0900,10.00,no
2026-10-10T02:45:46.87647Z,0.0900,204.98,no
2026-10-10T02:45:46.87647Z,0.0900,1.27,no
2026-10-10T02:45:47.783301Z,0.1100,70.00,yes
2026-10-10T02:45:47.783301Z,0.1100,157.42,yes
2026-10-10T02:45:47.783301Z,0.1100,8.03,yes
2026-10-10T02:45:47.783301Z,0.1100,15.00,yes
2026-10-10T02:45:47.783301Z,0.1100,1.00,yes
2026-10-10T02:45:47.783301Z,0.1100,40.00,yes
2026-10-10T02:45:49.161247Z,0.1000,35.45,no
2026-10-10T02:45:49.577636Z,0.1100,8.53,yes
2026-10-10T02:45:49.577636Z,0.1100,0.02,yes
2026-10-10T02:45:50.587735Z,0.1100,6.47,yes
2026-10-10T02:45:50.587735Z,0.1100,8.34,yes
2026-10-10T02:45:51.403493Z,0.1000,71.00,no
2026-10-10T02:45:51.403493Z,0.1000,27.55,no
2026-10-10T02:45:51.403493Z,0.1000,5.05,no
2026-10-10T02:45:51.403493Z,0.1000,33.00,no
2026-10-10T02:45:51.403493Z,0.1000,6.00,no
2026-10-10T02:45:51.403493Z,0.1000,86.00,no
2026-10-10T02:45:51.403493Z,0.1000,20.85,no
2026-10-10T02:45:51.403493Z,0.1000,30.00,no
2026-10-10T02:45:51.403493Z,0.1000,10.00,no
2026-10-10T02:45:52.579426Z,0.1100,0.76,yes
2026-10-10T02:45:52.579426Z,0.1100,0.09,yes
2026-10-10T02:45:56.096024Z,0.1100,14.24,yes
2026-10-10T02:45:56.096024Z,0.1100,40.00,yes
2026-10-10T02:45:56.096024Z,0.1100,1.00,yes
2026-10-10T02:45:56.096024Z,0.1100,10.00,yes
2026-10-10T02:45:56.096024Z,0.1100,70.00,yes
2026-10-10T02:45:56.096024Z,0.1100,7.71,yes
2026-10-10T02:45:56.096024Z,0.1100,28.20,yes
2026-10-10T02:45:56.359348Z,0.1100,8.55,yes
2026-10-10T02:45:56.872233Z,0.1100,22.87,yes
2026-10-10T02:45:57.978516Z,0.1100,42.78,yes
2026-10-10T02:45:58.481748Z,0.1000,1.00,no
2026-10-10T02:45:58.481748Z,0.0900,12.29,no
2026-10-10T02:45:59.657146Z,0.0900,8.99,no
2026-10-10T02:46:00.397434Z,0.0900,10.00,no
2026-10-10T02:46:00.397434Z,0.0900,49.72,no
2026-10-10T02:46:00.397434Z,0.0900,63.23,no
2026-10-10T02:46:00.937565Z,0.0900,10.00,no
2026-10-10T02:46:00.937565Z,0.0900,95.00,no
2026-10-10T02:46:00.937565Z,0.0900,820.62,no
2026-10-10T02:46:00.937565Z,0.0900,30.77,no
2026-10-10T02:46:02.543326Z,0.0900,1102.00,no
2026-10-10T02:46:02.543326Z,0.0900,10.00,no
2026-10-10T02:46:02.543326Z,0.0900,3.98,no
2026-10-10T02:46:02.543326Z,0.0900,85.00,no
2026-10-10T02:46:02.543326Z,0.0900,71.00,no
2026-10-10T02:46:02.543326Z,0.0800,728.02,no
2026-10-10T02:46:03.569193Z,0.0900,99.00,no
2026-10-10T02:46:03.569193Z,0.0900,32.21,no
2026-10-10T02:46:04.014448Z,0.1000,6.00,yes
2026-10-10T02:46:04.4592Z,0.1000,0.94,yes
2026-10-10T02:46:04.80503Z,0.0900,301.38,no
2026-10-10T02:46:05.309341Z,0.1000,9.40,yes
2026-10-10T02:46:05.447035Z,0.0900,147.00,no
2026-10-10T02:46:05.447035Z,0.0900,10.00,no
2026-10-10T02:46:05.447035Z,0.0900,0.34,no
2026-10-10T02:46:05.447035Z,0.0900,84.00,no
2026-10-10T02:46:05.447035Z,0.0800,106.69,no
2026-10-10T02:46:07.085545Z,0.0900,3.00,no
2026-10-10T02:46:07.085545Z,0.0900,82.57,no
2026-10-10T02:46:07.128417Z,0.1000,20.41,yes
2026-10-10T02:46:07.128417Z,0.1000,53.66,yes
2026-10-10T02:46:07.128417Z,0.1000,20.00,yes
2026-10-10T02:46:08.061485Z,0.1000,9.40,yes
2026-10-10T02:46:08.112438Z,0.1000,23.51,yes
2026-10-10T02:46:08.694412Z,0.1000,43.00,yes
2026-10-10T02:46:08.755208Z,0.0900,10.00,no
2026-10-10T02:46:08.755208Z,0.0900,111.16,no
2026-10-10T02:46:08.755208Z,0.0900,15.43,no
2026-10-10T02:46:08.755208Z,0.0900,157.00,no
2026-10-10T02:46:11.150217Z,0.1000,94.07,yes
2026-10-10T02:46:11.686848Z,0.1000,47.03,yes
2026-10-10T02:46:11.958504Z,0.1000,9.40,yes
2026-10-10T02:46:12.060258Z,0.1000,33.86,yes
2026-10-10T02:46:12.472849Z,0.1000,1.00,yes
2026-10-10T02:46:12.472849Z,0.1000,1.00,yes
2026-10-10T02:46:12.472849Z,0.1000,3.00,yes
2026-10-10T02:46:12.472849Z,0.1000,26.60,yes
2026-10-10T02:46:13.082586Z,0.1000,2.09,yes
2026-10-10T02:46:13.082586Z,0.1000,166.94,yes
2026-10-10T02:46:13.124847Z,0.1000,7.72,yes
2026-10-10T02:46:13.36451Z,0.0900,30.91,no
2026-10-10T02:46:13.36451Z,0.0900,10.00,no
2026-10-10T02:46:13.36451Z,0.0900,6.00,no
2026-10-10T02:46:13.526121Z,0.1000,25.34,yes
2026-10-10T02:46:13.526121Z,0.1000,6.87,yes
2026-10-10T02:46:13.526121Z,0.1000,20.00,yes
2026-10-10T02:46:13.526121Z,0.1000,1947.79,yes
2026-10-10T02:46:13.821048Z,0.0900,55.09,no
2026-10-10T02:46:13.821048Z,0.0900,74.33,no
2026-10-10T02:46:13.855336Z,0.1000,14.60,yes
2026-10-10T02:46:13.855336Z,0.1000,7.40,yes
2026-10-10T02:46:13.870572Z,0.1000,9.40,yes
2026-10-10T02:46:13.8759Z,0.1000,23.00,yes
2026-10-10T02:46:13.912084Z,0.1000,22.00,yes
2026-10-10T02:46:14.139605Z,0.1000,283.00,yes
2026-10-10T02:46:14.19841Z,0.1000,8.00,yes
2026-10-10T02:46:14.266431Z,0.1000,929.70,yes
2026-10-10T02:46:14.532327Z,0.0900,85.00,no
2026-10-10T02:46:14.671721Z,0.1000,6.94,yes
2026-10-10T02:46:15.054124Z,0.1100,12.00,yes
2026-10-10T02:46:15.054124Z,0.1100,401.92,yes
2026-10-10T02:46:15.054124Z,0.1100,1.00,yes
2026-10-10T02:46:15.054124Z,0.1100,1.00,yes
2026-10-10T02:46:15.054124Z,0.1100,1.00,yes
2026-10-10T02:46:15.054124Z,0.1100,1.00,yes
2026-10-10T02:46:15.054124Z,0.1100,1.00,yes
2026-10-10T02:46:15.054124Z,0.1100,1.00,yes
2026-10-10T02:46:15.318566Z,0.1100,8.55,yes
2026-10-10T02:46:15.386392Z,0.1100,89.00,yes
2026-10-10T02:46:15.386392Z,0.1100,2642.75,yes
2026-10-10T02:46:15.386392Z,0.1100,193.70,yes
2026-10-10T02:46:15.386392Z,0.1100,20.00,yes
2026-10-10T02:46:16.543246Z,0.1200,1.00,yes
2026-10-10T02:46:16.543246Z,0.1200,1.00,yes
2026-10-10T02:46:16.543246Z,0.1200,13.69,yes
2026-10-10T02:46:16.891347Z,0.1200,78.49,yes
2026-10-10T02:46:17.155258Z,0.1200,32.82,yes
2026-10-10T02:46:17.155258Z,0.1200,1.00,yes
2026-10-10T02:46:17.155258Z,0.1200,1.42,yes
2026-10-10T02:46:17.155258Z,0.1200,4.00,yes
2026-10-10T02:46:17.170053Z,0.1100,10.05,no
2026-10-10T02:46:17.170053Z,0.1100,91.00,no
2026-10-10T02:46:18.609883Z,0.1200,96.42,yes
2026-10-10T02:46:18.609883Z,0.1200,1.00,yes
2026-10-10T02:46:18.609883Z,0.1200,1.00,yes
2026-10-10T02:46:18.609883Z,0.1200,1.00,yes
2026-10-10T02:46:18.609883Z,0.1200,0.58,yes
2026-10-10T02:46:18.627094Z,0.1100,93.07,no
2026-10-10T02:46:18.627094Z,0.1100,82.00,no
2026-10-10T02:46:18.627094Z,0.1100,5.00,no
2026-10-10T02:46:18.627094Z,0.1100,2.28,no
2026-10-10T02:46:18.627094Z,0.1100,71.00,no
2026-10-10T02:46:18.627094Z,0.1100,60.95,no
2026-10-10T02:46:19.661068Z,0.1200,15.69,yes
2026-10-10T02:46:20.491597Z,0.1200,12.89,yes
2026-10-10T02:46:20.491597Z,0.1300,54.54,yes
2026-10-10T02:46:20.491597Z,0.1300,6.00,yes
2026-10-10T02:46:20.779299Z,0.1100,34.61,no
2026-10-10T02:46:20.779299Z,0.1100,1.64,no
2026-10-10T02:46:20.802134Z,0.1200,125.00,yes
2026-10-10T02:46:20.802134Z,0.1300,20.94,yes
2026-10-10T02:46:21.042494Z,0.1200,100.00,yes
2026-10-10T02:46:21.592468Z,0.1200,23.54,yes
2026-10-10T02:46:22.342029Z,0.1200,1.46,yes
2026-10-10T02:46:22.342029Z,0.1300,20.37,yes
2026-10-10T02:46:22.420099Z,0.1200,74.00,yes
2026-10-10T02:46:22.892675Z,0.1200,51.00,yes
2026-10-10T02:46:22.892675Z,0.1200,49.00,yes
2026-10-10T02:46:23.223517Z,0.1200,0.54,yes
2026-10-10T02:46:23.598596Z,0.1200,17.97,yes
2026-10-10T02:46:23.606571Z,0.1200,1.00,yes
2026-10-10T02:46:24.000486Z,0.1200,3.00,yes
2026-10-10T02:46:24.045593Z,0.1100,1.00,no
2026-10-10T02:46:24.241665Z,0.1200,4.00,yes
2026-10-10T02:46:24.509674Z,0.1200,98.49,yes
2026-10-10T02:46:24.509674Z,0.1200,1.51,yes
2026-10-10T02:46:25.363115Z,0.1200,26.00,yes
2026-10-10T02:46:25.507586Z,0.1200,5.00,yes
2026-10-10T02:46:25.64125Z,0.1200,5.00,yes
2026-10-10T02:46:25.865748Z,0.1100,7.25,no
2026-10-10T02:46:25.901457Z,0.1100,50.14,no
2026-10-10T02:46:25.901457Z,0.1100,12.00,no
2026-10-10T02:46:25.901457Z,0.1100,10.00,no
2026-10-10T02:46:25.901457Z,0.1100,5.72,no
2026-10-10T02:46:25.988775Z,0.1200,31.00,yes
2026-10-10T02:46:26.431534Z,0.1200,58.00,yes
2026-10-10T02:46:26.431534Z,0.1200,20.49,yes
2026-10-10T02:46:26.756676Z,0.1200,7.84,yes
2026-10-10T02:46:27.009715Z,0.1100,65.28,no
2026-10-10T02:46:27.009715Z,0.1100,47.48,no
2026-10-10T02:46:28.038129Z,0.1200,15.69,yes
2026-10-10T02:46:28.795408Z,0.1100,7.25,no
2026-10-10T02:46:29.637358Z,0.1200,39.24,yes
2026-10-10T02:46:30.090816Z,0.1100,45.27,no
2026-10-10T02:46:30.090816Z,0.1100,32.91,no
2026-10-10T02:46:30.182117Z,0.1100,37.09,no
2026-10-10T02:46:30.182117Z,0.1100,1.22,no
2026-10-10T02:46:30.182117Z,0.1100,5.00,no
2026-10-10T02:46:30.182117Z,0.1100,35.18,no
2026-10-10T02:46:30.880458Z,0.1100,7.68,no
2026-10-10T02:46:30.880458Z,0.1100,64.82,no
2026-10-10T02:46:31.398238Z,0.1200,62.23,yes
2026-10-10T02:46:31.398238Z,0.1200,79.06,yes
2026-10-10T02:46:31.544105Z,0.1200,15.69,yes
2026-10-10T02:46:31.881887Z,0.1100,61.00,no
2026-10-10T02:46:32.028239Z,0.1200,0.39,yes
2026-10-10T02:46:32.412314Z,0.1200,23.54,yes
2026-10-10T02:46:32.435608Z,0.1100,72.00,no
2026-10-10T02:46:33.803337Z,0.1300,47.72,yes
2026-10-10T02:46:33.803337Z,0.1200,101.07,yes
2026-10-10T02:46:33.803337Z,0.1300,29.15,yes
2026-10-10T02:46:33.803337Z,0.1300,1.00,yes
2026-10-10T02:46:33.803337Z,0.1300,1.00,yes
2026-10-10T02:46:33.803337Z,0.1300,5.00,yes
2026-10-10T02:46:33.803337Z,0.1300,1.00,yes
2026-10-10T02:46:33.803337Z,0.1300,1.00,yes
2026-10-10T02:46:33.803337Z,0.1300,1.00,yes
2026-10-10T02:46:33.803337Z,0.1300,1.00,yes
2026-10-10T02:46:33.855243Z,0.1100,62.42,no
2026-10-10T02:46:33.894052Z,0.1100,500.00,no
2026-10-10T02:46:33.95485Z,0.1100,26.23,no
2026-10-10T02:46:34.278809Z,0.1100,19.70,no
2026-10-10T02:46:34.419172Z,0.1200,7.84,yes
2026-10-10T02:46:34.432181Z,0.1200,7.84,yes
2026-10-10T02:46:35.078044Z,0.1100,8.55,no
2026-10-10T02:46:35.872953Z,0.1200,109.32,yes
2026-10-10T02:46:35.872953Z,0.1200,65.76,yes
2026-10-10T02:46:35.976191Z,0.1200,39.24,yes
2026-10-10T02:46:36.307136Z,0.1200,19.62,yes
2026-10-10T02:46:36.394325Z,0.1200,13.11,yes
2026-10-10T02:46:36.394325Z,0.1200,65.38,yes
2026-10-10T02:46:36.525742Z,0.1100,446.00,no
2026-10-10T02:46:36.553338Z,0.1200,63.89,yes
2026-10-10T02:46:36.553338Z,0.1200,0.26,yes
2026-10-10T02:46:36.553338Z,0.1300,4.55,yes
2026-10-10T02:46:36.553338Z,0.1300,115.28,yes
2026-10-10T02:46:36.809244Z,0.1100,58.71,no
2026-10-10T02:46:36.985707Z,0.1200,5.96,yes
2026-10-10T02:46:37.057434Z,0.1200,78.49,yes
2026-10-10T02:46:37.369653Z,0.1100,217.52,no
2026-10-10T02:46:37.620113Z,0.1200,76.55,yes
2026-10-10T02:46:37.620113Z,0.1200,134.00,yes
2026-10-10T02:46:37.620113Z,0.1300,98.83,yes
2026-10-10T02:46:37.620113Z,0.1300,65.45,yes
2026-10-10T02:46:37.620113Z,0.1300,7.99,yes
2026-10-10T02:46:37.834509Z,0.1200,81.00,no
2026-10-10T02:46:37.834509Z,0.1200,22.54,no
2026-10-10T02:46:37.848266Z,0.1200,77.46,no
2026-10-10T02:46:37.848266Z,0.1200,75.37,no
2026-10-10T02:46:37.848266Z,0.1200,18.43,no
2026-10-10T02:46:37.848266Z,0.1200,10.00,no
2026-10-10T02:46:39.140096Z,0.1300,36.25,yes
2026-10-10T02:46:39.600161Z,0.1200,42.71,no
2026-10-10T02:46:39.696452Z,0.1300,14.50,yes
2026-10-10T02:46:40.462279Z,0.1200,28.93,no
2026-10-10T02:46:40.57894Z,0.1300,18.12,yes
2026-10-10T02:46:40.668657Z,0.1200,23.07,no
2026-10-10T02:46:40.668657Z,0.1200,20.36,no
2026-10-10T02:46:40.843453Z,0.1200,20.00,no
2026-10-10T02:46:41.334189Z,0.1200,38.24,no
2026-10-10T02:46:42.234125Z,0.1300,21.75,yes
2026-10-10T02:46:42.236807Z,0.1200,1.29,no
2026-10-10T02:46:42.251429Z,0.1300,72.50,yes
2026-10-10T02:46:42.446214Z,0.1200,7.25,no
2026-10-10T02:46:42.52769Z,0.1200,10.15,no
2026-10-10T02:46:42.52769Z,0.1200,6.43,no
2026-10-10T02:46:42.52769Z,0.1200,10.00,no
2026-10-10T02:46:42.578506Z,0.1300,36.25,yes
2026-10-10T02:46:42.789058Z,0.1300,3.62,yes
2026-10-10T02:46:43.137126Z,0.1300,7.25,yes
2026-10-10T02:46:43.488051Z,0.1300,1.00,yes
2026-10-10T02:46:43.488051Z,0.1300,18.51,yes
2026-10-10T02:46:43.488051Z,0.1300,52.99,yes
2026-10-10T02:46:43.677229Z,0.1200,28.94,no
2026-10-10T02:46:43.855247Z,0.1200,30.80,no
2026-10-10T02:46:43.855247Z,0.1200,114.21,no
2026-10-10T02:46:44.691162Z,0.1300,55.00,yes
2026-10-10T02:46:44.691162Z,0.1300,3.00,yes
2026-10-10T02:46:45.483264Z,0.1200,10.00,no
2026-10-10T02:46:45.483264Z,0.1200,16.05,no
2026-10-10T02:46:45.767076Z,0.1300,0.72,yes
2026-10-10T02:46:46.073786Z,0.1400,10.72,yes
2026-10-10T02:46:46.073786Z,0.1300,9.28,yes
2026-10-10T02:46:46.073786Z,0.1400,1.00,yes
2026-10-10T02:46:46.073786Z,0.1400,1.00,yes
2026-10-10T02:46:46.073786Z,0.1400,1.00,yes
2026-10-10T02:46:46.073786Z,0.1400,2.00,yes
2026-10-10T02:46:46.073786Z,0.1400,1.00,yes
2026-10-10T02:46:46.073786Z,0.1400,2.00,yes
2026-10-10T02:46:46.073786Z,0.1400,2.00,yes
2026-10-10T02:46:46.073786Z,0.1400,1.00,yes
2026-10-10T02:46:46.073786Z,0.1400,1.00,yes
2026-10-10T02:46:46.073786Z,0.1400,1.00,yes
2026-10-10T02:46:46.105113Z,0.1300,27.75,no
2026-10-10T02:46:46.105113Z,0.1300,6.00,no
2026-10-10T02:46:46.449678Z,0.1400,7.47,yes
2026-10-10T02:46:46.449678Z,0.1400,6.00,yes
2026-10-10T02:46:46.685091Z,0.1500,0.26,yes
2026-10-10T02:46:46.761861Z,0.1400,89.00,no
2026-10-10T02:46:46.761861Z,0.1400,28.24,no
2026-10-10T02:46:46.771683Z,0.1400,84.26,no
2026-10-10T02:46:46.948279Z,0.1500,18.75,yes
2026-10-10T02:46:46.948279Z,0.1500,1.00,yes
2026-10-10T02:46:46.948279Z,0.1500,0.01,yes
2026-10-10T02:46:46.948279Z,0.1500,1.00,yes
2026-10-10T02:46:46.948279Z,0.1500,1.00,yes
2026-10-10T02:46:46.948279Z,0.1500,2.00,yes
2026-10-10T02:46:46.948279Z,0.1500,1.00,yes
2026-10-10T02:46:46.948279Z,0.1500,1.00,yes
2026-10-10T02:46:46.948279Z,0.1500,1.00,yes
2026-10-10T02:46:46.948279Z,0.1500,1.96,yes
2026-10-10T02:46:46.948279Z,0.1500,1.00,yes
2026-10-10T02:46:46.948279Z,0.1500,1.00,yes
2026-10-10T02:46:46.948279Z,0.1500,0.74,yes
2026-10-10T02:46:47.132388Z,0.1400,26.15,no
2026-10-10T02:46:47.132388Z,0.1400,123.00,no
2026-10-10T02:46:47.760177Z,0.1300,5.69,no
2026-10-10T02:46:48.196001Z,0.1400,34.20,no
2026-10-10T02:46:48.355362Z,0.1600,1.00,yes
2026-10-10T02:46:48.355362Z,0.1600,1.00,yes
2026-10-10T02:46:48.355362Z,0.1600,0.01,yes
2026-10-10T02:46:48.355362Z,0.1600,4.38,yes
2026-10-10T02:46:48.355362Z,0.1600,1.00,yes
2026-10-10T02:46:48.355362Z,0.1600,1.00,yes
2026-10-10T02:46:48.355362Z,0.1600,1.00,yes
2026-10-10T02:46:48.355362Z,0.1500,0.04,yes
2026-10-10T02:46:48.355362Z,0.1600,1.00,yes
2026-10-10T02:46:48.657433Z,0.1400,100.00,no
2026-10-10T02:46:48.657433Z,0.1400,88.14,no
2026-10-10T02:46:48.793887Z,0.1400,7.86,no
2026-10-10T02:46:48.793887Z,0.1400,20.67,no
2026-10-10T02:46:49.199801Z,0.1400,5.79,no
2026-10-10T02:46:49.885266Z,0.1300,8.68,no
2026-10-10T02:46:50.022116Z,0.1400,27.53,yes
2026-10-10T02:46:50.022116Z,0.1400,0.69,yes
2026-10-10T02:46:50.022116Z,0.1500,3.24,yes
2026-10-10T02:46:50.603957Z,0.1300,1.32,no
2026-10-10T02:46:50.603957Z,0.1200,34.84,no
2026-10-10T02:46:50.603957Z,0.1200,54.95,no
2026-10-10T02:46:50.603957Z,0.1300,30.41,no
2026-10-10T02:46:50.603957Z,0.1300,5.00,no
2026-10-10T02:46:50.603957Z,0.1300,12.00,no
2026-10-10T02:46:50.603957Z,0.1300,71.00,no
2026-10-10T02:46:50.603957Z,0.1300,7.00,no
2026-10-10T02:46:50.603957Z,0.1300,1.00,no
2026-10-10T02:46:50.634756Z,0.1300,1.00,no
2026-10-10T02:46:50.634756Z,0.1300,6.00,no
2026-10-10T02:46:50.882457Z,0.1200,37.16,no
2026-10-10T02:46:50.882457Z,0.1200,82.00,no
2026-10-10T02:46:50.882457Z,0.1200,5.00,no
2026-10-10T02:46:50.882457Z,0.1200,17.00,no
2026-10-10T02:46:50.882457Z,0.1200,15.52,no
2026-10-10T02:46:52.11717Z,0.1300,0.01,yes
2026-10-10T02:46:52.11717Z,0.1300,1.00,yes
2026-10-10T02:46:52.11717Z,0.1300,15.00,yes
2026-10-10T02:46:52.11717Z,0.1400,6.00,yes
2026-10-10T02:46:52.11717Z,0.1400,59.95,yes
2026-10-10T02:46:52.377633Z,0.1400,0.07,yes
2026-10-10T02:46:52.389793Z,0.1200,4.48,no
2026-10-10T02:46:52.389793Z,0.1200,32.30,no
2026-10-10T02:46:52.389793Z,0.1200,72.00,no
2026-10-10T02:46:52.389793Z,0.1200,24.15,no
2026-10-10T02:46:52.71303Z,0.1400,2.70,yes
2026-10-10T02:46:52.71303Z,0.1400,1.00,yes
2026-10-10T02:46:52.71303Z,0.1400,20.00,yes
2026-10-10T02:46:52.71303Z,0.1400,9.98,yes
2026-10-10T02:46:53.108324Z,0.1400,40.00,yes
2026-10-10T02:46:53.108324Z,0.1400,27.26,yes
2026-10-10T02:46:53.354553Z,0.1400,2.82,yes
2026-10-10T02:46:54.024653Z,0.1300,19.23,no
2026-10-10T02:46:54.024653Z,0.1200,71.00,no
2026-10-10T02:46:54.024653Z,0.1300,12.00,no
2026-10-10T02:46:54.024653Z,0.1200,72.61,no
2026-10-10T02:46:54.045528Z,0.1200,8.35,no
2026-10-10T02:46:54.167196Z,0.1400,12.00,yes
2026-10-10T02:46:54.167196Z,0.1400,1.47,yes
2026-10-10T02:46:55.489971Z,0.1300,75.01,no
2026-10-10T02:46:55.82508Z,0.1300,11.06,no
2026-10-10T02:46:55.82508Z,0.1200,71.00,no
2026-10-10T02:46:55.82508Z,0.1200,1.00,no
2026-10-10T02:46:55.82508Z,0.1200,5.00,no
2026-10-10T02:46:55.82508Z,0.1300,10.00,no
2026-10-10T02:46:55.82508Z,0.1200,10.00,no
2026-10-10T02:46:55.82508Z,0.1200,4.04,no
2026-10-10T02:46:55.82508Z,0.1200,72.00,no
2026-10-10T02:46:55.82508Z,0.1100,616.63,no
2026-10-10T02:46:56.128361Z,0.1400,1.00,yes
2026-10-10T02:46:56.128361Z,0.1400,5.29,yes
2026-10-10T02:46:56.319049Z,0.1500,26.27,yes
2026-10-10T02:46:56.319049Z,0.1500,5.00,yes
2026-10-10T02:46:57.467161Z,0.1300,10.00,no
2026-10-10T02:46:57.467161Z,0.1300,21.27,no
2026-10-10T02:46:57.779766Z,0.1400,6.00,no
2026-10-10T02:46:57.779766Z,0.1300,71.00,no
2026-10-10T02:46:57.779766Z,0.1200,25.59,no
2026-10-10T02:46:58.196324Z,0.1300,68.58,no
2026-10-10T02:46:58.196324Z,0.1300,3.92,no
2026-10-10T02:46:59.978563Z,0.1500,56.92,yes
2026-10-10T02:46:59.978563Z,0.1500,6.00,yes
2026-10-10T02:47:00.054183Z,0.1500,62.92,yes
2026-10-10T02:47:00.384892Z,0.1400,1.64,no
2026-10-10T02:47:00.384892Z,0.1400,12.86,no
2026-10-10T02:47:00.650298Z,0.1500,50.00,yes
2026-10-10T02:47:00.650298Z,0.1500,87.00,yes
2026-10-10T02:47:00.650298Z,0.1600,41.99,yes
2026-10-10T02:47:00.650298Z,0.1500,90.00,yes
2026-10-10T02:47:00.650298Z,0.1600,1.00,yes
2026-10-10T02:47:00.650298Z,0.1600,1.00,yes
2026-10-10T02:47:00.828999Z,0.1500,3.14,yes
2026-10-10T02:47:01.228301Z,0.1400,20.26,no
2026-10-10T02:47:01.359226Z,0.1400,36.88,no
2026-10-10T02:47:01.359226Z,0.1400,10.00,no
2026-10-10T02:47:01.359226Z,0.1400,27.15,no
2026-10-10T02:47:01.359226Z,0.1400,100.00,no
2026-10-10T02:47:01.359226Z,0.1400,12.00,no
2026-10-10T02:47:01.359226Z,0.1400,5.00,no
2026-10-10T02:47:01.361091Z,0.1400,27.93,no
2026-10-10T02:47:01.361091Z,0.1400,9.57,no
2026-10-10T02:47:02.695817Z,0.1400,12.00,no
2026-10-10T02:47:02.695817Z,0.1400,70.00,no
2026-10-10T02:47:02.695817Z,0.1400,6.00,no
2026-10-10T02:47:02.695817Z,0.1400,5.76,no
2026-10-10T02:47:02.787815Z,0.1400,10.00,no
2026-10-10T02:47:02.787815Z,0.1400,100.00,no
2026-10-10T02:47:02.787815Z,0.1400,42.93,no
2026-10-10T02:47:02.787815Z,0.1400,34.99,no
2026-10-10T02:47:02.999657Z,0.1500,3.14,yes
2026-10-10T02:47:03.024791Z,0.1300,55.28,no
2026-10-10T02:47:03.024791Z,0.1300,5.00,no
2026-10-10T02:47:03.024791Z,0.1300,10.00,no
2026-10-10T02:47:03.421932Z,0.1500,5.78,yes
2026-10-10T02:47:03.421932Z,0.1500,12.00,yes
2026-10-10T02:47:03.421932Z,0.1500,37.86,yes
2026-10-10T02:47:03.658461Z,0.1400,16.00,yes
2026-10-10T02:47:03.658461Z,0.1500,8.00,yes
2026-10-10T02:47:03.658461Z,0.1500,0.22,yes
2026-10-10T02:47:03.658461Z,0.1500,7.24,yes
2026-10-10T02:47:03.715158Z,0.1400,6.29,yes
2026-10-10T02:47:03.771069Z,0.1400,6.71,yes
2026-10-10T02:47:03.771069Z,0.1500,5.87,yes
2026-10-10T02:47:03.902509Z,0.1300,34.78,no
2026-10-10T02:47:03.902509Z,0.1300,37.72,no
2026-10-10T02:47:03.958049Z,0.1400,19.00,yes
2026-10-10T02:47:03.958049Z,0.1500,104.23,yes
2026-10-10T02:47:04.142971Z,0.1500,16.40,yes
2026-10-10T02:47:04.320416Z,0.1300,7.00,no
2026-10-10T02:47:04.320416Z,0.1300,36.22,no
2026-10-10T02:47:04.320416Z,0.1300,97.15,no
2026-10-10T02:47:04.718652Z,0.1500,6.12,yes
2026-10-10T02:47:04.718652Z,0.1400,1.00,yes
2026-10-10T02:47:04.718652Z,0.1400,25.00,yes
2026-10-10T02:47:04.718652Z,0.1500,441.17,yes
2026-10-10T02:47:04.718652Z,0.1500,118.00,yes
2026-10-10T02:47:04.718652Z,0.1500,6.50,yes
2026-10-10T02:47:05.508465Z,0.1600,14.52,yes
2026-10-10T02:47:05.508465Z,0.1600,1.00,yes
2026-10-10T02:47:06.318591Z,0.1300,23.57,no
2026-10-10T02:47:06.318591Z,0.1400,12.00,no
2026-10-10T02:47:06.318591Z,0.1400,50.00,no
2026-10-10T02:47:06.425736Z,0.1600,35.12,yes
2026-10-10T02:47:06.425736Z,0.1500,12.00,yes
2026-10-10T02:47:06.425736Z,0.1500,6.00,yes
2026-10-10T02:47:06.920707Z,0.1200,386.10,no
2026-10-10T02:47:06.920707Z,0.1300,43.43,no
2026-10-10T02:47:06.920707Z,0.1400,10.00,no
2026-10-10T02:47:06.920707Z,0.1300,17.00,no
2026-10-10T02:47:06.920707Z,0.1400,1.96,no
2026-10-10T02:47:06.920707Z,0.1400,6.00,no
2026-10-10T02:47:06.920707Z,0.1300,71.00,no
2026-10-10T02:47:06.920707Z,0.1300,5.00,no
2026-10-10T02:47:06.920707Z,0.1300,83.00,no
2026-10-10T02:47:07.524641Z,0.1600,16.02,yes
2026-10-10T02:47:07.524641Z,0.1500,43.00,yes
2026-10-10T02:47:07.835129Z,0.1800,1.00,yes
2026-10-10T02:47:07.835129Z,0.1800,1.00,yes
2026-10-10T02:47:07.835129Z,0.1700,1.00,yes
2026-10-10T02:47:07.835129Z,0.1700,1.00,yes
2026-10-10T02:47:07.835129Z,0.1800,1.00,yes
2026-10-10T02:47:07.835129Z,0.1600,34.34,yes
2026-10-10T02:47:07.835129Z,0.1800,19.27,yes
2026-10-10T02:47:07.835129Z,0.1600,1.00,yes
2026-10-10T02:47:07.835129Z,0.1700,66.00,yes
2026-10-10T02:47:07.835129Z,0.1600,1.00,yes
2026-10-10T02:47:07.835129Z,0.1700,29.00,yes
2026-10-10T02:47:07.835129Z,0.1600,6.00,yes
2026-10-10T02:47:07.835129Z,0.1600,24.00,yes
2026-10-10T02:47:07.835129Z,0.1500,6.00,yes
2026-10-10T02:47:07.835129Z,0.1600,50.00,yes
2026-10-10T02:47:07.835129Z,0.1700,1.00,yes
2026-10-10T02:47:07.835129Z,0.1800,1.00,yes
2026-10-10T02:47:07.835129Z,0.1700,1.00,yes
2026-10-10T02:47:07.835129Z,0.1800,2.00,yes
2026-10-10T02:47:07.835129Z,0.1700,1.00,yes
2026-10-10T02:47:07.835129Z,0.1800,1.00,yes
2026-10-10T02:47:07.835129Z,0.1700,1.00,yes
2026-10-10T02:47:07.835129Z,0.1800,1.00,yes
2026-10-10T02:47:07.835129Z,0.1800,1.00,yes
2026-10-10T02:47:07.835129Z,0.1800,1.00,yes
2026-10-10T02:47:09.051264Z,0.1400,4.46,no
2026-10-10T02:47:09.051264Z,0.1400,6.00,no
2026-10-10T02:47:09.051264Z,0.1400,1.00,no
2026-10-10T02:47:09.051264Z,0.1400,6.00,no
2026-10-10T02:47:09.160594Z,0.1400,12.00,no
2026-10-10T02:47:09.160594Z,0.1400,10.11,no
2026-10-10T02:47:09.160594Z,0.1300,50.39,no
2026-10-10T02:47:09.460019Z,0.1500,1.00,yes
2026-10-10T02:47:09.460019Z,0.1500,12.00,yes
2026-10-10T02:47:09.460019Z,0.1500,6.01,yes
2026-10-10T02:47:09.560012Z,0.1500,21.96,yes
2026-10-10T02:47:09.560012Z,0.1400,6.00,yes
2026-10-10T02:47:09.615088Z,0.1300,10.00,no
2026-10-10T02:47:09.615088Z,0.1300,2.75,no
2026-10-10T02:47:09.615088Z,0.1300,49.00,no
2026-10-10T02:47:09.615088Z,0.1300,16.61,no
2026-10-10T02:47:09.615088Z,0.1300,98.00,no
2026-10-10T02:47:09.615088Z,0.1300,71.00,no
2026-10-10T02:47:09.615088Z,0.1200,477.71,no
2026-10-10T02:47:10.235621Z,0.1400,10.00,yes
2026-10-10T02:47:10.235621Z,0.1400,14.09,yes
2026-10-10T02:47:10.456824Z,0.1400,46.36,yes
2026-10-10T02:47:10.456824Z,0.1400,5.91,yes
2026-10-10T02:47:10.486485Z,0.1600,1.00,yes
2026-10-10T02:47:10.486485Z,0.1400,43.64,yes
2026-10-10T02:47:10.486485Z,0.1500,5.00,yes
2026-10-10T02:47:10.486485Z,0.1400,1.00,yes
2026-10-10T02:47:10.486485Z,0.1400,20.00,yes
2026-10-10T02:47:10.486485Z,0.1600,3.00,yes
2026-10-10T02:47:10.486485Z,0.1600,70.00,yes
2026-10-10T02:47:10.486485Z,0.1700,0.07,yes
2026-10-10T02:47:10.975721Z,0.1500,10.00,yes
2026-10-10T02:47:10.975721Z,0.1600,44.70,yes
2026-10-10T02:47:10.975721Z,0.1600,1.00,yes
2026-10-10T02:47:11.025115Z,0.1700,1.00,yes
2026-10-10T02:47:11.025115Z,0.1600,2.00,yes
2026-10-10T02:47:11.025115Z,0.1500,1.00,yes
2026-10-10T02:47:11.025115Z,0.1600,5.30,yes
2026-10-10T02:47:11.025115Z,0.1700,3.00,yes
2026-10-10T02:47:11.025115Z,0.1700,2.50,yes
2026-10-10T02:47:11.025115Z,0.1700,1.00,yes
2026-10-10T02:47:11.025115Z,0.1700,0.93,yes
2026-10-10T02:47:11.591359Z,0.1700,1.00,yes
2026-10-10T02:47:11.591359Z,0.1700,6.00,yes
2026-10-10T02:47:11.591359Z,0.1700,0.01,yes
2026-10-10T02:47:11.591359Z,0.1600,1.00,yes
2026-10-10T02:47:11.591359Z,0.1700,37.08,yes
2026-10-10T02:47:11.591359Z,0.1700,7.50,yes
2026-10-10T02:47:12.067241Z,0.1400,71.00,no
2026-10-10T02:47:12.067241Z,0.1300,56.31,no
2026-10-10T02:47:12.067241Z,0.1400,12.00,no
2026-10-10T02:47:12.067241Z,0.1400,6.00,no
2026-10-10T02:47:12.067241Z,0.1400,35.95,no
2026-10-10T02:47:12.184893Z,0.1700,70.00,yes
2026-10-10T02:47:12.184893Z,0.1600,12.00,yes
2026-10-10T02:47:12.184893Z,0.1700,0.01,yes
2026-10-10T02:47:12.184893Z,0.1500,2.00,yes
2026-10-10T02:47:12.184893Z,0.1700,1.00,yes
2026-10-10T02:47:12.184893Z,0.1600,3.00,yes
2026-10-10T02:47:12.184893Z,0.1800,1.00,yes
2026-10-10T02:47:12.184893Z,0.1800,1.00,yes
2026-10-10T02:47:12.184893Z,0.1800,3.00,yes
2026-10-10T02:47:12.184893Z,0.1700,1.00,yes
2026-10-10T02:47:12.184893Z,0.1700,1.00,yes
2026-10-10T02:47:12.184893Z,0.1800,1.07,yes
2026-10-10T02:47:12.549065Z,0.1400,12.00,no
2026-10-10T02:47:12.549065Z,0.1300,28.06,no
2026-10-10T02:47:12.549065Z,0.1400,31.44,no
2026-10-10T02:47:12.549065Z,0.1300,1.00,no
2026-10-10T02:47:12.712994Z,0.1600,1.00,yes
2026-10-10T02:47:12.712994Z,0.1500,2.00,yes
2026-10-10T02:47:12.712994Z,0.1600,1.00,yes
2026-10-10T02:47:12.712994Z,0.1600,10.00,yes
2026-10-10T02:47:12.712994Z,0.1400,1.00,yes
2026-10-10T02:47:12.712994Z,0.1600,2.00,yes
2026-10-10T02:47:12.712994Z,0.1500,6.00,yes
2026-10-10T02:47:12.712994Z,0.1600,31.43,yes
2026-10-10T02:47:12.784291Z,0.1300,22.94,no
2026-10-10T02:47:12.784291Z,0.1400,6.00,no
2026-10-10T02:47:12.895669Z,0.1500,2.00,yes
2026-10-10T02:47:12.895669Z,0.1500,11.00,yes
2026-10-10T02:47:12.895669Z,0.1500,40.68,yes
2026-10-10T02:47:12.895669Z,0.1500,6.00,yes
2026-10-10T02:47:13.135635Z,0.1300,10.00,no
2026-10-10T02:47:13.135635Z,0.1300,16.00,no
2026-10-10T02:47:13.135635Z,0.1400,0.06,no
2026-10-10T02:47:13.135635Z,0.1300,36.56,no
2026-10-10T02:47:13.406626Z,0.1500,12.00,yes
2026-10-10T02:47:13.406626Z,0.1400,2.00,yes
2026-10-10T02:47:13.406626Z,0.1500,43.97,yes
2026-10-10T02:47:13.406626Z,0.1500,2.00,yes
2026-10-10T02:47:13.485872Z,0.1500,5.29,yes
2026-10-10T02:47:13.485872Z,0.1400,1.00,yes
2026-10-10T02:47:13.571405Z,0.1700,1.00,yes
2026-10-10T02:47:13.571405Z,0.1700,17.00,yes
2026-10-10T02:47:13.571405Z,0.1600,13.00,yes
2026-10-10T02:47:13.571405Z,0.1700,12.00,yes
2026-10-10T02:47:13.571405Z,0.1800,1.21,yes
2026-10-10T02:47:13.571405Z,0.1700,6.00,yes
2026-10-10T02:47:13.853428Z,0.1500,5.00,yes
2026-10-10T02:47:13.853428Z,0.1600,4.91,yes
2026-10-10T02:47:14.252698Z,0.1600,23.12,yes
2026-10-10T02:47:14.252698Z,0.1700,0.01,yes
2026-10-10T02:47:14.252698Z,0.1600,3.00,yes
2026-10-10T02:47:14.252698Z,0.1700,1.00,yes
2026-10-10T02:47:14.252698Z,0.1700,4.00,yes
2026-10-10T02:47:14.252698Z,0.1500,4.00,yes
2026-10-10T02:47:14.252698Z,0.1700,20.75,yes
2026-10-10T02:47:15.118803Z,0.1500,6.00,no
2026-10-10T02:47:15.3487Z,0.1700,0.01,yes
2026-10-10T02:47:15.3487Z,0.1700,0.88,yes
2026-10-10T02:47:15.3487Z,0.1700,8.00,yes
2026-10-10T02:47:15.3487Z,0.1600,2.00,yes
2026-10-10T02:47:15.678053Z,0.1400,12.00,no
2026-10-10T02:47:15.678053Z,0.1400,29.12,no
2026-10-10T02:47:15.678053Z,0.1400,46.95,no
2026-10-10T02:47:15.678053Z,0.1500,6.00,no
2026-10-10T02:47:16.150871Z,0.1300,53.17,no
2026-10-10T02:47:16.312445Z,0.1300,13.83,no
2026-10-10T02:47:16.312445Z,0.1300,19.79,no
2026-10-10T02:47:16.497555Z,0.1300,51.21,no
2026-10-10T02:47:16.497555Z,0.1300,1.01,no
2026-10-10T02:47:16.545129Z,0.1600,18.00,yes
2026-10-10T02:47:16.545129Z,0.1800,13.00,yes
2026-10-10T02:47:16.545129Z,0.1800,11.79,yes
2026-10-10T02:47:16.545129Z,0.1800,27.23,yes
2026-10-10T02:47:16.545129Z,0.1800,1.00,yes
2026-10-10T02:47:16.545129Z,0.1800,1.00,yes
2026-10-10T02:47:16.545129Z,0.1800,1.00,yes
2026-10-10T02:47:16.545129Z,0.1700,0.12,yes
2026-10-10T02:47:16.545129Z,0.1500,2.00,yes
2026-10-10T02:47:16.545129Z,0.1600,1.00,yes
2026-10-10T02:47:16.545129Z,0.1500,12.00,yes
2026-10-10T02:47:16.545129Z,0.1700,6.00,yes
2026-10-10T02:47:16.545129Z,0.1700,15.00,yes
2026-10-10T02:47:17.328341Z,0.1600,14.00,yes
2026-10-10T02:47:17.328341Z,0.1500,1.00,yes
2026-10-10T02:47:17.328341Z,0.1700,7.00,yes
2026-10-10T02:47:17.328341Z,0.1600,5.00,yes
2026-10-10T02:47:17.328341Z,0.1700,0.34,yes
2026-10-10T02:47:17.63489Z,0.1400,6.00,no
2026-10-10T02:47:17.63489Z,0.1400,0.81,no
2026-10-10T02:47:17.63489Z,0.1400,1.00,no
2026-10-10T02:47:19.134633Z,0.1400,11.19,no
2026-10-10T02:47:19.134633Z,0.1400,5.20,no
2026-10-10T02:47:19.202521Z,0.1500,6.00,yes
2026-10-10T02:47:19.202521Z,0.1500,20.00,yes
2026-10-10T02:47:19.202521Z,0.1500,25.64,yes
2026-10-10T02:47:19.202521Z,0.1500,48.86,yes
2026-10-10T02:47:19.514624Z,0.1300,10.00,no
2026-10-10T02:47:19.514624Z,0.1300,85.99,no
2026-10-10T02:47:19.514624Z,0.1300,67.00,no
2026-10-10T02:47:19.514624Z,0.1400,12.00,no
2026-10-10T02:47:19.514624Z,0.1400,21.23,no
2026-10-10T02:47:19.514624Z,0.1200,272.60,no
2026-10-10T02:47:19.793996Z,0.1300,89.00,no
2026-10-10T02:47:19.793996Z,0.1300,67.00,no
2026-10-10T02:47:19.793996Z,0.1200,191.91,no
2026-10-10T02:47:19.817597Z,0.1400,53.00,yes
2026-10-10T02:47:19.817597Z,0.1400,1.00,yes
2026-10-10T02:47:19.817597Z,0.1400,5.36,yes
2026-10-10T02:47:19.828149Z,0.1400,47.92,yes
2026-10-10T02:47:19.828149Z,0.1300,15.00,yes
2026-10-10T02:47:19.846972Z,0.1400,11.32,yes
2026-10-10T02:47:20.88726Z,0.1400,7.54,yes
2026-10-10T02:47:20.88726Z,0.1400,19.55,yes
2026-10-10T02:47:21.26466Z,0.1300,7.89,no
2026-10-10T02:47:21.26466Z,0.1300,50.00,no
2026-10-10T02:47:21.318653Z,0.1400,90.00,yes
2026-10-10T02:47:21.318653Z,0.1400,19.45,yes
2026-10-10T02:47:21.318653Z,0.1400,25.29,yes
2026-10-10T02:47:21.449779Z,0.1500,39.02,yes
2026-10-10T02:47:21.449779Z,0.1400,27.00,yes
2026-10-10T02:47:21.449779Z,0.1400,10.96,yes
2026-10-10T02:47:21.87891Z,0.1700,0.01,yes
2026-10-10T02:47:21.87891Z,0.1700,5.00,yes
2026-10-10T02:47:21.87891Z,0.1600,1.00,yes
2026-10-10T02:47:21.87891Z,0.1700,1.00,yes
2026-10-10T02:47:21.87891Z,0.1600,8.00,yes
2026-10-10T02:47:21.87891Z,0.1500,12.00,yes
2026-10-10T02:47:21.87891Z,0.1700,1.00,yes
2026-10-10T02:47:21.87891Z,0.1600,10.00,yes
2026-10-10T02:47:21.87891Z,0.1700,18.02,yes
2026-10-10T02:47:21.901598Z,0.1200,85.00,no
2026-10-10T02:47:21.901598Z,0.1300,59.11,no
2026-10-10T02:47:21.901598Z,0.1300,22.08,no
2026-10-10T02:47:21.901598Z,0.1300,12.00,no
2026-10-10T02:47:21.901598Z,0.1200,7.26,no
2026-10-10T02:47:21.901598Z,0.1400,6.00,no
2026-10-10T02:47:21.901598Z,0.1300,10.00,no
2026-10-10T02:47:21.901598Z,0.1200,17.00,no
2026-10-10T02:47:21.901598Z,0.1200,71.00,no
2026-10-10T02:47:22.002822Z,0.1300,1.00,no
2026-10-10T02:47:22.002822Z,0.1200,49.00,no
2026-10-10T02:47:22.715748Z,0.1300,6.29,yes
2026-10-10T02:47:23.031825Z,0.1200,87.00,yes
2026-10-10T02:47:23.166299Z,0.1200,11.77,yes
2026-10-10T02:47:23.167153Z,0.1200,0.43,yes
2026-10-10T02:47:23.506908Z,0.1200,600.00,yes
2026-10-10T02:47:23.656082Z,0.1200,5.95,yes
2026-10-10T02:47:23.676671Z,0.1200,146.16,yes
2026-10-10T02:47:23.763254Z,0.1200,6.00,yes
2026-10-10T02:47:23.763254Z,0.1200,30.70,yes
2026-10-10T02:47:23.763254Z,0.1200,151.69,yes
2026-10-10T02:47:24.267088Z,0.1200,117.74,yes
2026-10-10T02:47:24.868946Z,0.1200,7.84,yes
2026-10-10T02:47:24.95327Z,0.1100,26.12,no
2026-10-10T02:47:24.95327Z,0.1100,4.93,no
2026-10-10T02:47:24.95327Z,0.1100,70.00,no
2026-10-10T02:47:25.671003Z,0.1200,39.24,yes
2026-10-10T02:47:25.965048Z,0.1200,156.99,yes
2026-10-10T02:47:25.986587Z,0.1200,39.24,yes
2026-10-10T02:47:26.41902Z,0.1200,39.24,yes
2026-10-10T02:47:26.82167Z,0.1200,6.67,yes
2026-10-10T02:47:27.568127Z,0.1200,7.84,yes
2026-10-10T02:47:27.577423Z,0.1200,39.24,yes
2026-10-10T02:47:27.674392Z,0.1200,15.69,yes
2026-10-10T02:47:27.770836Z,0.1200,39.24,yes
2026-10-10T02:47:27.983143Z,0.1100,20.26,no
2026-10-10T02:47:28.204497Z,0.1200,15.69,yes
2026-10-10T02:47:28.315411Z,0.1200,30.22,yes
2026-10-10T02:47:28.51321Z,0.1200,50.00,yes
2026-10-10T02:47:28.971794Z,0.1200,92.37,yes
2026-10-10T02:47:29.030716Z,0.1200,78.49,yes
2026-10-10T02:47:29.221709Z,0.1200,23.54,yes
2026-10-10T02:47:29.229836Z,0.1100,52.90,no
2026-10-10T02:47:29.229836Z,0.1100,7.88,no
2026-10-10T02:47:29.323226Z,0.1200,83.00,yes
2026-10-10T02:47:29.323226Z,0.1200,203.72,yes
2026-10-10T02:47:29.323226Z,0.1200,51.74,yes
2026-10-10T02:47:29.323226Z,0.1200,100.00,yes
2026-10-10T02:47:29.323226Z,0.1200,600.00,yes
2026-10-10T02:47:29.323226Z,0.1200,125.00,yes
2026-10-10T02:47:29.323226Z,0.1200,1.00,yes
2026-10-10T02:47:29.323226Z,0.1200,40.00,yes
2026-10-10T02:47:29.323226Z,0.1200,121.00,yes
2026-10-10T02:47:29.323226Z,0.1200,18.07,yes
2026-10-10T02:47:29.559274Z,0.1200,12.49,yes
2026-10-10T02:47:29.559274Z,0.1200,98.00,yes
2026-10-10T02:47:29.559274Z,0.1200,125.00,yes
2026-10-10T02:47:29.743916Z,0.1200,3.29,yes
2026-10-10T02:47:29.8225Z,0.1100,92.00,no
2026-10-10T02:47:29.8225Z,0.1100,400.00,no
2026-10-10T02:47:29.8225Z,0.1100,71.00,no
2026-10-10T02:47:29.8225Z,0.1100,17.10,no
2026-10-10T02:47:29.8225Z,0.1100,9.88,no
2026-10-10T02:47:29.8225Z,0.1100,100.00,no
2026-10-10T02:47:29.8225Z,0.1100,28.77,no
2026-10-10T02:47:29.8225Z,0.1100,125.00,no
2026-10-10T02:47:29.919461Z,0.1100,3398.56,yes
2026-10-10T02:47:30.23963Z,0.1000,106.00,no
2026-10-10T02:47:30.275824Z,0.1100,49.12,yes
2026-10-10T02:47:30.487376Z,0.1000,11.64,no
2026-10-10T02:47:30.638145Z,0.1100,0.25,yes
2026-10-10T02:47:30.86413Z,0.1100,61.88,yes
2026-10-10T02:47:30.934478Z,0.1100,16.00,yes
2026-10-10T02:47:31.086771Z,0.1100,40.00,yes
2026-10-10T02:47:31.378437Z,0.1100,665.00,yes
2026-10-10T02:47:31.56336Z,0.1100,900.00,yes
2026-10-10T02:47:31.589042Z,0.1000,120.00,no
2026-10-10T02:47:31.705655Z,0.1100,83.00,yes
2026-10-10T02:47:31.842734Z,0.1100,1.00,yes
2026-10-10T02:47:31.852116Z,0.1100,23.66,yes
2026-10-10T02:47:31.968187Z,0.1100,205.38,yes
2026-10-10T02:47:32.077267Z,0.1000,241.93,no
2026-10-10T02:47:32.079671Z,0.1100,78.00,yes
2026-10-10T02:47:32.251404Z,0.1100,48.00,yes
2026-10-10T02:47:32.31988Z,0.1100,0.17,yes
2026-10-10T02:47:32.343583Z,0.1100,3.00,yes
2026-10-10T02:47:32.967008Z,0.1100,27.00,yes
2026-10-10T02:47:33.052038Z,0.1000,14.47,no
2026-10-10T02:47:33.192624Z,0.1100,684.62,yes
2026-10-10T02:47:33.212031Z,0.1000,36.23,no
2026-10-10T02:47:33.560867Z,0.1100,21.65,yes
2026-10-10T02:47:33.704592Z,0.1100,12.15,yes
2026-10-10T02:47:33.983927Z,0.1100,85.57,yes
2026-10-10T02:47:33.998987Z,0.1100,42.78,yes
2026-10-10T02:47:34.015599Z,0.1100,27.00,yes
2026-10-10T02:47:34.903231Z,0.1100,86.00,yes
2026-10-10T02:47:35.395938Z,0.1100,39.24,yes
2026-10-10T02:47:36.296175Z,0.1100,48.52,yes
2026-10-10T02:47:36.319051Z,0.1100,42.78,yes
2026-10-10T02:47:36.735713Z,0.1100,17.11,yes
2026-10-10T02:47:37.19029Z,0.1100,77.01,yes
2026-10-10T02:47:38.631488Z,0.1100,60.99,yes
2026-10-10T02:47:38.638393Z,0.1100,85.57,yes
2026-10-10T02:47:38.831988Z,0.1100,171.15,yes
2026-10-10T02:47:39.221145Z,0.1100,25.67,yes
2026-10-10T02:47:39.235171Z,0.1100,34.23,yes
2026-10-10T02:47:39.717271Z,0.1100,1.71,yes
2026-10-10T02:47:39.787485Z,0.1100,39.24,yes
2026-10-10T02:47:39.875135Z,0.1000,1.00,no
2026-10-10T02:47:39.875135Z,0.1000,468.74,no
2026-10-10T02:47:40.149142Z,0.1000,39.24,no
2026-10-10T02:47:40.176439Z,0.1100,42.78,yes
2026-10-10T02:47:40.199545Z,0.1100,106.97,yes
2026-10-10T02:47:40.2892Z,0.1000,14.48,no
2026-10-10T02:47:40.875857Z,0.1000,0.93,no
2026-10-10T02:47:40.875857Z,0.1000,13.54,no
2026-10-10T02:47:41.057746Z,0.1100,59.90,yes
2026-10-10T02:47:41.478188Z,0.1100,8.55,yes
2026-10-10T02:47:42.697431Z,0.1100,167.32,yes
2026-10-10T02:47:43.138593Z,0.1100,42.78,yes
2026-10-10T02:47:43.312457Z,0.1100,42.78,yes
2026-10-10T02:47:43.448416Z,0.1000,14.47,no
2026-10-10T02:47:44.198793Z,0.1100,0.85,yes
2026-10-10T02:47:44.959587Z,0.1000,26.82,no
2026-10-10T02:47:45.065592Z,0.1000,168.43,no
2026-10-10T02:47:45.19828Z,0.1100,85.57,yes
2026-10-10T02:47:45.84055Z,0.1100,17.11,yes
2026-10-10T02:47:46.481916Z,0.1100,17.11,yes
2026-10-10T02:47:47.419427Z,0.1100,42.78,yes
2026-10-10T02:47:47.803103Z,0.1100,85.57,yes
2026-10-10T02:47:48.644731Z,0.1100,12.83,yes
2026-10-10T02:47:48.841228Z,0.1100,43.86,yes
2026-10-10T02:47:48.841228Z,0.1100,41.71,yes
2026-10-10T02:47:48.863417Z,0.1100,5.81,yes
2026-10-10T02:47:49.382574Z,0.1100,25.67,yes
2026-10-10T02:47:49.677078Z,0.1100,42.78,yes
2026-10-10T02:47:49.710862Z,0.1100,39.90,yes
2026-10-10T02:47:49.710862Z,0.1100,2.88,yes
2026-10-10T02:47:50.873218Z,0.0900,53.28,no
2026-10-10T02:47:50.873218Z,0.0900,17.00,no
2026-10-10T02:47:50.873218Z,0.0900,71.00,no
2026-10-10T02:47:50.873218Z,0.0900,1.00,no
2026-10-10T02:47:50.873218Z,0.1000,98.00,no
2026-10-10T02:47:50.873218Z,0.1000,50.00,no
2026-10-10T02:47:50.873218Z,0.1000,6.00,no
2026-10-10T02:47:51.825895Z,0.1000,70.00,yes
2026-10-10T02:47:52.354823Z,0.1000,23.51,yes
2026-10-10T02:47:52.965791Z,0.1000,9.40,yes
2026-10-10T02:47:53.617735Z,0.1100,36.09,yes
2026-10-10T02:47:53.617735Z,0.1000,22.09,yes
2026-10-10T02:47:53.96452Z,0.1000,96.24,yes
2026-10-10T02:47:54.103842Z,0.1100,341.20,yes
2026-10-10T02:47:54.103842Z,0.1000,28.76,yes
2026-10-10T02:47:54.170007Z,0.0900,93.72,no
2026-10-10T02:47:54.170007Z,0.0900,122.64,no
2026-10-10T02:47:54.287094Z,0.1000,100.00,yes
2026-10-10T02:47:54.631728Z,0.1000,25.00,yes
2026-10-10T02:47:55.253982Z,0.1100,42.78,yes
2026-10-10T02:47:56.84099Z,0.1000,72.50,no
2026-10-10T02:47:56.903641Z,0.1100,8.04,yes
2026-10-10T02:47:57.543765Z,0.1100,8.55,yes
2026-10-10T02:47:57.827222Z,0.1100,17.11,yes
2026-10-10T02:47:58.569354Z,0.1100,25.67,yes
2026-10-10T02:47:58.670869Z,0.1000,1.77,no
2026-10-10T02:47:58.670869Z,0.1000,50.00,no
2026-10-10T02:47:58.959878Z,0.1000,11.71,no
2026-10-10T02:47:58.959878Z,0.1000,100.00,no
2026-10-10T02:47:58.959878Z,0.0900,18.56,no
2026-10-10T02:47:59.545106Z,0.1000,78.49,no
2026-10-10T02:47:59.601117Z,0.1100,5.00,yes
2026-10-10T02:47:59.601117Z,0.1100,60.01,yes
2026-10-10T02:47:59.601117Z,0.1100,20.56,yes
2026-10-10T02:47:59.757504Z,0.1100,85.57,yes
2026-10-10T02:47:59.759103Z,0.1100,85.57,yes
2026-10-10T02:48:00.183028Z,0.1000,41.90,yes
2026-10-10T02:48:00.93595Z,0.1000,16.65,yes
2026-10-10T02:48:01.092296Z,0.1000,28.22,yes
2026-10-10T02:48:01.172062Z,0.1000,8.80,yes
2026-10-10T02:48:01.172062Z,0.1000,38.23,yes
2026-10-10T02:48:01.282192Z,0.0900,53.33,no
2026-10-10T02:48:01.601091Z,0.1000,7.03,yes
2026-10-10T02:48:01.601091Z,0.1000,40.00,yes
2026-10-10T02:48:01.791761Z,0.0900,177.71,no
2026-10-10T02:48:02.420342Z,0.0900,18.75,no
2026-10-10T02:48:02.584926Z,0.1000,47.03,yes
2026-10-10T02:48:03.082779Z,0.1000,5.69,yes
2026-10-10T02:48:04.301613Z,0.0900,71.00,no
2026-10-10T02:48:04.301613Z,0.0900,735.84,no
2026-10-10T02:48:04.62016Z,0.1000,47.03,yes
2026-10-10T02:48:05.127334Z,0.1000,9.40,yes
2026-10-10T02:48:05.238735Z,0.0900,289.45,no
2026-10-10T02:48:05.256479Z,0.0900,181.48,no
2026-10-10T02:48:05.754713Z,0.0900,14.50,no
2026-10-10T02:48:06.596152Z,0.1000,8.82,yes
2026-10-10T02:48:06.596152Z,0.1000,1.52,yes
2026-10-10T02:48:06.664627Z,0.1000,9.40,yes
2026-10-10T02:48:06.99475Z,0.1000,47.03,yes
2026-10-10T02:48:07.291974Z,0.1000,2.05,yes
2026-10-10T02:48:07.291974Z,0.1000,122.21,yes
2026-10-10T02:48:07.389415Z,0.1000,100.00,no
2026-10-10T02:48:08.218753Z,0.1000,14.91,no
2026-10-10T02:48:09.116171Z,0.1100,8.55,yes
2026-10-10T02:48:09.379929Z,0.1000,56.09,no
2026-10-10T02:48:09.379929Z,0.1000,35.81,no
2026-10-10T02:48:09.742559Z,0.1000,80.53,no
2026-10-10T02:48:09.742559Z,0.1000,64.19,no
2026-10-10T02:48:09.816588Z,0.1000,23.99,no
2026-10-10T02:48:09.852927Z,0.1100,17.11,yes
2026-10-10T02:48:10.112184Z,0.1000,5.17,no
2026-10-10T02:48:10.675308Z,0.1100,42.78,yes
2026-10-10T02:48:10.8614Z,0.1100,42.78,yes
2026-10-10T02:48:11.25163Z,0.1100,17.11,yes
2026-10-10T02:48:11.415541Z,0.1100,42.78,yes
2026-10-10T02:48:11.474466Z,0.1000,436.13,no
2026-10-10T02:48:11.474466Z,0.1000,4.00,no
2026-10-10T02:48:11.474466Z,0.1000,83.00,no
2026-10-10T02:48:11.474466Z,0.1000,100.00,no
2026-10-10T02:48:11.474466Z,0.1000,50.00,no
2026-10-10T02:48:11.474466Z,0.1000,71.00,no
2026-10-10T02:48:11.474466Z,0.1000,40.84,no
2026-10-10T02:48:11.68562Z,0.1100,17.11,yes
2026-10-10T02:48:12.345323Z,0.1100,0.85,yes
2026-10-10T02:48:13.124941Z,0.1100,42.78,yes
2026-10-10T02:48:13.819393Z,0.1000,302.55,no
2026-10-10T02:48:14.272453Z,0.1000,13.40,no
2026-10-10T02:48:14.272453Z,0.1000,100.00,no
2026-10-10T02:48:14.272453Z,0.1000,70.00,no
2026-10-10T02:48:14.272453Z,0.1000,264.32,no
2026-10-10T02:48:14.272453Z,0.1000,81.00,no
2026-10-10T02:48:14.272453Z,0.1000,74.00,no
2026-10-10T02:48:14.272453Z,0.1000,71.00,no
2026-10-10T02:48:15.040433Z,0.1100,85.57,yes
2026-10-10T02:48:15.204579Z,0.1100,85.57,yes
2026-10-10T02:48:15.807715Z,0.1100,1.00,yes
2026-10-10T02:48:15.807715Z,0.1100,69.71,yes
2026-10-10T02:48:15.807715Z,0.1100,12.00,yes
2026-10-10T02:48:15.807715Z,0.1100,2.86,yes
2026-10-10T02:48:16.213251Z,0.1100,40.00,yes
2026-10-10T02:48:16.213251Z,0.1100,0.29,yes
2026-10-10T02:48:16.213251Z,0.1100,2.00,yes
2026-10-10T02:48:16.213251Z,0.1100,34.71,yes
2026-10-10T02:48:16.609042Z,0.1100,17.11,yes
2026-10-10T02:48:17.299186Z,0.1000,29.38,no
2026-10-10T02:48:17.299186Z,0.1000,90.00,no
2026-10-10T02:48:17.299186Z,0.1000,100.00,no
2026-10-10T02:48:17.299186Z,0.1000,6.00,no
2026-10-10T02:48:17.299186Z,0.1000,71.00,no
2026-10-10T02:48:17.299186Z,0.1000,70.00,no
2026-10-10T02:48:17.299186Z,0.0900,100.00,no
2026-10-10T02:48:17.299186Z,0.0900,1.00,no
2026-10-10T02:48:17.299186Z,0.0900,141.55,no
2026-10-10T02:48:17.299186Z,0.0900,200.00,no
2026-10-10T02:48:17.299186Z,0.0900,66.73,no
2026-10-10T02:48:17.332439Z,0.1000,42.78,yes
2026-10-10T02:48:17.40823Z,0.1000,82.22,yes
2026-10-10T02:48:17.40823Z,0.1000,42.78,yes
2026-10-10T02:48:17.537394Z,0.0900,42.78,no
2026-10-10T02:48:17.631711Z,0.1000,0.20,yes
2026-10-10T02:48:17.643719Z,0.1000,0.80,yes
2026-10-10T02:48:17.643719Z,0.1000,125.00,yes
2026-10-10T02:48:17.643719Z,0.1000,40.00,yes
2026-10-10T02:48:17.643719Z,0.1100,13.91,yes
2026-10-10T02:48:18.481995Z,0.1100,17.11,yes
2026-10-10T02:48:18.514089Z,0.1100,56.98,yes
2026-10-10T02:48:18.514089Z,0.1100,28.59,yes
2026-10-10T02:48:18.664368Z,0.1100,17.11,yes
2026-10-10T02:48:18.734547Z,0.1000,125.00,no
2026-10-10T02:48:18.734547Z,0.1000,57.47,no
2026-10-10T02:48:19.174954Z,0.1100,42.78,yes
2026-10-10T02:48:19.193989Z,0.1000,12.71,no
2026-10-10T02:48:19.193989Z,0.1000,70.00,no
2026-10-10T02:48:19.193989Z,0.1000,242.53,no
2026-10-10T02:48:19.193989Z,0.1000,93.00,no
2026-10-10T02:48:19.193989Z,0.0900,144.76,no
2026-10-10T02:48:19.286006Z,0.0900,13.30,no
2026-10-10T02:48:19.302769Z,0.1000,125.00,yes
2026-10-10T02:48:19.566082Z,0.1000,125.00,no
2026-10-10T02:48:19.895511Z,0.0900,56.03,no
2026-10-10T02:48:20.194229Z,0.1000,65.85,yes
2026-10-10T02:48:20.704018Z,0.1000,231.05,yes
2026-10-10T02:48:21.117801Z,0.1000,47.03,yes
2026-10-10T02:48:21.446586Z,0.0900,26.58,no
2026-10-10T02:48:21.654976Z,0.0900,72.36,no
2026-10-10T02:48:22.241306Z,0.1000,18.81,yes
2026-10-10T02:48:22.248346Z,0.1000,9.40,yes
2026-10-10T02:48:22.736067Z,0.1000,6.54,yes
2026-10-10T02:48:22.736067Z,0.1000,2.86,yes
2026-10-10T02:48:22.783795Z,0.0900,86.00,no
2026-10-10T02:48:22.783795Z,0.0900,84.00,no
2026-10-10T02:48:22.783795Z,0.0900,1445.12,no
2026-10-10T02:48:22.783795Z,0.0900,0.20,no
2026-10-10T02:48:22.783795Z,0.0900,259.97,no
2026-10-10T02:48:22.889248Z,0.1000,23.58,yes
2026-10-10T02:48:22.914336Z,0.1000,17.42,yes
2026-10-10T02:48:23.291664Z,0.1000,9.87,yes
2026-10-10T02:48:23.403429Z,0.1000,9.40,yes
2026-10-10T02:48:23.47122Z,0.1000,58.19,yes
2026-10-10T02:48:23.47122Z,0.1000,141.81,yes
2026-10-10T02:48:23.582322Z,0.1000,7.00,yes
2026-10-10T02:48:23.654451Z,0.1000,22.00,yes
2026-10-10T02:48:23.654451Z,0.1000,4.71,yes
2026-10-10T02:48:23.654451Z,0.1000,1.51,yes
2026-10-10T02:48:23.821008Z,0.1000,3.49,yes
2026-10-10T02:48:23.821008Z,0.1000,6.51,yes
2026-10-10T02:48:24.559083Z,0.1100,51.35,yes
2026-10-10T02:48:24.559083Z,0.1100,108.00,yes
2026-10-10T02:48:24.559083Z,0.1000,4.71,yes
2026-10-10T02:48:24.559083Z,0.1000,125.00,yes
2026-10-10T02:48:24.559083Z,0.1000,88.00,yes
2026-10-10T02:48:24.559083Z,0.1000,0.20,yes
2026-10-10T02:48:24.559083Z,0.1000,73.49,yes
2026-10-10T02:48:25.948668Z,0.1000,28.94,no
2026-10-10T02:48:26.96433Z,0.1000,63.00,no
2026-10-10T02:48:26.96433Z,0.1000,20.42,no
2026-10-10T02:48:26.96433Z,0.0900,11.09,no
2026-10-10T02:48:26.96433Z,0.0900,65.00,no
2026-10-10T02:48:26.987346Z,0.1100,15.91,yes
2026-10-10T02:48:27.67624Z,0.0900,93.64,no
2026-10-10T02:48:28.065138Z,0.1000,71.00,no
2026-10-10T02:48:28.065138Z,0.1000,70.00,no
2026-10-10T02:48:28.065138Z,0.1000,81.00,no
2026-10-10T02:48:28.065138Z,0.1000,5.96,no
2026-10-10T02:48:28.065138Z,0.1000,6.00,no
2026-10-10T02:48:29.558275Z,0.1000,1.00,yes
2026-10-10T02:48:29.657005Z,0.1000,19.00,yes
2026-10-10T02:48:29.960133Z,0.1000,40.00,yes
2026-10-10T02:48:29.960133Z,0.1000,105.00,yes
2026-10-10T02:48:30.148896Z,0.1000,1.00,yes
2026-10-10T02:48:30.329289Z,0.1000,25.00,yes
2026-10-10T02:48:30.417273Z,0.1000,1.41,yes
2026-10-10T02:48:30.548259Z,0.1000,48.00,yes
2026-10-10T02:48:32.392055Z,0.1000,42.78,yes
2026-10-10T02:48:33.509466Z,0.1000,37.81,yes
2026-10-10T02:48:33.509466Z,0.1000,9.22,yes
2026-10-10T02:48:34.733007Z,0.1000,9.40,yes
2026-10-10T02:48:34.944885Z,0.1000,90.00,yes
2026-10-10T02:48:34.944885Z,0.1000,98.77,yes
2026-10-10T02:48:34.944885Z,0.1000,11.09,yes
2026-10-10T02:48:34.944885Z,0.1000,53.64,yes
2026-10-10T02:48:34.944885Z,0.1000,26.00,yes
2026-10-10T02:48:34.944885Z,0.1000,9.00,yes
2026-10-10T02:48:34.944885Z,0.1000,10.79,yes
2026-10-10T02:48:34.944885Z,0.1000,101.00,yes
2026-10-10T02:48:35.040603Z,0.1000,15.19,yes
2026-10-10T02:48:35.040603Z,0.1000,22.43,yes
2026-10-10T02:48:35.396632Z,0.1000,7.52,yes
2026-10-10T02:48:36.478352Z,0.1000,0.09,yes
2026-10-10T02:48:36.487289Z,0.1000,9.40,yes
2026-10-10T02:48:36.609465Z,0.1100,1.00,yes
2026-10-10T02:48:36.609465Z,0.1100,40.00,yes
2026-10-10T02:48:36.609465Z,0.1100,5.00,yes
2026-10-10T02:48:36.609465Z,0.1100,1.00,yes
2026-10-10T02:48:36.609465Z,0.1000,40.56,yes
2026-10-10T02:48:36.609465Z,0.1100,26.00,yes
2026-10-10T02:48:36.609465Z,0.1100,80.00,yes
2026-10-10T02:48:36.609465Z,0.1100,216.00,yes
2026-10-10T02:48:36.609465Z,0.1100,12.00,yes
2026-10-10T02:48:36.609465Z,0.1100,4.00,yes
2026-10-10T02:48:36.609465Z,0.1200,2.32,yes
2026-10-10T02:48:38.190527Z,0.1200,11.00,yes
2026-10-10T02:48:38.190527Z,0.1100,3.00,yes
2026-10-10T02:48:38.190527Z,0.1100,12.00,yes
2026-10-10T02:48:38.190527Z,0.1200,1.06,yes
2026-10-10T02:48:38.190527Z,0.1200,1.00,yes
2026-10-10T02:48:38.190527Z,0.1200,1.00,yes
2026-10-10T02:48:38.190527Z,0.1300,0.37,yes
2026-10-10T02:48:38.190527Z,0.1200,2.00,yes
2026-10-10T02:48:38.190527Z,0.1200,1.00,yes
2026-10-10T02:48:38.190527Z,0.1300,1.00,yes
2026-10-10T02:48:38.190527Z,0.1200,0.01,yes
2026-10-10T02:48:38.190527Z,0.1300,2.00,yes
2026-10-10T02:48:38.190527Z,0.1200,2.00,yes
2026-10-10T02:48:38.190527Z,0.1300,15.00,yes
2026-10-10T02:48:38.190527Z,0.1200,4.00,yes
2026-10-10T02:48:38.190527Z,0.1200,70.00,yes
2026-10-10T02:48:38.190527Z,0.1200,2.00,yes
2026-10-10T02:48:38.190527Z,0.1200,5.00,yes
2026-10-10T02:48:38.549097Z,0.1100,6.00,no
2026-10-10T02:48:38.564161Z,0.1000,15.90,no
2026-10-10T02:48:38.564161Z,0.1000,5.85,no
2026-10-10T02:48:40.109074Z,0.1100,3.69,yes
2026-10-10T02:48:40.109074Z,0.1100,12.00,yes
2026-10-10T02:48:40.410292Z,0.1000,91.00,no
2026-10-10T02:48:40.410292Z,0.1000,93.00,no
2026-10-10T02:48:40.410292Z,0.1000,45.00,no
2026-10-10T02:48:40.410292Z,0.1000,71.00,no
2026-10-10T02:48:40.41038Z,0.1000,20.00,no
2026-10-10T02:48:40.41038Z,0.1000,107.00,no
2026-10-10T02:48:40.41038Z,0.1000,73.00,no
2026-10-10T02:48:40.41038Z,0.1000,50.00,no
2026-10-10T02:48:40.410588Z,0.1000,20.00,no
2026-10-10T02:48:40.49594Z,0.1200,2.00,yes
2026-10-10T02:48:40.49594Z,0.1200,1.00,yes
2026-10-10T02:48:40.49594Z,0.1200,2.84,yes
2026-10-10T02:48:40.49594Z,0.1100,2.00,yes
2026-10-10T02:48:40.576636Z,0.1000,7.29,no
2026-10-10T02:48:40.576636Z,0.1000,6.00,no
2026-10-10T02:48:41.004196Z,0.1200,7.26,yes
2026-10-10T02:48:41.004196Z,0.1200,0.16,yes
2026-10-10T02:48:41.004196Z,0.1100,8.00,yes
2026-10-10T02:48:41.019762Z,0.0900,84.00,no
2026-10-10T02:48:41.019762Z,0.0900,59.43,no
2026-10-10T02:48:41.019762Z,0.1000,1.88,no
2026-10-10T02:48:41.019762Z,0.0900,500.00,no
2026-10-10T02:48:41.435497Z,0.0900,11.57,no
2026-10-10T02:48:41.435497Z,0.0900,100.00,no
2026-10-10T02:48:41.435497Z,0.0900,31.43,no
2026-10-10T02:48:41.442793Z,0.1100,40.00,yes
2026-10-10T02:48:41.442793Z,0.1200,12.33,yes
2026-10-10T02:48:41.442793Z,0.1100,12.00,yes
2026-10-10T02:48:41.442793Z,0.1100,19.00,yes
2026-10-10T02:48:42.470639Z,0.1200,9.41,yes
2026-10-10T02:48:42.470639Z,0.1100,11.00,yes
2026-10-10T02:48:42.470639Z,0.1200,15.87,yes
2026-10-10T02:48:42.618723Z,0.1100,8.55,yes
2026-10-10T02:48:42.630788Z,0.1000,6.00,no
2026-10-10T02:48:42.630788Z,0.0900,52.57,no
2026-10-10T02:48:42.630788Z,0.0900,41.63,no
2026-10-10T02:48:44.241076Z,0.1000,8.09,yes
2026-10-10T02:48:44.307511Z,0.1000,9.40,yes
2026-10-10T02:48:44.314413Z,0.1400,1.00,yes
2026-10-10T02:48:44.314413Z,0.1300,1.00,yes
2026-10-10T02:48:44.314413Z,0.1500,1.00,yes
2026-10-10T02:48:44.314413Z,0.1500,1.00,yes
2026-10-10T02:48:44.314413Z,0.1300,1.00,yes
2026-10-10T02:48:44.314413Z,0.1700,1.00,yes
2026-10-10T02:48:44.314413Z,0.1400,1.00,yes
2026-10-10T02:48:44.314413Z,0.1400,1.00,yes
2026-10-10T02:48:44.314413Z,0.1700,1.00,yes
2026-10-10T02:48:44.314413Z,0.1300,1.00,yes
2026-10-10T02:48:44.314413Z,0.1600,1.00,yes
2026-10-10T02:48:44.314413Z,0.1400,1.00,yes
2026-10-10T02:48:44.314413Z,0.1000,24.13,yes
2026-10-10T02:48:44.314413Z,0.1500,4.00,yes
2026-10-10T02:48:44.314413Z,0.1300,1.00,yes
2026-10-10T02:48:44.314413Z,0.1400,1.00,yes
2026-10-10T02:48:44.314413Z,0.1700,3.00,yes
2026-10-10T02:48:44.314413Z,0.1600,4.00,yes
2026-10-10T02:48:44.314413Z,0.1700,55.00,yes
2026-10-10T02:48:44.314413Z,0.1000,111.50,yes
2026-10-10T02:48:44.314413Z,0.1000,1.00,yes
2026-10-10T02:48:44.314413Z,0.1500,13.00,yes
2026-10-10T02:48:44.314413Z,0.1700,7.00,yes
2026-10-10T02:48:44.314413Z,0.1000,242.00,yes
2026-10-10T02:48:44.314413Z,0.1100,1.00,yes
2026-10-10T02:48:44.314413Z,0.1100,1.00,yes
2026-10-10T02:48:44.314413Z,0.1000,2.31,yes
2026-10-10T02:48:44.314413Z,0.1200,2.00,yes
2026-10-10T02:48:44.314413Z,0.1200,4.00,yes
2026-10-10T02:48:44.314413Z,0.1300,1.00,yes
2026-10-10T02:48:44.314413Z,0.1700,0.01,yes
2026-10-10T02:48:44.314413Z,0.1400,1.00,yes
2026-10-10T02:48:44.314413Z,0.1500,1.00,yes
2026-10-10T02:48:44.314413Z,0.1400,1.00,yes
2026-10-10T02:48:44.314413Z,0.1500,1.00,yes
2026-10-10T02:48:44.314413Z,0.1400,1.00,yes
2026-10-10T02:48:44.314413Z,0.1300,1.00,yes
2026-10-10T02:48:44.314413Z,0.1300,0.63,yes
2026-10-10T02:48:44.314413Z,0.1400,1.00,yes
2026-10-10T02:48:44.314413Z,0.1400,1.00,yes
2026-10-10T02:48:44.314413Z,0.1500,1.00,yes
2026-10-10T02:48:44.314413Z,0.1300,1.00,yes
2026-10-10T02:48:44.314413Z,0.1600,1.00,yes
2026-10-10T02:48:44.314413Z,0.1700,1.00,yes
2026-10-10T02:48:44.314413Z,0.1400,1.00,yes
2026-10-10T02:48:44.314413Z,0.1300,1.00,yes
2026-10-10T02:48:44.314413Z,0.1500,1.00,yes
2026-10-10T02:48:44.314413Z,0.1500,1.00,yes
2026-10-10T02:48:44.314413Z,0.1600,1.00,yes
2026-10-10T02:48:44.396671Z,0.1800,1.00,yes
2026-10-10T02:48:44.396671Z,0.1800,2.00,yes
2026-10-10T02:48:44.396671Z,0.1800,1.00,yes
2026-10-10T02:48:44.396671Z,0.1800,1.00,yes
2026-10-10T02:48:44.396671Z,0.1800,1.00,yes
2026-10-10T02:48:44.581908Z,0.1800,2.00,yes
2026-10-10T02:48:44.581908Z,0.1800,2.00,yes
2026-10-10T02:48:44.581908Z,0.1800,2.00,yes
2026-10-10T02:48:45.06Z,0.1800,5.62,no
2026-10-10T02:48:46.054284Z,0.2000,1.00,yes
2026-10-10T02:48:46.054284Z,0.1900,1.00,yes
2026-10-10T02:48:46.054284Z,0.1900,1.00,yes
2026-10-10T02:48:46.054284Z,0.1900,5.00,yes
2026-10-10T02:48:46.054284Z,0.1900,1.00,yes
2026-10-10T02:48:46.054284Z,0.2000,2.32,yes
2026-10-10T02:48:46.054284Z,0.1900,1.00,yes
2026-10-10T02:48:46.054284Z,0.2000,1.00,yes
2026-10-10T02:48:46.054284Z,0.2000,1.00,yes
2026-10-10T02:48:46.054284Z,0.1900,1.00,yes
2026-10-10T02:48:46.054284Z,0.2000,1.00,yes
2026-10-10T02:48:46.054284Z,0.1900,2.00,yes
2026-10-10T02:48:46.054284Z,0.2000,1.00,yes
2026-10-10T02:48:46.054284Z,0.1900,1.00,yes
2026-10-10T02:48:46.054284Z,0.1900,1.00,yes
2026-10-10T02:48:46.054284Z,0.2000,1.00,yes
2026-10-10T02:48:46.054284Z,0.2000,1.00,yes
2026-10-10T02:48:46.054284Z,0.2000,1.00,yes
2026-10-10T02:48:46.590339Z,0.1900,1.00,yes
2026-10-10T02:48:46.777728Z,0.1800,52.08,no
2026-10-10T02:48:46.777728Z,0.1800,99.38,no
2026-10-10T02:48:46.904334Z,0.1600,3.00,yes
2026-10-10T02:48:47.017045Z,0.1400,8.00,no
2026-10-10T02:48:47.017045Z,0.1200,4.00,no
2026-10-10T02:48:47.017045Z,0.1300,17.00,no
2026-10-10T02:48:47.017045Z,0.1000,53.00,no
2026-10-10T02:48:47.017045Z,0.1400,70.00,no
2026-10-10T02:48:47.017045Z,0.1400,1.00,no
2026-10-10T02:48:47.017045Z,0.1200,12.00,no
2026-10-10T02:48:47.017045Z,0.1400,6.00,no
2026-10-10T02:48:47.017045Z,0.1300,1.00,no
2026-10-10T02:48:47.017045Z,0.1100,121.00,no
2026-10-10T02:48:47.017045Z,0.1300,71.00,no
2026-10-10T02:48:47.017045Z,0.1200,71.00,no
2026-10-10T02:48:47.017045Z,0.1100,99.00,no
2026-10-10T02:48:47.017045Z,0.1200,18.00,no
2026-10-10T02:48:47.017045Z,0.1000,634.00,no
2026-10-10T02:48:47.017045Z,0.1100,11.00,no
2026-10-10T02:48:47.017045Z,0.0900,144.00,no
2026-10-10T02:48:47.017045Z,0.0900,1.00,no
2026-10-10T02:48:47.065224Z,0.1300,8.00,no
2026-10-10T02:48:47.065224Z,0.1500,2.00,no
2026-10-10T02:48:47.065224Z,0.1200,80.00,no
2026-10-10T02:48:47.065983Z,0.1100,51.00,no
2026-10-10T02:48:47.065983Z,0.1200,31.00,no
2026-10-10T02:48:47.105193Z,0.1000,448.00,no
2026-10-10T02:48:47.105193Z,0.1200,44.00,no
2026-10-10T02:48:47.105193Z,0.1100,29.00,no
2026-10-10T02:48:47.105193Z,0.1100,70.00,no
2026-10-10T02:48:47.105193Z,0.1100,7.00,no
2026-10-10T02:48:47.105193Z,0.0900,38.00,no
2026-10-10T02:48:47.120661Z,0.1000,2.00,no
2026-10-10T02:48:47.127439Z,0.1400,2.00,yes
2026-10-10T02:48:47.145346Z,0.1100,46.00,no
2026-10-10T02:48:47.145346Z,0.1400,2.00,no
2026-10-10T02:48:47.145346Z,0.1100,42.00,no
2026-10-10T02:48:47.151996Z,0.1100,25.00,no
2026-10-10T02:48:47.161779Z,0.1200,3.00,no
2026-10-10T02:48:47.170994Z,0.1200,7.00,no
2026-10-10T02:48:47.17292Z,0.1400,12.74,yes
2026-10-10T02:48:47.184674Z,0.1100,2.00,no
2026-10-10T02:48:47.184674Z,0.1000,358.00,no
2026-10-10T02:48:47.184674Z,0.1000,44.00,no
2026-10-10T02:48:47.197189Z,0.1100,37.00,no
2026-10-10T02:48:47.197189Z,0.0900,323.00,no
2026-10-10T02:48:47.206009Z,0.1000,2.00,no
2026-10-10T02:48:47.244566Z,0.1100,40.00,no
2026-10-10T02:48:47.267165Z,0.1100,25.00,no
2026-10-10T02:48:47.271546Z,0.1100,12.00,no
2026-10-10T02:48:47.272292Z,0.1500,2.00,yes
2026-10-10T02:48:47.272292Z,0.1400,2.00,yes
2026-10-10T02:48:47.272292Z,0.1500,7.28,yes
2026-10-10T02:48:47.2855Z,0.1100,47.00,no
2026-10-10T02:48:47.2855Z,0.1000,217.00,no
2026-10-10T02:48:47.2855Z,0.1000,92.00,no
2026-10-10T02:48:47.2855Z,0.0900,53.00,no
2026-10-10T02:48:47.312538Z,0.1100,43.00,no
2026-10-10T02:48:47.312538Z,0.1000,97.00,no
2026-10-10T02:48:47.328628Z,0.1000,54.00,no
2026-10-10T02:48:47.328628Z,0.1000,2.00,no
2026-10-10T02:48:47.328628Z,0.1100,43.00,no
2026-10-10T02:48:47.341703Z,0.1000,25.00,no
2026-10-10T02:48:47.363907Z,0.1000,116.00,no
2026-10-10T02:48:47.363907Z,0.1000,70.00,no
2026-10-10T02:48:47.363907Z,0.1000,25.00,no
2026-10-10T02:48:47.398478Z,0.1000,67.00,no
2026-10-10T02:48:47.398478Z,0.1000,100.00,no
2026-10-10T02:48:47.418862Z,0.1000,24.00,no
2026-10-10T02:48:47.418862Z,0.1000,354.00,no
2026-10-10T02:48:47.441507Z,0.1000,46.00,no
2026-10-10T02:48:47.441507Z,0.1000,94.00,no
2026-10-10T02:48:47.441507Z,0.1000,250.00,no
2026-10-10T02:48:47.441507Z,0.0900,34.00,no
2026-10-10T02:48:47.46073Z,0.1000,50.00,no
2026-10-10T02:48:47.49909Z,0.1000,50.00,no
2026-10-10T02:48:47.49909Z,0.1000,288.00,no
2026-10-10T02:48:47.49909Z,0.0900,50.00,no
2026-10-10T02:48:47.519016Z,0.1000,80.00,no
2026-10-10T02:48:47.519016Z,0.0900,159.00,no
2026-10-10T02:48:47.519016Z,0.0900,151.00,no
2026-10-10T02:48:47.531918Z,0.0900,38.00,no
2026-10-10T02:48:47.531918Z,0.0900,42.00,no
2026-10-10T02:48:47.536266Z,0.0900,34.00,no
2026-10-10T02:48:47.536266Z,0.0900,46.00,no
2026-10-10T02:48:47.576305Z,0.1000,71.00,no
2026-10-10T02:48:47.619447Z,0.1000,35.00,no
2026-10-10T02:48:47.655674Z,0.1100,23.00,no
2026-10-10T02:48:47.688219Z,0.1000,6.00,no
2026-10-10T02:48:47.688219Z,0.1000,68.00,no
2026-10-10T02:48:47.688219Z,0.1100,1.00,no
2026-10-10T02:48:47.688219Z,0.1100,8.00,no
2026-10-10T02:48:47.738453Z,0.1100,29.00,no
2026-10-10T02:48:47.738453Z,0.1100,36.00,no
2026-10-10T02:48:47.785588Z,0.1000,1.00,no
2026-10-10T02:48:47.785588Z,0.1100,15.00,no
2026-10-10T02:48:47.785588Z,0.1000,19.00,no
2026-10-10T02:48:47.818145Z,0.1000,19.00,no
2026-10-10T02:48:47.8201Z,0.1000,25.00,no
2026-10-10T02:48:47.858436Z,0.1000,5.00,no
2026-10-10T02:48:47.865172Z,0.1000,44.00,no
2026-10-10T02:48:47.865172Z,0.0900,27.00,no
2026-10-10T02:48:47.865492Z,0.0900,31.00,no
2026-10-10T02:48:47.913533Z,0.0900,202.00,no
2026-10-10T02:48:47.913533Z,0.0900,88.00,no
2026-10-10T02:48:47.913533Z,0.1000,10.00,no
2026-10-10T02:48:47.952602Z,0.0900,6.00,no
2026-10-10T02:48:47.952602Z,0.1000,64.00,no
2026-10-10T02:48:47.953057Z,0.0800,159.00,no
2026-10-10T02:48:47.953057Z,0.0800,1.00,no
2026-10-10T02:48:47.953057Z,0.0900,87.00,no
2026-10-10T02:48:47.953057Z,0.0900,53.00,no
2026-10-10T02:48:48.002388Z,0.1000,38.00,no
2026-10-10T02:48:48.028112Z,0.1000,6.00,no
2026-10-10T02:48:48.033785Z,0.0900,15.00,no
2026-10-10T02:48:48.047295Z,0.0900,44.00,no
2026-10-10T02:48:48.090126Z,0.1000,3.00,no
2026-10-10T02:48:48.090126Z,0.1000,3.00,no
2026-10-10T02:48:48.092074Z,0.1200,6.00,yes
2026-10-10T02:48:48.093132Z,0.1200,6.00,yes
2026-10-10T02:48:48.129897Z,0.1100,3.00,no
2026-10-10T02:48:48.170123Z,0.1100,37.00,no
2026-10-10T02:48:48.206314Z,0.1000,3.00,no
2026-10-10T02:48:48.206314Z,0.1200,6.00,no
2026-10-10T02:48:48.206314Z,0.1200,3.00,no
2026-10-10T02:48:48.206314Z,0.1000,1.00,no
2026-10-10T02:48:48.21995Z,0.0900,10.00,no
2026-10-10T02:48:48.21995Z,0.1100,3.00,no
2026-10-10T02:48:48.226595Z,0.1000,5.00,no
2026-10-10T02:48:48.250177Z,0.0900,3.00,no
2026-10-10T02:48:48.295727Z,0.1000,11.00,no
2026-10-10T02:48:48.295727Z,0.1100,2.00,no
2026-10-10T02:48:48.317285Z,0.1000,92.00,no
2026-10-10T02:48:48.363746Z,0.1000,121.00,no
2026-10-10T02:48:48.406625Z,0.0900,93.00,no
2026-10-10T02:48:48.406625Z,0.1000,123.00,no
2026-10-10T02:48:48.406625Z,0.0900,84.00,no
2026-10-10T02:48:48.41804Z,0.0900,50.00,no
2026-10-10T02:48:48.503811Z,0.1000,36.00,no
2026-10-10T02:48:48.57093Z,0.1000,123.00,no
2026-10-10T02:48:48.616277Z,0.0900,23.00,no
2026-10-10T02:48:48.616277Z,0.1000,177.00,no
2026-10-10T02:48:48.639799Z,0.1000,27.00,no
2026-10-10T02:48:48.639799Z,0.0900,23.00,no
2026-10-10T02:48:48.662014Z,0.1000,27.00,no
2026-10-10T02:48:48.705533Z,0.0900,38.00,no
2026-10-10T02:48:48.705533Z,0.1000,11.00,no
2026-10-10T02:48:48.705533Z,0.0900,156.00,no
2026-10-10T02:48:48.705533Z,0.1000,6.00,no
2026-10-10T02:48:48.753372Z,0.0900,24.00,no
2026-10-10T02:48:48.798557Z,0.1300,1.00,yes
2026-10-10T02:48:48.83469Z,0.0900,50.00,no
2026-10-10T02:48:48.878672Z,0.1000,148.00,no
2026-10-10T02:48:48.894526Z,0.1300,4.73,yes
2026-10-10T02:48:48.894526Z,0.1300,2.00,yes
2026-10-10T02:48:48.916979Z,0.1100,4.73,no
2026-10-10T02:48:48.916979Z,0.1000,195.27,no
2026-10-10T02:48:48.954829Z,0.1000,35.00,no
2026-10-10T02:48:48.962538Z,0.1000,32.00,no
2026-10-10T02:48:48.973765Z,0.1000,17.00,no
2026-10-10T02:48:48.991981Z,0.0900,32.00,no
2026-10-10T02:48:49.048803Z,0.0900,2.02,no
2026-10-10T02:48:49.126491Z,0.0900,2.00,no
2026-10-10T02:48:49.206454Z,0.1100,1.00,no
2026-10-10T02:48:49.206454Z,0.1000,49.00,no
2026-10-10T02:48:49.227579Z,0.1000,1.00,no
2026-10-10T02:48:49.28049Z,0.0800,283.62,no
2026-10-10T02:48:49.28049Z,0.1000,1.00,no
2026-10-10T02:48:49.28049Z,0.1000,500.00,no
2026-10-10T02:48:49.28049Z,0.1000,263.00,no
2026-10-10T02:48:49.28049Z,0.0900,84.00,no
2026-10-10T02:48:49.28049Z,0.0900,34.98,no
2026-10-10T02:48:49.281949Z,0.0800,1.00,no
2026-10-10T02:48:49.281949Z,0.0800,157.38,no
2026-10-10T02:48:49.281949Z,0.0800,17.00,no
2026-10-10T02:48:49.397726Z,0.1400,6.00,yes
2026-10-10T02:48:49.397726Z,0.1400,10.00,yes
2026-10-10T02:48:49.397726Z,0.1300,25.00,yes
2026-10-10T02:48:49.397726Z,0.1300,1.00,yes
2026-10-10T02:48:49.397726Z,0.1300,3.00,yes
2026-10-10T02:48:49.397726Z,0.1300,4.73,yes
2026-10-10T02:48:49.397726Z,0.1300,3.00,yes
2026-10-10T02:48:49.397726Z,0.1300,1.27,yes
2026-10-10T02:48:49.397726Z,0.1400,14.77,yes
2026-10-10T02:48:49.443566Z,0.1000,1.00,no
2026-10-10T02:48:49.484784Z,0.1000,4.73,no
2026-10-10T02:48:49.484784Z,0.1000,6.00,no
2026-10-10T02:48:49.484784Z,0.1000,0.27,no
2026-10-10T02:48:49.484784Z,0.0900,84.00,no
2026-10-10T02:48:49.484784Z,0.0800,83.74,no
2026-10-10T02:48:49.484784Z,0.1000,100.00,no
2026-10-10T02:48:49.488046Z,0.0800,88.00,no
2026-10-10T02:48:50.091281Z,0.1100,6.00,yes
2026-10-10T02:48:50.09394Z,0.1100,6.00,yes
2026-10-10T02:48:50.265278Z,0.1200,49.00,yes
2026-10-10T02:48:50.265278Z,0.1200,1.00,yes
2026-10-10T02:48:51.127395Z,0.1100,17.00,no
2026-10-10T02:48:51.127395Z,0.1100,6.00,no
2026-10-10T02:48:51.127395Z,0.1200,10.00,no
2026-10-10T02:48:51.127395Z,0.1200,6.00,no
2026-10-10T02:48:51.127395Z,0.1200,12.00,no
2026-10-10T02:48:51.127395Z,0.1000,7.00,no
2026-10-10T02:48:51.555584Z,0.1100,96.00,yes
2026-10-10T02:48:51.555584Z,0.1100,10.00,yes
2026-10-10T02:48:51.600807Z,0.1100,10.00,yes
2026-10-10T02:48:52.182532Z,0.1300,6.00,yes
2026-10-10T02:48:52.182532Z,0.1400,0.01,yes
2026-10-10T02:48:52.182532Z,0.1400,10.56,yes
2026-10-10T02:48:52.182532Z,0.1400,9.23,yes
2026-10-10T02:48:53.072764Z,0.1200,70.00,yes
2026-10-10T02:48:53.072764Z,0.1200,99.00,yes
2026-10-10T02:48:53.072764Z,0.1200,31.46,yes
2026-10-10T02:48:53.072764Z,0.1200,17.00,yes
2026-10-10T02:48:53.322903Z,0.1200,19.27,yes
2026-10-10T02:48:53.322903Z,0.1200,113.00,yes
2026-10-10T02:48:53.322903Z,0.1200,78.00,yes
2026-10-10T02:48:53.600008Z,0.1200,15.00,yes
2026-10-10T02:48:53.600008Z,0.1200,11.16,yes
2026-10-10T02:48:53.600008Z,0.1200,4.00,yes
2026-10-10T02:48:53.600008Z,0.1200,79.73,yes
2026-10-10T02:48:53.753688Z,0.1200,7.41,yes
2026-10-10T02:48:53.753688Z,0.1200,28.84,yes
2026-10-10T02:48:53.794728Z,0.1200,4.59,yes
2026-10-10T02:48:53.794728Z,0.1200,67.91,yes
2026-10-10T02:48:54.065481Z,0.1200,39.24,yes
2026-10-10T02:48:54.954335Z,0.1200,39.24,yes
2026-10-10T02:48:55.122681Z,0.1100,12.00,no
2026-10-10T02:48:55.122681Z,0.0900,1.00,no
2026-10-10T02:48:55.122681Z,0.1100,1.00,no
2026-10-10T02:48:55.122681Z,0.1100,6.00,no
2026-10-10T02:48:55.122681Z,0.0900,22.50,no
2026-10-10T02:48:55.122681Z,0.1000,1.00,no
2026-10-10T02:48:55.333046Z,0.1200,3.00,yes
2026-10-10T02:48:55.349301Z,0.1200,4.00,yes
2026-10-10T02:48:55.375532Z,0.1200,3.00,yes
2026-10-10T02:48:55.377079Z,0.1200,3.00,yes
2026-10-10T02:48:56.447873Z,0.1300,15.00,yes
2026-10-10T02:48:56.447873Z,0.1300,58.26,yes
2026-10-10T02:48:56.447873Z,0.1300,108.00,yes
2026-10-10T02:48:56.472619Z,0.1300,11.74,yes
2026-10-10T02:48:56.472619Z,0.1300,20.76,yes
2026-10-10T02:48:56.472619Z,0.1300,40.00,yes
2026-10-10T02:48:57.882268Z,0.1100,24.46,no
2026-10-10T02:48:57.882268Z,0.1200,14.00,no
2026-10-10T02:48:57.882268Z,0.1200,12.00,no
2026-10-10T02:48:57.882268Z,0.1200,10.00,no
2026-10-10T02:48:57.882268Z,0.1200,6.00,no
2026-10-10T02:48:58.58492Z,0.0800,1.00,no
2026-10-10T02:48:58.58492Z,0.0800,356.00,no
2026-10-10T02:48:58.58492Z,0.0900,93.00,no
2026-10-10T02:48:58.58492Z,0.1000,46.00,no
2026-10-10T02:48:58.58492Z,0.0900,71.00,no
2026-10-10T02:48:58.58492Z,0.1000,26.00,no
2026-10-10T02:48:58.58492Z,0.1000,5.00,no
2026-10-10T02:48:58.58492Z,0.0800,41.00,no
2026-10-10T02:48:58.58492Z,0.0900,71.00,no
2026-10-10T02:48:58.58492Z,0.0900,3.00,no
2026-10-10T02:48:58.58492Z,0.0800,84.00,no
2026-10-10T02:48:58.58492Z,0.0900,33.04,no
2026-10-10T02:48:58.58492Z,0.0800,1.00,no
2026-10-10T02:48:58.58492Z,0.0800,80.00,no
2026-10-10T02:48:58.58492Z,0.1100,9.54,no
2026-10-10T02:48:58.592095Z,0.0800,400.00,yes
2026-10-10T02:48:58.600118Z,0.0800,5.00,yes
2026-10-10T02:48:58.600167Z,0.0800,60.00,yes
2026-10-10T02:48:58.60143Z,0.0800,33.99,yes
2026-10-10T02:48:58.601819Z,0.0800,590.00,yes
2026-10-10T02:48:58.602447Z,0.0800,150.00,yes
2026-10-10T02:48:58.603644Z,0.0800,149.00,yes
2026-10-10T02:48:58.615059Z,0.0800,400.00,yes
2026-10-10T02:48:58.617353Z,0.0800,37.00,yes
2026-10-10T02:48:58.618741Z,0.0800,60.00,yes
2026-10-10T02:48:58.622794Z,0.0800,76.00,yes
2026-10-10T02:48:58.628365Z,0.0800,60.00,yes
2026-10-10T02:48:58.63895Z,0.0800,60.00,yes
2026-10-10T02:48:58.641699Z,0.0800,2.00,yes
2026-10-10T02:48:58.649544Z,0.0800,60.00,yes
2026-10-10T02:48:58.649997Z,0.0800,1.00,yes
2026-10-10T02:48:58.652782Z,0.0800,41.00,yes
2026-10-10T02:48:58.653273Z,0.0800,12.00,yes
2026-10-10T02:48:58.769788Z,0.0800,6.00,yes
2026-10-10T02:48:58.782873Z,0.0800,0.25,yes
2026-10-10T02:48:58.943973Z,0.0800,5.00,yes
2026-10-10T02:48:59.413688Z,0.0800,93.94,yes
2026-10-10T02:48:59.446819Z,0.0800,1.00,yes
2026-10-10T02:48:59.534605Z,0.0800,5.87,yes
2026-10-10T02:48:59.925317Z,0.0800,30.41,yes
2026-10-10T02:49:00.062996Z,0.0800,17.00,yes
2026-10-10T02:49:00.179784Z,0.0800,58.71,yes
2026-10-10T02:49:00.403544Z,0.0800,58.71,yes
2026-10-10T02:49:00.615616Z,0.0800,117.43,yes
2026-10-10T02:49:00.835068Z,0.0700,63.05,no
2026-10-10T02:49:00.98786Z,0.0800,87.00,yes
2026-10-10T02:49:01.082315Z,0.0800,29.35,yes
2026-10-10T02:49:01.171772Z,0.0800,171.29,yes
2026-10-10T02:49:01.259656Z,0.0800,85.00,yes
2026-10-10T02:49:01.459255Z,0.0800,120.00,yes
2026-10-10T02:49:01.46728Z,0.0800,17.00,yes
2026-10-10T02:49:01.583866Z,0.0800,2.00,yes
2026-10-10T02:49:01.632032Z,0.0800,32.41,yes
2026-10-10T02:49:01.649308Z,0.0800,134.00,yes
2026-10-10T02:49:01.669467Z,0.0800,100.00,yes
2026-10-10T02:49:02.108037Z,0.0800,94.10,yes
2026-10-10T02:49:02.424246Z,0.0800,105.69,yes
2026-10-10T02:49:02.54203Z,0.0800,117.43,yes
2026-10-10T02:49:02.593723Z,0.0800,35.23,yes
2026-10-10T02:49:02.606156Z,0.0800,58.71,yes
2026-10-10T02:49:02.674297Z,0.0800,23.48,yes
2026-10-10T02:49:02.764564Z,0.0800,85.00,yes
2026-10-10T02:49:02.949196Z,0.0800,120.00,yes
2026-10-10T02:49:03.019642Z,0.0800,199.64,yes
2026-10-10T02:49:03.180582Z,0.0800,117.43,yes
2026-10-10T02:49:03.282514Z,0.0800,86.00,yes
2026-10-10T02:49:03.304609Z,0.0700,72.50,no
2026-10-10T02:49:03.486382Z,0.0800,86.00,yes
2026-10-10T02:49:03.676249Z,0.0800,86.00,yes
2026-10-10T02:49:03.682555Z,0.0800,11.74,yes
2026-10-10T02:49:04.234848Z,0.0700,38.91,no
2026-10-10T02:49:04.259651Z,0.0800,11.74,yes
2026-10-10T02:49:04.259655Z,0.0700,0.46,no
2026-10-10T02:49:04.427197Z,0.0800,58.71,yes
2026-10-10T02:49:04.49532Z,0.1200,10.00,yes
2026-10-10T02:49:04.49532Z,0.1300,10.00,yes
2026-10-10T02:49:04.49532Z,0.1100,10.00,yes
2026-10-10T02:49:04.49532Z,0.1100,12.00,yes
2026-10-10T02:49:04.49532Z,0.1300,15.00,yes
2026-10-10T02:49:04.49532Z,0.0800,72.50,yes
2026-10-10T02:49:04.49532Z,0.0800,1.00,yes
2026-10-10T02:49:04.49532Z,0.1400,0.01,yes
2026-10-10T02:49:04.49532Z,0.1400,1.00,yes
2026-10-10T02:49:04.49532Z,0.0900,96.00,yes
2026-10-10T02:49:04.49532Z,0.1000,1.00,yes
2026-10-10T02:49:04.49532Z,0.1100,1.00,yes
2026-10-10T02:49:04.49532Z,0.0800,1.00,yes
2026-10-10T02:49:04.49532Z,0.0800,63.05,yes
2026-10-10T02:49:04.49532Z,0.1300,1.00,yes
2026-10-10T02:49:04.49532Z,0.0800,33.04,yes
2026-10-10T02:49:04.49532Z,0.0900,157.38,yes
2026-10-10T02:49:04.49532Z,0.0800,1523.31,yes
2026-10-10T02:49:04.49532Z,0.1200,1.00,yes
2026-10-10T02:49:04.49532Z,0.1300,1.00,yes
2026-10-10T02:49:04.49532Z,0.1200,1.00,yes
2026-10-10T02:49:04.49532Z,0.0900,137.23,yes
2026-10-10T02:49:04.49532Z,0.1400,351.51,yes
2026-10-10T02:49:04.49532Z,0.1200,1.00,yes
2026-10-10T02:49:04.49532Z,0.0900,3.00,yes
2026-10-10T02:49:04.49532Z,0.1000,5.00,yes
2026-10-10T02:49:04.49532Z,0.1000,2.00,yes
2026-10-10T02:49:04.49532Z,0.1400,1.00,yes
2026-10-10T02:49:04.49532Z,0.1100,17.00,yes
2026-10-10T02:49:04.49532Z,0.1300,1.00,yes
2026-10-10T02:49:04.49532Z,0.1200,0.01,yes
2026-10-10T02:49:04.49532Z,0.1300,9.36,yes
2026-10-10T02:49:04.56533Z,0.1100,2.00,no
2026-10-10T02:49:04.574882Z,0.1200,2.00,no
2026-10-10T02:49:04.598311Z,0.1200,29.00,no
2026-10-10T02:49:04.598311Z,0.1200,8.00,no
2026-10-10T02:49:04.599582Z,0.1200,37.00,no
2026-10-10T02:49:04.603738Z,0.1100,1.00,no
2026-10-10T02:49:04.603738Z,0.1200,15.00,no
2026-10-10T02:49:04.603738Z,0.1100,17.00,no
2026-10-10T02:49:04.607895Z,0.1100,2.00,no
2026-10-10T02:49:04.645908Z,0.1100,8.00,no
2026-10-10T02:49:05.459676Z,0.1300,2.00,yes
2026-10-10T02:49:05.553187Z,0.1100,4.66,no
2026-10-10T02:49:05.553187Z,0.1100,55.00,no
2026-10-10T02:49:08.007008Z,0.1200,9.94,no
2026-10-10T02:49:08.007008Z,0.1200,19.00,no
2026-10-10T02:49:08.373843Z,0.1300,1.00,yes
2026-10-10T02:49:08.373843Z,0.1300,1.25,yes
2026-10-10T02:49:08.373843Z,0.1300,10.00,yes
2026-10-10T02:49:08.373843Z,0.1300,11.00,yes
2026-10-10T02:49:08.373843Z,0.1300,13.00,yes
2026-10-10T02:49:08.618808Z,0.1300,3.75,yes
2026-10-10T02:49:08.618808Z,0.1300,10.75,yes
2026-10-10T02:49:09.674859Z,0.1100,44.00,no
2026-10-10T02:49:09.674859Z,0.1100,27.68,no
2026-10-10T02:49:09.674859Z,0.1200,5.00,no
2026-10-10T02:49:09.674859Z,0.1100,5.34,no
2026-10-10T02:49:09.674859Z,0.1200,19.00,no
2026-10-10T02:49:11.53052Z,0.1300,22.76,yes
2026-10-10T02:49:11.744446Z,0.1300,5.51,yes
2026-10-10T02:49:11.744446Z,0.1300,16.24,yes
2026-10-10T02:49:11.969629Z,0.1300,12.76,yes
2026-10-10T02:49:11.969629Z,0.1300,12.00,yes
2026-10-10T02:49:11.969629Z,0.1300,39.37,yes
2026-10-10T02:49:11.969629Z,0.1300,8.37,yes
2026-10-10T02:49:12.624468Z,0.1200,2.00,no
2026-10-10T02:49:12.624468Z,0.1200,44.93,no
2026-10-10T02:49:12.624468Z,0.1200,14.06,no
2026-10-10T02:49:13.20523Z,0.1200,36.39,no
2026-10-10T02:49:13.444336Z,0.1300,13.66,yes
2026-10-10T02:49:13.444336Z,0.1300,24.00,yes
2026-10-10T02:49:13.444336Z,0.1300,0.01,yes
2026-10-10T02:49:13.444336Z,0.1300,1.00,yes
2026-10-10T02:49:14.743451Z,0.1300,6.00,yes
2026-10-10T02:49:14.743451Z,0.1300,1.14,yes
2026-10-10T02:49:15.004955Z,0.1200,3.55,no
2026-10-10T02:49:15.004955Z,0.1200,0.16,no
2026-10-10T02:49:15.004955Z,0.1200,55.00,no
2026-10-10T02:49:15.128141Z,0.1300,36.25,yes
2026-10-10T02:49:16.118931Z,0.1300,43.50,yes
2026-10-10T02:49:16.386045Z,0.1300,19.11,yes
2026-10-10T02:49:16.386045Z,0.1300,14.98,yes
2026-10-10T02:49:16.936656Z,0.1200,11.49,no
2026-10-10T02:49:17.025211Z,0.1400,4.00,yes
2026-10-10T02:49:17.025211Z,0.1400,1.00,yes
2026-10-10T02:49:17.025211Z,0.1300,0.02,yes
2026-10-10T02:49:17.025211Z,0.1300,12.00,yes
2026-10-10T02:49:17.025211Z,0.1400,11.92,yes
2026-10-10T02:49:17.025211Z,0.1400,1.00,yes
2026-10-10T02:49:17.596647Z,0.1500,1.00,yes
2026-10-10T02:49:17.596647Z,0.1600,1.00,yes
2026-10-10T02:49:17.596647Z,0.1600,70.00,yes
2026-10-10T02:49:17.596647Z,0.1700,1.00,yes
2026-10-10T02:49:17.596647Z,0.1600,1.00,yes
2026-10-10T02:49:17.596647Z,0.1800,0.01,yes
2026-10-10T02:49:17.596647Z,0.1600,1.00,yes
2026-10-10T02:49:17.596647Z,0.1500,1.00,yes
2026-10-10T02:49:17.596647Z,0.1500,1.00,yes
2026-10-10T02:49:17.596647Z,0.1500,1.00,yes
2026-10-10T02:49:17.596647Z,0.1600,1.00,yes
2026-10-10T02:49:17.596647Z,0.1800,13.75,yes
2026-10-10T02:49:17.596647Z,0.1600,10.00,yes
2026-10-10T02:49:17.596647Z,0.1800,1.00,yes
2026-10-10T02:49:17.596647Z,0.1500,2.00,yes
2026-10-10T02:49:17.596647Z,0.1600,1.00,yes
2026-10-10T02:49:17.596647Z,0.1700,1.00,yes
2026-10-10T02:49:17.596647Z,0.1500,5.00,yes
2026-10-10T02:49:17.596647Z,0.1800,75.00,yes
2026-10-10T02:49:17.596647Z,0.1700,35.00,yes
2026-10-10T02:49:17.596647Z,0.1400,5.00,yes
2026-10-10T02:49:17.596647Z,0.1400,0.01,yes
2026-10-10T02:49:17.596647Z,0.1300,1.49,yes
2026-10-10T02:49:17.596647Z,0.1800,17.00,yes
2026-10-10T02:49:17.934375Z,0.1400,1.75,yes
2026-10-10T02:49:17.934375Z,0.1300,5.00,yes
2026-10-10T02:49:18.091134Z,0.2000,1.00,yes
2026-10-10T02:49:18.091134Z,0.2000,1.00,yes
2026-10-10T02:49:18.091134Z,0.1400,26.25,yes
2026-10-10T02:49:18.091134Z,0.1900,1.00,yes
2026-10-10T02:49:18.091134Z,0.2000,1.00,yes
2026-10-10T02:49:18.091134Z,0.1500,11.00,yes
2026-10-10T02:49:18.091134Z,0.1400,1.25,yes
2026-10-10T02:49:18.091134Z,0.1700,13.00,yes
2026-10-10T02:49:18.091134Z,0.1800,1.00,yes
2026-10-10T02:49:18.091134Z,0.1800,0.01,yes
2026-10-10T02:49:18.091134Z,0.1300,12.00,yes
2026-10-10T02:49:18.091134Z,0.1600,18.00,yes
2026-10-10T02:49:18.091134Z,0.2000,15.00,yes
2026-10-10T02:49:18.091134Z,0.1400,0.01,yes
2026-10-10T02:49:18.091134Z,0.1500,1.00,yes
2026-10-10T02:49:18.091134Z,0.2000,77.60,yes
2026-10-10T02:49:18.091134Z,0.1500,121.00,yes
2026-10-10T02:49:18.091134Z,0.1400,22.17,yes
2026-10-10T02:49:18.091134Z,0.1400,29.00,yes
2026-10-10T02:49:18.091134Z,0.1500,10.26,yes
2026-10-10T02:49:18.091134Z,0.1900,75.00,yes
2026-10-10T02:49:18.139344Z,0.1300,5.17,no
2026-10-10T02:49:19.956639Z,0.1300,34.00,no
2026-10-10T02:49:19.956639Z,0.1200,1.47,no
2026-10-10T02:49:19.956639Z,0.1200,10.00,no
2026-10-10T02:49:19.956639Z,0.1300,1.00,no
2026-10-10T02:49:19.956639Z,0.1200,0.35,no
2026-10-10T02:49:20.027419Z,0.1200,3.53,no
2026-10-10T02:49:20.027419Z,0.1200,44.56,no
2026-10-10T02:49:20.027419Z,0.1200,30.00,no
2026-10-10T02:49:20.027419Z,0.1100,71.05,no
2026-10-10T02:49:20.093913Z,0.1300,0.35,yes
2026-10-10T02:49:20.093913Z,0.1300,5.17,yes
2026-10-10T02:49:20.093913Z,0.1300,26.00,yes
2026-10-10T02:49:20.206778Z,0.1300,5.65,yes
2026-10-10T02:49:20.206778Z,0.1300,0.70,yes
2026-10-10T02:49:20.258287Z,0.1400,0.01,yes
2026-10-10T02:49:20.258287Z,0.1300,9.30,yes
2026-10-10T02:49:20.258287Z,0.1400,23.37,yes
2026-10-10T02:49:20.258287Z,0.1400,1.00,yes
2026-10-10T02:49:20.535555Z,0.1300,10.10,yes
2026-10-10T02:49:20.600081Z,0.1300,27.90,yes
2026-10-10T02:49:20.600081Z,0.1400,6.88,yes
2026-10-10T02:49:20.757293Z,0.1300,34.29,yes
2026-10-10T02:49:21.004359Z,0.1300,4.71,yes
2026-10-10T02:49:21.004359Z,0.1300,2.54,yes
2026-10-10T02:49:21.445479Z,0.1300,72.50,yes
2026-10-10T02:49:21.709785Z,0.1300,15.71,yes
2026-10-10T02:49:21.709785Z,0.1300,32.79,yes
2026-10-10T02:49:21.709785Z,0.1300,24.00,yes
2026-10-10T02:49:22.045023Z,0.1300,7.25,yes
2026-10-10T02:49:22.052141Z,0.1300,27.80,yes
2026-10-10T02:49:22.052141Z,0.1300,80.96,yes
2026-10-10T02:49:22.090264Z,0.1300,19.20,yes
2026-10-10T02:49:22.090264Z,0.1300,31.80,yes
2026-10-10T02:49:22.702753Z,0.1400,5.69,yes
2026-10-10T02:49:22.702753Z,0.1400,4.00,yes
2026-10-10T02:49:22.702753Z,0.1400,0.01,yes
2026-10-10T02:49:22.702753Z,0.1300,4.00,yes
2026-10-10T02:49:23.017282Z,0.1800,5.00,yes
2026-10-10T02:49:23.017282Z,0.1600,10.00,yes
2026-10-10T02:49:23.017282Z,0.1700,3.00,yes
2026-10-10T02:49:23.017282Z,0.1700,1.00,yes
2026-10-10T02:49:23.017282Z,0.1600,1.00,yes
2026-10-10T02:49:23.017282Z,0.1800,15.00,yes
2026-10-10T02:49:23.017282Z,0.1900,5.00,yes
2026-10-10T02:49:23.017282Z,0.1500,1.00,yes
2026-10-10T02:49:23.017282Z,0.1500,8.00,yes
2026-10-10T02:49:23.017282Z,0.1400,4.31,yes
2026-10-10T02:49:23.017282Z,0.1600,4.00,yes
2026-10-10T02:49:23.017282Z,0.1500,12.00,yes
2026-10-10T02:49:23.017282Z,0.1700,6.00,yes
2026-10-10T02:49:23.017282Z,0.1400,3.00,yes
2026-10-10T02:49:23.017282Z,0.1900,20.00,yes
2026-10-10T02:49:23.017282Z,0.1800,0.01,yes
2026-10-10T02:49:23.017282Z,0.2000,1.00,yes
2026-10-10T02:49:23.017282Z,0.1900,1.00,yes
2026-10-10T02:49:23.017282Z,0.1800,13.00,yes
2026-10-10T02:49:23.017282Z,0.1900,1.00,yes
2026-10-10T02:49:23.017282Z,0.1800,1.00,yes
2026-10-10T02:49:23.017282Z,0.1700,1.00,yes
2026-10-10T02:49:23.017282Z,0.2000,10.00,yes
2026-10-10T02:49:23.017282Z,0.1800,1.00,yes
2026-10-10T02:49:23.017282Z,0.1500,2.00,yes
2026-10-10T02:49:23.017282Z,0.1600,1.00,yes
2026-10-10T02:49:23.017282Z,0.2000,37.20,yes
2026-10-10T02:49:23.017282Z,0.1800,1.00,yes
2026-10-10T02:49:23.017282Z,0.1600,10.00,yes
2026-10-10T02:49:23.017282Z,0.1700,1.00,yes
2026-10-10T02:49:23.099111Z,0.1400,6.00,no
2026-10-10T02:49:23.110709Z,0.1400,16.00,no
2026-10-10T02:49:23.110709Z,0.1300,20.00,no
2026-10-10T02:49:23.110709Z,0.1400,6.00,no
2026-10-10T02:49:23.110709Z,0.1300,34.72,no
2026-10-10T02:49:23.110709Z,0.1300,1.00,no
2026-10-10T02:49:23.110709Z,0.1300,67.00,no
2026-10-10T02:49:23.120748Z,0.1200,65.25,no
2026-10-10T02:49:23.34481Z,0.1300,1.00,yes
2026-10-10T02:49:23.34481Z,0.1300,4.00,yes
2026-10-10T02:49:24.484929Z,0.1200,181.26,no
2026-10-10T02:49:24.641473Z,0.1400,15.00,yes
2026-10-10T02:49:24.641473Z,0.1400,38.62,yes
2026-10-10T02:49:24.641473Z,0.1300,2.00,yes
2026-10-10T02:49:24.641473Z,0.1300,27.00,yes
2026-10-10T02:49:24.641473Z,0.1300,44.56,yes
2026-10-10T02:49:24.641473Z,0.1400,6.00,yes
2026-10-10T02:49:24.913172Z,0.1200,3.49,no
2026-10-10T02:49:24.913172Z,0.1200,43.54,no
2026-10-10T02:49:24.996994Z,0.1400,27.22,yes
2026-10-10T02:49:24.996994Z,0.1300,21.00,yes
2026-10-10T02:49:25.288019Z,0.1200,10.00,no
2026-10-10T02:49:25.288019Z,0.1200,28.46,no
2026-10-10T02:49:25.288019Z,0.1200,0.10,no
2026-10-10T02:49:25.288019Z,0.1200,2.00,no
2026-10-10T02:49:25.288019Z,0.1100,13.95,no
2026-10-10T02:49:25.288019Z,0.1100,49.94,no
2026-10-10T02:49:25.557804Z,0.1300,57.50,yes
2026-10-10T02:49:25.557804Z,0.1300,15.00,yes
2026-10-10T02:49:25.935007Z,0.1300,7.25,yes
2026-10-10T02:49:26.010291Z,0.1300,43.50,yes
2026-10-10T02:49:26.046047Z,0.1300,14.50,yes
2026-10-10T02:49:26.232086Z,0.1300,36.25,yes
2026-10-10T02:49:26.236791Z,0.1300,72.50,yes
2026-10-10T02:49:26.313169Z,0.1300,10.36,yes
2026-10-10T02:49:26.651447Z,0.1300,47.36,yes
2026-10-10T02:49:26.651447Z,0.1300,17.00,yes
2026-10-10T02:49:26.651447Z,0.1300,8.14,yes
2026-10-10T02:49:27.158231Z,0.1400,0.01,yes
2026-10-10T02:49:27.158231Z,0.1700,1.00,yes
2026-10-10T02:49:27.158231Z,0.1600,1.00,yes
2026-10-10T02:49:27.158231Z,0.1600,2.00,yes
2026-10-10T02:49:27.158231Z,0.1600,1.00,yes
2026-10-10T02:49:27.158231Z,0.1700,13.00,yes
2026-10-10T02:49:27.158231Z,0.1700,0.07,yes
2026-10-10T02:49:27.158231Z,0.1400,0.10,yes
2026-10-10T02:49:27.158231Z,0.1500,1.00,yes
2026-10-10T02:49:27.158231Z,0.1600,1.00,yes
2026-10-10T02:49:27.158231Z,0.1500,7.80,yes
2026-10-10T02:49:27.158231Z,0.1400,1.00,yes
2026-10-10T02:49:27.944791Z,0.1300,6.00,no
2026-10-10T02:49:27.944791Z,0.1300,20.58,no
2026-10-10T02:49:28.206215Z,0.1500,0.10,yes
2026-10-10T02:49:28.206215Z,0.1400,0.01,yes
2026-10-10T02:49:28.206215Z,0.1500,1.00,yes
2026-10-10T02:49:28.206215Z,0.1600,1.00,yes
2026-10-10T02:49:28.206215Z,0.1600,1.00,yes
2026-10-10T02:49:28.206215Z,0.1600,1.00,yes
2026-10-10T02:49:28.206215Z,0.1400,1.00,yes
2026-10-10T02:49:28.206215Z,0.1600,17.00,yes
2026-10-10T02:49:28.206215Z,0.1700,4.86,yes
2026-10-10T02:49:28.206215Z,0.1700,0.93,yes
2026-10-10T02:49:28.212756Z,0.1700,2.82,yes
2026-10-10T02:49:29.185921Z,0.1400,3.00,yes
2026-10-10T02:49:29.185921Z,0.1600,0.93,yes
2026-10-10T02:49:29.185921Z,0.1400,0.01,yes
2026-10-10T02:49:29.185921Z,0.1500,3.00,yes
2026-10-10T02:49:29.185921Z,0.1400,12.00,yes
2026-10-10T02:49:29.307807Z,0.1300,1.00,no
2026-10-10T02:49:29.574298Z,0.1100,7.16,no
2026-10-10T02:49:29.574298Z,0.1100,70.00,no
2026-10-10T02:49:29.574298Z,0.1100,0.10,no
2026-10-10T02:49:29.574298Z,0.1200,10.00,no
2026-10-10T02:49:29.574298Z,0.1200,0.80,no
2026-10-10T02:49:29.574298Z,0.1200,12.00,no
2026-10-10T02:49:29.603949Z,0.1300,88.87,yes
2026-10-10T02:49:30.000101Z,0.1300,13.00,yes
2026-10-10T02:49:30.000101Z,0.1300,20.13,yes
2026-10-10T02:49:30.000101Z,0.1300,5.49,yes
2026-10-10T02:49:30.000101Z,0.1300,6.00,yes
2026-10-10T02:49:30.000101Z,0.1300,0.80,yes
2026-10-10T02:49:30.000101Z,0.1300,20.58,yes
2026-10-10T02:49:30.25126Z,0.1300,36.25,yes
2026-10-10T02:49:30.316421Z,0.1300,7.12,yes
2026-10-10T02:49:30.316421Z,0.1300,0.13,yes
2026-10-10T02:49:30.462816Z,0.1300,10.00,yes
2026-10-10T02:49:30.462816Z,0.1400,3.20,yes
2026-10-10T02:49:30.462816Z,0.1400,0.01,yes
2026-10-10T02:49:30.462816Z,0.1400,1.00,yes
2026-10-10T02:49:31.607447Z,0.1400,1.00,yes
2026-10-10T02:49:31.607447Z,0.1400,8.69,yes
2026-10-10T02:49:31.607447Z,0.1300,4.00,yes
2026-10-10T02:49:31.607447Z,0.1400,0.01,yes
2026-10-10T02:49:32.112399Z,0.1400,12.48,yes
2026-10-10T02:49:32.112399Z,0.1400,16.00,yes
2026-10-10T02:49:32.112399Z,0.1400,0.01,yes
2026-10-10T02:49:32.359028Z,0.1300,20.21,yes
2026-10-10T02:49:32.392326Z,0.1300,3.79,yes
2026-10-10T02:49:32.392326Z,0.1400,2.94,yes
2026-10-10T02:49:32.574166Z,0.1300,0.94,yes
2026-10-10T02:49:32.574166Z,0.1300,26.00,yes
2026-10-10T02:49:32.69841Z,0.1300,25.21,yes
2026-10-10T02:49:32.835968Z,0.1300,6.96,yes
2026-10-10T02:49:32.845782Z,0.1300,7.25,yes
2026-10-10T02:49:33.253685Z,0.1300,36.25,yes
2026-10-10T02:49:33.267275Z,0.1300,28.97,yes
2026-10-10T02:49:33.267275Z,0.1300,26.00,yes
2026-10-10T02:49:33.267275Z,0.1300,52.99,yes
2026-10-10T02:49:33.694712Z,0.1300,65.25,yes
2026-10-10T02:49:33.931556Z,0.1400,1.00,yes
2026-10-10T02:49:33.931556Z,0.1400,12.00,yes
2026-10-10T02:49:33.931556Z,0.1300,2.76,yes
2026-10-10T02:49:33.931556Z,0.1500,8.80,yes
2026-10-10T02:49:33.931556Z,0.1400,0.01,yes
2026-10-10T02:49:33.931556Z,0.1500,1.00,yes
2026-10-10T02:49:33.931556Z,0.1400,17.00,yes
2026-10-10T02:49:33.931556Z,0.1300,3.00,yes
2026-10-10T02:49:34.684268Z,0.1500,1.00,yes
2026-10-10T02:49:34.684268Z,0.1500,9.52,yes
2026-10-10T02:49:34.684268Z,0.1400,0.01,yes
2026-10-10T02:49:34.684268Z,0.1500,1.00,yes
2026-10-10T02:49:34.684268Z,0.1500,1.00,yes
2026-10-10T02:49:34.976261Z,0.1200,1.00,no
2026-10-10T02:49:34.976261Z,0.1100,41.10,no
2026-10-10T02:49:34.976261Z,0.1200,71.00,no
2026-10-10T02:49:34.976261Z,0.1200,31.00,no
2026-10-10T02:49:34.976261Z,0.1200,0.20,no
2026-10-10T02:49:34.976261Z,0.1300,6.00,no
2026-10-10T02:49:34.994554Z,0.1100,36.29,no
2026-10-10T02:49:34.994554Z,0.1200,1.00,no
2026-10-10T02:49:34.994554Z,0.1300,12.00,no
2026-10-10T02:49:35.596462Z,0.1500,1.00,yes
2026-10-10T02:49:35.596462Z,0.1500,6.00,yes
2026-10-10T02:49:35.596462Z,0.1400,12.00,yes
2026-10-10T02:49:35.596462Z,0.1300,0.20,yes
2026-10-10T02:49:35.596462Z,0.1500,34.13,yes
2026-10-10T02:49:35.596462Z,0.1300,2.00,yes
2026-10-10T02:49:35.596462Z,0.1500,8.00,yes
2026-10-10T02:49:35.596462Z,0.1400,1.00,yes
2026-10-10T02:49:35.596462Z,0.1400,0.01,yes
2026-10-10T02:49:35.596462Z,0.1500,70.00,yes
2026-10-10T02:49:35.596462Z,0.1500,1.00,yes
2026-10-10T02:49:35.84988Z,0.1300,12.00,no
2026-10-10T02:49:36.043034Z,0.1300,19.38,yes
2026-10-10T02:49:36.144548Z,0.1200,12.00,no
2026-10-10T02:49:36.144548Z,0.1200,1.00,no
2026-10-10T02:49:36.144548Z,0.1100,132.01,no
2026-10-10T02:49:37.048806Z,0.1200,12.00,no
2026-10-10T02:49:37.048806Z,0.1100,22.23,no
2026-10-10T02:49:37.519214Z,0.1200,18.00,yes
2026-10-10T02:49:37.546786Z,0.1300,0.78,yes
2026-10-10T02:49:39.150214Z,0.1100,50.00,no
2026-10-10T02:49:39.150214Z,0.1100,70.00,no
2026-10-10T02:49:39.150214Z,0.1100,18.37,no
2026-10-10T02:49:39.150214Z,0.1100,3.45,no
2026-10-10T02:49:39.330984Z,0.1200,15.69,yes
2026-10-10T02:49:39.3732Z,0.1200,0.87,yes
2026-10-10T02:49:39.769253Z,0.1200,83.44,yes
2026-10-10T02:49:39.769253Z,0.1200,28.12,yes
2026-10-10T02:49:40.017976Z,0.1200,1.00,yes
2026-10-10T02:49:40.134489Z,0.1200,17.54,yes
2026-10-10T02:49:40.134489Z,0.1100,6.00,yes
2026-10-10T02:49:40.181676Z,0.1100,23.54,yes
2026-10-10T02:49:40.255064Z,0.1100,16.00,yes
2026-10-10T02:49:40.255064Z,0.1100,56.50,yes
2026-10-10T02:49:40.261611Z,0.1200,21.34,yes
2026-10-10T02:49:40.261611Z,0.1200,68.00,yes
2026-10-10T02:49:40.261611Z,0.1200,12.15,yes
2026-10-10T02:49:40.261611Z,0.1100,55.50,yes
2026-10-10T02:49:40.323132Z,0.1200,15.69,yes
2026-10-10T02:49:40.355124Z,0.1200,39.24,yes
2026-10-10T02:49:40.476964Z,0.1200,29.34,yes
2026-10-10T02:49:40.476964Z,0.1200,22.92,yes
2026-10-10T02:49:40.564458Z,0.1200,11.96,yes
2026-10-10T02:49:40.619611Z,0.1200,19.62,yes
2026-10-10T02:49:40.837976Z,0.1200,22.82,yes
2026-10-10T02:49:40.837976Z,0.1200,16.42,yes
2026-10-10T02:49:41.73996Z,0.1100,1.00,no
2026-10-10T02:49:41.73996Z,0.1100,1.00,no
2026-10-10T02:49:41.73996Z,0.1100,5.86,no
2026-10-10T02:49:41.942494Z,0.1200,13.00,yes
2026-10-10T02:49:41.943667Z,0.1200,6.00,yes
2026-10-10T02:49:41.946191Z,0.1200,6.00,yes
2026-10-10T02:49:41.959102Z,0.1200,6.00,yes
2026-10-10T02:49:42.194846Z,0.1100,100.00,no
2026-10-10T02:49:42.194846Z,0.1100,50.00,no
2026-10-10T02:49:42.194846Z,0.1100,12.00,no
2026-10-10T02:49:42.194846Z,0.1100,9.01,no
2026-10-10T02:49:42.194846Z,0.1100,0.14,no
2026-10-10T02:49:42.397014Z,0.1200,23.00,yes
2026-10-10T02:49:42.596291Z,0.1200,0.78,yes
2026-10-10T02:49:43.329524Z,0.1200,12.00,yes
2026-10-10T02:49:43.329524Z,0.1200,21.22,yes
2026-10-10T02:49:43.329524Z,0.1200,0.01,yes
2026-10-10T02:49:43.329524Z,0.1200,6.01,yes
2026-10-10T02:49:43.582007Z,0.1200,58.00,yes
2026-10-10T02:49:43.582007Z,0.1300,18.92,yes
2026-10-10T02:49:43.811801Z,0.1200,35.64,yes
2026-10-10T02:49:43.911712Z,0.1200,4.36,yes
2026-10-10T02:49:43.911712Z,0.1200,3.48,yes
2026-10-10T02:49:43.962657Z,0.1200,45.00,yes
2026-10-10T02:49:43.962657Z,0.1200,20.73,yes
2026-10-10T02:49:43.962657Z,0.1300,48.92,yes
2026-10-10T02:49:43.962657Z,0.1300,19.00,yes
2026-10-10T02:49:43.962657Z,0.1300,83.87,yes
2026-10-10T02:49:44.327928Z,0.1200,17.81,yes
2026-10-10T02:49:44.636791Z,0.1200,17.05,yes
2026-10-10T02:49:44.636791Z,0.1200,22.19,yes
2026-10-10T02:49:44.709459Z,0.1200,0.23,yes
2026-10-10T02:49:44.971933Z,0.1200,1.04,yes
2026-10-10T02:49:45.493523Z,0.1200,11.98,yes
2026-10-10T02:49:45.493523Z,0.1200,17.68,yes
2026-10-10T02:49:45.493523Z,0.1200,40.00,yes
2026-10-10T02:49:45.588893Z,0.1000,17.00,no
2026-10-10T02:49:45.588893Z,0.1000,1.00,no
2026-10-10T02:49:45.588893Z,0.1000,40.06,no
2026-10-10T02:49:45.588893Z,0.1000,5.00,no
2026-10-10T02:49:45.588893Z,0.1000,31.01,no
2026-10-10T02:49:45.813613Z,0.1300,4.98,yes
2026-10-10T02:49:45.813613Z,0.1200,8.02,yes
2026-10-10T02:49:46.114953Z,0.1300,18.20,yes
2026-10-10T02:49:46.114953Z,0.1200,15.00,yes
2026-10-10T02:49:46.962726Z,0.1300,13.12,yes
2026-10-10T02:49:46.962726Z,0.1200,25.00,yes
2026-10-10T02:49:47.047701Z,0.1000,8.68,no
2026-10-10T02:49:47.079288Z,0.1000,14.47,no
2026-10-10T02:49:47.507194Z,0.1200,21.15,yes
2026-10-10T02:49:47.613168Z,0.1200,0.84,yes
2026-10-10T02:49:47.613168Z,0.1200,14.85,yes
2026-10-10T02:49:48.165371Z,0.1200,6.00,yes
2026-10-10T02:49:48.165371Z,0.1200,33.24,yes
2026-10-10T02:49:48.290964Z,0.1200,25.18,yes
2026-10-10T02:49:48.290964Z,0.1200,3.76,yes
2026-10-10T02:49:48.290964Z,0.1200,10.30,yes
2026-10-10T02:49:48.306751Z,0.1200,21.82,yes
2026-10-10T02:49:48.845109Z,0.1200,39.24,yes
2026-10-10T02:49:49.118736Z,0.1200,92.07,yes
2026-10-10T02:49:49.118736Z,0.1200,6.99,yes
2026-10-10T02:49:49.118736Z,0.1200,13.76,yes
2026-10-10T02:49:49.315887Z,0.1200,47.09,yes
2026-10-10T02:49:49.910244Z,0.1200,0.78,yes
2026-10-10T02:49:50.3044Z,0.1200,9.13,yes
2026-10-10T02:49:50.3044Z,0.1200,13.32,yes
2026-10-10T02:49:50.309117Z,0.1200,0.31,yes
2026-10-10T02:49:50.591279Z,0.1300,14.00,yes
2026-10-10T02:49:50.591279Z,0.1300,11.83,yes
2026-10-10T02:49:50.591279Z,0.1300,29.00,yes
2026-10-10T02:49:50.591279Z,0.1200,18.37,yes
2026-10-10T02:49:51.125441Z,0.1200,0.12,yes
2026-10-10T02:49:51.125441Z,0.1200,25.00,yes
2026-10-10T02:49:51.125441Z,0.1300,74.76,yes
2026-10-10T02:49:51.125441Z,0.1300,1.00,yes
2026-10-10T02:49:51.125441Z,0.1300,2.00,yes
2026-10-10T02:49:51.125441Z,0.1300,2.00,yes
2026-10-10T02:49:51.125441Z,0.1300,42.00,yes
2026-10-10T02:49:51.234539Z,0.1100,19.79,no
2026-10-10T02:49:51.234539Z,0.1100,6.00,no
2026-10-10T02:49:51.234539Z,0.1100,21.00,no
2026-10-10T02:49:51.239886Z,0.1100,4.38,no
2026-10-10T02:49:51.518432Z,0.1100,0.75,no
2026-10-10T02:49:51.518432Z,0.1100,25.83,no
2026-10-10T02:49:51.683563Z,0.1100,49.89,no
2026-10-10T02:49:51.683563Z,0.1100,75.00,no
2026-10-10T02:49:51.683563Z,0.1100,42.25,no
2026-10-10T02:49:51.683563Z,0.1100,32.86,no
2026-10-10T02:49:52.015654Z,0.1400,6.54,yes
2026-10-10T02:49:52.015654Z,0.1400,2.00,yes
2026-10-10T02:49:52.015654Z,0.1300,2.00,yes
2026-10-10T02:49:52.015654Z,0.1300,1.00,yes
2026-10-10T02:49:52.015654Z,0.1400,2.00,yes
2026-10-10T02:49:52.015654Z,0.1300,2.24,yes
2026-10-10T02:49:52.015654Z,0.1400,2.00,yes
2026-10-10T02:49:52.015654Z,0.1400,1.00,yes
2026-10-10T02:49:52.015654Z,0.1400,8.00,yes
2026-10-10T02:49:52.015654Z,0.1400,0.01,yes
2026-10-10T02:49:53.026373Z,0.1200,7.84,yes
2026-10-10T02:49:53.09849Z,0.1200,0.06,yes
2026-10-10T02:49:53.09849Z,0.1200,7.16,yes
2026-10-10T02:49:53.249459Z,0.1200,15.58,yes
2026-10-10T02:49:53.269609Z,0.1200,16.36,yes
2026-10-10T02:49:53.269609Z,0.1200,101.38,yes
2026-10-10T02:49:53.389281Z,0.1200,2.74,yes
2026-10-10T02:49:53.465574Z,0.1200,15.69,yes
2026-10-10T02:49:53.80305Z,0.1100,7.25,no
2026-10-10T02:49:53.883594Z,0.1200,3.00,yes
2026-10-10T02:49:53.883594Z,0.1200,0.10,yes
2026-10-10T02:49:53.883594Z,0.1300,1.00,yes
2026-10-10T02:49:53.883594Z,0.1300,10.40,yes
2026-10-10T02:49:53.964674Z,0.1300,14.00,yes
2026-10-10T02:49:53.964674Z,0.1300,77.00,yes
2026-10-10T02:49:53.964674Z,0.1300,1.19,yes
2026-10-10T02:49:53.964674Z,0.1300,24.65,yes
2026-10-10T02:49:53.964674Z,0.1400,1.00,yes
2026-10-10T02:49:53.964674Z,0.1300,1.00,yes
2026-10-10T02:49:53.964674Z,0.1200,23.00,yes
2026-10-10T02:49:53.964674Z,0.1400,4.00,yes
2026-10-10T02:49:53.964674Z,0.1400,2.00,yes
2026-10-10T02:49:53.964674Z,0.1500,1.00,yes
2026-10-10T02:49:53.964674Z,0.1500,1.00,yes
2026-10-10T02:49:53.964674Z,0.1500,7.80,yes
2026-10-10T02:49:53.964674Z,0.1500,1.00,yes
2026-10-10T02:49:54.496047Z,0.1500,17.70,yes
2026-10-10T02:49:54.496047Z,0.1400,7.00,yes
2026-10-10T02:49:54.496047Z,0.1400,0.01,yes
2026-10-10T02:49:54.496047Z,0.1500,2.00,yes
2026-10-10T02:49:54.496047Z,0.1500,1.00,yes
2026-10-10T02:49:54.496047Z,0.1500,4.20,yes
2026-10-10T02:49:55.123013Z,0.1200,6.00,no
2026-10-10T02:49:55.123013Z,0.1200,135.00,no
2026-10-10T02:49:55.137276Z,0.1200,31.50,no
2026-10-10T02:49:55.137276Z,0.1200,30.00,no
2026-10-10T02:49:55.245316Z,0.1400,2.03,yes
2026-10-10T02:49:55.245316Z,0.1400,10.00,yes
2026-10-10T02:49:55.245316Z,0.1400,0.01,yes
2026-10-10T02:49:55.245316Z,0.1300,1.00,yes
2026-10-10T02:49:55.577778Z,0.1200,18.50,no
2026-10-10T02:49:55.577778Z,0.1100,11.34,no
2026-10-10T02:49:55.577778Z,0.1100,58.86,no
2026-10-10T02:49:55.577778Z,0.1100,5.00,no
2026-10-10T02:49:55.700492Z,0.1300,3.97,yes
2026-10-10T02:49:55.700492Z,0.1300,28.00,yes
2026-10-10T02:49:55.700492Z,0.1200,23.00,yes
2026-10-10T02:49:55.700492Z,0.1300,5.55,yes
2026-10-10T02:49:55.836741Z,0.1100,12.00,no
2026-10-10T02:49:55.836741Z,0.1100,8.31,no
2026-10-10T02:49:55.836741Z,0.1100,58.00,no
2026-10-10T02:49:55.836741Z,0.1100,67.66,no
2026-10-10T02:49:55.836741Z,0.1000,0.19,no
2026-10-10T02:49:55.864878Z,0.1200,15.00,yes
2026-10-10T02:49:55.864878Z,0.1300,52.76,yes
2026-10-10T02:49:55.864878Z,0.1300,41.00,yes
2026-10-10T02:49:55.966113Z,0.1000,8.00,no
2026-10-10T02:49:55.966113Z,0.1100,2.00,no
2026-10-10T02:49:55.966113Z,0.1000,0.10,no
2026-10-10T02:49:55.966113Z,0.1100,6.00,no
2026-10-10T02:49:55.966113Z,0.1000,33.30,no
2026-10-10T02:49:55.966113Z,0.1000,0.10,no
2026-10-10T02:49:55.966113Z,0.1000,71.00,no
2026-10-10T02:49:55.966113Z,0.1000,28.65,no
2026-10-10T02:49:56.000456Z,0.0800,45.53,no
2026-10-10T02:49:56.000456Z,0.0900,29.00,no
2026-10-10T02:49:56.000456Z,0.0800,14.00,no
2026-10-10T02:49:56.000456Z,0.1000,1.00,no
2026-10-10T02:49:56.000456Z,0.0900,66.00,no
2026-10-10T02:49:56.000456Z,0.1000,38.00,no
2026-10-10T02:49:56.000456Z,0.0900,71.00,no
2026-10-10T02:49:56.000456Z,0.0900,17.00,no
2026-10-10T02:49:56.000456Z,0.0800,80.00,no
2026-10-10T02:49:56.000456Z,0.0800,1.00,no
2026-10-10T02:49:56.00969Z,0.1200,6.00,yes
2026-10-10T02:49:56.00969Z,0.1200,50.00,yes
2026-10-10T02:49:56.00969Z,0.1200,21.00,yes
2026-10-10T02:49:56.00969Z,0.1300,6.00,yes
2026-10-10T02:49:56.00969Z,0.1300,25.76,yes
2026-10-10T02:49:56.103416Z,0.1200,82.34,yes
2026-10-10T02:49:56.103416Z,0.1200,42.00,yes
2026-10-10T02:49:56.174787Z,0.1200,20.00,yes
2026-10-10T02:49:56.174787Z,0.1300,21.00,yes
2026-10-10T02:49:56.174787Z,0.1300,26.37,yes
2026-10-10T02:49:56.192348Z,0.1200,26.00,yes
2026-10-10T02:49:56.202851Z,0.1300,22.47,yes
2026-10-10T02:49:56.202851Z,0.1300,49.63,yes
2026-10-10T02:49:56.859484Z,0.1300,4.93,yes
2026-10-10T02:49:56.94063Z,0.1300,12.88,yes
2026-10-10T02:49:56.94063Z,0.1300,3.60,yes
2026-10-10T02:49:56.94063Z,0.1300,70.00,yes
2026-10-10T02:49:57.321973Z,0.1300,7.25,yes
2026-10-10T02:49:57.359563Z,0.1300,100.87,yes
2026-10-10T02:49:57.359563Z,0.1300,74.00,yes
2026-10-10T02:49:57.367705Z,0.1200,187.40,no
2026-10-10T02:49:57.60505Z,0.1300,40.60,yes
2026-10-10T02:49:57.639293Z,0.1200,117.12,no
2026-10-10T02:49:57.69717Z,0.2200,20.00,yes
2026-10-10T02:49:57.69717Z,0.1500,1.00,yes
2026-10-10T02:49:57.69717Z,0.1300,11.40,yes
2026-10-10T02:49:57.69717Z,0.1500,1.00,yes
2026-10-10T02:49:57.69717Z,0.1400,2.00,yes
2026-10-10T02:49:57.69717Z,0.1600,17.00,yes
2026-10-10T02:49:57.69717Z,0.1500,10.00,yes
2026-10-10T02:49:57.69717Z,0.1500,3.00,yes
2026-10-10T02:49:57.69717Z,0.2300,29.72,yes
2026-10-10T02:49:57.69717Z,0.1400,162.00,yes
2026-10-10T02:49:57.69717Z,0.1600,18.00,yes
2026-10-10T02:49:57.69717Z,0.1500,20.00,yes
2026-10-10T02:49:57.69717Z,0.1400,29.00,yes
2026-10-10T02:49:57.69717Z,0.1500,1.00,yes
2026-10-10T02:49:57.69717Z,0.1400,77.00,yes
2026-10-10T02:49:57.69717Z,0.1400,0.01,yes
2026-10-10T02:49:57.69717Z,0.1400,1.00,yes
2026-10-10T02:49:57.69717Z,0.1400,14.00,yes
2026-10-10T02:49:57.69717Z,0.1500,1.00,yes
2026-10-10T02:49:57.69717Z,0.1600,1.00,yes
2026-10-10T02:49:57.69717Z,0.1500,5.00,yes
2026-10-10T02:49:57.69717Z,0.2300,15.00,yes
2026-10-10T02:49:57.69717Z,0.2000,8.00,yes
2026-10-10T02:49:57.69717Z,0.2000,1.00,yes
2026-10-10T02:49:57.69717Z,0.1800,0.01,yes
2026-10-10T02:49:57.69717Z,0.1900,1.00,yes
2026-10-10T02:49:57.69717Z,0.1700,1.00,yes
2026-10-10T02:49:57.69717Z,0.1600,1.00,yes
2026-10-10T02:49:57.69717Z,0.1700,1.00,yes
2026-10-10T02:49:57.69717Z,0.1600,1.00,yes
2026-10-10T02:49:57.69717Z,0.1600,1.00,yes
2026-10-10T02:49:57.69717Z,0.1600,1.00,yes
2026-10-10T02:49:57.69717Z,0.1800,1.00,yes
2026-10-10T02:49:57.69717Z,0.1900,1.00,yes
2026-10-10T02:49:57.69717Z,0.1700,1.00,yes
2026-10-10T02:49:57.69717Z,0.2200,18.00,yes
2026-10-10T02:49:57.69717Z,0.1700,1.00,yes
2026-10-10T02:49:57.69717Z,0.1900,1.00,yes
2026-10-10T02:49:57.69717Z,0.1800,2.00,yes
2026-10-10T02:49:57.69717Z,0.2200,2.00,yes
2026-10-10T02:49:57.69717Z,0.1600,1.00,yes
2026-10-10T02:49:57.69717Z,0.2200,0.01,yes
2026-10-10T02:49:57.69717Z,0.1900,65.00,yes
2026-10-10T02:49:57.69717Z,0.2100,2.00,yes
2026-10-10T02:49:57.69717Z,0.2100,10.00,yes
2026-10-10T02:49:57.69717Z,0.2100,1.00,yes
2026-10-10T02:49:57.998748Z,0.1300,6.00,no
2026-10-10T02:49:57.998748Z,0.1300,120.00,no
2026-10-10T02:49:57.998748Z,0.1300,23.55,no
2026-10-10T02:49:57.998748Z,0.1300,19.00,no
2026-10-10T02:49:58.218481Z,0.1500,2.00,yes
2026-10-10T02:49:58.218481Z,0.1700,15.00,yes
2026-10-10T02:49:58.218481Z,0.1800,1.00,yes
2026-10-10T02:49:58.218481Z,0.1700,2.00,yes
2026-10-10T02:49:58.218481Z,0.1800,1.00,yes
2026-10-10T02:49:58.218481Z,0.1600,2.00,yes
2026-10-10T02:49:58.218481Z,0.1900,1.54,yes
2026-10-10T02:49:58.218481Z,0.1800,13.00,yes
2026-10-10T02:49:58.218481Z,0.1600,13.00,yes
2026-10-10T02:49:58.218481Z,0.1500,1.00,yes
2026-10-10T02:49:58.36493Z,0.1400,30.00,no
2026-10-10T02:49:58.36493Z,0.1300,67.00,no
2026-10-10T02:49:58.36493Z,0.1400,1.00,no
2026-10-10T02:49:58.36493Z,0.1400,6.00,no
2026-10-10T02:49:58.36493Z,0.1300,1.69,no
2026-10-10T02:49:58.823218Z,0.1500,0.01,yes
2026-10-10T02:49:58.823218Z,0.1500,14.00,yes
2026-10-10T02:49:58.823218Z,0.1500,11.28,yes
2026-10-10T02:49:58.823218Z,0.1400,3.00,yes
2026-10-10T02:49:59.134959Z,0.1400,1.00,yes
2026-10-10T02:49:59.134959Z,0.1400,0.01,yes
2026-10-10T02:49:59.134959Z,0.1400,11.57,yes
2026-10-10T02:49:59.586939Z,0.1500,13.83,yes
2026-10-10T02:49:59.586939Z,0.1400,12.43,yes
2026-10-10T02:49:59.586939Z,0.1400,5.16,yes
2026-10-10T02:49:59.586939Z,0.1400,0.01,yes
2026-10-10T02:49:59.916621Z,0.1400,7.60,yes
2026-10-10T02:49:59.916621Z,0.1400,0.01,yes
2026-10-10T02:49:59.916621Z,0.1400,28.00,yes
2026-10-10T02:49:59.916621Z,0.1400,4.51,yes
2026-10-10T02:49:59.99779Z,0.1400,38.86,yes
2026-10-10T02:50:00.140243Z,0.1300,8.55,no
2026-10-10T02:50:00.315936Z,0.1400,2.74,yes
2026-10-10T02:50:00.315936Z,0.1400,1.00,yes
2026-10-10T02:50:00.315936Z,0.1400,0.01,yes
2026-10-10T02:50:00.315936Z,0.1700,4.00,yes
2026-10-10T02:50:00.315936Z,0.1500,12.00,yes
2026-10-10T02:50:00.315936Z,0.1600,1.00,yes
2026-10-10T02:50:00.315936Z,0.1700,1.00,yes
2026-10-10T02:50:00.315936Z,0.1700,1.00,yes
2026-10-10T02:50:00.315936Z,0.1700,14.00,yes
2026-10-10T02:50:00.315936Z,0.1400,23.00,yes
2026-10-10T02:50:00.315936Z,0.1400,60.71,yes
2026-10-10T02:50:00.315936Z,0.1700,2.11,yes
2026-10-10T02:50:00.315936Z,0.1600,15.16,yes
2026-10-10T02:50:00.377455Z,0.1300,30.22,no
2026-10-10T02:50:01.518076Z,0.1500,10.00,yes
2026-10-10T02:50:01.518076Z,0.1600,1.00,yes
2026-10-10T02:50:01.518076Z,0.1600,4.80,yes
2026-10-10T02:50:01.518076Z,0.1700,7.65,yes
2026-10-10T02:50:01.66089Z,0.1500,19.00,yes
2026-10-10T02:50:01.793484Z,0.1700,3.00,yes
2026-10-10T02:50:01.793484Z,0.1700,1.00,yes
2026-10-10T02:50:01.793484Z,0.1600,25.00,yes
2026-10-10T02:50:01.793484Z,0.1700,5.33,yes
2026-10-10T02:50:01.793484Z,0.1700,0.24,yes
2026-10-10T02:50:02.069053Z,0.1600,0.65,yes
2026-10-10T02:50:02.069053Z,0.1500,2.00,yes
2026-10-10T02:50:02.069053Z,0.1500,22.00,yes
2026-10-10T02:50:02.110691Z,0.1400,26.58,no
2026-10-10T02:50:02.326276Z,0.1400,50.42,no
2026-10-10T02:50:02.326276Z,0.1400,7.32,no
2026-10-10T02:50:02.326276Z,0.1400,77.00,no
2026-10-10T02:50:02.333654Z,0.1500,15.73,yes
2026-10-10T02:50:02.765994Z,0.1400,10.00,no
2026-10-10T02:50:02.765994Z,0.1400,50.00,no
2026-10-10T02:50:02.765994Z,0.1400,63.68,no
2026-10-10T02:50:02.765994Z,0.1400,4.68,no
2026-10-10T02:50:03.218566Z,0.1400,1.57,yes
2026-10-10T02:50:03.276452Z,0.1400,14.43,yes
2026-10-10T02:50:03.276452Z,0.1500,41.96,yes
2026-10-10T02:50:03.276452Z,0.1500,6.27,yes
2026-10-10T02:50:03.278103Z,0.1300,33.34,no
2026-10-10T02:50:03.443668Z,0.1400,6.73,yes
2026-10-10T02:50:03.646332Z,0.1400,13.47,yes
2026-10-10T02:50:03.913183Z,0.1400,2.67,yes
2026-10-10T02:50:03.913183Z,0.1400,10.80,yes
2026-10-10T02:50:04.180779Z,0.1400,6.73,yes
2026-10-10T02:50:04.698607Z,0.1300,26.58,no
2026-10-10T02:50:04.826853Z,0.1400,47.16,yes
2026-10-10T02:50:05.108123Z,0.1400,13.47,yes
2026-10-10T02:50:06.506716Z,0.1500,3.14,yes
2026-10-10T02:50:06.70517Z,0.1500,4.86,yes
2026-10-10T02:50:06.70517Z,0.1500,3.14,yes
2026-10-10T02:50:06.727518Z,0.1400,1.49,no
2026-10-10T02:50:06.727518Z,0.1400,77.00,no
2026-10-10T02:50:07.00288Z,0.1500,6.29,yes
2026-10-10T02:50:07.349627Z,0.1500,1.00,yes
2026-10-10T02:50:07.349627Z,0.1500,26.89,yes
2026-10-10T02:50:07.349627Z,0.1500,3.57,yes
2026-10-10T02:50:07.411802Z,0.1500,13.15,yes
2026-10-10T02:50:07.597711Z,0.1500,12.58,yes
2026-10-10T02:50:07.75503Z,0.1500,6.29,yes
2026-10-10T02:50:07.981172Z,0.1400,3.51,no
2026-10-10T02:50:07.981172Z,0.1400,10.00,no
2026-10-10T02:50:08.076572Z,0.1500,18.47,yes
2026-10-10T02:50:08.342071Z,0.1400,58.00,yes
2026-10-10T02:50:08.342071Z,0.1500,4.35,yes
2026-10-10T02:50:08.530586Z,0.1400,76.84,yes
2026-10-10T02:50:08.530586Z,0.1400,49.00,yes
2026-10-10T02:50:08.571622Z,0.1300,14.91,no
2026-10-10T02:50:08.642793Z,0.1400,26.00,yes
2026-10-10T02:50:08.991639Z,0.1400,13.47,yes
2026-10-10T02:50:09.004814Z,0.1300,725.07,no
2026-10-10T02:50:09.272361Z,0.1400,33.68,yes
2026-10-10T02:50:10.695336Z,0.1400,10.43,no
2026-10-10T02:50:10.996748Z,0.1400,67.42,no
2026-10-10T02:50:10.996748Z,0.1400,89.57,no
2026-10-10T02:50:11.172613Z,0.1500,1.00,yes
2026-10-10T02:50:11.172613Z,0.1600,2.00,yes
2026-10-10T02:50:11.172613Z,0.1500,2.00,yes
2026-10-10T02:50:11.172613Z,0.1700,1.00,yes
2026-10-10T02:50:11.172613Z,0.1700,0.61,yes
2026-10-10T02:50:11.172613Z,0.1600,5.00,yes
2026-10-10T02:50:11.172613Z,0.1600,1.00,yes
2026-10-10T02:50:11.172613Z,0.1600,1.00,yes
2026-10-10T02:50:11.174635Z,0.1400,9.58,no
2026-10-10T02:50:11.174635Z,0.1400,33.20,no
2026-10-10T02:50:11.413881Z,0.1500,6.00,no
2026-10-10T02:50:11.413881Z,0.1400,66.36,no
2026-10-10T02:50:12.48949Z,0.1400,62.25,no
2026-10-10T02:50:12.48949Z,0.1400,150.44,no
2026-10-10T02:50:13.123518Z,0.1400,7.25,no
2026-10-10T02:50:13.221697Z,0.1300,79.32,no
2026-10-10T02:50:13.221697Z,0.1400,2.75,no
2026-10-10T02:50:13.221697Z,0.1400,12.00,no
2026-10-10T02:50:13.898154Z,0.1400,51.00,yes
2026-10-10T02:50:13.898154Z,0.1500,29.49,yes
2026-10-10T02:50:14.018763Z,0.1400,62.92,yes
2026-10-10T02:50:14.204113Z,0.1400,11.08,yes
2026-10-10T02:50:14.204113Z,0.1400,2.39,yes
2026-10-10T02:50:14.224588Z,0.1700,0.39,yes
2026-10-10T02:50:14.224588Z,0.1700,3.00,yes
2026-10-10T02:50:14.224588Z,0.1700,1.00,yes
2026-10-10T02:50:14.224588Z,0.1500,220.51,yes
2026-10-10T02:50:14.224588Z,0.1600,10.00,yes
2026-10-10T02:50:14.224588Z,0.1600,1.00,yes
2026-10-10T02:50:14.224588Z,0.1500,55.27,yes
2026-10-10T02:50:14.224588Z,0.1500,12.00,yes
2026-10-10T02:50:14.224588Z,0.1600,29.00,yes
2026-10-10T02:50:14.224588Z,0.1700,20.00,yes
2026-10-10T02:50:14.224588Z,0.1700,17.00,yes
2026-10-10T02:50:14.224588Z,0.1500,47.00,yes
2026-10-10T02:50:14.224588Z,0.1400,47.00,yes
2026-10-10T02:50:14.224588Z,0.1700,2.00,yes
2026-10-10T02:50:14.224588Z,0.1400,3.61,yes
2026-10-10T02:50:14.640373Z,0.1800,0.01,yes
2026-10-10T02:50:14.640373Z,0.1800,1.00,yes
2026-10-10T02:50:14.640373Z,0.1800,1.00,yes
2026-10-10T02:50:14.640373Z,0.1800,13.00,yes
2026-10-10T02:50:14.640373Z,0.1800,4.00,yes
2026-10-10T02:50:14.640373Z,0.1800,6.00,yes
2026-10-10T02:50:14.640373Z,0.1800,13.00,yes
2026-10-10T02:50:14.640373Z,0.1700,5.00,yes
2026-10-10T02:50:14.640373Z,0.1800,3.36,yes
2026-10-10T02:50:14.640373Z,0.1700,1.00,yes
2026-10-10T02:50:14.640373Z,0.1800,2.00,yes
2026-10-10T02:50:14.640373Z,0.1800,1.00,yes
2026-10-10T02:50:14.678101Z,0.1700,7.09,yes
2026-10-10T02:50:15.322057Z,0.1900,21.05,yes
2026-10-10T02:50:15.322057Z,0.1900,4.00,yes
2026-10-10T02:50:15.322057Z,0.1900,1.00,yes
2026-10-10T02:50:15.322057Z,0.1900,0.46,yes
2026-10-10T02:50:15.322057Z,0.1900,2.00,yes
2026-10-10T02:50:15.322057Z,0.1700,38.27,yes
2026-10-10T02:50:15.322057Z,0.1800,1.00,yes
2026-10-10T02:50:15.322057Z,0.1800,11.00,yes
2026-10-10T02:50:15.322057Z,0.1600,6.00,yes
2026-10-10T02:50:15.322057Z,0.1800,5.00,yes
2026-10-10T02:50:15.322057Z,0.1900,4.00,yes
2026-10-10T02:50:15.322057Z,0.1700,5.91,yes
2026-10-10T02:50:15.322057Z,0.1800,0.10,yes
2026-10-10T02:50:15.322057Z,0.1900,2.00,yes
2026-10-10T02:50:15.529927Z,0.1700,8.70,yes
2026-10-10T02:50:15.529927Z,0.1600,12.00,yes
2026-10-10T02:50:15.529927Z,0.1600,4.00,yes
2026-10-10T02:50:15.529927Z,0.1500,1.00,yes
2026-10-10T02:50:16.476713Z,0.2000,34.71,yes
2026-10-10T02:50:16.476713Z,0.1700,20.53,yes
2026-10-10T02:50:16.476713Z,0.1900,3.00,yes
2026-10-10T02:50:16.476713Z,0.1900,19.00,yes
2026-10-10T02:50:16.476713Z,0.1700,3.00,yes
2026-10-10T02:50:16.476713Z,0.1900,1.00,yes
2026-10-10T02:50:16.476713Z,0.1800,8.00,yes
2026-10-10T02:50:16.476713Z,0.1700,4.00,yes
2026-10-10T02:50:16.476713Z,0.1900,2.00,yes
2026-10-10T02:50:16.476713Z,0.1800,6.00,yes
2026-10-10T02:50:16.476713Z,0.2000,2.00,yes
2026-10-10T02:50:16.476713Z,0.2000,1.00,yes
2026-10-10T02:50:16.476713Z,0.2000,2.00,yes
2026-10-10T02:50:16.476713Z,0.1900,15.00,yes
2026-10-10T02:50:16.476713Z,0.2000,2.00,yes
2026-10-10T02:50:16.476713Z,0.2000,1.00,yes
2026-10-10T02:50:16.667721Z,0.1600,16.88,yes
2026-10-10T02:50:16.740979Z,0.1500,0.10,no
2026-10-10T02:50:16.740979Z,0.1400,27.68,no
2026-10-10T02:50:16.740979Z,0.1500,6.00,no
2026-10-10T02:50:16.740979Z,0.1400,1.00,no
2026-10-10T02:50:17.209681Z,0.1700,1.00,yes
2026-10-10T02:50:17.209681Z,0.1600,13.00,yes
2026-10-10T02:50:17.209681Z,0.1700,16.26,yes
2026-10-10T02:50:17.775764Z,0.1700,0.82,yes
2026-10-10T02:50:17.775764Z,0.1700,1.00,yes
2026-10-10T02:50:17.775764Z,0.1600,6.00,yes
2026-10-10T02:50:17.775764Z,0.1800,3.29,yes
2026-10-10T02:50:17.775764Z,0.1700,16.74,yes
2026-10-10T02:50:17.817984Z,0.1700,5.55,yes
2026-10-10T02:50:17.908516Z,0.1600,1.00,yes
2026-10-10T02:50:17.908516Z,0.1700,7.49,yes
2026-10-10T02:50:17.908516Z,0.1600,36.00,yes
2026-10-10T02:50:18.71041Z,0.1600,0.59,yes
2026-10-10T02:50:18.786163Z,0.1400,7.50,no
2026-10-10T02:50:18.786163Z,0.1400,1.00,no
2026-10-10T02:50:18.786163Z,0.1500,6.00,no
2026-10-10T02:50:18.928665Z,0.1500,2.00,yes
2026-10-10T02:50:18.928665Z,0.1500,1.00,yes
2026-10-10T02:50:18.928665Z,0.1600,8.87,yes
2026-10-10T02:50:19.08979Z,0.1400,4.50,no
2026-10-10T02:50:19.08979Z,0.1400,1.18,no
2026-10-10T02:50:19.08979Z,0.1400,0.10,no
2026-10-10T02:50:19.115562Z,0.1500,12.00,yes
2026-10-10T02:50:19.115562Z,0.1700,7.58,yes
2026-10-10T02:50:19.115562Z,0.1600,1.00,yes
2026-10-10T02:50:19.115562Z,0.1500,2.00,yes
2026-10-10T02:50:19.115562Z,0.1600,0.81,yes
2026-10-10T02:50:19.115562Z,0.1700,5.96,yes
2026-10-10T02:50:19.310848Z,0.1700,13.42,yes
2026-10-10T02:50:19.310848Z,0.1600,12.00,yes
2026-10-10T02:50:19.310848Z,0.1700,6.00,yes
2026-10-10T02:50:19.310848Z,0.1800,92.00,yes
2026-10-10T02:50:19.310848Z,0.1800,10.00,yes
2026-10-10T02:50:19.310848Z,0.1800,111.00,yes
2026-10-10T02:50:19.310848Z,0.1800,17.71,yes
2026-10-10T02:50:19.310848Z,0.1900,0.17,yes
2026-10-10T02:50:19.361302Z,0.1400,31.60,no
2026-10-10T02:50:19.361302Z,0.1500,6.00,no
2026-10-10T02:50:19.583703Z,0.1500,35.67,yes
2026-10-10T02:50:19.584285Z,0.1500,11.80,yes
2026-10-10T02:50:20.150842Z,0.1500,1.38,yes
2026-10-10T02:50:20.280219Z,0.1500,13.04,yes
2026-10-10T02:50:20.878329Z,0.1400,4.99,no
2026-10-10T02:50:20.878329Z,0.1400,12.00,no
2026-10-10T02:50:21.185896Z,0.1600,11.51,yes
2026-10-10T02:50:21.185896Z,0.1600,2.00,yes
2026-10-10T02:50:21.185896Z,0.1500,4.00,yes
2026-10-10T02:50:21.185896Z,0.1500,12.00,yes
2026-10-10T02:50:21.220807Z,0.1500,5.90,yes
2026-10-10T02:50:21.226031Z,0.1600,4.49,yes
2026-10-10T02:50:21.226031Z,0.1600,9.50,yes
2026-10-10T02:50:21.226031Z,0.1500,4.10,yes
2026-10-10T02:50:21.226031Z,0.1600,39.74,yes
2026-10-10T02:50:21.61738Z,0.1700,13.00,yes
2026-10-10T02:50:21.61738Z,0.1700,15.00,yes
2026-10-10T02:50:21.61738Z,0.1700,25.82,yes
2026-10-10T02:50:21.61738Z,0.1700,13.00,yes
2026-10-10T02:50:21.61738Z,0.1500,31.52,yes
2026-10-10T02:50:21.61738Z,0.1500,2.00,yes
2026-10-10T02:50:21.61738Z,0.1600,11.50,yes
2026-10-10T02:50:22.018559Z,0.1600,15.67,yes
2026-10-10T02:50:22.018559Z,0.1600,1.00,yes
2026-10-10T02:50:22.018559Z,0.1600,12.00,yes
2026-10-10T02:50:22.301211Z,0.1600,5.66,yes
2026-10-10T02:50:22.421341Z,0.1600,11.73,yes
2026-10-10T02:50:22.525518Z,0.1600,28.67,yes
2026-10-10T02:50:22.744687Z,0.1500,149.21,no
2026-10-10T02:50:22.752689Z,0.1600,0.16,yes
2026-10-10T02:50:22.752689Z,0.1600,148.17,yes
2026-10-10T02:50:22.752689Z,0.1600,30.00,yes
2026-10-10T02:50:22.752689Z,0.1600,100.00,yes
2026-10-10T02:50:22.752689Z,0.1600,12.00,yes
2026-10-10T02:50:22.86097Z,0.1500,72.50,no
2026-10-10T02:50:23.009904Z,0.1600,52.93,yes
2026-10-10T02:50:23.162299Z,0.1600,100.00,yes
2026-10-10T02:50:23.162299Z,0.1600,3.07,yes
2026-10-10T02:50:23.162299Z,0.1600,14.98,yes
2026-10-10T02:50:23.335663Z,0.1600,11.80,yes
2026-10-10T02:50:23.471155Z,0.1500,78.29,no
2026-10-10T02:50:23.471155Z,0.1400,39.14,no
2026-10-10T02:50:23.477496Z,0.1600,5.90,yes
2026-10-10T02:50:23.526763Z,0.1500,59.02,yes
2026-10-10T02:50:23.55075Z,0.1500,23.61,yes
2026-10-10T02:50:23.62792Z,0.1300,2543.70,no
2026-10-10T02:50:23.62792Z,0.1400,77.00,no
2026-10-10T02:50:23.62792Z,0.1400,12.00,no
2026-10-10T02:50:23.744279Z,0.1500,23.14,yes
2026-10-10T02:50:23.744279Z,0.1500,6.37,yes
2026-10-10T02:50:23.747007Z,0.1500,20.68,yes
2026-10-10T02:50:23.747007Z,0.1600,8.83,yes
2026-10-10T02:50:24.0027Z,0.1400,35.25,no
2026-10-10T02:50:24.0027Z,0.1400,1.00,no
2026-10-10T02:50:24.080596Z,0.1300,362.53,no
2026-10-10T02:50:24.579931Z,0.1600,4.00,yes
2026-10-10T02:50:24.579931Z,0.1500,16.00,yes
2026-10-10T02:50:24.579931Z,0.1600,0.31,yes
2026-10-10T02:50:24.579931Z,0.1400,23.00,yes
2026-10-10T02:50:24.579931Z,0.1700,84.43,yes
2026-10-10T02:50:24.579931Z,0.1600,32.49,yes
2026-10-10T02:50:24.579931Z,0.1500,3.00,yes
2026-10-10T02:50:24.579931Z,0.1500,12.00,yes
2026-10-10T02:50:24.579931Z,0.1600,75.00,yes
2026-10-10T02:50:24.579931Z,0.1700,1.00,yes
2026-10-10T02:50:24.579931Z,0.1700,19.00,yes
2026-10-10T02:50:24.579931Z,0.1700,18.00,yes
2026-10-10T02:50:24.579931Z,0.1400,3.00,yes
2026-10-10T02:50:24.901111Z,0.1500,6.00,yes
2026-10-10T02:50:25.762025Z,0.1700,4.00,yes
2026-10-10T02:50:25.762025Z,0.1500,1.00,yes
2026-10-10T02:50:25.762025Z,0.1600,13.00,yes
2026-10-10T02:50:25.762025Z,0.1700,17.43,yes
2026-10-10T02:50:25.762025Z,0.1600,13.00,yes
2026-10-10T02:50:25.762025Z,0.1600,1.00,yes
2026-10-10T02:50:25.762025Z,0.1600,10.00,yes
2026-10-10T02:50:25.762025Z,0.1700,10.00,yes
2026-10-10T02:50:25.762025Z,0.1600,1.00,yes
2026-10-10T02:50:25.762025Z,0.1600,14.00,yes
2026-10-10T02:50:25.762025Z,0.1700,15.57,yes
2026-10-10T02:50:26.27308Z,0.1500,37.00,yes
2026-10-10T02:50:26.27308Z,0.1600,4.37,yes
2026-10-10T02:50:26.468824Z,0.1700,1.00,yes
2026-10-10T02:50:26.468824Z,0.1600,6.51,yes
2026-10-10T02:50:26.468824Z,0.1700,9.57,yes
2026-10-10T02:50:26.468824Z,0.1800,4.00,yes
2026-10-10T02:50:26.468824Z,0.1800,40.17,yes
2026-10-10T02:50:26.468824Z,0.1800,10.00,yes
2026-10-10T02:50:26.468824Z,0.1700,75.00,yes
2026-10-10T02:50:26.468824Z,0.1700,35.00,yes
2026-10-10T02:50:26.468824Z,0.1600,8.63,yes
2026-10-10T02:50:26.468824Z,0.1700,1.00,yes
2026-10-10T02:50:26.468824Z,0.1800,84.00,yes
2026-10-10T02:50:26.468824Z,0.1800,1.00,yes
2026-10-10T02:50:26.468824Z,0.1800,1.00,yes
2026-10-10T02:50:26.468824Z,0.1800,17.00,yes
2026-10-10T02:50:26.803821Z,0.1400,0.77,no
2026-10-10T02:50:26.803821Z,0.1400,1.55,no
2026-10-10T02:50:26.803821Z,0.1400,13.00,no
2026-10-10T02:50:27.0069Z,0.1600,4.00,yes
2026-10-10T02:50:27.0069Z,0.1700,38.00,yes
2026-10-10T02:50:27.0069Z,0.1600,100.00,yes
2026-10-10T02:50:27.316353Z,0.1600,13.12,yes
2026-10-10T02:50:27.316353Z,0.1500,33.00,yes
2026-10-10T02:50:27.821338Z,0.1700,30.00,yes
2026-10-10T02:50:27.821338Z,0.1700,1.00,yes
2026-10-10T02:50:27.821338Z,0.1700,6.56,yes
2026-10-10T02:50:27.821338Z,0.1500,62.00,yes
2026-10-10T02:50:27.821338Z,0.1600,1.00,yes
2026-10-10T02:50:28.870025Z,0.1500,1.18,yes
2026-10-10T02:50:29.438895Z,0.1500,28.40,yes
2026-10-10T02:50:29.928147Z,0.1700,1.00,yes
2026-10-10T02:50:29.928147Z,0.1700,22.00,yes
2026-10-10T02:50:29.928147Z,0.1700,1.00,yes
2026-10-10T02:50:29.928147Z,0.1700,25.00,yes
2026-10-10T02:50:29.928147Z,0.1600,25.00,yes
2026-10-10T02:50:29.928147Z,0.1700,67.54,yes
2026-10-10T02:50:29.928147Z,0.1600,31.00,yes
2026-10-10T02:50:29.928147Z,0.1500,92.60,yes
2026-10-10T02:50:29.928147Z,0.1500,22.00,yes
2026-10-10T02:50:29.928147Z,0.1600,5.00,yes
2026-10-10T02:50:30.165387Z,0.1400,0.93,no
2026-10-10T02:50:30.596822Z,0.1600,0.60,yes
2026-10-10T02:50:30.633796Z,0.1600,6.40,yes
2026-10-10T02:50:30.633796Z,0.1700,10.31,yes
2026-10-10T02:50:30.803931Z,0.1500,2.00,yes
2026-10-10T02:50:30.803931Z,0.1600,0.95,yes
2026-10-10T02:50:30.857271Z,0.1600,7.05,yes
2026-10-10T02:50:30.857271Z,0.1600,15.00,yes
2026-10-10T02:50:30.857271Z,0.1500,2.00,yes
2026-10-10T02:50:30.857271Z,0.1700,4.13,yes
2026-10-10T02:50:31.689979Z,0.1500,23.00,yes
2026-10-10T02:50:31.689979Z,0.1500,2.00,yes
2026-10-10T02:50:31.689979Z,0.1600,8.14,yes
2026-10-10T02:50:31.689979Z,0.1600,26.00,yes
2026-10-10T02:50:31.889354Z,0.1500,23.00,yes
2026-10-10T02:50:31.889354Z,0.1600,15.88,yes
2026-10-10T02:50:31.889354Z,0.1600,121.00,yes
2026-10-10T02:50:31.889354Z,0.1600,3.86,yes
2026-10-10T02:50:31.942427Z,0.1500,39.00,yes
2026-10-10T02:50:32.218458Z,0.1500,3.14,yes
2026-10-10T02:50:32.247754Z,0.1400,2.25,no
2026-10-10T02:50:32.247754Z,0.1400,3.48,no
2026-10-10T02:50:32.247754Z,0.1400,9.00,no
2026-10-10T02:50:32.247754Z,0.1400,0.45,no
2026-10-10T02:50:32.247754Z,0.1400,0.35,no
2026-10-10T02:50:32.247754Z,0.1400,0.07,no
2026-10-10T02:50:32.277562Z,0.1500,12.00,yes
2026-10-10T02:50:32.277562Z,0.1500,19.86,yes
2026-10-10T02:50:32.559451Z,0.1500,12.58,yes
2026-10-10T02:50:32.698272Z,0.1500,9.42,yes
2026-10-10T02:50:32.698272Z,0.1600,3.12,yes
2026-10-10T02:50:32.698272Z,0.1600,66.30,yes
2026-10-10T02:50:32.698272Z,0.1600,10.00,yes
2026-10-10T02:50:33.300713Z,0.1400,16.00,no
2026-10-10T02:50:33.300713Z,0.1400,39.00,no
2026-10-10T02:50:33.300713Z,0.1400,8.00,no
2026-10-10T02:50:33.300713Z,0.1400,9.00,no
2026-10-10T02:50:33.300713Z,0.1400,1.00,no
2026-10-10T02:50:33.300713Z,0.1400,12.00,no
2026-10-10T02:50:33.300713Z,0.1400,42.00,no
2026-10-10T02:50:33.300713Z,0.1400,1.00,no
2026-10-10T02:50:33.300713Z,0.1400,1.00,no
2026-10-10T02:50:33.300713Z,0.1400,23.47,no
2026-10-10T02:50:33.300713Z,0.1300,210.06,no
2026-10-10T02:50:33.480271Z,0.1500,44.36,yes
2026-10-10T02:50:33.480271Z,0.1500,2.00,yes
2026-10-10T02:50:33.480271Z,0.1400,14.00,yes
2026-10-10T02:50:33.488138Z,0.1500,0.31,yes
2026-10-10T02:50:33.571224Z,0.1400,6.01,yes
2026-10-10T02:50:33.628823Z,0.1400,6.99,yes
2026-10-10T02:50:33.628823Z,0.1500,47.07,yes
2026-10-10T02:50:33.653739Z,0.1500,12.00,yes
2026-10-10T02:50:33.653739Z,0.1500,24.00,yes
2026-10-10T02:50:33.653739Z,0.1400,4.00,yes
2026-10-10T02:50:33.653739Z,0.1500,2.00,yes
2026-10-10T02:50:33.653739Z,0.1500,8.26,yes
2026-10-10T02:50:34.032764Z,0.1500,63.35,yes
2026-10-10T02:50:34.032764Z,0.1500,7.00,yes
2026-10-10T02:50:34.032764Z,0.1500,2.00,yes
2026-10-10T02:50:34.032764Z,0.1400,19.00,yes
2026-10-10T02:50:34.34514Z,0.1300,86.83,no
2026-10-10T02:50:34.527597Z,0.1500,8.32,yes
2026-10-10T02:50:34.527597Z,0.1500,8.00,yes
2026-10-10T02:50:34.527597Z,0.1500,2.00,yes
2026-10-10T02:50:34.62974Z,0.1300,85.57,no
2026-10-10T02:50:35.007509Z,0.1600,14.70,yes
2026-10-10T02:50:35.007509Z,0.1500,9.68,yes
2026-10-10T02:50:35.007509Z,0.1600,5.72,yes
2026-10-10T02:50:35.05893Z,0.1500,6.29,yes
2026-10-10T02:50:35.358708Z,0.1500,24.00,yes
2026-10-10T02:50:35.358708Z,0.1500,121.00,yes
2026-10-10T02:50:35.358708Z,0.1600,40.11,yes
2026-10-10T02:50:35.370651Z,0.1500,47.81,yes
2026-10-10T02:50:36.053475Z,0.1500,3.19,yes
2026-10-10T02:50:36.053475Z,0.1500,21.00,yes
2026-10-10T02:50:36.053475Z,0.1600,65.81,yes
2026-10-10T02:50:36.198094Z,0.1400,61.37,no
2026-10-10T02:50:36.582447Z,0.1400,1.00,no
2026-10-10T02:50:36.582447Z,0.1400,51.37,no
2026-10-10T02:50:36.582447Z,0.1400,1.00,no
2026-10-10T02:50:36.582447Z,0.1400,12.00,no
2026-10-10T02:50:36.582447Z,0.1400,9.00,no
2026-10-10T02:50:36.582447Z,0.1400,15.63,no
2026-10-10T02:50:36.798302Z,0.1500,12.00,yes
2026-10-10T02:50:36.798302Z,0.1500,24.00,yes
2026-10-10T02:50:37.121861Z,0.1600,7.02,yes
2026-10-10T02:50:37.121861Z,0.1500,24.00,yes
2026-10-10T02:50:37.268211Z,0.1400,15.93,no
2026-10-10T02:50:37.325224Z,0.1500,6.29,yes
2026-10-10T02:50:37.56826Z,0.1400,71.00,no
2026-10-10T02:50:37.56826Z,0.1400,18.00,no
2026-10-10T02:50:37.56826Z,0.1400,35.70,no
2026-10-10T02:50:37.56826Z,0.1400,20.02,no
2026-10-10T02:50:38.011009Z,0.1500,6.29,yes
2026-10-10T02:50:38.306907Z,0.1500,10.62,yes
2026-10-10T02:50:38.306907Z,0.1500,33.42,yes
2026-10-10T02:50:38.704518Z,0.1500,31.46,yes
2026-10-10T02:50:38.866556Z,0.1500,62.92,yes
2026-10-10T02:50:39.076388Z,0.1400,50.00,no
2026-10-10T02:50:39.076388Z,0.1400,10.00,no
2026-10-10T02:50:39.076388Z,0.1400,12.00,no
2026-10-10T02:50:39.076388Z,0.1300,99.15,no
2026-10-10T02:50:39.265055Z,0.1400,31.46,yes
2026-10-10T02:50:39.527959Z,0.1400,62.92,yes
2026-10-10T02:50:39.658528Z,0.1500,35.00,yes
2026-10-10T02:50:39.658528Z,0.1400,43.62,yes
2026-10-10T02:50:39.658528Z,0.1400,17.52,yes
2026-10-10T02:50:39.658528Z,0.1500,29.70,yes
2026-10-10T02:50:39.661911Z,0.1500,142.00,yes
2026-10-10T02:50:39.661911Z,0.1500,15.30,yes
2026-10-10T02:50:40.879164Z,0.1400,121.00,yes
2026-10-10T02:50:40.879164Z,0.1400,1.11,yes
2026-10-10T02:50:40.879164Z,0.1400,130.00,yes
2026-10-10T02:50:40.879164Z,0.1400,82.00,yes
2026-10-10T02:50:41.005529Z,0.1400,43.92,yes
2026-10-10T02:50:42.222936Z,0.1400,59.64,yes
2026-10-10T02:50:42.230909Z,0.1400,22.44,yes
2026-10-10T02:50:42.230909Z,0.1400,40.48,yes
2026-10-10T02:50:42.350087Z,0.1400,80.52,yes
2026-10-10T02:50:42.350087Z,0.1400,50.78,yes
2026-10-10T02:50:42.565298Z,0.1400,66.22,yes
2026-10-10T02:50:43.357934Z,0.1400,8.75,yes
2026-10-10T02:50:43.41969Z,0.1400,2.76,yes
2026-10-10T02:50:44.978153Z,0.1400,106.49,yes
2026-10-10T02:50:44.978153Z,0.1400,8.29,yes
2026-10-10T02:50:45.124395Z,0.1500,445.82,yes
2026-10-10T02:50:45.124395Z,0.1400,100.00,yes
2026-10-10T02:50:45.124395Z,0.1400,96.00,yes
2026-10-10T02:50:45.371675Z,0.1600,74.27,yes
2026-10-10T02:50:45.371675Z,0.1500,2.00,yes
2026-10-10T02:50:45.371675Z,0.1500,0.42,yes
2026-10-10T02:50:45.371675Z,0.1500,43.00,yes
2026-10-10T02:50:45.371675Z,0.1600,2.00,yes
2026-10-10T02:50:45.371675Z,0.1600,8.34,yes
2026-10-10T02:50:45.371675Z,0.1600,1.00,yes
2026-10-10T02:50:45.371675Z,0.1600,1.00,yes
2026-10-10T02:50:45.371675Z,0.1500,100.00,yes
2026-10-10T02:50:45.371675Z,0.1400,20.00,yes
2026-10-10T02:50:45.371675Z,0.1500,12.00,yes
2026-10-10T02:50:45.371675Z,0.1500,39.00,yes
2026-10-10T02:50:45.371675Z,0.1500,4.00,yes
2026-10-10T02:50:46.704502Z,0.1400,72.36,no
2026-10-10T02:50:46.758409Z,0.1400,27.64,no
2026-10-10T02:50:46.758409Z,0.1400,69.49,no
2026-10-10T02:50:46.758409Z,0.1400,81.00,no
2026-10-10T02:50:47.192492Z,0.1500,24.00,yes
2026-10-10T02:50:47.334445Z,0.1500,6.29,yes
2026-10-10T02:50:47.376858Z,0.1500,26.71,yes
2026-10-10T02:50:47.376858Z,0.1500,4.25,yes
2026-10-10T02:50:47.396365Z,0.1500,25.16,yes
2026-10-10T02:50:47.467206Z,0.1500,56.63,yes
2026-10-10T02:50:47.906912Z,0.1400,59.12,no
2026-10-10T02:50:47.906912Z,0.1400,7.51,no
2026-10-10T02:50:47.906912Z,0.1400,34.00,no
2026-10-10T02:50:47.906912Z,0.1400,2.00,no
2026-10-10T02:50:47.906912Z,0.1400,12.00,no
2026-10-10T02:50:47.906912Z,0.1400,50.00,no
2026-10-10T02:50:47.906912Z,0.1400,100.00,no
2026-10-10T02:50:47.906912Z,0.1400,90.00,no
2026-10-10T02:50:47.906912Z,0.1400,77.65,no
2026-10-10T02:50:47.906912Z,0.1400,10.00,no
2026-10-10T02:50:47.906912Z,0.1400,86.00,no
2026-10-10T02:50:47.906912Z,0.1400,588.41,no
2026-10-10T02:50:47.906912Z,0.1300,177.58,no
2026-10-10T02:50:48.226432Z,0.1300,56.25,no
2026-10-10T02:50:48.367584Z,0.1300,39.24,no
2026-10-10T02:50:48.730609Z,0.1500,2.51,yes
2026-10-10T02:50:48.730609Z,0.1400,4.00,yes
2026-10-10T02:50:49.096534Z,0.1400,11.00,yes
2026-10-10T02:50:49.096534Z,0.1400,20.68,yes
2026-10-10T02:50:49.27725Z,0.1400,1.00,yes
2026-10-10T02:50:49.27725Z,0.1400,7.00,yes
2026-10-10T02:50:49.27725Z,0.1500,11.45,yes
2026-10-10T02:50:49.27725Z,0.1600,21.39,yes
2026-10-10T02:50:49.27725Z,0.1500,10.00,yes
2026-10-10T02:50:49.27725Z,0.1500,55.00,yes
2026-10-10T02:50:49.27725Z,0.1500,1.00,yes
2026-10-10T02:50:49.27725Z,0.1600,44.73,yes
2026-10-10T02:50:49.310493Z,0.1400,14.00,yes
2026-10-10T02:50:49.310493Z,0.1400,3.64,yes
2026-10-10T02:50:49.310493Z,0.1500,8.22,yes
2026-10-10T02:50:49.531965Z,0.1500,15.49,yes
2026-10-10T02:50:49.531965Z,0.1400,17.00,yes
2026-10-10T02:50:49.866687Z,0.1400,19.00,yes
2026-10-10T02:50:49.866687Z,0.1500,61.80,yes
2026-10-10T02:50:51.612734Z,0.1600,69.61,yes
2026-10-10T02:50:51.612734Z,0.1600,1.00,yes
2026-10-10T02:50:51.612734Z,0.1600,97.00,yes
2026-10-10T02:50:51.612734Z,0.1600,2.00,yes
2026-10-10T02:50:51.612734Z,0.1400,6.00,yes
2026-10-10T02:50:51.612734Z,0.1500,34.69,yes
2026-10-10T02:50:51.612734Z,0.1600,37.05,yes
2026-10-10T02:50:51.612734Z,0.1500,2.00,yes
2026-10-10T02:50:51.612734Z,0.1500,32.00,yes
2026-10-10T02:50:51.612734Z,0.1600,1.00,yes
2026-10-10T02:50:52.044883Z,0.1500,27.00,yes
2026-10-10T02:50:52.044883Z,0.1500,2.15,yes
2026-10-10T02:50:52.044883Z,0.1400,2.00,yes
2026-10-10T02:50:52.069534Z,0.1600,42.03,yes
2026-10-10T02:50:52.069534Z,0.1500,36.13,yes
2026-10-10T02:50:52.069534Z,0.1400,8.00,yes
2026-10-10T02:50:52.069534Z,0.1500,31.00,yes
2026-10-10T02:50:52.069534Z,0.1600,2.00,yes
2026-10-10T02:50:52.069534Z,0.1500,9.85,yes
2026-10-10T02:50:52.069534Z,0.1600,91.00,yes
2026-10-10T02:50:52.069534Z,0.1600,136.00,yes
2026-10-10T02:50:52.72868Z,0.1500,1.00,yes
2026-10-10T02:50:52.72868Z,0.1500,11.58,yes
2026-10-10T02:50:52.909146Z,0.1400,25.25,no
2026-10-10T02:50:52.909146Z,0.1400,11.00,no
2026-10-10T02:50:53.506699Z,0.1400,91.93,no
2026-10-10T02:50:53.506699Z,0.1400,0.10,no
2026-10-10T02:50:53.697129Z,0.1300,56.25,no
2026-10-10T02:50:54.111227Z,0.1300,23.92,no
2026-10-10T02:50:54.405866Z,0.1400,2.00,yes
2026-10-10T02:50:54.405866Z,0.1400,42.15,yes
2026-10-10T02:50:54.486284Z,0.1300,14.50,no
2026-10-10T02:50:54.834643Z,0.1300,1.67,no
2026-10-10T02:50:55.089672Z,0.0900,600.00,no
2026-10-10T02:50:55.089672Z,0.0900,10.00,no
2026-10-10T02:50:55.089672Z,0.1100,10.00,no
2026-10-10T02:50:55.089672Z,0.1000,10.00,no
2026-10-10T02:50:55.089672Z,0.1300,0.80,no
2026-10-10T02:50:55.089672Z,0.0900,221.18,no
2026-10-10T02:50:55.089672Z,0.1300,74.00,no
2026-10-10T02:50:55.089672Z,0.1100,0.10,no
2026-10-10T02:50:55.089672Z,0.1300,0.10,no
2026-10-10T02:50:55.089672Z,0.1200,0.10,no
2026-10-10T02:50:55.089672Z,0.1300,48.41,no
2026-10-10T02:50:55.089672Z,0.1300,4.00,no
2026-10-10T02:50:55.089672Z,0.1300,12.00,no
2026-10-10T02:50:55.089672Z,0.1200,33.74,no
2026-10-10T02:50:55.089672Z,0.1000,75.00,no
2026-10-10T02:50:55.089672Z,0.1200,81.00,no
2026-10-10T02:50:55.089672Z,0.1200,669.48,no
2026-10-10T02:50:55.089672Z,0.1300,10.00,no
2026-10-10T02:50:55.089672Z,0.1200,10.00,no
2026-10-10T02:50:55.089672Z,0.1300,323.07,no
2026-10-10T02:50:55.605233Z,0.1200,97.00,yes
2026-10-10T02:50:55.605233Z,0.1200,0.01,yes
2026-10-10T02:50:55.605233Z,0.1200,78.00,yes
2026-10-10T02:50:55.605233Z,0.1200,113.00,yes
2026-10-10T02:50:55.605233Z,0.1200,0.80,yes
2026-10-10T02:50:55.605233Z,0.1200,28.07,yes
2026-10-10T02:50:55.605233Z,0.1200,50.00,yes
2026-10-10T02:50:55.605233Z,0.1200,57.00,yes
2026-10-10T02:50:55.610606Z,0.1300,31.00,yes
2026-10-10T02:50:55.610606Z,0.1300,72.18,yes
2026-10-10T02:50:55.610606Z,0.1200,123.93,yes
2026-10-10T02:50:55.610606Z,0.1300,113.93,yes
2026-10-10T02:50:55.610606Z,0.1300,18.00,yes
2026-10-10T02:50:55.691722Z,0.1200,29.51,yes
2026-10-10T02:50:56.142917Z,0.1100,0.20,no
2026-10-10T02:50:56.142917Z,0.1100,1.00,no
2026-10-10T02:50:56.142917Z,0.1100,36.30,no
2026-10-10T02:50:56.176915Z,0.1200,1.96,yes
2026-10-10T02:50:56.724628Z,0.1100,1.51,yes
2026-10-10T02:50:57.313105Z,0.1100,0.20,yes
2026-10-10T02:50:57.313105Z,0.1100,58.12,yes
2026-10-10T02:50:57.313105Z,0.1100,1.49,yes
2026-10-10T02:50:57.435221Z,0.1000,5.87,no
2026-10-10T02:50:57.490084Z,0.1100,7.87,yes
2026-10-10T02:50:57.646361Z,0.1100,128.36,yes
2026-10-10T02:50:58.695345Z,0.1100,85.57,yes
2026-10-10T02:50:58.991061Z,0.1100,8.55,yes
2026-10-10T02:50:59.012623Z,0.1100,1.00,yes
2026-10-10T02:50:59.012623Z,0.1100,197.60,yes
2026-10-10T02:50:59.012623Z,0.1100,65.00,yes
2026-10-10T02:50:59.122865Z,0.1200,1.00,yes
2026-10-10T02:50:59.570187Z,0.1300,4.67,yes
2026-10-10T02:50:59.570187Z,0.1300,26.00,yes
2026-10-10T02:50:59.570187Z,0.1200,0.01,yes
2026-10-10T02:50:59.570187Z,0.1200,6.00,yes
2026-10-10T02:50:59.777167Z,0.1300,7.33,yes
2026-10-10T02:50:59.777167Z,0.1200,4.00,yes
2026-10-10T02:50:59.777167Z,0.1200,0.01,yes
2026-10-10T02:50:59.777167Z,0.1300,35.00,yes
2026-10-10T02:50:59.777167Z,0.1300,1.82,yes
2026-10-10T02:50:59.777167Z,0.1400,19.21,yes
2026-10-10T02:51:00.224687Z,0.1300,0.10,yes
2026-10-10T02:51:00.224687Z,0.1300,36.00,yes
2026-10-10T02:51:00.224687Z,0.1300,1.13,yes
2026-10-10T02:51:00.224687Z,0.1300,108.00,yes
2026-10-10T02:51:00.224687Z,0.1400,29.40,yes
2026-10-10T02:51:00.643059Z,0.1300,1.59,yes
2026-10-10T02:51:00.854907Z,0.1300,9.28,yes
2026-10-10T02:51:01.121416Z,0.1200,46.91,no
2026-10-10T02:51:01.38013Z,0.1300,71.57,yes
2026-10-10T02:51:01.38013Z,0.1300,72.00,yes
2026-10-10T02:51:01.38013Z,0.1300,1.00,yes
2026-10-10T02:51:01.38013Z,0.1300,25.72,yes
2026-10-10T02:51:01.419885Z,0.1300,108.00,yes
2026-10-10T02:51:01.419885Z,0.1300,26.00,yes
2026-10-10T02:51:01.419885Z,0.1400,42.24,yes
2026-10-10T02:51:01.419885Z,0.1400,2.00,yes
2026-10-10T02:51:01.419885Z,0.1400,12.26,yes
2026-10-10T02:51:02.035304Z,0.1300,3.69,yes
2026-10-10T02:51:02.878062Z,0.1100,1.00,no
2026-10-10T02:51:02.878062Z,0.1200,12.00,no
2026-10-10T02:51:02.878062Z,0.1200,10.00,no
2026-10-10T02:51:02.878062Z,0.1100,19.60,no
2026-10-10T02:51:02.878062Z,0.1200,28.74,no
2026-10-10T02:51:03.160182Z,0.1100,39.24,no
2026-10-10T02:51:03.773643Z,0.1200,0.36,yes
2026-10-10T02:51:04.205871Z,0.1200,0.01,yes
2026-10-10T02:51:04.205871Z,0.1200,1.64,yes
2026-10-10T02:51:04.205871Z,0.1300,5.84,yes
2026-10-10T02:51:04.205871Z,0.1300,14.31,yes
2026-10-10T02:51:04.775031Z,0.1200,0.01,yes
2026-10-10T02:51:04.775031Z,0.1300,0.29,yes
2026-10-10T02:51:04.775031Z,0.1300,31.16,yes
2026-10-10T02:51:04.886141Z,0.1300,32.71,yes
2026-10-10T02:51:04.886141Z,0.1300,7.93,yes
2026-10-10T02:51:04.886141Z,0.1400,29.47,yes
2026-10-10T02:51:05.210038Z,0.1300,0.17,yes
2026-10-10T02:51:05.210038Z,0.1200,0.01,yes
2026-10-10T02:51:05.210038Z,0.1300,6.00,yes
2026-10-10T02:51:05.210038Z,0.1200,1.00,yes
2026-10-10T02:51:05.452733Z,0.1300,56.90,yes
2026-10-10T02:51:05.992021Z,0.1300,82.07,yes
2026-10-10T02:51:05.992021Z,0.1300,4.93,yes
2026-10-10T02:51:06.361777Z,0.1300,82.00,yes
2026-10-10T02:51:06.361777Z,0.1300,1.00,yes
2026-10-10T02:51:06.361777Z,0.1300,25.93,yes
2026-10-10T02:51:06.361777Z,0.1300,0.02,yes
2026-10-10T02:51:06.361777Z,0.1300,82.07,yes
2026-10-10T02:51:06.361777Z,0.1300,12.00,yes
2026-10-10T02:51:06.409522Z,0.1300,21.40,yes
2026-10-10T02:51:06.409522Z,0.1300,100.00,yes
2026-10-10T02:51:06.409522Z,0.1300,1.86,yes
2026-10-10T02:51:06.440611Z,0.1300,60.99,yes
2026-10-10T02:51:06.886362Z,0.1300,1.00,yes
2026-10-10T02:51:06.886362Z,0.1300,9.64,yes
2026-10-10T02:51:06.886362Z,0.1300,25.61,yes
2026-10-10T02:51:06.927171Z,0.1200,6.00,no
2026-10-10T02:51:06.927171Z,0.1200,10.00,no
2026-10-10T02:51:06.927171Z,0.1200,30.31,no
2026-10-10T02:51:07.577306Z,0.1300,7.25,yes
2026-10-10T02:51:07.895289Z,0.1300,1.00,yes
2026-10-10T02:51:07.895289Z,0.1300,20.40,yes
2026-10-10T02:51:07.895289Z,0.1300,65.11,yes
2026-10-10T02:51:07.895289Z,0.1300,25.61,yes
2026-10-10T02:51:07.895289Z,0.1300,60.99,yes
2026-10-10T02:51:07.895289Z,0.1300,21.40,yes
2026-10-10T02:51:08.125549Z,0.1300,13.00,yes
2026-10-10T02:51:08.298303Z,0.1300,21.46,yes
2026-10-10T02:51:08.810371Z,0.1200,2.82,no
2026-10-10T02:51:08.897711Z,0.1300,14.50,yes
2026-10-10T02:51:09.111021Z,0.1200,6.00,no
2026-10-10T02:51:09.315577Z,0.1000,7.23,no
2026-10-10T02:51:09.315577Z,0.1100,136.00,no
2026-10-10T02:51:09.315577Z,0.1200,10.00,no
2026-10-10T02:51:09.315577Z,0.1200,47.68,no
2026-10-10T02:51:09.315577Z,0.1200,3.18,no
2026-10-10T02:51:09.315577Z,0.1100,23.16,no
2026-10-10T02:51:09.627679Z,0.1200,0.01,yes
2026-10-10T02:51:09.627679Z,0.1300,5.24,yes
2026-10-10T02:51:09.627679Z,0.1200,2.00,yes
2026-10-10T02:51:11.40128Z,0.1300,1.00,yes
2026-10-10T02:51:11.40128Z,0.1200,0.01,yes
2026-10-10T02:51:11.40128Z,0.1300,31.12,yes
2026-10-10T02:51:11.40128Z,0.1200,9.00,yes
2026-10-10T02:51:11.40128Z,0.1300,6.80,yes
2026-10-10T02:51:11.40128Z,0.1300,7.70,yes
2026-10-10T02:51:12.051522Z,0.1400,30.58,yes
2026-10-10T02:51:12.051522Z,0.1300,19.00,yes
2026-10-10T02:51:12.051522Z,0.1200,3.00,yes
2026-10-10T02:51:12.051522Z,0.1200,0.01,yes
2026-10-10T02:51:12.051522Z,0.1300,17.65,yes
2026-10-10T02:51:12.240503Z,0.1200,0.01,yes
2026-10-10T02:51:12.240503Z,0.1300,21.48,yes
2026-10-10T02:51:12.530031Z,0.1400,18.81,yes
2026-10-10T02:51:12.530031Z,0.1300,1.00,yes
2026-10-10T02:51:12.530031Z,0.1200,0.01,yes
2026-10-10T02:51:12.530031Z,0.1200,1.00,yes
2026-10-10T02:51:12.530031Z,0.1300,23.52,yes
2026-10-10T02:51:12.530031Z,0.1300,5.02,yes
2026-10-10T02:51:12.675958Z,0.1000,492.77,no
2026-10-10T02:51:12.675958Z,0.1000,17.00,no
2026-10-10T02:51:12.675958Z,0.1100,19.00,no
2026-10-10T02:51:12.675958Z,0.1100,50.00,no
2026-10-10T02:51:12.675958Z,0.1000,10.05,no
2026-10-10T02:51:12.675958Z,0.1100,100.00,no
2026-10-10T02:51:12.675958Z,0.1100,136.00,no
2026-10-10T02:51:12.675958Z,0.1100,86.00,no
2026-10-10T02:51:12.675958Z,0.1100,78.00,no
2026-10-10T02:51:12.754873Z,0.1200,0.01,yes
2026-10-10T02:51:12.754873Z,0.1200,2.00,yes
2026-10-10T02:51:13.366951Z,0.1200,68.49,yes
2026-10-10T02:51:13.366951Z,0.1200,0.01,yes
2026-10-10T02:51:13.366951Z,0.1200,4.00,yes
2026-10-10T02:51:13.595571Z,0.1200,5.52,yes
2026-10-10T02:51:13.595571Z,0.1200,9.51,yes
2026-10-10T02:51:13.918664Z,0.1200,47.00,yes
2026-10-10T02:51:13.918664Z,0.1200,19.00,yes
2026-10-10T02:51:14.185189Z,0.1200,8.62,yes
2026-10-10T02:51:14.185189Z,0.1200,13.61,yes
2026-10-10T02:51:14.185189Z,0.1200,17.00,yes
2026-10-10T02:51:14.185189Z,0.1200,0.01,yes
2026-10-10T02:51:14.230214Z,0.1100,21.34,no
2026-10-10T02:51:14.230214Z,0.1100,36.55,no
2026-10-10T02:51:14.412561Z,0.1100,5.78,no
2026-10-10T02:51:15.130044Z,0.1200,0.01,yes
2026-10-10T02:51:15.130044Z,0.1200,7.36,yes
2026-10-10T02:51:17.278344Z,0.1300,33.00,yes
2026-10-10T02:51:17.278344Z,0.1300,32.05,yes
2026-10-10T02:51:17.278344Z,0.1200,7.00,yes
2026-10-10T02:51:17.278344Z,0.1200,0.01,yes
2026-10-10T02:51:17.37125Z,0.1200,17.48,yes
2026-10-10T02:51:17.478734Z,0.1100,10.26,no
2026-10-10T02:51:17.478734Z,0.1100,0.10,no
2026-10-10T02:51:17.478734Z,0.1100,12.00,no
2026-10-10T02:51:17.731712Z,0.1300,21.77,yes
2026-10-10T02:51:17.731712Z,0.1200,0.01,yes
2026-10-10T02:51:17.903489Z,0.1200,0.01,yes
2026-10-10T02:51:17.903489Z,0.1200,14.97,yes
2026-10-10T02:51:18.562519Z,0.1300,12.00,yes
2026-10-10T02:51:18.562519Z,0.1200,29.00,yes
2026-10-10T02:51:18.562519Z,0.1300,40.00,yes
2026-10-10T02:51:18.562519Z,0.1200,0.01,yes
2026-10-10T02:51:18.562519Z,0.1200,1.00,yes
2026-10-10T02:51:18.562519Z,0.1300,8.23,yes
2026-10-10T02:51:18.562519Z,0.1400,48.88,yes
2026-10-10T02:51:19.202982Z,0.1200,0.01,yes
2026-10-10T02:51:19.202982Z,0.1300,0.86,yes
2026-10-10T02:51:19.202982Z,0.1200,10.00,yes
2026-10-10T02:51:19.272392Z,0.1200,27.00,yes
2026-10-10T02:51:19.272392Z,0.1300,4.71,yes
2026-10-10T02:51:19.373502Z,0.1200,27.00,yes
2026-10-10T02:51:19.373502Z,0.1300,21.43,yes
2026-10-10T02:51:19.373502Z,0.1400,51.81,yes
2026-10-10T02:51:19.373502Z,0.1300,70.00,yes
2026-10-10T02:51:19.400773Z,0.1300,108.00,yes
2026-10-10T02:51:19.400773Z,0.1300,28.55,yes
2026-10-10T02:51:19.458476Z,0.1200,15.52,yes
2026-10-10T02:51:19.458476Z,0.1200,0.01,yes
2026-10-10T02:51:19.695694Z,0.1300,21.54,yes
2026-10-10T02:51:19.695694Z,0.1200,16.00,yes
2026-10-10T02:51:19.87244Z,0.1100,100.00,no
2026-10-10T02:51:19.87244Z,0.1100,44.72,no
2026-10-10T02:51:20.056238Z,0.1200,16.00,yes
2026-10-10T02:51:20.056238Z,0.1200,17.02,yes
2026-10-10T02:51:20.056238Z,0.1200,0.01,yes
2026-10-10T02:51:20.166804Z,0.1200,3.92,yes
2026-10-10T02:51:20.339618Z,0.1200,22.97,yes
2026-10-10T02:51:20.73252Z,0.1200,5.15,yes
2026-10-10T02:51:20.73252Z,0.1200,34.09,yes
2026-10-10T02:51:20.791101Z,0.1200,15.69,yes
2026-10-10T02:51:20.848979Z,0.1200,7.84,yes
2026-10-10T02:51:20.855262Z,0.1200,117.08,yes
2026-10-10T02:51:20.855262Z,0.1200,41.32,yes
2026-10-10T02:51:20.97193Z,0.1200,91.92,yes
2026-10-10T02:51:20.97193Z,0.1200,80.00,yes
2026-10-10T02:51:20.97193Z,0.1200,0.10,yes
2026-10-10T02:51:20.97193Z,0.1200,1.00,yes
2026-10-10T02:51:20.97193Z,0.1200,0.01,yes
2026-10-10T02:51:20.97193Z,0.1200,23.21,yes
2026-10-10T02:51:21.234935Z,0.1200,54.79,yes
2026-10-10T02:51:21.234935Z,0.1200,27.69,yes
2026-10-10T02:51:21.234935Z,0.1200,100.00,yes
2026-10-10T02:51:21.622964Z,0.1200,54.94,yes
2026-10-10T02:51:21.66276Z,0.1200,62.79,yes
2026-10-10T02:51:21.890077Z,0.1200,0.01,yes
2026-10-10T02:51:22.209591Z,0.1200,78.49,yes
2026-10-10T02:51:22.249177Z,0.1200,74.41,yes
2026-10-10T02:51:22.249177Z,0.1200,4.08,yes
2026-10-10T02:51:22.307188Z,0.1200,78.64,yes
2026-10-10T02:51:22.307188Z,0.1200,38.59,yes
2026-10-10T02:51:22.307188Z,0.1200,0.01,yes
2026-10-10T02:51:22.307188Z,0.1200,1.00,yes
2026-10-10T02:51:22.307188Z,0.1200,78.00,yes
2026-10-10T02:51:22.492281Z,0.1200,38.59,yes
2026-10-10T02:51:22.492281Z,0.1200,78.00,yes
2026-10-10T02:51:22.492281Z,0.1200,0.01,yes
2026-10-10T02:51:22.492281Z,0.1200,74.41,yes
2026-10-10T02:51:22.492281Z,0.1200,194.00,yes
2026-10-10T02:51:22.492281Z,0.1200,1.36,yes
2026-10-10T02:51:22.494684Z,0.1000,0.10,no
2026-10-10T02:51:22.494684Z,0.1000,17.00,no
2026-10-10T02:51:22.494684Z,0.0900,1.00,no
2026-10-10T02:51:22.494684Z,0.1100,24.00,no
2026-10-10T02:51:22.494684Z,0.0900,77.94,no
2026-10-10T02:51:22.494684Z,0.0900,0.10,no
2026-10-10T02:51:22.720323Z,0.1200,216.00,yes
2026-10-10T02:51:22.720323Z,0.1200,73.79,yes
2026-10-10T02:51:22.720323Z,0.1100,32.00,yes
2026-10-10T02:51:22.720323Z,0.1100,112.00,yes
2026-10-10T02:51:22.720323Z,0.1100,100.00,yes
2026-10-10T02:51:22.98519Z,0.1100,46.49,yes
2026-10-10T02:51:22.98519Z,0.1100,32.00,yes
2026-10-10T02:51:23.962803Z,0.1100,15.00,yes
2026-10-10T02:51:23.962803Z,0.1100,95.00,yes
2026-10-10T02:51:24.23333Z,0.1100,68.57,yes
2026-10-10T02:51:24.23333Z,0.1100,17.00,yes
2026-10-10T02:51:24.262158Z,0.1100,16.43,yes
2026-10-10T02:51:24.262158Z,0.1100,21.88,yes
2026-10-10T02:51:24.262158Z,0.1100,32.00,yes
2026-10-10T02:51:24.407923Z,0.1200,40.66,yes
2026-10-10T02:51:24.407923Z,0.1100,112.00,yes
2026-10-10T02:51:24.407923Z,0.1100,57.00,yes
2026-10-10T02:51:25.402053Z,0.1100,91.36,yes
2026-10-10T02:51:25.402053Z,0.1100,37.00,yes
2026-10-10T02:51:25.538831Z,0.1100,20.64,yes
2026-10-10T02:51:25.538831Z,0.1100,22.14,yes
2026-10-10T02:51:26.055781Z,0.1100,45.00,yes
2026-10-10T02:51:26.304448Z,0.1200,9.99,yes
2026-10-10T02:51:26.304448Z,0.1100,17.86,yes
2026-10-10T02:51:26.304448Z,0.1100,20.64,yes
2026-10-10T02:51:26.304448Z,0.1100,31.00,yes
2026-10-10T02:51:26.304448Z,0.1100,1.00,yes
2026-10-10T02:51:26.304448Z,0.1100,91.36,yes
2026-10-10T02:51:26.473002Z,0.1000,72.57,no
2026-10-10T02:51:26.473002Z,0.1000,1.00,no
2026-10-10T02:51:26.473002Z,0.1000,12.00,no
2026-10-10T02:51:26.483148Z,0.1100,112.00,yes
2026-10-10T02:51:26.483148Z,0.1100,63.00,yes
2026-10-10T02:51:26.483148Z,0.1200,34.66,yes
2026-10-10T02:51:26.495868Z,0.0900,17.00,no
2026-10-10T02:51:26.495868Z,0.0900,11.94,no
2026-10-10T02:51:26.531572Z,0.0900,1.00,no
2026-10-10T02:51:27.218598Z,0.1000,18.00,yes
2026-10-10T02:51:27.613867Z,0.1000,10.00,yes
2026-10-10T02:51:27.801028Z,0.1100,25.00,yes
2026-10-10T02:51:27.801028Z,0.1000,9.00,yes
2026-10-10T02:51:27.801028Z,0.1100,100.00,yes
2026-10-10T02:51:27.801028Z,0.1100,5.00,yes
2026-10-10T02:51:27.834671Z,0.1100,1.00,yes
2026-10-10T02:51:27.908Z,0.0900,83.06,no
2026-10-10T02:51:27.908Z,0.0900,107.58,no
2026-10-10T02:51:28.238431Z,0.1100,18.00,yes
2026-10-10T02:51:28.269025Z,0.1100,1.00,yes
2026-10-10T02:51:28.742204Z,0.1100,10.98,yes
2026-10-10T02:51:28.742204Z,0.1100,14.00,yes
2026-10-10T02:51:28.955862Z,0.1100,36.73,yes
2026-10-10T02:51:28.961448Z,0.1100,2.90,yes
2026-10-10T02:51:29.40433Z,0.1100,1.00,yes
2026-10-10T02:51:29.413681Z,0.1100,5.00,yes
2026-10-10T02:51:29.422447Z,0.1100,10.00,yes
2026-10-10T02:51:29.432547Z,0.1100,20.01,yes
2026-10-10T02:51:29.442327Z,0.1100,25.38,yes
2026-10-10T02:51:29.442327Z,0.1100,0.01,yes
2026-10-10T02:51:29.442327Z,0.1100,14.63,yes
2026-10-10T02:51:29.450991Z,0.1100,4.52,yes
2026-10-10T02:51:29.450991Z,0.1100,10.98,yes
2026-10-10T02:51:29.450991Z,0.1100,19.37,yes
2026-10-10T02:51:29.450991Z,0.1100,15.15,yes
2026-10-10T02:51:29.477159Z,0.1100,41.00,yes
2026-10-10T02:51:29.477159Z,0.1100,1.78,yes
2026-10-10T02:51:29.646833Z,0.1000,0.31,no
2026-10-10T02:51:29.658792Z,0.1100,40.00,yes
2026-10-10T02:51:29.658792Z,0.1100,33.54,yes
2026-10-10T02:51:29.777622Z,0.1100,3.78,yes
2026-10-10T02:51:29.777622Z,0.1100,39.00,yes
2026-10-10T02:51:29.782146Z,0.1100,1.28,yes
2026-10-10T02:51:30.705774Z,0.1100,8.55,yes
2026-10-10T02:51:30.908704Z,0.1100,8.33,yes
2026-10-10T02:51:30.908704Z,0.1100,34.45,yes
2026-10-10T02:51:31.49975Z,0.1100,8.55,yes
2026-10-10T02:51:31.572866Z,0.1100,8.55,yes
2026-10-10T02:51:32.515151Z,0.1100,25.67,yes
2026-10-10T02:51:32.824196Z,0.1000,35.77,no
2026-10-10T02:51:32.824196Z,0.1000,0.69,no
2026-10-10T02:51:33.142808Z,0.1200,24.00,yes
2026-10-10T02:51:33.142808Z,0.1200,102.90,yes
2026-10-10T02:51:33.142808Z,0.1100,1.00,yes
2026-10-10T02:51:33.142808Z,0.1100,112.00,yes
2026-10-10T02:51:33.142808Z,0.1200,0.01,yes
2026-10-10T02:51:33.142808Z,0.1200,9.69,yes
2026-10-10T02:51:33.142808Z,0.1200,4.00,yes
2026-10-10T02:51:33.142808Z,0.1200,78.00,yes
2026-10-10T02:51:33.142808Z,0.1200,50.00,yes
2026-10-10T02:51:33.142808Z,0.1200,1.00,yes
2026-10-10T02:51:33.360618Z,0.1100,34.23,yes
2026-10-10T02:51:33.477253Z,0.1100,77.77,yes
2026-10-10T02:51:33.477253Z,0.1100,34.23,yes
2026-10-10T02:51:33.477253Z,0.1100,12.96,yes
2026-10-10T02:51:33.477253Z,0.1100,85.00,yes
2026-10-10T02:51:33.730834Z,0.1200,15.47,yes
2026-10-10T02:51:33.808341Z,0.1100,25.67,yes
2026-10-10T02:51:34.620348Z,0.1200,11.06,yes
2026-10-10T02:51:35.142744Z,0.1200,0.15,yes
2026-10-10T02:51:35.528044Z,0.1200,1.00,yes
2026-10-10T02:51:35.528044Z,0.1200,170.42,yes
2026-10-10T02:51:35.528044Z,0.1200,2.00,yes
2026-10-10T02:51:35.528044Z,0.1200,86.00,yes
2026-10-10T02:51:35.528044Z,0.1200,2.00,yes
2026-10-10T02:51:35.528044Z,0.1200,2.00,yes
2026-10-10T02:51:35.528044Z,0.1200,10.00,yes
2026-10-10T02:51:35.528044Z,0.1200,0.01,yes
2026-10-10T02:51:35.528044Z,0.1200,248.00,yes
2026-10-10T02:51:35.528044Z,0.1200,1.00,yes
2026-10-10T02:51:35.528044Z,0.1200,39.94,yes
2026-10-10T02:51:35.528044Z,0.1200,113.00,yes
2026-10-10T02:51:35.528044Z,0.1300,816.69,yes
2026-10-10T02:51:35.528044Z,0.1300,1.00,yes
2026-10-10T02:51:35.808612Z,0.1100,7.25,no
2026-10-10T02:51:37.154371Z,0.1100,34.09,yes
2026-10-10T02:51:37.154371Z,0.1100,13.00,yes
2026-10-10T02:51:37.52334Z,0.1100,25.67,yes
2026-10-10T02:51:38.772072Z,0.1100,15.00,yes
2026-10-10T02:51:39.182114Z,0.1100,8.33,yes
2026-10-10T02:51:39.182114Z,0.1100,4.60,yes
2026-10-10T02:51:39.182114Z,0.1100,201.01,yes
2026-10-10T02:51:39.309206Z,0.1100,1.65,yes
2026-10-10T02:51:39.309206Z,0.1100,6.90,yes
2026-10-10T02:51:39.354218Z,0.1100,17.00,yes
2026-10-10T02:51:39.511086Z,0.1100,30.14,yes
2026-10-10T02:51:39.511086Z,0.1100,5.29,yes
2026-10-10T02:51:39.511086Z,0.1100,7.35,yes
2026-10-10T02:51:39.705009Z,0.1000,39.24,no
2026-10-10T02:51:39.779659Z,0.1100,8.55,yes
2026-10-10T02:51:40.320813Z,0.1000,92.76,no
2026-10-10T02:51:40.320813Z,0.1000,5.67,no
2026-10-10T02:51:40.320813Z,0.1000,19.00,no
2026-10-10T02:51:40.410603Z,0.1100,2.73,yes
2026-10-10T02:51:40.485156Z,0.1000,39.24,no
2026-10-10T02:51:40.485156Z,0.1000,21.36,no
2026-10-10T02:51:40.485156Z,0.1000,72.33,no
2026-10-10T02:51:40.954628Z,0.1100,95.64,yes
2026-10-10T02:51:40.954628Z,0.1100,32.72,yes
2026-10-10T02:51:41.04775Z,0.1100,8.55,yes
2026-10-10T02:51:41.149675Z,0.1100,16.81,yes
2026-10-10T02:51:41.149675Z,0.1100,0.30,yes
2026-10-10T02:51:41.323595Z,0.1100,9.67,yes
2026-10-10T02:51:42.106209Z,0.1200,1.00,yes
2026-10-10T02:51:42.106209Z,0.1100,14.03,yes
2026-10-10T02:51:42.106209Z,0.1200,0.10,yes
2026-10-10T02:51:42.106209Z,0.1100,50.00,yes
2026-10-10T02:51:42.106209Z,0.1100,33.00,yes
2026-10-10T02:51:42.106209Z,0.1200,0.01,yes
2026-10-10T02:51:42.106209Z,0.1200,95.00,yes
2026-10-10T02:51:42.106209Z,0.1200,3.00,yes
2026-10-10T02:51:42.106209Z,0.1200,2.00,yes
2026-10-10T02:51:42.106209Z,0.1200,1.00,yes
2026-10-10T02:51:42.106209Z,0.1200,75.00,yes
2026-10-10T02:51:42.106209Z,0.1200,3.00,yes
2026-10-10T02:51:42.106209Z,0.1300,112.47,yes
2026-10-10T02:51:42.514558Z,0.1200,7.84,yes
2026-10-10T02:51:42.782271Z,0.1100,15.53,no
2026-10-10T02:51:42.782271Z,0.1100,181.00,no
2026-10-10T02:51:42.782271Z,0.1000,38.34,no
2026-10-10T02:51:43.173127Z,0.1100,15.69,yes
2026-10-10T02:51:43.286991Z,0.1100,2.31,yes
2026-10-10T02:51:43.286991Z,0.1100,57.59,yes
2026-10-10T02:51:43.358513Z,0.1100,12.57,yes
2026-10-10T02:51:43.49012Z,0.1000,28.94,no
2026-10-10T02:51:44.84822Z,0.1200,4.00,yes
2026-10-10T02:51:44.84822Z,0.1200,5.16,yes
2026-10-10T02:51:44.84822Z,0.1200,0.01,yes
2026-10-10T02:51:44.84822Z,0.1200,6.52,yes
2026-10-10T02:51:45.361092Z,0.1200,39.24,yes
2026-10-10T02:51:46.648252Z,0.1200,72.87,yes
2026-10-10T02:51:46.648252Z,0.1200,0.01,yes
2026-10-10T02:51:46.718086Z,0.1300,2.00,yes
2026-10-10T02:51:46.718086Z,0.1300,3.00,yes
2026-10-10T02:51:46.718086Z,0.1400,300.00,yes
2026-10-10T02:51:46.718086Z,0.1300,300.00,yes
2026-10-10T02:51:46.718086Z,0.1400,3.00,yes
2026-10-10T02:51:46.718086Z,0.1400,3.00,yes
2026-10-10T02:51:46.718086Z,0.1400,2.00,yes
2026-10-10T02:51:46.718086Z,0.1300,1.00,yes
2026-10-10T02:51:46.718086Z,0.1300,0.10,yes
2026-10-10T02:51:46.718086Z,0.1300,1.00,yes
2026-10-10T02:51:46.718086Z,0.1400,1.00,yes
2026-10-10T02:51:46.718086Z,0.1400,1.00,yes
2026-10-10T02:51:46.718086Z,0.1300,70.84,yes
2026-10-10T02:51:46.718086Z,0.1200,5.08,yes
2026-10-10T02:51:46.718086Z,0.1400,0.39,yes
2026-10-10T02:51:46.718086Z,0.1300,1.00,yes
2026-10-10T02:51:46.718086Z,0.1300,1.00,yes
2026-10-10T02:51:46.718086Z,0.1300,1.00,yes
2026-10-10T02:51:46.718086Z,0.1300,1.00,yes
2026-10-10T02:51:47.45011Z,0.1200,0.01,yes
2026-10-10T02:51:47.45011Z,0.1200,6.21,yes
2026-10-10T02:51:47.606319Z,0.1200,7.84,yes
2026-10-10T02:51:47.857877Z,0.1100,14.05,no
2026-10-10T02:51:48.697481Z,0.1200,39.23,yes
2026-10-10T02:51:48.697481Z,0.1200,0.01,yes
2026-10-10T02:51:48.709037Z,0.1200,8.16,yes
2026-10-10T02:51:49.26881Z,0.1200,76.58,yes
2026-10-10T02:51:49.26881Z,0.1200,0.01,yes
2026-10-10T02:51:49.26881Z,0.1200,24.00,yes
2026-10-10T02:51:49.310608Z,0.1200,1.00,yes
2026-10-10T02:51:49.310608Z,0.1200,44.42,yes
2026-10-10T02:51:49.310608Z,0.1200,174.37,yes
2026-10-10T02:51:49.415821Z,0.1200,7.84,yes
2026-10-10T02:51:49.840603Z,0.1200,44.58,yes
2026-10-10T02:51:49.840603Z,0.1200,0.01,yes
2026-10-10T02:51:49.840603Z,0.1200,10.00,yes
2026-10-10T02:51:49.840603Z,0.1200,148.35,yes
2026-10-10T02:51:49.965588Z,0.1100,24.00,no
2026-10-10T02:51:49.965588Z,0.1100,50.00,no
2026-10-10T02:51:49.965588Z,0.1000,0.52,no
2026-10-10T02:51:49.965588Z,0.1000,25.48,no
2026-10-10T02:51:49.965944Z,0.1000,77.48,no
2026-10-10T02:51:49.965944Z,0.1000,22.52,no
2026-10-10T02:51:49.997681Z,0.1000,16.72,no
2026-10-10T02:51:49.997681Z,0.1000,3.28,no
2026-10-10T02:51:49.998792Z,0.1000,50.00,no
2026-10-10T02:51:50.000514Z,0.1000,13.00,no
2026-10-10T02:51:50.010959Z,0.1000,22.00,no
2026-10-10T02:51:50.013264Z,0.1000,22.00,no
2026-10-10T02:51:50.07582Z,0.1200,3.91,yes
2026-10-10T02:51:50.07582Z,0.1200,0.01,yes
2026-10-10T02:51:50.19851Z,0.1200,21.00,yes
2026-10-10T02:51:50.19851Z,0.1200,100.00,yes
2026-10-10T02:51:50.19851Z,0.1300,4.00,yes
2026-10-10T02:51:50.19851Z,0.1200,20.09,yes
2026-10-10T02:51:50.19851Z,0.1300,1.00,yes
2026-10-10T02:51:50.19851Z,0.1300,1.00,yes
2026-10-10T02:51:50.19851Z,0.1300,6.76,yes
2026-10-10T02:51:50.365443Z,0.1100,8.00,no
2026-10-10T02:51:50.569238Z,0.1100,8.00,no
2026-10-10T02:51:50.67999Z,0.1200,15.68,yes
2026-10-10T02:51:50.67999Z,0.1200,0.01,yes
2026-10-10T02:51:50.938167Z,0.1200,7.84,yes
2026-10-10T02:51:51.83093Z,0.1200,121.00,yes
2026-10-10T02:51:51.83093Z,0.1200,28.14,yes
2026-10-10T02:51:52.451923Z,0.1100,10.44,no
2026-10-10T02:51:53.61934Z,0.1200,0.01,yes
2026-10-10T02:51:53.691763Z,0.1100,7.66,no
2026-10-10T02:51:53.691763Z,0.1100,52.84,no
2026-10-10T02:51:53.691763Z,0.1100,78.00,no
2026-10-10T02:51:53.695739Z,0.1100,23.45,no
2026-10-10T02:51:53.789891Z,0.1100,39.89,no
2026-10-10T02:51:53.789891Z,0.1100,8.63,no
2026-10-10T02:51:54.1021Z,0.1100,3.00,no
2026-10-10T02:51:54.228645Z,0.1200,48.20,yes
2026-10-10T02:51:54.228645Z,0.1200,0.01,yes
2026-10-10T02:51:54.257018Z,0.1200,127.28,yes
2026-10-10T02:51:54.260562Z,0.1100,0.10,no
2026-10-10T02:51:54.260562Z,0.1100,24.00,no
2026-10-10T02:51:54.260562Z,0.1100,2.48,no
2026-10-10T02:51:54.376038Z,0.1100,98.41,no
2026-10-10T02:51:54.491982Z,0.1100,106.00,no
2026-10-10T02:51:54.873311Z,0.1200,4.86,yes
2026-10-10T02:51:55.256022Z,0.1100,42.78,no
2026-10-10T02:51:55.340716Z,0.1200,14.36,yes
2026-10-10T02:51:55.40819Z,0.1200,7.84,yes
2026-10-10T02:51:55.792679Z,0.1200,11.00,yes
2026-10-10T02:51:56.829108Z,0.1200,7.84,yes
2026-10-10T02:51:57.333239Z,0.1100,39.24,no
2026-10-10T02:51:57.499037Z,0.1200,23.54,yes
2026-10-10T02:51:58.070567Z,0.1200,23.54,yes
2026-10-10T02:51:58.347261Z,0.1200,7.84,yes
2026-10-10T02:51:58.781017Z,0.1200,33.33,yes
2026-10-10T02:51:58.988326Z,0.1200,15.93,yes
2026-10-10T02:51:59.144938Z,0.1200,368.93,yes
2026-10-10T02:51:59.221953Z,0.1200,12.23,yes
2026-10-10T02:51:59.221953Z,0.1200,105.51,yes
2026-10-10T02:51:59.352797Z,0.1000,3.38,no
2026-10-10T02:51:59.352797Z,0.1100,11.09,no
2026-10-10T02:51:59.425056Z,0.1200,10.00,yes
2026-10-10T02:51:59.425056Z,0.1200,121.00,yes
2026-10-10T02:51:59.425056Z,0.1200,12.00,yes
2026-10-10T02:51:59.425056Z,0.1200,10.00,yes
2026-10-10T02:51:59.425056Z,0.1200,9.00,yes
2026-10-10T02:51:59.425056Z,0.1200,13.00,yes
2026-10-10T02:51:59.425056Z,0.1200,121.00,yes
2026-10-10T02:51:59.425056Z,0.1200,0.01,yes
2026-10-10T02:51:59.425056Z,0.1200,204.00,yes
2026-10-10T02:51:59.425056Z,0.1200,121.00,yes
2026-10-10T02:51:59.425056Z,0.1200,1.00,yes
2026-10-10T02:51:59.425056Z,0.1100,84.00,yes
2026-10-10T02:51:59.425056Z,0.1200,26.12,yes
2026-10-10T02:51:59.425056Z,0.1100,52.84,yes
2026-10-10T02:52:00.148058Z,0.1000,93.94,no
2026-10-10T02:52:00.183917Z,0.1100,42.78,yes
2026-10-10T02:52:00.463637Z,0.1100,42.78,yes
2026-10-10T02:52:00.698176Z,0.1000,213.94,no
2026-10-10T02:52:01.090431Z,0.1100,42.78,yes
2026-10-10T02:52:01.297391Z,0.1000,31.15,no
2026-10-10T02:52:01.311805Z,0.1100,42.78,yes
2026-10-10T02:52:01.707905Z,0.1000,20.00,no
2026-10-10T02:52:01.716284Z,0.1000,22.00,no
2026-10-10T02:52:01.732019Z,0.1000,17.00,no
2026-10-10T02:52:01.732019Z,0.1000,5.31,no
2026-10-10T02:52:01.732019Z,0.1000,0.10,no
2026-10-10T02:52:01.732019Z,0.1000,213.59,no
2026-10-10T02:52:01.737288Z,0.1000,60.00,no
2026-10-10T02:52:01.75737Z,0.1100,61.44,yes
2026-10-10T02:52:01.780461Z,0.1100,42.78,yes
2026-10-10T02:52:01.979098Z,0.1000,8.21,no
2026-10-10T02:52:02.006414Z,0.1000,67.22,no
2026-10-10T02:52:02.006414Z,0.1000,18.20,no
2026-10-10T02:52:02.272145Z,0.1000,173.67,no
2026-10-10T02:52:02.464992Z,0.1100,85.57,yes
2026-10-10T02:52:02.625064Z,0.1100,78.49,yes
2026-10-10T02:52:03.577749Z,0.1100,102.69,yes
2026-10-10T02:52:04.011434Z,0.1000,21.00,no
2026-10-10T02:52:04.166927Z,0.1000,38.11,no
2026-10-10T02:52:04.166927Z,0.0900,0.10,no
2026-10-10T02:52:04.183076Z,0.0900,2.00,no
2026-10-10T02:52:04.496699Z,0.1000,32.51,yes
2026-10-10T02:52:04.706121Z,0.0800,36.25,no
2026-10-10T02:52:04.844012Z,0.0900,25.67,yes
2026-10-10T02:52:05.453069Z,0.0900,19.84,yes
2026-10-10T02:52:05.457757Z,0.0900,42.78,yes
2026-10-10T02:52:05.738903Z,0.0900,73.12,yes
2026-10-10T02:52:05.926245Z,0.0900,522.28,yes
2026-10-10T02:52:06.065958Z,0.0900,52.22,yes
2026-10-10T02:52:06.247312Z,0.0900,15.69,yes
2026-10-10T02:52:06.45792Z,0.0900,48.40,yes
2026-10-10T02:52:06.45792Z,0.0900,2.78,yes
2026-10-10T02:52:06.86Z,0.0900,2.00,yes
2026-10-10T02:52:06.86Z,0.0900,36.25,yes
2026-10-10T02:52:06.86Z,0.0900,15.75,yes
2026-10-10T02:52:07.262236Z,0.0800,124.24,no
2026-10-10T02:52:07.533816Z,0.0900,52.22,yes
2026-10-10T02:52:07.999441Z,0.0900,104.45,yes
2026-10-10T02:52:08.003695Z,0.0800,13.66,no
2026-10-10T02:52:08.52132Z,0.0900,7.79,yes
2026-10-10T02:52:08.52132Z,0.0900,9.32,yes
2026-10-10T02:52:08.789762Z,0.0900,104.45,yes
2026-10-10T02:52:08.996128Z,0.0900,10.44,yes
2026-10-10T02:52:09.23297Z,0.0900,104.45,yes
2026-10-10T02:52:09.305166Z,0.0800,140.56,no
2026-10-10T02:52:09.379342Z,0.0900,39.24,yes
2026-10-10T02:52:09.394125Z,0.0800,42.78,no
2026-10-10T02:52:09.761062Z,0.0900,104.45,yes
2026-10-10T02:52:10.27504Z,0.0900,46.99,yes
2026-10-10T02:52:10.581999Z,0.0800,228.56,no
2026-10-10T02:52:10.95721Z,0.0900,52.22,yes
2026-10-10T02:52:11.254336Z,0.0800,27.82,no
2026-10-10T02:52:11.254336Z,0.0800,0.10,no
2026-10-10T02:52:11.254336Z,0.0800,13.95,no
2026-10-10T02:52:11.755361Z,0.0800,104.45,yes
2026-10-10T02:52:11.975264Z,0.0700,1.00,no
2026-10-10T02:52:11.975264Z,0.0700,30.00,no
2026-10-10T02:52:11.975264Z,0.0700,10.63,no
2026-10-10T02:52:11.975264Z,0.0700,1.00,no
2026-10-10T02:52:12.132005Z,0.0800,10.44,yes
2026-10-10T02:52:12.239268Z,0.0800,23.48,yes
2026-10-10T02:52:12.510925Z,0.0800,35.23,yes
2026-10-10T02:52:12.555354Z,0.0700,312.13,no
2026-10-10T02:52:12.7594Z,0.0800,60.36,yes
2026-10-10T02:52:12.946269Z,0.0800,58.71,yes
2026-10-10T02:52:13.069365Z,0.0700,28.94,no
2026-10-10T02:52:13.739874Z,0.0800,52.22,yes
2026-10-10T02:52:14.056561Z,0.0800,85.57,yes
2026-10-10T02:52:14.148826Z,0.0800,140.92,yes
2026-10-10T02:52:14.163666Z,0.0800,23.48,yes
2026-10-10T02:52:14.237573Z,0.0800,93.94,yes
2026-10-10T02:52:14.74123Z,0.0800,11.74,yes
2026-10-10T02:52:15.424731Z,0.0800,23.48,yes
2026-10-10T02:52:15.89711Z,0.0800,75.98,yes
2026-10-10T02:52:15.89711Z,0.0800,91.00,yes
2026-10-10T02:52:15.89711Z,0.0800,312.13,yes
2026-10-10T02:52:15.89711Z,0.0800,108.00,yes
2026-10-10T02:52:15.89711Z,0.0800,10.63,yes
2026-10-10T02:52:15.89711Z,0.0800,28.94,yes
2026-10-10T02:52:15.89711Z,0.0800,101.42,yes
2026-10-10T02:52:16.184589Z,0.0700,18.58,no
2026-10-10T02:52:16.184589Z,0.0700,0.80,no
2026-10-10T02:52:16.207278Z,0.0800,16.00,yes
2026-10-10T02:52:16.8492Z,0.0600,87.00,no
2026-10-10T02:52:16.8492Z,0.0700,0.20,no
2026-10-10T02:52:16.8492Z,0.0600,43.60,no
2026-10-10T02:52:16.8492Z,0.0500,0.20,no
2026-10-10T02:52:16.8492Z,0.0600,25.00,no
2026-10-10T02:52:16.8492Z,0.0600,1.00,no
2026-10-10T02:52:16.8492Z,0.0600,1.00,no
2026-10-10T02:52:16.931107Z,0.0500,0.80,no
2026-10-10T02:52:16.931107Z,0.0500,25.00,no
2026-10-10T02:52:16.931107Z,0.0500,141.20,no
2026-10-10T02:52:16.931107Z,0.0500,1.00,no
2026-10-10T02:52:17.158406Z,0.0700,35.23,yes
2026-10-10T02:52:17.188602Z,0.0600,500.00,yes
2026-10-10T02:52:17.354106Z,0.0600,6.22,yes
2026-10-10T02:52:18.075817Z,0.0500,143.00,no
2026-10-10T02:52:18.221762Z,0.0500,443.41,no
2026-10-10T02:52:18.317078Z,0.0600,15.63,yes
2026-10-10T02:52:18.631076Z,0.0600,34.60,yes
2026-10-10T02:52:18.631076Z,0.0600,278.15,yes
2026-10-10T02:52:18.633813Z,0.0500,82.20,no
2026-10-10T02:52:19.225569Z,0.0500,7.18,no
2026-10-10T02:52:19.298541Z,0.0500,150.31,no
2026-10-10T02:52:19.358512Z,0.0600,4.78,yes
2026-10-10T02:52:19.358512Z,0.0600,63.40,yes
2026-10-10T02:52:19.358512Z,0.0600,10.00,yes
2026-10-10T02:52:19.516482Z,0.0600,52.22,yes
2026-10-10T02:52:19.665508Z,0.0600,12.51,yes
2026-10-10T02:52:19.705511Z,0.0600,12.19,yes
2026-10-10T02:52:20.23016Z,0.0500,272.08,no
2026-10-10T02:52:20.416623Z,0.0600,15.63,yes
2026-10-10T02:52:20.495889Z,0.0500,40.99,no
2026-10-10T02:52:20.689372Z,0.0600,15.63,yes
2026-10-10T02:52:21.032879Z,0.0600,3.75,yes
2026-10-10T02:52:21.320204Z,0.0500,187.60,no
2026-10-10T02:52:21.687899Z,0.0500,25.86,no
2026-10-10T02:52:21.931694Z,0.0600,18.59,yes
2026-10-10T02:52:21.931694Z,0.0600,7.53,yes
2026-10-10T02:52:21.931694Z,0.0600,3.00,yes
2026-10-10T02:52:21.931694Z,0.0600,13.66,yes
2026-10-10T02:52:22.204351Z,0.0600,31.27,yes
2026-10-10T02:52:22.26069Z,0.0500,1.18,no
2026-10-10T02:52:22.669402Z,0.0500,70.46,no
2026-10-10T02:52:22.73817Z,0.0600,324.98,yes
2026-10-10T02:52:22.73817Z,0.0600,82.00,yes
2026-10-10T02:52:22.73817Z,0.0600,1.00,yes
2026-10-10T02:52:22.73817Z,0.0600,90.70,yes
2026-10-10T02:52:22.73817Z,0.0600,13.95,yes
2026-10-10T02:52:22.73817Z,0.0600,1.00,yes
2026-10-10T02:52:22.73817Z,0.0600,42.78,yes
2026-10-10T02:52:22.73817Z,0.0600,228.56,yes
2026-10-10T02:52:23.367001Z,0.0600,15.63,yes
2026-10-10T02:52:23.510597Z,0.0500,37.40,no
2026-10-10T02:52:24.472815Z,0.0600,15.63,yes
2026-10-10T02:52:24.690056Z,0.0500,293.88,no
2026-10-10T02:52:26.257893Z,0.0600,156.37,yes
2026-10-10T02:52:26.422951Z,0.0600,15.63,yes
2026-10-10T02:52:26.771597Z,0.0600,117.43,yes
2026-10-10T02:52:27.264121Z,0.0500,30.00,no
2026-10-10T02:52:27.264121Z,0.0500,137.25,no
2026-10-10T02:52:27.292488Z,0.0400,19.96,no
2026-10-10T02:52:27.292733Z,0.0500,44.47,yes
2026-10-10T02:52:27.292733Z,0.0500,266.75,yes
2026-10-10T02:52:27.292733Z,0.0500,100.00,yes
2026-10-10T02:52:27.43167Z,0.0600,77.67,yes
2026-10-10T02:52:27.43167Z,0.0500,353.00,yes
2026-10-10T02:52:27.43167Z,0.0500,100.00,yes
2026-10-10T02:52:27.43167Z,0.0600,154.33,yes
2026-10-10T02:52:27.43167Z,0.0600,1.00,yes
2026-10-10T02:52:27.580581Z,0.0500,26.75,yes
2026-10-10T02:52:28.794546Z,0.0500,281.29,yes
2026-10-10T02:52:29.021892Z,0.0500,22.80,yes
2026-10-10T02:52:29.021892Z,0.0500,70.96,yes
2026-10-10T02:52:30.508226Z,0.0500,28.12,yes
2026-10-10T02:52:30.70488Z,0.0400,5.04,no
2026-10-10T02:52:30.70488Z,0.0400,2.21,no
2026-10-10T02:52:30.829257Z,0.0400,30.85,no
2026-10-10T02:52:30.959907Z,0.0500,117.43,yes
2026-10-10T02:52:32.167797Z,0.0400,0.01,no
2026-10-10T02:52:32.167797Z,0.0400,125.00,no
2026-10-10T02:52:32.167797Z,0.0400,50.00,no
2026-10-10T02:52:32.167797Z,0.0400,80.00,no
2026-10-10T02:52:32.167797Z,0.0400,566.94,no
2026-10-10T02:52:32.247129Z,0.0400,14.95,yes
2026-10-10T02:52:32.247129Z,0.0400,149.05,yes
2026-10-10T02:52:32.260837Z,0.0400,110.05,yes
2026-10-10T02:52:32.260837Z,0.0400,96.23,yes
2026-10-10T02:52:32.517014Z,0.0400,187.52,yes
2026-10-10T02:52:32.622499Z,0.0400,18.93,yes
2026-10-10T02:52:32.622499Z,0.0400,59.25,yes
2026-10-10T02:52:33.084138Z,0.0400,51.07,yes
2026-10-10T02:52:33.084138Z,0.0400,65.05,yes
2026-10-10T02:52:33.084138Z,0.0400,1.00,yes
2026-10-10T02:52:33.180673Z,0.0400,134.12,yes
2026-10-10T02:52:33.445988Z,0.0400,23.42,yes
2026-10-10T02:52:33.997972Z,0.0400,93.70,yes
2026-10-10T02:52:34.344355Z,0.0300,200.00,no
2026-10-10T02:52:34.344355Z,0.0300,170.00,no
2026-10-10T02:52:34.344355Z,0.0300,93.00,no
2026-10-10T02:52:34.344355Z,0.0300,1.00,no
2026-10-10T02:52:34.344355Z,0.0300,25.00,no
2026-10-10T02:52:34.344355Z,0.0300,1.00,no
2026-10-10T02:52:34.344355Z,0.0300,600.00,no
2026-10-10T02:52:34.535346Z,0.0300,234.25,yes
2026-10-10T02:52:34.65859Z,0.0200,25.00,no
2026-10-10T02:52:34.65859Z,0.0200,1.00,no
2026-10-10T02:52:34.65859Z,0.0200,1.00,no
2026-10-10T02:52:34.65859Z,0.0200,1.00,no
2026-10-10T02:52:34.65859Z,0.0200,1.00,no
2026-10-10T02:52:34.65859Z,0.0200,283.13,no
2026-10-10T02:52:34.718241Z,0.0400,178.94,yes
2026-10-10T02:52:34.718241Z,0.0400,230.00,yes
2026-10-10T02:52:34.718241Z,0.0400,100.00,yes
2026-10-10T02:52:34.718241Z,0.0300,70.00,yes
2026-10-10T02:52:34.718241Z,0.0300,87.00,yes
2026-10-10T02:52:34.718241Z,0.0300,100.00,yes
2026-10-10T02:52:34.718241Z,0.0300,1.00,yes
2026-10-10T02:52:34.718241Z,0.0300,392.00,yes
2026-10-10T02:52:34.718241Z,0.0300,34.75,yes
2026-10-10T02:52:34.718241Z,0.0400,22.71,yes
2026-10-10T02:52:34.718241Z,0.0400,70.00,yes
2026-10-10T02:52:34.742626Z,0.0200,37.57,no
2026-10-10T02:52:35.284474Z,0.0300,31.21,yes
2026-10-10T02:52:35.706872Z,0.0300,156.37,yes
2026-10-10T02:52:35.735358Z,0.0300,93.64,yes
2026-10-10T02:52:36.111279Z,0.0300,43.98,yes
2026-10-10T02:52:36.111279Z,0.0300,49.78,yes
2026-10-10T02:52:36.160631Z,0.0300,31.21,yes
2026-10-10T02:52:36.255919Z,0.0300,22.81,yes
2026-10-10T02:52:36.255919Z,0.0300,15.13,yes
2026-10-10T02:52:36.255919Z,0.0300,30.85,yes
2026-10-10T02:52:36.255919Z,0.0300,2.21,yes
2026-10-10T02:52:36.762945Z,0.0200,53.12,no
2026-10-10T02:52:36.799868Z,0.0300,1.00,yes
2026-10-10T02:52:36.866531Z,0.0200,17.88,no
2026-10-10T02:52:36.866531Z,0.0200,22.72,no
2026-10-10T02:52:37.364359Z,0.0300,385.60,yes
2026-10-10T02:52:37.364359Z,0.0300,550.81,yes
2026-10-10T02:52:37.41648Z,0.0300,62.42,yes
2026-10-10T02:52:37.713245Z,0.0300,31.21,yes
2026-10-10T02:52:37.978163Z,0.0200,22.67,no
2026-10-10T02:52:38.07783Z,0.0200,8.16,no
2026-10-10T02:52:38.385291Z,0.0300,37.57,yes
2026-10-10T02:52:38.385291Z,0.0300,120.77,yes
2026-10-10T02:52:38.385291Z,0.0300,153.79,yes
2026-10-10T02:52:39.176694Z,0.0200,55.96,no
2026-10-10T02:52:39.176694Z,0.0200,17.46,no
2026-10-10T02:52:39.176694Z,0.0200,43.45,no
2026-10-10T02:52:39.176694Z,0.0200,100.00,no
2026-10-10T02:52:39.176694Z,0.0200,162.00,no
2026-10-10T02:52:39.251123Z,0.0300,31.21,yes
2026-10-10T02:52:39.448616Z,0.0300,214.00,yes
2026-10-10T02:52:39.448616Z,0.0300,98.13,yes
2026-10-10T02:52:39.541582Z,0.0300,31.21,yes
2026-10-10T02:52:39.743859Z,0.0300,21.84,yes
2026-10-10T02:52:40.008358Z,0.0300,62.42,yes
2026-10-10T02:52:40.814583Z,0.0300,62.42,yes
2026-10-10T02:52:41.451921Z,0.0300,61.00,yes
2026-10-10T02:52:42.187242Z,0.0300,237.79,yes
2026-10-10T02:52:42.187242Z,0.0300,0.10,yes
2026-10-10T02:52:42.187242Z,0.0300,1.00,yes
2026-10-10T02:52:42.187242Z,0.0300,1.00,yes
2026-10-10T02:52:42.187242Z,0.0300,1.11,yes
2026-10-10T02:52:42.682327Z,0.0300,125.00,yes
2026-10-10T02:52:42.841079Z,0.0300,131.72,yes
2026-10-10T02:52:42.869428Z,0.0300,5.49,yes
2026-10-10T02:52:42.869428Z,0.0300,56.93,yes
2026-10-10T02:52:43.216538Z,0.0300,6.24,yes
2026-10-10T02:52:43.390762Z,0.0200,31.60,no
2026-10-10T02:52:43.450921Z,0.0300,63.17,yes
2026-10-10T02:52:43.450921Z,0.0300,36.83,yes
2026-10-10T02:52:44.964068Z,0.0300,62.42,yes
2026-10-10T02:52:46.087621Z,0.0300,62.42,yes
2026-10-10T02:52:46.65943Z,0.0300,31.21,yes
2026-10-10T02:52:46.757241Z,0.0300,70.78,yes
2026-10-10T02:52:46.757241Z,0.0300,85.28,yes
2026-10-10T02:52:46.985756Z,0.0300,1.87,yes
2026-10-10T02:52:47.402523Z,0.0200,18.75,no
2026-10-10T02:52:47.950419Z,0.0300,8.85,yes
2026-10-10T02:52:47.950419Z,0.0300,147.21,yes
2026-10-10T02:52:47.999567Z,0.0200,2.58,no
2026-10-10T02:52:48.600537Z,0.0300,8.42,yes
2026-10-10T02:52:49.747062Z,0.0300,34.37,yes
2026-10-10T02:52:49.747062Z,0.0300,1.00,yes
2026-10-10T02:52:49.747062Z,0.0300,120.69,yes
2026-10-10T02:52:49.866961Z,0.0300,64.31,yes
2026-10-10T02:52:49.866961Z,0.0300,29.33,yes
2026-10-10T02:52:50.228436Z,0.0200,92.00,no
2026-10-10T02:52:50.228436Z,0.0200,100.07,no
2026-10-10T02:52:50.228436Z,0.0200,391.11,no
2026-10-10T02:52:50.228436Z,0.0200,0.10,no
2026-10-10T02:52:50.228436Z,0.0200,71.00,no
2026-10-10T02:52:51.686792Z,0.0300,31.21,yes
2026-10-10T02:52:51.707798Z,0.0200,8.94,no
2026-10-10T02:52:52.255536Z,0.0300,89.46,yes
2026-10-10T02:52:52.255536Z,0.0300,1.00,yes
2026-10-10T02:52:52.255536Z,0.0300,229.00,yes
2026-10-10T02:52:52.255536Z,0.0300,93.00,yes
2026-10-10T02:52:52.255536Z,0.0300,14.32,yes
2026-10-10T02:52:52.255536Z,0.0400,148.05,yes
2026-10-10T02:52:52.577198Z,0.0200,52.22,no
2026-10-10T02:52:53.197335Z,0.0300,15.02,yes
2026-10-10T02:52:53.197335Z,0.0300,261.00,yes
2026-10-10T02:52:53.197335Z,0.0400,26.93,yes
2026-10-10T02:52:54.596852Z,0.0300,31.21,yes
2026-10-10T02:52:54.792167Z,0.0300,15.19,yes
2026-10-10T02:52:54.792167Z,0.0300,150.79,yes
2026-10-10T02:52:54.792167Z,0.0300,52.51,yes
2026-10-10T02:52:55.279724Z,0.0200,343.00,no
2026-10-10T02:52:55.279724Z,0.0200,52.22,no
2026-10-10T02:52:55.279724Z,0.0200,121.00,no
2026-10-10T02:52:55.279724Z,0.0200,100.00,no
2026-10-10T02:52:55.279724Z,0.0200,0.77,no
2026-10-10T02:52:55.279724Z,0.0200,100.00,no
2026-10-10T02:52:55.279724Z,0.0200,5.00,no
2026-10-10T02:52:55.279724Z,0.0200,84.00,no
2026-10-10T02:52:55.279724Z,0.0200,100.07,no
2026-10-10T02:52:55.279724Z,0.0200,20.84,no
2026-10-10T02:52:55.279724Z,0.0200,8.94,no
2026-10-10T02:52:55.279724Z,0.0200,71.00,no
2026-10-10T02:52:55.279724Z,0.0100,12.02,no
2026-10-10T02:52:55.32927Z,0.0300,31.21,yes
2026-10-10T02:52:55.706304Z,0.0300,1.00,yes
2026-10-10T02:52:55.706304Z,0.0300,16.28,yes
2026-10-10T02:52:55.706304Z,0.0300,140.00,yes
2026-10-10T02:52:55.706304Z,0.0300,92.00,yes
2026-10-10T02:52:55.706304Z,0.0300,62.85,yes
2026-10-10T02:52:56.211836Z,0.0300,15.60,yes
2026-10-10T02:52:56.631862Z,0.0300,31.21,yes
2026-10-10T02:52:57.274404Z,0.0300,19.87,yes
2026-10-10T02:52:57.274404Z,0.0300,11.34,yes
2026-10-10T02:52:57.689939Z,0.0300,80.13,yes
2026-10-10T02:52:57.689939Z,0.0300,88.00,yes
2026-10-10T02:52:57.689939Z,0.0300,50.36,yes
2026-10-10T02:52:58.991325Z,0.0200,6.51,no
2026-10-10T02:52:59.005143Z,0.0300,37.42,yes
2026-10-10T02:52:59.005143Z,0.0300,1.00,yes
2026-10-10T02:52:59.005143Z,0.0300,117.64,yes
2026-10-10T02:52:59.296868Z,0.0300,103.00,yes
2026-10-10T02:52:59.48876Z,0.0300,31.21,yes
2026-10-10T02:52:59.714631Z,0.0300,328.37,yes
2026-10-10T02:52:59.714631Z,0.0300,233.00,yes
2026-10-10T02:52:59.714631Z,0.0300,62.90,yes
2026-10-10T02:52:59.918015Z,0.0300,15.60,yes
2026-10-10T02:52:59.941229Z,0.0300,21.50,yes
2026-10-10T02:52:59.941229Z,0.0300,9.71,yes
2026-10-10T02:53:00.365857Z,0.0300,93.64,yes
2026-10-10T02:53:00.855002Z,0.0300,36.07,yes
2026-10-10T02:53:00.855002Z,0.0300,15.89,yes
2026-10-10T02:53:00.855002Z,0.0300,316.36,yes
2026-10-10T02:53:01.394555Z,0.0300,31.21,yes
2026-10-10T02:53:01.657824Z,0.0300,31.21,yes
2026-10-10T02:53:01.90202Z,0.0300,101.51,yes
2026-10-10T02:53:01.90202Z,0.0300,54.55,yes
2026-10-10T02:53:02.05457Z,0.0300,16.00,yes
2026-10-10T02:53:02.945511Z,0.0200,155.49,no
2026-10-10T02:53:02.945511Z,0.0200,73.51,no
2026-10-10T02:53:02.945511Z,0.0200,71.00,no
2026-10-10T02:53:03.632047Z,0.0200,10.49,no
2026-10-10T02:53:03.632047Z,0.0200,100.00,no
2026-10-10T02:53:03.632047Z,0.0200,187.65,no
2026-10-10T02:53:03.968965Z,0.0200,200.00,no
2026-10-10T02:53:03.97263Z,0.0200,112.35,no
2026-10-10T02:53:03.97263Z,0.0200,2.51,no
2026-10-10T02:53:03.97263Z,0.0200,4.00,no
2026-10-10T02:53:03.97263Z,0.0200,128.00,no
2026-10-10T02:53:03.97263Z,0.0200,20.52,no
2026-10-10T02:53:03.97263Z,0.0200,100.00,no
2026-10-10T02:53:03.97263Z,0.0200,1151.00,no
2026-10-10T02:53:03.97263Z,0.0200,95.00,no
2026-10-10T02:53:03.97263Z,0.0200,2.00,no
2026-10-10T02:53:03.97263Z,0.0200,24.79,no
2026-10-10T02:53:03.97263Z,0.0100,225.83,no
2026-10-10T02:53:03.983228Z,0.0200,86.00,no
2026-10-10T02:53:03.983228Z,0.0100,14.00,no
2026-10-10T02:53:03.989666Z,0.0100,200.00,no
2026-10-10T02:53:04.002908Z,0.0100,100.00,no
2026-10-10T02:53:04.023549Z,0.0100,100.00,no
2026-10-10T02:53:04.041366Z,0.0100,23.61,no
2026-10-10T02:53:04.042621Z,0.0100,100.00,no
2026-10-10T02:53:04.06496Z,0.0100,100.00,no
2026-10-10T02:53:04.327697Z,0.0300,156.06,yes
2026-10-10T02:53:04.4609Z,0.0300,82.39,yes
2026-10-10T02:53:04.4609Z,0.0300,73.56,yes
2026-10-10T02:53:04.4609Z,0.0300,0.01,yes
2026-10-10T02:53:04.4609Z,0.0300,0.10,yes
2026-10-10T02:53:04.958113Z,0.0300,11.44,yes
2026-10-10T02:53:04.958113Z,0.0300,19.77,yes
2026-10-10T02:53:05.320499Z,0.0200,3.00,no
2026-10-10T02:53:05.320499Z,0.0200,1.00,no
2026-10-10T02:53:05.320499Z,0.0200,28.00,no
2026-10-10T02:53:05.320499Z,0.0200,100.00,no
2026-10-10T02:53:05.329858Z,0.0200,0.01,no
2026-10-10T02:53:05.329858Z,0.0200,0.33,no
2026-10-10T02:53:05.329858Z,0.0100,0.66,no
2026-10-10T02:53:05.361794Z,0.0100,1.00,no
2026-10-10T02:53:05.361794Z,0.0100,5.10,no
2026-10-10T02:53:05.361794Z,0.0100,157.11,no
2026-10-10T02:53:05.361794Z,0.0100,2203.91,no
2026-10-10T02:53:05.361794Z,0.0100,1.00,no
2026-10-10T02:53:05.361794Z,0.0100,1.00,no
2026-10-10T02:53:05.361794Z,0.0100,2.00,no
2026-10-10T02:53:05.361794Z,0.0100,4.00,no
2026-10-10T02:53:05.361794Z,0.0100,123.88,no
2026-10-10T02:53:05.361794Z,0.0100,1.00,no
2026-10-10T02:53:05.363769Z,0.0100,52.00,no
2026-10-10T02:53:05.365375Z,0.0100,604.00,no
2026-10-10T02:53:05.376454Z,0.0200,93.64,yes
2026-10-10T02:53:05.40604Z,0.0100,101.00,no
2026-10-10T02:53:05.691068Z,0.0200,1.00,yes
2026-10-10T02:53:05.691068Z,0.0200,155.06,yes
2026-10-10T02:53:05.726712Z,0.0100,1039.09,no
2026-10-10T02:53:05.726712Z,0.0100,671.63,no
2026-10-10T02:53:05.726712Z,0.0100,0.01,no
2026-10-10T02:53:05.726712Z,0.0100,0.01,no
2026-10-10T02:53:05.726712Z,0.0100,0.01,no
2026-10-10T02:53:05.726712Z,0.0100,0.01,no
2026-10-10T02:53:05.726712Z,0.0100,0.01,no
2026-10-10T02:53:05.726712Z,0.0100,0.01,no
2026-10-10T02:53:05.726712Z,0.0100,0.01,no
2026-10-10T02:53:05.726712Z,0.0100,0.01,no
2026-10-10T02:53:05.726712Z,0.0100,0.01,no
2026-10-10T02:53:05.726712Z,0.0100,0.01,no
2026-10-10T02:53:05.726712Z,0.0100,0.01,no
2026-10-10T02:53:05.726712Z,0.0100,0.01,no
2026-10-10T02:53:05.726712Z,0.0100,0.01,no
2026-10-10T02:53:05.726712Z,0.0100,0.01,no
2026-10-10T02:53:05.726712Z,0.0100,0.01,no
2026-10-10T02:53:05.726712Z,0.0100,0.01,no
2026-10-10T02:53:05.726712Z,0.0100,0.01,no
2026-10-10T02:53:05.726712Z,0.0100,0.01,no
2026-10-10T02:53:05.726712Z,0.0100,0.10,no
2026-10-10T02:53:05.726712Z,0.0100,800.00,no
2026-10-10T02:53:05.726712Z,0.0100,100.00,no
2026-10-10T02:53:05.726712Z,0.0100,2437.60,no
2026-10-10T02:53:05.726712Z,0.0100,12.00,no
2026-10-10T02:53:05.726712Z,0.0100,500.00,no
2026-10-10T02:53:05.726712Z,0.0100,500.00,no
2026-10-10T02:53:05.777121Z,0.0100,156.00,no
2026-10-10T02:53:05.777121Z,0.0100,14.18,no
2026-10-10T02:53:07.287191Z,0.0100,187.03,yes
2026-10-10T02:53:07.445864Z,0.0100,2.79,yes
2026-10-10T02:53:07.445864Z,0.0100,1119.43,yes
2026-10-10T02:53:07.911234Z,0.0100,42.08,yes
2026-10-10T02:53:09.37279Z,0.0100,23.37,yes
2026-10-10T02:53:09.898372Z,0.0100,99.66,yes
2026-10-10T02:53:12.698294Z,0.0100,93.51,yes
2026-10-10T02:53:14.433356Z,0.0100,93.51,yes
2026-10-10T02:53:15.376801Z,0.0100,187.03,yes
2026-10-10T02:53:15.861135Z,0.0100,93.51,yes
2026-10-10T02:53:18.057757Z,0.0100,72.00,yes
2026-10-10T02:53:18.065159Z,0.0100,187.03,yes
2026-10-10T02:53:18.806883Z,0.0100,93.51,yes
2026-10-10T02:53:19.115132Z,0.0100,93.51,yes
2026-10-10T02:53:20.95154Z,0.0100,93.51,yes
2026-10-10T02:53:21.480515Z,0.0100,93.51,yes
2026-10-10T02:53:22.160662Z,0.0100,93.51,yes
2026-10-10T02:53:23.433469Z,0.0100,9.35,yes
2026-10-10T02:53:23.94465Z,0.0100,93.51,yes
2026-10-10T02:53:26.713164Z,0.0100,93.51,yes
2026-10-10T02:53:27.42619Z,0.0100,467.59,yes
2026-10-10T02:53:28.359906Z,0.0100,93.51,yes
2026-10-10T02:53:28.639707Z,0.0100,259.85,yes
2026-10-10T02:53:28.639707Z,0.0100,52.28,yes
2026-10-10T02:53:29.811387Z,0.0100,28.05,yes
2026-10-10T02:53:31.897837Z,0.0100,467.59,yes
2026-10-10T02:53:33.326983Z,0.0100,93.51,yes
2026-10-10T02:53:33.428528Z,0.0100,78.94,yes
2026-10-10T02:53:33.428528Z,0.0100,14.57,yes
2026-10-10T02:53:35.355238Z,0.0100,19.63,yes
2026-10-10T02:53:35.716371Z,0.0100,93.51,yes
2026-10-10T02:53:36.164162Z,0.0100,71.07,yes
2026-10-10T02:53:38.333041Z,0.0100,93.51,yes
2026-10-10T02:53:38.947145Z,0.0100,93.51,yes
2026-10-10T02:53:39.614887Z,0.0100,78.55,yes
2026-10-10T02:53:40.364578Z,0.0100,83.23,yes
2026-10-10T02:53:40.560379Z,0.0100,561.11,yes
2026-10-10T02:53:41.741893Z,0.0100,0.93,yes
2026-10-10T02:53:42.614396Z,0.0100,93.51,yes
2026-10-10T02:53:42.890839Z,0.0100,93.51,yes
2026-10-10T02:53:43.413157Z,0.0100,467.59,yes
2026-10-10T02:53:43.441043Z,0.0100,249.25,yes
2026-10-10T02:53:43.441043Z,0.0100,218.34,yes
2026-10-10T02:53:43.879725Z,0.0100,467.59,yes
2026-10-10T02:53:44.005341Z,0.0100,93.51,yes
2026-10-10T02:53:44.543535Z,0.0100,330.65,yes
2026-10-10T02:53:44.543535Z,0.0100,97.23,yes
2026-10-10T02:53:45.481478Z,0.0100,467.59,yes
2026-10-10T02:53:47.843534Z,0.0100,166.00,yes
2026-10-10T02:53:48.05529Z,0.0100,467.59,yes
2026-10-10T02:53:50.556907Z,0.0100,187.03,yes
2026-10-10T02:53:56.65021Z,0.0100,93.51,yes
2026-10-10T02:53:59.551231Z,0.0100,467.59,yes
2026-10-10T02:53:59.797165Z,0.0100,53.46,yes
2026-10-10T02:53:59.797165Z,0.0100,881.73,yes
2026-10-10T02:54:01.636944Z,0.0100,0.93,yes
2026-10-10T02:54:10.662219Z,0.0100,467.59,yes
2026-10-10T02:54:13.811414Z,0.0100,280.55,yes
2026-10-10T02:54:21.263101Z,0.0100,93.51,yes
2026-10-10T02:55:12.310591Z,0.0100,93.51,yes
