time,yes_price,contracts,taker
2026-10-10T19:08:52.783505Z,0.0100,3651.55,no
2026-10-10T19:08:53.051769Z,0.0100,221.98,no
2026-10-10T19:08:53.439323Z,0.0200,1122.96,yes
2026-10-10T19:08:53.637657Z,0.0200,233.95,yes
2026-10-10T19:08:53.721639Z,0.0100,30.96,no
2026-10-10T19:08:53.931141Z,0.0200,624.75,yes
2026-10-10T19:08:55.103501Z,0.0200,467.90,yes
2026-10-10T19:08:55.458788Z,0.0200,233.95,yes
2026-10-10T19:08:55.565408Z,0.0200,421.11,yes
2026-10-10T19:08:55.598914Z,0.0200,935.80,yes
2026-10-10T19:08:55.860635Z,0.0200,46.79,yes
2026-10-10T19:08:55.913658Z,0.0200,3.00,yes
2026-10-10T19:08:55.913658Z,0.0200,130.00,yes
2026-10-10T19:08:55.913658Z,0.0200,140.00,yes
2026-10-10T19:08:55.913658Z,0.0200,216.00,yes
2026-10-10T19:08:55.913658Z,0.0200,6000.00,yes
2026-10-10T19:08:55.913658Z,0.0200,7125.97,yes
2026-10-10T19:08:55.913658Z,0.0200,1003.00,yes
2026-10-10T19:08:55.913658Z,0.0200,800.00,yes
2026-10-10T19:08:55.913658Z,0.0200,400.00,yes
2026-10-10T19:08:55.913658Z,0.0200,3651.55,yes
2026-10-10T19:08:55.913658Z,0.0200,30.96,yes
2026-10-10T19:08:55.913658Z,0.0200,221.98,yes
2026-10-10T19:08:55.926658Z,0.0300,75.00,yes
2026-10-10T19:08:55.926658Z,0.0300,25.00,yes
2026-10-10T19:08:56.006905Z,0.0300,136.77,yes
2026-10-10T19:08:56.006905Z,0.0300,88.00,yes
2026-10-10T19:08:56.51233Z,0.0300,31.21,yes
2026-10-10T19:08:56.616229Z,0.0200,800.00,no
2026-10-10T19:08:56.760957Z,0.0400,1.00,yes
2026-10-10T19:08:57.41721Z,0.0400,0.74,yes
2026-10-10T19:08:57.41721Z,0.0400,3.00,yes
2026-10-10T19:08:57.41721Z,0.0500,1.00,yes
2026-10-10T19:08:57.41721Z,0.0400,202.00,yes
2026-10-10T19:08:57.41721Z,0.0500,579.08,yes
2026-10-10T19:08:57.709356Z,0.0500,17.00,no
2026-10-10T19:08:57.952292Z,0.0600,22.94,yes
2026-10-10T19:08:57.952292Z,0.0500,3.00,yes
2026-10-10T19:08:57.952292Z,0.0600,5.00,yes
2026-10-10T19:08:57.952292Z,0.0600,1.00,yes
2026-10-10T19:08:57.952292Z,0.0600,203.00,yes
2026-10-10T19:08:57.98915Z,0.0600,364.81,yes
2026-10-10T19:08:57.98915Z,0.0600,227.06,yes
2026-10-10T19:08:58.450111Z,0.0500,2.38,no
2026-10-10T19:08:58.825294Z,0.0600,109.00,yes
2026-10-10T19:08:59.033323Z,0.0600,12.32,yes
2026-10-10T19:08:59.047253Z,0.0500,5.00,no
2026-10-10T19:08:59.047253Z,0.0400,132.44,no
2026-10-10T19:08:59.047253Z,0.0500,14.62,no
2026-10-10T19:08:59.047253Z,0.0500,31.95,no
2026-10-10T19:08:59.047253Z,0.0400,17.00,no
2026-10-10T19:08:59.076846Z,0.0600,78.18,yes
2026-10-10T19:08:59.498668Z,0.0700,4.00,yes
2026-10-10T19:08:59.498668Z,0.0800,82.58,yes
2026-10-10T19:08:59.498668Z,0.0800,7.00,yes
2026-10-10T19:08:59.498668Z,0.0700,3.00,yes
2026-10-10T19:08:59.498668Z,0.0800,31.76,yes
2026-10-10T19:08:59.498668Z,0.0700,1.00,yes
2026-10-10T19:08:59.498668Z,0.0800,81.00,yes
2026-10-10T19:08:59.498668Z,0.0600,126.69,yes
2026-10-10T19:08:59.498668Z,0.0800,138.23,yes
2026-10-10T19:08:59.498668Z,0.0800,1.00,yes
2026-10-10T19:08:59.498668Z,0.0700,150.00,yes
2026-10-10T19:08:59.498668Z,0.0800,0.01,yes
2026-10-10T19:08:59.607347Z,0.0500,68.39,no
2026-10-10T19:08:59.607347Z,0.0500,31.95,no
2026-10-10T19:09:00.042131Z,0.0900,1.00,yes
2026-10-10T19:09:00.042131Z,0.0900,0.01,yes
2026-10-10T19:09:00.042131Z,0.0900,25.00,yes
2026-10-10T19:09:00.042131Z,0.0800,6.00,yes
2026-10-10T19:09:00.042131Z,0.0800,10.00,yes
2026-10-10T19:09:00.042131Z,0.0800,1.00,yes
2026-10-10T19:09:00.042131Z,0.0800,1.00,yes
2026-10-10T19:09:00.042131Z,0.0800,3.00,yes
2026-10-10T19:09:00.042131Z,0.0800,31.95,yes
2026-10-10T19:09:00.042131Z,0.0800,5.00,yes
2026-10-10T19:09:00.042131Z,0.0900,131.16,yes
2026-10-10T19:09:00.070725Z,0.0700,17.00,no
2026-10-10T19:09:00.295489Z,0.0700,1.01,no
2026-10-10T19:09:00.296506Z,0.0700,13.99,no
2026-10-10T19:09:00.349646Z,0.0800,31.95,yes
2026-10-10T19:09:00.349646Z,0.0800,1.00,yes
2026-10-10T19:09:00.349646Z,0.0900,229.03,yes
2026-10-10T19:09:00.379688Z,0.0700,17.00,no
2026-10-10T19:09:00.628999Z,0.0700,1.01,no
2026-10-10T19:09:00.633492Z,0.0700,3.99,no
2026-10-10T19:09:00.633492Z,0.0700,1.07,no
2026-10-10T19:09:00.635557Z,0.0700,12.99,no
2026-10-10T19:09:00.835841Z,0.0700,5.00,no
2026-10-10T19:09:01.126135Z,0.0900,11.82,yes
2026-10-10T19:09:01.126135Z,0.0700,5.00,yes
2026-10-10T19:09:01.126135Z,0.0700,3.00,yes
2026-10-10T19:09:01.126135Z,0.0700,1.07,yes
2026-10-10T19:09:01.133975Z,0.0600,156.00,no
2026-10-10T19:09:01.133975Z,0.0600,1.00,no
2026-10-10T19:09:01.133975Z,0.0600,100.00,no
2026-10-10T19:09:01.133975Z,0.0700,32.14,no
2026-10-10T19:09:01.133975Z,0.0600,68.17,no
2026-10-10T19:09:01.133975Z,0.0600,42.00,no
2026-10-10T19:09:01.133975Z,0.0600,3.00,no
2026-10-10T19:09:01.138126Z,0.0600,10.72,yes
2026-10-10T19:09:01.164245Z,0.0600,30.00,yes
2026-10-10T19:09:01.166216Z,0.0600,723.00,yes
2026-10-10T19:09:01.204159Z,0.0600,51.00,yes
2026-10-10T19:09:01.240305Z,0.0600,8.00,yes
2026-10-10T19:09:01.368835Z,0.0600,33.06,yes
2026-10-10T19:09:01.442502Z,0.0600,267.77,yes
2026-10-10T19:09:01.476154Z,0.0600,5.00,yes
2026-10-10T19:09:01.547998Z,0.0500,1.02,no
2026-10-10T19:09:01.547998Z,0.0500,92.00,no
2026-10-10T19:09:01.777939Z,0.0600,78.18,yes
2026-10-10T19:09:01.779207Z,0.0600,78.18,yes
2026-10-10T19:09:01.796633Z,0.0600,78.18,yes
2026-10-10T19:09:01.823034Z,0.0600,46.91,yes
2026-10-10T19:09:01.950337Z,0.0500,15.79,no
2026-10-10T19:09:02.002654Z,0.0600,15.63,yes
2026-10-10T19:09:02.003008Z,0.0600,78.18,yes
2026-10-10T19:09:02.151582Z,0.0500,89.45,no
2026-10-10T19:09:02.350549Z,0.0600,156.37,yes
2026-10-10T19:09:02.385352Z,0.0600,1.00,yes
2026-10-10T19:09:02.395238Z,0.0600,15.63,yes
2026-10-10T19:09:02.485639Z,0.0500,292.56,no
2026-10-10T19:09:02.637304Z,0.0600,0.53,yes
2026-10-10T19:09:02.637304Z,0.0600,187.40,yes
2026-10-10T19:09:02.694836Z,0.0600,2.58,no
2026-10-10T19:09:02.727202Z,0.0600,1.43,no
2026-10-10T19:09:02.773942Z,0.0600,20.16,no
2026-10-10T19:09:02.992946Z,0.0600,103.21,no
2026-10-10T19:09:03.231163Z,0.0700,670.62,yes
2026-10-10T19:09:03.283442Z,0.0700,129.38,yes
2026-10-10T19:09:03.283442Z,0.0800,1.00,yes
2026-10-10T19:09:03.283442Z,0.0800,1.05,yes
2026-10-10T19:09:03.31229Z,0.0700,3.35,yes
2026-10-10T19:09:03.454056Z,0.0500,201.18,no
2026-10-10T19:09:03.454056Z,0.0400,600.00,no
2026-10-10T19:09:03.454056Z,0.0500,1.00,no
2026-10-10T19:09:03.454056Z,0.0600,2.00,no
2026-10-10T19:09:03.454056Z,0.0600,5.00,no
2026-10-10T19:09:03.454056Z,0.0600,156.00,no
2026-10-10T19:09:03.454056Z,0.0600,684.69,no
2026-10-10T19:09:03.454056Z,0.0500,94.97,no
2026-10-10T19:09:03.454056Z,0.0500,3.00,no
2026-10-10T19:09:03.454056Z,0.0400,3041.69,no
2026-10-10T19:09:03.454056Z,0.0500,32.13,no
2026-10-10T19:09:03.454056Z,0.0500,1.00,no
2026-10-10T19:09:03.454056Z,0.0500,92.00,no
2026-10-10T19:09:03.454056Z,0.0400,106.95,no
2026-10-10T19:09:03.651978Z,0.0700,26.82,yes
2026-10-10T19:09:03.750903Z,0.0600,5.00,yes
2026-10-10T19:09:03.750903Z,0.0700,8.41,yes
2026-10-10T19:09:03.866795Z,0.0500,32.35,no
2026-10-10T19:09:03.866795Z,0.0500,173.00,no
2026-10-10T19:09:03.866795Z,0.0600,17.00,no
2026-10-10T19:09:03.866795Z,0.0500,200.00,no
2026-10-10T19:09:03.866795Z,0.0500,1.00,no
2026-10-10T19:09:03.878395Z,0.0500,134.02,yes
2026-10-10T19:09:03.879749Z,0.0500,0.67,yes
2026-10-10T19:09:03.87994Z,0.0500,133.00,yes
2026-10-10T19:09:03.882617Z,0.0500,5.35,yes
2026-10-10T19:09:03.90151Z,0.0500,14.00,yes
2026-10-10T19:09:03.908581Z,0.0500,67.06,yes
2026-10-10T19:09:03.913732Z,0.0600,95.00,yes
2026-10-10T19:09:03.913732Z,0.0500,1.05,yes
2026-10-10T19:09:03.913732Z,0.0500,1.25,yes
2026-10-10T19:09:03.935291Z,0.0500,25.00,yes
2026-10-10T19:09:03.999089Z,0.0600,32.35,yes
2026-10-10T19:09:03.999089Z,0.0700,190.40,yes
2026-10-10T19:09:03.999089Z,0.0500,1.05,yes
2026-10-10T19:09:03.999089Z,0.0500,14.59,yes
2026-10-10T19:09:04.07335Z,0.0700,5.23,yes
2026-10-10T19:09:04.104663Z,0.0700,38.74,yes
2026-10-10T19:09:04.168706Z,0.0500,60.65,no
2026-10-10T19:09:04.168706Z,0.0500,32.35,no
2026-10-10T19:09:04.226752Z,0.0700,66.41,yes
2026-10-10T19:09:04.245297Z,0.0600,4.10,no
2026-10-10T19:09:04.494982Z,0.0700,7.77,yes
2026-10-10T19:09:04.755602Z,0.0700,13.41,yes
2026-10-10T19:09:04.879265Z,0.0600,11.71,no
2026-10-10T19:09:04.888179Z,0.0700,268.25,yes
2026-10-10T19:09:05.232056Z,0.0700,17.02,yes
2026-10-10T19:09:05.232056Z,0.0700,0.01,yes
2026-10-10T19:09:05.232056Z,0.0700,9.79,yes
2026-10-10T19:09:05.256826Z,0.0600,14.05,no
2026-10-10T19:09:05.714707Z,0.0400,329.20,no
2026-10-10T19:09:05.714707Z,0.0600,5.00,no
2026-10-10T19:09:05.714707Z,0.0600,2.72,no
2026-10-10T19:09:05.714707Z,0.0500,92.00,no
2026-10-10T19:09:05.714707Z,0.0500,37.04,no
2026-10-10T19:09:05.714707Z,0.0500,1.00,no
2026-10-10T19:09:05.714707Z,0.0600,156.00,no
2026-10-10T19:09:05.714707Z,0.0400,500.00,no
2026-10-10T19:09:05.723286Z,0.0500,7.39,no
2026-10-10T19:09:05.88522Z,0.0400,14.00,no
2026-10-10T19:09:05.88522Z,0.0500,25.19,no
2026-10-10T19:09:05.88522Z,0.0500,173.00,no
2026-10-10T19:09:05.88522Z,0.0400,104.00,no
2026-10-10T19:09:05.88522Z,0.0400,1.00,no
2026-10-10T19:09:05.88522Z,0.0400,60.89,no
2026-10-10T19:09:05.88522Z,0.0400,270.80,no
2026-10-10T19:09:05.88522Z,0.0600,17.00,no
2026-10-10T19:09:05.891338Z,0.0400,641.00,yes
2026-10-10T19:09:05.891997Z,0.0400,1059.88,yes
2026-10-10T19:09:05.891997Z,0.0400,0.12,yes
2026-10-10T19:09:05.892165Z,0.0400,247.12,yes
2026-10-10T19:09:05.892165Z,0.0400,393.88,yes
2026-10-10T19:09:05.895747Z,0.0400,323.00,yes
2026-10-10T19:09:05.897285Z,0.0400,51.00,yes
2026-10-10T19:09:05.897285Z,0.0400,590.12,yes
2026-10-10T19:09:05.897315Z,0.0400,60.00,yes
2026-10-10T19:09:05.89775Z,0.0400,60.00,yes
2026-10-10T19:09:05.897867Z,0.0400,5.00,yes
2026-10-10T19:09:05.900317Z,0.0400,255.00,yes
2026-10-10T19:09:05.900317Z,0.0400,1131.00,yes
2026-10-10T19:09:05.900317Z,0.0400,1307.00,yes
2026-10-10T19:09:05.900317Z,0.0400,1307.00,yes
2026-10-10T19:09:05.902412Z,0.0400,641.00,yes
2026-10-10T19:09:05.905997Z,0.0400,10.00,yes
2026-10-10T19:09:05.907065Z,0.0400,60.00,yes
2026-10-10T19:09:05.908152Z,0.0300,70.81,no
2026-10-10T19:09:05.911021Z,0.0400,41.35,yes
2026-10-10T19:09:05.911021Z,0.0400,341.00,yes
2026-10-10T19:09:05.917579Z,0.0400,25.00,yes
2026-10-10T19:09:05.9192Z,0.0400,616.00,yes
2026-10-10T19:09:05.923001Z,0.0400,624.65,yes
2026-10-10T19:09:05.923001Z,0.0500,136.35,yes
2026-10-10T19:09:05.923658Z,0.0500,40.88,yes
2026-10-10T19:09:05.930786Z,0.0400,75.00,yes
2026-10-10T19:09:05.94693Z,0.0400,4.91,yes
2026-10-10T19:09:05.94693Z,0.0500,1109.09,yes
2026-10-10T19:09:05.950038Z,0.0500,6.14,yes
2026-10-10T19:09:05.950038Z,0.0500,20.68,yes
2026-10-10T19:09:05.959551Z,0.0400,1.00,yes
2026-10-10T19:09:06.008721Z,0.0400,1.01,yes
2026-10-10T19:09:06.008721Z,0.0400,593.33,yes
2026-10-10T19:09:06.008721Z,0.0400,1.13,yes
2026-10-10T19:09:06.061281Z,0.0400,1.18,yes
2026-10-10T19:09:06.061281Z,0.0400,1.34,yes
2026-10-10T19:09:06.061281Z,0.0600,24.03,yes
2026-10-10T19:09:06.061281Z,0.0600,32.58,yes
2026-10-10T19:09:06.061281Z,0.0400,1.25,yes
2026-10-10T19:09:06.061281Z,0.0400,2.03,yes
2026-10-10T19:09:06.172036Z,0.0600,72.06,yes
2026-10-10T19:09:06.172036Z,0.0500,25.78,yes
2026-10-10T19:09:06.172036Z,0.0500,32.58,yes
2026-10-10T19:09:06.172036Z,0.0600,300.00,yes
2026-10-10T19:09:06.172036Z,0.0600,5.00,yes
2026-10-10T19:09:06.172036Z,0.0600,106.00,yes
2026-10-10T19:09:06.172036Z,0.0700,59.29,yes
2026-10-10T19:09:06.301711Z,0.0600,26.82,yes
2026-10-10T19:09:06.768433Z,0.0500,7.39,no
2026-10-10T19:09:06.791793Z,0.0600,5.76,yes
2026-10-10T19:09:06.791793Z,0.0600,49.24,yes
2026-10-10T19:09:06.803828Z,0.0600,20.76,yes
2026-10-10T19:09:06.803828Z,0.0600,57.40,yes
2026-10-10T19:09:06.883279Z,0.0500,10.69,no
2026-10-10T19:09:07.003104Z,0.0400,5.55,no
2026-10-10T19:09:07.003104Z,0.0500,5.00,no
2026-10-10T19:09:07.003104Z,0.0400,25.00,no
2026-10-10T19:09:07.003104Z,0.0500,14.69,no
2026-10-10T19:09:07.027858Z,0.0600,2.00,yes
2026-10-10T19:09:07.027858Z,0.0600,13.63,yes
2026-10-10T19:09:07.037995Z,0.0600,5.00,yes
2026-10-10T19:09:07.047151Z,0.0600,11.37,yes
2026-10-10T19:09:07.047151Z,0.0700,168.63,yes
2026-10-10T19:09:07.067602Z,0.0600,46.91,yes
2026-10-10T19:09:07.091954Z,0.0500,32.77,no
2026-10-10T19:09:07.091954Z,0.0500,30.00,no
2026-10-10T19:09:07.091954Z,0.0400,81.00,no
2026-10-10T19:09:07.091954Z,0.0400,104.00,no
2026-10-10T19:09:07.091954Z,0.0400,193.45,no
2026-10-10T19:09:07.091954Z,0.0400,1.00,no
2026-10-10T19:09:07.091954Z,0.0400,22.12,no
2026-10-10T19:09:07.224165Z,0.0500,2.73,no
2026-10-10T19:09:07.388461Z,0.0600,135.70,yes
2026-10-10T19:09:07.563304Z,0.0500,16.37,no
2026-10-10T19:09:07.563304Z,0.0500,30.04,no
2026-10-10T19:09:07.577638Z,0.0500,20.50,no
2026-10-10T19:09:07.618592Z,0.0600,1.10,yes
2026-10-10T19:09:07.618592Z,0.0600,5.00,yes
2026-10-10T19:09:07.618592Z,0.0600,67.39,yes
2026-10-10T19:09:07.618592Z,0.0600,60.89,yes
2026-10-10T19:09:07.67124Z,0.0600,31.27,yes
2026-10-10T19:09:07.795796Z,0.0500,136.13,no
2026-10-10T19:09:07.795796Z,0.0500,16.37,no
2026-10-10T19:09:07.795796Z,0.0500,20.50,no
2026-10-10T19:09:07.795796Z,0.0400,96.00,no
2026-10-10T19:09:07.795796Z,0.0400,14.00,no
2026-10-10T19:09:07.795796Z,0.0400,32.77,no
2026-10-10T19:09:07.795796Z,0.0400,104.00,no
2026-10-10T19:09:07.795796Z,0.0500,5.00,no
2026-10-10T19:09:07.795796Z,0.0400,3.00,no
2026-10-10T19:09:07.795796Z,0.0300,668.03,no
2026-10-10T19:09:07.842063Z,0.0600,31.27,yes
2026-10-10T19:09:07.898797Z,0.0400,11.41,no
2026-10-10T19:09:07.898797Z,0.0400,32.77,no
2026-10-10T19:09:07.925262Z,0.0600,1.04,yes
2026-10-10T19:09:07.925262Z,0.0600,1.01,yes
2026-10-10T19:09:07.925262Z,0.0600,1.13,yes
2026-10-10T19:09:07.925262Z,0.0600,8.87,yes
2026-10-10T19:09:07.925262Z,0.0600,126.57,yes
2026-10-10T19:09:07.925262Z,0.0600,1.22,yes
2026-10-10T19:09:07.925262Z,0.0600,250.00,yes
2026-10-10T19:09:07.925262Z,0.0600,1.10,yes
2026-10-10T19:09:08.013316Z,0.0600,62.55,yes
2026-10-10T19:09:08.043243Z,0.0600,359.66,yes
2026-10-10T19:09:08.251404Z,0.0600,3.90,yes
2026-10-10T19:09:08.255536Z,0.0600,31.27,yes
2026-10-10T19:09:08.26265Z,0.0600,31.27,yes
2026-10-10T19:09:08.28587Z,0.0600,6.25,yes
2026-10-10T19:09:08.302539Z,0.0400,32.77,no
2026-10-10T19:09:08.302539Z,0.0400,6.63,no
2026-10-10T19:09:08.303767Z,0.0600,24.08,yes
2026-10-10T19:09:08.330901Z,0.0400,28.10,no
2026-10-10T19:09:08.332084Z,0.0600,15.63,yes
2026-10-10T19:09:08.341873Z,0.0600,15.63,yes
2026-10-10T19:09:08.410437Z,0.0600,108.89,yes
2026-10-10T19:09:08.410437Z,0.0600,47.48,yes
2026-10-10T19:09:08.455852Z,0.0600,32.77,yes
2026-10-10T19:09:08.455852Z,0.0600,1.14,yes
2026-10-10T19:09:08.455852Z,0.0600,32.01,yes
2026-10-10T19:09:08.455852Z,0.0600,6.00,yes
2026-10-10T19:09:08.574948Z,0.0600,31.27,yes
2026-10-10T19:09:08.781085Z,0.0600,76.86,yes
2026-10-10T19:09:08.781085Z,0.0600,1.32,yes
2026-10-10T19:09:08.843175Z,0.0600,100.00,yes
2026-10-10T19:09:08.843175Z,0.0600,204.60,yes
2026-10-10T19:09:08.843175Z,0.0600,22.14,yes
2026-10-10T19:09:08.843175Z,0.0600,30.00,yes
2026-10-10T19:09:08.894199Z,0.0600,28.14,yes
2026-10-10T19:09:08.955007Z,0.0600,75.37,yes
2026-10-10T19:09:08.955007Z,0.0600,767.26,yes
2026-10-10T19:09:08.955007Z,0.0600,250.00,yes
2026-10-10T19:09:08.955007Z,0.0600,28.14,yes
2026-10-10T19:09:08.955007Z,0.0600,204.60,yes
2026-10-10T19:09:08.955007Z,0.0700,53.08,yes
2026-10-10T19:09:08.961857Z,0.0500,32.59,no
2026-10-10T19:09:08.961857Z,0.0500,2.00,no
2026-10-10T19:09:08.961857Z,0.0500,30.00,no
2026-10-10T19:09:08.961857Z,0.0400,5.69,no
2026-10-10T19:09:09.03232Z,0.0600,31.27,yes
2026-10-10T19:09:09.113016Z,0.0700,48.00,yes
2026-10-10T19:09:09.113016Z,0.0700,68.74,yes
2026-10-10T19:09:09.113016Z,0.0600,250.00,yes
2026-10-10T19:09:09.113016Z,0.0600,1.32,yes
2026-10-10T19:09:09.174768Z,0.0400,61.02,no
2026-10-10T19:09:09.174768Z,0.0400,158.58,no
2026-10-10T19:09:09.174768Z,0.0500,81.00,no
2026-10-10T19:09:09.174768Z,0.0500,30.00,no
2026-10-10T19:09:09.174768Z,0.0500,32.59,no
2026-10-10T19:09:09.196805Z,0.0400,42.98,no
2026-10-10T19:09:09.196805Z,0.0300,75.00,no
2026-10-10T19:09:09.196805Z,0.0200,812.12,no
2026-10-10T19:09:09.196805Z,0.0500,32.59,no
2026-10-10T19:09:09.196805Z,0.0300,4674.00,no
2026-10-10T19:09:09.196805Z,0.0400,618.00,no
2026-10-10T19:09:09.196805Z,0.0400,99.00,no
2026-10-10T19:09:09.196805Z,0.0500,17.00,no
2026-10-10T19:09:09.196805Z,0.0400,28.10,no
2026-10-10T19:09:09.196805Z,0.0300,1764.00,no
2026-10-10T19:09:09.196805Z,0.0400,2.00,no
2026-10-10T19:09:09.196805Z,0.0400,1500.00,no
2026-10-10T19:09:09.196805Z,0.0400,14.00,no
2026-10-10T19:09:09.196805Z,0.0400,1500.00,no
2026-10-10T19:09:09.196805Z,0.0300,106.10,no
2026-10-10T19:09:09.196805Z,0.0300,166.00,no
2026-10-10T19:09:09.196805Z,0.0400,6.63,no
2026-10-10T19:09:09.196805Z,0.0300,200.00,no
2026-10-10T19:09:09.196805Z,0.0300,161.16,no
2026-10-10T19:09:09.196805Z,0.0200,900.00,no
2026-10-10T19:09:09.196805Z,0.0200,282.63,no
2026-10-10T19:09:09.355508Z,0.0600,71.19,yes
2026-10-10T19:09:09.355508Z,0.0600,32.59,yes
2026-10-10T19:09:09.355508Z,0.0600,5.68,yes
2026-10-10T19:09:09.415779Z,0.0600,22.83,yes
2026-10-10T19:09:09.415779Z,0.0600,1.05,yes
2026-10-10T19:09:09.415779Z,0.0500,30.00,yes
2026-10-10T19:09:09.415779Z,0.0600,0.01,yes
2026-10-10T19:09:09.573374Z,0.0600,66.26,yes
2026-10-10T19:09:09.573374Z,0.0600,5.36,yes
2026-10-10T19:09:09.576409Z,0.0400,38.44,no
2026-10-10T19:09:09.592643Z,0.0600,50.95,yes
2026-10-10T19:09:09.592643Z,0.0600,27.23,yes
2026-10-10T19:09:09.64613Z,0.0600,161.61,yes
2026-10-10T19:09:09.64613Z,0.0600,6.00,yes
2026-10-10T19:09:09.64613Z,0.0600,32.59,yes
2026-10-10T19:09:09.64613Z,0.0600,50.00,yes
2026-10-10T19:09:09.725077Z,0.0600,7.81,yes
2026-10-10T19:09:09.827183Z,0.0400,38.44,no
2026-10-10T19:09:09.827183Z,0.0400,5.00,no
2026-10-10T19:09:09.827183Z,0.0400,160.56,no
2026-10-10T19:09:09.849923Z,0.0400,46.52,yes
2026-10-10T19:09:09.858363Z,0.0400,13.00,yes
2026-10-10T19:09:09.85857Z,0.0400,53.00,yes
2026-10-10T19:09:09.899037Z,0.0400,375.30,yes
2026-10-10T19:09:09.9277Z,0.0400,78.18,yes
2026-10-10T19:09:09.935115Z,0.0300,7.38,no
2026-10-10T19:09:10.012893Z,0.0400,78.18,yes
2026-10-10T19:09:10.014086Z,0.0300,4.18,no
2026-10-10T19:09:10.01988Z,0.0300,1.00,no
2026-10-10T19:09:10.01988Z,0.0300,15.00,no
2026-10-10T19:09:10.01988Z,0.0300,20.55,no
2026-10-10T19:09:10.01988Z,0.0300,21.03,no
2026-10-10T19:09:10.01988Z,0.0300,87.00,no
2026-10-10T19:09:10.01988Z,0.0300,105.00,no
2026-10-10T19:09:10.099127Z,0.0300,54.45,no
2026-10-10T19:09:10.099127Z,0.0300,43.94,no
2026-10-10T19:09:10.165245Z,0.0300,156.06,no
2026-10-10T19:09:10.165245Z,0.0300,2.36,no
2026-10-10T19:09:10.252799Z,0.0400,46.91,yes
2026-10-10T19:09:10.285528Z,0.0500,10.48,yes
2026-10-10T19:09:10.285528Z,0.0400,4.91,yes
2026-10-10T19:09:10.285528Z,0.0500,0.24,yes
2026-10-10T19:09:10.390973Z,0.0500,4.00,yes
2026-10-10T19:09:10.390973Z,0.0500,135.00,yes
2026-10-10T19:09:10.390973Z,0.0500,17.37,yes
2026-10-10T19:09:10.596215Z,0.0600,22.00,yes
2026-10-10T19:09:10.691723Z,0.0300,8.74,no
2026-10-10T19:09:10.691723Z,0.0400,5.00,no
2026-10-10T19:09:10.691723Z,0.0400,199.00,no
2026-10-10T19:09:10.719936Z,0.0500,3.00,yes
2026-10-10T19:09:10.719936Z,0.0600,56.97,yes
2026-10-10T19:09:10.719936Z,0.0600,2.78,yes
2026-10-10T19:09:10.726554Z,0.0400,1.02,no
2026-10-10T19:09:10.726554Z,0.0400,12.87,no
2026-10-10T19:09:10.824344Z,0.0500,18.75,yes
2026-10-10T19:09:10.831701Z,0.0600,64.34,yes
2026-10-10T19:09:10.831701Z,0.0500,13.84,yes
2026-10-10T19:09:10.845249Z,0.0300,4.37,no
2026-10-10T19:09:10.879322Z,0.0500,21.00,yes
2026-10-10T19:09:10.977852Z,0.0500,10.96,yes
2026-10-10T19:09:10.977852Z,0.0500,11.59,yes
2026-10-10T19:09:11.003133Z,0.0500,0.14,yes
2026-10-10T19:09:11.294362Z,0.0300,98.00,no
2026-10-10T19:09:11.294362Z,0.0300,30.84,no
2026-10-10T19:09:11.294362Z,0.0300,17.12,no
2026-10-10T19:09:11.715499Z,0.0500,32.45,yes
2026-10-10T19:09:11.715499Z,0.0500,61.31,yes
2026-10-10T19:09:11.785048Z,0.0500,37.50,yes
2026-10-10T19:09:11.808204Z,0.0500,11.06,yes
2026-10-10T19:09:11.894801Z,0.0400,7.85,no
2026-10-10T19:09:11.944388Z,0.0500,5.00,yes
2026-10-10T19:09:11.944388Z,0.0500,7.24,yes
2026-10-10T19:09:11.944388Z,0.0500,250.00,yes
2026-10-10T19:09:11.944388Z,0.0500,140.13,yes
2026-10-10T19:09:11.971549Z,0.0500,3.00,yes
2026-10-10T19:09:11.971549Z,0.0500,1.00,yes
2026-10-10T19:09:11.971549Z,0.0500,14.75,yes
2026-10-10T19:09:12.039294Z,0.0300,52.34,no
2026-10-10T19:09:12.039294Z,0.0300,74.16,no
2026-10-10T19:09:12.039294Z,0.0400,30.00,no
2026-10-10T19:09:12.039294Z,0.0400,24.97,no
2026-10-10T19:09:12.039294Z,0.0400,60.00,no
2026-10-10T19:09:12.105118Z,0.0400,5.00,no
2026-10-10T19:09:12.105118Z,0.0400,29.14,no
2026-10-10T19:09:12.25454Z,0.0500,18.75,yes
2026-10-10T19:09:12.302464Z,0.0500,2.62,yes
2026-10-10T19:09:12.384988Z,0.0300,9.77,no
2026-10-10T19:09:12.384988Z,0.0400,30.00,no
2026-10-10T19:09:12.384988Z,0.0400,3.83,no
2026-10-10T19:09:12.384988Z,0.0400,17.00,no
2026-10-10T19:09:12.384988Z,0.0400,5.00,no
2026-10-10T19:09:12.443534Z,0.0500,0.18,yes
2026-10-10T19:09:12.475575Z,0.0300,250.00,no
2026-10-10T19:09:12.475575Z,0.0300,1.00,no
2026-10-10T19:09:12.475575Z,0.0300,187.89,no
2026-10-10T19:09:12.475575Z,0.0300,28.24,no
2026-10-10T19:09:12.475575Z,0.0400,32.97,no
2026-10-10T19:09:12.546039Z,0.0500,11.27,yes
2026-10-10T19:09:12.546039Z,0.0500,82.49,yes
2026-10-10T19:09:12.5503Z,0.0400,32.85,no
2026-10-10T19:09:12.550496Z,0.0300,41.52,no
2026-10-10T19:09:12.550496Z,0.0400,0.12,no
2026-10-10T19:09:12.824347Z,0.0400,3.09,no
2026-10-10T19:09:12.86789Z,0.0300,2.09,no
2026-10-10T19:09:12.86789Z,0.0300,5.24,no
2026-10-10T19:09:12.86789Z,0.0400,29.88,no
2026-10-10T19:09:12.952658Z,0.0500,113.51,yes
2026-10-10T19:09:12.952658Z,0.0500,30.00,yes
2026-10-10T19:09:12.952658Z,0.0500,6.51,yes
2026-10-10T19:09:13.015102Z,0.0500,22.76,yes
2026-10-10T19:09:13.015102Z,0.0500,3.00,yes
2026-10-10T19:09:13.015102Z,0.0500,32.97,yes
2026-10-10T19:09:13.015102Z,0.0500,1.00,yes
2026-10-10T19:09:13.015102Z,0.0500,81.00,yes
2026-10-10T19:09:13.112556Z,0.0300,23.92,no
2026-10-10T19:09:13.112556Z,0.0400,1.00,no
2026-10-10T19:09:13.112556Z,0.0400,32.97,no
2026-10-10T19:09:13.134132Z,0.0500,32.97,yes
2026-10-10T19:09:13.134132Z,0.0500,4.53,yes
2026-10-10T19:09:13.23083Z,0.0500,32.97,yes
2026-10-10T19:09:13.23083Z,0.0500,23.28,yes
2026-10-10T19:09:13.439252Z,0.0400,10.55,no
2026-10-10T19:09:13.442659Z,0.0400,20.69,no
2026-10-10T19:09:13.442659Z,0.0400,22.42,no
2026-10-10T19:09:13.442659Z,0.0400,2.00,no
2026-10-10T19:09:13.442659Z,0.0400,1.00,no
2026-10-10T19:09:13.442659Z,0.0300,19.41,no
2026-10-10T19:09:13.44916Z,0.0500,33.21,yes
2026-10-10T19:09:13.44916Z,0.0500,239.98,yes
2026-10-10T19:09:13.44916Z,0.0500,51.72,yes
2026-10-10T19:09:13.458527Z,0.0500,152.03,yes
2026-10-10T19:09:13.496414Z,0.0500,18.75,yes
2026-10-10T19:09:13.568735Z,0.0500,93.76,yes
2026-10-10T19:09:13.591111Z,0.0500,37.50,yes
2026-10-10T19:09:13.748984Z,0.0300,154.58,no
2026-10-10T19:09:13.748984Z,0.0300,50.57,no
2026-10-10T19:09:13.873825Z,0.0300,10.93,no
2026-10-10T19:09:13.89353Z,0.0500,93.76,yes
2026-10-10T19:09:13.906643Z,0.0300,2.00,no
2026-10-10T19:09:13.906643Z,0.0300,26.01,no
2026-10-10T19:09:13.906643Z,0.0300,25.55,no
2026-10-10T19:09:13.906643Z,0.0300,28.50,no
2026-10-10T19:09:13.955936Z,0.0500,37.69,yes
2026-10-10T19:09:13.990178Z,0.0500,1.87,yes
2026-10-10T19:09:14.087881Z,0.0500,37.50,yes
2026-10-10T19:09:14.165929Z,0.0300,154.58,no
2026-10-10T19:09:14.165929Z,0.0300,5.00,no
2026-10-10T19:09:14.165929Z,0.0300,72.25,no
2026-10-10T19:09:14.165929Z,0.0300,1.00,no
2026-10-10T19:09:14.165929Z,0.0300,19.41,no
2026-10-10T19:09:14.165929Z,0.0300,33.21,no
2026-10-10T19:09:14.165929Z,0.0300,49.45,no
2026-10-10T19:09:14.244501Z,0.0500,18.38,yes
2026-10-10T19:09:14.244501Z,0.0500,29.00,yes
2026-10-10T19:09:14.244501Z,0.0500,1.06,yes
2026-10-10T19:09:14.244501Z,0.0500,1.22,yes
2026-10-10T19:09:14.244501Z,0.0500,1.25,yes
2026-10-10T19:09:14.244501Z,0.0500,1.16,yes
2026-10-10T19:09:14.244501Z,0.0500,33.21,yes
2026-10-10T19:09:14.244501Z,0.0500,1.32,yes
2026-10-10T19:09:14.244501Z,0.0500,3.00,yes
2026-10-10T19:09:14.244501Z,0.0500,2.00,yes
2026-10-10T19:09:14.423186Z,0.0300,26.01,no
2026-10-10T19:09:14.423186Z,0.0400,1.00,no
2026-10-10T19:09:14.423186Z,0.0300,43.01,no
2026-10-10T19:09:14.423186Z,0.0400,33.43,no
2026-10-10T19:09:14.423186Z,0.0300,173.99,no
2026-10-10T19:09:14.488572Z,0.0400,10.93,no
2026-10-10T19:09:14.511302Z,0.0500,61.97,yes
2026-10-10T19:09:14.511302Z,0.0500,0.26,yes
2026-10-10T19:09:14.601331Z,0.0500,13.03,yes
2026-10-10T19:09:14.601331Z,0.0500,0.52,yes
2026-10-10T19:09:14.601331Z,0.0500,80.21,yes
2026-10-10T19:09:14.696021Z,0.0500,3.00,yes
2026-10-10T19:09:14.696021Z,0.0500,1.07,yes
2026-10-10T19:09:14.696021Z,0.0500,177.06,yes
2026-10-10T19:09:14.696021Z,0.0500,1.02,yes
2026-10-10T19:09:14.773483Z,0.0600,40.69,yes
2026-10-10T19:09:14.773483Z,0.0600,6.00,yes
2026-10-10T19:09:14.773483Z,0.0600,1.00,yes
2026-10-10T19:09:14.773483Z,0.0600,1.00,yes
2026-10-10T19:09:14.773483Z,0.0600,1.00,yes
2026-10-10T19:09:14.773483Z,0.0600,309.68,yes
2026-10-10T19:09:14.773483Z,0.0600,2.00,yes
2026-10-10T19:09:14.773483Z,0.0600,1.00,yes
2026-10-10T19:09:15.006025Z,0.0500,1.00,no
2026-10-10T19:09:15.006025Z,0.0500,1.00,no
2026-10-10T19:09:15.006025Z,0.0400,27.48,no
2026-10-10T19:09:15.006025Z,0.0400,22.50,no
2026-10-10T19:09:15.006025Z,0.0500,17.00,no
2026-10-10T19:09:15.094522Z,0.0600,156.37,yes
2026-10-10T19:09:15.100637Z,0.0600,78.18,yes
2026-10-10T19:09:15.188913Z,0.0500,27.22,no
2026-10-10T19:09:15.369726Z,0.0600,78.18,yes
2026-10-10T19:09:15.370384Z,0.0600,78.18,yes
2026-10-10T19:09:15.437078Z,0.0400,10.00,no
2026-10-10T19:09:15.523392Z,0.0600,99.41,yes
2026-10-10T19:09:15.523392Z,0.0600,1.00,yes
2026-10-10T19:09:15.523392Z,0.0600,1.00,yes
2026-10-10T19:09:15.523392Z,0.0600,1.00,yes
2026-10-10T19:09:15.523392Z,0.0600,288.53,yes
2026-10-10T19:09:15.596696Z,0.0600,78.18,yes
2026-10-10T19:09:15.597718Z,0.0600,78.18,yes
2026-10-10T19:09:15.680972Z,0.0400,9.74,no
2026-10-10T19:09:15.680972Z,0.0500,5.97,no
2026-10-10T19:09:15.738189Z,0.0600,31.27,yes
2026-10-10T19:09:15.810902Z,0.0500,5.30,no
2026-10-10T19:09:15.87303Z,0.0400,104.00,no
2026-10-10T19:09:15.87303Z,0.0400,151.78,no
2026-10-10T19:09:15.87303Z,0.0400,9.17,no
2026-10-10T19:09:15.87303Z,0.0400,27.48,no
2026-10-10T19:09:15.87303Z,0.0500,27.89,no
2026-10-10T19:09:15.87542Z,0.0600,0.12,yes
2026-10-10T19:09:15.896288Z,0.0600,109.46,yes
2026-10-10T19:09:15.903253Z,0.0300,11.56,no
2026-10-10T19:09:15.903253Z,0.0400,14.00,no
2026-10-10T19:09:15.903253Z,0.0400,83.66,no
2026-10-10T19:09:15.903253Z,0.0400,75.00,no
2026-10-10T19:09:15.903253Z,0.0400,33.19,no
2026-10-10T19:09:15.903253Z,0.0400,173.00,no
2026-10-10T19:09:15.903253Z,0.0400,10.00,no
2026-10-10T19:09:15.921306Z,0.0300,623.75,no
2026-10-10T19:09:15.921306Z,0.0500,92.00,no
2026-10-10T19:09:15.921306Z,0.0400,33.19,no
2026-10-10T19:09:15.951854Z,0.0600,15.63,yes
2026-10-10T19:09:15.98792Z,0.0600,83.03,yes
2026-10-10T19:09:15.988637Z,0.0600,312.75,yes
2026-10-10T19:09:16.044998Z,0.0400,7.10,no
2026-10-10T19:09:16.136269Z,0.0400,26.09,no
2026-10-10T19:09:16.136269Z,0.0400,2.02,no
2026-10-10T19:09:16.142073Z,0.0600,31.26,yes
2026-10-10T19:09:16.142073Z,0.0500,0.01,yes
2026-10-10T19:09:16.292236Z,0.0400,1.54,no
2026-10-10T19:09:16.292236Z,0.0500,33.19,no
2026-10-10T19:09:16.404412Z,0.0500,27.32,no
2026-10-10T19:09:16.516471Z,0.0600,78.18,yes
2026-10-10T19:09:16.570727Z,0.0600,31.27,yes
2026-10-10T19:09:16.609501Z,0.0500,6.31,no
2026-10-10T19:09:16.609501Z,0.0500,14.47,no
2026-10-10T19:09:16.709093Z,0.0600,44.55,yes
2026-10-10T19:09:16.709093Z,0.0500,33.63,yes
2026-10-10T19:09:16.764082Z,0.0600,15.63,yes
2026-10-10T19:09:16.801433Z,0.0400,6.44,no
2026-10-10T19:09:16.801433Z,0.0400,30.77,no
2026-10-10T19:09:16.843644Z,0.0600,78.18,yes
2026-10-10T19:09:17.243859Z,0.0400,28.76,no
2026-10-10T19:09:17.338737Z,0.0500,8.70,yes
2026-10-10T19:09:17.338737Z,0.0500,10.06,yes
2026-10-10T19:09:17.338737Z,0.0500,33.63,yes
2026-10-10T19:09:17.346164Z,0.0400,40.20,no
2026-10-10T19:09:17.421418Z,0.0500,18.75,yes
2026-10-10T19:09:17.532405Z,0.0400,173.34,no
2026-10-10T19:09:17.610966Z,0.0400,131.86,no
2026-10-10T19:09:17.739552Z,0.0500,33.37,yes
2026-10-10T19:09:17.739552Z,0.0500,4.13,yes
2026-10-10T19:09:17.764724Z,0.0500,33.37,yes
2026-10-10T19:09:17.764724Z,0.0500,5.00,yes
2026-10-10T19:09:17.764724Z,0.0500,1.08,yes
2026-10-10T19:09:17.764724Z,0.0500,75.00,yes
2026-10-10T19:09:17.764724Z,0.0500,94.87,yes
2026-10-10T19:09:17.794917Z,0.0500,5.00,no
2026-10-10T19:09:17.876439Z,0.0500,18.26,no
2026-10-10T19:09:17.930203Z,0.0500,267.77,no
2026-10-10T19:09:17.96372Z,0.0500,43.73,no
2026-10-10T19:09:18.021286Z,0.0600,107.00,yes
2026-10-10T19:09:18.028263Z,0.0600,116.78,yes
2026-10-10T19:09:18.028263Z,0.0600,183.22,yes
2026-10-10T19:09:18.029444Z,0.0600,5.00,yes
2026-10-10T19:09:18.089133Z,0.0600,88.19,yes
2026-10-10T19:09:18.183236Z,0.0500,23.42,no
2026-10-10T19:09:18.20494Z,0.0600,3.75,yes
2026-10-10T19:09:18.349488Z,0.0600,5.00,yes
2026-10-10T19:09:18.429575Z,0.0600,15.63,yes
2026-10-10T19:09:18.451458Z,0.0600,105.88,yes
2026-10-10T19:09:18.458471Z,0.0600,300.00,yes
2026-10-10T19:09:18.500551Z,0.0500,91.22,no
2026-10-10T19:09:18.543979Z,0.0500,53.58,no
2026-10-10T19:09:18.57962Z,0.0600,27.53,yes
2026-10-10T19:09:18.63632Z,0.0600,65.80,yes
2026-10-10T19:09:18.63632Z,0.0600,2.00,yes
2026-10-10T19:09:18.63632Z,0.0600,2.00,yes
2026-10-10T19:09:18.63632Z,0.0600,3.00,yes
2026-10-10T19:09:18.63632Z,0.0600,1.00,yes
2026-10-10T19:09:18.63632Z,0.0600,4.38,yes
2026-10-10T19:09:18.758664Z,0.0300,900.00,no
2026-10-10T19:09:18.758664Z,0.0300,75.00,no
2026-10-10T19:09:18.758664Z,0.0500,33.65,no
2026-10-10T19:09:18.758664Z,0.0400,104.00,no
2026-10-10T19:09:18.758664Z,0.0400,1095.07,no
2026-10-10T19:09:18.758664Z,0.0300,500.00,no
2026-10-10T19:09:18.758664Z,0.0300,500.00,no
2026-10-10T19:09:18.758664Z,0.0500,287.70,no
2026-10-10T19:09:18.758664Z,0.0500,2.00,no
2026-10-10T19:09:18.758664Z,0.0300,458.99,no
2026-10-10T19:09:18.758664Z,0.0500,89.31,no
2026-10-10T19:09:18.758664Z,0.0400,200.00,no
2026-10-10T19:09:18.758664Z,0.0500,5.00,no
2026-10-10T19:09:18.758664Z,0.0300,3.00,no
2026-10-10T19:09:18.854089Z,0.0400,17.22,no
2026-10-10T19:09:18.885012Z,0.0600,2.00,yes
2026-10-10T19:09:18.885012Z,0.0600,44.91,yes
2026-10-10T19:09:18.972781Z,0.0400,18.00,no
2026-10-10T19:09:18.972781Z,0.0400,18.10,no
2026-10-10T19:09:18.972781Z,0.0400,16.43,no
2026-10-10T19:09:19.085497Z,0.0600,186.56,yes
2026-10-10T19:09:19.085497Z,0.0600,52.09,yes
2026-10-10T19:09:19.085497Z,0.0600,33.65,yes
2026-10-10T19:09:19.098317Z,0.0600,13.41,yes
2026-10-10T19:09:19.113574Z,0.0600,153.22,yes
2026-10-10T19:09:19.136302Z,0.0600,15.63,yes
2026-10-10T19:09:19.191651Z,0.0600,78.18,yes
2026-10-10T19:09:19.33318Z,0.0500,33.65,no
2026-10-10T19:09:19.33318Z,0.0500,19.00,no
2026-10-10T19:09:19.33318Z,0.0500,0.31,no
2026-10-10T19:09:19.345246Z,0.0500,1.00,no
2026-10-10T19:09:19.345246Z,0.0500,36.51,no
2026-10-10T19:09:19.345246Z,0.0500,2.69,no
2026-10-10T19:09:19.448645Z,0.0600,312.75,yes
2026-10-10T19:09:19.495071Z,0.0600,78.18,yes
2026-10-10T19:09:19.521925Z,0.0400,71.11,no
2026-10-10T19:09:19.521925Z,0.0300,36.97,no
2026-10-10T19:09:19.521925Z,0.0400,104.00,no
2026-10-10T19:09:19.521925Z,0.0400,3.00,no
2026-10-10T19:09:19.521925Z,0.0400,33.43,no
2026-10-10T19:09:19.601473Z,0.0400,29.92,no
2026-10-10T19:09:19.691262Z,0.0400,3.51,no
2026-10-10T19:09:19.691262Z,0.0400,78.61,no
2026-10-10T19:09:19.838425Z,0.0400,18.98,no
2026-10-10T19:09:19.838425Z,0.0400,33.43,no
2026-10-10T19:09:19.838425Z,0.0400,1.00,no
2026-10-10T19:09:19.838425Z,0.0400,25.39,no
2026-10-10T19:09:19.921586Z,0.0500,5.00,yes
2026-10-10T19:09:19.921586Z,0.0500,33.43,yes
2026-10-10T19:09:19.921586Z,0.0500,39.75,yes
2026-10-10T19:09:19.9894Z,0.0700,129.54,yes
2026-10-10T19:09:19.9894Z,0.0700,271.00,yes
2026-10-10T19:09:19.9894Z,0.0700,4.00,yes
2026-10-10T19:09:19.9894Z,0.0700,0.01,yes
2026-10-10T19:09:19.9894Z,0.0500,75.00,yes
2026-10-10T19:09:19.9894Z,0.0600,62.07,yes
2026-10-10T19:09:19.9894Z,0.0600,800.00,yes
2026-10-10T19:09:19.9894Z,0.0600,2.00,yes
2026-10-10T19:09:19.9894Z,0.0500,33.43,yes
2026-10-10T19:09:19.9894Z,0.0500,30.75,yes
2026-10-10T19:09:19.9894Z,0.0600,3.00,yes
2026-10-10T19:09:19.9894Z,0.0600,100.00,yes
2026-10-10T19:09:19.9894Z,0.0500,5.00,yes
2026-10-10T19:09:19.9894Z,0.0600,1.00,yes
2026-10-10T19:09:20.103998Z,0.0400,27.32,no
2026-10-10T19:09:20.21463Z,0.0400,40.68,no
2026-10-10T19:09:20.21463Z,0.0400,6.11,no
2026-10-10T19:09:20.296013Z,0.0400,5.04,no
2026-10-10T19:09:20.4053Z,0.0400,25.71,no
2026-10-10T19:09:20.444595Z,0.0400,23.71,no
2026-10-10T19:09:20.444595Z,0.0400,32.57,no
2026-10-10T19:09:20.46907Z,0.0400,6.29,no
2026-10-10T19:09:20.46907Z,0.0400,6.00,no
2026-10-10T19:09:20.46907Z,0.0400,104.00,no
2026-10-10T19:09:20.46907Z,0.0400,522.76,no
2026-10-10T19:09:20.46907Z,0.0400,33.63,no
2026-10-10T19:09:20.57549Z,0.0500,15.63,yes
2026-10-10T19:09:20.626615Z,0.0500,15.63,yes
2026-10-10T19:09:20.836155Z,0.0600,5.59,yes
2026-10-10T19:09:20.836155Z,0.0500,1.05,yes
2026-10-10T19:09:20.836155Z,0.0500,8.99,yes
2026-10-10T19:09:20.894711Z,0.0600,33.43,yes
2026-10-10T19:09:20.894711Z,0.0600,68.81,yes
2026-10-10T19:09:20.894711Z,0.0600,272.15,yes
2026-10-10T19:09:20.942356Z,0.0500,33.63,yes
2026-10-10T19:09:20.942356Z,0.0500,3.87,yes
2026-10-10T19:09:20.972095Z,0.0500,15.37,yes
2026-10-10T19:09:21.133568Z,0.0500,18.26,yes
2026-10-10T19:09:21.133568Z,0.0500,75.50,yes
2026-10-10T19:09:21.197487Z,0.0300,436.85,no
2026-10-10T19:09:21.197487Z,0.0400,33.63,no
2026-10-10T19:09:21.197487Z,0.0400,77.24,no
2026-10-10T19:09:21.197487Z,0.0400,104.00,no
2026-10-10T19:09:21.201496Z,0.0500,4.31,yes
2026-10-10T19:09:21.221634Z,0.0500,15.63,yes
2026-10-10T19:09:21.284122Z,0.0500,500.00,yes
2026-10-10T19:09:21.284122Z,0.0500,60.32,yes
2026-10-10T19:09:21.284122Z,0.0600,143.37,yes
2026-10-10T19:09:21.291973Z,0.0400,6.63,no
2026-10-10T19:09:21.291973Z,0.0400,34.09,no
2026-10-10T19:09:21.291973Z,0.0400,104.00,no
2026-10-10T19:09:21.352741Z,0.0600,7.81,yes
2026-10-10T19:09:21.599883Z,0.0400,89.00,no
2026-10-10T19:09:21.599883Z,0.0400,1.37,no
2026-10-10T19:09:21.599883Z,0.0400,80.44,no
2026-10-10T19:09:21.599883Z,0.0400,34.09,no
2026-10-10T19:09:21.71387Z,0.0500,234.56,yes
2026-10-10T19:09:22.010287Z,0.0500,187.52,yes
2026-10-10T19:09:22.022371Z,0.0500,37.50,yes
2026-10-10T19:09:22.025469Z,0.0500,18.75,yes
2026-10-10T19:09:22.071692Z,0.0400,196.85,no
2026-10-10T19:09:22.071692Z,0.0400,23.56,no
2026-10-10T19:09:22.41854Z,0.0400,3.15,no
2026-10-10T19:09:22.41854Z,0.0400,5.00,no
2026-10-10T19:09:22.41854Z,0.0400,49.76,no
2026-10-10T19:09:22.41854Z,0.0400,34.09,no
2026-10-10T19:09:22.476065Z,0.0500,34.58,yes
2026-10-10T19:09:22.476065Z,0.0500,21.67,yes
2026-10-10T19:09:22.529197Z,0.0400,95.55,no
2026-10-10T19:09:22.529197Z,0.0400,3.00,no
2026-10-10T19:09:22.537328Z,0.0500,92.32,yes
2026-10-10T19:09:22.545659Z,0.0500,18.75,yes
2026-10-10T19:09:22.57711Z,0.0500,165.00,yes
2026-10-10T19:09:22.625584Z,0.0500,92.32,yes
2026-10-10T19:09:22.82695Z,0.0400,8.16,no
2026-10-10T19:09:22.893521Z,0.0500,18.75,yes
2026-10-10T19:09:22.902788Z,0.0400,214.83,no
2026-10-10T19:09:22.902788Z,0.0400,0.29,no
2026-10-10T19:09:23.0735Z,0.0500,0.18,yes
2026-10-10T19:09:23.096084Z,0.0400,12.28,no
2026-10-10T19:09:23.161941Z,0.0500,18.75,yes
2026-10-10T19:09:23.219694Z,0.0500,93.76,yes
2026-10-10T19:09:23.223776Z,0.0400,21.85,no
2026-10-10T19:09:23.223776Z,0.0400,71.91,no
2026-10-10T19:09:23.326995Z,0.0300,30.47,no
2026-10-10T19:09:23.448141Z,0.0500,187.52,yes
2026-10-10T19:09:23.480618Z,0.0500,93.76,yes
2026-10-10T19:09:23.509473Z,0.0500,187.52,yes
2026-10-10T19:09:23.736017Z,0.0400,14.79,no
2026-10-10T19:09:23.747646Z,0.0500,21.67,yes
2026-10-10T19:09:23.787203Z,0.0400,19.53,no
2026-10-10T19:09:23.787203Z,0.0400,2.00,no
2026-10-10T19:09:23.787203Z,0.0400,30.00,no
2026-10-10T19:09:23.787203Z,0.0400,104.00,no
2026-10-10T19:09:23.787203Z,0.0300,512.38,no
2026-10-10T19:09:23.824261Z,0.0400,4.00,no
2026-10-10T19:09:23.824261Z,0.0400,34.32,no
2026-10-10T19:09:23.824261Z,0.0300,24.34,no
2026-10-10T19:09:23.824261Z,0.0300,562.93,no
2026-10-10T19:09:23.839254Z,0.0500,375.05,yes
2026-10-10T19:09:23.897851Z,0.0400,6.00,no
2026-10-10T19:09:23.897851Z,0.0400,34.32,no
2026-10-10T19:09:23.897851Z,0.0400,3.00,no
2026-10-10T19:09:23.897851Z,0.0300,48.20,no
2026-10-10T19:09:23.898479Z,0.0500,14.14,yes
2026-10-10T19:09:23.952694Z,0.0400,34.32,no
2026-10-10T19:09:23.952694Z,0.0400,16.00,no
2026-10-10T19:09:23.954263Z,0.0400,18.75,yes
2026-10-10T19:09:23.956362Z,0.0400,37.50,yes
2026-10-10T19:09:24.012639Z,0.0400,18.75,yes
2026-10-10T19:09:24.042612Z,0.0400,18.75,yes
2026-10-10T19:09:24.067564Z,0.0400,1663.51,yes
2026-10-10T19:09:24.148944Z,0.0300,30.80,no
2026-10-10T19:09:24.162098Z,0.0400,11.25,yes
2026-10-10T19:09:24.218497Z,0.0300,427.95,no
2026-10-10T19:09:24.26401Z,0.0300,40.02,no
2026-10-10T19:09:24.285006Z,0.0300,335.67,no
2026-10-10T19:09:24.302182Z,0.0400,881.62,yes
2026-10-10T19:09:24.32112Z,0.0300,20.05,no
2026-10-10T19:09:24.391011Z,0.0400,289.44,yes
2026-10-10T19:09:24.521528Z,0.0400,5.00,yes
2026-10-10T19:09:24.538563Z,0.0400,46.85,yes
2026-10-10T19:09:24.542762Z,0.0400,137.00,yes
2026-10-10T19:09:24.623319Z,0.0300,15.63,no
2026-10-10T19:09:24.711459Z,0.0400,21.08,yes
2026-10-10T19:09:24.850799Z,0.0400,351.38,yes
2026-10-10T19:09:24.854485Z,0.0400,23.42,yes
2026-10-10T19:09:24.861532Z,0.0300,2.68,no
2026-10-10T19:09:24.901572Z,0.0400,23.42,yes
2026-10-10T19:09:24.965367Z,0.0300,3.85,no
2026-10-10T19:09:24.965367Z,0.0300,16.07,no
2026-10-10T19:09:25.055395Z,0.0400,46.85,yes
2026-10-10T19:09:25.064143Z,0.0400,187.40,yes
2026-10-10T19:09:25.116438Z,0.0400,138.68,yes
2026-10-10T19:09:25.116985Z,0.0300,109.57,no
2026-10-10T19:09:25.234757Z,0.0400,27.40,yes
2026-10-10T19:09:25.269252Z,0.0400,156.37,yes
2026-10-10T19:09:25.271076Z,0.0400,702.77,yes
2026-10-10T19:09:25.298609Z,0.0400,113.33,yes
2026-10-10T19:09:25.362345Z,0.0400,150.00,yes
2026-10-10T19:09:25.370325Z,0.0400,40.24,yes
2026-10-10T19:09:25.370325Z,0.0400,146.43,yes
2026-10-10T19:09:25.467639Z,0.0400,117.12,yes
2026-10-10T19:09:25.553741Z,0.0300,233.95,no
2026-10-10T19:09:25.563471Z,0.0300,31.00,no
2026-10-10T19:09:25.637579Z,0.0300,81.98,no
2026-10-10T19:09:25.699265Z,0.0300,21.44,no
2026-10-10T19:09:25.770518Z,0.0300,5.00,no
2026-10-10T19:09:25.8051Z,0.0400,234.25,yes
2026-10-10T19:09:25.843945Z,0.0400,0.23,yes
2026-10-10T19:09:25.917483Z,0.0400,150.00,yes
2026-10-10T19:09:25.970794Z,0.0400,117.12,yes
2026-10-10T19:09:26.10042Z,0.0300,413.21,no
2026-10-10T19:09:26.10042Z,0.0300,75.00,no
2026-10-10T19:09:26.10042Z,0.0300,100.24,no
2026-10-10T19:09:26.122627Z,0.0300,38.42,no
2026-10-10T19:09:26.122627Z,0.0300,5.00,no
2026-10-10T19:09:26.122627Z,0.0300,34.32,no
2026-10-10T19:09:26.122627Z,0.0300,4.76,no
2026-10-10T19:09:26.162306Z,0.0300,41.00,no
2026-10-10T19:09:26.162306Z,0.0300,161.58,no
2026-10-10T19:09:26.162306Z,0.0300,56.98,no
2026-10-10T19:09:26.162306Z,0.0300,0.01,no
2026-10-10T19:09:26.162306Z,0.0300,198.84,no
2026-10-10T19:09:26.181311Z,0.0300,6.15,no
2026-10-10T19:09:26.254554Z,0.0300,95.64,no
2026-10-10T19:09:26.324768Z,0.0400,46.85,yes
2026-10-10T19:09:26.401659Z,0.0400,23.42,yes
2026-10-10T19:09:26.679768Z,0.0400,23.42,yes
2026-10-10T19:09:26.911024Z,0.0300,14.47,no
2026-10-10T19:09:27.003496Z,0.0400,1.21,yes
2026-10-10T19:09:27.003496Z,0.0400,1213.57,yes
2026-10-10T19:09:27.003496Z,0.0400,1.30,yes
2026-10-10T19:09:27.003496Z,0.0400,1.27,yes
2026-10-10T19:09:27.003496Z,0.0400,1.41,yes
2026-10-10T19:09:27.003496Z,0.0400,1.39,yes
2026-10-10T19:09:27.003496Z,0.0400,747.35,yes
2026-10-10T19:09:27.003496Z,0.0400,1.22,yes
2026-10-10T19:09:27.003496Z,0.0400,2.44,yes
2026-10-10T19:09:27.22592Z,0.0400,23.42,yes
2026-10-10T19:09:27.296253Z,0.0400,9.33,yes
2026-10-10T19:09:27.317953Z,0.0400,9.55,yes
2026-10-10T19:09:27.421077Z,0.0400,16.21,yes
2026-10-10T19:09:27.492339Z,0.0300,150.25,no
2026-10-10T19:09:27.758757Z,0.0400,23.42,yes
2026-10-10T19:09:27.75979Z,0.0400,33.00,yes
2026-10-10T19:09:27.77999Z,0.0400,14.38,yes
2026-10-10T19:09:27.878374Z,0.0300,6.00,no
2026-10-10T19:09:27.878374Z,0.0300,5.00,no
2026-10-10T19:09:27.878374Z,0.0300,75.00,no
2026-10-10T19:09:27.878374Z,0.0300,147.69,no
2026-10-10T19:09:27.878374Z,0.0300,74.49,no
2026-10-10T19:09:27.878374Z,0.0300,5.00,no
2026-10-10T19:09:27.878374Z,0.0300,105.00,no
2026-10-10T19:09:27.878374Z,0.0300,34.44,no
2026-10-10T19:09:27.878374Z,0.0300,5.00,no
2026-10-10T19:09:27.878374Z,0.0300,168.00,no
2026-10-10T19:09:27.878374Z,0.0300,64.00,no
2026-10-10T19:09:27.971277Z,0.0400,28.76,yes
2026-10-10T19:09:28.079079Z,0.0400,40.00,yes
2026-10-10T19:09:28.096718Z,0.0400,71.31,yes
2026-10-10T19:09:28.15202Z,0.0400,110.46,yes
2026-10-10T19:09:28.1721Z,0.0300,22.00,no
2026-10-10T19:09:28.197278Z,0.0400,117.12,yes
2026-10-10T19:09:28.444694Z,0.0300,392.13,no
2026-10-10T19:09:28.464913Z,0.0300,10.93,no
2026-10-10T19:09:28.559033Z,0.0300,41.03,no
2026-10-10T19:09:28.572513Z,0.0400,117.12,yes
2026-10-10T19:09:28.75145Z,0.0400,150.00,yes
2026-10-10T19:09:28.795029Z,0.0400,5.00,yes
2026-10-10T19:09:28.865702Z,0.0400,187.52,yes
2026-10-10T19:09:28.967671Z,0.0400,281.29,yes
2026-10-10T19:09:28.974989Z,0.0400,83.16,yes
2026-10-10T19:09:29.224399Z,0.0300,150.00,no
2026-10-10T19:09:29.322459Z,0.0400,70.27,yes
2026-10-10T19:09:29.426479Z,0.0400,234.25,yes
2026-10-10T19:09:29.564443Z,0.0400,1111.00,yes
2026-10-10T19:09:29.669777Z,0.0400,130.01,yes
2026-10-10T19:09:30.228242Z,0.0300,110.96,no
2026-10-10T19:09:30.240666Z,0.0300,14.15,no
2026-10-10T19:09:30.356867Z,0.0300,41.00,no
2026-10-10T19:09:30.388554Z,0.0400,153.22,yes
2026-10-10T19:09:30.694414Z,0.0300,151.62,no
2026-10-10T19:09:30.776682Z,0.0300,295.96,no
2026-10-10T19:09:30.819916Z,0.0300,555.00,no
2026-10-10T19:09:30.828028Z,0.0300,2.05,no
2026-10-10T19:09:30.859684Z,0.0300,78.55,no
2026-10-10T19:09:30.871472Z,0.0400,117.12,yes
2026-10-10T19:09:30.967279Z,0.0400,23.42,yes
2026-10-10T19:09:31.064621Z,0.0300,21.55,no
2026-10-10T19:09:31.184279Z,0.0400,163.98,yes
2026-10-10T19:09:31.212441Z,0.0400,9.67,yes
2026-10-10T19:09:31.216501Z,0.0400,175.44,yes
2026-10-10T19:09:31.252466Z,0.0400,31.27,yes
2026-10-10T19:09:31.329081Z,0.0400,23.42,yes
2026-10-10T19:09:31.348579Z,0.0300,46.00,no
2026-10-10T19:09:31.380567Z,0.0400,290.33,yes
2026-10-10T19:09:31.405225Z,0.0300,1089.00,no
2026-10-10T19:09:31.416748Z,0.0300,21.86,no
2026-10-10T19:09:31.453658Z,0.0300,525.39,no
2026-10-10T19:09:31.55379Z,0.0400,93.76,yes
2026-10-10T19:09:31.591774Z,0.0400,23.42,yes
2026-10-10T19:09:31.678004Z,0.0400,1.00,yes
2026-10-10T19:09:31.678004Z,0.0400,0.44,yes
2026-10-10T19:09:31.678004Z,0.0400,369.80,yes
2026-10-10T19:09:31.678004Z,0.0400,214.40,yes
2026-10-10T19:09:31.711174Z,0.0400,46.85,yes
2026-10-10T19:09:31.72085Z,0.0300,72.36,no
2026-10-10T19:09:31.754038Z,0.0400,468.50,yes
2026-10-10T19:09:31.835274Z,0.0400,70.27,yes
2026-10-10T19:09:31.858118Z,0.0300,163.81,no
2026-10-10T19:09:31.882027Z,0.0300,23.99,no
2026-10-10T19:09:31.901313Z,0.0400,284.62,yes
2026-10-10T19:09:31.907425Z,0.0400,70.51,yes
2026-10-10T19:09:32.015282Z,0.0400,46.85,yes
2026-10-10T19:09:32.085541Z,0.0300,18.26,no
2026-10-10T19:09:32.104551Z,0.0400,46.85,yes
2026-10-10T19:09:32.243944Z,0.0400,117.12,yes
2026-10-10T19:09:32.293663Z,0.0400,1000.00,yes
2026-10-10T19:09:32.333013Z,0.0400,23.42,yes
2026-10-10T19:09:32.390237Z,0.0400,234.25,yes
2026-10-10T19:09:32.669089Z,0.0400,1950.00,yes
2026-10-10T19:09:32.680521Z,0.0400,343.36,yes
2026-10-10T19:09:32.680521Z,0.0400,981.36,yes
2026-10-10T19:09:32.934266Z,0.0400,156.64,yes
2026-10-10T19:09:32.934266Z,0.0400,81.11,yes
2026-10-10T19:09:32.934266Z,0.0400,75.00,yes
2026-10-10T19:09:33.01982Z,0.0300,5.00,no
2026-10-10T19:09:33.01982Z,0.0300,93.75,no
2026-10-10T19:09:33.01982Z,0.0300,461.87,no
2026-10-10T19:09:33.01982Z,0.0300,321.00,no
2026-10-10T19:09:33.140348Z,0.0300,173.67,no
2026-10-10T19:09:33.273697Z,0.0400,35.89,yes
2026-10-10T19:09:33.273697Z,0.0400,81.23,yes
2026-10-10T19:09:33.362305Z,0.0400,22.77,yes
2026-10-10T19:09:33.362305Z,0.0400,0.65,yes
2026-10-10T19:09:33.728739Z,0.0400,98.77,yes
2026-10-10T19:09:33.728739Z,0.0400,18.35,yes
2026-10-10T19:09:33.815969Z,0.0400,257.68,yes
2026-10-10T19:09:33.930453Z,0.0400,46.85,yes
2026-10-10T19:09:33.958587Z,0.0300,1.06,no
2026-10-10T19:09:34.186623Z,0.0400,3.48,yes
2026-10-10T19:09:34.186623Z,0.0400,111.64,yes
2026-10-10T19:09:34.186623Z,0.0400,2.00,yes
2026-10-10T19:09:34.215256Z,0.0400,23.42,yes
2026-10-10T19:09:34.259995Z,0.0300,101.30,no
2026-10-10T19:09:34.284789Z,0.0300,3.86,no
2026-10-10T19:09:34.310848Z,0.0300,20.00,no
2026-10-10T19:09:34.480394Z,0.0300,62.00,no
2026-10-10T19:09:34.626281Z,0.0400,1571.73,yes
2026-10-10T19:09:34.651315Z,0.0400,1.00,yes
2026-10-10T19:09:34.651315Z,0.0400,1.13,yes
2026-10-10T19:09:34.651315Z,0.0400,1.18,yes
2026-10-10T19:09:34.651315Z,0.0400,1.01,yes
2026-10-10T19:09:34.651315Z,0.0400,1.01,yes
2026-10-10T19:09:34.651315Z,0.0400,6.00,yes
2026-10-10T19:09:34.651315Z,0.0400,1.42,yes
2026-10-10T19:09:34.651315Z,0.0400,1.00,yes
2026-10-10T19:09:34.651315Z,0.0400,56.52,yes
2026-10-10T19:09:34.678376Z,0.0300,467.90,no
2026-10-10T19:09:34.678991Z,0.0300,27.32,no
2026-10-10T19:09:34.877037Z,0.0300,1.54,no
2026-10-10T19:09:34.955019Z,0.0300,34.32,no
2026-10-10T19:09:35.055532Z,0.0300,23.42,no
2026-10-10T19:09:35.070921Z,0.0400,18.48,yes
2026-10-10T19:09:35.070921Z,0.0400,61.63,yes
2026-10-10T19:09:35.089965Z,0.0400,70.27,yes
2026-10-10T19:09:35.425617Z,0.0400,234.25,yes
2026-10-10T19:09:35.505171Z,0.0300,1.43,no
2026-10-10T19:09:35.730081Z,0.0300,120.31,no
2026-10-10T19:09:35.730081Z,0.0300,71.58,no
2026-10-10T19:09:35.769334Z,0.0400,87.37,yes
2026-10-10T19:09:35.781487Z,0.0300,3.92,no
2026-10-10T19:09:35.836946Z,0.0400,187.52,yes
2026-10-10T19:09:35.961333Z,0.0400,117.12,yes
2026-10-10T19:09:35.991474Z,0.0400,23.42,yes
2026-10-10T19:09:36.005285Z,0.0300,21.90,no
2026-10-10T19:09:36.005285Z,0.0300,24.50,no
2026-10-10T19:09:36.007201Z,0.0300,5.16,no
2026-10-10T19:09:36.077965Z,0.0400,163.98,yes
2026-10-10T19:09:36.111582Z,0.0400,18.75,yes
2026-10-10T19:09:36.303253Z,0.0400,117.12,yes
2026-10-10T19:09:36.370577Z,0.0400,93.70,yes
2026-10-10T19:09:36.389215Z,0.0400,156.37,yes
2026-10-10T19:09:36.555625Z,0.0400,23.42,yes
2026-10-10T19:09:36.56469Z,0.0300,3.14,no
2026-10-10T19:09:36.820148Z,0.0400,117.12,yes
2026-10-10T19:09:36.990304Z,0.0300,2.97,no
2026-10-10T19:09:36.999753Z,0.0300,46.91,no
2026-10-10T19:09:37.067466Z,0.0400,5.00,yes
2026-10-10T19:09:37.071428Z,0.0400,35.62,yes
2026-10-10T19:09:37.071428Z,0.0400,22.96,yes
2026-10-10T19:09:37.071428Z,0.0400,1.00,yes
2026-10-10T19:09:37.071428Z,0.0400,2.00,yes
2026-10-10T19:09:37.082458Z,0.0400,5.78,no
2026-10-10T19:09:37.222536Z,0.0400,4.79,no
2026-10-10T19:09:37.250649Z,0.0400,12.50,no
2026-10-10T19:09:37.377984Z,0.0400,119.74,no
2026-10-10T19:09:37.820453Z,0.0400,467.90,no
2026-10-10T19:09:38.031758Z,0.0500,3.83,yes
2026-10-10T19:09:38.031758Z,0.0500,85.93,yes
2026-10-10T19:09:38.031758Z,0.0500,4.00,yes
2026-10-10T19:09:38.109184Z,0.0400,479.89,no
2026-10-10T19:09:38.256928Z,0.0500,0.17,yes
2026-10-10T19:09:38.256928Z,0.0500,1.70,yes
2026-10-10T19:09:38.397393Z,0.0400,123.58,no
2026-10-10T19:09:38.524672Z,0.0500,2.30,yes
2026-10-10T19:09:38.524672Z,0.0500,324.59,yes
2026-10-10T19:09:38.645415Z,0.0500,37.50,yes
2026-10-10T19:09:38.781352Z,0.0400,1.00,no
2026-10-10T19:09:38.961845Z,0.0400,23.67,no
2026-10-10T19:09:39.115485Z,0.0400,2.55,no
2026-10-10T19:09:39.149448Z,0.0500,46.88,yes
2026-10-10T19:09:39.295117Z,0.0400,112.50,no
2026-10-10T19:09:39.416781Z,0.0500,93.76,yes
2026-10-10T19:09:39.613258Z,0.0500,71.28,yes
2026-10-10T19:09:39.617595Z,0.0500,9.37,yes
2026-10-10T19:09:39.689266Z,0.0500,32.39,yes
2026-10-10T19:09:39.689266Z,0.0500,109.62,yes
2026-10-10T19:09:39.689266Z,0.0500,0.01,yes
2026-10-10T19:09:39.689266Z,0.0500,1.00,yes
2026-10-10T19:09:39.689266Z,0.0500,5.00,yes
2026-10-10T19:09:39.689266Z,0.0500,2.00,yes
2026-10-10T19:09:39.689607Z,0.0500,15.14,yes
2026-10-10T19:09:39.689607Z,0.0500,3.61,yes
2026-10-10T19:09:39.71383Z,0.0500,93.76,yes
2026-10-10T19:09:39.755923Z,0.0400,2.04,no
2026-10-10T19:09:39.774583Z,0.0500,93.76,yes
2026-10-10T19:09:39.794766Z,0.0500,17.81,yes
2026-10-10T19:09:39.83413Z,0.0500,187.52,yes
2026-10-10T19:09:39.856855Z,0.0400,67.09,no
2026-10-10T19:09:39.997433Z,0.0500,37.50,yes
2026-10-10T19:09:40.110903Z,0.0500,93.76,yes
2026-10-10T19:09:40.172238Z,0.0500,18.75,yes
2026-10-10T19:09:40.229453Z,0.0500,18.75,yes
2026-10-10T19:09:40.327136Z,0.0500,15.18,yes
2026-10-10T19:09:40.344025Z,0.0400,2.00,no
2026-10-10T19:09:40.440527Z,0.0500,93.76,yes
2026-10-10T19:09:40.506696Z,0.0500,375.05,yes
2026-10-10T19:09:40.555347Z,0.0500,37.50,yes
2026-10-10T19:09:40.791807Z,0.0400,37.50,no
2026-10-10T19:09:40.901532Z,0.0400,848.00,no
2026-10-10T19:09:41.045963Z,0.0500,281.29,yes
2026-10-10T19:09:41.128149Z,0.0500,75.01,yes
2026-10-10T19:09:41.17659Z,0.0400,10.05,no
2026-10-10T19:09:41.228581Z,0.0500,18.75,yes
2026-10-10T19:09:41.24024Z,0.0500,37.50,yes
2026-10-10T19:09:41.631792Z,0.0400,201.01,no
2026-10-10T19:09:41.721623Z,0.0500,156.37,yes
2026-10-10T19:09:41.84578Z,0.0500,37.50,yes
2026-10-10T19:09:42.202532Z,0.0500,37.50,yes
2026-10-10T19:09:42.275582Z,0.0500,93.76,yes
2026-10-10T19:09:42.290591Z,0.0400,94.20,no
2026-10-10T19:09:42.460526Z,0.0500,18.56,yes
2026-10-10T19:09:43.271669Z,0.0500,18.75,yes
2026-10-10T19:09:43.301688Z,0.0400,204.90,no
2026-10-10T19:09:43.311187Z,0.0500,187.52,yes
2026-10-10T19:09:43.444213Z,0.0500,18.75,yes
2026-10-10T19:09:44.097603Z,0.0400,4.00,no
2026-10-10T19:09:44.186419Z,0.0400,74.51,no
2026-10-10T19:09:44.338661Z,0.0500,18.75,yes
2026-10-10T19:09:44.499821Z,0.0500,579.65,yes
2026-10-10T19:09:44.550547Z,0.0400,59.04,no
2026-10-10T19:09:44.587702Z,0.0500,56.25,yes
2026-10-10T19:09:44.654613Z,0.0500,223.15,yes
2026-10-10T19:09:44.669643Z,0.0500,18.75,yes
2026-10-10T19:09:44.675362Z,0.0500,106.32,yes
2026-10-10T19:09:44.692919Z,0.0400,165.85,no
2026-10-10T19:09:44.858309Z,0.0500,937.64,yes
2026-10-10T19:09:44.945277Z,0.0500,18.75,yes
2026-10-10T19:09:45.000304Z,0.0500,100.00,yes
2026-10-10T19:09:45.077598Z,0.0400,9.85,no
2026-10-10T19:09:45.10693Z,0.0400,25.00,no
2026-10-10T19:09:45.515443Z,0.0500,187.52,yes
2026-10-10T19:09:45.568831Z,0.0400,17.32,no
2026-10-10T19:09:45.572571Z,0.0500,1.87,yes
2026-10-10T19:09:45.707333Z,0.0400,669.53,no
2026-10-10T19:09:45.814327Z,0.0400,40.61,no
2026-10-10T19:09:45.855123Z,0.0500,8.81,yes
2026-10-10T19:09:45.958739Z,0.0500,357.00,yes
2026-10-10T19:09:46.054812Z,0.0400,33.43,no
2026-10-10T19:09:46.30427Z,0.0400,2639.14,no
2026-10-10T19:09:46.544595Z,0.0500,37.50,yes
2026-10-10T19:09:46.694483Z,0.0500,3.18,yes
2026-10-10T19:09:46.746766Z,0.0400,49.84,no
2026-10-10T19:09:46.804975Z,0.0500,93.76,yes
2026-10-10T19:09:46.816506Z,0.0400,29.21,no
2026-10-10T19:09:47.003802Z,0.0500,0.93,yes
2026-10-10T19:09:47.160634Z,0.0500,18.75,yes
2026-10-10T19:09:47.185185Z,0.0500,18.75,yes
2026-10-10T19:09:47.190786Z,0.0500,375.05,yes
2026-10-10T19:09:47.307097Z,0.0500,187.52,yes
2026-10-10T19:09:47.346682Z,0.0400,61.88,no
2026-10-10T19:09:47.501614Z,0.0400,143.83,no
2026-10-10T19:09:47.82805Z,0.0400,115.90,no
2026-10-10T19:09:47.876382Z,0.0500,26.11,yes
2026-10-10T19:09:47.876382Z,0.0500,125.60,yes
2026-10-10T19:09:48.148236Z,0.0400,449.00,no
2026-10-10T19:09:48.198713Z,0.0500,93.76,yes
2026-10-10T19:09:48.24283Z,0.0400,35.62,no
2026-10-10T19:09:48.24283Z,0.0400,42.29,no
2026-10-10T19:09:48.24283Z,0.0400,1220.79,no
2026-10-10T19:09:48.38373Z,0.0500,9.37,yes
2026-10-10T19:09:48.410079Z,0.0500,34.69,yes
2026-10-10T19:09:48.454418Z,0.0500,1.50,yes
2026-10-10T19:09:48.65979Z,0.0400,34.32,no
2026-10-10T19:09:48.666355Z,0.0400,411.02,no
2026-10-10T19:09:48.829087Z,0.0500,37.50,yes
2026-10-10T19:09:48.974085Z,0.0500,187.52,yes
2026-10-10T19:09:49.018397Z,0.0500,93.76,yes
2026-10-10T19:09:49.057414Z,0.0400,45.67,no
2026-10-10T19:09:49.092754Z,0.0500,1000.00,yes
2026-10-10T19:09:49.19668Z,0.0500,2.96,yes
2026-10-10T19:09:49.19668Z,0.0500,15.79,yes
2026-10-10T19:09:49.375269Z,0.0400,1376.04,no
2026-10-10T19:09:49.495018Z,0.0400,28.94,no
2026-10-10T19:09:49.553101Z,0.0400,3.18,no
2026-10-10T19:09:49.58679Z,0.0500,184.27,yes
2026-10-10T19:09:49.58679Z,0.0500,247.04,yes
2026-10-10T19:09:49.589328Z,0.0500,56.20,yes
2026-10-10T19:09:49.910965Z,0.0500,18.75,yes
2026-10-10T19:09:49.978413Z,0.0500,4.00,yes
2026-10-10T19:09:49.978413Z,0.0500,89.76,yes
2026-10-10T19:09:50.012586Z,0.0500,93.76,yes
2026-10-10T19:09:50.042575Z,0.0500,187.52,yes
2026-10-10T19:09:50.266779Z,0.0500,93.76,yes
2026-10-10T19:09:50.403533Z,0.0500,9.37,yes
2026-10-10T19:09:50.586185Z,0.0400,156.37,no
2026-10-10T19:09:50.724216Z,0.0500,93.76,yes
2026-10-10T19:09:50.813108Z,0.0400,112.45,no
2026-10-10T19:09:50.856228Z,0.0400,76.00,no
2026-10-10T19:09:50.970987Z,0.0500,22.12,yes
2026-10-10T19:09:51.068922Z,0.0400,15.36,no
2026-10-10T19:09:51.123598Z,0.0500,18.75,yes
2026-10-10T19:09:51.242049Z,0.0400,882.46,no
2026-10-10T19:09:51.403102Z,0.0500,714.14,yes
2026-10-10T19:09:51.425233Z,0.0400,27.32,no
2026-10-10T19:09:51.522823Z,0.0400,194.64,no
2026-10-10T19:09:51.795285Z,0.0400,52.42,no
2026-10-10T19:09:51.813473Z,0.0400,224.77,no
2026-10-10T19:09:51.873775Z,0.0500,12.00,yes
2026-10-10T19:09:51.878128Z,0.0400,32.16,no
2026-10-10T19:09:51.889663Z,0.0500,187.52,yes
2026-10-10T19:09:51.929599Z,0.0400,406.56,no
2026-10-10T19:09:52.01034Z,0.0400,7.19,no
2026-10-10T19:09:52.05223Z,0.0500,468.82,yes
2026-10-10T19:09:52.12882Z,0.0400,6.00,no
2026-10-10T19:09:52.222546Z,0.0500,93.76,yes
2026-10-10T19:09:52.352808Z,0.0500,187.52,yes
2026-10-10T19:09:52.367289Z,0.0500,37.50,yes
2026-10-10T19:09:52.514682Z,0.0400,32.80,no
2026-10-10T19:09:52.579245Z,0.0500,93.76,yes
2026-10-10T19:09:52.597047Z,0.0500,93.76,yes
2026-10-10T19:09:52.771964Z,0.0500,93.76,yes
2026-10-10T19:09:52.789628Z,0.0500,56.25,yes
2026-10-10T19:09:52.819778Z,0.0500,1.00,yes
2026-10-10T19:09:52.824422Z,0.0500,93.76,yes
2026-10-10T19:09:52.977394Z,0.0500,3.75,yes
2026-10-10T19:09:53.164161Z,0.0500,37.50,yes
2026-10-10T19:09:53.230399Z,0.0400,11.02,no
2026-10-10T19:09:53.425055Z,0.0400,222.73,no
2026-10-10T19:09:53.600507Z,0.0500,37.50,yes
2026-10-10T19:09:53.762803Z,0.0400,65.19,no
2026-10-10T19:09:53.784244Z,0.0400,14.05,no
2026-10-10T19:09:54.202516Z,0.0500,14.14,yes
2026-10-10T19:09:54.461924Z,0.0400,117.12,no
2026-10-10T19:09:54.509515Z,0.0500,93.76,yes
2026-10-10T19:09:54.78259Z,0.0500,93.76,yes
2026-10-10T19:09:54.794944Z,0.0400,233.00,no
2026-10-10T19:09:54.802797Z,0.0500,93.76,yes
2026-10-10T19:09:54.885218Z,0.0400,21.39,no
2026-10-10T19:09:54.906909Z,0.0500,20.62,yes
2026-10-10T19:09:54.996302Z,0.0400,151.01,no
2026-10-10T19:09:55.034582Z,0.0500,37.50,yes
2026-10-10T19:09:55.047452Z,0.0500,93.76,yes
2026-10-10T19:09:55.079413Z,0.0400,154.72,no
2026-10-10T19:09:55.37184Z,0.0400,93.02,no
2026-10-10T19:09:55.381137Z,0.0500,187.52,yes
2026-10-10T19:09:55.432735Z,0.0400,52.53,no
2026-10-10T19:09:55.512329Z,0.0400,5.95,no
2026-10-10T19:09:55.661403Z,0.0500,56.25,yes
2026-10-10T19:09:55.743399Z,0.0400,392.77,no
2026-10-10T19:09:55.831313Z,0.0500,468.82,yes
2026-10-10T19:09:55.956295Z,0.0400,86.92,no
2026-10-10T19:09:55.983979Z,0.0500,187.52,yes
2026-10-10T19:09:56.163126Z,0.0400,38.68,no
2026-10-10T19:09:56.197507Z,0.0500,37.50,yes
2026-10-10T19:09:56.197819Z,0.0500,18.75,yes
2026-10-10T19:09:56.248277Z,0.0400,62.55,no
2026-10-10T19:09:56.253902Z,0.0500,187.52,yes
2026-10-10T19:09:56.265554Z,0.0500,9.37,yes
2026-10-10T19:09:56.27292Z,0.0500,330.00,yes
2026-10-10T19:09:56.313811Z,0.0400,137.45,no
2026-10-10T19:09:56.313811Z,0.0400,152.00,no
2026-10-10T19:09:56.364806Z,0.0400,20.69,no
2026-10-10T19:09:56.607708Z,0.0500,56.25,yes
2026-10-10T19:09:56.622214Z,0.0500,18.75,yes
2026-10-10T19:09:56.63417Z,0.0400,82.03,no
2026-10-10T19:09:56.63417Z,0.0400,27.31,no
2026-10-10T19:09:56.937296Z,0.0500,37.50,yes
2026-10-10T19:09:57.048323Z,0.0500,543.83,yes
2026-10-10T19:09:57.174506Z,0.0400,28.94,no
2026-10-10T19:09:57.302947Z,0.0500,3.00,yes
2026-10-10T19:09:57.302947Z,0.0500,147.02,yes
2026-10-10T19:09:57.321429Z,0.0500,35.00,no
2026-10-10T19:09:57.323552Z,0.0500,2.09,no
2026-10-10T19:09:57.323552Z,0.0500,1.91,no
2026-10-10T19:09:57.502149Z,0.0500,13.91,no
2026-10-10T19:09:57.502149Z,0.0500,3.43,no
2026-10-10T19:09:57.502149Z,0.0500,92.00,no
2026-10-10T19:09:57.637896Z,0.0500,43.88,no
2026-10-10T19:09:57.637896Z,0.0500,33.48,no
2026-10-10T19:09:57.659569Z,0.0500,31.12,no
2026-10-10T19:09:57.659569Z,0.0500,59.12,no
2026-10-10T19:09:57.805851Z,0.0600,15.63,yes
2026-10-10T19:09:58.044575Z,0.0500,23.42,no
2026-10-10T19:09:58.248584Z,0.0500,75.00,no
2026-10-10T19:09:58.248584Z,0.0400,982.51,no
2026-10-10T19:09:58.248584Z,0.0500,60.58,no
2026-10-10T19:09:58.248584Z,0.0500,36.91,no
2026-10-10T19:09:58.248584Z,0.0500,2.00,no
2026-10-10T19:09:58.248584Z,0.0500,92.00,no
2026-10-10T19:09:58.248584Z,0.0500,51.00,no
2026-10-10T19:09:58.301665Z,0.0600,0.15,yes
2026-10-10T19:09:58.363187Z,0.0600,25.00,yes
2026-10-10T19:09:58.363187Z,0.0600,75.00,yes
2026-10-10T19:09:58.363187Z,0.0600,651.96,yes
2026-10-10T19:09:58.363187Z,0.0600,1333.04,yes
2026-10-10T19:09:58.363187Z,0.0600,6.00,yes
2026-10-10T19:09:58.363187Z,0.0600,1.00,yes
2026-10-10T19:09:58.363187Z,0.0600,1.00,yes
2026-10-10T19:09:58.363187Z,0.0600,82.00,yes
2026-10-10T19:09:58.363187Z,0.0600,31.00,yes
2026-10-10T19:09:58.363187Z,0.0600,3.00,yes
2026-10-10T19:09:58.363187Z,0.0600,1.00,yes
2026-10-10T19:09:58.363187Z,0.0600,110.00,yes
2026-10-10T19:09:58.363187Z,0.0600,234.00,yes
2026-10-10T19:09:58.363187Z,0.0600,21.00,yes
2026-10-10T19:09:58.363187Z,0.0600,414.00,yes
2026-10-10T19:09:58.363187Z,0.0600,5.00,yes
2026-10-10T19:09:58.363187Z,0.0600,3.00,yes
2026-10-10T19:09:58.363187Z,0.0600,2.00,yes
2026-10-10T19:09:58.363187Z,0.0600,1.00,yes
2026-10-10T19:09:58.454425Z,0.0500,28.62,no
2026-10-10T19:09:58.783697Z,0.0500,46.65,no
2026-10-10T19:09:58.783697Z,0.0500,8.35,no
2026-10-10T19:09:59.204939Z,0.0600,36.97,yes
2026-10-10T19:09:59.204939Z,0.0700,14.86,yes
2026-10-10T19:09:59.204939Z,0.0700,1.00,yes
2026-10-10T19:09:59.204939Z,0.0700,5.00,yes
2026-10-10T19:09:59.204939Z,0.0700,1.00,yes
2026-10-10T19:09:59.498847Z,0.0500,1.09,no
2026-10-10T19:09:59.498847Z,0.0500,1.10,no
2026-10-10T19:09:59.498847Z,0.0500,19.31,no
2026-10-10T19:09:59.498847Z,0.0600,16.00,no
2026-10-10T19:09:59.955764Z,0.0700,13.41,yes
2026-10-10T19:10:00.024814Z,0.0700,26.82,yes
2026-10-10T19:10:00.060649Z,0.0700,67.06,yes
2026-10-10T19:10:00.14543Z,0.0700,26.82,yes
2026-10-10T19:10:00.406565Z,0.0600,8.16,no
2026-10-10T19:10:00.406565Z,0.0600,3.00,no
2026-10-10T19:10:00.713198Z,0.0600,37.23,yes
2026-10-10T19:10:00.713198Z,0.0600,14.83,yes
2026-10-10T19:10:00.713198Z,0.0600,15.00,yes
2026-10-10T19:10:01.088088Z,0.0600,7.81,yes
2026-10-10T19:10:01.107178Z,0.0600,156.37,yes
2026-10-10T19:10:01.164121Z,0.0500,35.13,no
2026-10-10T19:10:01.251231Z,0.0500,20.56,no
2026-10-10T19:10:01.251231Z,0.0500,8.38,no
2026-10-10T19:10:01.26249Z,0.0600,78.18,yes
2026-10-10T19:10:01.31319Z,0.0600,1.87,yes
2026-10-10T19:10:01.575377Z,0.0600,78.18,yes
2026-10-10T19:10:01.582293Z,0.0600,662.76,yes
2026-10-10T19:10:01.582293Z,0.0600,75.00,yes
2026-10-10T19:10:01.582293Z,0.0700,28.48,yes
2026-10-10T19:10:01.919393Z,0.0500,3.75,no
2026-10-10T19:10:01.933855Z,0.0500,7.09,no
2026-10-10T19:10:02.226754Z,0.0500,33.52,no
2026-10-10T19:10:02.226754Z,0.0500,74.78,no
2026-10-10T19:10:02.286522Z,0.0700,13.41,yes
2026-10-10T19:10:02.473388Z,0.0500,26.05,no
2026-10-10T19:10:02.592745Z,0.0700,134.12,yes
2026-10-10T19:10:02.680002Z,0.0600,3.86,no
2026-10-10T19:10:02.869697Z,0.0700,67.06,yes
2026-10-10T19:10:02.933683Z,0.0700,2.00,yes
2026-10-10T19:10:02.933683Z,0.0700,2.16,yes
2026-10-10T19:10:02.933683Z,0.0700,129.96,yes
2026-10-10T19:10:03.122993Z,0.0500,13.95,no
2026-10-10T19:10:03.122993Z,0.0500,4.80,no
2026-10-10T19:10:03.182773Z,0.0700,54.99,yes
2026-10-10T19:10:03.18814Z,0.0700,75.00,yes
2026-10-10T19:10:03.18814Z,0.0700,20.85,yes
2026-10-10T19:10:03.18814Z,0.0700,2.00,yes
2026-10-10T19:10:03.18814Z,0.0700,36.27,yes
2026-10-10T19:10:03.234355Z,0.0500,393.96,no
2026-10-10T19:10:03.234355Z,0.0500,70.20,no
2026-10-10T19:10:03.453179Z,0.0700,11.38,yes
2026-10-10T19:10:03.453179Z,0.0700,15.00,yes
2026-10-10T19:10:03.453179Z,0.0700,85.64,yes
2026-10-10T19:10:03.453179Z,0.0700,107.00,yes
2026-10-10T19:10:03.453179Z,0.0700,37.23,yes
2026-10-10T19:10:03.453179Z,0.0700,12.00,yes
2026-10-10T19:10:03.517696Z,0.0700,38.64,yes
2026-10-10T19:10:03.517696Z,0.0700,18.36,yes
2026-10-10T19:10:03.62822Z,0.0700,67.06,yes
2026-10-10T19:10:03.634264Z,0.0700,268.25,yes
2026-10-10T19:10:03.880623Z,0.0500,130.83,no
2026-10-10T19:10:03.880623Z,0.0600,0.21,no
2026-10-10T19:10:04.042019Z,0.0700,804.75,yes
2026-10-10T19:10:04.17021Z,0.0700,670.62,yes
2026-10-10T19:10:04.232542Z,0.0600,7.77,no
2026-10-10T19:10:04.336075Z,0.0600,29.82,no
2026-10-10T19:10:04.336075Z,0.0500,79.48,no
2026-10-10T19:10:04.336075Z,0.0600,13.00,no
2026-10-10T19:10:04.430699Z,0.0700,670.62,yes
2026-10-10T19:10:04.66771Z,0.0700,4.42,yes
2026-10-10T19:10:04.672519Z,0.0600,28.94,no
2026-10-10T19:10:04.755195Z,0.0700,67.06,yes
2026-10-10T19:10:04.764667Z,0.0700,11.00,yes
2026-10-10T19:10:04.81446Z,0.0600,6.56,no
2026-10-10T19:10:04.82561Z,0.0700,67.06,yes
2026-10-10T19:10:05.073854Z,0.0500,15.00,no
2026-10-10T19:10:05.272515Z,0.0500,5.78,no
2026-10-10T19:10:05.354084Z,0.0500,44.72,no
2026-10-10T19:10:05.532031Z,0.0500,52.99,no
2026-10-10T19:10:05.607272Z,0.0500,1914.42,no
2026-10-10T19:10:05.610059Z,0.0500,100.00,no
2026-10-10T19:10:05.688281Z,0.0700,131.12,yes
2026-10-10T19:10:05.688281Z,0.0600,3.00,yes
2026-10-10T19:10:05.786676Z,0.0500,573.78,no
2026-10-10T19:10:05.786676Z,0.0600,16.00,no
2026-10-10T19:10:05.786676Z,0.0600,2.09,no
2026-10-10T19:10:05.872882Z,0.0700,39.73,yes
2026-10-10T19:10:05.955855Z,0.0500,139.25,no
2026-10-10T19:10:06.117789Z,0.0500,9.13,no
2026-10-10T19:10:06.25647Z,0.0500,70.92,no
2026-10-10T19:10:06.37661Z,0.0500,93.76,no
2026-10-10T19:10:06.60866Z,0.0500,512.36,no
2026-10-10T19:10:06.81885Z,0.0500,48.57,no
2026-10-10T19:10:06.948163Z,0.0500,32.80,no
2026-10-10T19:10:06.972342Z,0.0500,2.83,no
2026-10-10T19:10:07.127676Z,0.0600,31.27,yes
2026-10-10T19:10:07.175804Z,0.0500,46.79,no
2026-10-10T19:10:07.180344Z,0.0500,10.00,no
2026-10-10T19:10:07.268862Z,0.0500,75.00,no
2026-10-10T19:10:07.268862Z,0.0500,91.00,no
2026-10-10T19:10:07.268862Z,0.0500,222.63,no
2026-10-10T19:10:07.268862Z,0.0500,2.31,no
2026-10-10T19:10:07.361271Z,0.0500,11.71,no
2026-10-10T19:10:07.438186Z,0.0700,1133.21,yes
2026-10-10T19:10:07.438186Z,0.0600,6.18,yes
2026-10-10T19:10:07.438186Z,0.0600,6.34,yes
2026-10-10T19:10:07.438186Z,0.0600,15.00,yes
2026-10-10T19:10:07.438186Z,0.0700,159.67,yes
2026-10-10T19:10:07.45938Z,0.0600,22.78,no
2026-10-10T19:10:07.506635Z,0.0600,14.61,no
2026-10-10T19:10:07.506635Z,0.0500,3.00,no
2026-10-10T19:10:07.506635Z,0.0500,79.96,no
2026-10-10T19:10:07.506635Z,0.0500,5.00,no
2026-10-10T19:10:07.564251Z,0.0600,37.39,no
2026-10-10T19:10:07.564251Z,0.0500,702.57,no
2026-10-10T19:10:07.63492Z,0.0600,18.75,no
2026-10-10T19:10:07.682609Z,0.0600,18.64,no
2026-10-10T19:10:07.682609Z,0.0500,109.95,no
2026-10-10T19:10:08.144616Z,0.0600,37.39,no
2026-10-10T19:10:08.144616Z,0.0500,79.73,no
2026-10-10T19:10:08.153359Z,0.0500,18.75,no
2026-10-10T19:10:08.230169Z,0.0500,21.57,no
2026-10-10T19:10:08.37272Z,0.0600,2.51,yes
2026-10-10T19:10:08.37272Z,0.0600,5.00,yes
2026-10-10T19:10:08.37272Z,0.0600,15.00,yes
2026-10-10T19:10:08.37272Z,0.0600,37.44,yes
2026-10-10T19:10:08.405277Z,0.0500,2.34,no
2026-10-10T19:10:08.411647Z,0.0500,46.85,no
2026-10-10T19:10:08.448972Z,0.0500,18.75,no
2026-10-10T19:10:08.470382Z,0.0500,34.69,no
2026-10-10T19:10:08.574207Z,0.0600,10.00,yes
2026-10-10T19:10:08.585487Z,0.0500,31.42,no
2026-10-10T19:10:08.606881Z,0.0600,15.00,yes
2026-10-10T19:10:08.606881Z,0.0600,4.63,yes
2026-10-10T19:10:08.606881Z,0.0600,27.44,yes
2026-10-10T19:10:08.606881Z,0.0700,19.99,yes
2026-10-10T19:10:08.613338Z,0.0700,187.77,yes
2026-10-10T19:10:08.626139Z,0.0500,32.36,no
2026-10-10T19:10:08.674416Z,0.0500,28.28,no
2026-10-10T19:10:08.747388Z,0.0500,131.40,no
2026-10-10T19:10:08.972782Z,0.0500,10.70,no
2026-10-10T19:10:08.972782Z,0.0600,3.00,no
2026-10-10T19:10:09.115145Z,0.0500,9.96,no
2026-10-10T19:10:09.368919Z,0.0700,75.00,yes
2026-10-10T19:10:09.368919Z,0.0700,159.03,yes
2026-10-10T19:10:09.368919Z,0.0700,44.87,yes
2026-10-10T19:10:09.368919Z,0.0700,1.00,yes
2026-10-10T19:10:09.368919Z,0.0700,11.00,yes
2026-10-10T19:10:09.368919Z,0.0700,662.60,yes
2026-10-10T19:10:09.368919Z,0.0600,15.00,yes
2026-10-10T19:10:09.368919Z,0.0600,37.44,yes
2026-10-10T19:10:09.552637Z,0.0500,187.52,no
2026-10-10T19:10:09.687462Z,0.0500,6.80,no
2026-10-10T19:10:09.775188Z,0.0500,105.20,no
2026-10-10T19:10:09.79177Z,0.0500,78.18,no
2026-10-10T19:10:09.846418Z,0.0500,57.89,no
2026-10-10T19:10:09.890503Z,0.0500,24.31,no
2026-10-10T19:10:09.929705Z,0.0500,2.05,no
2026-10-10T19:10:09.974129Z,0.0600,22.36,yes
2026-10-10T19:10:09.987463Z,0.0500,91.84,no
2026-10-10T19:10:10.048049Z,0.0600,625.50,yes
2026-10-10T19:10:10.053748Z,0.0500,57.79,no
2026-10-10T19:10:10.117551Z,0.0500,104.73,no
2026-10-10T19:10:10.121376Z,0.0500,15.63,no
2026-10-10T19:10:10.127087Z,0.0500,432.44,no
2026-10-10T19:10:10.15127Z,0.0500,7.56,no
2026-10-10T19:10:10.154165Z,0.0500,187.52,no
2026-10-10T19:10:10.15791Z,0.0500,32.01,no
2026-10-10T19:10:10.160733Z,0.0600,78.18,yes
2026-10-10T19:10:10.324711Z,0.0500,308.77,no
2026-10-10T19:10:10.406448Z,0.0500,93.76,no
2026-10-10T19:10:10.476121Z,0.0500,117.12,no
2026-10-10T19:10:10.510345Z,0.0500,35.95,no
2026-10-10T19:10:10.556876Z,0.0500,234.25,no
2026-10-10T19:10:10.634481Z,0.0600,1.25,yes
2026-10-10T19:10:10.676848Z,0.0500,40.20,no
2026-10-10T19:10:10.686525Z,0.0600,124.87,yes
2026-10-10T19:10:10.72054Z,0.0500,262.22,no
2026-10-10T19:10:10.728021Z,0.0500,93.76,no
2026-10-10T19:10:10.754953Z,0.0500,10.93,no
2026-10-10T19:10:10.801658Z,0.0500,0.38,no
2026-10-10T19:10:10.974855Z,0.0500,51.91,no
2026-10-10T19:10:10.974855Z,0.0500,46.61,no
2026-10-10T19:10:11.050395Z,0.0500,30.76,no
2026-10-10T19:10:11.108904Z,0.0500,35.25,no
2026-10-10T19:10:11.130438Z,0.0500,10.68,no
2026-10-10T19:10:11.139641Z,0.0500,75.00,no
2026-10-10T19:10:11.139641Z,0.0500,76.70,no
2026-10-10T19:10:11.139641Z,0.0500,929.98,no
2026-10-10T19:10:11.154349Z,0.0400,15.00,no
2026-10-10T19:10:11.154349Z,0.0400,565.46,no
2026-10-10T19:10:11.154349Z,0.0400,31.00,no
2026-10-10T19:10:11.154349Z,0.0400,92.00,no
2026-10-10T19:10:11.154349Z,0.0400,600.00,no
2026-10-10T19:10:11.154349Z,0.0400,106.38,no
2026-10-10T19:10:11.154349Z,0.0400,75.00,no
2026-10-10T19:10:11.154349Z,0.0500,570.02,no
2026-10-10T19:10:11.154349Z,0.0500,95.00,no
2026-10-10T19:10:11.154349Z,0.0400,194.00,no
2026-10-10T19:10:11.154349Z,0.0400,37.39,no
2026-10-10T19:10:11.326288Z,0.0500,11.23,no
2026-10-10T19:10:11.388383Z,0.0500,10.93,no
2026-10-10T19:10:11.492224Z,0.0500,15.43,no
2026-10-10T19:10:11.492224Z,0.0500,31.45,no
2026-10-10T19:10:11.763095Z,0.0500,60.55,no
2026-10-10T19:10:11.763095Z,0.0500,7.77,no
2026-10-10T19:10:11.79368Z,0.0500,88.72,no
2026-10-10T19:10:11.864671Z,0.0500,43.79,no
2026-10-10T19:10:11.864671Z,0.0500,37.66,no
2026-10-10T19:10:11.864671Z,0.0500,3.51,no
2026-10-10T19:10:11.864671Z,0.0500,47.00,no
2026-10-10T19:10:11.898005Z,0.0600,11.25,yes
2026-10-10T19:10:11.905783Z,0.0500,21.79,no
2026-10-10T19:10:11.905783Z,0.0500,48.21,no
2026-10-10T19:10:12.12298Z,0.0500,3.00,no
2026-10-10T19:10:12.12298Z,0.0500,53.10,no
2026-10-10T19:10:12.12298Z,0.0500,37.66,no
2026-10-10T19:10:12.207286Z,0.0500,117.12,no
2026-10-10T19:10:12.250092Z,0.0600,111.00,yes
2026-10-10T19:10:12.338145Z,0.0500,28.11,no
2026-10-10T19:10:12.357669Z,0.0600,78.18,yes
2026-10-10T19:10:12.470073Z,0.0500,7.97,no
2026-10-10T19:10:12.55277Z,0.0500,3.75,no
2026-10-10T19:10:12.631381Z,0.0600,156.37,yes
2026-10-10T19:10:12.634708Z,0.0500,5.25,no
2026-10-10T19:10:12.706039Z,0.0600,46.91,yes
2026-10-10T19:10:12.706567Z,0.0500,15.47,no
2026-10-10T19:10:12.722017Z,0.0500,6.90,no
2026-10-10T19:10:12.737953Z,0.0600,312.75,yes
2026-10-10T19:10:12.859535Z,0.0600,24.87,yes
2026-10-10T19:10:12.984024Z,0.0500,30.74,no
2026-10-10T19:10:13.02861Z,0.0500,35.13,no
2026-10-10T19:10:13.088265Z,0.0500,35.98,no
2026-10-10T19:10:13.123941Z,0.0500,10.56,no
2026-10-10T19:10:13.146521Z,0.0600,187.00,yes
2026-10-10T19:10:13.20652Z,0.0500,62.84,no
2026-10-10T19:10:13.325049Z,0.0500,23.20,no
2026-10-10T19:10:13.431243Z,0.0500,15.47,no
2026-10-10T19:10:13.488592Z,0.0600,156.37,yes
2026-10-10T19:10:13.540726Z,0.0500,37.54,no
2026-10-10T19:10:13.631372Z,0.0600,312.37,yes
2026-10-10T19:10:13.836742Z,0.0500,23.20,no
2026-10-10T19:10:13.868077Z,0.0500,23.42,no
2026-10-10T19:10:13.985475Z,0.0500,23.42,no
2026-10-10T19:10:14.067087Z,0.0500,31.21,no
2026-10-10T19:10:14.12925Z,0.0500,93.58,no
2026-10-10T19:10:14.301763Z,0.0500,5.00,no
2026-10-10T19:10:14.365144Z,0.0500,6.88,no
2026-10-10T19:10:14.365554Z,0.0600,78.18,yes
2026-10-10T19:10:14.417042Z,0.0500,32.09,no
2026-10-10T19:10:14.440462Z,0.0500,109.46,no
2026-10-10T19:10:14.652081Z,0.0500,5.62,no
2026-10-10T19:10:14.69081Z,0.0500,1971.16,no
2026-10-10T19:10:14.767447Z,0.0500,5.25,no
2026-10-10T19:10:14.818676Z,0.0600,78.18,yes
2026-10-10T19:10:14.840088Z,0.0600,426.59,yes
2026-10-10T19:10:14.841317Z,0.0500,93.00,no
2026-10-10T19:10:14.942472Z,0.0500,36.17,no
2026-10-10T19:10:15.019044Z,0.0600,78.18,yes
2026-10-10T19:10:15.030835Z,0.0500,192.58,no
2026-10-10T19:10:15.068379Z,0.0500,525.56,no
2026-10-10T19:10:15.070823Z,0.0500,67.06,no
2026-10-10T19:10:15.082578Z,0.0500,53.49,no
2026-10-10T19:10:15.097302Z,0.0500,111.42,no
2026-10-10T19:10:15.162449Z,0.0500,182.15,no
2026-10-10T19:10:15.358174Z,0.0600,50.35,yes
2026-10-10T19:10:15.429179Z,0.0500,117.12,no
2026-10-10T19:10:15.451715Z,0.0500,41.87,no
2026-10-10T19:10:15.488509Z,0.0500,47.57,no
2026-10-10T19:10:15.597537Z,0.0500,198.52,no
2026-10-10T19:10:15.667509Z,0.0500,14.07,no
2026-10-10T19:10:15.667509Z,0.0500,14.86,no
2026-10-10T19:10:15.808021Z,0.0600,651.00,yes
2026-10-10T19:10:16.000778Z,0.0500,81.71,no
2026-10-10T19:10:16.000778Z,0.0500,75.00,no
2026-10-10T19:10:16.000778Z,0.0500,80.00,no
2026-10-10T19:10:16.000778Z,0.0500,12.32,no
2026-10-10T19:10:16.058157Z,0.0500,431.31,no
2026-10-10T19:10:16.072746Z,0.0500,0.44,no
2026-10-10T19:10:16.214071Z,0.0600,46.91,yes
2026-10-10T19:10:16.232533Z,0.0500,36.47,no
2026-10-10T19:10:16.278635Z,0.0500,40.99,no
2026-10-10T19:10:16.320081Z,0.0500,24.08,no
2026-10-10T19:10:16.325803Z,0.0500,212.76,no
2026-10-10T19:10:16.330439Z,0.0600,78.18,yes
2026-10-10T19:10:16.35271Z,0.0500,37.50,no
2026-10-10T19:10:16.372548Z,0.0500,26.82,no
2026-10-10T19:10:16.438406Z,0.0500,78.18,no
2026-10-10T19:10:16.527066Z,0.0500,70.27,no
2026-10-10T19:10:16.549179Z,0.0500,11.71,no
2026-10-10T19:10:16.569427Z,0.0500,37.05,no
2026-10-10T19:10:16.59483Z,0.0500,15.47,no
2026-10-10T19:10:16.634976Z,0.0600,26.72,yes
2026-10-10T19:10:16.659592Z,0.0600,5.95,yes
2026-10-10T19:10:16.784893Z,0.0500,43.72,no
2026-10-10T19:10:16.791444Z,0.0500,20.09,no
2026-10-10T19:10:16.841963Z,0.0500,77.46,no
2026-10-10T19:10:16.859085Z,0.0500,187.52,no
2026-10-10T19:10:16.909634Z,0.0500,135.84,no
2026-10-10T19:10:16.909634Z,0.0500,65.64,no
2026-10-10T19:10:16.962738Z,0.0500,39.58,no
2026-10-10T19:10:17.158678Z,0.0500,421.11,no
2026-10-10T19:10:17.181439Z,0.0500,1.44,no
2026-10-10T19:10:17.194746Z,0.0500,10.93,no
2026-10-10T19:10:17.262468Z,0.0500,78.18,no
2026-10-10T19:10:17.282516Z,0.0500,23.70,no
2026-10-10T19:10:17.411833Z,0.0500,1.36,no
2026-10-10T19:10:17.48598Z,0.0500,1265.04,no
2026-10-10T19:10:17.592615Z,0.0500,2.95,no
2026-10-10T19:10:17.613286Z,0.0600,58.17,yes
2026-10-10T19:10:17.822907Z,0.0500,78.18,no
2026-10-10T19:10:17.937654Z,0.0500,12.93,no
2026-10-10T19:10:18.080097Z,0.0500,18.75,no
2026-10-10T19:10:18.136466Z,0.0500,5.44,no
2026-10-10T19:10:18.191936Z,0.0500,479.00,no
2026-10-10T19:10:18.286262Z,0.0500,23.81,no
2026-10-10T19:10:18.432541Z,0.0500,375.05,no
2026-10-10T19:10:18.444672Z,0.0500,15.47,no
2026-10-10T19:10:18.603169Z,0.0600,14.47,yes
2026-10-10T19:10:18.649675Z,0.0500,46.85,no
2026-10-10T19:10:18.653822Z,0.0500,15.47,no
2026-10-10T19:10:18.667284Z,0.0600,15.63,yes
2026-10-10T19:10:18.719236Z,0.0600,31.90,yes
2026-10-10T19:10:19.115552Z,0.0600,74.19,yes
2026-10-10T19:10:19.115552Z,0.0600,0.66,yes
2026-10-10T19:10:19.115552Z,0.0600,1.12,yes
2026-10-10T19:10:19.115552Z,0.0600,1.12,yes
2026-10-10T19:10:19.115552Z,0.0600,1.07,yes
2026-10-10T19:10:19.115552Z,0.0600,1.10,yes
2026-10-10T19:10:19.115552Z,0.0600,1.12,yes
2026-10-10T19:10:19.115552Z,0.0600,1.03,yes
2026-10-10T19:10:19.115552Z,0.0600,1.02,yes
2026-10-10T19:10:19.115552Z,0.0600,1.10,yes
2026-10-10T19:10:19.115552Z,0.0600,1.12,yes
2026-10-10T19:10:19.115552Z,0.0600,3.00,yes
2026-10-10T19:10:19.115552Z,0.0600,1.26,yes
2026-10-10T19:10:19.115552Z,0.0600,1.21,yes
2026-10-10T19:10:19.115552Z,0.0600,1.05,yes
2026-10-10T19:10:19.115552Z,0.0600,1.23,yes
2026-10-10T19:10:19.115552Z,0.0600,1.13,yes
2026-10-10T19:10:19.115552Z,0.0600,1.26,yes
2026-10-10T19:10:19.115552Z,0.0600,1.19,yes
2026-10-10T19:10:19.115552Z,0.0600,1.19,yes
2026-10-10T19:10:19.115552Z,0.0600,1.03,yes
2026-10-10T19:10:19.115552Z,0.0600,110.36,yes
2026-10-10T19:10:19.269268Z,0.0500,64.99,no
2026-10-10T19:10:19.297039Z,0.0500,156.37,no
2026-10-10T19:10:19.328762Z,0.0600,16.13,yes
2026-10-10T19:10:19.349048Z,0.0500,107.30,no
2026-10-10T19:10:19.568526Z,0.0600,46.91,yes
2026-10-10T19:10:19.713091Z,0.0500,18.75,no
2026-10-10T19:10:19.760853Z,0.0500,67.06,no
2026-10-10T19:10:19.848869Z,0.0500,56.81,no
2026-10-10T19:10:20.146261Z,0.0600,78.18,yes
2026-10-10T19:10:20.306263Z,0.0500,318.93,no
2026-10-10T19:10:20.342953Z,0.0500,187.52,no
2026-10-10T19:10:20.350376Z,0.0500,21.50,no
2026-10-10T19:10:20.467441Z,0.0500,75.00,no
2026-10-10T19:10:20.467441Z,0.0500,247.00,no
2026-10-10T19:10:20.467441Z,0.0500,5.00,no
2026-10-10T19:10:20.467441Z,0.0500,200.00,no
2026-10-10T19:10:20.467441Z,0.0500,38.08,no
2026-10-10T19:10:20.467441Z,0.0500,19.89,no
2026-10-10T19:10:20.467441Z,0.0400,6915.04,no
2026-10-10T19:10:20.467441Z,0.0500,25.00,no
2026-10-10T19:10:20.467441Z,0.0500,92.00,no
2026-10-10T19:10:20.467441Z,0.0500,80.00,no
2026-10-10T19:10:20.66955Z,0.0600,55.00,yes
2026-10-10T19:10:20.918736Z,0.0500,7.81,no
2026-10-10T19:10:20.989222Z,0.0500,2.01,no
2026-10-10T19:10:21.019561Z,0.0600,134.12,yes
2026-10-10T19:10:21.027586Z,0.0400,65.35,no
2026-10-10T19:10:21.027586Z,0.0500,28.41,no
2026-10-10T19:10:21.0576Z,0.0500,38.23,no
2026-10-10T19:10:21.0576Z,0.0400,27.12,no
2026-10-10T19:10:21.238274Z,0.0500,38.23,no
2026-10-10T19:10:21.238274Z,0.0400,13.53,no
2026-10-10T19:10:21.5385Z,0.0500,38.35,no
2026-10-10T19:10:21.5385Z,0.0500,3.00,no
2026-10-10T19:10:21.575687Z,0.0400,0.15,no
2026-10-10T19:10:21.778685Z,0.0400,34.20,no
2026-10-10T19:10:21.778685Z,0.0400,82.92,no
2026-10-10T19:10:21.780256Z,0.0400,124.87,no
2026-10-10T19:10:21.915301Z,0.0500,18.75,yes
2026-10-10T19:10:21.956661Z,0.0500,156.37,yes
2026-10-10T19:10:21.986626Z,0.0400,78.18,no
2026-10-10T19:10:22.081853Z,0.0400,83.00,no
2026-10-10T19:10:22.081853Z,0.0400,104.00,no
2026-10-10T19:10:22.081853Z,0.0400,150.08,no
2026-10-10T19:10:22.29298Z,0.0400,22.88,no
2026-10-10T19:10:22.419325Z,0.0400,27.04,no
2026-10-10T19:10:22.419325Z,0.0400,999.52,no
2026-10-10T19:10:22.419325Z,0.0400,5.00,no
2026-10-10T19:10:22.419325Z,0.0400,38.35,no
2026-10-10T19:10:22.438608Z,0.0400,34.28,no
2026-10-10T19:10:22.475525Z,0.0500,300.00,yes
2026-10-10T19:10:22.499918Z,0.0500,390.94,yes
2026-10-10T19:10:22.730309Z,0.0400,45.74,no
2026-10-10T19:10:22.741216Z,0.0400,47.34,no
2026-10-10T19:10:22.781923Z,0.0500,156.37,yes
2026-10-10T19:10:22.824057Z,0.0400,1.41,no
2026-10-10T19:10:22.858462Z,0.0400,383.61,no
2026-10-10T19:10:22.876934Z,0.0400,146.15,no
2026-10-10T19:10:22.969524Z,0.0500,67.51,yes
2026-10-10T19:10:22.987248Z,0.0400,125.74,no
2026-10-10T19:10:23.098906Z,0.0400,87.37,no
2026-10-10T19:10:23.206292Z,0.0500,0.93,yes
2026-10-10T19:10:23.283566Z,0.0400,510.61,no
2026-10-10T19:10:23.630038Z,0.0400,75.81,no
2026-10-10T19:10:23.76546Z,0.0400,11.44,no
2026-10-10T19:10:23.871761Z,0.0400,13.41,no
2026-10-10T19:10:23.936577Z,0.0400,7.73,no
2026-10-10T19:10:24.008977Z,0.0400,14.58,no
2026-10-10T19:10:24.190324Z,0.0400,44.30,no
2026-10-10T19:10:24.330855Z,0.0400,62.23,no
2026-10-10T19:10:24.394189Z,0.0400,93.76,no
2026-10-10T19:10:24.496832Z,0.0400,5.82,no
2026-10-10T19:10:24.536496Z,0.0500,27.19,yes
2026-10-10T19:10:24.645037Z,0.0400,56.20,no
2026-10-10T19:10:24.653039Z,0.0400,312.18,no
2026-10-10T19:10:24.863453Z,0.0400,85.71,no
2026-10-10T19:10:25.017096Z,0.0400,234.22,no
2026-10-10T19:10:25.074606Z,0.0400,1.43,no
2026-10-10T19:10:25.28813Z,0.0400,27.75,no
2026-10-10T19:10:25.346729Z,0.0500,500.00,yes
2026-10-10T19:10:25.505723Z,0.0400,45.76,no
2026-10-10T19:10:25.561314Z,0.0400,93.76,no
2026-10-10T19:10:25.704976Z,0.0400,702.77,no
2026-10-10T19:10:25.707547Z,0.0400,10.00,no
2026-10-10T19:10:25.781505Z,0.0400,90.10,no
2026-10-10T19:10:25.79704Z,0.0400,129.27,no
2026-10-10T19:10:25.79704Z,0.0400,1248.50,no
2026-10-10T19:10:25.79704Z,0.0400,84.00,no
2026-10-10T19:10:25.94689Z,0.0400,28.94,no
2026-10-10T19:10:26.033687Z,0.0400,18.00,no
2026-10-10T19:10:26.033687Z,0.0400,65.00,no
2026-10-10T19:10:26.033687Z,0.0400,5.00,no
2026-10-10T19:10:26.033687Z,0.0400,2722.56,no
2026-10-10T19:10:26.035324Z,0.0300,876.39,no
2026-10-10T19:10:26.035324Z,0.0300,2086.00,no
2026-10-10T19:10:26.035324Z,0.0300,2086.00,no
2026-10-10T19:10:26.047856Z,0.0400,1189.44,yes
2026-10-10T19:10:26.099743Z,0.0400,66.61,no
2026-10-10T19:10:26.099743Z,0.0400,39.08,no
2026-10-10T19:10:26.146986Z,0.0400,13.00,no
2026-10-10T19:10:26.153733Z,0.0400,22.46,no
2026-10-10T19:10:26.153733Z,0.0400,24.39,no
2026-10-10T19:10:26.230794Z,0.0400,16.62,no
2026-10-10T19:10:26.230794Z,0.0400,19.36,no
2026-10-10T19:10:26.365232Z,0.0400,46.91,no
2026-10-10T19:10:26.380886Z,0.0400,39.06,no
2026-10-10T19:10:26.380886Z,0.0400,29.95,no
2026-10-10T19:10:26.380886Z,0.0400,57.09,no
2026-10-10T19:10:26.547779Z,0.0400,39.06,no
2026-10-10T19:10:26.547779Z,0.0400,15.74,no
2026-10-10T19:10:26.691068Z,0.0400,594.94,no
2026-10-10T19:10:26.691068Z,0.0400,88.26,no
2026-10-10T19:10:26.928568Z,0.0500,312.75,yes
2026-10-10T19:10:27.022469Z,0.0400,14.18,no
2026-10-10T19:10:27.044646Z,0.0500,78.18,yes
2026-10-10T19:10:27.056285Z,0.0400,9.30,no
2026-10-10T19:10:27.140062Z,0.0400,40.00,no
2026-10-10T19:10:27.172306Z,0.0400,44.71,no
2026-10-10T19:10:27.18604Z,0.0500,518.13,yes
2026-10-10T19:10:27.18604Z,0.0500,595.87,yes
2026-10-10T19:10:27.18604Z,0.0500,75.00,yes
2026-10-10T19:10:27.199459Z,0.0500,1189.00,yes
2026-10-10T19:10:27.235679Z,0.0500,160.00,yes
2026-10-10T19:10:27.454126Z,0.0400,356.74,no
2026-10-10T19:10:27.60508Z,0.0400,47.92,no
2026-10-10T19:10:27.675275Z,0.0400,12.45,no
2026-10-10T19:10:27.81865Z,0.0400,18.93,no
2026-10-10T19:10:28.085486Z,0.0400,10.04,no
2026-10-10T19:10:28.14122Z,0.0500,75.01,yes
2026-10-10T19:10:28.286445Z,0.0500,466.71,yes
2026-10-10T19:10:28.286445Z,0.0500,480.12,yes
2026-10-10T19:10:28.307002Z,0.0400,10.93,no
2026-10-10T19:10:28.326827Z,0.0400,197.11,no
2026-10-10T19:10:28.519257Z,0.0400,2.23,no
2026-10-10T19:10:28.535189Z,0.0400,26.26,no
2026-10-10T19:10:28.679231Z,0.0400,46.91,no
2026-10-10T19:10:28.693152Z,0.0400,2.28,no
2026-10-10T19:10:28.702911Z,0.0400,27.32,no
2026-10-10T19:10:28.793383Z,0.0400,9.59,no
2026-10-10T19:10:28.793383Z,0.0400,37.75,no
2026-10-10T19:10:28.845879Z,0.0400,125.25,no
2026-10-10T19:10:28.845879Z,0.0400,29.47,no
2026-10-10T19:10:28.863563Z,0.0400,18.65,no
2026-10-10T19:10:28.980575Z,0.0400,24.90,no
2026-10-10T19:10:29.213592Z,0.0300,23.86,no
2026-10-10T19:10:29.213592Z,0.0400,39.36,no
2026-10-10T19:10:29.29646Z,0.0400,39.57,no
2026-10-10T19:10:29.29646Z,0.0400,109.93,no
2026-10-10T19:10:29.307606Z,0.0400,1.87,no
2026-10-10T19:10:29.316711Z,0.0500,25.00,yes
2026-10-10T19:10:29.406148Z,0.0400,7.39,no
2026-10-10T19:10:29.596176Z,0.0300,36.77,no
2026-10-10T19:10:29.605149Z,0.0300,14.38,no
2026-10-10T19:10:30.172661Z,0.0300,187.52,no
2026-10-10T19:10:30.227767Z,0.0300,3.22,no
2026-10-10T19:10:30.26021Z,0.0300,41.03,no
2026-10-10T19:10:30.481734Z,0.0300,19.97,no
2026-10-10T19:10:30.549906Z,0.0400,5.00,yes
2026-10-10T19:10:30.679529Z,0.0400,20.00,yes
2026-10-10T19:10:30.739926Z,0.0400,14.57,yes
2026-10-10T19:10:30.739926Z,0.0400,24.43,yes
2026-10-10T19:10:30.746646Z,0.0300,41.39,no
2026-10-10T19:10:30.779158Z,0.0300,66.29,no
2026-10-10T19:10:30.859602Z,0.0300,7.73,no
2026-10-10T19:10:31.072012Z,0.0300,48.56,no
2026-10-10T19:10:31.289456Z,0.0300,28.94,no
2026-10-10T19:10:31.350581Z,0.0400,21.90,yes
2026-10-10T19:10:31.350581Z,0.0400,138.10,yes
2026-10-10T19:10:31.370213Z,0.0400,160.00,yes
2026-10-10T19:10:31.415871Z,0.0400,160.00,yes
2026-10-10T19:10:31.701656Z,0.0300,54.99,no
2026-10-10T19:10:31.716336Z,0.0300,52.53,no
2026-10-10T19:10:31.736319Z,0.0300,10.25,no
2026-10-10T19:10:31.780228Z,0.0300,129.06,no
2026-10-10T19:10:31.784011Z,0.0300,72.82,no
2026-10-10T19:10:31.827812Z,0.0400,234.25,yes
2026-10-10T19:10:32.009893Z,0.0300,44.98,no
2026-10-10T19:10:32.239591Z,0.0400,234.25,yes
2026-10-10T19:10:32.393732Z,0.0300,93.76,no
2026-10-10T19:10:32.417344Z,0.0400,625.00,yes
2026-10-10T19:10:32.453493Z,0.0300,1.00,no
2026-10-10T19:10:32.493921Z,0.0300,37.69,no
2026-10-10T19:10:32.493921Z,0.0300,230.56,no
2026-10-10T19:10:32.576681Z,0.0300,52.53,no
2026-10-10T19:10:32.599756Z,0.0300,27.32,no
2026-10-10T19:10:32.734318Z,0.0400,117.12,yes
2026-10-10T19:10:32.905129Z,0.0300,436.60,no
2026-10-10T19:10:32.97979Z,0.0300,28.68,no
2026-10-10T19:10:32.986282Z,0.0300,39.26,no
2026-10-10T19:10:32.994592Z,0.0300,18.53,no
2026-10-10T19:10:33.050741Z,0.0300,67.06,no
2026-10-10T19:10:33.129715Z,0.0400,156.37,yes
2026-10-10T19:10:33.305795Z,0.0300,18.75,no
2026-10-10T19:10:33.443786Z,0.0400,234.25,yes
2026-10-10T19:10:33.65387Z,0.0300,59.53,no
2026-10-10T19:10:33.765681Z,0.0300,8.81,no
2026-10-10T19:10:33.773126Z,0.0400,23.42,yes
2026-10-10T19:10:33.9371Z,0.0300,37.50,no
2026-10-10T19:10:34.088667Z,0.0400,11.71,yes
2026-10-10T19:10:34.147907Z,0.0300,11.25,no
2026-10-10T19:10:34.200497Z,0.0400,231.68,yes
2026-10-10T19:10:34.430145Z,0.0300,38.74,no
2026-10-10T19:10:34.514828Z,0.0400,210.83,yes
2026-10-10T19:10:34.518928Z,0.0300,213.98,no
2026-10-10T19:10:34.61252Z,0.0300,93.76,no
2026-10-10T19:10:34.774588Z,0.0300,37.76,no
2026-10-10T19:10:34.964216Z,0.0300,76.92,no
2026-10-10T19:10:35.092758Z,0.0300,130.00,no
2026-10-10T19:10:35.28819Z,0.0300,67.51,no
2026-10-10T19:10:35.309093Z,0.0300,33.61,no
2026-10-10T19:10:35.416725Z,0.0300,14.60,no
2026-10-10T19:10:35.499208Z,0.0300,192.37,no
2026-10-10T19:10:35.520499Z,0.0300,23.42,no
2026-10-10T19:10:35.882282Z,0.0400,93.70,yes
2026-10-10T19:10:35.921605Z,0.0300,114.40,no
2026-10-10T19:10:36.275867Z,0.0400,71.00,yes
2026-10-10T19:10:36.351183Z,0.0300,52.25,no
2026-10-10T19:10:36.351183Z,0.0300,205.42,no
2026-10-10T19:10:36.454424Z,0.0300,74.46,no
2026-10-10T19:10:36.477362Z,0.0300,156.37,no
2026-10-10T19:10:36.665922Z,0.0300,26.26,no
2026-10-10T19:10:36.821883Z,0.0400,1319.00,yes
2026-10-10T19:10:36.836062Z,0.0400,117.12,yes
2026-10-10T19:10:36.967328Z,0.0300,19.70,no
2026-10-10T19:10:37.141558Z,0.0300,53.49,no
2026-10-10T19:10:37.200433Z,0.0300,14.47,no
2026-10-10T19:10:37.207467Z,0.0300,383.03,no
2026-10-10T19:10:37.428113Z,0.0300,27.40,no
2026-10-10T19:10:37.573692Z,0.0300,0.66,no
2026-10-10T19:10:37.742802Z,0.0300,57.89,no
2026-10-10T19:10:37.845508Z,0.0300,18.75,no
2026-10-10T19:10:37.996046Z,0.0400,40.00,yes
2026-10-10T19:10:38.032639Z,0.0300,15.27,no
2026-10-10T19:10:38.032639Z,0.0300,4.39,no
2026-10-10T19:10:38.032639Z,0.0300,55.35,no
2026-10-10T19:10:38.100292Z,0.0300,31.27,no
2026-10-10T19:10:38.519256Z,0.0400,93.70,yes
2026-10-10T19:10:38.546441Z,0.0300,93.76,no
2026-10-10T19:10:38.619109Z,0.0300,22.36,no
2026-10-10T19:10:38.624656Z,0.0300,45.91,no
2026-10-10T19:10:38.685113Z,0.0300,2.31,no
2026-10-10T19:10:38.685113Z,0.0300,30.00,no
2026-10-10T19:10:38.685113Z,0.0300,1000.00,no
2026-10-10T19:10:38.685113Z,0.0300,1667.00,no
2026-10-10T19:10:38.685113Z,0.0300,1500.00,no
2026-10-10T19:10:38.685113Z,0.0300,951.37,no
2026-10-10T19:10:39.027621Z,0.0400,23.42,yes
2026-10-10T19:10:39.218049Z,0.0300,71.91,no
2026-10-10T19:10:39.485342Z,0.0300,1.44,no
2026-10-10T19:10:39.495274Z,0.0300,175.44,no
2026-10-10T19:10:39.910457Z,0.0300,50.35,no
2026-10-10T19:10:40.004134Z,0.0300,23.42,no
2026-10-10T19:10:40.071527Z,0.0300,54.67,no
2026-10-10T19:10:40.29247Z,0.0300,1414.40,no
2026-10-10T19:10:40.29247Z,0.0300,337.10,no
2026-10-10T19:10:40.306444Z,0.0300,32.80,no
2026-10-10T19:10:40.475507Z,0.0300,144.72,no
2026-10-10T19:10:40.492606Z,0.0300,30.00,no
2026-10-10T19:10:40.50666Z,0.0300,312.75,no
2026-10-10T19:10:40.795503Z,0.0300,771.68,no
2026-10-10T19:10:40.838817Z,0.0300,3.18,no
2026-10-10T19:10:41.034572Z,0.0300,37.83,no
2026-10-10T19:10:41.165878Z,0.0400,163.98,yes
2026-10-10T19:10:41.215406Z,0.0300,37.50,no
2026-10-10T19:10:41.376167Z,0.0400,234.25,yes
2026-10-10T19:10:41.480427Z,0.0300,55.90,no
2026-10-10T19:10:41.690978Z,0.0400,585.64,yes
2026-10-10T19:10:41.712883Z,0.0300,41.80,no
2026-10-10T19:10:41.713429Z,0.0300,14.05,no
2026-10-10T19:10:41.808792Z,0.0300,52.56,no
2026-10-10T19:10:41.887273Z,0.0300,43.23,no
2026-10-10T19:10:41.975451Z,0.0300,142.39,no
2026-10-10T19:10:42.00218Z,0.0300,60.28,no
2026-10-10T19:10:42.155431Z,0.0300,21.39,no
2026-10-10T19:10:42.624287Z,0.0300,38.68,no
2026-10-10T19:10:42.705626Z,0.0300,113.34,no
2026-10-10T19:10:42.87176Z,0.0300,10.93,no
2026-10-10T19:10:42.943314Z,0.0300,440.89,no
2026-10-10T19:10:42.943314Z,0.0300,1432.94,no
2026-10-10T19:10:43.239182Z,0.0300,34.95,no
2026-10-10T19:10:43.413061Z,0.0300,37.00,no
2026-10-10T19:10:43.49918Z,0.0300,11.50,no
2026-10-10T19:10:43.562988Z,0.0300,3.58,no
2026-10-10T19:10:43.630798Z,0.0400,156.37,yes
2026-10-10T19:10:43.643156Z,0.0300,524.42,no
2026-10-10T19:10:44.012021Z,0.0300,301.39,no
2026-10-10T19:10:44.012021Z,0.0300,698.61,no
2026-10-10T19:10:44.252697Z,0.0300,2.89,no
2026-10-10T19:10:44.496532Z,0.0300,26.20,no
2026-10-10T19:10:44.530919Z,0.0300,3.28,no
2026-10-10T19:10:44.645131Z,0.0300,75.85,no
2026-10-10T19:10:44.664939Z,0.0300,6.38,no
2026-10-10T19:10:44.708506Z,0.0300,26.82,no
2026-10-10T19:10:44.959614Z,0.0300,4.64,no
2026-10-10T19:10:45.243087Z,0.0300,312.75,no
2026-10-10T19:10:45.294769Z,0.0300,93.76,no
2026-10-10T19:10:45.449253Z,0.0300,40.99,no
2026-10-10T19:10:45.554249Z,0.0300,37.50,no
2026-10-10T19:10:46.015956Z,0.0300,766.24,no
2026-10-10T19:10:46.121208Z,0.0300,93.76,no
2026-10-10T19:10:46.12555Z,0.0300,194.10,no
2026-10-10T19:10:46.300113Z,0.0300,13.66,no
2026-10-10T19:10:47.006626Z,0.0300,227.22,no
2026-10-10T19:10:47.007808Z,0.0300,261.98,no
2026-10-10T19:10:47.145154Z,0.0300,24.98,no
2026-10-10T19:10:47.291562Z,0.0400,71.00,yes
2026-10-10T19:10:47.398035Z,0.0300,38.45,no
2026-10-10T19:10:47.690437Z,0.0300,98.55,no
2026-10-10T19:10:47.740892Z,0.0300,25.31,no
2026-10-10T19:10:48.145291Z,0.0300,7.85,no
2026-10-10T19:10:48.200864Z,0.0300,1.64,no
2026-10-10T19:10:48.53331Z,0.0300,40.99,no
2026-10-10T19:10:48.614178Z,0.0400,4.00,yes
2026-10-10T19:10:48.614178Z,0.0400,113.12,yes
2026-10-10T19:10:48.728926Z,0.0300,17.82,no
2026-10-10T19:10:48.728926Z,0.0300,513.05,no
2026-10-10T19:10:48.75884Z,0.0300,33.84,no
2026-10-10T19:10:48.830281Z,0.0400,4.75,yes
2026-10-10T19:10:48.830281Z,0.0400,1.00,yes
2026-10-10T19:10:48.970385Z,0.0300,54.98,no
2026-10-10T19:10:49.269673Z,0.0300,24.90,no
2026-10-10T19:10:49.474218Z,0.0300,37.54,no
2026-10-10T19:10:49.796493Z,0.0300,2.62,no
2026-10-10T19:10:49.835038Z,0.0400,31.62,yes
2026-10-10T19:10:49.928763Z,0.0300,142.04,no
2026-10-10T19:10:50.049764Z,0.0400,166.50,yes
2026-10-10T19:10:50.291344Z,0.0300,24.18,no
2026-10-10T19:10:50.420736Z,0.0300,3.11,no
2026-10-10T19:10:50.527268Z,0.0300,187.40,no
2026-10-10T19:10:50.772426Z,0.0400,70.27,yes
2026-10-10T19:10:50.793807Z,0.0300,155.95,no
2026-10-10T19:10:51.033165Z,0.0300,22.33,no
2026-10-10T19:10:51.307144Z,0.0300,14.47,no
2026-10-10T19:10:51.488584Z,0.0300,192.44,no
2026-10-10T19:10:51.620857Z,0.0300,18.75,no
2026-10-10T19:10:51.727182Z,0.0300,30.25,no
2026-10-10T19:10:51.737829Z,0.0400,234.25,yes
2026-10-10T19:10:51.748221Z,0.0400,585.64,yes
2026-10-10T19:10:52.130422Z,0.0300,170.19,no
2026-10-10T19:10:52.377466Z,0.0400,129.54,yes
2026-10-10T19:10:52.755872Z,0.0300,4.64,no
2026-10-10T19:10:52.771961Z,0.0300,78.18,no
2026-10-10T19:10:52.813067Z,0.0400,117.12,yes
2026-10-10T19:10:52.929234Z,0.0300,2289.14,no
2026-10-10T19:10:52.929234Z,0.0300,198.09,no
2026-10-10T19:10:53.024013Z,0.0300,312.37,no
2026-10-10T19:10:53.027632Z,0.0300,104.84,no
2026-10-10T19:10:53.208216Z,0.0300,268.25,no
2026-10-10T19:10:53.242468Z,0.0400,1500.00,yes
2026-10-10T19:10:53.242468Z,0.0400,1660.31,yes
2026-10-10T19:10:53.242468Z,0.0400,1.08,yes
2026-10-10T19:10:53.242468Z,0.0400,1.14,yes
2026-10-10T19:10:53.242468Z,0.0400,1.28,yes
2026-10-10T19:10:53.242468Z,0.0400,1.00,yes
2026-10-10T19:10:53.242468Z,0.0400,293.27,yes
2026-10-10T19:10:53.242468Z,0.0400,1.03,yes
2026-10-10T19:10:53.242468Z,0.0400,0.52,yes
2026-10-10T19:10:53.242468Z,0.0400,0.39,yes
2026-10-10T19:10:53.242468Z,0.0400,10.00,yes
2026-10-10T19:10:53.242468Z,0.0400,1500.00,yes
2026-10-10T19:10:53.242468Z,0.0400,1.08,yes
2026-10-10T19:10:53.242468Z,0.0400,1.15,yes
2026-10-10T19:10:53.242468Z,0.0400,1.28,yes
2026-10-10T19:10:53.242468Z,0.0400,4595.47,yes
2026-10-10T19:10:53.33179Z,0.0400,952.81,yes
2026-10-10T19:10:53.34264Z,0.0400,1.39,yes
2026-10-10T19:10:53.34264Z,0.0400,1.20,yes
2026-10-10T19:10:53.34264Z,0.0400,1.09,yes
2026-10-10T19:10:53.34264Z,0.0400,1.21,yes
2026-10-10T19:10:53.34264Z,0.0400,1.22,yes
2026-10-10T19:10:53.34264Z,0.0400,1.10,yes
2026-10-10T19:10:53.34264Z,0.0400,1.05,yes
2026-10-10T19:10:53.34264Z,0.0400,253.92,yes
2026-10-10T19:10:53.34264Z,0.0400,1.15,yes
2026-10-10T19:10:53.34264Z,0.0400,1.16,yes
2026-10-10T19:10:53.34264Z,0.0400,1.63,yes
2026-10-10T19:10:53.34264Z,0.0400,177.44,yes
2026-10-10T19:10:53.34264Z,0.0400,1.40,yes
2026-10-10T19:10:53.34264Z,0.0400,1.02,yes
2026-10-10T19:10:53.34264Z,0.0400,1.07,yes
2026-10-10T19:10:53.34264Z,0.0400,1.34,yes
2026-10-10T19:10:53.34264Z,0.0400,1.40,yes
2026-10-10T19:10:53.34264Z,0.0400,1.33,yes
2026-10-10T19:10:53.34264Z,0.0400,1.14,yes
2026-10-10T19:10:53.34264Z,0.0400,1.51,yes
2026-10-10T19:10:53.34264Z,0.0400,1.06,yes
2026-10-10T19:10:53.34264Z,0.0400,1.29,yes
2026-10-10T19:10:53.34264Z,0.0400,1.21,yes
2026-10-10T19:10:53.34264Z,0.0400,1.20,yes
2026-10-10T19:10:53.34264Z,0.0400,1.11,yes
2026-10-10T19:10:53.34264Z,0.0400,1.47,yes
2026-10-10T19:10:53.34264Z,0.0400,1.02,yes
2026-10-10T19:10:53.34264Z,0.0400,1.55,yes
2026-10-10T19:10:53.34264Z,0.0400,1.35,yes
2026-10-10T19:10:53.34264Z,0.0400,1.17,yes
2026-10-10T19:10:53.34264Z,0.0400,1.37,yes
2026-10-10T19:10:53.34264Z,0.0400,1.01,yes
2026-10-10T19:10:53.34264Z,0.0400,1.25,yes
2026-10-10T19:10:53.34264Z,0.0400,1.32,yes
2026-10-10T19:10:53.358657Z,0.0400,286.67,yes
2026-10-10T19:10:53.477391Z,0.0400,166.69,yes
2026-10-10T19:10:53.581037Z,0.0300,1970.45,no
2026-10-10T19:10:53.581037Z,0.0300,315.00,no
2026-10-10T19:10:53.581037Z,0.0300,75.00,no
2026-10-10T19:10:53.581037Z,0.0300,2873.00,no
2026-10-10T19:10:53.581037Z,0.0300,5.00,no
2026-10-10T19:10:53.581037Z,0.0300,2938.00,no
2026-10-10T19:10:53.581037Z,0.0300,1667.00,no
2026-10-10T19:10:53.581037Z,0.0300,1500.00,no
2026-10-10T19:10:53.581037Z,0.0300,67.18,no
2026-10-10T19:10:53.581037Z,0.0300,183.23,no
2026-10-10T19:10:53.581037Z,0.0300,2906.00,no
2026-10-10T19:10:53.581037Z,0.0300,75.17,no
2026-10-10T19:10:53.979335Z,0.0300,22.12,no
2026-10-10T19:10:54.019369Z,0.0300,26.74,no
2026-10-10T19:10:54.02003Z,0.0300,15.47,no
2026-10-10T19:10:54.030032Z,0.0400,234.25,yes
2026-10-10T19:10:54.125051Z,0.0300,187.52,no
2026-10-10T19:10:54.2327Z,0.0400,411.37,yes
2026-10-10T19:10:54.246097Z,0.0400,198.56,yes
2026-10-10T19:10:54.275145Z,0.0300,64.92,no
2026-10-10T19:10:54.275145Z,0.0300,169.30,no
2026-10-10T19:10:54.397916Z,0.0300,26.82,no
2026-10-10T19:10:54.411025Z,0.0400,1.00,yes
2026-10-10T19:10:54.411025Z,0.0400,1.41,yes
2026-10-10T19:10:54.411025Z,0.0400,1.48,yes
2026-10-10T19:10:54.411025Z,0.0400,1.40,yes
2026-10-10T19:10:54.411025Z,0.0400,1.58,yes
2026-10-10T19:10:54.411025Z,0.0400,1.52,yes
2026-10-10T19:10:54.411025Z,0.0400,1.39,yes
2026-10-10T19:10:54.411025Z,0.0400,1.32,yes
2026-10-10T19:10:54.411025Z,0.0400,1.04,yes
2026-10-10T19:10:54.411025Z,0.0400,1.36,yes
2026-10-10T19:10:54.411025Z,0.0400,1.44,yes
2026-10-10T19:10:54.411025Z,0.0400,1.33,yes
2026-10-10T19:10:54.411025Z,0.0400,1.31,yes
2026-10-10T19:10:54.411025Z,0.0400,1.28,yes
2026-10-10T19:10:54.411025Z,0.0400,1.54,yes
2026-10-10T19:10:54.411025Z,0.0400,1.47,yes
2026-10-10T19:10:54.411025Z,0.0400,1.26,yes
2026-10-10T19:10:54.411025Z,0.0400,1.26,yes
2026-10-10T19:10:54.411025Z,0.0400,1.22,yes
2026-10-10T19:10:54.411025Z,0.0400,1.40,yes
2026-10-10T19:10:54.411025Z,0.0400,1.40,yes
2026-10-10T19:10:54.411025Z,0.0400,10.00,yes
2026-10-10T19:10:54.411025Z,0.0400,1.27,yes
2026-10-10T19:10:54.411025Z,0.0400,1.00,yes
2026-10-10T19:10:54.411025Z,0.0400,1.15,yes
2026-10-10T19:10:54.411025Z,0.0400,1.08,yes
2026-10-10T19:10:54.411025Z,0.0400,1.43,yes
2026-10-10T19:10:54.411025Z,0.0400,1.31,yes
2026-10-10T19:10:54.411025Z,0.0400,136.44,yes
2026-10-10T19:10:54.411025Z,0.0400,1.30,yes
2026-10-10T19:10:54.411025Z,0.0400,1.06,yes
2026-10-10T19:10:54.411025Z,0.0400,1.29,yes
2026-10-10T19:10:54.411025Z,0.0400,1.60,yes
2026-10-10T19:10:54.411025Z,0.0400,1.05,yes
2026-10-10T19:10:54.411025Z,0.0400,1.62,yes
2026-10-10T19:10:54.411025Z,0.0400,1.28,yes
2026-10-10T19:10:54.411025Z,0.0400,1.03,yes
2026-10-10T19:10:54.411025Z,0.0400,1.25,yes
2026-10-10T19:10:54.411025Z,0.0400,1.63,yes
2026-10-10T19:10:54.411025Z,0.0400,1.33,yes
2026-10-10T19:10:54.411025Z,0.0400,1.35,yes
2026-10-10T19:10:54.411025Z,0.0400,1.21,yes
2026-10-10T19:10:54.411025Z,0.0400,1.61,yes
2026-10-10T19:10:54.411025Z,0.0400,1.16,yes
2026-10-10T19:10:54.411025Z,0.0400,1.09,yes
2026-10-10T19:10:54.411025Z,0.0400,1.36,yes
2026-10-10T19:10:54.411025Z,0.0400,1.30,yes
2026-10-10T19:10:54.411025Z,0.0400,1.30,yes
2026-10-10T19:10:54.411025Z,0.0400,1.09,yes
2026-10-10T19:10:54.411025Z,0.0400,1.25,yes
2026-10-10T19:10:54.411025Z,0.0400,1.07,yes
2026-10-10T19:10:54.411025Z,0.0400,1.01,yes
2026-10-10T19:10:54.411025Z,0.0400,1.00,yes
2026-10-10T19:10:54.411025Z,0.0400,1.49,yes
2026-10-10T19:10:54.411025Z,0.0400,1.28,yes
2026-10-10T19:10:54.411025Z,0.0400,1.29,yes
2026-10-10T19:10:54.411025Z,0.0400,1.17,yes
2026-10-10T19:10:54.411025Z,0.0400,5.00,yes
2026-10-10T19:10:54.411025Z,0.0400,1.37,yes
2026-10-10T19:10:54.411025Z,0.0400,1.14,yes
2026-10-10T19:10:55.018408Z,0.0400,3.59,no
2026-10-10T19:10:55.100264Z,0.0400,6.25,no
2026-10-10T19:10:55.349733Z,0.0400,31.40,no
2026-10-10T19:10:55.349733Z,0.0400,199.00,no
2026-10-10T19:10:55.349733Z,0.0400,82.35,no
2026-10-10T19:10:55.413458Z,0.0400,5.00,no
2026-10-10T19:10:55.413458Z,0.0400,31.24,no
2026-10-10T19:10:55.413458Z,0.0400,21.65,no
2026-10-10T19:10:55.491892Z,0.0400,19.00,no
2026-10-10T19:10:55.491892Z,0.0400,15.62,no
2026-10-10T19:10:55.491892Z,0.0400,10.24,no
2026-10-10T19:10:55.766152Z,0.0400,10.00,no
2026-10-10T19:10:55.828018Z,0.0500,75.01,yes
2026-10-10T19:10:55.914554Z,0.0400,6.28,no
2026-10-10T19:10:56.172889Z,0.0500,93.76,yes
2026-10-10T19:10:56.206353Z,0.0500,468.82,yes
2026-10-10T19:10:56.390368Z,0.0400,172.00,no
2026-10-10T19:10:56.845077Z,0.0400,54.91,no
2026-10-10T19:10:56.960111Z,0.0400,5.95,no
2026-10-10T19:10:56.965475Z,0.0500,93.60,yes
2026-10-10T19:10:57.091548Z,0.0400,6.18,no
2026-10-10T19:10:57.16204Z,0.0500,187.52,yes
2026-10-10T19:10:57.174262Z,0.0500,89.58,yes
2026-10-10T19:10:57.174262Z,0.0500,1.00,yes
2026-10-10T19:10:57.174262Z,0.0500,3.00,yes
2026-10-10T19:10:57.174262Z,0.0500,3.00,yes
2026-10-10T19:10:57.174262Z,0.0500,6.00,yes
2026-10-10T19:10:57.174262Z,0.0500,40.94,yes
2026-10-10T19:10:57.174262Z,0.0500,75.18,yes
2026-10-10T19:10:57.174262Z,0.0500,577.00,yes
2026-10-10T19:10:57.2783Z,0.0500,252.91,no
2026-10-10T19:10:57.433505Z,0.0500,75.23,no
2026-10-10T19:10:57.543408Z,0.0500,28.11,no
2026-10-10T19:10:57.673032Z,0.0500,73.00,no
2026-10-10T19:10:57.736862Z,0.0500,75.00,no
2026-10-10T19:10:57.757051Z,0.0500,154.72,no
2026-10-10T19:10:57.931651Z,0.0600,33.77,yes
2026-10-10T19:10:58.249476Z,0.0600,390.94,yes
2026-10-10T19:10:58.626738Z,0.0500,163.96,no
2026-10-10T19:10:59.000359Z,0.0500,31.27,no
2026-10-10T19:10:59.527099Z,0.0600,781.88,yes
2026-10-10T19:10:59.629342Z,0.0600,156.37,yes
2026-10-10T19:10:59.984194Z,0.0500,129.95,no
2026-10-10T19:11:00.222106Z,0.0500,126.00,no
2026-10-10T19:11:00.552442Z,0.0500,531.93,no
2026-10-10T19:11:00.692723Z,0.0600,31.27,yes
2026-10-10T19:11:00.753467Z,0.0500,55.38,no
2026-10-10T19:11:00.847445Z,0.0500,6.56,no
2026-10-10T19:11:00.945686Z,0.0600,50.60,yes
2026-10-10T19:11:00.945686Z,0.0600,105.77,yes
2026-10-10T19:11:00.98845Z,0.0600,75.00,yes
2026-10-10T19:11:00.98845Z,0.0600,4337.40,yes
2026-10-10T19:11:00.98845Z,0.0600,1.00,yes
2026-10-10T19:11:00.98845Z,0.0600,190.63,yes
2026-10-10T19:11:00.98845Z,0.0600,187.00,yes
2026-10-10T19:11:00.98845Z,0.0600,700.00,yes
2026-10-10T19:11:00.98845Z,0.0600,100.00,yes
2026-10-10T19:11:00.98845Z,0.0600,7000.00,yes
2026-10-10T19:11:00.98845Z,0.0600,157.00,yes
2026-10-10T19:11:00.98845Z,0.0600,52.00,yes
2026-10-10T19:11:00.98845Z,0.0600,74.00,yes
2026-10-10T19:11:00.98845Z,0.0600,100.00,yes
2026-10-10T19:11:00.98845Z,0.0600,53.00,yes
2026-10-10T19:11:00.98845Z,0.0600,26.00,yes
2026-10-10T19:11:00.98845Z,0.0600,20.00,yes
2026-10-10T19:11:00.98845Z,0.0600,1.00,yes
2026-10-10T19:11:00.98845Z,0.0600,27.00,yes
2026-10-10T19:11:00.98845Z,0.0600,383.00,yes
2026-10-10T19:11:00.98845Z,0.0600,57.00,yes
2026-10-10T19:11:00.98845Z,0.0600,15.00,yes
2026-10-10T19:11:00.98845Z,0.0600,19.00,yes
2026-10-10T19:11:00.98845Z,0.0600,16.00,yes
2026-10-10T19:11:00.98845Z,0.0600,1.00,yes
2026-10-10T19:11:00.98845Z,0.0600,1.00,yes
2026-10-10T19:11:00.98845Z,0.0600,1.00,yes
2026-10-10T19:11:00.98845Z,0.0600,3.00,yes
2026-10-10T19:11:00.98845Z,0.0600,1.00,yes
2026-10-10T19:11:00.98845Z,0.0600,1.00,yes
2026-10-10T19:11:00.98845Z,0.0600,2.00,yes
2026-10-10T19:11:00.98845Z,0.0600,3.00,yes
2026-10-10T19:11:00.98845Z,0.0600,500.00,yes
2026-10-10T19:11:00.98845Z,0.0600,2449.40,yes
2026-10-10T19:11:01.108603Z,0.0500,64.27,no
2026-10-10T19:11:01.339376Z,0.0500,8.71,no
2026-10-10T19:11:01.602462Z,0.0600,78.18,yes
2026-10-10T19:11:01.933818Z,0.0500,49.26,no
2026-10-10T19:11:02.139047Z,0.0500,124.03,no
2026-10-10T19:11:02.794938Z,0.0500,28.94,no
2026-10-10T19:11:03.305243Z,0.0500,67.06,no
2026-10-10T19:11:03.7076Z,0.0600,23.67,no
2026-10-10T19:11:03.787608Z,0.0700,1.00,yes
2026-10-10T19:11:03.787608Z,0.0700,1.00,yes
2026-10-10T19:11:03.787608Z,0.0700,1.00,yes
2026-10-10T19:11:03.787608Z,0.0700,125.12,yes
2026-10-10T19:11:03.787608Z,0.0700,1.00,yes
2026-10-10T19:11:03.787608Z,0.0700,5.00,yes
2026-10-10T19:11:03.977957Z,0.0500,60.14,no
2026-10-10T19:11:03.977957Z,0.0600,18.04,no
2026-10-10T19:11:04.03181Z,0.0500,58.79,no
2026-10-10T19:11:04.03181Z,0.0600,41.71,no
2026-10-10T19:11:04.172418Z,0.0500,587.40,no
2026-10-10T19:11:04.172418Z,0.0600,41.71,no
2026-10-10T19:11:04.226273Z,0.0600,5.78,no
2026-10-10T19:11:05.183459Z,0.0700,67.06,yes
2026-10-10T19:11:05.245654Z,0.0600,29.64,no
2026-10-10T19:11:05.364062Z,0.0600,31.24,no
2026-10-10T19:11:05.364062Z,0.0600,6.26,no
2026-10-10T19:11:05.387996Z,0.0600,283.00,no
2026-10-10T19:11:05.387996Z,0.0600,39.25,no
2026-10-10T19:11:05.658481Z,0.0600,468.82,no
2026-10-10T19:11:05.659513Z,0.0600,106.38,no
2026-10-10T19:11:05.775998Z,0.0600,9.28,no
2026-10-10T19:11:06.246102Z,0.0600,130.01,no
2026-10-10T19:11:06.667335Z,0.0700,13.41,yes
2026-10-10T19:11:06.713158Z,0.0600,67.06,no
2026-10-10T19:11:06.716683Z,0.0700,276.21,yes
2026-10-10T19:11:06.716683Z,0.0700,394.41,yes
2026-10-10T19:11:07.085651Z,0.0600,0.33,no
2026-10-10T19:11:07.338506Z,0.0700,67.06,yes
2026-10-10T19:11:07.508905Z,0.0600,34.06,no
2026-10-10T19:11:07.547649Z,0.0600,27.32,no
2026-10-10T19:11:07.688028Z,0.0600,153.00,no
2026-10-10T19:11:07.840178Z,0.0700,14.17,yes
2026-10-10T19:11:07.840178Z,0.0700,7.94,yes
2026-10-10T19:11:07.945032Z,0.0600,63.05,no
2026-10-10T19:11:08.065374Z,0.0700,0.11,yes
2026-10-10T19:11:08.135008Z,0.0600,75.01,no
2026-10-10T19:11:08.146043Z,0.0600,22.00,no
2026-10-10T19:11:08.472504Z,0.0600,18.75,no
2026-10-10T19:11:08.50154Z,0.0700,22.22,yes
2026-10-10T19:11:08.50154Z,0.0700,1.00,yes
2026-10-10T19:11:08.50154Z,0.0700,1667.00,yes
2026-10-10T19:11:08.50154Z,0.0700,6985.72,yes
2026-10-10T19:11:08.50154Z,0.0700,3000.00,yes
2026-10-10T19:11:08.50154Z,0.0700,67.00,yes
2026-10-10T19:11:08.50154Z,0.0700,800.00,yes
2026-10-10T19:11:08.50154Z,0.0700,107.00,yes
2026-10-10T19:11:09.153849Z,0.0600,13.24,no
2026-10-10T19:11:09.261225Z,0.0600,25.00,no
2026-10-10T19:11:09.288465Z,0.0600,140.71,no
2026-10-10T19:11:09.619638Z,0.0600,15.39,no
2026-10-10T19:11:10.187779Z,0.0600,11.06,no
2026-10-10T19:11:10.311163Z,0.0600,34.27,no
2026-10-10T19:11:10.910017Z,0.0600,56.12,no
2026-10-10T19:11:10.958004Z,0.0600,15.63,no
2026-10-10T19:11:10.970528Z,0.0700,42.30,yes
2026-10-10T19:11:10.970528Z,0.0700,38.17,yes
2026-10-10T19:11:11.161836Z,0.0600,13.00,no
2026-10-10T19:11:11.357039Z,0.0700,11.40,yes
2026-10-10T19:11:11.961782Z,0.0600,0.65,no
2026-10-10T19:11:11.988458Z,0.0700,261.65,yes
2026-10-10T19:11:11.988458Z,0.0700,4.60,yes
2026-10-10T19:11:11.988458Z,0.0700,2.00,yes
2026-10-10T19:11:11.989287Z,0.0600,7.19,no
2026-10-10T19:11:12.069634Z,0.0600,49.21,no
2026-10-10T19:11:12.296278Z,0.0600,555.00,no
2026-10-10T19:11:12.66244Z,0.0700,67.98,no
2026-10-10T19:11:12.66244Z,0.0700,41.48,no
2026-10-10T19:11:12.835998Z,0.0700,15.02,no
2026-10-10T19:11:12.835998Z,0.0700,37.93,no
2026-10-10T19:11:12.847009Z,0.0700,6.55,no
2026-10-10T19:11:12.929533Z,0.0800,79.99,yes
2026-10-10T19:11:12.929533Z,0.0800,13.95,yes
2026-10-10T19:11:12.982092Z,0.0700,11.71,no
2026-10-10T19:11:13.328346Z,0.0700,210.00,no
2026-10-10T19:11:13.328346Z,0.0700,72.29,no
2026-10-10T19:11:13.328346Z,0.0700,97.81,no
2026-10-10T19:11:13.328346Z,0.0700,11.71,no
2026-10-10T19:11:13.328346Z,0.0700,69.75,no
2026-10-10T19:11:13.328346Z,0.0700,41.48,no
2026-10-10T19:11:13.328346Z,0.0700,37.93,no
2026-10-10T19:11:13.328346Z,0.0700,83.00,no
2026-10-10T19:11:13.328346Z,0.0700,6.55,no
2026-10-10T19:11:13.563614Z,0.0600,34.73,no
2026-10-10T19:11:13.563614Z,0.0700,154.00,no
2026-10-10T19:11:13.563614Z,0.0700,135.00,no
2026-10-10T19:11:13.563614Z,0.0700,83.00,no
2026-10-10T19:11:13.563614Z,0.0700,42.30,no
2026-10-10T19:11:13.658911Z,0.0800,48.70,yes
2026-10-10T19:11:13.658911Z,0.0800,10.01,yes
2026-10-10T19:11:13.732453Z,0.0700,7.69,no
2026-10-10T19:11:13.911259Z,0.0700,17.96,no
2026-10-10T19:11:13.911259Z,0.0700,34.61,no
2026-10-10T19:11:14.256902Z,0.0800,1.00,yes
2026-10-10T19:11:14.256902Z,0.0800,9.00,yes
2026-10-10T19:11:14.256902Z,0.0800,3.00,yes
2026-10-10T19:11:14.256902Z,0.0800,1.00,yes
2026-10-10T19:11:14.256902Z,0.0800,6.00,yes
2026-10-10T19:11:14.256902Z,0.0800,75.00,yes
2026-10-10T19:11:14.256902Z,0.0800,41.48,yes
2026-10-10T19:11:14.256902Z,0.0800,5.40,yes
2026-10-10T19:11:14.256902Z,0.0800,202.00,yes
2026-10-10T19:11:14.256902Z,0.0800,243.30,yes
2026-10-10T19:11:14.834396Z,0.0700,11.85,no
2026-10-10T19:11:14.834396Z,0.0700,42.30,no
2026-10-10T19:11:14.920491Z,0.0700,5.90,no
2026-10-10T19:11:15.301556Z,0.0700,14.47,no
2026-10-10T19:11:15.443772Z,0.0700,50.45,no
2026-10-10T19:11:15.443772Z,0.0700,250.00,no
2026-10-10T19:11:15.443772Z,0.0700,25.40,no
2026-10-10T19:11:15.443772Z,0.0700,42.21,no
2026-10-10T19:11:15.80867Z,0.0800,71.00,yes
2026-10-10T19:11:15.80867Z,0.0800,328.42,yes
2026-10-10T19:11:15.80867Z,0.0800,2.00,yes
2026-10-10T19:11:15.80867Z,0.0800,9.60,yes
2026-10-10T19:11:16.809294Z,0.0800,11.74,yes
2026-10-10T19:11:17.044689Z,0.0700,15.47,no
2026-10-10T19:11:17.154479Z,0.0800,11.74,yes
2026-10-10T19:11:17.342537Z,0.0700,430.90,no
2026-10-10T19:11:17.342537Z,0.0700,26.74,no
2026-10-10T19:11:17.423155Z,0.0700,5.23,no
2026-10-10T19:11:17.496063Z,0.0700,122.68,no
2026-10-10T19:11:17.624049Z,0.0700,83.94,no
2026-10-10T19:11:17.799545Z,0.0800,23.48,yes
2026-10-10T19:11:18.085354Z,0.0800,48.61,yes
2026-10-10T19:11:18.172573Z,0.0800,4.43,yes
2026-10-10T19:11:18.172573Z,0.0800,15.00,yes
2026-10-10T19:11:18.172573Z,0.0800,42.21,yes
2026-10-10T19:11:18.172573Z,0.0800,1037.73,yes
2026-10-10T19:11:18.172573Z,0.0800,75.00,yes
2026-10-10T19:11:18.233636Z,0.0700,231.68,no
2026-10-10T19:11:18.389484Z,0.0800,58.71,yes
2026-10-10T19:11:18.401704Z,0.0800,117.43,yes
2026-10-10T19:11:18.50969Z,0.0800,424.00,yes
2026-10-10T19:11:18.563403Z,0.0700,1.54,no
2026-10-10T19:11:18.58454Z,0.0700,585.64,no
2026-10-10T19:11:18.735007Z,0.0800,46.97,yes
2026-10-10T19:11:18.778645Z,0.0800,99.90,yes
2026-10-10T19:11:18.813299Z,0.0700,1.00,no
2026-10-10T19:11:18.962633Z,0.0700,1.47,no
2026-10-10T19:11:19.119143Z,0.0700,33.77,no
2026-10-10T19:11:19.225382Z,0.0700,1378.45,no
2026-10-10T19:11:19.766386Z,0.0700,229.38,no
2026-10-10T19:11:19.955674Z,0.0700,15.21,no
2026-10-10T19:11:20.065237Z,0.0700,10.25,no
2026-10-10T19:11:20.336404Z,0.0800,35.23,yes
2026-10-10T19:11:20.385304Z,0.0700,2.52,no
2026-10-10T19:11:20.768132Z,0.0700,24.00,no
2026-10-10T19:11:20.891813Z,0.0700,35.09,no
2026-10-10T19:11:21.069234Z,0.0800,103.00,yes
2026-10-10T19:11:21.519581Z,0.0800,58.71,yes
2026-10-10T19:11:21.575014Z,0.0700,13.14,no
2026-10-10T19:11:21.711407Z,0.0800,5.87,yes
2026-10-10T19:11:22.071712Z,0.0700,39.27,no
2026-10-10T19:11:22.126023Z,0.0700,13.41,no
2026-10-10T19:11:22.337118Z,0.0700,52.53,no
2026-10-10T19:11:22.581919Z,0.0700,97.26,no
2026-10-10T19:11:22.598533Z,0.0800,1174.37,yes
2026-10-10T19:11:22.979573Z,0.0700,107.84,no
2026-10-10T19:11:23.337893Z,0.0700,46.85,no
2026-10-10T19:11:23.532602Z,0.0800,181.00,yes
2026-10-10T19:11:23.764353Z,0.0800,23.48,yes
2026-10-10T19:11:23.962196Z,0.0700,22.36,no
2026-10-10T19:11:24.778843Z,0.0700,141.84,no
2026-10-10T19:11:25.697922Z,0.0700,78.18,no
2026-10-10T19:11:25.967339Z,0.0700,4.73,no
2026-10-10T19:11:25.96869Z,0.0700,54.34,no
2026-10-10T19:11:26.302532Z,0.0700,135.50,no
2026-10-10T19:11:26.302532Z,0.0600,283.36,no
2026-10-10T19:11:26.302532Z,0.0600,42.30,no
2026-10-10T19:11:26.302532Z,0.0600,77.87,no
2026-10-10T19:11:26.302532Z,0.0600,250.00,no
2026-10-10T19:11:26.302532Z,0.0600,10.00,no
2026-10-10T19:11:26.302532Z,0.0600,75.00,no
2026-10-10T19:11:26.422979Z,0.0800,530.52,yes
2026-10-10T19:11:26.422979Z,0.0700,15.00,yes
2026-10-10T19:11:26.422979Z,0.0700,39.66,yes
2026-10-10T19:11:26.422979Z,0.0700,2.00,yes
2026-10-10T19:11:26.472603Z,0.0700,4.34,no
2026-10-10T19:11:26.762725Z,0.0600,30.00,no
2026-10-10T19:11:26.762725Z,0.0600,18.00,no
2026-10-10T19:11:26.762725Z,0.0600,56.00,no
2026-10-10T19:11:26.885715Z,0.0600,24.43,no
2026-10-10T19:11:26.885715Z,0.0600,5.00,no
2026-10-10T19:11:26.885715Z,0.0500,43.51,no
2026-10-10T19:11:27.322105Z,0.0600,26.60,no
2026-10-10T19:11:27.583426Z,0.0600,15.83,no
2026-10-10T19:11:27.583426Z,0.0600,21.67,no
2026-10-10T19:11:27.709622Z,0.0600,44.61,no
2026-10-10T19:11:27.743654Z,0.0700,6.70,yes
2026-10-10T19:11:28.021159Z,0.0700,40.23,yes
2026-10-10T19:11:28.205988Z,0.0600,65.25,no
2026-10-10T19:11:28.597756Z,0.0600,2.13,no
2026-10-10T19:11:28.602613Z,0.0600,27.32,no
2026-10-10T19:11:28.63413Z,0.0600,234.25,no
2026-10-10T19:11:29.338394Z,0.0600,154.72,no
2026-10-10T19:11:29.434785Z,0.0600,4.64,no
2026-10-10T19:11:29.678221Z,0.0700,107.00,yes
2026-10-10T19:11:29.678221Z,0.0700,104.00,yes
2026-10-10T19:11:29.678221Z,0.0700,5.00,yes
2026-10-10T19:11:29.678221Z,0.0700,9.18,yes
2026-10-10T19:11:29.678221Z,0.0700,15.00,yes
2026-10-10T19:11:29.678221Z,0.0700,28.07,yes
2026-10-10T19:11:30.186309Z,0.0700,201.18,yes
2026-10-10T19:11:30.369462Z,0.0700,134.12,yes
2026-10-10T19:11:30.369684Z,0.0600,23.67,no
2026-10-10T19:11:30.809175Z,0.0700,1115.65,yes
2026-10-10T19:11:31.208903Z,0.0700,51.00,yes
2026-10-10T19:11:31.208903Z,0.0700,39.87,yes
2026-10-10T19:11:31.208903Z,0.0700,31.13,yes
2026-10-10T19:11:31.249967Z,0.0600,21.22,no
2026-10-10T19:11:31.273416Z,0.0600,127.27,no
2026-10-10T19:11:31.650985Z,0.0700,13.41,yes
2026-10-10T19:11:31.913753Z,0.0600,7.09,no
2026-10-10T19:11:32.027638Z,0.0700,26.82,yes
2026-10-10T19:11:32.071522Z,0.0600,10.69,no
2026-10-10T19:11:32.456523Z,0.0600,156.37,no
2026-10-10T19:11:32.503613Z,0.0700,16.59,yes
2026-10-10T19:11:32.503613Z,0.0700,23.64,yes
2026-10-10T19:11:32.546994Z,0.0600,81.04,no
2026-10-10T19:11:32.610609Z,0.0600,22.88,no
2026-10-10T19:11:33.149245Z,0.0600,20.00,no
2026-10-10T19:11:33.212688Z,0.0700,1000.00,yes
2026-10-10T19:11:33.363292Z,0.0600,238.39,no
2026-10-10T19:11:33.438866Z,0.0600,56.25,no
2026-10-10T19:11:33.550557Z,0.0600,18.75,no
2026-10-10T19:11:33.699291Z,0.0600,10.00,no
2026-10-10T19:11:33.860402Z,0.0600,75.00,no
2026-10-10T19:11:33.860402Z,0.0600,283.32,no
2026-10-10T19:11:33.918739Z,0.0500,14.01,no
2026-10-10T19:11:33.949935Z,0.0600,26.82,yes
2026-10-10T19:11:33.958668Z,0.0500,366.97,no
2026-10-10T19:11:33.958668Z,0.0500,60.99,no
2026-10-10T19:11:34.213296Z,0.0500,93.76,no
2026-10-10T19:11:34.483103Z,0.0500,26.56,no
2026-10-10T19:11:34.771261Z,0.0500,27.95,no
2026-10-10T19:11:34.771261Z,0.0500,112.71,no
2026-10-10T19:11:34.893999Z,0.0600,200.00,yes
2026-10-10T19:11:34.959377Z,0.0600,78.18,yes
2026-10-10T19:11:35.31444Z,0.0600,225.00,yes
2026-10-10T19:11:35.365383Z,0.0500,7.57,no
2026-10-10T19:11:35.616425Z,0.0600,40.50,yes
2026-10-10T19:11:35.711503Z,0.0500,13.66,no
2026-10-10T19:11:35.899426Z,0.0500,7.73,no
2026-10-10T19:11:36.86752Z,0.0500,417.03,no
2026-10-10T19:11:36.997626Z,0.0500,1.41,no
2026-10-10T19:11:37.808152Z,0.0600,71.18,yes
2026-10-10T19:11:37.808152Z,0.0600,0.65,yes
2026-10-10T19:11:37.808152Z,0.0600,1039.17,yes
2026-10-10T19:11:38.158803Z,0.0500,228.82,no
2026-10-10T19:11:38.311126Z,0.0500,187.52,no
2026-10-10T19:11:38.369957Z,0.0500,15.38,no
2026-10-10T19:11:38.496248Z,0.0600,78.18,yes
2026-10-10T19:11:38.517991Z,0.0500,7.44,no
2026-10-10T19:11:38.604173Z,0.0600,492.00,yes
2026-10-10T19:11:38.604173Z,0.0600,3.00,yes
2026-10-10T19:11:38.604173Z,0.0600,382.65,yes
2026-10-10T19:11:38.980426Z,0.0600,15.46,no
2026-10-10T19:11:39.13063Z,0.0700,75.00,yes
2026-10-10T19:11:39.13063Z,0.0700,260.31,yes
2026-10-10T19:11:39.740655Z,0.0600,21.90,no
2026-10-10T19:11:39.740655Z,0.0600,50.02,no
2026-10-10T19:11:40.304923Z,0.0600,75.00,no
2026-10-10T19:11:40.304923Z,0.0600,42.10,no
2026-10-10T19:11:40.304923Z,0.0600,4840.23,no
2026-10-10T19:11:40.304923Z,0.0600,42.67,no
2026-10-10T19:11:40.319262Z,0.0600,23.00,no
2026-10-10T19:11:40.721744Z,0.0600,14.79,no
2026-10-10T19:11:40.761366Z,0.0700,134.12,yes
2026-10-10T19:11:40.785461Z,0.0600,10.05,no
2026-10-10T19:11:41.065495Z,0.0600,66.00,no
2026-10-10T19:11:41.090396Z,0.0600,10.69,no
2026-10-10T19:11:41.320375Z,0.0600,31.27,no
2026-10-10T19:11:41.514806Z,0.0600,21.39,no
2026-10-10T19:11:41.87506Z,0.0600,3.09,no
2026-10-10T19:11:42.753611Z,0.0600,17.88,no
2026-10-10T19:11:42.784247Z,0.0700,75.16,yes
2026-10-10T19:11:42.784247Z,0.0700,2.00,yes
2026-10-10T19:11:42.784247Z,0.0700,1.00,yes
2026-10-10T19:11:42.784247Z,0.0700,42.55,yes
2026-10-10T19:11:43.148701Z,0.0600,35.46,no
2026-10-10T19:11:43.286193Z,0.0700,8.33,yes
2026-10-10T19:11:43.424139Z,0.0600,482.31,no
2026-10-10T19:11:43.709361Z,0.0800,27.00,yes
2026-10-10T19:11:43.709361Z,0.0800,113.00,yes
2026-10-10T19:11:43.709361Z,0.0800,94.00,yes
2026-10-10T19:11:43.709361Z,0.0800,366.00,yes
2026-10-10T19:11:43.709361Z,0.0800,60.56,yes
2026-10-10T19:11:43.709361Z,0.0700,66.67,yes
2026-10-10T19:11:43.709361Z,0.0800,108.00,yes
2026-10-10T19:11:43.709361Z,0.0800,42.78,yes
2026-10-10T19:11:43.709361Z,0.0700,100.00,yes
2026-10-10T19:11:43.709361Z,0.0700,3000.00,yes
2026-10-10T19:11:43.709361Z,0.0700,1500.00,yes
2026-10-10T19:11:43.709361Z,0.0700,3.00,yes
2026-10-10T19:11:43.709361Z,0.0800,75.00,yes
2026-10-10T19:11:43.709361Z,0.0700,1000.00,yes
2026-10-10T19:11:43.709361Z,0.0800,55.16,yes
2026-10-10T19:11:43.709361Z,0.0800,3000.00,yes
2026-10-10T19:11:43.709361Z,0.0800,800.00,yes
2026-10-10T19:11:43.709361Z,0.0800,3.00,yes
2026-10-10T19:11:43.709361Z,0.0800,5.00,yes
2026-10-10T19:11:43.709361Z,0.0800,1.00,yes
2026-10-10T19:11:43.722816Z,0.0800,267.00,no
2026-10-10T19:11:43.722825Z,0.0800,129.85,no
2026-10-10T19:11:43.739076Z,0.0800,14.00,no
2026-10-10T19:11:43.740254Z,0.0800,1079.00,no
2026-10-10T19:11:43.883321Z,0.0900,1667.00,yes
2026-10-10T19:11:43.883321Z,0.0900,10.00,yes
2026-10-10T19:11:43.883321Z,0.0900,5.00,yes
2026-10-10T19:11:43.883321Z,0.0900,8100.00,yes
2026-10-10T19:11:43.883321Z,0.0900,106.66,yes
2026-10-10T19:11:43.883321Z,0.0900,1.00,yes
2026-10-10T19:11:43.883321Z,0.0900,1.00,yes
2026-10-10T19:11:43.883321Z,0.0900,1.00,yes
2026-10-10T19:11:43.883321Z,0.0900,1.00,yes
2026-10-10T19:11:43.883321Z,0.0900,2.00,yes
2026-10-10T19:11:43.883321Z,0.0900,1.00,yes
2026-10-10T19:11:43.883321Z,0.0900,7.00,yes
2026-10-10T19:11:43.883321Z,0.0900,4.00,yes
2026-10-10T19:11:43.883321Z,0.0900,16.66,yes
2026-10-10T19:11:43.883321Z,0.0900,4676.00,yes
2026-10-10T19:11:43.883321Z,0.0900,4676.00,yes
2026-10-10T19:11:43.883321Z,0.0900,4676.00,yes
2026-10-10T19:11:43.883321Z,0.0900,4676.00,yes
2026-10-10T19:11:43.883321Z,0.0900,4676.00,yes
2026-10-10T19:11:43.883321Z,0.0900,4676.00,yes
2026-10-10T19:11:43.883321Z,0.0900,4676.00,yes
2026-10-10T19:11:43.883321Z,0.0900,4676.00,yes
2026-10-10T19:11:44.066123Z,0.0800,21.86,no
2026-10-10T19:11:44.582695Z,0.0800,35.95,no
2026-10-10T19:11:44.854765Z,0.0800,28.00,no
2026-10-10T19:11:44.873151Z,0.0800,5.00,no
2026-10-10T19:11:45.055729Z,0.0800,28.94,no
2026-10-10T19:11:45.3263Z,0.0800,4.88,no
2026-10-10T19:11:45.759825Z,0.0800,8484.00,no
2026-10-10T19:11:46.437275Z,0.0800,210.83,no
2026-10-10T19:11:46.783434Z,0.0800,78.18,no
2026-10-10T19:11:46.819016Z,0.0900,0.01,yes
2026-10-10T19:11:46.819016Z,0.0900,3.00,yes
2026-10-10T19:11:46.819016Z,0.0900,1.00,yes
2026-10-10T19:11:46.819016Z,0.1000,1.03,yes
2026-10-10T19:11:47.030989Z,0.0800,57.22,no
2026-10-10T19:11:47.307197Z,0.0900,42.00,no
2026-10-10T19:11:47.494526Z,0.0900,0.55,no
2026-10-10T19:11:47.494526Z,0.0900,14.92,no
2026-10-10T19:11:48.246283Z,0.1000,1.00,yes
2026-10-10T19:11:48.246283Z,0.1000,1.00,yes
2026-10-10T19:11:48.246283Z,0.1000,4.00,yes
2026-10-10T19:11:48.246283Z,0.1000,1.00,yes
2026-10-10T19:11:48.246283Z,0.1000,4.97,yes
2026-10-10T19:11:48.246283Z,0.1000,1.00,yes
2026-10-10T19:11:48.246283Z,0.1000,28.00,yes
2026-10-10T19:11:48.246283Z,0.1000,6.06,yes
2026-10-10T19:11:48.328114Z,0.0900,94.69,no
2026-10-10T19:11:48.380199Z,0.1100,4.00,yes
2026-10-10T19:11:48.380199Z,0.1100,1.00,yes
2026-10-10T19:11:48.380199Z,0.1100,1.00,yes
2026-10-10T19:11:48.380199Z,0.1100,10.00,yes
2026-10-10T19:11:48.380199Z,0.1000,82.83,yes
2026-10-10T19:11:48.380199Z,0.1000,5.00,yes
2026-10-10T19:11:48.380199Z,0.1000,3.00,yes
2026-10-10T19:11:48.380199Z,0.1100,710.70,yes
2026-10-10T19:11:48.380199Z,0.1100,10.00,yes
2026-10-10T19:11:48.380199Z,0.1000,36.49,yes
2026-10-10T19:11:48.391339Z,0.1100,42.42,yes
2026-10-10T19:11:48.391339Z,0.1100,5.00,yes
2026-10-10T19:11:48.391339Z,0.1100,89.30,yes
2026-10-10T19:11:48.414099Z,0.1000,17.00,no
2026-10-10T19:11:48.441437Z,0.1000,5.00,yes
2026-10-10T19:11:48.530995Z,0.1000,220.70,no
2026-10-10T19:11:48.530995Z,0.1000,42.55,no
2026-10-10T19:11:48.530995Z,0.1000,5.00,no
2026-10-10T19:11:48.794529Z,0.1000,42.55,no
2026-10-10T19:11:48.794529Z,0.1000,5.00,no
2026-10-10T19:11:48.794529Z,0.1000,84.45,no
2026-10-10T19:11:49.303224Z,0.1100,90.00,no
2026-10-10T19:11:49.303224Z,0.1100,144.56,no
2026-10-10T19:11:49.361886Z,0.0900,8.00,no
2026-10-10T19:11:49.361886Z,0.1000,42.55,no
2026-10-10T19:11:49.361886Z,0.1000,157.00,no
2026-10-10T19:11:49.361886Z,0.0900,51.40,no
2026-10-10T19:11:49.472404Z,0.1300,100.00,yes
2026-10-10T19:11:49.472404Z,0.1200,12.50,yes
2026-10-10T19:11:49.472404Z,0.1300,1.00,yes
2026-10-10T19:11:49.472404Z,0.1200,3.00,yes
2026-10-10T19:11:49.472404Z,0.1200,1.00,yes
2026-10-10T19:11:49.472404Z,0.1300,3.00,yes
2026-10-10T19:11:49.472404Z,0.1200,9.00,yes
2026-10-10T19:11:49.472404Z,0.1300,110.19,yes
2026-10-10T19:11:49.472404Z,0.1200,42.55,yes
2026-10-10T19:11:49.472404Z,0.1200,10.00,yes
2026-10-10T19:11:49.472404Z,0.1100,31.00,yes
2026-10-10T19:11:49.472404Z,0.1100,5.00,yes
2026-10-10T19:11:49.472404Z,0.1200,1.00,yes
2026-10-10T19:11:49.472404Z,0.1200,75.00,yes
2026-10-10T19:11:49.472404Z,0.1200,1.00,yes
2026-10-10T19:11:49.653331Z,0.0900,3.91,no
2026-10-10T19:11:49.653331Z,0.1000,25.00,no
2026-10-10T19:11:49.653331Z,0.0900,75.00,no
2026-10-10T19:11:49.653331Z,0.1100,14.00,no
2026-10-10T19:11:49.653331Z,0.1000,157.00,no
2026-10-10T19:11:49.653331Z,0.0900,99.00,no
2026-10-10T19:11:49.653331Z,0.1000,3.00,no
2026-10-10T19:11:49.653331Z,0.0900,28.87,no
2026-10-10T19:11:49.753289Z,0.1100,30.00,yes
2026-10-10T19:11:49.840315Z,0.1200,3.00,yes
2026-10-10T19:11:49.840315Z,0.1200,9.86,yes
2026-10-10T19:11:49.936172Z,0.0900,38.64,no
2026-10-10T19:11:49.936172Z,0.0900,13.67,no
2026-10-10T19:11:49.936172Z,0.0900,79.03,no
2026-10-10T19:11:50.771139Z,0.1200,6.09,yes
2026-10-10T19:11:51.135667Z,0.0900,3.02,no
2026-10-10T19:11:51.135667Z,0.0900,11.33,no
2026-10-10T19:11:51.202544Z,0.1100,3.00,yes
2026-10-10T19:11:51.202544Z,0.1200,24.91,yes
2026-10-10T19:11:51.202544Z,0.1200,50.58,yes
2026-10-10T19:11:51.223892Z,0.0900,16.72,no
2026-10-10T19:11:51.223892Z,0.0900,39.53,no
2026-10-10T19:11:51.250937Z,0.0900,35.98,no
2026-10-10T19:11:51.540262Z,0.1000,186.91,yes
2026-10-10T19:11:51.540262Z,0.1000,3.00,yes
2026-10-10T19:11:51.600183Z,0.0900,21.08,no
2026-10-10T19:11:51.654341Z,0.0900,21.96,no
2026-10-10T19:11:51.654341Z,0.0900,33.00,no
2026-10-10T19:11:51.654341Z,0.0900,1.00,no
2026-10-10T19:11:51.654341Z,0.0900,5.00,no
2026-10-10T19:11:51.654341Z,0.0800,17.22,no
2026-10-10T19:11:51.767445Z,0.1000,9.40,yes
2026-10-10T19:11:51.771052Z,0.1000,6.67,yes
2026-10-10T19:11:51.804765Z,0.1000,85.83,yes
2026-10-10T19:11:51.994212Z,0.0900,28.94,no
2026-10-10T19:11:52.037865Z,0.0900,13.41,no
2026-10-10T19:11:52.073106Z,0.0900,3.00,no
2026-10-10T19:11:52.073106Z,0.0900,0.69,no
2026-10-10T19:11:52.073106Z,0.0800,7.81,no
2026-10-10T19:11:52.164092Z,0.0800,152.04,no
2026-10-10T19:11:52.164092Z,0.0800,49.97,no
2026-10-10T19:11:52.527806Z,0.1000,4.60,yes
2026-10-10T19:11:52.645937Z,0.0900,5.00,no
2026-10-10T19:11:52.672093Z,0.0900,11.40,no
2026-10-10T19:11:53.338225Z,0.0800,5.04,no
2026-10-10T19:11:53.338225Z,0.0900,5.00,no
2026-10-10T19:11:53.338225Z,0.0900,26.64,no
2026-10-10T19:11:53.338225Z,0.0900,2.00,no
2026-10-10T19:11:53.391805Z,0.0900,15.63,no
2026-10-10T19:11:53.574539Z,0.1000,129.88,yes
2026-10-10T19:11:53.574539Z,0.1000,1.05,yes
2026-10-10T19:11:53.574539Z,0.1000,1.04,yes
2026-10-10T19:11:53.710248Z,0.1500,130.00,yes
2026-10-10T19:11:53.710248Z,0.1500,2.00,yes
2026-10-10T19:11:53.710248Z,0.1500,10.00,yes
2026-10-10T19:11:53.710248Z,0.1400,1.00,yes
2026-10-10T19:11:53.710248Z,0.1400,7.00,yes
2026-10-10T19:11:53.710248Z,0.1200,2.00,yes
2026-10-10T19:11:53.710248Z,0.1200,4.00,yes
2026-10-10T19:11:53.710248Z,0.1400,1.00,yes
2026-10-10T19:11:53.710248Z,0.1100,5.00,yes
2026-10-10T19:11:53.710248Z,0.1300,3.00,yes
2026-10-10T19:11:53.710248Z,0.1300,75.00,yes
2026-10-10T19:11:53.710248Z,0.1300,1.00,yes
2026-10-10T19:11:53.710248Z,0.1300,1.00,yes
2026-10-10T19:11:53.710248Z,0.1500,12.00,yes
2026-10-10T19:11:53.710248Z,0.1400,4.00,yes
2026-10-10T19:11:53.710248Z,0.1600,5.00,yes
2026-10-10T19:11:53.710248Z,0.1000,14.00,yes
2026-10-10T19:11:53.710248Z,0.1000,19.00,yes
2026-10-10T19:11:53.710248Z,0.1000,43.04,yes
2026-10-10T19:11:53.710248Z,0.1000,91.00,yes
2026-10-10T19:11:53.710248Z,0.1600,1.00,yes
2026-10-10T19:11:53.710248Z,0.1000,18.00,yes
2026-10-10T19:11:53.710248Z,0.1200,10.00,yes
2026-10-10T19:11:53.710248Z,0.1000,111.00,yes
2026-10-10T19:11:53.710248Z,0.1300,164.00,yes
2026-10-10T19:11:53.710248Z,0.1000,5.00,yes
2026-10-10T19:11:53.710248Z,0.1200,3.00,yes
2026-10-10T19:11:53.710248Z,0.1100,35000.00,yes
2026-10-10T19:11:53.710248Z,0.1100,671.00,yes
2026-10-10T19:11:53.710248Z,0.1300,20.00,yes
2026-10-10T19:11:53.710248Z,0.1200,29.69,yes
2026-10-10T19:11:53.710248Z,0.1600,50.00,yes
2026-10-10T19:11:53.710248Z,0.1400,75.00,yes
2026-10-10T19:11:53.724808Z,0.1100,10.00,yes
2026-10-10T19:11:53.738456Z,0.1000,14.00,no
2026-10-10T19:11:53.738456Z,0.0900,15.00,no
2026-10-10T19:11:53.885463Z,0.0900,5.59,no
2026-10-10T19:11:53.885463Z,0.0900,12.41,no
2026-10-10T19:11:53.885463Z,0.0900,3.00,no
2026-10-10T19:11:54.396644Z,0.0900,5.00,no
2026-10-10T19:11:54.396644Z,0.0800,142.92,no
2026-10-10T19:11:54.396644Z,0.0800,129.43,no
2026-10-10T19:11:54.685451Z,0.0800,20.16,no
2026-10-10T19:11:54.764085Z,0.1000,25.01,yes
2026-10-10T19:11:54.764085Z,0.1000,14.00,yes
2026-10-10T19:11:55.046824Z,0.0900,93.62,no
2026-10-10T19:11:55.046824Z,0.0900,43.02,no
2026-10-10T19:11:55.159162Z,0.1000,31.98,yes
2026-10-10T19:11:55.179359Z,0.1000,8.83,yes
2026-10-10T19:11:55.179359Z,0.1000,54.01,yes
2026-10-10T19:11:55.665768Z,0.1000,94.07,yes
2026-10-10T19:11:56.2563Z,0.1000,47.03,yes
2026-10-10T19:11:56.306185Z,0.0900,15.89,no
2026-10-10T19:11:56.341028Z,0.1000,6.11,yes
2026-10-10T19:11:56.391093Z,0.0900,150.00,no
2026-10-10T19:11:56.391093Z,0.0900,31.04,no
2026-10-10T19:11:57.075173Z,0.0800,135.70,no
2026-10-10T19:11:57.202443Z,0.0900,1.25,yes
2026-10-10T19:11:57.24422Z,0.0800,76.23,no
2026-10-10T19:11:57.24422Z,0.0800,300.00,no
2026-10-10T19:11:57.24422Z,0.0800,14.71,no
2026-10-10T19:11:57.371282Z,0.0900,18.00,yes
2026-10-10T19:11:57.371282Z,0.1000,25.56,yes
2026-10-10T19:11:57.371282Z,0.0900,41.79,yes
2026-10-10T19:11:57.371282Z,0.1000,102.79,yes
2026-10-10T19:11:57.502614Z,0.0900,10.44,yes
2026-10-10T19:11:57.662292Z,0.0900,2.42,yes
2026-10-10T19:11:57.662292Z,0.0900,32.58,yes
2026-10-10T19:11:57.662292Z,0.0900,15.00,yes
2026-10-10T19:11:57.662292Z,0.1000,565.23,yes
2026-10-10T19:11:57.662292Z,0.1000,81.00,yes
2026-10-10T19:11:57.662292Z,0.1000,224.44,yes
2026-10-10T19:11:57.662292Z,0.0900,7.00,yes
2026-10-10T19:11:57.670548Z,0.0800,55.63,no
2026-10-10T19:11:58.113204Z,0.0900,31.33,yes
2026-10-10T19:11:58.585826Z,0.0900,11.69,yes
2026-10-10T19:11:58.585826Z,0.0900,9.19,yes
2026-10-10T19:11:58.585826Z,0.0900,0.01,yes
2026-10-10T19:11:58.762838Z,0.0800,52.53,no
2026-10-10T19:11:59.079709Z,0.0800,7.39,no
2026-10-10T19:11:59.181563Z,0.0800,67.61,no
2026-10-10T19:11:59.181563Z,0.0800,49.69,no
2026-10-10T19:11:59.259879Z,0.0800,12.61,no
2026-10-10T19:11:59.267231Z,0.0800,479.70,no
2026-10-10T19:11:59.442828Z,0.0800,228.80,no
2026-10-10T19:11:59.647232Z,0.0900,3.34,yes
2026-10-10T19:11:59.774418Z,0.0800,134.12,no
2026-10-10T19:12:00.355767Z,0.0800,239.08,no
2026-10-10T19:12:00.510533Z,0.0800,154.72,no
2026-10-10T19:12:01.099846Z,0.0800,307.71,no
2026-10-10T19:12:01.917184Z,0.0900,2.47,yes
2026-10-10T19:12:01.917184Z,0.0900,43.04,yes
2026-10-10T19:12:01.917184Z,0.0900,2.63,yes
2026-10-10T19:12:01.917184Z,0.0900,108.54,yes
2026-10-10T19:12:02.068806Z,0.0800,6.94,no
2026-10-10T19:12:02.174474Z,0.0800,28.36,no
2026-10-10T19:12:02.199149Z,0.0900,91.08,yes
2026-10-10T19:12:02.199149Z,0.0900,3.37,yes
2026-10-10T19:12:02.199149Z,0.0900,10.00,yes
2026-10-10T19:12:02.23022Z,0.0900,8.92,yes
2026-10-10T19:12:02.23022Z,0.0900,3.09,yes
2026-10-10T19:12:02.354642Z,0.0800,10.05,no
2026-10-10T19:12:02.408844Z,0.0800,333.74,no
2026-10-10T19:12:02.458082Z,0.0800,229.54,no
2026-10-10T19:12:02.458291Z,0.0900,232.00,yes
2026-10-10T19:12:02.764461Z,0.0900,10.25,yes
2026-10-10T19:12:02.889636Z,0.0800,28.94,no
2026-10-10T19:12:03.570213Z,0.0800,263.00,no
2026-10-10T19:12:03.633119Z,0.0800,31.91,no
2026-10-10T19:12:03.834828Z,0.0800,107.71,no
2026-10-10T19:12:03.880102Z,0.0800,0.15,no
2026-10-10T19:12:05.529748Z,0.0900,31.65,yes
2026-10-10T19:12:05.723789Z,0.0900,52.22,yes
2026-10-10T19:12:05.844091Z,0.0900,39.24,yes
2026-10-10T19:12:05.862341Z,0.0800,94.40,no
2026-10-10T19:12:05.921137Z,0.0800,54.67,no
2026-10-10T19:12:06.072939Z,0.0900,52.22,yes
2026-10-10T19:12:06.269979Z,0.0800,315.79,no
2026-10-10T19:12:06.282035Z,0.0800,3.20,no
2026-10-10T19:12:06.292146Z,0.0800,39.54,no
2026-10-10T19:12:06.4738Z,0.0900,10.02,yes
2026-10-10T19:12:06.814646Z,0.0900,10.44,yes
2026-10-10T19:12:06.835108Z,0.0900,109.15,yes
2026-10-10T19:12:07.524845Z,0.0800,28.94,no
2026-10-10T19:12:07.596682Z,0.0900,1.35,yes
2026-10-10T19:12:07.998361Z,0.0800,99.36,no
2026-10-10T19:12:08.071116Z,0.0800,152.03,no
2026-10-10T19:12:08.699937Z,0.0800,42.60,no
2026-10-10T19:12:09.636739Z,0.0800,2.21,no
2026-10-10T19:12:09.95513Z,0.0800,6.65,no
2026-10-10T19:12:11.21388Z,0.0800,284.42,no
2026-10-10T19:12:11.500598Z,0.0800,26.97,no
2026-10-10T19:12:11.565528Z,0.0800,0.93,no
2026-10-10T19:12:11.649196Z,0.0900,2.00,yes
2026-10-10T19:12:11.82405Z,0.0800,234.25,no
2026-10-10T19:12:11.952986Z,0.0800,23.41,no
2026-10-10T19:12:12.320171Z,0.0800,157.11,no
2026-10-10T19:12:12.348581Z,0.0800,100.67,no
2026-10-10T19:12:13.05011Z,0.0800,70.27,no
2026-10-10T19:12:13.138851Z,0.0900,34.00,yes
2026-10-10T19:12:13.203211Z,0.0800,1.26,no
2026-10-10T19:12:13.251582Z,0.0900,511.84,yes
2026-10-10T19:12:13.317802Z,0.0900,20.89,yes
2026-10-10T19:12:13.376772Z,0.0800,53.52,no
2026-10-10T19:12:13.552895Z,0.0800,22.60,no
2026-10-10T19:12:13.76952Z,0.0800,31.27,no
2026-10-10T19:12:13.77041Z,0.0900,10.44,yes
2026-10-10T19:12:13.870085Z,0.0800,327.60,no
2026-10-10T19:12:14.2327Z,0.0800,37.82,no
2026-10-10T19:12:14.622464Z,0.0900,41.00,yes
2026-10-10T19:12:14.662784Z,0.0900,52.22,yes
2026-10-10T19:12:14.917646Z,0.0900,62.67,yes
2026-10-10T19:12:15.237242Z,0.0900,2.00,yes
2026-10-10T19:12:15.701962Z,0.0900,44.00,yes
2026-10-10T19:12:15.774444Z,0.0800,65.52,no
2026-10-10T19:12:16.211314Z,0.0800,15.71,no
2026-10-10T19:12:16.475175Z,0.0800,128.83,no
2026-10-10T19:12:16.523077Z,0.0800,33.61,no
2026-10-10T19:12:16.536612Z,0.0800,21.39,no
2026-10-10T19:12:16.675156Z,0.0900,10.00,yes
2026-10-10T19:12:16.833682Z,0.0800,250.00,no
2026-10-10T19:12:16.833682Z,0.0800,3.00,no
2026-10-10T19:12:16.833682Z,0.0800,2376.68,no
2026-10-10T19:12:16.88399Z,0.0700,312.60,no
2026-10-10T19:12:16.88399Z,0.0700,0.01,no
2026-10-10T19:12:16.903753Z,0.0700,5.25,no
2026-10-10T19:12:17.16453Z,0.0700,660.44,no
2026-10-10T19:12:17.172633Z,0.0700,486.34,no
2026-10-10T19:12:17.187781Z,0.0800,30.00,yes
2026-10-10T19:12:17.187781Z,0.0800,74.45,yes
2026-10-10T19:12:17.606174Z,0.0800,2.40,yes
2026-10-10T19:12:17.904297Z,0.0700,133.33,no
2026-10-10T19:12:18.174368Z,0.0700,1.69,no
2026-10-10T19:12:18.204049Z,0.0800,58.71,yes
2026-10-10T19:12:18.408362Z,0.0700,19.32,no
2026-10-10T19:12:18.795275Z,0.0800,70.46,yes
2026-10-10T19:12:18.829443Z,0.0800,35.23,yes
2026-10-10T19:12:18.936106Z,0.0700,324.91,no
2026-10-10T19:12:19.207709Z,0.0600,134.12,no
2026-10-10T19:12:19.27694Z,0.0600,171.35,no
2026-10-10T19:12:19.365634Z,0.0600,5.46,no
2026-10-10T19:12:19.397686Z,0.0500,1500.00,no
2026-10-10T19:12:19.397686Z,0.0600,1189.07,no
2026-10-10T19:12:19.397686Z,0.0500,270.17,no
2026-10-10T19:12:19.397686Z,0.0600,109.89,no
2026-10-10T19:12:19.397686Z,0.0600,74.76,no
2026-10-10T19:12:19.397686Z,0.0600,5.00,no
2026-10-10T19:12:19.397686Z,0.0600,50.00,no
2026-10-10T19:12:19.397686Z,0.0600,486.11,no
2026-10-10T19:12:19.406779Z,0.0500,150.00,no
2026-10-10T19:12:19.408608Z,0.0500,179.83,no
2026-10-10T19:12:19.408608Z,0.0500,75.00,no
2026-10-10T19:12:19.408608Z,0.0500,80.27,no
2026-10-10T19:12:19.408608Z,0.0500,53.38,no
2026-10-10T19:12:19.430444Z,0.0600,3.00,no
2026-10-10T19:12:19.457589Z,0.0700,75.00,yes
2026-10-10T19:12:19.457589Z,0.0800,34.47,yes
2026-10-10T19:12:19.457589Z,0.0600,43.02,yes
2026-10-10T19:12:19.457589Z,0.0700,104.00,yes
2026-10-10T19:12:19.457589Z,0.0700,97.00,yes
2026-10-10T19:12:19.457589Z,0.0600,11.80,yes
2026-10-10T19:12:19.457589Z,0.0600,15.00,yes
2026-10-10T19:12:19.457589Z,0.0500,106.89,yes
2026-10-10T19:12:19.457589Z,0.0600,25.00,yes
2026-10-10T19:12:19.457589Z,0.0800,75.00,yes
2026-10-10T19:12:19.535496Z,0.0500,83.82,yes
2026-10-10T19:12:19.675019Z,0.0400,37.50,no
2026-10-10T19:12:20.108511Z,0.0500,56.45,yes
2026-10-10T19:12:20.108511Z,0.0500,9.18,yes
2026-10-10T19:12:20.191682Z,0.0500,93.00,yes
2026-10-10T19:12:20.191682Z,0.0500,56.45,yes
2026-10-10T19:12:20.191682Z,0.0600,202.50,yes
2026-10-10T19:12:20.191682Z,0.0500,48.55,yes
2026-10-10T19:12:20.191682Z,0.0500,11.14,yes
2026-10-10T19:12:20.195408Z,0.0600,2.00,yes
2026-10-10T19:12:20.329615Z,0.0600,173.00,yes
2026-10-10T19:12:20.329615Z,0.0600,75.00,yes
2026-10-10T19:12:20.329615Z,0.0600,15.00,yes
2026-10-10T19:12:20.329615Z,0.0600,100.00,yes
2026-10-10T19:12:20.329615Z,0.0600,106.00,yes
2026-10-10T19:12:20.329615Z,0.0600,10.00,yes
2026-10-10T19:12:20.329615Z,0.0600,98.00,yes
2026-10-10T19:12:20.54215Z,0.0600,50.00,yes
2026-10-10T19:12:20.544552Z,0.0600,56.00,yes
2026-10-10T19:12:20.544552Z,0.0600,12.00,yes
2026-10-10T19:12:20.550297Z,0.0500,3.00,no
2026-10-10T19:12:20.785531Z,0.0500,30.00,yes
2026-10-10T19:12:20.785531Z,0.0500,5.00,yes
2026-10-10T19:12:20.785531Z,0.0500,36.28,yes
2026-10-10T19:12:21.298988Z,0.0400,31.05,no
2026-10-10T19:12:21.341096Z,0.0600,98.00,yes
2026-10-10T19:12:21.341096Z,0.0600,100.00,yes
2026-10-10T19:12:21.341096Z,0.0500,68.72,yes
2026-10-10T19:12:21.341096Z,0.0600,63.00,yes
2026-10-10T19:12:21.341096Z,0.0500,15.00,yes
2026-10-10T19:12:21.341096Z,0.0600,75.98,yes
2026-10-10T19:12:21.341096Z,0.0500,36.28,yes
2026-10-10T19:12:21.341096Z,0.0500,43.02,yes
2026-10-10T19:12:21.907803Z,0.0500,5.78,yes
2026-10-10T19:12:22.110198Z,0.0400,40.69,no
2026-10-10T19:12:22.475877Z,0.0400,2.95,no
2026-10-10T19:12:22.708722Z,0.0400,78.18,no
2026-10-10T19:12:22.810281Z,0.0400,38.62,no
2026-10-10T19:12:23.109136Z,0.0400,65.70,no
2026-10-10T19:12:23.867701Z,0.0400,189.96,no
2026-10-10T19:12:24.029048Z,0.0600,67.83,yes
2026-10-10T19:12:24.029048Z,0.0500,5.00,yes
2026-10-10T19:12:24.029048Z,0.0500,43.05,yes
2026-10-10T19:12:24.029048Z,0.0500,5.00,yes
2026-10-10T19:12:24.029048Z,0.0600,3.00,yes
2026-10-10T19:12:24.029048Z,0.0600,5.00,yes
2026-10-10T19:12:24.029048Z,0.0500,3.00,yes
2026-10-10T19:12:25.049862Z,0.0400,14.38,no
2026-10-10T19:12:25.164802Z,0.0500,12.00,yes
2026-10-10T19:12:25.435929Z,0.0500,24.00,yes
2026-10-10T19:12:26.191108Z,0.0500,86.71,yes
2026-10-10T19:12:26.191108Z,0.0500,7.05,yes
2026-10-10T19:12:26.406518Z,0.0500,80.27,yes
2026-10-10T19:12:26.406518Z,0.0500,1.00,yes
2026-10-10T19:12:26.406518Z,0.0500,26.00,yes
2026-10-10T19:12:26.406518Z,0.0500,399.05,yes
2026-10-10T19:12:26.421813Z,0.0500,187.52,yes
2026-10-10T19:12:26.494641Z,0.0500,243.78,yes
2026-10-10T19:12:27.169225Z,0.0500,14.42,yes
2026-10-10T19:12:27.191941Z,0.0400,6.37,no
2026-10-10T19:12:27.19442Z,0.0500,7.50,yes
2026-10-10T19:12:27.276743Z,0.0500,2.00,yes
2026-10-10T19:12:27.276743Z,0.0500,647.73,yes
2026-10-10T19:12:27.790054Z,0.0500,7.85,no
2026-10-10T19:12:27.983569Z,0.0500,4.10,no
2026-10-10T19:12:28.305481Z,0.0500,3.98,no
2026-10-10T19:12:28.665529Z,0.0500,470.71,no
2026-10-10T19:12:28.665529Z,0.0500,17.00,no
2026-10-10T19:12:28.665529Z,0.0500,85.31,no
2026-10-10T19:12:28.665529Z,0.0500,100.00,no
2026-10-10T19:12:28.665529Z,0.0500,1000.00,no
2026-10-10T19:12:28.665529Z,0.0500,75.00,no
2026-10-10T19:12:28.665529Z,0.0500,43.05,no
2026-10-10T19:12:28.949384Z,0.0600,15.63,yes
2026-10-10T19:12:29.560789Z,0.0600,7.81,yes
2026-10-10T19:12:29.792376Z,0.0500,15.47,no
2026-10-10T19:12:30.20406Z,0.0500,15.47,no
2026-10-10T19:12:30.208658Z,0.0600,3.00,yes
2026-10-10T19:12:30.208658Z,0.0600,51.56,yes
2026-10-10T19:12:30.208658Z,0.0600,197.44,yes
2026-10-10T19:12:30.793003Z,0.0500,12.11,no
2026-10-10T19:12:30.793003Z,0.0500,119.10,no
2026-10-10T19:12:30.987345Z,0.0600,31.27,yes
2026-10-10T19:12:31.167878Z,0.0600,46.91,yes
2026-10-10T19:12:31.553703Z,0.0500,187.52,no
2026-10-10T19:12:31.664359Z,0.0500,78.39,no
2026-10-10T19:12:31.693226Z,0.0600,375.30,yes
2026-10-10T19:12:31.725206Z,0.0500,9.46,no
2026-10-10T19:12:32.016563Z,0.0600,46.91,yes
2026-10-10T19:12:32.163207Z,0.0500,22.88,no
2026-10-10T19:12:32.454163Z,0.0600,21.11,yes
2026-10-10T19:12:32.600423Z,0.0600,390.94,yes
2026-10-10T19:12:32.774667Z,0.0500,4.02,no
2026-10-10T19:12:32.984377Z,0.0500,4.03,no
2026-10-10T19:12:33.164044Z,0.0500,137.75,no
2026-10-10T19:12:33.437563Z,0.0600,78.18,yes
2026-10-10T19:12:33.533784Z,0.0600,78.18,yes
2026-10-10T19:12:33.659594Z,0.0500,23.42,no
2026-10-10T19:12:33.698202Z,0.0500,11.57,no
2026-10-10T19:12:34.053504Z,0.0600,156.37,yes
2026-10-10T19:12:34.206919Z,0.0600,1.75,yes
2026-10-10T19:12:34.389225Z,0.0500,120.71,no
2026-10-10T19:12:34.398538Z,0.0500,95.26,no
2026-10-10T19:12:34.780641Z,0.0500,2477.00,no
2026-10-10T19:12:34.99832Z,0.0500,2.89,no
2026-10-10T19:12:35.19777Z,0.0500,6.63,no
2026-10-10T19:12:35.56872Z,0.0500,15.00,no
2026-10-10T19:12:35.87507Z,0.0500,1.54,no
2026-10-10T19:12:36.122369Z,0.0600,15.63,yes
2026-10-10T19:12:36.242576Z,0.0600,5.00,yes
2026-10-10T19:12:36.242576Z,0.0600,3.00,yes
2026-10-10T19:12:36.242576Z,0.0700,66.00,yes
2026-10-10T19:12:36.242576Z,0.0600,6.00,yes
2026-10-10T19:12:36.242576Z,0.0700,110.56,yes
2026-10-10T19:12:36.242576Z,0.0700,38.00,yes
2026-10-10T19:12:36.242576Z,0.0700,3.00,yes
2026-10-10T19:12:36.242576Z,0.0700,41.00,yes
2026-10-10T19:12:36.242576Z,0.0700,78.00,yes
2026-10-10T19:12:36.242576Z,0.0600,1.00,yes
2026-10-10T19:12:36.242576Z,0.0700,31.00,yes
2026-10-10T19:12:36.242576Z,0.0700,2.00,yes
2026-10-10T19:12:36.242576Z,0.0700,2.00,yes
2026-10-10T19:12:36.242576Z,0.0600,60.01,yes
2026-10-10T19:12:36.242576Z,0.0600,100.00,yes
2026-10-10T19:12:36.242576Z,0.0600,106.00,yes
2026-10-10T19:12:36.242576Z,0.0700,9.00,yes
2026-10-10T19:12:36.242576Z,0.0700,37.00,yes
2026-10-10T19:12:37.268569Z,0.0700,67.06,yes
2026-10-10T19:12:37.932318Z,0.0700,1.00,yes
2026-10-10T19:12:37.932318Z,0.0700,1134.87,yes
2026-10-10T19:12:37.932318Z,0.0700,75.00,yes
2026-10-10T19:12:37.932318Z,0.0700,6.00,yes
2026-10-10T19:12:37.932318Z,0.0700,97.00,yes
2026-10-10T19:12:37.932318Z,0.0700,15.00,yes
2026-10-10T19:12:37.932318Z,0.0700,12.38,yes
2026-10-10T19:12:38.09031Z,0.0700,107.30,yes
2026-10-10T19:12:38.22598Z,0.0700,26.82,yes
2026-10-10T19:12:39.005955Z,0.0600,200.00,no
2026-10-10T19:12:39.005955Z,0.0500,28.46,no
2026-10-10T19:12:39.005955Z,0.0600,5.00,no
2026-10-10T19:12:39.005955Z,0.0600,43.05,no
2026-10-10T19:12:39.317428Z,0.0600,3.00,no
2026-10-10T19:12:39.317428Z,0.0600,43.05,no
2026-10-10T19:12:39.317428Z,0.0500,79.79,no
2026-10-10T19:12:39.335679Z,0.0600,43.05,no
2026-10-10T19:12:39.335679Z,0.0500,22.58,no
2026-10-10T19:12:39.671602Z,0.0700,26.82,yes
2026-10-10T19:12:39.842627Z,0.0700,54.72,yes
2026-10-10T19:12:39.863213Z,0.0700,3.35,yes
2026-10-10T19:12:39.946333Z,0.0700,67.06,yes
2026-10-10T19:12:40.024705Z,0.0700,992.65,yes
2026-10-10T19:12:40.024705Z,0.0700,1689.86,yes
2026-10-10T19:12:40.272067Z,0.0600,15.47,no
2026-10-10T19:12:40.475086Z,0.0700,53.65,yes
2026-10-10T19:12:40.762486Z,0.0700,67.06,yes
2026-10-10T19:12:40.882385Z,0.0700,201.18,yes
2026-10-10T19:12:41.09553Z,0.0700,1000.00,yes
2026-10-10T19:12:41.107261Z,0.0600,20.51,no
2026-10-10T19:12:41.668638Z,0.0700,13.41,yes
2026-10-10T19:12:41.705674Z,0.0700,132.51,yes
2026-10-10T19:12:42.222751Z,0.0700,134.12,yes
2026-10-10T19:12:42.262367Z,0.0700,67.06,yes
2026-10-10T19:12:42.339329Z,0.0700,67.06,yes
2026-10-10T19:12:42.354487Z,0.0700,71.89,yes
2026-10-10T19:12:42.617818Z,0.0700,93.88,yes
2026-10-10T19:12:42.809209Z,0.0700,13.41,yes
2026-10-10T19:12:42.876741Z,0.0700,500.00,yes
2026-10-10T19:12:42.89301Z,0.0700,67.06,yes
2026-10-10T19:12:42.928024Z,0.0700,1.34,yes
2026-10-10T19:12:42.964911Z,0.0500,456.32,no
2026-10-10T19:12:42.964911Z,0.0600,7.07,no
2026-10-10T19:12:42.964911Z,0.0600,3.00,no
2026-10-10T19:12:43.135163Z,0.0700,26.82,yes
2026-10-10T19:12:43.471729Z,0.0700,134.12,yes
2026-10-10T19:12:43.650573Z,0.0700,11.00,yes
2026-10-10T19:12:43.924752Z,0.0700,5.49,yes
2026-10-10T19:12:43.991614Z,0.0700,67.06,yes
2026-10-10T19:12:44.592175Z,0.0700,643.80,yes
2026-10-10T19:12:44.67333Z,0.0600,15.63,no
2026-10-10T19:12:44.862809Z,0.0500,78.92,no
2026-10-10T19:12:44.862809Z,0.0600,27.42,no
2026-10-10T19:12:44.862809Z,0.0600,3.00,no
2026-10-10T19:12:44.960055Z,0.0700,453.00,yes
2026-10-10T19:12:45.250675Z,0.0700,144.58,yes
2026-10-10T19:12:45.314511Z,0.0700,268.25,yes
2026-10-10T19:12:45.318069Z,0.0700,134.12,yes
2026-10-10T19:12:45.592649Z,0.0700,40.23,yes
2026-10-10T19:12:46.078795Z,0.0700,1341.25,yes
2026-10-10T19:12:46.511247Z,0.0700,134.12,yes
2026-10-10T19:12:46.723328Z,0.0700,21.72,yes
2026-10-10T19:12:46.966881Z,0.0600,16.39,no
2026-10-10T19:12:46.976387Z,0.0700,67.06,yes
2026-10-10T19:12:47.065942Z,0.0700,915.00,yes
2026-10-10T19:12:47.59125Z,0.0700,67.06,yes
2026-10-10T19:12:47.675407Z,0.0700,6.70,yes
2026-10-10T19:12:48.014219Z,0.0700,5.36,yes
2026-10-10T19:12:48.185651Z,0.0600,21.55,no
2026-10-10T19:12:48.194438Z,0.0700,335.31,yes
2026-10-10T19:12:48.239606Z,0.0700,53.65,yes
2026-10-10T19:12:48.392492Z,0.0700,13.41,yes
2026-10-10T19:12:48.477499Z,0.0700,67.06,yes
2026-10-10T19:12:48.805133Z,0.0700,26.82,yes
2026-10-10T19:12:49.112576Z,0.0700,1073.00,yes
2026-10-10T19:12:49.160291Z,0.0600,5.24,no
2026-10-10T19:12:49.160291Z,0.0600,5.00,no
2026-10-10T19:12:49.160291Z,0.0600,3.00,no
2026-10-10T19:12:49.160291Z,0.0600,87.26,no
2026-10-10T19:12:49.40315Z,0.0600,31.00,no
2026-10-10T19:12:49.564308Z,0.0700,111.00,yes
2026-10-10T19:12:49.817104Z,0.0700,13.41,yes
2026-10-10T19:12:50.004263Z,0.0600,56.25,no
2026-10-10T19:12:50.312178Z,0.0700,67.06,yes
2026-10-10T19:12:50.371421Z,0.0700,670.62,yes
2026-10-10T19:12:50.570047Z,0.0700,134.12,yes
2026-10-10T19:12:50.588757Z,0.0700,67.06,yes
2026-10-10T19:12:50.612739Z,0.0700,670.62,yes
2026-10-10T19:12:50.719123Z,0.0700,670.62,yes
2026-10-10T19:12:50.902591Z,0.0600,71.28,no
2026-10-10T19:12:51.182374Z,0.0700,120.71,yes
2026-10-10T19:12:51.257551Z,0.0700,65.85,yes
2026-10-10T19:12:51.503195Z,0.0700,6.70,yes
2026-10-10T19:12:51.798581Z,0.0700,1341.25,yes
2026-10-10T19:12:51.866441Z,0.0700,134.12,yes
2026-10-10T19:12:51.963554Z,0.0700,13.41,yes
2026-10-10T19:12:52.493864Z,0.0700,11.00,yes
2026-10-10T19:12:52.535066Z,0.0700,13.41,yes
2026-10-10T19:12:52.69953Z,0.0700,160.95,yes
2026-10-10T19:12:52.799537Z,0.0700,1073.00,yes
2026-10-10T19:12:52.91026Z,0.0700,731.52,yes
2026-10-10T19:12:52.945704Z,0.0600,154.72,no
2026-10-10T19:12:53.038665Z,0.0600,26.87,no
2026-10-10T19:12:53.061076Z,0.0700,19.44,yes
2026-10-10T19:12:53.67484Z,0.0700,67.06,yes
2026-10-10T19:12:53.869794Z,0.0600,153.22,no
2026-10-10T19:12:54.028058Z,0.0600,46.41,no
2026-10-10T19:12:54.516299Z,0.0700,335.31,yes
2026-10-10T19:12:54.550607Z,0.0700,40.23,yes
2026-10-10T19:12:54.689027Z,0.0600,0.57,no
2026-10-10T19:12:54.91916Z,0.0700,22.11,yes
2026-10-10T19:12:55.228216Z,0.0700,110.51,yes
2026-10-10T19:12:55.288538Z,0.0700,67.06,yes
2026-10-10T19:12:55.346327Z,0.0700,200.00,yes
2026-10-10T19:12:55.366582Z,0.0700,200.00,yes
2026-10-10T19:12:55.417742Z,0.0700,0.40,yes
2026-10-10T19:12:55.738303Z,0.0700,262.61,yes
2026-10-10T19:12:55.850532Z,0.0700,67.06,yes
2026-10-10T19:12:55.891083Z,0.0700,9.65,yes
2026-10-10T19:12:55.912674Z,0.0700,67.06,yes
2026-10-10T19:12:56.353932Z,0.0700,8.58,yes
2026-10-10T19:12:56.957616Z,0.0700,67.06,yes
2026-10-10T19:12:57.405377Z,0.0700,67.06,yes
2026-10-10T19:12:57.682171Z,0.0600,0.54,no
2026-10-10T19:12:57.716852Z,0.0700,55.21,yes
2026-10-10T19:12:57.716852Z,0.0700,280.10,yes
2026-10-10T19:12:57.740488Z,0.0700,26.82,yes
2026-10-10T19:12:58.170892Z,0.0700,13.41,yes
2026-10-10T19:12:58.263575Z,0.0700,11.53,yes
2026-10-10T19:12:58.498422Z,0.0700,67.06,yes
2026-10-10T19:12:59.001614Z,0.0700,53.65,yes
2026-10-10T19:12:59.048994Z,0.0600,4.64,no
2026-10-10T19:12:59.14533Z,0.0700,40.23,yes
2026-10-10T19:12:59.152664Z,0.0700,1.07,yes
2026-10-10T19:12:59.229108Z,0.0700,13.41,yes
2026-10-10T19:12:59.512603Z,0.0700,67.06,yes
2026-10-10T19:12:59.7014Z,0.0700,67.06,yes
2026-10-10T19:12:59.784462Z,0.0700,67.06,yes
2026-10-10T19:12:59.810569Z,0.0700,67.06,yes
2026-10-10T19:12:59.834281Z,0.0600,30.94,no
2026-10-10T19:12:59.920035Z,0.0700,67.06,yes
2026-10-10T19:13:00.297764Z,0.0700,335.38,yes
2026-10-10T19:13:00.297764Z,0.0700,282.31,yes
2026-10-10T19:13:00.297764Z,0.0700,120.00,yes
2026-10-10T19:13:00.570859Z,0.0700,500.00,yes
2026-10-10T19:13:00.570859Z,0.0700,1.04,yes
2026-10-10T19:13:00.570859Z,0.0700,464.62,yes
2026-10-10T19:13:00.570859Z,0.0700,1.10,yes
2026-10-10T19:13:00.570859Z,0.0700,1.03,yes
2026-10-10T19:13:00.570859Z,0.0700,1.08,yes
2026-10-10T19:13:00.570859Z,0.0700,1.05,yes
2026-10-10T19:13:00.570859Z,0.0700,1.00,yes
2026-10-10T19:13:00.570859Z,0.0700,1.09,yes
2026-10-10T19:13:00.570859Z,0.0700,1.07,yes
2026-10-10T19:13:00.570859Z,0.0700,1.08,yes
2026-10-10T19:13:00.570859Z,0.0700,5.00,yes
2026-10-10T19:13:00.570859Z,0.0700,1.08,yes
2026-10-10T19:13:00.570859Z,0.0700,1011.84,yes
2026-10-10T19:13:00.570859Z,0.0700,1.23,yes
2026-10-10T19:13:00.570859Z,0.0700,1.07,yes
2026-10-10T19:13:00.570859Z,0.0700,1.01,yes
2026-10-10T19:13:00.570859Z,0.0700,1.28,yes
2026-10-10T19:13:00.570859Z,0.0700,1.09,yes
2026-10-10T19:13:00.570859Z,0.0700,1.18,yes
2026-10-10T19:13:00.570859Z,0.0700,1.06,yes
2026-10-10T19:13:00.610972Z,0.0700,442.61,yes
2026-10-10T19:13:00.762785Z,0.0700,67.06,yes
2026-10-10T19:13:00.798449Z,0.0700,67.06,yes
2026-10-10T19:13:00.86642Z,0.0700,335.31,yes
2026-10-10T19:13:00.981381Z,0.0700,6.70,yes
2026-10-10T19:13:01.291041Z,0.0700,335.31,yes
2026-10-10T19:13:01.846489Z,0.0700,67.06,yes
2026-10-10T19:13:01.853613Z,0.0600,23.42,no
2026-10-10T19:13:02.011322Z,0.0700,278.00,yes
2026-10-10T19:13:02.084505Z,0.0700,0.13,yes
2026-10-10T19:13:02.141851Z,0.0700,80.47,yes
2026-10-10T19:13:02.228569Z,0.0700,1.15,yes
2026-10-10T19:13:02.228569Z,0.0700,1.12,yes
2026-10-10T19:13:02.228569Z,0.0700,320.29,yes
2026-10-10T19:13:02.228569Z,0.0700,1.07,yes
2026-10-10T19:13:02.228569Z,0.0700,3.00,yes
2026-10-10T19:13:02.228569Z,0.0700,1.14,yes
2026-10-10T19:13:02.228569Z,0.0700,1.16,yes
2026-10-10T19:13:02.228569Z,0.0700,1.09,yes
2026-10-10T19:13:02.228569Z,0.0700,1.00,yes
2026-10-10T19:13:02.228569Z,0.0700,4.29,yes
2026-10-10T19:13:02.399469Z,0.0700,13.41,yes
2026-10-10T19:13:02.453351Z,0.0700,67.06,yes
2026-10-10T19:13:02.545607Z,0.0700,1341.25,yes
2026-10-10T19:13:02.71734Z,0.0700,69.00,yes
2026-10-10T19:13:03.034583Z,0.0700,268.25,yes
2026-10-10T19:13:03.166118Z,0.0700,18.00,yes
2026-10-10T19:13:03.208657Z,0.0700,98.58,yes
2026-10-10T19:13:03.33359Z,0.0700,67.06,yes
2026-10-10T19:13:03.417665Z,0.0700,134.12,yes
2026-10-10T19:13:03.417936Z,0.0700,496.26,yes
2026-10-10T19:13:03.454098Z,0.0700,40.23,yes
2026-10-10T19:13:04.407128Z,0.0700,1.09,yes
2026-10-10T19:13:04.407128Z,0.0700,1.03,yes
2026-10-10T19:13:04.407128Z,0.0700,129.94,yes
2026-10-10T19:13:04.407128Z,0.0700,1.01,yes
2026-10-10T19:13:04.407128Z,0.0700,1.05,yes
2026-10-10T19:13:04.497148Z,0.0700,32.32,yes
2026-10-10T19:13:04.497148Z,0.0700,0.27,yes
2026-10-10T19:13:04.543526Z,0.0700,7.00,yes
2026-10-10T19:13:04.543526Z,0.0700,49.33,yes
2026-10-10T19:13:04.715289Z,0.0700,0.67,yes
2026-10-10T19:13:04.715289Z,0.0700,22.83,yes
2026-10-10T19:13:04.715289Z,0.0700,43.56,yes
2026-10-10T19:13:04.730513Z,0.0700,50.00,yes
2026-10-10T19:13:04.93209Z,0.0700,107.00,yes
2026-10-10T19:13:04.93209Z,0.0700,126.00,yes
2026-10-10T19:13:04.93209Z,0.0700,31.17,yes
2026-10-10T19:13:04.93209Z,0.0700,4.08,yes
2026-10-10T19:13:05.094837Z,0.0700,1.00,yes
2026-10-10T19:13:05.188697Z,0.0700,26.82,yes
2026-10-10T19:13:05.374208Z,0.0700,36.00,yes
2026-10-10T19:13:05.374208Z,0.0700,53.73,yes
2026-10-10T19:13:05.633631Z,0.0700,26.82,yes
2026-10-10T19:13:05.770692Z,0.0700,0.26,yes
2026-10-10T19:13:05.825665Z,0.0700,0.80,yes
2026-10-10T19:13:05.894777Z,0.0700,22.39,yes
2026-10-10T19:13:05.894777Z,0.0700,43.56,yes
2026-10-10T19:13:05.894777Z,0.0700,1.11,yes
2026-10-10T19:13:05.993575Z,0.0700,3.75,yes
2026-10-10T19:13:06.042142Z,0.0700,1.07,yes
2026-10-10T19:13:06.042142Z,0.0700,97.97,yes
2026-10-10T19:13:06.042142Z,0.0700,102.14,yes
2026-10-10T19:13:06.128684Z,0.0700,1.01,yes
2026-10-10T19:13:06.128684Z,0.0700,89.43,yes
2026-10-10T19:13:06.128684Z,0.0700,43.68,yes
2026-10-10T19:13:06.297922Z,0.0700,284.47,yes
2026-10-10T19:13:06.297922Z,0.0700,30.00,yes
2026-10-10T19:13:06.297922Z,0.0700,17.57,yes
2026-10-10T19:13:06.297922Z,0.0700,104.00,yes
2026-10-10T19:13:06.570201Z,0.0700,11.53,yes
2026-10-10T19:13:06.658242Z,0.0700,32.15,yes
2026-10-10T19:13:06.658242Z,0.0700,104.00,yes
2026-10-10T19:13:06.658242Z,0.0700,91.14,yes
2026-10-10T19:13:06.658242Z,0.0700,1.02,yes
2026-10-10T19:13:06.658242Z,0.0700,107.00,yes
2026-10-10T19:13:06.736576Z,0.0700,67.06,yes
2026-10-10T19:13:06.827262Z,0.0700,67.06,yes
2026-10-10T19:13:07.22452Z,0.0700,107.30,yes
2026-10-10T19:13:07.241179Z,0.0700,67.06,yes
2026-10-10T19:13:07.408345Z,0.0700,5.63,yes
2026-10-10T19:13:07.591407Z,0.0700,22.00,yes
2026-10-10T19:13:07.618584Z,0.0700,0.44,yes
2026-10-10T19:13:07.618584Z,0.0700,680.75,yes
2026-10-10T19:13:07.618584Z,0.0700,250.00,yes
2026-10-10T19:13:07.618584Z,0.0700,572.75,yes
2026-10-10T19:13:07.904437Z,0.0700,26.82,yes
2026-10-10T19:13:07.9529Z,0.0700,13.41,yes
2026-10-10T19:13:07.976261Z,0.0700,3.55,yes
2026-10-10T19:13:07.976261Z,0.0700,23.57,yes
2026-10-10T19:13:07.976261Z,0.0700,107.00,yes
2026-10-10T19:13:08.010325Z,0.0600,43.56,no
2026-10-10T19:13:08.010325Z,0.0600,3.00,no
2026-10-10T19:13:08.010325Z,0.0600,5.00,no
2026-10-10T19:13:08.010325Z,0.0600,37.68,no
2026-10-10T19:13:08.010325Z,0.0600,6.00,no
2026-10-10T19:13:08.10275Z,0.0700,53.65,yes
2026-10-10T19:13:08.215718Z,0.0700,26.78,yes
2026-10-10T19:13:08.215718Z,0.0700,308.53,yes
2026-10-10T19:13:08.304493Z,0.0700,1.10,yes
2026-10-10T19:13:08.304493Z,0.0700,1.04,yes
2026-10-10T19:13:08.304493Z,0.0700,5.00,yes
2026-10-10T19:13:08.304493Z,0.0700,2.91,yes
2026-10-10T19:13:08.622593Z,0.0700,4.00,yes
2026-10-10T19:13:09.205553Z,0.0700,4.57,yes
2026-10-10T19:13:09.205553Z,0.0700,36.87,yes
2026-10-10T19:13:09.211654Z,0.0700,80.47,yes
2026-10-10T19:13:09.233399Z,0.0700,21.96,yes
2026-10-10T19:13:09.233399Z,0.0700,38.56,yes
2026-10-10T19:13:09.233399Z,0.0700,3.00,yes
2026-10-10T19:13:09.233399Z,0.0700,43.78,yes
2026-10-10T19:13:09.938286Z,0.0700,65.44,yes
2026-10-10T19:13:09.938286Z,0.0700,1.62,yes
2026-10-10T19:13:10.105821Z,0.0700,2.95,yes
2026-10-10T19:13:10.105821Z,0.0700,10.99,yes
2026-10-10T19:13:10.231416Z,0.0700,64.91,yes
2026-10-10T19:13:10.231416Z,0.0700,43.78,yes
2026-10-10T19:13:10.231416Z,0.0700,1000.00,yes
2026-10-10T19:13:10.231416Z,0.0700,26.53,yes
2026-10-10T19:13:10.231416Z,0.0700,206.03,yes
2026-10-10T19:13:10.499723Z,0.0600,134.12,no
2026-10-10T19:13:10.773366Z,0.0600,25.00,no
2026-10-10T19:13:11.009308Z,0.0700,13.41,yes
2026-10-10T19:13:11.034397Z,0.0700,0.95,yes
2026-10-10T19:13:11.034397Z,0.0700,30.56,yes
2026-10-10T19:13:11.844963Z,0.0700,42.24,yes
2026-10-10T19:13:11.844963Z,0.0700,250.00,yes
2026-10-10T19:13:11.844963Z,0.0700,43.07,yes
2026-10-10T19:13:12.324314Z,0.0700,1.07,yes
2026-10-10T19:13:12.33181Z,0.0800,1.07,yes
2026-10-10T19:13:12.510761Z,0.0800,54.80,yes
2026-10-10T19:13:12.628728Z,0.0800,40.00,yes
2026-10-10T19:13:13.229014Z,0.0800,51.28,yes
2026-10-10T19:13:13.401313Z,0.0800,11.74,yes
2026-10-10T19:13:13.511633Z,0.0800,111.11,yes
2026-10-10T19:13:13.511633Z,0.0800,32.48,yes
2026-10-10T19:13:13.511633Z,0.0800,150.00,yes
2026-10-10T19:13:13.826525Z,0.0800,5.00,yes
2026-10-10T19:13:13.874373Z,0.0800,11.74,yes
2026-10-10T19:13:13.960049Z,0.0800,6.00,yes
2026-10-10T19:13:14.220562Z,0.0800,1.76,yes
2026-10-10T19:13:14.345521Z,0.0800,117.43,yes
2026-10-10T19:13:14.734503Z,0.0700,29.91,no
2026-10-10T19:13:14.734503Z,0.0700,17.00,no
2026-10-10T19:13:15.518672Z,0.0900,2.00,yes
2026-10-10T19:13:15.518672Z,0.0800,1.00,yes
2026-10-10T19:13:15.518672Z,0.0800,5.59,yes
2026-10-10T19:13:15.518672Z,0.0800,0.01,yes
2026-10-10T19:13:15.518672Z,0.0900,2.49,yes
2026-10-10T19:13:15.865651Z,0.1000,9.69,yes
2026-10-10T19:13:15.865651Z,0.1000,2.00,yes
2026-10-10T19:13:15.865651Z,0.1000,6.00,yes
2026-10-10T19:13:15.865651Z,0.0900,7.00,yes
2026-10-10T19:13:15.865651Z,0.1000,1.00,yes
2026-10-10T19:13:15.865651Z,0.0900,1.00,yes
2026-10-10T19:13:15.865651Z,0.1000,3.00,yes
2026-10-10T19:13:15.865651Z,0.0900,1.51,yes
2026-10-10T19:13:15.865651Z,0.0900,1.00,yes
2026-10-10T19:13:15.865651Z,0.1000,1.00,yes
2026-10-10T19:13:15.865651Z,0.0900,1.00,yes
2026-10-10T19:13:15.865651Z,0.0900,3.00,yes
2026-10-10T19:13:15.865651Z,0.1000,1.00,yes
2026-10-10T19:13:15.865651Z,0.0900,2.00,yes
2026-10-10T19:13:15.865651Z,0.0900,1.00,yes
2026-10-10T19:13:15.865651Z,0.0900,1.00,yes
2026-10-10T19:13:15.868735Z,0.1000,16.62,yes
2026-10-10T19:13:15.868735Z,0.1000,2.38,yes
2026-10-10T19:13:15.874066Z,0.1000,41.64,yes
2026-10-10T19:13:15.874066Z,0.1000,108.36,yes
2026-10-10T19:13:15.986268Z,0.0800,43.78,no
2026-10-10T19:13:15.986268Z,0.0800,54.59,no
2026-10-10T19:13:15.986268Z,0.0900,17.00,no
2026-10-10T19:13:15.986268Z,0.0900,150.00,no
2026-10-10T19:13:16.829083Z,0.1100,1.00,yes
2026-10-10T19:13:16.829083Z,0.1100,2.00,yes
2026-10-10T19:13:16.829083Z,0.1100,1.00,yes
2026-10-10T19:13:16.829083Z,0.1100,12.00,yes
2026-10-10T19:13:16.829083Z,0.1100,1.00,yes
2026-10-10T19:13:16.829083Z,0.1100,4.00,yes
2026-10-10T19:13:16.829083Z,0.1100,4.67,yes
2026-10-10T19:13:16.926975Z,0.1100,17.11,yes
2026-10-10T19:13:17.096848Z,0.1200,2.00,yes
2026-10-10T19:13:17.096848Z,0.1200,1.00,yes
2026-10-10T19:13:17.096848Z,0.1200,14.00,yes
2026-10-10T19:13:17.096848Z,0.1200,4.00,yes
2026-10-10T19:13:17.096848Z,0.1100,8.22,yes
2026-10-10T19:13:17.096848Z,0.1200,317.38,yes
2026-10-10T19:13:17.096848Z,0.1100,11.00,yes
2026-10-10T19:13:17.096848Z,0.1200,43.78,yes
2026-10-10T19:13:17.446703Z,0.1000,2.00,no
2026-10-10T19:13:17.446703Z,0.1000,17.00,no
2026-10-10T19:13:17.523126Z,0.0900,15.71,no
2026-10-10T19:13:17.65067Z,0.0900,65.92,no
2026-10-10T19:13:17.65067Z,0.0900,28.07,no
2026-10-10T19:13:17.742522Z,0.0900,237.20,no
2026-10-10T19:13:17.752658Z,0.0900,152.44,no
2026-10-10T19:13:17.77863Z,0.0900,107.50,no
2026-10-10T19:13:17.792738Z,0.0900,387.74,no
2026-10-10T19:13:17.929573Z,0.0900,18.81,yes
2026-10-10T19:13:17.960396Z,0.0900,47.03,yes
2026-10-10T19:13:17.978008Z,0.0900,9.40,yes
2026-10-10T19:13:18.086577Z,0.0900,73.00,yes
2026-10-10T19:13:18.149417Z,0.0900,59.17,yes
2026-10-10T19:13:18.16975Z,0.0900,65.85,yes
2026-10-10T19:13:18.251698Z,0.0900,75.25,yes
2026-10-10T19:13:18.363372Z,0.0900,522.28,yes
2026-10-10T19:13:18.467026Z,0.0900,52.22,yes
2026-10-10T19:13:18.556589Z,0.0900,10.44,yes
2026-10-10T19:13:18.669442Z,0.0900,52.22,yes
2026-10-10T19:13:18.726818Z,0.0900,22.56,yes
2026-10-10T19:13:18.904471Z,0.0900,102.68,yes
2026-10-10T19:13:18.907054Z,0.0900,104.45,yes
2026-10-10T19:13:18.978167Z,0.0800,2.49,no
2026-10-10T19:13:19.030103Z,0.0800,41.29,no
2026-10-10T19:13:19.030103Z,0.0800,49.50,no
2026-10-10T19:13:19.367215Z,0.0800,3.00,no
2026-10-10T19:13:19.367215Z,0.0800,950.50,no
2026-10-10T19:13:19.370245Z,0.0800,208.91,yes
2026-10-10T19:13:19.483128Z,0.0800,52.22,yes
2026-10-10T19:13:19.549332Z,0.0800,20.89,yes
2026-10-10T19:13:19.677903Z,0.0800,83.56,yes
2026-10-10T19:13:19.81146Z,0.0800,94.01,yes
2026-10-10T19:13:20.274396Z,0.0800,234.87,yes
2026-10-10T19:13:20.307975Z,0.0800,1174.37,yes
2026-10-10T19:13:20.590278Z,0.0800,23.48,yes
2026-10-10T19:13:20.81561Z,0.0800,2348.74,yes
2026-10-10T19:13:20.890396Z,0.0800,58.71,yes
2026-10-10T19:13:20.983214Z,0.0800,117.43,yes
2026-10-10T19:13:21.11242Z,0.0800,12.21,yes
2026-10-10T19:13:21.113027Z,0.0700,160.16,no
2026-10-10T19:13:21.172769Z,0.0800,199.64,yes
2026-10-10T19:13:21.177612Z,0.0800,110.50,yes
2026-10-10T19:13:21.303899Z,0.0800,5.87,yes
2026-10-10T19:13:21.669776Z,0.0800,469.74,yes
2026-10-10T19:13:21.750696Z,0.0800,50.00,yes
2026-10-10T19:13:22.150725Z,0.0800,117.43,yes
2026-10-10T19:13:22.449058Z,0.0800,134.70,yes
2026-10-10T19:13:22.450286Z,0.0800,23.48,yes
2026-10-10T19:13:22.554079Z,0.0800,48.80,yes
2026-10-10T19:13:23.004448Z,0.0800,1.17,yes
2026-10-10T19:13:23.068645Z,0.0800,58.71,yes
2026-10-10T19:13:23.178606Z,0.0800,35.23,yes
2026-10-10T19:13:23.190542Z,0.0800,587.18,yes
2026-10-10T19:13:23.27945Z,0.0800,117.43,yes
2026-10-10T19:13:23.465927Z,0.0800,11.74,yes
2026-10-10T19:13:23.491609Z,0.0800,35.23,yes
2026-10-10T19:13:23.699065Z,0.0800,117.43,yes
2026-10-10T19:13:23.837802Z,0.0800,2.46,yes
2026-10-10T19:13:23.856073Z,0.0800,50.49,yes
2026-10-10T19:13:24.035185Z,0.0800,35.23,yes
2026-10-10T19:13:24.226305Z,0.0800,281.84,yes
2026-10-10T19:13:24.262348Z,0.0800,46.62,yes
2026-10-10T19:13:24.266572Z,0.0800,234.87,yes
2026-10-10T19:13:24.789584Z,0.0800,6.10,yes
2026-10-10T19:13:24.841647Z,0.0800,58.71,yes
2026-10-10T19:13:25.131149Z,0.0800,46.97,yes
2026-10-10T19:13:25.200047Z,0.0800,35.23,yes
2026-10-10T19:13:25.371919Z,0.0800,11.74,yes
2026-10-10T19:13:25.476622Z,0.0800,58.71,yes
2026-10-10T19:13:25.590124Z,0.0800,293.59,yes
2026-10-10T19:13:25.676221Z,0.0800,117.43,yes
2026-10-10T19:13:25.725381Z,0.0800,234.87,yes
2026-10-10T19:13:25.789597Z,0.0800,11.74,yes
2026-10-10T19:13:25.914693Z,0.0800,11.74,yes
2026-10-10T19:13:25.933231Z,0.0800,504.97,yes
2026-10-10T19:13:25.970628Z,0.0800,58.71,yes
2026-10-10T19:13:26.170395Z,0.0800,58.71,yes
2026-10-10T19:13:26.174281Z,0.0800,140.80,yes
2026-10-10T19:13:26.445037Z,0.0800,49.90,yes
2026-10-10T19:13:26.492935Z,0.0800,11.74,yes
2026-10-10T19:13:26.498289Z,0.0800,20.55,yes
2026-10-10T19:13:26.50671Z,0.0800,117.43,yes
2026-10-10T19:13:26.511126Z,0.0800,82.20,yes
2026-10-10T19:13:26.530219Z,0.0800,58.71,yes
2026-10-10T19:13:26.594179Z,0.0700,57.89,no
2026-10-10T19:13:27.096173Z,0.0800,187.87,yes
2026-10-10T19:13:27.13349Z,0.0800,293.59,yes
2026-10-10T19:13:27.151034Z,0.0800,117.43,yes
2026-10-10T19:13:27.40241Z,0.0800,58.71,yes
2026-10-10T19:13:27.536313Z,0.0800,293.59,yes
2026-10-10T19:13:27.54229Z,0.0800,15.26,yes
2026-10-10T19:13:27.729165Z,0.0800,23.48,yes
2026-10-10T19:13:28.024795Z,0.0800,5.00,yes
2026-10-10T19:13:28.040628Z,0.0800,58.71,yes
2026-10-10T19:13:28.462728Z,0.0800,35.23,yes
2026-10-10T19:13:28.481609Z,0.0800,469.74,yes
2026-10-10T19:13:28.488637Z,0.0800,2000.00,yes
2026-10-10T19:13:28.529786Z,0.0800,260.50,yes
2026-10-10T19:13:28.74043Z,0.0800,117.43,yes
2026-10-10T19:13:28.871361Z,0.0800,8.57,yes
2026-10-10T19:13:28.894654Z,0.0700,112.01,no
2026-10-10T19:13:28.894654Z,0.0700,22.11,no
2026-10-10T19:13:29.205561Z,0.0800,23.48,yes
2026-10-10T19:13:29.293159Z,0.0800,587.18,yes
2026-10-10T19:13:29.422457Z,0.0800,97.52,yes
2026-10-10T19:13:29.583981Z,0.0800,35.23,yes
2026-10-10T19:13:29.783758Z,0.0700,67.06,no
2026-10-10T19:13:29.812074Z,0.0700,156.37,no
2026-10-10T19:13:30.07443Z,0.0800,20.00,yes
2026-10-10T19:13:30.355673Z,0.0800,93.94,yes
2026-10-10T19:13:30.470172Z,0.0800,58.71,yes
2026-10-10T19:13:30.493946Z,0.0800,58.71,yes
2026-10-10T19:13:31.285619Z,0.0900,52.22,yes
2026-10-10T19:13:31.29824Z,0.0900,208.91,yes
2026-10-10T19:13:31.410759Z,0.0900,20.89,yes
2026-10-10T19:13:31.872407Z,0.0900,20.89,yes
2026-10-10T19:13:31.92897Z,0.0900,208.91,yes
2026-10-10T19:13:31.957271Z,0.0900,188.48,yes
2026-10-10T19:13:31.957271Z,0.0900,9.98,yes
2026-10-10T19:13:32.010214Z,0.0900,250.00,yes
2026-10-10T19:13:32.06494Z,0.0900,83.56,yes
2026-10-10T19:13:32.116135Z,0.0900,208.91,yes
2026-10-10T19:13:32.241767Z,0.0900,83.56,yes
2026-10-10T19:13:32.243671Z,0.0800,17.00,no
2026-10-10T19:13:32.243671Z,0.0800,524.95,no
2026-10-10T19:13:32.243671Z,0.0800,45.05,no
2026-10-10T19:13:32.754434Z,0.0900,146.24,yes
2026-10-10T19:13:32.997681Z,0.0900,12.97,yes
2026-10-10T19:13:32.997681Z,0.0900,39.25,yes
2026-10-10T19:13:33.028772Z,0.0900,250.69,yes
2026-10-10T19:13:33.145742Z,0.0900,27.47,yes
2026-10-10T19:13:33.191427Z,0.0900,104.45,yes
2026-10-10T19:13:33.245357Z,0.0900,52.22,yes
2026-10-10T19:13:33.291604Z,0.0900,10.44,yes
2026-10-10T19:13:33.307289Z,0.0900,94.01,yes
2026-10-10T19:13:33.64404Z,0.0900,52.22,yes
2026-10-10T19:13:33.828749Z,0.0900,395.53,yes
2026-10-10T19:13:33.828749Z,0.0900,126.75,yes
2026-10-10T19:13:33.85891Z,0.0800,997.00,no
2026-10-10T19:13:34.182852Z,0.0900,1044.57,yes
2026-10-10T19:13:34.230509Z,0.0800,44.00,no
2026-10-10T19:13:34.368572Z,0.0900,156.66,yes
2026-10-10T19:13:34.484153Z,0.0900,261.14,yes
2026-10-10T19:13:34.553265Z,0.0800,928.82,no
2026-10-10T19:13:34.553265Z,0.0800,412.43,no
2026-10-10T19:13:34.787207Z,0.0900,10.44,yes
2026-10-10T19:13:34.811164Z,0.0900,522.28,yes
2026-10-10T19:13:34.901103Z,0.0900,208.91,yes
2026-10-10T19:13:35.333608Z,0.0900,104.45,yes
2026-10-10T19:13:35.598347Z,0.0900,104.45,yes
2026-10-10T19:13:35.619418Z,0.0800,13.94,no
2026-10-10T19:13:35.657123Z,0.0900,0.52,yes
2026-10-10T19:13:36.126721Z,0.0900,10.44,yes
2026-10-10T19:13:36.299837Z,0.0900,52.22,yes
2026-10-10T19:13:36.300288Z,0.0900,52.22,yes
2026-10-10T19:13:36.320378Z,0.0900,52.22,yes
2026-10-10T19:13:36.432921Z,0.0900,10.44,yes
2026-10-10T19:13:36.47931Z,0.0900,5.53,yes
2026-10-10T19:13:36.683637Z,0.0800,1341.25,no
2026-10-10T19:13:37.155692Z,0.0900,52.22,yes
2026-10-10T19:13:37.172867Z,0.0800,42.03,no
2026-10-10T19:13:37.274575Z,0.0800,52.00,no
2026-10-10T19:13:37.396011Z,0.0900,114.90,yes
2026-10-10T19:13:37.44566Z,0.0900,52.22,yes
2026-10-10T19:13:37.571581Z,0.0900,5.22,yes
2026-10-10T19:13:37.578446Z,0.0900,10.44,yes
2026-10-10T19:13:37.724735Z,0.0900,0.94,yes
2026-10-10T19:13:37.844013Z,0.0800,19.41,no
2026-10-10T19:13:37.84986Z,0.0900,40.82,yes
2026-10-10T19:13:37.84986Z,0.0900,8.40,yes
2026-10-10T19:13:37.84986Z,0.0900,1.00,yes
2026-10-10T19:13:37.84986Z,0.0900,2.00,yes
2026-10-10T19:13:38.064701Z,0.0800,54.00,no
2026-10-10T19:13:38.182348Z,0.0900,34.99,yes
2026-10-10T19:13:38.275155Z,0.0900,104.45,yes
2026-10-10T19:13:38.763209Z,0.0900,41.78,yes
2026-10-10T19:13:39.381379Z,0.0900,73.12,yes
2026-10-10T19:13:39.391648Z,0.0900,10.44,yes
2026-10-10T19:13:39.434944Z,0.0900,20.89,yes
2026-10-10T19:13:39.440259Z,0.0900,52.22,yes
2026-10-10T19:13:39.816047Z,0.0900,104.45,yes
2026-10-10T19:13:40.643728Z,0.0800,2629.50,no
2026-10-10T19:13:40.643728Z,0.0800,2087.94,no
2026-10-10T19:13:40.7234Z,0.0800,80.47,no
2026-10-10T19:13:40.89979Z,0.0900,3.44,yes
2026-10-10T19:13:41.032687Z,0.0900,52.22,yes
2026-10-10T19:13:41.240714Z,0.0900,1044.57,yes
2026-10-10T19:13:41.427562Z,0.0900,156.68,yes
2026-10-10T19:13:41.485121Z,0.0900,0.77,yes
2026-10-10T19:13:41.511761Z,0.0900,31.33,yes
2026-10-10T19:13:41.747373Z,0.0900,198.46,yes
2026-10-10T19:13:41.761435Z,0.0800,14.94,no
2026-10-10T19:13:42.053474Z,0.0900,10.44,yes
2026-10-10T19:13:42.118617Z,0.0900,52.22,yes
2026-10-10T19:13:42.145248Z,0.0900,2.19,yes
2026-10-10T19:13:42.146595Z,0.0900,522.28,yes
2026-10-10T19:13:42.192604Z,0.0900,10.44,yes
2026-10-10T19:13:42.447071Z,0.0900,10.44,yes
2026-10-10T19:13:42.851204Z,0.0900,200.00,yes
2026-10-10T19:13:43.041815Z,0.0900,52.22,yes
2026-10-10T19:13:43.170485Z,0.0900,104.45,yes
2026-10-10T19:13:43.282634Z,0.0900,188.14,yes
2026-10-10T19:13:43.34346Z,0.0900,52.22,yes
2026-10-10T19:13:43.368647Z,0.0800,7.73,no
2026-10-10T19:13:43.659424Z,0.0900,81.78,yes
2026-10-10T19:13:43.670925Z,0.0900,104.45,yes
2026-10-10T19:13:43.943567Z,0.0800,234.25,no
2026-10-10T19:13:44.277095Z,0.0900,28.51,yes
2026-10-10T19:13:44.475337Z,0.0900,490.94,yes
2026-10-10T19:13:44.527482Z,0.0900,4.49,yes
2026-10-10T19:13:44.946114Z,0.0900,261.14,yes
2026-10-10T19:13:45.050015Z,0.0900,52.22,yes
2026-10-10T19:13:45.339267Z,0.0900,10.44,yes
2026-10-10T19:13:45.345698Z,0.0900,104.45,yes
2026-10-10T19:13:45.36805Z,0.0900,104.45,yes
2026-10-10T19:13:45.610748Z,0.0900,156.68,yes
2026-10-10T19:13:45.889204Z,0.0900,52.22,yes
2026-10-10T19:13:46.081807Z,0.0900,5.53,yes
2026-10-10T19:13:46.088072Z,0.0900,52.22,yes
2026-10-10T19:13:46.137003Z,0.0900,10.44,yes
2026-10-10T19:13:47.024626Z,0.0900,2298.05,yes
2026-10-10T19:13:47.208844Z,0.0900,61.62,yes
2026-10-10T19:13:47.22216Z,0.0900,52.22,yes
2026-10-10T19:13:47.230376Z,0.0900,20.89,yes
2026-10-10T19:13:47.276472Z,0.0900,52.22,yes
2026-10-10T19:13:47.726203Z,0.0900,12.22,yes
2026-10-10T19:13:47.799404Z,0.0900,31.33,yes
2026-10-10T19:13:48.128272Z,0.0900,104.45,yes
2026-10-10T19:13:48.405509Z,0.0900,10.00,yes
2026-10-10T19:13:48.590915Z,0.0800,15.00,no
2026-10-10T19:13:48.742906Z,0.0900,1399.72,yes
2026-10-10T19:13:48.904927Z,0.0900,9.61,yes
2026-10-10T19:13:48.947399Z,0.0900,156.68,yes
2026-10-10T19:13:48.989512Z,0.0900,104.45,yes
2026-10-10T19:13:49.047114Z,0.0900,104.45,yes
2026-10-10T19:13:49.305156Z,0.0800,28.11,no
2026-10-10T19:13:49.444577Z,0.0900,55.57,yes
2026-10-10T19:13:49.490763Z,0.0800,71.40,no
2026-10-10T19:13:49.611551Z,0.0900,10.44,yes
2026-10-10T19:13:49.66941Z,0.0900,73.12,yes
2026-10-10T19:13:49.761074Z,0.0900,104.45,yes
2026-10-10T19:13:49.856059Z,0.0800,164.13,no
2026-10-10T19:13:49.942224Z,0.0900,2.61,yes
2026-10-10T19:13:50.316322Z,0.0900,104.45,yes
2026-10-10T19:13:50.323067Z,0.0900,104.45,yes
2026-10-10T19:13:50.518989Z,0.0900,10.44,yes
2026-10-10T19:13:50.542385Z,0.0900,20.89,yes
2026-10-10T19:13:50.572537Z,0.0900,261.14,yes
2026-10-10T19:13:50.715713Z,0.0900,20.89,yes
2026-10-10T19:13:50.72111Z,0.0800,25.00,no
2026-10-10T19:13:50.806267Z,0.0900,2.40,yes
2026-10-10T19:13:50.87136Z,0.0900,20.89,yes
2026-10-10T19:13:50.892385Z,0.0900,104.45,yes
2026-10-10T19:13:50.898823Z,0.0800,67.06,no
2026-10-10T19:13:50.911759Z,0.0900,104.45,yes
2026-10-10T19:13:51.337516Z,0.0900,5.64,yes
2026-10-10T19:13:51.385015Z,0.0900,52.22,yes
2026-10-10T19:13:51.748663Z,0.0900,31.33,yes
2026-10-10T19:13:52.279099Z,0.0900,10.44,yes
2026-10-10T19:13:52.302871Z,0.0900,104.45,yes
2026-10-10T19:13:52.613286Z,0.0900,104.45,yes
2026-10-10T19:13:52.676111Z,0.0900,20.89,yes
2026-10-10T19:13:52.676649Z,0.0800,23.67,no
2026-10-10T19:13:52.680208Z,0.0800,256.00,no
2026-10-10T19:13:52.841365Z,0.0800,56.25,no
2026-10-10T19:13:52.880655Z,0.0900,20.89,yes
2026-10-10T19:13:52.995061Z,0.0900,5.11,yes
2026-10-10T19:13:53.247447Z,0.0900,104.45,yes
2026-10-10T19:13:53.358408Z,0.0900,90.81,yes
2026-10-10T19:13:53.648442Z,0.0800,20.00,no
2026-10-10T19:13:53.725314Z,0.0900,52.22,yes
2026-10-10T19:13:53.825777Z,0.0900,104.45,yes
2026-10-10T19:13:53.87057Z,0.0900,5.22,yes
2026-10-10T19:13:53.883902Z,0.0900,5.22,yes
2026-10-10T19:13:53.893073Z,0.0900,52.22,yes
2026-10-10T19:13:53.984682Z,0.0800,60.00,no
2026-10-10T19:13:54.021989Z,0.0800,15.00,no
2026-10-10T19:13:54.030291Z,0.0900,52.22,yes
2026-10-10T19:13:54.079356Z,0.0900,1044.57,yes
2026-10-10T19:13:54.093477Z,0.0900,20.89,yes
2026-10-10T19:13:54.691181Z,0.0900,2000.00,yes
2026-10-10T19:13:54.71151Z,0.0900,783.42,yes
2026-10-10T19:13:55.040309Z,0.0900,1.35,yes
2026-10-10T19:13:55.049147Z,0.0900,104.45,yes
2026-10-10T19:13:55.093119Z,0.0900,52.22,yes
2026-10-10T19:13:55.097512Z,0.0800,10.00,no
2026-10-10T19:13:55.114176Z,0.0800,15.47,no
2026-10-10T19:13:55.5553Z,0.0800,436.04,no
2026-10-10T19:13:55.872438Z,0.0900,31.33,yes
2026-10-10T19:13:55.901588Z,0.0900,104.45,yes
2026-10-10T19:13:55.910536Z,0.0900,20.89,yes
2026-10-10T19:13:56.157523Z,0.0900,41.78,yes
2026-10-10T19:13:56.406358Z,0.0900,20.89,yes
2026-10-10T19:13:56.53224Z,0.0900,52.22,yes
2026-10-10T19:13:56.910554Z,0.0800,78.18,no
2026-10-10T19:13:57.024272Z,0.0800,24.00,no
2026-10-10T19:13:57.043351Z,0.0900,104.45,yes
2026-10-10T19:13:57.130868Z,0.0800,77.36,no
2026-10-10T19:13:57.259627Z,0.0900,104.45,yes
2026-10-10T19:13:57.261284Z,0.0900,74.47,yes
2026-10-10T19:13:57.443915Z,0.0900,0.10,yes
2026-10-10T19:13:57.5884Z,0.0900,20.89,yes
2026-10-10T19:13:57.798304Z,0.0900,52.22,yes
2026-10-10T19:13:57.818329Z,0.0900,208.88,yes
2026-10-10T19:13:57.857127Z,0.0900,1044.57,yes
2026-10-10T19:13:58.014308Z,0.0900,104.45,yes
2026-10-10T19:13:58.016653Z,0.0900,208.91,yes
2026-10-10T19:13:58.046021Z,0.0800,670.62,no
2026-10-10T19:13:58.048289Z,0.0900,52.22,yes
2026-10-10T19:13:58.150426Z,0.0900,27.18,yes
2026-10-10T19:13:58.237218Z,0.0900,52.22,yes
2026-10-10T19:13:58.274202Z,0.0800,58.71,no
2026-10-10T19:13:58.275648Z,0.0900,0.96,yes
2026-10-10T19:13:58.364887Z,0.0800,60.00,no
2026-10-10T19:13:58.479501Z,0.0800,67.06,no
2026-10-10T19:13:59.239203Z,0.0800,78.18,no
2026-10-10T19:13:59.367453Z,0.0900,167.13,yes
2026-10-10T19:13:59.571883Z,0.0900,156.68,yes
2026-10-10T19:13:59.720711Z,0.0800,67.06,no
2026-10-10T19:13:59.75899Z,0.0800,156.37,no
2026-10-10T19:13:59.815559Z,0.0900,62.67,yes
2026-10-10T19:13:59.839038Z,0.0900,4.17,yes
2026-10-10T19:14:00.052386Z,0.0900,522.28,yes
2026-10-10T19:14:00.133628Z,0.0800,104.45,no
2026-10-10T19:14:00.285947Z,0.0800,184.49,no
2026-10-10T19:14:00.296543Z,0.0900,334.26,yes
2026-10-10T19:14:00.411262Z,0.0800,281.84,no
2026-10-10T19:14:00.418621Z,0.0900,156.68,yes
2026-10-10T19:14:00.67064Z,0.0900,4.91,yes
2026-10-10T19:14:01.101192Z,0.0900,10.44,yes
2026-10-10T19:14:01.298164Z,0.0900,8.00,yes
2026-10-10T19:14:01.342149Z,0.0800,60.00,no
2026-10-10T19:14:01.473288Z,0.0800,58.71,no
2026-10-10T19:14:01.719639Z,0.0800,234.87,no
2026-10-10T19:14:01.763159Z,0.0800,333.17,no
2026-10-10T19:14:01.763159Z,0.0800,1008.08,no
2026-10-10T19:14:01.865545Z,0.0800,670.62,no
2026-10-10T19:14:02.200044Z,0.0900,28.20,yes
2026-10-10T19:14:02.225175Z,0.0900,104.45,yes
2026-10-10T19:14:02.358131Z,0.0900,31.33,yes
2026-10-10T19:14:02.559763Z,0.0900,13.63,yes
2026-10-10T19:14:02.625817Z,0.0900,104.45,yes
2026-10-10T19:14:02.88793Z,0.0900,261.14,yes
2026-10-10T19:14:02.94577Z,0.0800,46.62,no
2026-10-10T19:14:03.075702Z,0.0800,58.71,no
2026-10-10T19:14:03.11407Z,0.0900,15.66,yes
2026-10-10T19:14:03.278113Z,0.0800,14.90,no
2026-10-10T19:14:03.283526Z,0.0800,94.01,no
2026-10-10T19:14:03.331713Z,0.0800,61.62,no
2026-10-10T19:14:03.355842Z,0.0800,1505.23,no
2026-10-10T19:14:03.818609Z,0.0800,20.89,no
2026-10-10T19:14:04.594711Z,0.0800,82.12,no
2026-10-10T19:14:04.659517Z,0.0800,60.00,no
2026-10-10T19:14:04.751585Z,0.0900,139.45,yes
2026-10-10T19:14:04.926604Z,0.0800,104.45,no
2026-10-10T19:14:04.974833Z,0.0800,113.95,no
2026-10-10T19:14:05.050222Z,0.0800,19.34,no
2026-10-10T19:14:05.155969Z,0.0900,227.00,yes
2026-10-10T19:14:05.179845Z,0.0800,99.37,no
2026-10-10T19:14:05.180775Z,0.0800,208.91,no
2026-10-10T19:14:05.20477Z,0.0800,49.80,no
2026-10-10T19:14:05.435168Z,0.0800,2.61,no
2026-10-10T19:14:05.803264Z,0.0900,1.04,yes
2026-10-10T19:14:05.853082Z,0.0900,20.89,yes
2026-10-10T19:14:05.913672Z,0.0900,2089.14,yes
2026-10-10T19:14:05.919376Z,0.0800,20.89,no
2026-10-10T19:14:06.38377Z,0.0900,52.22,yes
2026-10-10T19:14:06.402461Z,0.0900,20.89,yes
2026-10-10T19:14:06.448558Z,0.0800,38.68,no
2026-10-10T19:14:06.463984Z,0.0800,75.00,no
2026-10-10T19:14:06.505946Z,0.0800,12.21,no
2026-10-10T19:14:06.63967Z,0.0900,52.22,yes
2026-10-10T19:14:06.796403Z,0.0800,107.30,no
2026-10-10T19:14:07.340133Z,0.0800,19.44,no
2026-10-10T19:14:07.346206Z,0.0900,52.22,yes
2026-10-10T19:14:07.63686Z,0.0800,51.22,no
2026-10-10T19:14:07.810096Z,0.0800,67.06,no
2026-10-10T19:14:07.911192Z,0.0800,16.67,no
2026-10-10T19:14:07.911192Z,0.0800,61.88,no
2026-10-10T19:14:08.005893Z,0.0800,60.00,no
2026-10-10T19:14:08.069651Z,0.0900,156.68,yes
2026-10-10T19:14:08.163175Z,0.0800,104.45,no
2026-10-10T19:14:08.424191Z,0.0800,3.07,no
2026-10-10T19:14:08.866458Z,0.0900,27.00,yes
2026-10-10T19:14:09.214944Z,0.0900,208.91,yes
2026-10-10T19:14:09.226691Z,0.0800,140.56,no
2026-10-10T19:14:09.291832Z,0.0800,1.87,no
2026-10-10T19:14:09.396902Z,0.0800,40.23,no
2026-10-10T19:14:09.50234Z,0.0900,20.89,yes
2026-10-10T19:14:09.598695Z,0.0900,104.45,yes
2026-10-10T19:14:09.827235Z,0.0900,52.22,yes
2026-10-10T19:14:10.138038Z,0.0800,146.24,no
2026-10-10T19:14:10.226854Z,0.0800,20.21,no
2026-10-10T19:14:10.226854Z,0.0800,84.24,no
2026-10-10T19:14:10.330054Z,0.0900,20.89,yes
2026-10-10T19:14:10.369487Z,0.0900,104.45,yes
2026-10-10T19:14:10.415208Z,0.0800,33.00,no
2026-10-10T19:14:10.415208Z,0.0800,704.69,no
2026-10-10T19:14:10.708144Z,0.0900,156.68,yes
2026-10-10T19:14:11.060284Z,0.0800,64.00,no
2026-10-10T19:14:11.072955Z,0.0800,134.12,no
2026-10-10T19:14:11.090107Z,0.0800,208.91,no
2026-10-10T19:14:11.160733Z,0.0900,20.89,yes
2026-10-10T19:14:11.297567Z,0.0800,67.06,no
2026-10-10T19:14:11.816616Z,0.0800,28.51,no
2026-10-10T19:14:11.958981Z,0.0800,6.70,no
2026-10-10T19:14:12.435232Z,0.0800,15.00,no
2026-10-10T19:14:12.587237Z,0.0800,67.69,no
2026-10-10T19:14:12.612033Z,0.0800,15.04,no
2026-10-10T19:14:12.612033Z,0.0800,12.43,no
2026-10-10T19:14:12.673671Z,0.0900,100.00,yes
2026-10-10T19:14:12.829354Z,0.0900,10.44,yes
2026-10-10T19:14:13.026499Z,0.0800,58.71,no
2026-10-10T19:14:13.099039Z,0.0800,104.45,no
2026-10-10T19:14:13.267301Z,0.0900,52.22,yes
2026-10-10T19:14:13.365202Z,0.0800,99.00,no
2026-10-10T19:14:13.422297Z,0.0900,52.22,yes
2026-10-10T19:14:13.445589Z,0.0900,20.89,yes
2026-10-10T19:14:13.588861Z,0.0800,104.45,no
2026-10-10T19:14:13.670602Z,0.0800,7.19,no
2026-10-10T19:14:13.676156Z,0.0800,19.74,no
2026-10-10T19:14:13.710427Z,0.0900,104.45,yes
2026-10-10T19:14:13.899652Z,0.0900,104.45,yes
2026-10-10T19:14:14.299952Z,0.0800,60.00,no
2026-10-10T19:14:14.735665Z,0.0800,10.44,no
2026-10-10T19:14:14.982729Z,0.0800,20.89,no
2026-10-10T19:14:15.003906Z,0.0900,20.89,yes
2026-10-10T19:14:15.252922Z,0.0900,94.01,yes
2026-10-10T19:14:15.742215Z,0.0900,156.68,yes
2026-10-10T19:14:15.872863Z,0.0900,233.67,yes
2026-10-10T19:14:15.940087Z,0.0800,62.67,no
2026-10-10T19:14:15.953028Z,0.0800,104.45,no
2026-10-10T19:14:15.959798Z,0.0900,156.68,yes
2026-10-10T19:14:16.219716Z,0.0900,261.14,yes
2026-10-10T19:14:16.566361Z,0.0800,1.24,no
2026-10-10T19:14:16.695297Z,0.0800,1044.57,no
2026-10-10T19:14:16.70913Z,0.0900,10.44,yes
2026-10-10T19:14:16.77888Z,0.0800,1109.46,no
2026-10-10T19:14:16.932685Z,0.0800,13.41,no
2026-10-10T19:14:16.940473Z,0.0900,52.22,yes
2026-10-10T19:14:17.060055Z,0.0900,219.36,yes
2026-10-10T19:14:17.494568Z,0.0900,10.44,yes
2026-10-10T19:14:17.59461Z,0.0800,76.00,no
2026-10-10T19:14:17.860784Z,0.0800,9.92,no
2026-10-10T19:14:18.175307Z,0.0800,261.12,no
2026-10-10T19:14:18.242294Z,0.0800,442.61,no
2026-10-10T19:14:18.298636Z,0.0800,67.06,no
2026-10-10T19:14:18.839211Z,0.0800,104.45,no
2026-10-10T19:14:19.199305Z,0.0800,522.28,no
2026-10-10T19:14:19.439732Z,0.0800,10.00,no
2026-10-10T19:14:19.609974Z,0.0800,307.71,no
2026-10-10T19:14:19.658127Z,0.0800,114.50,no
2026-10-10T19:14:19.816331Z,0.0800,48.84,no
2026-10-10T19:14:20.122313Z,0.0800,46.97,no
2026-10-10T19:14:20.205999Z,0.0800,9.37,no
2026-10-10T19:14:20.364292Z,0.0800,273.28,no
2026-10-10T19:14:20.539846Z,0.0800,114.90,no
2026-10-10T19:14:20.751033Z,0.0800,23.24,no
2026-10-10T19:14:20.761533Z,0.0800,35.23,no
2026-10-10T19:14:20.958292Z,0.0900,104.45,yes
2026-10-10T19:14:21.156219Z,0.0800,20.28,no
2026-10-10T19:14:21.186702Z,0.0800,168.00,no
2026-10-10T19:14:21.355262Z,0.0800,156.68,no
2026-10-10T19:14:21.835114Z,0.0900,261.14,yes
2026-10-10T19:14:21.876387Z,0.0800,18.75,no
2026-10-10T19:14:22.019484Z,0.0900,104.45,yes
2026-10-10T19:14:22.097703Z,0.0900,23.18,yes
2026-10-10T19:14:22.224481Z,0.0800,156.68,no
2026-10-10T19:14:22.473939Z,0.0900,20.89,yes
2026-10-10T19:14:22.675038Z,0.0800,66.00,no
2026-10-10T19:14:23.305977Z,0.0800,468.50,no
2026-10-10T19:14:23.324741Z,0.0900,52.22,yes
2026-10-10T19:14:23.419394Z,0.0900,10.44,yes
2026-10-10T19:14:23.494367Z,0.0800,1144.53,no
2026-10-10T19:14:23.494367Z,0.0800,391.00,no
2026-10-10T19:14:23.494367Z,0.0800,10.00,no
2026-10-10T19:14:23.494367Z,0.0800,783.00,no
2026-10-10T19:14:23.494367Z,0.0800,87.65,no
2026-10-10T19:14:23.494367Z,0.0800,4023.00,no
2026-10-10T19:14:23.494367Z,0.0800,934.78,no
2026-10-10T19:14:23.494367Z,0.0800,4135.00,no
2026-10-10T19:14:23.494367Z,0.0800,1667.00,no
2026-10-10T19:14:23.494367Z,0.0800,1000.00,no
2026-10-10T19:14:23.494367Z,0.0800,4135.00,no
2026-10-10T19:14:23.494367Z,0.0800,2553.92,no
2026-10-10T19:14:23.510912Z,0.0900,104.45,yes
2026-10-10T19:14:24.003894Z,0.0900,104.45,yes
2026-10-10T19:14:24.370113Z,0.0900,156.68,yes
2026-10-10T19:14:24.502853Z,0.0800,3418.92,no
2026-10-10T19:14:24.502853Z,0.0800,1581.08,no
2026-10-10T19:14:24.599596Z,0.0900,3.44,yes
2026-10-10T19:14:25.179925Z,0.0800,75.16,no
2026-10-10T19:14:25.365441Z,0.0800,50.39,no
2026-10-10T19:14:25.409114Z,0.0800,10.45,no
2026-10-10T19:14:25.608617Z,0.0800,23.20,no
2026-10-10T19:14:25.741552Z,0.0900,13.54,yes
2026-10-10T19:14:26.058693Z,0.0800,24.87,no
2026-10-10T19:14:26.529292Z,0.0800,17.19,no
2026-10-10T19:14:27.052709Z,0.0800,53.65,no
2026-10-10T19:14:27.331182Z,0.0900,0.94,yes
2026-10-10T19:14:27.514725Z,0.0800,156.68,no
2026-10-10T19:14:27.792365Z,0.0900,52.22,yes
2026-10-10T19:14:27.801449Z,0.0800,104.45,no
2026-10-10T19:14:28.355434Z,0.0800,0.94,no
2026-10-10T19:14:28.917212Z,0.0800,144.72,no
2026-10-10T19:14:28.978696Z,0.0900,52.22,yes
2026-10-10T19:14:28.994546Z,0.0800,70.40,no
2026-10-10T19:14:28.994546Z,0.0800,54.38,no
2026-10-10T19:14:29.280476Z,0.0800,98.58,no
2026-10-10T19:14:29.546968Z,0.0900,10.44,yes
2026-10-10T19:14:29.55754Z,0.0800,230.63,no
2026-10-10T19:14:29.627496Z,0.0900,51.18,yes
2026-10-10T19:14:29.90807Z,0.0900,10.44,yes
2026-10-10T19:14:30.6806Z,0.0800,8.57,no
2026-10-10T19:14:30.738216Z,0.0900,60.89,yes
2026-10-10T19:14:31.389401Z,0.0900,2.61,yes
2026-10-10T19:14:32.073205Z,0.0900,52.22,yes
2026-10-10T19:14:32.162381Z,0.0900,90.00,yes
2026-10-10T19:14:32.266749Z,0.0800,504.97,no
2026-10-10T19:14:32.650435Z,0.0900,261.14,yes
2026-10-10T19:14:32.663241Z,0.0800,23.20,no
2026-10-10T19:14:33.550991Z,0.0900,156.68,yes
2026-10-10T19:14:34.065165Z,0.0900,10.44,yes
2026-10-10T19:14:34.180832Z,0.0900,1.88,yes
2026-10-10T19:14:34.195406Z,0.0800,12.32,no
2026-10-10T19:14:34.53077Z,0.0800,0.73,no
2026-10-10T19:14:34.623264Z,0.0800,104.45,no
2026-10-10T19:14:34.643612Z,0.0800,8.58,no
2026-10-10T19:14:34.661887Z,0.0800,53.49,no
2026-10-10T19:14:34.7218Z,0.0800,70.00,no
2026-10-10T19:14:34.731683Z,0.0800,308.00,no
2026-10-10T19:14:34.743453Z,0.0800,125.00,no
2026-10-10T19:14:34.75918Z,0.0800,104.45,no
2026-10-10T19:14:34.850801Z,0.0900,10.44,yes
2026-10-10T19:14:34.9013Z,0.0900,52.22,yes
2026-10-10T19:14:35.184203Z,0.0800,8504.18,no
2026-10-10T19:14:35.377237Z,0.0800,102.02,no
2026-10-10T19:14:35.415027Z,0.0900,20.89,yes
2026-10-10T19:14:35.419138Z,0.0900,42.61,yes
2026-10-10T19:14:35.826609Z,0.0900,188.02,yes
2026-10-10T19:14:36.339029Z,0.0900,136.27,yes
2026-10-10T19:14:36.373744Z,0.0900,52.22,yes
2026-10-10T19:14:36.53555Z,0.0800,268.25,no
2026-10-10T19:14:36.797625Z,0.0900,52.22,yes
2026-10-10T19:14:36.806726Z,0.0800,52.22,no
2026-10-10T19:14:36.944531Z,0.0800,11.74,no
2026-10-10T19:14:37.158152Z,0.0900,5.00,yes
2026-10-10T19:14:37.458375Z,0.0800,27.60,no
2026-10-10T19:14:38.054872Z,0.0800,139.45,no
2026-10-10T19:14:39.09542Z,0.0800,201.18,no
2026-10-10T19:14:39.819828Z,0.0900,5.22,yes
2026-10-10T19:14:40.520523Z,0.0900,10.44,yes
2026-10-10T19:14:40.568458Z,0.0800,160.93,no
2026-10-10T19:14:40.778482Z,0.0800,6.18,no
2026-10-10T19:14:41.273755Z,0.0800,208.91,no
2026-10-10T19:14:41.279486Z,0.0900,10.44,yes
2026-10-10T19:14:41.303603Z,0.0900,156.68,yes
2026-10-10T19:14:41.386481Z,0.0900,37.82,yes
2026-10-10T19:14:41.39557Z,0.0800,350.04,no
2026-10-10T19:14:42.087574Z,0.0900,20.89,yes
2026-10-10T19:14:42.152269Z,0.0900,522.28,yes
2026-10-10T19:14:42.703101Z,0.0800,15.00,no
2026-10-10T19:14:43.779474Z,0.0900,52.22,yes
2026-10-10T19:14:43.806575Z,0.0900,13.68,yes
2026-10-10T19:14:43.806782Z,0.0800,12.94,no
2026-10-10T19:14:44.146685Z,0.0900,10.44,yes
2026-10-10T19:14:44.761128Z,0.0800,18.75,no
2026-10-10T19:14:44.853338Z,0.0800,20.89,no
2026-10-10T19:14:45.812651Z,0.0900,104.45,yes
2026-10-10T19:14:46.354165Z,0.0800,20.89,no
2026-10-10T19:14:46.362033Z,0.0900,104.45,yes
2026-10-10T19:14:46.471116Z,0.0800,74.00,no
2026-10-10T19:14:47.120275Z,0.0800,14.38,no
2026-10-10T19:14:47.808648Z,0.0900,20.89,yes
2026-10-10T19:14:48.43414Z,0.0800,181.31,no
2026-10-10T19:14:50.814629Z,0.0900,1.00,yes
2026-10-10T19:14:50.976566Z,0.0800,200.00,no
2026-10-10T19:14:50.976566Z,0.0800,34.82,no
2026-10-10T19:14:50.976566Z,0.0800,58.77,no
2026-10-10T19:14:51.645658Z,0.0800,67.06,no
2026-10-10T19:14:53.185339Z,0.0800,117.33,no
2026-10-10T19:14:53.318295Z,0.0900,104.45,yes
2026-10-10T19:14:54.387568Z,0.0900,104.45,yes
2026-10-10T19:14:54.467172Z,0.0800,29.32,no
2026-10-10T19:14:55.057611Z,0.0900,1587.74,yes
2026-10-10T19:14:55.068009Z,0.0800,119.28,no
2026-10-10T19:14:55.171714Z,0.0800,73.99,no
2026-10-10T19:14:55.461067Z,0.0800,67.02,no
2026-10-10T19:14:55.461067Z,0.0800,12.98,no
2026-10-10T19:14:55.471963Z,0.0800,206.02,no
2026-10-10T19:14:55.471963Z,0.0800,169.98,no
2026-10-10T19:14:56.701035Z,0.0900,52.22,yes
2026-10-10T19:14:57.186592Z,0.0800,88.48,no
2026-10-10T19:14:57.411351Z,0.0800,57.00,no
2026-10-10T19:14:57.616674Z,0.0800,1000.00,no
2026-10-10T19:14:57.763375Z,0.0900,94.01,yes
2026-10-10T19:14:57.818727Z,0.0800,200.00,no
2026-10-10T19:14:57.876515Z,0.0800,156.68,no
2026-10-10T19:14:58.466171Z,0.0800,58.71,no
2026-10-10T19:14:59.014056Z,0.0900,2.61,yes
2026-10-10T19:14:59.668332Z,0.0900,83.00,yes
2026-10-10T19:14:59.98132Z,0.0800,418.00,no
2026-10-10T19:15:00.051918Z,0.0900,10.44,yes
2026-10-10T19:15:00.389356Z,0.0800,28.20,no
2026-10-10T19:15:00.414834Z,0.0900,156.68,yes
2026-10-10T19:15:00.560704Z,0.0800,22.46,no
2026-10-10T19:15:00.587805Z,0.0900,156.68,yes
2026-10-10T19:15:01.195226Z,0.0900,20.89,yes
2026-10-10T19:15:01.281683Z,0.0800,52.22,no
2026-10-10T19:15:01.287837Z,0.0800,18.75,no
2026-10-10T19:15:01.297567Z,0.0900,20.89,yes
2026-10-10T19:15:01.400336Z,0.0800,67.06,no
2026-10-10T19:15:01.655434Z,0.0800,488.00,no
2026-10-10T19:15:01.715368Z,0.0900,7.93,yes
2026-10-10T19:15:01.835552Z,0.0900,52.22,yes
2026-10-10T19:15:01.919046Z,0.0800,6.86,no
2026-10-10T19:15:01.990486Z,0.0900,104.45,yes
2026-10-10T19:15:02.22657Z,0.0900,208.91,yes
2026-10-10T19:15:02.364863Z,0.0900,104.45,yes
2026-10-10T19:15:02.908344Z,0.0900,10.44,yes
2026-10-10T19:15:03.321529Z,0.0800,167.88,no
2026-10-10T19:15:03.321529Z,0.0800,13.45,no
2026-10-10T19:15:03.370419Z,0.0900,52.22,yes
2026-10-10T19:15:04.264795Z,0.0900,104.45,yes
2026-10-10T19:15:04.581363Z,0.0900,5745.14,yes
2026-10-10T19:15:04.921634Z,0.0900,104.45,yes
2026-10-10T19:15:05.242953Z,0.0800,14.47,no
2026-10-10T19:15:05.295327Z,0.0800,118.12,no
2026-10-10T19:15:05.333311Z,0.0800,52.22,no
2026-10-10T19:15:05.46535Z,0.0800,488.00,no
2026-10-10T19:15:05.474828Z,0.0800,4.42,no
2026-10-10T19:15:05.481672Z,0.0800,93.00,no
2026-10-10T19:15:05.590547Z,0.0900,52.22,yes
2026-10-10T19:15:06.008193Z,0.0800,244.00,no
2026-10-10T19:15:06.423828Z,0.0900,26.11,yes
2026-10-10T19:15:06.457742Z,0.0800,15.47,no
2026-10-10T19:15:06.752658Z,0.0900,4.28,yes
2026-10-10T19:15:06.872431Z,0.0900,8.35,yes
2026-10-10T19:15:07.138462Z,0.0800,26.26,no
2026-10-10T19:15:07.328934Z,0.0800,31.33,no
2026-10-10T19:15:07.650686Z,0.0800,6.55,no
2026-10-10T19:15:08.745465Z,0.0800,522.28,no
2026-10-10T19:15:08.780577Z,0.0900,10.44,yes
2026-10-10T19:15:09.001071Z,0.0800,40.23,no
2026-10-10T19:15:09.635888Z,0.0900,52.22,yes
2026-10-10T19:15:10.566222Z,0.0900,522.28,yes
2026-10-10T19:15:10.578177Z,0.0900,5.01,yes
2026-10-10T19:15:11.010619Z,0.0800,93.41,no
2026-10-10T19:15:11.45629Z,0.0900,20.89,yes
2026-10-10T19:15:11.457745Z,0.0900,52.22,yes
2026-10-10T19:15:11.517517Z,0.0900,31.33,yes
2026-10-10T19:15:12.097655Z,0.0800,9.93,no
2026-10-10T19:15:12.566616Z,0.0900,20.89,yes
2026-10-10T19:15:13.026416Z,0.0900,10.44,yes
2026-10-10T19:15:13.81339Z,0.0900,522.28,yes
2026-10-10T19:15:14.329823Z,0.0800,28.94,no
2026-10-10T19:15:14.394034Z,0.0800,272.30,no
2026-10-10T19:15:14.662083Z,0.0800,67.06,no
2026-10-10T19:15:14.739807Z,0.0900,52.22,yes
2026-10-10T19:15:15.513791Z,0.0800,205.15,no
2026-10-10T19:15:15.731801Z,0.0900,208.91,yes
2026-10-10T19:15:16.049042Z,0.0900,62.67,yes
2026-10-10T19:15:16.974627Z,0.0900,339.00,yes
2026-10-10T19:15:17.138288Z,0.0900,52.22,yes
2026-10-10T19:15:17.458432Z,0.0900,20.89,yes
2026-10-10T19:15:17.850457Z,0.0900,66.85,yes
2026-10-10T19:15:17.859686Z,0.0900,10.44,yes
2026-10-10T19:15:17.979767Z,0.0900,52.22,yes
2026-10-10T19:15:19.452001Z,0.0900,20.89,yes
2026-10-10T19:15:19.847824Z,0.0900,51.18,yes
2026-10-10T19:15:20.225032Z,0.0900,104.45,yes
2026-10-10T19:15:20.951713Z,0.0900,1.00,yes
2026-10-10T19:15:20.951713Z,0.0900,914.13,yes
2026-10-10T19:15:20.951713Z,0.0900,108.55,yes
2026-10-10T19:15:21.15522Z,0.0900,417.82,yes
2026-10-10T19:15:21.231629Z,0.0900,26.00,yes
2026-10-10T19:15:22.004833Z,0.0800,37.50,no
2026-10-10T19:15:22.246636Z,0.0900,50.00,yes
2026-10-10T19:15:22.542457Z,0.0800,98.00,no
2026-10-10T19:15:22.807521Z,0.0800,16.08,no
2026-10-10T19:15:22.984669Z,0.0900,10.44,yes
2026-10-10T19:15:23.083857Z,0.0900,31.33,yes
2026-10-10T19:15:23.112296Z,0.0800,20.89,no
2026-10-10T19:15:23.500021Z,0.0800,201.18,no
2026-10-10T19:15:23.875689Z,0.0900,1044.57,yes
2026-10-10T19:15:24.142514Z,0.0900,10.44,yes
2026-10-10T19:15:24.315514Z,0.0800,67.06,no
2026-10-10T19:15:24.77682Z,0.0800,20.55,no
2026-10-10T19:15:25.015849Z,0.0900,94.01,yes
2026-10-10T19:15:25.277603Z,0.0900,146.24,yes
2026-10-10T19:15:25.474941Z,0.0900,2.61,yes
2026-10-10T19:15:26.599674Z,0.0800,9.37,no
2026-10-10T19:15:27.683223Z,0.0800,105.00,no
2026-10-10T19:15:27.832446Z,0.0800,600.00,no
2026-10-10T19:15:27.91345Z,0.0800,44.39,no
2026-10-10T19:15:28.289576Z,0.0900,8.46,yes
2026-10-10T19:15:29.240918Z,0.0800,234.22,no
2026-10-10T19:15:30.078084Z,0.0900,52.22,yes
2026-10-10T19:15:30.442566Z,0.0800,783.00,no
2026-10-10T19:15:30.442566Z,0.0800,298.74,no
2026-10-10T19:15:30.442566Z,0.0800,222.17,no
2026-10-10T19:15:31.232519Z,0.0800,92.26,no
2026-10-10T19:15:31.232519Z,0.0800,151.52,no
2026-10-10T19:15:31.373338Z,0.0800,58.71,no
2026-10-10T19:15:32.190114Z,0.0900,52.22,yes
2026-10-10T19:15:32.875631Z,0.0900,85.44,yes
2026-10-10T19:15:33.295808Z,0.0900,522.28,yes
2026-10-10T19:15:33.358524Z,0.0800,114.00,no
2026-10-10T19:15:33.369844Z,0.0800,600.00,no
2026-10-10T19:15:34.544785Z,0.0900,417.82,yes
2026-10-10T19:15:35.05461Z,0.0800,30.15,no
2026-10-10T19:15:35.056484Z,0.0800,32.36,no
2026-10-10T19:15:35.056484Z,0.0800,85.07,no
2026-10-10T19:15:35.057123Z,0.0900,48.25,yes
2026-10-10T19:15:35.812479Z,0.0900,104.45,yes
2026-10-10T19:15:35.850751Z,0.0900,104.45,yes
2026-10-10T19:15:36.013002Z,0.0900,1000.00,yes
2026-10-10T19:15:36.957503Z,0.0800,2.00,no
2026-10-10T19:15:37.082874Z,0.0800,187.77,no
2026-10-10T19:15:37.256775Z,0.0900,41.78,yes
2026-10-10T19:15:37.339421Z,0.0800,10.00,no
2026-10-10T19:15:37.513416Z,0.0900,5.22,yes
2026-10-10T19:15:37.825697Z,0.0900,1044.57,yes
2026-10-10T19:15:37.866154Z,0.0800,0.03,no
2026-10-10T19:15:37.938647Z,0.0800,1.43,no
2026-10-10T19:15:38.035085Z,0.0800,774.00,no
2026-10-10T19:15:39.131882Z,0.0800,321.17,no
2026-10-10T19:15:39.244763Z,0.0900,52.22,yes
2026-10-10T19:15:40.340398Z,0.0900,3.23,yes
2026-10-10T19:15:40.58253Z,0.0800,59.80,no
2026-10-10T19:15:42.552064Z,0.0900,41.78,yes
2026-10-10T19:15:43.655127Z,0.0800,49.28,no
2026-10-10T19:15:44.199775Z,0.0800,6.10,no
2026-10-10T19:15:44.773796Z,0.0800,121.00,no
2026-10-10T19:15:45.145313Z,0.0900,104.45,yes
2026-10-10T19:15:45.303131Z,0.0900,10.44,yes
2026-10-10T19:15:45.3987Z,0.0800,600.00,no
2026-10-10T19:15:45.536227Z,0.0800,14.38,no
2026-10-10T19:15:45.619392Z,0.0800,230.19,no
2026-10-10T19:15:46.625019Z,0.0900,52.22,yes
2026-10-10T19:15:46.813014Z,0.0900,5.22,yes
2026-10-10T19:15:46.932465Z,0.0900,52.22,yes
2026-10-10T19:15:47.382903Z,0.0800,4.37,no
2026-10-10T19:15:48.061815Z,0.0900,43.00,yes
2026-10-10T19:15:48.120713Z,0.0900,156.68,yes
2026-10-10T19:15:48.17325Z,0.0800,261.14,no
2026-10-10T19:15:48.813723Z,0.0900,104.45,yes
2026-10-10T19:15:49.195956Z,0.0800,78.18,no
2026-10-10T19:15:49.407795Z,0.0800,2.60,no
2026-10-10T19:15:49.70723Z,0.0900,1044.57,yes
2026-10-10T19:15:49.800524Z,0.0900,52.22,yes
2026-10-10T19:15:50.144161Z,0.0800,156.37,no
2026-10-10T19:15:50.250563Z,0.0900,52.22,yes
2026-10-10T19:15:51.348378Z,0.0900,313.37,yes
2026-10-10T19:15:51.4023Z,0.0900,52.22,yes
2026-10-10T19:15:51.703386Z,0.0800,130.00,no
2026-10-10T19:15:52.178509Z,0.0900,2.18,yes
2026-10-10T19:15:52.811703Z,0.0900,52.22,yes
2026-10-10T19:15:54.187798Z,0.0900,16.50,yes
2026-10-10T19:15:55.300222Z,0.0800,93.94,no
2026-10-10T19:15:55.911251Z,0.0900,14.10,yes
2026-10-10T19:15:55.946554Z,0.0800,600.00,no
2026-10-10T19:15:56.07946Z,0.0800,49.00,no
2026-10-10T19:15:56.709863Z,0.0900,52.22,yes
2026-10-10T19:15:56.820407Z,0.0800,140.00,no
2026-10-10T19:15:59.033004Z,0.0800,67.06,no
2026-10-10T19:15:59.307173Z,0.0900,31.33,yes
2026-10-10T19:15:59.802263Z,0.0900,20.89,yes
2026-10-10T19:16:00.144317Z,0.0800,3.14,no
2026-10-10T19:16:01.093759Z,0.0800,1.54,no
2026-10-10T19:16:02.135252Z,0.0900,37.39,yes
2026-10-10T19:16:03.739057Z,0.0800,379.56,no
2026-10-10T19:16:03.739057Z,0.0800,220.44,no
2026-10-10T19:16:05.196925Z,0.0800,152.00,no
2026-10-10T19:16:05.644081Z,0.0900,149.49,yes
2026-10-10T19:16:05.644081Z,0.0900,163.88,yes
2026-10-10T19:16:05.816002Z,0.0900,75.00,yes
2026-10-10T19:16:05.830698Z,0.0900,73.43,yes
2026-10-10T19:16:06.046743Z,0.0900,52.22,yes
2026-10-10T19:16:06.510374Z,0.0900,104.45,yes
2026-10-10T19:16:06.685859Z,0.0900,267.41,yes
2026-10-10T19:16:06.909341Z,0.0900,1.56,yes
2026-10-10T19:16:07.026523Z,0.0900,261.14,yes
2026-10-10T19:16:08.856979Z,0.0800,600.00,no
2026-10-10T19:16:09.568037Z,0.0900,10.44,yes
2026-10-10T19:16:09.810538Z,0.0800,335.31,no
2026-10-10T19:16:11.073062Z,0.0800,8.68,no
2026-10-10T19:16:12.680759Z,0.0900,1044.57,yes
2026-10-10T19:16:12.80262Z,0.0800,44.81,no
2026-10-10T19:16:13.947402Z,0.0800,161.00,no
2026-10-10T19:16:14.986536Z,0.0800,52.22,no
2026-10-10T19:16:15.647209Z,0.0800,29.51,no
2026-10-10T19:16:15.745259Z,0.0800,245.90,no
2026-10-10T19:16:16.249927Z,0.0800,52.22,no
2026-10-10T19:16:17.58667Z,0.0900,104.45,yes
2026-10-10T19:16:17.702249Z,0.0800,7.09,no
2026-10-10T19:16:18.338635Z,0.0800,67.06,no
2026-10-10T19:16:19.066532Z,0.0800,34.32,no
2026-10-10T19:16:19.543842Z,0.0900,17.02,yes
2026-10-10T19:16:20.018327Z,0.0900,77.08,yes
2026-10-10T19:16:22.750698Z,0.0900,20.89,yes
2026-10-10T19:16:22.897427Z,0.0800,26.27,no
2026-10-10T19:16:23.457163Z,0.0800,2.90,no
2026-10-10T19:16:23.617025Z,0.0900,0.10,yes
2026-10-10T19:16:24.785717Z,0.0900,41.78,yes
2026-10-10T19:16:25.424636Z,0.0900,52.22,yes
2026-10-10T19:16:26.348408Z,0.0900,10.44,yes
2026-10-10T19:16:26.853347Z,0.0900,52.22,yes
2026-10-10T19:16:27.224867Z,0.0800,171.00,no
2026-10-10T19:16:27.317959Z,0.0800,156.00,no
2026-10-10T19:16:27.329035Z,0.0800,558.00,no
2026-10-10T19:16:27.437977Z,0.0900,208.91,yes
2026-10-10T19:16:27.551048Z,0.0800,103.19,no
2026-10-10T19:16:28.231334Z,0.0900,240.25,yes
2026-10-10T19:16:28.486301Z,0.0900,71.76,yes
2026-10-10T19:16:28.785476Z,0.0800,0.92,no
2026-10-10T19:16:30.870522Z,0.0900,5.22,yes
2026-10-10T19:16:31.599245Z,0.0900,261.14,yes
2026-10-10T19:16:33.213386Z,0.0800,184.00,no
2026-10-10T19:16:33.561812Z,0.0900,208.91,yes
2026-10-10T19:16:34.545378Z,0.0900,104.45,yes
2026-10-10T19:16:34.84261Z,0.0800,600.00,no
2026-10-10T19:16:35.197066Z,0.0900,2.08,yes
2026-10-10T19:16:36.179253Z,0.0800,48.80,no
2026-10-10T19:16:38.758112Z,0.0900,156.68,yes
2026-10-10T19:16:39.028226Z,0.0900,31.33,yes
2026-10-10T19:16:39.381998Z,0.0900,104.45,yes
2026-10-10T19:16:39.854121Z,0.0900,261.14,yes
2026-10-10T19:16:40.41488Z,0.0800,198.00,no
2026-10-10T19:16:40.430214Z,0.0800,51.24,no
2026-10-10T19:16:40.430214Z,0.0800,548.76,no
2026-10-10T19:16:40.517594Z,0.0900,90.81,yes
2026-10-10T19:16:40.613776Z,0.0900,10.44,yes
2026-10-10T19:16:41.706941Z,0.0900,1.00,yes
2026-10-10T19:16:41.706941Z,0.0900,51.22,yes
2026-10-10T19:16:42.506589Z,0.0900,2.82,yes
2026-10-10T19:16:43.277241Z,0.0900,52.22,yes
2026-10-10T19:16:45.395474Z,0.1000,1.00,yes
2026-10-10T19:16:45.395474Z,0.1000,1.00,yes
2026-10-10T19:16:45.395474Z,0.1000,2.00,yes
2026-10-10T19:16:45.395474Z,0.1000,0.70,yes
2026-10-10T19:16:46.836468Z,0.1000,0.70,yes
2026-10-10T19:16:46.836468Z,0.1000,0.30,yes
2026-10-10T19:16:46.844397Z,0.1100,1.00,yes
2026-10-10T19:16:46.844397Z,0.1200,1.00,yes
2026-10-10T19:16:46.844397Z,0.1200,1.00,yes
2026-10-10T19:16:46.844397Z,0.1100,1.00,yes
2026-10-10T19:16:46.844397Z,0.1100,2.00,yes
2026-10-10T19:16:46.844397Z,0.1300,1.00,yes
2026-10-10T19:16:46.844397Z,0.1300,1.00,yes
2026-10-10T19:16:46.844397Z,0.1300,6.00,yes
2026-10-10T19:16:46.844397Z,0.1300,1.00,yes
2026-10-10T19:16:46.844397Z,0.1300,1.00,yes
2026-10-10T19:16:46.844397Z,0.1300,1.00,yes
2026-10-10T19:16:46.844397Z,0.1300,1.00,yes
2026-10-10T19:16:46.844397Z,0.1200,259.00,yes
2026-10-10T19:16:46.844397Z,0.1300,50.00,yes
2026-10-10T19:16:46.844397Z,0.1200,1.00,yes
2026-10-10T19:16:46.844397Z,0.1200,51.12,yes
2026-10-10T19:16:46.844397Z,0.1000,0.30,yes
2026-10-10T19:16:46.844397Z,0.1100,1.00,yes
2026-10-10T19:16:46.844397Z,0.1100,3.00,yes
2026-10-10T19:16:46.844551Z,0.1400,1.00,yes
2026-10-10T19:16:46.844551Z,0.1400,1.00,yes
2026-10-10T19:16:46.844551Z,0.1400,9.00,yes
2026-10-10T19:16:46.844551Z,0.1400,9.00,yes
2026-10-10T19:16:46.844551Z,0.1400,72.98,yes
2026-10-10T19:16:46.844551Z,0.1400,87.00,yes
2026-10-10T19:16:46.844551Z,0.1400,11.06,yes
2026-10-10T19:16:46.844551Z,0.1400,53.00,yes
2026-10-10T19:16:46.849949Z,0.1400,150.30,no
2026-10-10T19:16:46.850147Z,0.1500,7.00,yes
2026-10-10T19:16:46.850147Z,0.1500,5.00,yes
2026-10-10T19:16:46.850147Z,0.1500,1.00,yes
2026-10-10T19:16:46.850147Z,0.1500,102.01,yes
2026-10-10T19:16:46.850147Z,0.1500,34.99,yes
2026-10-10T19:16:46.852462Z,0.1400,8.00,no
2026-10-10T19:16:46.859884Z,0.1500,1.30,yes
2026-10-10T19:16:46.891135Z,0.1400,426.00,no
2026-10-10T19:16:46.892071Z,0.1400,149.00,no
2026-10-10T19:16:46.91638Z,0.1400,6.00,no
2026-10-10T19:16:47.257582Z,0.1400,7.73,no
2026-10-10T19:16:47.983543Z,0.1500,1.56,no
2026-10-10T19:16:48.131125Z,0.1500,50.80,no
2026-10-10T19:16:48.131125Z,0.1500,15.44,no
2026-10-10T19:16:48.131125Z,0.1500,298.76,no
2026-10-10T19:16:48.131125Z,0.1500,90.00,no
2026-10-10T19:16:48.402607Z,0.1600,1.00,yes
2026-10-10T19:16:48.402607Z,0.1600,2.00,yes
2026-10-10T19:16:48.402607Z,0.1600,30.00,yes
2026-10-10T19:16:48.402607Z,0.1600,1000.00,yes
2026-10-10T19:16:48.411434Z,0.1600,941.00,no
2026-10-10T19:16:48.733668Z,0.1700,5.00,yes
2026-10-10T19:16:48.733668Z,0.1700,20.00,yes
2026-10-10T19:16:49.115505Z,0.1700,55.59,yes
2026-10-10T19:16:49.258064Z,0.1600,250.00,no
2026-10-10T19:16:49.363016Z,0.1600,286.00,no
2026-10-10T19:16:49.503337Z,0.1600,1000.00,no
2026-10-10T19:16:50.302216Z,0.1600,181.00,no
2026-10-10T19:16:50.311844Z,0.1600,223.00,no
2026-10-10T19:16:50.311844Z,0.1600,257.00,no
2026-10-10T19:16:50.501198Z,0.1600,119.04,no
2026-10-10T19:16:50.58123Z,0.1600,119.00,no
2026-10-10T19:16:50.6063Z,0.1600,487.00,no
2026-10-10T19:16:51.067338Z,0.1700,27.79,yes
2026-10-10T19:16:51.178617Z,0.1600,96.00,no
2026-10-10T19:16:51.246959Z,0.1600,10.44,no
2026-10-10T19:16:51.396661Z,0.1700,5.55,yes
2026-10-10T19:16:51.683804Z,0.1600,200.00,no
2026-10-10T19:16:51.801847Z,0.1600,504.00,no
2026-10-10T19:16:51.816592Z,0.1600,1031.48,no
2026-10-10T19:16:51.816592Z,0.1600,215.52,no
2026-10-10T19:16:51.988512Z,0.1600,617.92,no
2026-10-10T19:16:51.989159Z,0.1600,307.87,no
2026-10-10T19:16:51.997455Z,0.1600,604.22,no
2026-10-10T19:16:51.997455Z,0.1600,16.73,no
2026-10-10T19:16:52.000152Z,0.1600,144.54,no
2026-10-10T19:16:52.008165Z,0.1600,129.87,no
2026-10-10T19:16:52.008165Z,0.1600,220.76,no
2026-10-10T19:16:52.148083Z,0.1600,268.25,no
2026-10-10T19:16:52.303444Z,0.1500,104.45,no
2026-10-10T19:16:53.02721Z,0.1500,1119.00,no
2026-10-10T19:16:53.088819Z,0.1600,5.90,yes
2026-10-10T19:16:53.180735Z,0.1500,70.94,no
2026-10-10T19:16:53.280739Z,0.1600,11.80,yes
2026-10-10T19:16:53.363057Z,0.1600,118.05,yes
2026-10-10T19:16:54.337214Z,0.1600,590.29,yes
2026-10-10T19:16:54.637319Z,0.1500,5.00,no
2026-10-10T19:16:54.637319Z,0.1500,5.00,no
2026-10-10T19:16:55.025337Z,0.1500,51.00,no
2026-10-10T19:16:55.041597Z,0.1500,0.12,no
2026-10-10T19:16:55.179105Z,0.1500,20.51,no
2026-10-10T19:16:55.85558Z,0.1500,30.00,no
2026-10-10T19:16:55.88029Z,0.1500,0.61,no
2026-10-10T19:16:55.88029Z,0.1500,63.39,no
2026-10-10T19:16:56.097389Z,0.1600,171.18,yes
2026-10-10T19:16:56.106637Z,0.1500,591.00,no
2026-10-10T19:16:56.160454Z,0.1600,2.95,yes
2026-10-10T19:16:56.198626Z,0.1500,353.00,no
2026-10-10T19:16:56.330295Z,0.1500,67.06,no
2026-10-10T19:16:56.73085Z,0.1500,522.28,no
2026-10-10T19:16:56.828898Z,0.1500,600.00,no
2026-10-10T19:16:57.06811Z,0.1500,75.00,no
2026-10-10T19:16:57.077149Z,0.1500,211.47,no
2026-10-10T19:16:57.322976Z,0.1600,590.29,yes
2026-10-10T19:16:57.423699Z,0.1500,268.81,no
2026-10-10T19:16:57.423699Z,0.1500,331.19,no
2026-10-10T19:16:57.944637Z,0.1500,51.62,no
2026-10-10T19:16:58.080166Z,0.1400,134.00,no
2026-10-10T19:16:58.085392Z,0.1400,127.00,no
2026-10-10T19:16:58.085702Z,0.1400,100.00,no
2026-10-10T19:16:58.117973Z,0.1400,195.36,no
2026-10-10T19:16:58.118169Z,0.1400,288.57,no
2026-10-10T19:16:58.118169Z,0.1400,143.43,no
2026-10-10T19:16:58.806219Z,0.1500,29.35,yes
2026-10-10T19:16:59.119026Z,0.1400,75.00,no
2026-10-10T19:16:59.231226Z,0.1500,0.18,yes
2026-10-10T19:16:59.485805Z,0.1400,73.00,no
2026-10-10T19:17:00.364478Z,0.1500,18.87,yes
2026-10-10T19:17:01.453303Z,0.1400,468.00,no
2026-10-10T19:17:01.970671Z,0.1400,799.43,no
2026-10-10T19:17:01.970671Z,0.1400,210.57,no
2026-10-10T19:17:02.277824Z,0.1500,5.00,yes
2026-10-10T19:17:02.61407Z,0.1400,600.00,no
2026-10-10T19:17:03.160534Z,0.1400,423.00,no
2026-10-10T19:17:03.182246Z,0.1400,10.00,no
2026-10-10T19:17:03.227923Z,0.1400,600.00,no
2026-10-10T19:17:03.455358Z,0.1400,243.59,no
2026-10-10T19:17:03.671558Z,0.1500,1.44,yes
2026-10-10T19:17:03.671558Z,0.1500,92.94,yes
2026-10-10T19:17:03.984682Z,0.1400,7.39,no
2026-10-10T19:17:04.616934Z,0.1400,128.96,no
2026-10-10T19:17:04.64964Z,0.1400,14.27,no
2026-10-10T19:17:05.234648Z,0.1400,100.00,no
2026-10-10T19:17:05.281269Z,0.1500,295.14,yes
2026-10-10T19:17:05.963667Z,0.1500,125.84,yes
2026-10-10T19:17:07.288557Z,0.1500,31.46,yes
2026-10-10T19:17:07.28953Z,0.1500,62.85,yes
2026-10-10T19:17:07.341326Z,0.1400,7.00,no
2026-10-10T19:17:07.495196Z,0.1500,31.46,yes
2026-10-10T19:17:07.942543Z,0.1400,57.89,no
2026-10-10T19:17:07.988682Z,0.1500,629.22,yes
2026-10-10T19:17:08.060172Z,0.1400,600.00,no
2026-10-10T19:17:08.162382Z,0.1400,104.45,no
2026-10-10T19:17:08.536232Z,0.1400,1000.00,no
2026-10-10T19:17:08.858372Z,0.1400,39.59,no
2026-10-10T19:17:09.190366Z,0.1400,86.86,no
2026-10-10T19:17:09.190366Z,0.1400,75.00,no
2026-10-10T19:17:09.190366Z,0.1400,438.14,no
2026-10-10T19:17:09.19881Z,0.1500,157.30,yes
2026-10-10T19:17:09.342398Z,0.1400,10.00,no
2026-10-10T19:17:09.58104Z,0.1500,6.26,yes
2026-10-10T19:17:09.767724Z,0.1500,12.58,yes
2026-10-10T19:17:09.89667Z,0.1400,23.67,no
2026-10-10T19:17:10.106998Z,0.1400,36.99,no
2026-10-10T19:17:10.337252Z,0.1400,497.00,no
2026-10-10T19:17:10.676599Z,0.1400,250.00,no
2026-10-10T19:17:11.90482Z,0.1400,138.80,no
2026-10-10T19:17:11.90482Z,0.1400,411.20,no
2026-10-10T19:17:11.922872Z,0.1400,71.40,no
2026-10-10T19:17:12.24352Z,0.1400,600.00,no
2026-10-10T19:17:12.361329Z,0.1400,9.92,no
2026-10-10T19:17:12.543412Z,0.1500,12.58,yes
2026-10-10T19:17:13.014555Z,0.1400,10.44,no
2026-10-10T19:17:13.343013Z,0.1500,29.51,yes
2026-10-10T19:17:13.661696Z,0.1400,56.44,no
2026-10-10T19:17:13.661696Z,0.1400,100.22,no
2026-10-10T19:17:13.969676Z,0.1400,579.00,no
2026-10-10T19:17:14.250462Z,0.1500,4.44,yes
2026-10-10T19:17:14.271948Z,0.1500,62.92,yes
2026-10-10T19:17:14.687208Z,0.1500,6.29,yes
2026-10-10T19:17:15.059436Z,0.1400,77.36,no
2026-10-10T19:17:15.188484Z,0.1500,294.00,yes
2026-10-10T19:17:15.650293Z,0.1500,314.61,yes
2026-10-10T19:17:15.855419Z,0.1400,600.00,no
2026-10-10T19:17:16.212115Z,0.1500,6.29,yes
2026-10-10T19:17:16.339978Z,0.1400,600.00,no
2026-10-10T19:17:16.924073Z,0.1400,10.00,no
2026-10-10T19:17:17.09008Z,0.1400,12.70,no
2026-10-10T19:17:17.247851Z,0.1400,540.00,no
2026-10-10T19:17:17.638495Z,0.1400,600.00,no
2026-10-10T19:17:17.853786Z,0.1500,11.38,yes
2026-10-10T19:17:18.157187Z,0.1400,1375.00,no
2026-10-10T19:17:19.166207Z,0.1500,50.00,yes
2026-10-10T19:17:19.714533Z,0.1500,27.00,yes
2026-10-10T19:17:20.47335Z,0.1500,3.00,yes
2026-10-10T19:17:20.549274Z,0.1400,5.22,no
2026-10-10T19:17:21.161214Z,0.1500,29.00,yes
2026-10-10T19:17:22.18602Z,0.1400,600.00,no
2026-10-10T19:17:22.380982Z,0.1400,600.00,no
2026-10-10T19:17:22.672362Z,0.1500,31.46,yes
2026-10-10T19:17:23.378829Z,0.1400,14.28,no
2026-10-10T19:17:23.609548Z,0.1400,12.00,no
2026-10-10T19:17:23.681856Z,0.1400,600.00,no
2026-10-10T19:17:24.253555Z,0.1400,10.00,no
2026-10-10T19:17:25.10498Z,0.1400,15.47,no
2026-10-10T19:17:25.191698Z,0.1400,83.00,no
2026-10-10T19:17:25.472749Z,0.1400,578.00,no
2026-10-10T19:17:25.555031Z,0.1400,0.18,no
2026-10-10T19:17:25.673988Z,0.1500,34.54,yes
2026-10-10T19:17:26.481786Z,0.1400,156.68,no
2026-10-10T19:17:27.066875Z,0.1400,22.95,no
2026-10-10T19:17:27.246842Z,0.1400,26.11,no
2026-10-10T19:17:27.771069Z,0.1500,6.29,yes
2026-10-10T19:17:28.43892Z,0.1400,19.25,no
2026-10-10T19:17:28.452181Z,0.1400,195.64,no
2026-10-10T19:17:28.452181Z,0.1400,98.00,no
2026-10-10T19:17:28.452181Z,0.1400,306.36,no
2026-10-10T19:17:28.932125Z,0.1400,750.00,no
2026-10-10T19:17:29.077593Z,0.1400,600.00,no
2026-10-10T19:17:29.69345Z,0.1400,52.22,no
2026-10-10T19:17:30.339731Z,0.1400,17.00,no
2026-10-10T19:17:30.432196Z,0.1500,31.46,yes
2026-10-10T19:17:30.718301Z,0.1400,540.00,no
2026-10-10T19:17:30.904705Z,0.1400,44.18,no
2026-10-10T19:17:31.112117Z,0.1400,14.38,no
2026-10-10T19:17:31.407767Z,0.1500,61.66,yes
2026-10-10T19:17:31.521286Z,0.1400,333.00,no
2026-10-10T19:17:32.022642Z,0.1400,5.46,no
2026-10-10T19:17:32.030272Z,0.1400,138.00,no
2026-10-10T19:17:32.387498Z,0.1400,600.00,no
2026-10-10T19:17:32.392982Z,0.1400,1010.00,no
2026-10-10T19:17:32.471715Z,0.1500,1.53,yes
2026-10-10T19:17:32.711963Z,0.1400,11.71,no
2026-10-10T19:17:32.989482Z,0.1500,31.46,yes
2026-10-10T19:17:33.086338Z,0.1400,7.73,no
2026-10-10T19:17:33.089834Z,0.1500,31.52,yes
2026-10-10T19:17:33.368486Z,0.1500,62.92,yes
2026-10-10T19:17:33.577536Z,0.1400,600.00,no
2026-10-10T19:17:33.993113Z,0.1500,12.58,yes
2026-10-10T19:17:34.521551Z,0.1500,314.61,yes
2026-10-10T19:17:34.650873Z,0.1400,52.22,no
2026-10-10T19:17:34.75677Z,0.1500,125.84,yes
2026-10-10T19:17:34.849262Z,0.1400,42.14,no
2026-10-10T19:17:34.862069Z,0.1400,600.00,no
2026-10-10T19:17:35.62626Z,0.1500,125.84,yes
2026-10-10T19:17:35.719478Z,0.1400,600.00,no
2026-10-10T19:17:36.042809Z,0.1400,28.11,no
2026-10-10T19:17:36.134207Z,0.1400,21.26,no
2026-10-10T19:17:36.430629Z,0.1500,44.04,yes
2026-10-10T19:17:36.44224Z,0.1500,18.87,yes
2026-10-10T19:17:37.116495Z,0.1500,31.46,yes
2026-10-10T19:17:37.124166Z,0.1500,629.22,yes
2026-10-10T19:17:37.446078Z,0.1400,48.85,no
2026-10-10T19:17:37.625506Z,0.1500,157.30,yes
2026-10-10T19:17:37.632192Z,0.1400,100.00,no
2026-10-10T19:17:38.115616Z,0.1400,22.00,no
2026-10-10T19:17:38.3019Z,0.1400,600.00,no
2026-10-10T19:17:39.395469Z,0.1500,6.29,yes
2026-10-10T19:17:40.220798Z,0.1500,31.46,yes
2026-10-10T19:17:40.24073Z,0.1400,5.78,no
2026-10-10T19:17:40.542997Z,0.1500,6.29,yes
2026-10-10T19:17:41.12954Z,0.1400,3010.00,no
2026-10-10T19:17:42.007815Z,0.1400,232.00,no
2026-10-10T19:17:42.268391Z,0.1500,314.61,yes
2026-10-10T19:17:42.426642Z,0.1400,600.00,no
2026-10-10T19:17:42.683985Z,0.1400,100.00,no
2026-10-10T19:17:42.879605Z,0.1400,1000.00,no
2026-10-10T19:17:42.921164Z,0.1400,581.68,no
2026-10-10T19:17:42.921164Z,0.1400,18.32,no
2026-10-10T19:17:43.282296Z,0.1400,101.60,no
2026-10-10T19:17:43.945224Z,0.1400,750.00,no
2026-10-10T19:17:43.970043Z,0.1500,25.92,yes
2026-10-10T19:17:44.507377Z,0.1400,30.94,no
2026-10-10T19:17:45.293831Z,0.1400,397.22,no
2026-10-10T19:17:45.293831Z,0.1400,202.78,no
2026-10-10T19:17:45.306856Z,0.1500,103.68,yes
2026-10-10T19:17:45.306856Z,0.1500,1.06,yes
2026-10-10T19:17:45.306856Z,0.1500,209.87,yes
2026-10-10T19:17:45.424471Z,0.1400,19.76,no
2026-10-10T19:17:45.864659Z,0.1500,62.92,yes
2026-10-10T19:17:46.359032Z,0.1500,3668.21,yes
2026-10-10T19:17:46.359032Z,0.1500,4385.90,yes
2026-10-10T19:17:46.444025Z,0.1500,62.92,yes
2026-10-10T19:17:46.581973Z,0.1500,31.46,yes
2026-10-10T19:17:47.286674Z,0.1500,314.61,yes
2026-10-10T19:17:47.45375Z,0.1400,6.00,no
2026-10-10T19:17:47.551814Z,0.1500,6.29,yes
2026-10-10T19:17:47.642189Z,0.1500,150.00,yes
2026-10-10T19:17:47.719149Z,0.1400,1.15,no
2026-10-10T19:17:48.889216Z,0.1500,200.00,yes
2026-10-10T19:17:48.892553Z,0.1500,125.84,yes
2026-10-10T19:17:50.008157Z,0.1500,31.46,yes
2026-10-10T19:17:50.122033Z,0.1400,35.23,no
2026-10-10T19:17:50.123313Z,0.1500,33.72,yes
2026-10-10T19:17:50.972683Z,0.1500,45.93,yes
2026-10-10T19:17:51.340716Z,0.1500,454.00,yes
2026-10-10T19:17:51.471904Z,0.1500,150.00,yes
2026-10-10T19:17:51.477077Z,0.1500,500.00,yes
2026-10-10T19:17:51.477803Z,0.1500,1.00,yes
2026-10-10T19:17:51.477803Z,0.1500,2309.05,yes
2026-10-10T19:17:51.59981Z,0.1600,0.01,yes
2026-10-10T19:17:51.59981Z,0.1600,1.00,yes
2026-10-10T19:17:51.59981Z,0.1600,0.01,yes
2026-10-10T19:17:51.807639Z,0.1600,5.00,no
2026-10-10T19:17:51.807639Z,0.1600,88.00,no
2026-10-10T19:17:51.807639Z,0.1600,13.00,no
2026-10-10T19:17:51.807639Z,0.1600,80.14,no
2026-10-10T19:17:51.807639Z,0.1600,75.00,no
2026-10-10T19:17:51.847798Z,0.1700,1.00,yes
2026-10-10T19:17:51.912914Z,0.1700,60.84,no
2026-10-10T19:17:52.515874Z,0.1800,4.00,yes
2026-10-10T19:17:52.515874Z,0.1800,1.00,yes
2026-10-10T19:17:52.515874Z,0.1800,0.93,yes
2026-10-10T19:17:52.515874Z,0.1800,8.33,yes
2026-10-10T19:17:52.515874Z,0.1800,31.27,yes
2026-10-10T19:17:53.142279Z,0.2000,0.01,yes
2026-10-10T19:17:53.142279Z,0.2100,4.46,yes
2026-10-10T19:17:53.316034Z,0.2000,80.47,no
2026-10-10T19:17:53.424938Z,0.2100,5.49,yes
2026-10-10T19:17:53.424938Z,0.2200,93.70,yes
2026-10-10T19:17:53.424938Z,0.2100,2.68,yes
2026-10-10T19:17:53.520369Z,0.2300,1651.00,yes
2026-10-10T19:17:53.520369Z,0.2300,25.00,yes
2026-10-10T19:17:53.520562Z,0.2300,1676.00,yes
2026-10-10T19:17:53.520572Z,0.2300,1676.00,yes
2026-10-10T19:17:53.520627Z,0.2300,1676.00,yes
2026-10-10T19:17:53.520765Z,0.2300,1676.00,yes
2026-10-10T19:17:53.520824Z,0.2300,1676.00,yes
2026-10-10T19:17:53.520907Z,0.2300,1676.00,yes
2026-10-10T19:17:53.53564Z,0.2200,995.35,yes
2026-10-10T19:17:53.57725Z,0.2200,25.00,no
2026-10-10T19:17:53.57725Z,0.2100,31.20,no
2026-10-10T19:17:53.57725Z,0.2100,5.00,no
2026-10-10T19:17:53.57725Z,0.2200,99.00,no
2026-10-10T19:17:53.57725Z,0.2100,54.80,no
2026-10-10T19:17:53.603886Z,0.2200,54.80,no
2026-10-10T19:17:53.603886Z,0.2200,49.93,no
2026-10-10T19:17:53.618528Z,0.2200,71.96,no
2026-10-10T19:17:53.63301Z,0.2200,54.80,no
2026-10-10T19:17:53.660798Z,0.2200,54.80,no
2026-10-10T19:17:53.672997Z,0.2200,40.34,no
2026-10-10T19:17:53.688987Z,0.2200,14.46,no
2026-10-10T19:17:53.943155Z,0.2300,1.00,yes
2026-10-10T19:17:54.009161Z,0.2300,292.00,yes
2026-10-10T19:17:54.009161Z,0.2400,117.43,yes
2026-10-10T19:17:54.009161Z,0.2400,6.25,yes
2026-10-10T19:17:54.009161Z,0.2400,10.00,yes
2026-10-10T19:17:54.026642Z,0.2400,100.00,no
2026-10-10T19:17:54.118648Z,0.2300,5.00,no
2026-10-10T19:17:54.230526Z,0.2400,24.20,yes
2026-10-10T19:17:54.230526Z,0.2400,21.00,yes
2026-10-10T19:17:54.230526Z,0.2400,54.80,yes
2026-10-10T19:17:54.838469Z,0.2200,32.20,no
2026-10-10T19:17:54.838469Z,0.2200,54.80,no
2026-10-10T19:17:54.838469Z,0.2200,75.00,no
2026-10-10T19:17:55.05176Z,0.2400,39.56,yes
2026-10-10T19:17:55.402826Z,0.2300,53.00,no
2026-10-10T19:17:55.643584Z,0.2400,13.83,yes
2026-10-10T19:17:55.643584Z,0.2500,8.70,yes
2026-10-10T19:17:55.643584Z,0.2500,35.00,yes
2026-10-10T19:17:55.906007Z,0.2400,53.39,yes
2026-10-10T19:17:55.906007Z,0.2500,21.61,yes
2026-10-10T19:17:56.071043Z,0.2300,0.39,no
2026-10-10T19:17:56.131082Z,0.2400,19.78,yes
2026-10-10T19:17:56.26025Z,0.2400,14.40,yes
2026-10-10T19:17:56.328148Z,0.2400,15.82,yes
2026-10-10T19:17:56.628419Z,0.2300,17.00,no
2026-10-10T19:17:56.649815Z,0.2300,9.51,no
2026-10-10T19:17:56.678039Z,0.2400,3.95,yes
2026-10-10T19:17:57.018293Z,0.2300,1.00,no
2026-10-10T19:17:57.178832Z,0.2400,5.00,yes
2026-10-10T19:17:57.178832Z,0.2400,15.00,yes
2026-10-10T19:17:57.178832Z,0.2400,7.00,yes
2026-10-10T19:17:57.178832Z,0.2500,11.76,yes
2026-10-10T19:17:57.286602Z,0.2200,117.10,no
2026-10-10T19:17:57.286602Z,0.2300,0.01,no
2026-10-10T19:17:57.459322Z,0.2300,10.00,no
2026-10-10T19:17:57.517818Z,0.2300,31.33,no
2026-10-10T19:17:57.990836Z,0.2500,4.25,yes
2026-10-10T19:17:58.227968Z,0.2400,38.92,yes
2026-10-10T19:17:58.227968Z,0.2400,0.12,yes
2026-10-10T19:17:58.373259Z,0.2400,38.42,yes
2026-10-10T19:17:58.706472Z,0.2400,4.59,yes
2026-10-10T19:17:58.706472Z,0.2400,14.97,yes
2026-10-10T19:17:58.839636Z,0.2400,4.78,yes
2026-10-10T19:17:58.839636Z,0.2400,10.41,yes
2026-10-10T19:17:58.892162Z,0.2400,11.86,yes
2026-10-10T19:17:58.993206Z,0.2200,134.70,no
2026-10-10T19:17:59.010933Z,0.2200,21.67,no
2026-10-10T19:17:59.096769Z,0.2400,62.88,yes
2026-10-10T19:17:59.096769Z,0.2400,14.00,yes
2026-10-10T19:17:59.1867Z,0.2200,7.67,no
2026-10-10T19:17:59.197692Z,0.2400,12.12,yes
2026-10-10T19:17:59.197692Z,0.2400,1.72,yes
2026-10-10T19:17:59.244468Z,0.2400,35.60,yes
2026-10-10T19:17:59.298739Z,0.2400,0.03,yes
2026-10-10T19:17:59.397795Z,0.2400,17.76,yes
2026-10-10T19:17:59.397795Z,0.2400,13.00,yes
2026-10-10T19:17:59.397795Z,0.2500,8.00,yes
2026-10-10T19:17:59.607586Z,0.2400,14.08,yes
2026-10-10T19:17:59.697613Z,0.2200,117.43,no
2026-10-10T19:17:59.759567Z,0.2200,146.00,no
2026-10-10T19:17:59.884524Z,0.2200,104.45,no
2026-10-10T19:18:00.167365Z,0.2200,243.00,no
2026-10-10T19:18:00.212865Z,0.2300,49.00,no
2026-10-10T19:18:00.314625Z,0.2300,4.00,no
2026-10-10T19:18:00.409475Z,0.2500,91.62,yes
2026-10-10T19:18:00.409475Z,0.2400,5.00,yes
2026-10-10T19:18:00.409475Z,0.2400,15.00,yes
2026-10-10T19:18:00.409475Z,0.2400,39.31,yes
2026-10-10T19:18:00.409475Z,0.2500,40.68,yes
2026-10-10T19:18:01.041054Z,0.2200,62.00,no
2026-10-10T19:18:01.041054Z,0.2200,41.78,no
2026-10-10T19:18:01.041054Z,0.2200,13.34,no
2026-10-10T19:18:01.186818Z,0.2200,0.39,no
2026-10-10T19:18:01.186818Z,0.2200,6.00,no
2026-10-10T19:18:01.186818Z,0.2200,36.40,no
2026-10-10T19:18:01.186818Z,0.2200,61.66,no
2026-10-10T19:18:01.923071Z,0.2300,5.57,yes
2026-10-10T19:18:02.080891Z,0.2300,100.00,yes
2026-10-10T19:18:02.144058Z,0.2200,14.60,no
2026-10-10T19:18:02.144058Z,0.2200,985.40,no
2026-10-10T19:18:03.595652Z,0.2300,1000.00,yes
2026-10-10T19:18:03.595652Z,0.2300,2.87,yes
2026-10-10T19:18:03.598072Z,0.2300,41.44,no
2026-10-10T19:18:03.616308Z,0.2300,93.00,no
2026-10-10T19:18:03.63339Z,0.2400,999.34,yes
2026-10-10T19:18:03.63339Z,0.2400,5.00,yes
2026-10-10T19:18:03.63339Z,0.2400,0.01,yes
2026-10-10T19:18:03.63339Z,0.2400,2.00,yes
2026-10-10T19:18:03.63339Z,0.2400,1.00,yes
2026-10-10T19:18:03.63339Z,0.2400,95.00,yes
2026-10-10T19:18:03.63339Z,0.2400,53.39,yes
2026-10-10T19:18:03.917224Z,0.2400,54.09,yes
2026-10-10T19:18:04.539364Z,0.2500,0.01,yes
2026-10-10T19:18:04.539364Z,0.2500,800.00,yes
2026-10-10T19:18:04.539364Z,0.2500,6.00,yes
2026-10-10T19:18:04.539364Z,0.2500,1094.22,yes
2026-10-10T19:18:04.558753Z,0.2500,905.78,yes
2026-10-10T19:18:04.558753Z,0.2500,250.00,yes
2026-10-10T19:18:04.558753Z,0.2500,1.00,yes
2026-10-10T19:18:04.558756Z,0.2600,0.01,yes
2026-10-10T19:18:04.558756Z,0.2600,1.00,yes
2026-10-10T19:18:04.558756Z,0.2600,3.00,yes
2026-10-10T19:18:04.558756Z,0.2600,62.54,yes
2026-10-10T19:18:04.558756Z,0.2600,54.09,yes
2026-10-10T19:18:04.558756Z,0.2600,83.00,yes
2026-10-10T19:18:04.558756Z,0.2600,46.00,yes
2026-10-10T19:18:04.574077Z,0.2600,152.00,no
2026-10-10T19:18:04.596164Z,0.2600,5.00,no
2026-10-10T19:18:04.647308Z,0.2600,5.00,no
2026-10-10T19:18:04.683529Z,0.2600,50.00,no
2026-10-10T19:18:04.700075Z,0.2600,5.00,no
2026-10-10T19:18:04.713229Z,0.2600,47.63,no
2026-10-10T19:18:04.719969Z,0.2600,47.00,no
2026-10-10T19:18:04.747742Z,0.2600,5.00,no
2026-10-10T19:18:04.779532Z,0.2600,5.00,no
2026-10-10T19:18:04.822432Z,0.2600,11.00,no
2026-10-10T19:18:04.837491Z,0.2600,504.00,no
2026-10-10T19:18:04.872046Z,0.2600,5.00,no
2026-10-10T19:18:04.910764Z,0.2600,5.00,no
2026-10-10T19:18:04.954394Z,0.2600,5.00,no
2026-10-10T19:18:04.990481Z,0.2600,5.00,no
2026-10-10T19:18:05.210326Z,0.2600,5.00,no
2026-10-10T19:18:05.727656Z,0.2600,1.50,no
2026-10-10T19:18:05.985991Z,0.2600,114.00,no
2026-10-10T19:18:06.012238Z,0.2600,125.84,no
2026-10-10T19:18:06.052125Z,0.2600,218.00,no
2026-10-10T19:18:06.169247Z,0.2700,5.02,yes
2026-10-10T19:18:06.169247Z,0.2700,5.55,yes
2026-10-10T19:18:06.374918Z,0.2700,3.52,yes
2026-10-10T19:18:06.754703Z,0.2600,58.71,no
2026-10-10T19:18:07.278218Z,0.2600,75.00,no
2026-10-10T19:18:08.154776Z,0.2600,465.00,no
2026-10-10T19:18:08.312194Z,0.2700,35.23,yes
2026-10-10T19:18:08.325066Z,0.2600,105.81,no
2026-10-10T19:18:08.441646Z,0.2600,7.50,no
2026-10-10T19:18:08.494484Z,0.2700,9.16,yes
2026-10-10T19:18:08.494484Z,0.2700,8.45,yes
2026-10-10T19:18:08.502864Z,0.2600,619.00,no
2026-10-10T19:18:08.523284Z,0.2700,24.14,yes
2026-10-10T19:18:08.523284Z,0.2700,43.06,yes
2026-10-10T19:18:08.523284Z,0.2700,20.89,yes
2026-10-10T19:18:08.639931Z,0.2600,102.91,no
2026-10-10T19:18:08.640152Z,0.2600,63.46,no
2026-10-10T19:18:08.640152Z,0.2600,579.38,no
2026-10-10T19:18:08.650148Z,0.2600,647.96,no
2026-10-10T19:18:08.656934Z,0.2600,313.36,no
2026-10-10T19:18:08.680622Z,0.2600,51.19,no
2026-10-10T19:18:09.024176Z,0.2600,104.45,no
2026-10-10T19:18:09.127949Z,0.2600,73.12,no
2026-10-10T19:18:09.573996Z,0.2600,507.00,no
2026-10-10T19:18:09.715565Z,0.2700,35.23,yes
2026-10-10T19:18:09.719688Z,0.2600,119.00,no
2026-10-10T19:18:09.789601Z,0.2700,35.23,yes
2026-10-10T19:18:09.958151Z,0.2600,293.59,no
2026-10-10T19:18:10.192768Z,0.2600,250.00,no
2026-10-10T19:18:10.397633Z,0.2700,9.85,yes
2026-10-10T19:18:10.397633Z,0.2700,46.52,yes
2026-10-10T19:18:10.78221Z,0.2600,24.00,no
2026-10-10T19:18:10.930873Z,0.2600,1610.05,no
2026-10-10T19:18:10.930873Z,0.2600,104.95,no
2026-10-10T19:18:11.097234Z,0.2600,1000.00,no
2026-10-10T19:18:11.354311Z,0.2700,0.01,yes
2026-10-10T19:18:11.354311Z,0.2700,5.61,yes
2026-10-10T19:18:11.354311Z,0.2700,6.29,yes
2026-10-10T19:18:11.354311Z,0.2700,5.70,yes
2026-10-10T19:18:11.550325Z,0.2600,5.00,no
2026-10-10T19:18:11.569166Z,0.2600,15.00,no
2026-10-10T19:18:11.593342Z,0.2600,5.00,no
2026-10-10T19:18:11.629328Z,0.2600,5.00,no
2026-10-10T19:18:11.672148Z,0.2600,5.00,no
2026-10-10T19:18:11.710363Z,0.2600,5.00,no
2026-10-10T19:18:11.712178Z,0.2700,52.85,yes
2026-10-10T19:18:11.812638Z,0.2600,1.00,no
2026-10-10T19:18:11.913363Z,0.2600,1.00,no
2026-10-10T19:18:11.961013Z,0.2700,17.61,yes
2026-10-10T19:18:12.029903Z,0.2600,49.18,no
2026-10-10T19:18:12.040985Z,0.2600,1.00,no
2026-10-10T19:18:12.075852Z,0.2600,150.00,no
2026-10-10T19:18:12.077338Z,0.2600,34.23,no
2026-10-10T19:18:12.077338Z,0.2600,215.77,no
2026-10-10T19:18:12.079424Z,0.2700,14.09,yes
2026-10-10T19:18:12.083622Z,0.2600,50.00,no
2026-10-10T19:18:12.146999Z,0.2600,140.00,no
2026-10-10T19:18:12.234557Z,0.2600,100.00,no
2026-10-10T19:18:12.318222Z,0.2600,25.00,no
2026-10-10T19:18:12.318222Z,0.2600,55.11,no
2026-10-10T19:18:12.318222Z,0.2600,1.00,no
2026-10-10T19:18:12.450731Z,0.2600,47.13,yes
2026-10-10T19:18:12.450731Z,0.2600,23.34,yes
2026-10-10T19:18:12.504769Z,0.2600,3.52,yes
2026-10-10T19:18:12.529796Z,0.2500,36.00,no
2026-10-10T19:18:12.547743Z,0.2500,1.00,no
2026-10-10T19:18:12.712585Z,0.2600,81.04,yes
2026-10-10T19:18:12.97015Z,0.2500,17.00,no
2026-10-10T19:18:12.97015Z,0.2500,233.00,no
2026-10-10T19:18:13.047418Z,0.2500,104.45,no
2026-10-10T19:18:13.22783Z,0.2500,133.00,no
2026-10-10T19:18:13.276287Z,0.2600,15.68,yes
2026-10-10T19:18:13.353756Z,0.2600,26.62,yes
2026-10-10T19:18:13.36072Z,0.2500,93.00,no
2026-10-10T19:18:13.36072Z,0.2500,34.00,no
2026-10-10T19:18:13.36072Z,0.2500,125.00,no
2026-10-10T19:18:13.36072Z,0.2500,54.75,no
2026-10-10T19:18:13.36072Z,0.2500,4.70,no
2026-10-10T19:18:13.36072Z,0.2500,175.00,no
2026-10-10T19:18:13.36072Z,0.2500,389.55,no
2026-10-10T19:18:13.506364Z,0.2500,49.70,no
2026-10-10T19:18:13.506364Z,0.2500,0.30,no
2026-10-10T19:18:13.659552Z,0.2600,36.56,yes
2026-10-10T19:18:13.71726Z,0.2600,54.77,yes
2026-10-10T19:18:13.71726Z,0.2600,789.45,yes
2026-10-10T19:18:13.71726Z,0.2600,18.61,yes
2026-10-10T19:18:13.71726Z,0.2600,7.00,yes
2026-10-10T19:18:13.858752Z,0.2600,50.00,no
2026-10-10T19:18:13.860862Z,0.2600,4.28,no
2026-10-10T19:18:13.972432Z,0.2500,135.00,no
2026-10-10T19:18:13.982187Z,0.2500,66.41,no
2026-10-10T19:18:14.064303Z,0.2500,70.51,no
2026-10-10T19:18:14.232904Z,0.2600,3.52,yes
2026-10-10T19:18:14.272319Z,0.2500,147.00,no
2026-10-10T19:18:14.342269Z,0.2500,2.38,no
2026-10-10T19:18:14.342269Z,0.2500,581.08,no
2026-10-10T19:18:14.342269Z,0.2500,54.00,no
2026-10-10T19:18:14.342949Z,0.2500,53.07,no
2026-10-10T19:18:14.581777Z,0.2500,2.00,no
2026-10-10T19:18:14.649177Z,0.2500,53.45,no
2026-10-10T19:18:14.649177Z,0.2500,7.55,no
2026-10-10T19:18:14.649177Z,0.2500,28.00,no
2026-10-10T19:18:14.667527Z,0.2600,1.80,yes
2026-10-10T19:18:14.667527Z,0.2600,5.00,yes
2026-10-10T19:18:14.667527Z,0.2600,11.48,yes
2026-10-10T19:18:14.69411Z,0.2500,763.00,no
2026-10-10T19:18:14.968692Z,0.2500,229.45,no
2026-10-10T19:18:14.968692Z,0.2500,459.90,no
2026-10-10T19:18:14.968692Z,0.2500,55.45,no
2026-10-10T19:18:14.968692Z,0.2500,55.20,no
2026-10-10T19:18:15.803753Z,0.2500,1119.00,no
2026-10-10T19:18:15.908178Z,0.2500,15.90,no
2026-10-10T19:18:15.908178Z,0.2500,88.10,no
2026-10-10T19:18:15.908178Z,0.2500,5.00,no
2026-10-10T19:18:15.912682Z,0.2600,2.81,yes
2026-10-10T19:18:16.118537Z,0.2500,38.10,no
2026-10-10T19:18:16.118537Z,0.2500,61.90,no
2026-10-10T19:18:16.305549Z,0.2500,23.00,no
2026-10-10T19:18:17.021235Z,0.2500,2.82,no
2026-10-10T19:18:17.02173Z,0.2500,997.18,no
2026-10-10T19:18:17.02173Z,0.2500,40.00,no
2026-10-10T19:18:17.042555Z,0.2500,2.82,yes
2026-10-10T19:18:17.106013Z,0.2500,9.38,no
2026-10-10T19:18:17.341309Z,0.2500,126.00,no
2026-10-10T19:18:17.400176Z,0.2500,250.00,no
2026-10-10T19:18:17.400575Z,0.2500,250.00,no
2026-10-10T19:18:17.603816Z,0.2500,104.45,no
2026-10-10T19:18:17.64838Z,0.2500,1.00,no
2026-10-10T19:18:17.868814Z,0.2500,250.00,no
2026-10-10T19:18:18.079705Z,0.2500,144.55,no
2026-10-10T19:18:18.079705Z,0.2500,9.45,no
2026-10-10T19:18:18.133307Z,0.2500,35.23,no
2026-10-10T19:18:18.158116Z,0.2500,37.50,no
2026-10-10T19:18:18.236287Z,0.2500,268.25,no
2026-10-10T19:18:18.259884Z,0.2500,98.00,no
2026-10-10T19:18:18.356919Z,0.2500,400.00,no
2026-10-10T19:18:18.362447Z,0.2400,238.98,no
2026-10-10T19:18:18.362447Z,0.2500,161.02,no
2026-10-10T19:18:18.485451Z,0.2400,150.00,no
2026-10-10T19:18:18.803873Z,0.2500,55.47,no
2026-10-10T19:18:18.914044Z,0.2500,1.82,yes
2026-10-10T19:18:18.968702Z,0.2400,46.91,no
2026-10-10T19:18:19.00368Z,0.2500,91.41,yes
2026-10-10T19:18:19.071822Z,0.2400,587.18,no
2026-10-10T19:18:19.173414Z,0.2400,411.02,no
2026-10-10T19:18:19.192115Z,0.2500,928.85,yes
2026-10-10T19:18:19.192115Z,0.2500,54.39,yes
2026-10-10T19:18:19.192115Z,0.2500,50.86,yes
2026-10-10T19:18:19.255242Z,0.2500,62.00,no
2026-10-10T19:18:19.839616Z,0.2400,75.00,no
2026-10-10T19:18:19.885355Z,0.2400,4.44,no
2026-10-10T19:18:20.079224Z,0.2400,45.56,no
2026-10-10T19:18:20.079224Z,0.2300,75.00,no
2026-10-10T19:18:20.079224Z,0.2300,24.16,no
2026-10-10T19:18:20.423062Z,0.2400,7.60,yes
2026-10-10T19:18:21.127272Z,0.2300,7.91,yes
2026-10-10T19:18:21.178684Z,0.2200,432.00,no
2026-10-10T19:18:21.178684Z,0.2200,75.00,no
2026-10-10T19:18:21.178684Z,0.2200,1.00,no
2026-10-10T19:18:21.238843Z,0.2300,1.00,yes
2026-10-10T19:18:21.238843Z,0.2300,26.09,yes
2026-10-10T19:18:21.238843Z,0.2400,354.22,yes
2026-10-10T19:18:21.238843Z,0.2400,65.00,yes
2026-10-10T19:18:21.238843Z,0.2300,48.21,yes
2026-10-10T19:18:21.283545Z,0.2200,27.18,no
2026-10-10T19:18:21.34881Z,0.2300,20.62,yes
2026-10-10T19:18:21.392552Z,0.2200,7.73,no
2026-10-10T19:18:21.782977Z,0.2300,35.19,yes
2026-10-10T19:18:21.782977Z,0.2400,4.37,yes
2026-10-10T19:18:21.848458Z,0.2200,335.31,no
2026-10-10T19:18:22.191587Z,0.2200,92.29,no
2026-10-10T19:18:22.323293Z,0.2300,1.97,yes
2026-10-10T19:18:22.612156Z,0.2200,7.25,no
2026-10-10T19:18:23.202048Z,0.2200,12.58,no
2026-10-10T19:18:23.29723Z,0.2200,248.00,no
2026-10-10T19:18:23.416562Z,0.2200,46.41,no
2026-10-10T19:18:23.459861Z,0.2300,49.50,yes
2026-10-10T19:18:23.619621Z,0.2300,41.25,yes
2026-10-10T19:18:23.752031Z,0.2200,56.37,no
2026-10-10T19:18:24.008771Z,0.2200,33.81,no
2026-10-10T19:18:24.260169Z,0.2300,95.00,yes
2026-10-10T19:18:24.260169Z,0.2300,15.00,yes
2026-10-10T19:18:24.260169Z,0.2300,17.00,yes
2026-10-10T19:18:24.260169Z,0.2400,53.05,yes
2026-10-10T19:18:24.260169Z,0.2300,20.97,yes
2026-10-10T19:18:24.716716Z,0.2400,19.78,yes
2026-10-10T19:18:24.745933Z,0.2300,125.00,no
2026-10-10T19:18:25.243828Z,0.2400,4.86,yes
2026-10-10T19:18:25.33559Z,0.2300,34.06,yes
2026-10-10T19:18:25.414993Z,0.2300,3.95,yes
2026-10-10T19:18:25.959736Z,0.2200,10.00,no
2026-10-10T19:18:26.186293Z,0.2300,4.08,yes
2026-10-10T19:18:26.320756Z,0.2200,59.00,no
2026-10-10T19:18:26.341932Z,0.2200,98.55,no
2026-10-10T19:18:26.526962Z,0.2200,75.00,no
2026-10-10T19:18:26.526962Z,0.2200,113.35,no
2026-10-10T19:18:26.526962Z,0.2200,200.52,no
2026-10-10T19:18:26.587013Z,0.2200,11.00,no
2026-10-10T19:18:26.668992Z,0.2300,13.39,yes
2026-10-10T19:18:26.668992Z,0.2300,11.00,yes
2026-10-10T19:18:26.704791Z,0.2200,26.00,no
2026-10-10T19:18:27.076472Z,0.2300,1.87,no
2026-10-10T19:18:27.264275Z,0.2400,19.78,yes
2026-10-10T19:18:27.952392Z,0.2400,0.03,yes
2026-10-10T19:18:27.996574Z,0.2200,394.46,no
2026-10-10T19:18:28.321533Z,0.2200,11.93,no
2026-10-10T19:18:28.898226Z,0.2300,19.00,yes
2026-10-10T19:18:28.940359Z,0.2200,156.68,no
2026-10-10T19:18:29.328181Z,0.2200,286.58,no
2026-10-10T19:18:29.328181Z,0.2200,238.81,no
2026-10-10T19:18:29.360871Z,0.2300,1.22,yes
2026-10-10T19:18:29.360871Z,0.2300,4.47,yes
2026-10-10T19:18:29.647228Z,0.2300,24.75,yes
2026-10-10T19:18:29.925468Z,0.2300,101.48,yes
2026-10-10T19:18:30.459612Z,0.2300,37.95,yes
2026-10-10T19:18:30.528433Z,0.2300,6.88,yes
2026-10-10T19:18:31.245938Z,0.2300,8.25,yes
2026-10-10T19:18:31.343578Z,0.2200,89.73,no
2026-10-10T19:18:31.621654Z,0.2200,236.00,no
2026-10-10T19:18:31.883291Z,0.2200,1000.00,no
2026-10-10T19:18:32.658482Z,0.2200,84.50,no
2026-10-10T19:18:34.145056Z,0.2300,65.71,yes
2026-10-10T19:18:34.644569Z,0.2200,5.53,no
2026-10-10T19:18:34.703836Z,0.2100,229.55,no
2026-10-10T19:18:34.703836Z,0.2200,12.43,no
2026-10-10T19:18:34.703836Z,0.2200,75.00,no
2026-10-10T19:18:34.703836Z,0.2200,56.19,no
2026-10-10T19:18:34.858464Z,0.2200,56.53,no
2026-10-10T19:18:34.858464Z,0.2200,71.45,no
2026-10-10T19:18:35.17023Z,0.2300,28.87,yes
2026-10-10T19:18:35.389538Z,0.2300,365.67,yes
2026-10-10T19:18:35.831805Z,0.2200,83.14,no
2026-10-10T19:18:35.997592Z,0.2200,216.76,no
2026-10-10T19:18:36.162454Z,0.2200,28.11,no
2026-10-10T19:18:36.405758Z,0.2300,355.97,yes
2026-10-10T19:18:36.405758Z,0.2300,139.08,yes
2026-10-10T19:18:36.50876Z,0.2200,11.74,no
2026-10-10T19:18:36.68404Z,0.2300,20.62,yes
2026-10-10T19:18:36.930461Z,0.2300,16.50,yes
2026-10-10T19:18:37.00216Z,0.2200,4.00,no
2026-10-10T19:18:37.136753Z,0.2300,404.74,yes
2026-10-10T19:18:37.24806Z,0.2300,103.13,yes
2026-10-10T19:18:37.302856Z,0.2300,20.60,yes
2026-10-10T19:18:37.545321Z,0.2300,1.03,yes
2026-10-10T19:18:37.571164Z,0.2200,1251.80,no
2026-10-10T19:18:37.576875Z,0.2100,22.22,no
2026-10-10T19:18:37.807373Z,0.2100,104.45,no
2026-10-10T19:18:38.424551Z,0.2200,12.93,yes
2026-10-10T19:18:38.547953Z,0.2200,43.10,yes
2026-10-10T19:18:38.758296Z,0.2200,11.85,yes
2026-10-10T19:18:38.841353Z,0.2200,40.00,yes
2026-10-10T19:18:39.843072Z,0.2200,129.30,yes
2026-10-10T19:18:39.981637Z,0.2200,21.55,yes
2026-10-10T19:18:40.173652Z,0.2200,56.03,yes
2026-10-10T19:18:40.335095Z,0.2200,17.24,yes
2026-10-10T19:18:40.7656Z,0.2200,40.00,yes
2026-10-10T19:18:40.880154Z,0.2200,64.30,yes
2026-10-10T19:18:40.913435Z,0.2100,73.39,no
2026-10-10T19:18:41.064822Z,0.2100,135.16,no
2026-10-10T19:18:41.064822Z,0.2100,141.95,no
2026-10-10T19:18:41.554806Z,0.2200,1.61,yes
2026-10-10T19:18:41.554806Z,0.2200,1.00,yes
2026-10-10T19:18:41.554806Z,0.2200,1.01,yes
2026-10-10T19:18:41.554806Z,0.2200,20.00,yes
2026-10-10T19:18:41.554806Z,0.2200,10000.00,yes
2026-10-10T19:18:41.554806Z,0.2200,8311.90,yes
2026-10-10T19:18:41.554806Z,0.2200,1.99,yes
2026-10-10T19:18:41.554806Z,0.2200,905.89,yes
2026-10-10T19:18:41.554806Z,0.2200,3000.00,yes
2026-10-10T19:18:41.816984Z,0.2300,7.96,yes
2026-10-10T19:18:42.344157Z,0.2300,3.83,yes
2026-10-10T19:18:42.79243Z,0.2200,10.00,no
2026-10-10T19:18:43.040141Z,0.2300,54.85,yes
2026-10-10T19:18:43.2383Z,0.2300,12.37,yes
2026-10-10T19:18:43.300637Z,0.2200,73.12,no
2026-10-10T19:18:43.462703Z,0.2200,10.70,no
2026-10-10T19:18:43.702775Z,0.2200,156.68,no
2026-10-10T19:18:43.902727Z,0.2300,2.06,yes
2026-10-10T19:18:44.153265Z,0.2300,87.96,yes
2026-10-10T19:18:44.530256Z,0.2200,178.61,no
2026-10-10T19:18:44.57705Z,0.2200,52.22,no
2026-10-10T19:18:44.582639Z,0.2200,150.00,no
2026-10-10T19:18:44.923648Z,0.2200,75.00,no
2026-10-10T19:18:44.923648Z,0.2200,1667.00,no
2026-10-10T19:18:44.923648Z,0.2200,950.94,no
2026-10-10T19:18:44.923648Z,0.2200,56.56,no
2026-10-10T19:18:44.923648Z,0.2200,195.65,no
2026-10-10T19:18:45.390658Z,0.2200,20.62,yes
2026-10-10T19:18:46.087114Z,0.2200,30.17,yes
2026-10-10T19:18:47.060349Z,0.2100,22.56,yes
2026-10-10T19:18:47.162334Z,0.2100,4.51,yes
2026-10-10T19:18:47.3541Z,0.2100,13.53,yes
2026-10-10T19:18:47.683732Z,0.2100,112.80,yes
2026-10-10T19:18:47.816075Z,0.2100,6.49,yes
2026-10-10T19:18:47.853925Z,0.2100,45.12,yes
2026-10-10T19:18:47.97342Z,0.2100,135.37,yes
2026-10-10T19:18:48.247545Z,0.2100,4.51,yes
2026-10-10T19:18:48.312955Z,0.2100,20.48,yes
2026-10-10T19:18:48.594974Z,0.2000,30.33,no
2026-10-10T19:18:48.594974Z,0.2000,1.00,no
2026-10-10T19:18:48.622897Z,0.2000,219.67,no
2026-10-10T19:18:48.622897Z,0.2000,56.56,no
2026-10-10T19:18:48.622897Z,0.2000,286.00,no
2026-10-10T19:18:49.116429Z,0.2000,131.04,no
2026-10-10T19:18:49.410074Z,0.2000,29.17,no
2026-10-10T19:18:49.823609Z,0.2100,22.56,yes
2026-10-10T19:18:49.935466Z,0.2100,19.98,yes
2026-10-10T19:18:51.165724Z,0.2100,9.02,yes
2026-10-10T19:18:51.921316Z,0.2000,160.28,no
2026-10-10T19:18:51.981694Z,0.2000,13.41,no
2026-10-10T19:18:52.163699Z,0.2100,6.13,yes
2026-10-10T19:18:53.616639Z,0.2000,125.34,no
2026-10-10T19:18:53.700027Z,0.2000,46.84,no
2026-10-10T19:18:54.116233Z,0.2000,129.04,no
2026-10-10T19:18:54.294452Z,0.2100,13.35,yes
2026-10-10T19:18:54.315379Z,0.2100,19.00,yes
2026-10-10T19:18:54.397774Z,0.2000,123.77,no
2026-10-10T19:18:54.415093Z,0.2100,81.03,yes
2026-10-10T19:18:54.415093Z,0.2100,1.02,yes
2026-10-10T19:18:54.415093Z,0.2100,7.17,yes
2026-10-10T19:18:54.415093Z,0.2100,1.02,yes
2026-10-10T19:18:54.712044Z,0.2100,18.04,yes
2026-10-10T19:18:54.851236Z,0.2100,45.12,yes
2026-10-10T19:18:55.069482Z,0.2100,22.56,yes
2026-10-10T19:18:55.072559Z,0.2000,10.05,no
2026-10-10T19:18:55.281372Z,0.2100,90.24,yes
2026-10-10T19:18:56.158998Z,0.2000,300.00,no
2026-10-10T19:18:56.172448Z,0.2000,69.62,no
2026-10-10T19:18:56.473643Z,0.2000,5.04,no
2026-10-10T19:18:56.548676Z,0.2000,263.02,no
2026-10-10T19:18:56.884532Z,0.2000,2.81,no
2026-10-10T19:18:57.400173Z,0.2000,117.43,no
2026-10-10T19:18:57.854246Z,0.2100,86.20,yes
2026-10-10T19:18:57.975219Z,0.2100,4.51,yes
2026-10-10T19:18:58.152968Z,0.2000,4.00,no
2026-10-10T19:18:58.290958Z,0.2000,3.26,no
2026-10-10T19:18:58.532811Z,0.2100,45.12,yes
2026-10-10T19:18:59.185474Z,0.2100,9.00,yes
2026-10-10T19:18:59.548581Z,0.2100,14.25,yes
2026-10-10T19:19:00.369998Z,0.2100,451.23,yes
2026-10-10T19:19:00.549665Z,0.2000,5.01,no
2026-10-10T19:19:00.564444Z,0.2100,4.51,yes
2026-10-10T19:19:00.587362Z,0.2000,10.02,no
2026-10-10T19:19:00.655662Z,0.2100,4.51,yes
2026-10-10T19:19:00.656192Z,0.2100,4.51,yes
2026-10-10T19:19:00.92913Z,0.2000,1399.72,no
2026-10-10T19:19:01.624733Z,0.2000,84.27,no
2026-10-10T19:19:01.624733Z,0.2000,80.90,no
2026-10-10T19:19:01.624733Z,0.2000,350.13,no
2026-10-10T19:19:01.70918Z,0.2100,22.56,yes
2026-10-10T19:19:01.727512Z,0.2100,2.00,yes
2026-10-10T19:19:01.727512Z,0.2100,75.02,yes
2026-10-10T19:19:01.727512Z,0.2100,0.01,yes
2026-10-10T19:19:01.727512Z,0.2100,7.48,yes
2026-10-10T19:19:02.447368Z,0.2100,2.00,yes
2026-10-10T19:19:02.447368Z,0.2100,1.00,yes
2026-10-10T19:19:02.447368Z,0.2200,1.41,yes
2026-10-10T19:19:02.710197Z,0.2100,18.04,yes
2026-10-10T19:19:02.898029Z,0.1900,56.37,no
2026-10-10T19:19:02.898029Z,0.2000,6.00,no
2026-10-10T19:19:02.961388Z,0.1900,5.00,no
2026-10-10T19:19:02.961388Z,0.1800,0.22,no
2026-10-10T19:19:03.712839Z,0.1900,0.01,yes
2026-10-10T19:19:04.030032Z,0.2000,3.17,yes
2026-10-10T19:19:04.030032Z,0.2000,0.01,yes
2026-10-10T19:19:04.030032Z,0.2000,5.00,yes
2026-10-10T19:19:04.030032Z,0.2200,1.02,yes
2026-10-10T19:19:04.540339Z,0.2100,2.15,yes
2026-10-10T19:19:04.600272Z,0.2200,1.00,yes
2026-10-10T19:19:04.600272Z,0.2200,2.00,yes
2026-10-10T19:19:04.600272Z,0.2000,0.01,yes
2026-10-10T19:19:04.600272Z,0.2100,0.01,yes
2026-10-10T19:19:04.600272Z,0.2200,3.00,yes
2026-10-10T19:19:04.600272Z,0.2200,9.57,yes
2026-10-10T19:19:04.600272Z,0.2200,1.65,yes
2026-10-10T19:19:04.827318Z,0.2100,8.00,yes
2026-10-10T19:19:04.827318Z,0.2200,4.00,yes
2026-10-10T19:19:04.827318Z,0.2200,75.00,yes
2026-10-10T19:19:04.827318Z,0.2100,3.37,yes
2026-10-10T19:19:04.827318Z,0.2300,0.59,yes
2026-10-10T19:19:05.674286Z,0.2000,0.01,yes
2026-10-10T19:19:05.674286Z,0.2200,4.18,yes
2026-10-10T19:19:05.674286Z,0.2200,55.81,yes
2026-10-10T19:19:05.744945Z,0.2200,5.00,yes
2026-10-10T19:19:05.744945Z,0.2200,3.00,yes
2026-10-10T19:19:05.744945Z,0.2300,52.59,yes
2026-10-10T19:19:05.744945Z,0.2300,0.01,yes
2026-10-10T19:19:05.744945Z,0.2200,6.82,yes
2026-10-10T19:19:05.744945Z,0.2300,11.00,yes
2026-10-10T19:19:05.744945Z,0.2300,7.00,yes
2026-10-10T19:19:05.744945Z,0.2300,1.00,yes
2026-10-10T19:19:05.744945Z,0.2300,0.41,yes
2026-10-10T19:19:06.177829Z,0.2300,0.15,yes
2026-10-10T19:19:06.177829Z,0.2300,5.00,yes
2026-10-10T19:19:06.438529Z,0.2100,1.54,no
2026-10-10T19:19:06.870502Z,0.2300,25.00,yes
2026-10-10T19:19:06.870502Z,0.2400,24.68,yes
2026-10-10T19:19:06.870502Z,0.2300,11.85,yes
2026-10-10T19:19:06.870502Z,0.2400,1.00,yes
2026-10-10T19:19:06.870502Z,0.2400,1.00,yes
2026-10-10T19:19:06.870502Z,0.2400,5.00,yes
2026-10-10T19:19:06.870502Z,0.2400,5.00,yes
2026-10-10T19:19:06.870502Z,0.2400,3.00,yes
2026-10-10T19:19:06.870502Z,0.2400,7.00,yes
2026-10-10T19:19:07.015456Z,0.2300,1.36,yes
2026-10-10T19:19:07.895188Z,0.2300,4.66,yes
2026-10-10T19:19:07.895188Z,0.2300,3.59,yes
2026-10-10T19:19:08.004713Z,0.2300,3.95,yes
2026-10-10T19:19:08.889462Z,0.2200,0.94,no
2026-10-10T19:19:09.974113Z,0.2300,7.91,yes
2026-10-10T19:19:10.142335Z,0.2100,5.00,no
2026-10-10T19:19:10.142335Z,0.2100,21.11,no
2026-10-10T19:19:10.527354Z,0.2400,32.56,yes
2026-10-10T19:19:10.527354Z,0.2400,2.00,yes
2026-10-10T19:19:10.527354Z,0.2300,5.00,yes
2026-10-10T19:19:10.748294Z,0.2400,1.18,yes
2026-10-10T19:19:11.388841Z,0.2100,6.89,no
2026-10-10T19:19:11.388841Z,0.2100,5.00,no
2026-10-10T19:19:11.388841Z,0.2000,55.81,no
2026-10-10T19:19:11.388841Z,0.2000,3.29,no
2026-10-10T19:19:11.540981Z,0.2300,29.00,yes
2026-10-10T19:19:11.540981Z,0.2300,9.00,yes
2026-10-10T19:19:11.544057Z,0.2300,5.00,yes
2026-10-10T19:19:11.544057Z,0.2300,13.44,yes
2026-10-10T19:19:11.544057Z,0.2400,40.00,yes
2026-10-10T19:19:11.544057Z,0.2400,20.26,yes
2026-10-10T19:19:11.819376Z,0.2400,8.00,yes
2026-10-10T19:19:11.819376Z,0.2400,35.34,yes
2026-10-10T19:19:11.819376Z,0.2400,54.74,yes
2026-10-10T19:19:11.961547Z,0.2500,1.00,yes
2026-10-10T19:19:11.961547Z,0.2600,1.00,yes
2026-10-10T19:19:11.961547Z,0.2600,2.00,yes
2026-10-10T19:19:11.961547Z,0.2500,20.00,yes
2026-10-10T19:19:11.961547Z,0.2600,6.00,yes
2026-10-10T19:19:11.961547Z,0.2500,60.00,yes
2026-10-10T19:19:11.961547Z,0.2500,1.00,yes
2026-10-10T19:19:11.961547Z,0.2400,15.00,yes
2026-10-10T19:19:11.961547Z,0.2400,24.00,yes
2026-10-10T19:19:11.961547Z,0.2400,56.18,yes
2026-10-10T19:19:11.961547Z,0.2500,15.00,yes
2026-10-10T19:19:11.961547Z,0.2600,4.00,yes
2026-10-10T19:19:11.961547Z,0.2600,6.79,yes
2026-10-10T19:19:12.01293Z,0.2200,14.00,no
2026-10-10T19:19:12.020662Z,0.2200,1.54,no
2026-10-10T19:19:12.60843Z,0.2200,10.63,no
2026-10-10T19:19:12.60843Z,0.2200,5.00,no
2026-10-10T19:19:13.02837Z,0.2400,14.00,yes
2026-10-10T19:19:13.02837Z,0.2400,45.34,yes
2026-10-10T19:19:13.185853Z,0.2400,0.73,yes
2026-10-10T19:19:13.22989Z,0.2100,17.83,no
2026-10-10T19:19:13.22989Z,0.2100,56.18,no
2026-10-10T19:19:13.22989Z,0.2100,2.00,no
2026-10-10T19:19:13.22989Z,0.2100,158.00,no
2026-10-10T19:19:13.22989Z,0.2100,19.39,no
2026-10-10T19:19:13.291058Z,0.2300,13.00,yes
2026-10-10T19:19:13.316437Z,0.2400,5.00,yes
2026-10-10T19:19:13.316437Z,0.2400,14.78,yes
2026-10-10T19:19:13.444612Z,0.2300,12.00,no
2026-10-10T19:19:13.444612Z,0.2200,3.70,no
2026-10-10T19:19:13.737056Z,0.2400,3.95,yes
2026-10-10T19:19:14.090691Z,0.2400,3.95,yes
2026-10-10T19:19:14.093617Z,0.2400,7.91,yes
2026-10-10T19:19:14.135197Z,0.2400,21.00,yes
2026-10-10T19:19:14.135197Z,0.2400,24.27,yes
2026-10-10T19:19:14.135197Z,0.2300,13.00,yes
2026-10-10T19:19:14.755755Z,0.2300,3.54,yes
2026-10-10T19:19:14.827074Z,0.2100,14.00,no
2026-10-10T19:19:14.827074Z,0.2100,8.00,no
2026-10-10T19:19:14.827074Z,0.2100,56.18,no
2026-10-10T19:19:15.052504Z,0.2300,12.37,yes
2026-10-10T19:19:16.385362Z,0.2400,75.00,yes
2026-10-10T19:19:16.385362Z,0.2400,1.00,yes
2026-10-10T19:19:16.385362Z,0.2300,1.00,yes
2026-10-10T19:19:16.385362Z,0.2400,100.00,yes
2026-10-10T19:19:16.385362Z,0.2400,81.47,yes
2026-10-10T19:19:16.385362Z,0.2400,2.00,yes
2026-10-10T19:19:16.385362Z,0.2400,3.00,yes
2026-10-10T19:19:16.385362Z,0.2200,1.00,yes
2026-10-10T19:19:16.385362Z,0.2400,39.00,yes
2026-10-10T19:19:16.388648Z,0.2600,25.00,yes
2026-10-10T19:19:16.388648Z,0.2500,500.00,yes
2026-10-10T19:19:16.388648Z,0.2600,1.00,yes
2026-10-10T19:19:16.388648Z,0.2500,11.00,yes
2026-10-10T19:19:16.388648Z,0.2600,20.00,yes
2026-10-10T19:19:16.388648Z,0.2600,10.00,yes
2026-10-10T19:19:16.388648Z,0.2500,1.00,yes
2026-10-10T19:19:16.388648Z,0.2600,1.00,yes
2026-10-10T19:19:16.388648Z,0.2600,3.00,yes
2026-10-10T19:19:16.388648Z,0.2600,2.00,yes
2026-10-10T19:19:16.388648Z,0.2600,15.00,yes
2026-10-10T19:19:16.388648Z,0.2600,1952.00,yes
2026-10-10T19:19:16.388648Z,0.2500,8.00,yes
2026-10-10T19:19:16.388661Z,0.2600,2549.00,yes
2026-10-10T19:19:16.388725Z,0.2600,2499.00,yes
2026-10-10T19:19:16.43513Z,0.2600,460.00,no
2026-10-10T19:19:16.43513Z,0.2600,50.00,no
2026-10-10T19:19:16.435895Z,0.2600,510.00,no
2026-10-10T19:19:16.454377Z,0.2600,510.00,no
2026-10-10T19:19:16.45459Z,0.2600,522.00,no
2026-10-10T19:19:16.951225Z,0.2600,1.76,no
2026-10-10T19:19:17.170256Z,0.2700,3.00,yes
2026-10-10T19:19:17.170256Z,0.2700,2.00,yes
2026-10-10T19:19:17.170256Z,0.2700,1.00,yes
2026-10-10T19:19:17.170256Z,0.2700,2.00,yes
2026-10-10T19:19:17.170256Z,0.2700,0.01,yes
2026-10-10T19:19:17.170256Z,0.2700,5.00,yes
2026-10-10T19:19:17.170256Z,0.2700,1.00,yes
2026-10-10T19:19:17.170256Z,0.2700,20.22,yes
2026-10-10T19:19:17.170256Z,0.2700,1.00,yes
2026-10-10T19:19:17.187839Z,0.2700,5.28,yes
2026-10-10T19:19:17.477512Z,0.2600,2.46,no
2026-10-10T19:19:17.721952Z,0.2700,39.00,yes
2026-10-10T19:19:17.911868Z,0.2600,214.26,no
2026-10-10T19:19:18.094868Z,0.2600,10.00,no
2026-10-10T19:19:18.114145Z,0.2600,10.00,no
2026-10-10T19:19:18.579939Z,0.2600,295.14,no
2026-10-10T19:19:19.322503Z,0.2600,965.46,no
2026-10-10T19:19:19.322503Z,0.2600,13.38,no
2026-10-10T19:19:19.322503Z,0.2600,46.16,no
2026-10-10T19:19:19.322503Z,0.2600,5.00,no
2026-10-10T19:19:19.392182Z,0.2700,9.26,yes
2026-10-10T19:19:19.488672Z,0.2600,55.48,no
2026-10-10T19:19:19.488672Z,0.2600,0.84,no
2026-10-10T19:19:19.67501Z,0.2600,7.00,yes
2026-10-10T19:19:19.992708Z,0.2600,33.83,yes
2026-10-10T19:19:19.992708Z,0.2700,4.43,yes
2026-10-10T19:19:20.266082Z,0.2600,52.22,no
2026-10-10T19:19:20.558182Z,0.2600,3.00,no
2026-10-10T19:19:20.590394Z,0.2700,176.18,yes
2026-10-10T19:19:20.609547Z,0.2700,352.36,yes
2026-10-10T19:19:20.931448Z,0.2700,17.61,yes
2026-10-10T19:19:21.781167Z,0.2600,0.26,no
2026-10-10T19:19:21.781167Z,0.2600,19.74,no
2026-10-10T19:19:21.880096Z,0.2700,88.09,yes
2026-10-10T19:19:22.317577Z,0.2700,33.00,yes
2026-10-10T19:19:23.534923Z,0.2600,31.77,no
2026-10-10T19:19:23.571641Z,0.2700,7.04,yes
2026-10-10T19:19:23.644159Z,0.2600,6.57,no
2026-10-10T19:19:23.846198Z,0.2700,52.85,yes
2026-10-10T19:19:24.058993Z,0.2600,16.79,no
2026-10-10T19:19:24.058993Z,0.2600,1.00,no
2026-10-10T19:19:24.058993Z,0.2600,36.00,no
2026-10-10T19:19:24.058993Z,0.2500,46.03,no
2026-10-10T19:19:24.206328Z,0.2700,14.09,yes
2026-10-10T19:19:24.419959Z,0.2600,2.62,no
2026-10-10T19:19:24.527319Z,0.2600,52.51,no
2026-10-10T19:19:24.527319Z,0.2600,825.39,no
2026-10-10T19:19:24.86903Z,0.2600,75.00,no
2026-10-10T19:19:25.181079Z,0.2600,41.78,no
2026-10-10T19:19:25.296101Z,0.2600,156.37,no
2026-10-10T19:19:25.337756Z,0.2700,517.97,yes
2026-10-10T19:19:25.741436Z,0.2600,97.00,no
2026-10-10T19:19:25.84745Z,0.2600,130.25,no
2026-10-10T19:19:25.900658Z,0.2700,17.61,yes
2026-10-10T19:19:26.116575Z,0.2600,1461.00,no
2026-10-10T19:19:26.310601Z,0.2700,35.23,yes
2026-10-10T19:19:26.337552Z,0.2600,39.56,no
2026-10-10T19:19:26.373748Z,0.2700,3.52,yes
2026-10-10T19:19:27.049592Z,0.2700,17.61,yes
2026-10-10T19:19:27.105219Z,0.2700,35.23,yes
2026-10-10T19:19:27.320743Z,0.2700,14.09,yes
2026-10-10T19:19:27.502869Z,0.2700,88.09,yes
2026-10-10T19:19:27.513732Z,0.2700,10.57,yes
2026-10-10T19:19:28.019871Z,0.2600,819.65,no
2026-10-10T19:19:28.019871Z,0.2600,55.50,no
2026-10-10T19:19:28.019871Z,0.2600,2756.85,no
2026-10-10T19:19:28.019871Z,0.2600,92.00,no
2026-10-10T19:19:28.061723Z,0.2600,25.00,no
2026-10-10T19:19:28.161835Z,0.2700,352.36,yes
2026-10-10T19:19:28.267564Z,0.2600,239.15,no
2026-10-10T19:19:28.267564Z,0.2600,805.42,no
2026-10-10T19:19:29.285532Z,0.2700,6.80,yes
2026-10-10T19:19:29.434739Z,0.2700,3.52,yes
2026-10-10T19:19:29.550334Z,0.2700,8.80,yes
2026-10-10T19:19:29.622825Z,0.2700,17.61,yes
2026-10-10T19:19:29.823379Z,0.2700,70.47,yes
2026-10-10T19:19:30.050829Z,0.2600,55.05,no
2026-10-10T19:19:30.197535Z,0.2700,17.61,yes
2026-10-10T19:19:30.255301Z,0.2700,3.52,yes
2026-10-10T19:19:30.403283Z,0.2600,670.62,no
2026-10-10T19:19:30.420668Z,0.2600,1092.00,no
2026-10-10T19:19:30.494905Z,0.2700,35.23,yes
2026-10-10T19:19:30.873422Z,0.2600,5.78,no
2026-10-10T19:19:31.022565Z,0.2600,49.50,no
2026-10-10T19:19:31.211894Z,0.2600,5.70,no
2026-10-10T19:19:31.632478Z,0.2600,10.00,no
2026-10-10T19:19:31.745557Z,0.2600,4.51,no
2026-10-10T19:19:31.86559Z,0.2700,35.23,yes
2026-10-10T19:19:32.512291Z,0.2700,31.46,yes
2026-10-10T19:19:32.643919Z,0.2700,176.18,yes
2026-10-10T19:19:32.872254Z,0.2600,270.00,no
2026-10-10T19:19:33.376885Z,0.2700,35.23,yes
2026-10-10T19:19:33.481937Z,0.2700,140.94,yes
2026-10-10T19:19:34.117818Z,0.2600,52.42,no
2026-10-10T19:19:34.117818Z,0.2600,1752.58,no
2026-10-10T19:19:34.127136Z,0.2700,10.00,yes
2026-10-10T19:19:34.155783Z,0.2700,352.36,yes
2026-10-10T19:19:34.282057Z,0.2700,59.35,yes
2026-10-10T19:19:34.282057Z,0.2700,11.12,yes
2026-10-10T19:19:34.474196Z,0.2700,7.04,yes
2026-10-10T19:19:34.663254Z,0.2700,3.52,yes
2026-10-10T19:19:34.962601Z,0.2700,17.61,yes
2026-10-10T19:19:35.1173Z,0.2700,35.22,yes
2026-10-10T19:19:35.309166Z,0.2700,1659.75,yes
2026-10-10T19:19:35.328279Z,0.2600,375.59,no
2026-10-10T19:19:35.333262Z,0.2600,104.45,no
2026-10-10T19:19:35.380729Z,0.2700,16.00,yes
2026-10-10T19:19:35.446005Z,0.2700,0.03,yes
2026-10-10T19:19:35.627709Z,0.2700,10.00,yes
2026-10-10T19:19:35.99864Z,0.2600,77.75,no
2026-10-10T19:19:35.99864Z,0.2600,1.05,no
2026-10-10T19:19:36.063646Z,0.2700,1.00,yes
2026-10-10T19:19:36.063646Z,0.2700,5.87,yes
2026-10-10T19:19:36.116979Z,0.2700,7.04,yes
2026-10-10T19:19:36.191817Z,0.2600,23.67,no
2026-10-10T19:19:36.266884Z,0.2700,88.09,yes
2026-10-10T19:19:36.269639Z,0.2700,35.23,yes
2026-10-10T19:19:36.465648Z,0.2600,75.00,no
2026-10-10T19:19:36.905624Z,0.2700,35.23,yes
2026-10-10T19:19:36.950478Z,0.2700,17.61,yes
2026-10-10T19:19:37.203836Z,0.2700,88.09,yes
2026-10-10T19:19:37.680428Z,0.2600,54.00,no
2026-10-10T19:19:37.680428Z,0.2600,1.03,no
2026-10-10T19:19:37.680428Z,0.2600,391.00,no
2026-10-10T19:19:37.680428Z,0.2600,783.00,no
2026-10-10T19:19:37.680428Z,0.2600,758.95,no
2026-10-10T19:19:37.680428Z,0.2600,1.04,no
2026-10-10T19:19:37.680428Z,0.2600,0.98,no
2026-10-10T19:19:38.132195Z,0.2700,100.00,yes
2026-10-10T19:19:38.169481Z,0.2700,352.36,yes
2026-10-10T19:19:38.235648Z,0.2700,17.61,yes
2026-10-10T19:19:38.397496Z,0.2700,88.09,yes
2026-10-10T19:19:38.68523Z,0.2600,44.04,no
2026-10-10T19:19:38.924625Z,0.2700,88.09,yes
2026-10-10T19:19:40.176967Z,0.2700,35.23,yes
2026-10-10T19:19:40.597949Z,0.2700,35.23,yes
2026-10-10T19:19:40.621537Z,0.2700,360.00,yes
2026-10-10T19:19:41.194058Z,0.2700,215.08,yes
2026-10-10T19:19:41.489382Z,0.2600,2.52,no
2026-10-10T19:19:41.489382Z,0.2600,1.03,no
2026-10-10T19:19:41.489382Z,0.2600,10.45,no
2026-10-10T19:19:41.737736Z,0.2600,24.90,no
2026-10-10T19:19:42.152164Z,0.2700,17.61,yes
2026-10-10T19:19:42.371447Z,0.2600,25.00,no
2026-10-10T19:19:42.429111Z,0.2600,911.01,no
2026-10-10T19:19:42.439319Z,0.2700,10.00,yes
2026-10-10T19:19:42.91642Z,0.2700,7.04,yes
2026-10-10T19:19:43.00396Z,0.2700,45.98,yes
2026-10-10T19:19:43.184792Z,0.2600,6.88,no
2026-10-10T19:19:43.220224Z,0.2700,70.40,yes
2026-10-10T19:19:43.346308Z,0.2700,17.61,yes
2026-10-10T19:19:43.465519Z,0.2700,10.57,yes
2026-10-10T19:19:43.831623Z,0.2700,3.52,yes
2026-10-10T19:19:43.95913Z,0.2600,21.39,no
2026-10-10T19:19:44.07473Z,0.2600,94.69,no
2026-10-10T19:19:44.113363Z,0.2700,2.64,yes
2026-10-10T19:19:44.311249Z,0.2600,8.25,no
2026-10-10T19:19:44.640478Z,0.2600,23.42,no
2026-10-10T19:19:44.680191Z,0.2700,3.52,yes
2026-10-10T19:19:44.85525Z,0.2700,70.47,yes
2026-10-10T19:19:45.410847Z,0.2700,17.61,yes
2026-10-10T19:19:45.635018Z,0.2700,29.23,yes
2026-10-10T19:19:45.635018Z,0.2700,6.00,yes
2026-10-10T19:19:45.996405Z,0.2700,10.57,yes
2026-10-10T19:19:46.047897Z,0.2600,1073.00,no
2026-10-10T19:19:46.256047Z,0.2700,16.00,yes
2026-10-10T19:19:46.397742Z,0.2700,17.61,yes
2026-10-10T19:19:46.678484Z,0.2700,0.03,yes
2026-10-10T19:19:46.760565Z,0.2600,578.90,no
2026-10-10T19:19:47.341394Z,0.2600,10.50,no
2026-10-10T19:19:47.490479Z,0.2700,66.00,yes
2026-10-10T19:19:47.714468Z,0.2700,102.18,yes
2026-10-10T19:19:48.480731Z,0.2700,18.32,yes
2026-10-10T19:19:48.5733Z,0.2700,35.23,yes
2026-10-10T19:19:48.636521Z,0.2700,88.09,yes
2026-10-10T19:19:49.034808Z,0.2700,35.23,yes
2026-10-10T19:19:49.042258Z,0.2600,124.89,no
2026-10-10T19:19:49.093453Z,0.2700,17.61,yes
2026-10-10T19:19:49.208181Z,0.2600,268.25,no
2026-10-10T19:19:49.380655Z,0.2600,52.22,no
2026-10-10T19:19:49.893501Z,0.2700,10.57,yes
2026-10-10T19:19:49.901083Z,0.2700,17.20,yes
2026-10-10T19:19:50.206958Z,0.2700,176.18,yes
2026-10-10T19:19:50.424149Z,0.2700,176.18,yes
2026-10-10T19:19:50.560878Z,0.2600,97.90,no
2026-10-10T19:19:50.789632Z,0.2700,88.09,yes
2026-10-10T19:19:50.973117Z,0.2600,16.42,no
2026-10-10T19:19:51.315141Z,0.2700,70.47,yes
2026-10-10T19:19:51.441619Z,0.2600,231.66,no
2026-10-10T19:19:51.568355Z,0.2700,9.61,yes
2026-10-10T19:19:52.117303Z,0.2700,17.61,yes
2026-10-10T19:19:52.671212Z,0.2700,17.61,yes
2026-10-10T19:19:52.833405Z,0.2600,52.22,no
2026-10-10T19:19:52.970972Z,0.2700,17.61,yes
2026-10-10T19:19:53.023439Z,0.2700,7.04,yes
2026-10-10T19:19:53.198867Z,0.2700,35.23,yes
2026-10-10T19:19:53.200122Z,0.2700,35.23,yes
2026-10-10T19:19:53.211746Z,0.2700,37.28,yes
2026-10-10T19:19:53.381061Z,0.2700,88.09,yes
2026-10-10T19:19:53.81745Z,0.2700,1034.44,yes
2026-10-10T19:19:54.47802Z,0.2600,250.00,no
2026-10-10T19:19:54.726688Z,0.2600,1.05,no
2026-10-10T19:19:54.726688Z,0.2600,1.06,no
2026-10-10T19:19:54.726688Z,0.2600,1.02,no
2026-10-10T19:19:54.726688Z,0.2600,1.04,no
2026-10-10T19:19:54.726688Z,0.2600,1.05,no
2026-10-10T19:19:54.726688Z,0.2500,0.73,no
2026-10-10T19:19:54.726688Z,0.2600,1.02,no
2026-10-10T19:19:54.726688Z,0.2600,1.02,no
2026-10-10T19:19:54.916549Z,0.2700,14.59,yes
2026-10-10T19:19:54.916549Z,0.2700,5.00,yes
2026-10-10T19:19:55.351677Z,0.2600,18.28,yes
2026-10-10T19:19:56.695664Z,0.2200,25.00,no
2026-10-10T19:19:56.695664Z,0.2400,1.00,no
2026-10-10T19:19:56.695664Z,0.2100,20.00,no
2026-10-10T19:19:56.695664Z,0.2400,1.31,no
2026-10-10T19:19:56.695664Z,0.2200,55.49,no
2026-10-10T19:19:56.695664Z,0.2200,50.00,no
2026-10-10T19:19:56.695664Z,0.2400,5.00,no
2026-10-10T19:19:56.695664Z,0.2000,21.65,no
2026-10-10T19:19:57.081539Z,0.2400,6.96,yes
2026-10-10T19:19:57.292037Z,0.2200,4.71,no
2026-10-10T19:19:57.684596Z,0.2500,9.07,yes
2026-10-10T19:19:57.684596Z,0.2500,25.00,yes
2026-10-10T19:19:57.684596Z,0.2500,14.00,yes
2026-10-10T19:19:57.684596Z,0.2500,20.00,yes
2026-10-10T19:19:57.684596Z,0.2400,5.00,yes
2026-10-10T19:19:57.684596Z,0.2500,1.00,yes
2026-10-10T19:19:57.684596Z,0.2400,1.00,yes
2026-10-10T19:19:57.74245Z,0.2500,56.21,yes
2026-10-10T19:19:57.74245Z,0.2500,15.00,yes
2026-10-10T19:19:58.571191Z,0.1500,25.00,no
2026-10-10T19:19:58.571191Z,0.1500,250.00,no
2026-10-10T19:19:58.571191Z,0.2100,50.79,no
2026-10-10T19:19:58.571191Z,0.2100,25.00,no
2026-10-10T19:19:58.571191Z,0.2000,20.00,no
2026-10-10T19:19:58.571191Z,0.2000,11.06,no
2026-10-10T19:19:58.571191Z,0.2300,14.00,no
2026-10-10T19:19:58.571191Z,0.1600,57.88,no
2026-10-10T19:19:58.571191Z,0.1500,65.00,no
2026-10-10T19:19:58.571191Z,0.1700,50.00,no
2026-10-10T19:19:58.571191Z,0.1500,265.00,no
2026-10-10T19:19:58.571191Z,0.1700,75.00,no
2026-10-10T19:19:58.571191Z,0.1600,55.00,no
2026-10-10T19:19:58.571191Z,0.1800,36.00,no
2026-10-10T19:19:58.571191Z,0.1600,108.00,no
2026-10-10T19:19:58.571191Z,0.1400,339.54,no
2026-10-10T19:19:58.855536Z,0.2400,4.40,yes
2026-10-10T19:19:58.855536Z,0.2400,5.00,yes
2026-10-10T19:19:58.855536Z,0.2300,14.00,yes
2026-10-10T19:19:58.855536Z,0.2400,25.00,yes
2026-10-10T19:19:58.855536Z,0.2300,1.00,yes
2026-10-10T19:19:59.083607Z,0.2400,39.00,yes
2026-10-10T19:19:59.083607Z,0.2400,55.50,yes
2026-10-10T19:19:59.083607Z,0.2400,11.00,yes
2026-10-10T19:19:59.083607Z,0.2400,15.00,yes
2026-10-10T19:19:59.083607Z,0.2400,5.00,yes
2026-10-10T19:19:59.083607Z,0.2400,66.00,yes
2026-10-10T19:19:59.554069Z,0.2300,14.00,no
2026-10-10T19:19:59.554069Z,0.2200,5.00,no
2026-10-10T19:19:59.554069Z,0.2100,33.22,no
2026-10-10T19:19:59.682596Z,0.2200,3.95,yes
2026-10-10T19:20:00.122454Z,0.2200,12.93,yes
2026-10-10T19:20:00.148854Z,0.2200,31.44,yes
2026-10-10T19:20:00.148854Z,0.2200,8.12,yes
2026-10-10T19:20:00.629194Z,0.2000,0.01,yes
2026-10-10T19:20:00.629194Z,0.2200,4.30,yes
2026-10-10T19:20:00.794994Z,0.2200,8.11,yes
2026-10-10T19:20:00.855128Z,0.2200,21.51,yes
2026-10-10T19:20:00.886321Z,0.2200,21.51,yes
2026-10-10T19:20:00.972909Z,0.2200,34.93,yes
2026-10-10T19:20:00.972909Z,0.2200,8.13,yes
2026-10-10T19:20:01.074296Z,0.1900,0.12,no
2026-10-10T19:20:01.074296Z,0.1900,56.21,no
2026-10-10T19:20:01.166714Z,0.2100,15.00,yes
2026-10-10T19:20:01.166714Z,0.2100,25.00,yes
2026-10-10T19:20:01.166714Z,0.2200,8.11,yes
2026-10-10T19:20:01.166714Z,0.2200,21.51,yes
2026-10-10T19:20:01.166714Z,0.2200,8.13,yes
2026-10-10T19:20:01.166714Z,0.2200,15.00,yes
2026-10-10T19:20:01.166714Z,0.2200,31.44,yes
2026-10-10T19:20:01.166714Z,0.2200,4.30,yes
2026-10-10T19:20:01.166714Z,0.2200,21.51,yes
2026-10-10T19:20:01.166714Z,0.2300,51.12,yes
2026-10-10T19:20:01.166714Z,0.2100,10.07,yes
2026-10-10T19:20:01.2863Z,0.2200,21.55,yes
2026-10-10T19:20:01.310164Z,0.2200,8.44,yes
2026-10-10T19:20:01.310164Z,0.2200,34.66,yes
2026-10-10T19:20:01.876916Z,0.1700,26.00,no
2026-10-10T19:20:01.876916Z,0.1800,56.21,no
2026-10-10T19:20:01.876916Z,0.1800,309.00,no
2026-10-10T19:20:01.876916Z,0.2000,2.66,no
2026-10-10T19:20:01.876916Z,0.1600,354.00,no
2026-10-10T19:20:01.876916Z,0.1800,66.00,no
2026-10-10T19:20:01.876916Z,0.1900,44.00,no
2026-10-10T19:20:01.887251Z,0.2200,5.00,yes
2026-10-10T19:20:01.887251Z,0.2200,15.55,yes
2026-10-10T19:20:01.887251Z,0.2200,1.00,yes
2026-10-10T19:20:01.932183Z,0.2000,1.03,no
2026-10-10T19:20:02.134133Z,0.1800,10.00,yes
2026-10-10T19:20:02.135486Z,0.1800,14.00,yes
2026-10-10T19:20:02.320714Z,0.1700,26.00,yes
2026-10-10T19:20:02.320714Z,0.1700,3.35,yes
2026-10-10T19:20:02.376046Z,0.1800,40.52,yes
2026-10-10T19:20:02.376046Z,0.1700,14.00,yes
2026-10-10T19:20:02.376046Z,0.1700,10.00,yes
2026-10-10T19:20:02.380741Z,0.1800,24.15,yes
2026-10-10T19:20:03.086778Z,0.1800,5.25,yes
2026-10-10T19:20:03.101483Z,0.1500,8.78,no
2026-10-10T19:20:03.101483Z,0.1600,16.00,no
2026-10-10T19:20:03.101483Z,0.1600,12.00,no
2026-10-10T19:20:03.101483Z,0.1600,5.00,no
2026-10-10T19:20:03.24922Z,0.1700,0.04,yes
2026-10-10T19:20:03.296796Z,0.1700,26.96,yes
2026-10-10T19:20:03.296796Z,0.1700,5.00,yes
2026-10-10T19:20:03.296796Z,0.1700,83.45,yes
2026-10-10T19:20:03.450758Z,0.1900,32.21,yes
2026-10-10T19:20:03.450758Z,0.1700,5.00,yes
2026-10-10T19:20:03.450758Z,0.1900,63.50,yes
2026-10-10T19:20:04.063984Z,0.1900,2.00,yes
2026-10-10T19:20:04.063984Z,0.1900,10.00,yes
2026-10-10T19:20:04.063984Z,0.1900,14.00,yes
2026-10-10T19:20:04.063984Z,0.2000,4.75,yes
2026-10-10T19:20:04.063984Z,0.2000,17.00,yes
2026-10-10T19:20:04.12869Z,0.1700,10.44,no
2026-10-10T19:20:04.649404Z,0.1800,1.64,no
2026-10-10T19:20:04.70436Z,0.1900,12.78,yes
2026-10-10T19:20:04.757529Z,0.1900,14.85,yes
2026-10-10T19:20:04.941222Z,0.1800,105.95,no
2026-10-10T19:20:04.941222Z,0.1800,3.36,no
2026-10-10T19:20:05.226586Z,0.1900,88.09,yes
2026-10-10T19:20:05.241897Z,0.1900,49.80,yes
2026-10-10T19:20:05.284142Z,0.1900,24.90,yes
2026-10-10T19:20:05.320414Z,0.1900,24.90,yes
2026-10-10T19:20:05.365774Z,0.1900,49.80,yes
2026-10-10T19:20:05.369432Z,0.1900,88.09,yes
2026-10-10T19:20:05.634342Z,0.1900,49.80,yes
2026-10-10T19:20:05.698076Z,0.1900,14.94,yes
2026-10-10T19:20:05.710793Z,0.1800,87.45,no
2026-10-10T19:20:05.737026Z,0.1900,0.04,yes
2026-10-10T19:20:05.738026Z,0.1800,12.93,no
2026-10-10T19:20:05.839224Z,0.1900,72.01,yes
2026-10-10T19:20:05.839224Z,0.1900,226.83,yes
2026-10-10T19:20:05.976393Z,0.1900,49.80,yes
2026-10-10T19:20:06.212246Z,0.1900,74.71,yes
2026-10-10T19:20:06.227907Z,0.1900,4.98,yes
2026-10-10T19:20:06.297207Z,0.1900,4.98,yes
2026-10-10T19:20:06.399795Z,0.1900,490.00,yes
2026-10-10T19:20:06.399795Z,0.1900,128.70,yes
2026-10-10T19:20:06.399795Z,0.1900,136.48,yes
2026-10-10T19:20:06.399795Z,0.1900,490.00,yes
2026-10-10T19:20:06.48974Z,0.1900,24.90,yes
2026-10-10T19:20:06.519071Z,0.1900,199.22,yes
2026-10-10T19:20:06.756795Z,0.1900,49.80,yes
2026-10-10T19:20:06.802283Z,0.1900,99.61,yes
2026-10-10T19:20:06.880213Z,0.1900,24.90,yes
2026-10-10T19:20:06.926613Z,0.1900,49.80,yes
2026-10-10T19:20:07.015159Z,0.1900,74.71,yes
2026-10-10T19:20:07.44431Z,0.1900,249.00,yes
2026-10-10T19:20:07.494481Z,0.1900,49.80,yes
2026-10-10T19:20:07.516335Z,0.1900,1.99,yes
2026-10-10T19:20:07.531592Z,0.1900,4.98,yes
2026-10-10T19:20:07.593547Z,0.1900,6.12,yes
2026-10-10T19:20:07.748381Z,0.1900,14.94,yes
2026-10-10T19:20:07.835231Z,0.1900,24.90,yes
2026-10-10T19:20:07.840936Z,0.1900,25.45,yes
2026-10-10T19:20:07.879808Z,0.1900,48.56,yes
2026-10-10T19:20:07.906364Z,0.1900,9.96,yes
2026-10-10T19:20:08.015585Z,0.1900,74.71,yes
2026-10-10T19:20:08.078368Z,0.1900,24.90,yes
2026-10-10T19:20:08.106543Z,0.1900,119.00,yes
2026-10-10T19:20:08.125788Z,0.1800,2.19,no
2026-10-10T19:20:08.175935Z,0.1900,107.71,yes
2026-10-10T19:20:08.294638Z,0.1900,9.96,yes
2026-10-10T19:20:08.427158Z,0.1900,99.61,yes
2026-10-10T19:20:08.441456Z,0.1900,90.99,yes
2026-10-10T19:20:08.441456Z,0.1900,333.35,yes
2026-10-10T19:20:08.540552Z,0.1900,4.98,yes
2026-10-10T19:20:08.541077Z,0.1900,9.96,yes
2026-10-10T19:20:08.690304Z,0.1900,24.90,yes
2026-10-10T19:20:08.817743Z,0.1900,24.90,yes
2026-10-10T19:20:08.880144Z,0.1900,17.61,yes
2026-10-10T19:20:08.897306Z,0.1900,249.03,yes
2026-10-10T19:20:08.954342Z,0.1900,124.51,yes
2026-10-10T19:20:09.021712Z,0.1800,158.60,no
2026-10-10T19:20:09.102745Z,0.1900,24.90,yes
2026-10-10T19:20:09.15878Z,0.1900,49.80,yes
2026-10-10T19:20:09.186544Z,0.1800,0.33,no
2026-10-10T19:20:09.324366Z,0.1800,33.14,no
2026-10-10T19:20:09.404113Z,0.1900,99.61,yes
2026-10-10T19:20:09.507995Z,0.1900,498.07,yes
2026-10-10T19:20:09.656816Z,0.1900,55.47,yes
2026-10-10T19:20:09.656816Z,0.1900,7.00,yes
2026-10-10T19:20:09.656816Z,0.1900,400.00,yes
2026-10-10T19:20:09.744423Z,0.2000,12.00,yes
2026-10-10T19:20:09.744423Z,0.2000,24.00,yes
2026-10-10T19:20:10.112773Z,0.1900,24.08,no
2026-10-10T19:20:10.56091Z,0.2000,9.46,yes
2026-10-10T19:20:10.601936Z,0.2000,4.73,yes
2026-10-10T19:20:10.798085Z,0.2000,23.67,yes
2026-10-10T19:20:10.987141Z,0.2000,97.19,yes
2026-10-10T19:20:11.050506Z,0.1900,39.04,no
2026-10-10T19:20:11.05774Z,0.2000,330.63,yes
2026-10-10T19:20:11.062654Z,0.2000,22.00,yes
2026-10-10T19:20:11.3918Z,0.2000,23.67,yes
2026-10-10T19:20:11.626194Z,0.2000,35.00,yes
2026-10-10T19:20:12.128871Z,0.1900,54.01,no
2026-10-10T19:20:12.146578Z,0.2000,129.30,yes
2026-10-10T19:20:12.644467Z,0.2000,17.61,yes
2026-10-10T19:20:12.6586Z,0.2000,146.26,yes
2026-10-10T19:20:12.699166Z,0.2000,18.93,yes
2026-10-10T19:20:12.889625Z,0.2000,23.67,yes
2026-10-10T19:20:13.128721Z,0.1900,4023.00,no
2026-10-10T19:20:13.128721Z,0.1900,984.43,no
2026-10-10T19:20:13.128721Z,0.1900,2915.00,no
2026-10-10T19:20:13.128721Z,0.1900,100.00,no
2026-10-10T19:20:13.128721Z,0.1900,100.00,no
2026-10-10T19:20:13.128721Z,0.1900,525.73,no
2026-10-10T19:20:13.128721Z,0.1900,1233.00,no
2026-10-10T19:20:13.128721Z,0.1900,2236.00,no
2026-10-10T19:20:13.128721Z,0.1900,2236.00,no
2026-10-10T19:20:13.128721Z,0.1900,2236.00,no
2026-10-10T19:20:13.128721Z,0.1900,1674.00,no
2026-10-10T19:20:13.128721Z,0.1900,2236.00,no
2026-10-10T19:20:13.128721Z,0.1900,4674.00,no
2026-10-10T19:20:13.128721Z,0.1900,55.47,no
2026-10-10T19:20:13.128721Z,0.1900,160.40,no
2026-10-10T19:20:13.198645Z,0.2000,47.34,yes
2026-10-10T19:20:13.207445Z,0.2000,47.34,yes
2026-10-10T19:20:13.239779Z,0.2000,23.67,yes
2026-10-10T19:20:13.345452Z,0.2000,6.48,yes
2026-10-10T19:20:13.673613Z,0.2000,9.46,yes
2026-10-10T19:20:13.850683Z,0.2000,9.46,yes
2026-10-10T19:20:14.064614Z,0.2000,1.46,yes
2026-10-10T19:20:14.064614Z,0.2000,1.00,yes
2026-10-10T19:20:14.064614Z,0.2000,2.00,yes
2026-10-10T19:20:14.064614Z,0.2000,1.00,yes
2026-10-10T19:20:14.064614Z,0.2000,3.00,yes
2026-10-10T19:20:14.064614Z,0.2000,1.00,yes
2026-10-10T19:20:14.071662Z,0.2000,26.46,yes
2026-10-10T19:20:14.134712Z,0.2000,4.56,yes
2026-10-10T19:20:14.134712Z,0.2000,55.86,yes
2026-10-10T19:20:14.134712Z,0.2000,134.58,yes
2026-10-10T19:20:14.276511Z,0.2000,125.00,yes
2026-10-10T19:20:14.28213Z,0.2000,47.34,yes
2026-10-10T19:20:14.369424Z,0.2000,23.67,yes
2026-10-10T19:20:14.382607Z,0.2000,47.34,yes
2026-10-10T19:20:14.439353Z,0.2000,94.69,yes
2026-10-10T19:20:14.478405Z,0.2000,9.46,yes
2026-10-10T19:20:14.860465Z,0.2000,28.40,yes
2026-10-10T19:20:14.982555Z,0.2000,130.00,yes
2026-10-10T19:20:15.034164Z,0.2000,42.61,yes
2026-10-10T19:20:15.214029Z,0.2000,66.28,yes
2026-10-10T19:20:15.249551Z,0.2000,215.50,yes
2026-10-10T19:20:15.312277Z,0.2000,18.93,yes
2026-10-10T19:20:15.330488Z,0.2000,3.36,yes
2026-10-10T19:20:15.345964Z,0.2000,11.83,yes
2026-10-10T19:20:15.969854Z,0.2000,23.67,yes
2026-10-10T19:20:16.054839Z,0.2000,23.67,yes
2026-10-10T19:20:16.123675Z,0.2000,47.34,yes
2026-10-10T19:20:16.138601Z,0.2000,47.34,yes
2026-10-10T19:20:16.15537Z,0.2000,193.65,yes
2026-10-10T19:20:16.329636Z,0.2000,43.00,yes
2026-10-10T19:20:16.528415Z,0.1900,55.86,no
2026-10-10T19:20:16.528415Z,0.1900,2944.14,no
2026-10-10T19:20:16.638506Z,0.2000,1.42,yes
2026-10-10T19:20:16.703283Z,0.2000,47.34,yes
2026-10-10T19:20:16.705099Z,0.2000,227.00,yes
2026-10-10T19:20:16.814636Z,0.2000,23.67,yes
2026-10-10T19:20:16.951327Z,0.2000,121.11,yes
2026-10-10T19:20:17.084474Z,0.2000,94.69,yes
2026-10-10T19:20:17.739159Z,0.2000,94.69,yes
2026-10-10T19:20:17.739165Z,0.1900,14.80,no
2026-10-10T19:20:17.997379Z,0.1900,0.52,no
2026-10-10T19:20:18.698694Z,0.2100,13.53,yes
2026-10-10T19:20:18.788022Z,0.2000,1.88,no
2026-10-10T19:20:19.135425Z,0.2000,7.73,no
2026-10-10T19:20:19.306531Z,0.2100,40.00,yes
2026-10-10T19:20:19.306531Z,0.2300,162.92,yes
2026-10-10T19:20:19.306531Z,0.2200,31.00,yes
2026-10-10T19:20:19.306531Z,0.2200,80.00,yes
2026-10-10T19:20:19.306531Z,0.2200,54.79,yes
2026-10-10T19:20:19.306531Z,0.2200,20.00,yes
2026-10-10T19:20:19.306531Z,0.2300,4.00,yes
2026-10-10T19:20:19.306531Z,0.2100,6.47,yes
2026-10-10T19:20:19.306531Z,0.2300,11.00,yes
2026-10-10T19:20:19.306531Z,0.2300,3.00,yes
2026-10-10T19:20:19.306531Z,0.2100,0.01,yes
2026-10-10T19:20:19.306531Z,0.2300,1.00,yes
2026-10-10T19:20:19.306531Z,0.2200,2.00,yes
2026-10-10T19:20:19.306531Z,0.2100,5.00,yes
2026-10-10T19:20:19.306531Z,0.2300,2.00,yes
2026-10-10T19:20:19.306531Z,0.2200,1.00,yes
2026-10-10T19:20:19.881986Z,0.2400,1.00,yes
2026-10-10T19:20:19.881986Z,0.2400,9.97,yes
2026-10-10T19:20:19.881986Z,0.2200,5.00,yes
2026-10-10T19:20:19.881986Z,0.2400,10.00,yes
2026-10-10T19:20:19.881986Z,0.2400,1.00,yes
2026-10-10T19:20:19.881986Z,0.2400,2.00,yes
2026-10-10T19:20:19.881986Z,0.2400,7.00,yes
2026-10-10T19:20:19.881986Z,0.2400,1.00,yes
2026-10-10T19:20:19.881986Z,0.2400,1.00,yes
2026-10-10T19:20:19.881986Z,0.2400,2.00,yes
2026-10-10T19:20:20.44899Z,0.2400,1.01,yes
2026-10-10T19:20:20.44899Z,0.2400,14.36,yes
2026-10-10T19:20:20.539591Z,0.2100,11.00,no
2026-10-10T19:20:20.539591Z,0.2100,68.33,no
2026-10-10T19:20:20.539591Z,0.2100,98.00,no
2026-10-10T19:20:20.539591Z,0.2200,45.18,no
2026-10-10T19:20:20.697232Z,0.2400,1.95,yes
2026-10-10T19:20:20.697232Z,0.2400,14.00,yes
2026-10-10T19:20:20.697232Z,0.2400,60.00,yes
2026-10-10T19:20:20.782099Z,0.2400,3.43,yes
2026-10-10T19:20:20.782099Z,0.2400,3.05,yes
2026-10-10T19:20:20.859638Z,0.2400,19.17,yes
2026-10-10T19:20:20.971158Z,0.2400,36.00,yes
2026-10-10T19:20:20.971158Z,0.2400,63.40,yes
2026-10-10T19:20:20.971158Z,0.2500,15.00,yes
2026-10-10T19:20:20.971158Z,0.2500,2.16,yes
2026-10-10T19:20:20.971158Z,0.2500,1.00,yes
2026-10-10T19:20:21.007655Z,0.2400,19.00,yes
2026-10-10T19:20:21.093919Z,0.2400,39.56,yes
2026-10-10T19:20:21.1029Z,0.2600,2.00,yes
2026-10-10T19:20:21.1029Z,0.2500,2.00,yes
2026-10-10T19:20:21.1029Z,0.2600,21.00,yes
2026-10-10T19:20:21.1029Z,0.2500,44.82,yes
2026-10-10T19:20:21.1029Z,0.2500,7.00,yes
2026-10-10T19:20:21.1029Z,0.2500,75.00,yes
2026-10-10T19:20:21.1029Z,0.2600,46.00,yes
2026-10-10T19:20:21.1029Z,0.2600,4.55,yes
2026-10-10T19:20:21.1029Z,0.2600,51.99,yes
2026-10-10T19:20:21.1029Z,0.2400,59.44,yes
2026-10-10T19:20:21.1029Z,0.2600,4.00,yes
2026-10-10T19:20:21.1029Z,0.2500,2.84,yes
2026-10-10T19:20:21.1029Z,0.2600,6.00,yes
2026-10-10T19:20:21.1029Z,0.2600,3.00,yes
2026-10-10T19:20:21.1029Z,0.2600,1.00,yes
2026-10-10T19:20:21.1029Z,0.2600,4.00,yes
2026-10-10T19:20:21.215839Z,0.3800,70.00,yes
2026-10-10T19:20:21.215839Z,0.3300,60.00,yes
2026-10-10T19:20:21.215839Z,0.4500,120.00,yes
2026-10-10T19:20:21.215839Z,0.2800,5.00,yes
2026-10-10T19:20:21.215839Z,0.2700,4.00,yes
2026-10-10T19:20:21.215839Z,0.2900,1.00,yes
2026-10-10T19:20:21.215839Z,0.4900,193.00,yes
2026-10-10T19:20:21.215839Z,0.2700,52.00,yes
2026-10-10T19:20:21.215839Z,0.3000,20.00,yes
2026-10-10T19:20:21.215839Z,0.3200,1050.00,yes
2026-10-10T19:20:21.215839Z,0.3100,250.00,yes
2026-10-10T19:20:21.215839Z,0.3100,1.00,yes
2026-10-10T19:20:21.215839Z,0.4800,15.00,yes
2026-10-10T19:20:21.215839Z,0.4700,20.00,yes
2026-10-10T19:20:21.215839Z,0.2700,1000.00,yes
2026-10-10T19:20:21.215839Z,0.2600,13.50,yes
2026-10-10T19:20:21.215839Z,0.2800,442.00,yes
2026-10-10T19:20:21.215839Z,0.2600,91.00,yes
2026-10-10T19:20:21.215839Z,0.3100,128.61,yes
2026-10-10T19:20:21.215839Z,0.2600,15.00,yes
2026-10-10T19:20:21.215839Z,0.2500,45.00,yes
2026-10-10T19:20:21.215839Z,0.2700,7.00,yes
2026-10-10T19:20:21.215839Z,0.2500,15.00,yes
2026-10-10T19:20:21.215839Z,0.2600,84.00,yes
2026-10-10T19:20:21.215839Z,0.2500,54.79,yes
2026-10-10T19:20:21.215839Z,0.3000,0.01,yes
2026-10-10T19:20:21.215839Z,0.2800,0.01,yes
2026-10-10T19:20:21.215839Z,0.2900,0.01,yes
2026-10-10T19:20:21.215839Z,0.3600,3.95,yes
2026-10-10T19:20:21.215839Z,0.3400,125.00,yes
2026-10-10T19:20:21.215839Z,0.3300,20.00,yes
2026-10-10T19:20:21.215839Z,0.2800,0.01,yes
2026-10-10T19:20:21.215839Z,0.3200,0.01,yes
2026-10-10T19:20:21.215839Z,0.2800,2.00,yes
2026-10-10T19:20:21.215839Z,0.2700,10.00,yes
2026-10-10T19:20:21.215839Z,0.2700,3.00,yes
2026-10-10T19:20:21.215839Z,0.2800,6.00,yes
2026-10-10T19:20:21.215839Z,0.2800,3.00,yes
2026-10-10T19:20:21.215839Z,0.2700,3.00,yes
2026-10-10T19:20:21.215839Z,0.2700,3.00,yes
2026-10-10T19:20:21.215839Z,0.2700,2.00,yes
2026-10-10T19:20:21.215839Z,0.2900,3.00,yes
2026-10-10T19:20:21.215839Z,0.2800,2.00,yes
2026-10-10T19:20:21.215839Z,0.2900,1.00,yes
2026-10-10T19:20:21.215839Z,0.5000,1739.52,yes
2026-10-10T19:20:21.215839Z,0.4600,45.12,yes
2026-10-10T19:20:21.215839Z,0.3100,7.00,yes
2026-10-10T19:20:21.215839Z,0.3700,22.56,yes
2026-10-10T19:20:21.215839Z,0.4700,2.15,yes
2026-10-10T19:20:21.215839Z,0.3000,10.00,yes
2026-10-10T19:20:21.215839Z,0.3500,4.67,yes
2026-10-10T19:20:21.215839Z,0.4500,44.00,yes
2026-10-10T19:20:21.215839Z,0.3800,24.00,yes
2026-10-10T19:20:21.215839Z,0.3000,32.00,yes
2026-10-10T19:20:21.215839Z,0.3500,35.00,yes
2026-10-10T19:20:21.215839Z,0.5000,105.00,yes
2026-10-10T19:20:21.215839Z,0.5000,40.00,yes
2026-10-10T19:20:21.215839Z,0.3300,140.00,yes
2026-10-10T19:20:21.215839Z,0.4500,18.87,yes
2026-10-10T19:20:21.215839Z,0.4200,1.53,yes
2026-10-10T19:20:21.215839Z,0.4500,35.23,yes
2026-10-10T19:20:21.215839Z,0.4100,76.00,yes
2026-10-10T19:20:21.215839Z,0.3600,50.00,yes
2026-10-10T19:20:21.215839Z,0.4600,100.00,yes
2026-10-10T19:20:21.215839Z,0.4100,78.49,yes
2026-10-10T19:20:21.215839Z,0.5000,18.75,yes
2026-10-10T19:20:21.215839Z,0.5000,40.00,yes
2026-10-10T19:20:21.698459Z,0.2800,10.00,yes
2026-10-10T19:20:21.698459Z,0.2900,7.00,yes
2026-10-10T19:20:21.698459Z,0.3000,9.36,yes
2026-10-10T19:20:21.698459Z,0.2900,19.00,yes
2026-10-10T19:20:21.698459Z,0.3000,5.00,yes
2026-10-10T19:20:21.931656Z,0.2800,55.13,no
2026-10-10T19:20:21.931656Z,0.2200,14.10,no
2026-10-10T19:20:21.931656Z,0.2700,14.00,no
2026-10-10T19:20:21.931656Z,0.2800,36.00,no
2026-10-10T19:20:21.931656Z,0.2300,15.00,no
2026-10-10T19:20:21.931656Z,0.2400,136.00,no
2026-10-10T19:20:21.931656Z,0.2300,25.00,no
2026-10-10T19:20:21.931656Z,0.2300,1.00,no
2026-10-10T19:20:21.931656Z,0.2800,13.00,no
2026-10-10T19:20:21.931656Z,0.2600,100.00,no
2026-10-10T19:20:21.931656Z,0.2300,250.00,no
2026-10-10T19:20:21.931656Z,0.2500,54.00,no
2026-10-10T19:20:21.931656Z,0.2200,112.00,no
2026-10-10T19:20:22.17831Z,0.2800,26.84,yes
2026-10-10T19:20:22.206899Z,0.2400,55.13,no
2026-10-10T19:20:22.206899Z,0.2200,130.00,no
2026-10-10T19:20:22.206899Z,0.2400,15.00,no
2026-10-10T19:20:22.206899Z,0.2200,2.00,no
2026-10-10T19:20:22.206899Z,0.2500,5.00,no
2026-10-10T19:20:22.206899Z,0.2100,76.00,no
2026-10-10T19:20:22.206899Z,0.2200,20.00,no
2026-10-10T19:20:22.206899Z,0.2500,16.00,no
2026-10-10T19:20:22.206899Z,0.2100,43.75,no
2026-10-10T19:20:22.220897Z,0.2100,60.00,yes
2026-10-10T19:20:22.382295Z,0.2100,8.65,yes
2026-10-10T19:20:22.411178Z,0.2100,14.91,yes
2026-10-10T19:20:22.952904Z,0.2100,22.56,yes
2026-10-10T19:20:23.01448Z,0.2100,18.81,yes
2026-10-10T19:20:23.066166Z,0.2100,4.51,yes
2026-10-10T19:20:23.099339Z,0.2100,225.61,yes
2026-10-10T19:20:23.276028Z,0.2000,1000.00,no
2026-10-10T19:20:23.335154Z,0.2000,21.37,yes
2026-10-10T19:20:23.335154Z,0.2000,14.00,yes
2026-10-10T19:20:23.335154Z,0.2000,86.00,yes
2026-10-10T19:20:23.335154Z,0.1900,14.00,yes
2026-10-10T19:20:23.379863Z,0.1800,26.00,yes
2026-10-10T19:20:23.379863Z,0.1900,99.00,yes
2026-10-10T19:20:23.379863Z,0.2000,93.00,yes
2026-10-10T19:20:23.379863Z,0.1900,21.00,yes
2026-10-10T19:20:23.379863Z,0.2100,144.64,yes
2026-10-10T19:20:23.379863Z,0.2000,18.59,yes
2026-10-10T19:20:23.379863Z,0.1900,49.00,yes
2026-10-10T19:20:23.383106Z,0.2100,4.51,yes
2026-10-10T19:20:23.534807Z,0.1900,50.35,yes
2026-10-10T19:20:23.676497Z,0.1900,48.65,yes
2026-10-10T19:20:23.676497Z,0.1900,47.38,yes
2026-10-10T19:20:23.738748Z,0.1900,5.94,yes
2026-10-10T19:20:23.738748Z,0.1900,1.62,yes
2026-10-10T19:20:23.738748Z,0.1900,15.00,yes
2026-10-10T19:20:24.125247Z,0.1800,34.86,yes
2026-10-10T19:20:24.369251Z,0.1800,13.53,yes
2026-10-10T19:20:24.403685Z,0.1800,2.36,yes
2026-10-10T19:20:24.472216Z,0.1800,78.80,yes
2026-10-10T19:20:24.691069Z,0.1800,10.16,yes
2026-10-10T19:20:24.760596Z,0.1800,94.69,yes
2026-10-10T19:20:24.966523Z,0.1800,5.22,yes
2026-10-10T19:20:25.008023Z,0.1800,14.00,yes
2026-10-10T19:20:25.215769Z,0.1600,91.00,no
2026-10-10T19:20:25.215769Z,0.1600,930.14,no
2026-10-10T19:20:25.215769Z,0.1500,1824.69,no
2026-10-10T19:20:25.215769Z,0.1700,1.01,no
2026-10-10T19:20:25.215769Z,0.1500,6.00,no
2026-10-10T19:20:25.215769Z,0.1700,5.00,no
2026-10-10T19:20:25.215769Z,0.1700,54.79,no
2026-10-10T19:20:25.215769Z,0.1600,50.00,no
2026-10-10T19:20:25.215769Z,0.1600,1.00,no
2026-10-10T19:20:25.223131Z,0.1800,18.30,yes
2026-10-10T19:20:25.23061Z,0.1800,26.26,yes
2026-10-10T19:20:25.52458Z,0.1700,26.26,yes
2026-10-10T19:20:25.576126Z,0.1700,246.00,yes
2026-10-10T19:20:25.576126Z,0.1800,279.39,yes
2026-10-10T19:20:25.727128Z,0.1700,15.00,yes
2026-10-10T19:20:25.727128Z,0.1700,24.00,yes
2026-10-10T19:20:25.727128Z,0.1800,44.33,yes
2026-10-10T19:20:25.858595Z,0.1800,473.79,yes
2026-10-10T19:20:26.001338Z,0.1800,118.37,yes
2026-10-10T19:20:26.251021Z,0.1800,21.01,yes
2026-10-10T19:20:26.251905Z,0.1800,10.50,yes
2026-10-10T19:20:26.311043Z,0.1700,5.25,yes
2026-10-10T19:20:26.319029Z,0.1700,5.55,yes
2026-10-10T19:20:26.367212Z,0.1700,1.31,yes
2026-10-10T19:20:26.688536Z,0.1700,12.00,yes
2026-10-10T19:20:26.688536Z,0.1700,58.00,yes
2026-10-10T19:20:26.688536Z,0.1800,36.80,yes
2026-10-10T19:20:26.937495Z,0.1800,0.95,yes
2026-10-10T19:20:27.317871Z,0.1700,8.28,yes
2026-10-10T19:20:27.639946Z,0.1700,3.00,yes
2026-10-10T19:20:27.639946Z,0.1800,128.51,yes
2026-10-10T19:20:27.794638Z,0.1800,1029.93,yes
2026-10-10T19:20:27.80888Z,0.1700,12.00,no
2026-10-10T19:20:27.842229Z,0.1600,145.34,no
2026-10-10T19:20:27.842229Z,0.1600,73.00,no
2026-10-10T19:20:27.842229Z,0.1600,54.79,no
2026-10-10T19:20:27.842229Z,0.1600,63.87,no
2026-10-10T19:20:27.851002Z,0.1600,599.00,no
2026-10-10T19:20:27.900327Z,0.1600,54.79,no
2026-10-10T19:20:27.900327Z,0.1600,255.66,no
2026-10-10T19:20:27.950234Z,0.1600,11.77,yes
2026-10-10T19:20:28.195706Z,0.1600,155.66,yes
2026-10-10T19:20:28.661535Z,0.1600,30.34,yes
2026-10-10T19:20:28.862703Z,0.1600,8.85,yes
2026-10-10T19:20:28.864576Z,0.1500,77.08,no
2026-10-10T19:20:28.904401Z,0.1500,14.18,no
2026-10-10T19:20:29.02743Z,0.1600,100.00,yes
2026-10-10T19:20:29.034735Z,0.1600,5.50,yes
2026-10-10T19:20:29.155097Z,0.1600,94.69,yes
2026-10-10T19:20:29.225591Z,0.1600,118.64,yes
2026-10-10T19:20:29.30352Z,0.1600,5.90,yes
2026-10-10T19:20:29.541692Z,0.1600,382.52,yes
2026-10-10T19:20:29.541692Z,0.1600,1093.20,yes
2026-10-10T19:20:29.547488Z,0.1600,29.51,yes
2026-10-10T19:20:29.557295Z,0.1600,11.80,yes
2026-10-10T19:20:29.580406Z,0.1600,17.53,yes
2026-10-10T19:20:30.130856Z,0.1600,88.54,yes
2026-10-10T19:20:30.163014Z,0.1600,23.61,yes
2026-10-10T19:20:30.291245Z,0.1600,47.22,yes
2026-10-10T19:20:30.484145Z,0.1600,26.44,yes
2026-10-10T19:20:30.673619Z,0.1600,59.02,yes
2026-10-10T19:20:30.69263Z,0.1600,5.90,yes
2026-10-10T19:20:30.742852Z,0.1600,118.37,yes
2026-10-10T19:20:30.963417Z,0.1600,35.24,yes
2026-10-10T19:20:31.200653Z,0.1600,29.51,yes
2026-10-10T19:20:31.263255Z,0.1600,11.80,yes
2026-10-10T19:20:31.306641Z,0.1600,5.90,yes
2026-10-10T19:20:31.323627Z,0.1600,11.80,yes
2026-10-10T19:20:31.328633Z,0.1600,26.26,yes
2026-10-10T19:20:31.638561Z,0.1600,788.09,yes
2026-10-10T19:20:31.761169Z,0.1500,54.46,no
2026-10-10T19:20:31.761169Z,0.1500,50.00,no
2026-10-10T19:20:31.85417Z,0.1500,55.55,yes
2026-10-10T19:20:31.862368Z,0.1500,2450.00,yes
2026-10-10T19:20:31.862368Z,0.1500,2450.00,yes
2026-10-10T19:20:31.862368Z,0.1500,2289.99,yes
2026-10-10T19:20:31.862368Z,0.1500,2450.00,yes
2026-10-10T19:20:31.862368Z,0.1500,1541.71,yes
2026-10-10T19:20:31.862368Z,0.1500,2450.00,yes
2026-10-10T19:20:31.862368Z,0.1500,2450.00,yes
2026-10-10T19:20:31.862368Z,0.1500,2450.00,yes
2026-10-10T19:20:31.862368Z,0.1500,2450.00,yes
2026-10-10T19:20:31.862368Z,0.1500,550.60,yes
2026-10-10T19:20:31.874596Z,0.1500,295.14,yes
2026-10-10T19:20:31.882411Z,0.1600,11.80,yes
2026-10-10T19:20:32.200896Z,0.1600,8.91,yes
2026-10-10T19:20:32.20805Z,0.1600,8.61,yes
2026-10-10T19:20:32.542607Z,0.1600,5.90,yes
2026-10-10T19:20:32.559882Z,0.1600,47.34,yes
2026-10-10T19:20:32.650392Z,0.1500,131.00,no
2026-10-10T19:20:32.650392Z,0.1500,54.46,no
2026-10-10T19:20:32.799155Z,0.1400,16.00,no
2026-10-10T19:20:32.933233Z,0.1500,29.51,yes
2026-10-10T19:20:33.238611Z,0.1500,27.86,yes
2026-10-10T19:20:33.388089Z,0.1400,84.46,no
2026-10-10T19:20:33.668473Z,0.1500,12.58,yes
2026-10-10T19:20:33.808809Z,0.1500,31.46,yes
2026-10-10T19:20:34.040891Z,0.1500,31.46,yes
2026-10-10T19:20:34.15531Z,0.1500,0.62,yes
2026-10-10T19:20:34.309764Z,0.1500,157.30,yes
2026-10-10T19:20:34.315537Z,0.1500,62.92,yes
2026-10-10T19:20:34.403875Z,0.1500,31.46,yes
2026-10-10T19:20:34.758168Z,0.1500,31.46,yes
2026-10-10T19:20:35.35537Z,0.1500,17.00,yes
2026-10-10T19:20:35.79615Z,0.1500,6.29,yes
2026-10-10T19:20:36.099994Z,0.1500,94.38,yes
2026-10-10T19:20:36.27677Z,0.1500,147.06,yes
2026-10-10T19:20:36.27677Z,0.1500,10.24,yes
2026-10-10T19:20:36.429021Z,0.1500,31.46,yes
2026-10-10T19:20:36.535578Z,0.1500,56.63,yes
2026-10-10T19:20:36.68909Z,0.1500,494.85,yes
2026-10-10T19:20:36.68909Z,0.1500,730.00,yes
2026-10-10T19:20:36.68909Z,0.1500,348.21,yes
2026-10-10T19:20:36.830178Z,0.1500,31.46,yes
2026-10-10T19:20:36.842215Z,0.1400,71.76,no
2026-10-10T19:20:37.083615Z,0.1500,6.29,yes
2026-10-10T19:20:37.114941Z,0.1400,73.43,no
2026-10-10T19:20:37.27211Z,0.1500,118.05,yes
2026-10-10T19:20:37.29216Z,0.1500,59.02,yes
2026-10-10T19:20:37.493272Z,0.1500,29.51,yes
2026-10-10T19:20:37.714269Z,0.1400,30.94,no
2026-10-10T19:20:38.140499Z,0.1500,48.00,yes
2026-10-10T19:20:38.140499Z,0.1500,1216.00,yes
2026-10-10T19:20:38.140499Z,0.1500,137.46,yes
2026-10-10T19:20:38.140499Z,0.1500,1500.00,yes
2026-10-10T19:20:38.140499Z,0.1500,244.67,yes
2026-10-10T19:20:38.385121Z,0.1500,62.92,yes
2026-10-10T19:20:38.634465Z,0.1500,22.56,yes
2026-10-10T19:20:38.960775Z,0.1500,6.29,yes
2026-10-10T19:20:39.024732Z,0.1500,3.00,yes
2026-10-10T19:20:39.126165Z,0.1500,73.17,yes
2026-10-10T19:20:39.196308Z,0.1500,125.84,yes
2026-10-10T19:20:39.797902Z,0.1500,62.92,yes
2026-10-10T19:20:39.861743Z,0.1500,94.38,yes
2026-10-10T19:20:39.947264Z,0.1500,8.17,yes
2026-10-10T19:20:40.120636Z,0.1500,31.46,yes
2026-10-10T19:20:40.204041Z,0.1500,31.46,yes
2026-10-10T19:20:40.242515Z,0.1500,44.47,yes
2026-10-10T19:20:40.352126Z,0.1400,43.10,no
2026-10-10T19:20:40.598988Z,0.1500,18.69,yes
2026-10-10T19:20:40.598988Z,0.1500,0.01,yes
2026-10-10T19:20:40.598988Z,0.1500,54.79,yes
2026-10-10T19:20:40.598988Z,0.1500,48.00,yes
2026-10-10T19:20:40.598988Z,0.1600,1060.20,yes
2026-10-10T19:20:40.630911Z,0.1500,10.00,no
2026-10-10T19:20:41.348077Z,0.1500,0.80,no
2026-10-10T19:20:41.562344Z,0.1500,43.99,no
2026-10-10T19:20:41.562344Z,0.1500,23.07,no
2026-10-10T19:20:41.661378Z,0.1600,29.51,yes
2026-10-10T19:20:41.675737Z,0.1600,29.51,yes
2026-10-10T19:20:41.87188Z,0.1500,5.07,no
2026-10-10T19:20:41.87188Z,0.1500,5.00,no
2026-10-10T19:20:41.87188Z,0.1500,72.00,no
2026-10-10T19:20:41.87188Z,0.1500,107.93,no
2026-10-10T19:20:41.895851Z,0.1600,82.64,yes
2026-10-10T19:20:42.192364Z,0.1600,59.02,yes
2026-10-10T19:20:42.245932Z,0.1600,11.33,yes
2026-10-10T19:20:42.370405Z,0.1600,8.85,yes
2026-10-10T19:20:42.375595Z,0.1600,5.90,yes
2026-10-10T19:20:42.504387Z,0.1600,59.02,yes
2026-10-10T19:20:42.627974Z,0.1600,41.32,yes
2026-10-10T19:20:42.77234Z,0.1600,29.51,yes
2026-10-10T19:20:42.982321Z,0.1600,4.84,yes
2026-10-10T19:20:43.087596Z,0.1500,2168.00,no
2026-10-10T19:20:43.172043Z,0.1600,17.70,yes
2026-10-10T19:20:43.556259Z,0.1600,295.14,yes
2026-10-10T19:20:44.314258Z,0.1500,190.00,no
2026-10-10T19:20:44.362605Z,0.1600,59.02,yes
2026-10-10T19:20:44.509306Z,0.1600,88.54,yes
2026-10-10T19:20:44.624534Z,0.1600,59.02,yes
2026-10-10T19:20:44.777415Z,0.1600,29.51,yes
2026-10-10T19:20:45.153432Z,0.1600,11.80,yes
2026-10-10T19:20:45.30162Z,0.1600,11.80,yes
2026-10-10T19:20:45.393324Z,0.1600,23.61,yes
2026-10-10T19:20:45.461097Z,0.1600,118.05,yes
2026-10-10T19:20:45.493197Z,0.1600,11.80,yes
2026-10-10T19:20:45.526153Z,0.1500,75.00,no
2026-10-10T19:20:45.560978Z,0.1600,29.51,yes
2026-10-10T19:20:45.92765Z,0.1500,100.63,no
2026-10-10T19:20:46.231366Z,0.1600,2.95,yes
2026-10-10T19:20:46.239453Z,0.1600,59.02,yes
2026-10-10T19:20:46.261079Z,0.1600,13.16,yes
2026-10-10T19:20:46.307074Z,0.1600,27.72,yes
2026-10-10T19:20:46.7478Z,0.1500,190.00,no
2026-10-10T19:20:47.064746Z,0.1600,177.08,yes
2026-10-10T19:20:47.159242Z,0.1500,32.85,no
2026-10-10T19:20:47.179674Z,0.1600,29.51,yes
2026-10-10T19:20:47.324673Z,0.1600,5.90,yes
2026-10-10T19:20:47.401615Z,0.1600,11.80,yes
2026-10-10T19:20:47.892974Z,0.1600,29.51,yes
2026-10-10T19:20:47.95125Z,0.1600,5.90,yes
2026-10-10T19:20:47.965779Z,0.1500,75.00,no
2026-10-10T19:20:47.965988Z,0.1600,5.90,yes
2026-10-10T19:20:48.208726Z,0.1500,52.22,no
2026-10-10T19:20:48.253247Z,0.1600,0.29,yes
2026-10-10T19:20:48.297973Z,0.1600,29.51,yes
2026-10-10T19:20:48.620314Z,0.1500,218.59,no
2026-10-10T19:20:48.620314Z,0.1500,323.35,no
2026-10-10T19:20:48.682636Z,0.1600,7.96,yes
2026-10-10T19:20:48.808895Z,0.1600,14.75,yes
2026-10-10T19:20:48.951732Z,0.1600,11.80,yes
2026-10-10T19:20:49.02388Z,0.1500,390.94,no
2026-10-10T19:20:49.183184Z,0.1500,10.00,no
2026-10-10T19:20:49.24333Z,0.1600,105.07,yes
2026-10-10T19:20:49.259081Z,0.1500,10.24,no
2026-10-10T19:20:49.69324Z,0.1600,88.54,yes
2026-10-10T19:20:50.000094Z,0.1500,9.02,no
2026-10-10T19:20:50.073791Z,0.1500,194.80,no
2026-10-10T19:20:50.073791Z,0.1500,39.45,no
2026-10-10T19:20:50.236438Z,0.1500,85.83,no
2026-10-10T19:20:50.308187Z,0.1600,63.16,yes
2026-10-10T19:20:50.308187Z,0.1600,113.92,yes
2026-10-10T19:20:50.393472Z,0.1500,2.23,no
2026-10-10T19:20:50.4125Z,0.1500,108.14,no
2026-10-10T19:20:50.4125Z,0.1500,37.86,no
2026-10-10T19:20:50.59786Z,0.1600,153.47,yes
2026-10-10T19:20:50.604371Z,0.1600,17.70,yes
2026-10-10T19:20:50.617035Z,0.1600,11.80,yes
2026-10-10T19:20:50.737702Z,0.1600,55.50,yes
2026-10-10T19:20:51.017696Z,0.1600,118.05,yes
2026-10-10T19:20:51.03281Z,0.1600,29.51,yes
2026-10-10T19:20:51.586881Z,0.1600,11.80,yes
2026-10-10T19:20:51.60903Z,0.1600,59.02,yes
2026-10-10T19:20:51.627663Z,0.1500,2028.75,no
2026-10-10T19:20:51.627663Z,0.1500,17.25,no
2026-10-10T19:20:51.627663Z,0.1500,100.00,no
2026-10-10T19:20:52.127451Z,0.1600,5.90,yes
2026-10-10T19:20:52.494833Z,0.1600,29.51,yes
2026-10-10T19:20:52.53961Z,0.1600,59.02,yes
2026-10-10T19:20:52.677183Z,0.1500,117.12,no
2026-10-10T19:20:52.768971Z,0.1600,3.12,yes
2026-10-10T19:20:52.837745Z,0.1600,59.02,yes
2026-10-10T19:20:52.84177Z,0.1500,146.00,no
2026-10-10T19:20:53.02856Z,0.1500,517.20,no
2026-10-10T19:20:53.02856Z,0.1500,1255.13,no
2026-10-10T19:20:53.02856Z,0.1500,4674.00,no
2026-10-10T19:20:53.02856Z,0.1500,5040.00,no
2026-10-10T19:20:53.02856Z,0.1500,783.00,no
2026-10-10T19:20:53.02856Z,0.1500,391.00,no
2026-10-10T19:20:53.02856Z,0.1500,2999.93,no
2026-10-10T19:20:53.41031Z,0.1500,23.84,yes
2026-10-10T19:20:53.603333Z,0.1500,55.47,yes
2026-10-10T19:20:53.603333Z,0.1500,239.28,yes
2026-10-10T19:20:53.603333Z,0.1600,296.44,yes
2026-10-10T19:20:53.603333Z,0.1500,7.00,yes
2026-10-10T19:20:53.665065Z,0.1500,55.47,no
2026-10-10T19:20:53.665065Z,0.1400,337.65,no
2026-10-10T19:20:53.835475Z,0.1500,55.47,no
2026-10-10T19:20:53.835475Z,0.1400,279.84,no
2026-10-10T19:20:54.050982Z,0.1500,55.00,no
2026-10-10T19:20:54.411188Z,0.1600,88.54,yes
2026-10-10T19:20:54.504151Z,0.1600,59.02,yes
2026-10-10T19:20:54.660598Z,0.1500,0.47,no
2026-10-10T19:20:54.660598Z,0.1500,117.90,no
2026-10-10T19:20:54.710001Z,0.1600,5.90,yes
2026-10-10T19:20:54.964409Z,0.1500,615.36,no
2026-10-10T19:20:54.994189Z,0.1500,3.95,no
2026-10-10T19:20:55.264078Z,0.1500,45.21,no
2026-10-10T19:20:55.264078Z,0.1500,45.79,no
2026-10-10T19:20:55.461091Z,0.1600,59.02,yes
2026-10-10T19:20:55.497296Z,0.1500,52.22,no
2026-10-10T19:20:55.619417Z,0.1600,29.51,yes
2026-10-10T19:20:55.675388Z,0.1600,59.02,yes
2026-10-10T19:20:55.692778Z,0.1600,29.51,yes
2026-10-10T19:20:55.766186Z,0.1600,118.05,yes
2026-10-10T19:20:55.884531Z,0.1600,100.34,yes
2026-10-10T19:20:56.058486Z,0.1500,671.47,no
2026-10-10T19:20:56.058486Z,0.1500,56.18,no
2026-10-10T19:20:56.058486Z,0.1500,293.57,no
2026-10-10T19:20:56.329488Z,0.1600,59.02,yes
2026-10-10T19:20:56.479366Z,0.1500,62.53,no
2026-10-10T19:20:56.479366Z,0.1500,55.47,no
2026-10-10T19:20:57.467141Z,0.1600,147.57,yes
2026-10-10T19:20:57.686791Z,0.1600,118.05,yes
2026-10-10T19:20:57.704025Z,0.1600,5.90,yes
2026-10-10T19:20:57.713321Z,0.1500,0.74,no
2026-10-10T19:20:57.769973Z,0.1400,461.54,no
2026-10-10T19:20:57.769973Z,0.1400,67.00,no
2026-10-10T19:20:57.769973Z,0.1400,125.00,no
2026-10-10T19:20:57.769973Z,0.1400,85.00,no
2026-10-10T19:20:57.769973Z,0.1400,573.41,no
2026-10-10T19:20:57.769973Z,0.1400,188.05,no
2026-10-10T19:20:58.145383Z,0.1400,698.57,no
2026-10-10T19:20:58.684018Z,0.1500,31.46,yes
2026-10-10T19:20:58.862767Z,0.1400,65.60,no
2026-10-10T19:20:58.909307Z,0.1400,35.23,no
2026-10-10T19:20:58.964104Z,0.1500,31.46,yes
2026-10-10T19:20:58.990589Z,0.1400,125.00,no
2026-10-10T19:20:59.898362Z,0.1500,1.57,yes
2026-10-10T19:20:59.900409Z,0.1500,63.41,yes
2026-10-10T19:20:59.900409Z,0.1500,54.64,yes
2026-10-10T19:21:00.059171Z,0.1500,62.92,yes
2026-10-10T19:21:00.405076Z,0.1500,56.21,yes
2026-10-10T19:21:00.405076Z,0.1500,1.00,yes
2026-10-10T19:21:00.405076Z,0.1600,2.00,yes
2026-10-10T19:21:00.405076Z,0.1600,2.45,yes
2026-10-10T19:21:00.905241Z,0.1400,12.84,no
2026-10-10T19:21:01.014231Z,0.1400,10.93,no
2026-10-10T19:21:01.036747Z,0.1600,0.01,yes
2026-10-10T19:21:01.036747Z,0.1600,0.55,yes
2026-10-10T19:21:01.036747Z,0.1500,56.21,yes
2026-10-10T19:21:01.036747Z,0.1600,61.28,yes
2026-10-10T19:21:01.123464Z,0.1100,0.01,no
2026-10-10T19:21:01.123464Z,0.1300,1.00,no
2026-10-10T19:21:01.123464Z,0.1200,20.00,no
2026-10-10T19:21:01.123464Z,0.1100,117.99,no
2026-10-10T19:21:01.123464Z,0.1100,21.03,no
2026-10-10T19:21:01.123464Z,0.1200,6.00,no
2026-10-10T19:21:01.123464Z,0.1200,67.72,no
2026-10-10T19:21:01.123464Z,0.1200,83.00,no
2026-10-10T19:21:01.123464Z,0.1100,75.00,no
2026-10-10T19:21:01.123464Z,0.1300,32.44,no
2026-10-10T19:21:01.172963Z,0.1300,5.00,no
2026-10-10T19:21:01.172963Z,0.1200,3.11,no
2026-10-10T19:21:01.458218Z,0.1300,5.00,no
2026-10-10T19:21:01.458218Z,0.1200,6.88,no
2026-10-10T19:21:01.482351Z,0.1100,16.27,no
2026-10-10T19:21:01.482351Z,0.1200,15.00,no
2026-10-10T19:21:01.503495Z,0.1400,14.00,yes
2026-10-10T19:21:01.503495Z,0.1300,24.00,yes
2026-10-10T19:21:01.503495Z,0.1400,50.54,yes
2026-10-10T19:21:01.597745Z,0.1400,33.68,yes
2026-10-10T19:21:01.633354Z,0.1400,75.00,yes
2026-10-10T19:21:01.633354Z,0.1400,11.27,yes
2026-10-10T19:21:01.633354Z,0.1400,31.78,yes
2026-10-10T19:21:01.828829Z,0.1200,14.00,no
2026-10-10T19:21:01.828829Z,0.1200,50.00,no
2026-10-10T19:21:01.828829Z,0.1100,48.54,no
2026-10-10T19:21:01.828829Z,0.1200,4.00,no
2026-10-10T19:21:01.828829Z,0.1100,46.22,no
2026-10-10T19:21:01.828829Z,0.1200,1.00,no
2026-10-10T19:21:01.828829Z,0.1100,0.01,no
2026-10-10T19:21:02.108773Z,0.1400,24.00,yes
2026-10-10T19:21:02.108773Z,0.1400,25.00,yes
2026-10-10T19:21:02.108773Z,0.1400,14.00,yes
2026-10-10T19:21:02.108773Z,0.1500,55.05,yes
2026-10-10T19:21:02.201418Z,0.1000,679.54,no
2026-10-10T19:21:02.201418Z,0.1100,26.18,no
2026-10-10T19:21:02.201418Z,0.1200,14.00,no
2026-10-10T19:21:02.201418Z,0.1100,75.00,no
2026-10-10T19:21:02.201418Z,0.1100,0.01,no
2026-10-10T19:21:02.201418Z,0.1100,56.21,no
2026-10-10T19:21:02.201418Z,0.1200,2.00,no
2026-10-10T19:21:02.201418Z,0.1200,148.00,no
2026-10-10T19:21:02.201418Z,0.1200,35.00,no
2026-10-10T19:21:02.201418Z,0.1000,25.00,no
2026-10-10T19:21:02.397035Z,0.1400,15.00,yes
2026-10-10T19:21:02.397035Z,0.1300,5.00,yes
2026-10-10T19:21:02.397035Z,0.1400,68.54,yes
2026-10-10T19:21:02.427501Z,0.1200,33.40,no
2026-10-10T19:21:02.427501Z,0.1200,16.00,no
2026-10-10T19:21:02.438404Z,0.1200,53.65,no
2026-10-10T19:21:02.504191Z,0.1400,13.47,yes
2026-10-10T19:21:02.708416Z,0.1200,7.23,no
2026-10-10T19:21:02.708416Z,0.1200,60.95,no
2026-10-10T19:21:03.106772Z,0.1400,13.47,yes
2026-10-10T19:21:03.202047Z,0.0900,2.00,no
2026-10-10T19:21:03.202047Z,0.1000,90.36,no
2026-10-10T19:21:03.202047Z,0.1200,293.00,no
2026-10-10T19:21:03.202047Z,0.1000,68.98,no
2026-10-10T19:21:03.202047Z,0.1100,2.00,no
2026-10-10T19:21:03.202047Z,0.1100,56.21,no
2026-10-10T19:21:03.202047Z,0.1000,75.00,no
2026-10-10T19:21:03.202047Z,0.1000,395.00,no
2026-10-10T19:21:03.202047Z,0.1200,12.00,no
2026-10-10T19:21:03.202047Z,0.1100,0.01,no
2026-10-10T19:21:03.202047Z,0.0900,500.00,no
2026-10-10T19:21:03.208378Z,0.0800,140.00,no
2026-10-10T19:21:03.208378Z,0.0800,10.00,no
2026-10-10T19:21:03.326431Z,0.1100,60.78,yes
2026-10-10T19:21:03.371546Z,0.1100,51.22,yes
2026-10-10T19:21:03.371546Z,0.1100,16.15,yes
2026-10-10T19:21:03.538995Z,0.1100,13.47,yes
2026-10-10T19:21:03.866742Z,0.0900,10.00,yes
2026-10-10T19:21:03.898729Z,0.1000,25.78,yes
2026-10-10T19:21:03.898729Z,0.0900,17.00,yes
2026-10-10T19:21:04.064996Z,0.1100,45.38,yes
2026-10-10T19:21:04.064996Z,0.1100,30.43,yes
2026-10-10T19:21:04.064996Z,0.1200,15.00,yes
2026-10-10T19:21:04.064996Z,0.1100,15.00,yes
2026-10-10T19:21:04.064996Z,0.1200,86.66,yes
2026-10-10T19:21:04.064996Z,0.1200,25.00,yes
2026-10-10T19:21:04.064996Z,0.1000,3.32,yes
2026-10-10T19:21:04.064996Z,0.1100,65.03,yes
2026-10-10T19:21:04.110421Z,0.0900,10.00,yes
2026-10-10T19:21:04.167463Z,0.0900,13.41,no
2026-10-10T19:21:04.170926Z,0.1100,39.24,yes
2026-10-10T19:21:04.250675Z,0.1100,12.11,yes
2026-10-10T19:21:04.250675Z,0.1000,5.00,yes
2026-10-10T19:21:04.378957Z,0.0900,12.00,no
2026-10-10T19:21:04.397787Z,0.1000,5.00,yes
2026-10-10T19:21:04.397787Z,0.1000,421.27,yes
2026-10-10T19:21:04.397787Z,0.1000,4.86,yes
2026-10-10T19:21:04.452313Z,0.0800,6.00,no
2026-10-10T19:21:04.452313Z,0.0900,30.80,no
2026-10-10T19:21:04.452313Z,0.0800,152.00,no
2026-10-10T19:21:04.452313Z,0.0900,1.18,no
2026-10-10T19:21:04.452313Z,0.0800,515.11,no
2026-10-10T19:21:04.452313Z,0.0900,83.00,no
2026-10-10T19:21:04.536875Z,0.0900,42.70,yes
2026-10-10T19:21:04.72496Z,0.0800,104.45,no
2026-10-10T19:21:04.768984Z,0.0900,8.93,yes
2026-10-10T19:21:04.91965Z,0.0900,4.58,yes
2026-10-10T19:21:04.91965Z,0.1000,126.81,yes
2026-10-10T19:21:04.92762Z,0.0900,29.50,yes
2026-10-10T19:21:05.033546Z,0.0900,26.71,yes
2026-10-10T19:21:05.033546Z,0.1000,67.36,yes
2026-10-10T19:21:05.390173Z,0.0800,10.69,no
2026-10-10T19:21:05.401936Z,0.0900,20.89,yes
2026-10-10T19:21:05.713827Z,0.0900,20.89,yes
2026-10-10T19:21:06.101356Z,0.0900,1.04,yes
2026-10-10T19:21:06.145534Z,0.0900,19.30,yes
2026-10-10T19:21:06.145534Z,0.0900,13.39,yes
2026-10-10T19:21:06.190722Z,0.0900,5.51,yes
2026-10-10T19:21:06.190722Z,0.0900,24.00,yes
2026-10-10T19:21:06.917494Z,0.0900,11.00,yes
2026-10-10T19:21:06.917494Z,0.0900,19.22,yes
2026-10-10T19:21:06.917494Z,0.0900,22.00,yes
2026-10-10T19:21:06.963823Z,0.0900,5.22,yes
2026-10-10T19:21:06.983824Z,0.0800,58.79,no
2026-10-10T19:21:07.11209Z,0.0900,62.92,yes
2026-10-10T19:21:07.172094Z,0.0800,17.46,no
2026-10-10T19:21:07.269024Z,0.0900,59.02,yes
2026-10-10T19:21:07.458272Z,0.0900,52.22,yes
2026-10-10T19:21:07.495415Z,0.0900,313.37,yes
2026-10-10T19:21:07.500421Z,0.0800,3.36,no
2026-10-10T19:21:07.737106Z,0.0900,52.22,yes
2026-10-10T19:21:07.773687Z,0.0900,31.33,yes
2026-10-10T19:21:08.148294Z,0.0800,731.52,no
2026-10-10T19:21:08.201783Z,0.0800,49.00,no
2026-10-10T19:21:08.324272Z,0.0900,20.89,yes
2026-10-10T19:21:08.54262Z,0.0800,141.84,no
2026-10-10T19:21:08.662401Z,0.0800,3.67,no
2026-10-10T19:21:08.737978Z,0.0900,147.57,yes
2026-10-10T19:21:08.757842Z,0.0800,10.45,no
2026-10-10T19:21:08.922617Z,0.0800,1115.65,no
2026-10-10T19:21:09.365381Z,0.0800,20.89,no
2026-10-10T19:21:09.80712Z,0.0800,60.78,no
2026-10-10T19:21:10.003576Z,0.0900,52.22,yes
2026-10-10T19:21:10.008358Z,0.0900,208.91,yes
2026-10-10T19:21:10.049238Z,0.0900,52.22,yes
2026-10-10T19:21:10.350674Z,0.0800,46.00,no
2026-10-10T19:21:10.363315Z,0.0900,52.22,yes
2026-10-10T19:21:10.845506Z,0.0900,104.45,yes
2026-10-10T19:21:11.213236Z,0.0800,5.57,no
2026-10-10T19:21:11.734213Z,0.0900,52.22,yes
2026-10-10T19:21:11.792923Z,0.0800,1144.02,no
2026-10-10T19:21:11.916733Z,0.0900,104.45,yes
2026-10-10T19:21:12.445429Z,0.0900,15.66,yes
2026-10-10T19:21:12.471901Z,0.0800,278.72,no
2026-10-10T19:21:13.620116Z,0.0900,229.80,yes
2026-10-10T19:21:13.708191Z,0.0900,1044.57,yes
2026-10-10T19:21:13.731335Z,0.0900,20.89,yes
2026-10-10T19:21:13.847488Z,0.0900,20.89,yes
2026-10-10T19:21:13.918006Z,0.0900,271.58,yes
2026-10-10T19:21:14.041695Z,0.0800,47.00,no
2026-10-10T19:21:14.041695Z,0.0800,100.00,no
2026-10-10T19:21:14.041695Z,0.0800,1.11,no
2026-10-10T19:21:14.041695Z,0.0800,1.06,no
2026-10-10T19:21:14.041695Z,0.0800,56.21,no
2026-10-10T19:21:14.091748Z,0.0800,10.00,yes
2026-10-10T19:21:14.326474Z,0.0800,49.90,yes
2026-10-10T19:21:14.41173Z,0.0700,18.50,no
2026-10-10T19:21:14.643077Z,0.0800,48.26,yes
2026-10-10T19:21:15.286563Z,0.0700,13.53,no
2026-10-10T19:21:15.426178Z,0.0700,1044.57,no
2026-10-10T19:21:15.597362Z,0.0800,104.45,yes
2026-10-10T19:21:16.035546Z,0.0800,23.48,yes
2026-10-10T19:21:16.519198Z,0.0700,28.40,no
2026-10-10T19:21:16.785834Z,0.0800,58.71,yes
2026-10-10T19:21:16.888666Z,0.0800,129.18,yes
2026-10-10T19:21:17.199932Z,0.0800,23.48,yes
2026-10-10T19:21:17.471258Z,0.0800,1174.37,yes
2026-10-10T19:21:17.597146Z,0.0800,117.43,yes
2026-10-10T19:21:17.903119Z,0.0800,23.48,yes
2026-10-10T19:21:18.167127Z,0.0700,55.49,no
2026-10-10T19:21:18.167127Z,0.0700,5.00,no
2026-10-10T19:21:18.167127Z,0.0700,47.00,no
2026-10-10T19:21:18.167127Z,0.0700,135.00,no
2026-10-10T19:21:18.167127Z,0.0700,70.00,no
2026-10-10T19:21:18.167127Z,0.0700,1000.00,no
2026-10-10T19:21:18.211225Z,0.0700,305.33,yes
2026-10-10T19:21:18.228428Z,0.0700,117.43,yes
2026-10-10T19:21:18.235079Z,0.0600,375.05,no
2026-10-10T19:21:18.31777Z,0.0700,11.74,yes
2026-10-10T19:21:18.45149Z,0.0700,58.71,yes
2026-10-10T19:21:18.550831Z,0.0700,6.92,yes
2026-10-10T19:21:18.646253Z,0.0600,211.97,no
2026-10-10T19:21:18.775671Z,0.0700,107.30,yes
2026-10-10T19:21:18.832794Z,0.0700,134.12,yes
2026-10-10T19:21:19.006391Z,0.0700,12.60,yes
2026-10-10T19:21:19.070898Z,0.0700,51.90,yes
2026-10-10T19:21:19.211639Z,0.0600,87.47,no
2026-10-10T19:21:19.350869Z,0.0600,5.28,no
2026-10-10T19:21:19.483306Z,0.0600,65.70,no
2026-10-10T19:21:19.485081Z,0.0600,87.93,no
2026-10-10T19:21:19.731754Z,0.0700,174.36,yes
2026-10-10T19:21:19.895778Z,0.0700,104.45,yes
2026-10-10T19:21:19.932003Z,0.0600,23.48,no
2026-10-10T19:21:20.305796Z,0.0700,67.06,yes
2026-10-10T19:21:20.550325Z,0.0700,72.42,yes
2026-10-10T19:21:20.61097Z,0.0700,26.82,yes
2026-10-10T19:21:20.772415Z,0.0600,47.34,no
2026-10-10T19:21:20.943692Z,0.0600,18.31,no
2026-10-10T19:21:21.053996Z,0.0700,10.44,yes
2026-10-10T19:21:21.129346Z,0.0700,26.82,yes
2026-10-10T19:21:21.22721Z,0.0700,13.41,yes
2026-10-10T19:21:21.34429Z,0.0700,0.53,yes
2026-10-10T19:21:21.531043Z,0.0600,82.20,no
2026-10-10T19:21:21.779492Z,0.0700,26.82,yes
2026-10-10T19:21:21.816859Z,0.0700,26.82,yes
2026-10-10T19:21:22.286284Z,0.0700,6.70,yes
2026-10-10T19:21:22.457358Z,0.0700,134.12,yes
2026-10-10T19:21:22.534271Z,0.0600,67.06,no
2026-10-10T19:21:22.579784Z,0.0700,104.45,yes
2026-10-10T19:21:22.681567Z,0.0700,67.06,yes
2026-10-10T19:21:22.748496Z,0.0700,17.03,yes
2026-10-10T19:21:23.21675Z,0.0600,1000.00,no
2026-10-10T19:21:23.657243Z,0.0700,0.26,yes
2026-10-10T19:21:23.910778Z,0.0600,187.52,no
2026-10-10T19:21:24.362081Z,0.0600,40.00,no
2026-10-10T19:21:24.362324Z,0.0700,67.06,yes
2026-10-10T19:21:24.499073Z,0.0600,7.85,no
2026-10-10T19:21:24.963583Z,0.0700,100.00,yes
2026-10-10T19:21:25.020941Z,0.0700,134.12,yes
2026-10-10T19:21:25.129672Z,0.0600,17.62,no
2026-10-10T19:21:25.659662Z,0.0700,28.17,yes
2026-10-10T19:21:25.659662Z,0.0700,65.71,yes
2026-10-10T19:21:25.842924Z,0.0700,11.00,yes
2026-10-10T19:21:25.935397Z,0.0700,26.82,yes
2026-10-10T19:21:26.089101Z,0.0700,208.91,yes
2026-10-10T19:21:26.111762Z,0.0700,13.41,yes
2026-10-10T19:21:26.391334Z,0.0700,10.86,yes
2026-10-10T19:21:27.01438Z,0.0700,176.15,yes
2026-10-10T19:21:27.102005Z,0.0600,10.00,no
2026-10-10T19:21:27.102005Z,0.0600,1.10,no
2026-10-10T19:21:27.248208Z,0.0600,60.50,yes
2026-10-10T19:21:27.248208Z,0.0600,56.18,yes
2026-10-10T19:21:27.430036Z,0.0600,6.37,yes
2026-10-10T19:21:27.430036Z,0.0600,56.18,yes
2026-10-10T19:21:28.079649Z,0.0500,259.67,no
2026-10-10T19:21:28.149566Z,0.0600,80.00,yes
2026-10-10T19:21:28.149566Z,0.0600,54.73,yes
2026-10-10T19:21:28.149566Z,0.0600,1.00,yes
2026-10-10T19:21:28.149566Z,0.0600,5.00,yes
2026-10-10T19:21:28.228026Z,0.0500,54.53,no
2026-10-10T19:21:28.860909Z,0.0500,199.22,no
2026-10-10T19:21:28.891168Z,0.0500,173.00,no
2026-10-10T19:21:28.891168Z,0.0500,92.00,no
2026-10-10T19:21:28.891168Z,0.0500,86.58,no
2026-10-10T19:21:28.919591Z,0.0500,15.63,yes
2026-10-10T19:21:29.387466Z,0.0400,13.47,no
2026-10-10T19:21:29.489506Z,0.0400,13.56,no
2026-10-10T19:21:29.489506Z,0.0400,81.13,no
2026-10-10T19:21:29.498069Z,0.0500,777.00,yes
2026-10-10T19:21:29.498069Z,0.0600,1.00,yes
2026-10-10T19:21:29.498069Z,0.0600,92.00,yes
2026-10-10T19:21:29.498069Z,0.0600,380.99,yes
2026-10-10T19:21:29.534411Z,0.0400,12.78,no
2026-10-10T19:21:29.587248Z,0.0500,0.76,yes
2026-10-10T19:21:29.587248Z,0.0600,155.61,yes
2026-10-10T19:21:29.699751Z,0.0500,9.98,yes
2026-10-10T19:21:29.855671Z,0.0500,3.56,yes
2026-10-10T19:21:29.855671Z,0.0500,45.51,yes
2026-10-10T19:21:29.855671Z,0.0600,9.70,yes
2026-10-10T19:21:30.066275Z,0.0600,78.16,yes
2026-10-10T19:21:30.089988Z,0.0600,2.00,yes
2026-10-10T19:21:30.096484Z,0.0600,15.63,yes
2026-10-10T19:21:30.12149Z,0.0400,174.36,no
2026-10-10T19:21:30.339391Z,0.0500,15.50,yes
2026-10-10T19:21:30.391464Z,0.0500,9.37,yes
2026-10-10T19:21:30.854826Z,0.0500,31.27,yes
2026-10-10T19:21:31.268443Z,0.0400,4.51,no
2026-10-10T19:21:31.294858Z,0.0500,40.23,yes
2026-10-10T19:21:31.385031Z,0.0500,13.87,yes
2026-10-10T19:21:31.589106Z,0.0500,56.25,yes
2026-10-10T19:21:31.609654Z,0.0400,15.86,no
2026-10-10T19:21:31.609654Z,0.0400,1.00,no
2026-10-10T19:21:32.030734Z,0.0400,39.63,no
2026-10-10T19:21:32.030734Z,0.0400,60.37,no
2026-10-10T19:21:32.050769Z,0.0500,52.88,yes
2026-10-10T19:21:32.308547Z,0.0400,46.06,no
2026-10-10T19:21:32.308547Z,0.0400,5.00,no
2026-10-10T19:21:32.308547Z,0.0400,43.63,no
2026-10-10T19:21:32.706369Z,0.0500,55.49,yes
2026-10-10T19:21:32.706369Z,0.0500,30.63,yes
2026-10-10T19:21:32.706369Z,0.0500,5.00,yes
2026-10-10T19:21:32.758537Z,0.0500,150.00,no
2026-10-10T19:21:32.758695Z,0.0500,92.00,no
2026-10-10T19:21:32.758695Z,0.0500,258.88,no
2026-10-10T19:21:32.762692Z,0.0400,400.00,no
2026-10-10T19:21:32.765395Z,0.0400,60.00,no
2026-10-10T19:21:32.767733Z,0.0400,60.00,no
2026-10-10T19:21:32.768106Z,0.0400,5.00,no
2026-10-10T19:21:32.772438Z,0.0400,400.00,no
2026-10-10T19:21:32.772559Z,0.0400,528.94,no
2026-10-10T19:21:32.778056Z,0.0300,60.00,no
2026-10-10T19:21:32.781975Z,0.0300,400.00,no
2026-10-10T19:21:32.782165Z,0.0300,60.00,no
2026-10-10T19:21:32.78785Z,0.0300,75.00,no
2026-10-10T19:21:32.78785Z,0.0300,1500.00,no
2026-10-10T19:21:32.78785Z,0.0300,380.00,no
2026-10-10T19:21:32.789614Z,0.0200,400.00,no
2026-10-10T19:21:32.793068Z,0.0200,1240.74,no
2026-10-10T19:21:32.793068Z,0.0200,500.00,no
2026-10-10T19:21:32.793068Z,0.0200,1500.00,no
2026-10-10T19:21:32.793068Z,0.0200,20.00,no
2026-10-10T19:21:32.800134Z,0.0200,60.00,no
2026-10-10T19:21:32.804992Z,0.0200,3.00,no
2026-10-10T19:21:32.804992Z,0.0200,104.98,no
2026-10-10T19:21:32.804992Z,0.0200,199.26,no
2026-10-10T19:21:32.841981Z,0.0300,11.00,yes
2026-10-10T19:21:32.8877Z,0.0200,2.00,no
2026-10-10T19:21:33.007299Z,0.0200,3.00,no
2026-10-10T19:21:33.018345Z,0.0200,31.00,no
2026-10-10T19:21:33.118255Z,0.0100,2.00,no
2026-10-10T19:21:33.118255Z,0.0100,2.00,no
2026-10-10T19:21:33.118255Z,0.0100,22.69,no
2026-10-10T19:21:33.118255Z,0.0100,3.17,no
2026-10-10T19:21:33.118255Z,0.0100,400.00,no
2026-10-10T19:21:33.118255Z,0.0100,25.00,no
2026-10-10T19:21:33.118255Z,0.0100,100.00,no
2026-10-10T19:21:33.118255Z,0.0100,0.01,no
2026-10-10T19:21:33.118255Z,0.0100,2000.00,no
2026-10-10T19:21:33.118255Z,0.0100,1667.00,no
2026-10-10T19:21:33.118255Z,0.0100,10.00,no
2026-10-10T19:21:33.118255Z,0.0100,1.15,no
2026-10-10T19:21:33.118255Z,0.0100,1500.00,no
2026-10-10T19:21:33.118255Z,0.0100,1.00,no
2026-10-10T19:21:33.118255Z,0.0100,252.21,no
2026-10-10T19:21:33.118255Z,0.0100,2000.00,no
2026-10-10T19:21:33.118255Z,0.0100,2000.00,no
2026-10-10T19:21:33.195059Z,0.0100,65.00,yes
2026-10-10T19:21:33.219466Z,0.0100,10.00,yes
2026-10-10T19:21:33.499692Z,0.0100,115.00,yes
2026-10-10T19:21:33.571723Z,0.0100,268.25,yes
2026-10-10T19:21:33.674395Z,0.0100,555.52,yes
2026-10-10T19:21:33.674395Z,0.0100,5.59,yes
2026-10-10T19:21:33.746268Z,0.0100,187.03,yes
2026-10-10T19:21:34.279123Z,0.0100,7.38,yes
2026-10-10T19:21:34.279123Z,0.0100,47.62,yes
2026-10-10T19:21:34.370241Z,0.0100,1402.78,yes
2026-10-10T19:21:34.535495Z,0.0100,73.00,yes
2026-10-10T19:21:34.833385Z,0.0100,5.61,yes
2026-10-10T19:21:34.852475Z,0.0100,187.03,yes
2026-10-10T19:21:35.031372Z,0.0100,93.00,yes
2026-10-10T19:21:36.021634Z,0.0100,93.51,yes
2026-10-10T19:21:36.344274Z,0.0100,89.58,yes
2026-10-10T19:21:36.344274Z,0.0100,97.45,yes
2026-10-10T19:21:38.091357Z,0.0100,4.00,yes
2026-10-10T19:21:38.224395Z,0.0100,34.41,yes
2026-10-10T19:21:38.224395Z,0.0100,32.65,yes
2026-10-10T19:21:38.716547Z,0.0100,166.33,yes
2026-10-10T19:21:38.791676Z,0.0100,100.00,yes
2026-10-10T19:21:39.208195Z,0.0100,1166.00,yes
2026-10-10T19:21:39.225364Z,0.0100,93.51,yes
2026-10-10T19:21:39.588768Z,0.0100,64.00,yes
2026-10-10T19:21:39.636041Z,0.0100,93.51,yes
2026-10-10T19:21:39.967993Z,0.0100,35.00,yes
2026-10-10T19:21:40.418242Z,0.0100,187.03,yes
2026-10-10T19:21:40.97578Z,0.0100,467.59,yes
2026-10-10T19:21:41.561087Z,0.0100,17.00,yes
2026-10-10T19:21:41.604713Z,0.0100,2.00,yes
2026-10-10T19:21:41.89143Z,0.0100,935.19,yes
2026-10-10T19:21:42.168153Z,0.0100,1.99,yes
2026-10-10T19:21:42.382191Z,0.0100,467.59,yes
2026-10-10T19:21:42.559984Z,0.0100,50.00,yes
2026-10-10T19:21:42.585301Z,0.0100,5.00,yes
2026-10-10T19:21:42.731529Z,0.0100,561.11,yes
2026-10-10T19:21:43.291669Z,0.0100,179.34,yes
2026-10-10T19:21:43.310291Z,0.0100,93.51,yes
2026-10-10T19:21:43.459977Z,0.0100,6.54,yes
2026-10-10T19:21:43.511845Z,0.0100,50.33,yes
2026-10-10T19:21:43.588511Z,0.0100,467.59,yes
2026-10-10T19:21:43.994295Z,0.0100,33.00,yes
2026-10-10T19:21:44.159819Z,0.0100,1724.19,yes
2026-10-10T19:21:44.159819Z,0.0100,146.19,yes
2026-10-10T19:21:44.164267Z,0.0100,93.51,yes
2026-10-10T19:21:44.508232Z,0.0100,187.03,yes
2026-10-10T19:21:44.743378Z,0.0100,93.51,yes
2026-10-10T19:21:44.776639Z,0.0100,93.51,yes
2026-10-10T19:21:44.901018Z,0.0100,93.51,yes
2026-10-10T19:21:44.992678Z,0.0100,187.03,yes
2026-10-10T19:21:45.012347Z,0.0100,9.35,yes
2026-10-10T19:21:45.379568Z,0.0100,93.51,yes
2026-10-10T19:21:45.566733Z,0.0100,122.00,yes
2026-10-10T19:21:45.573641Z,0.0100,93.51,yes
2026-10-10T19:21:45.602036Z,0.0100,0.93,yes
2026-10-10T19:21:45.610287Z,0.0100,14.02,yes
2026-10-10T19:21:46.109006Z,0.0100,272.39,yes
2026-10-10T19:21:46.109006Z,0.0100,470.80,yes
2026-10-10T19:21:46.109006Z,0.0100,192.00,yes
2026-10-10T19:21:46.385925Z,0.0100,93.51,yes
2026-10-10T19:21:46.896228Z,0.0100,46.75,yes
2026-10-10T19:21:46.995498Z,0.0100,467.59,yes
2026-10-10T19:21:47.085264Z,0.0100,9.35,yes
2026-10-10T19:21:47.297323Z,0.0100,55.59,yes
2026-10-10T19:21:47.297323Z,0.0100,412.00,yes
2026-10-10T19:21:47.319842Z,0.0100,46.75,yes
2026-10-10T19:21:47.467697Z,0.0100,18.70,yes
2026-10-10T19:21:48.109855Z,0.0100,93.51,yes
2026-10-10T19:21:48.345565Z,0.0100,935.19,yes
2026-10-10T19:21:48.703572Z,0.0100,93.51,yes
2026-10-10T19:21:48.715915Z,0.0100,405.12,yes
2026-10-10T19:21:48.955374Z,0.0100,27.40,yes
2026-10-10T19:21:48.955374Z,0.0100,159.63,yes
2026-10-10T19:21:49.224217Z,0.0100,93.51,yes
2026-10-10T19:21:49.22821Z,0.0100,83.23,yes
2026-10-10T19:21:49.373681Z,0.0100,93.51,yes
2026-10-10T19:21:49.381538Z,0.0100,0.93,yes
2026-10-10T19:21:49.805633Z,0.0100,93.51,yes
2026-10-10T19:21:50.04745Z,0.0100,93.51,yes
2026-10-10T19:21:50.62066Z,0.0100,93.51,yes
2026-10-10T19:21:50.708266Z,0.0100,9.35,yes
2026-10-10T19:21:51.094352Z,0.0100,93.51,yes
2026-10-10T19:21:51.928826Z,0.0100,841.67,yes
2026-10-10T19:21:52.299395Z,0.0100,467.59,yes
2026-10-10T19:21:52.316743Z,0.0100,8.41,yes
2026-10-10T19:21:52.372211Z,0.0100,308.90,yes
2026-10-10T19:21:52.372211Z,0.0100,1000.36,yes
2026-10-10T19:21:52.414243Z,0.0100,2.41,yes
2026-10-10T19:21:52.414243Z,0.0100,91.10,yes
2026-10-10T19:21:52.415685Z,0.0100,1678.36,yes
2026-10-10T19:21:52.415685Z,0.0100,2997.59,yes
2026-10-10T19:21:53.291753Z,0.0100,935.19,yes
2026-10-10T19:21:53.325537Z,0.0100,93.51,yes
2026-10-10T19:21:53.826721Z,0.0100,9.35,yes
2026-10-10T19:21:54.447951Z,0.0100,187.03,yes
2026-10-10T19:21:54.563082Z,0.0100,187.03,yes
2026-10-10T19:21:54.602995Z,0.0100,9.35,yes
2026-10-10T19:21:54.929986Z,0.0100,187.03,yes
2026-10-10T19:21:55.412972Z,0.0100,33.00,yes
2026-10-10T19:21:55.430693Z,0.0100,467.59,yes
2026-10-10T19:21:55.49009Z,0.0100,1.33,yes
2026-10-10T19:21:55.99945Z,0.0100,187.03,yes
2026-10-10T19:21:56.264896Z,0.0100,93.51,yes
2026-10-10T19:21:56.430782Z,0.0100,93.51,yes
2026-10-10T19:21:56.506024Z,0.0100,93.51,yes
2026-10-10T19:21:56.726049Z,0.0100,935.19,yes
2026-10-10T19:21:57.258507Z,0.0100,1870.38,yes
2026-10-10T19:21:57.669907Z,0.0100,33.00,yes
2026-10-10T19:21:58.937695Z,0.0100,93.51,yes
2026-10-10T19:21:59.17162Z,0.0100,93.51,yes
2026-10-10T19:21:59.392631Z,0.0100,93.51,yes
2026-10-10T19:21:59.771628Z,0.0100,14.96,yes
2026-10-10T19:22:00.274493Z,0.0100,467.59,yes
2026-10-10T19:22:00.762494Z,0.0100,33.66,yes
2026-10-10T19:22:01.498364Z,0.0100,333.00,yes
2026-10-10T19:22:01.52123Z,0.0100,93.51,yes
2026-10-10T19:22:01.652593Z,0.0100,93.51,yes
2026-10-10T19:22:02.206527Z,0.0100,65.46,yes
2026-10-10T19:22:02.560298Z,0.0100,414.28,yes
2026-10-10T19:22:02.624732Z,0.0100,46.75,yes
2026-10-10T19:22:03.812378Z,0.0100,89.77,yes
2026-10-10T19:22:03.962952Z,0.0100,280.55,yes
2026-10-10T19:22:03.965625Z,0.0100,187.03,yes
2026-10-10T19:22:04.149679Z,0.0100,93.51,yes
2026-10-10T19:22:04.500636Z,0.0100,467.59,yes
2026-10-10T19:22:04.516129Z,0.0100,280.55,yes
2026-10-10T19:22:04.659122Z,0.0100,467.59,yes
2026-10-10T19:22:04.722794Z,0.0100,4675.95,yes
2026-10-10T19:22:05.118988Z,0.0100,935.19,yes
2026-10-10T19:22:05.413697Z,0.0100,93.51,yes
2026-10-10T19:22:05.513399Z,0.0100,100.00,yes
2026-10-10T19:22:05.704583Z,0.0100,1870.38,yes
2026-10-10T19:22:06.040531Z,0.0100,93.51,yes
2026-10-10T19:22:06.569472Z,0.0100,187.03,yes
2026-10-10T19:22:07.352238Z,0.0100,1870.38,yes
2026-10-10T19:22:07.356202Z,0.0100,93.51,yes
2026-10-10T19:22:07.404113Z,0.0100,41.14,yes
2026-10-10T19:22:07.6183Z,0.0100,93.51,yes
2026-10-10T19:22:08.73891Z,0.0100,93.51,yes
2026-10-10T19:22:08.852014Z,0.0100,93.51,yes
2026-10-10T19:22:08.950621Z,0.0100,93.51,yes
2026-10-10T19:22:09.001149Z,0.0100,93.51,yes
2026-10-10T19:22:10.345888Z,0.0100,93.51,yes
2026-10-10T19:22:10.649246Z,0.0100,187.03,yes
2026-10-10T19:22:12.116269Z,0.0100,24.31,yes
2026-10-10T19:22:13.239076Z,0.0100,93.51,yes
2026-10-10T19:22:15.224747Z,0.0100,280.55,yes
2026-10-10T19:22:15.275627Z,0.0100,93.51,yes
2026-10-10T19:22:17.196901Z,0.0100,93.51,yes
2026-10-10T19:22:17.9113Z,0.0100,9.35,yes
2026-10-10T19:22:18.203244Z,0.0100,93.51,yes
2026-10-10T19:22:19.582074Z,0.0100,46.75,yes
2026-10-10T19:22:20.092946Z,0.0100,93.51,yes
2026-10-10T19:22:20.940463Z,0.0100,833.00,yes
2026-10-10T19:22:21.400906Z,0.0100,187.03,yes
2026-10-10T19:22:25.570221Z,0.0100,935.19,yes
2026-10-10T19:22:25.988489Z,0.0100,93.51,yes
2026-10-10T19:22:26.545482Z,0.0100,467.59,yes
2026-10-10T19:22:27.607386Z,0.0100,2337.97,yes
2026-10-10T19:22:27.753175Z,0.0100,99.66,yes
2026-10-10T19:22:27.889732Z,0.0100,467.59,yes
2026-10-10T19:22:28.812656Z,0.0100,93.51,yes
2026-10-10T19:22:30.566851Z,0.0100,93.51,yes
2026-10-10T19:22:31.077863Z,0.0100,9.35,yes
2026-10-10T19:22:33.260983Z,0.0100,93.51,yes
2026-10-10T19:22:34.278686Z,0.0100,28.05,yes
2026-10-10T19:22:40.911251Z,0.0100,467.59,yes
2026-10-10T19:22:41.12644Z,0.0100,280.55,yes
2026-10-10T19:22:42.593535Z,0.0100,833.00,yes
2026-10-10T19:22:42.964683Z,0.0100,93.51,yes
2026-10-10T19:22:44.032214Z,0.0100,93.51,yes
2026-10-10T19:22:46.234868Z,0.0100,93.51,yes
2026-10-10T19:22:47.082645Z,0.0100,93.51,yes
2026-10-10T19:22:48.643373Z,0.0100,93.51,yes
2026-10-10T19:22:53.293758Z,0.0100,467.59,yes
2026-10-10T19:22:58.49332Z,0.0100,467.59,yes
2026-10-10T19:23:02.516621Z,0.0100,374.07,yes
2026-10-10T19:23:02.851893Z,0.0100,1870.38,yes
2026-10-10T19:23:06.822612Z,0.0100,187.03,yes
2026-10-10T19:23:13.693919Z,0.0100,93.51,yes
2026-10-10T19:23:14.294333Z,0.0100,333.00,yes
2026-10-10T19:23:17.592819Z,0.0100,33.00,yes
2026-10-10T19:23:19.300358Z,0.0100,93.51,yes
2026-10-10T19:23:29.069579Z,0.0100,748.15,yes
2026-10-10T19:23:37.841588Z,0.0100,93.51,yes
2026-10-10T19:23:41.107839Z,0.0100,100.00,yes
2026-10-10T19:23:41.107839Z,0.0100,259.03,yes
2026-10-10T19:23:41.107839Z,0.0100,108.56,yes
2026-10-10T19:23:47.255017Z,0.0100,280.55,yes
2026-10-10T19:23:48.172448Z,0.0100,93.51,yes
2026-10-10T19:23:54.874354Z,0.0100,93.51,yes
2026-10-10T19:23:58.086003Z,0.0100,8.00,yes
2026-10-10T19:24:01.442044Z,0.0100,93.51,yes
2026-10-10T19:24:02.70527Z,0.0100,27.02,yes
2026-10-10T19:24:05.998234Z,0.0100,15.89,yes
2026-10-10T19:24:46.235152Z,0.0100,935.19,yes
2026-10-10T19:24:50.225789Z,0.0100,25.00,yes
2026-10-10T19:25:13.051884Z,0.0100,1.57,yes
2026-10-10T19:25:28.589298Z,0.0100,1870.38,yes
2026-10-10T19:25:41.204049Z,0.0100,93.51,yes
