time,yes_price,contracts,taker
2026-10-03T20:41:18.488519Z,0.0100,726.09,no
2026-10-03T20:41:22.61291Z,0.0200,467.90,yes
2026-10-03T20:41:22.817921Z,0.0100,249.82,no
2026-10-03T20:41:26.28873Z,0.0100,109.46,no
2026-10-03T20:41:32.463829Z,0.0100,56.25,no
2026-10-03T20:41:40.688362Z,0.0100,392.51,no
2026-10-03T20:41:47.112902Z,0.0200,93.58,yes
2026-10-03T20:41:47.294997Z,0.0200,10.29,yes
2026-10-03T20:41:51.034341Z,0.0200,46.79,yes
2026-10-03T20:41:51.480642Z,0.0100,643.22,no
2026-10-03T20:41:54.621113Z,0.0200,93.58,yes
2026-10-03T20:42:01.225086Z,0.0200,46.79,yes
2026-10-03T20:42:04.281421Z,0.0200,467.90,yes
2026-10-03T20:42:06.612479Z,0.0200,124.75,yes
2026-10-03T20:42:11.714061Z,0.0200,250.00,yes
2026-10-03T20:42:13.518288Z,0.0200,233.95,yes
2026-10-03T20:42:25.954539Z,0.0200,1169.75,yes
2026-10-03T20:42:29.219288Z,0.0200,4679.01,yes
2026-10-03T20:42:33.461115Z,0.0200,280.74,yes
2026-10-03T20:42:35.159328Z,0.0200,46.79,yes
2026-10-03T20:42:35.405286Z,0.0200,233.95,yes
2026-10-03T20:42:36.918864Z,0.0200,467.90,yes
2026-10-03T20:42:36.950977Z,0.0100,156.06,no
2026-10-03T20:42:40.19062Z,0.0200,233.95,yes
2026-10-03T20:42:47.372844Z,0.0200,11.69,yes
2026-10-03T20:42:50.86971Z,0.0200,46.79,yes
2026-10-03T20:42:53.422302Z,0.0100,84.53,no
2026-10-03T20:42:53.422302Z,0.0100,32.59,no
2026-10-03T20:42:54.572929Z,0.0200,233.95,yes
2026-10-03T20:42:54.732159Z,0.0200,233.95,yes
2026-10-03T20:42:57.367032Z,0.0100,390.31,no
2026-10-03T20:42:58.03939Z,0.0200,467.90,yes
2026-10-03T20:42:59.022734Z,0.0200,233.95,yes
2026-10-03T20:42:59.87557Z,0.0200,23.39,yes
2026-10-03T20:43:00.867201Z,0.0200,2000.00,yes
2026-10-03T20:43:00.875562Z,0.0200,540.00,yes
2026-10-03T20:43:00.883942Z,0.0200,300.00,yes
2026-10-03T20:43:05.052607Z,0.0100,785.25,no
2026-10-03T20:43:05.127655Z,0.0200,187.16,yes
2026-10-03T20:43:05.808215Z,0.0200,140.37,yes
2026-10-03T20:43:08.330743Z,0.0200,11.69,yes
2026-10-03T20:43:10.900443Z,0.0200,233.95,yes
2026-10-03T20:43:15.782538Z,0.0200,233.95,yes
2026-10-03T20:43:16.118977Z,0.0200,2339.50,yes
2026-10-03T20:43:17.829408Z,0.0200,935.80,yes
2026-10-03T20:43:21.789118Z,0.0200,1.40,yes
2026-10-03T20:43:21.789118Z,0.0200,1.40,yes
2026-10-03T20:43:21.789118Z,0.0200,1.04,yes
2026-10-03T20:43:21.789118Z,0.0200,106.62,yes
2026-10-03T20:43:21.789118Z,0.0200,1.03,yes
2026-10-03T20:43:21.789118Z,0.0200,1.25,yes
2026-10-03T20:43:21.789118Z,0.0200,1.30,yes
2026-10-03T20:43:21.789118Z,0.0200,1.70,yes
2026-10-03T20:43:21.789118Z,0.0200,1.38,yes
2026-10-03T20:43:21.789118Z,0.0200,1.18,yes
2026-10-03T20:43:21.789118Z,0.0200,1.40,yes
2026-10-03T20:43:21.789118Z,0.0200,1.35,yes
2026-10-03T20:43:21.789118Z,0.0200,1.40,yes
2026-10-03T20:43:21.789118Z,0.0200,1.27,yes
2026-10-03T20:43:21.789118Z,0.0200,1.03,yes
2026-10-03T20:43:23.179404Z,0.0200,1.00,yes
2026-10-03T20:43:24.494258Z,0.0200,300.00,yes
2026-10-03T20:43:24.575773Z,0.0200,38.00,yes
2026-10-03T20:43:24.601176Z,0.0200,109.46,yes
2026-10-03T20:43:24.601176Z,0.0200,36.25,yes
2026-10-03T20:43:24.601176Z,0.0200,249.82,yes
2026-10-03T20:43:24.601176Z,0.0200,280.47,yes
2026-10-03T20:43:24.602518Z,0.0200,5.00,yes
2026-10-03T20:43:24.611125Z,0.0200,15.00,yes
2026-10-03T20:43:24.611125Z,0.0200,315.00,yes
2026-10-03T20:43:24.613984Z,0.0200,77.51,yes
2026-10-03T20:43:24.613984Z,0.0200,282.49,yes
2026-10-03T20:43:24.621906Z,0.0200,1.10,yes
2026-10-03T20:43:24.642824Z,0.0200,30.00,yes
2026-10-03T20:43:24.807037Z,0.0200,9.00,yes
2026-10-03T20:43:25.780285Z,0.0200,320.63,yes
2026-10-03T20:43:25.780285Z,0.0200,0.98,yes
2026-10-03T20:43:25.780285Z,0.0200,1.69,yes
2026-10-03T20:43:25.780285Z,0.0200,1.84,yes
2026-10-03T20:43:25.780285Z,0.0200,1.88,yes
2026-10-03T20:43:25.780285Z,0.0200,1.06,yes
2026-10-03T20:43:25.780285Z,0.0200,156.06,yes
2026-10-03T20:43:25.780285Z,0.0200,32.59,yes
2026-10-03T20:43:25.795592Z,0.0300,3.00,yes
2026-10-03T20:43:25.795592Z,0.0300,2.00,yes
2026-10-03T20:43:25.795592Z,0.0300,1.00,yes
2026-10-03T20:43:25.795592Z,0.0300,1.00,yes
2026-10-03T20:43:25.795592Z,0.0300,1.00,yes
2026-10-03T20:43:25.946604Z,0.0400,2.00,yes
2026-10-03T20:43:25.946604Z,0.0400,1.00,yes
2026-10-03T20:43:25.946604Z,0.0400,1.00,yes
2026-10-03T20:43:25.946604Z,0.0400,1.00,yes
2026-10-03T20:43:25.946604Z,0.0400,1.00,yes
2026-10-03T20:43:25.946604Z,0.0400,4.00,yes
2026-10-03T20:43:25.946604Z,0.0400,1.00,yes
2026-10-03T20:43:26.124553Z,0.0500,1.00,yes
2026-10-03T20:43:26.124553Z,0.0500,1.00,yes
2026-10-03T20:43:26.124553Z,0.0500,1.00,yes
2026-10-03T20:43:26.124553Z,0.0500,1.00,yes
2026-10-03T20:43:26.124553Z,0.0500,4.00,yes
2026-10-03T20:43:26.124553Z,0.0500,2.00,yes
2026-10-03T20:43:31.506635Z,0.0600,1.00,yes
2026-10-03T20:43:31.506635Z,0.0600,520.00,yes
2026-10-03T20:43:31.506635Z,0.0600,396.62,yes
2026-10-03T20:43:31.506635Z,0.0600,1.00,yes
2026-10-03T20:43:31.506635Z,0.0600,1.00,yes
2026-10-03T20:43:31.506635Z,0.0600,1.00,yes
2026-10-03T20:43:31.506635Z,0.0600,2.00,yes
2026-10-03T20:43:32.770717Z,0.0500,18.75,no
2026-10-03T20:43:33.093082Z,0.0500,150.25,no
2026-10-03T20:43:33.093082Z,0.0500,84.00,no
2026-10-03T20:43:36.675208Z,0.0600,15.63,yes
2026-10-03T20:43:37.68423Z,0.0500,22.15,no
2026-10-03T20:43:38.124974Z,0.0600,28.14,yes
2026-10-03T20:43:38.680846Z,0.0600,4.53,yes
2026-10-03T20:43:47.55208Z,0.0600,54.88,yes
2026-10-03T20:43:48.216269Z,0.0600,20.20,yes
2026-10-03T20:43:48.216269Z,0.0600,57.98,yes
2026-10-03T20:43:48.670716Z,0.0600,124.87,yes
2026-10-03T20:43:51.441074Z,0.0600,100.00,yes
2026-10-03T20:43:52.006652Z,0.0600,62.85,yes
2026-10-03T20:43:52.006652Z,0.0600,237.15,yes
2026-10-03T20:43:52.325561Z,0.0600,520.00,yes
2026-10-03T20:43:52.325561Z,0.0600,420.85,yes
2026-10-03T20:43:52.325561Z,0.0600,520.00,yes
2026-10-03T20:43:52.325561Z,0.0600,457.15,yes
2026-10-03T20:43:52.325561Z,0.0600,520.00,yes
2026-10-03T20:43:53.047065Z,0.0500,62.85,no
2026-10-03T20:43:53.047065Z,0.0500,124.67,no
2026-10-03T20:43:53.201547Z,0.0600,99.15,yes
2026-10-03T20:43:53.201547Z,0.0600,417.00,yes
2026-10-03T20:43:53.201547Z,0.0600,510.00,yes
2026-10-03T20:43:53.201547Z,0.0600,1.00,yes
2026-10-03T20:43:53.201547Z,0.0600,1228.85,yes
2026-10-03T20:43:54.1512Z,0.0600,1000.00,yes
2026-10-03T20:43:54.1512Z,0.0600,406.30,yes
2026-10-03T20:43:54.1512Z,0.0600,13.70,yes
2026-10-03T20:43:54.1512Z,0.0600,753.00,yes
2026-10-03T20:43:55.839243Z,0.0600,8.00,no
2026-10-03T20:43:56.115973Z,0.0500,44.33,no
2026-10-03T20:43:56.115973Z,0.0500,169.00,no
2026-10-03T20:43:56.115973Z,0.0500,147.17,no
2026-10-03T20:43:56.115973Z,0.0600,107.40,no
2026-10-03T20:44:00.424676Z,0.0700,57.06,yes
2026-10-03T20:44:00.424676Z,0.0700,3.00,yes
2026-10-03T20:44:00.424676Z,0.0700,2.00,yes
2026-10-03T20:44:00.424676Z,0.0700,1.00,yes
2026-10-03T20:44:00.424676Z,0.0700,4.00,yes
2026-10-03T20:44:02.210796Z,0.0600,114.10,yes
2026-10-03T20:44:02.210796Z,0.0600,106.00,yes
2026-10-03T20:44:02.210796Z,0.0600,78.00,yes
2026-10-03T20:44:02.210796Z,0.0700,225.16,yes
2026-10-03T20:44:02.210796Z,0.0700,397.00,yes
2026-10-03T20:44:02.210796Z,0.0700,397.00,yes
2026-10-03T20:44:02.210796Z,0.0700,339.94,yes
2026-10-03T20:44:02.210796Z,0.0700,397.00,yes
2026-10-03T20:44:02.663683Z,0.0600,55.00,yes
2026-10-03T20:44:02.663683Z,0.0600,114.10,yes
2026-10-03T20:44:04.532221Z,0.0600,2620.04,no
2026-10-03T20:44:10.064992Z,0.0600,25.00,no
2026-10-03T20:44:10.064992Z,0.0600,55.00,no
2026-10-03T20:44:10.064992Z,0.0600,71.00,no
2026-10-03T20:44:10.064992Z,0.0600,146.00,no
2026-10-03T20:44:10.064992Z,0.0600,30.71,no
2026-10-03T20:44:10.747663Z,0.0700,0.01,yes
2026-10-03T20:44:10.747663Z,0.0700,66.05,yes
2026-10-03T20:44:10.747663Z,0.0700,1.00,yes
2026-10-03T20:44:10.958995Z,0.0600,140.26,no
2026-10-03T20:44:10.958995Z,0.0600,507.53,no
2026-10-03T20:44:10.958995Z,0.0600,475.00,no
2026-10-03T20:44:10.958995Z,0.0600,2950.00,no
2026-10-03T20:44:10.958995Z,0.0600,14.19,no
2026-10-03T20:44:10.958995Z,0.0600,2619.29,no
2026-10-03T20:44:11.807254Z,0.0600,935.80,no
2026-10-03T20:44:14.273287Z,0.0300,167.00,no
2026-10-03T20:44:14.273287Z,0.0200,25.00,no
2026-10-03T20:44:14.273287Z,0.0600,567.92,no
2026-10-03T20:44:14.273287Z,0.0400,50.00,no
2026-10-03T20:44:14.273287Z,0.0500,478.79,no
2026-10-03T20:44:14.273287Z,0.0600,142.00,no
2026-10-03T20:44:14.273287Z,0.0500,25.00,no
2026-10-03T20:44:14.273287Z,0.0500,195.00,no
2026-10-03T20:44:14.273287Z,0.0500,195.00,no
2026-10-03T20:44:14.273287Z,0.0500,195.00,no
2026-10-03T20:44:14.273287Z,0.0500,195.00,no
2026-10-03T20:44:14.273287Z,0.0400,195.00,no
2026-10-03T20:44:14.273287Z,0.0400,195.00,no
2026-10-03T20:44:14.273287Z,0.0200,233.00,no
2026-10-03T20:44:14.273287Z,0.0600,71.00,no
2026-10-03T20:44:14.273287Z,0.0200,1667.00,no
2026-10-03T20:44:14.273287Z,0.0400,565.64,no
2026-10-03T20:44:14.273287Z,0.0300,1.00,no
2026-10-03T20:44:14.273287Z,0.0300,55.00,no
2026-10-03T20:44:14.273287Z,0.0600,125.36,no
2026-10-03T20:44:14.273287Z,0.0200,500.00,no
2026-10-03T20:44:14.273287Z,0.0500,55.00,no
2026-10-03T20:44:14.273287Z,0.0200,452.00,no
2026-10-03T20:44:14.273287Z,0.0500,1287.00,no
2026-10-03T20:44:14.273287Z,0.0500,5.00,no
2026-10-03T20:44:14.273287Z,0.0200,20.00,no
2026-10-03T20:44:14.273287Z,0.0100,1173.60,no
2026-10-03T20:44:14.273287Z,0.0100,739.91,no
2026-10-03T20:44:14.346936Z,0.0600,6.00,yes
2026-10-03T20:44:14.409785Z,0.0600,6.00,yes
2026-10-03T20:44:14.479138Z,0.0600,75.00,yes
2026-10-03T20:44:14.570863Z,0.0600,75.00,yes
2026-10-03T20:44:14.649414Z,0.0600,18.00,yes
2026-10-03T20:44:14.750913Z,0.0600,93.00,yes
2026-10-03T20:44:14.826386Z,0.0600,93.00,yes
2026-10-03T20:44:14.925272Z,0.0600,93.00,yes
2026-10-03T20:44:15.027645Z,0.0600,93.00,yes
2026-10-03T20:44:15.063606Z,0.0600,1.00,yes
2026-10-03T20:44:15.124315Z,0.0600,92.00,yes
2026-10-03T20:44:15.198269Z,0.0600,726.00,yes
2026-10-03T20:44:15.198269Z,0.0600,726.00,yes
2026-10-03T20:44:15.198269Z,0.0600,717.00,yes
2026-10-03T20:44:15.198269Z,0.0600,81.00,yes
2026-10-03T20:44:16.062655Z,0.0600,0.01,yes
2026-10-03T20:44:16.062655Z,0.0600,6.10,yes
2026-10-03T20:44:19.853022Z,0.0700,26.82,yes
2026-10-03T20:44:20.387561Z,0.0600,95.00,no
2026-10-03T20:44:20.387561Z,0.0600,521.50,no
2026-10-03T20:44:20.387561Z,0.0600,6.00,no
2026-10-03T20:44:20.387561Z,0.0500,1.77,no
2026-10-03T20:44:20.54239Z,0.0500,27.02,no
2026-10-03T20:44:20.54239Z,0.0600,129.04,no
2026-10-03T20:44:25.635581Z,0.0700,67.06,yes
2026-10-03T20:44:26.573816Z,0.0700,67.06,yes
2026-10-03T20:44:31.204801Z,0.0700,268.25,yes
2026-10-03T20:44:32.98598Z,0.0600,129.04,no
2026-10-03T20:44:32.98598Z,0.0600,307.95,no
2026-10-03T20:44:33.479461Z,0.0600,22.50,no
2026-10-03T20:44:34.06911Z,0.0700,134.12,yes
2026-10-03T20:44:43.504496Z,0.0700,2.68,yes
2026-10-03T20:44:45.13414Z,0.0600,158.29,no
2026-10-03T20:44:45.13414Z,0.0600,895.87,no
2026-10-03T20:44:47.70819Z,0.0600,93.76,no
2026-10-03T20:44:54.972869Z,0.0700,50.00,yes
2026-10-03T20:44:55.30178Z,0.0700,10.00,yes
2026-10-03T20:44:55.629698Z,0.0700,10.00,yes
2026-10-03T20:44:56.167688Z,0.0600,93.76,no
2026-10-03T20:44:57.123314Z,0.0700,134.12,yes
2026-10-03T20:45:02.893783Z,0.0700,13.41,yes
2026-10-03T20:45:04.27586Z,0.0700,134.12,yes
2026-10-03T20:45:05.611681Z,0.0700,50.75,yes
2026-10-03T20:45:05.611681Z,0.0700,16.31,yes
2026-10-03T20:45:07.147663Z,0.0700,134.12,yes
2026-10-03T20:45:07.270176Z,0.0700,268.25,yes
2026-10-03T20:45:08.135485Z,0.0700,40.23,yes
2026-10-03T20:45:08.393742Z,0.0700,268.25,yes
2026-10-03T20:45:08.698069Z,0.0700,201.18,yes
2026-10-03T20:45:13.518574Z,0.0700,37.22,yes
2026-10-03T20:45:13.518574Z,0.0700,298.09,yes
2026-10-03T20:45:15.362722Z,0.0700,402.37,yes
2026-10-03T20:45:16.578447Z,0.0700,35.77,yes
2026-10-03T20:45:16.578447Z,0.0700,299.54,yes
2026-10-03T20:45:17.247869Z,0.0700,67.06,yes
2026-10-03T20:45:17.528455Z,0.0700,67.06,yes
2026-10-03T20:45:19.971964Z,0.0700,67.06,yes
2026-10-03T20:45:21.912514Z,0.0700,13.41,yes
2026-10-03T20:45:22.516004Z,0.0700,670.62,yes
2026-10-03T20:45:22.599796Z,0.0700,50.00,yes
2026-10-03T20:45:23.240452Z,0.0700,29.02,yes
2026-10-03T20:45:23.240452Z,0.0700,105.10,yes
2026-10-03T20:45:23.422851Z,0.0700,13.41,yes
2026-10-03T20:45:24.407479Z,0.0700,67.06,yes
2026-10-03T20:45:24.498428Z,0.0700,10.73,yes
2026-10-03T20:45:24.894099Z,0.0700,26.82,yes
2026-10-03T20:45:25.637217Z,0.0700,53.65,yes
2026-10-03T20:45:26.004394Z,0.0700,67.06,yes
2026-10-03T20:45:26.342602Z,0.0700,3000.00,yes
2026-10-03T20:45:26.342602Z,0.0700,55.00,yes
2026-10-03T20:45:26.342602Z,0.0700,5.00,yes
2026-10-03T20:45:27.735032Z,0.0900,2.00,yes
2026-10-03T20:45:27.735032Z,0.0900,1.00,yes
2026-10-03T20:45:27.735032Z,0.0800,0.01,yes
2026-10-03T20:45:27.735032Z,0.0900,92.64,yes
2026-10-03T20:45:27.735032Z,0.0900,1.00,yes
2026-10-03T20:45:27.735032Z,0.0900,1.00,yes
2026-10-03T20:45:27.735032Z,0.0900,1.00,yes
2026-10-03T20:45:27.735032Z,0.0900,2.00,yes
2026-10-03T20:45:27.735032Z,0.0800,1.00,yes
2026-10-03T20:45:27.735032Z,0.0900,1.00,yes
2026-10-03T20:45:27.780897Z,0.0900,20.54,yes
2026-10-03T20:45:33.064585Z,0.0900,66.99,yes
2026-10-03T20:45:33.064585Z,0.0900,34.46,yes
2026-10-03T20:45:33.064585Z,0.0900,3.00,yes
2026-10-03T20:45:33.390039Z,0.1000,1.00,yes
2026-10-03T20:45:33.390039Z,0.1000,1.00,yes
2026-10-03T20:45:33.390039Z,0.0900,23.01,yes
2026-10-03T20:45:33.390039Z,0.0900,105.00,yes
2026-10-03T20:45:33.390039Z,0.1000,2.00,yes
2026-10-03T20:45:33.390039Z,0.0900,35.88,yes
2026-10-03T20:45:33.390039Z,0.1000,1.00,yes
2026-10-03T20:45:33.390039Z,0.1000,1.00,yes
2026-10-03T20:45:33.390039Z,0.1000,1.00,yes
2026-10-03T20:45:33.390039Z,0.0900,4.00,yes
2026-10-03T20:45:33.390039Z,0.1000,2.00,yes
2026-10-03T20:45:33.390039Z,0.1000,1.00,yes
2026-10-03T20:45:33.390039Z,0.1000,1.00,yes
2026-10-03T20:45:33.390039Z,0.1100,108.44,yes
2026-10-03T20:45:33.98155Z,0.0900,14.19,yes
2026-10-03T20:45:33.98155Z,0.1000,30.84,yes
2026-10-03T20:45:33.98155Z,0.1000,2.00,yes
2026-10-03T20:45:34.203706Z,0.1000,13.82,yes
2026-10-03T20:45:34.241649Z,0.0800,0.01,no
2026-10-03T20:45:34.258191Z,0.0800,83.86,yes
2026-10-03T20:45:34.258191Z,0.0900,151.32,yes
2026-10-03T20:45:34.26626Z,0.0700,755.00,no
2026-10-03T20:45:34.267329Z,0.0700,230.23,no
2026-10-03T20:45:34.621205Z,0.0700,83.00,yes
2026-10-03T20:45:35.094805Z,0.0700,268.25,yes
2026-10-03T20:45:36.019116Z,0.0700,13.41,yes
2026-10-03T20:45:36.77682Z,0.0700,107.30,yes
2026-10-03T20:45:38.481832Z,0.0800,23.48,yes
2026-10-03T20:45:38.554086Z,0.0700,133.53,no
2026-10-03T20:45:38.562984Z,0.0700,100.00,yes
2026-10-03T20:45:38.860102Z,0.0700,234.87,yes
2026-10-03T20:45:39.00574Z,0.0700,469.43,yes
2026-10-03T20:45:39.030321Z,0.0700,55.70,yes
2026-10-03T20:45:39.030321Z,0.0700,760.00,yes
2026-10-03T20:45:39.030321Z,0.0700,525.55,yes
2026-10-03T20:45:39.461768Z,0.0700,67.06,yes
2026-10-03T20:45:39.829096Z,0.0700,760.00,yes
2026-10-03T20:45:39.829096Z,0.0700,230.60,yes
2026-10-03T20:45:39.829096Z,0.0700,167.39,yes
2026-10-03T20:45:39.829096Z,0.0700,760.00,yes
2026-10-03T20:45:39.942294Z,0.0700,67.06,yes
2026-10-03T20:45:39.959762Z,0.0700,26.82,yes
2026-10-03T20:45:40.073418Z,0.0700,134.12,yes
2026-10-03T20:45:41.163532Z,0.0700,100.97,yes
2026-10-03T20:45:41.163532Z,0.0700,301.40,yes
2026-10-03T20:45:41.776576Z,0.0800,84.31,yes
2026-10-03T20:45:42.254063Z,0.0800,117.43,yes
2026-10-03T20:45:43.346952Z,0.0800,27.24,yes
2026-10-03T20:45:45.034411Z,0.0800,211.38,yes
2026-10-03T20:45:46.048817Z,0.0800,291.16,yes
2026-10-03T20:45:46.048817Z,0.0800,2.55,yes
2026-10-03T20:45:46.095784Z,0.0700,62.42,no
2026-10-03T20:45:46.468086Z,0.0800,23.48,yes
2026-10-03T20:45:49.408121Z,0.0800,287.72,yes
2026-10-03T20:45:51.20852Z,0.0800,58.71,yes
2026-10-03T20:45:52.619735Z,0.0800,117.43,yes
2026-10-03T20:45:52.729728Z,0.0800,58.71,yes
2026-10-03T20:45:53.951238Z,0.0800,23.48,yes
2026-10-03T20:45:54.422516Z,0.0800,35.23,yes
2026-10-03T20:45:56.124409Z,0.0800,10.00,yes
2026-10-03T20:45:56.473474Z,0.0800,117.43,yes
2026-10-03T20:45:56.508932Z,0.0800,20.26,yes
2026-10-03T20:45:56.508932Z,0.0800,38.45,yes
2026-10-03T20:45:58.482198Z,0.0800,58.71,yes
2026-10-03T20:45:59.708492Z,0.0800,234.87,yes
2026-10-03T20:46:00.073642Z,0.0800,755.00,yes
2026-10-03T20:46:00.073642Z,0.0800,2500.00,yes
2026-10-03T20:46:00.073642Z,0.0800,422.97,yes
2026-10-03T20:46:00.073642Z,0.0800,755.00,yes
2026-10-03T20:46:00.073642Z,0.0800,755.00,yes
2026-10-03T20:46:00.073642Z,0.0800,755.00,yes
2026-10-03T20:46:00.073642Z,0.0800,935.43,yes
2026-10-03T20:46:00.073642Z,0.0800,755.00,yes
2026-10-03T20:46:00.242777Z,0.0800,64.57,yes
2026-10-03T20:46:00.242777Z,0.0800,170.30,yes
2026-10-03T20:46:00.587709Z,0.0800,50.00,yes
2026-10-03T20:46:00.923074Z,0.0800,469.74,yes
2026-10-03T20:46:00.956038Z,0.0800,176.15,yes
2026-10-03T20:46:02.761Z,0.0800,587.18,yes
2026-10-03T20:46:04.049189Z,0.0800,29.35,yes
2026-10-03T20:46:04.842322Z,0.0800,58.71,yes
2026-10-03T20:46:06.536045Z,0.0800,58.71,yes
2026-10-03T20:46:06.772751Z,0.0800,85.96,yes
2026-10-03T20:46:09.317342Z,0.0800,140.92,yes
2026-10-03T20:46:10.351535Z,0.0800,293.59,yes
2026-10-03T20:46:10.79867Z,0.0800,709.50,yes
2026-10-03T20:46:10.79867Z,0.0800,509.49,yes
2026-10-03T20:46:10.886236Z,0.0800,23.48,yes
2026-10-03T20:46:10.890316Z,0.0800,234.87,yes
2026-10-03T20:46:12.100527Z,0.0800,587.18,yes
2026-10-03T20:46:12.501663Z,0.0800,5.87,yes
2026-10-03T20:46:13.398889Z,0.0800,58.71,yes
2026-10-03T20:46:16.075438Z,0.0800,129.18,yes
2026-10-03T20:46:16.429421Z,0.0700,163.05,no
2026-10-03T20:46:16.429421Z,0.0700,71.20,no
2026-10-03T20:46:17.395398Z,0.0700,11.70,no
2026-10-03T20:46:18.395168Z,0.0800,597.40,yes
2026-10-03T20:46:20.886222Z,0.0800,11.74,yes
2026-10-03T20:46:21.837516Z,0.0800,293.59,yes
2026-10-03T20:46:22.40593Z,0.0800,11.39,yes
2026-10-03T20:46:23.593945Z,0.0800,117.43,yes
2026-10-03T20:46:24.592735Z,0.0800,112.73,yes
2026-10-03T20:46:27.113316Z,0.0800,52.84,yes
2026-10-03T20:46:30.327855Z,0.0800,96.29,yes
2026-10-03T20:46:34.644936Z,0.0800,93.94,yes
2026-10-03T20:46:35.99223Z,0.0800,11.74,yes
2026-10-03T20:46:36.856541Z,0.0800,261.05,yes
2026-10-03T20:46:36.856541Z,0.0800,572.75,yes
2026-10-03T20:46:37.849331Z,0.0800,58.71,yes
2026-10-03T20:46:38.145011Z,0.0800,22.00,yes
2026-10-03T20:46:38.145011Z,0.0800,619.70,yes
2026-10-03T20:46:38.145011Z,0.0800,501.13,yes
2026-10-03T20:46:38.145011Z,0.0800,31.54,yes
2026-10-03T20:46:38.893956Z,0.0800,35.23,yes
2026-10-03T20:46:41.122732Z,0.0800,117.43,yes
2026-10-03T20:46:41.691703Z,0.0800,28.65,yes
2026-10-03T20:46:43.660441Z,0.0700,1405.84,no
2026-10-03T20:46:44.358206Z,0.0800,64.47,yes
2026-10-03T20:46:45.505482Z,0.0800,912.00,yes
2026-10-03T20:46:45.505482Z,0.0800,390.53,yes
2026-10-03T20:46:45.505482Z,0.0800,2156.34,yes
2026-10-03T20:46:46.523549Z,0.0800,3.28,yes
2026-10-03T20:46:46.70239Z,0.0800,246.61,yes
2026-10-03T20:46:47.072227Z,0.0700,1.72,no
2026-10-03T20:46:47.185369Z,0.0800,119.90,yes
2026-10-03T20:46:50.118793Z,0.0800,46.97,yes
2026-10-03T20:46:50.15902Z,0.0800,1115.65,yes
2026-10-03T20:46:52.197561Z,0.0800,2.34,yes
2026-10-03T20:46:52.9607Z,0.0800,23.48,yes
2026-10-03T20:46:52.971063Z,0.0800,11.74,yes
2026-10-03T20:46:53.605237Z,0.0800,117.43,yes
2026-10-03T20:46:54.913529Z,0.0800,117.43,yes
2026-10-03T20:46:55.296227Z,0.0800,270.10,yes
2026-10-03T20:46:56.011605Z,0.0800,50.00,yes
2026-10-03T20:46:56.139796Z,0.0800,18.55,yes
2026-10-03T20:46:58.292431Z,0.0800,46.97,yes
2026-10-03T20:46:58.373319Z,0.0800,327.35,yes
2026-10-03T20:46:58.373319Z,0.0800,259.83,yes
2026-10-03T20:46:58.816785Z,0.0800,58.71,yes
2026-10-03T20:46:59.02758Z,0.0800,23.48,yes
2026-10-03T20:47:01.540274Z,0.0800,1174.37,yes
2026-10-03T20:47:01.850074Z,0.0800,11.74,yes
2026-10-03T20:47:02.39161Z,0.0800,35.23,yes
2026-10-03T20:47:02.632306Z,0.0800,23.48,yes
2026-10-03T20:47:02.911739Z,0.0800,58.71,yes
2026-10-03T20:47:03.346135Z,0.0800,528.45,yes
2026-10-03T20:47:03.346135Z,0.0800,58.73,yes
2026-10-03T20:47:03.496303Z,0.0900,2500.00,yes
2026-10-03T20:47:03.496303Z,0.0900,755.00,yes
2026-10-03T20:47:03.496303Z,0.0900,755.00,yes
2026-10-03T20:47:03.496303Z,0.0900,755.00,yes
2026-10-03T20:47:03.496303Z,0.0900,2360.45,yes
2026-10-03T20:47:03.496303Z,0.0900,755.00,yes
2026-10-03T20:47:03.496303Z,0.0800,55.00,yes
2026-10-03T20:47:03.496303Z,0.0800,289.00,yes
2026-10-03T20:47:03.496303Z,0.0800,74.15,yes
2026-10-03T20:47:05.307515Z,0.0700,1171.28,no
2026-10-03T20:47:05.949922Z,0.0800,18.32,yes
2026-10-03T20:47:06.721511Z,0.0800,7.04,yes
2026-10-03T20:47:07.989949Z,0.0900,83.88,yes
2026-10-03T20:47:07.989949Z,0.0900,139.55,yes
2026-10-03T20:47:07.989949Z,0.0800,101.08,yes
2026-10-03T20:47:08.447279Z,0.0800,58.71,yes
2026-10-03T20:47:11.369406Z,0.0800,11.74,yes
2026-10-03T20:47:11.437083Z,0.0800,0.20,yes
2026-10-03T20:47:12.248463Z,0.0800,789.53,yes
2026-10-03T20:47:12.248463Z,0.0800,152.00,yes
2026-10-03T20:47:12.248463Z,0.0800,58.47,yes
2026-10-03T20:47:12.262008Z,0.0800,193.04,yes
2026-10-03T20:47:14.149651Z,0.0900,522.28,yes
2026-10-03T20:47:14.422177Z,0.0900,3.13,yes
2026-10-03T20:47:16.131882Z,0.0900,104.45,yes
2026-10-03T20:47:18.564137Z,0.0900,43.55,yes
2026-10-03T20:47:18.949443Z,0.0900,52.22,yes
2026-10-03T20:47:19.380361Z,0.0900,20.89,yes
2026-10-03T20:47:20.316781Z,0.0900,20.89,yes
2026-10-03T20:47:20.707624Z,0.0800,468.51,no
2026-10-03T20:47:21.792937Z,0.0900,104.45,yes
2026-10-03T20:47:22.017158Z,0.0900,208.91,yes
2026-10-03T20:47:22.363134Z,0.0900,52.22,yes
2026-10-03T20:47:24.163224Z,0.1000,6.00,yes
2026-10-03T20:47:24.163224Z,0.1000,5.00,yes
2026-10-03T20:47:24.163224Z,0.1000,218.72,yes
2026-10-03T20:47:24.163224Z,0.0900,82.57,yes
2026-10-03T20:47:24.163224Z,0.0900,105.00,yes
2026-10-03T20:47:24.163224Z,0.0900,90.00,yes
2026-10-03T20:47:25.68527Z,0.1000,1.00,yes
2026-10-03T20:47:25.68527Z,0.1000,46.03,yes
2026-10-03T20:47:27.137905Z,0.1000,47.03,yes
2026-10-03T20:47:28.538352Z,0.0800,117.67,no
2026-10-03T20:47:28.538352Z,0.0800,16.45,no
2026-10-03T20:47:29.132111Z,0.0800,2.34,no
2026-10-03T20:47:30.22541Z,0.0900,1044.57,yes
2026-10-03T20:47:31.429992Z,0.0900,42.40,yes
2026-10-03T20:47:32.350247Z,0.0900,73.12,yes
2026-10-03T20:47:33.142262Z,0.0900,15.91,yes
2026-10-03T20:47:33.142262Z,0.0900,29.45,yes
2026-10-03T20:47:34.733397Z,0.0900,20.89,yes
2026-10-03T20:47:35.027295Z,0.0900,10.44,yes
2026-10-03T20:47:35.597981Z,0.0900,365.60,yes
2026-10-03T20:47:35.758465Z,0.0900,0.09,yes
2026-10-03T20:47:35.895933Z,0.0900,17.54,yes
2026-10-03T20:47:37.082405Z,0.0900,302.13,yes
2026-10-03T20:47:37.082405Z,0.0900,731.99,yes
2026-10-03T20:47:37.494392Z,0.0900,313.37,yes
2026-10-03T20:47:40.446616Z,0.0900,52.22,yes
2026-10-03T20:47:40.487677Z,0.0900,104.45,yes
2026-10-03T20:47:41.159494Z,0.0900,104.45,yes
2026-10-03T20:47:41.411777Z,0.0900,453.20,yes
2026-10-03T20:47:41.411777Z,0.0900,299.38,yes
2026-10-03T20:47:42.781294Z,0.0900,20.89,yes
2026-10-03T20:47:44.260505Z,0.0900,20.88,yes
2026-10-03T20:47:46.027949Z,0.0900,52.22,yes
2026-10-03T20:47:46.374089Z,0.0900,73.12,yes
2026-10-03T20:47:46.983768Z,0.0900,5.22,yes
2026-10-03T20:47:47.680919Z,0.0900,550.47,yes
2026-10-03T20:47:47.680919Z,0.0900,650.78,yes
2026-10-03T20:47:52.119918Z,0.1000,94.07,yes
2026-10-03T20:47:59.855265Z,0.0900,52.22,yes
2026-10-03T20:48:00.319971Z,0.0900,1.04,yes
2026-10-03T20:48:01.292167Z,0.0900,20.89,yes
2026-10-03T20:48:03.694923Z,0.0900,5.00,yes
2026-10-03T20:48:04.17504Z,0.0900,50.24,yes
2026-10-03T20:48:04.278828Z,0.0900,104.45,yes
2026-10-03T20:48:04.613842Z,0.0900,233.84,yes
2026-10-03T20:48:04.613842Z,0.0900,766.16,yes
2026-10-03T20:48:04.973068Z,0.0900,10.44,yes
2026-10-03T20:48:05.544558Z,0.0900,52.22,yes
2026-10-03T20:48:05.885087Z,0.0900,52.22,yes
2026-10-03T20:48:06.734518Z,0.0900,52.22,yes
2026-10-03T20:48:07.255108Z,0.0900,104.45,yes
2026-10-03T20:48:08.543568Z,0.0800,253.00,no
2026-10-03T20:48:08.543568Z,0.0800,236.00,no
2026-10-03T20:48:08.543568Z,0.0800,236.00,no
2026-10-03T20:48:08.543568Z,0.0800,352.00,no
2026-10-03T20:48:08.543568Z,0.0800,352.00,no
2026-10-03T20:48:08.543568Z,0.0800,352.00,no
2026-10-03T20:48:08.543568Z,0.0800,352.00,no
2026-10-03T20:48:08.543568Z,0.0800,2867.00,no
2026-10-03T20:48:08.73267Z,0.0900,494.61,yes
2026-10-03T20:48:08.73267Z,0.0900,60.94,yes
2026-10-03T20:48:09.888964Z,0.0900,94.07,yes
2026-10-03T20:48:11.610107Z,0.0900,52.22,yes
2026-10-03T20:48:14.135544Z,0.0900,261.14,yes
2026-10-03T20:48:17.369714Z,0.0900,8.87,yes
2026-10-03T20:48:18.408128Z,0.0900,89.83,yes
2026-10-03T20:48:19.153675Z,0.0900,52.22,yes
2026-10-03T20:48:20.195352Z,0.0900,261.14,yes
2026-10-03T20:48:20.462611Z,0.0900,52.22,yes
2026-10-03T20:48:20.96307Z,0.0900,52.22,yes
2026-10-03T20:48:21.170254Z,0.0900,300.00,yes
2026-10-03T20:48:23.567355Z,0.0900,90.81,yes
2026-10-03T20:48:34.236225Z,0.0900,208.90,yes
2026-10-03T20:48:34.236225Z,0.0900,0.01,yes
2026-10-03T20:48:34.522763Z,0.0800,347.29,no
2026-10-03T20:48:34.522763Z,0.0800,388.00,no
2026-10-03T20:48:34.522763Z,0.0800,388.00,no
2026-10-03T20:48:34.522763Z,0.0800,388.00,no
2026-10-03T20:48:34.522763Z,0.0800,638.00,no
2026-10-03T20:48:34.522763Z,0.0800,1000.00,no
2026-10-03T20:48:34.522763Z,0.0800,388.00,no
2026-10-03T20:48:35.009508Z,0.0800,233.95,no
2026-10-03T20:48:35.738017Z,0.0900,114.90,yes
2026-10-03T20:48:36.881587Z,0.0900,699.86,yes
2026-10-03T20:48:37.269395Z,0.0900,104.45,yes
2026-10-03T20:48:40.52767Z,0.0900,256.12,yes
2026-10-03T20:48:41.806016Z,0.0800,152.47,no
2026-10-03T20:48:44.368725Z,0.0900,142.27,yes
2026-10-03T20:48:45.627812Z,0.0900,52.22,yes
2026-10-03T20:48:46.513776Z,0.0900,8.56,yes
2026-10-03T20:48:51.250299Z,0.0900,52.22,yes
2026-10-03T20:48:51.405213Z,0.0900,522.28,yes
2026-10-03T20:48:52.405139Z,0.0900,52.22,yes
2026-10-03T20:48:52.46231Z,0.0900,20.89,yes
2026-10-03T20:48:53.847063Z,0.0900,227.00,yes
2026-10-03T20:48:54.821762Z,0.0900,104.45,yes
2026-10-03T20:48:57.221839Z,0.0900,20.89,yes
2026-10-03T20:48:59.044049Z,0.0900,35.00,yes
2026-10-03T20:49:00.201861Z,0.0900,31.33,yes
2026-10-03T20:49:00.462318Z,0.0900,104.45,yes
2026-10-03T20:49:01.461674Z,0.0900,156.68,yes
2026-10-03T20:49:02.748338Z,0.0900,104.45,yes
2026-10-03T20:49:05.876783Z,0.0900,5.22,yes
2026-10-03T20:49:08.381631Z,0.0900,156.68,yes
2026-10-03T20:49:08.440831Z,0.0800,39.08,no
2026-10-03T20:49:08.753071Z,0.0900,522.28,yes
2026-10-03T20:49:09.984685Z,0.0900,5.22,yes
2026-10-03T20:49:11.888836Z,0.0800,54.04,no
2026-10-03T20:49:12.456339Z,0.0800,166.50,no
2026-10-03T20:49:12.70725Z,0.0900,52.22,yes
2026-10-03T20:49:14.496087Z,0.0900,51.28,yes
2026-10-03T20:49:17.386426Z,0.0900,52.22,yes
2026-10-03T20:49:19.7685Z,0.0900,261.14,yes
2026-10-03T20:49:20.128353Z,0.0900,146.24,yes
2026-10-03T20:49:20.246227Z,0.0900,104.45,yes
2026-10-03T20:49:21.062264Z,0.0900,9.08,yes
2026-10-03T20:49:22.949123Z,0.0900,104.45,yes
2026-10-03T20:49:23.374162Z,0.0900,522.28,yes
2026-10-03T20:49:23.735309Z,0.0900,1022.60,yes
2026-10-03T20:49:23.735309Z,0.0900,1184.99,yes
2026-10-03T20:49:23.810805Z,0.0900,52.22,yes
2026-10-03T20:49:24.973893Z,0.0900,146.24,yes
2026-10-03T20:49:25.36136Z,0.0900,10.44,yes
2026-10-03T20:49:26.887677Z,0.0900,52.22,yes
2026-10-03T20:49:27.24853Z,0.0900,52.22,yes
2026-10-03T20:49:27.47643Z,0.0900,52.22,yes
2026-10-03T20:49:30.635835Z,0.0900,208.91,yes
2026-10-03T20:49:30.657453Z,0.0900,52.22,yes
2026-10-03T20:49:30.73277Z,0.0900,52.22,yes
2026-10-03T20:49:30.902259Z,0.0900,208.91,yes
2026-10-03T20:49:30.931957Z,0.0900,1000.00,yes
2026-10-03T20:49:30.943704Z,0.0900,1000.00,yes
2026-10-03T20:49:30.959137Z,0.0900,921.08,yes
2026-10-03T20:49:30.959137Z,0.0900,0.01,yes
2026-10-03T20:49:33.62867Z,0.1000,16.93,yes
2026-10-03T20:49:33.62867Z,0.1000,29.10,yes
2026-10-03T20:49:33.62867Z,0.1000,1.00,yes
2026-10-03T20:49:34.369296Z,0.1000,1.00,yes
2026-10-03T20:49:34.369296Z,0.1000,1.00,yes
2026-10-03T20:49:34.369296Z,0.1000,72.91,yes
2026-10-03T20:49:34.369296Z,0.1000,64.97,yes
2026-10-03T20:49:35.479983Z,0.0900,93.76,no
2026-10-03T20:49:40.696094Z,0.1000,141.11,yes
2026-10-03T20:49:41.073016Z,0.1000,47.03,yes
2026-10-03T20:49:46.386011Z,0.1000,174.07,yes
2026-10-03T20:49:46.386011Z,0.1000,296.29,yes
2026-10-03T20:49:47.147849Z,0.1000,47.03,yes
2026-10-03T20:49:47.533469Z,0.1000,188.14,yes
2026-10-03T20:49:48.777045Z,0.1000,9.40,yes
2026-10-03T20:49:50.448352Z,0.1000,47.03,yes
2026-10-03T20:49:57.011233Z,0.1000,47.03,yes
2026-10-03T20:49:58.570646Z,0.1000,0.94,yes
2026-10-03T20:49:59.64433Z,0.1000,49.95,yes
2026-10-03T20:49:59.995394Z,0.1000,94.07,yes
2026-10-03T20:50:01.650132Z,0.1000,47.03,yes
2026-10-03T20:50:01.781522Z,0.1000,376.29,yes
2026-10-03T20:50:07.235378Z,0.1000,2.72,yes
2026-10-03T20:50:09.067856Z,0.1000,235.18,yes
2026-10-03T20:50:10.412451Z,0.1000,1204.13,yes
2026-10-03T20:50:10.506455Z,0.1000,83.25,yes
2026-10-03T20:50:11.459108Z,0.1000,833.25,yes
2026-10-03T20:50:20.434862Z,0.1000,563.00,yes
2026-10-03T20:50:21.028514Z,0.1000,208.00,yes
2026-10-03T20:50:21.111951Z,0.1000,47.03,yes
2026-10-03T20:50:23.159773Z,0.1000,75.25,yes
2026-10-03T20:50:24.856005Z,0.1000,197.55,yes
2026-10-03T20:50:25.524076Z,0.1000,176.48,yes
2026-10-03T20:50:25.584143Z,0.1000,30.00,yes
2026-10-03T20:50:26.311486Z,0.1000,94.07,yes
2026-10-03T20:50:27.236867Z,0.0900,57.32,no
2026-10-03T20:50:27.236867Z,0.0900,36.44,no
2026-10-03T20:50:27.574974Z,0.1000,188.14,yes
2026-10-03T20:50:27.636129Z,0.0900,0.12,no
2026-10-03T20:50:31.116363Z,0.1000,470.36,yes
2026-10-03T20:50:32.401946Z,0.1000,39.51,yes
2026-10-03T20:50:34.33488Z,0.1000,41.58,yes
2026-10-03T20:50:35.250984Z,0.1000,4.70,yes
2026-10-03T20:50:42.294897Z,0.1000,7.43,yes
2026-10-03T20:50:44.481548Z,0.1000,94.07,yes
2026-10-03T20:50:49.163581Z,0.1000,47.03,yes
2026-10-03T20:50:49.207694Z,0.1000,18.15,yes
2026-10-03T20:50:49.383785Z,0.1000,47.03,yes
2026-10-03T20:50:53.098505Z,0.1000,235.18,yes
2026-10-03T20:50:53.366139Z,0.1000,18.81,yes
2026-10-03T20:50:54.084965Z,0.1000,470.36,yes
2026-10-03T20:50:57.341846Z,0.1000,47.03,yes
2026-10-03T20:50:57.823038Z,0.1000,2.35,yes
2026-10-03T20:51:01.297028Z,0.1000,9.40,yes
2026-10-03T20:51:03.88116Z,0.1000,18.81,yes
2026-10-03T20:51:08.754471Z,0.1000,1250.00,yes
2026-10-03T20:51:09.056848Z,0.1000,47.03,yes
2026-10-03T20:51:09.341356Z,0.1000,235.18,yes
2026-10-03T20:51:12.331041Z,0.1000,188.14,yes
2026-10-03T20:51:13.737614Z,0.1000,162.58,yes
2026-10-03T20:51:18.558911Z,0.1000,47.03,yes
2026-10-03T20:51:18.757954Z,0.1000,9.40,yes
2026-10-03T20:51:21.297633Z,0.0900,233.95,no
2026-10-03T20:51:21.473956Z,0.1000,94.07,yes
2026-10-03T20:51:21.786127Z,0.1000,18.81,yes
2026-10-03T20:51:22.961442Z,0.1000,470.36,yes
2026-10-03T20:51:27.266161Z,0.0900,563.00,no
2026-10-03T20:51:27.266161Z,0.0900,271.61,no
2026-10-03T20:51:27.266161Z,0.0900,563.00,no
2026-10-03T20:51:27.266161Z,0.0900,381.96,no
2026-10-03T20:51:27.266161Z,0.0900,563.00,no
2026-10-03T20:51:27.584218Z,0.1000,150.61,yes
2026-10-03T20:51:29.493195Z,0.1000,18.81,yes
2026-10-03T20:51:30.40423Z,0.0900,134.12,no
2026-10-03T20:51:34.629942Z,0.1000,470.36,yes
2026-10-03T20:51:38.376414Z,0.1000,9.40,yes
2026-10-03T20:51:40.12999Z,0.1000,75.25,yes
2026-10-03T20:51:42.259045Z,0.1000,54.15,yes
2026-10-03T20:51:42.259045Z,0.1000,39.92,yes
2026-10-03T20:51:42.833158Z,0.1000,47.03,yes
2026-10-03T20:51:43.747003Z,0.1000,417.55,yes
2026-10-03T20:51:43.747003Z,0.1000,523.18,yes
2026-10-03T20:51:44.60375Z,0.1000,94.07,yes
2026-10-03T20:51:45.907184Z,0.1000,47.03,yes
2026-10-03T20:51:47.294622Z,0.1000,282.22,yes
2026-10-03T20:51:49.640135Z,0.1000,940.73,yes
2026-10-03T20:51:50.443343Z,0.1000,18.81,yes
2026-10-03T20:51:51.288425Z,0.1000,28.22,yes
2026-10-03T20:51:54.555932Z,0.1000,18.81,yes
2026-10-03T20:51:56.775815Z,0.1000,1.00,yes
2026-10-03T20:51:59.118195Z,0.1000,413.92,yes
2026-10-03T20:52:01.774698Z,0.1000,100.28,yes
2026-10-03T20:52:01.774698Z,0.1000,132.01,yes
2026-10-03T20:52:01.774698Z,0.1000,144.00,yes
2026-10-03T20:52:02.546257Z,0.1000,9.40,yes
2026-10-03T20:52:05.610294Z,0.1000,554.18,yes
2026-10-03T20:52:11.008829Z,0.0700,15.81,no
2026-10-03T20:52:11.008829Z,0.0700,25.00,no
2026-10-03T20:52:11.008829Z,0.0700,1.00,no
2026-10-03T20:52:11.008829Z,0.0900,1.00,no
2026-10-03T20:52:11.560039Z,0.0900,2.35,yes
2026-10-03T20:52:12.725612Z,0.1000,200.00,yes
2026-10-03T20:52:12.725612Z,0.1000,2.00,yes
2026-10-03T20:52:12.725612Z,0.1000,94.00,yes
2026-10-03T20:52:12.725612Z,0.1000,2.00,yes
2026-10-03T20:52:12.725612Z,0.1000,36.61,yes
2026-10-03T20:52:12.725612Z,0.1000,1.00,yes
2026-10-03T20:52:20.596061Z,0.1100,8.55,yes
2026-10-03T20:52:21.064865Z,0.1100,68.46,yes
2026-10-03T20:52:22.183582Z,0.1100,42.78,yes
2026-10-03T20:52:24.323755Z,0.1100,42.78,yes
2026-10-03T20:52:29.167726Z,0.1100,60.50,yes
2026-10-03T20:52:30.265515Z,0.1100,8.55,yes
2026-10-03T20:52:33.192635Z,0.1100,6.84,yes
2026-10-03T20:52:33.249667Z,0.1100,1156.05,yes
2026-10-03T20:52:33.249667Z,0.1100,1.00,yes
2026-10-03T20:52:33.249667Z,0.1100,1.00,yes
2026-10-03T20:52:33.249667Z,0.1100,1.00,yes
2026-10-03T20:52:33.249667Z,0.1100,3.00,yes
2026-10-03T20:52:33.249667Z,0.1100,121.61,yes
2026-10-03T20:52:36.490844Z,0.1100,855.77,yes
2026-10-03T20:52:36.593981Z,0.1000,23.42,no
2026-10-03T20:52:40.800427Z,0.1000,8.55,yes
2026-10-03T20:52:44.269075Z,0.1000,106.27,yes
2026-10-03T20:52:44.269075Z,0.1000,48.66,yes
2026-10-03T20:52:47.822138Z,0.0900,25.00,yes
2026-10-03T20:52:47.822138Z,0.1000,22.03,yes
2026-10-03T20:52:48.706189Z,0.0900,28.22,yes
2026-10-03T20:52:49.227767Z,0.0800,1.00,no
2026-10-03T20:52:49.227767Z,0.0800,92.76,no
2026-10-03T20:52:49.835141Z,0.0900,10.44,yes
2026-10-03T20:52:49.890704Z,0.0900,52.22,yes
2026-10-03T20:52:51.580175Z,0.0900,83.00,yes
2026-10-03T20:52:51.71378Z,0.0900,1.98,yes
2026-10-03T20:52:54.505008Z,0.0900,0.94,yes
2026-10-03T20:52:55.488505Z,0.0900,0.31,yes
2026-10-03T20:52:55.488505Z,0.0900,156.37,yes
2026-10-03T20:52:55.568896Z,0.0900,171.15,yes
2026-10-03T20:52:58.889976Z,0.0900,104.45,yes
2026-10-03T20:52:59.611952Z,0.0900,10.44,yes
2026-10-03T20:53:00.086942Z,0.0900,52.22,yes
2026-10-03T20:53:02.01835Z,0.0900,2.08,yes
2026-10-03T20:53:06.055028Z,0.1100,1.00,yes
2026-10-03T20:53:06.055028Z,0.1100,1.00,yes
2026-10-03T20:53:06.055028Z,0.1100,1.00,yes
2026-10-03T20:53:06.055028Z,0.1100,2.00,yes
2026-10-03T20:53:06.055028Z,0.1100,1.00,yes
2026-10-03T20:53:06.055028Z,0.1100,8.00,yes
2026-10-03T20:53:06.055028Z,0.0900,0.01,yes
2026-10-03T20:53:06.055028Z,0.1000,92.00,yes
2026-10-03T20:53:06.055028Z,0.1100,29.70,yes
2026-10-03T20:53:06.055028Z,0.1000,1.00,yes
2026-10-03T20:53:09.211824Z,0.1100,8.55,yes
2026-10-03T20:53:12.133583Z,0.1100,85.00,yes
2026-10-03T20:53:12.133583Z,0.1100,84.15,yes
2026-10-03T20:53:12.133583Z,0.1100,2.00,yes
2026-10-03T20:53:12.560786Z,0.1100,60.99,yes
2026-10-03T20:53:12.560786Z,0.1100,15.85,yes
2026-10-03T20:53:12.783748Z,0.1100,0.07,yes
2026-10-03T20:53:13.202192Z,0.1100,299.52,yes
2026-10-03T20:53:15.329681Z,0.1100,40.78,yes
2026-10-03T20:53:15.329681Z,0.1100,2.00,yes
2026-10-03T20:53:15.383539Z,0.1100,42.78,yes
2026-10-03T20:53:16.187698Z,0.1100,28.26,yes
2026-10-03T20:53:16.187698Z,0.1100,399.59,yes
2026-10-03T20:53:16.187698Z,0.1100,0.03,yes
2026-10-03T20:53:18.350697Z,0.1000,111.82,no
2026-10-03T20:53:18.350697Z,0.1000,10.91,no
2026-10-03T20:53:18.350697Z,0.1000,30.00,no
2026-10-03T20:53:18.350697Z,0.1000,280.00,no
2026-10-03T20:53:18.350697Z,0.1000,182.44,no
2026-10-03T20:53:18.350697Z,0.1000,45.00,no
2026-10-03T20:53:20.61274Z,0.1100,2096.65,yes
2026-10-03T20:53:21.595956Z,0.1100,128.36,yes
2026-10-03T20:53:25.252126Z,0.1100,42.78,yes
2026-10-03T20:53:28.659069Z,0.1100,0.59,yes
2026-10-03T20:53:29.045407Z,0.1100,25.67,yes
2026-10-03T20:53:29.298056Z,0.1100,42.78,yes
2026-10-03T20:53:29.621178Z,0.1100,8.55,yes
2026-10-03T20:53:29.81048Z,0.1100,85.57,yes
2026-10-03T20:53:29.97628Z,0.1100,427.88,yes
2026-10-03T20:53:31.197371Z,0.1100,42.78,yes
2026-10-03T20:53:32.677637Z,0.1100,42.78,yes
2026-10-03T20:53:32.959424Z,0.1100,171.15,yes
2026-10-03T20:53:35.819911Z,0.1100,684.62,yes
2026-10-03T20:53:37.423467Z,0.1100,1855.33,yes
2026-10-03T20:53:37.423467Z,0.1100,161.84,yes
2026-10-03T20:53:38.203972Z,0.1100,63.58,yes
2026-10-03T20:53:38.88241Z,0.1100,36.19,yes
2026-10-03T20:53:39.037434Z,0.1000,117.12,no
2026-10-03T20:53:40.985672Z,0.1100,4.27,yes
2026-10-03T20:53:41.238676Z,0.1100,40.63,yes
2026-10-03T20:53:41.238676Z,0.1100,387.25,yes
2026-10-03T20:53:43.600627Z,0.1100,85.57,yes
2026-10-03T20:53:45.086142Z,0.1000,23.42,no
2026-10-03T20:53:50.721904Z,0.1000,23.46,no
2026-10-03T20:53:50.721904Z,0.1000,70.30,no
2026-10-03T20:53:51.83864Z,0.1100,427.88,yes
2026-10-03T20:53:56.669428Z,0.1000,175.69,no
2026-10-03T20:53:58.453974Z,0.1000,312.13,no
2026-10-03T20:53:58.834275Z,0.1000,2.34,no
2026-10-03T20:53:59.571298Z,0.1000,0.11,no
2026-10-03T20:54:00.474552Z,0.1100,85.57,yes
2026-10-03T20:54:01.282645Z,0.1100,17.11,yes
2026-10-03T20:54:04.179346Z,0.1100,68.46,yes
2026-10-03T20:54:08.328533Z,0.1100,128.36,yes
2026-10-03T20:54:11.720485Z,0.1100,171.15,yes
2026-10-03T20:54:12.57815Z,0.1100,42.78,yes
2026-10-03T20:54:12.890199Z,0.1100,8.55,yes
2026-10-03T20:54:13.013782Z,0.1100,30.00,yes
2026-10-03T20:54:14.824254Z,0.1100,2.13,yes
2026-10-03T20:54:23.196463Z,0.1100,85.57,yes
2026-10-03T20:54:24.846154Z,0.1100,550.26,yes
2026-10-03T20:54:29.942137Z,0.1100,154.48,yes
2026-10-03T20:54:29.942137Z,0.1100,2.00,yes
2026-10-03T20:54:29.942137Z,0.1100,0.01,yes
2026-10-03T20:54:29.942137Z,0.1200,13.41,yes
2026-10-03T20:54:33.479771Z,0.1200,23.42,yes
2026-10-03T20:54:33.479771Z,0.1200,52.91,yes
2026-10-03T20:54:33.479771Z,0.1200,10.01,yes
2026-10-03T20:54:36.047761Z,0.1100,25.00,no
2026-10-03T20:54:37.037679Z,0.1100,0.01,yes
2026-10-03T20:54:37.037679Z,0.1200,43.07,yes
2026-10-03T20:54:37.037679Z,0.1200,2.00,yes
2026-10-03T20:54:37.037679Z,0.1200,3.00,yes
2026-10-03T20:54:37.037679Z,0.1200,7.00,yes
2026-10-03T20:54:37.037679Z,0.1200,2.00,yes
2026-10-03T20:54:37.037679Z,0.1200,1.00,yes
2026-10-03T20:54:37.037679Z,0.1200,3.00,yes
2026-10-03T20:54:37.037679Z,0.1200,17.34,yes
2026-10-03T20:54:37.690359Z,0.1200,0.01,yes
2026-10-03T20:54:37.690359Z,0.1100,0.01,yes
2026-10-03T20:54:37.690359Z,0.1300,28.18,yes
2026-10-03T20:54:37.690359Z,0.1300,58.93,yes
2026-10-03T20:54:37.690359Z,0.1300,1.00,yes
2026-10-03T20:54:37.690359Z,0.1300,1.00,yes
2026-10-03T20:54:37.690359Z,0.1300,2.00,yes
2026-10-03T20:54:37.690359Z,0.1300,2.00,yes
2026-10-03T20:54:37.690359Z,0.1300,1.00,yes
2026-10-03T20:54:38.039238Z,0.1200,14.37,yes
2026-10-03T20:54:44.748986Z,0.1200,0.01,yes
2026-10-03T20:54:44.748986Z,0.1200,0.01,yes
2026-10-03T20:54:44.748986Z,0.1300,23.70,yes
2026-10-03T20:54:44.748986Z,0.1200,2.00,yes
2026-10-03T20:54:44.748986Z,0.1100,2.00,yes
2026-10-03T20:54:44.748986Z,0.1100,0.01,yes
2026-10-03T20:54:45.017052Z,0.1100,87.63,yes
2026-10-03T20:54:45.017052Z,0.1200,0.01,yes
2026-10-03T20:54:45.017052Z,0.1100,25.00,yes
2026-10-03T20:54:45.017052Z,0.1200,0.01,yes
2026-10-03T20:54:45.017052Z,0.1200,19.02,yes
2026-10-03T20:54:45.017052Z,0.1100,50.00,yes
2026-10-03T20:54:46.387507Z,0.1200,0.22,yes
2026-10-03T20:54:46.387507Z,0.1100,22.42,yes
2026-10-03T20:54:46.387507Z,0.1100,0.01,yes
2026-10-03T20:54:46.387507Z,0.1100,85.00,yes
2026-10-03T20:54:46.387507Z,0.1200,0.01,yes
2026-10-03T20:54:46.387507Z,0.1100,102.00,yes
2026-10-03T20:54:47.197291Z,0.1100,0.01,yes
2026-10-03T20:54:50.46523Z,0.1300,1.00,yes
2026-10-03T20:54:50.46523Z,0.1200,2.00,yes
2026-10-03T20:54:50.46523Z,0.1200,0.01,yes
2026-10-03T20:54:50.46523Z,0.1300,17.12,yes
2026-10-03T20:54:50.46523Z,0.1200,1.83,yes
2026-10-03T20:54:50.46523Z,0.1200,0.01,yes
2026-10-03T20:54:52.672304Z,0.1200,0.01,yes
2026-10-03T20:54:52.672304Z,0.1300,50.68,yes
2026-10-03T20:54:55.904838Z,0.1100,0.01,yes
2026-10-03T20:54:55.904838Z,0.1200,0.01,yes
2026-10-03T20:54:55.904838Z,0.1200,0.01,yes
2026-10-03T20:54:55.904838Z,0.1200,39.15,yes
2026-10-03T20:54:57.046242Z,0.1200,7.84,yes
2026-10-03T20:54:57.818985Z,0.1200,39.24,yes
2026-10-03T20:55:00.182695Z,0.1200,48.51,yes
2026-10-03T20:55:01.533274Z,0.1200,15.69,yes
2026-10-03T20:55:01.77196Z,0.1200,7.84,yes
2026-10-03T20:55:02.478689Z,0.1200,39.24,yes
2026-10-03T20:55:03.974386Z,0.1200,771.00,yes
2026-10-03T20:55:03.974386Z,0.1200,0.01,yes
2026-10-03T20:55:03.974386Z,0.1200,0.01,yes
2026-10-03T20:55:07.997251Z,0.1300,36.25,yes
2026-10-03T20:55:14.812927Z,0.1300,72.50,yes
2026-10-03T20:55:18.28846Z,0.1300,14.50,yes
2026-10-03T20:55:21.22023Z,0.1300,362.53,yes
2026-10-03T20:55:23.107015Z,0.1300,181.26,yes
2026-10-03T20:55:24.590463Z,0.1300,43.50,yes
2026-10-03T20:55:25.350466Z,0.1300,36.25,yes
2026-10-03T20:55:26.965061Z,0.1300,145.01,yes
2026-10-03T20:55:27.217567Z,0.1300,21.75,yes
2026-10-03T20:55:27.2667Z,0.1200,239.02,no
2026-10-03T20:55:27.2667Z,0.1200,264.00,no
2026-10-03T20:55:27.2667Z,0.1200,100.54,no
2026-10-03T20:55:30.077744Z,0.1300,72.50,yes
2026-10-03T20:55:30.731137Z,0.1300,72.50,yes
2026-10-03T20:55:33.045533Z,0.1300,7.25,yes
2026-10-03T20:55:33.455847Z,0.1300,12.75,yes
2026-10-03T20:55:33.455847Z,0.1300,168.51,yes
2026-10-03T20:55:34.229737Z,0.1400,1.00,yes
2026-10-03T20:55:34.229737Z,0.1400,8.47,yes
2026-10-03T20:55:34.229737Z,0.1400,1.00,yes
2026-10-03T20:55:34.229737Z,0.1400,3.00,yes
2026-10-03T20:55:35.268172Z,0.1400,168.43,yes
2026-10-03T20:55:40.478827Z,0.1400,67.37,yes
2026-10-03T20:55:42.170925Z,0.1400,20.21,yes
2026-10-03T20:55:42.232981Z,0.1400,1.14,yes
2026-10-03T20:55:43.606793Z,0.1400,67.37,yes
2026-10-03T20:55:46.576457Z,0.1400,437.00,yes
2026-10-03T20:55:46.715979Z,0.1400,336.86,yes
2026-10-03T20:55:46.900921Z,0.1400,2472.57,yes
2026-10-03T20:55:47.113906Z,0.1300,85.96,no
2026-10-03T20:55:50.102147Z,0.1400,101.05,yes
2026-10-03T20:55:50.781107Z,0.1400,168.43,yes
2026-10-03T20:55:53.101311Z,0.1300,17.88,no
2026-10-03T20:55:53.101311Z,0.1300,10.00,no
2026-10-03T20:55:53.101311Z,0.1300,30.83,no
2026-10-03T20:55:54.11987Z,0.1400,33.68,yes
2026-10-03T20:55:54.499947Z,0.1400,62.00,yes
2026-10-03T20:55:56.144204Z,0.1400,1444.10,yes
2026-10-03T20:55:56.144204Z,0.1400,1055.42,yes
2026-10-03T20:55:56.870042Z,0.1400,202.11,yes
2026-10-03T20:55:57.766821Z,0.1400,336.86,yes
2026-10-03T20:56:00.365384Z,0.1400,33.68,yes
2026-10-03T20:56:00.964925Z,0.1400,67.00,yes
2026-10-03T20:56:00.964925Z,0.1400,10.00,yes
2026-10-03T20:56:00.964925Z,0.1400,2.00,yes
2026-10-03T20:56:00.964925Z,0.1400,6.32,yes
2026-10-03T20:56:00.964925Z,0.1500,51.94,yes
2026-10-03T20:56:04.063877Z,0.1400,38.31,yes
2026-10-03T20:56:05.041458Z,0.1500,4.31,yes
2026-10-03T20:56:05.041458Z,0.1500,152.99,yes
2026-10-03T20:56:07.051223Z,0.1400,60.11,yes
2026-10-03T20:56:07.051223Z,0.1400,1.89,yes
2026-10-03T20:56:07.105794Z,0.1400,25.00,yes
2026-10-03T20:56:07.105794Z,0.1500,34.17,yes
2026-10-03T20:56:07.334568Z,0.1500,1.05,yes
2026-10-03T20:56:09.26319Z,0.1400,67.37,yes
2026-10-03T20:56:10.343478Z,0.1400,20.21,yes
2026-10-03T20:56:11.716777Z,0.1400,3.68,yes
2026-10-03T20:56:11.716777Z,0.1400,5.00,yes
2026-10-03T20:56:11.716777Z,0.1400,25.00,yes
2026-10-03T20:56:12.539954Z,0.1400,53.89,yes
2026-10-03T20:56:12.855688Z,0.1400,33.68,yes
2026-10-03T20:56:13.702311Z,0.1300,1.01,no
2026-10-03T20:56:13.702311Z,0.1300,28.00,no
2026-10-03T20:56:13.702311Z,0.1300,10.00,no
2026-10-03T20:56:13.702311Z,0.1300,101.58,no
2026-10-03T20:56:13.894544Z,0.1300,67.37,yes
2026-10-03T20:56:15.418447Z,0.1300,52.50,yes
2026-10-03T20:56:15.418447Z,0.1300,20.00,yes
2026-10-03T20:56:16.399406Z,0.1300,7.25,yes
2026-10-03T20:56:18.940386Z,0.1200,1.00,no
2026-10-03T20:56:18.940386Z,0.1200,94.71,no
2026-10-03T20:56:18.940386Z,0.1200,25.00,no
2026-10-03T20:56:23.501318Z,0.1300,0.01,yes
2026-10-03T20:56:23.501318Z,0.1300,2.00,yes
2026-10-03T20:56:23.501318Z,0.1300,12.49,yes
2026-10-03T20:56:26.738072Z,0.1300,142.60,yes
2026-10-03T20:56:26.738072Z,0.1300,59.51,yes
2026-10-03T20:56:27.107576Z,0.1300,133.26,yes
2026-10-03T20:56:27.290912Z,0.1300,362.53,yes
2026-10-03T20:56:27.698543Z,0.1300,36.25,yes
2026-10-03T20:56:28.809689Z,0.1200,215.00,no
2026-10-03T20:56:28.809689Z,0.1200,215.00,no
2026-10-03T20:56:28.809689Z,0.1200,194.27,no
2026-10-03T20:56:29.563312Z,0.1300,14.50,yes
2026-10-03T20:56:30.319224Z,0.1300,6.60,yes
2026-10-03T20:56:35.389738Z,0.1300,362.53,yes
2026-10-03T20:56:38.897417Z,0.1300,7.75,yes
2026-10-03T20:56:41.154455Z,0.1200,215.00,no
2026-10-03T20:56:41.154455Z,0.1200,215.00,no
2026-10-03T20:56:41.154455Z,0.1200,20.73,no
2026-10-03T20:56:41.154455Z,0.1200,549.27,no
2026-10-03T20:56:41.36587Z,0.1300,36.25,yes
2026-10-03T20:56:43.38618Z,0.1300,7.25,yes
2026-10-03T20:56:44.35677Z,0.1300,1450.14,yes
2026-10-03T20:56:44.58213Z,0.1300,23.78,yes
2026-10-03T20:56:48.565446Z,0.1300,76.49,yes
2026-10-03T20:56:49.206304Z,0.1200,67.37,no
2026-10-03T20:56:49.772118Z,0.1300,14.50,yes
2026-10-03T20:56:52.6695Z,0.1300,130.51,yes
2026-10-03T20:56:54.496969Z,0.1300,72.50,yes
2026-10-03T20:56:54.860085Z,0.1300,268.27,yes
2026-10-03T20:56:55.505019Z,0.1300,145.01,yes
2026-10-03T20:56:57.29792Z,0.1300,4.20,yes
2026-10-03T20:56:57.839469Z,0.1300,0.02,yes
2026-10-03T20:57:02.006165Z,0.1200,0.01,yes
2026-10-03T20:57:02.006165Z,0.1200,2.00,yes
2026-10-03T20:57:02.006165Z,0.1200,3.99,yes
2026-10-03T20:57:02.028377Z,0.1200,30.00,yes
2026-10-03T20:57:05.840112Z,0.1300,52.50,yes
2026-10-03T20:57:05.840112Z,0.1300,20.00,yes
2026-10-03T20:57:06.313622Z,0.1400,50.00,yes
2026-10-03T20:57:06.313622Z,0.1400,25.00,yes
2026-10-03T20:57:06.313622Z,0.1300,0.01,yes
2026-10-03T20:57:06.313622Z,0.1400,10.00,yes
2026-10-03T20:57:06.313622Z,0.1400,2.00,yes
2026-10-03T20:57:06.313622Z,0.1400,105.55,yes
2026-10-03T20:57:06.313622Z,0.1400,2.00,yes
2026-10-03T20:57:06.313622Z,0.1400,2.00,yes
2026-10-03T20:57:06.313622Z,0.1300,2.00,yes
2026-10-03T20:57:06.313622Z,0.1300,19.50,yes
2026-10-03T20:57:06.313622Z,0.1500,107.35,yes
2026-10-03T20:57:06.593329Z,0.1400,3.04,yes
2026-10-03T20:57:06.593329Z,0.1300,5.00,yes
2026-10-03T20:57:06.593329Z,0.1300,0.01,yes
2026-10-03T20:57:08.09621Z,0.1400,6.60,yes
2026-10-03T20:57:08.655045Z,0.1400,67.37,yes
2026-10-03T20:57:09.204573Z,0.1300,20.21,yes
2026-10-03T20:57:12.33454Z,0.1400,33.82,yes
2026-10-03T20:57:18.730736Z,0.1300,0.01,yes
2026-10-03T20:57:18.730736Z,0.1400,3.57,yes
2026-10-03T20:57:20.384162Z,0.1300,0.01,yes
2026-10-03T20:57:20.384162Z,0.1400,6.66,yes
2026-10-03T20:57:22.325456Z,0.1400,2.00,yes
2026-10-03T20:57:22.325456Z,0.1400,22.95,yes
2026-10-03T20:57:22.325456Z,0.1400,7.39,yes
2026-10-03T20:57:22.325456Z,0.1300,0.01,yes
2026-10-03T20:57:22.325456Z,0.1400,50.00,yes
2026-10-03T20:57:22.325456Z,0.1400,25.00,yes
2026-10-03T20:57:22.325456Z,0.1500,25.48,yes
2026-10-03T20:57:24.198867Z,0.1400,104.49,yes
2026-10-03T20:57:24.198867Z,0.1400,58.00,yes
2026-10-03T20:57:24.198867Z,0.1300,0.01,yes
2026-10-03T20:57:24.198867Z,0.1400,25.00,yes
2026-10-03T20:57:24.198867Z,0.1400,40.00,yes
2026-10-03T20:57:24.198867Z,0.1500,89.91,yes
2026-10-03T20:57:25.6476Z,0.1300,0.01,yes
2026-10-03T20:57:25.6476Z,0.1400,99.92,yes
2026-10-03T20:57:25.846925Z,0.1400,0.05,yes
2026-10-03T20:57:25.846925Z,0.1300,0.01,yes
2026-10-03T20:57:26.755079Z,0.1300,0.01,yes
2026-10-03T20:57:26.755079Z,0.1400,29.09,yes
2026-10-03T20:57:26.755079Z,0.1400,4.52,yes
2026-10-03T20:57:27.01117Z,0.1400,27.38,yes
2026-10-03T20:57:27.01117Z,0.1400,2.00,yes
2026-10-03T20:57:27.01117Z,0.1400,37.91,yes
2026-10-03T20:57:27.01117Z,0.1300,0.01,yes
2026-10-03T20:57:28.524522Z,0.1300,0.01,yes
2026-10-03T20:57:28.524522Z,0.1300,14.49,yes
2026-10-03T20:57:28.526717Z,0.1300,17.51,yes
2026-10-03T20:57:28.526717Z,0.1400,113.98,yes
2026-10-03T20:57:32.508092Z,0.1100,0.01,no
2026-10-03T20:57:32.508092Z,0.1200,5.00,no
2026-10-03T20:57:32.508092Z,0.1100,22.21,no
2026-10-03T20:57:32.508092Z,0.1100,25.00,no
2026-10-03T20:57:40.128632Z,0.1300,0.01,yes
2026-10-03T20:57:40.128632Z,0.1300,13.48,yes
2026-10-03T20:57:40.818355Z,0.1300,25.00,yes
2026-10-03T20:57:40.818355Z,0.1300,0.01,yes
2026-10-03T20:57:40.818355Z,0.1300,2.00,yes
2026-10-03T20:57:40.818355Z,0.1300,26.52,yes
2026-10-03T20:57:40.818355Z,0.1400,17.08,yes
2026-10-03T20:57:44.048387Z,0.1300,3.62,yes
2026-10-03T20:57:44.697803Z,0.1300,21.75,yes
2026-10-03T20:57:46.298968Z,0.1300,25.76,yes
2026-10-03T20:57:49.257682Z,0.1300,36.25,yes
2026-10-03T20:57:54.827597Z,0.1300,7.25,yes
2026-10-03T20:57:58.011306Z,0.1300,36.25,yes
2026-10-03T20:58:01.501007Z,0.1300,36.25,yes
2026-10-03T20:58:02.635424Z,0.1100,0.13,no
2026-10-03T20:58:05.128191Z,0.1200,2.00,yes
2026-10-03T20:58:05.128191Z,0.1200,5.83,yes
2026-10-03T20:58:06.609352Z,0.1300,0.01,yes
2026-10-03T20:58:06.609352Z,0.1400,82.97,yes
2026-10-03T20:58:06.609352Z,0.1300,83.00,yes
2026-10-03T20:58:06.609352Z,0.1300,45.00,yes
2026-10-03T20:58:06.609352Z,0.1400,273.63,yes
2026-10-03T20:58:06.609352Z,0.1300,30.00,yes
2026-10-03T20:58:06.609352Z,0.1300,2.00,yes
2026-10-03T20:58:07.618513Z,0.1300,20.00,yes
2026-10-03T20:58:07.618513Z,0.1300,13.68,yes
2026-10-03T20:58:07.724045Z,0.1400,33.68,yes
2026-10-03T20:58:11.030985Z,0.1400,6.73,yes
2026-10-03T20:58:12.606947Z,0.1100,0.88,no
2026-10-03T20:58:12.606947Z,0.1000,1.00,no
2026-10-03T20:58:12.606947Z,0.1200,5.00,no
2026-10-03T20:58:12.606947Z,0.1000,56.70,no
2026-10-03T20:58:14.866108Z,0.1400,202.11,yes
2026-10-03T20:58:19.058626Z,0.1300,15.48,yes
2026-10-03T20:58:19.058626Z,0.1300,93.28,yes
2026-10-03T20:58:19.28633Z,0.1300,31.54,yes
2026-10-03T20:58:22.784617Z,0.1400,3.00,yes
2026-10-03T20:58:22.784617Z,0.1400,2.00,yes
2026-10-03T20:58:22.784617Z,0.1400,1.00,yes
2026-10-03T20:58:22.784617Z,0.1400,137.30,yes
2026-10-03T20:58:22.784617Z,0.1300,24.98,yes
2026-10-03T20:58:22.784617Z,0.1300,2.00,yes
2026-10-03T20:58:26.099072Z,0.1300,1.45,yes
2026-10-03T20:58:27.355151Z,0.1300,5.45,yes
2026-10-03T20:58:27.355151Z,0.1300,3.55,yes
2026-10-03T20:58:27.775349Z,0.1300,35.53,yes
2026-10-03T20:58:28.348695Z,0.1400,36.65,yes
2026-10-03T20:58:28.348695Z,0.1300,2.00,yes
2026-10-03T20:58:28.348695Z,0.1300,31.02,yes
2026-10-03T20:58:32.384373Z,0.1400,33.68,yes
2026-10-03T20:58:34.064587Z,0.1400,2.00,yes
2026-10-03T20:58:34.064587Z,0.1400,1.00,yes
2026-10-03T20:58:34.064587Z,0.1400,2.00,yes
2026-10-03T20:58:34.064587Z,0.1400,1.00,yes
2026-10-03T20:58:34.064587Z,0.1400,20.94,yes
2026-10-03T20:58:36.111656Z,0.1400,9.76,yes
2026-10-03T20:58:40.319755Z,0.1400,10.10,yes
2026-10-03T20:58:41.279354Z,0.1400,0.01,yes
2026-10-03T20:58:41.279354Z,0.1400,0.01,yes
2026-10-03T20:58:41.279354Z,0.1400,290.29,yes
2026-10-03T20:58:41.279354Z,0.1400,2.00,yes
2026-10-03T20:58:41.62315Z,0.1300,117.12,no
2026-10-03T20:58:41.803969Z,0.1400,35.92,no
2026-10-03T20:58:41.803969Z,0.1400,182.00,no
2026-10-03T20:58:41.803969Z,0.1400,182.00,no
2026-10-03T20:58:41.803969Z,0.1400,182.00,no
2026-10-03T20:58:41.836166Z,0.1300,68.62,no
2026-10-03T20:58:41.836166Z,0.1400,146.08,no
2026-10-03T20:58:41.836166Z,0.1400,18.29,no
2026-10-03T20:58:41.836166Z,0.1400,34.23,no
2026-10-03T20:58:42.844759Z,0.1400,2.68,no
2026-10-03T20:58:45.224494Z,0.1300,30.57,no
2026-10-03T20:58:45.224494Z,0.1400,10.00,no
2026-10-03T20:58:45.224494Z,0.1300,112.38,no
2026-10-03T20:58:45.224494Z,0.1300,181.00,no
2026-10-03T20:58:45.224494Z,0.1400,88.25,no
2026-10-03T20:58:45.224494Z,0.1400,1.00,no
2026-10-03T20:58:48.222798Z,0.1400,89.77,no
2026-10-03T20:58:48.222798Z,0.1400,3.68,no
2026-10-03T20:58:57.732255Z,0.1500,59.77,yes
2026-10-03T20:58:59.160354Z,0.1500,62.92,yes
2026-10-03T20:58:59.34015Z,0.1500,12.58,yes
2026-10-03T20:58:59.81873Z,0.1400,91.96,no
2026-10-03T20:58:59.81873Z,0.1400,68.68,no
2026-10-03T20:59:00.90634Z,0.1500,161.45,yes
2026-10-03T20:59:02.336443Z,0.1500,62.92,yes
2026-10-03T20:59:02.390956Z,0.1500,81.79,yes
2026-10-03T20:59:03.354273Z,0.1500,8.76,yes
2026-10-03T20:59:05.64756Z,0.1400,6.29,yes
2026-10-03T20:59:10.379623Z,0.1400,67.00,yes
2026-10-03T20:59:10.379623Z,0.1400,0.37,yes
2026-10-03T20:59:17.789441Z,0.1400,16.37,yes
2026-10-03T20:59:17.789441Z,0.1400,1.63,yes
2026-10-03T20:59:20.75056Z,0.1300,5.00,no
2026-10-03T20:59:20.75056Z,0.1100,85.80,no
2026-10-03T20:59:20.75056Z,0.1200,0.01,no
2026-10-03T20:59:22.291773Z,0.1400,13.47,yes
2026-10-03T20:59:22.456383Z,0.1400,33.68,yes
2026-10-03T20:59:22.806452Z,0.1400,3.25,yes
2026-10-03T20:59:22.806452Z,0.1400,3.48,yes
2026-10-03T20:59:23.395837Z,0.1400,3.86,yes
2026-10-03T20:59:23.395837Z,0.1400,2.00,yes
2026-10-03T20:59:24.427189Z,0.1400,33.68,yes
2026-10-03T20:59:25.653232Z,0.1400,10.98,yes
2026-10-03T20:59:26.860608Z,0.1400,168.43,yes
2026-10-03T20:59:28.081893Z,0.1400,101.05,yes
2026-10-03T20:59:29.639482Z,0.1400,13.47,yes
2026-10-03T20:59:29.8Z,0.1300,468.51,no
2026-10-03T20:59:30.849534Z,0.1400,14.08,yes
2026-10-03T20:59:39.56006Z,0.1400,219.58,yes
2026-10-03T20:59:39.56006Z,0.1400,117.28,yes
2026-10-03T20:59:46.505831Z,0.1400,282.72,yes
2026-10-03T20:59:46.505831Z,0.1400,54.14,yes
2026-10-03T20:59:47.687402Z,0.1400,5.52,yes
2026-10-03T20:59:48.995198Z,0.1400,101.05,yes
2026-10-03T20:59:53.186695Z,0.1400,67.37,yes
2026-10-03T20:59:54.753736Z,0.1400,3.06,yes
2026-10-03T20:59:54.864283Z,0.1400,32.47,yes
2026-10-03T21:00:01.386503Z,0.1400,67.37,yes
2026-10-03T21:00:02.416699Z,0.1400,33.68,yes
2026-10-03T21:00:03.277041Z,0.1400,168.43,yes
2026-10-03T21:00:04.436996Z,0.1300,70.27,no
2026-10-03T21:00:05.09799Z,0.1300,93.64,no
2026-10-03T21:00:11.077161Z,0.1400,20.21,yes
2026-10-03T21:00:12.810197Z,0.1400,3288.02,yes
2026-10-03T21:00:12.810197Z,0.1400,4796.70,yes
2026-10-03T21:00:14.103797Z,0.1400,673.72,yes
2026-10-03T21:00:15.046945Z,0.1300,5.85,no
2026-10-03T21:00:15.646211Z,0.1400,40.42,yes
2026-10-03T21:00:17.408333Z,0.1400,33.68,yes
2026-10-03T21:00:22.075549Z,0.1400,168.43,yes
2026-10-03T21:00:22.65673Z,0.1400,13.47,yes
2026-10-03T21:00:22.70283Z,0.1400,33.68,yes
2026-10-03T21:00:22.839375Z,0.1400,33.68,yes
2026-10-03T21:00:25.125684Z,0.1400,1.01,yes
2026-10-03T21:00:26.170528Z,0.1400,6.73,yes
2026-10-03T21:00:28.501015Z,0.1400,67.37,yes
2026-10-03T21:00:28.602118Z,0.1400,1.01,yes
2026-10-03T21:00:30.775493Z,0.1400,218.22,yes
2026-10-03T21:00:30.775493Z,0.1400,1000.00,yes
2026-10-03T21:00:30.775493Z,0.1400,88.80,yes
2026-10-03T21:00:30.775493Z,0.1400,0.01,yes
2026-10-03T21:00:34.824086Z,0.1400,65.15,yes
2026-10-03T21:00:34.824086Z,0.1400,2.22,yes
2026-10-03T21:00:37.50484Z,0.1400,23.65,yes
2026-10-03T21:00:37.50484Z,0.1400,0.01,yes
2026-10-03T21:00:37.50484Z,0.1400,2.00,yes
2026-10-03T21:00:37.50484Z,0.1500,101.87,yes
2026-10-03T21:00:38.602423Z,0.1400,13.47,yes
2026-10-03T21:00:41.036785Z,0.1400,0.01,yes
2026-10-03T21:00:41.036785Z,0.1400,75.31,yes
2026-10-03T21:00:41.036785Z,0.1400,557.76,yes
2026-10-03T21:00:41.036785Z,0.1400,2.00,yes
2026-10-03T21:00:47.457688Z,0.1400,6.73,yes
2026-10-03T21:00:47.473629Z,0.1400,0.01,yes
2026-10-03T21:00:47.473629Z,0.1400,47.79,yes
2026-10-03T21:00:47.473629Z,0.1400,86.94,yes
2026-10-03T21:00:47.850605Z,0.1400,0.06,yes
2026-10-03T21:00:51.840758Z,0.1400,6.73,yes
2026-10-03T21:00:54.789911Z,0.1400,13.47,yes
2026-10-03T21:00:56.803317Z,0.1300,126.00,no
2026-10-03T21:00:56.803317Z,0.1300,36.97,no
2026-10-03T21:00:56.803317Z,0.1300,1.00,no
2026-10-03T21:00:57.095185Z,0.1400,5.12,yes
2026-10-03T21:01:01.547913Z,0.1400,20.75,yes
2026-10-03T21:01:01.606924Z,0.1400,68.00,yes
2026-10-03T21:01:05.145026Z,0.1400,67.37,yes
2026-10-03T21:01:07.334291Z,0.1400,13.47,yes
2026-10-03T21:01:08.151196Z,0.1400,6.73,yes
2026-10-03T21:01:09.219166Z,0.1400,101.05,yes
2026-10-03T21:01:10.390198Z,0.1400,33.68,yes
2026-10-03T21:01:10.582767Z,0.1400,67.37,yes
2026-10-03T21:01:12.545685Z,0.1400,62.58,yes
2026-10-03T21:01:13.026092Z,0.1400,33.68,yes
2026-10-03T21:01:13.698735Z,0.1400,505.29,yes
2026-10-03T21:01:15.612177Z,0.1400,1.00,yes
2026-10-03T21:01:15.612177Z,0.1300,2.00,yes
2026-10-03T21:01:15.612177Z,0.1400,28.56,yes
2026-10-03T21:01:15.612177Z,0.1400,2.22,yes
2026-10-03T21:01:15.612177Z,0.1400,0.01,yes
2026-10-03T21:01:15.818688Z,0.1400,13.03,yes
2026-10-03T21:01:19.904631Z,0.1500,7.02,yes
2026-10-03T21:01:19.904631Z,0.1400,0.01,yes
2026-10-03T21:01:19.904631Z,0.1500,1.00,yes
2026-10-03T21:01:19.904631Z,0.1500,1.00,yes
2026-10-03T21:01:19.904631Z,0.1500,5.00,yes
2026-10-03T21:01:19.904631Z,0.1500,1.00,yes
2026-10-03T21:01:19.904631Z,0.1500,1.00,yes
2026-10-03T21:01:19.904631Z,0.1500,2.00,yes
2026-10-03T21:01:19.904631Z,0.1500,4.00,yes
2026-10-03T21:01:19.904631Z,0.1500,9.37,yes
2026-10-03T21:01:23.827694Z,0.1300,4.02,no
2026-10-03T21:01:23.827694Z,0.1300,118.00,no
2026-10-03T21:01:23.827694Z,0.1300,89.36,no
2026-10-03T21:01:24.48565Z,0.1400,0.67,yes
2026-10-03T21:01:29.834452Z,0.1400,342.85,yes
2026-10-03T21:01:30.814088Z,0.1400,33.68,yes
2026-10-03T21:01:31.747981Z,0.1400,13.47,yes
2026-10-03T21:01:34.143327Z,0.1400,67.37,yes
2026-10-03T21:01:38.091966Z,0.1300,1.00,no
2026-10-03T21:01:38.540971Z,0.1400,26.94,yes
2026-10-03T21:01:39.656092Z,0.1400,6.73,yes
2026-10-03T21:01:39.673316Z,0.1400,20.21,yes
2026-10-03T21:01:40.29225Z,0.1400,17.61,yes
2026-10-03T21:01:40.29225Z,0.1400,8.93,yes
2026-10-03T21:01:41.947075Z,0.1400,134.74,yes
2026-10-03T21:01:42.496011Z,0.1400,67.37,yes
2026-10-03T21:01:43.483705Z,0.1400,6.73,yes
2026-10-03T21:01:46.742452Z,0.1400,33.68,yes
2026-10-03T21:01:46.791079Z,0.1300,500.00,no
2026-10-03T21:01:52.034623Z,0.1400,134.74,yes
2026-10-03T21:01:56.756346Z,0.1300,1.00,no
2026-10-03T21:01:57.327461Z,0.1400,67.37,yes
2026-10-03T21:02:02.294313Z,0.1400,13.81,yes
2026-10-03T21:02:03.759602Z,0.1400,31.18,yes
2026-10-03T21:02:04.960816Z,0.1300,93.94,no
2026-10-03T21:02:09.393345Z,0.1400,168.43,yes
2026-10-03T21:02:10.069483Z,0.1400,3.43,yes
2026-10-03T21:02:10.822177Z,0.1400,6.73,yes
2026-10-03T21:02:13.677205Z,0.1400,13.47,yes
2026-10-03T21:02:14.268988Z,0.1400,6.73,yes
2026-10-03T21:02:16.674004Z,0.1300,287.33,no
2026-10-03T21:02:18.875042Z,0.1400,33.68,yes
2026-10-03T21:02:19.562228Z,0.1400,33.68,yes
2026-10-03T21:02:25.272597Z,0.1400,33.68,yes
2026-10-03T21:02:32.084367Z,0.1400,336.86,yes
2026-10-03T21:02:32.862577Z,0.1400,6.73,yes
2026-10-03T21:02:34.209774Z,0.1400,33.68,yes
2026-10-03T21:02:36.343139Z,0.1400,33.68,yes
2026-10-03T21:02:38.147693Z,0.1400,67.37,yes
2026-10-03T21:02:40.78413Z,0.1300,184.18,no
2026-10-03T21:02:41.078448Z,0.1400,67.37,yes
2026-10-03T21:02:41.172413Z,0.1400,6.73,yes
2026-10-03T21:02:43.272855Z,0.1400,67.37,yes
2026-10-03T21:02:46.279957Z,0.1300,218.49,no
2026-10-03T21:02:49.155742Z,0.1400,101.05,yes
2026-10-03T21:02:54.651253Z,0.1300,68.46,no
2026-10-03T21:02:55.150024Z,0.1400,33.68,yes
2026-10-03T21:02:55.189967Z,0.1400,6.06,yes
2026-10-03T21:02:55.252548Z,0.1400,13.47,yes
2026-10-03T21:02:59.800628Z,0.1400,13.47,yes
2026-10-03T21:03:10.368223Z,0.1400,15.42,yes
2026-10-03T21:03:11.568253Z,0.1400,67.37,yes
2026-10-03T21:03:15.07243Z,0.1400,33.68,yes
2026-10-03T21:03:17.561053Z,0.1400,1347.45,yes
2026-10-03T21:03:17.77579Z,0.1400,168.43,yes
2026-10-03T21:03:17.879237Z,0.1400,33.68,yes
2026-10-03T21:03:20.849134Z,0.1300,336.86,no
2026-10-03T21:03:24.798658Z,0.1400,67.37,yes
2026-10-03T21:03:26.56602Z,0.1300,296.28,no
2026-10-03T21:03:30.730732Z,0.1400,33.68,yes
2026-10-03T21:03:34.708643Z,0.1400,69.39,yes
2026-10-03T21:03:35.457982Z,0.1400,10.71,yes
2026-10-03T21:03:37.466962Z,0.1400,168.43,yes
2026-10-03T21:03:39.976278Z,0.1400,67.37,yes
2026-10-03T21:03:40.173482Z,0.1400,11.38,yes
2026-10-03T21:03:40.322093Z,0.1400,243.68,yes
2026-10-03T21:03:40.407151Z,0.1400,67.37,yes
2026-10-03T21:03:41.912934Z,0.1400,269.49,yes
2026-10-03T21:03:46.669607Z,0.1400,0.67,yes
2026-10-03T21:03:48.907583Z,0.1400,336.86,yes
2026-10-03T21:03:49.668017Z,0.1400,13.47,yes
2026-10-03T21:03:49.724721Z,0.1400,15.15,yes
2026-10-03T21:03:51.699129Z,0.1400,269.49,yes
2026-10-03T21:03:52.947287Z,0.1400,103.56,yes
2026-10-03T21:03:52.947287Z,0.1400,31.18,yes
2026-10-03T21:03:54.006735Z,0.1300,937.03,no
2026-10-03T21:03:54.871748Z,0.1400,20.21,yes
2026-10-03T21:03:59.412904Z,0.1400,20.21,yes
2026-10-03T21:03:59.516379Z,0.1400,6.73,yes
2026-10-03T21:04:00.499797Z,0.1400,6.73,yes
2026-10-03T21:04:01.568003Z,0.1400,3.36,yes
2026-10-03T21:04:06.395249Z,0.1400,33.68,yes
2026-10-03T21:04:06.552085Z,0.1400,33.68,yes
2026-10-03T21:04:10.887082Z,0.1400,67.37,yes
2026-10-03T21:04:12.456039Z,0.1400,13.47,yes
2026-10-03T21:04:15.966571Z,0.1400,33.68,yes
2026-10-03T21:04:16.566574Z,0.1400,2.02,yes
2026-10-03T21:04:17.129268Z,0.1400,87.58,yes
2026-10-03T21:04:21.686518Z,0.1300,90.46,no
2026-10-03T21:04:26.938435Z,0.1400,67.37,yes
2026-10-03T21:04:29.129069Z,0.1400,33.68,yes
2026-10-03T21:04:29.366106Z,0.1400,0.67,yes
2026-10-03T21:04:30.372797Z,0.1400,9.70,yes
2026-10-03T21:04:30.587212Z,0.1400,33.68,yes
2026-10-03T21:04:32.344025Z,0.1400,336.86,yes
2026-10-03T21:04:33.026297Z,0.1400,101.05,yes
2026-10-03T21:04:33.199187Z,0.1400,26.94,yes
2026-10-03T21:04:34.787104Z,0.1400,1.01,yes
2026-10-03T21:04:34.860519Z,0.1400,134.74,yes
2026-10-03T21:04:36.248844Z,0.1300,597.40,no
2026-10-03T21:04:39.116284Z,0.1400,6.73,yes
2026-10-03T21:04:40.745007Z,0.1400,3.43,yes
2026-10-03T21:04:41.307699Z,0.1300,434.79,no
2026-10-03T21:04:41.307699Z,0.1300,345.55,no
2026-10-03T21:04:44.232852Z,0.1400,10.10,yes
2026-10-03T21:04:47.87473Z,0.1400,33.68,yes
2026-10-03T21:04:49.628279Z,0.1400,134.74,yes
2026-10-03T21:04:53.903341Z,0.1400,67.37,yes
2026-10-03T21:04:54.379515Z,0.1400,67.37,yes
2026-10-03T21:04:54.734091Z,0.1400,134.74,yes
2026-10-03T21:04:55.341784Z,0.1400,0.67,yes
2026-10-03T21:04:55.986657Z,0.1400,141.48,yes
2026-10-03T21:04:56.30496Z,0.1400,22.43,yes
2026-10-03T21:04:56.963377Z,0.1400,67.37,yes
2026-10-03T21:04:57.406058Z,0.1400,6.73,yes
2026-10-03T21:04:58.095095Z,0.1400,33.68,yes
2026-10-03T21:04:58.769062Z,0.1400,67.37,yes
2026-10-03T21:05:04.668662Z,0.1400,67.37,yes
2026-10-03T21:05:05.806527Z,0.1400,336.86,yes
2026-10-03T21:05:12.57175Z,0.1400,20.21,yes
2026-10-03T21:05:16.638075Z,0.1400,67.37,yes
2026-10-03T21:05:17.887416Z,0.1400,67.37,yes
2026-10-03T21:05:18.214846Z,0.1400,13.47,yes
2026-10-03T21:05:21.916371Z,0.1300,7.04,no
2026-10-03T21:05:22.87074Z,0.1400,134.74,yes
2026-10-03T21:05:23.838435Z,0.1400,67.37,yes
2026-10-03T21:05:27.035531Z,0.1300,11.72,no
2026-10-03T21:05:33.706679Z,0.1400,6.73,yes
2026-10-03T21:05:35.401003Z,0.1400,1347.45,yes
2026-10-03T21:05:40.915053Z,0.1400,14.63,yes
2026-10-03T21:05:40.915053Z,0.1400,120.11,yes
2026-10-03T21:05:43.829412Z,0.1400,1.75,yes
2026-10-03T21:05:44.32218Z,0.1400,33.68,yes
2026-10-03T21:05:44.608671Z,0.1400,148.22,yes
2026-10-03T21:05:45.169456Z,0.1400,20.21,yes
2026-10-03T21:05:45.397124Z,0.1400,336.86,yes
2026-10-03T21:05:49.880697Z,0.1400,43.99,yes
2026-10-03T21:05:51.43603Z,0.1400,6.73,yes
2026-10-03T21:05:51.693565Z,0.1400,20.21,yes
2026-10-03T21:05:52.3232Z,0.1300,119.28,no
2026-10-03T21:05:59.136669Z,0.1400,33.68,yes
2026-10-03T21:05:59.190078Z,0.1400,279.73,yes
2026-10-03T21:06:00.81717Z,0.1400,13.47,yes
2026-10-03T21:06:02.74584Z,0.1400,67.37,yes
2026-10-03T21:06:06.132539Z,0.1400,13.47,yes
2026-10-03T21:06:06.781563Z,0.1400,53.89,yes
2026-10-03T21:06:13.076909Z,0.1400,33.68,yes
2026-10-03T21:06:14.716536Z,0.1400,20.21,yes
2026-10-03T21:06:15.596139Z,0.1400,60.63,yes
2026-10-03T21:06:16.556252Z,0.1400,33.68,yes
2026-10-03T21:06:17.268136Z,0.1400,79.56,yes
2026-10-03T21:06:17.735676Z,0.1400,20.21,yes
2026-10-03T21:06:23.741903Z,0.1400,101.05,yes
2026-10-03T21:06:26.160723Z,0.1400,2.69,yes
2026-10-03T21:06:27.948035Z,0.1400,101.05,yes
2026-10-03T21:06:28.480644Z,0.1400,67.37,yes
2026-10-03T21:06:32.466797Z,0.1400,67.37,yes
2026-10-03T21:06:34.61382Z,0.1400,67.37,yes
2026-10-03T21:06:35.2831Z,0.1400,33.68,yes
2026-10-03T21:06:38.703902Z,0.1400,67.37,yes
2026-10-03T21:06:40.871688Z,0.1400,20.21,yes
2026-10-03T21:06:42.217555Z,0.1400,33.68,yes
2026-10-03T21:06:44.336884Z,0.1400,336.86,yes
2026-10-03T21:06:45.34667Z,0.1400,159.96,yes
2026-10-03T21:06:45.34667Z,0.1400,513.76,yes
2026-10-03T21:06:46.765051Z,0.1400,34.46,yes
2026-10-03T21:06:46.765051Z,0.1400,32.91,yes
2026-10-03T21:06:47.44947Z,0.1400,13.47,yes
2026-10-03T21:06:48.608175Z,0.1400,5.05,yes
2026-10-03T21:06:55.987997Z,0.1300,6.84,no
2026-10-03T21:06:57.041054Z,0.1400,168.43,yes
2026-10-03T21:06:58.780169Z,0.1400,67.37,yes
2026-10-03T21:06:59.68322Z,0.1400,0.67,yes
2026-10-03T21:07:00.977188Z,0.1400,53.89,yes
2026-10-03T21:07:02.521185Z,0.1300,28.65,no
2026-10-03T21:07:04.327723Z,0.1400,673.72,yes
2026-10-03T21:07:07.563776Z,0.1400,67.37,yes
2026-10-03T21:07:08.449858Z,0.1300,151.48,no
2026-10-03T21:07:10.478674Z,0.1400,134.74,yes
2026-10-03T21:07:11.687583Z,0.1400,354.71,yes
2026-10-03T21:07:13.175508Z,0.1400,33.68,yes
2026-10-03T21:07:15.842814Z,0.1400,67.37,yes
2026-10-03T21:07:20.916535Z,0.1400,134.74,yes
2026-10-03T21:07:21.838318Z,0.1400,134.76,yes
2026-10-03T21:07:21.838318Z,0.1400,33.67,yes
2026-10-03T21:07:26.000713Z,0.1400,1010.59,yes
2026-10-03T21:07:28.090911Z,0.1400,134.74,yes
2026-10-03T21:07:30.316403Z,0.1400,33.68,yes
2026-10-03T21:07:31.106662Z,0.1300,5.00,no
2026-10-03T21:07:33.573117Z,0.1400,455.24,yes
2026-10-03T21:07:33.573117Z,0.1400,353.23,yes
2026-10-03T21:07:35.194034Z,0.1400,12.00,yes
2026-10-03T21:07:43.892545Z,0.1400,640.04,yes
2026-10-03T21:07:44.934366Z,0.1400,52.88,yes
2026-10-03T21:07:48.446979Z,0.1400,33.68,yes
2026-10-03T21:07:53.034831Z,0.1400,336.86,yes
2026-10-03T21:07:54.164705Z,0.1400,101.05,yes
2026-10-03T21:07:55.065391Z,0.1300,77.20,no
2026-10-03T21:07:55.065391Z,0.1300,108.14,no
2026-10-03T21:07:55.065391Z,0.1300,55.00,no
2026-10-03T21:07:55.397843Z,0.1400,404.23,yes
2026-10-03T21:07:56.223244Z,0.1400,67.37,yes
2026-10-03T21:08:06.796941Z,0.1400,53.89,yes
2026-10-03T21:08:07.711613Z,0.1400,33.68,yes
2026-10-03T21:08:10.075535Z,0.1400,33.68,yes
2026-10-03T21:08:12.999301Z,0.1400,101.05,yes
2026-10-03T21:08:14.254604Z,0.1400,62.00,yes
2026-10-03T21:08:16.729058Z,0.1400,1010.59,yes
2026-10-03T21:08:18.418977Z,0.1400,87.00,yes
2026-10-03T21:08:19.491129Z,0.1400,12.43,yes
2026-10-03T21:08:20.835043Z,0.1400,101.05,yes
2026-10-03T21:08:21.547619Z,0.1300,261.14,no
2026-10-03T21:08:23.139803Z,0.1400,410.97,yes
2026-10-03T21:08:31.329115Z,0.1400,168.43,yes
2026-10-03T21:08:31.399292Z,0.1400,3.36,yes
2026-10-03T21:08:31.602315Z,0.1400,101.05,yes
2026-10-03T21:08:33.719539Z,0.1400,67.37,yes
2026-10-03T21:08:33.776453Z,0.1300,78.03,no
2026-10-03T21:08:33.824672Z,0.1400,33.68,yes
2026-10-03T21:08:34.509627Z,0.1300,554.18,no
2026-10-03T21:08:35.296454Z,0.1400,101.05,yes
2026-10-03T21:08:40.538709Z,0.1400,18.27,yes
2026-10-03T21:08:40.538709Z,0.1400,15.37,yes
2026-10-03T21:08:43.079627Z,0.1400,3.36,yes
2026-10-03T21:08:44.075101Z,0.1400,67.37,yes
2026-10-03T21:08:47.388471Z,0.1400,62.43,yes
2026-10-03T21:08:48.563703Z,0.1400,67.37,yes
2026-10-03T21:08:49.703968Z,0.1400,6.73,yes
2026-10-03T21:08:55.161675Z,0.1400,20.21,yes
2026-10-03T21:08:55.649474Z,0.1400,101.05,yes
2026-10-03T21:08:55.990865Z,0.1400,134.74,yes
2026-10-03T21:08:59.233569Z,0.1400,30.58,yes
2026-10-03T21:08:59.499805Z,0.1400,134.74,yes
2026-10-03T21:09:01.470752Z,0.1300,156.68,no
2026-10-03T21:09:02.376122Z,0.1400,168.43,yes
2026-10-03T21:09:06.496584Z,0.1400,1.75,yes
2026-10-03T21:09:08.765728Z,0.1400,3.36,yes
2026-10-03T21:09:10.140941Z,0.1400,13.47,yes
2026-10-03T21:09:13.355593Z,0.1400,0.20,yes
2026-10-03T21:09:19.162338Z,0.1400,60.63,yes
2026-10-03T21:09:21.858337Z,0.1400,2021.18,yes
2026-10-03T21:09:27.691658Z,0.1400,33.68,yes
2026-10-03T21:09:27.795434Z,0.1300,45.23,no
2026-10-03T21:09:28.231298Z,0.1400,33.14,yes
2026-10-03T21:09:34.129799Z,0.1400,3.36,yes
2026-10-03T21:09:35.064181Z,0.1400,33.68,yes
2026-10-03T21:09:35.595451Z,0.1400,6.73,yes
2026-10-03T21:09:36.585796Z,0.1400,195.38,yes
2026-10-03T21:09:40.727925Z,0.1400,33.68,yes
2026-10-03T21:09:41.223578Z,0.1400,9.18,yes
2026-10-03T21:09:41.223578Z,0.1400,24.50,yes
2026-10-03T21:09:44.080659Z,0.1400,134.74,yes
2026-10-03T21:09:44.889638Z,0.1400,33.68,yes
2026-10-03T21:09:50.293502Z,0.1400,33.68,yes
2026-10-03T21:09:53.973077Z,0.1400,150.67,yes
2026-10-03T21:09:53.973077Z,0.1400,4.28,yes
2026-10-03T21:09:56.083602Z,0.1400,33.68,yes
2026-10-03T21:09:56.452395Z,0.1400,168.43,yes
2026-10-03T21:09:57.05179Z,0.1400,168.43,yes
2026-10-03T21:10:01.987365Z,0.1400,67.37,yes
2026-10-03T21:10:06.6123Z,0.1400,53.89,yes
2026-10-03T21:10:08.070345Z,0.1400,33.68,yes
2026-10-03T21:10:10.125169Z,0.1400,33.68,yes
2026-10-03T21:10:11.36692Z,0.1400,297.11,yes
2026-10-03T21:10:16.062078Z,0.1400,13.47,yes
2026-10-03T21:10:17.769944Z,0.1400,12.43,yes
2026-10-03T21:10:19.819351Z,0.1300,27.00,no
2026-10-03T21:10:24.421906Z,0.1400,40.42,yes
2026-10-03T21:10:25.535288Z,0.1400,167.55,yes
2026-10-03T21:10:26.079261Z,0.1400,134.74,yes
2026-10-03T21:10:30.30679Z,0.1400,134.74,yes
2026-10-03T21:10:32.909275Z,0.1400,33.68,yes
2026-10-03T21:10:37.013148Z,0.1400,13.47,yes
2026-10-03T21:10:42.78466Z,0.1400,33.68,yes
2026-10-03T21:10:44.232251Z,0.1400,47.16,yes
2026-10-03T21:10:44.948874Z,0.1400,1000.00,yes
2026-10-03T21:10:44.948874Z,0.1400,1000.00,yes
2026-10-03T21:10:44.948874Z,0.1400,1000.00,yes
2026-10-03T21:10:44.948874Z,0.1400,1000.00,yes
2026-10-03T21:10:44.948874Z,0.1400,545.13,yes
2026-10-03T21:10:44.948874Z,0.1400,1358.03,yes
2026-10-03T21:10:44.948874Z,0.1400,834.11,yes
2026-10-03T21:10:44.974139Z,0.1400,20.21,yes
2026-10-03T21:10:45.729514Z,0.1400,13.47,yes
2026-10-03T21:10:46.21799Z,0.1400,101.05,yes
2026-10-03T21:10:46.406494Z,0.1300,60.63,no
2026-10-03T21:10:47.649866Z,0.1400,67.37,yes
2026-10-03T21:10:52.152947Z,0.1400,6.73,yes
2026-10-03T21:10:52.646215Z,0.1400,6.73,yes
2026-10-03T21:10:57.007248Z,0.1400,20.21,yes
2026-10-03T21:10:59.435161Z,0.1400,20.21,yes
2026-10-03T21:11:00.008839Z,0.1300,58.71,no
2026-10-03T21:11:01.388221Z,0.1400,33.68,yes
2026-10-03T21:11:02.118282Z,0.1400,13.47,yes
2026-10-03T21:11:08.495413Z,0.1400,33.68,yes
2026-10-03T21:11:09.284984Z,0.1400,28.32,yes
2026-10-03T21:11:09.284984Z,0.1400,1128.94,yes
2026-10-03T21:11:09.315201Z,0.1400,0.06,yes
2026-10-03T21:11:13.421832Z,0.1400,80.84,yes
2026-10-03T21:11:14.667729Z,0.1400,6.73,yes
2026-10-03T21:11:14.840046Z,0.1400,181.90,yes
2026-10-03T21:11:21.891808Z,0.1400,14.00,yes
2026-10-03T21:11:23.432103Z,0.1400,6.73,yes
2026-10-03T21:11:25.743928Z,0.1400,2000.00,yes
2026-10-03T21:11:25.743928Z,0.1400,3080.80,yes
2026-10-03T21:11:25.743928Z,0.1400,802.00,yes
2026-10-03T21:11:25.743928Z,0.1400,584.97,yes
2026-10-03T21:11:26.535273Z,0.1400,13.47,yes
2026-10-03T21:11:26.61703Z,0.1400,67.37,yes
2026-10-03T21:11:26.925733Z,0.1400,200.43,yes
2026-10-03T21:11:28.011692Z,0.1400,666.99,yes
2026-10-03T21:11:31.274456Z,0.1400,6.73,yes
2026-10-03T21:11:35.755235Z,0.1400,0.01,yes
2026-10-03T21:11:35.755235Z,0.1400,65.04,yes
2026-10-03T21:11:35.755235Z,0.1400,2.32,yes
2026-10-03T21:11:40.137413Z,0.1400,82.06,yes
2026-10-03T21:11:40.137413Z,0.1400,52.68,yes
2026-10-03T21:11:42.969704Z,0.1400,94.32,yes
2026-10-03T21:11:44.50949Z,0.1400,336.86,yes
2026-10-03T21:11:45.032877Z,0.1300,62.42,no
2026-10-03T21:11:45.951263Z,0.1400,6.73,yes
2026-10-03T21:11:47.035433Z,0.1400,22.43,yes
2026-10-03T21:11:47.118229Z,0.1400,2970.79,yes
2026-10-03T21:11:47.118229Z,0.1400,337.00,yes
2026-10-03T21:11:47.118229Z,0.1400,1000.00,yes
2026-10-03T21:11:47.118229Z,0.1400,440.49,yes
2026-10-03T21:11:47.118229Z,0.1400,168.00,yes
2026-10-03T21:11:47.118229Z,0.1400,1000.00,yes
2026-10-03T21:11:47.118229Z,0.1400,1667.00,yes
2026-10-03T21:11:47.118229Z,0.1400,1000.00,yes
2026-10-03T21:11:47.302444Z,0.1400,350.33,yes
2026-10-03T21:11:47.384769Z,0.1400,350.33,yes
2026-10-03T21:11:53.721997Z,0.1400,179.81,yes
2026-10-03T21:12:06.093046Z,0.1400,33.68,yes
2026-10-03T21:12:07.908798Z,0.1400,33.68,yes
2026-10-03T21:12:10.948537Z,0.1400,336.86,yes
2026-10-03T21:12:13.017032Z,0.1400,13.47,yes
2026-10-03T21:12:15.015282Z,0.1400,673.72,yes
2026-10-03T21:12:17.904582Z,0.1400,33.68,yes
2026-10-03T21:12:20.305185Z,0.1400,3.36,yes
2026-10-03T21:12:21.475886Z,0.1400,336.86,yes
2026-10-03T21:12:24.651515Z,0.1400,600.83,yes
2026-10-03T21:12:32.145559Z,0.1400,48.10,yes
2026-10-03T21:12:33.847738Z,0.1400,101.05,yes
2026-10-03T21:12:36.7193Z,0.1300,156.06,no
2026-10-03T21:12:37.466078Z,0.1400,20.21,yes
2026-10-03T21:12:39.043031Z,0.1400,3.36,yes
2026-10-03T21:12:39.255767Z,0.1400,13.47,yes
2026-10-03T21:12:40.39172Z,0.1400,653.97,yes
2026-10-03T21:12:40.39172Z,0.1400,0.01,yes
2026-10-03T21:12:40.39172Z,0.1400,1367.20,yes
2026-10-03T21:12:41.071717Z,0.1400,101.05,yes
2026-10-03T21:12:42.299084Z,0.1400,67.37,yes
2026-10-03T21:12:44.34487Z,0.1400,80.84,yes
2026-10-03T21:12:59.635698Z,0.1400,33.68,yes
2026-10-03T21:13:02.745845Z,0.1400,336.86,yes
2026-10-03T21:13:04.401612Z,0.1400,584.00,yes
2026-10-03T21:13:04.401612Z,0.1400,2500.00,yes
2026-10-03T21:13:04.401612Z,0.1400,160.00,yes
2026-10-03T21:13:04.401612Z,0.1400,291.00,yes
2026-10-03T21:13:04.401612Z,0.1400,709.00,yes
2026-10-03T21:13:04.401612Z,0.1400,354.00,yes
2026-10-03T21:13:04.401612Z,0.1400,3000.00,yes
2026-10-03T21:13:04.401612Z,0.1400,514.00,yes
2026-10-03T21:13:04.401612Z,0.1400,2500.00,yes
2026-10-03T21:13:04.401612Z,0.1400,1052.23,yes
2026-10-03T21:13:04.401612Z,0.1400,1810.31,yes
2026-10-03T21:13:08.282864Z,0.1400,67.37,yes
2026-10-03T21:13:09.780061Z,0.1400,316.65,yes
2026-10-03T21:13:12.421465Z,0.1400,26.94,yes
2026-10-03T21:13:16.116115Z,0.1300,20.89,no
2026-10-03T21:13:17.19445Z,0.1400,20.21,yes
2026-10-03T21:13:17.906087Z,0.1300,52.22,no
2026-10-03T21:13:19.196038Z,0.1400,134.74,yes
2026-10-03T21:13:21.233833Z,0.1400,13.47,yes
2026-10-03T21:13:28.290151Z,0.1400,13.47,yes
2026-10-03T21:13:32.350898Z,0.1400,50.32,yes
2026-10-03T21:13:32.776746Z,0.1400,53.96,yes
2026-10-03T21:13:33.444099Z,0.1400,134.74,yes
2026-10-03T21:13:34.038976Z,0.1400,6.73,yes
2026-10-03T21:13:34.970361Z,0.1400,20.21,yes
2026-10-03T21:13:35.545923Z,0.1400,67.37,yes
2026-10-03T21:13:35.880664Z,0.1400,6.73,yes
2026-10-03T21:13:36.760771Z,0.1400,45.67,yes
2026-10-03T21:13:37.457033Z,0.1400,21.22,yes
2026-10-03T21:13:45.250871Z,0.1400,6.73,yes
2026-10-03T21:13:46.126131Z,0.1400,33.68,yes
2026-10-03T21:13:51.441609Z,0.1400,60.63,yes
2026-10-03T21:13:54.806105Z,0.1400,33.68,yes
2026-10-03T21:13:55.411064Z,0.1400,13.47,yes
2026-10-03T21:13:58.465239Z,0.1400,33.68,yes
2026-10-03T21:13:58.623649Z,0.1400,1003.85,yes
2026-10-03T21:14:03.439148Z,0.1400,101.05,yes
2026-10-03T21:14:04.040471Z,0.1400,20.21,yes
2026-10-03T21:14:04.804441Z,0.1400,134.74,yes
2026-10-03T21:14:14.553216Z,0.1400,673.72,yes
2026-10-03T21:14:18.813754Z,0.1400,22.43,yes
2026-10-03T21:14:22.306004Z,0.1300,35.23,no
2026-10-03T21:14:25.711121Z,0.1400,33.68,yes
2026-10-03T21:14:26.468978Z,0.1400,18.34,yes
2026-10-03T21:14:26.468978Z,0.1400,89.45,yes
2026-10-03T21:14:27.673456Z,0.1400,33.68,yes
2026-10-03T21:14:28.957997Z,0.1400,202.11,yes
2026-10-03T21:14:34.102445Z,0.1400,53.89,yes
2026-10-03T21:14:36.968092Z,0.1400,134.74,yes
2026-10-03T21:14:37.357834Z,0.1400,33.68,yes
2026-10-03T21:14:38.727747Z,0.1400,3.36,yes
2026-10-03T21:14:39.989552Z,0.1400,336.86,yes
2026-10-03T21:14:41.395345Z,0.1400,67.37,yes
2026-10-03T21:14:42.669604Z,0.1400,6.73,yes
2026-10-03T21:14:45.412668Z,0.1400,1320.50,yes
2026-10-03T21:14:45.689516Z,0.1400,26.94,yes
2026-10-03T21:14:46.55494Z,0.1400,134.74,yes
2026-10-03T21:14:47.101772Z,0.1400,5.05,yes
2026-10-03T21:14:47.993576Z,0.1400,67.37,yes
2026-10-03T21:14:48.339573Z,0.1400,33.68,yes
2026-10-03T21:14:49.065033Z,0.1400,26.14,yes
2026-10-03T21:14:51.845965Z,0.1400,276.22,yes
2026-10-03T21:14:51.96593Z,0.1400,1.00,yes
2026-10-03T21:14:54.42609Z,0.1400,33.68,yes
2026-10-03T21:14:57.794725Z,0.1400,115.62,yes
2026-10-03T21:14:57.794725Z,0.1400,52.81,yes
2026-10-03T21:14:59.777162Z,0.1400,0.13,yes
2026-10-03T21:15:00.811098Z,0.1400,33.68,yes
2026-10-03T21:15:03.740945Z,0.1400,10.00,yes
2026-10-03T21:15:03.921279Z,0.1400,6.73,yes
2026-10-03T21:15:05.154758Z,0.1400,33.64,yes
2026-10-03T21:15:08.702928Z,0.1400,3.30,yes
2026-10-03T21:15:11.329712Z,0.1400,71.54,yes
2026-10-03T21:15:12.095354Z,0.1400,67.37,yes
2026-10-03T21:15:12.503383Z,0.1400,6.73,yes
2026-10-03T21:15:13.016436Z,0.1400,262.82,yes
2026-10-03T21:15:14.193157Z,0.1400,53.89,yes
2026-10-03T21:15:14.352269Z,0.1400,67.37,yes
2026-10-03T21:15:18.474533Z,0.1300,312.13,no
2026-10-03T21:15:20.887685Z,0.1400,27.62,yes
2026-10-03T21:15:21.014308Z,0.1400,67.37,yes
2026-10-03T21:15:22.098644Z,0.1400,60.63,yes
2026-10-03T21:15:22.161836Z,0.1400,134.74,yes
2026-10-03T21:15:22.345679Z,0.1400,53.89,yes
2026-10-03T21:15:22.724768Z,0.1400,33.64,yes
2026-10-03T21:15:22.780214Z,0.1400,33.68,yes
2026-10-03T21:15:23.919192Z,0.1400,10.03,yes
2026-10-03T21:15:26.006218Z,0.1300,208.62,no
2026-10-03T21:15:26.006218Z,0.1300,103.51,no
2026-10-03T21:15:26.921188Z,0.1300,484.91,no
2026-10-03T21:15:30.382172Z,0.1400,33.68,yes
2026-10-03T21:15:31.764629Z,0.1400,67.37,yes
2026-10-03T21:15:32.814037Z,0.1400,168.43,yes
2026-10-03T21:15:32.972529Z,0.1400,67.37,yes
2026-10-03T21:15:34.372992Z,0.1400,67.37,yes
2026-10-03T21:15:35.876566Z,0.1400,66.49,yes
2026-10-03T21:15:37.106049Z,0.1400,583.06,yes
2026-10-03T21:15:37.106049Z,0.1400,41.87,yes
2026-10-03T21:15:37.685742Z,0.1400,653.51,yes
2026-10-03T21:15:39.904983Z,0.1300,22.62,no
2026-10-03T21:15:43.684091Z,0.1400,336.86,yes
2026-10-03T21:15:44.15757Z,0.1400,6.73,yes
2026-10-03T21:15:44.592707Z,0.1400,154.95,yes
2026-10-03T21:15:52.355822Z,0.1300,57.48,no
2026-10-03T21:15:54.289812Z,0.1400,67.37,yes
2026-10-03T21:15:56.941565Z,0.1400,33.68,yes
2026-10-03T21:15:58.351344Z,0.1400,6.73,yes
2026-10-03T21:16:00.499383Z,0.1400,6.73,yes
2026-10-03T21:16:03.067007Z,0.1400,171.93,yes
2026-10-03T21:16:07.069561Z,0.1300,22.62,no
2026-10-03T21:16:10.151361Z,0.1400,336.86,yes
2026-10-03T21:16:15.832257Z,0.1400,6.73,yes
2026-10-03T21:16:16.245572Z,0.1400,60.63,yes
2026-10-03T21:16:16.748346Z,0.1400,67.37,yes
2026-10-03T21:16:19.483318Z,0.1400,33.68,yes
2026-10-03T21:16:20.888451Z,0.1400,36.71,yes
2026-10-03T21:16:23.017741Z,0.1300,42.85,no
2026-10-03T21:16:23.921423Z,0.1400,67.37,yes
2026-10-03T21:16:24.300547Z,0.1300,11.69,no
2026-10-03T21:16:24.661721Z,0.1400,6.73,yes
2026-10-03T21:16:29.827431Z,0.1400,6.73,yes
2026-10-03T21:16:31.185563Z,0.1400,67.37,yes
2026-10-03T21:16:31.244079Z,0.1400,33.68,yes
2026-10-03T21:16:36.541319Z,0.1400,67.37,yes
2026-10-03T21:16:38.205118Z,0.1400,134.74,yes
2026-10-03T21:16:50.499085Z,0.1400,33.68,yes
2026-10-03T21:16:53.641024Z,0.1400,6.73,yes
2026-10-03T21:16:55.803661Z,0.1400,33.68,yes
2026-10-03T21:17:00.030656Z,0.1300,70.27,no
2026-10-03T21:17:03.275878Z,0.1400,13.47,yes
2026-10-03T21:17:05.754419Z,0.1400,134.74,yes
2026-10-03T21:17:06.547788Z,0.1400,26.94,yes
2026-10-03T21:17:07.227035Z,0.1400,202.11,yes
2026-10-03T21:17:09.397348Z,0.1400,134.74,yes
2026-10-03T21:17:18.101095Z,0.1400,673.72,yes
2026-10-03T21:17:21.681345Z,0.1400,75.00,yes
2026-10-03T21:17:24.168471Z,0.1400,13.47,yes
2026-10-03T21:17:26.173449Z,0.1400,20.21,yes
2026-10-03T21:17:26.458755Z,0.1400,6.73,yes
2026-10-03T21:17:26.683266Z,0.1400,6.73,yes
2026-10-03T21:17:30.650079Z,0.1400,101.05,yes
2026-10-03T21:17:31.683545Z,0.1400,0.20,yes
2026-10-03T21:17:38.944033Z,0.1400,67.37,yes
2026-10-03T21:17:39.867001Z,0.1400,31.77,yes
2026-10-03T21:17:39.867001Z,0.1400,1.91,yes
2026-10-03T21:17:40.98423Z,0.1400,543.09,yes
2026-10-03T21:17:41.81126Z,0.1400,1.34,yes
2026-10-03T21:17:43.812094Z,0.1400,60.63,yes
2026-10-03T21:17:44.469942Z,0.1300,81.16,no
2026-10-03T21:17:44.752151Z,0.1400,20.21,yes
2026-10-03T21:17:47.889301Z,0.1400,564.44,yes
2026-10-03T21:17:47.978797Z,0.1400,6.73,yes
2026-10-03T21:17:48.562281Z,0.1400,67.37,yes
2026-10-03T21:17:51.128729Z,0.1400,134.74,yes
2026-10-03T21:17:52.5374Z,0.1400,67.37,yes
2026-10-03T21:17:54.003058Z,0.1400,33.68,yes
2026-10-03T21:17:55.183946Z,0.1400,20.21,yes
2026-10-03T21:18:02.075485Z,0.1400,33.68,yes
2026-10-03T21:18:04.303343Z,0.1400,9.43,yes
2026-10-03T21:18:05.673921Z,0.1400,107.79,yes
2026-10-03T21:18:06.069272Z,0.1400,33.68,yes
2026-10-03T21:18:09.458756Z,0.1400,27.84,yes
2026-10-03T21:18:09.458756Z,0.1400,5.84,yes
2026-10-03T21:18:11.382379Z,0.1400,6.73,yes
2026-10-03T21:18:11.395605Z,0.1400,20.21,yes
2026-10-03T21:18:11.602433Z,0.1400,33.28,yes
2026-10-03T21:18:11.794416Z,0.1400,673.72,yes
2026-10-03T21:18:13.500391Z,0.1400,238.22,yes
2026-10-03T21:18:13.500391Z,0.1400,603.93,yes
2026-10-03T21:18:14.415483Z,0.1400,67.37,yes
2026-10-03T21:18:16.075218Z,0.1400,153.07,yes
2026-10-03T21:18:16.9513Z,0.1400,33.68,yes
2026-10-03T21:18:19.105091Z,0.1400,6.73,yes
2026-10-03T21:18:19.204358Z,0.1400,33.64,yes
2026-10-03T21:18:19.307129Z,0.1400,13.47,yes
2026-10-03T21:18:24.855097Z,0.1400,101.05,yes
2026-10-03T21:18:30.291867Z,0.1400,6.73,yes
2026-10-03T21:18:30.67388Z,0.1400,101.05,yes
2026-10-03T21:18:32.049743Z,0.1400,13.47,yes
2026-10-03T21:18:32.441817Z,0.1400,606.81,yes
2026-10-03T21:18:32.441817Z,0.1400,66.91,yes
2026-10-03T21:18:33.446505Z,0.1400,336.86,yes
2026-10-03T21:18:33.664713Z,0.1400,134.74,yes
2026-10-03T21:18:37.783268Z,0.1400,336.86,yes
2026-10-03T21:18:38.916969Z,0.1400,336.86,yes
2026-10-03T21:18:40.056848Z,0.1400,67.37,yes
2026-10-03T21:18:40.548797Z,0.1400,40.42,yes
2026-10-03T21:18:43.651076Z,0.1400,67.37,yes
2026-10-03T21:18:44.916301Z,0.1400,6.73,yes
2026-10-03T21:18:48.668795Z,0.1400,0.06,yes
2026-10-03T21:18:49.131544Z,0.1400,3.36,yes
2026-10-03T21:18:50.293229Z,0.1400,6.73,yes
2026-10-03T21:18:50.898442Z,0.1400,40.42,yes
2026-10-03T21:18:52.622016Z,0.1400,6.73,yes
2026-10-03T21:18:53.800467Z,0.1400,48.10,yes
2026-10-03T21:18:55.371817Z,0.1400,156.00,yes
2026-10-03T21:18:55.548105Z,0.1400,33.68,yes
2026-10-03T21:18:58.160652Z,0.1400,40.35,yes
2026-10-03T21:18:59.258624Z,0.1400,20.21,yes
2026-10-03T21:19:01.930874Z,0.1300,114.90,no
2026-10-03T21:19:02.914582Z,0.1400,33.68,yes
2026-10-03T21:19:06.893952Z,0.1400,624.93,yes
2026-10-03T21:19:07.018145Z,0.1400,0.06,yes
2026-10-03T21:19:07.494056Z,0.1400,134.74,yes
2026-10-03T21:19:07.608059Z,0.1400,168.43,yes
2026-10-03T21:19:07.846537Z,0.1400,6.73,yes
2026-10-03T21:19:08.290186Z,0.1400,134.74,yes
2026-10-03T21:19:08.673052Z,0.1400,6.06,yes
2026-10-03T21:19:08.924846Z,0.1400,6.73,yes
2026-10-03T21:19:13.24305Z,0.1400,168.43,yes
2026-10-03T21:19:14.287878Z,0.1400,13.47,yes
2026-10-03T21:19:15.156394Z,0.1400,13.47,yes
2026-10-03T21:19:16.860587Z,0.1300,5.00,no
2026-10-03T21:19:17.234956Z,0.1400,13.47,yes
2026-10-03T21:19:19.789883Z,0.1400,33.68,yes
2026-10-03T21:19:19.961688Z,0.1400,17.51,yes
2026-10-03T21:19:21.507876Z,0.1400,6.73,yes
2026-10-03T21:19:26.491206Z,0.1400,370.55,yes
2026-10-03T21:19:27.140054Z,0.1400,33.68,yes
2026-10-03T21:19:28.03662Z,0.1400,33.75,yes
2026-10-03T21:19:28.172116Z,0.1300,471.67,no
2026-10-03T21:19:28.172116Z,0.1300,275.02,no
2026-10-03T21:19:28.172116Z,0.1300,55.00,no
2026-10-03T21:19:29.778181Z,0.1400,235.80,yes
2026-10-03T21:19:30.900135Z,0.1400,33.68,yes
2026-10-03T21:19:31.392961Z,0.1400,713.00,yes
2026-10-03T21:19:31.77252Z,0.1400,16.84,yes
2026-10-03T21:19:32.554059Z,0.1400,67.37,yes
2026-10-03T21:19:33.060781Z,0.1400,13.47,yes
2026-10-03T21:19:36.159878Z,0.1300,780.34,no
2026-10-03T21:19:36.655437Z,0.1400,303.17,yes
2026-10-03T21:19:40.900458Z,0.1400,33.68,yes
2026-10-03T21:19:45.562253Z,0.1300,62.42,no
2026-10-03T21:19:46.339573Z,0.1400,13.47,yes
2026-10-03T21:19:48.605945Z,0.1400,67.37,yes
2026-10-03T21:19:50.023439Z,0.1400,54.84,yes
2026-10-03T21:19:55.005887Z,0.1400,67.37,yes
2026-10-03T21:19:56.833496Z,0.1400,67.37,yes
2026-10-03T21:19:59.369382Z,0.1400,6.73,yes
2026-10-03T21:20:02.248503Z,0.1400,33.68,yes
2026-10-03T21:20:07.414654Z,0.1400,27.75,yes
2026-10-03T21:20:08.946956Z,0.1400,67.37,yes
2026-10-03T21:20:10.246421Z,0.1400,215.59,yes
2026-10-03T21:20:10.573079Z,0.1400,33.68,yes
2026-10-03T21:20:13.077177Z,0.1300,10.94,no
2026-10-03T21:20:14.3075Z,0.1400,12.43,yes
2026-10-03T21:20:18.676799Z,0.1400,20.68,yes
2026-10-03T21:20:20.793617Z,0.1400,111.16,yes
2026-10-03T21:20:22.456073Z,0.1400,202.11,yes
2026-10-03T21:20:26.896569Z,0.1400,1091.43,yes
2026-10-03T21:20:30.502514Z,0.1400,67.37,yes
2026-10-03T21:20:31.20473Z,0.1300,20.21,no
2026-10-03T21:20:31.242963Z,0.1400,6.73,yes
2026-10-03T21:20:33.537152Z,0.1400,67.37,yes
2026-10-03T21:20:35.96538Z,0.1400,44.93,yes
2026-10-03T21:20:43.81612Z,0.1400,6.73,yes
2026-10-03T21:20:49.33479Z,0.1400,67.37,yes
2026-10-03T21:20:50.43631Z,0.1400,270.50,yes
2026-10-03T21:20:50.971704Z,0.1400,67.37,yes
2026-10-03T21:20:52.079966Z,0.1400,31.00,yes
2026-10-03T21:20:53.048599Z,0.1400,101.05,yes
2026-10-03T21:20:58.613645Z,0.1400,336.86,yes
2026-10-03T21:20:59.246977Z,0.1400,6.73,yes
2026-10-03T21:21:00.455323Z,0.1400,6.73,yes
2026-10-03T21:21:16.544971Z,0.1400,30.31,yes
2026-10-03T21:21:16.888523Z,0.1400,33.68,yes
2026-10-03T21:21:25.797495Z,0.1400,20.21,yes
2026-10-03T21:21:29.068023Z,0.1400,33.68,yes
2026-10-03T21:21:35.685364Z,0.1400,200.00,yes
2026-10-03T21:21:36.953293Z,0.1400,20.21,yes
2026-10-03T21:21:37.020066Z,0.1400,168.43,yes
2026-10-03T21:21:37.772365Z,0.1400,101.05,yes
2026-10-03T21:21:39.208657Z,0.1400,33.68,yes
2026-10-03T21:21:42.10697Z,0.1400,107.79,yes
2026-10-03T21:21:42.86755Z,0.1400,26.94,yes
2026-10-03T21:21:45.522908Z,0.1400,67.37,yes
2026-10-03T21:21:46.393166Z,0.1300,1.85,no
2026-10-03T21:21:46.393166Z,0.1300,534.81,no
2026-10-03T21:21:46.393166Z,0.1300,1755.10,no
2026-10-03T21:21:47.812733Z,0.1400,20.21,yes
2026-10-03T21:21:54.434034Z,0.1400,33.68,yes
2026-10-03T21:21:57.041219Z,0.1400,13.47,yes
2026-10-03T21:21:57.822155Z,0.1400,67.37,yes
2026-10-03T21:22:00.259872Z,0.1400,6.73,yes
2026-10-03T21:22:00.678471Z,0.1400,6.73,yes
2026-10-03T21:22:03.290767Z,0.1400,26.94,yes
2026-10-03T21:22:04.840084Z,0.1400,67.37,yes
2026-10-03T21:22:08.202374Z,0.1400,471.54,yes
2026-10-03T21:22:14.988144Z,0.1400,33.68,yes
2026-10-03T21:22:19.157811Z,0.1400,33.68,yes
2026-10-03T21:22:19.485305Z,0.1400,33.68,yes
2026-10-03T21:22:20.39354Z,0.1400,228.22,yes
2026-10-03T21:22:20.39354Z,0.1400,326.45,yes
2026-10-03T21:22:20.441408Z,0.1400,101.05,yes
2026-10-03T21:22:21.868856Z,0.1400,33.68,yes
2026-10-03T21:22:23.032734Z,0.1400,47.16,yes
2026-10-03T21:22:23.810174Z,0.1400,33.68,yes
2026-10-03T21:22:28.729169Z,0.1400,33.68,yes
2026-10-03T21:22:32.628886Z,0.1400,67.37,yes
2026-10-03T21:22:33.613626Z,0.1400,104.42,yes
2026-10-03T21:22:36.855211Z,0.1400,20.21,yes
2026-10-03T21:22:36.951184Z,0.1400,235.80,yes
2026-10-03T21:22:37.6382Z,0.1400,33.68,yes
2026-10-03T21:22:47.45041Z,0.1400,0.01,yes
2026-10-03T21:22:47.45041Z,0.1400,41.99,yes
2026-10-03T21:22:47.759746Z,0.1400,41.99,yes
2026-10-03T21:22:47.759746Z,0.1400,958.01,yes
2026-10-03T21:22:47.770135Z,0.1400,0.01,yes
2026-10-03T21:22:47.770135Z,0.1400,654.00,yes
2026-10-03T21:22:47.840212Z,0.1500,0.01,yes
2026-10-03T21:22:47.840212Z,0.1500,1.00,yes
2026-10-03T21:22:47.840212Z,0.1500,998.99,yes
2026-10-03T21:22:48.15032Z,0.1500,994.78,no
2026-10-03T21:22:51.372076Z,0.1500,0.01,yes
2026-10-03T21:22:53.841587Z,0.1600,1.00,yes
2026-10-03T21:22:53.841587Z,0.1600,117.05,yes
2026-10-03T21:22:54.559353Z,0.1600,118.05,yes
2026-10-03T21:22:56.217722Z,0.1500,6.73,no
2026-10-03T21:22:59.782913Z,0.1600,59.02,yes
2026-10-03T21:23:00.966361Z,0.1600,180.88,yes
2026-10-03T21:23:00.966361Z,0.1600,379.89,yes
2026-10-03T21:23:01.382701Z,0.1600,29.51,yes
2026-10-03T21:23:06.227533Z,0.1600,29.51,yes
2026-10-03T21:23:10.728907Z,0.1600,96.90,yes
2026-10-03T21:23:10.728907Z,0.1600,36.09,yes
2026-10-03T21:23:10.728907Z,0.1600,475.00,yes
2026-10-03T21:23:11.600434Z,0.1600,147.57,yes
2026-10-03T21:23:12.309843Z,0.1600,59.02,yes
2026-10-03T21:23:14.284489Z,0.1600,5.57,yes
2026-10-03T21:23:14.284489Z,0.1600,171.51,yes
2026-10-03T21:23:14.309122Z,0.1600,29.51,yes
2026-10-03T21:23:14.998764Z,0.1600,11.80,yes
2026-10-03T21:23:15.675019Z,0.1600,5.90,yes
2026-10-03T21:23:16.059163Z,0.1600,289.24,yes
2026-10-03T21:23:16.64481Z,0.1600,34.82,yes
2026-10-03T21:23:17.939866Z,0.1600,29.51,yes
2026-10-03T21:23:19.344203Z,0.1500,31.45,yes
2026-10-03T21:23:19.344203Z,0.1500,0.01,yes
2026-10-03T21:23:19.463873Z,0.1500,31.46,yes
2026-10-03T21:23:19.726973Z,0.1500,12.91,yes
2026-10-03T21:23:19.726973Z,0.1500,54.09,yes
2026-10-03T21:23:20.378743Z,0.1500,49.09,yes
2026-10-03T21:23:20.378743Z,0.1500,45.29,yes
2026-10-03T21:23:20.378743Z,0.1500,31.46,yes
2026-10-03T21:23:20.378743Z,0.1500,31.45,yes
2026-10-03T21:23:20.378743Z,0.1500,0.01,yes
2026-10-03T21:23:20.993915Z,0.1500,6.28,yes
2026-10-03T21:23:20.993915Z,0.1500,0.01,yes
2026-10-03T21:23:23.205975Z,0.1500,20.00,yes
2026-10-03T21:23:23.615245Z,0.1500,100.00,yes
2026-10-03T21:23:23.615245Z,0.1500,0.01,yes
2026-10-03T21:23:23.770154Z,0.1600,0.01,yes
2026-10-03T21:23:23.770154Z,0.1600,40.00,yes
2026-10-03T21:23:23.770154Z,0.1600,2.99,yes
2026-10-03T21:23:23.770154Z,0.1600,47.00,yes
2026-10-03T21:23:23.779358Z,0.1600,9.00,yes
2026-10-03T21:23:24.144579Z,0.1600,0.01,yes
2026-10-03T21:23:24.144579Z,0.1600,9.00,yes
2026-10-03T21:23:24.144579Z,0.1600,30.54,yes
2026-10-03T21:23:24.311036Z,0.1600,3.00,no
2026-10-03T21:23:25.896034Z,0.1700,16.67,yes
2026-10-03T21:23:25.904007Z,0.1700,16.67,yes
2026-10-03T21:23:26.756663Z,0.1700,5.52,yes
2026-10-03T21:23:28.580367Z,0.1600,64.86,no
2026-10-03T21:23:28.580367Z,0.1600,898.65,no
2026-10-03T21:23:28.580367Z,0.1600,95.00,no
2026-10-03T21:23:28.580367Z,0.1600,52.45,no
2026-10-03T21:23:28.580367Z,0.1600,95.00,no
2026-10-03T21:23:28.580367Z,0.1600,68.00,no
2026-10-03T21:23:28.580367Z,0.1600,95.00,no
2026-10-03T21:23:29.00384Z,0.1700,138.98,yes
2026-10-03T21:23:30.411108Z,0.1700,277.94,yes
2026-10-03T21:23:32.029765Z,0.1700,166.78,yes
2026-10-03T21:23:33.096238Z,0.1700,138.98,yes
2026-10-03T21:23:35.478505Z,0.1700,1.00,yes
2026-10-03T21:23:35.733742Z,0.1600,6.26,no
2026-10-03T21:23:35.733742Z,0.1600,744.00,no
2026-10-03T21:23:35.733742Z,0.1600,2508.74,no
2026-10-03T21:23:35.733742Z,0.1600,1000.00,no
2026-10-03T21:23:36.361396Z,0.1700,36.46,yes
2026-10-03T21:23:36.607782Z,0.1600,1667.00,no
2026-10-03T21:23:36.607782Z,0.1600,64.12,no
2026-10-03T21:23:36.914323Z,0.1600,27.79,yes
2026-10-03T21:23:37.471705Z,0.1600,5.90,yes
2026-10-03T21:23:38.67623Z,0.1600,88.54,yes
2026-10-03T21:23:39.17027Z,0.1600,1.47,yes
2026-10-03T21:23:40.120458Z,0.1600,29.51,yes
2026-10-03T21:23:42.646114Z,0.1600,29.51,yes
2026-10-03T21:23:42.844358Z,0.1600,82.64,yes
2026-10-03T21:23:43.382998Z,0.1600,138.83,yes
2026-10-03T21:23:44.537992Z,0.1600,59.02,yes
2026-10-03T21:23:45.679281Z,0.1600,277.77,yes
2026-10-03T21:23:49.529121Z,0.1600,112.15,yes
2026-10-03T21:23:55.789312Z,0.1600,0.01,yes
2026-10-03T21:23:55.789312Z,0.1600,29.50,yes
2026-10-03T21:23:56.443027Z,0.1600,2.95,yes
2026-10-03T21:23:58.44926Z,0.1600,7.55,yes
2026-10-03T21:23:58.44926Z,0.1600,59.74,yes
2026-10-03T21:23:58.44926Z,0.1600,55.00,yes
2026-10-03T21:23:58.44926Z,0.1600,312.00,yes
2026-10-03T21:23:58.44926Z,0.1600,156.00,yes
2026-10-03T21:23:59.256467Z,0.1500,18.00,no
2026-10-03T21:23:59.256467Z,0.1500,67.30,no
2026-10-03T21:23:59.256467Z,0.1500,1022.70,no
2026-10-03T21:24:00.503856Z,0.1200,100.00,no
2026-10-03T21:24:00.503856Z,0.1300,25.00,no
2026-10-03T21:24:00.503856Z,0.1300,50.00,no
2026-10-03T21:24:00.503856Z,0.1100,2.15,no
2026-10-03T21:24:00.503856Z,0.1300,67.65,no
2026-10-03T21:24:00.503856Z,0.1100,500.00,no
2026-10-03T21:24:00.503856Z,0.1100,79.00,no
2026-10-03T21:24:00.503856Z,0.1300,20.00,no
2026-10-03T21:24:00.503856Z,0.1000,327.00,no
2026-10-03T21:24:00.503856Z,0.1300,55.00,no
2026-10-03T21:24:00.503856Z,0.1100,440.00,no
2026-10-03T21:24:00.503856Z,0.1200,55.00,no
2026-10-03T21:24:00.503856Z,0.1200,20.00,no
2026-10-03T21:24:00.503856Z,0.1300,42.00,no
2026-10-03T21:24:00.503856Z,0.1000,20.00,no
2026-10-03T21:24:00.503856Z,0.1100,25.00,no
2026-10-03T21:24:00.503856Z,0.1500,222.20,no
2026-10-03T21:24:00.563226Z,0.1400,11.00,yes
2026-10-03T21:24:00.722308Z,0.1200,39.00,no
2026-10-03T21:24:00.722308Z,0.1200,1.00,no
2026-10-03T21:24:01.244705Z,0.1000,5.00,no
2026-10-03T21:24:02.119606Z,0.1100,8.63,yes
2026-10-03T21:24:06.165328Z,0.0900,18.09,yes
2026-10-03T21:24:06.946758Z,0.1100,1.00,yes
2026-10-03T21:24:06.946758Z,0.1000,55.00,yes
2026-10-03T21:24:06.946758Z,0.1100,1.00,yes
2026-10-03T21:24:06.946758Z,0.1100,67.18,yes
2026-10-03T21:24:06.946758Z,0.0900,1.12,yes
2026-10-03T21:24:06.946758Z,0.1100,54.78,yes
2026-10-03T21:24:06.946758Z,0.1000,1.00,yes
2026-10-03T21:24:06.946758Z,0.0900,29.91,yes
2026-10-03T21:24:06.946758Z,0.1000,6.00,yes
2026-10-03T21:24:06.946758Z,0.1100,1.00,yes
2026-10-03T21:24:06.946758Z,0.1100,1.00,yes
2026-10-03T21:24:06.946758Z,0.1100,1.00,yes
2026-10-03T21:24:10.956453Z,0.1200,2.00,yes
2026-10-03T21:24:10.956453Z,0.1200,1.00,yes
2026-10-03T21:24:10.956453Z,0.1200,0.61,yes
2026-10-03T21:24:10.956453Z,0.1200,1.00,yes
2026-10-03T21:24:10.956453Z,0.1200,1.00,yes
2026-10-03T21:24:10.956453Z,0.1200,1.00,yes
2026-10-03T21:24:10.956453Z,0.1200,0.01,yes
2026-10-03T21:24:10.956453Z,0.1200,2.00,yes
2026-10-03T21:24:10.956453Z,0.1200,1.00,yes
2026-10-03T21:24:10.956453Z,0.1200,1.00,yes
2026-10-03T21:24:10.956453Z,0.1100,0.01,yes
2026-10-03T21:24:10.956453Z,0.1100,0.01,yes
2026-10-03T21:24:12.96364Z,0.1200,55.00,yes
2026-10-03T21:24:12.96364Z,0.1200,18.10,yes
2026-10-03T21:24:12.96364Z,0.1200,4.00,yes
2026-10-03T21:24:12.96364Z,0.1200,1.39,yes
2026-10-03T21:24:16.005091Z,0.1400,2.20,yes
2026-10-03T21:24:16.005091Z,0.1400,79.00,yes
2026-10-03T21:24:16.005091Z,0.1200,48.00,yes
2026-10-03T21:24:16.005091Z,0.1300,983.53,yes
2026-10-03T21:24:16.005091Z,0.1200,2.00,yes
2026-10-03T21:24:16.005091Z,0.1200,0.01,yes
2026-10-03T21:24:16.005091Z,0.1300,1.00,yes
2026-10-03T21:24:16.005091Z,0.1300,1.00,yes
2026-10-03T21:24:16.005091Z,0.1300,3.00,yes
2026-10-03T21:24:16.005091Z,0.1300,9.00,yes
2026-10-03T21:24:16.005091Z,0.1500,7.00,yes
2026-10-03T21:24:16.005091Z,0.1400,5.00,yes
2026-10-03T21:24:16.005091Z,0.1200,55.00,yes
2026-10-03T21:24:16.005091Z,0.1400,6.00,yes
2026-10-03T21:24:16.005091Z,0.1400,14.00,yes
2026-10-03T21:24:16.005091Z,0.1500,1.00,yes
2026-10-03T21:24:16.005091Z,0.1400,4.00,yes
2026-10-03T21:24:16.005091Z,0.1500,2.00,yes
2026-10-03T21:24:16.005091Z,0.1500,2.00,yes
2026-10-03T21:24:16.005091Z,0.1400,69.35,yes
2026-10-03T21:24:16.005091Z,0.1500,1.00,yes
2026-10-03T21:24:16.005091Z,0.1300,67.04,yes
2026-10-03T21:24:16.005091Z,0.1300,1.00,yes
2026-10-03T21:24:16.005091Z,0.1500,86.26,yes
2026-10-03T21:24:17.937702Z,0.1400,50.58,yes
2026-10-03T21:24:17.937702Z,0.1300,2.00,yes
2026-10-03T21:24:17.937702Z,0.1200,0.01,yes
2026-10-03T21:24:17.937702Z,0.1300,1.00,yes
2026-10-03T21:24:17.937702Z,0.1300,2.00,yes
2026-10-03T21:24:17.937702Z,0.1300,13.00,yes
2026-10-03T21:24:19.013898Z,0.1400,0.35,yes
2026-10-03T21:24:19.013898Z,0.1400,3.00,yes
2026-10-03T21:24:19.013898Z,0.1200,0.01,yes
2026-10-03T21:24:19.630783Z,0.1400,7.65,yes
2026-10-03T21:24:19.630783Z,0.1400,26.03,yes
2026-10-03T21:24:21.843626Z,0.1200,5.00,no
2026-10-03T21:24:21.843626Z,0.1200,25.00,no
2026-10-03T21:24:21.843626Z,0.1200,50.00,no
2026-10-03T21:24:21.843626Z,0.1200,48.00,no
2026-10-03T21:24:22.914567Z,0.1200,0.01,yes
2026-10-03T21:24:22.914567Z,0.1200,13.40,yes
2026-10-03T21:24:23.533027Z,0.1200,39.24,yes
2026-10-03T21:24:23.551477Z,0.1200,117.74,yes
2026-10-03T21:24:24.688356Z,0.1100,3.00,no
2026-10-03T21:24:24.688356Z,0.1100,109.35,no
2026-10-03T21:24:27.203704Z,0.1200,730.46,yes
2026-10-03T21:24:27.780783Z,0.1200,7.84,yes
2026-10-03T21:24:27.885139Z,0.1200,42.78,yes
2026-10-03T21:24:27.885139Z,0.1200,0.01,yes
2026-10-03T21:24:27.885139Z,0.1200,227.32,yes
2026-10-03T21:24:28.76245Z,0.1100,50.72,no
2026-10-03T21:24:28.76245Z,0.1100,16.65,no
2026-10-03T21:24:30.003606Z,0.1100,63.24,no
2026-10-03T21:24:30.003606Z,0.1100,17.91,no
2026-10-03T21:24:30.003606Z,0.1100,2.93,no
2026-10-03T21:24:33.109011Z,0.1200,196.24,yes
2026-10-03T21:24:33.896247Z,0.1200,31.76,yes
2026-10-03T21:24:33.896247Z,0.1200,85.98,yes
2026-10-03T21:24:34.063224Z,0.1200,196.24,yes
2026-10-03T21:24:34.085622Z,0.1200,39.24,yes
2026-10-03T21:24:35.26352Z,0.1200,2.35,yes
2026-10-03T21:24:35.486931Z,0.1200,7.84,yes
2026-10-03T21:24:39.340499Z,0.1200,54.94,yes
2026-10-03T21:24:39.619442Z,0.1100,597.00,no
2026-10-03T21:24:39.619442Z,0.1100,243.00,no
2026-10-03T21:24:39.620407Z,0.1100,306.00,no
2026-10-03T21:24:39.620407Z,0.1100,68.32,no
2026-10-03T21:24:40.140398Z,0.1100,390.09,yes
2026-10-03T21:24:40.140398Z,0.1100,465.68,yes
2026-10-03T21:24:40.283338Z,0.1000,111.11,no
2026-10-03T21:24:41.769418Z,0.1100,171.15,yes
2026-10-03T21:24:41.919162Z,0.1000,435.46,no
2026-10-03T21:24:41.919162Z,0.1000,20.00,no
2026-10-03T21:24:41.919162Z,0.1000,471.69,no
2026-10-03T21:24:43.244572Z,0.1100,22.00,yes
2026-10-03T21:24:43.771555Z,0.1100,171.12,yes
2026-10-03T21:24:43.771555Z,0.1100,256.76,yes
2026-10-03T21:24:44.240659Z,0.1100,42.78,yes
2026-10-03T21:24:45.709905Z,0.1100,42.78,yes
2026-10-03T21:24:45.859698Z,0.1100,77.01,yes
2026-10-03T21:24:46.775912Z,0.1100,156.99,yes
2026-10-03T21:24:47.379754Z,0.1100,21.39,yes
2026-10-03T21:24:49.36654Z,0.1100,1.35,yes
2026-10-03T21:24:49.36654Z,0.1100,15.76,yes
2026-10-03T21:24:49.716382Z,0.1100,17.11,yes
2026-10-03T21:24:49.848438Z,0.1100,171.15,yes
2026-10-03T21:24:50.596634Z,0.1100,42.78,yes
2026-10-03T21:24:53.575536Z,0.1100,0.01,yes
2026-10-03T21:24:53.575536Z,0.1100,1.00,yes
2026-10-03T21:24:53.575536Z,0.1100,1.06,yes
2026-10-03T21:24:53.575536Z,0.1100,83.50,yes
2026-10-03T21:24:54.230318Z,0.1100,25.00,yes
2026-10-03T21:24:54.3974Z,0.1000,6.00,no
2026-10-03T21:24:54.3974Z,0.1000,209.03,no
2026-10-03T21:24:54.3974Z,0.1000,100.00,no
2026-10-03T21:24:54.3974Z,0.1000,1108.00,no
2026-10-03T21:24:55.195802Z,0.1100,427.88,yes
2026-10-03T21:24:55.234644Z,0.1100,784.97,yes
2026-10-03T21:24:57.93032Z,0.1000,18.81,yes
2026-10-03T21:24:58.165735Z,0.1000,9.40,yes
2026-10-03T21:24:58.266082Z,0.1000,17.11,yes
2026-10-03T21:25:00.716073Z,0.1000,9.40,yes
2026-10-03T21:25:02.586865Z,0.1000,1.69,yes
2026-10-03T21:25:02.586865Z,0.1000,25.00,yes
2026-10-03T21:25:02.586865Z,0.1000,35.16,yes
2026-10-03T21:25:02.586865Z,0.1000,54.87,yes
2026-10-03T21:25:02.586865Z,0.1000,2.00,yes
2026-10-03T21:25:02.586865Z,0.1000,22.39,yes
2026-10-03T21:25:04.999603Z,0.1000,18.21,no
2026-10-03T21:25:04.999603Z,0.1000,265.00,no
2026-10-03T21:25:04.999603Z,0.1000,265.00,no
2026-10-03T21:25:06.034856Z,0.1000,8.47,no
2026-10-03T21:25:06.034856Z,0.1000,58.90,no
2026-10-03T21:25:06.223831Z,0.1000,256.53,no
2026-10-03T21:25:06.223831Z,0.1000,65.37,no
2026-10-03T21:25:06.320464Z,0.1100,8.55,yes
2026-10-03T21:25:06.770738Z,0.1000,134.74,no
2026-10-03T21:25:08.574428Z,0.1100,8.55,yes
2026-10-03T21:25:09.501146Z,0.1100,25.67,yes
2026-10-03T21:25:09.554989Z,0.1000,64.89,no
2026-10-03T21:25:09.554989Z,0.1000,444.78,no
2026-10-03T21:25:09.649136Z,0.1000,468.51,no
2026-10-03T21:25:09.703097Z,0.1100,10.69,yes
2026-10-03T21:25:09.970549Z,0.1100,12.23,yes
2026-10-03T21:25:10.61748Z,0.1100,76.00,yes
2026-10-03T21:25:11.238023Z,0.1100,42.78,yes
2026-10-03T21:25:12.322181Z,0.1100,2.56,yes
2026-10-03T21:25:12.771086Z,0.1000,64.07,no
2026-10-03T21:25:12.771086Z,0.1000,53.05,no
2026-10-03T21:25:12.968376Z,0.1000,427.08,no
2026-10-03T21:25:12.968376Z,0.1000,1922.92,no
2026-10-03T21:25:12.975862Z,0.1000,285.00,no
2026-10-03T21:25:12.975862Z,0.1000,48.00,no
2026-10-03T21:25:12.975862Z,0.1000,1667.00,no
2026-10-03T21:25:14.178889Z,0.1100,23.61,yes
2026-10-03T21:25:14.643351Z,0.1000,197.55,no
2026-10-03T21:25:14.970674Z,0.1100,42.78,yes
2026-10-03T21:25:15.077866Z,0.1100,25.67,yes
2026-10-03T21:25:15.487998Z,0.1000,10.98,no
2026-10-03T21:25:15.674671Z,0.1100,128.36,yes
2026-10-03T21:25:15.891519Z,0.1000,234.56,no
2026-10-03T21:25:15.951272Z,0.1000,40.87,no
2026-10-03T21:25:17.808894Z,0.1100,85.57,yes
2026-10-03T21:25:18.515559Z,0.1100,85.57,yes
2026-10-03T21:25:18.76837Z,0.1100,213.94,yes
2026-10-03T21:25:19.514011Z,0.1100,25.67,yes
2026-10-03T21:25:20.487362Z,0.1100,85.57,yes
2026-10-03T21:25:20.876484Z,0.1100,45.45,yes
2026-10-03T21:25:21.595768Z,0.1000,65.25,no
2026-10-03T21:25:22.694454Z,0.1100,25.67,yes
2026-10-03T21:25:22.77092Z,0.1000,310.03,no
2026-10-03T21:25:25.935368Z,0.1000,86.78,yes
2026-10-03T21:25:25.935368Z,0.1000,7.29,yes
2026-10-03T21:25:26.528765Z,0.1000,47.03,yes
2026-10-03T21:25:27.148543Z,0.1000,9.40,yes
2026-10-03T21:25:27.484953Z,0.0800,12.00,no
2026-10-03T21:25:27.484953Z,0.0800,24.04,no
2026-10-03T21:25:27.484953Z,0.0900,20.00,no
2026-10-03T21:25:27.484953Z,0.0900,0.02,no
2026-10-03T21:25:27.484953Z,0.0800,100.00,no
2026-10-03T21:25:28.046312Z,0.1000,9.40,yes
2026-10-03T21:25:28.23089Z,0.1000,18.03,yes
2026-10-03T21:25:28.23089Z,0.1000,3.31,yes
2026-10-03T21:25:28.23089Z,0.1000,4.17,yes
2026-10-03T21:25:28.23089Z,0.1000,0.03,yes
2026-10-03T21:25:28.23089Z,0.1000,86.78,yes
2026-10-03T21:25:30.641567Z,0.0800,84.39,no
2026-10-03T21:25:30.641567Z,0.0800,1.00,no
2026-10-03T21:25:30.641567Z,0.0800,62.83,no
2026-10-03T21:25:30.905271Z,0.1000,18.81,yes
2026-10-03T21:25:30.991728Z,0.1000,47.03,yes
2026-10-03T21:25:39.268224Z,0.1000,46.04,yes
2026-10-03T21:25:39.268224Z,0.1000,25.00,yes
2026-10-03T21:25:39.268224Z,0.1000,2.00,yes
2026-10-03T21:25:39.268224Z,0.1000,21.03,yes
2026-10-03T21:25:39.71416Z,0.1000,20.75,yes
2026-10-03T21:25:42.960406Z,0.1100,42.78,yes
2026-10-03T21:25:45.590868Z,0.1000,25.00,yes
2026-10-03T21:25:45.590868Z,0.1000,50.00,yes
2026-10-03T21:25:45.590868Z,0.1000,86.07,yes
2026-10-03T21:25:45.590868Z,0.1000,2.00,yes
2026-10-03T21:25:45.590868Z,0.1100,1562.95,yes
2026-10-03T21:25:48.181337Z,0.1000,25.00,yes
2026-10-03T21:25:48.181337Z,0.1000,86.07,yes
2026-10-03T21:25:48.181337Z,0.1100,27.29,yes
2026-10-03T21:25:48.317892Z,0.1000,9.40,yes
2026-10-03T21:25:50.154876Z,0.1000,86.10,yes
2026-10-03T21:25:50.154876Z,0.1000,25.00,yes
2026-10-03T21:25:50.154876Z,0.1100,326.82,yes
2026-10-03T21:25:51.222754Z,0.1000,25.00,yes
2026-10-03T21:25:51.222754Z,0.1000,2.00,yes
2026-10-03T21:25:51.222754Z,0.1000,50.00,yes
2026-10-03T21:25:54.495227Z,0.1000,91.00,no
2026-10-03T21:25:54.495227Z,0.1000,344.00,no
2026-10-03T21:25:54.495227Z,0.1000,971.41,no
2026-10-03T21:25:54.495227Z,0.1000,344.00,no
2026-10-03T21:25:54.495227Z,0.1000,344.00,no
2026-10-03T21:25:54.495227Z,0.1000,267.00,no
2026-10-03T21:25:54.495227Z,0.1000,1.77,no
2026-10-03T21:25:55.063725Z,0.1000,427.88,no
2026-10-03T21:25:55.697731Z,0.1000,138.98,no
2026-10-03T21:25:55.940565Z,0.1100,25.67,yes
2026-10-03T21:25:56.998478Z,0.1100,76.84,yes
2026-10-03T21:25:57.048135Z,0.1100,8.55,yes
2026-10-03T21:25:59.370737Z,0.1000,67.06,no
2026-10-03T21:26:00.280128Z,0.1000,350.33,no
2026-10-03T21:26:00.815293Z,0.1000,13.41,no
2026-10-03T21:26:00.906394Z,0.1100,171.15,yes
2026-10-03T21:26:01.796843Z,0.1100,42.78,yes
2026-10-03T21:26:01.964922Z,0.1100,73.51,yes
2026-10-03T21:26:04.222773Z,0.1000,59.35,no
2026-10-03T21:26:05.420853Z,0.1100,8.55,yes
2026-10-03T21:26:05.581892Z,0.1100,38.38,yes
2026-10-03T21:26:06.521198Z,0.1100,85.57,yes
2026-10-03T21:26:08.820948Z,0.1100,2.13,yes
2026-10-03T21:26:09.281986Z,0.1100,427.88,yes
2026-10-03T21:26:11.280995Z,0.1000,2.69,no
2026-10-03T21:26:13.076114Z,0.1100,4.36,yes
2026-10-03T21:26:14.267411Z,0.1100,855.77,yes
2026-10-03T21:26:16.859805Z,0.1100,171.15,yes
2026-10-03T21:26:18.042301Z,0.1100,2507.42,yes
2026-10-03T21:26:19.657371Z,0.1000,83.25,yes
2026-10-03T21:26:21.060357Z,0.1000,50.00,yes
2026-10-03T21:26:21.060357Z,0.1000,25.00,yes
2026-10-03T21:26:21.060357Z,0.1000,83.36,yes
2026-10-03T21:26:21.060357Z,0.1000,30.00,yes
2026-10-03T21:26:21.060357Z,0.1000,2.00,yes
2026-10-03T21:26:21.060357Z,0.1100,36.32,yes
2026-10-03T21:26:22.701366Z,0.1000,83.70,yes
2026-10-03T21:26:22.701366Z,0.1000,0.96,yes
2026-10-03T21:26:23.339067Z,0.1000,18.81,yes
2026-10-03T21:26:23.59835Z,0.1000,64.89,yes
2026-10-03T21:26:23.59835Z,0.1100,8.85,yes
2026-10-03T21:26:25.549645Z,0.1000,18.81,yes
2026-10-03T21:26:26.169451Z,0.1000,47.03,yes
2026-10-03T21:26:27.292932Z,0.1000,94.07,yes
2026-10-03T21:26:27.99304Z,0.1000,45.03,yes
2026-10-03T21:26:27.99304Z,0.1000,2.00,yes
2026-10-03T21:26:28.528776Z,0.1000,15.97,yes
2026-10-03T21:26:28.528776Z,0.1000,2.84,yes
2026-10-03T21:26:32.305026Z,0.1000,24.83,yes
2026-10-03T21:26:33.477537Z,0.0900,81.97,no
2026-10-03T21:26:33.477537Z,0.0900,268.36,no
2026-10-03T21:26:33.706813Z,0.1000,9.40,yes
2026-10-03T21:26:37.94861Z,0.0900,52.22,no
2026-10-03T21:26:39.455124Z,0.1000,47.03,yes
2026-10-03T21:26:40.09195Z,0.1000,47.03,yes
2026-10-03T21:26:41.619684Z,0.1000,2822.20,yes
2026-10-03T21:26:42.509635Z,0.1000,46.67,yes
2026-10-03T21:26:42.509635Z,0.1000,47.40,yes
2026-10-03T21:26:45.045357Z,0.1000,8.25,yes
2026-10-03T21:26:45.073613Z,0.1000,18.62,yes
2026-10-03T21:26:46.489831Z,0.1000,18.81,yes
2026-10-03T21:26:47.032996Z,0.0900,50.00,no
2026-10-03T21:26:47.032996Z,0.0900,587.86,no
2026-10-03T21:26:47.032996Z,0.0900,372.00,no
2026-10-03T21:26:47.032996Z,0.0900,201.00,no
2026-10-03T21:26:47.032996Z,0.0900,372.00,no
2026-10-03T21:26:47.032996Z,0.0900,25.00,no
2026-10-03T21:26:47.032996Z,0.0900,372.00,no
2026-10-03T21:26:47.032996Z,0.0900,3277.00,no
2026-10-03T21:26:47.032996Z,0.0900,1000.00,no
2026-10-03T21:26:47.032996Z,0.0900,372.00,no
2026-10-03T21:26:47.032996Z,0.0900,1455.86,no
2026-10-03T21:26:47.257155Z,0.0900,0.50,no
2026-10-03T21:26:51.61019Z,0.1000,9.12,yes
2026-10-03T21:26:51.61019Z,0.1000,83.16,yes
2026-10-03T21:26:56.182874Z,0.1000,9.40,yes
2026-10-03T21:26:59.163525Z,0.1000,46.00,yes
2026-10-03T21:27:01.398622Z,0.1000,4.70,yes
2026-10-03T21:27:01.604167Z,0.1000,47.03,yes
2026-10-03T21:27:02.107945Z,0.0900,44.59,no
2026-10-03T21:27:02.107945Z,0.0900,80.75,no
2026-10-03T21:27:04.473761Z,0.1000,9.40,yes
2026-10-03T21:27:05.464328Z,0.1000,141.11,yes
2026-10-03T21:27:05.738482Z,0.1000,235.18,yes
2026-10-03T21:27:08.184288Z,0.0900,28.74,no
2026-10-03T21:27:08.5429Z,0.1000,94.07,yes
2026-10-03T21:27:11.108713Z,0.1000,9.40,yes
2026-10-03T21:27:13.264689Z,0.1000,94.07,yes
2026-10-03T21:27:15.712005Z,0.1000,61.14,yes
2026-10-03T21:27:17.763523Z,0.1000,47.03,yes
2026-10-03T21:27:19.807142Z,0.1000,94.07,yes
2026-10-03T21:27:21.382632Z,0.1000,116.80,yes
2026-10-03T21:27:21.382632Z,0.1000,532.30,yes
2026-10-03T21:27:22.149251Z,0.1000,423.33,yes
2026-10-03T21:27:24.145055Z,0.0900,117.12,no
2026-10-03T21:27:24.701523Z,0.1000,44.37,yes
2026-10-03T21:27:24.701523Z,0.1000,49.70,yes
2026-10-03T21:27:28.047324Z,0.1000,47.03,yes
2026-10-03T21:27:28.243441Z,0.0800,13.45,no
2026-10-03T21:27:28.243441Z,0.0800,0.02,no
2026-10-03T21:27:28.528091Z,0.1000,9.40,yes
2026-10-03T21:27:30.709972Z,0.1100,23.86,yes
2026-10-03T21:27:30.709972Z,0.1000,14.00,yes
2026-10-03T21:27:30.709972Z,0.1000,2.00,yes
2026-10-03T21:27:30.709972Z,0.1000,15.00,yes
2026-10-03T21:27:30.709972Z,0.1000,81.01,yes
2026-10-03T21:27:36.24947Z,0.1000,83.00,yes
2026-10-03T21:27:38.197321Z,0.0900,63.05,no
2026-10-03T21:27:38.618005Z,0.1000,9.40,yes
2026-10-03T21:27:38.825741Z,0.0900,58.32,no
2026-10-03T21:27:38.825741Z,0.0900,363.95,no
2026-10-03T21:27:38.854636Z,0.1000,18.81,yes
2026-10-03T21:27:39.443574Z,0.1000,47.03,yes
2026-10-03T21:27:42.936142Z,0.1000,47.03,yes
2026-10-03T21:27:43.356332Z,0.1000,141.11,yes
2026-10-03T21:27:45.280401Z,0.1000,9.40,yes
2026-10-03T21:27:46.475324Z,0.0900,336.86,no
2026-10-03T21:27:46.648356Z,0.1000,383.34,yes
2026-10-03T21:27:50.205345Z,0.1000,18.81,yes
2026-10-03T21:27:50.470471Z,0.0900,31.82,no
2026-10-03T21:27:50.470471Z,0.0900,61.94,no
2026-10-03T21:27:51.00756Z,0.1000,56.44,yes
2026-10-03T21:27:51.394405Z,0.1000,18.81,yes
2026-10-03T21:27:53.522601Z,0.1000,282.22,yes
2026-10-03T21:27:54.481514Z,0.1000,188.14,yes
2026-10-03T21:27:54.889134Z,0.1000,127.37,yes
2026-10-03T21:27:59.286158Z,0.0900,112.37,no
2026-10-03T21:27:59.390858Z,0.1000,47.03,yes
2026-10-03T21:27:59.903626Z,0.0900,187.28,no
2026-10-03T21:28:00.711247Z,0.1000,47.03,yes
2026-10-03T21:28:01.081319Z,0.1000,61.14,yes
2026-10-03T21:28:01.601122Z,0.1000,6.58,yes
2026-10-03T21:28:03.263702Z,0.1000,28.21,yes
2026-10-03T21:28:03.263702Z,0.0900,0.01,yes
2026-10-03T21:28:04.879783Z,0.0800,6.55,no
2026-10-03T21:28:04.879783Z,0.0800,25.00,no
2026-10-03T21:28:04.879783Z,0.0800,16.34,no
2026-10-03T21:28:04.879783Z,0.0800,2.01,no
2026-10-03T21:28:06.149033Z,0.1100,81.89,yes
2026-10-03T21:28:06.149033Z,0.1000,1.00,yes
2026-10-03T21:28:06.149033Z,0.1000,15.00,yes
2026-10-03T21:28:06.149033Z,0.1000,81.98,yes
2026-10-03T21:28:06.149033Z,0.0900,0.01,yes
2026-10-03T21:28:09.039864Z,0.1000,1.00,yes
2026-10-03T21:28:09.039864Z,0.1000,15.00,yes
2026-10-03T21:28:09.039864Z,0.0900,0.01,yes
2026-10-03T21:28:09.039864Z,0.1000,5.00,yes
2026-10-03T21:28:09.039864Z,0.1000,73.06,yes
2026-10-03T21:28:10.162133Z,0.0900,0.01,yes
2026-10-03T21:28:10.164116Z,0.1100,836.91,yes
2026-10-03T21:28:10.164116Z,0.1000,2.00,yes
2026-10-03T21:28:10.164116Z,0.1000,1.00,yes
2026-10-03T21:28:10.431392Z,0.0900,0.01,yes
2026-10-03T21:28:10.58732Z,0.0900,0.01,yes
2026-10-03T21:28:11.525185Z,0.1000,103.48,yes
2026-10-03T21:28:15.111154Z,0.1100,42.78,yes
2026-10-03T21:28:15.299742Z,0.1100,6.00,yes
2026-10-03T21:28:17.156421Z,0.1100,171.15,yes
2026-10-03T21:28:18.061999Z,0.1000,67.37,no
2026-10-03T21:28:19.475646Z,0.1000,787.00,no
2026-10-03T21:28:20.170645Z,0.1100,213.94,yes
2026-10-03T21:28:20.265268Z,0.1000,11.47,no
2026-10-03T21:28:20.265268Z,0.1000,166.08,no
2026-10-03T21:28:20.265268Z,0.1000,25.00,no
2026-10-03T21:28:20.99626Z,0.0900,13.03,no
2026-10-03T21:28:22.403334Z,0.1100,127.91,yes
2026-10-03T21:28:22.403334Z,0.1000,0.45,yes
2026-10-03T21:28:24.19324Z,0.1100,119.80,yes
2026-10-03T21:28:28.043788Z,0.1000,66.00,yes
2026-10-03T21:28:28.043788Z,0.1000,100.00,yes
2026-10-03T21:28:29.139226Z,0.1000,94.07,yes
2026-10-03T21:28:29.514001Z,0.1000,28.22,yes
2026-10-03T21:28:29.771094Z,0.1100,57.21,yes
2026-10-03T21:28:29.771094Z,0.1000,2.23,yes
2026-10-03T21:28:29.771094Z,0.1000,111.71,yes
2026-10-03T21:28:31.302055Z,0.1100,2.13,yes
2026-10-03T21:28:31.366273Z,0.1000,77.13,no
2026-10-03T21:28:33.387361Z,0.1000,46.94,yes
2026-10-03T21:28:33.387361Z,0.0900,0.01,yes
2026-10-03T21:28:34.606871Z,0.1100,38.38,yes
2026-10-03T21:28:35.053151Z,0.1000,427.88,no
2026-10-03T21:28:35.169232Z,0.1100,85.57,yes
2026-10-03T21:28:35.52021Z,0.1100,42.78,yes
2026-10-03T21:28:36.063406Z,0.1100,76.84,yes
2026-10-03T21:28:36.59569Z,0.0800,1.00,no
2026-10-03T21:28:38.14311Z,0.1100,38.08,yes
2026-10-03T21:28:38.14311Z,0.0900,0.01,yes
2026-10-03T21:28:38.14311Z,0.1000,5.00,yes
2026-10-03T21:28:40.224839Z,0.0900,0.01,yes
2026-10-03T21:28:41.737479Z,0.1100,171.07,yes
2026-10-03T21:28:41.827168Z,0.1100,14.97,yes
2026-10-03T21:28:43.335015Z,0.0900,0.01,yes
2026-10-03T21:28:43.701646Z,0.0900,442.73,no
2026-10-03T21:28:43.701646Z,0.0900,557.27,no
2026-10-03T21:28:43.701781Z,0.0900,481.70,no
2026-10-03T21:28:44.930372Z,0.0900,261.14,yes
2026-10-03T21:28:45.096333Z,0.0900,1000.00,yes
2026-10-03T21:28:45.096333Z,0.0900,1000.00,yes
2026-10-03T21:28:45.096333Z,0.0900,257.16,yes
2026-10-03T21:28:45.096333Z,0.0900,302.04,yes
2026-10-03T21:28:45.677003Z,0.0900,10.44,yes
2026-10-03T21:28:45.796552Z,0.0900,156.68,yes
2026-10-03T21:28:45.987175Z,0.0900,20.89,yes
2026-10-03T21:28:47.033134Z,0.0900,10.44,yes
2026-10-03T21:28:47.992365Z,0.0900,41.78,yes
2026-10-03T21:28:49.704862Z,0.0900,0.52,yes
2026-10-03T21:28:51.726586Z,0.1000,42.78,yes
2026-10-03T21:28:52.066932Z,0.1000,85.50,yes
2026-10-03T21:28:54.685913Z,0.1000,25.67,yes
2026-10-03T21:28:55.168585Z,0.1000,18.80,yes
2026-10-03T21:28:55.441042Z,0.0900,3.68,no
2026-10-03T21:28:58.064237Z,0.1000,18.81,yes
2026-10-03T21:28:58.329819Z,0.1000,9.40,yes
2026-10-03T21:29:01.208707Z,0.0900,77.01,no
2026-10-03T21:29:01.687589Z,0.1000,56.53,yes
2026-10-03T21:29:02.666262Z,0.1000,47.03,yes
2026-10-03T21:29:02.953674Z,0.1000,141.11,yes
2026-10-03T21:29:03.541893Z,0.1000,256.75,yes
2026-10-03T21:29:05.991545Z,0.1000,9.40,yes
2026-10-03T21:29:09.153054Z,0.1000,103.48,yes
2026-10-03T21:29:09.936409Z,0.0900,165.48,no
2026-10-03T21:29:09.936409Z,0.0900,3881.31,no
2026-10-03T21:29:09.936409Z,0.0900,569.34,no
2026-10-03T21:29:14.113316Z,0.0900,78.18,no
2026-10-03T21:29:15.852778Z,0.0900,300.00,no
2026-10-03T21:29:18.528155Z,0.1000,3.22,yes
2026-10-03T21:29:18.528155Z,0.1000,25.00,yes
2026-10-03T21:29:22.983941Z,0.1100,77.01,yes
2026-10-03T21:29:26.555934Z,0.1000,156.68,no
2026-10-03T21:29:27.35939Z,0.1100,85.57,yes
2026-10-03T21:29:28.640696Z,0.1100,85.57,yes
2026-10-03T21:29:29.38574Z,0.1100,17.02,yes
2026-10-03T21:29:29.399301Z,0.1000,80.08,no
2026-10-03T21:29:29.724632Z,0.1100,179.71,yes
2026-10-03T21:29:30.707027Z,0.1000,93.88,no
2026-10-03T21:29:30.877757Z,0.1100,427.88,yes
2026-10-03T21:29:31.429764Z,0.1000,90.00,no
2026-10-03T21:29:32.318527Z,0.1000,45.00,no
2026-10-03T21:29:37.683728Z,0.1000,93.64,no
2026-10-03T21:29:37.712499Z,0.1000,93.76,no
2026-10-03T21:29:38.059002Z,0.1000,42.78,no
2026-10-03T21:29:38.145338Z,0.1000,67.00,no
2026-10-03T21:29:38.145338Z,0.1000,269.19,no
2026-10-03T21:29:41.28914Z,0.1000,94.07,yes
2026-10-03T21:29:41.358725Z,0.1000,47.03,yes
2026-10-03T21:29:41.657724Z,0.1000,29.00,yes
2026-10-03T21:29:43.791545Z,0.1000,9.40,yes
2026-10-03T21:29:45.377749Z,0.0900,359.15,no
2026-10-03T21:29:45.377749Z,0.0900,76.53,no
2026-10-03T21:29:46.215819Z,0.1000,18.81,yes
2026-10-03T21:29:46.997631Z,0.1000,47.03,yes
2026-10-03T21:29:48.404483Z,0.1000,153.90,yes
2026-10-03T21:29:50.419155Z,0.1000,711.76,yes
2026-10-03T21:29:50.419155Z,0.1000,313.63,yes
2026-10-03T21:29:51.017843Z,0.1000,47.03,yes
2026-10-03T21:29:52.823613Z,0.1000,85.57,yes
2026-10-03T21:29:53.692645Z,0.1000,18.81,yes
2026-10-03T21:29:56.375955Z,0.1000,9.40,yes
2026-10-03T21:29:56.832916Z,0.1000,47.03,yes
2026-10-03T21:29:57.072579Z,0.1000,5.57,yes
2026-10-03T21:29:57.072579Z,0.1000,81.23,yes
2026-10-03T21:29:57.072579Z,0.1100,5.38,yes
2026-10-03T21:30:00.38371Z,0.1000,81.23,yes
2026-10-03T21:30:00.38371Z,0.1000,25.00,yes
2026-10-03T21:30:00.38371Z,0.1100,123.40,yes
2026-10-03T21:30:10.959497Z,0.0900,616.00,no
2026-10-03T21:30:10.959497Z,0.0900,946.04,no
2026-10-03T21:30:10.959497Z,0.0900,780.53,no
2026-10-03T21:30:12.581667Z,0.0900,100.00,no
2026-10-03T21:30:12.729452Z,0.1000,9.40,yes
2026-10-03T21:30:14.69001Z,0.1000,18.81,yes
2026-10-03T21:30:16.552453Z,0.1000,197.55,yes
2026-10-03T21:30:20.633279Z,0.0900,0.01,no
2026-10-03T21:30:22.505914Z,0.1000,18.81,yes
2026-10-03T21:30:22.54872Z,0.1000,141.11,yes
2026-10-03T21:30:26.474556Z,0.1000,65.85,yes
2026-10-03T21:30:28.442255Z,0.1000,59.64,yes
2026-10-03T21:30:30.081061Z,0.1000,376.29,yes
2026-10-03T21:30:34.680205Z,0.1000,7.52,yes
2026-10-03T21:30:42.932446Z,0.1000,18.81,yes
2026-10-03T21:30:43.845498Z,0.1000,27.46,yes
2026-10-03T21:30:45.523804Z,0.1000,25.00,yes
2026-10-03T21:30:45.523804Z,0.1000,33.60,yes
2026-10-03T21:30:45.523804Z,0.1100,29.94,yes
2026-10-03T21:30:47.515404Z,0.1000,79.87,yes
2026-10-03T21:30:47.515404Z,0.1000,14.20,yes
2026-10-03T21:30:48.116639Z,0.1000,18.81,yes
2026-10-03T21:30:50.312565Z,0.1100,192.23,yes
2026-10-03T21:30:52.722846Z,0.1100,42.78,yes
2026-10-03T21:30:53.937735Z,0.1100,25.67,yes
2026-10-03T21:30:57.966927Z,0.1100,171.15,yes
2026-10-03T21:31:03.258524Z,0.1100,8.55,yes
2026-10-03T21:31:04.889679Z,0.1000,15.15,no
2026-10-03T21:31:05.853574Z,0.1100,427.88,yes
2026-10-03T21:31:06.622016Z,0.1100,91.05,yes
2026-10-03T21:31:09.9951Z,0.1000,213.94,no
2026-10-03T21:31:10.421273Z,0.1100,42.78,yes
2026-10-03T21:31:12.169549Z,0.1100,427.88,yes
2026-10-03T21:31:15.235433Z,0.1100,42.78,yes
2026-10-03T21:31:15.634782Z,0.1100,42.78,yes
2026-10-03T21:31:17.53431Z,0.1000,198.91,no
2026-10-03T21:31:17.53431Z,0.1000,69.34,no
2026-10-03T21:31:17.841608Z,0.1100,94.13,yes
2026-10-03T21:31:18.180836Z,0.1100,85.57,yes
2026-10-03T21:31:19.736997Z,0.1100,85.57,yes
2026-10-03T21:31:20.953251Z,0.1100,42.78,yes
2026-10-03T21:31:23.715457Z,0.1100,1.11,yes
2026-10-03T21:31:27.152185Z,0.1100,43.81,yes
2026-10-03T21:31:31.131095Z,0.1100,17.11,yes
2026-10-03T21:31:34.85938Z,0.1100,32.09,yes
2026-10-03T21:31:35.480749Z,0.1000,62.00,no
2026-10-03T21:31:35.480749Z,0.1000,4.20,no
2026-10-03T21:31:38.864559Z,0.1100,213.94,yes
2026-10-03T21:31:39.59888Z,0.1100,17.11,yes
2026-10-03T21:31:39.763705Z,0.1100,8.55,yes
2026-10-03T21:31:41.133757Z,0.1100,42.78,yes
2026-10-03T21:31:41.198081Z,0.1100,299.52,yes
2026-10-03T21:31:41.424419Z,0.1000,67.06,no
2026-10-03T21:31:43.935207Z,0.1100,171.15,yes
2026-10-03T21:31:44.247928Z,0.1000,10.00,no
2026-10-03T21:31:48.69831Z,0.1100,427.88,yes
2026-10-03T21:31:49.611865Z,0.1100,171.15,yes
2026-10-03T21:31:50.103414Z,0.1100,51.34,yes
2026-10-03T21:31:51.858817Z,0.1100,342.31,yes
2026-10-03T21:31:53.056443Z,0.1100,39.96,yes
2026-10-03T21:31:53.107153Z,0.1100,154.03,yes
2026-10-03T21:31:53.869333Z,0.1100,8.55,yes
2026-10-03T21:31:54.007274Z,0.1100,85.57,yes
2026-10-03T21:31:54.493817Z,0.1100,21.39,yes
2026-10-03T21:31:54.560027Z,0.1100,22.92,yes
2026-10-03T21:31:57.659792Z,0.1100,38.38,yes
2026-10-03T21:31:58.078109Z,0.1100,85.57,yes
2026-10-03T21:32:00.697016Z,0.1100,855.77,yes
2026-10-03T21:32:02.18235Z,0.1100,25.67,yes
2026-10-03T21:32:03.289811Z,0.1100,42.78,yes
2026-10-03T21:32:05.589483Z,0.1100,84.00,yes
2026-10-03T21:32:06.268657Z,0.1100,85.57,yes
2026-10-03T21:32:07.083092Z,0.1100,85.57,yes
2026-10-03T21:32:08.535037Z,0.1000,234.25,no
2026-10-03T21:32:08.808243Z,0.1100,128.36,yes
2026-10-03T21:32:14.676532Z,0.1000,113.62,no
2026-10-03T21:32:14.676532Z,0.1000,88.49,no
2026-10-03T21:32:15.770589Z,0.1100,128.36,yes
2026-10-03T21:32:16.53215Z,0.1000,52.81,no
2026-10-03T21:32:16.53215Z,0.1000,404.00,no
2026-10-03T21:32:16.53215Z,0.1000,290.38,no
2026-10-03T21:32:16.53215Z,0.1000,128.00,no
2026-10-03T21:32:16.53215Z,0.1000,404.00,no
2026-10-03T21:32:16.53215Z,0.1000,74.00,no
2026-10-03T21:32:16.955792Z,0.1100,15.23,yes
2026-10-03T21:32:17.615838Z,0.1100,8.55,yes
2026-10-03T21:32:18.316207Z,0.1100,42.78,yes
2026-10-03T21:32:20.707286Z,0.1100,85.57,yes
2026-10-03T21:32:22.639336Z,0.1100,42.78,yes
2026-10-03T21:32:22.931799Z,0.1100,42.78,yes
2026-10-03T21:32:23.864963Z,0.1100,85.57,yes
2026-10-03T21:32:27.212883Z,0.1100,8.55,yes
2026-10-03T21:32:35.678598Z,0.1000,41.70,no
2026-10-03T21:32:36.488127Z,0.1100,42.78,yes
2026-10-03T21:32:37.043575Z,0.1100,42.78,yes
2026-10-03T21:32:39.256042Z,0.1100,77.01,yes
2026-10-03T21:32:40.862908Z,0.1100,34.23,yes
2026-10-03T21:32:41.169985Z,0.1100,85.57,yes
2026-10-03T21:32:42.17169Z,0.1100,17.11,yes
2026-10-03T21:32:42.998315Z,0.1000,2.72,no
2026-10-03T21:32:44.087481Z,0.1100,68.46,yes
2026-10-03T21:32:44.445397Z,0.1100,21.39,yes
2026-10-03T21:32:45.692172Z,0.1000,14.43,no
2026-10-03T21:32:47.298334Z,0.1100,17.11,yes
2026-10-03T21:32:47.842386Z,0.1100,8.55,yes
2026-10-03T21:32:49.512879Z,0.1100,427.88,yes
2026-10-03T21:32:50.991587Z,0.1100,85.57,yes
2026-10-03T21:32:51.917632Z,0.1100,42.78,yes
2026-10-03T21:32:53.202431Z,0.1100,0.85,yes
2026-10-03T21:33:00.881608Z,0.1100,17.11,yes
2026-10-03T21:33:03.276214Z,0.1100,427.88,yes
2026-10-03T21:33:06.720351Z,0.1100,8.55,yes
2026-10-03T21:33:07.471397Z,0.1100,85.57,yes
2026-10-03T21:33:12.563898Z,0.1100,128.36,yes
2026-10-03T21:33:12.611126Z,0.1100,70.00,yes
2026-10-03T21:33:13.126869Z,0.1100,8.55,yes
2026-10-03T21:33:13.567538Z,0.1100,171.15,yes
2026-10-03T21:33:13.668314Z,0.1100,42.78,yes
2026-10-03T21:33:17.153508Z,0.1100,154.03,yes
2026-10-03T21:33:17.497799Z,0.1100,171.15,yes
2026-10-03T21:33:19.965779Z,0.1100,77.01,yes
2026-10-03T21:33:20.387342Z,0.1100,6.00,yes
2026-10-03T21:33:21.017556Z,0.1100,213.94,yes
2026-10-03T21:33:24.089841Z,0.1100,85.57,yes
2026-10-03T21:33:25.528654Z,0.1100,17.11,yes
2026-10-03T21:33:26.096335Z,0.1100,8.55,yes
2026-10-03T21:33:28.175407Z,0.1100,85.57,yes
2026-10-03T21:33:28.850693Z,0.1100,17.11,yes
2026-10-03T21:33:32.498754Z,0.1100,59.90,yes
2026-10-03T21:33:32.550743Z,0.1100,686.76,yes
2026-10-03T21:33:38.647269Z,0.1100,8.55,yes
2026-10-03T21:33:38.913785Z,0.1100,171.15,yes
2026-10-03T21:33:38.928935Z,0.1000,9.37,no
2026-10-03T21:33:41.236798Z,0.1100,171.15,yes
2026-10-03T21:33:41.68517Z,0.1100,85.57,yes
2026-10-03T21:33:43.969957Z,0.1100,34.23,yes
2026-10-03T21:33:44.966515Z,0.1100,42.78,yes
2026-10-03T21:33:46.977322Z,0.1100,51.34,yes
2026-10-03T21:33:55.836397Z,0.1100,76.00,yes
2026-10-03T21:33:57.25563Z,0.1100,85.57,yes
2026-10-03T21:33:59.106613Z,0.1100,45.95,yes
2026-10-03T21:34:03.812322Z,0.1100,150.35,yes
2026-10-03T21:34:03.812322Z,0.1100,63.59,yes
2026-10-03T21:34:04.014182Z,0.1000,115.86,no
2026-10-03T21:34:04.889374Z,0.1100,42.78,yes
2026-10-03T21:34:06.681516Z,0.1100,15.30,yes
2026-10-03T21:34:06.8586Z,0.1100,214.20,yes
2026-10-03T21:34:08.429946Z,0.1000,58.71,no
2026-10-03T21:34:09.622541Z,0.1100,25.67,yes
2026-10-03T21:34:11.767734Z,0.1100,125.00,yes
2026-10-03T21:34:11.795118Z,0.1100,42.78,yes
2026-10-03T21:34:12.426885Z,0.1100,76.84,yes
2026-10-03T21:34:12.595854Z,0.1100,8.55,yes
2026-10-03T21:34:14.700101Z,0.1100,119.80,yes
2026-10-03T21:34:16.52176Z,0.1100,427.88,yes
2026-10-03T21:34:18.361629Z,0.1100,855.77,yes
2026-10-03T21:34:21.230605Z,0.1100,1.00,yes
2026-10-03T21:34:21.230605Z,0.1100,25.80,yes
2026-10-03T21:34:21.230605Z,0.1100,1.00,yes
2026-10-03T21:34:21.230605Z,0.1100,1.00,yes
2026-10-03T21:34:21.230605Z,0.1100,1.00,yes
2026-10-03T21:34:21.230605Z,0.1100,1.00,yes
2026-10-03T21:34:21.230605Z,0.1100,1.00,yes
2026-10-03T21:34:21.230605Z,0.1100,1.00,yes
2026-10-03T21:34:21.230605Z,0.1100,395.08,yes
2026-10-03T21:34:24.514176Z,0.1100,34.23,yes
2026-10-03T21:34:28.538585Z,0.1100,213.94,yes
2026-10-03T21:34:28.670365Z,0.1100,50.00,yes
2026-10-03T21:34:29.809819Z,0.1100,148.85,yes
2026-10-03T21:34:29.809819Z,0.1100,279.03,yes
2026-10-03T21:34:35.791106Z,0.1100,8.55,yes
2026-10-03T21:34:36.171942Z,0.1000,704.40,no
2026-10-03T21:34:36.171942Z,0.1000,2416.99,no
2026-10-03T21:34:40.465517Z,0.1100,8.55,yes
2026-10-03T21:34:49.657931Z,0.1100,42.78,yes
2026-10-03T21:34:49.807346Z,0.1100,1667.00,yes
2026-10-03T21:34:49.807346Z,0.1100,2448.67,yes
2026-10-03T21:34:49.807346Z,0.1100,77.63,yes
2026-10-03T21:34:53.863146Z,0.1100,10.00,yes
2026-10-03T21:35:03.966836Z,0.1100,85.57,yes
2026-10-03T21:35:08.086233Z,0.1100,8.54,yes
2026-10-03T21:35:12.59274Z,0.1100,83.86,yes
2026-10-03T21:35:13.931698Z,0.1100,25.67,yes
2026-10-03T21:35:15.585574Z,0.1100,85.57,yes
2026-10-03T21:35:17.693677Z,0.1100,855.77,yes
2026-10-03T21:35:17.87028Z,0.1100,1355.02,yes
2026-10-03T21:35:17.87028Z,0.1100,356.52,yes
2026-10-03T21:35:19.195395Z,0.1100,21.39,yes
2026-10-03T21:35:20.512799Z,0.1100,128.36,yes
2026-10-03T21:35:21.372235Z,0.1100,250.48,yes
2026-10-03T21:35:22.342872Z,0.1100,376.54,yes
2026-10-03T21:35:22.509124Z,0.1100,17.11,yes
2026-10-03T21:35:23.550869Z,0.1100,34.23,yes
2026-10-03T21:35:24.163545Z,0.1100,256.73,yes
2026-10-03T21:35:24.743094Z,0.1100,76.84,yes
2026-10-03T21:35:30.538737Z,0.1100,8.55,yes
2026-10-03T21:35:31.569487Z,0.1100,171.15,yes
2026-10-03T21:35:34.26098Z,0.1100,128.36,yes
2026-10-03T21:35:35.400973Z,0.1100,51.34,yes
2026-10-03T21:35:35.887152Z,0.1100,128.36,yes
2026-10-03T21:35:38.257714Z,0.1100,25.67,yes
2026-10-03T21:35:39.829463Z,0.1100,171.15,yes
2026-10-03T21:35:43.055857Z,0.1100,171.15,yes
2026-10-03T21:35:44.405312Z,0.1100,122.37,yes
2026-10-03T21:35:49.682257Z,0.1100,2053.86,yes
2026-10-03T21:35:49.867813Z,0.1100,128.36,yes
2026-10-03T21:35:50.914881Z,0.1100,42.78,yes
2026-10-03T21:35:53.45214Z,0.1100,42.78,yes
2026-10-03T21:35:56.206779Z,0.1100,10.00,yes
2026-10-03T21:35:57.428075Z,0.1100,171.15,yes
2026-10-03T21:35:57.715933Z,0.1100,4.27,yes
2026-10-03T21:35:59.217358Z,0.1100,171.15,yes
2026-10-03T21:36:05.393636Z,0.1100,8.55,yes
2026-10-03T21:36:07.207143Z,0.1100,77.01,yes
2026-10-03T21:36:08.176343Z,0.1100,72.76,yes
2026-10-03T21:36:09.799645Z,0.1100,34.23,yes
2026-10-03T21:36:10.422845Z,0.1100,34.23,yes
2026-10-03T21:36:10.566119Z,0.1100,209.66,yes
2026-10-03T21:36:11.374347Z,0.1100,8.55,yes
2026-10-03T21:36:12.166679Z,0.1100,251.59,yes
2026-10-03T21:36:14.494448Z,0.1000,20.00,no
2026-10-03T21:36:15.027688Z,0.1000,171.15,yes
2026-10-03T21:36:17.937631Z,0.1000,47.13,yes
2026-10-03T21:36:19.577941Z,0.0900,39.24,no
2026-10-03T21:36:21.578786Z,0.1000,28.22,yes
2026-10-03T21:36:22.91189Z,0.1000,47.03,yes
2026-10-03T21:36:23.06577Z,0.0900,38.58,no
2026-10-03T21:36:23.06577Z,0.0900,145.00,no
2026-10-03T21:36:23.06577Z,0.0900,21.60,no
2026-10-03T21:36:23.06577Z,0.0900,621.73,no
2026-10-03T21:36:23.06577Z,0.0900,13.00,no
2026-10-03T21:36:23.923979Z,0.1000,235.18,yes
2026-10-03T21:36:27.931923Z,0.1000,47.03,yes
2026-10-03T21:36:30.230969Z,0.1000,94.07,yes
2026-10-03T21:36:31.515321Z,0.1000,9.40,yes
2026-10-03T21:36:31.531128Z,0.1000,500.00,yes
2026-10-03T21:36:31.911079Z,0.1000,470.36,yes
2026-10-03T21:36:33.520404Z,0.1000,47.03,yes
2026-10-03T21:36:35.461116Z,0.1000,56.44,yes
2026-10-03T21:36:37.389451Z,0.1000,18.81,yes
2026-10-03T21:36:41.021398Z,0.1000,235.18,yes
2026-10-03T21:36:41.291276Z,0.1000,100.00,yes
2026-10-03T21:36:42.629038Z,0.0900,20.00,no
2026-10-03T21:36:42.629038Z,0.0900,1.08,no
2026-10-03T21:36:42.629038Z,0.0900,28.92,no
2026-10-03T21:36:42.835409Z,0.1000,470.36,yes
2026-10-03T21:36:42.981552Z,0.1000,94.07,yes
2026-10-03T21:36:43.190844Z,0.1000,47.03,yes
2026-10-03T21:36:45.871614Z,0.1000,37.62,yes
2026-10-03T21:36:46.121647Z,0.1000,188.14,yes
2026-10-03T21:36:47.643491Z,0.1000,141.11,yes
2026-10-03T21:36:48.555877Z,0.1000,28.22,yes
2026-10-03T21:36:49.114015Z,0.1000,94.07,yes
2026-10-03T21:36:50.211492Z,0.1000,47.03,yes
2026-10-03T21:36:50.554027Z,0.1000,94.07,yes
2026-10-03T21:36:51.708578Z,0.1000,395.10,yes
2026-10-03T21:36:54.184926Z,0.1000,4.70,yes
2026-10-03T21:36:54.224346Z,0.1000,9.40,yes
2026-10-03T21:36:57.726992Z,0.1000,28.22,yes
2026-10-03T21:36:57.851123Z,0.1000,470.36,yes
2026-10-03T21:37:01.268458Z,0.1000,141.11,yes
2026-10-03T21:37:02.14627Z,0.1000,18.81,yes
2026-10-03T21:37:04.639397Z,0.1000,94.07,yes
2026-10-03T21:37:07.417011Z,0.1000,9.40,yes
2026-10-03T21:37:11.499145Z,0.1000,18.81,yes
2026-10-03T21:37:12.380706Z,0.1000,47.03,yes
2026-10-03T21:37:15.295664Z,0.1000,36.00,yes
2026-10-03T21:37:17.756948Z,0.1000,74.93,yes
2026-10-03T21:37:17.756948Z,0.1000,50.00,yes
2026-10-03T21:37:17.756948Z,0.1000,25.00,yes
2026-10-03T21:37:17.756948Z,0.1100,702.24,yes
2026-10-03T21:37:18.324985Z,0.1100,188.27,yes
2026-10-03T21:37:18.630389Z,0.1100,8.55,yes
2026-10-03T21:37:20.071761Z,0.1100,17.11,yes
2026-10-03T21:37:20.336841Z,0.1100,191.09,yes
2026-10-03T21:37:20.424606Z,0.1100,17.11,yes
2026-10-03T21:37:20.88709Z,0.1100,6144.47,yes
2026-10-03T21:37:21.323543Z,0.1100,25.67,yes
2026-10-03T21:37:24.653797Z,0.1100,130.69,yes
2026-10-03T21:37:28.06377Z,0.1100,8.55,yes
2026-10-03T21:37:30.323269Z,0.1100,17.11,yes
2026-10-03T21:37:30.428947Z,0.1100,171.15,yes
2026-10-03T21:37:32.66508Z,0.1100,855.77,yes
2026-10-03T21:37:34.722684Z,0.1100,102.86,yes
2026-10-03T21:37:35.402063Z,0.1100,42.78,yes
2026-10-03T21:37:38.282067Z,0.1100,42.78,yes
2026-10-03T21:37:39.587136Z,0.1100,427.81,yes
2026-10-03T21:37:50.918272Z,0.1100,42.78,yes
2026-10-03T21:37:52.323758Z,0.1100,4.27,yes
2026-10-03T21:37:52.850082Z,0.1000,14.14,no
2026-10-03T21:37:54.816709Z,0.1100,1112.50,yes
2026-10-03T21:37:57.002984Z,0.1100,42.78,yes
2026-10-03T21:37:57.509906Z,0.1100,787.31,yes
2026-10-03T21:38:00.570707Z,0.1100,85.57,yes
2026-10-03T21:38:02.737983Z,0.1100,17.11,yes
2026-10-03T21:38:05.86064Z,0.1100,325.19,yes
2026-10-03T21:38:07.395765Z,0.1100,76.00,yes
2026-10-03T21:38:08.131015Z,0.1100,25.67,yes
2026-10-03T21:38:11.555011Z,0.1100,0.85,yes
2026-10-03T21:38:11.843611Z,0.1000,0.01,no
2026-10-03T21:38:11.843611Z,0.0900,3.54,no
2026-10-03T21:38:11.843611Z,0.0900,5.00,no
2026-10-03T21:38:12.620299Z,0.1100,6.24,yes
2026-10-03T21:38:12.65059Z,0.1100,171.15,yes
2026-10-03T21:38:13.594556Z,0.1100,8.55,yes
2026-10-03T21:38:14.243836Z,0.1100,42.78,yes
2026-10-03T21:38:14.408915Z,0.1100,171.15,yes
2026-10-03T21:38:16.875399Z,0.1100,42.78,yes
2026-10-03T21:38:17.515374Z,0.1100,1.79,yes
2026-10-03T21:38:20.39299Z,0.1100,213.94,yes
2026-10-03T21:38:21.84832Z,0.1100,7.87,yes
2026-10-03T21:38:22.824912Z,0.1000,0.01,no
2026-10-03T21:38:24.859449Z,0.0900,206.00,no
2026-10-03T21:38:24.859449Z,0.0900,8.20,no
2026-10-03T21:38:25.42338Z,0.1000,47.03,yes
2026-10-03T21:38:26.394961Z,0.1000,18.81,yes
2026-10-03T21:38:31.015372Z,0.1000,112.88,yes
2026-10-03T21:38:32.672828Z,0.1000,9.40,yes
2026-10-03T21:38:33.143671Z,0.1000,141.11,yes
2026-10-03T21:38:34.270384Z,0.0900,29.66,no
2026-10-03T21:38:39.006192Z,0.1000,18.81,yes
2026-10-03T21:38:40.903155Z,0.1000,47.03,yes
2026-10-03T21:38:41.494796Z,0.1000,197.55,yes
2026-10-03T21:38:45.21565Z,0.1100,85.57,yes
2026-10-03T21:38:46.863974Z,0.0900,4.68,no
2026-10-03T21:38:50.12285Z,0.1100,513.46,yes
2026-10-03T21:38:52.887428Z,0.1100,21.39,yes
2026-10-03T21:38:53.225742Z,0.1100,85.57,yes
2026-10-03T21:38:54.906754Z,0.1100,42.78,yes
2026-10-03T21:38:55.9299Z,0.1100,42.78,yes
2026-10-03T21:39:02.066487Z,0.1100,25.67,yes
2026-10-03T21:39:02.327699Z,0.1100,1203.13,yes
2026-10-03T21:39:05.13806Z,0.1100,2.13,yes
2026-10-03T21:39:05.377082Z,0.1100,8.55,yes
2026-10-03T21:39:05.839712Z,0.1100,102.69,yes
2026-10-03T21:39:06.365234Z,0.1100,855.77,yes
2026-10-03T21:39:07.104319Z,0.1100,17.11,yes
2026-10-03T21:39:08.363735Z,0.1100,42.78,yes
2026-10-03T21:39:08.477261Z,0.1100,54.76,yes
2026-10-03T21:39:13.507016Z,0.1100,1.84,yes
2026-10-03T21:39:14.21559Z,0.1100,213.94,yes
2026-10-03T21:39:15.995608Z,0.1100,85.57,yes
2026-10-03T21:39:17.913007Z,0.1100,59.90,yes
2026-10-03T21:39:27.256247Z,0.1100,213.94,yes
2026-10-03T21:39:28.786029Z,0.1100,256.73,yes
2026-10-03T21:39:29.439998Z,0.1100,427.88,yes
2026-10-03T21:39:29.805637Z,0.1100,0.85,yes
2026-10-03T21:39:42.856806Z,0.1100,0.85,yes
2026-10-03T21:39:44.518814Z,0.1100,42.78,yes
2026-10-03T21:39:44.728063Z,0.1100,13.26,yes
2026-10-03T21:39:47.08477Z,0.1100,7.61,yes
2026-10-03T21:39:51.675768Z,0.1100,0.42,yes
2026-10-03T21:39:51.739594Z,0.1100,15.40,yes
2026-10-03T21:39:52.219738Z,0.1100,38.00,yes
2026-10-03T21:39:53.281014Z,0.1100,42.78,yes
2026-10-03T21:40:01.221302Z,0.1100,42.78,yes
2026-10-03T21:40:03.165634Z,0.1100,17.54,yes
2026-10-03T21:40:03.434098Z,0.1100,171.15,yes
2026-10-03T21:40:07.896271Z,0.0800,50.00,no
2026-10-03T21:40:07.896271Z,0.0800,30.00,no
2026-10-03T21:40:07.896271Z,0.0700,15.00,no
2026-10-03T21:40:07.896271Z,0.0600,55.00,no
2026-10-03T21:40:07.896271Z,0.0700,1.00,no
2026-10-03T21:40:07.896271Z,0.0900,0.32,no
2026-10-03T21:40:07.896271Z,0.0600,119.23,no
2026-10-03T21:40:07.896271Z,0.0700,25.00,no
2026-10-03T21:40:07.896271Z,0.0700,50.00,no
2026-10-03T21:40:07.896271Z,0.0700,25.00,no
2026-10-03T21:40:11.232325Z,0.1100,25.67,yes
2026-10-03T21:40:15.175341Z,0.1100,427.88,yes
2026-10-03T21:40:19.775038Z,0.1100,68.54,yes
2026-10-03T21:40:21.948391Z,0.1100,6.41,yes
2026-10-03T21:40:23.358984Z,0.1100,42.78,yes
2026-10-03T21:40:25.592961Z,0.1100,1.00,yes
2026-10-03T21:40:34.893712Z,0.1100,256.73,yes
2026-10-03T21:40:35.570219Z,0.1100,861.25,yes
2026-10-03T21:40:39.322631Z,0.1100,25.67,yes
2026-10-03T21:40:40.885076Z,0.1100,599.04,yes
2026-10-03T21:40:41.125706Z,0.1000,3.13,no
2026-10-03T21:40:43.014356Z,0.1000,79.68,no
2026-10-03T21:40:43.014356Z,0.1000,10.00,no
2026-10-03T21:40:43.014356Z,0.1000,66.38,no
2026-10-03T21:40:44.123588Z,0.1100,85.57,yes
2026-10-03T21:40:52.353269Z,0.1100,8.55,yes
2026-10-03T21:40:52.937436Z,0.1100,96.00,yes
2026-10-03T21:40:54.36743Z,0.1100,42.78,yes
2026-10-03T21:41:00.493569Z,0.1100,427.88,yes
2026-10-03T21:41:00.961165Z,0.1100,290.10,yes
2026-10-03T21:41:02.825099Z,0.1100,25.67,yes
2026-10-03T21:41:03.391119Z,0.1100,42.78,yes
2026-10-03T21:41:09.018457Z,0.1100,100.00,yes
2026-10-03T21:41:11.520098Z,0.1100,76.84,yes
2026-10-03T21:41:12.898969Z,0.1100,42.78,yes
2026-10-03T21:41:15.419504Z,0.1100,17.11,yes
2026-10-03T21:41:15.797114Z,0.1000,263.31,no
2026-10-03T21:41:15.797114Z,0.1000,20.00,no
2026-10-03T21:41:15.809438Z,0.1100,30.69,yes
2026-10-03T21:41:19.318997Z,0.1100,410.77,yes
2026-10-03T21:41:25.36039Z,0.1100,17.11,yes
2026-10-03T21:41:27.845764Z,0.1100,8.55,yes
2026-10-03T21:41:28.707012Z,0.1100,17.11,yes
2026-10-03T21:41:33.747308Z,0.1100,85.57,yes
2026-10-03T21:41:33.875097Z,0.1100,128.36,yes
2026-10-03T21:41:35.574494Z,0.1100,513.46,yes
2026-10-03T21:41:35.749694Z,0.1100,42.78,yes
2026-10-03T21:41:37.18871Z,0.1100,42.78,yes
2026-10-03T21:41:38.220151Z,0.1100,171.15,yes
2026-10-03T21:41:39.657692Z,0.1100,42.78,yes
2026-10-03T21:41:40.667536Z,0.1100,17.11,yes
2026-10-03T21:41:43.04292Z,0.1100,8.55,yes
2026-10-03T21:41:43.793151Z,0.1100,5370.32,yes
2026-10-03T21:41:43.793151Z,0.1100,1.00,yes
2026-10-03T21:41:43.793151Z,0.1100,55.00,yes
2026-10-03T21:41:43.793151Z,0.1100,2274.66,yes
2026-10-03T21:41:43.793151Z,0.1100,1.00,yes
2026-10-03T21:41:43.806693Z,0.1100,468.34,yes
2026-10-03T21:41:45.776522Z,0.1200,24.00,yes
2026-10-03T21:41:47.749741Z,0.1200,36.24,yes
2026-10-03T21:41:47.749741Z,0.1200,3.00,yes
2026-10-03T21:41:48.095928Z,0.1200,180.54,yes
2026-10-03T21:41:48.140729Z,0.1200,10.00,yes
2026-10-03T21:41:50.070134Z,0.1300,36.25,yes
2026-10-03T21:41:51.110863Z,0.1300,36.25,yes
2026-10-03T21:41:51.28315Z,0.1300,36.25,yes
2026-10-03T21:41:51.867132Z,0.1300,72.50,yes
2026-10-03T21:41:53.912745Z,0.1300,36.25,yes
2026-10-03T21:41:54.566363Z,0.1300,21.75,yes
2026-10-03T21:41:56.333728Z,0.1300,217.52,yes
2026-10-03T21:41:56.961994Z,0.1300,43.50,yes
2026-10-03T21:42:02.862155Z,0.1300,1.00,yes
2026-10-03T21:42:02.862155Z,0.1300,71.57,yes
2026-10-03T21:42:03.047546Z,0.1300,130.51,yes
2026-10-03T21:42:04.127358Z,0.1300,10.80,yes
2026-10-03T21:42:04.496871Z,0.1300,14.50,yes
2026-10-03T21:42:05.358982Z,0.1300,962.10,yes
2026-10-03T21:42:07.752746Z,0.1300,44.44,yes
2026-10-03T21:42:07.856999Z,0.1300,5.00,yes
2026-10-03T21:42:07.856999Z,0.1300,2.25,yes
2026-10-03T21:42:08.81225Z,0.1200,23.54,yes
2026-10-03T21:42:09.600938Z,0.1200,39.32,yes
2026-10-03T21:42:09.987148Z,0.1200,19.62,yes
2026-10-03T21:42:10.041926Z,0.1200,156.99,yes
2026-10-03T21:42:10.519348Z,0.1200,78.49,yes
2026-10-03T21:42:14.999058Z,0.1200,5.00,yes
2026-10-03T21:42:14.999058Z,0.1200,34.24,yes
2026-10-03T21:42:15.550055Z,0.1200,71.76,yes
2026-10-03T21:42:15.550055Z,0.1200,85.23,yes
2026-10-03T21:42:19.360953Z,0.1200,117.74,yes
2026-10-03T21:42:20.203454Z,0.1100,34.23,no
2026-10-03T21:42:25.157609Z,0.1200,156.99,yes
2026-10-03T21:42:27.121841Z,0.1200,39.24,yes
2026-10-03T21:42:30.279945Z,0.1200,71.35,yes
2026-10-03T21:42:30.382652Z,0.1200,71.35,yes
2026-10-03T21:42:31.645141Z,0.1100,79.00,no
2026-10-03T21:42:31.645141Z,0.1100,69.00,no
2026-10-03T21:42:31.645141Z,0.1100,102.77,no
2026-10-03T21:42:31.645141Z,0.1100,137.00,no
2026-10-03T21:42:31.645141Z,0.1100,1500.00,no
2026-10-03T21:42:31.645141Z,0.1100,137.00,no
2026-10-03T21:42:31.645141Z,0.1100,1000.00,no
2026-10-03T21:42:31.645141Z,0.1100,10.00,no
2026-10-03T21:42:31.645141Z,0.1100,25.00,no
2026-10-03T21:42:31.645141Z,0.1100,137.00,no
2026-10-03T21:42:31.645141Z,0.1100,1.02,no
2026-10-03T21:42:31.645141Z,0.1100,481.88,no
2026-10-03T21:42:31.645141Z,0.1100,763.00,no
2026-10-03T21:42:32.900831Z,0.1200,70.64,yes
2026-10-03T21:42:32.976056Z,0.1200,178.00,yes
2026-10-03T21:42:34.156532Z,0.1200,125.59,yes
2026-10-03T21:42:34.328047Z,0.1200,156.99,yes
2026-10-03T21:42:36.543094Z,0.1200,23.54,yes
2026-10-03T21:42:40.608015Z,0.1200,39.24,yes
2026-10-03T21:42:44.442079Z,0.1100,67.24,no
2026-10-03T21:42:44.442079Z,0.1100,63.04,no
2026-10-03T21:42:44.442079Z,0.1100,392.00,no
2026-10-03T21:42:49.787933Z,0.1300,70.13,yes
2026-10-03T21:42:49.787933Z,0.1200,78.00,yes
2026-10-03T21:42:49.787933Z,0.1300,9.00,yes
2026-10-03T21:42:49.787933Z,0.1200,2.00,yes
2026-10-03T21:42:49.787933Z,0.1200,5.00,yes
2026-10-03T21:42:49.787933Z,0.1300,2.00,yes
2026-10-03T21:42:49.787933Z,0.1300,3.00,yes
2026-10-03T21:42:49.787933Z,0.1200,1.00,yes
2026-10-03T21:42:49.787933Z,0.1300,10.77,yes
2026-10-03T21:42:49.787933Z,0.1300,3.00,yes
2026-10-03T21:42:49.787933Z,0.1300,1.00,yes
2026-10-03T21:42:49.787933Z,0.1200,0.01,yes
2026-10-03T21:42:49.787933Z,0.1300,2.00,yes
2026-10-03T21:42:52.680853Z,0.1200,2000.00,yes
2026-10-03T21:42:52.680853Z,0.1200,243.80,yes
2026-10-03T21:42:52.680853Z,0.1200,20.00,yes
2026-10-03T21:42:52.680853Z,0.1200,10.00,yes
2026-10-03T21:42:52.680853Z,0.1200,70.13,yes
2026-10-03T21:42:52.680853Z,0.1200,1.00,yes
2026-10-03T21:42:52.680853Z,0.1200,6.00,yes
2026-10-03T21:42:52.680853Z,0.1200,4.00,yes
2026-10-03T21:42:56.228669Z,0.1200,4.00,yes
2026-10-03T21:42:56.228669Z,0.1200,1.00,yes
2026-10-03T21:42:56.228669Z,0.1200,1.00,yes
2026-10-03T21:42:56.338709Z,0.1200,970.00,yes
2026-10-03T21:42:56.863143Z,0.1200,3.15,yes
2026-10-03T21:42:56.863143Z,0.1200,1.09,yes
2026-10-03T21:42:56.863143Z,0.1200,1.07,yes
2026-10-03T21:42:56.863143Z,0.1200,0.01,yes
2026-10-03T21:42:56.863143Z,0.1200,1029.00,yes
2026-10-03T21:42:59.103413Z,0.1300,36.25,yes
2026-10-03T21:43:01.090724Z,0.1300,29.00,yes
2026-10-03T21:43:01.550381Z,0.1300,36.25,yes
2026-10-03T21:43:09.195015Z,0.1300,72.50,yes
2026-10-03T21:43:09.662417Z,0.1300,5.43,yes
2026-10-03T21:43:13.825053Z,0.1200,465.68,no
2026-10-03T21:43:13.825053Z,0.1200,3.14,no
2026-10-03T21:43:18.913364Z,0.1300,558.30,yes
2026-10-03T21:43:22.99161Z,0.1300,721.06,yes
2026-10-03T21:43:22.99161Z,0.1300,4.00,yes
2026-10-03T21:43:22.99161Z,0.1300,0.01,yes
2026-10-03T21:43:24.195318Z,0.0900,974.19,no
2026-10-03T21:43:24.195318Z,0.1200,20.00,no
2026-10-03T21:43:24.195318Z,0.0900,10.00,no
2026-10-03T21:43:24.195318Z,0.0900,55.00,no
2026-10-03T21:43:24.195318Z,0.0900,1.00,no
2026-10-03T21:43:24.195318Z,0.0800,876.08,no
2026-10-03T21:43:24.195318Z,0.1000,69.91,no
2026-10-03T21:43:24.195318Z,0.0900,15.00,no
2026-10-03T21:43:24.297973Z,0.1200,36.25,yes
2026-10-03T21:43:30.730877Z,0.1200,7.84,yes
2026-10-03T21:43:31.384951Z,0.1300,25.00,yes
2026-10-03T21:43:31.384951Z,0.1200,10.00,yes
2026-10-03T21:43:31.384951Z,0.1200,0.01,yes
2026-10-03T21:43:31.384951Z,0.1300,1.00,yes
2026-10-03T21:43:31.384951Z,0.1300,10.00,yes
2026-10-03T21:43:31.384951Z,0.1200,2.06,yes
2026-10-03T21:43:31.418827Z,0.1300,3.00,no
2026-10-03T21:43:31.750355Z,0.1300,13.00,no
2026-10-03T21:43:32.059788Z,0.1400,2.00,yes
2026-10-03T21:43:32.059788Z,0.1400,2.00,yes
2026-10-03T21:43:32.059788Z,0.1400,4.00,yes
2026-10-03T21:43:32.059788Z,0.1400,40.00,yes
2026-10-03T21:43:32.059788Z,0.1400,3.00,yes
2026-10-03T21:43:32.059788Z,0.1400,9.00,yes
2026-10-03T21:43:36.016091Z,0.1500,6.29,yes
2026-10-03T21:43:37.712047Z,0.1500,2.00,yes
2026-10-03T21:43:37.712047Z,0.1500,6.00,yes
2026-10-03T21:43:37.712047Z,0.1500,1.00,yes
2026-10-03T21:43:37.712047Z,0.1500,48.21,yes
2026-10-03T21:43:37.712047Z,0.1500,1.00,yes
2026-10-03T21:43:37.712047Z,0.1500,0.71,yes
2026-10-03T21:43:37.712047Z,0.1500,4.00,yes
2026-10-03T21:43:38.689829Z,0.1500,125.84,yes
2026-10-03T21:43:41.105983Z,0.1500,251.69,yes
2026-10-03T21:43:41.834976Z,0.1500,157.30,yes
2026-10-03T21:43:46.840326Z,0.1400,42.78,no
2026-10-03T21:43:46.888033Z,0.1500,144.72,yes
2026-10-03T21:43:47.382766Z,0.1500,18.86,yes
2026-10-03T21:43:47.495078Z,0.1400,0.13,no
2026-10-03T21:43:47.495078Z,0.1400,120.22,no
2026-10-03T21:43:47.495078Z,0.1400,223.00,no
2026-10-03T21:43:48.217134Z,0.1500,125.84,yes
2026-10-03T21:43:49.80549Z,0.1500,31.46,yes
2026-10-03T21:43:51.80166Z,0.1500,11.20,yes
2026-10-03T21:43:52.028012Z,0.1500,62.92,yes
2026-10-03T21:43:53.877193Z,0.1500,38.06,yes
2026-10-03T21:43:55.057208Z,0.1500,629.22,yes
2026-10-03T21:43:58.717005Z,0.1600,1.00,yes
2026-10-03T21:43:58.717005Z,0.1600,1.00,yes
2026-10-03T21:43:58.717005Z,0.1600,25.51,yes
2026-10-03T21:43:58.717005Z,0.1600,1.00,yes
2026-10-03T21:43:58.717005Z,0.1600,1.00,yes
2026-10-03T21:43:59.467375Z,0.1500,1.00,no
2026-10-03T21:44:00.418718Z,0.1700,27.29,yes
2026-10-03T21:44:00.418718Z,0.1600,0.01,yes
2026-10-03T21:44:00.418718Z,0.1600,0.47,yes
2026-10-03T21:44:01.067937Z,0.1700,55.64,yes
2026-10-03T21:44:01.851893Z,0.1700,27.79,yes
2026-10-03T21:44:02.831349Z,0.1700,27.79,yes
2026-10-03T21:44:05.258434Z,0.1700,222.37,yes
2026-10-03T21:44:05.57603Z,0.1700,22.23,yes
2026-10-03T21:44:06.376633Z,0.1600,152.85,no
2026-10-03T21:44:09.887273Z,0.1700,223.43,yes
2026-10-03T21:44:10.362404Z,0.1600,1.00,no
2026-10-03T21:44:10.903634Z,0.1600,157.00,no
2026-10-03T21:44:10.903634Z,0.1600,151.98,no
2026-10-03T21:44:10.903634Z,0.1600,3.15,no
2026-10-03T21:44:11.029565Z,0.1700,55.59,yes
2026-10-03T21:44:11.783762Z,0.1700,138.98,yes
2026-10-03T21:44:11.87725Z,0.1600,3.00,no
2026-10-03T21:44:13.200325Z,0.1700,263.10,yes
2026-10-03T21:44:13.711334Z,0.1700,22.23,yes
2026-10-03T21:44:16.573007Z,0.1700,29.96,yes
2026-10-03T21:44:17.626419Z,0.1700,1.38,yes
2026-10-03T21:44:18.494003Z,0.1700,27.79,yes
2026-10-03T21:44:19.78933Z,0.1700,500.00,yes
2026-10-03T21:44:21.71035Z,0.1700,1851.24,yes
2026-10-03T21:44:23.12905Z,0.1700,12.95,yes
2026-10-03T21:44:24.505742Z,0.1700,16.67,yes
2026-10-03T21:44:24.737592Z,0.1700,36.41,yes
2026-10-03T21:44:26.52864Z,0.1700,55.59,yes
2026-10-03T21:44:27.825798Z,0.1600,13.81,no
2026-10-03T21:44:28.47166Z,0.1700,0.39,yes
2026-10-03T21:44:28.47166Z,0.1700,1.00,yes
2026-10-03T21:44:28.47166Z,0.1700,0.11,yes
2026-10-03T21:44:28.47166Z,0.1700,1.00,yes
2026-10-03T21:44:28.493352Z,0.1700,1000.00,yes
2026-10-03T21:44:29.196511Z,0.1700,277.96,yes
2026-10-03T21:44:29.330885Z,0.1700,555.93,yes
2026-10-03T21:44:30.160601Z,0.1700,526.00,yes
2026-10-03T21:44:30.49536Z,0.1600,1.34,no
2026-10-03T21:44:31.443603Z,0.1700,111.18,yes
2026-10-03T21:44:31.821112Z,0.1700,55.59,yes
2026-10-03T21:44:31.983159Z,0.1700,83.39,yes
2026-10-03T21:44:33.159878Z,0.1700,0.01,yes
2026-10-03T21:44:33.159878Z,0.1700,0.01,yes
2026-10-03T21:44:33.159878Z,0.1700,0.14,yes
2026-10-03T21:44:33.210225Z,0.1700,27.79,yes
2026-10-03T21:44:33.473517Z,0.1700,27.79,yes
2026-10-03T21:44:33.495017Z,0.1700,27.79,yes
2026-10-03T21:44:34.046321Z,0.1600,64.32,no
2026-10-03T21:44:34.046321Z,0.1600,44.85,no
2026-10-03T21:44:34.046321Z,0.1600,212.00,no
2026-10-03T21:44:34.046321Z,0.1600,212.00,no
2026-10-03T21:44:34.046321Z,0.1600,212.00,no
2026-10-03T21:44:34.046321Z,0.1600,106.00,no
2026-10-03T21:44:34.046321Z,0.1600,212.00,no
2026-10-03T21:44:34.046321Z,0.1600,780.65,no
2026-10-03T21:44:34.170957Z,0.1700,83.39,yes
2026-10-03T21:44:34.86756Z,0.1700,73.63,yes
2026-10-03T21:44:35.80209Z,0.1700,0.01,yes
2026-10-03T21:44:35.80209Z,0.1700,0.01,yes
2026-10-03T21:44:39.87413Z,0.1800,1.00,yes
2026-10-03T21:44:39.87413Z,0.1800,1.00,yes
2026-10-03T21:44:39.87413Z,0.1800,19.01,yes
2026-10-03T21:44:41.168039Z,0.1800,26.26,yes
2026-10-03T21:44:41.267651Z,0.1700,58.71,no
2026-10-03T21:44:42.253578Z,0.1800,26.26,yes
2026-10-03T21:44:42.729157Z,0.1800,262.69,yes
2026-10-03T21:44:42.744259Z,0.1800,262.69,yes
2026-10-03T21:44:45.760595Z,0.1800,0.10,yes
2026-10-03T21:44:48.244927Z,0.1800,52.53,yes
2026-10-03T21:44:50.198498Z,0.1800,131.34,yes
2026-10-03T21:44:50.309414Z,0.1800,525.39,yes
2026-10-03T21:44:50.353136Z,0.1800,1.03,yes
2026-10-03T21:44:53.777161Z,0.1900,48.80,yes
2026-10-03T21:44:53.777161Z,0.1900,1.00,yes
2026-10-03T21:44:54.14154Z,0.1800,13.18,no
2026-10-03T21:44:54.14154Z,0.1800,10.00,no
2026-10-03T21:44:54.14154Z,0.1800,62.39,no
2026-10-03T21:44:54.80301Z,0.1900,149.42,yes
2026-10-03T21:44:55.981035Z,0.1900,249.03,yes
2026-10-03T21:44:56.455058Z,0.1900,30.48,yes
2026-10-03T21:44:56.564649Z,0.1900,24.90,yes
2026-10-03T21:44:56.705057Z,0.1900,249.03,yes
2026-10-03T21:44:56.842887Z,0.1900,95.00,yes
2026-10-03T21:44:57.402314Z,0.1900,1100.74,yes
2026-10-03T21:44:59.948937Z,0.1900,99.61,yes
2026-10-03T21:45:03.385065Z,0.2000,78.65,yes
2026-10-03T21:45:03.385065Z,0.2000,31.21,yes
2026-10-03T21:45:03.385065Z,0.2000,23.42,yes
2026-10-03T21:45:03.385065Z,0.2000,181.49,yes
2026-10-03T21:45:03.385065Z,0.1900,0.01,yes
2026-10-03T21:45:03.385065Z,0.1900,2.57,yes
2026-10-03T21:45:05.297744Z,0.2000,7.57,yes
2026-10-03T21:45:05.644265Z,0.2000,9.46,yes
2026-10-03T21:45:06.089535Z,0.2100,53.65,yes
2026-10-03T21:45:06.089535Z,0.2000,82.77,yes
2026-10-03T21:45:06.089535Z,0.2100,1.00,yes
2026-10-03T21:45:06.089535Z,0.2100,1.00,yes
2026-10-03T21:45:06.089535Z,0.2100,2.00,yes
2026-10-03T21:45:06.089535Z,0.2200,3.15,yes
2026-10-03T21:45:06.089535Z,0.2100,0.01,yes
2026-10-03T21:45:06.089535Z,0.2200,1.00,yes
2026-10-03T21:45:06.089535Z,0.2000,3.00,yes
2026-10-03T21:45:06.089535Z,0.2100,3.00,yes
2026-10-03T21:45:06.089535Z,0.2000,60.00,yes
2026-10-03T21:45:06.089535Z,0.2000,2.00,yes
2026-10-03T21:45:06.089535Z,0.2100,2.00,yes
2026-10-03T21:45:06.089535Z,0.2200,16.67,yes
2026-10-03T21:45:07.083128Z,0.1900,1.00,no
2026-10-03T21:45:07.221529Z,0.1700,20.00,no
2026-10-03T21:45:07.221529Z,0.1900,63.44,no
2026-10-03T21:45:07.221529Z,0.1900,59.00,no
2026-10-03T21:45:07.221529Z,0.1700,2.54,no
2026-10-03T21:45:07.221529Z,0.1800,5.00,no
2026-10-03T21:45:07.221529Z,0.1600,55.00,no
2026-10-03T21:45:07.221529Z,0.1600,12.00,no
2026-10-03T21:45:08.070923Z,0.1600,0.10,no
2026-10-03T21:45:08.070923Z,0.1600,500.00,no
2026-10-03T21:45:08.070923Z,0.1600,144.00,no
2026-10-03T21:45:08.546956Z,0.1700,0.01,yes
2026-10-03T21:45:08.546956Z,0.1600,60.00,yes
2026-10-03T21:45:08.546956Z,0.1700,6.00,yes
2026-10-03T21:45:08.546956Z,0.1700,0.01,yes
2026-10-03T21:45:08.546956Z,0.1700,59.17,yes
2026-10-03T21:45:09.802442Z,0.1900,10.00,yes
2026-10-03T21:45:09.802442Z,0.1700,77.00,yes
2026-10-03T21:45:09.802442Z,0.1800,52.00,yes
2026-10-03T21:45:09.802442Z,0.1900,2.00,yes
2026-10-03T21:45:09.802442Z,0.1800,1.00,yes
2026-10-03T21:45:09.802442Z,0.1700,0.01,yes
2026-10-03T21:45:09.802442Z,0.1900,4.00,yes
2026-10-03T21:45:09.802442Z,0.1800,2.00,yes
2026-10-03T21:45:09.802442Z,0.1900,1.00,yes
2026-10-03T21:45:09.802442Z,0.1800,1.00,yes
2026-10-03T21:45:09.802442Z,0.1700,0.01,yes
2026-10-03T21:45:09.802442Z,0.1900,1.00,yes
2026-10-03T21:45:09.802442Z,0.1900,2.00,yes
2026-10-03T21:45:09.802442Z,0.1800,2.00,yes
2026-10-03T21:45:09.802442Z,0.1800,1.00,yes
2026-10-03T21:45:09.802442Z,0.1900,55.00,yes
2026-10-03T21:45:09.802442Z,0.2000,0.20,yes
2026-10-03T21:45:09.802442Z,0.1900,4.00,yes
2026-10-03T21:45:09.802442Z,0.2000,25.00,yes
2026-10-03T21:45:09.802442Z,0.1800,3.56,yes
2026-10-03T21:45:10.089061Z,0.1500,5.00,no
2026-10-03T21:45:11.564294Z,0.1500,94.38,yes
2026-10-03T21:45:11.737806Z,0.1500,12.58,yes
2026-10-03T21:45:11.743082Z,0.1500,31.46,yes
2026-10-03T21:45:11.953835Z,0.1500,83.03,yes
2026-10-03T21:45:11.953835Z,0.1500,231.58,yes
2026-10-03T21:45:12.502631Z,0.1500,16.73,yes
2026-10-03T21:45:12.645095Z,0.1500,6.29,yes
2026-10-03T21:45:13.27188Z,0.1500,94.38,yes
2026-10-03T21:45:13.330233Z,0.1500,31.46,yes
2026-10-03T21:45:13.432643Z,0.1500,31.46,yes
2026-10-03T21:45:13.453146Z,0.1500,18.87,yes
2026-10-03T21:45:14.274606Z,0.1500,92.78,yes
2026-10-03T21:45:14.274606Z,0.1500,64.52,yes
2026-10-03T21:45:14.848035Z,0.1500,182.47,yes
2026-10-03T21:45:15.475016Z,0.1500,1.00,yes
2026-10-03T21:45:16.886059Z,0.1500,6.29,yes
2026-10-03T21:45:16.920004Z,0.1500,60.40,yes
2026-10-03T21:45:17.744234Z,0.1500,60.32,yes
2026-10-03T21:45:17.744234Z,0.1500,65.52,yes
2026-10-03T21:45:18.514496Z,0.1500,62.92,yes
2026-10-03T21:45:20.231275Z,0.1500,94.38,yes
2026-10-03T21:45:20.461457Z,0.1500,152.18,yes
2026-10-03T21:45:20.461457Z,0.1500,5.12,yes
2026-10-03T21:45:20.64349Z,0.1500,62.92,yes
2026-10-03T21:45:22.508347Z,0.1500,12.58,yes
2026-10-03T21:45:22.757441Z,0.1500,125.84,yes
2026-10-03T21:45:24.003317Z,0.1500,123.35,yes
2026-10-03T21:45:24.003317Z,0.1500,168.54,yes
2026-10-03T21:45:24.201788Z,0.1400,17.23,no
2026-10-03T21:45:24.343775Z,0.1500,80.10,yes
2026-10-03T21:45:24.61233Z,0.1500,12.58,yes
2026-10-03T21:45:26.096838Z,0.1500,31.46,yes
2026-10-03T21:45:26.331391Z,0.1500,31.46,yes
2026-10-03T21:45:26.525677Z,0.1500,27.79,yes
2026-10-03T21:45:27.069449Z,0.1500,183.43,yes
2026-10-03T21:45:27.069449Z,0.1500,68.26,yes
2026-10-03T21:45:28.630292Z,0.1500,94.38,yes
2026-10-03T21:45:28.713139Z,0.1500,31.46,yes
2026-10-03T21:45:29.118601Z,0.1500,31.46,yes
2026-10-03T21:45:29.564238Z,0.1500,12.58,yes
2026-10-03T21:45:31.827976Z,0.1500,12.58,yes
2026-10-03T21:45:32.730157Z,0.1500,9.11,yes
2026-10-03T21:45:32.730157Z,0.1500,116.73,yes
2026-10-03T21:45:33.012761Z,0.1500,31.46,yes
2026-10-03T21:45:33.109157Z,0.1500,31.46,yes
2026-10-03T21:45:33.224461Z,0.1500,6.29,yes
2026-10-03T21:45:34.42632Z,0.1500,12.58,yes
2026-10-03T21:45:34.574263Z,0.1500,176.48,yes
2026-10-03T21:45:34.574263Z,0.1500,138.13,yes
2026-10-03T21:45:35.898221Z,0.1500,276.58,yes
2026-10-03T21:45:35.898221Z,0.1500,421.87,yes
2026-10-03T21:45:35.898221Z,0.1500,560.00,yes
2026-10-03T21:45:37.006736Z,0.1500,530.23,yes
2026-10-03T21:45:37.006736Z,0.1500,283.42,yes
2026-10-03T21:45:37.774301Z,0.1500,1228.68,yes
2026-10-03T21:45:37.774301Z,0.1500,29.77,yes
2026-10-03T21:45:38.606848Z,0.1500,58.76,yes
2026-10-03T21:45:39.69739Z,0.1500,125.84,yes
2026-10-03T21:45:40.24371Z,0.1500,31.46,yes
2026-10-03T21:45:40.401184Z,0.1500,62.92,yes
2026-10-03T21:45:40.74364Z,0.1400,42.78,no
2026-10-03T21:45:42.132913Z,0.1500,125.84,yes
2026-10-03T21:45:43.268366Z,0.1500,62.92,yes
2026-10-03T21:45:43.368203Z,0.1500,7.92,yes
2026-10-03T21:45:44.077548Z,0.1500,12.58,yes
2026-10-03T21:45:44.11682Z,0.1500,629.22,yes
2026-10-03T21:45:44.284032Z,0.1500,125.84,yes
2026-10-03T21:45:45.108561Z,0.1500,0.62,yes
2026-10-03T21:45:45.945657Z,0.1500,55.00,yes
2026-10-03T21:45:45.945657Z,0.1500,74.90,yes
2026-10-03T21:45:45.945657Z,0.1500,27.40,yes
2026-10-03T21:45:46.542138Z,0.1500,2233.75,yes
2026-10-03T21:45:47.614542Z,0.1500,31.46,yes
2026-10-03T21:45:48.094405Z,0.1500,31.46,yes
2026-10-03T21:45:49.366462Z,0.1500,31.46,yes
2026-10-03T21:45:50.072512Z,0.1500,55.00,yes
2026-10-03T21:45:50.072512Z,0.1600,99.00,yes
2026-10-03T21:45:50.072512Z,0.1600,2.40,yes
2026-10-03T21:45:50.072512Z,0.1600,1.00,yes
2026-10-03T21:45:50.072512Z,0.1500,55.00,yes
2026-10-03T21:45:50.072512Z,0.1600,2.00,yes
2026-10-03T21:45:50.072512Z,0.1700,59.97,yes
2026-10-03T21:45:50.072512Z,0.1500,2.00,yes
2026-10-03T21:45:50.072512Z,0.1600,1.00,yes
2026-10-03T21:45:50.072512Z,0.1600,1.00,yes
2026-10-03T21:45:50.072512Z,0.1600,1.00,yes
2026-10-03T21:45:50.072512Z,0.1600,1.00,yes
2026-10-03T21:45:50.072512Z,0.1700,1.00,yes
2026-10-03T21:45:50.072512Z,0.1700,1.00,yes
2026-10-03T21:45:50.072512Z,0.1500,171.87,yes
2026-10-03T21:45:50.072512Z,0.1700,20.00,yes
2026-10-03T21:45:50.072512Z,0.1700,2.00,yes
2026-10-03T21:45:50.072512Z,0.1700,0.01,yes
2026-10-03T21:45:50.072512Z,0.1600,1.00,yes
2026-10-03T21:45:50.072512Z,0.1600,119.00,yes
2026-10-03T21:45:56.334212Z,0.1600,1000.00,yes
2026-10-03T21:45:56.334212Z,0.1600,180.58,yes
2026-10-03T21:45:58.264204Z,0.1600,70.83,yes
2026-10-03T21:46:01.542114Z,0.1600,82.64,yes
2026-10-03T21:46:03.636458Z,0.1600,59.02,yes
2026-10-03T21:46:03.727954Z,0.1600,295.14,yes
2026-10-03T21:46:04.386873Z,0.1600,2.95,yes
2026-10-03T21:46:04.800616Z,0.1600,295.14,yes
2026-10-03T21:46:05.024736Z,0.1600,5.90,yes
2026-10-03T21:46:05.876811Z,0.1600,2.58,yes
2026-10-03T21:46:05.876811Z,0.1600,7.80,yes
2026-10-03T21:46:06.018669Z,0.1600,29.51,yes
2026-10-03T21:46:06.074437Z,0.1600,138.98,yes
2026-10-03T21:46:06.730127Z,0.1600,59.02,yes
2026-10-03T21:46:07.602832Z,0.1600,88.54,yes
2026-10-03T21:46:07.609504Z,0.1600,118.05,yes
2026-10-03T21:46:08.065598Z,0.1400,2.00,no
2026-10-03T21:46:08.065598Z,0.1400,2.38,no
2026-10-03T21:46:08.065598Z,0.1500,137.00,no
2026-10-03T21:46:08.065598Z,0.1500,486.19,no
2026-10-03T21:46:08.065598Z,0.1500,216.00,no
2026-10-03T21:46:08.065598Z,0.1500,216.00,no
2026-10-03T21:46:08.065598Z,0.1500,216.00,no
2026-10-03T21:46:08.065598Z,0.1500,216.00,no
2026-10-03T21:46:08.065598Z,0.1400,218.00,no
2026-10-03T21:46:08.065598Z,0.1400,218.00,no
2026-10-03T21:46:08.065598Z,0.1500,75.00,no
2026-10-03T21:46:08.065598Z,0.1500,61.30,no
2026-10-03T21:46:08.065598Z,0.1400,3260.00,no
2026-10-03T21:46:08.065598Z,0.1500,300.00,no
2026-10-03T21:46:08.065598Z,0.1500,1667.00,no
2026-10-03T21:46:08.065598Z,0.1500,55.00,no
2026-10-03T21:46:08.065598Z,0.1400,1500.00,no
2026-10-03T21:46:08.065598Z,0.1500,175.00,no
2026-10-03T21:46:08.065598Z,0.1400,544.78,no
2026-10-03T21:46:08.065598Z,0.1500,1000.00,no
2026-10-03T21:46:08.065598Z,0.1500,291.00,no
2026-10-03T21:46:11.41324Z,0.1500,31.46,yes
2026-10-03T21:46:12.111423Z,0.1500,1.57,yes
2026-10-03T21:46:12.793237Z,0.1500,144.72,yes
2026-10-03T21:46:12.966656Z,0.1400,256.08,no
2026-10-03T21:46:12.966656Z,0.1400,61.27,no
2026-10-03T21:46:12.98012Z,0.1500,2.45,yes
2026-10-03T21:46:14.655732Z,0.1500,31.46,yes
2026-10-03T21:46:15.796047Z,0.1500,6.29,yes
2026-10-03T21:46:17.013095Z,0.1500,3184.43,yes
2026-10-03T21:46:17.013095Z,0.1500,55.00,yes
2026-10-03T21:46:17.013095Z,0.1500,958.05,yes
2026-10-03T21:46:17.013095Z,0.1500,3000.00,yes
2026-10-03T21:46:17.43379Z,0.1500,12.58,yes
2026-10-03T21:46:17.512601Z,0.1500,94.38,yes
2026-10-03T21:46:18.778838Z,0.1500,295.14,yes
2026-10-03T21:46:19.594432Z,0.1500,125.84,yes
2026-10-03T21:46:23.48903Z,0.1500,88.09,yes
2026-10-03T21:46:24.605715Z,0.1500,251.69,yes
2026-10-03T21:46:24.856062Z,0.1500,31.46,yes
2026-10-03T21:46:26.785725Z,0.1500,6.29,yes
2026-10-03T21:46:27.741965Z,0.1500,629.22,yes
2026-10-03T21:46:27.911137Z,0.1500,18.87,yes
2026-10-03T21:46:31.727047Z,0.1300,7.87,no
2026-10-03T21:46:32.986269Z,0.1600,1.00,yes
2026-10-03T21:46:32.986269Z,0.1600,2.00,yes
2026-10-03T21:46:32.986269Z,0.1500,6.00,yes
2026-10-03T21:46:32.986269Z,0.1600,82.06,yes
2026-10-03T21:46:32.986269Z,0.1500,60.00,yes
2026-10-03T21:46:32.986269Z,0.1500,2.00,yes
2026-10-03T21:46:33.061585Z,0.1500,48.00,yes
2026-10-03T21:46:34.776254Z,0.1700,2.42,yes
2026-10-03T21:46:34.776254Z,0.1700,6.00,yes
2026-10-03T21:46:34.776254Z,0.1700,2.00,yes
2026-10-03T21:46:34.776254Z,0.1700,2.00,yes
2026-10-03T21:46:34.776254Z,0.1700,36.22,yes
2026-10-03T21:46:34.776254Z,0.1600,2.00,yes
2026-10-03T21:46:34.776254Z,0.1600,3.00,yes
2026-10-03T21:46:34.776254Z,0.1600,1.00,yes
2026-10-03T21:46:34.776254Z,0.1600,1.00,yes
2026-10-03T21:46:34.776254Z,0.1600,1.00,yes
2026-10-03T21:46:34.776254Z,0.1600,1.00,yes
2026-10-03T21:46:34.776254Z,0.1700,2.00,yes
2026-10-03T21:46:34.776254Z,0.1700,1.00,yes
2026-10-03T21:46:34.776254Z,0.1700,1.00,yes
2026-10-03T21:46:36.51397Z,0.1300,61.91,no
2026-10-03T21:46:36.51397Z,0.1500,60.00,no
2026-10-03T21:46:36.51397Z,0.1300,25.00,no
2026-10-03T21:46:36.51397Z,0.1400,150.00,no
2026-10-03T21:46:36.51397Z,0.1300,20.00,no
2026-10-03T21:46:36.51397Z,0.1300,2.35,no
2026-10-03T21:46:36.51397Z,0.1500,12.00,no
2026-10-03T21:46:36.918923Z,0.1400,60.00,no
2026-10-03T21:46:40.255802Z,0.1400,71.81,yes
2026-10-03T21:46:40.255802Z,0.1400,62.93,yes
2026-10-03T21:46:41.317507Z,0.1300,108.76,yes
2026-10-03T21:46:43.919973Z,0.1100,0.01,no
2026-10-03T21:46:45.631251Z,0.1100,4.76,yes
2026-10-03T21:46:45.631251Z,0.1100,101.00,yes
2026-10-03T21:46:45.631251Z,0.1100,2.00,yes
2026-10-03T21:46:45.631251Z,0.1100,54.00,yes
2026-10-03T21:46:45.631251Z,0.1200,47.49,yes
2026-10-03T21:46:47.39809Z,0.1100,4.27,yes
2026-10-03T21:46:47.678145Z,0.1100,59.02,yes
2026-10-03T21:46:48.372104Z,0.1100,17.11,yes
2026-10-03T21:46:48.736617Z,0.1100,2.13,yes
2026-10-03T21:46:49.07134Z,0.1100,8.55,yes
2026-10-03T21:46:49.814565Z,0.1200,2.00,yes
2026-10-03T21:46:49.814565Z,0.1200,60.80,yes
2026-10-03T21:46:49.814565Z,0.1100,8.55,yes
2026-10-03T21:46:49.814565Z,0.1200,27.73,yes
2026-10-03T21:46:49.814565Z,0.1100,59.02,yes
2026-10-03T21:46:49.814565Z,0.1200,37.00,yes
2026-10-03T21:46:49.814565Z,0.1100,163.19,yes
2026-10-03T21:46:49.814565Z,0.1100,17.11,yes
2026-10-03T21:46:49.814565Z,0.1100,2.13,yes
2026-10-03T21:46:50.350547Z,0.1200,22.52,yes
2026-10-03T21:46:50.350547Z,0.1200,27.27,yes
2026-10-03T21:46:50.350547Z,0.1200,13.00,yes
2026-10-03T21:46:50.863741Z,0.1300,81.75,yes
2026-10-03T21:46:50.863741Z,0.1200,54.00,yes
2026-10-03T21:46:50.863741Z,0.1200,9.00,yes
2026-10-03T21:46:50.863741Z,0.1200,1.03,yes
2026-10-03T21:46:50.863741Z,0.1200,37.67,yes
2026-10-03T21:46:50.863741Z,0.1200,2.00,yes
2026-10-03T21:46:51.043908Z,0.1200,60.51,yes
2026-10-03T21:46:51.392869Z,0.1100,17.95,no
2026-10-03T21:46:52.070035Z,0.1300,2.00,yes
2026-10-03T21:46:52.070035Z,0.1300,3.00,yes
2026-10-03T21:46:52.070035Z,0.1300,1.00,yes
2026-10-03T21:46:52.070035Z,0.1300,27.25,yes
2026-10-03T21:46:52.070035Z,0.1300,1.00,yes
2026-10-03T21:46:52.070035Z,0.1300,1.00,yes
2026-10-03T21:46:52.070035Z,0.1300,1.00,yes
2026-10-03T21:46:52.981042Z,0.1300,72.50,yes
2026-10-03T21:46:53.656067Z,0.1400,2.00,yes
2026-10-03T21:46:53.656067Z,0.1400,3.00,yes
2026-10-03T21:46:53.656067Z,0.1400,15.21,yes
2026-10-03T21:46:54.43952Z,0.1400,33.68,yes
2026-10-03T21:46:54.735248Z,0.1400,11.62,yes
2026-10-03T21:46:54.735248Z,0.1400,22.06,yes
2026-10-03T21:46:57.189916Z,0.1300,2.00,yes
2026-10-03T21:46:57.189916Z,0.1300,59.71,yes
2026-10-03T21:46:57.189916Z,0.1400,447.89,yes
2026-10-03T21:46:57.5714Z,0.1200,20.00,no
2026-10-03T21:46:58.159951Z,0.1000,200.00,no
2026-10-03T21:46:58.159951Z,0.1000,0.01,no
2026-10-03T21:46:58.159951Z,0.1000,59.71,no
2026-10-03T21:46:58.273054Z,0.1000,1.00,yes
2026-10-03T21:46:59.314963Z,0.1000,159.92,yes
2026-10-03T21:46:59.526551Z,0.1000,121.75,yes
2026-10-03T21:46:59.526551Z,0.1000,19.36,yes
2026-10-03T21:46:59.848291Z,0.1000,33.86,yes
2026-10-03T21:47:00.087574Z,0.1000,94.07,yes
2026-10-03T21:47:00.370577Z,0.1000,47.03,yes
2026-10-03T21:47:02.491448Z,0.0900,54.00,no
2026-10-03T21:47:02.6791Z,0.1000,84.66,yes
2026-10-03T21:47:03.263392Z,0.0900,30.00,no
2026-10-03T21:47:03.778837Z,0.1000,241.37,yes
2026-10-03T21:47:03.778837Z,0.1000,58.63,yes
2026-10-03T21:47:04.337185Z,0.1000,440.00,yes
2026-10-03T21:47:04.337185Z,0.1000,198.63,yes
2026-10-03T21:47:04.337185Z,0.1000,279.71,yes
2026-10-03T21:47:04.946738Z,0.1000,84.66,yes
2026-10-03T21:47:05.159476Z,0.0900,55.58,no
2026-10-03T21:47:05.350527Z,0.1000,78.37,yes
2026-10-03T21:47:05.350527Z,0.1000,4.63,yes
2026-10-03T21:47:05.558489Z,0.1000,94.07,yes
2026-10-03T21:47:05.596043Z,0.1000,94.07,yes
2026-10-03T21:47:05.886369Z,0.1000,0.94,yes
2026-10-03T21:47:06.191902Z,0.0900,188.27,no
2026-10-03T21:47:06.671407Z,0.1000,94.07,yes
2026-10-03T21:47:06.946554Z,0.1000,7.48,yes
2026-10-03T21:47:06.946554Z,0.1000,9.92,yes
2026-10-03T21:47:07.309977Z,0.1000,9.40,yes
2026-10-03T21:47:08.758525Z,0.0900,56.25,no
2026-10-03T21:47:09.146144Z,0.1000,235.18,yes
2026-10-03T21:47:09.351493Z,0.0900,42.78,no
2026-10-03T21:47:09.98168Z,0.0900,138.98,no
2026-10-03T21:47:12.28786Z,0.0900,125.84,no
2026-10-03T21:47:12.513188Z,0.1000,47.03,yes
2026-10-03T21:47:13.085454Z,0.0900,67.37,no
2026-10-03T21:47:13.260061Z,0.0900,341.99,no
2026-10-03T21:47:13.870569Z,0.1000,67.47,yes
2026-10-03T21:47:13.870569Z,0.1000,7.78,yes
2026-10-03T21:47:14.323408Z,0.0900,36.25,no
2026-10-03T21:47:14.917066Z,0.1000,37.62,yes
2026-10-03T21:47:15.31716Z,0.1000,47.03,yes
2026-10-03T21:47:15.701945Z,0.0900,23.82,no
2026-10-03T21:47:16.952626Z,0.1000,18.81,yes
2026-10-03T21:47:22.415022Z,0.0900,148.00,no
2026-10-03T21:47:22.415022Z,0.0900,148.00,no
2026-10-03T21:47:22.415022Z,0.0900,30.59,no
2026-10-03T21:47:22.415022Z,0.0900,148.00,no
2026-10-03T21:47:22.415022Z,0.0900,148.00,no
2026-10-03T21:47:22.415022Z,0.0900,15.00,no
2026-10-03T21:47:23.344128Z,0.1000,94.07,yes
2026-10-03T21:47:23.63996Z,0.0900,17.54,no
2026-10-03T21:47:25.214193Z,0.0900,14.02,no
2026-10-03T21:47:25.214193Z,0.0900,255.45,no
2026-10-03T21:47:25.590822Z,0.0900,85.57,no
2026-10-03T21:47:25.846331Z,0.1000,47.03,yes
2026-10-03T21:47:25.951488Z,0.1000,28.22,yes
2026-10-03T21:47:26.989388Z,0.0900,243.68,no
2026-10-03T21:47:27.502798Z,0.0900,156.99,no
2026-10-03T21:47:27.825699Z,0.0900,855.77,no
2026-10-03T21:47:28.104341Z,0.1000,9.40,yes
2026-10-03T21:47:28.145891Z,0.0900,47.03,no
2026-10-03T21:47:28.207123Z,0.0900,78.18,no
2026-10-03T21:47:29.135739Z,0.0900,42.23,no
2026-10-03T21:47:30.379216Z,0.0900,154.03,no
2026-10-03T21:47:30.583362Z,0.0900,2.50,no
2026-10-03T21:47:31.581693Z,0.1000,47.03,yes
2026-10-03T21:47:32.542654Z,0.0900,92.28,no
2026-10-03T21:47:33.516128Z,0.0900,42.78,no
2026-10-03T21:47:35.963122Z,0.1000,2.35,yes
2026-10-03T21:47:39.498268Z,0.0900,94.07,no
2026-10-03T21:47:39.966156Z,0.1000,7.33,yes
2026-10-03T21:47:40.83207Z,0.1000,9.40,yes
2026-10-03T21:47:42.509497Z,0.1000,12.93,yes
2026-10-03T21:47:42.509497Z,0.1000,5.88,yes
2026-10-03T21:47:43.328964Z,0.1000,0.09,yes
2026-10-03T21:47:45.253616Z,0.0900,60.00,no
2026-10-03T21:47:48.925418Z,0.0900,380.46,no
2026-10-03T21:47:48.925418Z,0.0900,48.00,no
2026-10-03T21:47:48.925418Z,0.0900,39.74,no
2026-10-03T21:47:49.741295Z,0.0900,236.00,no
2026-10-03T21:47:49.741295Z,0.0900,236.00,no
2026-10-03T21:47:49.741295Z,0.0900,36.79,no
2026-10-03T21:47:49.741295Z,0.0900,236.00,no
2026-10-03T21:47:49.741295Z,0.0900,5.00,no
2026-10-03T21:47:49.741295Z,0.0900,24.41,no
2026-10-03T21:47:51.89258Z,0.1000,83.00,yes
2026-10-03T21:47:53.133805Z,0.1000,9.40,yes
2026-10-03T21:47:53.461413Z,0.0900,58.76,no
2026-10-03T21:47:58.225974Z,0.1000,94.07,yes
2026-10-03T21:47:58.972377Z,0.0900,59.02,no
2026-10-03T21:47:59.012434Z,0.1000,369.00,yes
2026-10-03T21:47:59.012434Z,0.1000,176.56,yes
2026-10-03T21:47:59.012434Z,0.1000,65.91,yes
2026-10-03T21:48:01.453725Z,0.0900,62.42,no
2026-10-03T21:48:02.420681Z,0.0900,15.49,no
2026-10-03T21:48:02.420681Z,0.0900,19.01,no
2026-10-03T21:48:02.420681Z,0.0900,236.00,no
2026-10-03T21:48:03.018805Z,0.1000,9.40,yes
2026-10-03T21:48:04.639652Z,0.1000,1.14,yes
2026-10-03T21:48:04.639652Z,0.1000,293.69,yes
2026-10-03T21:48:04.639652Z,0.1000,40.56,yes
2026-10-03T21:48:04.639652Z,0.1000,369.00,yes
2026-10-03T21:48:04.639652Z,0.1000,1.16,yes
2026-10-03T21:48:08.230142Z,0.1000,94.07,yes
2026-10-03T21:48:08.773333Z,0.1000,18.81,yes
2026-10-03T21:48:10.543847Z,0.1000,75.25,yes
2026-10-03T21:48:11.439271Z,0.1000,470.36,yes
2026-10-03T21:48:19.732651Z,0.0900,49.40,no
2026-10-03T21:48:19.732651Z,0.0900,663.60,no
2026-10-03T21:48:20.337212Z,0.1000,130.00,yes
2026-10-03T21:48:21.442049Z,0.1000,178.73,yes
2026-10-03T21:48:21.512111Z,0.1000,28.22,yes
2026-10-03T21:48:23.294132Z,0.1000,47.03,yes
2026-10-03T21:48:25.13896Z,0.1000,9.40,yes
2026-10-03T21:48:25.773805Z,0.0900,10.44,no
2026-10-03T21:48:25.900114Z,0.0900,936.41,no
2026-10-03T21:48:25.916757Z,0.1000,9.40,yes
2026-10-03T21:48:26.993772Z,0.1000,0.47,yes
2026-10-03T21:48:28.468553Z,0.1000,18.81,yes
2026-10-03T21:48:33.41457Z,0.1000,9.40,yes
2026-10-03T21:48:36.191603Z,0.0900,65.39,no
2026-10-03T21:48:36.191603Z,0.0900,614.58,no
2026-10-03T21:48:36.191603Z,0.0900,236.00,no
2026-10-03T21:48:36.191603Z,0.0900,236.00,no
2026-10-03T21:48:36.191603Z,0.0900,236.00,no
2026-10-03T21:48:36.191603Z,0.0900,236.00,no
2026-10-03T21:48:36.191603Z,0.0900,236.00,no
2026-10-03T21:48:36.191603Z,0.0900,639.55,no
2026-10-03T21:48:39.769305Z,0.1000,18.81,yes
2026-10-03T21:48:40.757799Z,0.0900,7.51,no
2026-10-03T21:48:41.39604Z,0.1000,9.78,yes
2026-10-03T21:48:41.706089Z,0.1000,47.03,yes
2026-10-03T21:48:43.707735Z,0.1000,16.58,yes
2026-10-03T21:48:44.105103Z,0.1000,73.47,yes
2026-10-03T21:48:44.427398Z,0.1000,188.14,yes
2026-10-03T21:48:46.4394Z,0.0900,248.46,no
2026-10-03T21:48:50.290673Z,0.0900,76.46,no
2026-10-03T21:48:50.748619Z,0.1000,47.03,yes
2026-10-03T21:48:51.94592Z,0.1000,733.77,yes
2026-10-03T21:48:52.545511Z,0.1000,94.07,yes
2026-10-03T21:48:53.512212Z,0.1000,75.25,yes
2026-10-03T21:48:57.57497Z,0.1000,7.61,yes
2026-10-03T21:48:58.284631Z,0.1000,36.12,yes
2026-10-03T21:48:58.284631Z,0.1000,57.95,yes
2026-10-03T21:48:59.686934Z,0.1000,189.22,yes
2026-10-03T21:48:59.686934Z,0.1000,713.88,yes
2026-10-03T21:49:01.830926Z,0.1000,18.81,yes
2026-10-03T21:49:02.235323Z,0.0900,157.30,no
2026-10-03T21:49:04.675122Z,0.1000,37.62,yes
2026-10-03T21:49:04.825248Z,0.1000,83.00,yes
2026-10-03T21:49:05.933159Z,0.1000,9.40,yes
2026-10-03T21:49:08.636129Z,0.1000,5.64,yes
2026-10-03T21:49:11.644448Z,0.1000,235.18,yes
2026-10-03T21:49:12.257304Z,0.0900,117.43,no
2026-10-03T21:49:15.344961Z,0.1000,47.03,yes
2026-10-03T21:49:20.877601Z,0.1000,188.14,yes
2026-10-03T21:49:22.319359Z,0.1000,4.70,yes
2026-10-03T21:49:22.389774Z,0.1000,94.07,yes
2026-10-03T21:49:23.256507Z,0.1000,602.72,yes
2026-10-03T21:49:23.256507Z,0.1000,480.00,yes
2026-10-03T21:49:23.256507Z,0.1000,3000.00,yes
2026-10-03T21:49:23.256507Z,0.1000,490.49,yes
2026-10-03T21:49:23.256507Z,0.1000,246.00,yes
2026-10-03T21:49:23.256507Z,0.1000,1.11,yes
2026-10-03T21:49:23.256507Z,0.1000,1.00,yes
2026-10-03T21:49:23.256507Z,0.1000,587.19,yes
2026-10-03T21:49:23.256507Z,0.1000,123.00,yes
2026-10-03T21:49:24.738029Z,0.1000,47.03,yes
2026-10-03T21:49:24.963434Z,0.1000,0.37,yes
2026-10-03T21:49:26.124951Z,0.1000,1.03,yes
2026-10-03T21:49:31.958451Z,0.0900,410.97,no
2026-10-03T21:49:32.930018Z,0.0900,156.06,no
2026-10-03T21:49:34.040213Z,0.1000,47.03,yes
2026-10-03T21:49:34.066993Z,0.0900,26.94,no
2026-10-03T21:49:39.93561Z,0.1000,2.35,yes
2026-10-03T21:49:45.683897Z,0.1000,47.03,yes
2026-10-03T21:49:45.995768Z,0.0900,42.40,no
2026-10-03T21:49:48.112057Z,0.1000,28.22,yes
2026-10-03T21:49:49.215509Z,0.1000,84.66,yes
2026-10-03T21:49:49.505934Z,0.1000,94.07,yes
2026-10-03T21:49:54.239663Z,0.1000,94.07,yes
2026-10-03T21:49:54.435213Z,0.1000,94.07,yes
2026-10-03T21:49:56.599455Z,0.1000,18.81,yes
2026-10-03T21:49:58.59863Z,0.1000,47.03,yes
2026-10-03T21:49:59.430061Z,0.1000,47.03,yes
2026-10-03T21:50:00.833374Z,0.1000,100.00,yes
2026-10-03T21:50:01.144807Z,0.1000,4.70,yes
2026-10-03T21:50:02.246636Z,0.1000,47.03,yes
2026-10-03T21:50:02.954697Z,0.1000,94.07,yes
2026-10-03T21:50:03.061078Z,0.1000,47.03,yes
2026-10-03T21:50:04.51464Z,0.1000,47.03,yes
2026-10-03T21:50:06.560971Z,0.1000,47.03,yes
2026-10-03T21:50:09.923196Z,0.1000,1.88,yes
2026-10-03T21:50:10.006645Z,0.1000,47.03,yes
2026-10-03T21:50:13.618007Z,0.1000,470.36,yes
2026-10-03T21:50:25.283635Z,0.0900,277.94,no
2026-10-03T21:50:25.515346Z,0.1000,11.75,yes
2026-10-03T21:50:29.11325Z,0.0900,101.05,no
2026-10-03T21:50:29.331811Z,0.1000,94.07,yes
2026-10-03T21:50:31.859478Z,0.0900,20.00,no
2026-10-03T21:50:32.715525Z,0.1000,28.22,yes
2026-10-03T21:50:33.752441Z,0.1000,47.03,yes
2026-10-03T21:50:39.515382Z,0.0900,13.82,no
2026-10-03T21:50:39.77685Z,0.1000,65.85,yes
2026-10-03T21:50:45.200212Z,0.1000,18.81,yes
2026-10-03T21:50:45.56829Z,0.0900,109.89,no
2026-10-03T21:50:49.19868Z,0.0900,12.58,no
2026-10-03T21:50:50.388041Z,0.1000,5.64,yes
2026-10-03T21:50:52.431575Z,0.1000,66.95,yes
2026-10-03T21:50:52.431575Z,0.1000,1.00,yes
2026-10-03T21:50:52.431575Z,0.1000,68.92,yes
2026-10-03T21:50:52.686738Z,0.1000,188.14,yes
2026-10-03T21:50:53.88895Z,0.1000,9.40,yes
2026-10-03T21:50:55.382401Z,0.1000,47.03,yes
2026-10-03T21:50:56.33056Z,0.0900,262.82,no
2026-10-03T21:50:56.931632Z,0.1000,94.07,yes
2026-10-03T21:50:58.817221Z,0.1000,18.81,yes
2026-10-03T21:51:01.659359Z,0.1000,18.81,yes
2026-10-03T21:51:03.785677Z,0.0900,22.43,no
2026-10-03T21:51:05.345241Z,0.0900,1856.43,no
2026-10-03T21:51:06.202213Z,0.1000,47.03,yes
2026-10-03T21:51:09.505187Z,0.1000,28.22,yes
2026-10-03T21:51:11.926275Z,0.1000,255.03,yes
2026-10-03T21:51:15.198139Z,0.1000,47.03,yes
2026-10-03T21:51:16.057723Z,0.0900,464.93,no
2026-10-03T21:51:16.332088Z,0.0800,20.00,no
2026-10-03T21:51:16.332088Z,0.0800,74.38,no
2026-10-03T21:51:17.040702Z,0.0900,20.89,yes
2026-10-03T21:51:20.773754Z,0.0800,63.43,no
2026-10-03T21:51:30.969587Z,0.0900,214.55,yes
2026-10-03T21:51:31.747868Z,0.0900,10.44,yes
2026-10-03T21:51:36.559411Z,0.0800,1.00,no
2026-10-03T21:51:36.61314Z,0.0800,79.56,no
2026-10-03T21:51:37.061651Z,0.0900,27.18,yes
2026-10-03T21:51:38.268389Z,0.0900,20.89,yes
2026-10-03T21:51:44.085138Z,0.0600,15.04,no
2026-10-03T21:51:44.085138Z,0.0600,55.00,no
2026-10-03T21:51:44.085138Z,0.0600,64.70,no
2026-10-03T21:51:48.536636Z,0.0900,1.00,yes
2026-10-03T21:51:48.536636Z,0.0900,1.00,yes
2026-10-03T21:51:48.536636Z,0.0900,1.00,yes
2026-10-03T21:51:48.536636Z,0.0900,24.33,yes
2026-10-03T21:51:48.536636Z,0.0900,2.00,yes
2026-10-03T21:51:48.536636Z,0.0900,1.00,yes
2026-10-03T21:51:48.536636Z,0.0900,1.00,yes
2026-10-03T21:51:48.552435Z,0.0900,20.89,yes
2026-10-03T21:51:49.262475Z,0.0600,18.81,no
2026-10-03T21:51:49.824641Z,0.0700,10.00,yes
2026-10-03T21:51:52.868107Z,0.0900,19.48,yes
2026-10-03T21:51:52.868107Z,0.0900,32.74,yes
2026-10-03T21:51:53.00029Z,0.0900,22.26,yes
2026-10-03T21:51:53.00029Z,0.0900,1.00,yes
2026-10-03T21:51:53.00029Z,0.0900,24.96,yes
2026-10-03T21:51:53.00029Z,0.0900,1.00,yes
2026-10-03T21:51:53.00029Z,0.0900,1.00,yes
2026-10-03T21:51:53.00029Z,0.0900,1.00,yes
2026-10-03T21:51:53.00029Z,0.0900,1.00,yes
2026-10-03T21:51:54.476534Z,0.0900,10.44,yes
2026-10-03T21:51:54.734767Z,0.0800,334.00,no
2026-10-03T21:51:54.734767Z,0.0800,71.59,no
2026-10-03T21:51:54.734767Z,0.0800,334.00,no
2026-10-03T21:51:54.734767Z,0.0800,45.38,no
2026-10-03T21:51:56.338831Z,0.0900,52.22,yes
2026-10-03T21:51:58.919952Z,0.0800,50.00,no
2026-10-03T21:51:59.311428Z,0.0900,156.68,yes
2026-10-03T21:51:59.859934Z,0.0900,1.67,yes
2026-10-03T21:52:01.220219Z,0.0900,8.00,yes
2026-10-03T21:52:02.044874Z,0.0900,954.29,yes
2026-10-03T21:52:02.680681Z,0.0900,1044.57,yes
2026-10-03T21:52:03.410211Z,0.0900,34.36,yes
2026-10-03T21:52:04.283458Z,0.0900,10.00,yes
2026-10-03T21:52:06.418531Z,0.0900,1044.57,yes
2026-10-03T21:52:11.059735Z,0.0900,156.68,yes
2026-10-03T21:52:11.192382Z,0.0900,365.60,yes
2026-10-03T21:52:15.202147Z,0.0900,208.91,yes
2026-10-03T21:52:15.204463Z,0.0900,104.45,yes
2026-10-03T21:52:20.240879Z,0.0900,20.89,yes
2026-10-03T21:52:22.981572Z,0.0900,10.44,yes
2026-10-03T21:52:26.290836Z,0.0800,10.00,no
2026-10-03T21:52:26.290836Z,0.0800,535.02,no
2026-10-03T21:52:26.290836Z,0.0800,212.41,no
2026-10-03T21:52:26.290836Z,0.0800,334.00,no
2026-10-03T21:52:28.271749Z,0.0900,208.91,yes
2026-10-03T21:52:28.523932Z,0.0900,10.44,yes
2026-10-03T21:52:30.376924Z,0.0800,491.61,no
2026-10-03T21:52:31.038989Z,0.0900,208.91,yes
2026-10-03T21:52:34.866304Z,0.0900,146.24,yes
2026-10-03T21:52:38.634035Z,0.0800,256.73,no
2026-10-03T21:52:42.967101Z,0.0900,20.89,yes
2026-10-03T21:52:43.178256Z,0.0900,52.22,yes
2026-10-03T21:52:44.568616Z,0.0900,52.22,yes
2026-10-03T21:52:44.856498Z,0.0800,92.01,no
2026-10-03T21:52:44.856498Z,0.0800,338.00,no
2026-10-03T21:52:44.856498Z,0.0800,383.64,no
2026-10-03T21:52:47.008212Z,0.0900,104.45,yes
2026-10-03T21:52:49.739338Z,0.0900,376.04,yes
2026-10-03T21:52:50.64046Z,0.0900,208.91,yes
2026-10-03T21:52:51.844251Z,0.0900,1044.57,yes
2026-10-03T21:52:51.940615Z,0.0900,52.22,yes
2026-10-03T21:52:56.34181Z,0.0900,62.67,yes
2026-10-03T21:52:57.950658Z,0.0900,52.22,yes
2026-10-03T21:52:59.113056Z,0.0800,76.34,no
2026-10-03T21:52:59.113056Z,0.0800,245.99,no
2026-10-03T21:52:59.223205Z,0.0900,31.33,yes
2026-10-03T21:53:01.808105Z,0.0900,10.44,yes
2026-10-03T21:53:01.861625Z,0.0900,52.22,yes
2026-10-03T21:53:04.558882Z,0.0900,10.44,yes
2026-10-03T21:53:05.75676Z,0.0900,2.08,yes
2026-10-03T21:53:07.212459Z,0.0800,348.41,no
2026-10-03T21:53:07.217643Z,0.0800,78.18,no
2026-10-03T21:53:08.984557Z,0.0900,1.04,yes
2026-10-03T21:53:10.904886Z,0.0800,9.07,no
2026-10-03T21:53:10.904886Z,0.0800,307.58,no
2026-10-03T21:53:14.19879Z,0.0900,73.12,yes
2026-10-03T21:53:15.917071Z,0.0900,204.00,yes
2026-10-03T21:53:18.47996Z,0.0800,93.64,no
2026-10-03T21:53:18.784935Z,0.0900,52.22,yes
2026-10-03T21:53:20.781467Z,0.0800,68.09,no
2026-10-03T21:53:20.781467Z,0.0800,43.42,no
2026-10-03T21:53:20.781467Z,0.0800,1667.00,no
2026-10-03T21:53:20.781467Z,0.0800,3.70,no
2026-10-03T21:53:20.781467Z,0.0800,135.78,no
2026-10-03T21:53:20.920707Z,0.0900,59.90,yes
2026-10-03T21:53:20.920707Z,0.0900,253.47,yes
2026-10-03T21:53:22.339836Z,0.0900,100.00,yes
2026-10-03T21:53:22.711754Z,0.0900,104.45,yes
2026-10-03T21:53:28.496629Z,0.0900,4.17,yes
2026-10-03T21:53:34.17733Z,0.0900,52.22,yes
2026-10-03T21:53:35.059999Z,0.0900,1044.57,yes
2026-10-03T21:53:37.09103Z,0.0900,0.41,yes
2026-10-03T21:53:37.755528Z,0.0800,9.48,no
2026-10-03T21:53:38.112436Z,0.0900,10.44,yes
2026-10-03T21:53:39.54958Z,0.0900,52.22,yes
2026-10-03T21:53:40.938864Z,0.0900,10.44,yes
2026-10-03T21:53:41.802066Z,0.0900,60.58,yes
2026-10-03T21:53:44.809657Z,0.0800,47.03,no
2026-10-03T21:53:45.468497Z,0.0900,52.22,yes
2026-10-03T21:53:46.640255Z,0.0900,31.33,yes
2026-10-03T21:53:48.808025Z,0.0900,52.22,yes
2026-10-03T21:53:52.119127Z,0.0900,104.45,yes
2026-10-03T21:53:55.230893Z,0.0900,2.08,yes
2026-10-03T21:53:58.078587Z,0.0900,52.22,yes
2026-10-03T21:53:59.559969Z,0.0700,8.33,no
2026-10-03T21:53:59.559969Z,0.0800,25.35,no
2026-10-03T21:54:01.848661Z,0.0900,10.44,yes
2026-10-03T21:54:02.276516Z,0.0900,42.72,yes
2026-10-03T21:54:05.821413Z,0.0900,127.18,yes
2026-10-03T21:54:07.540453Z,0.0900,52.22,yes
2026-10-03T21:54:08.126694Z,0.0900,20.89,yes
2026-10-03T21:54:09.449603Z,0.0900,731.20,yes
2026-10-03T21:54:13.610052Z,0.0900,83.56,yes
2026-10-03T21:54:16.465375Z,0.0900,5.22,yes
2026-10-03T21:54:21.197986Z,0.0700,92.11,no
2026-10-03T21:54:21.197986Z,0.0800,72.32,no
2026-10-03T21:54:24.024185Z,0.0900,52.22,yes
2026-10-03T21:54:25.767853Z,0.0800,17.40,no
2026-10-03T21:54:26.485002Z,0.0900,12.22,yes
2026-10-03T21:54:29.036665Z,0.0900,68.21,yes
2026-10-03T21:54:29.036665Z,0.0900,22.60,yes
2026-10-03T21:54:29.155942Z,0.0900,94.01,yes
2026-10-03T21:54:31.197822Z,0.0900,52.22,yes
2026-10-03T21:54:35.173871Z,0.0900,104.45,yes
2026-10-03T21:54:36.738752Z,0.0900,5.43,yes
2026-10-03T21:54:37.440611Z,0.0900,20.89,yes
2026-10-03T21:54:37.569556Z,0.0900,0.10,yes
2026-10-03T21:54:40.357593Z,0.0800,26.14,no
2026-10-03T21:54:43.653843Z,0.0900,8.61,yes
2026-10-03T21:54:43.653843Z,0.0900,200.30,yes
2026-10-03T21:54:49.747691Z,0.0900,104.45,yes
2026-10-03T21:54:52.516457Z,0.0900,104.45,yes
2026-10-03T21:54:53.502591Z,0.0900,52.22,yes
2026-10-03T21:54:54.56658Z,0.0900,51.60,yes
2026-10-03T21:54:57.672923Z,0.0800,27.06,no
2026-10-03T21:54:57.672923Z,0.0700,121.27,no
2026-10-03T21:54:59.979861Z,0.0800,70.10,no
2026-10-03T21:55:01.430615Z,0.0800,1.17,yes
2026-10-03T21:55:04.348945Z,0.0800,117.43,yes
2026-10-03T21:55:07.806488Z,0.0800,11.74,yes
2026-10-03T21:55:15.868716Z,0.0800,23.48,yes
2026-10-03T21:55:16.371009Z,0.0800,293.59,yes
2026-10-03T21:55:16.913117Z,0.0800,93.49,yes
2026-10-03T21:55:16.913117Z,0.0800,611.00,yes
2026-10-03T21:55:16.913117Z,0.0800,101.12,yes
2026-10-03T21:55:18.471168Z,0.0800,23.48,yes
2026-10-03T21:55:18.569553Z,0.0700,80.71,no
2026-10-03T21:55:18.980824Z,0.0800,117.43,yes
2026-10-03T21:55:20.161602Z,0.0800,117.43,yes
2026-10-03T21:55:21.795488Z,0.0800,58.71,yes
2026-10-03T21:55:24.610036Z,0.0800,11.74,yes
2026-10-03T21:55:24.630443Z,0.0700,0.10,no
2026-10-03T21:55:30.768987Z,0.0800,35.23,yes
2026-10-03T21:55:31.304022Z,0.0800,58.71,yes
2026-10-03T21:55:33.689864Z,0.0800,87.15,yes
2026-10-03T21:55:33.689864Z,0.0800,30.28,yes
2026-10-03T21:55:37.01351Z,0.0800,9.27,yes
2026-10-03T21:55:40.949975Z,0.0800,11.74,yes
2026-10-03T21:55:42.171081Z,0.0800,23.48,yes
2026-10-03T21:55:42.937444Z,0.0800,58.71,yes
2026-10-03T21:55:45.585875Z,0.0800,293.59,yes
2026-10-03T21:55:47.489688Z,0.0800,23.48,yes
2026-10-03T21:55:52.141055Z,0.0900,3.00,yes
2026-10-03T21:55:52.141055Z,0.0800,1.00,yes
2026-10-03T21:55:52.141055Z,0.0900,55.00,yes
2026-10-03T21:55:52.141055Z,0.0900,10.00,yes
2026-10-03T21:55:52.141055Z,0.0900,2.00,yes
2026-10-03T21:55:52.141055Z,0.0800,9.66,yes
2026-10-03T21:55:52.141055Z,0.0900,24.95,yes
2026-10-03T21:55:53.187299Z,0.0900,10.44,yes
2026-10-03T21:55:54.739368Z,0.0900,1.00,yes
2026-10-03T21:55:54.739368Z,0.0900,2.00,yes
2026-10-03T21:55:54.739368Z,0.0900,25.00,yes
2026-10-03T21:55:54.739368Z,0.0900,2.00,yes
2026-10-03T21:55:54.739368Z,0.0900,1.00,yes
2026-10-03T21:55:54.739368Z,0.0900,32.72,yes
2026-10-03T21:55:54.739368Z,0.1000,36.53,yes
2026-10-03T21:55:56.144367Z,0.0900,52.22,yes
2026-10-03T21:55:56.821381Z,0.0900,2.17,yes
2026-10-03T21:55:56.821381Z,0.0900,15.58,yes
2026-10-03T21:55:58.3718Z,0.0600,0.01,no
2026-10-03T21:55:58.3718Z,0.0600,20.95,no
2026-10-03T21:55:58.3718Z,0.0600,5.00,no
2026-10-03T21:55:58.3718Z,0.0600,68.11,no
2026-10-03T21:55:59.377066Z,0.0600,68.42,no
2026-10-03T21:55:59.635986Z,0.0600,20.89,yes
2026-10-03T21:56:00.588803Z,0.0600,31.27,yes
2026-10-03T21:56:01.774694Z,0.0700,4.45,yes
2026-10-03T21:56:01.774694Z,0.0600,100.00,yes
2026-10-03T21:56:02.73697Z,0.0700,14.08,yes
2026-10-03T21:56:03.056078Z,0.0800,65.33,yes
2026-10-03T21:56:03.056078Z,0.0700,48.50,yes
2026-10-03T21:56:03.056078Z,0.0700,10.00,yes
2026-10-03T21:56:03.077509Z,0.0500,60.00,no
2026-10-03T21:56:03.346626Z,0.0700,52.22,yes
2026-10-03T21:56:06.651665Z,0.0700,4.55,yes
2026-10-03T21:56:06.651665Z,0.0700,15.16,yes
2026-10-03T21:56:07.042269Z,0.0700,53.65,yes
2026-10-03T21:56:09.432894Z,0.0700,40.23,yes
2026-10-03T21:56:09.755892Z,0.0700,327.00,yes
2026-10-03T21:56:09.755892Z,0.0700,228.57,yes
2026-10-03T21:56:09.755892Z,0.0700,327.00,yes
2026-10-03T21:56:09.755892Z,0.0700,327.00,yes
2026-10-03T21:56:09.755892Z,0.0700,198.74,yes
2026-10-03T21:56:10.359077Z,0.0700,3.00,yes
2026-10-03T21:56:10.359077Z,0.0700,23.82,yes
2026-10-03T21:56:10.682893Z,0.0700,3.35,yes
2026-10-03T21:56:10.733245Z,0.0800,0.81,yes
2026-10-03T21:56:10.733245Z,0.0700,38.61,yes
2026-10-03T21:56:12.450487Z,0.0700,6.70,yes
2026-10-03T21:56:15.277487Z,0.0700,13.41,yes
2026-10-03T21:56:17.477755Z,0.0700,64.73,yes
2026-10-03T21:56:17.477755Z,0.0800,35.07,yes
2026-10-03T21:56:20.816387Z,0.0700,64.73,yes
2026-10-03T21:56:20.816387Z,0.0800,1.99,yes
2026-10-03T21:56:21.10598Z,0.0700,53.65,yes
2026-10-03T21:56:21.6765Z,0.0600,1.05,no
2026-10-03T21:56:21.6765Z,0.0600,2.00,no
2026-10-03T21:56:21.6765Z,0.0600,20.00,no
2026-10-03T21:56:22.001192Z,0.0500,10.00,no
2026-10-03T21:56:22.001192Z,0.0500,103.00,no
2026-10-03T21:56:22.018389Z,0.0400,112.00,no
2026-10-03T21:56:22.560657Z,0.0400,5.00,no
2026-10-03T21:56:22.560657Z,0.0400,51.00,no
2026-10-03T21:56:22.588395Z,0.0400,0.01,no
2026-10-03T21:56:23.079473Z,0.0400,5.00,yes
2026-10-03T21:56:23.719394Z,0.0400,117.12,yes
2026-10-03T21:56:23.795717Z,0.0400,234.25,yes
2026-10-03T21:56:23.939392Z,0.0400,117.12,yes
2026-10-03T21:56:24.361321Z,0.0300,13.00,no
2026-10-03T21:56:24.361321Z,0.0300,7.00,no
2026-10-03T21:56:24.361321Z,0.0300,20.00,no
2026-10-03T21:56:24.361321Z,0.0300,20.00,no
2026-10-03T21:56:24.361321Z,0.0300,121.39,no
2026-10-03T21:56:25.02923Z,0.0300,21.39,no
2026-10-03T21:56:25.02923Z,0.0300,55.00,no
2026-10-03T21:56:25.02923Z,0.0300,123.61,no
2026-10-03T21:56:25.115772Z,0.0300,11.00,no
2026-10-03T21:56:25.233937Z,0.0300,64.37,no
2026-10-03T21:56:25.233937Z,0.0300,32.61,no
2026-10-03T21:56:26.135631Z,0.0300,62.42,yes
2026-10-03T21:56:30.317466Z,0.0300,156.06,yes
2026-10-03T21:56:31.638044Z,0.0300,7.86,yes
2026-10-03T21:56:31.638044Z,0.0300,214.54,yes
2026-10-03T21:56:31.967186Z,0.0300,72.92,yes
2026-10-03T21:56:31.967186Z,0.0300,28.14,yes
2026-10-03T21:56:31.967186Z,0.0300,55.00,yes
2026-10-03T21:56:32.091846Z,0.0300,0.20,yes
2026-10-03T21:56:32.329928Z,0.0300,0.11,yes
2026-10-03T21:56:32.354743Z,0.0400,10.00,yes
2026-10-03T21:56:32.354743Z,0.0400,3.00,yes
2026-10-03T21:56:32.354743Z,0.0400,1.00,yes
2026-10-03T21:56:32.354743Z,0.0400,1.00,yes
2026-10-03T21:56:32.354743Z,0.0400,2.00,yes
2026-10-03T21:56:32.453994Z,0.0500,62.00,yes
2026-10-03T21:56:32.453994Z,0.0500,1.00,yes
2026-10-03T21:56:32.453994Z,0.0500,3.00,yes
2026-10-03T21:56:32.453994Z,0.0500,1.00,yes
2026-10-03T21:56:32.453994Z,0.0500,1.00,yes
2026-10-03T21:56:32.543409Z,0.0600,1.00,yes
2026-10-03T21:56:32.543409Z,0.0600,1.00,yes
2026-10-03T21:56:32.543409Z,0.0600,2.00,yes
2026-10-03T21:56:32.543409Z,0.0600,1.00,yes
2026-10-03T21:56:32.543409Z,0.0600,1.00,yes
2026-10-03T21:56:32.543409Z,0.0600,1.00,yes
2026-10-03T21:56:32.543409Z,0.0600,121.00,yes
2026-10-03T21:56:32.543409Z,0.0600,2.00,yes
2026-10-03T21:56:32.543409Z,0.0600,124.00,yes
2026-10-03T21:56:32.545144Z,0.0700,4.00,yes
2026-10-03T21:56:32.545144Z,0.0700,31.00,yes
2026-10-03T21:56:32.545144Z,0.0700,2.00,yes
2026-10-03T21:56:32.545144Z,0.0700,3.00,yes
2026-10-03T21:56:32.55621Z,0.0700,76.00,yes
2026-10-03T21:56:32.556571Z,0.0800,4.00,yes
2026-10-03T21:56:32.556571Z,0.0800,3.00,yes
2026-10-03T21:56:32.556571Z,0.0700,5.00,yes
2026-10-03T21:56:32.556571Z,0.0700,51.00,yes
2026-10-03T21:56:32.556571Z,0.0800,2.00,yes
2026-10-03T21:56:32.556571Z,0.0800,60.00,yes
2026-10-03T21:56:32.556571Z,0.0800,1.00,yes
2026-10-03T21:56:32.556571Z,0.0800,1.00,yes
2026-10-03T21:56:32.573323Z,0.0800,51.00,yes
2026-10-03T21:56:33.723729Z,0.0800,49.00,yes
2026-10-03T21:56:33.723729Z,0.0800,4.00,yes
2026-10-03T21:56:33.723729Z,0.0800,49.52,yes
2026-10-03T21:56:34.334362Z,0.0900,1.00,yes
2026-10-03T21:56:34.334362Z,0.0900,2.00,yes
2026-10-03T21:56:34.334362Z,0.0900,3.00,yes
2026-10-03T21:56:34.334362Z,0.0900,1.00,yes
2026-10-03T21:56:34.334362Z,0.0900,3.00,yes
2026-10-03T21:56:34.408078Z,0.0900,1.00,no
2026-10-03T21:56:34.883944Z,0.0900,1.00,no
2026-10-03T21:56:35.376054Z,0.0900,1.00,no
2026-10-03T21:56:36.587338Z,0.1000,188.14,yes
2026-10-03T21:56:36.589812Z,0.0900,66.41,no
2026-10-03T21:56:36.589812Z,0.0900,19.18,no
2026-10-03T21:56:36.589812Z,0.0900,62.00,no
2026-10-03T21:56:36.589812Z,0.0900,242.72,no
2026-10-03T21:56:37.254143Z,0.1000,18.81,yes
2026-10-03T21:56:38.611045Z,0.1000,18.81,yes
2026-10-03T21:56:39.851136Z,0.1000,9.40,yes
2026-10-03T21:56:39.912912Z,0.0900,68.46,no
2026-10-03T21:56:41.847859Z,0.1000,188.14,yes
2026-10-03T21:56:42.844005Z,0.1000,166.00,yes
2026-10-03T21:56:43.499381Z,0.0900,40.00,no
2026-10-03T21:56:44.01764Z,0.0900,118.05,no
2026-10-03T21:56:44.493835Z,0.1000,18.81,yes
2026-10-03T21:56:44.88908Z,0.0900,359.33,no
2026-10-03T21:56:45.235Z,0.1000,7.00,yes
2026-10-03T21:56:46.500435Z,0.1000,235.18,yes
2026-10-03T21:56:47.873651Z,0.0900,160.73,no
2026-10-03T21:56:47.873651Z,0.0900,45.15,no
2026-10-03T21:56:49.428784Z,0.1000,9.40,yes
2026-10-03T21:56:51.385664Z,0.1000,9.40,yes
2026-10-03T21:56:52.249941Z,0.1000,94.07,yes
2026-10-03T21:56:52.706321Z,0.0900,47.27,no
2026-10-03T21:56:52.706321Z,0.0900,69.85,no
2026-10-03T21:56:54.094758Z,0.0900,26.65,no
2026-10-03T21:56:54.094758Z,0.0900,67.73,no
2026-10-03T21:56:54.763Z,0.1000,94.07,yes
2026-10-03T21:56:55.491905Z,0.1000,56.44,yes
2026-10-03T21:56:56.462169Z,0.0900,5.41,no
2026-10-03T21:56:56.462169Z,0.0900,88.35,no
2026-10-03T21:56:56.528019Z,0.1000,94.07,yes
2026-10-03T21:56:56.769744Z,0.0900,89.81,no
2026-10-03T21:56:57.003657Z,0.0900,17.25,no
2026-10-03T21:56:57.003657Z,0.0900,19.78,no
2026-10-03T21:56:57.003657Z,0.0900,10.00,no
2026-10-03T21:56:58.338303Z,0.1000,9.40,yes
2026-10-03T21:57:00.416979Z,0.1000,9.40,yes
2026-10-03T21:57:04.781454Z,0.1000,94.07,yes
2026-10-03T21:57:06.895257Z,0.0900,620.45,no
2026-10-03T21:57:06.895257Z,0.0900,62.00,no
2026-10-03T21:57:06.895257Z,0.0900,48.75,no
2026-10-03T21:57:08.279941Z,0.0700,10.00,no
2026-10-03T21:57:08.279941Z,0.0500,244.07,no
2026-10-03T21:57:08.279941Z,0.0700,67.30,no
2026-10-03T21:57:08.279941Z,0.0600,2000.00,no
2026-10-03T21:57:08.279941Z,0.0700,55.00,no
2026-10-03T21:57:08.279941Z,0.0500,20.00,no
2026-10-03T21:57:08.279941Z,0.0600,620.00,no
2026-10-03T21:57:08.279941Z,0.0900,20.00,no
2026-10-03T21:57:08.279941Z,0.0700,25.00,no
2026-10-03T21:57:08.279941Z,0.0700,10.00,no
2026-10-03T21:57:08.279941Z,0.0700,50.00,no
2026-10-03T21:57:08.301164Z,0.0900,67.30,yes
2026-10-03T21:57:08.301164Z,0.1000,26.77,yes
2026-10-03T21:57:08.474647Z,0.0800,6.00,yes
2026-10-03T21:57:09.509956Z,0.0800,126.12,yes
2026-10-03T21:57:10.270989Z,0.0800,111.88,yes
2026-10-03T21:57:10.270989Z,0.0800,6.58,yes
2026-10-03T21:57:10.270989Z,0.0900,2.19,yes
2026-10-03T21:57:10.270989Z,0.0800,55.00,yes
2026-10-03T21:57:10.270989Z,0.0900,67.30,yes
2026-10-03T21:57:10.654313Z,0.0900,67.88,yes
2026-10-03T21:57:10.654313Z,0.0900,13.38,yes
2026-10-03T21:57:10.654313Z,0.0900,2.81,yes
2026-10-03T21:57:10.654313Z,0.0900,10.00,yes
2026-10-03T21:57:10.712678Z,0.0900,0.09,yes
2026-10-03T21:57:12.119676Z,0.0900,55.00,yes
2026-10-03T21:57:12.119676Z,0.0900,48.53,yes
2026-10-03T21:57:12.119676Z,0.0900,67.88,yes
2026-10-03T21:57:12.119676Z,0.1000,315.99,yes
2026-10-03T21:57:17.412064Z,0.0900,235.18,no
2026-10-03T21:57:17.42531Z,0.1000,150.51,yes
2026-10-03T21:57:17.672363Z,0.1000,6.58,yes
2026-10-03T21:57:18.550343Z,0.0900,31.21,no
2026-10-03T21:57:18.891423Z,0.1000,47.03,yes
2026-10-03T21:57:20.458049Z,0.1000,18.81,yes
2026-10-03T21:57:21.425906Z,0.1000,100.75,yes
2026-10-03T21:57:22.232614Z,0.1000,1.88,yes
2026-10-03T21:57:27.934834Z,0.1000,209.97,yes
2026-10-03T21:57:28.008298Z,0.1000,152.86,yes
2026-10-03T21:57:28.270965Z,0.0900,321.00,no
2026-10-03T21:57:28.270965Z,0.0900,54.61,no
2026-10-03T21:57:28.270965Z,0.0900,9.70,no
2026-10-03T21:57:29.456958Z,0.1000,94.07,yes
2026-10-03T21:57:29.509789Z,0.1000,94.07,yes
2026-10-03T21:57:30.485721Z,0.1000,47.03,yes
2026-10-03T21:57:31.018045Z,0.1000,564.44,yes
2026-10-03T21:57:33.358591Z,0.1000,47.03,yes
2026-10-03T21:57:33.53461Z,0.1000,83.25,yes
2026-10-03T21:57:33.889671Z,0.0900,55.78,no
2026-10-03T21:57:34.300183Z,0.1000,188.14,yes
2026-10-03T21:57:35.60297Z,0.1000,9.40,yes
2026-10-03T21:57:39.983361Z,0.1000,0.90,yes
2026-10-03T21:57:40.788833Z,0.1000,18.81,yes
2026-10-03T21:57:42.983819Z,0.1000,10.00,yes
2026-10-03T21:57:43.516955Z,0.1000,4703.60,yes
2026-10-03T21:57:43.755299Z,0.1000,58.13,yes
2026-10-03T21:57:44.425937Z,0.1000,18.81,yes
2026-10-03T21:57:44.689634Z,0.1000,94.07,yes
2026-10-03T21:57:44.851446Z,0.1000,183.44,yes
2026-10-03T21:57:47.271375Z,0.1000,9.40,yes
2026-10-03T21:57:48.611937Z,0.1000,94.07,yes
2026-10-03T21:57:53.411523Z,0.0900,10.89,yes
2026-10-03T21:57:53.411523Z,0.0900,10.00,yes
2026-10-03T21:57:55.468809Z,0.0900,25.00,yes
2026-10-03T21:57:55.468809Z,0.0900,6.00,yes
2026-10-03T21:57:56.790146Z,0.1000,9.40,yes
2026-10-03T21:57:57.618381Z,0.0900,98.10,yes
2026-10-03T21:57:58.939052Z,0.0900,25.00,yes
2026-10-03T21:57:58.939052Z,0.1000,24.45,yes
2026-10-03T21:58:00.637862Z,0.0900,36.01,yes
2026-10-03T21:58:00.637862Z,0.0900,67.47,yes
2026-10-03T21:58:00.754461Z,0.0900,921.91,yes
2026-10-03T21:58:01.167951Z,0.0800,25.00,no
2026-10-03T21:58:01.167951Z,0.0800,50.00,no
2026-10-03T21:58:01.167951Z,0.0800,5.00,no
2026-10-03T21:58:02.354094Z,0.0700,13.41,yes
2026-10-03T21:58:02.62202Z,0.0700,40.23,yes
2026-10-03T21:58:03.4179Z,0.0700,100.00,yes
2026-10-03T21:58:03.443749Z,0.0700,67.06,yes
2026-10-03T21:58:03.837352Z,0.0700,13.41,yes
2026-10-03T21:58:05.156007Z,0.0700,67.06,yes
2026-10-03T21:58:06.167231Z,0.0700,147.53,yes
2026-10-03T21:58:07.253279Z,0.0700,26.82,yes
2026-10-03T21:58:08.386922Z,0.0700,40.23,yes
2026-10-03T21:58:09.715568Z,0.0700,5.36,yes
2026-10-03T21:58:10.795367Z,0.0700,68.89,yes
2026-10-03T21:58:10.795367Z,0.0700,11.73,yes
2026-10-03T21:58:10.795367Z,0.0700,590.00,yes
2026-10-03T21:58:12.731635Z,0.0700,228.01,yes
2026-10-03T21:58:13.8433Z,0.0700,100.00,yes
2026-10-03T21:58:14.196595Z,0.0700,26.82,yes
2026-10-03T21:58:14.56126Z,0.0700,13.41,yes
2026-10-03T21:58:14.937299Z,0.0700,85.57,yes
2026-10-03T21:58:15.921912Z,0.0700,1.34,yes
2026-10-03T21:58:18.027441Z,0.0600,526.05,no
2026-10-03T21:58:18.027441Z,0.0600,920.00,no
2026-10-03T21:58:18.027441Z,0.0600,2760.00,no
2026-10-03T21:58:18.027441Z,0.0600,236.00,no
2026-10-03T21:58:18.027441Z,0.0600,62.00,no
2026-10-03T21:58:18.027441Z,0.0600,972.37,no
2026-10-03T21:58:18.027441Z,0.0600,192.00,no
2026-10-03T21:58:18.027441Z,0.0600,1066.00,no
2026-10-03T21:58:18.027441Z,0.0600,192.00,no
2026-10-03T21:58:18.027441Z,0.0600,262.00,no
2026-10-03T21:58:18.027441Z,0.0600,192.00,no
2026-10-03T21:58:18.027441Z,0.0600,192.00,no
2026-10-03T21:58:18.027441Z,0.0600,305.00,no
2026-10-03T21:58:18.027441Z,0.0600,67.43,no
2026-10-03T21:58:18.027441Z,0.0600,10.00,no
2026-10-03T21:58:19.731163Z,0.0700,123.12,yes
2026-10-03T21:58:19.731163Z,0.0700,75.92,yes
2026-10-03T21:58:19.961036Z,0.0700,268.25,yes
2026-10-03T21:58:19.965332Z,0.0700,67.06,yes
2026-10-03T21:58:22.637488Z,0.0700,13.41,yes
2026-10-03T21:58:24.869256Z,0.0700,134.12,yes
2026-10-03T21:58:26.073341Z,0.0700,102.88,yes
2026-10-03T21:58:26.073341Z,0.0700,31.24,yes
2026-10-03T21:58:26.521697Z,0.0700,40.23,yes
2026-10-03T21:58:27.21967Z,0.0700,53.65,yes
2026-10-03T21:58:28.281132Z,0.0700,13.41,yes
2026-10-03T21:58:28.428145Z,0.0700,45.87,yes
2026-10-03T21:58:28.916905Z,0.0700,13.41,yes
2026-10-03T21:58:29.71977Z,0.0700,68.55,yes
2026-10-03T21:58:29.71977Z,0.0700,264.07,yes
2026-10-03T21:58:29.71977Z,0.0700,338.00,yes
2026-10-03T21:58:29.899486Z,0.0700,13.41,yes
2026-10-03T21:58:31.01305Z,0.0700,338.00,yes
2026-10-03T21:58:31.01305Z,0.0700,272.10,yes
2026-10-03T21:58:31.01305Z,0.0700,60.52,yes
2026-10-03T21:58:33.931816Z,0.0700,202.35,yes
2026-10-03T21:58:33.931816Z,0.0700,65.90,yes
2026-10-03T21:58:34.840058Z,0.0600,67.06,yes
2026-10-03T21:58:35.353032Z,0.0600,3.94,yes
2026-10-03T21:58:35.353032Z,0.0600,8.80,yes
2026-10-03T21:58:37.422827Z,0.0600,18.61,yes
2026-10-03T21:58:37.422827Z,0.0600,59.57,yes
2026-10-03T21:58:37.826178Z,0.1200,2.00,yes
2026-10-03T21:58:37.826178Z,0.1100,3.00,yes
2026-10-03T21:58:37.826178Z,0.1300,1.00,yes
2026-10-03T21:58:37.826178Z,0.1100,1.00,yes
2026-10-03T21:58:37.826178Z,0.1200,1.00,yes
2026-10-03T21:58:37.826178Z,0.1300,564.44,yes
2026-10-03T21:58:37.826178Z,0.1300,1.00,yes
2026-10-03T21:58:37.826178Z,0.1000,1.00,yes
2026-10-03T21:58:37.826178Z,0.1100,2.00,yes
2026-10-03T21:58:37.826178Z,0.1200,1.00,yes
2026-10-03T21:58:37.826178Z,0.1000,2.00,yes
2026-10-03T21:58:37.826178Z,0.1300,1.00,yes
2026-10-03T21:58:37.826178Z,0.1300,1.00,yes
2026-10-03T21:58:37.826178Z,0.1100,2.00,yes
2026-10-03T21:58:37.826178Z,0.1000,4.00,yes
2026-10-03T21:58:37.826178Z,0.1100,2.00,yes
2026-10-03T21:58:37.826178Z,0.1200,1.00,yes
2026-10-03T21:58:37.826178Z,0.1100,1.00,yes
2026-10-03T21:58:37.826178Z,0.1000,3.00,yes
2026-10-03T21:58:37.826178Z,0.1200,1.00,yes
2026-10-03T21:58:37.826178Z,0.1400,1.00,yes
2026-10-03T21:58:37.826178Z,0.0800,30.00,yes
2026-10-03T21:58:37.826178Z,0.1200,2000.00,yes
2026-10-03T21:58:37.826178Z,0.0900,1.00,yes
2026-10-03T21:58:37.826178Z,0.0800,3.00,yes
2026-10-03T21:58:37.826178Z,0.0800,1.00,yes
2026-10-03T21:58:37.826178Z,0.0900,2.00,yes
2026-10-03T21:58:37.826178Z,0.1400,80.00,yes
2026-10-03T21:58:37.826178Z,0.0900,1.00,yes
2026-10-03T21:58:37.826178Z,0.0800,3.00,yes
2026-10-03T21:58:37.826178Z,0.0900,1.00,yes
2026-10-03T21:58:37.826178Z,0.1200,150.00,yes
2026-10-03T21:58:37.826178Z,0.1200,2.00,yes
2026-10-03T21:58:37.826178Z,0.0600,71.00,yes
2026-10-03T21:58:37.826178Z,0.0700,50.00,yes
2026-10-03T21:58:37.826178Z,0.0700,25.00,yes
2026-10-03T21:58:37.826178Z,0.0900,15.00,yes
2026-10-03T21:58:37.826178Z,0.0700,1.00,yes
2026-10-03T21:58:37.826178Z,0.0600,10.39,yes
2026-10-03T21:58:37.826178Z,0.1100,1186.00,yes
2026-10-03T21:58:37.826178Z,0.1200,90.00,yes
2026-10-03T21:58:37.826178Z,0.1100,1070.00,yes
2026-10-03T21:58:37.826178Z,0.0600,599.39,yes
2026-10-03T21:58:37.826178Z,0.0800,1.00,yes
2026-10-03T21:58:37.826178Z,0.0700,1.00,yes
2026-10-03T21:58:37.826178Z,0.0900,493.00,yes
2026-10-03T21:58:37.826178Z,0.1400,268.75,yes
2026-10-03T21:58:37.826178Z,0.0700,2.00,yes
2026-10-03T21:58:37.826178Z,0.0800,68.03,yes
2026-10-03T21:58:37.826178Z,0.1000,15.00,yes
2026-10-03T21:58:37.826178Z,0.0800,10.00,yes
2026-10-03T21:58:37.826178Z,0.0800,1.00,yes
2026-10-03T21:58:37.826178Z,0.1000,1.00,yes
2026-10-03T21:58:37.826178Z,0.1100,1.00,yes
2026-10-03T21:58:37.826178Z,0.1000,1.00,yes
2026-10-03T21:58:37.826178Z,0.1000,23769.71,yes
2026-10-03T21:58:37.858728Z,0.0800,25.00,yes
2026-10-03T21:58:38.046576Z,0.0700,71.00,yes
2026-10-03T21:58:38.507781Z,0.0800,3.00,yes
2026-10-03T21:58:38.507781Z,0.1000,4.00,yes
2026-10-03T21:58:38.507781Z,0.1000,25.40,yes
2026-10-03T21:58:38.507781Z,0.0900,3.00,yes
2026-10-03T21:58:38.507781Z,0.0900,6.00,yes
2026-10-03T21:58:38.507781Z,0.1000,7.00,yes
2026-10-03T21:58:41.367858Z,0.1000,42.70,yes
2026-10-03T21:58:41.367858Z,0.1000,0.01,yes
2026-10-03T21:58:41.373841Z,0.1000,9.40,yes
2026-10-03T21:58:41.600515Z,0.1000,0.01,yes
2026-10-03T21:58:41.600515Z,0.1000,81.00,yes
2026-10-03T21:58:41.600515Z,0.1100,3.00,yes
2026-10-03T21:58:41.600515Z,0.1100,71.00,yes
2026-10-03T21:58:41.600515Z,0.1100,4.00,yes
2026-10-03T21:58:41.600515Z,0.1100,1.00,yes
2026-10-03T21:58:41.600515Z,0.1100,1.00,yes
2026-10-03T21:58:41.840305Z,0.1000,0.01,yes
2026-10-03T21:58:41.840305Z,0.1000,47.02,yes
2026-10-03T21:58:41.916311Z,0.0800,10.00,no
2026-10-03T21:58:41.916311Z,0.0900,11.31,no
2026-10-03T21:58:41.916311Z,0.0900,71.00,no
2026-10-03T21:58:42.088876Z,0.0800,7.84,yes
2026-10-03T21:58:42.110092Z,0.0800,71.00,yes
2026-10-03T21:58:44.837507Z,0.0800,117.43,yes
2026-10-03T21:58:45.690509Z,0.0600,25.00,no
2026-10-03T21:58:45.690509Z,0.0700,1.00,no
2026-10-03T21:58:45.690509Z,0.0600,384.00,no
2026-10-03T21:58:45.690509Z,0.0600,384.00,no
2026-10-03T21:58:45.690509Z,0.0700,942.32,no
2026-10-03T21:58:45.690509Z,0.0600,1017.44,no
2026-10-03T21:58:45.690509Z,0.0700,68.44,no
2026-10-03T21:58:46.627183Z,0.0700,23.48,yes
2026-10-03T21:58:47.018487Z,0.0700,201.18,yes
2026-10-03T21:58:47.632499Z,0.0700,4.96,yes
2026-10-03T21:58:48.297708Z,0.0700,134.12,yes
2026-10-03T21:58:48.447841Z,0.0700,295.07,yes
2026-10-03T21:58:48.808237Z,0.0700,26.82,yes
2026-10-03T21:58:49.950299Z,0.0700,684.04,yes
2026-10-03T21:58:50.030642Z,0.0700,26.82,yes
2026-10-03T21:58:50.060403Z,0.0700,429.20,yes
2026-10-03T21:58:50.105955Z,0.0700,40.23,yes
2026-10-03T21:58:51.062874Z,0.0600,130.69,no
2026-10-03T21:58:51.361815Z,0.0700,5.36,yes
2026-10-03T21:58:51.953279Z,0.0700,67.06,yes
2026-10-03T21:58:52.786372Z,0.0700,72.00,yes
2026-10-03T21:58:53.91201Z,0.0700,5.00,yes
2026-10-03T21:58:54.965615Z,0.0700,13.41,yes
2026-10-03T21:58:55.193113Z,0.0700,67.06,yes
2026-10-03T21:58:55.441141Z,0.0700,80.47,yes
2026-10-03T21:58:56.456218Z,0.0700,888.00,yes
2026-10-03T21:58:56.481817Z,0.0700,19.58,yes
2026-10-03T21:58:57.043154Z,0.0600,58.71,no
2026-10-03T21:58:57.638615Z,0.0700,134.12,yes
2026-10-03T21:58:57.97435Z,0.0700,199.02,yes
2026-10-03T21:58:57.97435Z,0.0700,270.41,yes
2026-10-03T21:58:58.331457Z,0.0700,134.12,yes
2026-10-03T21:59:00.120072Z,0.0700,134.12,yes
2026-10-03T21:59:00.223328Z,0.0700,24.90,yes
2026-10-03T21:59:00.223328Z,0.0700,243.35,yes
2026-10-03T21:59:03.689617Z,0.0700,67.06,yes
2026-10-03T21:59:03.985147Z,0.0700,13.41,yes
2026-10-03T21:59:04.267731Z,0.0700,13.41,yes
2026-10-03T21:59:04.490244Z,0.0700,13.41,yes
2026-10-03T21:59:04.817571Z,0.0700,268.25,yes
2026-10-03T21:59:05.147347Z,0.0700,120.71,yes
2026-10-03T21:59:05.681797Z,0.0600,191.09,no
2026-10-03T21:59:06.79888Z,0.0700,67.06,yes
2026-10-03T21:59:07.125101Z,0.0700,5.36,yes
2026-10-03T21:59:09.180147Z,0.0600,113.45,no
2026-10-03T21:59:09.180147Z,0.0600,2.07,no
2026-10-03T21:59:09.59566Z,0.0700,347.99,yes
2026-10-03T21:59:09.59566Z,0.0700,188.43,yes
2026-10-03T21:59:10.446862Z,0.0600,188.14,no
2026-10-03T21:59:10.707626Z,0.0600,104.11,no
2026-10-03T21:59:10.707626Z,0.0600,83.41,no
2026-10-03T21:59:10.811736Z,0.0600,28.22,no
2026-10-03T21:59:11.633008Z,0.0700,80.47,yes
2026-10-03T21:59:17.278614Z,0.0800,1.00,yes
2026-10-03T21:59:17.278614Z,0.1000,1.00,yes
2026-10-03T21:59:17.278614Z,0.0900,1.00,yes
2026-10-03T21:59:17.278614Z,0.0900,1.00,yes
2026-10-03T21:59:17.278614Z,0.1000,0.01,yes
2026-10-03T21:59:17.278614Z,0.1000,2.00,yes
2026-10-03T21:59:17.278614Z,0.0900,1.00,yes
2026-10-03T21:59:17.278614Z,0.0900,1.00,yes
2026-10-03T21:59:17.278614Z,0.1000,1.00,yes
2026-10-03T21:59:17.278614Z,0.0900,2.00,yes
2026-10-03T21:59:17.278614Z,0.1000,36.72,yes
2026-10-03T21:59:18.163023Z,0.0900,2.00,yes
2026-10-03T21:59:18.163023Z,0.0900,22.21,yes
2026-10-03T21:59:21.866462Z,0.0900,10.44,yes
2026-10-03T21:59:22.394239Z,0.0900,29.35,yes
2026-10-03T21:59:22.394239Z,0.0900,20.00,yes
2026-10-03T21:59:22.394239Z,0.0900,2.87,yes
2026-10-03T21:59:22.420236Z,0.0600,70.10,no
2026-10-03T21:59:22.420236Z,0.0500,90.11,no
2026-10-03T21:59:22.420236Z,0.0600,2.06,no
2026-10-03T21:59:22.420236Z,0.0700,62.00,no
2026-10-03T21:59:22.420236Z,0.0700,150.00,no
2026-10-03T21:59:22.420236Z,0.0600,20.00,no
2026-10-03T21:59:22.420236Z,0.0500,22.93,no
2026-10-03T21:59:22.420236Z,0.0600,12.00,no
2026-10-03T21:59:22.701227Z,0.0900,6.00,yes
2026-10-03T21:59:22.701227Z,0.0900,62.00,yes
2026-10-03T21:59:22.701227Z,0.0900,9.04,yes
2026-10-03T21:59:22.701227Z,0.0800,23.00,yes
2026-10-03T21:59:23.654579Z,0.0500,55.00,no
2026-10-03T21:59:23.654579Z,0.0600,15.00,no
2026-10-03T21:59:23.654579Z,0.0600,55.00,no
2026-10-03T21:59:23.654579Z,0.0700,70.08,no
2026-10-03T21:59:23.654579Z,0.0500,12.00,no
2026-10-03T21:59:23.654579Z,0.0600,10.00,no
2026-10-03T21:59:23.654579Z,0.0500,1.00,no
2026-10-03T21:59:23.654579Z,0.0500,267.00,no
2026-10-03T21:59:23.654579Z,0.0600,80.00,no
2026-10-03T21:59:23.654579Z,0.0700,150.00,no
2026-10-03T21:59:23.654579Z,0.0500,20.00,no
2026-10-03T21:59:23.654579Z,0.0800,62.00,no
2026-10-03T21:59:23.654579Z,0.0600,0.02,no
2026-10-03T21:59:23.991398Z,0.0500,60.00,no
2026-10-03T21:59:26.037753Z,0.0500,46.88,yes
2026-10-03T21:59:26.075673Z,0.0400,71.00,no
2026-10-03T21:59:26.547809Z,0.0400,126.68,no
2026-10-03T21:59:26.591213Z,0.0400,69.32,no
2026-10-03T21:59:26.753522Z,0.0300,227.00,no
2026-10-03T21:59:26.910012Z,0.0400,187.52,yes
2026-10-03T21:59:28.6266Z,0.0400,117.12,yes
2026-10-03T21:59:31.54756Z,0.0400,80.47,yes
2026-10-03T21:59:31.849664Z,0.0300,13.41,no
2026-10-03T21:59:32.106609Z,0.0400,4.57,yes
2026-10-03T21:59:32.106609Z,0.0400,1.28,yes
2026-10-03T21:59:32.751081Z,0.0400,117.12,yes
2026-10-03T21:59:33.029945Z,0.0400,13.41,yes
2026-10-03T21:59:34.117441Z,0.0400,327.19,yes
2026-10-03T21:59:34.117441Z,0.0400,385.09,yes
2026-10-03T21:59:34.117441Z,0.0400,459.00,yes
2026-10-03T21:59:35.330507Z,0.0400,160.34,yes
2026-10-03T21:59:35.330507Z,0.0400,73.91,yes
2026-10-03T21:59:36.187848Z,0.0400,58.56,yes
2026-10-03T21:59:36.790945Z,0.0400,117.12,yes
2026-10-03T21:59:37.529738Z,0.0300,156.06,no
2026-10-03T21:59:38.194889Z,0.0400,117.12,yes
2026-10-03T21:59:38.882587Z,0.0400,228.39,yes
2026-10-03T21:59:38.882587Z,0.0400,5.86,yes
2026-10-03T21:59:38.920028Z,0.0500,428.00,yes
2026-10-03T21:59:38.920028Z,0.0500,381.12,yes
2026-10-03T21:59:38.920028Z,0.0500,428.00,yes
2026-10-03T21:59:38.920028Z,0.0500,428.00,yes
2026-10-03T21:59:38.920028Z,0.0500,59.24,yes
2026-10-03T21:59:38.920028Z,0.0500,428.00,yes
2026-10-03T21:59:38.920028Z,0.0400,10.00,yes
2026-10-03T21:59:38.920028Z,0.0400,29.19,yes
2026-10-03T21:59:38.920028Z,0.0400,1.00,yes
2026-10-03T21:59:38.920028Z,0.0400,459.00,yes
2026-10-03T21:59:38.920028Z,0.0400,230.61,yes
2026-10-03T21:59:38.920028Z,0.0400,459.00,yes
2026-10-03T21:59:38.920028Z,0.0400,569.00,yes
2026-10-03T21:59:40.742005Z,0.0400,70.27,yes
2026-10-03T21:59:41.5329Z,0.0500,150.02,yes
2026-10-03T21:59:41.798472Z,0.0500,18.00,yes
2026-10-03T21:59:43.030817Z,0.0500,187.52,yes
2026-10-03T21:59:43.148288Z,0.0500,13.22,yes
2026-10-03T21:59:43.148288Z,0.0500,20.53,yes
2026-10-03T21:59:45.895674Z,0.0400,9.08,no
2026-10-03T21:59:45.895674Z,0.0400,5.00,no
2026-10-03T21:59:47.920784Z,0.0500,37.50,yes
2026-10-03T21:59:49.034499Z,0.0400,10.83,no
2026-10-03T21:59:49.212995Z,0.0400,56.25,yes
2026-10-03T21:59:49.394604Z,0.0400,4209.14,yes
2026-10-03T21:59:49.432796Z,0.0400,83.16,yes
2026-10-03T21:59:50.674645Z,0.0400,74.49,yes
2026-10-03T21:59:50.897101Z,0.0400,351.38,yes
2026-10-03T21:59:52.15529Z,0.0400,70.27,yes
2026-10-03T21:59:52.582038Z,0.0400,117.12,yes
2026-10-03T21:59:53.141574Z,0.0300,4.53,no
2026-10-03T21:59:53.141574Z,0.0300,20.00,no
2026-10-03T21:59:53.141574Z,0.0300,76.53,no
2026-10-03T21:59:53.141574Z,0.0300,55.00,no
2026-10-03T21:59:53.331723Z,0.0400,23.42,yes
2026-10-03T21:59:54.094929Z,0.0200,99.00,no
2026-10-03T21:59:54.094929Z,0.0200,117.66,no
2026-10-03T21:59:54.094929Z,0.0300,2.20,no
2026-10-03T21:59:54.094929Z,0.0300,355.00,no
2026-10-03T21:59:54.094929Z,0.0300,560.14,no
2026-10-03T21:59:54.094929Z,0.0300,1000.00,no
2026-10-03T21:59:54.094929Z,0.0300,479.00,no
2026-10-03T21:59:54.094929Z,0.0300,1667.00,no
2026-10-03T21:59:54.094929Z,0.0300,347.47,no
2026-10-03T21:59:54.094929Z,0.0300,424.00,no
2026-10-03T21:59:54.094929Z,0.0300,424.00,no
2026-10-03T21:59:54.094929Z,0.0300,424.00,no
2026-10-03T21:59:54.094929Z,0.0200,245.00,no
2026-10-03T21:59:54.299895Z,0.0400,375.05,yes
2026-10-03T21:59:55.259303Z,0.0400,1.00,yes
2026-10-03T21:59:57.19101Z,0.0300,68.90,no
2026-10-03T21:59:57.227477Z,0.0300,100.00,yes
2026-10-03T21:59:57.570422Z,0.0200,18.81,no
2026-10-03T21:59:58.527757Z,0.0300,281.29,yes
2026-10-03T21:59:59.555525Z,0.0300,45.58,yes
2026-10-03T21:59:59.555525Z,0.0300,1.00,yes
2026-10-03T21:59:59.555525Z,0.0300,229.43,yes
2026-10-03T21:59:59.555525Z,0.0300,12.04,yes
2026-10-03T21:59:59.555525Z,0.0300,1.02,yes
2026-10-03T21:59:59.555525Z,0.0300,107.93,yes
2026-10-03T21:59:59.555525Z,0.0300,70.51,yes
2026-10-03T21:59:59.555525Z,0.0300,1.00,yes
2026-10-03T22:00:00.003857Z,0.0300,20.00,yes
2026-10-03T22:00:00.012561Z,0.0200,541.61,no
2026-10-03T22:00:00.012561Z,0.0200,10.00,no
2026-10-03T22:00:00.012561Z,0.0200,34.00,no
2026-10-03T22:00:00.012561Z,0.0200,55.00,no
2026-10-03T22:00:00.012561Z,0.0200,135.00,no
2026-10-03T22:00:00.012561Z,0.0200,70.18,no
2026-10-03T22:00:00.012561Z,0.0100,223.61,no
2026-10-03T22:00:00.167339Z,0.0200,70.15,no
2026-10-03T22:00:00.167339Z,0.0200,233.00,no
2026-10-03T22:00:00.167339Z,0.0200,577.61,no
2026-10-03T22:00:00.185093Z,0.0200,1.00,yes
2026-10-03T22:00:00.326668Z,0.0200,41.00,yes
2026-10-03T22:00:00.328599Z,0.0200,474.24,yes
2026-10-03T22:00:00.328599Z,0.0300,0.76,yes
2026-10-03T22:00:00.877327Z,0.0300,80.39,yes
2026-10-03T22:00:00.988466Z,0.0300,70.15,yes
2026-10-03T22:00:00.988466Z,0.0300,87.25,yes
2026-10-03T22:00:00.988466Z,0.0300,21.85,yes
2026-10-03T22:00:00.988466Z,0.0300,55.00,yes
2026-10-03T22:00:01.116315Z,0.0300,5.00,yes
2026-10-03T22:00:02.249254Z,0.0200,67.37,no
2026-10-03T22:00:04.658554Z,0.0300,62.42,yes
2026-10-03T22:00:04.678418Z,0.0200,3.65,no
2026-10-03T22:00:04.678418Z,0.0200,181.33,no
2026-10-03T22:00:05.762024Z,0.0300,62.42,yes
2026-10-03T22:00:06.127097Z,0.0300,265.83,yes
2026-10-03T22:00:06.127097Z,0.0300,358.44,yes
2026-10-03T22:00:06.843209Z,0.0300,126.41,yes
2026-10-03T22:00:07.049641Z,0.0300,156.06,yes
2026-10-03T22:00:07.252456Z,0.0300,156.06,yes
2026-10-03T22:00:07.386573Z,0.0300,31.21,yes
2026-10-03T22:00:07.699698Z,0.0300,624.27,yes
2026-10-03T22:00:08.041104Z,0.0300,34.49,yes
2026-10-03T22:00:08.041104Z,0.0300,71.02,yes
2026-10-03T22:00:08.041104Z,0.0300,47.55,yes
2026-10-03T22:00:08.041104Z,0.0300,3.00,yes
2026-10-03T22:00:08.846426Z,0.0200,51.67,no
2026-10-03T22:00:08.846426Z,0.0200,0.55,no
2026-10-03T22:00:08.880534Z,0.0300,55.00,yes
2026-10-03T22:00:08.880534Z,0.0300,68.51,yes
2026-10-03T22:00:08.880534Z,0.0300,64.01,yes
2026-10-03T22:00:09.272148Z,0.0300,249.71,yes
2026-10-03T22:00:09.633846Z,0.0300,15.60,yes
2026-10-03T22:00:11.986957Z,0.0200,33.82,no
2026-10-03T22:00:11.986957Z,0.0200,54.45,no
2026-10-03T22:00:11.986957Z,0.0200,21.57,no
2026-10-03T22:00:12.48763Z,0.0200,156.06,no
2026-10-03T22:00:13.205355Z,0.0300,624.27,yes
2026-10-03T22:00:13.903369Z,0.0200,153.06,no
2026-10-03T22:00:14.301267Z,0.0200,134.12,no
2026-10-03T22:00:15.461006Z,0.0300,62.42,yes
2026-10-03T22:00:17.23785Z,0.0200,15.54,no
2026-10-03T22:00:17.23785Z,0.0200,13.20,no
2026-10-03T22:00:20.701412Z,0.0300,31.21,yes
2026-10-03T22:00:21.825742Z,0.0200,128.36,no
2026-10-03T22:00:22.717579Z,0.0200,9.40,no
2026-10-03T22:00:22.951177Z,0.0300,124.85,yes
2026-10-03T22:00:23.026907Z,0.0300,31.00,yes
2026-10-03T22:00:23.941307Z,0.0200,518.02,no
2026-10-03T22:00:23.941307Z,0.0200,155.70,no
2026-10-03T22:00:24.652974Z,0.0200,143.83,no
2026-10-03T22:00:25.528747Z,0.0300,156.06,yes
2026-10-03T22:00:26.272538Z,0.0300,124.85,yes
2026-10-03T22:00:27.296Z,0.0200,166.13,no
2026-10-03T22:00:27.296Z,0.0200,1005.15,no
2026-10-03T22:00:28.61162Z,0.0300,312.13,yes
2026-10-03T22:00:29.4612Z,0.0200,36.25,no
2026-10-03T22:00:29.671763Z,0.0300,62.42,yes
2026-10-03T22:00:29.687644Z,0.0300,312.13,yes
2026-10-03T22:00:30.196522Z,0.0200,104.45,no
2026-10-03T22:00:30.579064Z,0.0300,780.34,yes
2026-10-03T22:00:31.431442Z,0.0300,13.42,yes
2026-10-03T22:00:31.431442Z,0.0300,49.00,yes
2026-10-03T22:00:31.784069Z,0.0200,94.07,no
2026-10-03T22:00:31.983871Z,0.0200,92.39,no
2026-10-03T22:00:33.98084Z,0.0300,312.13,yes
2026-10-03T22:00:34.313573Z,0.0300,156.06,yes
2026-10-03T22:00:34.431483Z,0.0300,905.20,yes
2026-10-03T22:00:37.946395Z,0.0300,300.00,yes
2026-10-03T22:00:38.784098Z,0.0200,33.75,no
2026-10-03T22:00:39.125945Z,0.0200,12.96,no
2026-10-03T22:00:39.125945Z,0.0200,21.40,no
2026-10-03T22:00:39.455914Z,0.0300,31.00,yes
2026-10-03T22:00:39.807354Z,0.0300,31.21,yes
2026-10-03T22:00:40.591535Z,0.0200,52.22,no
2026-10-03T22:00:42.137046Z,0.0300,312.13,yes
2026-10-03T22:00:42.721063Z,0.0200,343.52,no
2026-10-03T22:00:46.405108Z,0.0300,31.00,yes
2026-10-03T22:00:46.697166Z,0.0200,214.55,no
2026-10-03T22:00:46.877569Z,0.0300,312.13,yes
2026-10-03T22:00:47.170984Z,0.0300,7.17,yes
2026-10-03T22:00:47.937372Z,0.0200,11.74,no
2026-10-03T22:00:50.361504Z,0.0300,2.49,yes
2026-10-03T22:00:50.865314Z,0.0200,410.78,no
2026-10-03T22:00:50.865314Z,0.0200,356.57,no
2026-10-03T22:00:52.263942Z,0.0200,284.64,no
2026-10-03T22:00:52.263942Z,0.0200,55.00,no
2026-10-03T22:00:52.263942Z,0.0200,185.00,no
2026-10-03T22:00:52.263942Z,0.0200,540.00,no
2026-10-03T22:00:52.263942Z,0.0200,540.00,no
2026-10-03T22:00:52.263942Z,0.0200,129.22,no
2026-10-03T22:00:52.263942Z,0.0200,320.00,no
2026-10-03T22:00:53.404645Z,0.0200,72.50,no
2026-10-03T22:00:54.876598Z,0.0300,39.21,yes
2026-10-03T22:00:54.876598Z,0.0300,585.06,yes
2026-10-03T22:00:55.06702Z,0.0300,31.00,yes
2026-10-03T22:00:56.027233Z,0.0200,498.56,no
2026-10-03T22:00:56.027233Z,0.0200,546.01,no
2026-10-03T22:00:57.823125Z,0.0300,93.64,yes
2026-10-03T22:00:57.969345Z,0.0300,93.64,yes
2026-10-03T22:00:58.071396Z,0.0300,124.54,yes
2026-10-03T22:00:58.771873Z,0.0300,31.21,yes
2026-10-03T22:00:59.964581Z,0.0300,374.56,yes
2026-10-03T22:01:00.082787Z,0.0300,312.13,yes
2026-10-03T22:01:00.669913Z,0.0200,115.15,no
2026-10-03T22:01:00.669913Z,0.0200,3.44,no
2026-10-03T22:01:02.230461Z,0.0300,62.42,yes
2026-10-03T22:01:02.815353Z,0.0200,20.21,no
2026-10-03T22:01:04.532754Z,0.0300,0.93,yes
2026-10-03T22:01:05.636793Z,0.0300,15.60,yes
2026-10-03T22:01:05.924545Z,0.0200,110.15,no
2026-10-03T22:01:06.46827Z,0.0200,25.54,no
2026-10-03T22:01:07.509569Z,0.0200,42.78,no
2026-10-03T22:01:09.017964Z,0.0300,400.00,yes
2026-10-03T22:01:09.541809Z,0.0200,78.03,no
2026-10-03T22:01:09.732012Z,0.0200,93.88,no
2026-10-03T22:01:10.064106Z,0.0300,17.00,yes
2026-10-03T22:01:10.401513Z,0.0300,1716.76,yes
2026-10-03T22:01:15.753563Z,0.0300,1560.69,yes
2026-10-03T22:01:17.387777Z,0.0300,15.60,yes
2026-10-03T22:01:20.057913Z,0.0200,33.68,no
2026-10-03T22:01:22.995907Z,0.0200,46.85,no
2026-10-03T22:01:23.608953Z,0.0200,94.01,no
2026-10-03T22:01:24.33654Z,0.0300,18.72,yes
2026-10-03T22:01:25.485947Z,0.0200,5.90,no
2026-10-03T22:01:25.927023Z,0.0200,134.74,no
2026-10-03T22:01:29.197161Z,0.0300,156.06,yes
2026-10-03T22:01:32.580339Z,0.0300,15.33,yes
2026-10-03T22:01:35.398041Z,0.0300,156.06,yes
2026-10-03T22:01:39.154859Z,0.0200,5.36,no
2026-10-03T22:01:39.678765Z,0.0200,624.27,no
2026-10-03T22:01:41.607531Z,0.0200,236.00,no
2026-10-03T22:01:41.607531Z,0.0200,10.90,no
2026-10-03T22:01:41.607531Z,0.0200,236.45,no
2026-10-03T22:01:42.035926Z,0.0300,100.19,yes
2026-10-03T22:01:50.146173Z,0.0200,94.45,no
2026-10-03T22:01:50.146173Z,0.0200,236.00,no
2026-10-03T22:01:50.146173Z,0.0200,225.10,no
2026-10-03T22:01:54.279973Z,0.0200,6.73,no
2026-10-03T22:01:56.233079Z,0.0300,249.71,yes
2026-10-03T22:01:57.165071Z,0.0200,371.92,no
2026-10-03T22:01:57.165071Z,0.0200,236.00,no
2026-10-03T22:01:57.165071Z,0.0200,134.82,no
2026-10-03T22:01:57.27668Z,0.0300,62.42,yes
2026-10-03T22:02:01.033841Z,0.0300,62.42,yes
2026-10-03T22:02:01.0418Z,0.0200,132.83,no
2026-10-03T22:02:02.789892Z,0.0300,624.27,yes
2026-10-03T22:02:03.013329Z,0.0200,5.36,no
2026-10-03T22:02:05.947565Z,0.0300,156.06,yes
2026-10-03T22:02:11.737041Z,0.0300,31.21,yes
2026-10-03T22:02:12.10273Z,0.0200,108.12,no
2026-10-03T22:02:12.708857Z,0.0300,31.21,yes
2026-10-03T22:02:12.782663Z,0.0300,11.54,yes
2026-10-03T22:02:13.991076Z,0.0300,99.88,yes
2026-10-03T22:02:14.3305Z,0.0300,27.78,yes
2026-10-03T22:02:17.332968Z,0.0300,24.97,yes
2026-10-03T22:02:21.563332Z,0.0200,134.12,no
2026-10-03T22:02:23.527639Z,0.0300,31.21,yes
2026-10-03T22:02:25.118648Z,0.0300,62.42,yes
2026-10-03T22:02:25.121384Z,0.0300,156.06,yes
2026-10-03T22:02:31.922794Z,0.0300,296.53,yes
2026-10-03T22:02:34.892976Z,0.0300,3.12,yes
2026-10-03T22:02:40.841302Z,0.0200,0.52,no
2026-10-03T22:02:42.248949Z,0.0300,156.06,yes
2026-10-03T22:02:51.950424Z,0.0200,42.13,no
2026-10-03T22:02:51.950424Z,0.0200,10.79,no
2026-10-03T22:02:52.312Z,0.0200,31.21,no
2026-10-03T22:02:57.100845Z,0.0300,312.13,yes
2026-10-03T22:02:57.547788Z,0.0300,62.42,yes
2026-10-03T22:03:01.435485Z,0.0300,312.13,yes
2026-10-03T22:03:02.347442Z,0.0300,500.00,yes
2026-10-03T22:03:04.449589Z,0.0300,176.43,yes
2026-10-03T22:03:04.449589Z,0.0300,527.96,yes
2026-10-03T22:03:04.449589Z,0.0300,152.00,yes
2026-10-03T22:03:04.449589Z,0.0300,1.00,yes
2026-10-03T22:03:04.449589Z,0.0300,391.16,yes
2026-10-03T22:03:08.625463Z,0.0300,62.42,yes
2026-10-03T22:03:12.403311Z,0.0300,385.00,yes
2026-10-03T22:03:15.584998Z,0.0200,53.96,no
2026-10-03T22:03:16.291331Z,0.0200,134.74,no
2026-10-03T22:03:19.689498Z,0.0300,1.00,yes
2026-10-03T22:03:21.435216Z,0.0300,780.34,yes
2026-10-03T22:03:21.821877Z,0.0200,578.12,no
2026-10-03T22:03:28.168757Z,0.0300,11.00,yes
2026-10-03T22:03:28.168757Z,0.0300,20.21,yes
2026-10-03T22:03:28.988578Z,0.0300,31.21,yes
2026-10-03T22:03:30.785347Z,0.0200,33.68,no
2026-10-03T22:03:33.42575Z,0.0200,13.47,no
2026-10-03T22:03:38.260757Z,0.0200,928.56,no
2026-10-03T22:03:38.260757Z,0.0200,7.85,no
2026-10-03T22:03:38.260757Z,0.0200,71.66,no
2026-10-03T22:03:41.575609Z,0.0300,937.04,yes
2026-10-03T22:03:45.94608Z,0.0300,62.42,yes
2026-10-03T22:03:46.20206Z,0.0300,77.41,yes
2026-10-03T22:03:46.547951Z,0.0200,247.58,no
2026-10-03T22:03:46.547951Z,0.0200,22.53,no
2026-10-03T22:03:48.176224Z,0.0200,67.37,no
2026-10-03T22:03:49.314858Z,0.0200,174.05,no
2026-10-03T22:03:49.314858Z,0.0200,7.91,no
2026-10-03T22:03:51.596887Z,0.0300,31.21,yes
2026-10-03T22:03:53.091005Z,0.0300,93.64,yes
2026-10-03T22:03:54.682673Z,0.0200,67.37,no
2026-10-03T22:03:59.796613Z,0.0300,15.60,yes
2026-10-03T22:03:59.893011Z,0.0300,15.60,yes
2026-10-03T22:04:02.494958Z,0.0200,29.35,no
2026-10-03T22:04:03.625467Z,0.0300,780.34,yes
2026-10-03T22:04:05.378618Z,0.0300,31.21,yes
2026-10-03T22:04:05.727058Z,0.0300,0.62,yes
2026-10-03T22:04:09.233565Z,0.0300,23.72,yes
2026-10-03T22:04:10.285027Z,0.0300,60.00,yes
2026-10-03T22:04:10.807668Z,0.0200,927.65,no
2026-10-03T22:04:10.807668Z,0.0200,25.65,no
2026-10-03T22:04:10.807668Z,0.0200,72.09,no
2026-10-03T22:04:15.940435Z,0.0200,20.89,no
2026-10-03T22:04:19.058515Z,0.0300,60.00,yes
2026-10-03T22:04:19.277639Z,0.0300,312.13,yes
2026-10-03T22:04:20.916402Z,0.0300,312.13,yes
2026-10-03T22:04:31.868924Z,0.0300,31.21,yes
2026-10-03T22:04:34.604091Z,0.0300,312.13,yes
2026-10-03T22:04:38.69868Z,0.0300,624.27,yes
2026-10-03T22:04:39.43554Z,0.0200,7.92,no
2026-10-03T22:04:43.585215Z,0.0300,31.21,yes
2026-10-03T22:04:43.90125Z,0.0300,156.06,yes
2026-10-03T22:04:49.580826Z,0.0300,100.00,yes
2026-10-03T22:04:49.793957Z,0.0300,74.80,yes
2026-10-03T22:04:49.884202Z,0.0200,29.00,no
2026-10-03T22:04:51.163434Z,0.0300,31.21,yes
2026-10-03T22:04:57.379046Z,0.0200,26.00,no
2026-10-03T22:04:57.379046Z,0.0200,68.07,no
2026-10-03T22:05:02.245676Z,0.0300,624.27,yes
2026-10-03T22:05:02.752969Z,0.0300,124.85,yes
2026-10-03T22:05:02.779553Z,0.0300,156.06,yes
2026-10-03T22:05:05.1839Z,0.0300,312.13,yes
2026-10-03T22:05:07.429511Z,0.0300,28.09,yes
2026-10-03T22:05:07.577236Z,0.0300,156.06,yes
2026-10-03T22:05:08.037754Z,0.0300,312.13,yes
2026-10-03T22:05:11.430115Z,0.0300,3.74,yes
2026-10-03T22:05:19.216195Z,0.0200,918.84,no
2026-10-03T22:05:19.216195Z,0.0200,3.07,no
2026-10-03T22:05:19.895314Z,0.0300,31.21,yes
2026-10-03T22:05:22.44444Z,0.0300,187.28,yes
2026-10-03T22:05:22.56778Z,0.0300,312.13,yes
2026-10-03T22:05:28.725271Z,0.0300,468.20,yes
2026-10-03T22:05:34.68437Z,0.0200,33.68,no
2026-10-03T22:05:35.601041Z,0.0300,156.06,yes
2026-10-03T22:05:35.704264Z,0.0300,30.00,yes
2026-10-03T22:05:39.048508Z,0.0200,8.25,no
2026-10-03T22:05:39.048508Z,0.0200,71.48,no
2026-10-03T22:05:39.048508Z,0.0200,21.32,no
2026-10-03T22:05:39.27933Z,0.0200,75.25,no
2026-10-03T22:05:39.587886Z,0.0300,156.38,yes
2026-10-03T22:05:40.363746Z,0.0300,124.85,yes
2026-10-03T22:05:41.172191Z,0.0300,93.64,yes
2026-10-03T22:05:41.197449Z,0.0300,59.80,yes
2026-10-03T22:05:41.352098Z,0.0300,312.13,yes
2026-10-03T22:05:41.437869Z,0.0300,31.21,yes
2026-10-03T22:05:46.222669Z,0.0300,15.60,yes
2026-10-03T22:05:47.155194Z,0.0200,5.05,no
2026-10-03T22:05:47.391671Z,0.0300,312.13,yes
2026-10-03T22:05:48.032409Z,0.0300,639.26,yes
2026-10-03T22:05:54.039038Z,0.0200,100.00,no
2026-10-03T22:05:58.492008Z,0.0200,27.24,no
2026-10-03T22:06:00.281076Z,0.0300,156.06,yes
2026-10-03T22:06:04.725138Z,0.0300,205.38,yes
2026-10-03T22:06:04.971903Z,0.0300,156.06,yes
2026-10-03T22:06:08.692899Z,0.0300,312.13,yes
2026-10-03T22:06:10.87453Z,0.0300,156.06,yes
2026-10-03T22:06:12.299164Z,0.0300,78.03,yes
2026-10-03T22:06:16.468072Z,0.0300,62.69,yes
2026-10-03T22:06:16.468072Z,0.0300,93.37,yes
2026-10-03T22:06:16.988169Z,0.0200,46.97,no
2026-10-03T22:06:26.285943Z,0.0300,15.60,yes
2026-10-03T22:06:27.496149Z,0.0300,24.03,yes
2026-10-03T22:06:29.902542Z,0.0300,31.21,yes
2026-10-03T22:06:34.572489Z,0.0300,156.06,yes
2026-10-03T22:06:36.04309Z,0.0300,1092.48,yes
2026-10-03T22:06:36.1265Z,0.0300,31.21,yes
2026-10-03T22:06:37.739332Z,0.0300,624.27,yes
2026-10-03T22:06:37.827972Z,0.0300,8.11,yes
2026-10-03T22:06:39.319358Z,0.0300,6.24,yes
2026-10-03T22:06:41.277089Z,0.0200,43.76,no
2026-10-03T22:06:41.277089Z,0.0200,24.16,no
2026-10-03T22:06:43.456589Z,0.0300,312.13,yes
2026-10-03T22:06:43.678051Z,0.0300,156.06,yes
2026-10-03T22:06:44.999316Z,0.0200,11.24,no
2026-10-03T22:06:44.999316Z,0.0200,170.66,no
2026-10-03T22:06:45.234604Z,0.0300,31.21,yes
2026-10-03T22:06:45.873516Z,0.0300,156.06,yes
2026-10-03T22:06:46.97404Z,0.0300,9.36,yes
2026-10-03T22:06:47.929831Z,0.0300,0.31,yes
2026-10-03T22:06:49.686559Z,0.0300,624.27,yes
2026-10-03T22:06:50.413101Z,0.0300,62.42,yes
2026-10-03T22:06:51.563815Z,0.0300,312.13,yes
2026-10-03T22:06:52.095535Z,0.0200,33.17,no
2026-10-03T22:06:52.095535Z,0.0200,72.40,no
2026-10-03T22:06:52.095535Z,0.0200,25.00,no
2026-10-03T22:06:53.952041Z,0.0200,1.59,no
2026-10-03T22:06:53.952041Z,0.0200,21.83,no
2026-10-03T22:06:56.926748Z,0.0300,14.35,yes
2026-10-03T22:06:57.278171Z,0.0200,5.90,no
2026-10-03T22:06:57.713057Z,0.0300,31.21,yes
2026-10-03T22:07:02.869041Z,0.0300,156.06,yes
2026-10-03T22:07:03.289205Z,0.0200,64.91,no
2026-10-03T22:07:03.289205Z,0.0200,2.15,no
2026-10-03T22:07:08.345756Z,0.0300,31.21,yes
2026-10-03T22:07:10.905984Z,0.0300,31.21,yes
2026-10-03T22:07:16.381664Z,0.0300,1.56,yes
2026-10-03T22:07:16.53835Z,0.0300,156.06,yes
2026-10-03T22:07:19.518127Z,0.0200,70.14,no
2026-10-03T22:07:19.518127Z,0.0200,47.29,no
2026-10-03T22:07:21.931147Z,0.0300,31.21,yes
2026-10-03T22:07:28.843784Z,0.0200,80.82,no
2026-10-03T22:07:29.30026Z,0.0300,1.64,yes
2026-10-03T22:07:29.30026Z,0.0300,1.50,yes
2026-10-03T22:07:29.30026Z,0.0300,1.00,yes
2026-10-03T22:07:29.30026Z,0.0300,1.10,yes
2026-10-03T22:07:29.30026Z,0.0300,1.14,yes
2026-10-03T22:07:29.30026Z,0.0300,1.10,yes
2026-10-03T22:07:29.30026Z,0.0300,55.00,yes
2026-10-03T22:07:29.30026Z,0.0300,1.21,yes
2026-10-03T22:07:29.30026Z,0.0300,1.05,yes
2026-10-03T22:07:29.30026Z,0.0300,1.19,yes
2026-10-03T22:07:29.30026Z,0.0300,1.68,yes
2026-10-03T22:07:29.30026Z,0.0300,1.45,yes
2026-10-03T22:07:29.30026Z,0.0300,1.05,yes
2026-10-03T22:07:29.30026Z,0.0300,1.30,yes
2026-10-03T22:07:29.30026Z,0.0300,1.18,yes
2026-10-03T22:07:29.30026Z,0.0300,1.50,yes
2026-10-03T22:07:29.30026Z,0.0300,1.47,yes
2026-10-03T22:07:29.30026Z,0.0300,1.13,yes
2026-10-03T22:07:29.30026Z,0.0300,72.40,yes
2026-10-03T22:07:29.30026Z,0.0300,1.12,yes
2026-10-03T22:07:29.30026Z,0.0300,1.01,yes
2026-10-03T22:07:29.30026Z,0.0300,1.47,yes
2026-10-03T22:07:29.30026Z,0.0300,103.00,yes
2026-10-03T22:07:29.30026Z,0.0300,1.23,yes
2026-10-03T22:07:29.30026Z,0.0300,996.83,yes
2026-10-03T22:07:29.30026Z,0.0300,276.53,yes
2026-10-03T22:07:29.30026Z,0.0300,1.23,yes
2026-10-03T22:07:29.30026Z,0.0300,1.05,yes
2026-10-03T22:07:29.30026Z,0.0300,2.00,yes
2026-10-03T22:07:29.30026Z,0.0300,1.06,yes
2026-10-03T22:07:29.30026Z,0.0300,1.60,yes
2026-10-03T22:07:29.30026Z,0.0300,1.12,yes
2026-10-03T22:07:29.30026Z,0.0300,1.29,yes
2026-10-03T22:07:29.30026Z,0.0300,1.21,yes
2026-10-03T22:07:29.30026Z,0.0300,1.61,yes
2026-10-03T22:07:29.30026Z,0.0300,1.23,yes
2026-10-03T22:07:29.30026Z,0.0300,1.78,yes
2026-10-03T22:07:29.30026Z,0.0300,1.83,yes
2026-10-03T22:07:29.30026Z,0.0300,1.62,yes
2026-10-03T22:07:29.30026Z,0.0300,71.00,yes
2026-10-03T22:07:29.30026Z,0.0300,1.50,yes
2026-10-03T22:07:29.30026Z,0.0300,1.15,yes
2026-10-03T22:07:29.30026Z,0.0300,1.10,yes
2026-10-03T22:07:29.30026Z,0.0300,1.15,yes
2026-10-03T22:07:29.30026Z,0.0300,1.00,yes
2026-10-03T22:07:29.30026Z,0.0300,800.60,yes
2026-10-03T22:07:29.30026Z,0.0300,200.00,yes
2026-10-03T22:07:29.30026Z,0.0300,1.22,yes
2026-10-03T22:07:29.30026Z,0.0300,1.48,yes
2026-10-03T22:07:29.30026Z,0.0300,1.58,yes
2026-10-03T22:07:29.30026Z,0.0300,1.12,yes
2026-10-03T22:07:29.30026Z,0.0300,1.08,yes
2026-10-03T22:07:29.30026Z,0.0300,1.34,yes
2026-10-03T22:07:29.30026Z,0.0300,1.32,yes
2026-10-03T22:07:29.30026Z,0.0300,1.43,yes
2026-10-03T22:07:29.30026Z,0.0300,1.33,yes
2026-10-03T22:07:29.30026Z,0.0300,1.02,yes
2026-10-03T22:07:29.30026Z,0.0300,1.08,yes
2026-10-03T22:07:29.30026Z,0.0300,1.17,yes
2026-10-03T22:07:29.30026Z,0.0300,1.08,yes
2026-10-03T22:07:29.30026Z,0.0300,1.58,yes
2026-10-03T22:07:29.30026Z,0.0300,1.16,yes
2026-10-03T22:07:29.30026Z,0.0300,1.18,yes
2026-10-03T22:07:29.30026Z,0.0300,1.07,yes
2026-10-03T22:07:29.30026Z,0.0300,1.65,yes
2026-10-03T22:07:29.30026Z,0.0300,1.02,yes
2026-10-03T22:07:29.30026Z,0.0300,1.07,yes
2026-10-03T22:07:29.30026Z,0.0300,1.52,yes
2026-10-03T22:07:29.30026Z,0.0300,1.12,yes
2026-10-03T22:07:29.30026Z,0.0300,1.29,yes
2026-10-03T22:07:29.30026Z,0.0300,1.26,yes
2026-10-03T22:07:29.30026Z,0.0300,1.14,yes
2026-10-03T22:07:29.30026Z,0.0300,1.20,yes
2026-10-03T22:07:29.30026Z,0.0300,1.31,yes
2026-10-03T22:07:29.30026Z,0.0300,1.45,yes
2026-10-03T22:07:29.30026Z,0.0300,1.08,yes
2026-10-03T22:07:29.30026Z,0.0300,1.10,yes
2026-10-03T22:07:29.30026Z,0.0300,1.32,yes
2026-10-03T22:07:29.30026Z,0.0300,1.19,yes
2026-10-03T22:07:29.30026Z,0.0300,1.92,yes
2026-10-03T22:07:29.30026Z,0.0300,1.63,yes
2026-10-03T22:07:29.30026Z,0.0300,269.00,yes
2026-10-03T22:07:29.30026Z,0.0300,1.28,yes
2026-10-03T22:07:29.30026Z,0.0300,1.76,yes
2026-10-03T22:07:29.30026Z,0.0300,117.00,yes
2026-10-03T22:07:37.055321Z,0.0300,31.21,yes
2026-10-03T22:07:39.707599Z,0.0200,55.00,no
2026-10-03T22:07:39.707599Z,0.0200,70.44,no
2026-10-03T22:07:39.707599Z,0.0200,71.00,no
2026-10-03T22:07:39.707599Z,0.0100,126.41,no
2026-10-03T22:07:39.734822Z,0.0200,69.92,no
2026-10-03T22:07:40.405185Z,0.0100,40.23,no
2026-10-03T22:07:45.372741Z,0.0100,2.00,no
2026-10-03T22:07:45.372741Z,0.0100,22.55,no
2026-10-03T22:07:45.372741Z,0.0100,436.15,no
2026-10-03T22:07:45.948836Z,0.0100,265.40,no
2026-10-03T22:07:45.948836Z,0.0100,77.45,no
2026-10-03T22:07:48.24257Z,0.0200,46.79,yes
2026-10-03T22:07:49.934135Z,0.0100,55.59,no
2026-10-03T22:07:55.870118Z,0.0100,69.01,no
2026-10-03T22:07:55.870118Z,0.0100,25.00,no
2026-10-03T22:07:55.870118Z,0.0100,30.84,no
2026-10-03T22:07:57.336328Z,0.0100,53.65,no
2026-10-03T22:08:01.959047Z,0.0200,9.29,yes
2026-10-03T22:08:01.959047Z,0.0200,6.80,yes
2026-10-03T22:08:01.959047Z,0.0200,451.81,yes
2026-10-03T22:08:04.648447Z,0.0200,93.58,yes
2026-10-03T22:08:06.078466Z,0.0200,435.61,yes
2026-10-03T22:08:06.078466Z,0.0200,251.94,yes
2026-10-03T22:08:06.078466Z,0.0200,230.00,yes
2026-10-03T22:08:06.24519Z,0.0200,1.43,yes
2026-10-03T22:08:06.24519Z,0.0200,1.36,yes
2026-10-03T22:08:06.24519Z,0.0200,2.30,yes
2026-10-03T22:08:06.24519Z,0.0200,1.09,yes
2026-10-03T22:08:06.24519Z,0.0200,2.12,yes
2026-10-03T22:08:06.24519Z,0.0200,1.62,yes
2026-10-03T22:08:06.24519Z,0.0200,1.25,yes
2026-10-03T22:08:06.24519Z,0.0200,2.21,yes
2026-10-03T22:08:06.24519Z,0.0200,220.57,yes
2026-10-03T22:08:07.311691Z,0.0200,4.67,yes
2026-10-03T22:08:10.021794Z,0.0200,93.58,yes
2026-10-03T22:08:10.307528Z,0.0100,3.24,no
2026-10-03T22:08:10.307528Z,0.0100,15.51,no
2026-10-03T22:08:11.91297Z,0.0100,51.76,no
2026-10-03T22:08:11.91297Z,0.0100,42.31,no
2026-10-03T22:08:12.726845Z,0.0100,535.69,no
2026-10-03T22:08:12.726845Z,0.0100,93.53,no
2026-10-03T22:08:13.955729Z,0.0100,70.27,no
2026-10-03T22:08:22.744143Z,0.0200,233.95,yes
2026-10-03T22:08:25.796167Z,0.0100,69.20,no
2026-10-03T22:08:25.796167Z,0.0100,474.00,no
2026-10-03T22:08:25.796167Z,0.0100,71.00,no
2026-10-03T22:08:25.796167Z,0.0100,42.00,no
2026-10-03T22:08:25.796167Z,0.0100,71.26,no
2026-10-03T22:08:39.060144Z,0.0100,229.78,no
2026-10-03T22:08:40.12443Z,0.0100,10.96,no
2026-10-03T22:08:40.12443Z,0.0100,29.00,no
2026-10-03T22:08:41.788265Z,0.0100,13.47,no
2026-10-03T22:08:44.449194Z,0.0100,34.97,no
2026-10-03T22:08:44.449194Z,0.0100,27.45,no
2026-10-03T22:08:44.616977Z,0.0200,202.67,yes
2026-10-03T22:08:44.616977Z,0.0200,265.23,yes
2026-10-03T22:08:46.052804Z,0.0200,187.16,yes
2026-10-03T22:08:49.657083Z,0.0200,1.40,yes
2026-10-03T22:08:49.657083Z,0.0200,1.98,yes
2026-10-03T22:08:49.657083Z,0.0200,87.17,yes
2026-10-03T22:08:49.657083Z,0.0200,1.94,yes
2026-10-03T22:08:49.657083Z,0.0200,2.13,yes
2026-10-03T22:08:49.657083Z,0.0200,265.40,yes
2026-10-03T22:08:49.657083Z,0.0200,2.03,yes
2026-10-03T22:08:49.657083Z,0.0200,2.22,yes
2026-10-03T22:08:49.657083Z,0.0200,0.01,yes
2026-10-03T22:08:49.657083Z,0.0200,1.55,yes
2026-10-03T22:08:49.657083Z,0.0200,55.59,yes
2026-10-03T22:08:49.657083Z,0.0200,1.39,yes
2026-10-03T22:08:49.657083Z,0.0200,45.09,yes
2026-10-03T22:08:51.744173Z,0.0100,12.00,no
2026-10-03T22:08:51.744173Z,0.0100,70.26,no
2026-10-03T22:08:51.744173Z,0.0100,126.00,no
2026-10-03T22:08:51.744173Z,0.0100,117.07,no
2026-10-03T22:08:51.744173Z,0.0100,47.00,no
2026-10-03T22:08:51.744173Z,0.0100,9.00,no
2026-10-03T22:08:51.744173Z,0.0100,55.00,no
2026-10-03T22:08:51.744173Z,0.0100,34.03,no
2026-10-03T22:08:53.660988Z,0.0100,43.04,no
2026-10-03T22:08:54.003383Z,0.0100,343.00,no
2026-10-03T22:08:54.003383Z,0.0100,182.89,no
2026-10-03T22:08:54.003383Z,0.0100,35.95,no
2026-10-03T22:09:02.549285Z,0.0100,71.78,no
2026-10-03T22:09:02.549285Z,0.0100,57.09,no
2026-10-03T22:09:02.549285Z,0.0100,918.62,no
2026-10-03T22:09:02.549285Z,0.0100,307.05,no
2026-10-03T22:09:02.549285Z,0.0100,343.00,no
2026-10-03T22:09:06.862058Z,0.0100,67.36,no
2026-10-03T22:09:12.219357Z,0.0200,1.49,yes
2026-10-03T22:09:12.219357Z,0.0200,1.46,yes
2026-10-03T22:09:12.219357Z,0.0200,14.75,yes
2026-10-03T22:09:12.219357Z,0.0200,1.76,yes
2026-10-03T22:09:12.219357Z,0.0200,1.67,yes
2026-10-03T22:09:12.219357Z,0.0200,0.88,yes
2026-10-03T22:09:12.219357Z,0.0200,23.92,yes
2026-10-03T22:09:12.219357Z,0.0200,0.86,yes
2026-10-03T22:09:14.500777Z,0.0100,171.93,no
2026-10-03T22:09:14.500777Z,0.0100,78.55,no
2026-10-03T22:09:15.444486Z,0.0200,187.16,yes
2026-10-03T22:09:16.640598Z,0.0100,325.81,no
2026-10-03T22:09:16.640598Z,0.0100,15.07,no
2026-10-03T22:09:16.640598Z,0.0100,87.00,no
2026-10-03T22:09:19.754744Z,0.0100,18.81,no
2026-10-03T22:09:24.594401Z,0.0200,46.79,yes
2026-10-03T22:09:30.38581Z,0.0100,74.17,no
2026-10-03T22:09:30.38581Z,0.0100,12.00,no
2026-10-03T22:09:30.38581Z,0.0100,900.39,no
2026-10-03T22:09:30.38581Z,0.0100,534.00,no
2026-10-03T22:09:30.38581Z,0.0100,15.00,no
2026-10-03T22:09:30.38581Z,0.0100,476.81,no
2026-10-03T22:09:30.38581Z,0.0100,166.38,no
2026-10-03T22:09:30.38581Z,0.0100,55.00,no
2026-10-03T22:09:31.724935Z,0.0200,62.69,yes
2026-10-03T22:09:31.950035Z,0.0100,18.81,no
2026-10-03T22:09:34.88762Z,0.0200,46.79,yes
2026-10-03T22:09:40.904987Z,0.0100,20.96,no
2026-10-03T22:09:40.904987Z,0.0100,534.00,no
2026-10-03T22:09:40.904987Z,0.0100,38.38,no
2026-10-03T22:09:40.904987Z,0.0100,187.00,no
2026-10-03T22:09:41.581286Z,0.0100,26.04,no
2026-10-03T22:09:41.581286Z,0.0100,37.92,no
2026-10-03T22:09:46.083717Z,0.0100,34.30,no
2026-10-03T22:09:46.083717Z,0.0100,34.95,no
2026-10-03T22:09:46.083717Z,0.0100,47.00,no
2026-10-03T22:09:46.083717Z,0.0100,63.00,no
2026-10-03T22:09:46.083717Z,0.0100,55.00,no
2026-10-03T22:09:46.773653Z,0.0200,70.18,yes
2026-10-03T22:09:52.714677Z,0.0100,156.06,no
2026-10-03T22:09:56.794914Z,0.0100,124.85,no
2026-10-03T22:09:59.735897Z,0.0100,118.56,no
2026-10-03T22:09:59.774842Z,0.0200,1.93,yes
2026-10-03T22:09:59.774842Z,0.0200,1.80,yes
2026-10-03T22:09:59.774842Z,0.0200,1.09,yes
2026-10-03T22:09:59.774842Z,0.0200,25.00,yes
2026-10-03T22:09:59.774842Z,0.0200,50.94,yes
2026-10-03T22:09:59.774842Z,0.0200,1.70,yes
2026-10-03T22:09:59.774842Z,0.0200,1.85,yes
2026-10-03T22:09:59.774842Z,0.0200,149.64,yes
2026-10-03T22:10:01.896274Z,0.0100,295.14,no
2026-10-03T22:10:03.316506Z,0.0100,185.16,no
2026-10-03T22:10:03.316506Z,0.0100,238.17,no
2026-10-03T22:10:08.857305Z,0.0100,355.84,no
2026-10-03T22:10:08.857305Z,0.0100,284.20,no
2026-10-03T22:10:10.667902Z,0.0100,187.52,no
2026-10-03T22:10:13.492576Z,0.0100,36.25,no
2026-10-03T22:10:15.925569Z,0.0200,46.79,yes
2026-10-03T22:10:16.473429Z,0.0200,93.58,yes
2026-10-03T22:10:26.196129Z,0.0200,51.89,yes
2026-10-03T22:10:26.196129Z,0.0200,41.69,yes
2026-10-03T22:10:35.61758Z,0.0100,33.03,no
2026-10-03T22:10:35.61758Z,0.0100,294.36,no
2026-10-03T22:10:35.61758Z,0.0100,74.15,no
2026-10-03T22:10:35.61758Z,0.0100,70.00,no
2026-10-03T22:10:41.306143Z,0.0100,15.29,no
2026-10-03T22:10:46.621025Z,0.0100,231.35,no
2026-10-03T22:10:46.621025Z,0.0100,541.00,no
2026-10-03T22:10:46.621025Z,0.0100,55.00,no
2026-10-03T22:10:46.621025Z,0.0100,17.22,no
2026-10-03T22:10:46.621025Z,0.0100,149.00,no
2026-10-03T22:10:46.621025Z,0.0100,51.00,no
2026-10-03T22:10:49.418596Z,0.0100,31.54,no
2026-10-03T22:10:49.418596Z,0.0100,7.78,no
2026-10-03T22:10:52.626726Z,0.0200,54.00,yes
2026-10-03T22:11:01.846146Z,0.0200,187.16,yes
2026-10-03T22:11:03.477848Z,0.0100,124.54,no
2026-10-03T22:11:04.795766Z,0.0200,46.79,yes
2026-10-03T22:11:08.709994Z,0.0100,42.78,no
2026-10-03T22:11:18.831322Z,0.0100,78.06,no
2026-10-03T22:11:27.230692Z,0.0100,55.52,no
2026-10-03T22:11:27.230692Z,0.0100,47.00,no
2026-10-03T22:11:28.698417Z,0.0200,60.00,yes
2026-10-03T22:11:28.747797Z,0.0200,1.00,yes
2026-10-03T22:11:29.172033Z,0.0100,4.27,no
2026-10-03T22:11:31.912433Z,0.0200,56.14,yes
2026-10-03T22:11:32.795547Z,0.0100,31.21,no
2026-10-03T22:11:39.859389Z,0.0200,93.58,yes
2026-10-03T22:11:45.914814Z,0.0200,1.01,yes
2026-10-03T22:11:45.914814Z,0.0200,1.79,yes
2026-10-03T22:11:45.914814Z,0.0200,36.44,yes
2026-10-03T22:11:45.914814Z,0.0200,1.91,yes
2026-10-03T22:11:45.914814Z,0.0200,17.79,yes
2026-10-03T22:11:45.914814Z,0.0200,1.06,yes
2026-10-03T22:11:48.954345Z,0.0200,60.00,yes
2026-10-03T22:11:49.931665Z,0.0100,41.00,no
2026-10-03T22:11:49.931665Z,0.0100,24.54,no
2026-10-03T22:11:49.931665Z,0.0100,3.00,no
2026-10-03T22:11:51.041783Z,0.0100,14.08,no
2026-10-03T22:11:55.003106Z,0.0100,6.73,no
2026-10-03T22:11:58.261132Z,0.0200,46.79,yes
2026-10-03T22:12:04.873844Z,0.0100,49.15,no
2026-10-03T22:12:04.873844Z,0.0100,6.65,no
2026-10-03T22:12:06.856117Z,0.0200,46.79,yes
2026-10-03T22:12:10.966187Z,0.0100,56.00,no
2026-10-03T22:12:10.966187Z,0.0100,87.66,no
2026-10-03T22:12:10.966187Z,0.0100,188.00,no
2026-10-03T22:12:10.966187Z,0.0100,46.00,no
2026-10-03T22:12:10.966187Z,0.0100,61.00,no
2026-10-03T22:12:10.966187Z,0.0100,28.38,no
2026-10-03T22:12:10.966187Z,0.0100,54.00,no
2026-10-03T22:12:23.680749Z,0.0200,233.95,yes
2026-10-03T22:12:23.710197Z,0.0100,36.00,no
2026-10-03T22:12:23.710197Z,0.0100,6.34,no
2026-10-03T22:12:23.710197Z,0.0100,18.80,no
2026-10-03T22:12:23.721381Z,0.0200,467.90,yes
2026-10-03T22:12:25.491523Z,0.0200,46.79,yes
2026-10-03T22:12:28.22027Z,0.0200,63.52,yes
2026-10-03T22:12:28.22027Z,0.0200,1.74,yes
2026-10-03T22:12:28.22027Z,0.0200,1.18,yes
2026-10-03T22:12:28.22027Z,0.0200,1.23,yes
2026-10-03T22:12:28.22027Z,0.0200,2.27,yes
2026-10-03T22:12:28.22027Z,0.0200,249.00,yes
2026-10-03T22:12:28.22027Z,0.0200,2.27,yes
2026-10-03T22:12:28.22027Z,0.0200,2.26,yes
2026-10-03T22:12:28.22027Z,0.0200,2.26,yes
2026-10-03T22:12:28.22027Z,0.0200,2.26,yes
2026-10-03T22:12:28.22027Z,0.0200,2.26,yes
2026-10-03T22:12:28.22027Z,0.0200,2.25,yes
2026-10-03T22:12:28.22027Z,0.0200,2.23,yes
2026-10-03T22:12:28.22027Z,0.0200,2.25,yes
2026-10-03T22:12:28.22027Z,0.0200,1.25,yes
2026-10-03T22:12:28.22027Z,0.0200,1.51,yes
2026-10-03T22:12:28.22027Z,0.0200,2.21,yes
2026-10-03T22:12:28.22027Z,0.0200,1.99,yes
2026-10-03T22:12:28.22027Z,0.0200,2.09,yes
2026-10-03T22:12:28.22027Z,0.0200,2.09,yes
2026-10-03T22:12:28.22027Z,0.0200,2.19,yes
2026-10-03T22:12:28.22027Z,0.0200,1.81,yes
2026-10-03T22:12:28.22027Z,0.0200,2.16,yes
2026-10-03T22:12:28.22027Z,0.0200,1.53,yes
2026-10-03T22:12:28.22027Z,0.0200,1.93,yes
2026-10-03T22:12:28.22027Z,0.0200,1.60,yes
2026-10-03T22:12:28.22027Z,0.0200,1.79,yes
2026-10-03T22:12:28.22027Z,0.0200,1.33,yes
2026-10-03T22:12:28.22027Z,0.0200,1.58,yes
2026-10-03T22:12:28.22027Z,0.0200,2.09,yes
2026-10-03T22:12:28.22027Z,0.0200,2.03,yes
2026-10-03T22:12:28.22027Z,0.0200,1.03,yes
2026-10-03T22:12:28.22027Z,0.0200,79.99,yes
2026-10-03T22:12:33.536146Z,0.0200,37.43,yes
2026-10-03T22:12:35.577433Z,0.0200,23.39,yes
2026-10-03T22:12:36.861951Z,0.0100,7.77,no
2026-10-03T22:12:43.190784Z,0.0200,3.27,yes
2026-10-03T22:12:44.982741Z,0.0200,23.39,yes
2026-10-03T22:12:50.591926Z,0.0200,1.60,yes
2026-10-03T22:12:50.591926Z,0.0200,1.84,yes
2026-10-03T22:12:50.591926Z,0.0200,1.29,yes
2026-10-03T22:12:50.591926Z,0.0200,1.01,yes
2026-10-03T22:12:50.591926Z,0.0200,1.16,yes
2026-10-03T22:12:50.591926Z,0.0200,1.25,yes
2026-10-03T22:12:50.591926Z,0.0200,100.00,yes
2026-10-03T22:12:50.591926Z,0.0200,1.57,yes
2026-10-03T22:12:50.591926Z,0.0200,2.25,yes
2026-10-03T22:12:50.591926Z,0.0200,1.65,yes
2026-10-03T22:12:50.591926Z,0.0200,2.36,yes
2026-10-03T22:12:50.591926Z,0.0200,2.03,yes
2026-10-03T22:12:50.591926Z,0.0200,1.86,yes
2026-10-03T22:12:50.591926Z,0.0200,2.33,yes
2026-10-03T22:12:50.591926Z,0.0200,2.15,yes
2026-10-03T22:12:50.591926Z,0.0200,2.29,yes
2026-10-03T22:12:50.591926Z,0.0200,2.34,yes
2026-10-03T22:12:50.591926Z,0.0200,2.01,yes
2026-10-03T22:12:50.591926Z,0.0200,1.93,yes
2026-10-03T22:12:50.591926Z,0.0200,1.94,yes
2026-10-03T22:12:50.591926Z,0.0200,1.52,yes
2026-10-03T22:12:50.591926Z,0.0200,2.46,yes
2026-10-03T22:12:50.591926Z,0.0200,2.48,yes
2026-10-03T22:12:50.591926Z,0.0200,2.42,yes
2026-10-03T22:12:50.591926Z,0.0200,2.47,yes
2026-10-03T22:12:50.591926Z,0.0200,2.44,yes
2026-10-03T22:12:50.591926Z,0.0200,2.39,yes
2026-10-03T22:12:50.591926Z,0.0200,2.47,yes
2026-10-03T22:12:50.591926Z,0.0200,2.48,yes
2026-10-03T22:12:50.591926Z,0.0200,2.20,yes
2026-10-03T22:12:50.591926Z,0.0200,0.12,yes
2026-10-03T22:12:50.591926Z,0.0200,2.07,yes
2026-10-03T22:12:50.591926Z,0.0200,1.87,yes
2026-10-03T22:12:50.591926Z,0.0200,304.00,yes
2026-10-03T22:12:50.591926Z,0.0200,1.65,yes
2026-10-03T22:12:57.694599Z,0.0200,1.35,yes
2026-10-03T22:12:57.694599Z,0.0200,2.44,yes
2026-10-03T22:12:57.694599Z,0.0200,2.43,yes
2026-10-03T22:12:57.694599Z,0.0200,2.41,yes
2026-10-03T22:12:57.694599Z,0.0200,2.43,yes
2026-10-03T22:12:57.694599Z,0.0200,2.45,yes
2026-10-03T22:12:57.694599Z,0.0200,1.90,yes
2026-10-03T22:12:57.694599Z,0.0200,2.17,yes
2026-10-03T22:12:57.694599Z,0.0200,2.35,yes
2026-10-03T22:12:57.694599Z,0.0200,2.39,yes
2026-10-03T22:12:57.694599Z,0.0200,1.73,yes
2026-10-03T22:12:57.694599Z,0.0200,2.06,yes
2026-10-03T22:12:57.694599Z,0.0200,2.10,yes
2026-10-03T22:12:57.694599Z,0.0200,1.56,yes
2026-10-03T22:12:57.694599Z,0.0200,1.30,yes
2026-10-03T22:12:57.694599Z,0.0200,1.09,yes
2026-10-03T22:12:57.694599Z,0.0200,1.87,yes
2026-10-03T22:12:57.694599Z,0.0200,1.12,yes
2026-10-03T22:12:57.694599Z,0.0200,1.53,yes
2026-10-03T22:12:57.694599Z,0.0200,2.00,yes
2026-10-03T22:12:57.694599Z,0.0200,2.19,yes
2026-10-03T22:12:57.694599Z,0.0200,2.29,yes
2026-10-03T22:12:57.694599Z,0.0200,1.75,yes
2026-10-03T22:13:09.825519Z,0.0100,24.21,no
2026-10-03T22:13:10.861738Z,0.0200,1.02,yes
2026-10-03T22:13:10.861738Z,0.0200,1.41,yes
2026-10-03T22:13:10.861738Z,0.0200,1.72,yes
2026-10-03T22:13:10.861738Z,0.0200,1.43,yes
2026-10-03T22:13:10.861738Z,0.0200,84.26,yes
2026-10-03T22:13:10.861738Z,0.0200,1.84,yes
2026-10-03T22:13:10.861738Z,0.0200,0.60,yes
2026-10-03T22:13:10.861738Z,0.0200,1.30,yes
2026-10-03T22:13:12.945057Z,0.0100,48.38,no
2026-10-03T22:13:12.945057Z,0.0100,107.68,no
2026-10-03T22:13:17.344849Z,0.0200,140.37,yes
2026-10-03T22:13:18.24252Z,0.0100,40.23,no
2026-10-03T22:13:19.752818Z,0.0200,1.87,yes
2026-10-03T22:13:19.752818Z,0.0200,1.95,yes
2026-10-03T22:13:19.752818Z,0.0200,1.53,yes
2026-10-03T22:13:19.752818Z,0.0200,1.00,yes
2026-10-03T22:13:19.752818Z,0.0200,1.38,yes
2026-10-03T22:13:19.752818Z,0.0200,1.72,yes
2026-10-03T22:13:19.752818Z,0.0200,1.57,yes
2026-10-03T22:13:19.752818Z,0.0200,77.00,yes
2026-10-03T22:13:19.752818Z,0.0200,1.99,yes
2026-10-03T22:13:19.752818Z,0.0200,2.05,yes
2026-10-03T22:13:19.752818Z,0.0200,1.73,yes
2026-10-03T22:13:19.752818Z,0.0200,1.47,yes
2026-10-03T22:13:19.752818Z,0.0200,1.84,yes
2026-10-03T22:13:19.752818Z,0.0200,1.50,yes
2026-10-03T22:13:19.752818Z,0.0200,1.59,yes
2026-10-03T22:13:19.752818Z,0.0200,1.43,yes
2026-10-03T22:13:19.752818Z,0.0200,1.64,yes
2026-10-03T22:13:19.752818Z,0.0200,191.94,yes
2026-10-03T22:13:19.752818Z,0.0200,1.66,yes
2026-10-03T22:13:19.752818Z,0.0200,1.56,yes
2026-10-03T22:13:19.752818Z,0.0200,1.31,yes
2026-10-03T22:13:19.752818Z,0.0200,1.57,yes
2026-10-03T22:13:19.752818Z,0.0200,1.18,yes
2026-10-03T22:13:19.752818Z,0.0200,2.23,yes
2026-10-03T22:13:19.752818Z,0.0200,2.43,yes
2026-10-03T22:13:19.752818Z,0.0200,2.42,yes
2026-10-03T22:13:19.752818Z,0.0200,2.37,yes
2026-10-03T22:13:19.752818Z,0.0200,200.00,yes
2026-10-03T22:13:19.752818Z,0.0200,2.41,yes
2026-10-03T22:13:19.752818Z,0.0200,2.43,yes
2026-10-03T22:13:19.752818Z,0.0200,2.32,yes
2026-10-03T22:13:19.752818Z,0.0200,1.89,yes
2026-10-03T22:13:19.752818Z,0.0200,17.00,yes
2026-10-03T22:13:19.752818Z,0.0200,2.44,yes
2026-10-03T22:13:19.752818Z,0.0200,2.44,yes
2026-10-03T22:13:19.752818Z,0.0200,8.00,yes
2026-10-03T22:13:19.752818Z,0.0200,1.34,yes
2026-10-03T22:13:19.752818Z,0.0200,1.91,yes
2026-10-03T22:13:19.752818Z,0.0200,2.37,yes
2026-10-03T22:13:19.752818Z,0.0200,1.62,yes
2026-10-03T22:13:19.752818Z,0.0200,1.27,yes
2026-10-03T22:13:19.752818Z,0.0200,2.11,yes
2026-10-03T22:13:20.751346Z,0.0100,94.07,no
2026-10-03T22:13:37.851049Z,0.0100,140.00,no
2026-10-03T22:13:37.851049Z,0.0100,25.00,no
2026-10-03T22:13:37.851049Z,0.0100,203.00,no
2026-10-03T22:13:37.851049Z,0.0100,191.00,no
2026-10-03T22:13:37.851049Z,0.0100,70.03,no
2026-10-03T22:13:37.851049Z,0.0100,8.00,no
2026-10-03T22:13:37.851049Z,0.0100,37.98,no
2026-10-03T22:13:37.851049Z,0.0100,47.02,no
2026-10-03T22:13:37.851049Z,0.0100,25.00,no
2026-10-03T22:13:37.851049Z,0.0100,37.00,no
2026-10-03T22:13:37.851049Z,0.0100,7.02,no
2026-10-03T22:13:37.851049Z,0.0100,64.00,no
2026-10-03T22:13:37.851049Z,0.0100,100.00,no
2026-10-03T22:13:37.851049Z,0.0100,304.00,no
2026-10-03T22:13:37.851049Z,0.0100,26.00,no
2026-10-03T22:13:37.851049Z,0.0100,24.00,no
2026-10-03T22:13:37.851049Z,0.0100,400.00,no
2026-10-03T22:13:39.187045Z,0.0100,93.51,yes
2026-10-03T22:13:40.574192Z,0.0100,26.18,yes
2026-10-03T22:13:42.40628Z,0.0100,1496.30,yes
2026-10-03T22:13:43.459712Z,0.0100,93.51,yes
2026-10-03T22:13:52.860422Z,0.0100,467.59,yes
2026-10-03T22:14:01.048966Z,0.0100,46.75,yes
2026-10-03T22:14:02.067007Z,0.0100,280.55,yes
2026-10-03T22:14:05.990946Z,0.0100,30.55,yes
2026-10-03T22:14:05.990946Z,0.0100,250.00,yes
2026-10-03T22:14:06.870892Z,0.0100,233.95,yes
2026-10-03T22:14:21.090372Z,0.0100,270.00,yes
2026-10-03T22:14:21.090372Z,0.0100,14.06,yes
2026-10-03T22:14:21.090372Z,0.0100,20.50,yes
2026-10-03T22:14:21.090372Z,0.0100,258.00,yes
2026-10-03T22:14:21.090372Z,0.0100,68.63,yes
2026-10-03T22:14:21.090372Z,0.0100,304.00,yes
2026-10-03T22:14:24.068604Z,0.0100,114.73,yes
2026-10-03T22:14:24.068604Z,0.0100,3.37,yes
2026-10-03T22:14:24.068604Z,0.0100,3.57,yes
2026-10-03T22:14:24.068604Z,0.0100,3.57,yes
2026-10-03T22:14:24.068604Z,0.0100,3.58,yes
2026-10-03T22:14:24.068604Z,0.0100,3.58,yes
2026-10-03T22:14:24.068604Z,0.0100,3.58,yes
2026-10-03T22:14:24.068604Z,0.0100,3.46,yes
2026-10-03T22:14:24.068604Z,0.0100,3.54,yes
2026-10-03T22:14:24.068604Z,0.0100,3.58,yes
2026-10-03T22:14:24.068604Z,0.0100,3.58,yes
2026-10-03T22:14:24.068604Z,0.0100,3.21,yes
2026-10-03T22:14:24.068604Z,0.0100,3.58,yes
2026-10-03T22:14:24.068604Z,0.0100,3.58,yes
2026-10-03T22:14:24.068604Z,0.0100,2.95,yes
2026-10-03T22:14:24.068604Z,0.0100,3.58,yes
2026-10-03T22:14:24.068604Z,0.0100,3.57,yes
2026-10-03T22:14:24.068604Z,0.0100,3.57,yes
2026-10-03T22:14:24.068604Z,0.0100,3.51,yes
2026-10-03T22:14:24.068604Z,0.0100,3.58,yes
2026-10-03T22:14:24.068604Z,0.0100,3.57,yes
2026-10-03T22:14:24.068604Z,0.0100,3.57,yes
2026-10-03T22:14:24.068604Z,0.0100,3.55,yes
2026-10-03T22:14:24.068604Z,0.0100,156.37,yes
2026-10-03T22:14:24.068604Z,0.0100,203.00,yes
2026-10-03T22:14:24.068604Z,0.0100,8.50,yes
2026-10-03T22:14:24.068604Z,0.0100,25.00,yes
2026-10-03T22:14:24.068604Z,0.0100,9.24,yes
2026-10-03T22:14:24.068604Z,0.0100,7.01,yes
2026-10-03T22:14:24.068604Z,0.0100,7.06,yes
2026-10-03T22:14:24.068604Z,0.0100,257.56,yes
2026-10-03T22:14:24.068604Z,0.0100,6.97,yes
2026-10-03T22:14:24.068604Z,0.0100,6.95,yes
2026-10-03T22:14:24.068604Z,0.0100,6.97,yes
2026-10-03T22:14:24.068604Z,0.0100,7.92,yes
2026-10-03T22:14:24.068604Z,0.0100,7.53,yes
2026-10-03T22:14:24.068604Z,0.0100,7.14,yes
2026-10-03T22:14:24.068604Z,0.0100,7.30,yes
2026-10-03T22:14:25.598536Z,0.0100,93.51,yes
2026-10-03T22:14:30.369099Z,0.0100,935.19,yes
2026-10-03T22:14:31.447955Z,0.0100,1.87,yes
2026-10-03T22:14:46.205706Z,0.0100,374.07,yes
2026-10-03T22:14:49.588845Z,0.0100,93.51,yes
2026-10-03T22:14:50.193437Z,0.0100,467.59,yes
2026-10-03T22:15:01.968318Z,0.0100,6.94,yes
2026-10-03T22:15:01.968318Z,0.0100,6.94,yes
2026-10-03T22:15:01.968318Z,0.0100,6.94,yes
2026-10-03T22:15:01.968318Z,0.0100,6.94,yes
2026-10-03T22:15:01.968318Z,0.0100,6.95,yes
2026-10-03T22:15:01.968318Z,0.0100,6.95,yes
2026-10-03T22:15:01.968318Z,0.0100,6.94,yes
2026-10-03T22:15:01.968318Z,0.0100,6.94,yes
2026-10-03T22:15:01.968318Z,0.0100,6.94,yes
2026-10-03T22:15:01.968318Z,0.0100,6.94,yes
2026-10-03T22:15:01.968318Z,0.0100,6.94,yes
2026-10-03T22:15:01.968318Z,0.0100,6.94,yes
2026-10-03T22:15:01.968318Z,0.0100,6.94,yes
2026-10-03T22:15:01.968318Z,0.0100,6.94,yes
2026-10-03T22:15:01.968318Z,0.0100,6.94,yes
2026-10-03T22:15:01.968318Z,0.0100,6.93,yes
2026-10-03T22:15:01.968318Z,0.0100,6.95,yes
2026-10-03T22:15:01.968318Z,0.0100,6.94,yes
2026-10-03T22:15:01.968318Z,0.0100,6.94,yes
2026-10-03T22:15:01.968318Z,0.0100,6.94,yes
2026-10-03T22:15:01.968318Z,0.0100,6.94,yes
2026-10-03T22:15:01.968318Z,0.0100,6.94,yes
2026-10-03T22:15:01.968318Z,0.0100,6.94,yes
2026-10-03T22:15:01.968318Z,0.0100,6.94,yes
2026-10-03T22:15:01.968318Z,0.0100,6.94,yes
2026-10-03T22:15:01.968318Z,0.0100,6.95,yes
2026-10-03T22:15:01.968318Z,0.0100,6.93,yes
2026-10-03T22:15:01.968318Z,0.0100,6.94,yes
2026-10-03T22:15:01.968318Z,0.0100,191.00,yes
2026-10-03T22:15:01.968318Z,0.0100,6.94,yes
2026-10-03T22:15:01.968318Z,0.0100,6.94,yes
2026-10-03T22:15:01.968318Z,0.0100,6.94,yes
2026-10-03T22:15:01.968318Z,0.0100,6.94,yes
2026-10-03T22:15:01.968318Z,0.0100,6.94,yes
2026-10-03T22:15:01.968318Z,0.0100,1.73,yes
2026-10-03T22:15:01.968318Z,0.0100,6.94,yes
2026-10-03T22:15:01.968318Z,0.0100,6.94,yes
2026-10-03T22:15:01.968318Z,0.0100,6.94,yes
2026-10-03T22:15:01.968318Z,0.0100,25.00,yes
2026-10-03T22:15:02.565053Z,0.0100,6.94,yes
2026-10-03T22:15:02.565053Z,0.0100,6.94,yes
2026-10-03T22:15:02.565053Z,0.0100,5.21,yes
2026-10-03T22:15:02.565053Z,0.0100,6.94,yes
2026-10-03T22:15:02.565053Z,0.0100,6.94,yes
2026-10-03T22:15:02.565053Z,0.0100,6.94,yes
2026-10-03T22:15:02.565053Z,0.0100,6.94,yes
2026-10-03T22:15:02.565053Z,0.0100,6.93,yes
2026-10-03T22:15:02.565053Z,0.0100,6.94,yes
2026-10-03T22:15:02.565053Z,0.0100,6.94,yes
2026-10-03T22:15:02.565053Z,0.0100,6.94,yes
2026-10-03T22:15:02.565053Z,0.0100,6.93,yes
2026-10-03T22:15:02.565053Z,0.0100,6.94,yes
2026-10-03T22:15:02.565053Z,0.0100,6.94,yes
2026-10-03T22:15:02.565053Z,0.0100,6.94,yes
2026-10-03T22:15:02.565053Z,0.0100,9.87,yes
2026-10-03T22:15:04.70094Z,0.0100,93.51,yes
2026-10-03T22:15:17.107134Z,0.0100,93.51,yes
2026-10-03T22:15:30.275561Z,0.0200,76.39,yes
2026-10-03T22:15:30.275561Z,0.0100,6.93,yes
2026-10-03T22:15:30.275561Z,0.0100,6.92,yes
2026-10-03T22:15:30.275561Z,0.0200,25.00,yes
2026-10-03T22:15:30.275561Z,0.0200,50.00,yes
2026-10-03T22:15:30.275561Z,0.0100,6.92,yes
2026-10-03T22:15:30.275561Z,0.0100,6.93,yes
2026-10-03T22:15:30.275561Z,0.0100,6.93,yes
2026-10-03T22:15:30.275561Z,0.0100,6.92,yes
2026-10-03T22:15:30.275561Z,0.0100,6.94,yes
2026-10-03T22:15:30.275561Z,0.0100,6.93,yes
2026-10-03T22:15:30.275561Z,0.0100,6.93,yes
2026-10-03T22:15:30.275561Z,0.0100,6.93,yes
2026-10-03T22:15:30.275561Z,0.0100,6.93,yes
2026-10-03T22:15:30.275561Z,0.0100,6.93,yes
2026-10-03T22:15:30.275561Z,0.0100,6.92,yes
2026-10-03T22:15:30.275561Z,0.0100,6.93,yes
2026-10-03T22:15:30.275561Z,0.0100,6.93,yes
2026-10-03T22:15:30.275561Z,0.0100,6.93,yes
2026-10-03T22:15:30.275561Z,0.0100,6.93,yes
2026-10-03T22:15:30.275561Z,0.0100,6.93,yes
2026-10-03T22:15:30.275561Z,0.0100,6.93,yes
2026-10-03T22:15:30.275561Z,0.0100,6.93,yes
2026-10-03T22:15:30.275561Z,0.0100,6.92,yes
2026-10-03T22:15:30.275561Z,0.0100,6.93,yes
2026-10-03T22:15:30.275561Z,0.0100,6.93,yes
2026-10-03T22:15:30.275561Z,0.0100,6.94,yes
2026-10-03T22:15:30.275561Z,0.0100,6.92,yes
2026-10-03T22:15:30.275561Z,0.0100,6.92,yes
2026-10-03T22:15:30.275561Z,0.0100,6.94,yes
2026-10-03T22:15:30.275561Z,0.0100,6.93,yes
2026-10-03T22:15:30.275561Z,0.0100,6.94,yes
2026-10-03T22:15:30.275561Z,0.0100,6.93,yes
2026-10-03T22:15:30.275561Z,0.0100,6.92,yes
2026-10-03T22:15:30.275561Z,0.0100,6.94,yes
2026-10-03T22:15:30.275561Z,0.0100,6.93,yes
2026-10-03T22:15:30.275561Z,0.0100,6.94,yes
2026-10-03T22:15:30.275561Z,0.0100,6.93,yes
2026-10-03T22:15:30.275561Z,0.0100,6.93,yes
2026-10-03T22:15:30.275561Z,0.0100,6.92,yes
2026-10-03T22:15:30.275561Z,0.0100,6.94,yes
2026-10-03T22:15:30.275561Z,0.0100,6.94,yes
2026-10-03T22:15:30.275561Z,0.0100,6.93,yes
2026-10-03T22:15:30.275561Z,0.0100,6.92,yes
2026-10-03T22:15:30.275561Z,0.0100,6.93,yes
2026-10-03T22:15:30.275561Z,0.0100,6.94,yes
2026-10-03T22:15:30.275561Z,0.0100,6.92,yes
2026-10-03T22:15:30.275561Z,0.0100,6.93,yes
2026-10-03T22:15:30.275561Z,0.0100,6.93,yes
2026-10-03T22:15:30.275561Z,0.0100,6.93,yes
2026-10-03T22:15:30.275561Z,0.0100,6.93,yes
2026-10-03T22:15:30.275561Z,0.0100,6.92,yes
2026-10-03T22:15:30.275561Z,0.0100,6.93,yes
2026-10-03T22:15:30.275561Z,0.0100,6.93,yes
2026-10-03T22:15:30.275561Z,0.0100,6.93,yes
2026-10-03T22:15:30.275561Z,0.0100,6.93,yes
2026-10-03T22:15:30.275561Z,0.0100,6.93,yes
2026-10-03T22:15:30.275561Z,0.0100,6.93,yes
2026-10-03T22:15:30.275561Z,0.0100,6.93,yes
2026-10-03T22:15:30.275561Z,0.0100,6.93,yes
2026-10-03T22:15:30.275561Z,0.0200,25.00,yes
2026-10-03T22:15:31.624318Z,0.0100,663.29,no
2026-10-03T22:15:31.645811Z,0.0100,506.71,no
2026-10-03T22:15:31.645811Z,0.0100,352.29,no
2026-10-03T22:15:31.645811Z,0.0100,141.00,no
2026-10-03T22:15:31.645978Z,0.0100,1000.00,no
2026-10-03T22:15:31.646178Z,0.0100,25.00,no
2026-10-03T22:15:31.646178Z,0.0100,647.71,no
2026-10-03T22:15:33.949657Z,0.0100,1000.00,yes
2026-10-03T22:15:33.949657Z,0.0100,419.00,yes
2026-10-03T22:15:33.949657Z,0.0100,506.71,yes
2026-10-03T22:15:33.949657Z,0.0100,419.00,yes
2026-10-03T22:15:33.949657Z,0.0100,1000.00,yes
2026-10-03T22:15:33.949657Z,0.0100,663.29,yes
2026-10-03T22:15:33.949657Z,0.0100,419.00,yes
2026-10-03T22:15:33.949657Z,0.0100,419.00,yes
2026-10-03T22:15:33.949657Z,0.0100,419.00,yes
2026-10-03T22:15:33.949657Z,0.0100,2300.00,yes
2026-10-03T22:15:33.949657Z,0.0100,327.29,yes
2026-10-03T22:15:33.949657Z,0.0100,419.00,yes
2026-10-03T22:15:33.949657Z,0.0100,1040.62,yes
2026-10-03T22:15:53.957284Z,0.0100,73.88,yes
2026-10-03T22:16:40.297251Z,0.0100,93.51,yes
2026-10-03T22:17:03.847667Z,0.0100,258.49,yes
2026-10-03T22:17:03.847667Z,0.0100,209.10,yes
2026-10-03T22:17:19.476808Z,0.0100,93.51,yes
2026-10-03T22:17:29.096163Z,0.0100,93.51,yes
2026-10-03T22:17:29.687245Z,0.0100,80.42,yes
2026-10-03T22:17:31.815796Z,0.0100,279.05,yes
2026-10-03T22:17:31.815796Z,0.0100,200.00,yes
2026-10-03T22:17:31.815796Z,0.0100,6.93,yes
2026-10-03T22:17:31.815796Z,0.0100,6.93,yes
2026-10-03T22:17:31.815796Z,0.0100,6.93,yes
2026-10-03T22:17:31.815796Z,0.0100,6.93,yes
2026-10-03T22:17:31.815796Z,0.0100,101.00,yes
2026-10-03T22:17:31.815796Z,0.0100,6.93,yes
2026-10-03T22:17:31.815796Z,0.0100,523.46,yes
2026-10-03T22:17:31.815796Z,0.0100,648.00,yes
2026-10-03T22:17:31.815796Z,0.0100,6.98,yes
2026-10-03T22:17:31.815796Z,0.0100,6.94,yes
2026-10-03T22:17:31.815796Z,0.0100,6.94,yes
2026-10-03T22:17:31.815796Z,0.0100,7.69,yes
2026-10-03T22:17:31.815796Z,0.0100,6.94,yes
2026-10-03T22:17:31.815796Z,0.0100,6.96,yes
2026-10-03T22:17:31.815796Z,0.0100,8.19,yes
2026-10-03T22:17:31.815796Z,0.0100,6.94,yes
2026-10-03T22:17:31.815796Z,0.0100,7.02,yes
2026-10-03T22:17:31.815796Z,0.0100,7.19,yes
2026-10-03T22:17:31.815796Z,0.0100,7.09,yes
2026-10-03T22:17:31.815796Z,0.0100,8.92,yes
2026-10-03T22:17:31.815796Z,0.0100,7.39,yes
2026-10-03T22:17:31.815796Z,0.0100,456.62,yes
2026-10-03T22:18:31.832112Z,0.0100,1402.78,yes
2026-10-03T22:18:33.781236Z,0.0100,2818.17,yes
2026-10-03T22:18:33.781236Z,0.0100,1857.78,yes
2026-10-03T22:18:54.832383Z,0.0100,467.59,yes
2026-10-03T22:22:09.911118Z,0.0100,50.00,yes
2026-10-03T22:25:20.374904Z,0.0100,93.51,yes
2026-10-03T22:30:23.301781Z,0.0100,9.35,yes
