time,yes_price,contracts,taker
2026-10-10T04:30:58.808365Z,0.0200,75.00,no
2026-10-10T04:30:58.808365Z,0.0200,1000.00,no
2026-10-10T04:30:58.808365Z,0.0200,15.00,no
2026-10-10T04:30:58.808365Z,0.0200,3432.00,no
2026-10-10T04:30:58.808365Z,0.0200,716.97,no
2026-10-10T04:30:58.808365Z,0.0200,3432.00,no
2026-10-10T04:30:58.808365Z,0.0100,8821.74,no
2026-10-10T04:30:58.826261Z,0.0200,780.34,yes
2026-10-10T04:30:59.052345Z,0.0200,93.64,yes
2026-10-10T04:31:00.351121Z,0.0200,93.58,yes
2026-10-10T04:31:00.478008Z,0.0200,233.95,yes
2026-10-10T04:31:01.030081Z,0.0200,93.58,yes
2026-10-10T04:31:01.876129Z,0.0200,233.95,yes
2026-10-10T04:31:02.078021Z,0.0200,624.27,yes
2026-10-10T04:31:03.812142Z,0.0200,289.93,yes
2026-10-10T04:31:03.812142Z,0.0200,6668.43,yes
2026-10-10T04:31:03.812142Z,0.0200,1555.00,yes
2026-10-10T04:31:03.812142Z,0.0200,1874.06,yes
2026-10-10T04:31:04.479769Z,0.0200,233.95,yes
2026-10-10T04:31:04.722366Z,0.0200,114.90,yes
2026-10-10T04:31:04.722366Z,0.0200,353.00,yes
2026-10-10T04:31:04.77384Z,0.0200,312.13,yes
2026-10-10T04:31:04.913359Z,0.0200,233.95,yes
2026-10-10T04:31:05.271442Z,0.0200,4444.00,yes
2026-10-10T04:31:05.365522Z,0.0200,233.95,yes
2026-10-10T04:31:06.438981Z,0.0100,47.34,no
2026-10-10T04:31:09.090399Z,0.0200,780.34,yes
2026-10-10T04:31:09.679532Z,0.0200,1990.00,yes
2026-10-10T04:31:10.868962Z,0.0200,25.00,yes
2026-10-10T04:31:10.872235Z,0.0100,45.12,no
2026-10-10T04:31:11.832479Z,0.0100,7.84,no
2026-10-10T04:31:12.497452Z,0.0200,421.11,yes
2026-10-10T04:31:12.552986Z,0.0200,46.79,yes
2026-10-10T04:31:12.61079Z,0.0200,7.84,yes
2026-10-10T04:31:12.61079Z,0.0200,1000.00,yes
2026-10-10T04:31:12.61079Z,0.0200,45.12,yes
2026-10-10T04:31:12.61079Z,0.0200,1.00,yes
2026-10-10T04:31:12.61079Z,0.0200,52397.83,yes
2026-10-10T04:31:12.61079Z,0.0200,47.34,yes
2026-10-10T04:31:12.61079Z,0.0200,2553.26,yes
2026-10-10T04:31:12.61079Z,0.0200,5008.81,yes
2026-10-10T04:31:14.280014Z,0.0300,19.80,yes
2026-10-10T04:31:15.279529Z,0.0300,3185.88,yes
2026-10-10T04:31:15.279529Z,0.0300,980.20,yes
2026-10-10T04:31:15.279529Z,0.0300,500.00,yes
2026-10-10T04:31:15.279529Z,0.0300,11.00,yes
2026-10-10T04:31:15.279529Z,0.0300,1.00,yes
2026-10-10T04:31:15.279529Z,0.0300,4.00,yes
2026-10-10T04:31:16.064108Z,0.0300,780.34,yes
2026-10-10T04:31:16.068224Z,0.0300,200.00,yes
2026-10-10T04:31:16.880099Z,0.0300,21.84,yes
2026-10-10T04:31:18.215445Z,0.0200,43.10,no
2026-10-10T04:31:19.812275Z,0.0300,31.21,yes
2026-10-10T04:31:19.984002Z,0.0300,1.56,yes
2026-10-10T04:31:20.164353Z,0.0300,184.16,yes
2026-10-10T04:31:21.416503Z,0.0300,156.06,yes
2026-10-10T04:31:22.058709Z,0.0300,31.21,yes
2026-10-10T04:31:22.067693Z,0.0300,62.42,yes
2026-10-10T04:31:23.038396Z,0.0200,575.43,no
2026-10-10T04:31:23.216374Z,0.0300,100.00,yes
2026-10-10T04:31:23.339215Z,0.0300,63.81,yes
2026-10-10T04:31:23.339215Z,0.0300,245.32,yes
2026-10-10T04:31:23.339215Z,0.0300,1.00,yes
2026-10-10T04:31:23.339215Z,0.0300,2.00,yes
2026-10-10T04:31:23.540922Z,0.0200,117.43,no
2026-10-10T04:31:24.154583Z,0.0300,333.00,yes
2026-10-10T04:31:24.319835Z,0.0300,312.13,yes
2026-10-10T04:31:24.53816Z,0.0300,114.86,yes
2026-10-10T04:31:24.972197Z,0.0300,62.42,yes
2026-10-10T04:31:25.060735Z,0.0200,27.24,no
2026-10-10T04:31:25.721854Z,0.0300,156.06,yes
2026-10-10T04:31:26.875619Z,0.0300,156.06,yes
2026-10-10T04:31:27.83449Z,0.0300,156.06,yes
2026-10-10T04:31:27.950053Z,0.0300,25.00,yes
2026-10-10T04:31:28.613322Z,0.0200,30.00,no
2026-10-10T04:31:29.288338Z,0.0300,15.60,yes
2026-10-10T04:31:31.390651Z,0.0300,200.00,yes
2026-10-10T04:31:31.907501Z,0.0200,946.96,no
2026-10-10T04:31:32.325917Z,0.0200,450.17,no
2026-10-10T04:31:32.539034Z,0.0300,70.54,yes
2026-10-10T04:31:32.549195Z,0.0300,41.00,yes
2026-10-10T04:31:34.911145Z,0.0300,156.06,yes
2026-10-10T04:31:35.246646Z,0.0300,93.64,yes
2026-10-10T04:31:35.603344Z,0.0300,156.06,yes
2026-10-10T04:31:35.644439Z,0.0300,218.49,yes
2026-10-10T04:31:36.293319Z,0.0300,3121.39,yes
2026-10-10T04:31:36.642021Z,0.0300,312.13,yes
2026-10-10T04:31:38.063565Z,0.0300,44.01,yes
2026-10-10T04:31:38.340209Z,0.0300,156.06,yes
2026-10-10T04:31:38.842189Z,0.0300,50.00,yes
2026-10-10T04:31:40.334607Z,0.0300,392.67,yes
2026-10-10T04:31:40.412507Z,0.0300,3592.95,yes
2026-10-10T04:31:40.412507Z,0.0300,3914.00,yes
2026-10-10T04:31:40.412507Z,0.0300,23706.95,yes
2026-10-10T04:31:41.114818Z,0.0300,62.42,yes
2026-10-10T04:31:41.289231Z,0.0300,31.21,yes
2026-10-10T04:31:42.426951Z,0.0300,31.21,yes
2026-10-10T04:31:42.611711Z,0.0200,55.59,no
2026-10-10T04:31:42.676742Z,0.0300,62.42,yes
2026-10-10T04:31:42.981072Z,0.0300,19.80,yes
2026-10-10T04:31:43.408202Z,0.0300,83.00,yes
2026-10-10T04:31:43.884906Z,0.0300,93.64,yes
2026-10-10T04:31:44.004777Z,0.0200,46.00,no
2026-10-10T04:31:44.774937Z,0.0300,171.67,yes
2026-10-10T04:31:45.090553Z,0.0300,93.95,yes
2026-10-10T04:31:45.562365Z,0.0300,249.71,yes
2026-10-10T04:31:45.595324Z,0.0300,31.21,yes
2026-10-10T04:31:49.129977Z,0.0300,156.06,yes
2026-10-10T04:31:49.354413Z,0.0300,31.21,yes
2026-10-10T04:31:49.62838Z,0.0300,31.21,yes
2026-10-10T04:31:49.631542Z,0.0300,11.73,yes
2026-10-10T04:31:49.631542Z,0.0300,144.33,yes
2026-10-10T04:31:50.558703Z,0.0300,20.00,yes
2026-10-10T04:31:50.862827Z,0.0200,58.87,no
2026-10-10T04:31:51.96487Z,0.0300,9014.29,yes
2026-10-10T04:31:51.96487Z,0.0300,20.00,yes
2026-10-10T04:31:51.96487Z,0.0300,94.00,yes
2026-10-10T04:31:51.96487Z,0.0300,9006.00,yes
2026-10-10T04:31:51.96487Z,0.0300,9006.00,yes
2026-10-10T04:31:51.96487Z,0.0300,19738.47,yes
2026-10-10T04:31:51.96487Z,0.0300,9006.00,yes
2026-10-10T04:31:51.96487Z,0.0300,6668.00,yes
2026-10-10T04:31:51.96487Z,0.0300,9006.00,yes
2026-10-10T04:31:51.96487Z,0.0300,9006.00,yes
2026-10-10T04:31:51.96487Z,0.0300,9006.00,yes
2026-10-10T04:31:51.96487Z,0.0300,9006.00,yes
2026-10-10T04:31:51.96487Z,0.0300,15000.00,yes
2026-10-10T04:31:51.96487Z,0.0300,9006.00,yes
2026-10-10T04:31:51.995813Z,0.0300,105.00,yes
2026-10-10T04:31:52.523612Z,0.0300,40.00,no
2026-10-10T04:31:53.709796Z,0.0400,652.92,yes
2026-10-10T04:31:53.709796Z,0.0400,1.00,yes
2026-10-10T04:31:53.709796Z,0.0400,1.00,yes
2026-10-10T04:31:53.709796Z,0.0400,1.00,yes
2026-10-10T04:31:53.794376Z,0.0400,23.42,yes
2026-10-10T04:31:54.369154Z,0.0400,257.68,yes
2026-10-10T04:31:54.706873Z,0.0400,117.12,yes
2026-10-10T04:31:55.124635Z,0.0400,147.34,yes
2026-10-10T04:31:55.170217Z,0.0400,234.25,yes
2026-10-10T04:31:55.285046Z,0.0400,234.25,yes
2026-10-10T04:31:56.313802Z,0.0400,46.85,yes
2026-10-10T04:31:57.418287Z,0.0400,117.12,yes
2026-10-10T04:31:58.176633Z,0.0400,117.12,yes
2026-10-10T04:31:58.796107Z,0.0400,51.93,yes
2026-10-10T04:31:58.796107Z,0.0400,2.00,yes
2026-10-10T04:31:58.796107Z,0.0400,63.19,yes
2026-10-10T04:32:00.045136Z,0.0300,76.73,no
2026-10-10T04:32:00.333746Z,0.0400,70.27,yes
2026-10-10T04:32:00.47005Z,0.0400,23.42,yes
2026-10-10T04:32:00.896157Z,0.0400,1.00,yes
2026-10-10T04:32:00.896157Z,0.0400,2.00,yes
2026-10-10T04:32:00.896157Z,0.0400,900.00,yes
2026-10-10T04:32:00.896157Z,0.0400,343.12,yes
2026-10-10T04:32:00.896157Z,0.0400,963.60,yes
2026-10-10T04:32:00.896157Z,0.0400,75.00,yes
2026-10-10T04:32:00.896157Z,0.0400,10.00,yes
2026-10-10T04:32:00.896157Z,0.0400,1.00,yes
2026-10-10T04:32:01.070933Z,0.0400,117.12,yes
2026-10-10T04:32:01.389731Z,0.0400,1405.54,yes
2026-10-10T04:32:01.405465Z,0.0400,93.70,yes
2026-10-10T04:32:01.7525Z,0.0400,236.13,yes
2026-10-10T04:32:02.378846Z,0.0400,71.00,yes
2026-10-10T04:32:03.292613Z,0.0400,23.42,yes
2026-10-10T04:32:03.667606Z,0.0400,117.12,yes
2026-10-10T04:32:03.755309Z,0.0400,749.62,yes
2026-10-10T04:32:03.876454Z,0.0300,37.87,no
2026-10-10T04:32:04.796344Z,0.0400,117.12,yes
2026-10-10T04:32:05.321192Z,0.0400,46.85,yes
2026-10-10T04:32:05.531829Z,0.0400,23.42,yes
2026-10-10T04:32:06.279932Z,0.0400,46.85,yes
2026-10-10T04:32:06.852986Z,0.0400,416.50,yes
2026-10-10T04:32:07.290102Z,0.0400,58.56,yes
2026-10-10T04:32:07.34952Z,0.0300,159.30,no
2026-10-10T04:32:08.356807Z,0.0400,5.62,yes
2026-10-10T04:32:09.313346Z,0.0400,117.12,yes
2026-10-10T04:32:09.835766Z,0.0400,46.85,yes
2026-10-10T04:32:10.968669Z,0.0400,404.09,yes
2026-10-10T04:32:11.402465Z,0.0300,55.59,no
2026-10-10T04:32:11.954403Z,0.0400,70.27,yes
2026-10-10T04:32:12.008855Z,0.0400,23.42,yes
2026-10-10T04:32:12.294621Z,0.0400,117.12,yes
2026-10-10T04:32:12.368677Z,0.0400,20.61,yes
2026-10-10T04:32:12.688079Z,0.0400,21.08,yes
2026-10-10T04:32:13.071879Z,0.0400,117.12,yes
2026-10-10T04:32:13.632232Z,0.0400,117.12,yes
2026-10-10T04:32:13.68361Z,0.0400,703.03,yes
2026-10-10T04:32:13.68361Z,0.0400,1543.54,yes
2026-10-10T04:32:13.68361Z,0.0400,96.00,yes
2026-10-10T04:32:13.999539Z,0.0400,117.12,yes
2026-10-10T04:32:14.250676Z,0.0400,129.17,yes
2026-10-10T04:32:14.250676Z,0.0400,339.34,yes
2026-10-10T04:32:14.32455Z,0.0400,234.25,yes
2026-10-10T04:32:14.377248Z,0.0400,23.42,yes
2026-10-10T04:32:14.880403Z,0.0400,1171.28,yes
2026-10-10T04:32:14.902894Z,0.0400,1000.00,yes
2026-10-10T04:32:15.401599Z,0.0400,135.86,yes
2026-10-10T04:32:16.588768Z,0.0400,46.75,yes
2026-10-10T04:32:16.879472Z,0.0400,515.36,yes
2026-10-10T04:32:16.923217Z,0.0400,70.27,yes
2026-10-10T04:32:17.401561Z,0.0400,85.03,yes
2026-10-10T04:32:17.621641Z,0.0400,46.85,yes
2026-10-10T04:32:19.434391Z,0.0400,50.83,yes
2026-10-10T04:32:19.639206Z,0.0400,6.79,yes
2026-10-10T04:32:19.930821Z,0.0400,85.00,yes
2026-10-10T04:32:20.06165Z,0.0400,313.14,yes
2026-10-10T04:32:20.06165Z,0.0400,187.46,yes
2026-10-10T04:32:20.100884Z,0.0400,468.51,yes
2026-10-10T04:32:20.596289Z,0.0400,45.91,yes
2026-10-10T04:32:20.981115Z,0.0400,23.42,yes
2026-10-10T04:32:20.994191Z,0.0400,70.27,yes
2026-10-10T04:32:21.658171Z,0.0400,23.42,yes
2026-10-10T04:32:21.913199Z,0.0400,78.00,yes
2026-10-10T04:32:22.12419Z,0.0400,981.77,yes
2026-10-10T04:32:22.126422Z,0.0400,234.25,yes
2026-10-10T04:32:22.579658Z,0.0400,117.12,yes
2026-10-10T04:32:22.835279Z,0.0400,71.00,yes
2026-10-10T04:32:23.009313Z,0.0400,46.85,yes
2026-10-10T04:32:23.129777Z,0.0400,468.51,yes
2026-10-10T04:32:23.251656Z,0.0400,428.00,yes
2026-10-10T04:32:23.838554Z,0.0400,6755.51,yes
2026-10-10T04:32:23.838554Z,0.0400,5000.00,yes
2026-10-10T04:32:23.838554Z,0.0400,125.00,yes
2026-10-10T04:32:23.838554Z,0.0400,2057.64,yes
2026-10-10T04:32:23.838554Z,0.0400,4000.00,yes
2026-10-10T04:32:23.838554Z,0.0400,4000.00,yes
2026-10-10T04:32:23.838554Z,0.0400,4000.00,yes
2026-10-10T04:32:23.838554Z,0.0400,4000.00,yes
2026-10-10T04:32:24.655609Z,0.0400,23.42,yes
2026-10-10T04:32:26.529623Z,0.0400,3092.20,yes
2026-10-10T04:32:26.901094Z,0.0400,6.55,yes
2026-10-10T04:32:27.798567Z,0.0400,117.12,yes
2026-10-10T04:32:28.012726Z,0.0400,585.64,yes
2026-10-10T04:32:28.08146Z,0.0400,1030.73,yes
2026-10-10T04:32:28.948281Z,0.0400,0.66,yes
2026-10-10T04:32:29.116334Z,0.0400,234.25,yes
2026-10-10T04:32:29.737191Z,0.0400,351.38,yes
2026-10-10T04:32:30.149615Z,0.0400,23.66,yes
2026-10-10T04:32:30.608742Z,0.0400,187.40,yes
2026-10-10T04:32:31.026117Z,0.0400,84.00,yes
2026-10-10T04:32:32.385691Z,0.0400,83.00,yes
2026-10-10T04:32:32.529912Z,0.0400,163.98,yes
2026-10-10T04:32:33.782902Z,0.0400,46.85,yes
2026-10-10T04:32:34.748496Z,0.0400,2.00,yes
2026-10-10T04:32:35.08071Z,0.0400,117.12,yes
2026-10-10T04:32:35.536116Z,0.0400,285.00,yes
2026-10-10T04:32:35.913559Z,0.0400,117.12,yes
2026-10-10T04:32:36.97034Z,0.0500,1.00,yes
2026-10-10T04:32:36.97034Z,0.0500,1.00,yes
2026-10-10T04:32:36.97034Z,0.0500,3.00,yes
2026-10-10T04:32:36.97034Z,0.0500,1.00,yes
2026-10-10T04:32:36.97034Z,0.0500,2.00,yes
2026-10-10T04:32:36.97034Z,0.0500,1.00,yes
2026-10-10T04:32:36.97034Z,0.0500,1.00,yes
2026-10-10T04:32:36.97034Z,0.0500,1.00,yes
2026-10-10T04:32:36.97034Z,0.0500,1.00,yes
2026-10-10T04:32:36.97034Z,0.0500,2.00,yes
2026-10-10T04:32:36.97034Z,0.0500,3.00,yes
2026-10-10T04:32:36.97034Z,0.0400,24.00,yes
2026-10-10T04:32:36.97034Z,0.0500,169.96,yes
2026-10-10T04:32:37.821141Z,0.0300,88.65,no
2026-10-10T04:32:40.009651Z,0.0400,12.00,yes
2026-10-10T04:32:40.009651Z,0.0500,9.00,yes
2026-10-10T04:32:40.213775Z,0.0500,3034.55,yes
2026-10-10T04:32:40.601622Z,0.0300,13.31,no
2026-10-10T04:32:40.700091Z,0.0500,250.00,yes
2026-10-10T04:32:41.16918Z,0.0500,18.75,yes
2026-10-10T04:32:41.397539Z,0.0500,187.52,yes
2026-10-10T04:32:41.713533Z,0.0500,18.75,yes
2026-10-10T04:32:42.522691Z,0.0400,31.21,no
2026-10-10T04:32:42.575231Z,0.0500,375.05,yes
2026-10-10T04:32:43.601002Z,0.0500,75.00,yes
2026-10-10T04:32:45.356988Z,0.0500,93.76,yes
2026-10-10T04:32:46.015679Z,0.0500,393.81,yes
2026-10-10T04:32:46.231125Z,0.0500,14.62,yes
2026-10-10T04:32:46.51675Z,0.0500,66.00,yes
2026-10-10T04:32:48.556333Z,0.0500,54.19,yes
2026-10-10T04:32:48.568364Z,0.0400,312.13,no
2026-10-10T04:32:48.642407Z,0.0500,187.52,yes
2026-10-10T04:32:49.079028Z,0.0500,93.60,yes
2026-10-10T04:32:49.195453Z,0.0500,187.52,yes
2026-10-10T04:32:49.379912Z,0.0500,42.71,yes
2026-10-10T04:32:49.408526Z,0.0500,937.64,yes
2026-10-10T04:32:49.551245Z,0.0500,8.62,yes
2026-10-10T04:32:49.86064Z,0.0500,93.76,yes
2026-10-10T04:32:50.114378Z,0.0400,21.55,no
2026-10-10T04:32:50.273204Z,0.0500,375.05,yes
2026-10-10T04:32:51.340912Z,0.0500,10.00,yes
2026-10-10T04:32:51.340912Z,0.0500,1053.84,yes
2026-10-10T04:32:51.340912Z,0.0500,8312.62,yes
2026-10-10T04:32:51.569713Z,0.0500,9.37,yes
2026-10-10T04:32:51.879275Z,0.0500,93.76,yes
2026-10-10T04:32:52.028378Z,0.0500,3963.03,yes
2026-10-10T04:32:52.028378Z,0.0500,1100.26,yes
2026-10-10T04:32:52.447675Z,0.0500,375.05,yes
2026-10-10T04:32:53.553204Z,0.0500,93.76,yes
2026-10-10T04:32:54.843265Z,0.0500,281.29,yes
2026-10-10T04:32:54.899707Z,0.0500,2833.82,yes
2026-10-10T04:32:54.899707Z,0.0500,6542.64,yes
2026-10-10T04:32:55.131251Z,0.0500,14.14,yes
2026-10-10T04:32:55.35939Z,0.0500,93.76,yes
2026-10-10T04:32:55.383155Z,0.0500,468.82,yes
2026-10-10T04:32:55.426512Z,0.0500,93.76,yes
2026-10-10T04:32:55.980933Z,0.0500,750.11,yes
2026-10-10T04:32:56.750275Z,0.0500,93.76,yes
2026-10-10T04:32:56.861319Z,0.0500,37.50,yes
2026-10-10T04:32:57.4811Z,0.0500,187.52,yes
2026-10-10T04:32:59.324275Z,0.0500,187.40,yes
2026-10-10T04:32:59.611291Z,0.0500,309.42,yes
2026-10-10T04:32:59.95354Z,0.0500,937.64,yes
2026-10-10T04:33:02.218259Z,0.0500,75.01,yes
2026-10-10T04:33:02.392415Z,0.0500,10.68,yes
2026-10-10T04:33:02.603082Z,0.0500,18.75,yes
2026-10-10T04:33:04.310342Z,0.0500,75.01,yes
2026-10-10T04:33:04.626006Z,0.0500,187.52,yes
2026-10-10T04:33:04.726533Z,0.0500,56.25,yes
2026-10-10T04:33:05.035694Z,0.0500,185.65,yes
2026-10-10T04:33:05.248123Z,0.0400,23.67,no
2026-10-10T04:33:05.303087Z,0.0500,93.76,yes
2026-10-10T04:33:05.924376Z,0.0500,937.64,yes
2026-10-10T04:33:06.053508Z,0.0500,187.52,yes
2026-10-10T04:33:06.447748Z,0.0500,84.00,yes
2026-10-10T04:33:06.905062Z,0.0500,28.42,yes
2026-10-10T04:33:08.466433Z,0.0500,281.29,yes
2026-10-10T04:33:09.019784Z,0.0500,428.42,yes
2026-10-10T04:33:09.405648Z,0.0500,41.06,yes
2026-10-10T04:33:09.411439Z,0.0500,93.76,yes
2026-10-10T04:33:09.513493Z,0.0500,56.25,yes
2026-10-10T04:33:10.310134Z,0.0500,75.01,yes
2026-10-10T04:33:10.724732Z,0.0500,375.05,yes
2026-10-10T04:33:11.576305Z,0.0500,9.37,yes
2026-10-10T04:33:11.576309Z,0.0500,0.93,yes
2026-10-10T04:33:11.983274Z,0.0500,93.76,yes
2026-10-10T04:33:12.636306Z,0.0400,83.39,no
2026-10-10T04:33:13.38918Z,0.0500,3.56,yes
2026-10-10T04:33:14.011345Z,0.0500,618.84,yes
2026-10-10T04:33:14.830747Z,0.0400,23.42,no
2026-10-10T04:33:14.976123Z,0.0500,100.59,yes
2026-10-10T04:33:14.976123Z,0.0500,86.93,yes
2026-10-10T04:33:16.012516Z,0.0500,477.16,yes
2026-10-10T04:33:16.012516Z,0.0500,460.48,yes
2026-10-10T04:33:16.241565Z,0.0500,187.52,yes
2026-10-10T04:33:16.3716Z,0.0500,8.71,yes
2026-10-10T04:33:17.361932Z,0.0500,125.00,yes
2026-10-10T04:33:17.496378Z,0.0500,20.81,yes
2026-10-10T04:33:17.636542Z,0.0500,56.25,yes
2026-10-10T04:33:18.130212Z,0.0500,62.82,yes
2026-10-10T04:33:20.542535Z,0.0500,168.77,yes
2026-10-10T04:33:21.161645Z,0.0500,1.12,yes
2026-10-10T04:33:21.40481Z,0.0500,37.50,yes
2026-10-10T04:33:21.480245Z,0.0500,56.25,yes
2026-10-10T04:33:22.137487Z,0.0500,93.76,yes
2026-10-10T04:33:22.219423Z,0.0500,337.55,yes
2026-10-10T04:33:22.459629Z,0.0500,1931.55,yes
2026-10-10T04:33:22.523991Z,0.0500,37.50,yes
2026-10-10T04:33:23.533511Z,0.0500,56.25,yes
2026-10-10T04:33:24.921208Z,0.0500,18.75,yes
2026-10-10T04:33:24.987471Z,0.0400,134.12,no
2026-10-10T04:33:25.036988Z,0.0500,218.47,yes
2026-10-10T04:33:25.187304Z,0.0500,1.87,yes
2026-10-10T04:33:26.332677Z,0.0500,93.76,yes
2026-10-10T04:33:27.696652Z,0.0500,62.00,yes
2026-10-10T04:33:27.875611Z,0.0500,93.76,yes
2026-10-10T04:33:28.629561Z,0.0500,93.76,yes
2026-10-10T04:33:30.605609Z,0.0500,171.02,yes
2026-10-10T04:33:31.397265Z,0.0500,93.76,yes
2026-10-10T04:33:31.895334Z,0.0500,1875.29,yes
2026-10-10T04:33:32.366529Z,0.0500,187.52,yes
2026-10-10T04:33:33.7273Z,0.0500,93.76,yes
2026-10-10T04:33:34.039153Z,0.0500,93.76,yes
2026-10-10T04:33:34.48473Z,0.0500,131.27,yes
2026-10-10T04:33:35.859413Z,0.0500,468.82,yes
2026-10-10T04:33:36.547753Z,0.0500,56.25,yes
2026-10-10T04:33:37.173492Z,0.0500,0.75,yes
2026-10-10T04:33:37.584349Z,0.0500,993.90,yes
2026-10-10T04:33:37.625802Z,0.0500,93.76,yes
2026-10-10T04:33:37.945732Z,0.0500,214.14,yes
2026-10-10T04:33:38.771658Z,0.0500,262.54,yes
2026-10-10T04:33:39.191121Z,0.0500,9.37,yes
2026-10-10T04:33:39.206403Z,0.0500,93.76,yes
2026-10-10T04:33:39.320432Z,0.0500,226.00,yes
2026-10-10T04:33:39.558102Z,0.0500,37.50,yes
2026-10-10T04:33:40.321705Z,0.0500,46.88,yes
2026-10-10T04:33:40.377528Z,0.0500,450.25,yes
2026-10-10T04:33:40.506562Z,0.0500,39.56,yes
2026-10-10T04:33:41.869959Z,0.0400,101.05,no
2026-10-10T04:33:42.789985Z,0.0500,93.76,yes
2026-10-10T04:33:45.013024Z,0.0500,93.76,yes
2026-10-10T04:33:45.797695Z,0.0500,13.50,yes
2026-10-10T04:33:47.032581Z,0.0500,234.00,yes
2026-10-10T04:33:48.221607Z,0.0500,225.78,yes
2026-10-10T04:33:50.436511Z,0.0500,18.75,yes
2026-10-10T04:33:50.872268Z,0.0500,93.76,yes
2026-10-10T04:33:51.776466Z,0.0500,0.75,yes
2026-10-10T04:33:54.799436Z,0.0500,187.52,yes
2026-10-10T04:33:55.055156Z,0.0500,93.76,yes
2026-10-10T04:33:55.607053Z,0.0500,93.76,yes
2026-10-10T04:33:55.782858Z,0.0500,75.01,yes
2026-10-10T04:33:57.024166Z,0.0500,1125.00,yes
2026-10-10T04:33:57.708629Z,0.0500,145.71,yes
2026-10-10T04:33:58.222995Z,0.0500,18.75,yes
2026-10-10T04:33:58.488561Z,0.0500,10.00,yes
2026-10-10T04:33:58.852829Z,0.0500,93.76,yes
2026-10-10T04:33:59.091714Z,0.0500,187.52,yes
2026-10-10T04:34:00.149159Z,0.0500,93.76,yes
2026-10-10T04:34:00.909472Z,0.0500,187.52,yes
2026-10-10T04:34:01.059363Z,0.0500,47.63,yes
2026-10-10T04:34:01.470963Z,0.0500,625.00,yes
2026-10-10T04:34:01.610114Z,0.0500,497.70,yes
2026-10-10T04:34:02.03754Z,0.0500,75.01,yes
2026-10-10T04:34:02.831464Z,0.0500,112.51,yes
2026-10-10T04:34:03.635144Z,0.0500,93.76,yes
2026-10-10T04:34:03.848524Z,0.0400,0.55,no
2026-10-10T04:34:04.386793Z,0.0500,9.37,yes
2026-10-10T04:34:04.746004Z,0.0400,67.37,no
2026-10-10T04:34:04.895907Z,0.0500,187.52,yes
2026-10-10T04:34:05.729536Z,0.0500,1875.29,yes
2026-10-10T04:34:06.072543Z,0.0500,375.05,yes
2026-10-10T04:34:06.585976Z,0.0500,187.52,yes
2026-10-10T04:34:07.823416Z,0.0400,147.21,no
2026-10-10T04:34:08.087641Z,0.0500,14.00,yes
2026-10-10T04:34:09.243487Z,0.0500,93.76,yes
2026-10-10T04:34:09.282384Z,0.0500,3484.90,yes
2026-10-10T04:34:09.282384Z,0.0500,265.68,yes
2026-10-10T04:34:09.746388Z,0.0500,21.56,yes
2026-10-10T04:34:11.733988Z,0.0500,18.00,yes
2026-10-10T04:34:13.495389Z,0.0500,93.76,yes
2026-10-10T04:34:13.838466Z,0.0500,67.00,yes
2026-10-10T04:34:15.39549Z,0.0500,18.75,yes
2026-10-10T04:34:16.642608Z,0.0500,93.76,yes
2026-10-10T04:34:16.64357Z,0.0400,33.68,no
2026-10-10T04:34:16.714656Z,0.0500,56.25,yes
2026-10-10T04:34:17.91837Z,0.0500,18.75,yes
2026-10-10T04:34:18.318291Z,0.0400,93.76,no
2026-10-10T04:34:19.203898Z,0.0500,150.58,yes
2026-10-10T04:34:19.851877Z,0.0500,40.88,yes
2026-10-10T04:34:21.687985Z,0.0500,312.00,yes
2026-10-10T04:34:21.750416Z,0.0500,93.76,yes
2026-10-10T04:34:23.699149Z,0.0500,37.50,yes
2026-10-10T04:34:24.443824Z,0.0500,93.76,yes
2026-10-10T04:34:24.934257Z,0.0500,56.25,yes
2026-10-10T04:34:27.335728Z,0.0500,71.28,yes
2026-10-10T04:34:28.998289Z,0.0500,18.75,yes
2026-10-10T04:34:29.080957Z,0.0500,100.00,yes
2026-10-10T04:34:31.075721Z,0.0500,300.04,yes
2026-10-10T04:34:31.40313Z,0.0500,71.28,yes
2026-10-10T04:34:32.019313Z,0.0500,4688.23,yes
2026-10-10T04:34:33.045698Z,0.0500,25.69,yes
2026-10-10T04:34:33.480504Z,0.0500,46.88,yes
2026-10-10T04:34:33.498298Z,0.0400,107.75,no
2026-10-10T04:34:33.848565Z,0.0500,375.05,yes
2026-10-10T04:34:34.046541Z,0.0400,26.17,no
2026-10-10T04:34:34.058071Z,0.0500,562.58,yes
2026-10-10T04:34:34.105672Z,0.0500,187.52,yes
2026-10-10T04:34:35.478179Z,0.0500,11.62,yes
2026-10-10T04:34:39.108023Z,0.0500,37.50,yes
2026-10-10T04:34:40.231116Z,0.0500,14.00,yes
2026-10-10T04:34:42.210544Z,0.0500,375.05,yes
2026-10-10T04:34:42.646525Z,0.0500,37.50,yes
2026-10-10T04:34:43.506287Z,0.0500,9.37,yes
2026-10-10T04:34:45.189969Z,0.0500,937.64,yes
2026-10-10T04:34:47.586957Z,0.0500,150.02,yes
2026-10-10T04:34:47.979005Z,0.0500,58.88,yes
2026-10-10T04:34:48.282509Z,0.0500,75.00,yes
2026-10-10T04:34:50.917617Z,0.0500,93.00,yes
2026-10-10T04:34:51.375797Z,0.0500,123.10,yes
2026-10-10T04:34:51.375797Z,0.0500,8.17,yes
2026-10-10T04:34:52.022437Z,0.0500,3.00,yes
2026-10-10T04:34:52.022437Z,0.0500,2.00,yes
2026-10-10T04:34:52.022437Z,0.0500,15.00,yes
2026-10-10T04:34:52.022437Z,0.0500,73.76,yes
2026-10-10T04:34:52.09004Z,0.0500,9.37,yes
2026-10-10T04:34:52.67886Z,0.0500,3.75,yes
2026-10-10T04:34:52.769177Z,0.0500,93.76,yes
2026-10-10T04:34:53.29909Z,0.0500,36.75,yes
2026-10-10T04:34:53.831203Z,0.0500,18.75,yes
2026-10-10T04:34:57.636465Z,0.0500,108.00,yes
2026-10-10T04:34:57.636465Z,0.0500,79.52,yes
2026-10-10T04:34:58.128417Z,0.0500,52.25,yes
2026-10-10T04:34:58.128417Z,0.0500,4.00,yes
2026-10-10T04:34:59.469742Z,0.0500,142.71,yes
2026-10-10T04:34:59.537415Z,0.0500,206.28,yes
2026-10-10T04:35:00.71386Z,0.0500,93.76,yes
2026-10-10T04:35:00.731744Z,0.0500,500.00,yes
2026-10-10T04:35:00.731744Z,0.0500,57.25,yes
2026-10-10T04:35:00.731744Z,0.0500,1000.00,yes
2026-10-10T04:35:01.003349Z,0.0500,117.43,no
2026-10-10T04:35:02.681658Z,0.0600,1.00,yes
2026-10-10T04:35:02.681658Z,0.0600,3.00,yes
2026-10-10T04:35:02.681658Z,0.0600,2.00,yes
2026-10-10T04:35:02.681658Z,0.0600,3.00,yes
2026-10-10T04:35:02.681658Z,0.0600,1.00,yes
2026-10-10T04:35:02.681658Z,0.0600,1.00,yes
2026-10-10T04:35:02.681658Z,0.0600,28.00,yes
2026-10-10T04:35:02.681658Z,0.0600,108.00,yes
2026-10-10T04:35:02.681658Z,0.0600,3.00,yes
2026-10-10T04:35:02.681658Z,0.0600,10.00,yes
2026-10-10T04:35:02.681658Z,0.0600,74.56,yes
2026-10-10T04:35:03.281035Z,0.0600,111.00,yes
2026-10-10T04:35:03.983824Z,0.0600,15.63,yes
2026-10-10T04:35:04.016974Z,0.0600,7.81,yes
2026-10-10T04:35:05.645187Z,0.0600,222.00,yes
2026-10-10T04:35:05.645187Z,0.0600,25.00,yes
2026-10-10T04:35:05.645187Z,0.0600,1.00,yes
2026-10-10T04:35:05.645187Z,0.0600,1.00,yes
2026-10-10T04:35:05.645187Z,0.0600,2.00,yes
2026-10-10T04:35:05.645187Z,0.0600,20.00,yes
2026-10-10T04:35:05.645187Z,0.0600,510.88,yes
2026-10-10T04:35:06.461218Z,0.0600,78.18,yes
2026-10-10T04:35:06.49152Z,0.0600,312.75,yes
2026-10-10T04:35:06.764772Z,0.0500,0.07,no
2026-10-10T04:35:07.549238Z,0.0600,234.56,yes
2026-10-10T04:35:08.628103Z,0.0600,15.63,yes
2026-10-10T04:35:09.781951Z,0.0500,1414.25,no
2026-10-10T04:35:09.781951Z,0.0500,1707.14,no
2026-10-10T04:35:10.519693Z,0.0600,93.82,yes
2026-10-10T04:35:10.77631Z,0.0600,62.00,yes
2026-10-10T04:35:11.466211Z,0.0600,78.18,yes
2026-10-10T04:35:11.56849Z,0.0600,1563.77,yes
2026-10-10T04:35:12.131613Z,0.0600,31.27,yes
2026-10-10T04:35:12.970639Z,0.0600,0.78,yes
2026-10-10T04:35:14.476Z,0.0600,15.63,yes
2026-10-10T04:35:14.48471Z,0.0600,781.88,yes
2026-10-10T04:35:14.982955Z,0.0600,78.18,yes
2026-10-10T04:35:15.050926Z,0.0500,47.34,no
2026-10-10T04:35:16.065426Z,0.0600,78.18,yes
2026-10-10T04:35:16.617941Z,0.0600,156.84,yes
2026-10-10T04:35:16.859281Z,0.0600,229.87,yes
2026-10-10T04:35:17.589368Z,0.0600,781.88,yes
2026-10-10T04:35:17.833521Z,0.0600,153.09,yes
2026-10-10T04:35:19.154477Z,0.0600,31.16,yes
2026-10-10T04:35:19.887509Z,0.0600,234.56,yes
2026-10-10T04:35:20.120458Z,0.0600,781.88,yes
2026-10-10T04:35:20.131563Z,0.0600,78.18,yes
2026-10-10T04:35:20.272132Z,0.0600,156.33,yes
2026-10-10T04:35:20.459598Z,0.0600,62.55,yes
2026-10-10T04:35:20.60821Z,0.0600,156.37,yes
2026-10-10T04:35:21.119234Z,0.0500,76.64,no
2026-10-10T04:35:22.051027Z,0.0600,15.63,yes
2026-10-10T04:35:22.248608Z,0.0600,2314.38,yes
2026-10-10T04:35:22.787039Z,0.0600,15.63,yes
2026-10-10T04:35:23.541451Z,0.0600,78.18,yes
2026-10-10T04:35:23.778246Z,0.0500,82.20,no
2026-10-10T04:35:23.917108Z,0.0500,11.00,no
2026-10-10T04:35:24.918045Z,0.0600,31.27,yes
2026-10-10T04:35:25.377474Z,0.0600,529.26,yes
2026-10-10T04:35:25.377474Z,0.0600,786.51,yes
2026-10-10T04:35:25.377474Z,0.0600,173.00,yes
2026-10-10T04:35:25.377474Z,0.0600,75.00,yes
2026-10-10T04:35:26.098206Z,0.0600,62.55,yes
2026-10-10T04:35:26.137468Z,0.0600,156.37,yes
2026-10-10T04:35:26.587651Z,0.0600,156.37,yes
2026-10-10T04:35:26.649176Z,0.0600,390.94,yes
2026-10-10T04:35:27.048879Z,0.0600,31.27,yes
2026-10-10T04:35:27.092937Z,0.0600,484.76,yes
2026-10-10T04:35:27.129465Z,0.0600,15.63,yes
2026-10-10T04:35:27.177474Z,0.0600,312.75,yes
2026-10-10T04:35:27.373318Z,0.0600,7.81,yes
2026-10-10T04:35:27.770124Z,0.0600,78.18,yes
2026-10-10T04:35:27.804894Z,0.0600,312.75,yes
2026-10-10T04:35:27.867205Z,0.0600,156.37,yes
2026-10-10T04:35:28.846222Z,0.0600,156.37,yes
2026-10-10T04:35:28.859325Z,0.0600,13.29,yes
2026-10-10T04:35:29.313076Z,0.0600,8.75,yes
2026-10-10T04:35:30.070725Z,0.0600,1016.45,yes
2026-10-10T04:35:30.166129Z,0.0600,33.15,yes
2026-10-10T04:35:30.863545Z,0.0600,31.27,yes
2026-10-10T04:35:31.136255Z,0.0600,86.16,yes
2026-10-10T04:35:31.169145Z,0.0600,110.08,yes
2026-10-10T04:35:31.195098Z,0.0500,61.28,no
2026-10-10T04:35:31.309405Z,0.0600,156.37,yes
2026-10-10T04:35:31.496919Z,0.0600,31.27,yes
2026-10-10T04:35:31.85022Z,0.0600,781.88,yes
2026-10-10T04:35:32.01339Z,0.0500,32.36,no
2026-10-10T04:35:32.013648Z,0.0500,26.82,no
2026-10-10T04:35:32.336442Z,0.0600,15.63,yes
2026-10-10T04:35:32.86441Z,0.0700,207.19,yes
2026-10-10T04:35:32.86441Z,0.0700,1.00,yes
2026-10-10T04:35:32.86441Z,0.0700,2.00,yes
2026-10-10T04:35:32.86441Z,0.0700,2.00,yes
2026-10-10T04:35:32.86441Z,0.0700,2.00,yes
2026-10-10T04:35:34.279943Z,0.0700,67.06,yes
2026-10-10T04:35:34.605768Z,0.0600,4.13,no
2026-10-10T04:35:34.605768Z,0.0600,5.00,no
2026-10-10T04:35:35.446666Z,0.0700,15.37,yes
2026-10-10T04:35:35.446666Z,0.0700,1.00,yes
2026-10-10T04:35:35.446666Z,0.0700,1.00,yes
2026-10-10T04:35:35.446666Z,0.0700,1.00,yes
2026-10-10T04:35:35.446666Z,0.0700,1.00,yes
2026-10-10T04:35:35.446666Z,0.0700,44.75,yes
2026-10-10T04:35:35.446666Z,0.0700,68.00,yes
2026-10-10T04:35:35.446666Z,0.0700,2.00,yes
2026-10-10T04:35:35.678402Z,0.0700,337.30,yes
2026-10-10T04:35:35.678402Z,0.0700,53.13,yes
2026-10-10T04:35:35.852013Z,0.0700,67.06,yes
2026-10-10T04:35:36.469043Z,0.0700,67.06,yes
2026-10-10T04:35:36.524976Z,0.0700,13.41,yes
2026-10-10T04:35:37.428639Z,0.0700,15.17,yes
2026-10-10T04:35:37.428639Z,0.0700,0.01,yes
2026-10-10T04:35:37.428639Z,0.0700,221.48,yes
2026-10-10T04:35:38.051174Z,0.0700,13.41,yes
2026-10-10T04:35:38.061346Z,0.0700,60.51,yes
2026-10-10T04:35:38.570715Z,0.0700,268.25,yes
2026-10-10T04:35:38.621968Z,0.0700,1.14,yes
2026-10-10T04:35:39.01048Z,0.0700,555.00,yes
2026-10-10T04:35:39.084511Z,0.0700,90.00,yes
2026-10-10T04:35:39.224149Z,0.0700,40.23,yes
2026-10-10T04:35:39.259347Z,0.0700,67.06,yes
2026-10-10T04:35:39.275378Z,0.0700,335.31,yes
2026-10-10T04:35:39.291343Z,0.0700,402.37,yes
2026-10-10T04:35:39.464479Z,0.0700,2.00,yes
2026-10-10T04:35:40.00712Z,0.0700,50.00,yes
2026-10-10T04:35:40.14453Z,0.0700,53.57,yes
2026-10-10T04:35:40.265985Z,0.0700,925.46,yes
2026-10-10T04:35:40.448432Z,0.0700,1005.94,yes
2026-10-10T04:35:40.559115Z,0.0700,134.12,yes
2026-10-10T04:35:40.762491Z,0.0600,1.05,no
2026-10-10T04:35:40.762491Z,0.0600,1.10,no
2026-10-10T04:35:40.762491Z,0.0600,1500.00,no
2026-10-10T04:35:40.783246Z,0.0600,26.82,yes
2026-10-10T04:35:40.928333Z,0.0600,7.00,yes
2026-10-10T04:35:41.049394Z,0.0600,40.23,yes
2026-10-10T04:35:41.634733Z,0.0600,200.00,yes
2026-10-10T04:35:41.965209Z,0.0600,12.50,yes
2026-10-10T04:35:42.134217Z,0.0600,156.37,yes
2026-10-10T04:35:42.222237Z,0.0600,66.46,yes
2026-10-10T04:35:42.276823Z,0.0600,46.91,yes
2026-10-10T04:35:42.661389Z,0.0600,172.01,yes
2026-10-10T04:35:42.719665Z,0.0600,156.37,yes
2026-10-10T04:35:42.791615Z,0.0600,1.72,yes
2026-10-10T04:35:42.991203Z,0.0600,156.37,yes
2026-10-10T04:35:43.175299Z,0.0600,78.18,yes
2026-10-10T04:35:43.410931Z,0.0500,29.22,no
2026-10-10T04:35:43.423227Z,0.0600,1563.77,yes
2026-10-10T04:35:43.492272Z,0.0600,41.75,yes
2026-10-10T04:35:44.082555Z,0.0600,13407.46,yes
2026-10-10T04:35:44.082555Z,0.0600,2273.54,yes
2026-10-10T04:35:44.082555Z,0.0600,171.00,yes
2026-10-10T04:35:44.082555Z,0.0600,2560.00,yes
2026-10-10T04:35:44.082555Z,0.0600,75.00,yes
2026-10-10T04:35:44.144351Z,0.0600,2500.00,yes
2026-10-10T04:35:44.179449Z,0.0600,106.00,yes
2026-10-10T04:35:44.179449Z,0.0600,7500.00,yes
2026-10-10T04:35:44.609533Z,0.0700,155.00,yes
2026-10-10T04:35:45.227389Z,0.0700,67.06,yes
2026-10-10T04:35:45.305637Z,0.0700,469.30,yes
2026-10-10T04:35:45.444842Z,0.0700,16.36,yes
2026-10-10T04:35:45.643425Z,0.0700,32.45,yes
2026-10-10T04:35:46.517144Z,0.0700,13.41,yes
2026-10-10T04:35:46.597232Z,0.0700,2.28,yes
2026-10-10T04:35:46.79328Z,0.0500,0.44,no
2026-10-10T04:35:46.79328Z,0.0600,2.00,no
2026-10-10T04:35:46.79328Z,0.0600,2.54,no
2026-10-10T04:35:47.189635Z,0.0700,268.25,yes
2026-10-10T04:35:47.264198Z,0.0700,46.54,yes
2026-10-10T04:35:47.269176Z,0.0700,67.06,yes
2026-10-10T04:35:47.376104Z,0.0700,1314.43,yes
2026-10-10T04:35:47.466223Z,0.0700,134.12,yes
2026-10-10T04:35:47.909405Z,0.0700,67.06,yes
2026-10-10T04:35:48.530183Z,0.0700,500.00,yes
2026-10-10T04:35:48.99223Z,0.0700,67.06,yes
2026-10-10T04:35:49.552916Z,0.0700,26.82,yes
2026-10-10T04:35:49.816553Z,0.0600,117.12,no
2026-10-10T04:35:50.461993Z,0.0700,246.67,yes
2026-10-10T04:35:51.359955Z,0.0700,134.12,yes
2026-10-10T04:35:51.698941Z,0.0700,100.00,yes
2026-10-10T04:35:52.60963Z,0.0600,221.10,no
2026-10-10T04:35:52.615697Z,0.0700,201.18,yes
2026-10-10T04:35:52.8264Z,0.0700,67.06,yes
2026-10-10T04:35:52.864623Z,0.0700,134.12,yes
2026-10-10T04:35:53.679914Z,0.0700,24.65,yes
2026-10-10T04:35:53.679914Z,0.0700,42.41,yes
2026-10-10T04:35:54.855415Z,0.0700,992.52,yes
2026-10-10T04:35:55.686894Z,0.0700,13.41,yes
2026-10-10T04:35:56.234164Z,0.0700,13.41,yes
2026-10-10T04:35:56.971325Z,0.0700,6.70,yes
2026-10-10T04:35:57.072701Z,0.0700,335.31,yes
2026-10-10T04:35:57.443161Z,0.0700,402.37,yes
2026-10-10T04:35:57.793637Z,0.0700,415.78,yes
2026-10-10T04:35:58.632173Z,0.0700,83.82,yes
2026-10-10T04:35:58.702318Z,0.0700,233.00,yes
2026-10-10T04:35:58.787463Z,0.0700,16.00,yes
2026-10-10T04:35:59.026666Z,0.0700,375.55,yes
2026-10-10T04:35:59.682385Z,0.0700,99.78,yes
2026-10-10T04:35:59.860555Z,0.0700,268.25,yes
2026-10-10T04:36:00.011645Z,0.0600,421.11,no
2026-10-10T04:36:00.031105Z,0.0700,21.00,yes
2026-10-10T04:36:00.246623Z,0.0700,67.06,yes
2026-10-10T04:36:00.259621Z,0.0700,500.00,yes
2026-10-10T04:36:00.47194Z,0.0700,56.00,yes
2026-10-10T04:36:00.90383Z,0.0700,57.63,yes
2026-10-10T04:36:00.90383Z,0.0700,143.55,yes
2026-10-10T04:36:02.26145Z,0.0700,670.62,yes
2026-10-10T04:36:02.55832Z,0.0700,67.06,yes
2026-10-10T04:36:02.727629Z,0.0700,134.12,yes
2026-10-10T04:36:02.975775Z,0.0700,201.18,yes
2026-10-10T04:36:02.998104Z,0.0700,2132.59,yes
2026-10-10T04:36:03.217082Z,0.0700,134.12,yes
2026-10-10T04:36:03.73529Z,0.0700,20.11,yes
2026-10-10T04:36:03.909491Z,0.0700,134.12,yes
2026-10-10T04:36:03.93811Z,0.0700,67.06,yes
2026-10-10T04:36:04.034664Z,0.0700,1.34,yes
2026-10-10T04:36:04.041669Z,0.0700,108.15,yes
2026-10-10T04:36:04.041669Z,0.0700,294.13,yes
2026-10-10T04:36:04.163252Z,0.0700,13.41,yes
2026-10-10T04:36:04.164694Z,0.0700,670.62,yes
2026-10-10T04:36:04.219579Z,0.0700,13.41,yes
2026-10-10T04:36:04.237708Z,0.0700,4.00,yes
2026-10-10T04:36:04.586508Z,0.0700,68.40,yes
2026-10-10T04:36:04.592704Z,0.0600,31.21,no
2026-10-10T04:36:04.948056Z,0.0700,134.12,yes
2026-10-10T04:36:05.213784Z,0.0700,26.82,yes
2026-10-10T04:36:05.360091Z,0.0700,4.15,yes
2026-10-10T04:36:05.585041Z,0.0700,53.65,yes
2026-10-10T04:36:05.704553Z,0.0700,111.00,yes
2026-10-10T04:36:05.943393Z,0.0600,47.03,no
2026-10-10T04:36:06.753344Z,0.0700,27.00,yes
2026-10-10T04:36:07.242238Z,0.0700,134.12,yes
2026-10-10T04:36:07.694191Z,0.0700,668.62,yes
2026-10-10T04:36:07.694191Z,0.0700,2.00,yes
2026-10-10T04:36:07.934344Z,0.0700,7.37,yes
2026-10-10T04:36:07.951802Z,0.0700,17.97,yes
2026-10-10T04:36:09.950524Z,0.0600,286.17,no
2026-10-10T04:36:11.018986Z,0.0700,2.01,yes
2026-10-10T04:36:11.14202Z,0.0600,555.00,no
2026-10-10T04:36:12.061936Z,0.0700,500.00,yes
2026-10-10T04:36:12.465434Z,0.0600,110.08,no
2026-10-10T04:36:12.569349Z,0.0700,23.20,yes
2026-10-10T04:36:12.725718Z,0.0700,8758.39,yes
2026-10-10T04:36:12.946263Z,0.0700,1.00,yes
2026-10-10T04:36:13.268168Z,0.0700,67.19,yes
2026-10-10T04:36:13.36718Z,0.0700,1341.25,yes
2026-10-10T04:36:14.858045Z,0.0700,268.25,yes
2026-10-10T04:36:15.079087Z,0.0700,67.06,yes
2026-10-10T04:36:15.747348Z,0.0700,134.12,yes
2026-10-10T04:36:15.849259Z,0.0700,67.06,yes
2026-10-10T04:36:15.863219Z,0.0700,67.00,yes
2026-10-10T04:36:15.891366Z,0.0700,302.18,yes
2026-10-10T04:36:16.130087Z,0.0700,10.99,yes
2026-10-10T04:36:16.323211Z,0.0600,108.90,no
2026-10-10T04:36:16.789741Z,0.0700,67.06,yes
2026-10-10T04:36:16.960055Z,0.0700,67.06,yes
2026-10-10T04:36:18.377788Z,0.0700,22.11,yes
2026-10-10T04:36:18.595209Z,0.0600,105.07,no
2026-10-10T04:36:18.842071Z,0.0700,107.30,yes
2026-10-10T04:36:18.941281Z,0.0700,0.67,yes
2026-10-10T04:36:19.057747Z,0.0700,67.06,yes
2026-10-10T04:36:19.338412Z,0.0700,40.23,yes
2026-10-10T04:36:19.573434Z,0.0700,67.06,yes
2026-10-10T04:36:20.028181Z,0.0700,1341.25,yes
2026-10-10T04:36:20.323478Z,0.0700,201.18,yes
2026-10-10T04:36:20.765841Z,0.0700,120.71,yes
2026-10-10T04:36:21.103288Z,0.0600,94.69,no
2026-10-10T04:36:21.287728Z,0.0700,22.80,yes
2026-10-10T04:36:21.554452Z,0.0700,30.00,yes
2026-10-10T04:36:24.597777Z,0.0700,134.12,yes
2026-10-10T04:36:25.451815Z,0.0700,34.47,yes
2026-10-10T04:36:25.479075Z,0.0700,127.55,yes
2026-10-10T04:36:25.60143Z,0.0700,67.06,yes
2026-10-10T04:36:25.642492Z,0.0600,21.55,no
2026-10-10T04:36:25.941371Z,0.0700,67.06,yes
2026-10-10T04:36:26.080831Z,0.0700,11.00,yes
2026-10-10T04:36:26.705082Z,0.0700,13.68,yes
2026-10-10T04:36:26.923272Z,0.0700,47.40,yes
2026-10-10T04:36:26.923272Z,0.0700,201.00,yes
2026-10-10T04:36:26.923272Z,0.0700,86.91,yes
2026-10-10T04:36:27.214821Z,0.0700,13.41,yes
2026-10-10T04:36:27.523142Z,0.0700,4.82,yes
2026-10-10T04:36:27.693156Z,0.0700,670.62,yes
2026-10-10T04:36:28.073785Z,0.0700,13.41,yes
2026-10-10T04:36:28.423507Z,0.0700,134.12,yes
2026-10-10T04:36:28.956744Z,0.0700,737.69,yes
2026-10-10T04:36:29.153206Z,0.0700,670.62,yes
2026-10-10T04:36:29.270154Z,0.0700,67.06,yes
2026-10-10T04:36:30.089793Z,0.0700,80.47,yes
2026-10-10T04:36:30.512737Z,0.0700,500.00,yes
2026-10-10T04:36:30.736143Z,0.0700,111.00,yes
2026-10-10T04:36:31.755169Z,0.0700,134.12,yes
2026-10-10T04:36:32.351235Z,0.0700,26.82,yes
2026-10-10T04:36:33.115284Z,0.0700,26.82,yes
2026-10-10T04:36:34.489859Z,0.0700,173.55,yes
2026-10-10T04:36:35.75966Z,0.0700,93.88,yes
2026-10-10T04:36:36.246548Z,0.0700,201.18,yes
2026-10-10T04:36:36.330246Z,0.0700,13.41,yes
2026-10-10T04:36:36.598352Z,0.0700,67.06,yes
2026-10-10T04:36:36.748537Z,0.0600,392.48,no
2026-10-10T04:36:36.813347Z,0.0600,36.71,no
2026-10-10T04:36:37.098386Z,0.0700,108.33,yes
2026-10-10T04:36:37.226064Z,0.0700,47.85,yes
2026-10-10T04:36:37.226064Z,0.0700,18.21,yes
2026-10-10T04:36:37.226064Z,0.0700,1.00,yes
2026-10-10T04:36:38.267254Z,0.0700,134.12,yes
2026-10-10T04:36:38.298291Z,0.0700,67.06,yes
2026-10-10T04:36:38.863203Z,0.0600,107.75,no
2026-10-10T04:36:39.073328Z,0.0600,673.72,no
2026-10-10T04:36:39.218789Z,0.0700,134.12,yes
2026-10-10T04:36:39.234645Z,0.0700,26.82,yes
2026-10-10T04:36:39.766685Z,0.0700,268.25,yes
2026-10-10T04:36:41.042396Z,0.0700,31.65,yes
2026-10-10T04:36:41.268509Z,0.0700,100.00,yes
2026-10-10T04:36:41.424831Z,0.0700,1.34,yes
2026-10-10T04:36:41.511501Z,0.0700,134.12,yes
2026-10-10T04:36:41.579042Z,0.0700,335.31,yes
2026-10-10T04:36:41.641909Z,0.0700,43.99,yes
2026-10-10T04:36:42.486673Z,0.0700,67.06,yes
2026-10-10T04:36:42.553556Z,0.0600,78.18,no
2026-10-10T04:36:42.637423Z,0.0700,166.04,yes
2026-10-10T04:36:43.969057Z,0.0700,11.80,yes
2026-10-10T04:36:44.346363Z,0.0700,268.25,yes
2026-10-10T04:36:44.495536Z,0.0700,134.12,yes
2026-10-10T04:36:44.670333Z,0.0700,18.91,yes
2026-10-10T04:36:44.902823Z,0.0700,124.93,yes
2026-10-10T04:36:44.902823Z,0.0700,9.19,yes
2026-10-10T04:36:45.143512Z,0.0700,93.88,yes
2026-10-10T04:36:45.381449Z,0.0700,1341.25,yes
2026-10-10T04:36:46.641409Z,0.0700,335.31,yes
2026-10-10T04:36:46.755202Z,0.0600,55.59,no
2026-10-10T04:36:47.74379Z,0.0700,402.37,yes
2026-10-10T04:36:48.642811Z,0.0600,39.71,no
2026-10-10T04:36:49.665094Z,0.0700,1314.43,yes
2026-10-10T04:36:49.886302Z,0.0700,134.12,yes
2026-10-10T04:36:49.916001Z,0.0700,13.41,yes
2026-10-10T04:36:50.08558Z,0.0700,1341.25,yes
2026-10-10T04:36:50.762468Z,0.0700,13.41,yes
2026-10-10T04:36:50.845264Z,0.0700,134.12,yes
2026-10-10T04:36:51.44201Z,0.0700,160.95,yes
2026-10-10T04:36:51.473328Z,0.0700,1.07,yes
2026-10-10T04:36:51.804564Z,0.0700,20.00,yes
2026-10-10T04:36:53.073067Z,0.0700,2.14,yes
2026-10-10T04:36:53.195094Z,0.0700,134.12,yes
2026-10-10T04:36:53.652233Z,0.0700,67.06,yes
2026-10-10T04:36:54.264163Z,0.0700,134.12,yes
2026-10-10T04:36:55.126309Z,0.0700,26.82,yes
2026-10-10T04:36:55.19354Z,0.0700,134.25,yes
2026-10-10T04:36:55.394224Z,0.0700,281.66,yes
2026-10-10T04:36:55.563118Z,0.0600,624.27,no
2026-10-10T04:36:55.766506Z,0.0700,93.88,yes
2026-10-10T04:36:56.899343Z,0.0600,125.00,no
2026-10-10T04:36:56.917566Z,0.0700,6.70,yes
2026-10-10T04:36:57.112106Z,0.0700,26.82,yes
2026-10-10T04:36:57.885606Z,0.0700,670.62,yes
2026-10-10T04:36:59.624183Z,0.0600,67.37,no
2026-10-10T04:37:00.490216Z,0.0700,26.82,yes
2026-10-10T04:37:01.477303Z,0.0700,137.21,yes
2026-10-10T04:37:01.527597Z,0.0700,1472.28,yes
2026-10-10T04:37:01.527597Z,0.0700,1027.72,yes
2026-10-10T04:37:01.81103Z,0.0700,5.36,yes
2026-10-10T04:37:03.066249Z,0.0700,568.98,yes
2026-10-10T04:37:03.066249Z,0.0700,101.64,yes
2026-10-10T04:37:03.476795Z,0.0700,40.23,yes
2026-10-10T04:37:03.597575Z,0.0700,268.38,yes
2026-10-10T04:37:05.397295Z,0.0700,268.25,yes
2026-10-10T04:37:06.384779Z,0.0700,67.06,yes
2026-10-10T04:37:06.464924Z,0.0700,67.06,yes
2026-10-10T04:37:06.749649Z,0.0700,134.25,yes
2026-10-10T04:37:08.386996Z,0.0600,90.24,no
2026-10-10T04:37:09.274169Z,0.0600,24.90,no
2026-10-10T04:37:09.436596Z,0.0700,1341.25,yes
2026-10-10T04:37:10.432835Z,0.0700,26.82,yes
2026-10-10T04:37:11.228732Z,0.0700,40.23,yes
2026-10-10T04:37:11.966042Z,0.0700,13.41,yes
2026-10-10T04:37:12.527295Z,0.0700,40.23,yes
2026-10-10T04:37:13.392386Z,0.0700,123.85,yes
2026-10-10T04:37:13.392386Z,0.0700,250.00,yes
2026-10-10T04:37:13.392386Z,0.0700,28.52,yes
2026-10-10T04:37:13.791437Z,0.0700,67.06,yes
2026-10-10T04:37:15.092012Z,0.0700,2.66,yes
2026-10-10T04:37:18.711244Z,0.0600,35.25,no
2026-10-10T04:37:18.759784Z,0.0700,1139.13,yes
2026-10-10T04:37:18.759784Z,0.0700,68.00,yes
2026-10-10T04:37:19.569187Z,0.0700,670.62,yes
2026-10-10T04:37:20.19722Z,0.0700,2137.15,yes
2026-10-10T04:37:22.151114Z,0.0700,134.12,yes
2026-10-10T04:37:22.369214Z,0.0700,670.62,yes
2026-10-10T04:37:25.344324Z,0.0700,93.88,yes
2026-10-10T04:37:25.67503Z,0.0700,132.24,yes
2026-10-10T04:37:26.874942Z,0.0700,308.48,yes
2026-10-10T04:37:28.373022Z,0.0700,102.60,yes
2026-10-10T04:37:29.844553Z,0.0700,80.47,yes
2026-10-10T04:37:30.568168Z,0.0700,152.00,yes
2026-10-10T04:37:31.66422Z,0.0700,21.59,yes
2026-10-10T04:37:31.972257Z,0.0700,134.12,yes
2026-10-10T04:37:32.897506Z,0.0700,340.00,yes
2026-10-10T04:37:33.256466Z,0.0600,134.12,no
2026-10-10T04:37:33.300261Z,0.0700,40.23,yes
2026-10-10T04:37:35.975485Z,0.0700,67.06,yes
2026-10-10T04:37:36.083543Z,0.0700,402.37,yes
2026-10-10T04:37:36.298205Z,0.0700,10.00,yes
2026-10-10T04:37:36.515371Z,0.0700,27.00,yes
2026-10-10T04:37:38.950457Z,0.0700,67.06,yes
2026-10-10T04:37:39.441529Z,0.0600,4.02,no
2026-10-10T04:37:40.192378Z,0.0700,26.82,yes
2026-10-10T04:37:41.355184Z,0.0600,10.05,no
2026-10-10T04:37:44.462825Z,0.0700,268.25,yes
2026-10-10T04:37:47.156Z,0.0700,1341.25,yes
2026-10-10T04:37:47.231319Z,0.0700,134.12,yes
2026-10-10T04:37:47.641761Z,0.0700,268.25,yes
2026-10-10T04:37:50.560355Z,0.0700,65.05,yes
2026-10-10T04:37:51.357863Z,0.0700,1341.25,yes
2026-10-10T04:37:55.419632Z,0.0600,57.27,no
2026-10-10T04:37:55.962727Z,0.0700,616.97,yes
2026-10-10T04:37:56.894381Z,0.0700,134.12,yes
2026-10-10T04:37:58.204148Z,0.0700,26.82,yes
2026-10-10T04:37:58.375655Z,0.0700,134.12,yes
2026-10-10T04:37:58.695058Z,0.0700,80.47,yes
2026-10-10T04:37:58.982439Z,0.0700,13.41,yes
2026-10-10T04:38:00.21684Z,0.0700,231.90,yes
2026-10-10T04:38:00.875758Z,0.0700,3.62,yes
2026-10-10T04:38:01.548509Z,0.0600,7.86,no
2026-10-10T04:38:04.007799Z,0.0700,26.82,yes
2026-10-10T04:38:04.168414Z,0.0600,1.34,no
2026-10-10T04:38:05.854814Z,0.0700,120.71,yes
2026-10-10T04:38:06.932278Z,0.0700,31.25,yes
2026-10-10T04:38:09.68322Z,0.0700,670.62,yes
2026-10-10T04:38:10.301518Z,0.0700,134.12,yes
2026-10-10T04:38:10.372498Z,0.0700,8.04,yes
2026-10-10T04:38:10.83913Z,0.0700,134.12,yes
2026-10-10T04:38:12.672446Z,0.0700,67.06,yes
2026-10-10T04:38:13.243869Z,0.0600,22.56,no
2026-10-10T04:38:15.184022Z,0.0700,80.47,yes
2026-10-10T04:38:15.387873Z,0.0700,14.21,yes
2026-10-10T04:38:15.911294Z,0.0700,201.18,yes
2026-10-10T04:38:16.186621Z,0.0700,67.06,yes
2026-10-10T04:38:16.452975Z,0.0700,67.06,yes
2026-10-10T04:38:16.550498Z,0.0700,13.41,yes
2026-10-10T04:38:16.944652Z,0.0700,201.18,yes
2026-10-10T04:38:17.815847Z,0.0700,67.06,yes
2026-10-10T04:38:19.530268Z,0.0700,200.00,yes
2026-10-10T04:38:19.583783Z,0.0700,21.05,yes
2026-10-10T04:38:19.802221Z,0.0600,18.87,no
2026-10-10T04:38:20.662056Z,0.0700,16.22,yes
2026-10-10T04:38:21.069001Z,0.0700,160.95,yes
2026-10-10T04:38:24.330914Z,0.0700,13.41,yes
2026-10-10T04:38:24.799447Z,0.0700,67.06,yes
2026-10-10T04:38:25.133822Z,0.0600,3.43,no
2026-10-10T04:38:25.357578Z,0.0700,67.06,yes
2026-10-10T04:38:26.559846Z,0.0700,67.06,yes
2026-10-10T04:38:26.756213Z,0.0600,21.55,no
2026-10-10T04:38:28.03965Z,0.0700,182.94,yes
2026-10-10T04:38:29.010747Z,0.0600,4.51,no
2026-10-10T04:38:30.334082Z,0.0700,71.89,yes
2026-10-10T04:38:30.456765Z,0.0600,92.34,no
2026-10-10T04:38:31.124599Z,0.0700,93.88,yes
2026-10-10T04:38:31.562232Z,0.0700,0.11,yes
2026-10-10T04:38:33.563784Z,0.0600,469.43,no
2026-10-10T04:38:33.58403Z,0.0700,335.31,yes
2026-10-10T04:38:34.048556Z,0.0700,93.88,yes
2026-10-10T04:38:34.065364Z,0.0700,335.31,yes
2026-10-10T04:38:34.742406Z,0.0600,104.54,no
2026-10-10T04:38:35.517485Z,0.0700,67.06,yes
2026-10-10T04:38:36.119051Z,0.0600,262.78,no
2026-10-10T04:38:40.143578Z,0.0700,657.21,yes
2026-10-10T04:38:40.631523Z,0.0700,1.34,yes
2026-10-10T04:38:46.079805Z,0.0700,80.47,yes
2026-10-10T04:38:46.522456Z,0.0700,80.47,yes
2026-10-10T04:38:46.935741Z,0.0700,86.51,yes
2026-10-10T04:38:47.241145Z,0.0600,234.25,no
2026-10-10T04:38:47.288323Z,0.0700,93.88,yes
2026-10-10T04:38:47.571964Z,0.0700,26.82,yes
2026-10-10T04:38:49.096366Z,0.0700,277.10,yes
2026-10-10T04:38:52.199863Z,0.0700,3353.13,yes
2026-10-10T04:38:52.649527Z,0.0700,201.18,yes
2026-10-10T04:38:53.356849Z,0.0700,402.37,yes
2026-10-10T04:38:55.521638Z,0.0700,134.12,yes
2026-10-10T04:38:57.664071Z,0.0700,14.21,yes
2026-10-10T04:38:58.069047Z,0.0600,23.48,no
2026-10-10T04:38:58.497393Z,0.0700,27.89,yes
2026-10-10T04:38:59.132399Z,0.0700,6.97,yes
2026-10-10T04:39:02.006563Z,0.0700,134.12,yes
2026-10-10T04:39:02.050418Z,0.0700,67.06,yes
2026-10-10T04:39:03.254485Z,0.0700,34.00,yes
2026-10-10T04:39:03.868289Z,0.0700,0.13,yes
2026-10-10T04:39:03.95334Z,0.0700,268.25,yes
2026-10-10T04:39:04.12502Z,0.0600,67.88,no
2026-10-10T04:39:05.903879Z,0.0700,13.41,yes
2026-10-10T04:39:06.548683Z,0.0700,87.98,yes
2026-10-10T04:39:06.861606Z,0.0700,67.06,yes
2026-10-10T04:39:06.942121Z,0.0700,13.41,yes
2026-10-10T04:39:07.832568Z,0.0600,4.73,no
2026-10-10T04:39:10.355688Z,0.0700,67.06,yes
2026-10-10T04:39:11.096299Z,0.0700,13.41,yes
2026-10-10T04:39:11.249425Z,0.0600,15.91,no
2026-10-10T04:39:11.914853Z,0.0700,268.25,yes
2026-10-10T04:39:12.876778Z,0.0700,187.77,yes
2026-10-10T04:39:13.273691Z,0.0700,134.12,yes
2026-10-10T04:39:13.673564Z,0.0600,4.51,no
2026-10-10T04:39:14.656099Z,0.0700,23.60,yes
2026-10-10T04:39:15.902813Z,0.0600,16.84,no
2026-10-10T04:39:18.425389Z,0.0700,67.00,yes
2026-10-10T04:39:18.688355Z,0.0700,79.13,yes
2026-10-10T04:39:18.983418Z,0.0700,268.25,yes
2026-10-10T04:39:20.430558Z,0.0700,3.35,yes
2026-10-10T04:39:20.549542Z,0.0700,53.65,yes
2026-10-10T04:39:22.156822Z,0.0700,67.06,yes
2026-10-10T04:39:26.406468Z,0.0700,13.41,yes
2026-10-10T04:39:29.189319Z,0.0700,13.28,yes
2026-10-10T04:39:29.321483Z,0.0700,0.80,yes
2026-10-10T04:39:29.82044Z,0.0700,388.96,yes
2026-10-10T04:39:30.832051Z,0.0700,40.23,yes
2026-10-10T04:39:31.998507Z,0.0700,67.06,yes
2026-10-10T04:39:32.28935Z,0.0700,268.25,yes
2026-10-10T04:39:32.399938Z,0.0600,28.39,no
2026-10-10T04:39:33.843907Z,0.0700,40.23,yes
2026-10-10T04:39:35.816174Z,0.0700,305.67,yes
2026-10-10T04:39:36.259729Z,0.0700,0.67,yes
2026-10-10T04:39:36.261395Z,0.0600,0.04,no
2026-10-10T04:39:36.557748Z,0.0700,20.00,yes
2026-10-10T04:39:37.459201Z,0.0700,134.12,yes
2026-10-10T04:39:40.100702Z,0.0600,249.03,no
2026-10-10T04:39:40.447487Z,0.0700,40.23,yes
2026-10-10T04:39:40.621035Z,0.0700,131.44,yes
2026-10-10T04:39:41.385092Z,0.0600,13.41,no
2026-10-10T04:39:42.867169Z,0.0700,134.12,yes
2026-10-10T04:39:44.269905Z,0.0700,4.96,yes
2026-10-10T04:39:44.748352Z,0.0600,5000.00,no
2026-10-10T04:39:45.083271Z,0.0700,134.12,yes
2026-10-10T04:39:46.567162Z,0.0700,134.12,yes
2026-10-10T04:39:47.776318Z,0.0700,67.06,yes
2026-10-10T04:39:49.674472Z,0.0600,134.49,no
2026-10-10T04:39:49.703042Z,0.0700,228.01,yes
2026-10-10T04:39:50.553387Z,0.0700,67.06,yes
2026-10-10T04:39:50.798745Z,0.0700,26.15,yes
2026-10-10T04:39:51.879127Z,0.0700,50.00,yes
2026-10-10T04:39:52.583988Z,0.0700,500.00,yes
2026-10-10T04:39:52.583988Z,0.0700,841.25,yes
2026-10-10T04:39:52.880829Z,0.0700,5.00,yes
2026-10-10T04:39:52.880829Z,0.0700,438.75,yes
2026-10-10T04:39:52.880829Z,0.0700,226.87,yes
2026-10-10T04:39:54.264456Z,0.0700,49.00,yes
2026-10-10T04:39:54.264456Z,0.0700,1.00,yes
2026-10-10T04:39:55.683682Z,0.0700,13.41,yes
2026-10-10T04:39:56.2396Z,0.0600,4.00,no
2026-10-10T04:39:57.106986Z,0.0600,1.03,no
2026-10-10T04:39:57.106986Z,0.0600,1.05,no
2026-10-10T04:39:57.106986Z,0.0600,1.05,no
2026-10-10T04:39:57.106986Z,0.0600,1.05,no
2026-10-10T04:39:57.106986Z,0.0600,1.10,no
2026-10-10T04:39:57.106986Z,0.0600,1.03,no
2026-10-10T04:39:57.106986Z,0.0600,46.00,no
2026-10-10T04:39:57.106986Z,0.0600,1.03,no
2026-10-10T04:39:57.106986Z,0.0600,1.06,no
2026-10-10T04:39:57.106986Z,0.0600,1.02,no
2026-10-10T04:39:57.106986Z,0.0600,1.02,no
2026-10-10T04:39:57.106986Z,0.0600,32.08,no
2026-10-10T04:39:57.540196Z,0.0700,335.31,yes
2026-10-10T04:39:57.90146Z,0.0700,134.12,yes
2026-10-10T04:39:58.558173Z,0.0700,67.06,yes
2026-10-10T04:39:58.869417Z,0.0600,7.25,no
2026-10-10T04:39:59.755213Z,0.0700,67.06,yes
2026-10-10T04:40:01.465358Z,0.0700,13.41,yes
2026-10-10T04:40:01.698506Z,0.0700,335.31,yes
2026-10-10T04:40:01.789075Z,0.0700,25.48,yes
2026-10-10T04:40:03.980181Z,0.0700,63.17,yes
2026-10-10T04:40:04.383209Z,0.0700,300.00,yes
2026-10-10T04:40:05.584035Z,0.0700,21.19,yes
2026-10-10T04:40:06.658811Z,0.0600,228.01,no
2026-10-10T04:40:06.736187Z,0.0700,134.12,yes
2026-10-10T04:40:07.111623Z,0.0700,67.06,yes
2026-10-10T04:40:07.159771Z,0.0700,9.00,yes
2026-10-10T04:40:07.956243Z,0.0600,106.38,no
2026-10-10T04:40:08.488525Z,0.0700,26.82,yes
2026-10-10T04:40:09.863957Z,0.0700,26.82,yes
2026-10-10T04:40:09.907125Z,0.0700,67.06,yes
2026-10-10T04:40:13.712195Z,0.0700,56.19,yes
2026-10-10T04:40:13.727875Z,0.0700,670.62,yes
2026-10-10T04:40:13.94295Z,0.0700,67.06,yes
2026-10-10T04:40:14.705069Z,0.0700,31.11,yes
2026-10-10T04:40:15.244224Z,0.0700,2146.00,yes
2026-10-10T04:40:15.558432Z,0.0700,6.70,yes
2026-10-10T04:40:16.383641Z,0.0700,316.92,yes
2026-10-10T04:40:16.383641Z,0.0700,353.70,yes
2026-10-10T04:40:17.338149Z,0.0700,2481.32,yes
2026-10-10T04:40:17.855011Z,0.0700,104.75,yes
2026-10-10T04:40:17.928054Z,0.0700,67.06,yes
2026-10-10T04:40:18.739254Z,0.0700,1993.17,yes
2026-10-10T04:40:18.739254Z,0.0700,689.34,yes
2026-10-10T04:40:19.353173Z,0.0700,93.88,yes
2026-10-10T04:40:19.74084Z,0.0700,2011.88,yes
2026-10-10T04:40:21.808211Z,0.0700,67.06,yes
2026-10-10T04:40:21.867191Z,0.0700,93.88,yes
2026-10-10T04:40:22.261015Z,0.0600,547.76,no
2026-10-10T04:40:24.694792Z,0.0700,134.12,yes
2026-10-10T04:40:25.171374Z,0.0700,10.73,yes
2026-10-10T04:40:25.664598Z,0.0600,67.36,no
2026-10-10T04:40:25.931987Z,0.0700,268.25,yes
2026-10-10T04:40:27.225729Z,0.0700,362.13,yes
2026-10-10T04:40:28.14218Z,0.0700,107.30,yes
2026-10-10T04:40:28.854921Z,0.0700,67.06,yes
2026-10-10T04:40:29.566408Z,0.0700,268.25,yes
2026-10-10T04:40:30.009037Z,0.0700,67.06,yes
2026-10-10T04:40:32.561805Z,0.0700,13.41,yes
2026-10-10T04:40:32.966149Z,0.0600,399.95,no
2026-10-10T04:40:34.362035Z,0.0700,335.31,yes
2026-10-10T04:40:35.246785Z,0.0700,67.06,yes
2026-10-10T04:40:36.09908Z,0.0700,67.06,yes
2026-10-10T04:40:37.224016Z,0.0700,12.33,yes
2026-10-10T04:40:37.909108Z,0.0700,59.09,yes
2026-10-10T04:40:37.909108Z,0.0700,818.89,yes
2026-10-10T04:40:39.383651Z,0.0700,46.40,yes
2026-10-10T04:40:41.331913Z,0.0600,0.13,no
2026-10-10T04:40:41.331913Z,0.0600,1.01,no
2026-10-10T04:40:41.331913Z,0.0600,1.00,no
2026-10-10T04:40:42.020196Z,0.0800,1.00,yes
2026-10-10T04:40:42.020196Z,0.0700,5.00,yes
2026-10-10T04:40:42.020196Z,0.0800,1.00,yes
2026-10-10T04:40:42.020196Z,0.0800,1.00,yes
2026-10-10T04:40:42.020196Z,0.0800,1.00,yes
2026-10-10T04:40:42.020196Z,0.0800,1.00,yes
2026-10-10T04:40:42.020196Z,0.0800,59.00,yes
2026-10-10T04:40:42.020196Z,0.0800,48.00,yes
2026-10-10T04:40:42.020196Z,0.0800,13.00,yes
2026-10-10T04:40:42.020196Z,0.0800,34.00,yes
2026-10-10T04:40:42.020196Z,0.0800,3.00,yes
2026-10-10T04:40:42.020196Z,0.0800,49.00,yes
2026-10-10T04:40:42.020196Z,0.0800,176.00,yes
2026-10-10T04:40:42.020196Z,0.0700,12.00,yes
2026-10-10T04:40:42.020196Z,0.0700,88.00,yes
2026-10-10T04:40:42.020196Z,0.0700,107.00,yes
2026-10-10T04:40:42.020196Z,0.0700,81.00,yes
2026-10-10T04:40:42.020196Z,0.0700,4.00,yes
2026-10-10T04:40:42.020196Z,0.0800,1.00,yes
2026-10-10T04:40:42.020196Z,0.0800,1.00,yes
2026-10-10T04:40:42.020196Z,0.0700,7.00,yes
2026-10-10T04:40:42.020196Z,0.0800,500.00,yes
2026-10-10T04:40:42.020196Z,0.0800,293.14,yes
2026-10-10T04:40:42.020196Z,0.0800,31.46,yes
2026-10-10T04:40:42.12843Z,0.0700,69.73,yes
2026-10-10T04:40:42.12843Z,0.0700,64.39,yes
2026-10-10T04:40:43.378399Z,0.0700,88.00,yes
2026-10-10T04:40:43.378399Z,0.0700,8.85,yes
2026-10-10T04:40:43.378399Z,0.0700,37.27,yes
2026-10-10T04:40:44.468558Z,0.0800,18.53,yes
2026-10-10T04:40:44.468558Z,0.0800,500.00,yes
2026-10-10T04:40:44.468558Z,0.0800,150.86,yes
2026-10-10T04:40:44.680383Z,0.0700,11.74,yes
2026-10-10T04:40:45.107852Z,0.0700,50.37,yes
2026-10-10T04:40:45.107852Z,0.0700,88.00,yes
2026-10-10T04:40:45.107852Z,0.0700,17.26,yes
2026-10-10T04:40:45.107852Z,0.0700,107.00,yes
2026-10-10T04:40:45.928057Z,0.0700,13.41,yes
2026-10-10T04:40:46.744479Z,0.0700,3914.00,yes
2026-10-10T04:40:46.744479Z,0.0700,900.00,yes
2026-10-10T04:40:46.744479Z,0.0700,107.00,yes
2026-10-10T04:40:46.744479Z,0.0700,65.00,yes
2026-10-10T04:40:46.744479Z,0.0700,957.00,yes
2026-10-10T04:40:46.863948Z,0.0800,3.00,yes
2026-10-10T04:40:48.412797Z,0.0800,234.87,yes
2026-10-10T04:40:49.349856Z,0.0800,243.60,yes
2026-10-10T04:40:49.349856Z,0.0800,108.71,yes
2026-10-10T04:40:49.535429Z,0.0800,23.48,yes
2026-10-10T04:40:49.546372Z,0.0800,1.17,yes
2026-10-10T04:40:49.745271Z,0.0700,86.00,no
2026-10-10T04:40:49.745271Z,0.0700,700.00,no
2026-10-10T04:40:49.745271Z,0.0700,72.00,no
2026-10-10T04:40:49.745271Z,0.0700,13.00,no
2026-10-10T04:40:49.745271Z,0.0700,75.00,no
2026-10-10T04:40:49.745271Z,0.0700,154.00,no
2026-10-10T04:40:49.745271Z,0.0700,49.52,no
2026-10-10T04:40:49.745271Z,0.0700,5.00,no
2026-10-10T04:40:49.839721Z,0.0700,493.23,yes
2026-10-10T04:40:49.87887Z,0.0700,20.00,yes
2026-10-10T04:40:49.927017Z,0.0700,152.66,yes
2026-10-10T04:40:50.858321Z,0.0700,13.41,yes
2026-10-10T04:40:50.884676Z,0.0700,40.23,yes
2026-10-10T04:40:51.155392Z,0.0700,67.06,yes
2026-10-10T04:40:51.488109Z,0.0700,40.23,yes
2026-10-10T04:40:51.662761Z,0.0700,670.62,yes
2026-10-10T04:40:51.983509Z,0.0700,53.65,yes
2026-10-10T04:40:52.016489Z,0.0700,67.06,yes
2026-10-10T04:40:53.94107Z,0.0600,0.04,no
2026-10-10T04:40:54.223312Z,0.0700,7.00,yes
2026-10-10T04:40:55.845218Z,0.0700,60.00,yes
2026-10-10T04:40:55.845218Z,0.0700,2.00,yes
2026-10-10T04:40:55.845218Z,0.0700,5.06,yes
2026-10-10T04:40:58.217004Z,0.0700,23.20,yes
2026-10-10T04:40:59.572152Z,0.0700,14.88,yes
2026-10-10T04:40:59.605029Z,0.0700,295.07,yes
2026-10-10T04:41:00.236139Z,0.0700,67.06,yes
2026-10-10T04:41:01.5151Z,0.0600,49.96,no
2026-10-10T04:41:01.531028Z,0.0600,1.04,no
2026-10-10T04:41:03.372094Z,0.0500,3.00,no
2026-10-10T04:41:03.372094Z,0.0500,233.74,no
2026-10-10T04:41:03.54042Z,0.0600,3.00,yes
2026-10-10T04:41:03.54042Z,0.0600,59.55,yes
2026-10-10T04:41:04.052032Z,0.0600,0.18,yes
2026-10-10T04:41:04.052032Z,0.0600,15.45,yes
2026-10-10T04:41:05.983004Z,0.0600,15.82,yes
2026-10-10T04:41:05.983004Z,0.0600,15.45,yes
2026-10-10T04:41:06.876451Z,0.0500,366.26,no
2026-10-10T04:41:09.144557Z,0.0500,201.18,yes
2026-10-10T04:41:10.261314Z,0.0500,9.37,yes
2026-10-10T04:41:11.206154Z,0.0500,9.37,yes
2026-10-10T04:41:11.255022Z,0.0500,187.52,yes
2026-10-10T04:41:11.736767Z,0.0500,13.41,yes
2026-10-10T04:41:14.402223Z,0.0500,187.52,yes
2026-10-10T04:41:14.577616Z,0.0500,93.76,yes
2026-10-10T04:41:15.903185Z,0.0400,92.98,no
2026-10-10T04:41:15.903185Z,0.0400,25.00,no
2026-10-10T04:41:16.193231Z,0.0500,3.75,yes
2026-10-10T04:41:17.689989Z,0.0500,37.50,yes
2026-10-10T04:41:17.819437Z,0.0500,18.75,yes
2026-10-10T04:41:19.609006Z,0.0500,45.00,yes
2026-10-10T04:41:21.322135Z,0.0500,56.25,yes
2026-10-10T04:41:21.872842Z,0.0400,75.01,no
2026-10-10T04:41:22.384451Z,0.0500,187.52,yes
2026-10-10T04:41:23.378594Z,0.0500,360.80,yes
2026-10-10T04:41:23.96795Z,0.0500,93.76,yes
2026-10-10T04:41:24.646476Z,0.0500,18.75,yes
2026-10-10T04:41:25.636698Z,0.0500,37.50,yes
2026-10-10T04:41:26.071708Z,0.0500,350.00,yes
2026-10-10T04:41:26.529133Z,0.0500,1875.29,yes
2026-10-10T04:41:26.615277Z,0.0500,375.05,yes
2026-10-10T04:41:26.617347Z,0.0500,37.50,yes
2026-10-10T04:41:26.641887Z,0.0400,93.88,no
2026-10-10T04:41:27.064633Z,0.0500,716.73,yes
2026-10-10T04:41:27.092266Z,0.0500,93.76,yes
2026-10-10T04:41:27.283671Z,0.0500,80.47,yes
2026-10-10T04:41:27.310799Z,0.0400,4.73,no
2026-10-10T04:41:27.591567Z,0.0400,39.44,no
2026-10-10T04:41:27.727244Z,0.0500,187.52,yes
2026-10-10T04:41:27.99618Z,0.0500,18.75,yes
2026-10-10T04:41:28.953118Z,0.0500,37.50,yes
2026-10-10T04:41:29.349274Z,0.0400,13.41,no
2026-10-10T04:41:29.605912Z,0.0500,937.64,yes
2026-10-10T04:41:33.979351Z,0.0600,5.00,yes
2026-10-10T04:41:33.979351Z,0.0600,109.30,yes
2026-10-10T04:41:33.979351Z,0.0600,91.00,yes
2026-10-10T04:41:33.979351Z,0.0500,10.00,yes
2026-10-10T04:41:33.979351Z,0.0600,84.00,yes
2026-10-10T04:41:33.979351Z,0.0600,1.00,yes
2026-10-10T04:41:33.979351Z,0.0600,1.00,yes
2026-10-10T04:41:33.979351Z,0.0600,2.00,yes
2026-10-10T04:41:33.979351Z,0.0600,10.00,yes
2026-10-10T04:41:33.979351Z,0.0600,1.00,yes
2026-10-10T04:41:34.623724Z,0.0600,111.00,yes
2026-10-10T04:41:34.624124Z,0.0400,80.47,no
2026-10-10T04:41:35.279442Z,0.0400,200.08,no
2026-10-10T04:41:35.279442Z,0.0400,549.04,no
2026-10-10T04:41:36.221676Z,0.0500,4.00,yes
2026-10-10T04:41:36.221676Z,0.0600,36.48,yes
2026-10-10T04:41:36.221676Z,0.0600,179.00,yes
2026-10-10T04:41:36.331666Z,0.0500,8.00,no
2026-10-10T04:41:36.331666Z,0.0400,75.00,no
2026-10-10T04:41:36.331666Z,0.0500,168.00,no
2026-10-10T04:41:36.331666Z,0.0500,75.00,no
2026-10-10T04:41:36.331666Z,0.0500,79.00,no
2026-10-10T04:41:36.331666Z,0.0500,20.00,no
2026-10-10T04:41:36.331666Z,0.0400,84.00,no
2026-10-10T04:41:36.331666Z,0.0400,882.00,no
2026-10-10T04:41:36.331666Z,0.0400,300.00,no
2026-10-10T04:41:37.80028Z,0.0400,117.12,yes
2026-10-10T04:41:37.969685Z,0.0400,11.71,yes
2026-10-10T04:41:38.077463Z,0.0400,1.14,yes
2026-10-10T04:41:38.077463Z,0.0400,0.01,yes
2026-10-10T04:41:38.077463Z,0.0400,75.00,yes
2026-10-10T04:41:38.077463Z,0.0400,1.09,yes
2026-10-10T04:41:38.077463Z,0.0400,1.01,yes
2026-10-10T04:41:38.077463Z,0.0400,2.00,yes
2026-10-10T04:41:38.077463Z,0.0400,36.87,yes
2026-10-10T04:41:38.605603Z,0.0400,468.82,yes
2026-10-10T04:41:39.244718Z,0.0400,117.12,yes
2026-10-10T04:41:39.800194Z,0.0400,117.12,yes
2026-10-10T04:41:40.195059Z,0.0400,23.42,yes
2026-10-10T04:41:41.393702Z,0.0500,1.51,yes
2026-10-10T04:41:41.393702Z,0.0500,3.00,yes
2026-10-10T04:41:41.393702Z,0.0500,82.00,yes
2026-10-10T04:41:41.393702Z,0.0400,20.00,yes
2026-10-10T04:41:41.393702Z,0.0400,10.00,yes
2026-10-10T04:41:41.393702Z,0.0400,0.01,yes
2026-10-10T04:41:41.393702Z,0.0400,71.00,yes
2026-10-10T04:41:41.848973Z,0.0500,177.33,yes
2026-10-10T04:41:41.848973Z,0.0500,1.00,yes
2026-10-10T04:41:41.848973Z,0.0500,290.49,yes
2026-10-10T04:41:43.225589Z,0.0400,257.68,yes
2026-10-10T04:41:44.081025Z,0.0400,140.55,yes
2026-10-10T04:41:44.348725Z,0.0400,150.00,yes
2026-10-10T04:41:44.61144Z,0.0400,117.12,yes
2026-10-10T04:41:44.781277Z,0.0400,76.60,yes
2026-10-10T04:41:44.885987Z,0.0300,9.37,no
2026-10-10T04:41:47.127481Z,0.0400,9.83,yes
2026-10-10T04:41:47.405387Z,0.0400,23.42,yes
2026-10-10T04:41:47.541883Z,0.0400,117.12,yes
2026-10-10T04:41:48.080172Z,0.0400,46.85,yes
2026-10-10T04:41:50.667964Z,0.0400,5.38,yes
2026-10-10T04:41:50.788974Z,0.0400,117.12,yes
2026-10-10T04:41:51.166674Z,0.0400,0.70,yes
2026-10-10T04:41:51.908108Z,0.0400,166.50,yes
2026-10-10T04:41:52.019105Z,0.0400,33.16,yes
2026-10-10T04:41:52.946066Z,0.0400,46.85,yes
2026-10-10T04:41:53.612364Z,0.0400,181.78,yes
2026-10-10T04:41:54.752859Z,0.0400,29.04,yes
2026-10-10T04:41:56.206813Z,0.0300,308.48,no
2026-10-10T04:41:56.364044Z,0.0400,2.10,yes
2026-10-10T04:41:57.334596Z,0.0300,226.57,no
2026-10-10T04:41:57.334596Z,0.0300,82.15,no
2026-10-10T04:41:57.495544Z,0.0400,468.51,yes
2026-10-10T04:41:57.837522Z,0.0400,234.25,yes
2026-10-10T04:41:57.850195Z,0.0400,23.42,yes
2026-10-10T04:41:59.106159Z,0.0400,23.42,yes
2026-10-10T04:42:00.14696Z,0.0400,7.96,yes
2026-10-10T04:42:00.363617Z,0.0300,40.23,no
2026-10-10T04:42:01.811095Z,0.0300,24.15,no
2026-10-10T04:42:02.768793Z,0.0400,0.70,yes
2026-10-10T04:42:03.682936Z,0.0300,13.41,no
2026-10-10T04:42:04.108757Z,0.0400,117.12,yes
2026-10-10T04:42:05.338197Z,0.0400,2.57,yes
2026-10-10T04:42:05.914599Z,0.0400,117.12,yes
2026-10-10T04:42:06.395035Z,0.0400,71.00,yes
2026-10-10T04:42:06.516203Z,0.0400,234.25,yes
2026-10-10T04:42:06.625572Z,0.0400,7.02,yes
2026-10-10T04:42:07.005583Z,0.0400,48.95,yes
2026-10-10T04:42:07.349016Z,0.0400,234.25,yes
2026-10-10T04:42:07.709531Z,0.0400,234.25,yes
2026-10-10T04:42:07.966457Z,0.0400,23.42,yes
2026-10-10T04:42:08.502488Z,0.0300,50.31,no
2026-10-10T04:42:09.257566Z,0.0400,351.38,yes
2026-10-10T04:42:09.84532Z,0.0300,55.59,no
2026-10-10T04:42:10.612717Z,0.0300,80.47,no
2026-10-10T04:42:11.070296Z,0.0300,187.52,no
2026-10-10T04:42:11.209503Z,0.0300,12.36,no
2026-10-10T04:42:11.663562Z,0.0300,209.39,no
2026-10-10T04:42:11.663562Z,0.0300,102.98,no
2026-10-10T04:42:12.965199Z,0.0300,200.00,no
2026-10-10T04:42:12.965199Z,0.0300,949.52,no
2026-10-10T04:42:12.965199Z,0.0300,100.00,no
2026-10-10T04:42:12.965199Z,0.0300,97.02,no
2026-10-10T04:42:14.29167Z,0.0400,10.00,yes
2026-10-10T04:42:14.816343Z,0.0400,97.02,yes
2026-10-10T04:42:14.816343Z,0.0400,102.98,yes
2026-10-10T04:42:14.816343Z,0.0400,82.15,yes
2026-10-10T04:42:14.816343Z,0.0400,308.48,yes
2026-10-10T04:42:14.816343Z,0.0400,9.37,yes
2026-10-10T04:42:14.816343Z,0.0400,10.00,yes
2026-10-10T04:42:14.816343Z,0.0400,68.00,yes
2026-10-10T04:42:15.797201Z,0.0600,92.50,yes
2026-10-10T04:42:15.797201Z,0.0600,80.00,yes
2026-10-10T04:42:15.797201Z,0.0600,56.00,yes
2026-10-10T04:42:15.797201Z,0.0600,50.00,yes
2026-10-10T04:42:15.797201Z,0.0500,0.01,yes
2026-10-10T04:42:15.797201Z,0.0500,221.00,yes
2026-10-10T04:42:15.797201Z,0.0600,14.00,yes
2026-10-10T04:42:15.797201Z,0.0600,24.00,yes
2026-10-10T04:42:15.797201Z,0.0600,40.00,yes
2026-10-10T04:42:15.797201Z,0.0600,226.00,yes
2026-10-10T04:42:15.797201Z,0.0600,1.00,yes
2026-10-10T04:42:15.797201Z,0.0600,2.00,yes
2026-10-10T04:42:15.797201Z,0.0500,1.00,yes
2026-10-10T04:42:15.797201Z,0.0600,1.00,yes
2026-10-10T04:42:15.797201Z,0.0500,1.00,yes
2026-10-10T04:42:15.797201Z,0.0500,1.00,yes
2026-10-10T04:42:15.797201Z,0.0500,1.00,yes
2026-10-10T04:42:15.797201Z,0.0600,3.00,yes
2026-10-10T04:42:15.797201Z,0.0500,1.00,yes
2026-10-10T04:42:15.797201Z,0.0500,1.00,yes
2026-10-10T04:42:15.797201Z,0.0600,2.00,yes
2026-10-10T04:42:15.797201Z,0.0600,1.00,yes
2026-10-10T04:42:16.493181Z,0.0400,52.53,no
2026-10-10T04:42:18.766281Z,0.0600,11.72,yes
2026-10-10T04:42:19.244796Z,0.0400,94.69,no
2026-10-10T04:42:22.774606Z,0.0500,93.76,yes
2026-10-10T04:42:22.833302Z,0.0400,3.00,no
2026-10-10T04:42:23.217777Z,0.0400,81.94,no
2026-10-10T04:42:24.119662Z,0.0500,1875.29,yes
2026-10-10T04:42:25.254024Z,0.0400,67.06,no
2026-10-10T04:42:25.632359Z,0.0500,62.00,yes
2026-10-10T04:42:25.654013Z,0.0500,93.76,yes
2026-10-10T04:42:25.845316Z,0.0300,1318.47,no
2026-10-10T04:42:25.845316Z,0.0400,22.78,no
2026-10-10T04:42:25.963214Z,0.0500,187.52,yes
2026-10-10T04:42:25.964858Z,0.0500,187.52,yes
2026-10-10T04:42:26.507558Z,0.0500,1875.29,yes
2026-10-10T04:42:26.70557Z,0.0500,156.37,yes
2026-10-10T04:42:27.563965Z,0.0400,93.76,yes
2026-10-10T04:42:27.773088Z,0.0400,6.00,yes
2026-10-10T04:42:27.773088Z,0.0400,18.00,yes
2026-10-10T04:42:27.773088Z,0.0400,18.00,yes
2026-10-10T04:42:27.773088Z,0.0500,895.64,yes
2026-10-10T04:42:31.024352Z,0.0500,93.75,yes
2026-10-10T04:42:31.024352Z,0.0500,0.01,yes
2026-10-10T04:42:31.909135Z,0.0600,1.00,yes
2026-10-10T04:42:31.909135Z,0.0600,1.00,yes
2026-10-10T04:42:31.909135Z,0.0600,2.00,yes
2026-10-10T04:42:31.909135Z,0.0600,1.00,yes
2026-10-10T04:42:31.909135Z,0.0600,1.00,yes
2026-10-10T04:42:31.909135Z,0.0600,83.78,yes
2026-10-10T04:42:31.909135Z,0.0600,210.00,yes
2026-10-10T04:42:31.909135Z,0.0600,12.00,yes
2026-10-10T04:42:31.909135Z,0.0600,58.42,yes
2026-10-10T04:42:31.909135Z,0.0600,500.00,yes
2026-10-10T04:42:31.909135Z,0.0600,93.48,yes
2026-10-10T04:42:31.909135Z,0.0600,106.00,yes
2026-10-10T04:42:31.909135Z,0.0500,75.41,yes
2026-10-10T04:42:31.909135Z,0.0600,1.00,yes
2026-10-10T04:42:31.909135Z,0.0500,1.00,yes
2026-10-10T04:42:31.909135Z,0.0500,1.00,yes
2026-10-10T04:42:31.909135Z,0.0600,1.00,yes
2026-10-10T04:42:31.909135Z,0.0600,1.00,yes
2026-10-10T04:42:31.909135Z,0.0500,1.00,yes
2026-10-10T04:42:31.909135Z,0.0500,1.00,yes
2026-10-10T04:42:31.909135Z,0.0600,10.00,yes
2026-10-10T04:42:31.909135Z,0.0500,10.00,yes
2026-10-10T04:42:34.530435Z,0.0500,93.76,yes
2026-10-10T04:42:35.445622Z,0.0500,187.52,yes
2026-10-10T04:42:35.542261Z,0.0500,37.50,yes
2026-10-10T04:42:35.924461Z,0.0500,18.75,yes
2026-10-10T04:42:36.449495Z,0.0500,37.50,yes
2026-10-10T04:42:36.489118Z,0.0500,29.25,yes
2026-10-10T04:42:36.733991Z,0.0400,81.22,no
2026-10-10T04:42:37.058432Z,0.0400,51.72,no
2026-10-10T04:42:37.125503Z,0.0400,94.00,no
2026-10-10T04:42:37.125503Z,0.0400,67.06,no
2026-10-10T04:42:37.125503Z,0.0400,402.98,no
2026-10-10T04:42:37.305085Z,0.0400,101.46,no
2026-10-10T04:42:37.383278Z,0.0500,3.37,yes
2026-10-10T04:42:37.826551Z,0.0400,47.78,no
2026-10-10T04:42:38.572065Z,0.0500,93.76,yes
2026-10-10T04:42:39.029699Z,0.0400,3523.11,no
2026-10-10T04:42:39.081728Z,0.0400,0.99,no
2026-10-10T04:42:39.378363Z,0.0500,99.87,yes
2026-10-10T04:42:39.378363Z,0.0500,275.18,yes
2026-10-10T04:42:39.54691Z,0.0400,42.14,no
2026-10-10T04:42:39.612291Z,0.0400,104.00,no
2026-10-10T04:42:39.873516Z,0.0500,37.50,yes
2026-10-10T04:42:40.048069Z,0.0500,21.28,yes
2026-10-10T04:42:40.47564Z,0.0500,200.00,yes
2026-10-10T04:42:40.508377Z,0.0500,93.76,yes
2026-10-10T04:42:40.656098Z,0.0500,93.76,yes
2026-10-10T04:42:41.901539Z,0.0500,9.37,yes
2026-10-10T04:42:42.109794Z,0.0300,11.74,no
2026-10-10T04:42:43.131834Z,0.0400,56.25,yes
2026-10-10T04:42:44.157153Z,0.0400,24.76,yes
2026-10-10T04:42:44.157153Z,0.0400,443.75,yes
2026-10-10T04:42:44.306468Z,0.0400,117.12,yes
2026-10-10T04:42:46.701427Z,0.0400,796.47,yes
2026-10-10T04:42:46.932545Z,0.0400,210.83,yes
2026-10-10T04:42:48.395189Z,0.0300,55.59,no
2026-10-10T04:42:48.9111Z,0.0400,250.00,yes
2026-10-10T04:42:48.980569Z,0.0400,234.25,yes
2026-10-10T04:42:49.412493Z,0.0400,468.51,yes
2026-10-10T04:42:49.719658Z,0.0400,562.58,yes
2026-10-10T04:42:51.295436Z,0.0400,59.00,yes
2026-10-10T04:42:51.768755Z,0.0400,59.12,yes
2026-10-10T04:42:51.768755Z,0.0400,58.00,yes
2026-10-10T04:42:51.868664Z,0.0400,351.38,yes
2026-10-10T04:42:52.324704Z,0.0400,351.38,yes
2026-10-10T04:42:52.661035Z,0.0300,91.96,no
2026-10-10T04:42:52.797035Z,0.0400,484.62,yes
2026-10-10T04:42:52.797035Z,0.0400,148.62,yes
2026-10-10T04:42:52.797035Z,0.0400,200.00,yes
2026-10-10T04:42:52.838673Z,0.0300,225.78,no
2026-10-10T04:42:52.956235Z,0.0400,93.70,yes
2026-10-10T04:42:53.345123Z,0.0400,491.94,yes
2026-10-10T04:42:53.67038Z,0.0400,117.12,yes
2026-10-10T04:42:53.917191Z,0.0300,262.54,no
2026-10-10T04:42:54.076398Z,0.0400,1171.28,yes
2026-10-10T04:42:54.49848Z,0.0300,257.68,no
2026-10-10T04:42:54.814682Z,0.0300,405.68,no
2026-10-10T04:42:54.814682Z,0.0300,75.00,no
2026-10-10T04:42:54.814682Z,0.0300,53.10,no
2026-10-10T04:42:54.814682Z,0.0300,176.24,no
2026-10-10T04:42:55.013831Z,0.0300,56.00,no
2026-10-10T04:42:57.329685Z,0.0400,388.00,yes
2026-10-10T04:42:58.197317Z,0.0400,1000.00,yes
2026-10-10T04:42:58.197317Z,0.0400,155.83,yes
2026-10-10T04:42:59.328697Z,0.0400,50.00,yes
2026-10-10T04:43:00.100167Z,0.0300,43.10,no
2026-10-10T04:43:00.602615Z,0.0400,23.42,yes
2026-10-10T04:43:00.915433Z,0.0300,134.12,no
2026-10-10T04:43:01.176531Z,0.0400,117.12,yes
2026-10-10T04:43:01.37844Z,0.0400,1124.43,yes
2026-10-10T04:43:01.74797Z,0.0400,3333.16,yes
2026-10-10T04:43:03.387029Z,0.0400,117.12,yes
2026-10-10T04:43:03.582204Z,0.0400,10.30,yes
2026-10-10T04:43:03.589146Z,0.0400,234.25,yes
2026-10-10T04:43:03.591494Z,0.0400,443.68,yes
2026-10-10T04:43:03.725719Z,0.0400,60.20,yes
2026-10-10T04:43:03.921003Z,0.0300,51.45,no
2026-10-10T04:43:04.443894Z,0.0400,11.71,yes
2026-10-10T04:43:04.543219Z,0.0400,23.42,yes
2026-10-10T04:43:04.901817Z,0.0300,8.82,no
2026-10-10T04:43:04.901817Z,0.0300,209.65,no
2026-10-10T04:43:05.4574Z,0.0400,234.25,yes
2026-10-10T04:43:06.066931Z,0.0400,23.42,yes
2026-10-10T04:43:07.253635Z,0.0400,585.64,yes
2026-10-10T04:43:08.032125Z,0.0400,117.12,yes
2026-10-10T04:43:08.74268Z,0.0300,36.75,no
2026-10-10T04:43:08.74268Z,0.0300,81.00,no
2026-10-10T04:43:08.74268Z,0.0300,191.18,no
2026-10-10T04:43:10.077334Z,0.0400,117.12,yes
2026-10-10T04:43:10.378017Z,0.0400,4.45,yes
2026-10-10T04:43:10.469884Z,0.0400,46.85,yes
2026-10-10T04:43:12.401846Z,0.0400,3166.51,yes
2026-10-10T04:43:12.401846Z,0.0400,10000.00,yes
2026-10-10T04:43:12.657037Z,0.0500,147.00,yes
2026-10-10T04:43:12.657037Z,0.0500,2.00,yes
2026-10-10T04:43:12.657037Z,0.0500,1.00,yes
2026-10-10T04:43:13.172179Z,0.0400,431.01,no
2026-10-10T04:43:14.415938Z,0.0500,353.00,yes
2026-10-10T04:43:14.415938Z,0.0500,4.00,yes
2026-10-10T04:43:14.963181Z,0.0500,1.00,yes
2026-10-10T04:43:14.963181Z,0.0500,4.43,yes
2026-10-10T04:43:16.730722Z,0.0500,116.38,yes
2026-10-10T04:43:16.730722Z,0.0500,8.62,yes
2026-10-10T04:43:16.776935Z,0.0400,555.00,no
2026-10-10T04:43:17.278556Z,0.0500,75.01,yes
2026-10-10T04:43:17.349939Z,0.0500,18.75,yes
2026-10-10T04:43:18.011463Z,0.0500,93.76,yes
2026-10-10T04:43:18.632246Z,0.0500,93.76,yes
2026-10-10T04:43:18.845643Z,0.0400,75.74,no
2026-10-10T04:43:20.078611Z,0.0500,187.52,yes
2026-10-10T04:43:20.26356Z,0.0500,168.77,yes
2026-10-10T04:43:21.172091Z,0.0400,58.71,no
2026-10-10T04:43:22.030815Z,0.0400,47.34,no
2026-10-10T04:43:22.868918Z,0.0400,234.87,no
2026-10-10T04:43:23.863953Z,0.0400,121.33,no
2026-10-10T04:43:24.161126Z,0.0400,539.25,no
2026-10-10T04:43:24.161126Z,0.0400,802.00,no
2026-10-10T04:43:26.505808Z,0.0400,1786.75,no
2026-10-10T04:43:26.505808Z,0.0400,1742.12,no
2026-10-10T04:43:26.793664Z,0.0400,583.88,no
2026-10-10T04:43:26.793664Z,0.0400,221.60,no
2026-10-10T04:43:28.699278Z,0.0400,36.89,no
2026-10-10T04:43:28.724354Z,0.0400,93.76,no
2026-10-10T04:43:30.012693Z,0.0500,1875.29,yes
2026-10-10T04:43:30.929519Z,0.0500,937.64,yes
2026-10-10T04:43:32.118046Z,0.0500,112.51,yes
2026-10-10T04:43:32.210623Z,0.0500,93.76,yes
2026-10-10T04:43:32.591882Z,0.0400,3.11,no
2026-10-10T04:43:32.688007Z,0.0500,56.25,yes
2026-10-10T04:43:34.53555Z,0.0500,562.58,yes
2026-10-10T04:43:34.745491Z,0.0500,93.76,yes
2026-10-10T04:43:35.591285Z,0.0500,93.76,yes
2026-10-10T04:43:36.875801Z,0.0400,162.49,no
2026-10-10T04:43:37.581105Z,0.0400,555.93,no
2026-10-10T04:43:38.83906Z,0.0400,7909.79,no
2026-10-10T04:43:38.83906Z,0.0400,3000.00,no
2026-10-10T04:43:39.510347Z,0.0500,187.52,yes
2026-10-10T04:43:39.671764Z,0.0400,26.82,no
2026-10-10T04:43:39.960606Z,0.0500,187.52,yes
2026-10-10T04:43:40.303545Z,0.0500,18.75,yes
2026-10-10T04:43:40.346534Z,0.0500,375.05,yes
2026-10-10T04:43:41.091179Z,0.0500,375.05,yes
2026-10-10T04:43:41.453649Z,0.0400,75.01,no
2026-10-10T04:43:41.671465Z,0.0500,2.37,yes
2026-10-10T04:43:41.671465Z,0.0500,1.00,yes
2026-10-10T04:43:42.270587Z,0.0500,102.63,yes
2026-10-10T04:43:42.270587Z,0.0500,94.00,yes
2026-10-10T04:43:42.270587Z,0.0500,84.66,yes
2026-10-10T04:43:42.39459Z,0.0500,375.05,yes
2026-10-10T04:43:43.199221Z,0.0500,37.50,yes
2026-10-10T04:43:44.954905Z,0.0400,117.12,yes
2026-10-10T04:43:45.701398Z,0.0400,1.42,yes
2026-10-10T04:43:45.701398Z,0.0400,468.00,yes
2026-10-10T04:43:46.972955Z,0.0500,93.76,yes
2026-10-10T04:43:47.222482Z,0.0400,23.67,no
2026-10-10T04:43:48.288217Z,0.0500,93.76,yes
2026-10-10T04:43:48.927663Z,0.0500,262.54,yes
2026-10-10T04:43:49.162177Z,0.0500,187.52,yes
2026-10-10T04:43:50.265865Z,0.0500,93.76,yes
2026-10-10T04:43:50.395708Z,0.0400,375.05,no
2026-10-10T04:43:50.65778Z,0.0500,2.06,yes
2026-10-10T04:43:52.203581Z,0.0500,25.00,yes
2026-10-10T04:43:54.095776Z,0.0500,56.25,yes
2026-10-10T04:43:54.953432Z,0.0500,93.76,yes
2026-10-10T04:43:58.116392Z,0.0400,416.71,no
2026-10-10T04:44:00.155301Z,0.0500,681.85,yes
2026-10-10T04:44:01.502157Z,0.0500,87.00,yes
2026-10-10T04:44:02.9163Z,0.0500,375.05,yes
2026-10-10T04:44:03.400551Z,0.0500,187.52,yes
2026-10-10T04:44:03.451889Z,0.0400,31.21,no
2026-10-10T04:44:05.541093Z,0.0500,37.00,yes
2026-10-10T04:44:06.903511Z,0.0500,525.08,yes
2026-10-10T04:44:07.289949Z,0.0500,15.00,yes
2026-10-10T04:44:08.483719Z,0.0500,10.12,yes
2026-10-10T04:44:08.698697Z,0.0500,93.76,yes
2026-10-10T04:44:08.897334Z,0.0500,125.00,yes
2026-10-10T04:44:09.109993Z,0.0500,93.76,yes
2026-10-10T04:44:09.622879Z,0.0500,300.04,yes
2026-10-10T04:44:09.757417Z,0.0400,29.04,no
2026-10-10T04:44:10.558992Z,0.0500,93.76,yes
2026-10-10T04:44:12.024405Z,0.0500,28.12,yes
2026-10-10T04:44:13.385498Z,0.0500,71.28,yes
2026-10-10T04:44:14.071326Z,0.0400,67.06,no
2026-10-10T04:44:14.495433Z,0.0400,1.34,no
2026-10-10T04:44:14.560394Z,0.0500,43.00,yes
2026-10-10T04:44:15.69276Z,0.0500,12.00,yes
2026-10-10T04:44:15.822166Z,0.0500,117.00,yes
2026-10-10T04:44:17.890016Z,0.0300,3.57,no
2026-10-10T04:44:18.97573Z,0.0500,1669.01,yes
2026-10-10T04:44:19.356738Z,0.0500,187.52,yes
2026-10-10T04:44:20.009902Z,0.0500,93.76,yes
2026-10-10T04:44:20.485031Z,0.0400,53.65,no
2026-10-10T04:44:22.419105Z,0.0500,375.05,yes
2026-10-10T04:44:22.439687Z,0.0500,468.82,yes
2026-10-10T04:44:22.484875Z,0.0400,23.48,no
2026-10-10T04:44:22.661128Z,0.0500,187.52,yes
2026-10-10T04:44:23.355141Z,0.0400,40.88,no
2026-10-10T04:44:23.589365Z,0.0400,27.85,no
2026-10-10T04:44:23.85314Z,0.0500,183.77,yes
2026-10-10T04:44:25.54393Z,0.0400,134.12,no
2026-10-10T04:44:25.683744Z,0.0500,187.52,yes
2026-10-10T04:44:26.197601Z,0.0500,14.14,yes
2026-10-10T04:44:27.044512Z,0.0500,18.75,yes
2026-10-10T04:44:27.648473Z,0.0500,51.57,yes
2026-10-10T04:44:28.618654Z,0.0400,5.19,no
2026-10-10T04:44:28.977389Z,0.0500,468.82,yes
2026-10-10T04:44:28.983129Z,0.0400,23.67,no
2026-10-10T04:44:28.99225Z,0.0400,15.58,no
2026-10-10T04:44:29.126394Z,0.0500,93.76,yes
2026-10-10T04:44:29.142271Z,0.0500,18.75,yes
2026-10-10T04:44:29.637472Z,0.0500,937.64,yes
2026-10-10T04:44:31.34618Z,0.0500,93.76,yes
2026-10-10T04:44:31.858341Z,0.0400,20.89,no
2026-10-10T04:44:31.948009Z,0.0500,288.79,yes
2026-10-10T04:44:33.209957Z,0.0500,17.62,yes
2026-10-10T04:44:33.585784Z,0.0500,131.27,yes
2026-10-10T04:44:33.964819Z,0.0500,4.68,yes
2026-10-10T04:44:34.161887Z,0.0500,10.50,yes
2026-10-10T04:44:34.344235Z,0.0500,18.19,yes
2026-10-10T04:44:34.589271Z,0.0500,291.99,yes
2026-10-10T04:44:34.589271Z,0.0500,176.83,yes
2026-10-10T04:44:34.744165Z,0.0400,4.45,no
2026-10-10T04:44:35.613726Z,0.0500,62.00,yes
2026-10-10T04:44:36.19665Z,0.0500,18.75,yes
2026-10-10T04:44:38.005286Z,0.0500,37.50,yes
2026-10-10T04:44:38.351037Z,0.0500,89.76,yes
2026-10-10T04:44:38.351037Z,0.0500,52.95,yes
2026-10-10T04:44:38.351037Z,0.0500,1.00,yes
2026-10-10T04:44:38.351037Z,0.0500,1.00,yes
2026-10-10T04:44:38.351037Z,0.0500,1.00,yes
2026-10-10T04:44:39.193928Z,0.0500,37.50,yes
2026-10-10T04:44:39.794164Z,0.0500,18.75,yes
2026-10-10T04:44:40.657655Z,0.0500,56.25,yes
2026-10-10T04:44:44.063256Z,0.0500,334.55,yes
2026-10-10T04:44:44.063256Z,0.0500,21.75,yes
2026-10-10T04:44:44.825682Z,0.0500,17.81,yes
2026-10-10T04:44:45.522979Z,0.0500,375.05,yes
2026-10-10T04:44:45.633851Z,0.0400,53.65,no
2026-10-10T04:44:46.197638Z,0.0500,9.37,yes
2026-10-10T04:44:46.412149Z,0.0500,93.76,yes
2026-10-10T04:44:46.625457Z,0.0500,140.64,yes
2026-10-10T04:44:47.290768Z,0.0500,131.27,yes
2026-10-10T04:44:48.191171Z,0.0500,26.65,yes
2026-10-10T04:44:48.191171Z,0.0500,330.35,yes
2026-10-10T04:44:48.411989Z,0.0500,0.14,yes
2026-10-10T04:44:50.011016Z,0.0400,134.12,no
2026-10-10T04:44:50.5202Z,0.0500,187.90,yes
2026-10-10T04:44:51.030464Z,0.0500,93.60,yes
2026-10-10T04:44:51.974793Z,0.0500,18.75,yes
2026-10-10T04:44:54.17144Z,0.0500,18.75,yes
2026-10-10T04:44:54.306638Z,0.0500,0.75,yes
2026-10-10T04:44:57.096636Z,0.0500,3750.58,yes
2026-10-10T04:44:57.271025Z,0.0500,468.82,yes
2026-10-10T04:44:58.473301Z,0.0300,300.00,no
2026-10-10T04:44:58.473301Z,0.0300,10000.00,no
2026-10-10T04:44:58.473301Z,0.0400,638.00,no
2026-10-10T04:44:58.473301Z,0.0400,75.00,no
2026-10-10T04:44:58.473301Z,0.0400,200.00,no
2026-10-10T04:44:58.473301Z,0.0400,94.00,no
2026-10-10T04:44:58.473301Z,0.0300,71.35,no
2026-10-10T04:44:58.473301Z,0.0300,5.00,no
2026-10-10T04:44:58.473301Z,0.0400,7.00,no
2026-10-10T04:44:58.473301Z,0.0300,71.43,no
2026-10-10T04:44:58.473301Z,0.0300,1000.00,no
2026-10-10T04:44:58.473301Z,0.0300,500.00,no
2026-10-10T04:44:58.487856Z,0.0300,5.00,yes
2026-10-10T04:44:58.490052Z,0.0300,60.00,yes
2026-10-10T04:44:58.494456Z,0.0300,41.03,yes
2026-10-10T04:44:58.508294Z,0.0300,25.00,yes
2026-10-10T04:44:58.509247Z,0.0300,1076.00,yes
2026-10-10T04:44:58.510623Z,0.0300,5.00,yes
2026-10-10T04:44:58.607625Z,0.0300,93.76,yes
2026-10-10T04:45:00.033436Z,0.0300,499.80,yes
2026-10-10T04:45:00.043237Z,0.0200,900.00,no
2026-10-10T04:45:00.043237Z,0.0200,3090.00,no
2026-10-10T04:45:01.158575Z,0.0300,4.99,yes
2026-10-10T04:45:01.811473Z,0.0300,156.06,yes
2026-10-10T04:45:02.214741Z,0.0200,75.00,no
2026-10-10T04:45:02.214741Z,0.0200,234.00,no
2026-10-10T04:45:02.214741Z,0.0200,200.00,no
2026-10-10T04:45:02.214741Z,0.0200,375.00,no
2026-10-10T04:45:02.214741Z,0.0200,1.00,no
2026-10-10T04:45:02.214741Z,0.0200,4084.07,no
2026-10-10T04:45:02.214741Z,0.0200,400.00,no
2026-10-10T04:45:04.669927Z,0.0200,2499.75,yes
2026-10-10T04:45:04.674044Z,0.0200,46.79,yes
2026-10-10T04:45:04.691369Z,0.0200,107.61,yes
2026-10-10T04:45:04.852962Z,0.0200,53.34,yes
2026-10-10T04:45:05.426321Z,0.0100,2.01,no
2026-10-10T04:45:05.470396Z,0.0200,211.49,yes
2026-10-10T04:45:05.553516Z,0.0200,795.43,yes
2026-10-10T04:45:07.23434Z,0.0200,140.37,yes
2026-10-10T04:45:07.237456Z,0.0200,312.13,yes
2026-10-10T04:45:07.510814Z,0.0200,39.77,yes
2026-10-10T04:45:07.911017Z,0.0200,46.79,yes
2026-10-10T04:45:10.315513Z,0.0200,1.30,yes
2026-10-10T04:45:10.315513Z,0.0200,9.40,yes
2026-10-10T04:45:10.315513Z,0.0200,1.21,yes
2026-10-10T04:45:10.315513Z,0.0200,30.97,yes
2026-10-10T04:45:10.315513Z,0.0200,1.26,yes
2026-10-10T04:45:10.315513Z,0.0200,2.03,yes
2026-10-10T04:45:10.315513Z,0.0200,0.62,yes
2026-10-10T04:45:11.199561Z,0.0200,280.74,yes
2026-10-10T04:45:12.740756Z,0.0200,62.25,yes
2026-10-10T04:45:13.399096Z,0.0200,49.30,yes
2026-10-10T04:45:13.429156Z,0.0200,780.34,yes
2026-10-10T04:45:14.204559Z,0.0100,60.00,no
2026-10-10T04:45:14.51024Z,0.0200,66.00,yes
2026-10-10T04:45:14.626243Z,0.0200,233.95,yes
2026-10-10T04:45:14.629131Z,0.0200,46.50,yes
2026-10-10T04:45:14.77779Z,0.0200,233.95,yes
2026-10-10T04:45:15.546253Z,0.0100,60.00,no
2026-10-10T04:45:15.546297Z,0.0100,2.01,no
2026-10-10T04:45:16.01042Z,0.0200,140.37,yes
2026-10-10T04:45:16.718807Z,0.0100,8.82,no
2026-10-10T04:45:16.803567Z,0.0200,608.27,yes
2026-10-10T04:45:17.872829Z,0.0200,3649.63,yes
2026-10-10T04:45:17.876299Z,0.0200,467.90,yes
2026-10-10T04:45:18.882116Z,0.0200,46.79,yes
2026-10-10T04:45:18.896588Z,0.0200,421.11,yes
2026-10-10T04:45:19.207824Z,0.0100,75.00,no
2026-10-10T04:45:19.207824Z,0.0100,5.00,no
2026-10-10T04:45:19.207824Z,0.0100,200.00,no
2026-10-10T04:45:19.207824Z,0.0100,1000.00,no
2026-10-10T04:45:19.207824Z,0.0100,400.00,no
2026-10-10T04:45:19.207824Z,0.0100,20.77,no
2026-10-10T04:45:19.207824Z,0.0100,288.00,no
2026-10-10T04:45:19.207824Z,0.0100,25.00,no
2026-10-10T04:45:19.207824Z,0.0100,1.00,no
2026-10-10T04:45:19.207824Z,0.0100,5.01,no
2026-10-10T04:45:19.207824Z,0.0100,300.00,no
2026-10-10T04:45:19.207824Z,0.0100,150.00,no
2026-10-10T04:45:19.207824Z,0.0100,1.00,no
2026-10-10T04:45:19.207824Z,0.0100,2.00,no
2026-10-10T04:45:19.207824Z,0.0100,2000.00,no
2026-10-10T04:45:19.207824Z,0.0100,1929.17,no
2026-10-10T04:45:19.261073Z,0.0100,467.90,yes
2026-10-10T04:45:19.511897Z,0.0100,90.00,yes
2026-10-10T04:45:19.909235Z,0.0100,31.00,yes
2026-10-10T04:45:20.286535Z,0.0100,200.00,yes
2026-10-10T04:45:20.538361Z,0.0100,467.59,yes
2026-10-10T04:45:20.97295Z,0.0100,935.19,yes
2026-10-10T04:45:21.738262Z,0.0100,9.35,yes
2026-10-10T04:45:22.203665Z,0.0100,935.19,yes
2026-10-10T04:45:23.895704Z,0.0100,93.51,yes
2026-10-10T04:45:23.973302Z,0.0100,93.51,yes
2026-10-10T04:45:25.183908Z,0.0100,935.19,yes
2026-10-10T04:45:25.451308Z,0.0100,9.35,yes
2026-10-10T04:45:28.004288Z,0.0100,935.19,yes
2026-10-10T04:45:28.515567Z,0.0100,280.55,yes
2026-10-10T04:45:29.655409Z,0.0100,93.51,yes
2026-10-10T04:45:30.16864Z,0.0100,93.51,yes
2026-10-10T04:45:31.023038Z,0.0100,93.51,yes
2026-10-10T04:45:32.146865Z,0.0100,43.01,yes
2026-10-10T04:45:32.7116Z,0.0100,93.51,yes
2026-10-10T04:45:33.089816Z,0.0100,9.35,yes
2026-10-10T04:45:34.261051Z,0.0100,93.51,yes
2026-10-10T04:45:36.221412Z,0.0100,132.79,yes
2026-10-10T04:45:36.321546Z,0.0100,93.51,yes
2026-10-10T04:45:36.468009Z,0.0100,935.19,yes
2026-10-10T04:45:37.249849Z,0.0100,875.21,yes
2026-10-10T04:45:37.249849Z,0.0100,59.98,yes
2026-10-10T04:45:37.423757Z,0.0100,27.12,yes
2026-10-10T04:45:39.237313Z,0.0100,467.59,yes
2026-10-10T04:45:39.408275Z,0.0100,467.59,yes
2026-10-10T04:45:39.568221Z,0.0100,187.03,yes
2026-10-10T04:45:39.596986Z,0.0100,23.37,yes
2026-10-10T04:45:40.907266Z,0.0100,935.19,yes
2026-10-10T04:45:41.22361Z,0.0100,935.19,yes
2026-10-10T04:45:41.496784Z,0.0100,467.59,yes
2026-10-10T04:45:42.515713Z,0.0100,93.51,yes
2026-10-10T04:45:42.731619Z,0.0100,10.00,yes
2026-10-10T04:45:42.934198Z,0.0100,93.51,yes
2026-10-10T04:45:43.195944Z,0.0100,280.55,yes
2026-10-10T04:45:43.349988Z,0.0100,467.59,yes
2026-10-10T04:45:43.384322Z,0.0100,935.19,yes
2026-10-10T04:45:43.524844Z,0.0100,467.59,yes
2026-10-10T04:45:43.536248Z,0.0100,93.51,yes
2026-10-10T04:45:43.538091Z,0.0100,93.51,yes
2026-10-10T04:45:44.801416Z,0.0100,399.66,yes
2026-10-10T04:45:45.213376Z,0.0100,93.51,yes
2026-10-10T04:45:45.808342Z,0.0100,356.30,yes
2026-10-10T04:45:46.139017Z,0.0100,93.51,yes
2026-10-10T04:45:46.263712Z,0.0100,600.00,yes
2026-10-10T04:45:46.498119Z,0.0100,140.27,yes
2026-10-10T04:45:46.530329Z,0.0100,919.91,yes
2026-10-10T04:45:46.530329Z,0.0100,1792.14,yes
2026-10-10T04:45:46.659502Z,0.0100,93.51,yes
2026-10-10T04:45:48.110184Z,0.0100,41.14,yes
2026-10-10T04:45:48.137975Z,0.0100,93.51,yes
2026-10-10T04:45:48.488054Z,0.0100,56.11,yes
2026-10-10T04:45:49.259951Z,0.0100,47.69,yes
2026-10-10T04:45:49.741488Z,0.0100,1870.38,yes
2026-10-10T04:45:50.361569Z,0.0100,187.03,yes
2026-10-10T04:45:50.975265Z,0.0100,960.13,yes
2026-10-10T04:45:51.206206Z,0.0100,93.51,yes
2026-10-10T04:45:51.518023Z,0.0100,93.51,yes
2026-10-10T04:45:51.735699Z,0.0100,5063.05,yes
2026-10-10T04:45:51.735699Z,0.0100,4195.34,yes
2026-10-10T04:45:52.226456Z,0.0100,81.36,yes
2026-10-10T04:45:52.235788Z,0.0100,467.59,yes
2026-10-10T04:45:52.32609Z,0.0100,763.95,yes
2026-10-10T04:45:52.32609Z,0.0100,3912.00,yes
2026-10-10T04:45:53.407449Z,0.0100,289.90,yes
2026-10-10T04:45:53.514453Z,0.0100,280.55,yes
2026-10-10T04:45:53.665054Z,0.0100,467.59,yes
2026-10-10T04:45:53.815711Z,0.0100,7722.01,yes
2026-10-10T04:45:53.815711Z,0.0100,9524.00,yes
2026-10-10T04:45:53.815711Z,0.0100,9524.00,yes
2026-10-10T04:45:53.815711Z,0.0100,2033.88,yes
2026-10-10T04:45:53.819504Z,0.0100,46.75,yes
2026-10-10T04:45:53.834827Z,0.0100,100.00,yes
2026-10-10T04:45:53.834827Z,0.0100,101.00,yes
2026-10-10T04:45:53.834827Z,0.0100,79.55,yes
2026-10-10T04:45:54.349773Z,0.0100,93.51,yes
2026-10-10T04:45:54.410227Z,0.0100,331.99,yes
2026-10-10T04:45:54.582597Z,0.0100,93.51,yes
2026-10-10T04:45:54.662958Z,0.0100,93.51,yes
2026-10-10T04:45:55.914229Z,0.0100,10.28,yes
2026-10-10T04:45:56.562864Z,0.0100,572.73,yes
2026-10-10T04:45:56.562864Z,0.0100,1297.65,yes
2026-10-10T04:45:56.90553Z,0.0100,46.75,yes
2026-10-10T04:45:57.32692Z,0.0100,935.19,yes
2026-10-10T04:45:57.489273Z,0.0100,467.59,yes
2026-10-10T04:45:57.514922Z,0.0100,93.51,yes
2026-10-10T04:45:57.614198Z,0.0100,506.00,yes
2026-10-10T04:45:57.713735Z,0.0100,89.77,yes
2026-10-10T04:45:57.87157Z,0.0100,467.59,yes
2026-10-10T04:45:58.525026Z,0.0100,32.73,yes
2026-10-10T04:45:59.913262Z,0.0100,93.51,yes
2026-10-10T04:46:00.520526Z,0.0100,935.19,yes
2026-10-10T04:46:00.609532Z,0.0100,291.77,yes
2026-10-10T04:46:01.05322Z,0.0100,23.37,yes
2026-10-10T04:46:02.01885Z,0.0100,654.63,yes
2026-10-10T04:46:02.4428Z,0.0100,4.67,yes
2026-10-10T04:46:03.127681Z,0.0100,467.59,yes
2026-10-10T04:46:04.449523Z,0.0100,46.75,yes
2026-10-10T04:46:04.527348Z,0.0100,267.59,yes
2026-10-10T04:46:04.527348Z,0.0100,200.00,yes
2026-10-10T04:46:04.642641Z,0.0100,93.51,yes
2026-10-10T04:46:04.918595Z,0.0100,57.00,yes
2026-10-10T04:46:05.434989Z,0.0100,467.59,yes
2026-10-10T04:46:06.042644Z,0.0100,467.59,yes
2026-10-10T04:46:06.684104Z,0.0100,467.59,yes
2026-10-10T04:46:06.71973Z,0.0100,467.59,yes
2026-10-10T04:46:07.276573Z,0.0100,93.51,yes
2026-10-10T04:46:09.32014Z,0.0100,73.88,yes
2026-10-10T04:46:09.707787Z,0.0100,187.03,yes
2026-10-10T04:46:10.173241Z,0.0100,400.00,yes
2026-10-10T04:46:10.756548Z,0.0100,1122.22,yes
2026-10-10T04:46:11.057741Z,0.0100,82.29,yes
2026-10-10T04:46:11.177932Z,0.0100,280.55,yes
2026-10-10T04:46:11.682191Z,0.0100,93.51,yes
2026-10-10T04:46:12.359641Z,0.0100,93.51,yes
2026-10-10T04:46:12.3703Z,0.0100,20.00,yes
2026-10-10T04:46:12.409031Z,0.0100,4086.87,yes
2026-10-10T04:46:12.409031Z,0.0100,5265.04,yes
2026-10-10T04:46:13.086278Z,0.0100,70.13,yes
2026-10-10T04:46:13.388624Z,0.0100,4675.95,yes
2026-10-10T04:46:14.188604Z,0.0100,187.03,yes
2026-10-10T04:46:14.589227Z,0.0100,93.51,yes
2026-10-10T04:46:14.916248Z,0.0100,467.59,yes
2026-10-10T04:46:15.185858Z,0.0100,187.03,yes
2026-10-10T04:46:16.11361Z,0.0100,0.93,yes
2026-10-10T04:46:16.56308Z,0.0100,93.51,yes
2026-10-10T04:46:17.074051Z,0.0100,93.51,yes
2026-10-10T04:46:17.488814Z,0.0100,93.51,yes
2026-10-10T04:46:17.725463Z,0.0100,93.51,yes
2026-10-10T04:46:17.785247Z,0.0100,400.00,yes
2026-10-10T04:46:17.785247Z,0.0100,5411.92,yes
2026-10-10T04:46:17.785247Z,0.0100,3539.99,yes
2026-10-10T04:46:17.861025Z,0.0100,500.00,yes
2026-10-10T04:46:18.439849Z,0.0100,467.59,yes
2026-10-10T04:46:18.55873Z,0.0100,187.03,yes
2026-10-10T04:46:18.939927Z,0.0100,467.59,yes
2026-10-10T04:46:19.659053Z,0.0100,31.79,yes
2026-10-10T04:46:19.75214Z,0.0100,748.15,yes
2026-10-10T04:46:20.021554Z,0.0100,35.53,yes
2026-10-10T04:46:20.175442Z,0.0100,187.03,yes
2026-10-10T04:46:20.65326Z,0.0100,1402.78,yes
2026-10-10T04:46:22.240528Z,0.0100,467.59,yes
2026-10-10T04:46:22.651137Z,0.0100,93.51,yes
2026-10-10T04:46:23.11004Z,0.0100,374.07,yes
2026-10-10T04:46:23.121358Z,0.0100,187.03,yes
2026-10-10T04:46:24.424889Z,0.0100,4675.95,yes
2026-10-10T04:46:24.845465Z,0.0100,280.55,yes
2026-10-10T04:46:25.071477Z,0.0100,5000.00,yes
2026-10-10T04:46:25.087601Z,0.0100,46.75,yes
2026-10-10T04:46:26.895038Z,0.0100,46.75,yes
2026-10-10T04:46:26.912926Z,0.0100,1870.38,yes
2026-10-10T04:46:27.83389Z,0.0100,93.51,yes
2026-10-10T04:46:27.8455Z,0.0100,467.59,yes
2026-10-10T04:46:29.944373Z,0.0100,93.51,yes
2026-10-10T04:46:30.60951Z,0.0100,93.51,yes
2026-10-10T04:46:31.606426Z,0.0100,82.29,yes
2026-10-10T04:46:32.576067Z,0.0100,166.00,yes
2026-10-10T04:46:33.182736Z,0.0100,36.47,yes
2026-10-10T04:46:33.656406Z,0.0100,1122.22,yes
2026-10-10T04:46:33.941464Z,0.0100,1870.38,yes
2026-10-10T04:46:34.361018Z,0.0100,935.19,yes
2026-10-10T04:46:34.773053Z,0.0100,1870.38,yes
2026-10-10T04:46:36.091888Z,0.0100,280.55,yes
2026-10-10T04:46:37.193478Z,0.0100,187.03,yes
2026-10-10T04:46:38.775541Z,0.0100,841.67,yes
2026-10-10T04:46:39.506547Z,0.0100,467.59,yes
2026-10-10T04:46:40.407848Z,0.0100,46.75,yes
2026-10-10T04:46:42.937734Z,0.0100,187.03,yes
2026-10-10T04:46:43.152309Z,0.0100,187.03,yes
2026-10-10T04:46:44.112239Z,0.0100,187.03,yes
2026-10-10T04:46:45.829605Z,0.0100,2337.97,yes
2026-10-10T04:46:45.937087Z,0.0100,93.51,yes
2026-10-10T04:46:47.295568Z,0.0100,467.59,yes
2026-10-10T04:46:47.980794Z,0.0100,1870.38,yes
2026-10-10T04:46:48.598191Z,0.0100,93.51,yes
2026-10-10T04:46:48.930038Z,0.0100,654.63,yes
2026-10-10T04:46:51.054683Z,0.0100,93.51,yes
2026-10-10T04:46:51.742588Z,0.0100,187.03,yes
2026-10-10T04:46:52.015852Z,0.0100,467.59,yes
2026-10-10T04:46:52.437459Z,0.0100,75.75,yes
2026-10-10T04:46:52.973262Z,0.0100,1833.91,yes
2026-10-10T04:46:53.237853Z,0.0100,72.94,yes
2026-10-10T04:46:53.852711Z,0.0100,467.59,yes
2026-10-10T04:46:54.185584Z,0.0100,280.55,yes
2026-10-10T04:46:54.303239Z,0.0100,280.55,yes
2026-10-10T04:46:55.327189Z,0.0100,467.59,yes
2026-10-10T04:46:55.343238Z,0.0100,23.37,yes
2026-10-10T04:46:55.627146Z,0.0100,10006.54,yes
2026-10-10T04:46:55.781521Z,0.0100,1028.71,yes
2026-10-10T04:46:55.899617Z,0.0100,16.83,yes
2026-10-10T04:46:56.332238Z,0.0100,16.00,yes
2026-10-10T04:46:56.530092Z,0.0100,1309.26,yes
2026-10-10T04:46:56.648752Z,0.0100,93.51,yes
2026-10-10T04:46:57.019782Z,0.0100,93.51,yes
2026-10-10T04:46:57.065247Z,0.0100,166.33,yes
2026-10-10T04:46:57.416687Z,0.0100,100.00,yes
2026-10-10T04:46:57.543851Z,0.0100,1870.38,yes
2026-10-10T04:46:58.094612Z,0.0100,467.59,yes
2026-10-10T04:46:58.41161Z,0.0100,187.03,yes
2026-10-10T04:46:59.504573Z,0.0100,467.59,yes
2026-10-10T04:46:59.68554Z,0.0100,93.51,yes
2026-10-10T04:47:01.152419Z,0.0100,1402.78,yes
2026-10-10T04:47:01.686491Z,0.0100,93.51,yes
2026-10-10T04:47:02.440139Z,0.0100,57.04,yes
2026-10-10T04:47:03.123748Z,0.0100,14.02,yes
2026-10-10T04:47:04.081839Z,0.0100,467.59,yes
2026-10-10T04:47:04.984341Z,0.0100,85.10,yes
2026-10-10T04:47:06.236727Z,0.0100,21.50,yes
2026-10-10T04:47:06.955094Z,0.0100,93.51,yes
2026-10-10T04:47:07.148246Z,0.0100,4675.95,yes
2026-10-10T04:47:07.556815Z,0.0100,187.03,yes
2026-10-10T04:47:09.624073Z,0.0100,935.00,yes
2026-10-10T04:47:10.693374Z,0.0100,187.03,yes
2026-10-10T04:47:11.093871Z,0.0100,93.51,yes
2026-10-10T04:47:12.352835Z,0.0100,467.59,yes
2026-10-10T04:47:13.022447Z,0.0100,467.59,yes
2026-10-10T04:47:13.418545Z,0.0100,93.51,yes
2026-10-10T04:47:14.000128Z,0.0100,374.07,yes
2026-10-10T04:47:15.196582Z,0.0100,935.19,yes
2026-10-10T04:47:16.459049Z,0.0100,191.71,yes
2026-10-10T04:47:16.556637Z,0.0100,93.51,yes
2026-10-10T04:47:16.574268Z,0.0100,467.59,yes
2026-10-10T04:47:16.890965Z,0.0100,83.00,yes
2026-10-10T04:47:17.188162Z,0.0100,233.79,yes
2026-10-10T04:47:17.884179Z,0.0100,467.59,yes
2026-10-10T04:47:18.605058Z,0.0100,1010.00,yes
2026-10-10T04:47:19.068773Z,0.0100,467.59,yes
2026-10-10T04:47:19.535303Z,0.0100,467.59,yes
2026-10-10T04:47:19.875908Z,0.0100,10.00,yes
2026-10-10T04:47:21.950279Z,0.0100,2337.97,yes
2026-10-10T04:47:22.644551Z,0.0100,467.59,yes
2026-10-10T04:47:23.998571Z,0.0100,935.19,yes
2026-10-10T04:47:24.506133Z,0.0100,1402.78,yes
2026-10-10T04:47:24.69964Z,0.0100,374.07,yes
2026-10-10T04:47:25.869483Z,0.0100,93.51,yes
2026-10-10T04:47:26.415852Z,0.0100,187.03,yes
2026-10-10T04:47:27.137176Z,0.0100,234.00,yes
2026-10-10T04:47:27.256842Z,0.0100,333.00,yes
2026-10-10T04:47:27.351563Z,0.0100,467.59,yes
2026-10-10T04:47:27.958061Z,0.0100,93.51,yes
2026-10-10T04:47:28.102462Z,0.0100,18.70,yes
2026-10-10T04:47:28.214627Z,0.0100,93.51,yes
2026-10-10T04:47:28.337125Z,0.0100,4675.95,yes
2026-10-10T04:47:28.658319Z,0.0100,935.19,yes
2026-10-10T04:47:29.100936Z,0.0100,467.59,yes
2026-10-10T04:47:29.390239Z,0.0100,99.13,yes
2026-10-10T04:47:29.72232Z,0.0100,46.75,yes
2026-10-10T04:47:32.120417Z,0.0100,280.55,yes
2026-10-10T04:47:32.12754Z,0.0100,93.51,yes
2026-10-10T04:47:33.487239Z,0.0100,935.19,yes
2026-10-10T04:47:33.69439Z,0.0100,935.19,yes
2026-10-10T04:47:34.047325Z,0.0100,1870.38,yes
2026-10-10T04:47:34.096655Z,0.0100,935.19,yes
2026-10-10T04:47:34.229631Z,0.0100,25.00,yes
2026-10-10T04:47:34.662799Z,0.0100,1870.38,yes
2026-10-10T04:47:35.13187Z,0.0100,695.78,yes
2026-10-10T04:47:35.323187Z,0.0100,9351.91,yes
2026-10-10T04:47:36.386738Z,0.0100,9.00,yes
2026-10-10T04:47:36.746625Z,0.0100,280.55,yes
2026-10-10T04:47:36.764985Z,0.0100,9351.91,yes
2026-10-10T04:47:37.731681Z,0.0100,187.03,yes
2026-10-10T04:47:37.755593Z,0.0100,280.55,yes
2026-10-10T04:47:37.821633Z,0.0100,2337.97,yes
2026-10-10T04:47:38.354164Z,0.0100,935.19,yes
2026-10-10T04:47:39.620206Z,0.0100,467.59,yes
2026-10-10T04:47:40.579967Z,0.0100,2337.97,yes
2026-10-10T04:47:41.42151Z,0.0100,110.35,yes
2026-10-10T04:47:41.796398Z,0.0100,935.19,yes
2026-10-10T04:47:42.958581Z,0.0100,467.59,yes
2026-10-10T04:47:43.566016Z,0.0100,702.00,yes
2026-10-10T04:47:43.689323Z,0.0100,935.19,yes
2026-10-10T04:47:44.28177Z,0.0100,467.59,yes
2026-10-10T04:47:45.582105Z,0.0100,93.51,yes
2026-10-10T04:47:45.726584Z,0.0100,93.51,yes
2026-10-10T04:47:45.788507Z,0.0100,374.07,yes
2026-10-10T04:47:47.068835Z,0.0100,467.59,yes
2026-10-10T04:47:47.213212Z,0.0100,467.59,yes
2026-10-10T04:47:47.353307Z,0.0100,935.19,yes
2026-10-10T04:47:49.26883Z,0.0100,93.51,yes
2026-10-10T04:47:49.945912Z,0.0100,2337.97,yes
2026-10-10T04:47:50.342575Z,0.0100,473.20,yes
2026-10-10T04:47:50.929787Z,0.0100,93.51,yes
2026-10-10T04:47:51.26458Z,0.0100,187.03,yes
2026-10-10T04:47:51.85621Z,0.0100,0.93,yes
2026-10-10T04:47:52.501428Z,0.0100,935.19,yes
2026-10-10T04:47:52.620455Z,0.0100,1589.82,yes
2026-10-10T04:47:52.815948Z,0.0100,46.75,yes
2026-10-10T04:47:53.127815Z,0.0100,467.59,yes
2026-10-10T04:47:54.925436Z,0.0100,467.59,yes
2026-10-10T04:47:55.195947Z,0.0100,187.03,yes
2026-10-10T04:47:56.18613Z,0.0100,280.55,yes
2026-10-10T04:47:56.686683Z,0.0100,93.51,yes
2026-10-10T04:47:58.011209Z,0.0100,33.00,yes
2026-10-10T04:47:59.687304Z,0.0100,9.35,yes
2026-10-10T04:48:01.480626Z,0.0100,113.15,yes
2026-10-10T04:48:01.863407Z,0.0100,400.00,yes
2026-10-10T04:48:01.952421Z,0.0100,93.51,yes
2026-10-10T04:48:03.399027Z,0.0100,46.75,yes
2026-10-10T04:48:05.386046Z,0.0100,187.03,yes
2026-10-10T04:48:05.851977Z,0.0100,3000.00,yes
2026-10-10T04:48:05.880619Z,0.0100,187.03,yes
2026-10-10T04:48:07.322436Z,0.0100,988.49,yes
2026-10-10T04:48:10.380387Z,0.0100,93.51,yes
2026-10-10T04:48:12.546742Z,0.0100,93.51,yes
2026-10-10T04:48:13.764661Z,0.0100,93.51,yes
2026-10-10T04:48:17.171271Z,0.0100,20.57,yes
2026-10-10T04:48:17.887621Z,0.0100,175.81,yes
2026-10-10T04:48:19.063466Z,0.0100,33.00,yes
2026-10-10T04:48:21.199997Z,0.0100,9235.94,yes
2026-10-10T04:48:21.422606Z,0.0100,467.59,yes
2026-10-10T04:48:21.914654Z,0.0100,166.46,yes
2026-10-10T04:48:23.613125Z,0.0100,1402.78,yes
2026-10-10T04:48:25.120213Z,0.0100,93.51,yes
2026-10-10T04:48:25.772403Z,0.0100,93.51,yes
2026-10-10T04:48:30.214934Z,0.0100,935.19,yes
2026-10-10T04:48:31.86517Z,0.0100,467.59,yes
2026-10-10T04:48:33.684551Z,0.0100,93.51,yes
2026-10-10T04:48:33.774356Z,0.0100,935.19,yes
2026-10-10T04:48:33.813655Z,0.0100,93.51,yes
2026-10-10T04:48:33.966406Z,0.0100,7575.04,yes
2026-10-10T04:48:34.503623Z,0.0100,916.48,yes
2026-10-10T04:48:34.845718Z,0.0100,101.93,yes
2026-10-10T04:48:36.422297Z,0.0100,36.47,yes
2026-10-10T04:48:36.49623Z,0.0100,0.93,yes
2026-10-10T04:48:36.558499Z,0.0100,4.67,yes
2026-10-10T04:48:38.310672Z,0.0100,93.51,yes
2026-10-10T04:48:38.480108Z,0.0100,14027.86,yes
2026-10-10T04:48:39.423957Z,0.0100,200.13,yes
2026-10-10T04:48:39.941353Z,0.0100,93.51,yes
2026-10-10T04:48:43.626454Z,0.0100,2830.82,yes
2026-10-10T04:48:46.952778Z,0.0100,33.00,yes
2026-10-10T04:48:47.018251Z,0.0100,116.00,yes
2026-10-10T04:48:49.86525Z,0.0100,280.55,yes
2026-10-10T04:48:52.294627Z,0.0100,7.48,yes
2026-10-10T04:48:52.443954Z,0.0100,280.55,yes
2026-10-10T04:48:52.834161Z,0.0100,467.59,yes
2026-10-10T04:48:54.006605Z,0.0100,93.51,yes
2026-10-10T04:48:55.445235Z,0.0100,467.59,yes
2026-10-10T04:48:57.903388Z,0.0100,467.59,yes
2026-10-10T04:49:00.169703Z,0.0100,166.00,yes
2026-10-10T04:49:01.604005Z,0.0100,93.51,yes
2026-10-10T04:49:02.837095Z,0.0100,1402.78,yes
2026-10-10T04:49:03.435332Z,0.0100,935.19,yes
2026-10-10T04:49:07.518582Z,0.0100,467.59,yes
2026-10-10T04:49:08.136431Z,0.0100,1.87,yes
2026-10-10T04:49:08.22356Z,0.0100,935.19,yes
2026-10-10T04:49:08.895617Z,0.0100,280.55,yes
2026-10-10T04:49:09.826796Z,0.0100,935.19,yes
2026-10-10T04:49:11.23345Z,0.0100,297.39,yes
2026-10-10T04:49:11.678411Z,0.0100,187.03,yes
2026-10-10T04:49:15.200198Z,0.0100,467.59,yes
2026-10-10T04:49:15.629173Z,0.0100,93.51,yes
2026-10-10T04:49:15.776531Z,0.0100,19.66,yes
2026-10-10T04:49:15.877846Z,0.0100,935.19,yes
2026-10-10T04:49:16.485785Z,0.0100,1496.30,yes
2026-10-10T04:49:17.936808Z,0.0100,93.51,yes
2026-10-10T04:49:18.139072Z,0.0100,93.51,yes
2026-10-10T04:49:18.25326Z,0.0100,32.73,yes
2026-10-10T04:49:18.479231Z,0.0100,935.19,yes
2026-10-10T04:49:19.29895Z,0.0100,45.82,yes
2026-10-10T04:49:19.455011Z,0.0100,748.15,yes
2026-10-10T04:49:20.904949Z,0.0100,93.51,yes
2026-10-10T04:49:22.23041Z,0.0100,233.79,yes
2026-10-10T04:49:22.352674Z,0.0100,0.93,yes
2026-10-10T04:49:23.550464Z,0.0100,66.33,yes
2026-10-10T04:49:24.835443Z,0.0100,93.51,yes
2026-10-10T04:49:26.280974Z,0.0100,46.75,yes
2026-10-10T04:49:26.661504Z,0.0100,187.03,yes
2026-10-10T04:49:26.667556Z,0.0100,935.19,yes
2026-10-10T04:49:26.904298Z,0.0100,9.35,yes
2026-10-10T04:49:27.670594Z,0.0100,4675.95,yes
2026-10-10T04:49:28.39042Z,0.0100,280.55,yes
2026-10-10T04:49:29.626398Z,0.0100,11689.89,yes
2026-10-10T04:49:30.56508Z,0.0100,4675.95,yes
2026-10-10T04:49:31.596953Z,0.0100,93.51,yes
2026-10-10T04:49:32.566001Z,0.0100,467.59,yes
2026-10-10T04:49:33.304435Z,0.0100,651.82,yes
2026-10-10T04:49:36.021743Z,0.0100,100.00,yes
2026-10-10T04:49:37.611993Z,0.0100,46.75,yes
2026-10-10T04:49:38.213222Z,0.0100,467.59,yes
2026-10-10T04:49:40.268649Z,0.0100,1028.71,yes
2026-10-10T04:49:41.461052Z,0.0100,467.59,yes
2026-10-10T04:49:42.474404Z,0.0100,18.70,yes
2026-10-10T04:49:45.185233Z,0.0100,93.51,yes
2026-10-10T04:49:46.893431Z,0.0100,93.51,yes
2026-10-10T04:49:49.137498Z,0.0100,93.51,yes
2026-10-10T04:49:49.908563Z,0.0100,2337.97,yes
2026-10-10T04:49:50.415074Z,0.0100,561.11,yes
2026-10-10T04:49:50.890323Z,0.0100,897.78,yes
2026-10-10T04:49:50.896985Z,0.0100,7.48,yes
2026-10-10T04:49:53.612134Z,0.0100,46.75,yes
2026-10-10T04:49:54.567006Z,0.0100,280.55,yes
2026-10-10T04:49:55.011769Z,0.0100,187.03,yes
2026-10-10T04:49:56.219805Z,0.0100,1870.38,yes
2026-10-10T04:50:03.532367Z,0.0100,467.59,yes
2026-10-10T04:50:04.388033Z,0.0100,93.51,yes
2026-10-10T04:50:05.815725Z,0.0100,93.51,yes
2026-10-10T04:50:07.119647Z,0.0100,187.03,yes
2026-10-10T04:50:10.638059Z,0.0100,187.03,yes
2026-10-10T04:50:15.345499Z,0.0100,70.13,yes
2026-10-10T04:50:16.58526Z,0.0100,187.03,yes
2026-10-10T04:50:21.47929Z,0.0100,187.03,yes
2026-10-10T04:50:22.180122Z,0.0100,333.00,yes
2026-10-10T04:50:24.454982Z,0.0100,62.65,yes
2026-10-10T04:50:27.849889Z,0.0100,1870.38,yes
2026-10-10T04:50:28.459036Z,0.0100,467.59,yes
2026-10-10T04:50:34.33613Z,0.0100,233.79,yes
2026-10-10T04:50:35.17954Z,0.0100,93.51,yes
2026-10-10T04:50:35.419973Z,0.0100,93.51,yes
2026-10-10T04:50:38.68923Z,0.0100,467.59,yes
2026-10-10T04:50:39.02756Z,0.0100,50.00,yes
2026-10-10T04:50:43.575226Z,0.0100,654.63,yes
2026-10-10T04:50:45.686534Z,0.0100,280.55,yes
2026-10-10T04:50:49.597438Z,0.0100,1402.78,yes
2026-10-10T04:50:51.578156Z,0.0100,65.46,yes
2026-10-10T04:50:53.783921Z,0.0100,187.03,yes
2026-10-10T04:50:58.175606Z,0.0100,187.03,yes
2026-10-10T04:51:01.871427Z,0.0100,374.07,yes
2026-10-10T04:51:06.747205Z,0.0100,333.00,yes
2026-10-10T04:51:12.270147Z,0.0100,93.51,yes
2026-10-10T04:51:12.470402Z,0.0100,10.28,yes
2026-10-10T04:51:14.236125Z,0.0100,1107.26,yes
2026-10-10T04:51:14.25948Z,0.0100,93.51,yes
2026-10-10T04:51:16.703247Z,0.0100,0.93,yes
2026-10-10T04:51:17.617067Z,0.0100,93.51,yes
2026-10-10T04:51:18.569906Z,0.0100,144.01,yes
2026-10-10T04:51:23.476538Z,0.0100,93.51,yes
2026-10-10T04:51:23.899681Z,0.0100,1870.38,yes
2026-10-10T04:51:29.289086Z,0.0100,9351.91,yes
2026-10-10T04:51:31.747562Z,0.0100,29.92,yes
2026-10-10T04:51:33.543074Z,0.0100,93.51,yes
2026-10-10T04:51:34.237215Z,0.0100,93.51,yes
2026-10-10T04:51:35.752487Z,0.0100,935.19,yes
2026-10-10T04:51:35.768451Z,0.0100,93.51,yes
2026-10-10T04:51:38.639696Z,0.0100,93.51,yes
2026-10-10T04:51:42.898703Z,0.0100,66.39,yes
2026-10-10T04:51:51.669553Z,0.0100,93.51,yes
2026-10-10T04:51:51.890708Z,0.0100,93.51,yes
2026-10-10T04:51:56.248696Z,0.0100,82.29,yes
2026-10-10T04:51:59.377889Z,0.0100,467.59,yes
2026-10-10T04:52:02.769738Z,0.0100,4.67,yes
2026-10-10T04:52:02.867747Z,0.0100,33.00,yes
2026-10-10T04:52:08.993958Z,0.0100,280.55,yes
2026-10-10T04:52:10.750713Z,0.0100,935.19,yes
2026-10-10T04:52:14.241405Z,0.0100,288.03,yes
2026-10-10T04:52:15.139564Z,0.0100,467.59,yes
2026-10-10T04:52:15.218652Z,0.0100,1500.00,yes
2026-10-10T04:52:17.58549Z,0.0100,187.03,yes
2026-10-10T04:52:17.671537Z,0.0100,748.15,yes
2026-10-10T04:52:29.590483Z,0.0100,33.00,yes
2026-10-10T04:52:33.513109Z,0.0100,93.51,yes
2026-10-10T04:52:39.259883Z,0.0100,187.03,yes
2026-10-10T04:52:39.367882Z,0.0100,2337.97,yes
2026-10-10T04:52:40.086239Z,0.0100,9.35,yes
2026-10-10T04:52:40.632242Z,0.0100,11.22,yes
2026-10-10T04:53:01.097765Z,0.0100,0.93,yes
2026-10-10T04:53:09.946333Z,0.0100,1.00,yes
2026-10-10T04:53:10.206859Z,0.0100,299.26,yes
2026-10-10T04:53:11.805588Z,0.0100,467.59,yes
2026-10-10T04:53:16.176257Z,0.0100,98.19,yes
2026-10-10T04:53:29.290267Z,0.0100,187.03,yes
2026-10-10T04:53:36.033868Z,0.0100,2.01,yes
2026-10-10T04:53:38.537914Z,0.0100,4675.95,yes
2026-10-10T04:53:40.116737Z,0.0100,1.00,yes
2026-10-10T04:53:41.46676Z,0.0100,9.35,yes
2026-10-10T04:53:46.302286Z,0.0100,935.19,yes
2026-10-10T04:53:46.729634Z,0.0100,467.59,yes
2026-10-10T04:53:47.012666Z,0.0100,467.59,yes
2026-10-10T04:53:49.411455Z,0.0100,17.76,yes
2026-10-10T04:53:52.721103Z,0.0100,916.48,yes
2026-10-10T04:54:03.768444Z,0.0100,173.94,yes
2026-10-10T04:54:05.008966Z,0.0100,2337.97,yes
2026-10-10T04:54:05.230843Z,0.0100,280.55,yes
2026-10-10T04:54:10.030172Z,0.0100,93.51,yes
2026-10-10T04:54:11.126117Z,0.0100,280.55,yes
2026-10-10T04:54:11.179191Z,0.0100,93.51,yes
2026-10-10T04:54:13.418857Z,0.0100,467.59,yes
2026-10-10T04:54:14.866088Z,0.0100,841.67,yes
2026-10-10T04:54:18.606897Z,0.0100,93.51,yes
2026-10-10T04:54:20.437291Z,0.0100,187.03,yes
2026-10-10T04:54:23.087642Z,0.0100,935.19,yes
2026-10-10T04:54:26.167182Z,0.0100,916.48,yes
2026-10-10T04:54:26.989287Z,0.0100,55.17,yes
2026-10-10T04:54:32.238251Z,0.0100,467.59,yes
2026-10-10T04:54:32.64654Z,0.0100,467.59,yes
2026-10-10T04:54:40.572644Z,0.0100,93.51,yes
2026-10-10T04:54:45.613714Z,0.0100,79.33,yes
2026-10-10T04:54:47.004313Z,0.0100,935.19,yes
2026-10-10T04:54:54.368261Z,0.0100,935.19,yes
2026-10-10T04:54:57.543207Z,0.0100,467.59,yes
2026-10-10T04:55:00.256382Z,0.0100,280.55,yes
2026-10-10T04:55:00.39538Z,0.0100,93.51,yes
2026-10-10T04:55:03.324896Z,0.0100,333.00,yes
2026-10-10T04:55:04.623065Z,0.0100,374.07,yes
2026-10-10T04:55:05.093637Z,0.0100,935.19,yes
2026-10-10T04:55:05.445655Z,0.0100,46.75,yes
2026-10-10T04:55:06.703838Z,0.0100,467.59,yes
2026-10-10T04:55:10.580588Z,0.0100,467.59,yes
2026-10-10T04:55:11.344063Z,0.0100,93.51,yes
2026-10-10T04:55:17.135293Z,0.0100,93.51,yes
2026-10-10T04:55:18.457132Z,0.0100,93.51,yes
2026-10-10T04:55:22.175484Z,0.0100,867.85,yes
2026-10-10T04:55:26.756425Z,0.0100,187.03,yes
2026-10-10T04:55:31.183309Z,0.0100,187.03,yes
2026-10-10T04:55:35.328945Z,0.0100,2337.97,yes
2026-10-10T04:55:37.362191Z,0.0100,96.32,yes
2026-10-10T04:55:39.621538Z,0.0100,93.51,yes
2026-10-10T04:55:39.946126Z,0.0100,1028.71,yes
2026-10-10T04:55:40.573575Z,0.0100,187.03,yes
2026-10-10T04:55:41.256157Z,0.0100,1000.00,yes
2026-10-10T04:55:42.31786Z,0.0100,93.51,yes
2026-10-10T04:55:43.223892Z,0.0100,93.51,yes
2026-10-10T04:55:44.964347Z,0.0100,93.51,yes
2026-10-10T04:55:45.793304Z,0.0100,467.59,yes
2026-10-10T04:55:46.469094Z,0.0100,1028.71,yes
2026-10-10T04:55:46.918562Z,0.0100,374.07,yes
2026-10-10T04:55:50.590252Z,0.0100,935.19,yes
2026-10-10T04:55:51.33544Z,0.0100,654.63,yes
2026-10-10T04:55:52.820221Z,0.0100,280.55,yes
2026-10-10T04:55:54.645339Z,0.0100,93.51,yes
2026-10-10T04:55:55.232615Z,0.0100,93.51,yes
2026-10-10T04:55:56.769268Z,0.0100,467.59,yes
2026-10-10T04:56:00.215615Z,0.0100,935.19,yes
2026-10-10T04:56:01.318423Z,0.0100,935.19,yes
2026-10-10T04:56:02.589072Z,0.0100,4.67,yes
2026-10-10T04:56:02.59689Z,0.0100,841.67,yes
2026-10-10T04:56:05.225307Z,0.0100,935.19,yes
2026-10-10T04:56:08.953188Z,0.0100,540.54,yes
2026-10-10T04:56:10.899768Z,0.0100,467.59,yes
2026-10-10T04:56:11.184003Z,0.0100,1434.58,yes
2026-10-10T04:56:11.346609Z,0.0100,93.51,yes
2026-10-10T04:56:11.66781Z,0.0100,61.72,yes
2026-10-10T04:56:12.405196Z,0.0100,1870.38,yes
2026-10-10T04:56:12.47321Z,0.0100,1028.71,yes
2026-10-10T04:56:13.386171Z,0.0100,333.00,yes
2026-10-10T04:56:13.669222Z,0.0100,102.87,yes
2026-10-10T04:56:13.925781Z,0.0100,93.51,yes
2026-10-10T04:56:13.96839Z,0.0100,935.19,yes
2026-10-10T04:56:14.954147Z,0.0100,93.51,yes
2026-10-10T04:56:15.235261Z,0.0100,935.19,yes
2026-10-10T04:56:16.169356Z,0.0100,935.19,yes
2026-10-10T04:56:16.22215Z,0.0100,3333.00,yes
2026-10-10T04:56:16.81231Z,0.0100,134.66,yes
2026-10-10T04:56:17.054834Z,0.0100,187.03,yes
2026-10-10T04:56:17.807369Z,0.0100,93.51,yes
2026-10-10T04:56:18.529388Z,0.0100,33.00,yes
2026-10-10T04:56:18.881493Z,0.0100,93.51,yes
2026-10-10T04:56:19.135611Z,0.0100,935.19,yes
2026-10-10T04:56:19.85714Z,0.0100,473.20,yes
2026-10-10T04:56:19.969461Z,0.0100,187.03,yes
2026-10-10T04:56:20.280186Z,0.0100,1870.38,yes
2026-10-10T04:56:20.514301Z,0.0100,133.73,yes
2026-10-10T04:56:21.134835Z,0.0100,1870.38,yes
2026-10-10T04:56:21.660263Z,0.0100,467.59,yes
2026-10-10T04:56:21.867983Z,0.0100,935.19,yes
2026-10-10T04:56:25.181644Z,0.0100,4582.43,yes
2026-10-10T04:56:26.187862Z,0.0100,28.99,yes
2026-10-10T04:56:26.196102Z,0.0100,99.66,yes
2026-10-10T04:56:26.580095Z,0.0100,93.51,yes
2026-10-10T04:56:27.19774Z,0.0100,93.51,yes
2026-10-10T04:56:27.263514Z,0.0100,935.19,yes
2026-10-10T04:56:30.186972Z,0.0100,93.51,yes
2026-10-10T04:56:30.235961Z,0.0100,187.03,yes
2026-10-10T04:56:30.801866Z,0.0100,93.51,yes
2026-10-10T04:56:30.989634Z,0.0100,33.00,yes
2026-10-10T04:56:31.156462Z,0.0100,1683.34,yes
2026-10-10T04:56:31.521868Z,0.0100,187.00,yes
2026-10-10T04:56:31.618035Z,0.0100,93.51,yes
2026-10-10T04:56:32.369267Z,0.0100,467.59,yes
2026-10-10T04:56:32.621171Z,0.0100,46.75,yes
2026-10-10T04:56:33.113069Z,0.0100,374.07,yes
2026-10-10T04:56:33.396015Z,0.0100,50.50,yes
2026-10-10T04:56:33.938388Z,0.0100,842.60,yes
2026-10-10T04:56:34.066474Z,0.0100,93.51,yes
2026-10-10T04:56:34.859267Z,0.0100,467.59,yes
2026-10-10T04:56:36.053322Z,0.0100,896.84,yes
2026-10-10T04:56:36.067425Z,0.0100,93.51,yes
2026-10-10T04:56:37.935907Z,0.0100,140.27,yes
2026-10-10T04:56:37.954184Z,0.0100,374.07,yes
2026-10-10T04:56:38.582382Z,0.0100,435.00,yes
2026-10-10T04:56:40.070703Z,0.0100,187.03,yes
2026-10-10T04:56:43.656628Z,0.0100,109.41,yes
2026-10-10T04:56:44.201109Z,0.0100,18.70,yes
2026-10-10T04:56:44.282235Z,0.0100,93.51,yes
2026-10-10T04:56:44.394875Z,0.0100,467.59,yes
2026-10-10T04:56:46.275619Z,0.0100,63.59,yes
2026-10-10T04:56:46.575268Z,0.0100,6546.33,yes
2026-10-10T04:56:47.389852Z,0.0100,93.51,yes
2026-10-10T04:56:47.45577Z,0.0100,93.51,yes
2026-10-10T04:56:47.781162Z,0.0100,935.19,yes
2026-10-10T04:56:48.273029Z,0.0100,187.03,yes
2026-10-10T04:56:50.676061Z,0.0100,467.59,yes
2026-10-10T04:56:51.053356Z,0.0100,750.00,yes
2026-10-10T04:56:51.660495Z,0.0100,833.00,yes
2026-10-10T04:56:51.769216Z,0.0100,230.05,yes
2026-10-10T04:56:52.52777Z,0.0100,187.03,yes
2026-10-10T04:56:53.338782Z,0.0100,18.00,yes
2026-10-10T04:56:53.649305Z,0.0100,935.19,yes
2026-10-10T04:56:54.693907Z,0.0100,935.19,yes
2026-10-10T04:56:55.688017Z,0.0100,935.19,yes
2026-10-10T04:56:56.038654Z,0.0100,33.00,yes
2026-10-10T04:56:56.656152Z,0.0100,93.51,yes
2026-10-10T04:56:58.488606Z,0.0100,719.16,yes
2026-10-10T04:56:58.930242Z,0.0100,374.07,yes
2026-10-10T04:57:00.059546Z,0.0100,467.59,yes
2026-10-10T04:57:00.101452Z,0.0100,333.00,yes
2026-10-10T04:57:00.442659Z,0.0100,1963.90,yes
2026-10-10T04:57:00.719665Z,0.0100,935.19,yes
2026-10-10T04:57:01.801639Z,0.0100,467.59,yes
2026-10-10T04:57:01.897943Z,0.0100,166.00,yes
2026-10-10T04:57:02.171067Z,0.0100,299.66,yes
2026-10-10T04:57:02.203896Z,0.0100,187.03,yes
2026-10-10T04:57:03.897969Z,0.0100,935.19,yes
2026-10-10T04:57:03.954837Z,0.0100,30.86,yes
2026-10-10T04:57:03.966595Z,0.0100,374.07,yes
2026-10-10T04:57:04.507735Z,0.0100,16.33,yes
2026-10-10T04:57:05.282723Z,0.0100,93.51,yes
2026-10-10T04:57:05.829903Z,0.0100,467.59,yes
2026-10-10T04:57:07.09449Z,0.0100,500.00,yes
2026-10-10T04:57:07.811269Z,0.0100,93.51,yes
2026-10-10T04:57:08.041324Z,0.0100,24.31,yes
2026-10-10T04:57:08.059636Z,0.0100,467.59,yes
2026-10-10T04:57:08.487349Z,0.0100,318.66,yes
2026-10-10T04:57:08.819677Z,0.0100,467.59,yes
2026-10-10T04:57:09.118257Z,0.0100,467.59,yes
2026-10-10T04:57:09.705705Z,0.0100,2337.97,yes
2026-10-10T04:57:10.195827Z,0.0100,1666.00,yes
2026-10-10T04:57:10.336573Z,0.0100,93.51,yes
2026-10-10T04:57:10.456285Z,0.0100,93.51,yes
2026-10-10T04:57:10.87253Z,0.0100,467.59,yes
2026-10-10T04:57:11.197248Z,0.0100,93.51,yes
2026-10-10T04:57:11.639898Z,0.0100,93.51,yes
2026-10-10T04:57:12.538019Z,0.0100,93.51,yes
2026-10-10T04:57:13.007743Z,0.0100,3834.28,yes
2026-10-10T04:57:13.268812Z,0.0100,1870.38,yes
2026-10-10T04:57:13.439258Z,0.0100,93.51,yes
2026-10-10T04:57:13.861284Z,0.0100,33.00,yes
2026-10-10T04:57:14.020037Z,0.0100,46.75,yes
2026-10-10T04:57:14.592546Z,0.0100,935.19,yes
2026-10-10T04:57:15.121541Z,0.0100,935.19,yes
2026-10-10T04:57:16.755627Z,0.0100,935.19,yes
2026-10-10T04:57:17.013024Z,0.0100,467.59,yes
2026-10-10T04:57:17.339948Z,0.0100,9351.91,yes
2026-10-10T04:57:18.996259Z,0.0100,93.51,yes
2026-10-10T04:57:19.132089Z,0.0100,467.59,yes
2026-10-10T04:57:19.658369Z,0.0100,19.63,yes
2026-10-10T04:57:20.835228Z,0.0100,2337.04,yes
2026-10-10T04:57:21.377281Z,0.0100,467.59,yes
2026-10-10T04:57:22.515633Z,0.0100,2337.97,yes
2026-10-10T04:57:24.139558Z,0.0100,93.51,yes
2026-10-10T04:57:27.031293Z,0.0100,467.59,yes
2026-10-10T04:57:27.488238Z,0.0100,93.51,yes
2026-10-10T04:57:27.771891Z,0.0100,935.19,yes
2026-10-10T04:57:27.812422Z,0.0100,93.51,yes
2026-10-10T04:57:28.757231Z,0.0100,93.51,yes
2026-10-10T04:57:29.194262Z,0.0100,187.03,yes
2026-10-10T04:57:29.492043Z,0.0100,14.33,yes
2026-10-10T04:57:29.936278Z,0.0100,32825.21,yes
2026-10-10T04:57:30.092434Z,0.0100,93.51,yes
2026-10-10T04:57:32.200058Z,0.0100,467.59,yes
2026-10-10T04:57:32.405483Z,0.0100,93.51,yes
2026-10-10T04:57:32.415296Z,0.0100,187.03,yes
2026-10-10T04:57:32.626682Z,0.0100,467.59,yes
2026-10-10T04:57:32.665017Z,0.0100,935.19,yes
2026-10-10T04:57:32.70714Z,0.0100,93.51,yes
2026-10-10T04:57:32.899049Z,0.0100,935.19,yes
2026-10-10T04:57:33.901397Z,0.0100,935.19,yes
2026-10-10T04:57:34.615569Z,0.0100,935.19,yes
2026-10-10T04:57:34.665311Z,0.0100,333.00,yes
2026-10-10T04:57:35.243289Z,0.0100,935.19,yes
2026-10-10T04:57:35.390204Z,0.0100,187.03,yes
2026-10-10T04:57:35.665422Z,0.0100,935.19,yes
2026-10-10T04:57:36.081486Z,0.0100,46.75,yes
2026-10-10T04:57:36.089602Z,0.0100,280.55,yes
2026-10-10T04:57:36.328813Z,0.0100,935.19,yes
2026-10-10T04:57:36.378873Z,0.0100,93.51,yes
2026-10-10T04:57:36.615045Z,0.0100,467.59,yes
2026-10-10T04:57:37.059502Z,0.0100,9.35,yes
2026-10-10T04:57:37.090467Z,0.0100,9351.91,yes
2026-10-10T04:57:37.19709Z,0.0100,467.59,yes
2026-10-10T04:57:37.216013Z,0.0100,93.51,yes
2026-10-10T04:57:38.637969Z,0.0100,50000.00,yes
2026-10-10T04:57:38.993247Z,0.0100,100000.00,yes
2026-10-10T04:57:38.999485Z,0.0100,13583.00,yes
2026-10-10T04:57:39.092106Z,0.0100,50000.00,yes
2026-10-10T04:57:39.184214Z,0.0100,100000.00,yes
2026-10-10T04:57:39.187677Z,0.0100,43.00,yes
2026-10-10T04:57:39.20093Z,0.0100,6704.79,yes
2026-10-10T04:57:39.20093Z,0.0100,777.00,yes
2026-10-10T04:57:39.20093Z,0.0100,36757.11,yes
2026-10-10T04:57:39.20093Z,0.0100,5761.10,yes
2026-10-10T04:57:39.228456Z,0.0100,168.00,yes
2026-10-10T04:57:39.229073Z,0.0100,400.00,yes
2026-10-10T04:57:39.229073Z,0.0100,41.02,yes
2026-10-10T04:57:39.229073Z,0.0100,62.98,yes
2026-10-10T04:57:39.271361Z,0.0100,5.00,yes
2026-10-10T04:57:39.283369Z,0.0100,300.00,yes
2026-10-10T04:57:39.291841Z,0.0100,1046.10,yes
2026-10-10T04:57:39.291841Z,0.0100,76.92,yes
2026-10-10T04:57:39.291841Z,0.0100,653.98,yes
2026-10-10T04:57:39.330433Z,0.0100,842.00,yes
2026-10-10T04:57:39.330445Z,0.0100,43.42,yes
2026-10-10T04:57:39.339462Z,0.0100,200.00,yes
2026-10-10T04:57:39.366608Z,0.0100,1000.00,yes
2026-10-10T04:57:39.515778Z,0.0100,50000.00,yes
2026-10-10T04:57:39.564354Z,0.0100,0.93,yes
2026-10-10T04:57:39.638995Z,0.0100,935.19,yes
2026-10-10T04:57:39.674205Z,0.0100,2449.73,yes
2026-10-10T04:57:39.674205Z,0.0100,679.07,yes
2026-10-10T04:57:39.674205Z,0.0100,45932.36,yes
2026-10-10T04:57:39.674205Z,0.0100,186.00,yes
2026-10-10T04:57:39.674205Z,0.0100,752.84,yes
2026-10-10T04:57:39.983532Z,0.0100,12000.00,yes
2026-10-10T04:57:40.176318Z,0.0100,7772.27,yes
2026-10-10T04:57:41.422607Z,0.0200,28.00,yes
2026-10-10T04:57:41.422607Z,0.0200,5.00,yes
2026-10-10T04:57:42.018333Z,0.0200,46.79,yes
2026-10-10T04:57:42.607156Z,0.0200,2058.76,yes
2026-10-10T04:57:43.852188Z,0.0100,20.00,no
2026-10-10T04:57:43.93Z,0.0200,24.75,yes
2026-10-10T04:57:43.950529Z,0.0200,46.79,yes
2026-10-10T04:57:44.602057Z,0.0200,46.79,yes
2026-10-10T04:57:45.794647Z,0.0200,140.37,yes
2026-10-10T04:57:46.802692Z,0.0200,12.00,yes
2026-10-10T04:57:49.61374Z,0.0200,655.06,yes
2026-10-10T04:57:49.96055Z,0.0200,46.79,yes
2026-10-10T04:57:50.279829Z,0.0200,22.00,yes
2026-10-10T04:57:50.429808Z,0.0200,80.01,yes
2026-10-10T04:57:51.254985Z,0.0200,46.79,yes
2026-10-10T04:57:52.128755Z,0.0200,467.90,yes
2026-10-10T04:57:52.611504Z,0.0200,222.00,yes
2026-10-10T04:57:53.35035Z,0.0200,25.00,yes
2026-10-10T04:57:53.35035Z,0.0200,48.47,yes
2026-10-10T04:57:53.35035Z,0.0200,55.20,yes
2026-10-10T04:57:53.427418Z,0.0200,46.79,yes
2026-10-10T04:57:54.199611Z,0.0200,141.30,yes
2026-10-10T04:57:54.916889Z,0.0200,143.36,yes
2026-10-10T04:57:54.916889Z,0.0200,63.44,yes
2026-10-10T04:57:54.916889Z,0.0200,200.00,yes
2026-10-10T04:57:54.916889Z,0.0200,29.00,yes
2026-10-10T04:57:54.916889Z,0.0200,500.00,yes
2026-10-10T04:57:55.688621Z,0.0200,174.10,yes
2026-10-10T04:57:55.688621Z,0.0200,106.64,yes
2026-10-10T04:57:57.012655Z,0.0200,46.79,yes
2026-10-10T04:57:57.28811Z,0.0200,46.79,yes
2026-10-10T04:57:57.819788Z,0.0200,66.90,yes
2026-10-10T04:57:58.356479Z,0.0200,233.95,yes
2026-10-10T04:57:59.062241Z,0.0200,701.85,yes
2026-10-10T04:57:59.444685Z,0.0200,701.85,yes
2026-10-10T04:57:59.696529Z,0.0100,166.48,no
2026-10-10T04:58:00.218307Z,0.0200,140.37,yes
2026-10-10T04:58:01.128797Z,0.0200,116.97,yes
2026-10-10T04:58:01.476287Z,0.0200,233.95,yes
2026-10-10T04:58:02.067429Z,0.0100,649.00,no
2026-10-10T04:58:02.067429Z,0.0100,10313.52,no
2026-10-10T04:58:02.067429Z,0.0100,4000.00,no
2026-10-10T04:58:02.067429Z,0.0100,518.48,no
2026-10-10T04:58:02.067429Z,0.0100,649.00,no
2026-10-10T04:58:03.340813Z,0.0200,233.95,yes
2026-10-10T04:58:03.653326Z,0.0200,467.90,yes
2026-10-10T04:58:03.853091Z,0.0200,233.95,yes
2026-10-10T04:58:04.867471Z,0.0200,467.90,yes
2026-10-10T04:58:04.918844Z,0.0200,9.35,yes
2026-10-10T04:58:04.961346Z,0.0200,140.37,yes
2026-10-10T04:58:04.974778Z,0.0200,467.90,yes
2026-10-10T04:58:05.51482Z,0.0200,5.00,yes
2026-10-10T04:58:06.475815Z,0.0200,11.69,yes
2026-10-10T04:58:07.259171Z,0.0200,93.58,yes
2026-10-10T04:58:07.490053Z,0.0200,274.12,yes
2026-10-10T04:58:07.490053Z,0.0200,4404.89,yes
2026-10-10T04:58:08.455815Z,0.0200,140.37,yes
2026-10-10T04:58:08.49264Z,0.0200,100.00,yes
2026-10-10T04:58:09.025387Z,0.0200,233.95,yes
2026-10-10T04:58:09.175442Z,0.0100,130.52,no
2026-10-10T04:58:09.175442Z,0.0100,354.24,no
2026-10-10T04:58:09.206931Z,0.0200,46.79,yes
2026-10-10T04:58:09.64445Z,0.0100,0.70,no
2026-10-10T04:58:09.722301Z,0.0200,93.58,yes
2026-10-10T04:58:09.801944Z,0.0100,6.33,no
2026-10-10T04:58:10.08219Z,0.0200,701.85,yes
2026-10-10T04:58:10.240192Z,0.0100,236.53,no
2026-10-10T04:58:10.704672Z,0.0100,42.31,no
2026-10-10T04:58:10.704672Z,0.0100,51.20,no
2026-10-10T04:58:12.426301Z,0.0100,22.56,no
2026-10-10T04:58:12.686019Z,0.0200,233.95,yes
2026-10-10T04:58:13.225596Z,0.0200,46.79,yes
2026-10-10T04:58:13.466637Z,0.0200,233.95,yes
2026-10-10T04:58:13.99471Z,0.0200,935.80,yes
2026-10-10T04:58:14.010211Z,0.0200,467.90,yes
2026-10-10T04:58:14.069517Z,0.0200,93.58,yes
2026-10-10T04:58:15.850336Z,0.0200,200.00,yes
2026-10-10T04:58:16.169205Z,0.0200,46.79,yes
2026-10-10T04:58:16.398677Z,0.0200,93.58,yes
2026-10-10T04:58:16.592484Z,0.0100,1368.65,no
2026-10-10T04:58:17.888673Z,0.0200,140.37,yes
2026-10-10T04:58:18.589746Z,0.0200,23.39,yes
2026-10-10T04:58:18.728201Z,0.0200,140.37,yes
2026-10-10T04:58:19.133736Z,0.0200,233.95,yes
2026-10-10T04:58:19.459531Z,0.0200,1000.00,yes
2026-10-10T04:58:19.592457Z,0.0200,1169.75,yes
2026-10-10T04:58:19.66731Z,0.0200,233.95,yes
2026-10-10T04:58:19.742578Z,0.0200,30.00,yes
2026-10-10T04:58:20.051289Z,0.0200,46.79,yes
2026-10-10T04:58:20.330721Z,0.0200,140.37,yes
2026-10-10T04:58:21.60763Z,0.0200,37.00,yes
2026-10-10T04:58:22.292629Z,0.0200,0.46,yes
2026-10-10T04:58:22.803933Z,0.0200,75.80,yes
2026-10-10T04:58:23.35139Z,0.0200,233.95,yes
2026-10-10T04:58:23.545082Z,0.0200,70.18,yes
2026-10-10T04:58:23.587555Z,0.0200,749.75,yes
2026-10-10T04:58:23.818981Z,0.0200,93.58,yes
2026-10-10T04:58:24.588108Z,0.0200,701.85,yes
2026-10-10T04:58:25.520833Z,0.0200,140.37,yes
2026-10-10T04:58:25.555135Z,0.0200,467.90,yes
2026-10-10T04:58:25.963871Z,0.0200,1145.89,yes
2026-10-10T04:58:26.425344Z,0.0200,93.58,yes
2026-10-10T04:58:26.546603Z,0.0200,93.58,yes
2026-10-10T04:58:27.888018Z,0.0200,1169.75,yes
2026-10-10T04:58:28.360307Z,0.0200,233.95,yes
2026-10-10T04:58:29.178769Z,0.0200,140.37,yes
2026-10-10T04:58:29.656412Z,0.0100,107.75,no
2026-10-10T04:58:29.781369Z,0.0200,233.95,yes
2026-10-10T04:58:30.174617Z,0.0200,46790.19,yes
2026-10-10T04:58:30.193753Z,0.0200,467.90,yes
2026-10-10T04:58:30.21927Z,0.0200,14.97,yes
2026-10-10T04:58:30.665075Z,0.0200,467.90,yes
2026-10-10T04:58:30.928658Z,0.0200,93.58,yes
2026-10-10T04:58:32.56668Z,0.0200,45.85,yes
2026-10-10T04:58:32.993678Z,0.0200,374.32,yes
2026-10-10T04:58:33.605217Z,0.0200,935.80,yes
2026-10-10T04:58:33.720142Z,0.0200,140.37,yes
2026-10-10T04:58:34.601572Z,0.0200,233.95,yes
2026-10-10T04:58:34.878365Z,0.0200,233.95,yes
2026-10-10T04:58:35.652906Z,0.0200,125.00,yes
2026-10-10T04:58:36.167448Z,0.0200,124.75,yes
2026-10-10T04:58:36.677093Z,0.0200,125.00,yes
2026-10-10T04:58:37.04001Z,0.0200,421.11,yes
2026-10-10T04:58:37.273425Z,0.0200,81.41,yes
2026-10-10T04:58:37.882138Z,0.0200,233.95,yes
2026-10-10T04:58:37.938299Z,0.0200,111.00,yes
2026-10-10T04:58:38.204495Z,0.0200,46.79,yes
2026-10-10T04:58:38.386978Z,0.0100,22.23,no
2026-10-10T04:58:38.497965Z,0.0200,46.79,yes
2026-10-10T04:58:38.696015Z,0.0200,222.00,yes
2026-10-10T04:58:38.775555Z,0.0200,46.79,yes
2026-10-10T04:58:39.112931Z,0.0200,93.58,yes
2026-10-10T04:58:39.371883Z,0.0200,46.79,yes
2026-10-10T04:58:39.380236Z,0.0200,46.79,yes
2026-10-10T04:58:39.550605Z,0.0200,1000.00,yes
2026-10-10T04:58:39.645573Z,0.0200,467.90,yes
2026-10-10T04:58:40.505625Z,0.0200,2.33,yes
2026-10-10T04:58:40.615562Z,0.0200,481.47,yes
2026-10-10T04:58:40.706174Z,0.0200,233.95,yes
2026-10-10T04:58:41.052304Z,0.0200,589.00,yes
2026-10-10T04:58:41.12835Z,0.0200,421.11,yes
2026-10-10T04:58:41.473681Z,0.0200,233.95,yes
2026-10-10T04:58:41.503098Z,0.0200,233.95,yes
2026-10-10T04:58:41.727573Z,0.0100,88.88,no
2026-10-10T04:58:41.797648Z,0.0200,1981.96,yes
2026-10-10T04:58:41.797648Z,0.0200,2697.05,yes
2026-10-10T04:58:41.950273Z,0.0200,111.00,yes
2026-10-10T04:58:42.027901Z,0.0200,467.90,yes
2026-10-10T04:58:42.630215Z,0.0200,233.95,yes
2026-10-10T04:58:42.906433Z,0.0200,233.95,yes
2026-10-10T04:58:42.91118Z,0.0200,47.25,yes
2026-10-10T04:58:43.009114Z,0.0200,233.95,yes
2026-10-10T04:58:43.766249Z,0.0200,935.80,yes
2026-10-10T04:58:43.900633Z,0.0200,46.79,yes
2026-10-10T04:58:44.286228Z,0.0200,701.85,yes
2026-10-10T04:58:44.287199Z,0.0200,233.95,yes
2026-10-10T04:58:44.380401Z,0.0200,467.90,yes
2026-10-10T04:58:44.465038Z,0.0200,2339.50,yes
2026-10-10T04:58:44.549615Z,0.0200,233.95,yes
2026-10-10T04:58:44.585764Z,0.0200,25.00,yes
2026-10-10T04:58:45.242458Z,0.0200,233.95,yes
2026-10-10T04:58:45.457668Z,0.0200,1871.60,yes
2026-10-10T04:58:45.464569Z,0.0200,467.90,yes
2026-10-10T04:58:45.643072Z,0.0200,467.90,yes
2026-10-10T04:58:46.830627Z,0.0100,112.49,no
2026-10-10T04:58:46.844568Z,0.0200,467.90,yes
2026-10-10T04:58:47.615254Z,0.0200,93.58,yes
2026-10-10T04:58:47.747674Z,0.0200,467.90,yes
2026-10-10T04:58:48.123704Z,0.0100,39.21,no
2026-10-10T04:58:48.152773Z,0.0200,467.90,yes
2026-10-10T04:58:48.543828Z,0.0200,46.79,yes
2026-10-10T04:58:48.870504Z,0.0200,93.58,yes
2026-10-10T04:58:49.19283Z,0.0200,935.80,yes
2026-10-10T04:58:49.417602Z,0.0200,374.32,yes
2026-10-10T04:58:49.510158Z,0.0200,604.52,yes
2026-10-10T04:58:49.813583Z,0.0200,1169.75,yes
2026-10-10T04:58:49.922812Z,0.0200,288.69,yes
2026-10-10T04:58:50.017655Z,0.0200,46.79,yes
2026-10-10T04:58:50.113578Z,0.0200,467.90,yes
2026-10-10T04:58:50.352713Z,0.0200,467.90,yes
2026-10-10T04:58:50.859175Z,0.0200,935.80,yes
2026-10-10T04:58:50.885183Z,0.0100,86.20,no
2026-10-10T04:58:52.075728Z,0.0200,93.58,yes
2026-10-10T04:58:52.428005Z,0.0200,46.79,yes
2026-10-10T04:58:52.656161Z,0.0200,25.26,yes
2026-10-10T04:58:52.669906Z,0.0200,233.95,yes
2026-10-10T04:58:52.755353Z,0.0100,8.62,no
2026-10-10T04:58:52.896902Z,0.0200,233.95,yes
2026-10-10T04:58:54.280756Z,0.0200,467.90,yes
2026-10-10T04:58:54.459451Z,0.0200,327.53,yes
2026-10-10T04:58:54.869461Z,0.0200,46.79,yes
2026-10-10T04:58:54.902442Z,0.0200,174.75,yes
2026-10-10T04:58:54.932531Z,0.0200,46.79,yes
2026-10-10T04:58:55.028199Z,0.0200,46.79,yes
2026-10-10T04:58:55.277196Z,0.0200,93.58,yes
2026-10-10T04:58:55.914103Z,0.0200,233.95,yes
2026-10-10T04:58:56.032233Z,0.0200,46.79,yes
2026-10-10T04:58:56.077309Z,0.0200,66.00,yes
2026-10-10T04:58:56.126568Z,0.0200,140.37,yes
2026-10-10T04:58:56.180284Z,0.0200,233.95,yes
2026-10-10T04:58:56.339009Z,0.0200,140.83,yes
2026-10-10T04:58:56.969124Z,0.0200,233.95,yes
2026-10-10T04:58:57.187492Z,0.0200,100.00,yes
2026-10-10T04:58:57.61738Z,0.0200,2199.13,yes
2026-10-10T04:58:59.51849Z,0.0200,701.85,yes
2026-10-10T04:58:59.684003Z,0.0200,701.85,yes
2026-10-10T04:59:00.520289Z,0.0200,1169.75,yes
2026-10-10T04:59:00.566174Z,0.0200,233.95,yes
2026-10-10T04:59:01.115874Z,0.0200,233.95,yes
2026-10-10T04:59:01.167593Z,0.0200,467.90,yes
2026-10-10T04:59:02.228258Z,0.0200,1175.36,yes
2026-10-10T04:59:02.244666Z,0.0200,333.00,yes
2026-10-10T04:59:02.321929Z,0.0200,46.79,yes
2026-10-10T04:59:02.471747Z,0.0200,140.37,yes
2026-10-10T04:59:02.511264Z,0.0100,2.42,no
2026-10-10T04:59:03.18151Z,0.0200,233.95,yes
2026-10-10T04:59:03.195538Z,0.0200,1169.75,yes
2026-10-10T04:59:03.36732Z,0.0200,2339.50,yes
2026-10-10T04:59:03.375535Z,0.0200,46.79,yes
2026-10-10T04:59:03.39064Z,0.0200,701.85,yes
2026-10-10T04:59:03.958285Z,0.0200,233.95,yes
2026-10-10T04:59:05.140612Z,0.0200,93.58,yes
2026-10-10T04:59:05.680612Z,0.0200,46.79,yes
2026-10-10T04:59:05.8092Z,0.0200,4.67,yes
2026-10-10T04:59:06.195315Z,0.0200,44.00,yes
2026-10-10T04:59:06.339697Z,0.0200,991.00,yes
2026-10-10T04:59:06.898231Z,0.0200,935.80,yes
2026-10-10T04:59:06.951103Z,0.0200,467.90,yes
2026-10-10T04:59:06.989558Z,0.0200,3.27,yes
2026-10-10T04:59:07.124617Z,0.0200,46.79,yes
2026-10-10T04:59:07.392258Z,0.0200,93.58,yes
2026-10-10T04:59:07.405195Z,0.0200,935.80,yes
2026-10-10T04:59:07.493998Z,0.0100,0.22,no
2026-10-10T04:59:07.772389Z,0.0200,233.95,yes
2026-10-10T04:59:07.815608Z,0.0200,25.26,yes
2026-10-10T04:59:08.995068Z,0.0200,467.90,yes
2026-10-10T04:59:09.512153Z,0.0200,93.58,yes
2026-10-10T04:59:10.041086Z,0.0200,46.79,yes
2026-10-10T04:59:10.985299Z,0.0200,25.73,yes
2026-10-10T04:59:11.854563Z,0.0200,935.80,yes
2026-10-10T04:59:11.889413Z,0.0200,1169.75,yes
2026-10-10T04:59:11.890645Z,0.0200,4679.01,yes
2026-10-10T04:59:12.32107Z,0.0200,140.37,yes
2026-10-10T04:59:12.904076Z,0.0200,467.90,yes
2026-10-10T04:59:13.430296Z,0.0200,47.72,yes
2026-10-10T04:59:13.717272Z,0.0200,46.79,yes
2026-10-10T04:59:14.479068Z,0.0200,467.90,yes
2026-10-10T04:59:14.741322Z,0.0200,46.79,yes
2026-10-10T04:59:14.844924Z,0.0200,2339.50,yes
2026-10-10T04:59:14.86255Z,0.0200,444.00,yes
2026-10-10T04:59:15.423233Z,0.0200,233.95,yes
2026-10-10T04:59:15.478398Z,0.0200,46.79,yes
2026-10-10T04:59:15.510032Z,0.0100,1842.47,no
2026-10-10T04:59:15.510032Z,0.0100,163.33,no
2026-10-10T04:59:15.67061Z,0.0100,47.34,no
2026-10-10T04:59:15.768562Z,0.0200,69.71,yes
2026-10-10T04:59:16.122087Z,0.0200,43.04,yes
2026-10-10T04:59:16.307676Z,0.0200,46.79,yes
2026-10-10T04:59:17.175106Z,0.0200,90.30,yes
2026-10-10T04:59:17.333389Z,0.0200,2.80,yes
2026-10-10T04:59:17.490213Z,0.0200,46.79,yes
2026-10-10T04:59:17.684791Z,0.0200,327.53,yes
2026-10-10T04:59:18.324548Z,0.0200,233.95,yes
2026-10-10T04:59:18.850163Z,0.0200,467.90,yes
2026-10-10T04:59:18.850388Z,0.0200,935.80,yes
2026-10-10T04:59:19.01396Z,0.0200,46.79,yes
2026-10-10T04:59:19.195601Z,0.0200,233.95,yes
2026-10-10T04:59:19.380237Z,0.0200,46.79,yes
2026-10-10T04:59:20.098167Z,0.0200,233.95,yes
2026-10-10T04:59:20.190318Z,0.0100,4.73,no
2026-10-10T04:59:20.409447Z,0.0200,467.90,yes
2026-10-10T04:59:21.470165Z,0.0200,467.90,yes
2026-10-10T04:59:21.813032Z,0.0200,250.00,yes
2026-10-10T04:59:22.779783Z,0.0200,97.79,yes
2026-10-10T04:59:22.858024Z,0.0200,467.90,yes
2026-10-10T04:59:22.970712Z,0.0200,23.39,yes
2026-10-10T04:59:24.388829Z,0.0200,44.00,yes
2026-10-10T04:59:24.769238Z,0.0200,46.79,yes
2026-10-10T04:59:25.145412Z,0.0200,543.70,yes
2026-10-10T04:59:25.36633Z,0.0200,233.95,yes
2026-10-10T04:59:25.518497Z,0.0200,66.00,yes
2026-10-10T04:59:26.547395Z,0.0200,14037.05,yes
2026-10-10T04:59:26.724186Z,0.0200,233.95,yes
2026-10-10T04:59:26.828106Z,0.0200,233.95,yes
2026-10-10T04:59:27.04774Z,0.0200,1256.96,yes
2026-10-10T04:59:27.04774Z,0.0200,193.53,yes
2026-10-10T04:59:27.885337Z,0.0200,140.37,yes
2026-10-10T04:59:28.021625Z,0.0200,46.79,yes
2026-10-10T04:59:28.277556Z,0.0200,36.49,yes
2026-10-10T04:59:28.31037Z,0.0200,467.90,yes
2026-10-10T04:59:28.385634Z,0.0200,93.58,yes
2026-10-10T04:59:28.547661Z,0.0200,46.79,yes
2026-10-10T04:59:28.604531Z,0.0200,701.85,yes
2026-10-10T04:59:29.471592Z,0.0200,1403.70,yes
2026-10-10T04:59:29.527237Z,0.0100,473.48,no
2026-10-10T04:59:29.744959Z,0.0200,46.79,yes
2026-10-10T04:59:29.833684Z,0.0200,154.87,yes
2026-10-10T04:59:30.370216Z,0.0200,93.58,yes
2026-10-10T04:59:30.498421Z,0.0200,46.79,yes
2026-10-10T04:59:31.824129Z,0.0200,233.95,yes
2026-10-10T04:59:32.08427Z,0.0200,46.79,yes
2026-10-10T04:59:32.952034Z,0.0200,233.95,yes
2026-10-10T04:59:33.433908Z,0.0200,46.79,yes
2026-10-10T04:59:33.677671Z,0.0200,467.90,yes
2026-10-10T04:59:34.013507Z,0.0200,4632.22,yes
2026-10-10T04:59:34.048878Z,0.0200,29.47,yes
2026-10-10T04:59:34.139241Z,0.0200,889.01,yes
2026-10-10T04:59:34.446752Z,0.0200,93.58,yes
2026-10-10T04:59:34.602501Z,0.0200,46.79,yes
2026-10-10T04:59:34.897359Z,0.0200,14.03,yes
2026-10-10T04:59:35.296233Z,0.0100,140.37,no
2026-10-10T04:59:35.586139Z,0.0200,46.79,yes
2026-10-10T04:59:35.880954Z,0.0200,46.79,yes
2026-10-10T04:59:36.026011Z,0.0200,150.00,yes
2026-10-10T04:59:36.189855Z,0.0200,467.90,yes
2026-10-10T04:59:36.278861Z,0.0200,4011.75,yes
2026-10-10T04:59:36.791569Z,0.0200,233.95,yes
2026-10-10T04:59:36.914687Z,0.0200,2.33,yes
2026-10-10T04:59:37.831523Z,0.0200,4679.01,yes
2026-10-10T04:59:37.869515Z,0.0200,103.87,yes
2026-10-10T04:59:38.318128Z,0.0200,584.87,yes
2026-10-10T04:59:38.433589Z,0.0200,463.69,yes
2026-10-10T04:59:38.505415Z,0.0200,9170.87,yes
2026-10-10T04:59:38.527146Z,0.0200,93.58,yes
2026-10-10T04:59:38.599746Z,0.0200,280.74,yes
2026-10-10T04:59:38.630369Z,0.0100,134.12,no
2026-10-10T04:59:39.019897Z,0.0200,170.31,yes
2026-10-10T04:59:39.834011Z,0.0200,569.43,yes
2026-10-10T04:59:40.537787Z,0.0200,10.00,yes
2026-10-10T04:59:40.697862Z,0.0200,93.58,yes
2026-10-10T04:59:40.768394Z,0.0200,46.79,yes
2026-10-10T04:59:40.843343Z,0.0200,46.79,yes
2026-10-10T04:59:41.090781Z,0.0200,1216.54,yes
2026-10-10T04:59:41.14592Z,0.0200,46.79,yes
2026-10-10T04:59:41.211449Z,0.0200,46.79,yes
2026-10-10T04:59:41.660689Z,0.0200,3509.26,yes
2026-10-10T04:59:42.06122Z,0.0200,46.79,yes
2026-10-10T04:59:42.190172Z,0.0200,2339.50,yes
2026-10-10T04:59:43.016644Z,0.0200,4164.32,yes
2026-10-10T04:59:43.187141Z,0.0200,233.95,yes
2026-10-10T04:59:43.609832Z,0.0200,1544.07,yes
2026-10-10T04:59:44.044593Z,0.0200,140.37,yes
2026-10-10T04:59:44.200939Z,0.0200,46.79,yes
2026-10-10T04:59:44.962787Z,0.0200,935.80,yes
2026-10-10T04:59:45.08308Z,0.0200,233.95,yes
2026-10-10T04:59:45.197849Z,0.0200,61.29,yes
2026-10-10T04:59:45.292512Z,0.0200,701.85,yes
2026-10-10T04:59:45.677803Z,0.0200,140.37,yes
2026-10-10T04:59:45.745013Z,0.0200,233.95,yes
2026-10-10T04:59:45.837229Z,0.0200,458.54,yes
2026-10-10T04:59:45.87484Z,0.0200,124.75,yes
2026-10-10T04:59:46.092314Z,0.0200,772.00,yes
2026-10-10T04:59:46.537595Z,0.0200,467.90,yes
2026-10-10T04:59:46.60652Z,0.0200,467.90,yes
2026-10-10T04:59:46.940177Z,0.0200,11.69,yes
2026-10-10T04:59:46.962111Z,0.0200,500.00,yes
2026-10-10T04:59:47.028162Z,0.0200,46.79,yes
2026-10-10T04:59:47.060783Z,0.0200,187.16,yes
2026-10-10T04:59:47.203619Z,0.0200,1871.60,yes
2026-10-10T04:59:47.246696Z,0.0200,46.79,yes
2026-10-10T04:59:47.445107Z,0.0200,467.90,yes
2026-10-10T04:59:47.612604Z,0.0200,93.58,yes
2026-10-10T04:59:47.793209Z,0.0200,33.22,yes
2026-10-10T04:59:48.870133Z,0.0200,77.67,yes
2026-10-10T04:59:49.641208Z,0.0200,467.90,yes
2026-10-10T04:59:50.558279Z,0.0200,46.79,yes
2026-10-10T04:59:50.658383Z,0.0200,46.79,yes
2026-10-10T04:59:50.734113Z,0.0200,72.52,yes
2026-10-10T04:59:51.048767Z,0.0200,467.90,yes
2026-10-10T04:59:51.46717Z,0.0200,46.79,yes
2026-10-10T04:59:52.115822Z,0.0200,467.90,yes
2026-10-10T04:59:52.838808Z,0.0200,4679.01,yes
2026-10-10T04:59:53.099304Z,0.0200,1169.75,yes
2026-10-10T04:59:53.270241Z,0.0200,233.95,yes
2026-10-10T04:59:53.280256Z,0.0200,233.95,yes
2026-10-10T04:59:53.825615Z,0.0200,93.58,yes
2026-10-10T04:59:54.80051Z,0.0200,233.95,yes
2026-10-10T04:59:54.804586Z,0.0200,46.79,yes
2026-10-10T04:59:55.035505Z,0.0200,233.95,yes
2026-10-10T04:59:55.385533Z,0.0200,421.11,yes
2026-10-10T04:59:55.973021Z,0.0200,108.55,yes
2026-10-10T04:59:56.371207Z,0.0200,2292.71,yes
2026-10-10T04:59:56.859078Z,0.0200,16.37,yes
2026-10-10T04:59:57.154402Z,0.0200,93.58,yes
2026-10-10T04:59:58.526242Z,0.0200,46.79,yes
2026-10-10T04:59:59.377206Z,0.0200,834.00,yes
2026-10-10T04:59:59.399703Z,0.0200,7.01,yes
2026-10-10T04:59:59.622185Z,0.0200,233.95,yes
2026-10-10T04:59:59.736744Z,0.0200,46.79,yes
2026-10-10T05:00:00.161416Z,0.0200,93.58,yes
2026-10-10T05:00:00.498133Z,0.0100,233.95,no
2026-10-10T05:00:00.663826Z,0.0200,467.90,yes
2026-10-10T05:00:00.86881Z,0.0200,101.06,yes
2026-10-10T05:00:01.308307Z,0.0200,233.95,yes
2026-10-10T05:00:01.680584Z,0.0200,11.69,yes
2026-10-10T05:00:01.890185Z,0.0200,93.58,yes
2026-10-10T05:00:01.95919Z,0.0200,222.00,yes
2026-10-10T05:00:02.182805Z,0.0200,59.42,yes
2026-10-10T05:00:02.466774Z,0.0200,140.37,yes
2026-10-10T05:00:02.679826Z,0.0200,187.16,yes
2026-10-10T05:00:02.846161Z,0.0200,46.79,yes
2026-10-10T05:00:03.446523Z,0.0200,13.10,yes
2026-10-10T05:00:04.457373Z,0.0200,233.95,yes
2026-10-10T05:00:04.801094Z,0.0200,327.53,yes
2026-10-10T05:00:05.109785Z,0.0200,233.95,yes
2026-10-10T05:00:05.510208Z,0.0200,621.37,yes
2026-10-10T05:00:06.009284Z,0.0200,456.37,yes
2026-10-10T05:00:06.009284Z,0.0200,479.43,yes
2026-10-10T05:00:06.42523Z,0.0200,655.06,yes
2026-10-10T05:00:06.978972Z,0.0200,23.39,yes
2026-10-10T05:00:07.272341Z,0.0200,93.58,yes
2026-10-10T05:00:07.763827Z,0.0100,23.67,no
2026-10-10T05:00:08.012112Z,0.0200,1169.50,yes
2026-10-10T05:00:08.589539Z,0.0200,177.00,yes
2026-10-10T05:00:08.9236Z,0.0200,467.90,yes
2026-10-10T05:00:09.162161Z,0.0200,46.79,yes
2026-10-10T05:00:09.636651Z,0.0200,46.79,yes
2026-10-10T05:00:09.96211Z,0.0200,59.89,yes
2026-10-10T05:00:10.52596Z,0.0200,467.90,yes
2026-10-10T05:00:10.738139Z,0.0200,117.44,yes
2026-10-10T05:00:11.051768Z,0.0200,30.00,yes
2026-10-10T05:00:11.091897Z,0.0200,2339.50,yes
2026-10-10T05:00:11.166822Z,0.0200,46.79,yes
2026-10-10T05:00:11.577732Z,0.0200,182.48,yes
2026-10-10T05:00:11.903645Z,0.0200,29.47,yes
2026-10-10T05:00:11.978663Z,0.0200,36.49,yes
2026-10-10T05:00:12.128267Z,0.0200,46.79,yes
2026-10-10T05:00:12.88624Z,0.0200,93.58,yes
2026-10-10T05:00:12.997469Z,0.0200,2339.50,yes
2026-10-10T05:00:13.719485Z,0.0200,46.79,yes
2026-10-10T05:00:14.38713Z,0.0200,140.37,yes
2026-10-10T05:00:15.602049Z,0.0200,1146.35,yes
2026-10-10T05:00:15.682746Z,0.0200,467.90,yes
2026-10-10T05:00:16.156037Z,0.0200,1403.70,yes
2026-10-10T05:00:16.537583Z,0.0200,93.58,yes
2026-10-10T05:00:17.15845Z,0.0200,93.58,yes
2026-10-10T05:00:17.332896Z,0.0200,4679.01,yes
2026-10-10T05:00:17.643675Z,0.0200,200.00,yes
2026-10-10T05:00:18.677013Z,0.0200,250.00,yes
2026-10-10T05:00:19.700472Z,0.0200,233.95,yes
2026-10-10T05:00:19.868413Z,0.0200,116.97,yes
2026-10-10T05:00:20.052894Z,0.0200,24.79,yes
2026-10-10T05:00:20.167067Z,0.0100,467.59,no
2026-10-10T05:00:20.170309Z,0.0200,0.46,yes
2026-10-10T05:00:20.427423Z,0.0200,140.37,yes
2026-10-10T05:00:21.193391Z,0.0200,701.85,yes
2026-10-10T05:00:21.21645Z,0.0200,14.03,yes
2026-10-10T05:00:21.456563Z,0.0200,278.86,yes
2026-10-10T05:00:21.516772Z,0.0200,128.67,yes
2026-10-10T05:00:21.574013Z,0.0200,233.95,yes
2026-10-10T05:00:22.331717Z,0.0200,1169.75,yes
2026-10-10T05:00:22.728654Z,0.0200,47.25,yes
2026-10-10T05:00:23.115494Z,0.0200,701.85,yes
2026-10-10T05:00:23.548557Z,0.0200,467.90,yes
2026-10-10T05:00:23.908716Z,0.0200,46.79,yes
2026-10-10T05:00:24.262363Z,0.0200,46.79,yes
2026-10-10T05:00:24.330702Z,0.0200,935.80,yes
2026-10-10T05:00:24.354811Z,0.0200,124.75,yes
2026-10-10T05:00:24.617068Z,0.0200,555.00,yes
2026-10-10T05:00:24.767596Z,0.0200,321.91,yes
2026-10-10T05:00:25.646046Z,0.0200,467.90,yes
2026-10-10T05:00:25.909421Z,0.0200,233.95,yes
2026-10-10T05:00:26.14104Z,0.0200,2425.60,yes
2026-10-10T05:00:26.540388Z,0.0200,140.37,yes
2026-10-10T05:00:27.459721Z,0.0200,1409.32,yes
2026-10-10T05:00:27.576872Z,0.0200,93.58,yes
2026-10-10T05:00:27.785719Z,0.0200,500.00,yes
2026-10-10T05:00:28.059745Z,0.0200,233.95,yes
2026-10-10T05:00:28.20935Z,0.0200,2620.25,yes
2026-10-10T05:00:28.354305Z,0.0200,443.57,yes
2026-10-10T05:00:28.713528Z,0.0200,0.46,yes
2026-10-10T05:00:29.266207Z,0.0200,233.95,yes
2026-10-10T05:00:29.83409Z,0.0200,1.00,yes
2026-10-10T05:00:30.545011Z,0.0200,46.79,yes
2026-10-10T05:00:30.950926Z,0.0200,459.01,yes
2026-10-10T05:00:31.539401Z,0.0200,93.58,yes
2026-10-10T05:00:31.682207Z,0.0200,37.90,yes
2026-10-10T05:00:32.306879Z,0.0200,46.79,yes
2026-10-10T05:00:32.334627Z,0.0200,355.00,yes
2026-10-10T05:00:32.71556Z,0.0200,233.95,yes
2026-10-10T05:00:32.78634Z,0.0200,225.52,yes
2026-10-10T05:00:33.222172Z,0.0200,935.32,yes
2026-10-10T05:00:33.222172Z,0.0200,1404.18,yes
2026-10-10T05:00:33.612739Z,0.0200,14037.05,yes
2026-10-10T05:00:33.616288Z,0.0200,500.00,yes
2026-10-10T05:00:34.7425Z,0.0200,187.16,yes
2026-10-10T05:00:35.340975Z,0.0200,46.79,yes
2026-10-10T05:00:36.049699Z,0.0200,222.00,yes
2026-10-10T05:00:36.301137Z,0.0200,579.26,yes
2026-10-10T05:00:36.661224Z,0.0200,373.85,yes
2026-10-10T05:00:37.427268Z,0.0200,761.27,yes
2026-10-10T05:00:37.528787Z,0.0200,46.79,yes
2026-10-10T05:00:37.781309Z,0.0200,2573.46,yes
2026-10-10T05:00:38.96404Z,0.0200,46.79,yes
2026-10-10T05:00:39.387108Z,0.0200,467.90,yes
2026-10-10T05:00:39.607644Z,0.0200,22.00,yes
2026-10-10T05:00:39.685392Z,0.0200,467.90,yes
2026-10-10T05:00:40.432359Z,0.0200,116.97,yes
2026-10-10T05:00:41.481862Z,0.0200,46.79,yes
2026-10-10T05:00:42.487224Z,0.0200,233.95,yes
2026-10-10T05:00:42.572345Z,0.0200,9.00,yes
2026-10-10T05:00:42.69118Z,0.0200,18.71,yes
2026-10-10T05:00:42.938154Z,0.0200,7.01,yes
2026-10-10T05:00:42.965079Z,0.0200,46.79,yes
2026-10-10T05:00:43.195666Z,0.0200,1122.96,yes
2026-10-10T05:00:44.191326Z,0.0200,421.11,yes
2026-10-10T05:00:44.579999Z,0.0200,935.80,yes
2026-10-10T05:00:45.797131Z,0.0100,62.36,no
2026-10-10T05:00:45.946005Z,0.0200,467.90,yes
2026-10-10T05:00:46.5764Z,0.0200,249.75,yes
2026-10-10T05:00:46.664675Z,0.0100,4.00,no
2026-10-10T05:00:47.845119Z,0.0200,248.45,yes
2026-10-10T05:00:47.87119Z,0.0200,233.95,yes
2026-10-10T05:00:48.083713Z,0.0200,2386.29,yes
2026-10-10T05:00:48.16223Z,0.0200,39.30,yes
2026-10-10T05:00:48.240285Z,0.0200,889.01,yes
2026-10-10T05:00:49.151642Z,0.0200,561.48,yes
2026-10-10T05:00:49.434759Z,0.0200,350.92,yes
2026-10-10T05:00:50.515836Z,0.0200,233.95,yes
2026-10-10T05:00:51.548539Z,0.0200,467.90,yes
2026-10-10T05:00:51.982257Z,0.0200,467.90,yes
2026-10-10T05:00:52.399228Z,0.0200,46.79,yes
2026-10-10T05:00:52.633139Z,0.0200,93.58,yes
2026-10-10T05:00:52.697374Z,0.0200,233.95,yes
2026-10-10T05:00:52.766075Z,0.0200,467.90,yes
2026-10-10T05:00:54.000024Z,0.0200,46.79,yes
2026-10-10T05:00:54.07051Z,0.0200,467.90,yes
2026-10-10T05:00:54.581588Z,0.0200,23.39,yes
2026-10-10T05:00:54.657747Z,0.0200,467.90,yes
2026-10-10T05:00:56.202222Z,0.0200,46.79,yes
2026-10-10T05:00:57.341855Z,0.0200,9.35,yes
2026-10-10T05:00:57.360157Z,0.0200,1590.86,yes
2026-10-10T05:00:57.739434Z,0.0200,100.00,yes
2026-10-10T05:00:57.850763Z,0.0200,46.79,yes
2026-10-10T05:00:57.980455Z,0.0200,65.72,yes
2026-10-10T05:00:57.980455Z,0.0200,13.82,yes
2026-10-10T05:00:58.852309Z,0.0200,2339.50,yes
2026-10-10T05:00:58.898872Z,0.0200,155.00,yes
2026-10-10T05:00:59.217566Z,0.0200,233.95,yes
2026-10-10T05:00:59.619588Z,0.0200,2245.92,yes
2026-10-10T05:00:59.909827Z,0.0200,467.90,yes
2026-10-10T05:01:00.22542Z,0.0200,46.79,yes
2026-10-10T05:01:01.005436Z,0.0200,26.20,yes
2026-10-10T05:01:01.61017Z,0.0200,46.79,yes
2026-10-10T05:01:01.765843Z,0.0200,40.23,yes
2026-10-10T05:01:03.366232Z,0.0200,93.58,yes
2026-10-10T05:01:03.427109Z,0.0200,46.79,yes
2026-10-10T05:01:04.400227Z,0.0200,9358.03,yes
2026-10-10T05:01:04.527176Z,0.0200,5.14,yes
2026-10-10T05:01:05.354909Z,0.0200,233.95,yes
2026-10-10T05:01:05.741027Z,0.0200,93.58,yes
2026-10-10T05:01:05.900276Z,0.0200,0.46,yes
2026-10-10T05:01:06.164095Z,0.0200,233.95,yes
2026-10-10T05:01:06.172948Z,0.0200,233.95,yes
2026-10-10T05:01:06.47128Z,0.0200,0.93,yes
2026-10-10T05:01:06.811963Z,0.0200,46.79,yes
2026-10-10T05:01:06.828329Z,0.0200,10000.00,yes
2026-10-10T05:01:07.547895Z,0.0200,15.44,yes
2026-10-10T05:01:09.359492Z,0.0200,140.37,yes
2026-10-10T05:01:09.439672Z,0.0200,467.90,yes
2026-10-10T05:01:09.509158Z,0.0200,467.90,yes
2026-10-10T05:01:09.52458Z,0.0200,233.95,yes
2026-10-10T05:01:10.314822Z,0.0200,225.99,yes
2026-10-10T05:01:12.099263Z,0.0200,140.37,yes
2026-10-10T05:01:12.812026Z,0.0200,93.58,yes
2026-10-10T05:01:13.886156Z,0.0200,233.95,yes
2026-10-10T05:01:14.141669Z,0.0200,56.61,yes
2026-10-10T05:01:14.597369Z,0.0200,93.58,yes
2026-10-10T05:01:14.75149Z,0.0200,66.00,yes
2026-10-10T05:01:15.100177Z,0.0200,233.95,yes
2026-10-10T05:01:15.35382Z,0.0200,1169.75,yes
2026-10-10T05:01:16.252724Z,0.0200,46.79,yes
2026-10-10T05:01:16.513083Z,0.0200,46.79,yes
2026-10-10T05:01:17.256836Z,0.0200,116.97,yes
2026-10-10T05:01:17.292853Z,0.0200,467.90,yes
2026-10-10T05:01:17.370049Z,0.0200,46.79,yes
2026-10-10T05:01:17.572689Z,0.0200,467.90,yes
2026-10-10T05:01:17.974878Z,0.0100,46.79,no
2026-10-10T05:01:18.045211Z,0.0200,233.95,yes
2026-10-10T05:01:18.564776Z,0.0200,46.79,yes
2026-10-10T05:01:18.744267Z,0.0200,93.58,yes
2026-10-10T05:01:19.226803Z,0.0200,217.10,yes
2026-10-10T05:01:19.582944Z,0.0200,1.00,yes
2026-10-10T05:01:19.748925Z,0.0200,93.58,yes
2026-10-10T05:01:20.719059Z,0.0200,935.80,yes
2026-10-10T05:01:20.912056Z,0.0200,327.53,yes
2026-10-10T05:01:21.037574Z,0.0200,0.46,yes
2026-10-10T05:01:21.186999Z,0.0100,20.00,no
2026-10-10T05:01:21.187142Z,0.0100,10313.52,no
2026-10-10T05:01:21.187172Z,0.0100,166.48,no
2026-10-10T05:01:21.70222Z,0.0200,4679.01,yes
2026-10-10T05:01:22.000487Z,0.0200,148.32,yes
2026-10-10T05:01:22.029663Z,0.0200,248.75,yes
2026-10-10T05:01:22.286428Z,0.0200,467.90,yes
2026-10-10T05:01:22.889016Z,0.0100,78.32,no
2026-10-10T05:01:22.921246Z,0.0200,124.75,yes
2026-10-10T05:01:24.219411Z,0.0200,22.00,yes
2026-10-10T05:01:24.379375Z,0.0200,93.58,yes
2026-10-10T05:01:24.947343Z,0.0100,47.34,no
2026-10-10T05:01:25.463114Z,0.0200,935.80,yes
2026-10-10T05:01:25.814577Z,0.0200,233.95,yes
2026-10-10T05:01:25.965409Z,0.0200,138.00,yes
2026-10-10T05:01:26.828894Z,0.0100,1145.20,no
2026-10-10T05:01:27.37623Z,0.0200,249.75,yes
2026-10-10T05:01:27.609338Z,0.0100,7748.27,no
2026-10-10T05:01:27.609338Z,0.0100,15000.00,no
2026-10-10T05:01:27.609338Z,0.0100,25.00,no
2026-10-10T05:01:27.609338Z,0.0100,4.43,no
2026-10-10T05:01:27.609338Z,0.0100,10.00,no
2026-10-10T05:01:27.609338Z,0.0100,4000.00,no
2026-10-10T05:01:27.609338Z,0.0100,250.00,no
2026-10-10T05:01:27.609338Z,0.0100,100.00,no
2026-10-10T05:01:27.609338Z,0.0100,230.00,no
2026-10-10T05:01:27.609338Z,0.0100,3.00,no
2026-10-10T05:01:27.609338Z,0.0100,20000.00,no
2026-10-10T05:01:27.609338Z,0.0100,200.00,no
2026-10-10T05:01:27.609338Z,0.0100,1000.00,no
2026-10-10T05:01:27.609338Z,0.0100,10000.00,no
2026-10-10T05:01:28.493022Z,0.0100,66.00,yes
2026-10-10T05:01:30.074601Z,0.0100,1028.71,yes
2026-10-10T05:01:31.559734Z,0.0100,280.55,yes
2026-10-10T05:01:31.584413Z,0.0100,66.00,yes
2026-10-10T05:01:32.378499Z,0.0100,170.00,yes
2026-10-10T05:01:32.505175Z,0.0100,187.03,yes
2026-10-10T05:01:32.71077Z,0.0100,93.58,yes
2026-10-10T05:01:32.861802Z,0.0100,1870.38,yes
2026-10-10T05:01:32.977266Z,0.0100,46.75,yes
2026-10-10T05:01:34.175596Z,0.0100,187.03,yes
2026-10-10T05:01:34.343286Z,0.0100,93.51,yes
2026-10-10T05:01:34.733776Z,0.0100,467.59,yes
2026-10-10T05:01:34.934177Z,0.0100,187.03,yes
2026-10-10T05:01:36.114708Z,0.0100,8685.14,yes
2026-10-10T05:01:36.114708Z,0.0100,21838.00,yes
2026-10-10T05:01:36.114708Z,0.0100,4465.86,yes
2026-10-10T05:01:36.114708Z,0.0100,21838.00,yes
2026-10-10T05:01:36.114708Z,0.0100,6668.00,yes
2026-10-10T05:01:36.114708Z,0.0100,6667.00,yes
2026-10-10T05:01:36.114708Z,0.0100,4000.00,yes
2026-10-10T05:01:36.114708Z,0.0100,4000.00,yes
2026-10-10T05:01:36.114708Z,0.0100,21838.00,yes
2026-10-10T05:01:36.13963Z,0.0100,238.00,yes
2026-10-10T05:01:36.13963Z,0.0100,622.16,yes
2026-10-10T05:01:36.281845Z,0.0100,47.69,yes
2026-10-10T05:01:36.287134Z,0.0100,1.86,yes
2026-10-10T05:01:36.287134Z,0.0100,1.06,yes
2026-10-10T05:01:36.287134Z,0.0100,1.41,yes
2026-10-10T05:01:36.287134Z,0.0100,1.02,yes
2026-10-10T05:01:36.287134Z,0.0100,1.63,yes
2026-10-10T05:01:36.287134Z,0.0100,1.37,yes
2026-10-10T05:01:36.287134Z,0.0100,1.36,yes
2026-10-10T05:01:36.287134Z,0.0100,1.65,yes
2026-10-10T05:01:36.287134Z,0.0100,2.10,yes
2026-10-10T05:01:36.287134Z,0.0100,2.90,yes
2026-10-10T05:01:36.287134Z,0.0100,2.18,yes
2026-10-10T05:01:36.287134Z,0.0100,2.41,yes
2026-10-10T05:01:36.287134Z,0.0100,3.22,yes
2026-10-10T05:01:36.287134Z,0.0100,2.50,yes
2026-10-10T05:01:36.287134Z,0.0100,1.51,yes
2026-10-10T05:01:36.287134Z,0.0100,3.40,yes
2026-10-10T05:01:36.287134Z,0.0100,1.91,yes
2026-10-10T05:01:36.287134Z,0.0100,1.19,yes
2026-10-10T05:01:36.287134Z,0.0100,1.53,yes
2026-10-10T05:01:36.287134Z,0.0100,12.29,yes
2026-10-10T05:01:36.287134Z,0.0100,7.89,yes
2026-10-10T05:01:36.287134Z,0.0100,5.32,yes
2026-10-10T05:01:36.287134Z,0.0100,11.64,yes
2026-10-10T05:01:36.287134Z,0.0100,11.66,yes
2026-10-10T05:01:36.287134Z,0.0100,9.93,yes
2026-10-10T05:01:36.287134Z,0.0100,11.41,yes
2026-10-10T05:01:36.287134Z,0.0100,11.09,yes
2026-10-10T05:01:36.287134Z,0.0100,11.56,yes
2026-10-10T05:01:36.287134Z,0.0100,10.42,yes
2026-10-10T05:01:36.287134Z,0.0100,12.28,yes
2026-10-10T05:01:36.287134Z,0.0100,9.48,yes
2026-10-10T05:01:36.287134Z,0.0100,698.15,yes
2026-10-10T05:01:36.287134Z,0.0100,219.00,yes
2026-10-10T05:01:36.310949Z,0.0100,175.00,no
2026-10-10T05:01:36.867872Z,0.0200,233.95,yes
2026-10-10T05:01:37.416317Z,0.0200,233.95,yes
2026-10-10T05:01:38.081088Z,0.0200,935.80,yes
2026-10-10T05:01:40.055243Z,0.0100,134.35,no
2026-10-10T05:01:40.262557Z,0.0200,46.79,yes
2026-10-10T05:01:40.676844Z,0.0200,233.95,yes
2026-10-10T05:01:41.687203Z,0.0200,46.79,yes
2026-10-10T05:01:42.763759Z,0.0200,4.67,yes
2026-10-10T05:01:43.719579Z,0.0200,935.80,yes
2026-10-10T05:01:43.739631Z,0.0200,92.64,yes
2026-10-10T05:01:43.827329Z,0.0200,14444.00,yes
2026-10-10T05:01:45.082774Z,0.0200,9.35,yes
2026-10-10T05:01:45.480661Z,0.0200,46.79,yes
2026-10-10T05:01:47.508988Z,0.0200,125.00,yes
2026-10-10T05:01:47.7008Z,0.0200,46.79,yes
2026-10-10T05:01:49.134049Z,0.0200,140.37,yes
2026-10-10T05:01:49.199493Z,0.0200,30.41,yes
2026-10-10T05:01:49.740997Z,0.0200,1169.75,yes
2026-10-10T05:01:51.382944Z,0.0200,11.69,yes
2026-10-10T05:01:51.403825Z,0.0200,233.95,yes
2026-10-10T05:01:51.410424Z,0.0200,1731.23,yes
2026-10-10T05:01:51.430363Z,0.0200,312.00,yes
2026-10-10T05:01:51.682824Z,0.0200,795.43,yes
2026-10-10T05:01:52.13451Z,0.0200,46.79,yes
2026-10-10T05:01:52.412624Z,0.0200,701.85,yes
2026-10-10T05:01:52.65163Z,0.0200,424.85,yes
2026-10-10T05:01:53.655507Z,0.0200,701.85,yes
2026-10-10T05:01:53.867584Z,0.0200,561.48,yes
2026-10-10T05:01:54.147463Z,0.0200,233.95,yes
2026-10-10T05:01:54.651266Z,0.0100,415.54,no
2026-10-10T05:01:54.651266Z,0.0100,1175.32,no
2026-10-10T05:01:55.145056Z,0.0200,46.79,yes
2026-10-10T05:01:55.230658Z,0.0200,140.37,yes
2026-10-10T05:01:55.381951Z,0.0200,977.00,yes
2026-10-10T05:01:55.623262Z,0.0200,935.80,yes
2026-10-10T05:01:56.746754Z,0.0200,1169.75,yes
2026-10-10T05:01:57.450953Z,0.0200,467.90,yes
2026-10-10T05:01:57.569322Z,0.0200,233.95,yes
2026-10-10T05:01:57.999007Z,0.0200,233.95,yes
2026-10-10T05:01:59.052418Z,0.0200,243.75,yes
2026-10-10T05:01:59.561004Z,0.0200,467.90,yes
2026-10-10T05:01:59.620422Z,0.0200,2.00,yes
2026-10-10T05:02:00.312378Z,0.0200,467.90,yes
2026-10-10T05:02:01.598114Z,0.0100,32.72,no
2026-10-10T05:02:03.030417Z,0.0200,467.90,yes
2026-10-10T05:02:03.177343Z,0.0200,93.58,yes
2026-10-10T05:02:03.279552Z,0.0200,93.58,yes
2026-10-10T05:02:05.747265Z,0.0200,156.27,yes
2026-10-10T05:02:06.273581Z,0.0200,140.37,yes
2026-10-10T05:02:06.867307Z,0.0200,6.08,yes
2026-10-10T05:02:07.638479Z,0.0200,467.90,yes
2026-10-10T05:02:08.82525Z,0.0200,46.79,yes
2026-10-10T05:02:08.878477Z,0.0200,4.67,yes
2026-10-10T05:02:09.411043Z,0.0200,29.00,yes
2026-10-10T05:02:09.590917Z,0.0200,93.58,yes
2026-10-10T05:02:09.975501Z,0.0200,467.90,yes
2026-10-10T05:02:10.250785Z,0.0200,46.79,yes
2026-10-10T05:02:10.457311Z,0.0100,118.37,no
2026-10-10T05:02:10.616917Z,0.0100,46.79,no
2026-10-10T05:02:10.621035Z,0.0100,4.67,no
2026-10-10T05:02:11.236126Z,0.0200,467.90,yes
2026-10-10T05:02:12.372121Z,0.0200,280.74,yes
2026-10-10T05:02:14.151281Z,0.0200,544.94,yes
2026-10-10T05:02:14.151281Z,0.0200,624.81,yes
2026-10-10T05:02:14.371478Z,0.0200,233.95,yes
2026-10-10T05:02:15.415085Z,0.0200,11697.54,yes
2026-10-10T05:02:15.525663Z,0.0200,46.79,yes
2026-10-10T05:02:15.766033Z,0.0100,45.12,no
2026-10-10T05:02:15.815514Z,0.0200,96.38,yes
2026-10-10T05:02:17.156031Z,0.0200,233.95,yes
2026-10-10T05:02:17.646065Z,0.0100,118.36,no
2026-10-10T05:02:17.869496Z,0.0200,4177.89,yes
2026-10-10T05:02:17.943132Z,0.0200,94.04,yes
2026-10-10T05:02:18.744325Z,0.0200,46.79,yes
2026-10-10T05:02:18.842636Z,0.0200,46.79,yes
2026-10-10T05:02:19.63412Z,0.0200,467.90,yes
2026-10-10T05:02:19.85515Z,0.0200,935.80,yes
2026-10-10T05:02:20.412525Z,0.0200,233.95,yes
2026-10-10T05:02:21.636026Z,0.0200,249.75,yes
2026-10-10T05:02:22.121878Z,0.0200,1169.75,yes
2026-10-10T05:02:23.166184Z,0.0200,467.90,yes
2026-10-10T05:02:24.788578Z,0.0100,28.40,no
2026-10-10T05:02:25.030864Z,0.0100,156.06,no
2026-10-10T05:02:25.64702Z,0.0200,655.06,yes
2026-10-10T05:02:26.186326Z,0.0200,11.69,yes
2026-10-10T05:02:26.341605Z,0.0200,233.95,yes
2026-10-10T05:02:26.935076Z,0.0100,5.55,no
2026-10-10T05:02:27.441492Z,0.0200,93.58,yes
2026-10-10T05:02:27.516484Z,0.0200,46.79,yes
2026-10-10T05:02:30.128066Z,0.0100,48.28,no
2026-10-10T05:02:31.096188Z,0.0200,93.58,yes
2026-10-10T05:02:31.498254Z,0.0200,46.79,yes
2026-10-10T05:02:32.603684Z,0.0100,701.85,no
2026-10-10T05:02:33.350078Z,0.0200,233.95,yes
2026-10-10T05:02:34.341051Z,0.0200,12760.63,yes
2026-10-10T05:02:34.341051Z,0.0200,10634.46,yes
2026-10-10T05:02:35.629247Z,0.0200,93.58,yes
2026-10-10T05:02:36.181592Z,0.0200,233.95,yes
2026-10-10T05:02:36.441819Z,0.0200,140.37,yes
2026-10-10T05:02:36.540702Z,0.0200,46.79,yes
2026-10-10T05:02:37.172979Z,0.0200,46.79,yes
2026-10-10T05:02:37.743165Z,0.0200,50.06,yes
2026-10-10T05:02:39.845554Z,0.0200,93.58,yes
2026-10-10T05:02:40.859531Z,0.0200,935.80,yes
2026-10-10T05:02:40.945013Z,0.0200,467.90,yes
2026-10-10T05:02:41.000647Z,0.0200,233.95,yes
2026-10-10T05:02:42.055451Z,0.0200,1800.01,yes
2026-10-10T05:02:42.37008Z,0.0200,935.80,yes
2026-10-10T05:02:42.7745Z,0.0200,374.32,yes
2026-10-10T05:02:43.795434Z,0.0200,93.58,yes
2026-10-10T05:02:43.882547Z,0.0100,99.13,no
2026-10-10T05:02:44.063455Z,0.0200,124.75,yes
2026-10-10T05:02:44.548587Z,0.0200,467.90,yes
2026-10-10T05:02:45.003352Z,0.0100,26.26,no
2026-10-10T05:02:45.088333Z,0.0200,355.00,yes
2026-10-10T05:02:45.395916Z,0.0200,233.95,yes
2026-10-10T05:02:46.451026Z,0.0200,233.95,yes
2026-10-10T05:02:47.242297Z,0.0200,666.00,yes
2026-10-10T05:02:47.345654Z,0.0200,233.95,yes
2026-10-10T05:02:47.8768Z,0.0100,23.67,no
2026-10-10T05:02:49.358906Z,0.0200,233.95,yes
2026-10-10T05:02:49.486802Z,0.0200,93.58,yes
2026-10-10T05:02:49.529471Z,0.0100,14.20,no
2026-10-10T05:02:49.759644Z,0.0200,233.95,yes
2026-10-10T05:02:49.851655Z,0.0200,4679.01,yes
2026-10-10T05:02:50.393276Z,0.0100,960.13,no
2026-10-10T05:02:51.048581Z,0.0200,233.95,yes
2026-10-10T05:02:51.169633Z,0.0200,46.79,yes
2026-10-10T05:02:51.363527Z,0.0200,467.90,yes
2026-10-10T05:02:51.367944Z,0.0200,233.95,yes
2026-10-10T05:02:51.730781Z,0.0200,93.58,yes
2026-10-10T05:02:51.980111Z,0.0200,467.90,yes
2026-10-10T05:02:52.286461Z,0.0200,46.79,yes
2026-10-10T05:02:52.365731Z,0.0200,467.90,yes
2026-10-10T05:02:52.579159Z,0.0200,46.79,yes
2026-10-10T05:02:52.968566Z,0.0200,93.58,yes
2026-10-10T05:02:53.180324Z,0.0200,935.80,yes
2026-10-10T05:02:53.33035Z,0.0200,93.58,yes
2026-10-10T05:02:53.969579Z,0.0200,46.79,yes
2026-10-10T05:02:54.129833Z,0.0200,1169.75,yes
2026-10-10T05:02:54.492936Z,0.0200,0.46,yes
2026-10-10T05:02:54.680332Z,0.0200,46.79,yes
2026-10-10T05:02:56.221407Z,0.0200,233.95,yes
2026-10-10T05:02:56.577578Z,0.0200,327.53,yes
2026-10-10T05:02:58.056251Z,0.0200,467.90,yes
2026-10-10T05:02:58.252687Z,0.0200,233.95,yes
2026-10-10T05:02:58.401776Z,0.0200,22.00,yes
2026-10-10T05:02:58.669064Z,0.0200,467.90,yes
2026-10-10T05:02:58.769492Z,0.0200,467.90,yes
2026-10-10T05:02:59.040554Z,0.0200,46.79,yes
2026-10-10T05:02:59.248195Z,0.0200,333.00,yes
2026-10-10T05:03:00.457451Z,0.0100,2245.92,no
2026-10-10T05:03:00.842562Z,0.0200,1544.07,yes
2026-10-10T05:03:01.353151Z,0.0200,46.79,yes
2026-10-10T05:03:02.095309Z,0.0200,93.58,yes
2026-10-10T05:03:02.208484Z,0.0200,327.53,yes
2026-10-10T05:03:02.354218Z,0.0100,2.23,no
2026-10-10T05:03:02.354538Z,0.0200,233.95,yes
2026-10-10T05:03:02.371361Z,0.0200,374.32,yes
2026-10-10T05:03:02.926508Z,0.0200,467.90,yes
2026-10-10T05:03:02.957468Z,0.0200,467.90,yes
2026-10-10T05:03:03.250327Z,0.0200,105.27,yes
2026-10-10T05:03:03.745507Z,0.0200,46.79,yes
2026-10-10T05:03:04.707347Z,0.0200,46.79,yes
2026-10-10T05:03:05.357236Z,0.0200,233.95,yes
2026-10-10T05:03:05.490998Z,0.0200,181.01,yes
2026-10-10T05:03:05.490998Z,0.0200,2205.28,yes
2026-10-10T05:03:05.960981Z,0.0200,2.33,yes
2026-10-10T05:03:06.137499Z,0.0200,84.22,yes
2026-10-10T05:03:06.424451Z,0.0200,8.89,yes
2026-10-10T05:03:06.522074Z,0.0200,467.90,yes
2026-10-10T05:03:06.70581Z,0.0200,233.95,yes
2026-10-10T05:03:06.874404Z,0.0100,4.30,no
2026-10-10T05:03:07.189936Z,0.0100,98.40,no
2026-10-10T05:03:08.180005Z,0.0200,162.82,yes
2026-10-10T05:03:08.807184Z,0.0200,467.90,yes
2026-10-10T05:03:09.421526Z,0.0200,20.11,yes
2026-10-10T05:03:09.705504Z,0.0200,233.95,yes
2026-10-10T05:03:10.10525Z,0.0200,46.79,yes
2026-10-10T05:03:10.343747Z,0.0200,233.95,yes
2026-10-10T05:03:10.640366Z,0.0200,280.74,yes
2026-10-10T05:03:11.170575Z,0.0200,233.95,yes
2026-10-10T05:03:11.354461Z,0.0200,46.79,yes
2026-10-10T05:03:12.356545Z,0.0200,3.74,yes
2026-10-10T05:03:12.606622Z,0.0200,23.39,yes
2026-10-10T05:03:13.154317Z,0.0200,233.95,yes
2026-10-10T05:03:13.459064Z,0.0200,500.00,yes
2026-10-10T05:03:13.588896Z,0.0200,233.95,yes
2026-10-10T05:03:15.536922Z,0.0100,18.87,no
2026-10-10T05:03:16.115509Z,0.0200,233.95,yes
2026-10-10T05:03:16.864554Z,0.0200,23.39,yes
2026-10-10T05:03:16.990611Z,0.0200,467.90,yes
2026-10-10T05:03:17.137243Z,0.0200,4211.11,yes
2026-10-10T05:03:17.303593Z,0.0200,46.32,yes
2026-10-10T05:03:17.541888Z,0.0100,628.40,no
2026-10-10T05:03:17.791556Z,0.0200,233.95,yes
2026-10-10T05:03:17.988909Z,0.0200,467.90,yes
2026-10-10T05:03:18.564644Z,0.0200,46.79,yes
2026-10-10T05:03:20.201172Z,0.0200,70.65,yes
2026-10-10T05:03:20.50941Z,0.0200,24.75,yes
2026-10-10T05:03:20.828413Z,0.0200,233.95,yes
2026-10-10T05:03:20.918033Z,0.0200,233.95,yes
2026-10-10T05:03:21.230487Z,0.0200,233.95,yes
2026-10-10T05:03:21.291031Z,0.0100,37.12,no
2026-10-10T05:03:21.524925Z,0.0200,495.00,yes
2026-10-10T05:03:21.664504Z,0.0200,46.79,yes
2026-10-10T05:03:21.724353Z,0.0200,233.95,yes
2026-10-10T05:03:21.884389Z,0.0200,46.79,yes
2026-10-10T05:03:21.887409Z,0.0200,233.95,yes
2026-10-10T05:03:22.17945Z,0.0100,469.30,no
2026-10-10T05:03:22.282517Z,0.0200,46.79,yes
2026-10-10T05:03:22.300251Z,0.0200,608.27,yes
2026-10-10T05:03:22.307741Z,0.0200,233.95,yes
2026-10-10T05:03:22.903927Z,0.0200,467.90,yes
2026-10-10T05:03:23.217188Z,0.0200,4.67,yes
2026-10-10T05:03:23.354294Z,0.0200,2222.06,yes
2026-10-10T05:03:23.446484Z,0.0200,93.58,yes
2026-10-10T05:03:24.009188Z,0.0200,93.58,yes
2026-10-10T05:03:24.269185Z,0.0200,233.95,yes
2026-10-10T05:03:24.679196Z,0.0100,1635.26,no
2026-10-10T05:03:24.738026Z,0.0200,233.95,yes
2026-10-10T05:03:24.766442Z,0.0200,116.97,yes
2026-10-10T05:03:25.19018Z,0.0200,467.90,yes
2026-10-10T05:03:25.200288Z,0.0200,46.79,yes
2026-10-10T05:03:25.423189Z,0.0200,1169.75,yes
2026-10-10T05:03:25.977208Z,0.0200,2947.78,yes
2026-10-10T05:03:26.136687Z,0.0200,701.85,yes
2026-10-10T05:03:26.630164Z,0.0200,1169.75,yes
2026-10-10T05:03:27.064622Z,0.0200,237.22,yes
2026-10-10T05:03:27.447366Z,0.0200,43.98,yes
2026-10-10T05:03:28.228466Z,0.0200,93.58,yes
2026-10-10T05:03:28.522024Z,0.0200,460.88,yes
2026-10-10T05:03:28.805455Z,0.0200,46.79,yes
2026-10-10T05:03:29.356162Z,0.0200,233.95,yes
2026-10-10T05:03:29.423183Z,0.0200,467.90,yes
2026-10-10T05:03:29.831301Z,0.0200,7.01,yes
2026-10-10T05:03:30.827087Z,0.0200,935.80,yes
2026-10-10T05:03:31.29689Z,0.0100,46.79,no
2026-10-10T05:03:31.387434Z,0.0200,93.58,yes
2026-10-10T05:03:32.109953Z,0.0200,93.58,yes
2026-10-10T05:03:32.340754Z,0.0200,4679.01,yes
2026-10-10T05:03:32.501318Z,0.0200,7.01,yes
2026-10-10T05:03:32.699113Z,0.0200,1169.75,yes
2026-10-10T05:03:32.890022Z,0.0200,612.95,yes
2026-10-10T05:03:33.186516Z,0.0200,467.90,yes
2026-10-10T05:03:33.445038Z,0.0200,93.58,yes
2026-10-10T05:03:33.557156Z,0.0200,935.80,yes
2026-10-10T05:03:33.691706Z,0.0200,46.79,yes
2026-10-10T05:03:36.082385Z,0.0200,49.75,yes
2026-10-10T05:03:36.807555Z,0.0200,24.75,yes
2026-10-10T05:03:37.666415Z,0.0200,29.31,yes
2026-10-10T05:03:37.666415Z,0.0200,4649.70,yes
2026-10-10T05:03:37.967247Z,0.0200,74.75,yes
2026-10-10T05:03:38.648839Z,0.0100,59.02,no
2026-10-10T05:03:39.015642Z,0.0200,88.00,yes
2026-10-10T05:03:39.374014Z,0.0200,22.00,yes
2026-10-10T05:03:39.716229Z,0.0200,1.40,yes
2026-10-10T05:03:40.358895Z,0.0200,280.74,yes
2026-10-10T05:03:40.480104Z,0.0200,233.95,yes
2026-10-10T05:03:41.983212Z,0.0200,88.00,yes
2026-10-10T05:03:42.35054Z,0.0200,187.16,yes
2026-10-10T05:03:43.101067Z,0.0200,0.46,yes
2026-10-10T05:03:43.792365Z,0.0200,467.90,yes
2026-10-10T05:03:44.006344Z,0.0100,70.54,no
2026-10-10T05:03:44.295144Z,0.0200,46.79,yes
2026-10-10T05:03:44.952296Z,0.0200,624.75,yes
2026-10-10T05:03:45.46031Z,0.0200,1249.75,yes
2026-10-10T05:03:46.243414Z,0.0200,467.90,yes
2026-10-10T05:03:46.260228Z,0.0200,11.69,yes
2026-10-10T05:03:47.251043Z,0.0200,280.74,yes
2026-10-10T05:03:47.496821Z,0.0200,46.79,yes
2026-10-10T05:03:47.507139Z,0.0200,9803.47,yes
2026-10-10T05:03:47.507139Z,0.0200,177.53,yes
2026-10-10T05:03:47.507139Z,0.0200,19.00,yes
2026-10-10T05:03:48.124972Z,0.0200,247.37,yes
2026-10-10T05:03:48.124972Z,0.0200,25.00,yes
2026-10-10T05:03:48.124972Z,0.0200,195.53,yes
2026-10-10T05:03:48.961344Z,0.0200,233.95,yes
2026-10-10T05:03:49.52728Z,0.0200,233.95,yes
2026-10-10T05:03:51.20973Z,0.0200,31.81,yes
2026-10-10T05:03:51.936171Z,0.0200,1731.23,yes
2026-10-10T05:03:52.041631Z,0.0200,140.37,yes
2026-10-10T05:03:52.417386Z,0.0200,0.46,yes
2026-10-10T05:03:52.528616Z,0.0200,116.97,yes
2026-10-10T05:03:52.816542Z,0.0200,467.90,yes
2026-10-10T05:03:53.41593Z,0.0200,46.79,yes
2026-10-10T05:03:53.85447Z,0.0200,46.50,yes
2026-10-10T05:03:54.936637Z,0.0100,58.71,no
2026-10-10T05:03:55.420094Z,0.0200,93.58,yes
2026-10-10T05:03:56.680399Z,0.0200,233.95,yes
2026-10-10T05:03:56.790539Z,0.0200,93.58,yes
2026-10-10T05:03:58.337009Z,0.0200,7.01,yes
2026-10-10T05:03:59.018436Z,0.0100,27.79,no
2026-10-10T05:03:59.137757Z,0.0200,125.00,yes
2026-10-10T05:03:59.745372Z,0.0200,233.95,yes
2026-10-10T05:03:59.843317Z,0.0200,23.86,yes
2026-10-10T05:04:00.507989Z,0.0200,935.80,yes
2026-10-10T05:04:00.678973Z,0.0200,788.88,yes
2026-10-10T05:04:01.05491Z,0.0200,39.00,yes
2026-10-10T05:04:01.246232Z,0.0200,233.95,yes
2026-10-10T05:04:01.419632Z,0.0200,93.58,yes
2026-10-10T05:04:01.82514Z,0.0100,26.93,no
2026-10-10T05:04:02.179952Z,0.0200,458.54,yes
2026-10-10T05:04:02.28749Z,0.0100,67.06,no
2026-10-10T05:04:02.299554Z,0.0200,608.27,yes
2026-10-10T05:04:02.48397Z,0.0200,467.90,yes
2026-10-10T05:04:02.65274Z,0.0200,467.90,yes
2026-10-10T05:04:03.053699Z,0.0200,4679.01,yes
2026-10-10T05:04:03.430203Z,0.0200,935.80,yes
2026-10-10T05:04:03.468277Z,0.0200,29.00,yes
2026-10-10T05:04:03.796536Z,0.0200,93.58,yes
2026-10-10T05:04:04.713363Z,0.0100,248.16,no
2026-10-10T05:04:05.15034Z,0.0200,562.88,yes
2026-10-10T05:04:06.43692Z,0.0200,93.58,yes
2026-10-10T05:04:06.503905Z,0.0200,1170.22,yes
2026-10-10T05:04:07.377165Z,0.0200,24.75,yes
2026-10-10T05:04:07.388638Z,0.0200,46.79,yes
2026-10-10T05:04:07.407018Z,0.0200,11.69,yes
2026-10-10T05:04:07.759323Z,0.0200,608.27,yes
2026-10-10T05:04:07.963789Z,0.0100,67.06,no
2026-10-10T05:04:08.160241Z,0.0200,467.50,yes
2026-10-10T05:04:08.806519Z,0.0200,467.90,yes
2026-10-10T05:04:09.027171Z,0.0200,447.78,yes
2026-10-10T05:04:09.213847Z,0.0200,123.52,yes
2026-10-10T05:04:09.669485Z,0.0200,233.95,yes
2026-10-10T05:04:11.057708Z,0.0200,1310.12,yes
2026-10-10T05:04:11.168528Z,0.0200,514.69,yes
2026-10-10T05:04:11.68648Z,0.0200,444.00,yes
2026-10-10T05:04:13.064803Z,0.0200,4679.01,yes
2026-10-10T05:04:14.11794Z,0.0200,201.66,yes
2026-10-10T05:04:14.560036Z,0.0200,46.79,yes
2026-10-10T05:04:14.883237Z,0.0200,46.79,yes
2026-10-10T05:04:15.116119Z,0.0200,168.50,yes
2026-10-10T05:04:15.308221Z,0.0200,33.68,yes
2026-10-10T05:04:16.256885Z,0.0200,327.53,yes
2026-10-10T05:04:16.269581Z,0.0200,1111.00,yes
2026-10-10T05:04:16.813138Z,0.0200,935.80,yes
2026-10-10T05:04:17.290319Z,0.0200,93.58,yes
2026-10-10T05:04:17.351542Z,0.0200,935.80,yes
2026-10-10T05:04:17.663341Z,0.0200,233.95,yes
2026-10-10T05:04:17.860719Z,0.0200,467.90,yes
2026-10-10T05:04:17.885545Z,0.0200,7.01,yes
2026-10-10T05:04:18.007754Z,0.0200,88.90,yes
2026-10-10T05:04:18.44353Z,0.0200,75.80,yes
2026-10-10T05:04:18.509614Z,0.0200,180.00,yes
2026-10-10T05:04:20.332506Z,0.0200,2339.50,yes
2026-10-10T05:04:20.37371Z,0.0200,33.22,yes
2026-10-10T05:04:20.416899Z,0.0200,233.95,yes
2026-10-10T05:04:20.536245Z,0.0200,467.90,yes
2026-10-10T05:04:20.583307Z,0.0200,416.00,yes
2026-10-10T05:04:21.186125Z,0.0200,3053.52,yes
2026-10-10T05:04:21.278491Z,0.0200,200.00,yes
2026-10-10T05:04:21.70632Z,0.0200,140.37,yes
2026-10-10T05:04:22.038704Z,0.0200,5525.45,yes
2026-10-10T05:04:22.638385Z,0.0200,467.90,yes
2026-10-10T05:04:22.846787Z,0.0200,46.79,yes
2026-10-10T05:04:22.901563Z,0.0200,561.48,yes
2026-10-10T05:04:22.984884Z,0.0200,233.95,yes
2026-10-10T05:04:23.080841Z,0.0200,111.00,yes
2026-10-10T05:04:23.221873Z,0.0200,467.90,yes
2026-10-10T05:04:23.602309Z,0.0200,233.95,yes
2026-10-10T05:04:23.693942Z,0.0200,93.58,yes
2026-10-10T05:04:24.502928Z,0.0200,233.95,yes
2026-10-10T05:04:25.528612Z,0.0200,70.18,yes
2026-10-10T05:04:26.094276Z,0.0200,46.79,yes
2026-10-10T05:04:26.202022Z,0.0200,2339.50,yes
2026-10-10T05:04:27.347152Z,0.0200,93.58,yes
2026-10-10T05:04:27.587049Z,0.0200,93.58,yes
2026-10-10T05:04:27.707595Z,0.0200,4679.01,yes
2026-10-10T05:04:28.053479Z,0.0200,4679.01,yes
2026-10-10T05:04:28.202292Z,0.0200,1169.75,yes
2026-10-10T05:04:29.057947Z,0.0200,233.95,yes
2026-10-10T05:04:29.325435Z,0.0200,327.53,yes
2026-10-10T05:04:29.537027Z,0.0200,23.39,yes
2026-10-10T05:04:31.67055Z,0.0200,116.97,yes
2026-10-10T05:04:32.06242Z,0.0200,233.95,yes
2026-10-10T05:04:32.309346Z,0.0200,93.58,yes
2026-10-10T05:04:32.321543Z,0.0200,110.00,yes
2026-10-10T05:04:32.363425Z,0.0100,134.12,no
2026-10-10T05:04:32.593556Z,0.0200,467.90,yes
2026-10-10T05:04:33.652208Z,0.0200,140.37,yes
2026-10-10T05:04:33.980216Z,0.0200,80.47,yes
2026-10-10T05:04:34.469345Z,0.0200,11.69,yes
2026-10-10T05:04:35.080179Z,0.0200,233.95,yes
2026-10-10T05:04:35.446737Z,0.0200,935.80,yes
2026-10-10T05:04:36.106458Z,0.0200,303.20,yes
2026-10-10T05:04:36.13404Z,0.0200,421.11,yes
2026-10-10T05:04:37.069046Z,0.0100,31.21,no
2026-10-10T05:04:37.174334Z,0.0200,233.95,yes
2026-10-10T05:04:37.182196Z,0.0200,93.58,yes
2026-10-10T05:04:37.996637Z,0.0200,112.29,yes
2026-10-10T05:04:38.20186Z,0.0200,140.37,yes
2026-10-10T05:04:38.342745Z,0.0100,25.86,no
2026-10-10T05:04:38.758736Z,0.0200,93.58,yes
2026-10-10T05:04:38.773126Z,0.0200,46.79,yes
2026-10-10T05:04:39.32517Z,0.0200,46.79,yes
2026-10-10T05:04:39.709498Z,0.0200,24.75,yes
2026-10-10T05:04:39.758261Z,0.0200,125.86,yes
2026-10-10T05:04:40.22737Z,0.0200,46.79,yes
2026-10-10T05:04:40.476371Z,0.0200,42.11,yes
2026-10-10T05:04:40.529572Z,0.0200,93.58,yes
2026-10-10T05:04:40.589097Z,0.0200,187.16,yes
2026-10-10T05:04:40.862164Z,0.0200,46.79,yes
2026-10-10T05:04:40.922167Z,0.0200,270.91,yes
2026-10-10T05:04:41.067464Z,0.0200,467.90,yes
2026-10-10T05:04:41.37746Z,0.0200,0.75,yes
2026-10-10T05:04:42.269584Z,0.0200,467.90,yes
2026-10-10T05:04:42.390315Z,0.0200,467.90,yes
2026-10-10T05:04:42.759514Z,0.0200,280.74,yes
2026-10-10T05:04:43.561425Z,0.0200,140.37,yes
2026-10-10T05:04:43.628388Z,0.0200,283.54,yes
2026-10-10T05:04:43.973782Z,0.0200,3275.31,yes
2026-10-10T05:04:44.601692Z,0.0200,25.73,yes
2026-10-10T05:04:44.766535Z,0.0100,0.49,no
2026-10-10T05:04:44.770179Z,0.0200,467.90,yes
2026-10-10T05:04:45.182033Z,0.0200,650.21,yes
2026-10-10T05:04:45.182033Z,0.0200,1384.22,yes
2026-10-10T05:04:45.4911Z,0.0200,112.25,yes
2026-10-10T05:04:46.186348Z,0.0200,935.80,yes
2026-10-10T05:04:46.21311Z,0.0200,46.79,yes
2026-10-10T05:04:46.427439Z,0.0200,46.79,yes
2026-10-10T05:04:46.548959Z,0.0200,637.00,yes
2026-10-10T05:04:46.764204Z,0.0200,46.79,yes
2026-10-10T05:04:46.789406Z,0.0200,233.95,yes
2026-10-10T05:04:46.881865Z,0.0100,118.37,no
2026-10-10T05:04:47.185693Z,0.0200,36.49,yes
2026-10-10T05:04:47.925148Z,0.0200,233.95,yes
2026-10-10T05:04:48.061218Z,0.0200,467.90,yes
2026-10-10T05:04:48.189565Z,0.0200,467.90,yes
2026-10-10T05:04:48.27785Z,0.0200,233.95,yes
2026-10-10T05:04:48.498225Z,0.0200,24.75,yes
2026-10-10T05:04:48.504958Z,0.0200,0.93,yes
2026-10-10T05:04:48.791126Z,0.0200,280.74,yes
2026-10-10T05:04:48.886665Z,0.0200,93.58,yes
2026-10-10T05:04:49.399229Z,0.0200,0.46,yes
2026-10-10T05:04:49.802115Z,0.0200,4.67,yes
2026-10-10T05:04:50.319145Z,0.0200,233.95,yes
2026-10-10T05:04:50.705148Z,0.0200,140.37,yes
2026-10-10T05:04:50.783503Z,0.0200,4691.65,yes
2026-10-10T05:04:51.393128Z,0.0200,24.75,yes
2026-10-10T05:04:51.877374Z,0.0200,935.50,yes
2026-10-10T05:04:52.245489Z,0.0200,141.77,yes
2026-10-10T05:04:52.608639Z,0.0200,233.95,yes
2026-10-10T05:04:52.749036Z,0.0200,93.58,yes
2026-10-10T05:04:53.285054Z,0.0200,1192.21,yes
2026-10-10T05:04:53.33511Z,0.0200,233.95,yes
2026-10-10T05:04:53.35964Z,0.0200,46.79,yes
2026-10-10T05:04:53.446178Z,0.0200,1076.17,yes
2026-10-10T05:04:54.293084Z,0.0200,0.46,yes
2026-10-10T05:04:54.6912Z,0.0200,467.90,yes
2026-10-10T05:04:54.795549Z,0.0200,467.90,yes
2026-10-10T05:04:55.351342Z,0.0200,37.43,yes
2026-10-10T05:04:55.369739Z,0.0200,936.27,yes
2026-10-10T05:04:55.705087Z,0.0200,161.89,yes
2026-10-10T05:04:56.201284Z,0.0200,28.07,yes
2026-10-10T05:04:57.32242Z,0.0200,1653.56,yes
2026-10-10T05:04:57.509485Z,0.0200,327.53,yes
2026-10-10T05:04:57.868951Z,0.0200,935.80,yes
2026-10-10T05:04:58.047643Z,0.0200,333.00,yes
2026-10-10T05:04:58.498125Z,0.0200,467.90,yes
2026-10-10T05:04:58.640831Z,0.0200,3743.21,yes
2026-10-10T05:04:58.820996Z,0.0200,842.22,yes
2026-10-10T05:04:59.268429Z,0.0200,23.86,yes
2026-10-10T05:04:59.356361Z,0.0200,140.37,yes
2026-10-10T05:04:59.359117Z,0.0200,46.79,yes
2026-10-10T05:04:59.530194Z,0.0200,46.79,yes
2026-10-10T05:04:59.704891Z,0.0200,233.95,yes
2026-10-10T05:05:00.316745Z,0.0200,46.79,yes
2026-10-10T05:05:01.016501Z,0.0200,233.95,yes
2026-10-10T05:05:01.398496Z,0.0100,6.70,no
2026-10-10T05:05:01.490345Z,0.0200,499.75,yes
2026-10-10T05:05:02.819324Z,0.0200,46.79,yes
2026-10-10T05:05:02.975785Z,0.0200,23.39,yes
2026-10-10T05:05:03.142406Z,0.0200,233.95,yes
2026-10-10T05:05:03.240382Z,0.0200,46.79,yes
2026-10-10T05:05:03.289581Z,0.0200,195.00,yes
2026-10-10T05:05:03.334179Z,0.0100,3.01,no
2026-10-10T05:05:04.475074Z,0.0200,935.80,yes
2026-10-10T05:05:05.074144Z,0.0200,46.79,yes
2026-10-10T05:05:05.288922Z,0.0200,93.58,yes
2026-10-10T05:05:05.539721Z,0.0200,500.00,yes
2026-10-10T05:05:06.069332Z,0.0200,93.58,yes
2026-10-10T05:05:06.34579Z,0.0200,250.00,yes
2026-10-10T05:05:06.976738Z,0.0200,3509.26,yes
2026-10-10T05:05:07.08688Z,0.0200,374.32,yes
2026-10-10T05:05:07.315044Z,0.0200,1169.75,yes
2026-10-10T05:05:07.507483Z,0.0200,0.46,yes
2026-10-10T05:05:07.725275Z,0.0200,233.95,yes
2026-10-10T05:05:07.93807Z,0.0200,46.79,yes
2026-10-10T05:05:08.548452Z,0.0200,233.95,yes
2026-10-10T05:05:08.693461Z,0.0200,375.00,yes
2026-10-10T05:05:09.136381Z,0.0200,46.79,yes
2026-10-10T05:05:09.376013Z,0.0200,467.90,yes
2026-10-10T05:05:10.073318Z,0.0200,75.00,yes
2026-10-10T05:05:10.240109Z,0.0200,222.00,yes
2026-10-10T05:05:10.641017Z,0.0200,2000.00,yes
2026-10-10T05:05:11.992768Z,0.0200,233.95,yes
2026-10-10T05:05:12.32236Z,0.0200,1122.96,yes
2026-10-10T05:05:13.254652Z,0.0200,84.22,yes
2026-10-10T05:05:13.360459Z,0.0200,467.90,yes
2026-10-10T05:05:13.7638Z,0.0200,4679.01,yes
2026-10-10T05:05:13.842342Z,0.0200,46.79,yes
2026-10-10T05:05:13.897197Z,0.0200,3556.05,yes
2026-10-10T05:05:14.170233Z,0.0200,467.90,yes
2026-10-10T05:05:14.185268Z,0.0200,1403.70,yes
2026-10-10T05:05:14.451389Z,0.0200,185.00,yes
2026-10-10T05:05:14.648352Z,0.0200,3883.58,yes
2026-10-10T05:05:15.023861Z,0.0200,467.90,yes
2026-10-10T05:05:15.381538Z,0.0200,24.75,yes
2026-10-10T05:05:15.414357Z,0.0200,46.79,yes
2026-10-10T05:05:15.673831Z,0.0200,22.00,yes
2026-10-10T05:05:15.942107Z,0.0200,2339.50,yes
2026-10-10T05:05:16.274183Z,0.0200,94.04,yes
2026-10-10T05:05:17.999509Z,0.0200,293.37,yes
2026-10-10T05:05:18.008033Z,0.0200,23.39,yes
2026-10-10T05:05:18.021754Z,0.0200,467.90,yes
2026-10-10T05:05:18.114352Z,0.0200,935.80,yes
2026-10-10T05:05:18.43613Z,0.0200,374.32,yes
2026-10-10T05:05:18.575013Z,0.0200,4585.43,yes
2026-10-10T05:05:18.866062Z,0.0200,116.97,yes
2026-10-10T05:05:20.335566Z,0.0200,54.74,yes
2026-10-10T05:05:20.729797Z,0.0200,1403.70,yes
2026-10-10T05:05:21.016269Z,0.0200,233.95,yes
2026-10-10T05:05:21.53111Z,0.0200,23.39,yes
2026-10-10T05:05:21.771094Z,0.0200,23.39,yes
2026-10-10T05:05:21.857178Z,0.0200,3415.68,yes
2026-10-10T05:05:24.085163Z,0.0200,1169.75,yes
2026-10-10T05:05:24.439744Z,0.0200,467.90,yes
2026-10-10T05:05:25.22917Z,0.0200,54.50,yes
2026-10-10T05:05:25.22917Z,0.0200,1.00,yes
2026-10-10T05:05:25.22917Z,0.0200,412.40,yes
2026-10-10T05:05:25.290876Z,0.0200,93.58,yes
2026-10-10T05:05:25.588581Z,0.0200,58.48,yes
2026-10-10T05:05:25.908316Z,0.0200,1169.75,yes
2026-10-10T05:05:26.01709Z,0.0200,111.00,yes
2026-10-10T05:05:26.807245Z,0.0200,233.95,yes
2026-10-10T05:05:26.839979Z,0.0200,467.90,yes
2026-10-10T05:05:28.866563Z,0.0200,46.79,yes
2026-10-10T05:05:29.77248Z,0.0200,16.20,yes
2026-10-10T05:05:29.795449Z,0.0200,561.48,yes
2026-10-10T05:05:30.720493Z,0.0200,467.90,yes
2026-10-10T05:05:30.887831Z,0.0200,93.58,yes
2026-10-10T05:05:30.906066Z,0.0200,46.79,yes
2026-10-10T05:05:31.453794Z,0.0200,449.18,yes
2026-10-10T05:05:31.551996Z,0.0200,374.32,yes
2026-10-10T05:05:31.645439Z,0.0200,467.90,yes
2026-10-10T05:05:31.979033Z,0.0200,2105.55,yes
2026-10-10T05:05:32.071149Z,0.0200,6550.62,yes
2026-10-10T05:05:32.27373Z,0.0200,233.95,yes
2026-10-10T05:05:32.359028Z,0.0200,233.95,yes
2026-10-10T05:05:32.653047Z,0.0200,604.06,yes
2026-10-10T05:05:32.914052Z,0.0200,233.95,yes
2026-10-10T05:05:33.163117Z,0.0200,46.79,yes
2026-10-10T05:05:33.29622Z,0.0200,46.79,yes
2026-10-10T05:05:33.555125Z,0.0200,93.58,yes
2026-10-10T05:05:33.709593Z,0.0200,46.79,yes
2026-10-10T05:05:34.341219Z,0.0200,500.00,yes
2026-10-10T05:05:34.764764Z,0.0200,187.16,yes
2026-10-10T05:05:34.855091Z,0.0200,46.79,yes
2026-10-10T05:05:37.165686Z,0.0200,79.54,yes
2026-10-10T05:05:37.208817Z,0.0200,140.37,yes
2026-10-10T05:05:38.034567Z,0.0200,46.79,yes
2026-10-10T05:05:38.069094Z,0.0200,2339.50,yes
2026-10-10T05:05:38.268266Z,0.0200,374.32,yes
2026-10-10T05:05:38.472281Z,0.0200,140.37,yes
2026-10-10T05:05:38.586142Z,0.0200,233.95,yes
2026-10-10T05:05:39.027413Z,0.0200,46.79,yes
2026-10-10T05:05:39.787355Z,0.0200,233.95,yes
2026-10-10T05:05:40.427074Z,0.0200,4679.01,yes
2026-10-10T05:05:40.645852Z,0.0200,467.50,yes
2026-10-10T05:05:41.138974Z,0.0200,46.79,yes
2026-10-10T05:05:41.306198Z,0.0200,46.79,yes
2026-10-10T05:05:41.940063Z,0.0200,11.69,yes
2026-10-10T05:05:42.677589Z,0.0200,93.58,yes
2026-10-10T05:05:42.978502Z,0.0200,1169.75,yes
2026-10-10T05:05:43.295051Z,0.0100,100.00,no
2026-10-10T05:05:43.986898Z,0.0200,467.90,yes
2026-10-10T05:05:44.04898Z,0.0200,9.35,yes
2026-10-10T05:05:44.747286Z,0.0200,140.37,yes
2026-10-10T05:05:45.128096Z,0.0200,935.80,yes
2026-10-10T05:05:45.220168Z,0.0200,187.16,yes
2026-10-10T05:05:45.260498Z,0.0200,111.82,yes
2026-10-10T05:05:45.413198Z,0.0200,467.90,yes
2026-10-10T05:05:45.656791Z,0.0200,25.26,yes
2026-10-10T05:05:46.007745Z,0.0200,467.90,yes
2026-10-10T05:05:46.941337Z,0.0200,140.37,yes
2026-10-10T05:05:47.185039Z,0.0200,140.37,yes
2026-10-10T05:05:47.99556Z,0.0200,46.79,yes
2026-10-10T05:05:48.009075Z,0.0200,1000.00,yes
2026-10-10T05:05:48.632291Z,0.0200,46.79,yes
2026-10-10T05:05:48.709461Z,0.0200,1169.75,yes
2026-10-10T05:05:48.75914Z,0.0100,3121.39,no
2026-10-10T05:05:48.997649Z,0.0200,947.00,yes
2026-10-10T05:05:49.420155Z,0.0200,44.00,yes
2026-10-10T05:05:49.622832Z,0.0200,50.00,yes
2026-10-10T05:05:49.976161Z,0.0200,233.95,yes
2026-10-10T05:05:50.096472Z,0.0200,467.90,yes
2026-10-10T05:05:50.859337Z,0.0200,935.80,yes
2026-10-10T05:05:51.178901Z,0.0200,467.90,yes
2026-10-10T05:05:51.406198Z,0.0200,233.95,yes
2026-10-10T05:05:52.426693Z,0.0200,935.80,yes
2026-10-10T05:05:52.748525Z,0.0200,31.34,yes
2026-10-10T05:05:53.09014Z,0.0200,4679.01,yes
2026-10-10T05:05:53.87925Z,0.0200,238.16,yes
2026-10-10T05:05:54.192822Z,0.0200,233.95,yes
2026-10-10T05:05:54.326067Z,0.0200,1450.49,yes
2026-10-10T05:05:54.940907Z,0.0200,140.37,yes
2026-10-10T05:05:55.110564Z,0.0200,222.00,yes
2026-10-10T05:05:55.540492Z,0.0200,701.85,yes
2026-10-10T05:05:56.384383Z,0.0200,46.79,yes
2026-10-10T05:05:57.255001Z,0.0200,46.79,yes
2026-10-10T05:05:57.560546Z,0.0200,222.00,yes
2026-10-10T05:05:58.337563Z,0.0100,1.00,no
2026-10-10T05:05:58.750594Z,0.0200,82.35,yes
2026-10-10T05:05:59.121327Z,0.0200,233.95,yes
2026-10-10T05:05:59.511334Z,0.0200,233.95,yes
2026-10-10T05:06:00.169955Z,0.0200,46.79,yes
2026-10-10T05:06:00.254887Z,0.0200,44.00,yes
2026-10-10T05:06:01.346579Z,0.0200,233.95,yes
2026-10-10T05:06:01.451524Z,0.0200,23.39,yes
2026-10-10T05:06:01.860511Z,0.0200,2152.34,yes
2026-10-10T05:06:02.00545Z,0.0200,935.80,yes
2026-10-10T05:06:02.169493Z,0.0200,6.55,yes
2026-10-10T05:06:03.353739Z,0.0200,930.18,yes
2026-10-10T05:06:03.675818Z,0.0100,22.60,no
2026-10-10T05:06:03.675818Z,0.0100,67.64,no
2026-10-10T05:06:03.854113Z,0.0200,4.67,yes
2026-10-10T05:06:03.896462Z,0.0200,8.00,yes
2026-10-10T05:06:04.349395Z,0.0200,233.95,yes
2026-10-10T05:06:04.355321Z,0.0200,233.95,yes
2026-10-10T05:06:04.662011Z,0.0200,1082.25,yes
2026-10-10T05:06:04.914417Z,0.0200,561.48,yes
2026-10-10T05:06:04.989919Z,0.0200,29.47,yes
2026-10-10T05:06:05.662874Z,0.0200,46.79,yes
2026-10-10T05:06:06.106302Z,0.0200,300.00,yes
2026-10-10T05:06:06.159086Z,0.0200,233.95,yes
2026-10-10T05:06:06.578164Z,0.0200,2.80,yes
2026-10-10T05:06:06.596254Z,0.0200,46.79,yes
2026-10-10T05:06:06.81251Z,0.0200,1169.75,yes
2026-10-10T05:06:07.630891Z,0.0200,7.95,yes
2026-10-10T05:06:08.103459Z,0.0200,467.90,yes
2026-10-10T05:06:08.127697Z,0.0200,333.00,yes
2026-10-10T05:06:08.330309Z,0.0200,2339.50,yes
2026-10-10T05:06:08.335757Z,0.0200,14.03,yes
2026-10-10T05:06:08.3742Z,0.0200,46.79,yes
2026-10-10T05:06:08.704568Z,0.0200,4679.01,yes
2026-10-10T05:06:08.804179Z,0.0200,93.58,yes
2026-10-10T05:06:08.815936Z,0.0200,37.43,yes
2026-10-10T05:06:09.556665Z,0.0200,467.90,yes
2026-10-10T05:06:09.817447Z,0.0200,467.90,yes
2026-10-10T05:06:10.262425Z,0.0200,1169.75,yes
2026-10-10T05:06:11.304447Z,0.0200,74.75,yes
2026-10-10T05:06:11.923875Z,0.0200,327.53,yes
2026-10-10T05:06:12.795251Z,0.0200,327.53,yes
2026-10-10T05:06:13.111552Z,0.0100,25.48,no
2026-10-10T05:06:13.573445Z,0.0200,249.75,yes
2026-10-10T05:06:13.960891Z,0.0200,46.79,yes
2026-10-10T05:06:14.152935Z,0.0200,93.58,yes
2026-10-10T05:06:14.316325Z,0.0200,233.95,yes
2026-10-10T05:06:14.608503Z,0.0200,37.90,yes
2026-10-10T05:06:14.973657Z,0.0200,310.68,yes
2026-10-10T05:06:15.485902Z,0.0100,45.12,no
2026-10-10T05:06:15.830215Z,0.0200,467.90,yes
2026-10-10T05:06:16.646977Z,0.0200,233.50,yes
2026-10-10T05:06:16.724853Z,0.0200,2148.13,yes
2026-10-10T05:06:17.186997Z,0.0200,28.00,yes
2026-10-10T05:06:17.583364Z,0.0200,467.90,yes
2026-10-10T05:06:18.280123Z,0.0200,1169.75,yes
2026-10-10T05:06:18.831078Z,0.0200,467.90,yes
2026-10-10T05:06:19.472558Z,0.0200,187.16,yes
2026-10-10T05:06:19.511588Z,0.0100,467.59,no
2026-10-10T05:06:20.24223Z,0.0200,287.01,yes
2026-10-10T05:06:20.24223Z,0.0200,102.00,yes
2026-10-10T05:06:20.24223Z,0.0200,125.68,yes
2026-10-10T05:06:21.000071Z,0.0200,140.37,yes
2026-10-10T05:06:21.982153Z,0.0200,46.79,yes
2026-10-10T05:06:22.857145Z,0.0200,32.75,yes
2026-10-10T05:06:23.18375Z,0.0200,467.90,yes
2026-10-10T05:06:23.282528Z,0.0200,467.90,yes
2026-10-10T05:06:23.351499Z,0.0200,467.90,yes
2026-10-10T05:06:24.523876Z,0.0200,2339.50,yes
2026-10-10T05:06:25.34126Z,0.0200,1684.44,yes
2026-10-10T05:06:25.77839Z,0.0200,12.63,yes
2026-10-10T05:06:25.886253Z,0.0200,140.37,yes
2026-10-10T05:06:26.028772Z,0.0200,46.79,yes
2026-10-10T05:06:26.555715Z,0.0200,46.79,yes
2026-10-10T05:06:26.913442Z,0.0200,233.95,yes
2026-10-10T05:06:27.424336Z,0.0200,46.79,yes
2026-10-10T05:06:27.632467Z,0.0200,46.79,yes
2026-10-10T05:06:27.996639Z,0.0200,144.58,yes
2026-10-10T05:06:28.423831Z,0.0200,160.49,yes
2026-10-10T05:06:30.523441Z,0.0200,93.58,yes
2026-10-10T05:06:32.629498Z,0.0200,4492.79,yes
2026-10-10T05:06:33.815065Z,0.0200,233.95,yes
2026-10-10T05:06:33.902346Z,0.0200,4999.75,yes
2026-10-10T05:06:34.662106Z,0.0200,55.00,yes
2026-10-10T05:06:34.809102Z,0.0200,1029.38,yes
2026-10-10T05:06:34.925343Z,0.0200,233.95,yes
2026-10-10T05:06:35.013328Z,0.0200,233.95,yes
2026-10-10T05:06:35.866096Z,0.0200,46.79,yes
2026-10-10T05:06:36.137616Z,0.0200,701.85,yes
2026-10-10T05:06:36.183411Z,0.0200,421.11,yes
2026-10-10T05:06:36.379343Z,0.0200,187.16,yes
2026-10-10T05:06:36.415717Z,0.0100,105.07,no
2026-10-10T05:06:36.548665Z,0.0200,46.79,yes
2026-10-10T05:06:37.858254Z,0.0200,93.58,yes
2026-10-10T05:06:39.12955Z,0.0200,249.75,yes
2026-10-10T05:06:39.355734Z,0.0200,228.21,yes
2026-10-10T05:06:39.355734Z,0.0200,5808.84,yes
2026-10-10T05:06:39.355734Z,0.0200,4000.00,yes
2026-10-10T05:06:39.355734Z,0.0200,4000.00,yes
2026-10-10T05:06:39.7883Z,0.0200,233.95,yes
2026-10-10T05:06:39.823277Z,0.0200,467.90,yes
2026-10-10T05:06:40.429114Z,0.0200,157.31,yes
2026-10-10T05:06:40.429114Z,0.0200,872.07,yes
2026-10-10T05:06:40.531141Z,0.0200,93.58,yes
2026-10-10T05:06:40.63718Z,0.0200,111.00,yes
2026-10-10T05:06:40.749885Z,0.0200,701.85,yes
2026-10-10T05:06:40.880503Z,0.0200,280.74,yes
2026-10-10T05:06:41.163206Z,0.0200,233.95,yes
2026-10-10T05:06:41.394423Z,0.0200,46.79,yes
2026-10-10T05:06:41.645865Z,0.0200,1660.02,yes
2026-10-10T05:06:41.645865Z,0.0200,3742.37,yes
2026-10-10T05:06:41.820543Z,0.0200,23.39,yes
2026-10-10T05:06:42.595524Z,0.0200,233.95,yes
2026-10-10T05:06:42.615366Z,0.0200,519.08,yes
2026-10-10T05:06:42.615366Z,0.0200,0.29,yes
2026-10-10T05:06:42.66979Z,0.0200,701.85,yes
2026-10-10T05:06:44.309437Z,0.0200,3.74,yes
2026-10-10T05:06:44.471427Z,0.0200,140.37,yes
2026-10-10T05:06:44.759552Z,0.0200,467.90,yes
2026-10-10T05:06:45.540186Z,0.0200,140.37,yes
2026-10-10T05:06:45.541528Z,0.0200,467.90,yes
2026-10-10T05:06:45.54869Z,0.0200,46.79,yes
2026-10-10T05:06:45.580852Z,0.0200,66.00,yes
2026-10-10T05:06:45.712203Z,0.0200,233.95,yes
2026-10-10T05:06:46.044131Z,0.0200,97.79,yes
2026-10-10T05:06:46.247484Z,0.0200,23.39,yes
2026-10-10T05:06:47.271633Z,0.0200,46.79,yes
2026-10-10T05:06:47.272149Z,0.0200,50.00,yes
2026-10-10T05:06:47.830009Z,0.0200,1169.75,yes
2026-10-10T05:06:49.062936Z,0.0200,233.95,yes
2026-10-10T05:06:49.137049Z,0.0200,233.95,yes
2026-10-10T05:06:49.240027Z,0.0200,187.16,yes
2026-10-10T05:06:49.808317Z,0.0200,125.00,yes
2026-10-10T05:06:49.956071Z,0.0200,467.90,yes
2026-10-10T05:06:51.560746Z,0.0100,67.37,no
2026-10-10T05:06:52.909071Z,0.0200,2339.50,yes
2026-10-10T05:06:53.078926Z,0.0200,1169.75,yes
2026-10-10T05:06:53.805786Z,0.0200,25.73,yes
2026-10-10T05:06:54.510049Z,0.0200,1403.70,yes
2026-10-10T05:06:54.556663Z,0.0200,233.95,yes
2026-10-10T05:06:55.058864Z,0.0200,14.03,yes
2026-10-10T05:06:55.292594Z,0.0200,233.95,yes
2026-10-10T05:06:55.698178Z,0.0200,233.95,yes
2026-10-10T05:06:56.218013Z,0.0200,116.50,yes
2026-10-10T05:06:56.585543Z,0.0200,561.48,yes
2026-10-10T05:06:56.625644Z,0.0100,45.12,no
2026-10-10T05:06:56.988457Z,0.0200,95.45,yes
2026-10-10T05:06:57.008215Z,0.0200,237.22,yes
2026-10-10T05:06:57.136299Z,0.0200,46.79,yes
2026-10-10T05:06:57.257325Z,0.0200,140.37,yes
2026-10-10T05:06:57.859887Z,0.0200,141.00,yes
2026-10-10T05:06:58.431002Z,0.0200,233.95,yes
2026-10-10T05:06:58.691294Z,0.0200,140.37,yes
2026-10-10T05:07:00.02272Z,0.0200,27.13,yes
2026-10-10T05:07:00.510817Z,0.0200,233.95,yes
2026-10-10T05:07:00.850232Z,0.0200,140.37,yes
2026-10-10T05:07:01.195889Z,0.0100,93.58,no
2026-10-10T05:07:01.220341Z,0.0200,46.79,yes
2026-10-10T05:07:02.65158Z,0.0200,35.09,yes
2026-10-10T05:07:02.98005Z,0.0200,46.79,yes
2026-10-10T05:07:03.596233Z,0.0200,46.79,yes
2026-10-10T05:07:04.330834Z,0.0200,1871.60,yes
2026-10-10T05:07:04.458518Z,0.0200,233.95,yes
2026-10-10T05:07:04.506071Z,0.0200,687.81,yes
2026-10-10T05:07:04.788402Z,0.0200,4679.01,yes
2026-10-10T05:07:04.93983Z,0.0200,93.58,yes
2026-10-10T05:07:05.037414Z,0.0100,52.08,no
2026-10-10T05:07:05.102709Z,0.0200,93.50,yes
2026-10-10T05:07:06.008256Z,0.0200,140.37,yes
2026-10-10T05:07:06.224636Z,0.0200,46.79,yes
2026-10-10T05:07:06.226123Z,0.0200,30.00,yes
2026-10-10T05:07:06.554775Z,0.0200,374.75,yes
2026-10-10T05:07:06.636118Z,0.0200,1393.60,yes
2026-10-10T05:07:06.636118Z,0.0200,3285.41,yes
2026-10-10T05:07:08.037073Z,0.0200,93.58,yes
2026-10-10T05:07:08.522848Z,0.0200,233.95,yes
2026-10-10T05:07:08.549128Z,0.0200,233.95,yes
2026-10-10T05:07:09.442396Z,0.0200,93.58,yes
2026-10-10T05:07:09.692017Z,0.0200,93.58,yes
2026-10-10T05:07:09.706297Z,0.0200,46.79,yes
2026-10-10T05:07:09.99852Z,0.0200,23.39,yes
2026-10-10T05:07:10.52232Z,0.0200,46.79,yes
2026-10-10T05:07:10.849753Z,0.0200,140.37,yes
2026-10-10T05:07:10.911411Z,0.0200,46.79,yes
2026-10-10T05:07:11.210251Z,0.0200,11.22,yes
2026-10-10T05:07:12.107643Z,0.0200,22.00,yes
2026-10-10T05:07:12.623087Z,0.0200,2339.50,yes
2026-10-10T05:07:12.639202Z,0.0200,46.79,yes
2026-10-10T05:07:13.314613Z,0.0200,125.00,yes
2026-10-10T05:07:13.626285Z,0.0200,46.79,yes
2026-10-10T05:07:13.78985Z,0.0200,1169.75,yes
2026-10-10T05:07:13.921442Z,0.0200,233.95,yes
2026-10-10T05:07:14.191399Z,0.0200,46.32,yes
2026-10-10T05:07:14.376032Z,0.0200,333.00,yes
2026-10-10T05:07:14.682986Z,0.0200,23395.09,yes
2026-10-10T05:07:14.826493Z,0.0200,233.95,yes
2026-10-10T05:07:15.107339Z,0.0200,15.90,yes
2026-10-10T05:07:15.998249Z,0.0200,27.60,yes
2026-10-10T05:07:16.030099Z,0.0200,46.79,yes
2026-10-10T05:07:16.080796Z,0.0200,458.54,yes
2026-10-10T05:07:16.492046Z,0.0200,70.65,yes
2026-10-10T05:07:16.498225Z,0.0200,93.58,yes
2026-10-10T05:07:16.630435Z,0.0200,233.95,yes
2026-10-10T05:07:16.857323Z,0.0200,55.00,yes
2026-10-10T05:07:17.069297Z,0.0200,70.18,yes
2026-10-10T05:07:17.098474Z,0.0200,140.37,yes
2026-10-10T05:07:17.155316Z,0.0200,341.25,yes
2026-10-10T05:07:17.329587Z,0.0200,140.37,yes
2026-10-10T05:07:17.775621Z,0.0200,49.75,yes
2026-10-10T05:07:17.870068Z,0.0200,233.95,yes
2026-10-10T05:07:17.960497Z,0.0100,5.25,no
2026-10-10T05:07:18.023916Z,0.0200,46.79,yes
2026-10-10T05:07:18.449981Z,0.0200,300.00,yes
2026-10-10T05:07:18.560538Z,0.0200,249.75,yes
2026-10-10T05:07:19.067924Z,0.0200,46.79,yes
2026-10-10T05:07:19.704527Z,0.0200,60.00,yes
2026-10-10T05:07:20.604579Z,0.0200,467.90,yes
2026-10-10T05:07:20.945355Z,0.0200,233.95,yes
2026-10-10T05:07:22.290347Z,0.0200,93.58,yes
2026-10-10T05:07:22.336698Z,0.0200,2339.50,yes
2026-10-10T05:07:22.476118Z,0.0200,246.11,yes
2026-10-10T05:07:22.766337Z,0.0200,51.93,yes
2026-10-10T05:07:25.32736Z,0.0200,935.80,yes
2026-10-10T05:07:25.422053Z,0.0200,93.58,yes
2026-10-10T05:07:26.189217Z,0.0200,0.93,yes
2026-10-10T05:07:26.27405Z,0.0200,27.13,yes
2026-10-10T05:07:27.255614Z,0.0200,467.90,yes
2026-10-10T05:07:29.032029Z,0.0200,46.79,yes
2026-10-10T05:07:29.810176Z,0.0200,467.90,yes
2026-10-10T05:07:30.148233Z,0.0200,233.95,yes
2026-10-10T05:07:30.237782Z,0.0200,467.90,yes
2026-10-10T05:07:30.742688Z,0.0200,46.79,yes
2026-10-10T05:07:31.270718Z,0.0200,1169.75,yes
2026-10-10T05:07:31.275053Z,0.0200,421.11,yes
2026-10-10T05:07:31.481572Z,0.0200,449.75,yes
2026-10-10T05:07:31.570116Z,0.0200,233.95,yes
2026-10-10T05:07:32.327323Z,0.0200,23.39,yes
2026-10-10T05:07:33.764819Z,0.0200,46.79,yes
2026-10-10T05:07:34.357191Z,0.0200,192.30,yes
2026-10-10T05:07:34.754945Z,0.0200,233.95,yes
2026-10-10T05:07:35.140532Z,0.0200,1169.75,yes
2026-10-10T05:07:35.535548Z,0.0200,93.58,yes
2026-10-10T05:07:36.009433Z,0.0200,16.84,yes
2026-10-10T05:07:37.650759Z,0.0200,29.00,yes
2026-10-10T05:07:38.222401Z,0.0200,233.95,yes
2026-10-10T05:07:38.576888Z,0.0200,421.11,yes
2026-10-10T05:07:39.346293Z,0.0200,467.90,yes
2026-10-10T05:07:39.892736Z,0.0200,327.53,yes
2026-10-10T05:07:39.998535Z,0.0200,1169.75,yes
2026-10-10T05:07:40.958289Z,0.0200,555.00,yes
2026-10-10T05:07:41.269504Z,0.0200,233.95,yes
2026-10-10T05:07:41.565139Z,0.0200,46.79,yes
2026-10-10T05:07:41.794344Z,0.0200,101.00,yes
2026-10-10T05:07:41.976808Z,0.0200,233.95,yes
2026-10-10T05:07:42.228158Z,0.0200,233.95,yes
2026-10-10T05:07:42.623247Z,0.0200,46.79,yes
2026-10-10T05:07:44.1847Z,0.0200,116.97,yes
2026-10-10T05:07:44.655796Z,0.0200,46.79,yes
2026-10-10T05:07:45.645188Z,0.0200,93.58,yes
2026-10-10T05:07:45.709484Z,0.0200,233.95,yes
2026-10-10T05:07:45.767774Z,0.0200,300.00,yes
2026-10-10T05:07:45.79648Z,0.0200,249.75,yes
2026-10-10T05:07:45.899045Z,0.0200,9358.03,yes
2026-10-10T05:07:46.454154Z,0.0200,233.95,yes
2026-10-10T05:07:48.012583Z,0.0200,327.53,yes
2026-10-10T05:07:48.581268Z,0.0200,140.37,yes
2026-10-10T05:07:48.8614Z,0.0200,233.95,yes
2026-10-10T05:07:49.062958Z,0.0200,701.85,yes
2026-10-10T05:07:49.472131Z,0.0200,233.95,yes
2026-10-10T05:07:49.545105Z,0.0200,1956.29,yes
2026-10-10T05:07:49.897905Z,0.0200,701.85,yes
2026-10-10T05:07:51.815457Z,0.0200,4679.01,yes
2026-10-10T05:07:52.750017Z,0.0200,46.79,yes
2026-10-10T05:07:52.757358Z,0.0200,233.95,yes
2026-10-10T05:07:53.655371Z,0.0200,229.27,yes
2026-10-10T05:07:54.088313Z,0.0100,1009.39,no
2026-10-10T05:07:56.501167Z,0.0200,46.79,yes
2026-10-10T05:07:57.439792Z,0.0200,93.58,yes
2026-10-10T05:07:58.581298Z,0.0200,140.37,yes
2026-10-10T05:07:58.629713Z,0.0200,242.48,yes
2026-10-10T05:07:58.629713Z,0.0200,2097.02,yes
2026-10-10T05:08:00.426529Z,0.0200,733.67,yes
2026-10-10T05:08:01.515804Z,0.0200,671.90,yes
2026-10-10T05:08:01.551064Z,0.0200,1194.50,yes
2026-10-10T05:08:01.55321Z,0.0200,280.74,yes
2026-10-10T05:08:02.907314Z,0.0200,233.95,yes
2026-10-10T05:08:02.951892Z,0.0200,233.95,yes
2026-10-10T05:08:03.438235Z,0.0200,46.79,yes
2026-10-10T05:08:04.175921Z,0.0200,67.00,yes
2026-10-10T05:08:04.315472Z,0.0200,1871.60,yes
2026-10-10T05:08:05.129128Z,0.0200,9.35,yes
2026-10-10T05:08:05.716558Z,0.0200,136.15,yes
2026-10-10T05:08:05.792352Z,0.0100,16.31,no
2026-10-10T05:08:05.792352Z,0.0100,31.03,no
2026-10-10T05:08:05.946904Z,0.0200,50.00,yes
2026-10-10T05:08:05.954479Z,0.0200,181.07,yes
2026-10-10T05:08:06.012558Z,0.0200,467.90,yes
2026-10-10T05:08:06.066248Z,0.0200,105.27,yes
2026-10-10T05:08:06.134431Z,0.0200,467.90,yes
2026-10-10T05:08:06.329457Z,0.0200,66.00,yes
2026-10-10T05:08:07.126254Z,0.0200,467.90,yes
2026-10-10T05:08:08.37321Z,0.0200,467.90,yes
2026-10-10T05:08:08.376635Z,0.0200,83.75,yes
2026-10-10T05:08:08.603956Z,0.0200,194.17,yes
2026-10-10T05:08:09.168612Z,0.0200,701.85,yes
2026-10-10T05:08:09.187602Z,0.0100,94.69,no
2026-10-10T05:08:10.325505Z,0.0200,1517.87,yes
2026-10-10T05:08:11.404831Z,0.0200,421.11,yes
2026-10-10T05:08:12.050037Z,0.0200,233.95,yes
2026-10-10T05:08:12.259082Z,0.0200,46.79,yes
2026-10-10T05:08:13.431322Z,0.0200,5848.77,yes
2026-10-10T05:08:14.271134Z,0.0200,2339.50,yes
2026-10-10T05:08:14.410478Z,0.0200,233.95,yes
2026-10-10T05:08:14.476499Z,0.0200,9.82,yes
2026-10-10T05:08:14.605668Z,0.0200,93.58,yes
2026-10-10T05:08:14.756134Z,0.0200,74.75,yes
2026-10-10T05:08:14.82799Z,0.0200,26.00,yes
2026-10-10T05:08:15.849731Z,0.0200,555.00,yes
2026-10-10T05:08:16.990582Z,0.0200,469.30,yes
2026-10-10T05:08:17.136292Z,0.0200,561.48,yes
2026-10-10T05:08:17.199552Z,0.0200,2667.04,yes
2026-10-10T05:08:17.573156Z,0.0200,233.95,yes
2026-10-10T05:08:18.082601Z,0.0200,50.00,yes
2026-10-10T05:08:18.423549Z,0.0200,500.65,yes
2026-10-10T05:08:18.435348Z,0.0100,500.00,no
2026-10-10T05:08:18.435348Z,0.0100,177.28,no
2026-10-10T05:08:18.435348Z,0.0100,662.22,no
2026-10-10T05:08:18.435348Z,0.0100,500.00,no
2026-10-10T05:08:18.435348Z,0.0100,500.00,no
2026-10-10T05:08:18.462608Z,0.0100,25.00,no
2026-10-10T05:08:18.462608Z,0.0100,500.00,no
2026-10-10T05:08:18.462608Z,0.0100,125.72,no
2026-10-10T05:08:18.462608Z,0.0100,75.00,no
2026-10-10T05:08:18.462608Z,0.0100,700.00,no
2026-10-10T05:08:18.462608Z,0.0100,25.00,no
2026-10-10T05:08:18.462608Z,0.0100,337.78,no
2026-10-10T05:08:19.032282Z,0.0100,280.74,yes
2026-10-10T05:08:19.251954Z,0.0100,467.59,yes
2026-10-10T05:08:20.113135Z,0.0100,93.51,yes
2026-10-10T05:08:20.434644Z,0.0100,777.00,yes
2026-10-10T05:08:20.778108Z,0.0100,592.66,yes
2026-10-10T05:08:20.778108Z,0.0100,342.53,yes
2026-10-10T05:08:20.900647Z,0.0100,46.79,yes
2026-10-10T05:08:21.348161Z,0.0100,187.03,yes
2026-10-10T05:08:21.487473Z,0.0100,288.97,yes
2026-10-10T05:08:21.603172Z,0.0100,935.19,yes
2026-10-10T05:08:21.741591Z,0.0100,187.03,yes
2026-10-10T05:08:21.802845Z,0.0100,467.59,yes
2026-10-10T05:08:21.905536Z,0.0100,476.94,yes
2026-10-10T05:08:21.947571Z,0.0100,150.00,yes
2026-10-10T05:08:22.212299Z,0.0100,467.59,yes
2026-10-10T05:08:22.27381Z,0.0100,484.85,yes
2026-10-10T05:08:22.27381Z,0.0100,450.34,yes
2026-10-10T05:08:22.693418Z,0.0100,150.00,yes
2026-10-10T05:08:22.919527Z,0.0100,9.35,yes
2026-10-10T05:08:22.987759Z,0.0100,125.74,yes
2026-10-10T05:08:22.987759Z,0.0100,3700.46,yes
2026-10-10T05:08:22.987759Z,0.0100,4000.00,yes
2026-10-10T05:08:22.987759Z,0.0100,3355.80,yes
2026-10-10T05:08:22.987759Z,0.0100,6667.00,yes
2026-10-10T05:08:22.987759Z,0.0100,6668.00,yes
2026-10-10T05:08:22.987759Z,0.0100,9000.00,yes
2026-10-10T05:08:22.987759Z,0.0100,4000.00,yes
2026-10-10T05:08:22.987759Z,0.0100,67.00,yes
2026-10-10T05:08:22.987759Z,0.0100,22.60,yes
2026-10-10T05:08:22.987759Z,0.0100,1.00,yes
2026-10-10T05:08:22.987759Z,0.0100,538.00,yes
2026-10-10T05:08:22.987759Z,0.0100,1160.00,yes
2026-10-10T05:08:22.987759Z,0.0100,218.00,yes
2026-10-10T05:08:22.987759Z,0.0100,0.49,yes
2026-10-10T05:08:22.987759Z,0.0100,31.21,yes
2026-10-10T05:08:22.987759Z,0.0100,25.86,yes
2026-10-10T05:08:22.987759Z,0.0100,134.12,yes
2026-10-10T05:08:22.987759Z,0.0100,58.71,yes
2026-10-10T05:08:22.987759Z,0.0100,70.54,yes
2026-10-10T05:08:22.987759Z,0.0100,67.06,yes
2026-10-10T05:08:22.987759Z,0.0100,248.16,yes
2026-10-10T05:08:22.987759Z,0.0100,67.06,yes
2026-10-10T05:08:22.987759Z,0.0100,26.93,yes
2026-10-10T05:08:22.987759Z,0.0100,27.79,yes
2026-10-10T05:08:22.987759Z,0.0100,3121.39,yes
2026-10-10T05:08:22.987759Z,0.0100,100.00,yes
2026-10-10T05:08:22.987759Z,0.0100,118.37,yes
2026-10-10T05:08:22.987759Z,0.0100,3.01,yes
2026-10-10T05:08:22.987759Z,0.0100,6.70,yes
2026-10-10T05:08:22.987759Z,0.0100,37.12,yes
2026-10-10T05:08:22.987759Z,0.0100,469.30,yes
2026-10-10T05:08:22.987759Z,0.0100,628.40,yes
2026-10-10T05:08:22.987759Z,0.0100,18.87,yes
2026-10-10T05:08:22.987759Z,0.0100,98.40,yes
2026-10-10T05:08:22.987759Z,0.0100,59.02,yes
2026-10-10T05:08:22.987759Z,0.0100,46.79,yes
2026-10-10T05:08:22.987759Z,0.0100,1635.26,yes
2026-10-10T05:08:22.987759Z,0.0100,14.20,yes
2026-10-10T05:08:22.987759Z,0.0100,23.67,yes
2026-10-10T05:08:22.987759Z,0.0100,26.26,yes
2026-10-10T05:08:22.987759Z,0.0100,99.13,yes
2026-10-10T05:08:22.987759Z,0.0100,4.30,yes
2026-10-10T05:08:22.987759Z,0.0100,2.23,yes
2026-10-10T05:08:22.987759Z,0.0100,2245.92,yes
2026-10-10T05:08:22.987759Z,0.0100,960.13,yes
2026-10-10T05:08:23.014712Z,0.0100,17.00,no
2026-10-10T05:08:23.039369Z,0.0200,40.00,yes
2026-10-10T05:08:23.436339Z,0.0200,150.00,yes
2026-10-10T05:08:23.688612Z,0.0200,233.95,yes
2026-10-10T05:08:23.969839Z,0.0200,327.53,yes
2026-10-10T05:08:24.206656Z,0.0200,286.20,yes
2026-10-10T05:08:24.514527Z,0.0200,4679.01,yes
2026-10-10T05:08:25.191418Z,0.0200,3322.10,yes
2026-10-10T05:08:25.275761Z,0.0100,131.34,no
2026-10-10T05:08:26.311256Z,0.0100,23.20,no
2026-10-10T05:08:27.448322Z,0.0200,5.00,yes
2026-10-10T05:08:27.448322Z,0.0200,5000.00,yes
2026-10-10T05:08:27.448322Z,0.0200,25.00,yes
2026-10-10T05:08:27.448322Z,0.0200,765.01,yes
2026-10-10T05:08:27.448322Z,0.0200,17.00,yes
2026-10-10T05:08:27.448322Z,0.0200,500.00,yes
2026-10-10T05:08:27.448322Z,0.0200,500.00,yes
2026-10-10T05:08:27.448322Z,0.0200,500.00,yes
2026-10-10T05:08:27.448322Z,0.0200,1.00,yes
2026-10-10T05:08:27.448322Z,0.0200,18545.91,yes
2026-10-10T05:08:27.448322Z,0.0200,250.00,yes
2026-10-10T05:08:27.450589Z,0.0200,166.00,yes
2026-10-10T05:08:27.916636Z,0.0200,67.00,yes
2026-10-10T05:08:27.918983Z,0.0200,280.74,yes
2026-10-10T05:08:28.079414Z,0.0200,46.79,yes
2026-10-10T05:08:29.206763Z,0.0100,22.56,no
2026-10-10T05:08:29.743372Z,0.0200,233.95,yes
2026-10-10T05:08:29.869262Z,0.0200,80.01,yes
2026-10-10T05:08:31.649978Z,0.0200,467.90,yes
2026-10-10T05:08:31.650493Z,0.0200,233.95,yes
2026-10-10T05:08:32.147506Z,0.0200,1250.00,yes
2026-10-10T05:08:33.328482Z,0.0200,701.85,yes
2026-10-10T05:08:33.611312Z,0.0200,467.90,yes
2026-10-10T05:08:34.763109Z,0.0200,467.90,yes
2026-10-10T05:08:36.98989Z,0.0200,131.34,yes
2026-10-10T05:08:36.98989Z,0.0200,10.00,yes
2026-10-10T05:08:36.98989Z,0.0200,771.26,yes
2026-10-10T05:08:36.98989Z,0.0200,23.20,yes
2026-10-10T05:08:39.028744Z,0.0200,445.34,yes
2026-10-10T05:08:39.028744Z,0.0200,22.56,yes
2026-10-10T05:08:40.34276Z,0.0200,233.95,yes
2026-10-10T05:08:40.663355Z,0.0200,23.39,yes
2026-10-10T05:08:41.467135Z,0.0200,467.90,yes
2026-10-10T05:08:41.467989Z,0.0200,140.37,yes
2026-10-10T05:08:41.922385Z,0.0200,93.58,yes
2026-10-10T05:08:42.263636Z,0.0200,139.90,yes
2026-10-10T05:08:42.768222Z,0.0200,934.80,yes
2026-10-10T05:08:42.768222Z,0.0200,1.00,yes
2026-10-10T05:08:43.349498Z,0.0200,1416.22,yes
2026-10-10T05:08:43.349498Z,0.0200,2560.00,yes
2026-10-10T05:08:44.003322Z,0.0200,280.61,no
2026-10-10T05:08:46.319387Z,0.0300,50.00,yes
2026-10-10T05:08:46.319387Z,0.0300,12.73,yes
2026-10-10T05:08:46.546621Z,0.0300,6.27,yes
2026-10-10T05:08:46.546621Z,0.0300,305.86,yes
2026-10-10T05:08:47.043776Z,0.0300,31.21,yes
2026-10-10T05:08:47.320218Z,0.0300,31.21,yes
2026-10-10T05:08:49.056111Z,0.0300,93.64,yes
2026-10-10T05:08:49.06553Z,0.0300,31.21,yes
2026-10-10T05:08:49.117568Z,0.0300,62.42,yes
2026-10-10T05:08:49.969571Z,0.0300,62.42,yes
2026-10-10T05:08:50.622199Z,0.0300,57.03,yes
2026-10-10T05:08:50.622199Z,0.0300,2.00,yes
2026-10-10T05:08:50.622199Z,0.0300,6.00,yes
2026-10-10T05:08:50.622199Z,0.0300,91.03,yes
2026-10-10T05:08:50.885006Z,0.0300,182.48,yes
2026-10-10T05:08:50.885006Z,0.0300,376.87,yes
2026-10-10T05:08:51.128105Z,0.0300,1030.05,yes
2026-10-10T05:08:51.374731Z,0.0300,75.00,yes
2026-10-10T05:08:51.374731Z,0.0300,124.80,yes
2026-10-10T05:08:51.408263Z,0.0300,499.42,yes
2026-10-10T05:08:51.556163Z,0.0300,3121.39,yes
2026-10-10T05:08:52.709955Z,0.0300,156.06,yes
2026-10-10T05:08:52.971522Z,0.0300,156.06,yes
2026-10-10T05:08:53.30458Z,0.0300,312.13,yes
2026-10-10T05:08:53.479877Z,0.0300,312.13,yes
2026-10-10T05:08:53.738493Z,0.0300,40.00,yes
2026-10-10T05:08:53.912563Z,0.0300,312.13,yes
2026-10-10T05:08:54.404443Z,0.0300,312.13,yes
2026-10-10T05:08:54.432815Z,0.0300,156.06,yes
2026-10-10T05:08:55.138688Z,0.0300,44.94,yes
2026-10-10T05:08:55.435156Z,0.0200,594.00,no
2026-10-10T05:08:55.435156Z,0.0200,11298.17,no
2026-10-10T05:08:55.435156Z,0.0200,2.00,no
2026-10-10T05:08:55.435156Z,0.0200,610.00,no
2026-10-10T05:08:55.435156Z,0.0200,602.00,no
2026-10-10T05:08:55.47063Z,0.0200,23.00,yes
2026-10-10T05:08:55.472Z,0.0200,1.00,yes
2026-10-10T05:08:57.230664Z,0.0200,157.68,yes
2026-10-10T05:08:57.560116Z,0.0200,589.55,yes
2026-10-10T05:08:57.578621Z,0.0200,0.93,yes
2026-10-10T05:08:57.590715Z,0.0200,4679.01,yes
2026-10-10T05:08:57.992874Z,0.0200,935.80,yes
2026-10-10T05:08:58.526725Z,0.0200,140.37,yes
2026-10-10T05:08:59.629694Z,0.0200,261.55,yes
2026-10-10T05:08:59.988155Z,0.0100,62.82,no
2026-10-10T05:09:00.820877Z,0.0200,14.03,yes
2026-10-10T05:09:00.838624Z,0.0200,200.00,yes
2026-10-10T05:09:00.987196Z,0.0200,273.00,yes
2026-10-10T05:09:01.960655Z,0.0200,233.95,yes
2026-10-10T05:09:01.962713Z,0.0200,701.85,yes
2026-10-10T05:09:02.429073Z,0.0200,4679.01,yes
2026-10-10T05:09:02.710494Z,0.0200,467.90,yes
2026-10-10T05:09:02.871199Z,0.0200,133.00,yes
2026-10-10T05:09:03.132413Z,0.0200,474.92,yes
2026-10-10T05:09:03.219023Z,0.0200,93.58,yes
2026-10-10T05:09:03.296066Z,0.0200,46.79,yes
2026-10-10T05:09:03.513551Z,0.0200,93.58,yes
2026-10-10T05:09:03.602698Z,0.0200,233.95,yes
2026-10-10T05:09:04.049832Z,0.0200,46.79,yes
2026-10-10T05:09:04.220628Z,0.0200,233.95,yes
2026-10-10T05:09:06.00878Z,0.0200,233.95,yes
2026-10-10T05:09:06.20374Z,0.0200,25.00,yes
2026-10-10T05:09:07.478149Z,0.0200,120.00,yes
2026-10-10T05:09:07.797465Z,0.0200,111.00,yes
2026-10-10T05:09:08.201741Z,0.0200,467.90,yes
2026-10-10T05:09:08.291702Z,0.0200,77.20,yes
2026-10-10T05:09:08.785151Z,0.0200,1076.17,yes
2026-10-10T05:09:08.848391Z,0.0100,47.69,no
2026-10-10T05:09:09.17118Z,0.0200,133.00,yes
2026-10-10T05:09:09.683202Z,0.0200,46.79,yes
2026-10-10T05:09:09.859842Z,0.0200,374.32,yes
2026-10-10T05:09:10.128629Z,0.0200,12.25,yes
2026-10-10T05:09:10.458616Z,0.0200,187.16,yes
2026-10-10T05:09:10.492984Z,0.0200,935.80,yes
2026-10-10T05:09:11.435482Z,0.0200,33.68,yes
2026-10-10T05:09:11.865474Z,0.0200,46.79,yes
2026-10-10T05:09:11.902279Z,0.0200,935.80,yes
2026-10-10T05:09:12.026242Z,0.0200,1.40,yes
2026-10-10T05:09:12.169491Z,0.0200,100.00,yes
2026-10-10T05:09:12.575675Z,0.0200,3121.39,yes
2026-10-10T05:09:12.634589Z,0.0200,84.22,yes
2026-10-10T05:09:13.057823Z,0.0200,66.00,yes
2026-10-10T05:09:13.500521Z,0.0100,965.19,no
2026-10-10T05:09:13.66749Z,0.0200,1.87,yes
2026-10-10T05:09:13.864396Z,0.0200,49.75,yes
2026-10-10T05:09:13.905588Z,0.0200,14.03,yes
2026-10-10T05:09:14.169371Z,0.0200,29.00,yes
2026-10-10T05:09:14.177616Z,0.0200,1169.75,yes
2026-10-10T05:09:14.405316Z,0.0200,233.95,yes
2026-10-10T05:09:14.848655Z,0.0200,258.74,yes
2026-10-10T05:09:14.891721Z,0.0200,46.79,yes
2026-10-10T05:09:15.008914Z,0.0200,458.54,yes
2026-10-10T05:09:15.746813Z,0.0200,2000.00,yes
2026-10-10T05:09:16.118728Z,0.0200,467.90,yes
2026-10-10T05:09:16.489172Z,0.0200,80.94,yes
2026-10-10T05:09:16.602028Z,0.0200,467.90,yes
2026-10-10T05:09:16.802175Z,0.0200,46.79,yes
2026-10-10T05:09:17.759439Z,0.0200,233.95,yes
2026-10-10T05:09:17.996802Z,0.0200,9.35,yes
2026-10-10T05:09:18.067032Z,0.0200,46.79,yes
2026-10-10T05:09:18.093026Z,0.0200,458.54,yes
2026-10-10T05:09:18.628445Z,0.0200,46.79,yes
2026-10-10T05:09:18.810802Z,0.0100,23.67,no
2026-10-10T05:09:18.983674Z,0.0200,233.95,yes
2026-10-10T05:09:19.051576Z,0.0200,467.90,yes
2026-10-10T05:09:19.55111Z,0.0200,467.90,yes
2026-10-10T05:09:19.593528Z,0.0100,187.03,no
2026-10-10T05:09:19.606608Z,0.0200,200.00,yes
2026-10-10T05:09:20.06566Z,0.0100,34.94,no
2026-10-10T05:09:21.653311Z,0.0200,46.79,yes
2026-10-10T05:09:23.419316Z,0.0200,467.90,yes
2026-10-10T05:09:23.937082Z,0.0200,233.95,yes
2026-10-10T05:09:24.293079Z,0.0200,233.95,yes
2026-10-10T05:09:24.911873Z,0.0200,1.87,yes
2026-10-10T05:09:25.472449Z,0.0200,11.69,yes
2026-10-10T05:09:26.507141Z,0.0200,23.39,yes
2026-10-10T05:09:26.82535Z,0.0200,561.48,yes
2026-10-10T05:09:26.837733Z,0.0200,377.12,yes
2026-10-10T05:09:27.152392Z,0.0200,11697.54,yes
2026-10-10T05:09:28.291291Z,0.0200,93.58,yes
2026-10-10T05:09:28.520999Z,0.0200,233.95,yes
2026-10-10T05:09:28.606201Z,0.0200,46.79,yes
2026-10-10T05:09:29.160924Z,0.0100,17.47,no
2026-10-10T05:09:29.316199Z,0.0200,467.90,yes
2026-10-10T05:09:29.455274Z,0.0200,46.79,yes
2026-10-10T05:09:29.862637Z,0.0200,46.79,yes
2026-10-10T05:09:30.798174Z,0.0200,935.80,yes
2026-10-10T05:09:32.27881Z,0.0200,3.98,yes
2026-10-10T05:09:32.27881Z,0.0200,21.91,yes
2026-10-10T05:09:32.27881Z,0.0200,3.23,yes
2026-10-10T05:09:32.27881Z,0.0200,3.97,yes
2026-10-10T05:09:32.27881Z,0.0200,4.00,yes
2026-10-10T05:09:32.27881Z,0.0200,103.95,yes
2026-10-10T05:09:32.27881Z,0.0200,4.00,yes
2026-10-10T05:09:32.523029Z,0.0200,233.95,yes
2026-10-10T05:09:35.245221Z,0.0200,701.85,yes
2026-10-10T05:09:35.437535Z,0.0200,46.79,yes
2026-10-10T05:09:38.736798Z,0.0200,233.95,yes
2026-10-10T05:09:39.114115Z,0.0200,467.90,yes
2026-10-10T05:09:39.182696Z,0.0200,46.79,yes
2026-10-10T05:09:39.369676Z,0.0200,233.95,yes
2026-10-10T05:09:39.478591Z,0.0100,134.12,no
2026-10-10T05:09:40.410546Z,0.0200,140.37,yes
2026-10-10T05:09:41.954869Z,0.0200,935.80,yes
2026-10-10T05:09:42.52197Z,0.0200,7.95,yes
2026-10-10T05:09:42.597077Z,0.0200,467.90,yes
2026-10-10T05:09:44.231351Z,0.0200,46.79,yes
2026-10-10T05:09:44.257501Z,0.0200,140.37,yes
2026-10-10T05:09:45.887768Z,0.0200,23.39,yes
2026-10-10T05:09:46.976371Z,0.0200,46.79,yes
2026-10-10T05:09:47.178077Z,0.0100,115.68,no
2026-10-10T05:09:47.994945Z,0.0200,233.95,yes
2026-10-10T05:09:48.016265Z,0.0100,18.93,no
2026-10-10T05:09:48.993268Z,0.0200,46.79,yes
2026-10-10T05:09:50.218874Z,0.0200,280.74,yes
2026-10-10T05:09:50.454311Z,0.0200,7215.98,yes
2026-10-10T05:09:50.838247Z,0.0200,459.94,yes
2026-10-10T05:09:51.769424Z,0.0200,275.12,yes
2026-10-10T05:09:52.056464Z,0.0200,93.58,yes
2026-10-10T05:09:53.38176Z,0.0200,93.58,yes
2026-10-10T05:09:53.455141Z,0.0200,233.95,yes
2026-10-10T05:09:53.603442Z,0.0200,61.29,yes
2026-10-10T05:09:54.309461Z,0.0200,23.39,yes
2026-10-10T05:09:54.871871Z,0.0200,327.53,yes
2026-10-10T05:09:56.36038Z,0.0200,187.16,yes
2026-10-10T05:09:56.842554Z,0.0100,233.95,no
2026-10-10T05:09:56.916017Z,0.0200,43.04,yes
2026-10-10T05:09:57.153553Z,0.0200,93.58,yes
2026-10-10T05:09:57.434451Z,0.0200,233.95,yes
2026-10-10T05:09:57.490661Z,0.0200,46.79,yes
2026-10-10T05:09:57.548642Z,0.0200,467.90,yes
2026-10-10T05:09:57.601264Z,0.0200,125.00,yes
2026-10-10T05:09:58.621418Z,0.0200,51.00,yes
2026-10-10T05:09:59.086297Z,0.0200,93.58,yes
2026-10-10T05:10:01.905133Z,0.0200,233.95,yes
2026-10-10T05:10:01.928873Z,0.0200,1169.75,yes
2026-10-10T05:10:02.412067Z,0.0200,701.85,yes
2026-10-10T05:10:02.486134Z,0.0100,2540.38,no
2026-10-10T05:10:03.021498Z,0.0200,499.75,yes
2026-10-10T05:10:04.428295Z,0.0200,1169.75,yes
2026-10-10T05:10:04.754283Z,0.0200,1000.00,yes
2026-10-10T05:10:04.838331Z,0.0200,467.90,yes
2026-10-10T05:10:04.937425Z,0.0100,327.53,no
2026-10-10T05:10:07.912618Z,0.0200,701.85,yes
2026-10-10T05:10:07.943755Z,0.0200,93.58,yes
2026-10-10T05:10:09.165559Z,0.0200,467.90,yes
2026-10-10T05:10:10.512638Z,0.0200,233.95,yes
2026-10-10T05:10:10.611957Z,0.0200,111.00,yes
2026-10-10T05:10:11.426093Z,0.0200,2807.41,yes
2026-10-10T05:10:11.82505Z,0.0100,17.70,no
2026-10-10T05:10:12.857112Z,0.0200,555.00,yes
2026-10-10T05:10:16.432973Z,0.0200,233.95,yes
2026-10-10T05:10:16.606703Z,0.0200,233.95,yes
2026-10-10T05:10:17.713325Z,0.0200,233.95,yes
2026-10-10T05:10:18.404283Z,0.0200,46.79,yes
2026-10-10T05:10:18.953291Z,0.0200,327.53,yes
2026-10-10T05:10:19.006299Z,0.0200,233.95,yes
2026-10-10T05:10:19.106572Z,0.0200,1169.75,yes
2026-10-10T05:10:19.386983Z,0.0200,93.58,yes
2026-10-10T05:10:19.722438Z,0.0200,93.58,yes
2026-10-10T05:10:20.04421Z,0.0200,147.38,yes
2026-10-10T05:10:20.113602Z,0.0100,233.95,no
2026-10-10T05:10:21.004299Z,0.0100,181.90,no
2026-10-10T05:10:21.636067Z,0.0200,32.75,yes
2026-10-10T05:10:22.013147Z,0.0200,211.00,yes
2026-10-10T05:10:22.137119Z,0.0200,935.80,yes
2026-10-10T05:10:23.673128Z,0.0100,46.79,no
2026-10-10T05:10:23.881431Z,0.0200,111.00,yes
2026-10-10T05:10:24.431576Z,0.0200,93.58,yes
2026-10-10T05:10:28.03272Z,0.0200,147.38,yes
2026-10-10T05:10:28.223587Z,0.0200,0.46,yes
2026-10-10T05:10:28.898428Z,0.0200,35.09,yes
2026-10-10T05:10:29.19971Z,0.0200,561.48,yes
2026-10-10T05:10:29.866397Z,0.0200,421.11,yes
2026-10-10T05:10:30.413573Z,0.0100,233.95,no
2026-10-10T05:10:30.561443Z,0.0200,2339.50,yes
2026-10-10T05:10:30.6264Z,0.0200,467.90,yes
2026-10-10T05:10:31.014232Z,0.0100,78.06,no
2026-10-10T05:10:31.888835Z,0.0200,233.95,yes
2026-10-10T05:10:32.315333Z,0.0200,140.37,yes
2026-10-10T05:10:33.397408Z,0.0200,561.48,yes
2026-10-10T05:10:33.845377Z,0.0200,140.37,yes
2026-10-10T05:10:34.553049Z,0.0200,93.58,yes
2026-10-10T05:10:34.719763Z,0.0200,467.90,yes
2026-10-10T05:10:35.21285Z,0.0200,233.95,yes
2026-10-10T05:10:35.311585Z,0.0100,670.62,no
2026-10-10T05:10:37.549786Z,0.0200,2.19,yes
2026-10-10T05:10:37.549786Z,0.0200,31.97,yes
2026-10-10T05:10:37.549786Z,0.0200,2.27,yes
2026-10-10T05:10:37.549786Z,0.0200,2.39,yes
2026-10-10T05:10:37.549786Z,0.0200,2.56,yes
2026-10-10T05:10:37.549786Z,0.0200,3.33,yes
2026-10-10T05:10:37.549786Z,0.0200,3.09,yes
2026-10-10T05:10:37.549786Z,0.0200,3.05,yes
2026-10-10T05:10:37.549786Z,0.0200,2.79,yes
2026-10-10T05:10:37.549786Z,0.0200,3.34,yes
2026-10-10T05:10:37.549786Z,0.0200,176.97,yes
2026-10-10T05:10:39.21844Z,0.0200,1.52,yes
2026-10-10T05:10:39.21844Z,0.0200,1.53,yes
2026-10-10T05:10:39.21844Z,0.0200,438.73,yes
2026-10-10T05:10:39.21844Z,0.0200,1.56,yes
2026-10-10T05:10:39.21844Z,0.0200,1.59,yes
2026-10-10T05:10:39.21844Z,0.0200,1.63,yes
2026-10-10T05:10:39.21844Z,0.0200,1.53,yes
2026-10-10T05:10:39.21844Z,0.0200,1.54,yes
2026-10-10T05:10:39.21844Z,0.0200,2.10,yes
2026-10-10T05:10:39.21844Z,0.0200,1.94,yes
2026-10-10T05:10:39.21844Z,0.0200,1.85,yes
2026-10-10T05:10:39.21844Z,0.0200,1.69,yes
2026-10-10T05:10:39.21844Z,0.0200,1.75,yes
2026-10-10T05:10:39.21844Z,0.0200,2.31,yes
2026-10-10T05:10:39.21844Z,0.0200,2.71,yes
2026-10-10T05:10:39.21844Z,0.0200,2.67,yes
2026-10-10T05:10:39.21844Z,0.0200,2.50,yes
2026-10-10T05:10:39.21844Z,0.0200,30.85,yes
2026-10-10T05:10:40.28636Z,0.0200,22.75,yes
2026-10-10T05:10:44.257031Z,0.0200,20.11,yes
2026-10-10T05:10:45.300558Z,0.0100,12.13,no
2026-10-10T05:10:45.853614Z,0.0200,46.79,yes
2026-10-10T05:10:48.065382Z,0.0200,187.16,yes
2026-10-10T05:10:48.074597Z,0.0100,268.25,no
2026-10-10T05:10:48.44731Z,0.0200,467.90,yes
2026-10-10T05:10:48.802374Z,0.0100,233.95,no
2026-10-10T05:10:49.121256Z,0.0200,701.85,yes
2026-10-10T05:10:50.034636Z,0.0200,25.26,yes
2026-10-10T05:10:50.14682Z,0.0100,187.16,no
2026-10-10T05:10:50.550451Z,0.0200,46.79,yes
2026-10-10T05:10:51.285287Z,0.0200,935.80,yes
2026-10-10T05:10:51.702331Z,0.0100,701.85,no
2026-10-10T05:10:56.551237Z,0.0200,93.58,yes
2026-10-10T05:10:57.578581Z,0.0200,6.55,yes
2026-10-10T05:10:59.195686Z,0.0200,280.74,yes
2026-10-10T05:10:59.874166Z,0.0200,4679.01,yes
2026-10-10T05:11:00.867497Z,0.0200,327.53,yes
2026-10-10T05:11:01.461664Z,0.0200,46.79,yes
2026-10-10T05:11:01.917563Z,0.0200,222.00,yes
2026-10-10T05:11:02.464745Z,0.0100,467.90,no
2026-10-10T05:11:03.72785Z,0.0200,94.04,yes
2026-10-10T05:11:04.810897Z,0.0200,1169.75,yes
2026-10-10T05:11:06.193824Z,0.0100,193.25,no
2026-10-10T05:11:06.193824Z,0.0100,75.00,no
2026-10-10T05:11:06.193836Z,0.0100,233.95,no
2026-10-10T05:11:06.193839Z,0.0100,233.95,no
2026-10-10T05:11:06.193845Z,0.0100,701.85,no
2026-10-10T05:11:06.193856Z,0.0100,33.62,no
2026-10-10T05:11:06.193856Z,0.0100,637.00,no
2026-10-10T05:11:06.193863Z,0.0100,187.16,no
2026-10-10T05:11:06.193885Z,0.0100,82.22,no
2026-10-10T05:11:06.193885Z,0.0100,500.00,no
2026-10-10T05:11:06.193885Z,0.0100,500.00,no
2026-10-10T05:11:06.193885Z,0.0100,500.00,no
2026-10-10T05:11:06.193885Z,0.0100,25.00,no
2026-10-10T05:11:06.193885Z,0.0100,933.16,no
2026-10-10T05:11:06.193887Z,0.0100,28.25,no
2026-10-10T05:11:06.193887Z,0.0100,49.81,no
2026-10-10T05:11:06.193897Z,0.0100,181.90,no
2026-10-10T05:11:06.194006Z,0.0100,233.95,no
2026-10-10T05:11:06.194013Z,0.0100,17.47,no
2026-10-10T05:11:06.194027Z,0.0100,115.68,no
2026-10-10T05:11:06.194053Z,0.0100,34.94,no
2026-10-10T05:11:06.194053Z,0.0100,18.93,no
2026-10-10T05:11:06.194073Z,0.0100,283.34,no
2026-10-10T05:11:06.194073Z,0.0100,187.03,no
2026-10-10T05:11:06.194073Z,0.0100,681.85,no
2026-10-10T05:11:06.194076Z,0.0100,17.29,no
2026-10-10T05:11:06.194076Z,0.0100,216.66,no
2026-10-10T05:11:06.194083Z,0.0100,23.67,no
2026-10-10T05:11:06.194102Z,0.0100,327.53,no
2026-10-10T05:11:06.194116Z,0.0100,467.90,no
2026-10-10T05:11:06.19411Z,0.0100,47.69,no
2026-10-10T05:11:06.194126Z,0.0100,46.79,no
2026-10-10T05:11:06.194132Z,0.0100,17.70,no
2026-10-10T05:11:06.194148Z,0.0100,12.13,no
2026-10-10T05:11:06.194166Z,0.0100,134.12,no
2026-10-10T05:11:06.282392Z,0.0100,1000.00,no
2026-10-10T05:11:06.282392Z,0.0100,1250.18,no
2026-10-10T05:11:06.503491Z,0.0100,46.79,yes
2026-10-10T05:11:06.694601Z,0.0100,234.00,yes
2026-10-10T05:11:06.694601Z,0.0100,5182.03,yes
2026-10-10T05:11:06.694601Z,0.0100,637.00,yes
2026-10-10T05:11:06.694601Z,0.0100,234.00,yes
2026-10-10T05:11:06.694601Z,0.0100,9000.00,yes
2026-10-10T05:11:06.694601Z,0.0100,702.00,yes
2026-10-10T05:11:06.694601Z,0.0100,193.00,yes
2026-10-10T05:11:07.759252Z,0.0200,935.80,yes
2026-10-10T05:11:09.356281Z,0.0200,140.37,yes
2026-10-10T05:11:09.77481Z,0.0200,1.87,yes
2026-10-10T05:11:10.491637Z,0.0200,233.95,yes
2026-10-10T05:11:10.963924Z,0.0200,46.79,yes
2026-10-10T05:11:11.0137Z,0.0200,46.79,yes
2026-10-10T05:11:12.959537Z,0.0200,93.58,yes
2026-10-10T05:11:14.159389Z,0.0100,18.71,no
2026-10-10T05:11:14.434149Z,0.0200,123.00,yes
2026-10-10T05:11:19.60628Z,0.0100,277.96,no
2026-10-10T05:11:20.514322Z,0.0200,140.37,yes
2026-10-10T05:11:20.728695Z,0.0200,6.00,yes
2026-10-10T05:11:21.304086Z,0.0200,467.90,yes
2026-10-10T05:11:23.67649Z,0.0200,233.95,yes
2026-10-10T05:11:24.166115Z,0.0200,233.95,yes
2026-10-10T05:11:24.933693Z,0.0200,467.90,yes
2026-10-10T05:11:29.670483Z,0.0200,482.87,yes
2026-10-10T05:11:30.239704Z,0.0200,93.58,yes
2026-10-10T05:11:32.446479Z,0.0200,467.90,yes
2026-10-10T05:11:33.426992Z,0.0200,154.40,yes
2026-10-10T05:11:34.259859Z,0.0200,46.79,yes
2026-10-10T05:11:35.452135Z,0.0100,10.09,no
2026-10-10T05:11:35.891246Z,0.0100,47.34,no
2026-10-10T05:11:36.680373Z,0.0200,249.75,yes
2026-10-10T05:11:38.907592Z,0.0200,233.95,yes
2026-10-10T05:11:41.449172Z,0.0200,233.95,yes
2026-10-10T05:11:41.878088Z,0.0200,1145.59,yes
2026-10-10T05:11:41.878088Z,0.0200,5000.00,yes
2026-10-10T05:11:41.878088Z,0.0200,982.97,yes
2026-10-10T05:11:41.878088Z,0.0200,25.00,yes
2026-10-10T05:11:41.878088Z,0.0200,1.56,yes
2026-10-10T05:11:41.878088Z,0.0200,1.71,yes
2026-10-10T05:11:41.878088Z,0.0200,2.70,yes
2026-10-10T05:11:41.878088Z,0.0200,2.86,yes
2026-10-10T05:11:41.878088Z,0.0200,3.17,yes
2026-10-10T05:11:41.878088Z,0.0200,2.44,yes
2026-10-10T05:11:41.878088Z,0.0200,1.40,yes
2026-10-10T05:11:41.878088Z,0.0200,1.36,yes
2026-10-10T05:11:41.878088Z,0.0200,1.47,yes
2026-10-10T05:11:41.878088Z,0.0200,2.51,yes
2026-10-10T05:11:41.878088Z,0.0200,2.82,yes
2026-10-10T05:11:41.878088Z,0.0200,1.99,yes
2026-10-10T05:11:41.878088Z,0.0200,2.62,yes
2026-10-10T05:11:41.878088Z,0.0200,1000.00,yes
2026-10-10T05:11:41.878088Z,0.0200,4000.00,yes
2026-10-10T05:11:41.878088Z,0.0200,2.26,yes
2026-10-10T05:11:41.878088Z,0.0200,2.65,yes
2026-10-10T05:11:41.878088Z,0.0200,2.03,yes
2026-10-10T05:11:41.878088Z,0.0200,2.29,yes
2026-10-10T05:11:41.878088Z,0.0200,2.43,yes
2026-10-10T05:11:41.878088Z,0.0200,3.04,yes
2026-10-10T05:11:41.878088Z,0.0200,2.03,yes
2026-10-10T05:11:41.878088Z,0.0200,2.41,yes
2026-10-10T05:11:41.878088Z,0.0200,2.35,yes
2026-10-10T05:11:41.878088Z,0.0200,2.75,yes
2026-10-10T05:11:41.878088Z,0.0200,1.90,yes
2026-10-10T05:11:41.878088Z,0.0200,1.62,yes
2026-10-10T05:11:41.878088Z,0.0200,1.73,yes
2026-10-10T05:11:41.878088Z,0.0200,2.15,yes
2026-10-10T05:11:41.878088Z,0.0200,2.45,yes
2026-10-10T05:11:41.878088Z,0.0200,2.48,yes
2026-10-10T05:11:41.878088Z,0.0200,2.40,yes
2026-10-10T05:11:41.878088Z,0.0200,2.15,yes
2026-10-10T05:11:41.878088Z,0.0200,3.32,yes
2026-10-10T05:11:41.878088Z,0.0200,2.77,yes
2026-10-10T05:11:41.878088Z,0.0200,2.21,yes
2026-10-10T05:11:41.878088Z,0.0200,3.29,yes
2026-10-10T05:11:41.878088Z,0.0200,2.82,yes
2026-10-10T05:11:41.878088Z,0.0200,3.81,yes
2026-10-10T05:11:41.878088Z,0.0200,3.62,yes
2026-10-10T05:11:41.878088Z,0.0200,2.34,yes
2026-10-10T05:11:41.878088Z,0.0200,2.05,yes
2026-10-10T05:11:41.878088Z,0.0200,1000.00,yes
2026-10-10T05:11:41.878088Z,0.0200,1500.00,yes
2026-10-10T05:11:41.878088Z,0.0200,1500.00,yes
2026-10-10T05:11:41.878088Z,0.0200,782.35,yes
2026-10-10T05:11:42.588712Z,0.0300,293.13,yes
2026-10-10T05:11:42.588712Z,0.0300,19.00,yes
2026-10-10T05:11:43.896546Z,0.0300,62.42,yes
2026-10-10T05:11:44.318072Z,0.0300,15.60,yes
2026-10-10T05:11:45.301385Z,0.0300,30.90,yes
2026-10-10T05:11:45.742881Z,0.0200,327.40,no
2026-10-10T05:11:46.813212Z,0.0300,62.42,yes
2026-10-10T05:11:47.19053Z,0.0300,135.53,yes
2026-10-10T05:11:47.19053Z,0.0300,1.00,yes
2026-10-10T05:11:47.19053Z,0.0300,5.00,yes
2026-10-10T05:11:47.19053Z,0.0300,211.26,yes
2026-10-10T05:11:47.19053Z,0.0300,2.12,yes
2026-10-10T05:11:47.19053Z,0.0300,2.12,yes
2026-10-10T05:11:47.19053Z,0.0300,2.12,yes
2026-10-10T05:11:47.19053Z,0.0300,2.11,yes
2026-10-10T05:11:47.19053Z,0.0300,2.11,yes
2026-10-10T05:11:47.19053Z,0.0300,2.12,yes
2026-10-10T05:11:47.19053Z,0.0300,2.11,yes
2026-10-10T05:11:47.19053Z,0.0300,2.00,yes
2026-10-10T05:11:47.19053Z,0.0300,2.08,yes
2026-10-10T05:11:47.19053Z,0.0300,2.09,yes
2026-10-10T05:11:47.19053Z,0.0300,2.11,yes
2026-10-10T05:11:47.19053Z,0.0300,1.92,yes
2026-10-10T05:11:47.19053Z,0.0300,2.12,yes
2026-10-10T05:11:47.19053Z,0.0300,2.05,yes
2026-10-10T05:11:47.19053Z,0.0300,1.82,yes
2026-10-10T05:11:47.19053Z,0.0300,75.96,yes
2026-10-10T05:11:47.19053Z,0.0300,2.12,yes
2026-10-10T05:11:47.19053Z,0.0300,2.11,yes
2026-10-10T05:11:47.19053Z,0.0300,2.11,yes
2026-10-10T05:11:47.19053Z,0.0300,2.11,yes
2026-10-10T05:11:48.027744Z,0.0300,156.06,yes
2026-10-10T05:11:48.303356Z,0.0300,31.21,yes
2026-10-10T05:11:48.378505Z,0.0200,19.00,no
2026-10-10T05:11:49.739078Z,0.0300,31.21,yes
2026-10-10T05:11:50.117649Z,0.0300,156.06,yes
2026-10-10T05:11:50.737938Z,0.0200,75.00,no
2026-10-10T05:11:50.737938Z,0.0200,46.99,no
2026-10-10T05:11:50.753435Z,0.0200,47.32,no
2026-10-10T05:11:51.182593Z,0.0300,312.13,yes
2026-10-10T05:11:51.580511Z,0.0300,31.21,yes
2026-10-10T05:11:52.175742Z,0.0300,156.06,yes
2026-10-10T05:11:52.655236Z,0.0300,8888.00,yes
2026-10-10T05:11:53.42414Z,0.0300,156.06,yes
2026-10-10T05:11:56.903631Z,0.0300,27.00,yes
2026-10-10T05:11:56.925112Z,0.0300,93.64,yes
2026-10-10T05:11:57.122345Z,0.0300,312.13,yes
2026-10-10T05:11:57.230265Z,0.0300,156.06,yes
2026-10-10T05:11:57.555448Z,0.0200,1.00,no
2026-10-10T05:11:58.178182Z,0.0300,157.94,yes
2026-10-10T05:11:58.693747Z,0.0300,312.13,yes
2026-10-10T05:11:58.796471Z,0.0300,218.49,yes
2026-10-10T05:11:59.205635Z,0.0300,312.13,yes
2026-10-10T05:12:00.038533Z,0.0300,624.27,yes
2026-10-10T05:12:00.542446Z,0.0300,3.12,yes
2026-10-10T05:12:00.88483Z,0.0300,374.56,yes
2026-10-10T05:12:01.055127Z,0.0300,156.06,yes
2026-10-10T05:12:01.248233Z,0.0300,312.13,yes
2026-10-10T05:12:03.889504Z,0.0300,156.06,yes
2026-10-10T05:12:04.455133Z,0.0300,63.05,yes
2026-10-10T05:12:05.274161Z,0.0300,3121.39,yes
2026-10-10T05:12:05.511919Z,0.0300,312.13,yes
2026-10-10T05:12:05.56534Z,0.0300,15.60,yes
2026-10-10T05:12:07.420248Z,0.0300,79.59,yes
2026-10-10T05:12:07.659657Z,0.0300,18.72,yes
2026-10-10T05:12:07.979264Z,0.0300,530.63,yes
2026-10-10T05:12:08.005714Z,0.0200,46.79,no
2026-10-10T05:12:08.941107Z,0.0300,127.66,yes
2026-10-10T05:12:10.370361Z,0.0300,31.21,yes
2026-10-10T05:12:10.593607Z,0.0300,112.05,yes
2026-10-10T05:12:11.392017Z,0.0300,7.80,yes
2026-10-10T05:12:12.178147Z,0.0300,218.49,yes
2026-10-10T05:12:12.619396Z,0.0300,156.06,yes
2026-10-10T05:12:15.539081Z,0.0200,9.02,no
2026-10-10T05:12:15.859646Z,0.0300,170.11,yes
2026-10-10T05:12:16.330418Z,0.0200,76.99,no
2026-10-10T05:12:16.330418Z,0.0200,811.95,no
2026-10-10T05:12:16.438154Z,0.0300,156.06,yes
2026-10-10T05:12:16.47054Z,0.0300,9.80,yes
2026-10-10T05:12:17.033418Z,0.0300,624.27,yes
2026-10-10T05:12:17.386221Z,0.0200,300.00,no
2026-10-10T05:12:17.650535Z,0.0300,673.59,yes
2026-10-10T05:12:17.652096Z,0.0300,27.46,yes
2026-10-10T05:12:17.680131Z,0.0200,75.00,no
2026-10-10T05:12:17.680131Z,0.0200,158.95,no
2026-10-10T05:12:17.749179Z,0.0300,530.63,yes
2026-10-10T05:12:17.782566Z,0.0300,99.80,yes
2026-10-10T05:12:18.84383Z,0.0300,312.13,yes
2026-10-10T05:12:18.949933Z,0.0200,59.07,no
2026-10-10T05:12:18.949933Z,0.0200,75.05,no
2026-10-10T05:12:19.025227Z,0.0300,62.33,yes
2026-10-10T05:12:20.332015Z,0.0200,62.42,no
2026-10-10T05:12:20.923047Z,0.0300,62.42,yes
2026-10-10T05:12:21.37505Z,0.0300,15.60,yes
2026-10-10T05:12:21.399404Z,0.0300,780.34,yes
2026-10-10T05:12:21.913157Z,0.0300,45.26,yes
2026-10-10T05:12:22.972417Z,0.0300,166.00,yes
2026-10-10T05:12:23.194184Z,0.0300,156.06,yes
2026-10-10T05:12:23.271558Z,0.0300,156.06,yes
2026-10-10T05:12:23.412252Z,0.0300,11.23,yes
2026-10-10T05:12:23.471679Z,0.0300,312.13,yes
2026-10-10T05:12:23.658598Z,0.0300,3121.39,yes
2026-10-10T05:12:25.458218Z,0.0300,31.21,yes
2026-10-10T05:12:25.543821Z,0.0300,624.27,yes
2026-10-10T05:12:25.806407Z,0.0300,156.06,yes
2026-10-10T05:12:25.839582Z,0.0300,312.13,yes
2026-10-10T05:12:27.131252Z,0.0300,93.64,yes
2026-10-10T05:12:27.250915Z,0.0300,312.13,yes
2026-10-10T05:12:28.902404Z,0.0200,20.21,no
2026-10-10T05:12:30.224636Z,0.0300,31.21,yes
2026-10-10T05:12:31.350425Z,0.0300,156.06,yes
2026-10-10T05:12:31.48517Z,0.0300,468.20,yes
2026-10-10T05:12:32.071997Z,0.0300,300.00,yes
2026-10-10T05:12:32.220152Z,0.0300,6.24,yes
2026-10-10T05:12:32.408375Z,0.0300,62.42,yes
2026-10-10T05:12:33.489376Z,0.0300,44.32,yes
2026-10-10T05:12:34.019955Z,0.0300,2392.85,yes
2026-10-10T05:12:35.446713Z,0.0300,16.00,yes
2026-10-10T05:12:35.964604Z,0.0300,158.25,yes
2026-10-10T05:12:36.08123Z,0.0300,780.34,yes
2026-10-10T05:12:36.200396Z,0.0300,156.06,yes
2026-10-10T05:12:36.715222Z,0.0300,31.21,yes
2026-10-10T05:12:36.75079Z,0.0300,0.31,yes
2026-10-10T05:12:37.237285Z,0.0200,399.80,no
2026-10-10T05:12:37.279961Z,0.0300,49.94,yes
2026-10-10T05:12:38.154117Z,0.0300,68.04,yes
2026-10-10T05:12:38.271478Z,0.0300,156.06,yes
2026-10-10T05:12:39.066638Z,0.0300,1666.00,yes
2026-10-10T05:12:39.771558Z,0.0200,4.51,no
2026-10-10T05:12:40.586555Z,0.0300,156.06,yes
2026-10-10T05:12:40.711487Z,0.0300,468.20,yes
2026-10-10T05:12:40.930501Z,0.0300,31.21,yes
2026-10-10T05:12:41.413426Z,0.0300,100.00,yes
2026-10-10T05:12:41.645047Z,0.0300,28.09,yes
2026-10-10T05:12:41.873082Z,0.0300,312.13,yes
2026-10-10T05:12:41.87574Z,0.0300,156.06,yes
2026-10-10T05:12:42.081188Z,0.0300,312.13,yes
2026-10-10T05:12:42.181783Z,0.0300,468.20,yes
2026-10-10T05:12:42.778834Z,0.0300,62.42,yes
2026-10-10T05:12:42.804782Z,0.0300,156.06,yes
2026-10-10T05:12:42.958954Z,0.0300,116.00,yes
2026-10-10T05:12:43.023578Z,0.0300,124.85,yes
2026-10-10T05:12:43.498544Z,0.0300,312.13,yes
2026-10-10T05:12:43.864845Z,0.0300,156.06,yes
2026-10-10T05:12:43.900474Z,0.0300,62.42,yes
2026-10-10T05:12:44.347736Z,0.0300,46.82,yes
2026-10-10T05:12:44.456666Z,0.0300,15.60,yes
2026-10-10T05:12:44.55461Z,0.0300,780.34,yes
2026-10-10T05:12:44.610495Z,0.0300,62.42,yes
2026-10-10T05:12:45.358472Z,0.0300,9.36,yes
2026-10-10T05:12:46.06017Z,0.0300,15.60,yes
2026-10-10T05:12:46.087135Z,0.0300,40.89,yes
2026-10-10T05:12:46.166453Z,0.0300,468.20,yes
2026-10-10T05:12:46.426538Z,0.0300,170.11,yes
2026-10-10T05:12:48.129638Z,0.0300,2.80,yes
2026-10-10T05:12:48.333652Z,0.0300,31.21,yes
2026-10-10T05:12:48.582111Z,0.0300,1560.69,yes
2026-10-10T05:12:48.918634Z,0.0300,62.42,yes
2026-10-10T05:12:48.968962Z,0.0300,1560.69,yes
2026-10-10T05:12:50.165052Z,0.0300,1.93,yes
2026-10-10T05:12:50.165052Z,0.0300,2.03,yes
2026-10-10T05:12:50.165052Z,0.0300,68.80,yes
2026-10-10T05:12:50.165052Z,0.0300,2.13,yes
2026-10-10T05:12:50.165052Z,0.0300,2.06,yes
2026-10-10T05:12:50.165052Z,0.0300,2.25,yes
2026-10-10T05:12:50.165052Z,0.0300,2.21,yes
2026-10-10T05:12:50.165052Z,0.0300,2.33,yes
2026-10-10T05:12:50.165052Z,0.0300,1.88,yes
2026-10-10T05:12:50.165052Z,0.0300,1.88,yes
2026-10-10T05:12:50.165052Z,0.0300,1.93,yes
2026-10-10T05:12:50.165052Z,0.0300,1.88,yes
2026-10-10T05:12:50.165052Z,0.0300,2.68,yes
2026-10-10T05:12:50.165052Z,0.0300,1.87,yes
2026-10-10T05:12:50.165052Z,0.0300,1.88,yes
2026-10-10T05:12:50.165052Z,0.0300,1.88,yes
2026-10-10T05:12:50.165052Z,0.0300,1.88,yes
2026-10-10T05:12:50.165052Z,0.0300,1.91,yes
2026-10-10T05:12:50.165052Z,0.0300,1.88,yes
2026-10-10T05:12:50.165052Z,0.0300,1.96,yes
2026-10-10T05:12:50.165052Z,0.0300,2.17,yes
2026-10-10T05:12:50.165052Z,0.0300,1.88,yes
2026-10-10T05:12:50.165052Z,0.0300,1.88,yes
2026-10-10T05:12:50.165052Z,0.0300,2.52,yes
2026-10-10T05:12:50.165052Z,0.0300,1.90,yes
2026-10-10T05:12:50.165052Z,0.0300,1.89,yes
2026-10-10T05:12:50.165052Z,0.0300,1.89,yes
2026-10-10T05:12:50.165052Z,0.0300,2.01,yes
2026-10-10T05:12:50.165052Z,0.0300,1.88,yes
2026-10-10T05:12:50.165052Z,0.0300,1.88,yes
2026-10-10T05:12:50.165052Z,0.0300,1.88,yes
2026-10-10T05:12:50.165052Z,0.0300,1.88,yes
2026-10-10T05:12:50.165052Z,0.0300,1.87,yes
2026-10-10T05:12:50.165052Z,0.0300,1.88,yes
2026-10-10T05:12:50.165052Z,0.0300,1.88,yes
2026-10-10T05:12:50.165052Z,0.0300,2.15,yes
2026-10-10T05:12:50.165052Z,0.0300,1.88,yes
2026-10-10T05:12:50.165052Z,0.0300,2.07,yes
2026-10-10T05:12:50.165052Z,0.0300,2.55,yes
2026-10-10T05:12:50.165052Z,0.0300,2.54,yes
2026-10-10T05:12:50.165052Z,0.0300,2.24,yes
2026-10-10T05:12:50.165052Z,0.0300,2.23,yes
2026-10-10T05:12:50.165052Z,0.0300,1.93,yes
2026-10-10T05:12:50.165052Z,0.0300,1.93,yes
2026-10-10T05:12:50.232431Z,0.0300,141.05,yes
2026-10-10T05:12:50.232431Z,0.0300,1.55,yes
2026-10-10T05:12:50.232431Z,0.0300,1.57,yes
2026-10-10T05:12:50.232431Z,0.0300,69.00,yes
2026-10-10T05:12:50.232431Z,0.0300,1.36,yes
2026-10-10T05:12:50.232431Z,0.0300,1.33,yes
2026-10-10T05:12:50.232431Z,0.0300,1.59,yes
2026-10-10T05:12:50.232431Z,0.0300,1.43,yes
2026-10-10T05:12:50.232431Z,0.0300,1.70,yes
2026-10-10T05:12:50.232431Z,0.0300,1.50,yes
2026-10-10T05:12:50.232431Z,0.0300,75.00,yes
2026-10-10T05:12:50.232431Z,0.0300,2.40,yes
2026-10-10T05:12:50.232431Z,0.0300,2.07,yes
2026-10-10T05:12:50.232431Z,0.0300,3.00,yes
2026-10-10T05:12:50.232431Z,0.0300,2.74,yes
2026-10-10T05:12:50.232431Z,0.0300,431.20,yes
2026-10-10T05:12:50.232431Z,0.0300,2.13,yes
2026-10-10T05:12:50.232431Z,0.0300,2.20,yes
2026-10-10T05:12:50.232431Z,0.0300,2.24,yes
2026-10-10T05:12:50.232431Z,0.0300,2.38,yes
2026-10-10T05:12:50.232431Z,0.0300,2.02,yes
2026-10-10T05:12:50.232431Z,0.0300,2.09,yes
2026-10-10T05:12:50.232431Z,0.0300,1.89,yes
2026-10-10T05:12:50.232431Z,0.0300,2.00,yes
2026-10-10T05:12:50.232431Z,0.0300,2.12,yes
2026-10-10T05:12:50.232431Z,0.0300,2.16,yes
2026-10-10T05:12:50.232431Z,0.0300,2.26,yes
2026-10-10T05:12:50.232431Z,0.0300,2.19,yes
2026-10-10T05:12:50.232431Z,0.0300,1.72,yes
2026-10-10T05:12:50.232431Z,0.0300,2.00,yes
2026-10-10T05:12:50.232431Z,0.0300,1.99,yes
2026-10-10T05:12:50.232431Z,0.0300,1.75,yes
2026-10-10T05:12:50.232431Z,0.0300,1.77,yes
2026-10-10T05:12:50.232431Z,0.0300,1.98,yes
2026-10-10T05:12:50.232431Z,0.0300,1.82,yes
2026-10-10T05:12:50.232431Z,0.0300,1.74,yes
2026-10-10T05:12:50.232431Z,0.0300,2.01,yes
2026-10-10T05:12:50.232431Z,0.0300,1.90,yes
2026-10-10T05:12:50.232431Z,0.0300,1.61,yes
2026-10-10T05:12:50.232431Z,0.0300,1.52,yes
2026-10-10T05:12:50.232431Z,0.0300,1.75,yes
2026-10-10T05:12:50.232431Z,0.0300,1.88,yes
2026-10-10T05:12:50.232431Z,0.0300,1.88,yes
2026-10-10T05:12:50.232431Z,0.0300,1.84,yes
2026-10-10T05:12:50.232431Z,0.0300,1.69,yes
2026-10-10T05:12:50.232431Z,0.0300,2.13,yes
2026-10-10T05:12:50.232431Z,0.0300,1.99,yes
2026-10-10T05:12:50.232431Z,0.0300,2.02,yes
2026-10-10T05:12:50.232431Z,0.0300,2.17,yes
2026-10-10T05:12:50.232431Z,0.0300,2.20,yes
2026-10-10T05:12:50.232431Z,0.0300,2.06,yes
2026-10-10T05:12:50.232431Z,0.0300,2.10,yes
2026-10-10T05:12:50.232431Z,0.0300,2.00,yes
2026-10-10T05:12:50.232431Z,0.0300,1.83,yes
2026-10-10T05:12:50.232431Z,0.0300,2.21,yes
2026-10-10T05:12:50.232431Z,0.0300,2.18,yes
2026-10-10T05:12:50.232431Z,0.0300,2.05,yes
2026-10-10T05:12:50.232431Z,0.0300,1.97,yes
2026-10-10T05:12:50.232431Z,0.0300,1.92,yes
2026-10-10T05:12:50.232431Z,0.0300,2.26,yes
2026-10-10T05:12:50.232431Z,0.0300,2.06,yes
2026-10-10T05:12:50.232431Z,0.0300,2.08,yes
2026-10-10T05:12:50.232431Z,0.0300,2.14,yes
2026-10-10T05:12:50.232431Z,0.0300,2.45,yes
2026-10-10T05:12:50.232431Z,0.0300,2.06,yes
2026-10-10T05:12:50.232431Z,0.0300,2.28,yes
2026-10-10T05:12:50.232431Z,0.0300,2.16,yes
2026-10-10T05:12:50.232431Z,0.0300,2.33,yes
2026-10-10T05:12:50.232431Z,0.0300,1.98,yes
2026-10-10T05:12:50.232431Z,0.0300,2.08,yes
2026-10-10T05:12:50.232431Z,0.0300,1.90,yes
2026-10-10T05:12:50.232431Z,0.0300,2.32,yes
2026-10-10T05:12:50.232431Z,0.0300,2.18,yes
2026-10-10T05:12:50.232431Z,0.0300,2.02,yes
2026-10-10T05:12:50.232431Z,0.0300,2.17,yes
2026-10-10T05:12:50.232431Z,0.0300,2.51,yes
2026-10-10T05:12:50.232431Z,0.0300,2.25,yes
2026-10-10T05:12:50.232431Z,0.0300,2.64,yes
2026-10-10T05:12:50.232431Z,0.0300,2.16,yes
2026-10-10T05:12:50.232431Z,0.0300,2.74,yes
2026-10-10T05:12:50.232431Z,0.0300,2.51,yes
2026-10-10T05:12:50.232431Z,0.0300,2.31,yes
2026-10-10T05:12:50.232431Z,0.0300,2.30,yes
2026-10-10T05:12:50.232431Z,0.0300,2.47,yes
2026-10-10T05:12:50.232431Z,0.0300,2.37,yes
2026-10-10T05:12:50.232431Z,0.0300,2.86,yes
2026-10-10T05:12:50.232431Z,0.0300,2.66,yes
2026-10-10T05:12:50.232431Z,0.0300,1.79,yes
2026-10-10T05:12:50.232431Z,0.0300,1.80,yes
2026-10-10T05:12:50.232431Z,0.0300,1.80,yes
2026-10-10T05:12:50.232431Z,0.0300,1.81,yes
2026-10-10T05:12:50.232431Z,0.0300,1.84,yes
2026-10-10T05:12:50.232431Z,0.0300,1.87,yes
2026-10-10T05:12:50.232431Z,0.0300,1.94,yes
2026-10-10T05:12:50.232431Z,0.0300,1.77,yes
2026-10-10T05:12:50.232431Z,0.0300,2.03,yes
2026-10-10T05:12:50.232431Z,0.0300,2.03,yes
2026-10-10T05:12:50.232431Z,0.0300,1.80,yes
2026-10-10T05:12:50.232431Z,0.0300,1.83,yes
2026-10-10T05:12:50.232431Z,0.0300,26.00,yes
2026-10-10T05:12:52.141527Z,0.0300,83.00,yes
2026-10-10T05:12:52.338141Z,0.0300,93.64,yes
2026-10-10T05:12:52.757127Z,0.0300,312.13,yes
2026-10-10T05:12:53.245642Z,0.0300,312.13,yes
2026-10-10T05:12:53.655757Z,0.0300,93.64,yes
2026-10-10T05:12:56.156155Z,0.0300,93.64,yes
2026-10-10T05:12:56.269652Z,0.0300,24.65,yes
2026-10-10T05:12:56.971369Z,0.0300,156.06,yes
2026-10-10T05:12:57.427091Z,0.0300,156.06,yes
2026-10-10T05:12:57.649845Z,0.0300,936.41,yes
2026-10-10T05:12:59.343147Z,0.0300,21.00,yes
2026-10-10T05:12:59.62356Z,0.0300,780.34,yes
2026-10-10T05:13:02.162855Z,0.0300,312.13,yes
2026-10-10T05:13:02.999566Z,0.0300,156.06,yes
2026-10-10T05:13:03.205928Z,0.0300,62.42,yes
2026-10-10T05:13:04.976049Z,0.0300,156.06,yes
2026-10-10T05:13:06.303378Z,0.0300,312.13,yes
2026-10-10T05:13:06.402579Z,0.0200,4.73,no
2026-10-10T05:13:07.063134Z,0.0300,78.03,yes
2026-10-10T05:13:07.948716Z,0.0300,31.21,yes
2026-10-10T05:13:08.136208Z,0.0300,312.13,yes
2026-10-10T05:13:08.283395Z,0.0300,468.20,yes
2026-10-10T05:13:09.034135Z,0.0300,62.42,yes
2026-10-10T05:13:09.074707Z,0.0300,4.68,yes
2026-10-10T05:13:09.378966Z,0.0200,27.76,no
2026-10-10T05:13:09.844508Z,0.0300,62.42,yes
2026-10-10T05:13:12.179394Z,0.0300,312.13,yes
2026-10-10T05:13:13.826892Z,0.0300,62.42,yes
2026-10-10T05:13:15.953236Z,0.0300,156.06,yes
2026-10-10T05:13:16.703081Z,0.0300,156.06,yes
2026-10-10T05:13:17.807484Z,0.0300,62.33,yes
2026-10-10T05:13:18.420154Z,0.0300,156.06,yes
2026-10-10T05:13:18.672593Z,0.0300,31.21,yes
2026-10-10T05:13:18.683514Z,0.0300,312.13,yes
2026-10-10T05:13:18.998148Z,0.0300,312.13,yes
2026-10-10T05:13:20.24379Z,0.0300,31.21,yes
2026-10-10T05:13:22.190643Z,0.0300,13.42,yes
2026-10-10T05:13:22.887295Z,0.0300,123.29,yes
2026-10-10T05:13:24.289344Z,0.0200,23.42,no
2026-10-10T05:13:25.231334Z,0.0300,71.47,yes
2026-10-10T05:13:25.31356Z,0.0300,624.27,yes
2026-10-10T05:13:26.040862Z,0.0300,156.06,yes
2026-10-10T05:13:26.132148Z,0.0300,156.06,yes
2026-10-10T05:13:27.187181Z,0.0300,62.42,yes
2026-10-10T05:13:27.367636Z,0.0300,312.13,yes
2026-10-10T05:13:27.669728Z,0.0300,62.73,yes
2026-10-10T05:13:27.876175Z,0.0300,312.13,yes
2026-10-10T05:13:28.641739Z,0.0300,1666.00,yes
2026-10-10T05:13:28.883875Z,0.0200,93.58,no
2026-10-10T05:13:28.888774Z,0.0300,185.49,yes
2026-10-10T05:13:28.888774Z,0.0300,126.64,yes
2026-10-10T05:13:29.141854Z,0.0200,467.59,no
2026-10-10T05:13:29.912994Z,0.0300,156.06,yes
2026-10-10T05:13:30.51306Z,0.0200,93.58,no
2026-10-10T05:13:30.628968Z,0.0300,156.06,yes
2026-10-10T05:13:30.717636Z,0.0300,31.21,yes
2026-10-10T05:13:31.254357Z,0.0300,156.06,yes
2026-10-10T05:13:31.424209Z,0.0300,21.84,yes
2026-10-10T05:13:32.999273Z,0.0300,312.13,yes
2026-10-10T05:13:33.878415Z,0.0300,21.22,yes
2026-10-10T05:13:33.93982Z,0.0300,3215.03,yes
2026-10-10T05:13:34.509176Z,0.0300,156.06,yes
2026-10-10T05:13:34.849094Z,0.0300,624.27,yes
2026-10-10T05:13:34.929214Z,0.0300,780.34,yes
2026-10-10T05:13:34.954014Z,0.0300,62.42,yes
2026-10-10T05:13:35.090129Z,0.0300,0.31,yes
2026-10-10T05:13:35.174496Z,0.0300,502.77,yes
2026-10-10T05:13:35.174496Z,0.0300,121.50,yes
2026-10-10T05:13:35.244222Z,0.0300,624.27,yes
2026-10-10T05:13:35.386109Z,0.0300,62.42,yes
2026-10-10T05:13:35.433427Z,0.0300,156.06,yes
2026-10-10T05:13:35.536453Z,0.0300,62.42,yes
2026-10-10T05:13:35.621266Z,0.0300,156.06,yes
2026-10-10T05:13:35.755109Z,0.0300,1560.69,yes
2026-10-10T05:13:36.100896Z,0.0300,936.41,yes
2026-10-10T05:13:36.920885Z,0.0300,166.00,yes
2026-10-10T05:13:37.297148Z,0.0300,6242.78,yes
2026-10-10T05:13:37.619006Z,0.0300,30.12,yes
2026-10-10T05:13:37.619006Z,0.0300,125.94,yes
2026-10-10T05:13:37.925315Z,0.0300,312.13,yes
2026-10-10T05:13:37.926921Z,0.0300,156.06,yes
2026-10-10T05:13:38.164399Z,0.0300,14.35,yes
2026-10-10T05:13:39.06647Z,0.0300,606.48,yes
2026-10-10T05:13:40.643613Z,0.0300,317.13,yes
2026-10-10T05:13:41.020638Z,0.0300,156.06,yes
2026-10-10T05:13:41.021071Z,0.0300,62.42,yes
2026-10-10T05:13:41.137401Z,0.0300,31.21,yes
2026-10-10T05:13:41.768697Z,0.0200,71.00,no
2026-10-10T05:13:41.90947Z,0.0300,93.64,yes
2026-10-10T05:13:42.033498Z,0.0300,842.77,yes
2026-10-10T05:13:42.347519Z,0.0300,99.80,yes
2026-10-10T05:13:42.562706Z,0.0300,42.76,yes
2026-10-10T05:13:43.573654Z,0.0300,31.21,yes
2026-10-10T05:13:43.66979Z,0.0300,43.53,yes
2026-10-10T05:13:43.66979Z,0.0300,108.04,yes
2026-10-10T05:13:43.66979Z,0.0300,1.44,yes
2026-10-10T05:13:43.66979Z,0.0300,1.48,yes
2026-10-10T05:13:43.66979Z,0.0300,1.51,yes
2026-10-10T05:13:44.183076Z,0.0300,62.42,yes
2026-10-10T05:13:44.34612Z,0.0300,31.21,yes
2026-10-10T05:13:44.386017Z,0.0300,18.41,yes
2026-10-10T05:13:45.415285Z,0.0300,3121.39,yes
2026-10-10T05:13:45.446571Z,0.0300,306.52,yes
2026-10-10T05:13:46.590527Z,0.0300,62.42,yes
2026-10-10T05:13:46.699113Z,0.0300,312.13,yes
2026-10-10T05:13:46.864882Z,0.0300,1.56,yes
2026-10-10T05:13:48.806917Z,0.0300,249.71,yes
2026-10-10T05:13:48.808681Z,0.0300,482.25,yes
2026-10-10T05:13:48.855908Z,0.0300,227.23,yes
2026-10-10T05:13:49.075375Z,0.0300,312.13,yes
2026-10-10T05:13:50.104237Z,0.0200,444.00,no
2026-10-10T05:13:50.132346Z,0.0300,156.06,yes
2026-10-10T05:13:50.599102Z,0.0300,124.85,yes
2026-10-10T05:13:51.248911Z,0.0300,93.64,yes
2026-10-10T05:13:51.569815Z,0.0300,199.80,yes
2026-10-10T05:13:51.84688Z,0.0200,935.19,no
2026-10-10T05:13:51.932693Z,0.0300,2.80,yes
2026-10-10T05:13:51.979838Z,0.0300,93.64,yes
2026-10-10T05:13:52.253003Z,0.0300,93.64,yes
2026-10-10T05:13:52.356421Z,0.0300,624.27,yes
2026-10-10T05:13:52.380378Z,0.0300,0.31,yes
2026-10-10T05:13:52.517526Z,0.0200,202.06,no
2026-10-10T05:13:52.569071Z,0.0300,31.21,yes
2026-10-10T05:13:52.759286Z,0.0300,156.06,yes
2026-10-10T05:13:52.985518Z,0.0300,156.06,yes
2026-10-10T05:13:53.064868Z,0.0300,62.42,yes
2026-10-10T05:13:53.513908Z,0.0200,243.75,no
2026-10-10T05:13:53.543303Z,0.0300,246.58,yes
2026-10-10T05:13:53.874185Z,0.0300,31.21,yes
2026-10-10T05:13:54.47901Z,0.0300,1841.62,yes
2026-10-10T05:13:55.217513Z,0.0300,70.23,yes
2026-10-10T05:13:55.864456Z,0.0300,271.76,yes
2026-10-10T05:13:55.864456Z,0.0300,1.43,yes
2026-10-10T05:13:55.864456Z,0.0300,1.40,yes
2026-10-10T05:13:55.864456Z,0.0300,1284.69,yes
2026-10-10T05:13:55.864456Z,0.0300,1.41,yes
2026-10-10T05:13:56.059839Z,0.0300,0.54,yes
2026-10-10T05:13:56.059839Z,0.0300,0.51,yes
2026-10-10T05:13:56.059839Z,0.0300,0.72,yes
2026-10-10T05:13:56.059839Z,0.0300,0.75,yes
2026-10-10T05:13:56.059839Z,0.0300,0.71,yes
2026-10-10T05:13:56.059839Z,0.0300,0.72,yes
2026-10-10T05:13:56.059839Z,0.0300,0.72,yes
2026-10-10T05:13:56.059839Z,0.0300,0.42,yes
2026-10-10T05:13:56.059839Z,0.0300,2260.15,yes
2026-10-10T05:13:56.059839Z,0.0300,0.49,yes
2026-10-10T05:13:56.059839Z,0.0300,0.39,yes
2026-10-10T05:13:56.059839Z,0.0300,228.24,yes
2026-10-10T05:13:56.059839Z,0.0300,1.38,yes
2026-10-10T05:13:56.059839Z,0.0300,0.76,yes
2026-10-10T05:13:56.059839Z,0.0300,0.78,yes
2026-10-10T05:13:56.059839Z,0.0300,1.35,yes
2026-10-10T05:13:56.059839Z,0.0300,1.37,yes
2026-10-10T05:13:56.105915Z,0.0300,31.21,yes
2026-10-10T05:13:56.200208Z,0.0300,13.42,yes
2026-10-10T05:13:56.496248Z,0.0300,156.06,yes
2026-10-10T05:13:56.788407Z,0.0200,2.41,no
2026-10-10T05:13:56.788407Z,0.0200,114.03,no
2026-10-10T05:13:57.006707Z,0.0300,156.00,yes
2026-10-10T05:13:57.229126Z,0.0300,30.90,yes
2026-10-10T05:13:58.002621Z,0.0300,31.21,yes
2026-10-10T05:13:58.648831Z,0.0300,31.21,yes
2026-10-10T05:13:59.59692Z,0.0300,468.20,yes
2026-10-10T05:13:59.680344Z,0.0300,109.24,yes
2026-10-10T05:13:59.689396Z,0.0300,224.74,yes
2026-10-10T05:13:59.864153Z,0.0300,93.64,yes
2026-10-10T05:14:00.027255Z,0.0300,312.13,yes
2026-10-10T05:14:00.377809Z,0.0300,499.20,yes
2026-10-10T05:14:00.844765Z,0.0300,200.00,yes
2026-10-10T05:14:00.890226Z,0.0300,561.85,yes
2026-10-10T05:14:01.378359Z,0.0300,624.27,yes
2026-10-10T05:14:01.575566Z,0.0300,31.21,yes
2026-10-10T05:14:01.812944Z,0.0300,4.99,yes
2026-10-10T05:14:02.549458Z,0.0300,624.27,yes
2026-10-10T05:14:02.873104Z,0.0300,93.64,yes
2026-10-10T05:14:02.878741Z,0.0200,2.41,no
2026-10-10T05:14:02.878741Z,0.0200,72.59,no
2026-10-10T05:14:03.641822Z,0.0300,27.46,yes
2026-10-10T05:14:03.882344Z,0.0300,15.60,yes
2026-10-10T05:14:04.144276Z,0.0300,468.20,yes
2026-10-10T05:14:04.713811Z,0.0300,60.00,yes
2026-10-10T05:14:06.463517Z,0.0300,2871.20,yes
2026-10-10T05:14:06.463517Z,0.0300,0.36,yes
2026-10-10T05:14:06.463517Z,0.0300,0.62,yes
2026-10-10T05:14:06.463517Z,0.0300,1.14,yes
2026-10-10T05:14:06.463517Z,0.0300,274.36,yes
2026-10-10T05:14:06.463517Z,0.0300,0.61,yes
2026-10-10T05:14:06.463517Z,0.0300,0.56,yes
2026-10-10T05:14:06.463517Z,0.0300,0.49,yes
2026-10-10T05:14:06.463517Z,0.0300,0.44,yes
2026-10-10T05:14:06.463517Z,0.0300,0.32,yes
2026-10-10T05:14:06.463517Z,0.0300,0.39,yes
2026-10-10T05:14:06.463517Z,0.0300,0.24,yes
2026-10-10T05:14:06.623745Z,0.0300,480.79,yes
2026-10-10T05:14:06.623745Z,0.0300,299.55,yes
2026-10-10T05:14:07.071921Z,0.0300,31.21,yes
2026-10-10T05:14:07.359942Z,0.0300,9.36,yes
2026-10-10T05:14:07.547747Z,0.0300,149.82,yes
2026-10-10T05:14:07.575677Z,0.0300,218.49,yes
2026-10-10T05:14:07.843326Z,0.0300,13.10,yes
2026-10-10T05:14:08.231636Z,0.0300,312.13,yes
2026-10-10T05:14:08.470917Z,0.0300,156.06,yes
2026-10-10T05:14:08.694674Z,0.0300,31.21,yes
2026-10-10T05:14:08.705506Z,0.0300,312.13,yes
2026-10-10T05:14:09.559089Z,0.0300,23.41,yes
2026-10-10T05:14:10.088083Z,0.0300,156.06,yes
2026-10-10T05:14:10.179392Z,0.0300,624.27,yes
2026-10-10T05:14:10.351379Z,0.0300,1933.07,yes
2026-10-10T05:14:10.522945Z,0.0300,93.64,yes
2026-10-10T05:14:10.707346Z,0.0300,156.06,yes
2026-10-10T05:14:11.837713Z,0.0300,124.85,yes
2026-10-10T05:14:11.986845Z,0.0200,33.00,no
2026-10-10T05:14:12.243223Z,0.0300,374.56,yes
2026-10-10T05:14:12.538498Z,0.0300,156.06,yes
2026-10-10T05:14:12.593764Z,0.0300,93.64,yes
2026-10-10T05:14:12.87961Z,0.0300,62.42,yes
2026-10-10T05:14:13.53468Z,0.0300,124.85,yes
2026-10-10T05:14:14.050887Z,0.0300,1560.69,yes
2026-10-10T05:14:14.91992Z,0.0300,312.13,yes
2026-10-10T05:14:14.928181Z,0.0300,201.64,yes
2026-10-10T05:14:15.544198Z,0.0300,288.35,yes
2026-10-10T05:14:15.544198Z,0.0300,1.22,yes
2026-10-10T05:14:15.544198Z,0.0300,1.00,yes
2026-10-10T05:14:15.544198Z,0.0300,142.26,yes
2026-10-10T05:14:15.544198Z,0.0300,0.99,yes
2026-10-10T05:14:15.544198Z,0.0300,0.36,yes
2026-10-10T05:14:15.544198Z,0.0300,0.34,yes
2026-10-10T05:14:15.544198Z,0.0300,0.30,yes
2026-10-10T05:14:15.544198Z,0.0300,1.04,yes
2026-10-10T05:14:15.544198Z,0.0300,0.90,yes
2026-10-10T05:14:15.544198Z,0.0300,10.00,yes
2026-10-10T05:14:15.544198Z,0.0300,0.44,yes
2026-10-10T05:14:15.544198Z,0.0300,0.42,yes
2026-10-10T05:14:15.544198Z,0.0300,0.93,yes
2026-10-10T05:14:15.544198Z,0.0300,1.17,yes
2026-10-10T05:14:15.544198Z,0.0300,1.00,yes
2026-10-10T05:14:15.546772Z,0.0300,23.72,yes
2026-10-10T05:14:16.098363Z,0.0300,156.06,yes
2026-10-10T05:14:16.484677Z,0.0300,2.80,yes
2026-10-10T05:14:16.590974Z,0.0200,46.79,no
2026-10-10T05:14:16.633554Z,0.0300,312.13,yes
2026-10-10T05:14:16.662184Z,0.0300,249.66,yes
2026-10-10T05:14:17.494478Z,0.0300,62.42,yes
2026-10-10T05:14:18.58718Z,0.0300,93.64,yes
2026-10-10T05:14:19.018236Z,0.0300,31.21,yes
2026-10-10T05:14:19.436166Z,0.0300,145.00,yes
2026-10-10T05:14:21.914431Z,0.0300,280.92,yes
2026-10-10T05:14:22.129721Z,0.0300,31.21,yes
2026-10-10T05:14:22.166415Z,0.0300,3058.96,yes
2026-10-10T05:14:22.176663Z,0.0300,166.00,yes
2026-10-10T05:14:22.255998Z,0.0300,905.20,yes
2026-10-10T05:14:23.353989Z,0.0300,312.13,yes
2026-10-10T05:14:23.411026Z,0.0300,10.00,yes
2026-10-10T05:14:24.143075Z,0.0300,312.13,yes
2026-10-10T05:14:24.149441Z,0.0300,31.21,yes
2026-10-10T05:14:24.341958Z,0.0300,7.80,yes
2026-10-10T05:14:24.624302Z,0.0200,93.63,no
2026-10-10T05:14:24.833975Z,0.0300,93.64,yes
2026-10-10T05:14:24.834514Z,0.0300,3121.39,yes
2026-10-10T05:14:25.031501Z,0.0300,799.38,yes
2026-10-10T05:14:25.126861Z,0.0300,31.21,yes
2026-10-10T05:14:25.760223Z,0.0200,96.00,no
2026-10-10T05:14:26.146373Z,0.0300,156.06,yes
2026-10-10T05:14:26.254843Z,0.0300,31.21,yes
2026-10-10T05:14:26.538104Z,0.0300,187.28,yes
2026-10-10T05:14:26.639173Z,0.0300,62.42,yes
2026-10-10T05:14:26.706341Z,0.0300,31.21,yes
2026-10-10T05:14:26.766976Z,0.0300,44.32,yes
2026-10-10T05:14:28.621113Z,0.0300,305.27,yes
2026-10-10T05:14:28.65743Z,0.0300,31.21,yes
2026-10-10T05:14:28.791924Z,0.0300,156.06,yes
2026-10-10T05:14:28.816789Z,0.0300,62.42,yes
2026-10-10T05:14:28.92549Z,0.0300,156.06,yes
2026-10-10T05:14:29.288168Z,0.0300,340.54,yes
2026-10-10T05:14:31.105061Z,0.0300,312.13,yes
2026-10-10T05:14:31.647283Z,0.0300,156.06,yes
2026-10-10T05:14:31.843527Z,0.0300,312.13,yes
2026-10-10T05:14:31.981777Z,0.0300,62.42,yes
2026-10-10T05:14:32.010033Z,0.0300,780.34,yes
2026-10-10T05:14:32.376492Z,0.0200,1213.20,no
2026-10-10T05:14:32.508677Z,0.0300,780.34,yes
2026-10-10T05:14:32.736437Z,0.0300,156.06,yes
2026-10-10T05:14:33.19955Z,0.0300,312.13,yes
2026-10-10T05:14:33.640823Z,0.0300,312.13,yes
2026-10-10T05:14:34.069315Z,0.0200,257.37,no
2026-10-10T05:14:34.329834Z,0.0300,1560.69,yes
2026-10-10T05:14:34.674652Z,0.0300,156.06,yes
2026-10-10T05:14:35.097102Z,0.0300,156.06,yes
2026-10-10T05:14:35.100489Z,0.0300,0.93,yes
2026-10-10T05:14:35.259277Z,0.0300,199.80,yes
2026-10-10T05:14:36.824091Z,0.0300,199.76,yes
2026-10-10T05:14:36.968346Z,0.0300,39.80,yes
2026-10-10T05:14:36.984563Z,0.0300,31.21,yes
2026-10-10T05:14:37.501573Z,0.0300,156.06,yes
2026-10-10T05:14:38.189988Z,0.0200,29.00,no
2026-10-10T05:14:38.651592Z,0.0300,156.06,yes
2026-10-10T05:14:40.480651Z,0.0300,312.13,yes
2026-10-10T05:14:41.2947Z,0.0300,156.06,yes
2026-10-10T05:14:41.369426Z,0.0300,3121.39,yes
2026-10-10T05:14:41.621174Z,0.0300,156.06,yes
2026-10-10T05:14:42.421369Z,0.0300,187.28,yes
2026-10-10T05:14:43.05188Z,0.0300,31.21,yes
2026-10-10T05:14:43.174635Z,0.0300,31.21,yes
2026-10-10T05:14:43.212088Z,0.0300,62.42,yes
2026-10-10T05:14:43.765162Z,0.0300,312.13,yes
2026-10-10T05:14:44.102144Z,0.0300,31.21,yes
2026-10-10T05:14:45.215511Z,0.0300,60.55,yes
2026-10-10T05:14:46.469159Z,0.0300,1.56,yes
2026-10-10T05:14:46.921391Z,0.0300,93.64,yes
2026-10-10T05:14:47.383758Z,0.0300,62.42,yes
2026-10-10T05:14:47.483868Z,0.0300,62.42,yes
2026-10-10T05:14:47.590718Z,0.0300,31.21,yes
2026-10-10T05:14:47.605249Z,0.0300,93.32,yes
2026-10-10T05:14:47.79688Z,0.0300,312.13,yes
2026-10-10T05:14:48.421746Z,0.0300,156.06,yes
2026-10-10T05:14:48.590551Z,0.0300,1560.69,yes
2026-10-10T05:14:49.20363Z,0.0300,624.27,yes
2026-10-10T05:14:49.33434Z,0.0300,68.67,yes
2026-10-10T05:14:49.535896Z,0.0200,26.94,no
2026-10-10T05:14:49.709236Z,0.0300,46.82,yes
2026-10-10T05:14:50.291941Z,0.0300,62.42,yes
2026-10-10T05:14:51.361639Z,0.0300,9.36,yes
2026-10-10T05:14:51.861069Z,0.0200,1403.70,no
2026-10-10T05:14:52.689315Z,0.0300,93.64,yes
2026-10-10T05:14:52.889297Z,0.0300,1435.83,yes
2026-10-10T05:14:53.263855Z,0.0300,312.13,yes
2026-10-10T05:14:53.632045Z,0.0300,35.27,yes
2026-10-10T05:14:54.968634Z,0.0200,51.00,no
2026-10-10T05:14:55.065274Z,0.0300,3902.40,yes
2026-10-10T05:14:55.269265Z,0.0300,156.06,yes
2026-10-10T05:14:55.305644Z,0.0300,15.60,yes
2026-10-10T05:14:56.445713Z,0.0300,156.06,yes
2026-10-10T05:14:56.895783Z,0.0300,155.13,yes
2026-10-10T05:14:57.111195Z,0.0200,47.34,no
2026-10-10T05:14:57.579274Z,0.0300,55.56,yes
2026-10-10T05:14:59.406229Z,0.0300,1666.00,yes
2026-10-10T05:14:59.77252Z,0.0200,1652.50,no
2026-10-10T05:15:00.478826Z,0.0300,312.13,yes
2026-10-10T05:15:00.630016Z,0.0300,15.60,yes
2026-10-10T05:15:01.125027Z,0.0300,31.21,yes
2026-10-10T05:15:01.281636Z,0.0300,312.13,yes
2026-10-10T05:15:01.604401Z,0.0300,62.42,yes
2026-10-10T05:15:02.093475Z,0.0300,62.42,yes
2026-10-10T05:15:02.174083Z,0.0300,124.85,yes
2026-10-10T05:15:02.438737Z,0.0300,29.65,yes
2026-10-10T05:15:03.441926Z,0.0200,106.92,no
2026-10-10T05:15:04.869859Z,0.0300,156.06,yes
2026-10-10T05:15:05.195403Z,0.0300,249.71,yes
2026-10-10T05:15:06.473851Z,0.0200,15.99,no
2026-10-10T05:15:07.46226Z,0.0300,156.06,yes
2026-10-10T05:15:07.605939Z,0.0300,62.42,yes
2026-10-10T05:15:08.252186Z,0.0300,32.15,yes
2026-10-10T05:15:08.747371Z,0.0300,149.82,yes
2026-10-10T05:15:09.370168Z,0.0300,39.80,yes
2026-10-10T05:15:09.618232Z,0.0300,62.42,yes
2026-10-10T05:15:09.747834Z,0.0200,107.75,no
2026-10-10T05:15:11.066327Z,0.0300,3121.39,yes
2026-10-10T05:15:11.50443Z,0.0300,312.13,yes
2026-10-10T05:15:12.137589Z,0.0300,31.21,yes
2026-10-10T05:15:12.558714Z,0.0300,936.41,yes
2026-10-10T05:15:12.871639Z,0.0300,9.36,yes
2026-10-10T05:15:14.056111Z,0.0300,156.06,yes
2026-10-10T05:15:14.6895Z,0.0300,312.13,yes
2026-10-10T05:15:14.760681Z,0.0200,71.02,no
2026-10-10T05:15:15.458536Z,0.0300,147.95,yes
2026-10-10T05:15:16.329526Z,0.0300,780.34,yes
2026-10-10T05:15:16.333052Z,0.0300,4.00,yes
2026-10-10T05:15:16.536145Z,0.0300,765.05,yes
2026-10-10T05:15:17.042626Z,0.0300,936.41,yes
2026-10-10T05:15:17.365536Z,0.0300,31.21,yes
2026-10-10T05:15:18.260107Z,0.0300,99.80,yes
2026-10-10T05:15:19.130939Z,0.0300,199.80,yes
2026-10-10T05:15:19.615759Z,0.0300,156.06,yes
2026-10-10T05:15:21.410066Z,0.0300,156.06,yes
2026-10-10T05:15:21.57954Z,0.0300,7.80,yes
2026-10-10T05:15:22.124021Z,0.0300,81.15,yes
2026-10-10T05:15:22.327983Z,0.0300,156.06,yes
2026-10-10T05:15:22.727015Z,0.0200,40.23,no
2026-10-10T05:15:22.842921Z,0.0300,100.00,yes
2026-10-10T05:15:23.076038Z,0.0300,25.90,yes
2026-10-10T05:15:23.077702Z,0.0300,156.06,yes
2026-10-10T05:15:23.203097Z,0.0200,233.95,no
2026-10-10T05:15:23.273915Z,0.0300,36.52,yes
2026-10-10T05:15:23.63939Z,0.0300,20.91,yes
2026-10-10T05:15:23.90706Z,0.0300,31.21,yes
2026-10-10T05:15:24.100993Z,0.0300,93.64,yes
2026-10-10T05:15:24.789723Z,0.0200,4.73,no
2026-10-10T05:15:24.817276Z,0.0300,312.13,yes
2026-10-10T05:15:25.876164Z,0.0300,312.13,yes
2026-10-10T05:15:26.006504Z,0.0300,280.30,yes
2026-10-10T05:15:27.411278Z,0.0300,356.58,yes
2026-10-10T05:15:27.875998Z,0.0300,156.06,yes
2026-10-10T05:15:27.960618Z,0.0300,31.21,yes
2026-10-10T05:15:28.102373Z,0.0300,624.27,yes
2026-10-10T05:15:29.02227Z,0.0300,168.24,yes
2026-10-10T05:15:29.279378Z,0.0300,31.21,yes
2026-10-10T05:15:29.400009Z,0.0300,0.62,yes
2026-10-10T05:15:30.973054Z,0.0300,312.13,yes
2026-10-10T05:15:32.057303Z,0.0300,312.13,yes
2026-10-10T05:15:32.123324Z,0.0300,312.13,yes
2026-10-10T05:15:32.507084Z,0.0300,93.64,yes
2026-10-10T05:15:32.534444Z,0.0300,546.24,yes
2026-10-10T05:15:32.556396Z,0.0300,312.13,yes
2026-10-10T05:15:35.011414Z,0.0300,0.31,yes
2026-10-10T05:15:35.229432Z,0.0300,93.64,yes
2026-10-10T05:15:35.366786Z,0.0300,31.21,yes
2026-10-10T05:15:35.499639Z,0.0300,93.64,yes
2026-10-10T05:15:36.084273Z,0.0300,312.13,yes
2026-10-10T05:15:36.228846Z,0.0300,1168.96,yes
2026-10-10T05:15:37.971498Z,0.0300,1248.33,yes
2026-10-10T05:15:38.472582Z,0.0300,312.13,yes
2026-10-10T05:15:38.578677Z,0.0300,249.71,yes
2026-10-10T05:15:38.651001Z,0.0300,156.06,yes
2026-10-10T05:15:39.860702Z,0.0300,31.21,yes
2026-10-10T05:15:40.048732Z,0.0300,624.27,yes
2026-10-10T05:15:40.822336Z,0.0300,31.21,yes
2026-10-10T05:15:40.83735Z,0.0300,3462.24,yes
2026-10-10T05:15:42.413096Z,0.0300,31.21,yes
2026-10-10T05:15:43.375082Z,0.0300,312.13,yes
2026-10-10T05:15:44.032112Z,0.0300,31.21,yes
2026-10-10T05:15:45.596112Z,0.0300,31.21,yes
2026-10-10T05:15:46.400028Z,0.0300,96.13,yes
2026-10-10T05:15:47.775592Z,0.0300,156.06,yes
2026-10-10T05:15:47.837215Z,0.0300,78.03,yes
2026-10-10T05:15:49.218627Z,0.0300,624.27,yes
2026-10-10T05:15:50.057541Z,0.0300,6242.78,yes
2026-10-10T05:15:50.189202Z,0.0300,156.06,yes
2026-10-10T05:15:50.245056Z,0.0300,156.06,yes
2026-10-10T05:15:50.484853Z,0.0200,0.13,no
2026-10-10T05:15:51.016133Z,0.0200,299.87,no
2026-10-10T05:15:51.016133Z,0.0200,975.29,no
2026-10-10T05:15:51.058247Z,0.0300,312.13,yes
2026-10-10T05:15:51.11973Z,0.0300,31.52,yes
2026-10-10T05:15:52.425539Z,0.0300,156.06,yes
2026-10-10T05:15:52.55822Z,0.0300,31.21,yes
2026-10-10T05:15:54.063088Z,0.0300,156.06,yes
2026-10-10T05:15:54.665446Z,0.0300,312.13,yes
2026-10-10T05:15:54.76988Z,0.0300,156.06,yes
2026-10-10T05:15:55.132874Z,0.0300,312.13,yes
2026-10-10T05:15:55.315391Z,0.0300,31.21,yes
2026-10-10T05:15:55.404655Z,0.0300,30.27,yes
2026-10-10T05:15:56.247783Z,0.0300,312.13,yes
2026-10-10T05:15:58.465238Z,0.0300,156.06,yes
2026-10-10T05:15:58.467817Z,0.0300,28.09,yes
2026-10-10T05:15:58.61138Z,0.0300,468.20,yes
2026-10-10T05:15:58.941425Z,0.0300,187.28,yes
2026-10-10T05:15:59.16618Z,0.0300,93.64,yes
2026-10-10T05:15:59.9751Z,0.0300,31.21,yes
2026-10-10T05:16:00.64016Z,0.0300,156.06,yes
2026-10-10T05:16:01.424154Z,0.0300,624.27,yes
2026-10-10T05:16:02.822502Z,0.0300,199.80,yes
2026-10-10T05:16:02.901548Z,0.0300,468.20,yes
2026-10-10T05:16:03.44089Z,0.0200,4.73,no
2026-10-10T05:16:03.4783Z,0.0300,20.60,yes
2026-10-10T05:16:03.483452Z,0.0300,93.64,yes
2026-10-10T05:16:04.283076Z,0.0300,156.06,yes
2026-10-10T05:16:04.417393Z,0.0300,31.21,yes
2026-10-10T05:16:05.10156Z,0.0300,299.80,yes
2026-10-10T05:16:05.757611Z,0.0200,93.76,no
2026-10-10T05:16:05.775018Z,0.0300,22.16,yes
2026-10-10T05:16:06.947616Z,0.0300,62.42,yes
2026-10-10T05:16:07.010694Z,0.0300,624.27,yes
2026-10-10T05:16:07.046356Z,0.0300,32.15,yes
2026-10-10T05:16:10.056309Z,0.0300,31.21,yes
2026-10-10T05:16:10.916208Z,0.0300,499.42,yes
2026-10-10T05:16:11.678327Z,0.0300,15.60,yes
2026-10-10T05:16:11.759901Z,0.0300,730.19,yes
2026-10-10T05:16:11.759901Z,0.0300,5555.00,yes
2026-10-10T05:16:11.759901Z,0.0300,658.81,yes
2026-10-10T05:16:12.349226Z,0.0200,20.00,no
2026-10-10T05:16:12.349226Z,0.0200,1.55,no
2026-10-10T05:16:12.396658Z,0.0300,2674.19,yes
2026-10-10T05:16:12.396658Z,0.0300,500.00,yes
2026-10-10T05:16:12.396658Z,0.0300,1.00,yes
2026-10-10T05:16:12.984459Z,0.0400,46.85,yes
2026-10-10T05:16:15.506692Z,0.0400,23.42,yes
2026-10-10T05:16:15.555213Z,0.0300,187.22,no
2026-10-10T05:16:16.584868Z,0.0300,247.55,no
2026-10-10T05:16:17.673671Z,0.0400,42.12,yes
2026-10-10T05:16:17.673671Z,0.0400,4.73,yes
2026-10-10T05:16:18.061496Z,0.0400,19.91,yes
2026-10-10T05:16:18.58874Z,0.0400,538.79,yes
2026-10-10T05:16:19.271161Z,0.0300,12.63,no
2026-10-10T05:16:19.299175Z,0.0300,7429.89,no
2026-10-10T05:16:19.800303Z,0.0300,2549.01,no
2026-10-10T05:16:19.841299Z,0.0400,93.51,yes
2026-10-10T05:16:19.841299Z,0.0400,299.18,yes
2026-10-10T05:16:19.841299Z,0.0400,66.45,yes
2026-10-10T05:16:20.052944Z,0.0400,113.68,yes
2026-10-10T05:16:20.052944Z,0.0400,93.51,yes
2026-10-10T05:16:20.052944Z,0.0400,27.06,yes
2026-10-10T05:16:20.288603Z,0.0400,9.37,yes
2026-10-10T05:16:21.108067Z,0.0400,117.12,yes
2026-10-10T05:16:21.938049Z,0.0300,23.39,no
2026-10-10T05:16:22.020156Z,0.0400,227.42,yes
2026-10-10T05:16:22.020156Z,0.0400,14.00,yes
2026-10-10T05:16:22.020156Z,0.0400,100.00,yes
2026-10-10T05:16:22.020156Z,0.0400,1.00,yes
2026-10-10T05:16:22.020156Z,0.0400,2.00,yes
2026-10-10T05:16:22.020156Z,0.0400,1.00,yes
2026-10-10T05:16:22.020156Z,0.0400,1.00,yes
2026-10-10T05:16:22.020156Z,0.0400,3.00,yes
2026-10-10T05:16:22.020156Z,0.0400,400.00,yes
2026-10-10T05:16:22.020156Z,0.0400,1590.15,yes
2026-10-10T05:16:22.020156Z,0.0400,3.00,yes
2026-10-10T05:16:22.931849Z,0.0400,345.51,yes
2026-10-10T05:16:22.931849Z,0.0400,48.00,yes
2026-10-10T05:16:22.931849Z,0.0400,75.00,yes
2026-10-10T05:16:23.592473Z,0.0400,23.42,yes
2026-10-10T05:16:23.614637Z,0.0400,234.25,yes
2026-10-10T05:16:23.824603Z,0.0400,11.71,yes
2026-10-10T05:16:23.976515Z,0.0400,117.12,yes
2026-10-10T05:16:24.556449Z,0.0400,23.42,yes
2026-10-10T05:16:24.650463Z,0.0400,46.85,yes
2026-10-10T05:16:25.910531Z,0.0400,123.45,yes
2026-10-10T05:16:26.454606Z,0.0400,7.02,yes
2026-10-10T05:16:26.619377Z,0.0400,117.12,yes
2026-10-10T05:16:28.0451Z,0.0400,468.51,yes
2026-10-10T05:16:29.120653Z,0.0400,585.64,yes
2026-10-10T05:16:30.471608Z,0.0400,70.27,yes
2026-10-10T05:16:31.236927Z,0.0400,46.85,yes
2026-10-10T05:16:31.262826Z,0.0300,3.74,no
2026-10-10T05:16:31.687667Z,0.0400,234.25,yes
2026-10-10T05:16:32.395289Z,0.0400,23.42,yes
2026-10-10T05:16:32.659434Z,0.0400,117.12,yes
2026-10-10T05:16:34.079256Z,0.0400,117.12,yes
2026-10-10T05:16:35.915737Z,0.0300,31.46,no
2026-10-10T05:16:37.378045Z,0.0400,117.12,yes
2026-10-10T05:16:37.553405Z,0.0400,374.81,yes
2026-10-10T05:16:39.482571Z,0.0400,234.25,yes
2026-10-10T05:16:40.181143Z,0.0400,234.25,yes
2026-10-10T05:16:41.211565Z,0.0400,142.00,yes
2026-10-10T05:16:41.62258Z,0.0400,351.38,yes
2026-10-10T05:16:41.883628Z,0.0400,62.54,yes
2026-10-10T05:16:42.776775Z,0.0400,58.56,yes
2026-10-10T05:16:43.364806Z,0.0300,64.80,no
2026-10-10T05:16:43.364806Z,0.0300,9193.59,no
2026-10-10T05:16:43.945684Z,0.0400,46.85,yes
2026-10-10T05:16:44.058786Z,0.0400,43.80,yes
2026-10-10T05:16:44.204295Z,0.0400,468.51,yes
2026-10-10T05:16:44.369737Z,0.0400,69.57,yes
2026-10-10T05:16:45.473548Z,0.0400,234.25,yes
2026-10-10T05:16:45.806951Z,0.0300,806.41,no
2026-10-10T05:16:45.806951Z,0.0300,3193.59,no
2026-10-10T05:16:46.83686Z,0.0300,233.95,no
2026-10-10T05:16:48.333444Z,0.0400,20.00,yes
2026-10-10T05:16:48.333444Z,0.0400,214.25,yes
2026-10-10T05:16:48.819934Z,0.0400,2.34,yes
2026-10-10T05:16:48.820211Z,0.0400,185.10,yes
2026-10-10T05:16:48.820211Z,0.0400,283.41,yes
2026-10-10T05:16:48.830381Z,0.0400,23.42,yes
2026-10-10T05:16:49.015987Z,0.0400,9.60,yes
2026-10-10T05:16:49.363114Z,0.0400,104.00,yes
2026-10-10T05:16:49.363114Z,0.0400,58.62,yes
2026-10-10T05:16:49.363114Z,0.0400,4.00,yes
2026-10-10T05:16:49.363114Z,0.0400,75.00,yes
2026-10-10T05:16:49.363114Z,0.0400,24.00,yes
2026-10-10T05:16:49.363114Z,0.0400,281.88,yes
2026-10-10T05:16:50.102694Z,0.0500,375.05,yes
2026-10-10T05:16:50.604695Z,0.0400,937.64,yes
2026-10-10T05:16:50.954063Z,0.0300,19.00,no
2026-10-10T05:16:50.954063Z,0.0300,200.00,no
2026-10-10T05:16:50.954063Z,0.0300,10.00,no
2026-10-10T05:16:50.954063Z,0.0200,192.11,no
2026-10-10T05:16:51.927528Z,0.0500,685.35,yes
2026-10-10T05:16:51.927528Z,0.0400,104.00,yes
2026-10-10T05:16:51.927528Z,0.0400,1302.36,yes
2026-10-10T05:16:51.927528Z,0.0400,75.00,yes
2026-10-10T05:16:51.927528Z,0.0400,4.00,yes
2026-10-10T05:16:52.379361Z,0.0400,113.10,yes
2026-10-10T05:16:52.379361Z,0.0400,168.00,yes
2026-10-10T05:16:52.379559Z,0.0400,89.86,yes
2026-10-10T05:16:52.379559Z,0.0400,3.90,yes
2026-10-10T05:16:53.653722Z,0.0400,34.13,yes
2026-10-10T05:16:53.678432Z,0.0400,85.00,yes
2026-10-10T05:16:53.678432Z,0.0400,117.00,yes
2026-10-10T05:16:53.678432Z,0.0400,119.00,yes
2026-10-10T05:16:53.678432Z,0.0400,104.00,yes
2026-10-10T05:16:53.678432Z,0.0400,75.00,yes
2026-10-10T05:16:53.872742Z,0.0400,11.71,yes
2026-10-10T05:16:53.946258Z,0.0400,1414.40,yes
2026-10-10T05:16:54.078454Z,0.0400,2.34,yes
2026-10-10T05:16:54.115856Z,0.0300,62.92,no
2026-10-10T05:16:54.297201Z,0.0400,93.76,yes
2026-10-10T05:16:54.804218Z,0.0400,1029.56,yes
2026-10-10T05:16:55.314032Z,0.0400,0.23,yes
2026-10-10T05:16:55.391801Z,0.0300,523.06,no
2026-10-10T05:16:55.391801Z,0.0300,187.08,no
2026-10-10T05:16:56.155863Z,0.0400,23.42,yes
2026-10-10T05:16:56.302462Z,0.0400,80.35,yes
2026-10-10T05:16:57.05779Z,0.0200,42.34,no
2026-10-10T05:16:57.05779Z,0.0300,5.00,no
2026-10-10T05:16:59.244963Z,0.0400,117.12,yes
2026-10-10T05:16:59.309355Z,0.0400,702.77,yes
2026-10-10T05:16:59.708803Z,0.0400,117.12,yes
2026-10-10T05:17:00.043124Z,0.0400,1679.43,yes
2026-10-10T05:17:00.12476Z,0.0400,234.25,yes
2026-10-10T05:17:00.316839Z,0.0400,70.27,yes
2026-10-10T05:17:00.343658Z,0.0400,1.87,yes
2026-10-10T05:17:00.961685Z,0.0400,1405.54,yes
2026-10-10T05:17:01.090727Z,0.0400,93.70,yes
2026-10-10T05:17:01.989692Z,0.0300,233.95,no
2026-10-10T05:17:02.228997Z,0.0400,117.12,yes
2026-10-10T05:17:02.284576Z,0.0300,880.03,no
2026-10-10T05:17:02.618579Z,0.0400,221.84,yes
2026-10-10T05:17:02.737552Z,0.0400,46.85,yes
2026-10-10T05:17:03.116736Z,0.0400,4404.04,yes
2026-10-10T05:17:03.622077Z,0.0400,585.64,yes
2026-10-10T05:17:03.79436Z,0.0400,10.07,yes
2026-10-10T05:17:04.629069Z,0.0300,233.95,no
2026-10-10T05:17:05.285987Z,0.0400,714.00,yes
2026-10-10T05:17:05.385198Z,0.0400,46.85,yes
2026-10-10T05:17:05.927602Z,0.0400,1171.28,yes
2026-10-10T05:17:06.258174Z,0.0400,0.23,yes
2026-10-10T05:17:06.353198Z,0.0300,13.41,no
2026-10-10T05:17:06.394579Z,0.0400,117.12,yes
2026-10-10T05:17:06.679581Z,0.0400,11.71,yes
2026-10-10T05:17:07.285215Z,0.0400,0.23,yes
2026-10-10T05:17:07.513088Z,0.0400,585.64,yes
2026-10-10T05:17:08.582145Z,0.0400,83.63,yes
2026-10-10T05:17:08.988732Z,0.0300,443.91,no
2026-10-10T05:17:09.203192Z,0.0400,117.12,yes
2026-10-10T05:17:09.361527Z,0.0400,23.42,yes
2026-10-10T05:17:10.231759Z,0.0400,46.85,yes
2026-10-10T05:17:10.757717Z,0.0400,234.25,yes
2026-10-10T05:17:10.836074Z,0.0400,46.85,yes
2026-10-10T05:17:11.871726Z,0.0400,117.12,yes
2026-10-10T05:17:12.019503Z,0.0400,117.12,yes
2026-10-10T05:17:12.317083Z,0.0400,1171.28,yes
2026-10-10T05:17:12.330853Z,0.0400,117.12,yes
2026-10-10T05:17:12.354528Z,0.0400,975.50,yes
2026-10-10T05:17:12.354528Z,0.0400,195.78,yes
2026-10-10T05:17:12.771062Z,0.0400,2.34,yes
2026-10-10T05:17:12.957975Z,0.0300,46.79,no
2026-10-10T05:17:13.574229Z,0.0400,585.64,yes
2026-10-10T05:17:13.779689Z,0.0400,468.51,yes
2026-10-10T05:17:14.061456Z,0.0400,117.12,yes
2026-10-10T05:17:14.195505Z,0.0400,234.25,yes
2026-10-10T05:17:14.559956Z,0.0200,420.92,no
2026-10-10T05:17:14.679667Z,0.0400,70.27,yes
2026-10-10T05:17:15.511742Z,0.0400,20.00,yes
2026-10-10T05:17:15.511742Z,0.0400,26.85,yes
2026-10-10T05:17:16.11923Z,0.0400,58.00,yes
2026-10-10T05:17:16.11923Z,0.0400,473.15,yes
2026-10-10T05:17:16.11923Z,0.0400,1.26,yes
2026-10-10T05:17:16.11923Z,0.0400,1.26,yes
2026-10-10T05:17:16.11923Z,0.0400,1.25,yes
2026-10-10T05:17:16.11923Z,0.0400,1.19,yes
2026-10-10T05:17:16.11923Z,0.0400,1.23,yes
2026-10-10T05:17:16.11923Z,0.0400,1.21,yes
2026-10-10T05:17:16.11923Z,0.0400,1.26,yes
2026-10-10T05:17:16.11923Z,0.0400,1.33,yes
2026-10-10T05:17:16.11923Z,0.0400,1.63,yes
2026-10-10T05:17:16.11923Z,0.0400,1.08,yes
2026-10-10T05:17:16.11923Z,0.0400,1.07,yes
2026-10-10T05:17:16.11923Z,0.0400,1.30,yes
2026-10-10T05:17:16.11923Z,0.0400,1.24,yes
2026-10-10T05:17:16.11923Z,0.0400,1.03,yes
2026-10-10T05:17:16.11923Z,0.0400,1.27,yes
2026-10-10T05:17:16.11923Z,0.0400,1.27,yes
2026-10-10T05:17:16.11923Z,0.0400,1.31,yes
2026-10-10T05:17:16.11923Z,0.0400,1.44,yes
2026-10-10T05:17:16.11923Z,0.0400,1.05,yes
2026-10-10T05:17:16.11923Z,0.0400,1.16,yes
2026-10-10T05:17:16.11923Z,0.0400,1.49,yes
2026-10-10T05:17:16.11923Z,0.0400,1.11,yes
2026-10-10T05:17:16.11923Z,0.0400,1.23,yes
2026-10-10T05:17:16.11923Z,0.0400,1.28,yes
2026-10-10T05:17:16.11923Z,0.0400,1.37,yes
2026-10-10T05:17:16.11923Z,0.0400,1.17,yes
2026-10-10T05:17:16.11923Z,0.0400,1.45,yes
2026-10-10T05:17:16.11923Z,0.0400,1.17,yes
2026-10-10T05:17:16.11923Z,0.0400,1.33,yes
2026-10-10T05:17:16.11923Z,0.0400,1.36,yes
2026-10-10T05:17:16.11923Z,0.0400,1.50,yes
2026-10-10T05:17:16.11923Z,0.0400,1.00,yes
2026-10-10T05:17:16.11923Z,0.0400,1.41,yes
2026-10-10T05:17:16.11923Z,0.0400,1.51,yes
2026-10-10T05:17:16.11923Z,0.0400,372.00,yes
2026-10-10T05:17:16.11923Z,0.0400,1.11,yes
2026-10-10T05:17:16.11923Z,0.0400,1.41,yes
2026-10-10T05:17:16.11923Z,0.0400,1.72,yes
2026-10-10T05:17:16.11923Z,0.0400,1.72,yes
2026-10-10T05:17:16.11923Z,0.0400,346.83,yes
2026-10-10T05:17:16.11923Z,0.0400,53.44,yes
2026-10-10T05:17:16.11923Z,0.0400,104.00,yes
2026-10-10T05:17:16.11923Z,0.0400,75.00,yes
2026-10-10T05:17:16.11923Z,0.0400,1.65,yes
2026-10-10T05:17:16.11923Z,0.0400,250.00,yes
2026-10-10T05:17:16.11923Z,0.0400,1.38,yes
2026-10-10T05:17:16.11923Z,0.0400,4.00,yes
2026-10-10T05:17:16.11923Z,0.0400,1.56,yes
2026-10-10T05:17:16.11923Z,0.0400,1.50,yes
2026-10-10T05:17:16.11923Z,0.0400,1.74,yes
2026-10-10T05:17:16.11923Z,0.0400,1.76,yes
2026-10-10T05:17:16.11923Z,0.0400,500.00,yes
2026-10-10T05:17:16.11923Z,0.0400,1.11,yes
2026-10-10T05:17:16.11923Z,0.0400,1.07,yes
2026-10-10T05:17:16.11923Z,0.0400,1.26,yes
2026-10-10T05:17:16.11923Z,0.0400,1.66,yes
2026-10-10T05:17:16.11923Z,0.0400,1.37,yes
2026-10-10T05:17:16.11923Z,0.0400,1.03,yes
2026-10-10T05:17:16.11923Z,0.0400,1.32,yes
2026-10-10T05:17:16.11923Z,0.0400,1.50,yes
2026-10-10T05:17:16.11923Z,0.0400,1.24,yes
2026-10-10T05:17:16.11923Z,0.0400,1.39,yes
2026-10-10T05:17:16.11923Z,0.0400,1.09,yes
2026-10-10T05:17:16.11923Z,0.0400,20.00,yes
2026-10-10T05:17:16.336336Z,0.0400,351.38,yes
2026-10-10T05:17:17.100119Z,0.0400,210.83,yes
2026-10-10T05:17:17.211338Z,0.0400,117.12,yes
2026-10-10T05:17:17.359449Z,0.0400,234.25,yes
2026-10-10T05:17:17.361561Z,0.0400,46.85,yes
2026-10-10T05:17:17.614188Z,0.0400,46.85,yes
2026-10-10T05:17:17.907506Z,0.0400,23.42,yes
2026-10-10T05:17:18.545242Z,0.0400,75.00,yes
2026-10-10T05:17:18.545242Z,0.0400,106.00,yes
2026-10-10T05:17:18.545242Z,0.0400,9.77,yes
2026-10-10T05:17:18.545242Z,0.0400,276.00,yes
2026-10-10T05:17:18.545242Z,0.0400,1.74,yes
2026-10-10T05:17:18.644222Z,0.0400,2.26,yes
2026-10-10T05:17:18.644222Z,0.0400,21.16,yes
2026-10-10T05:17:18.749295Z,0.0400,46.85,yes
2026-10-10T05:17:18.804266Z,0.0400,35.99,yes
2026-10-10T05:17:18.804266Z,0.0400,32.64,yes
2026-10-10T05:17:19.73161Z,0.0400,40.99,yes
2026-10-10T05:17:19.828162Z,0.0400,75.00,yes
2026-10-10T05:17:19.828162Z,0.0400,21.16,yes
2026-10-10T05:17:19.828162Z,0.0400,35.99,yes
2026-10-10T05:17:19.828162Z,0.0400,46.85,yes
2026-10-10T05:17:19.828162Z,0.0400,43.37,yes
2026-10-10T05:17:19.981599Z,0.0400,467.90,no
2026-10-10T05:17:20.821391Z,0.0400,1309.73,no
2026-10-10T05:17:21.574322Z,0.0300,117.12,yes
2026-10-10T05:17:21.685392Z,0.0300,9.37,yes
2026-10-10T05:17:21.934595Z,0.0300,117.12,yes
2026-10-10T05:17:22.03011Z,0.0300,312.13,yes
2026-10-10T05:17:22.194707Z,0.0300,19.99,yes
2026-10-10T05:17:22.21301Z,0.0300,624.27,yes
2026-10-10T05:17:22.610306Z,0.0300,2341.14,yes
2026-10-10T05:17:22.780526Z,0.0300,93.70,yes
2026-10-10T05:17:22.951251Z,0.0300,31.21,yes
2026-10-10T05:17:23.073394Z,0.0300,31.21,yes
2026-10-10T05:17:23.261251Z,0.0300,31.21,yes
2026-10-10T05:17:23.37527Z,0.0300,218.49,yes
2026-10-10T05:17:23.411727Z,0.0300,23.42,yes
2026-10-10T05:17:23.847282Z,0.0300,312.13,yes
2026-10-10T05:17:24.691689Z,0.0300,117.12,yes
2026-10-10T05:17:24.837238Z,0.0300,31.21,yes
2026-10-10T05:17:24.930126Z,0.0300,156.06,yes
2026-10-10T05:17:25.097206Z,0.0300,78.03,yes
2026-10-10T05:17:25.219207Z,0.0300,31.21,yes
2026-10-10T05:17:25.266174Z,0.0300,31.21,yes
2026-10-10T05:17:25.448682Z,0.0300,312.13,yes
2026-10-10T05:17:25.912787Z,0.0300,29.00,yes
2026-10-10T05:17:26.077272Z,0.0300,312.13,yes
2026-10-10T05:17:26.489214Z,0.0300,156.06,yes
2026-10-10T05:17:27.081038Z,0.0300,312.13,yes
2026-10-10T05:17:27.392654Z,0.0300,31.21,yes
2026-10-10T05:17:28.061748Z,0.0300,780.34,yes
2026-10-10T05:17:28.844494Z,0.0300,93.64,yes
2026-10-10T05:17:29.219253Z,0.0300,46.85,yes
2026-10-10T05:17:29.29139Z,0.0300,312.13,yes
2026-10-10T05:17:29.430981Z,0.0300,156.06,yes
2026-10-10T05:17:29.497729Z,0.0300,156.06,yes
2026-10-10T05:17:29.927724Z,0.0300,93.64,yes
2026-10-10T05:17:30.297469Z,0.0300,277.00,yes
2026-10-10T05:17:30.308274Z,0.0300,1983.33,yes
2026-10-10T05:17:30.35308Z,0.0300,26.53,yes
2026-10-10T05:17:30.456058Z,0.0300,6.86,yes
2026-10-10T05:17:30.585165Z,0.0300,156.06,yes
2026-10-10T05:17:30.737237Z,0.0300,1171.28,yes
2026-10-10T05:17:31.31816Z,0.0300,312.00,yes
2026-10-10T05:17:31.535176Z,0.0300,312.13,yes
2026-10-10T05:17:32.229625Z,0.0300,234.25,yes
2026-10-10T05:17:32.307036Z,0.0300,405.78,yes
2026-10-10T05:17:32.515951Z,0.0300,0.31,yes
2026-10-10T05:17:32.797543Z,0.0300,83.00,yes
2026-10-10T05:17:32.876393Z,0.0300,1379.34,yes
2026-10-10T05:17:33.10055Z,0.0300,1171.28,yes
2026-10-10T05:17:33.220958Z,0.0300,31.21,yes
2026-10-10T05:17:33.465377Z,0.0300,1217.34,yes
2026-10-10T05:17:33.490584Z,0.0300,31.21,yes
2026-10-10T05:17:33.529636Z,0.0300,93.64,yes
2026-10-10T05:17:33.735227Z,0.0300,269.22,yes
2026-10-10T05:17:33.735227Z,0.0300,511.12,yes
2026-10-10T05:17:34.00694Z,0.0300,218.49,yes
2026-10-10T05:17:34.266433Z,0.0300,374.56,yes
2026-10-10T05:17:34.964239Z,0.0300,624.27,yes
2026-10-10T05:17:35.144552Z,0.0300,88.64,yes
2026-10-10T05:17:35.842114Z,0.0300,280.92,yes
2026-10-10T05:17:35.923734Z,0.0300,156.06,yes
2026-10-10T05:17:36.215265Z,0.0300,780.34,yes
2026-10-10T05:17:37.291619Z,0.0300,249.71,yes
2026-10-10T05:17:37.488308Z,0.0300,93.64,yes
2026-10-10T05:17:37.720889Z,0.0300,166.00,yes
2026-10-10T05:17:37.925071Z,0.0300,31.21,yes
2026-10-10T05:17:37.990703Z,0.0300,250.56,yes
2026-10-10T05:17:38.008545Z,0.0300,468.20,yes
2026-10-10T05:17:38.208028Z,0.0300,312.13,yes
2026-10-10T05:17:39.156679Z,0.0300,65.86,yes
2026-10-10T05:17:39.19483Z,0.0300,468.20,yes
2026-10-10T05:17:39.214497Z,0.0300,156.06,yes
2026-10-10T05:17:39.2377Z,0.0300,93.64,yes
2026-10-10T05:17:39.574191Z,0.0300,312.13,yes
2026-10-10T05:17:39.854146Z,0.0300,79.59,yes
2026-10-10T05:17:40.187028Z,0.0300,312.13,yes
2026-10-10T05:17:40.756697Z,0.0300,936.41,yes
2026-10-10T05:17:40.771756Z,0.0200,48.74,no
2026-10-10T05:17:40.771756Z,0.0200,44.77,no
2026-10-10T05:17:40.815358Z,0.0300,600.00,yes
2026-10-10T05:17:40.957985Z,0.0300,312.13,yes
2026-10-10T05:17:41.023675Z,0.0300,62.42,yes
2026-10-10T05:17:42.431322Z,0.0300,156.06,yes
2026-10-10T05:17:42.460515Z,0.0300,117.12,yes
2026-10-10T05:17:42.777332Z,0.0300,624.27,yes
2026-10-10T05:17:42.973543Z,0.0300,93.64,yes
2026-10-10T05:17:42.984395Z,0.0300,156.06,yes
2026-10-10T05:17:43.727137Z,0.0300,305.88,yes
2026-10-10T05:17:43.807424Z,0.0300,249.71,yes
2026-10-10T05:17:44.643569Z,0.0300,37.50,yes
2026-10-10T05:17:44.896254Z,0.0300,31.21,yes
2026-10-10T05:17:46.076326Z,0.0300,109.24,yes
2026-10-10T05:17:46.076612Z,0.0300,31.21,yes
2026-10-10T05:17:46.575694Z,0.0300,93.64,yes
2026-10-10T05:17:46.756235Z,0.0300,501.16,yes
2026-10-10T05:17:46.756235Z,0.0300,123.11,yes
2026-10-10T05:17:47.082146Z,0.0300,249.71,yes
2026-10-10T05:17:48.197337Z,0.0300,312.13,yes
2026-10-10T05:17:48.912449Z,0.0300,967.63,yes
2026-10-10T05:17:49.856067Z,0.0300,31.21,yes
2026-10-10T05:17:50.757583Z,0.0200,47.03,no
2026-10-10T05:17:51.288734Z,0.0200,58.57,no
2026-10-10T05:17:51.288734Z,0.0200,622.00,no
2026-10-10T05:17:51.288734Z,0.0200,75.00,no
2026-10-10T05:17:51.288734Z,0.0200,808.20,no
2026-10-10T05:17:52.40264Z,0.0200,16.67,no
2026-10-10T05:17:52.692651Z,0.0300,780.34,yes
2026-10-10T05:17:53.366873Z,0.0300,26.84,yes
2026-10-10T05:17:53.473851Z,0.0300,156.06,yes
2026-10-10T05:17:54.680693Z,0.0200,412.22,no
2026-10-10T05:17:55.106024Z,0.0100,1150.27,no
2026-10-10T05:17:55.106024Z,0.0200,240.00,no
2026-10-10T05:17:55.106024Z,0.0200,234.00,no
2026-10-10T05:17:55.106024Z,0.0200,100.00,no
2026-10-10T05:17:55.106024Z,0.0200,75.00,no
2026-10-10T05:17:55.106024Z,0.0200,300.00,no
2026-10-10T05:17:55.106024Z,0.0200,1087.78,no
2026-10-10T05:17:55.106024Z,0.0200,300.00,no
2026-10-10T05:17:55.106024Z,0.0200,300.00,no
2026-10-10T05:17:55.106024Z,0.0200,10000.00,no
2026-10-10T05:17:55.106024Z,0.0200,250.00,no
2026-10-10T05:17:55.193127Z,0.0200,1150.00,yes
2026-10-10T05:17:55.198011Z,0.0200,0.27,yes
2026-10-10T05:17:55.198011Z,0.0300,4.73,yes
2026-10-10T05:17:55.22039Z,0.0300,600.00,yes
2026-10-10T05:17:55.479421Z,0.0300,62.42,yes
2026-10-10T05:17:55.681051Z,0.0300,62.42,yes
2026-10-10T05:17:55.974621Z,0.0300,473.74,yes
2026-10-10T05:17:55.974621Z,0.0300,587.53,yes
2026-10-10T05:17:56.512348Z,0.0300,108.00,yes
2026-10-10T05:17:56.512348Z,0.0300,1.00,yes
2026-10-10T05:17:56.512348Z,0.0300,176.87,yes
2026-10-10T05:17:56.512348Z,0.0300,26.26,yes
2026-10-10T05:17:56.851447Z,0.0300,82.93,yes
2026-10-10T05:17:56.851447Z,0.0300,73.13,yes
2026-10-10T05:17:57.233297Z,0.0300,6.55,yes
2026-10-10T05:17:57.772935Z,0.0300,9.52,yes
2026-10-10T05:17:57.772935Z,0.0300,17.79,yes
2026-10-10T05:17:58.596364Z,0.0300,42.00,yes
2026-10-10T05:17:58.596364Z,0.0300,20.42,yes
2026-10-10T05:17:59.17148Z,0.0300,1.87,yes
2026-10-10T05:17:59.548197Z,0.0300,62.42,yes
2026-10-10T05:17:59.742726Z,0.0300,218.49,yes
2026-10-10T05:17:59.802806Z,0.0300,156.06,yes
2026-10-10T05:17:59.958955Z,0.0300,500.00,yes
2026-10-10T05:18:00.035819Z,0.0200,17.00,no
2026-10-10T05:18:00.035819Z,0.0200,139.06,no
2026-10-10T05:18:00.055144Z,0.0300,62.42,yes
2026-10-10T05:18:00.20393Z,0.0300,18.10,yes
2026-10-10T05:18:00.260037Z,0.0300,312.13,yes
2026-10-10T05:18:00.410998Z,0.0300,62.42,yes
2026-10-10T05:18:00.900912Z,0.0300,624.27,yes
2026-10-10T05:18:01.538589Z,0.0300,312.13,yes
2026-10-10T05:18:01.613687Z,0.0200,94.94,no
2026-10-10T05:18:01.613687Z,0.0200,117.00,no
2026-10-10T05:18:01.613687Z,0.0200,212.69,no
2026-10-10T05:18:02.389363Z,0.0300,156.06,yes
2026-10-10T05:18:03.894065Z,0.0300,62.42,yes
2026-10-10T05:18:04.187179Z,0.0300,156.06,yes
2026-10-10T05:18:05.746675Z,0.0300,7.80,yes
2026-10-10T05:18:05.759138Z,0.0200,234.87,no
2026-10-10T05:18:05.821316Z,0.0200,233.95,no
2026-10-10T05:18:06.614141Z,0.0300,31.21,yes
2026-10-10T05:18:07.106177Z,0.0300,1560.69,yes
2026-10-10T05:18:07.119499Z,0.0300,337.73,yes
2026-10-10T05:18:08.008092Z,0.0300,312.13,yes
2026-10-10T05:18:08.655411Z,0.0300,72.41,yes
2026-10-10T05:18:08.933493Z,0.0300,281.54,yes
2026-10-10T05:18:09.498536Z,0.0300,62.42,yes
2026-10-10T05:18:10.527191Z,0.0300,156.06,yes
2026-10-10T05:18:11.107743Z,0.0300,124.85,yes
2026-10-10T05:18:11.594748Z,0.0300,156.06,yes
2026-10-10T05:18:11.873854Z,0.0300,125.16,yes
2026-10-10T05:18:13.627168Z,0.0300,30.90,yes
2026-10-10T05:18:14.119675Z,0.0300,18.72,yes
2026-10-10T05:18:14.644194Z,0.0300,31.21,yes
2026-10-10T05:18:15.064541Z,0.0300,130.99,yes
2026-10-10T05:18:15.064541Z,0.0300,25.07,yes
2026-10-10T05:18:15.371793Z,0.0300,1369.01,yes
2026-10-10T05:18:15.371793Z,0.0300,191.68,yes
2026-10-10T05:18:15.403281Z,0.0200,624.27,no
2026-10-10T05:18:15.719557Z,0.0300,253.81,yes
2026-10-10T05:18:15.719557Z,0.0300,58.32,yes
2026-10-10T05:18:15.765435Z,0.0300,0.31,yes
2026-10-10T05:18:16.038068Z,0.0300,31.52,yes
2026-10-10T05:18:16.235282Z,0.0300,99.80,yes
2026-10-10T05:18:16.492612Z,0.0300,41.50,yes
2026-10-10T05:18:16.492612Z,0.0300,114.56,yes
2026-10-10T05:18:16.649051Z,0.0300,18.41,yes
2026-10-10T05:18:16.72745Z,0.0200,23.67,no
2026-10-10T05:18:16.91326Z,0.0200,93.76,no
2026-10-10T05:18:17.534291Z,0.0200,467.59,no
2026-10-10T05:18:18.557834Z,0.0200,374.32,no
2026-10-10T05:18:18.572177Z,0.0300,5.00,yes
2026-10-10T05:18:18.572177Z,0.0400,91.22,yes
2026-10-10T05:18:18.572177Z,0.0400,44.00,yes
2026-10-10T05:18:18.572177Z,0.0400,3.00,yes
2026-10-10T05:18:18.572177Z,0.0400,10.00,yes
2026-10-10T05:18:18.572177Z,0.0400,1.00,yes
2026-10-10T05:18:18.572177Z,0.0300,89.29,yes
2026-10-10T05:18:18.572177Z,0.0300,19.00,yes
2026-10-10T05:18:18.633824Z,0.0400,149.83,yes
2026-10-10T05:18:19.64618Z,0.0400,70.27,yes
2026-10-10T05:18:19.717573Z,0.0400,188.68,yes
2026-10-10T05:18:19.717573Z,0.0400,1.00,yes
2026-10-10T05:18:19.717573Z,0.0400,1.00,yes
2026-10-10T05:18:19.717573Z,0.0400,43.57,yes
2026-10-10T05:18:19.957081Z,0.0400,3.43,yes
2026-10-10T05:18:19.957081Z,0.0400,230.82,yes
2026-10-10T05:18:21.709239Z,0.0400,222.25,yes
2026-10-10T05:18:21.709239Z,0.0300,12.00,yes
2026-10-10T05:18:23.416585Z,0.0300,9.00,yes
2026-10-10T05:18:23.499682Z,0.0400,75.00,yes
2026-10-10T05:18:23.499682Z,0.0400,1.00,yes
2026-10-10T05:18:23.499682Z,0.0400,355.93,yes
2026-10-10T05:18:23.499682Z,0.0400,27.01,yes
2026-10-10T05:18:23.499682Z,0.0300,3.00,yes
2026-10-10T05:18:23.848373Z,0.0200,3834.28,no
2026-10-10T05:18:24.548035Z,0.0400,1171.28,yes
2026-10-10T05:18:25.012414Z,0.0400,468.51,yes
2026-10-10T05:18:25.460489Z,0.0300,140.55,yes
2026-10-10T05:18:25.785404Z,0.0200,0.46,no
2026-10-10T05:18:27.015041Z,0.0300,312.13,yes
2026-10-10T05:18:27.992518Z,0.0300,4838.15,yes
2026-10-10T05:18:28.829687Z,0.0300,780.34,yes
2026-10-10T05:18:29.242872Z,0.0300,312.13,yes
2026-10-10T05:18:30.110484Z,0.0200,15.28,no
2026-10-10T05:18:30.474656Z,0.0300,249.71,yes
2026-10-10T05:18:31.04873Z,0.0300,312.13,yes
2026-10-10T05:18:31.181618Z,0.0300,31.21,yes
2026-10-10T05:18:31.510317Z,0.0300,31.21,yes
2026-10-10T05:18:31.615481Z,0.0200,467.59,no
2026-10-10T05:18:32.746684Z,0.0200,281.54,no
2026-10-10T05:18:32.904583Z,0.0300,31.21,yes
2026-10-10T05:18:33.078383Z,0.0200,1263.07,no
2026-10-10T05:18:33.141016Z,0.0200,50.00,no
2026-10-10T05:18:33.141016Z,0.0200,108.88,no
2026-10-10T05:18:33.141016Z,0.0200,1872.66,no
2026-10-10T05:18:33.141016Z,0.0200,75.00,no
2026-10-10T05:18:33.320234Z,0.0300,305.89,yes
2026-10-10T05:18:33.685307Z,0.0300,156.06,yes
2026-10-10T05:18:34.179369Z,0.0300,31.21,yes
2026-10-10T05:18:34.965134Z,0.0300,156.06,yes
2026-10-10T05:18:35.631195Z,0.0300,31.21,yes
2026-10-10T05:18:36.266248Z,0.0200,81.68,no
2026-10-10T05:18:36.266248Z,0.0200,30.18,no
2026-10-10T05:18:36.300867Z,0.0200,13.26,no
2026-10-10T05:18:36.300867Z,0.0200,80.32,no
2026-10-10T05:18:36.410357Z,0.0300,31.21,yes
2026-10-10T05:18:37.26241Z,0.0200,958.36,no
2026-10-10T05:18:37.620763Z,0.0200,117.63,no
2026-10-10T05:18:37.650076Z,0.0300,36.64,yes
2026-10-10T05:18:37.650076Z,0.0300,38.00,yes
2026-10-10T05:18:37.650076Z,0.0300,19.00,yes
2026-10-10T05:18:37.892831Z,0.0300,100.00,no
2026-10-10T05:18:37.892831Z,0.0300,75.00,no
2026-10-10T05:18:37.892831Z,0.0300,90.32,no
2026-10-10T05:18:37.93301Z,0.0300,5.00,no
2026-10-10T05:18:38.494691Z,0.0400,168.91,yes
2026-10-10T05:18:38.494691Z,0.0400,10.00,yes
2026-10-10T05:18:38.494691Z,0.0400,1.00,yes
2026-10-10T05:18:39.679728Z,0.0400,16.63,yes
2026-10-10T05:18:40.398627Z,0.0400,856.92,yes
2026-10-10T05:18:40.398627Z,0.0400,114.46,yes
2026-10-10T05:18:40.398627Z,0.0400,1.00,yes
2026-10-10T05:18:40.398627Z,0.0400,1.00,yes
2026-10-10T05:18:40.398627Z,0.0400,1.00,yes
2026-10-10T05:18:40.398627Z,0.0400,10.00,yes
2026-10-10T05:18:40.398627Z,0.0400,111.90,yes
2026-10-10T05:18:40.398627Z,0.0400,75.00,yes
2026-10-10T05:18:41.307482Z,0.0300,2.33,no
2026-10-10T05:18:41.349777Z,0.0300,2.33,no
2026-10-10T05:18:41.349777Z,0.0300,5.00,no
2026-10-10T05:18:41.349777Z,0.0300,21.50,no
2026-10-10T05:18:41.349777Z,0.0300,105.00,no
2026-10-10T05:18:41.349777Z,0.0300,102.35,no
2026-10-10T05:18:41.349777Z,0.0300,90.32,no
2026-10-10T05:18:41.349777Z,0.0300,75.00,no
2026-10-10T05:18:41.604388Z,0.0200,50.30,no
2026-10-10T05:18:41.919133Z,0.0200,22.56,no
2026-10-10T05:18:42.718848Z,0.0300,93.64,yes
2026-10-10T05:18:43.706821Z,0.0300,312.13,yes
2026-10-10T05:18:44.142176Z,0.0300,936.41,yes
2026-10-10T05:18:44.262636Z,0.0300,468.20,yes
2026-10-10T05:18:45.559759Z,0.0300,62.42,yes
2026-10-10T05:18:46.21974Z,0.0300,15.28,yes
2026-10-10T05:18:46.422094Z,0.0300,62.42,yes
2026-10-10T05:18:46.471439Z,0.0300,46.85,yes
2026-10-10T05:18:47.703713Z,0.0200,249.45,no
2026-10-10T05:18:47.972187Z,0.0200,147.39,no
2026-10-10T05:18:47.972187Z,0.0200,21.38,no
2026-10-10T05:18:48.019909Z,0.0300,31.21,yes
2026-10-10T05:18:48.080081Z,0.0300,31.21,yes
2026-10-10T05:18:49.139381Z,0.0300,749.13,yes
2026-10-10T05:18:49.675404Z,0.0300,1.56,yes
2026-10-10T05:18:49.846663Z,0.0200,124.85,no
2026-10-10T05:18:50.450122Z,0.0200,327.53,no
2026-10-10T05:18:50.535666Z,0.0300,156.06,yes
2026-10-10T05:18:52.779209Z,0.0300,156.06,yes
2026-10-10T05:18:54.213309Z,0.0200,935.19,no
2026-10-10T05:18:54.590047Z,0.0300,83.00,yes
2026-10-10T05:18:54.794408Z,0.0300,156.06,yes
2026-10-10T05:18:55.556818Z,0.0300,156.06,yes
2026-10-10T05:18:55.602559Z,0.0300,52.12,yes
2026-10-10T05:18:55.670083Z,0.0300,156.06,yes
2026-10-10T05:18:56.598332Z,0.0300,127.35,yes
2026-10-10T05:18:57.124082Z,0.0300,156.06,yes
2026-10-10T05:18:57.148851Z,0.0300,0.93,yes
2026-10-10T05:18:58.150218Z,0.0300,62.42,yes
2026-10-10T05:18:58.732757Z,0.0300,156.06,yes
2026-10-10T05:18:59.404274Z,0.0300,156.06,yes
2026-10-10T05:18:59.60314Z,0.0300,312.13,yes
2026-10-10T05:18:59.697358Z,0.0200,233.95,no
2026-10-10T05:19:00.265631Z,0.0200,0.01,no
2026-10-10T05:19:01.166621Z,0.0300,624.27,yes
2026-10-10T05:19:01.357543Z,0.0300,115.17,yes
2026-10-10T05:19:01.578712Z,0.0300,62.42,yes
2026-10-10T05:19:02.155317Z,0.0300,435.74,yes
2026-10-10T05:19:02.785729Z,0.0200,233.95,no
2026-10-10T05:19:04.562991Z,0.0300,312.13,yes
2026-10-10T05:19:06.267049Z,0.0300,189.78,yes
2026-10-10T05:19:06.553453Z,0.0300,31.21,yes
2026-10-10T05:19:07.067607Z,0.0300,62.42,yes
2026-10-10T05:19:07.303099Z,0.0300,62.42,yes
2026-10-10T05:19:08.097755Z,0.0300,156.06,yes
2026-10-10T05:19:08.480573Z,0.0300,624.27,yes
2026-10-10T05:19:08.644162Z,0.0300,199.80,yes
2026-10-10T05:19:11.135601Z,0.0300,31.21,yes
2026-10-10T05:19:11.819401Z,0.0300,780.34,yes
2026-10-10T05:19:11.921769Z,0.0200,54.73,no
2026-10-10T05:19:12.850453Z,0.0300,312.13,yes
2026-10-10T05:19:12.852105Z,0.0200,584.71,no
2026-10-10T05:19:13.004837Z,0.0200,935.19,no
2026-10-10T05:19:13.476292Z,0.0300,22.78,yes
2026-10-10T05:19:14.626511Z,0.0200,72.10,no
2026-10-10T05:19:14.707348Z,0.0300,312.13,yes
2026-10-10T05:19:15.082011Z,0.0200,258.60,no
2026-10-10T05:19:15.086484Z,0.0200,157.94,no
2026-10-10T05:19:15.464073Z,0.0300,166.00,yes
2026-10-10T05:19:15.656242Z,0.0200,14.26,no
2026-10-10T05:19:15.94454Z,0.0300,115.80,yes
2026-10-10T05:19:16.94081Z,0.0200,93.58,no
2026-10-10T05:19:17.498603Z,0.0200,11.28,no
2026-10-10T05:19:17.666624Z,0.0200,467.59,no
2026-10-10T05:19:18.629438Z,0.0200,956.26,no
2026-10-10T05:19:18.813036Z,0.0300,28.00,yes
2026-10-10T05:19:19.154525Z,0.0200,9.00,no
2026-10-10T05:19:22.84929Z,0.0300,3.12,yes
2026-10-10T05:19:22.880487Z,0.0200,140.30,no
2026-10-10T05:19:23.783172Z,0.0300,62.42,yes
2026-10-10T05:19:23.801064Z,0.0200,121.35,no
2026-10-10T05:19:23.801064Z,0.0200,97.00,no
2026-10-10T05:19:23.801064Z,0.0200,241.59,no
2026-10-10T05:19:24.01157Z,0.0300,111.43,yes
2026-10-10T05:19:24.445372Z,0.0300,624.27,yes
2026-10-10T05:19:24.83768Z,0.0300,187.28,yes
2026-10-10T05:19:24.846073Z,0.0200,312.13,no
2026-10-10T05:19:26.533259Z,0.0300,15.60,yes
2026-10-10T05:19:26.859366Z,0.0300,83.00,yes
2026-10-10T05:19:26.955273Z,0.0300,14.26,yes
2026-10-10T05:19:28.319874Z,0.0300,156.06,yes
2026-10-10T05:19:29.31338Z,0.0300,156.06,yes
2026-10-10T05:19:29.591838Z,0.0200,312.13,no
2026-10-10T05:19:29.747232Z,0.0200,154.39,no
2026-10-10T05:19:29.747232Z,0.0200,157.74,no
2026-10-10T05:19:29.97326Z,0.0300,31.21,yes
2026-10-10T05:19:30.173799Z,0.0300,312.13,yes
2026-10-10T05:19:30.690424Z,0.0200,295.14,no
2026-10-10T05:19:31.137356Z,0.0200,107.72,no
2026-10-10T05:19:32.01807Z,0.0300,31.21,yes
2026-10-10T05:19:33.537155Z,0.0300,0.31,yes
2026-10-10T05:19:33.992211Z,0.0300,15.60,yes
2026-10-10T05:19:34.195011Z,0.0300,243.78,yes
2026-10-10T05:19:34.479923Z,0.0300,31.21,yes
2026-10-10T05:19:36.890266Z,0.0300,156.06,yes
2026-10-10T05:19:36.941828Z,0.0300,780.34,yes
2026-10-10T05:19:37.353369Z,0.0300,31.21,yes
2026-10-10T05:19:37.589206Z,0.0300,1.24,yes
2026-10-10T05:19:37.722956Z,0.0200,12.59,no
2026-10-10T05:19:37.722956Z,0.0200,75.00,no
2026-10-10T05:19:37.722956Z,0.0200,424.32,no
2026-10-10T05:19:37.768369Z,0.0300,312.13,yes
2026-10-10T05:19:38.870661Z,0.0300,1560.69,yes
2026-10-10T05:19:39.156422Z,0.0200,83.63,no
2026-10-10T05:19:39.725133Z,0.0300,93.64,yes
2026-10-10T05:19:39.870263Z,0.0300,780.34,yes
2026-10-10T05:19:40.865414Z,0.0300,124.85,yes
2026-10-10T05:19:42.84965Z,0.0300,37.45,yes
2026-10-10T05:19:43.987134Z,0.0300,62.42,yes
2026-10-10T05:19:46.248312Z,0.0200,458.24,no
2026-10-10T05:19:46.889153Z,0.0300,31.52,yes
2026-10-10T05:19:46.938196Z,0.0200,208.62,no
2026-10-10T05:19:46.938196Z,0.0200,2.87,no
2026-10-10T05:19:47.500525Z,0.0200,30.66,no
2026-10-10T05:19:47.500525Z,0.0200,25.38,no
2026-10-10T05:19:48.15732Z,0.0300,156.06,yes
2026-10-10T05:19:48.748942Z,0.0300,444.00,yes
2026-10-10T05:19:48.952508Z,0.0300,3.12,yes
2026-10-10T05:19:49.400476Z,0.0200,79.54,no
2026-10-10T05:19:49.533653Z,0.0300,62.42,yes
2026-10-10T05:19:50.807542Z,0.0300,124.85,yes
2026-10-10T05:19:51.175196Z,0.0200,62.42,no
2026-10-10T05:19:52.003791Z,0.0300,408.90,yes
2026-10-10T05:19:52.298756Z,0.0200,1.62,no
2026-10-10T05:19:54.147563Z,0.0300,31.21,yes
2026-10-10T05:19:54.663817Z,0.0200,2317.43,no
2026-10-10T05:19:54.992089Z,0.0300,146.70,yes
2026-10-10T05:19:55.047049Z,0.0300,936.41,yes
2026-10-10T05:19:55.068394Z,0.0200,10.00,no
2026-10-10T05:19:55.130327Z,0.0300,0.31,yes
2026-10-10T05:19:56.280149Z,0.0300,0.62,yes
2026-10-10T05:19:56.298729Z,0.0200,26.82,no
2026-10-10T05:19:58.52771Z,0.0200,233.95,no
2026-10-10T05:19:59.666009Z,0.0300,50.00,yes
2026-10-10T05:20:02.494332Z,0.0300,56.04,yes
2026-10-10T05:20:03.774286Z,0.0200,31.21,no
2026-10-10T05:20:04.038122Z,0.0200,477.44,no
2026-10-10T05:20:05.467382Z,0.0300,31.21,yes
2026-10-10T05:20:06.671212Z,0.0200,15.60,no
2026-10-10T05:20:07.128845Z,0.0300,171.98,yes
2026-10-10T05:20:10.134568Z,0.0200,701.85,no
2026-10-10T05:20:10.521731Z,0.0200,3389.82,no
2026-10-10T05:20:10.995781Z,0.0300,54.31,yes
2026-10-10T05:20:11.317588Z,0.0200,161.26,no
2026-10-10T05:20:11.604278Z,0.0300,93.64,yes
2026-10-10T05:20:14.288977Z,0.0200,112.80,no
2026-10-10T05:20:16.896296Z,0.0200,20.11,no
2026-10-10T05:20:16.971108Z,0.0300,0.31,yes
2026-10-10T05:20:18.184767Z,0.0300,31.21,yes
2026-10-10T05:20:18.636647Z,0.0300,156.06,yes
2026-10-10T05:20:18.690228Z,0.0300,3121.39,yes
2026-10-10T05:20:19.782084Z,0.0300,31.21,yes
2026-10-10T05:20:20.549468Z,0.0300,0.31,yes
2026-10-10T05:20:21.293583Z,0.0300,62.42,yes
2026-10-10T05:20:21.557278Z,0.0300,305.89,yes
2026-10-10T05:20:21.971401Z,0.0300,62.42,yes
2026-10-10T05:20:22.748557Z,0.0200,31.21,no
2026-10-10T05:20:23.685569Z,0.0300,267.19,yes
2026-10-10T05:20:24.605283Z,0.0300,31.21,yes
2026-10-10T05:20:24.920172Z,0.0300,811.56,yes
2026-10-10T05:20:25.071991Z,0.0200,917.02,no
2026-10-10T05:20:25.125792Z,0.0300,62.42,yes
2026-10-10T05:20:25.850381Z,0.0300,117.98,yes
2026-10-10T05:20:25.923973Z,0.0300,31.21,yes
2026-10-10T05:20:25.997199Z,0.0300,14.04,yes
2026-10-10T05:20:27.018524Z,0.0300,0.93,yes
2026-10-10T05:20:27.019254Z,0.0300,199.80,yes
2026-10-10T05:20:27.640186Z,0.0300,312.13,yes
2026-10-10T05:20:28.006154Z,0.0200,27.79,no
2026-10-10T05:20:28.350126Z,0.0300,93.64,yes
2026-10-10T05:20:28.856905Z,0.0300,42.45,yes
2026-10-10T05:20:30.644077Z,0.0300,110.49,yes
2026-10-10T05:20:34.453054Z,0.0300,62.42,yes
2026-10-10T05:20:35.64435Z,0.0300,67.10,yes
2026-10-10T05:20:36.552775Z,0.0300,21.43,yes
2026-10-10T05:20:36.552775Z,0.0300,1.64,yes
2026-10-10T05:20:36.552775Z,0.0300,1.19,yes
2026-10-10T05:20:36.552775Z,0.0300,1.21,yes
2026-10-10T05:20:36.552775Z,0.0300,1.23,yes
2026-10-10T05:20:36.552775Z,0.0300,1.13,yes
2026-10-10T05:20:36.552775Z,0.0300,439.12,yes
2026-10-10T05:20:36.552775Z,0.0300,1.05,yes
2026-10-10T05:20:36.648022Z,0.0300,1.87,yes
2026-10-10T05:20:37.856561Z,0.0300,31.21,yes
2026-10-10T05:20:39.25544Z,0.0300,312.13,yes
2026-10-10T05:20:40.129978Z,0.0200,11.74,no
2026-10-10T05:20:41.687245Z,0.0300,156.06,yes
2026-10-10T05:20:41.929393Z,0.0200,156.06,no
2026-10-10T05:20:44.089062Z,0.0200,67.06,no
2026-10-10T05:20:44.307108Z,0.0200,26.26,no
2026-10-10T05:20:46.054883Z,0.0300,62.42,yes
2026-10-10T05:20:46.763116Z,0.0300,31.21,yes
2026-10-10T05:20:46.864719Z,0.0300,93.64,yes
2026-10-10T05:20:47.059834Z,0.0200,223.00,no
2026-10-10T05:20:47.759743Z,0.0200,661.76,no
2026-10-10T05:20:48.883833Z,0.0200,25.00,no
2026-10-10T05:20:49.306725Z,0.0300,98.94,yes
2026-10-10T05:20:51.059654Z,0.0300,17.79,yes
2026-10-10T05:20:52.19939Z,0.0300,83.00,yes
2026-10-10T05:20:52.213182Z,0.0300,780.34,yes
2026-10-10T05:20:52.798218Z,0.0300,31.21,yes
2026-10-10T05:20:53.806601Z,0.0300,31.21,yes
2026-10-10T05:20:54.01792Z,0.0300,2019.80,yes
2026-10-10T05:20:54.311134Z,0.0200,180.57,no
2026-10-10T05:20:54.311134Z,0.0200,1198.77,no
2026-10-10T05:20:56.612735Z,0.0300,312.13,yes
2026-10-10T05:20:57.66273Z,0.0200,350.92,no
2026-10-10T05:21:03.381699Z,0.0300,124.85,yes
2026-10-10T05:21:03.610634Z,0.0300,62.42,yes
2026-10-10T05:21:06.285242Z,0.0300,93.64,yes
2026-10-10T05:21:06.913617Z,0.0300,93.64,yes
2026-10-10T05:21:07.407176Z,0.0300,1.18,yes
2026-10-10T05:21:07.407176Z,0.0300,41.06,yes
2026-10-10T05:21:07.407176Z,0.0300,113.82,yes
2026-10-10T05:21:08.185284Z,0.0300,100.00,yes
2026-10-10T05:21:11.100533Z,0.0200,75.00,no
2026-10-10T05:21:15.018204Z,0.0300,312.13,yes
2026-10-10T05:21:21.819613Z,0.0200,168.22,no
2026-10-10T05:21:22.370308Z,0.0300,93.64,yes
2026-10-10T05:21:24.567957Z,0.0200,701.54,no
2026-10-10T05:21:24.56882Z,0.0200,200.00,no
2026-10-10T05:21:25.486521Z,0.0300,561.85,yes
2026-10-10T05:21:27.600569Z,0.0300,156.06,yes
2026-10-10T05:21:28.136342Z,0.0300,13.42,yes
2026-10-10T05:21:28.418314Z,0.0300,124.85,yes
2026-10-10T05:21:28.914821Z,0.0300,6.98,yes
2026-10-10T05:21:28.914821Z,0.0300,24.23,yes
2026-10-10T05:21:29.319221Z,0.0300,156.06,yes
2026-10-10T05:21:30.486642Z,0.0300,312.13,yes
2026-10-10T05:21:32.242983Z,0.0200,1963.90,no
2026-10-10T05:21:32.574306Z,0.0300,1.13,yes
2026-10-10T05:21:32.574306Z,0.0300,61.29,yes
2026-10-10T05:21:32.815948Z,0.0300,31.21,yes
2026-10-10T05:21:33.103763Z,0.0300,62.42,yes
2026-10-10T05:21:33.685289Z,0.0300,780.34,yes
2026-10-10T05:21:34.261597Z,0.0300,312.13,yes
2026-10-10T05:21:34.723965Z,0.0200,772.83,no
2026-10-10T05:21:34.723965Z,0.0200,250.00,no
2026-10-10T05:21:34.957412Z,0.0200,1.34,no
2026-10-10T05:21:38.942732Z,0.0300,31.21,yes
2026-10-10T05:21:39.200293Z,0.0300,62.42,yes
2026-10-10T05:21:40.494804Z,0.0300,20.28,yes
2026-10-10T05:21:40.938063Z,0.0300,21.00,yes
2026-10-10T05:21:41.316209Z,0.0300,156.06,yes
2026-10-10T05:21:41.965888Z,0.0300,93.64,yes
2026-10-10T05:21:43.328289Z,0.0200,0.01,no
2026-10-10T05:21:43.328289Z,0.0200,985.70,no
2026-10-10T05:21:43.328289Z,0.0200,725.83,no
2026-10-10T05:21:43.328289Z,0.0200,6452.73,no
2026-10-10T05:21:43.328289Z,0.0200,75.00,no
2026-10-10T05:21:44.559845Z,0.0200,623.77,no
2026-10-10T05:21:45.257774Z,0.0200,389.50,no
2026-10-10T05:21:46.550353Z,0.0300,312.13,yes
2026-10-10T05:21:47.205757Z,0.0300,0.93,yes
2026-10-10T05:21:47.464444Z,0.0300,31.21,yes
2026-10-10T05:21:48.2365Z,0.0200,20.60,no
2026-10-10T05:21:49.540233Z,0.0300,31.21,yes
2026-10-10T05:21:50.320128Z,0.0300,1.87,yes
2026-10-10T05:21:50.740556Z,0.0300,31.21,yes
2026-10-10T05:21:51.903074Z,0.0300,312.13,yes
2026-10-10T05:21:52.668181Z,0.0300,156.06,yes
2026-10-10T05:21:53.133062Z,0.0300,31.21,yes
2026-10-10T05:21:53.187372Z,0.0300,3.12,yes
2026-10-10T05:21:55.867799Z,0.0200,15.00,no
2026-10-10T05:21:55.867799Z,0.0200,0.01,no
2026-10-10T05:21:55.867799Z,0.0200,75.00,no
2026-10-10T05:21:55.867799Z,0.0200,100.00,no
2026-10-10T05:21:55.867799Z,0.0200,682.86,no
2026-10-10T05:21:57.369295Z,0.0200,14.03,no
2026-10-10T05:21:57.592422Z,0.0300,312.13,yes
2026-10-10T05:21:58.419648Z,0.0200,91.73,no
2026-10-10T05:21:59.77277Z,0.0200,46.85,no
2026-10-10T05:21:59.791417Z,0.0300,27.46,yes
2026-10-10T05:22:00.031864Z,0.0300,38.73,yes
2026-10-10T05:22:00.031864Z,0.0300,117.33,yes
2026-10-10T05:22:03.804911Z,0.0200,75.00,no
2026-10-10T05:22:03.804911Z,0.0200,0.01,no
2026-10-10T05:22:03.804911Z,0.0200,10000.00,no
2026-10-10T05:22:04.153436Z,0.0100,303.00,no
2026-10-10T05:22:04.153436Z,0.0100,8500.00,no
2026-10-10T05:22:04.153436Z,0.0100,5.00,no
2026-10-10T05:22:04.153436Z,0.0100,2000.00,no
2026-10-10T05:22:04.153436Z,0.0100,9349.73,no
2026-10-10T05:22:04.153436Z,0.0100,25.00,no
2026-10-10T05:22:04.153436Z,0.0100,1500.00,no
2026-10-10T05:22:04.153436Z,0.0100,1500.00,no
2026-10-10T05:22:04.153436Z,0.0100,500.00,no
2026-10-10T05:22:04.240633Z,0.0100,10.00,yes
2026-10-10T05:22:04.241244Z,0.0100,34.00,yes
2026-10-10T05:22:04.371696Z,0.0100,14.00,yes
2026-10-10T05:22:04.43087Z,0.0100,4.00,yes
2026-10-10T05:22:04.629974Z,0.0100,0.77,yes
2026-10-10T05:22:05.21919Z,0.0100,624.27,yes
2026-10-10T05:22:06.105451Z,0.0100,1312.96,yes
2026-10-10T05:22:06.105451Z,0.0100,247.73,yes
2026-10-10T05:22:06.461451Z,0.0100,15153.47,yes
2026-10-10T05:22:06.461451Z,0.0100,3.61,yes
2026-10-10T05:22:06.461451Z,0.0100,3.45,yes
2026-10-10T05:22:06.461451Z,0.0100,101.00,yes
2026-10-10T05:22:06.461451Z,0.0100,1.96,yes
2026-10-10T05:22:06.461451Z,0.0100,3.40,yes
2026-10-10T05:22:06.461451Z,0.0100,1.08,yes
2026-10-10T05:22:06.461451Z,0.0100,1.81,yes
2026-10-10T05:22:06.461451Z,0.0100,300.00,yes
2026-10-10T05:22:06.461451Z,0.0100,3.42,yes
2026-10-10T05:22:06.461451Z,0.0100,2.22,yes
2026-10-10T05:22:06.461451Z,0.0100,3.51,yes
2026-10-10T05:22:06.461451Z,0.0100,6.28,yes
2026-10-10T05:22:06.461451Z,0.0100,3.47,yes
2026-10-10T05:22:06.461451Z,0.0100,3.01,yes
2026-10-10T05:22:06.461451Z,0.0100,3.36,yes
2026-10-10T05:22:06.461451Z,0.0100,9102.00,yes
2026-10-10T05:22:06.461451Z,0.0100,3.47,yes
2026-10-10T05:22:06.461451Z,0.0100,2.71,yes
2026-10-10T05:22:06.461451Z,0.0100,3.48,yes
2026-10-10T05:22:06.461451Z,0.0100,3.30,yes
2026-10-10T05:22:06.461451Z,0.0100,3.20,yes
2026-10-10T05:22:06.461451Z,0.0100,286.79,yes
2026-10-10T05:22:07.31928Z,0.0100,84980.78,yes
2026-10-10T05:22:07.422593Z,0.0100,100000.00,yes
2026-10-10T05:22:07.546948Z,0.0100,25000.00,yes
2026-10-10T05:22:07.607492Z,0.0100,100000.00,yes
2026-10-10T05:22:07.646976Z,0.0100,25000.00,yes
2026-10-10T05:22:07.779251Z,0.0100,100000.00,yes
2026-10-10T05:22:07.973396Z,0.0100,100000.00,yes
2026-10-10T05:22:08.162764Z,0.0100,852.83,yes
2026-10-10T05:22:08.162764Z,0.0100,5420.75,yes
2026-10-10T05:22:08.220656Z,0.0100,25000.00,yes
2026-10-10T05:22:08.361821Z,0.0100,25000.00,yes
2026-10-10T05:22:08.396328Z,0.0100,25000.00,yes
2026-10-10T05:22:08.465923Z,0.0100,1.10,yes
2026-10-10T05:22:08.465923Z,0.0100,4.38,yes
2026-10-10T05:22:08.465923Z,0.0100,2.51,yes
2026-10-10T05:22:08.465923Z,0.0100,3.42,yes
2026-10-10T05:22:08.465923Z,0.0100,1.19,yes
2026-10-10T05:22:08.465923Z,0.0100,4.34,yes
2026-10-10T05:22:08.465923Z,0.0100,4.37,yes
2026-10-10T05:22:08.465923Z,0.0100,1.10,yes
2026-10-10T05:22:08.465923Z,0.0100,4.24,yes
2026-10-10T05:22:08.465923Z,0.0100,1.71,yes
2026-10-10T05:22:08.465923Z,0.0100,7.57,yes
2026-10-10T05:22:08.614345Z,0.0200,25.00,yes
2026-10-10T05:22:08.614345Z,0.0200,5.00,yes
2026-10-10T05:22:10.954462Z,0.0200,105.00,no
2026-10-10T05:22:10.954462Z,0.0100,972.70,no
2026-10-10T05:22:10.954462Z,0.0200,75.00,no
2026-10-10T05:22:10.954462Z,0.0200,234.00,no
2026-10-10T05:22:10.954462Z,0.0200,17.00,no
2026-10-10T05:22:12.047486Z,0.0200,11.78,no
2026-10-10T05:22:12.800002Z,0.0300,19.00,yes
2026-10-10T05:22:12.800002Z,0.0300,58.00,yes
2026-10-10T05:22:12.800002Z,0.0300,1500.00,yes
2026-10-10T05:22:12.800002Z,0.0300,3911.00,yes
2026-10-10T05:22:12.800002Z,0.0300,5000.00,yes
2026-10-10T05:22:12.800002Z,0.0300,299.00,yes
2026-10-10T05:22:12.800002Z,0.0300,3.00,yes
2026-10-10T05:22:12.800002Z,0.0300,1.00,yes
2026-10-10T05:22:12.800002Z,0.0300,851.00,yes
2026-10-10T05:22:12.800002Z,0.0300,75.00,yes
2026-10-10T05:22:13.151691Z,0.0300,284.47,no
2026-10-10T05:22:13.659378Z,0.0300,93.51,no
2026-10-10T05:22:13.851103Z,0.0300,2261.58,no
2026-10-10T05:22:13.851103Z,0.0300,100.00,no
2026-10-10T05:22:13.851103Z,0.0300,2363.42,no
2026-10-10T05:22:13.851103Z,0.0300,200.00,no
2026-10-10T05:22:13.851103Z,0.0300,75.00,no
2026-10-10T05:22:15.97823Z,0.0300,156.06,no
2026-10-10T05:22:16.145708Z,0.0300,935.80,no
2026-10-10T05:22:16.729946Z,0.0300,134.12,no
2026-10-10T05:22:16.798461Z,0.0300,1543.76,no
2026-10-10T05:22:16.877185Z,0.0300,1.05,no
2026-10-10T05:22:17.239628Z,0.0300,93.51,no
2026-10-10T05:22:18.062296Z,0.0300,2339.50,no
2026-10-10T05:22:19.130051Z,0.0300,0.93,no
2026-10-10T05:22:19.326975Z,0.0300,1.54,no
2026-10-10T05:22:19.326975Z,0.0300,33.69,no
2026-10-10T05:22:20.066481Z,0.0300,198.46,no
2026-10-10T05:22:20.066481Z,0.0300,38.28,no
2026-10-10T05:22:20.155331Z,0.0300,1.54,no
2026-10-10T05:22:20.155331Z,0.0300,58.72,no
2026-10-10T05:22:20.155331Z,0.0300,198.46,no
2026-10-10T05:22:20.155331Z,0.0200,21.31,no
2026-10-10T05:22:20.155331Z,0.0300,500.00,no
2026-10-10T05:22:20.20998Z,0.0200,620.03,no
2026-10-10T05:22:20.20998Z,0.0200,53.69,no
2026-10-10T05:22:21.364479Z,0.0200,263.69,no
2026-10-10T05:22:21.364479Z,0.0300,1000.00,no
2026-10-10T05:22:21.364479Z,0.0300,97.00,no
2026-10-10T05:22:21.364479Z,0.0300,200.00,no
2026-10-10T05:22:21.415004Z,0.0300,48.00,yes
2026-10-10T05:22:23.272901Z,0.0300,22.23,no
2026-10-10T05:22:23.48282Z,0.0400,7.08,yes
2026-10-10T05:22:23.48282Z,0.0400,14.00,yes
2026-10-10T05:22:24.587313Z,0.0300,37.15,no
2026-10-10T05:22:24.587313Z,0.0300,25.77,no
2026-10-10T05:22:24.988872Z,0.0300,4.00,no
2026-10-10T05:22:25.307722Z,0.0300,97.00,no
2026-10-10T05:22:25.307722Z,0.0300,221.51,no
2026-10-10T05:22:25.307722Z,0.0300,158.85,no
2026-10-10T05:22:25.651751Z,0.0300,1757.44,no
2026-10-10T05:22:25.840971Z,0.0400,67.92,yes
2026-10-10T05:22:25.840971Z,0.0400,2.35,yes
2026-10-10T05:22:27.339982Z,0.0300,101.28,no
2026-10-10T05:22:28.799456Z,0.0300,474.12,no
2026-10-10T05:22:30.489775Z,0.0400,10.13,yes
2026-10-10T05:22:30.489775Z,0.0400,11.65,yes
2026-10-10T05:22:30.725377Z,0.0400,6.25,yes
2026-10-10T05:22:30.725377Z,0.0400,110.87,yes
2026-10-10T05:22:31.246707Z,0.0400,305.75,yes
2026-10-10T05:22:31.246707Z,0.0400,6.51,yes
2026-10-10T05:22:31.664363Z,0.0300,156.37,no
2026-10-10T05:22:31.836287Z,0.0400,0.25,yes
2026-10-10T05:22:31.85115Z,0.0300,748.18,no
2026-10-10T05:22:32.50997Z,0.0300,7.01,no
2026-10-10T05:22:32.681804Z,0.0400,88.78,yes
2026-10-10T05:22:33.068174Z,0.0400,84.79,yes
2026-10-10T05:22:33.068174Z,0.0400,216.46,yes
2026-10-10T05:22:33.133637Z,0.0400,46.85,yes
2026-10-10T05:22:34.157367Z,0.0400,23.36,yes
2026-10-10T05:22:34.157367Z,0.0400,93.76,yes
2026-10-10T05:22:34.587434Z,0.0300,93.51,no
2026-10-10T05:22:34.750104Z,0.0400,117.12,yes
2026-10-10T05:22:35.261483Z,0.0400,70.27,yes
2026-10-10T05:22:35.839313Z,0.0400,64.42,yes
2026-10-10T05:22:38.161452Z,0.0400,20.38,yes
2026-10-10T05:22:38.280191Z,0.0300,761.00,no
2026-10-10T05:22:38.590226Z,0.0300,467.90,no
2026-10-10T05:22:38.690154Z,0.0400,70.27,yes
2026-10-10T05:22:38.984087Z,0.0300,35.09,no
2026-10-10T05:22:39.376701Z,0.0400,117.12,yes
2026-10-10T05:22:39.702312Z,0.0400,1151.14,yes
2026-10-10T05:22:39.944118Z,0.0400,117.12,yes
2026-10-10T05:22:40.047413Z,0.0300,113.59,no
2026-10-10T05:22:40.047413Z,0.0300,75.00,no
2026-10-10T05:22:40.047413Z,0.0300,123.54,no
2026-10-10T05:22:40.549353Z,0.0300,1779.49,no
2026-10-10T05:22:40.824289Z,0.0400,100.00,yes
2026-10-10T05:22:41.572269Z,0.0400,2.00,yes
2026-10-10T05:22:41.572269Z,0.0400,5.00,yes
2026-10-10T05:22:41.572269Z,0.0400,0.30,yes
2026-10-10T05:22:41.572269Z,0.0400,1.12,yes
2026-10-10T05:22:41.572269Z,0.0400,1.00,yes
2026-10-10T05:22:41.572269Z,0.0400,146.43,yes
2026-10-10T05:22:41.572269Z,0.0400,78.40,yes
2026-10-10T05:22:41.609198Z,0.0400,1.31,yes
2026-10-10T05:22:41.609198Z,0.0400,1.14,yes
2026-10-10T05:22:41.609198Z,0.0400,1.25,yes
2026-10-10T05:22:41.609198Z,0.0400,1.30,yes
2026-10-10T05:22:41.609198Z,0.0400,0.78,yes
2026-10-10T05:22:41.609198Z,0.0400,1.08,yes
2026-10-10T05:22:41.609198Z,0.0400,1.17,yes
2026-10-10T05:22:41.609198Z,0.0400,361.55,yes
2026-10-10T05:22:41.609198Z,0.0400,1.31,yes
2026-10-10T05:22:41.609198Z,0.0400,1.31,yes
2026-10-10T05:22:41.609198Z,0.0400,1.30,yes
2026-10-10T05:22:41.609198Z,0.0400,1.31,yes
2026-10-10T05:22:41.844076Z,0.0400,50.00,yes
2026-10-10T05:22:41.916354Z,0.0400,142.00,yes
2026-10-10T05:22:41.991658Z,0.0400,585.64,yes
2026-10-10T05:22:42.012366Z,0.0400,23.42,yes
2026-10-10T05:22:42.485034Z,0.0400,337.39,yes
2026-10-10T05:22:42.485034Z,0.0400,248.25,yes
2026-10-10T05:22:42.649628Z,0.0400,1.09,yes
2026-10-10T05:22:42.649628Z,0.0400,454.42,yes
2026-10-10T05:22:42.649628Z,0.0400,1.26,yes
2026-10-10T05:22:42.649628Z,0.0400,1.23,yes
2026-10-10T05:22:42.649628Z,0.0400,1.32,yes
2026-10-10T05:22:42.649628Z,0.0400,1.29,yes
2026-10-10T05:22:42.649628Z,0.0400,1.30,yes
2026-10-10T05:22:42.649628Z,0.0400,1.30,yes
2026-10-10T05:22:42.649628Z,0.0400,1.32,yes
2026-10-10T05:22:42.649628Z,0.0400,1.34,yes
2026-10-10T05:22:42.649628Z,0.0400,1.34,yes
2026-10-10T05:22:42.649628Z,0.0400,1.30,yes
2026-10-10T05:22:42.6643Z,0.0400,67.84,yes
2026-10-10T05:22:42.6643Z,0.0400,1.40,yes
2026-10-10T05:22:42.6643Z,0.0400,1.24,yes
2026-10-10T05:22:42.6643Z,0.0400,1.06,yes
2026-10-10T05:22:42.6643Z,0.0400,45.58,yes
2026-10-10T05:22:43.577951Z,0.0300,2034.43,no
2026-10-10T05:22:43.861627Z,0.0300,359.00,no
2026-10-10T05:22:44.116822Z,0.0400,1.17,yes
2026-10-10T05:22:44.116822Z,0.0400,1.17,yes
2026-10-10T05:22:44.116822Z,0.0400,7.16,yes
2026-10-10T05:22:44.116822Z,0.0400,12.90,yes
2026-10-10T05:22:44.116822Z,0.0400,1.02,yes
2026-10-10T05:22:44.17113Z,0.0300,467.59,no
2026-10-10T05:22:44.851033Z,0.0400,1855.47,yes
2026-10-10T05:22:44.851033Z,0.0400,487.10,yes
2026-10-10T05:22:44.859608Z,0.0400,257.68,yes
2026-10-10T05:22:47.367002Z,0.0400,70.27,yes
2026-10-10T05:22:47.936429Z,0.0400,23.42,yes
2026-10-10T05:22:49.11325Z,0.0400,0.23,yes
2026-10-10T05:22:49.411799Z,0.0400,17.22,yes
2026-10-10T05:22:49.411799Z,0.0400,18.00,yes
2026-10-10T05:22:49.411799Z,0.0400,104.00,yes
2026-10-10T05:22:49.411799Z,0.0400,117.00,yes
2026-10-10T05:22:49.411799Z,0.0400,75.00,yes
2026-10-10T05:22:49.411799Z,0.0400,5.77,yes
2026-10-10T05:22:49.411799Z,0.0500,954.86,yes
2026-10-10T05:22:49.411799Z,0.0500,110.00,yes
2026-10-10T05:22:49.411799Z,0.0500,12.00,yes
2026-10-10T05:22:49.444467Z,0.0300,97.00,no
2026-10-10T05:22:49.444467Z,0.0300,15.00,no
2026-10-10T05:22:49.444467Z,0.0300,200.00,no
2026-10-10T05:22:49.444467Z,0.0300,75.00,no
2026-10-10T05:22:49.444467Z,0.0200,48.71,no
2026-10-10T05:22:49.869183Z,0.0400,46.85,yes
2026-10-10T05:22:50.070307Z,0.0400,195.51,yes
2026-10-10T05:22:50.423853Z,0.0400,117.12,yes
2026-10-10T05:22:50.576344Z,0.0400,93.70,yes
2026-10-10T05:22:51.419827Z,0.0300,169.88,no
2026-10-10T05:22:51.419827Z,0.0300,17.00,no
2026-10-10T05:22:51.797138Z,0.0400,48.00,yes
2026-10-10T05:22:51.797138Z,0.0400,4.00,yes
2026-10-10T05:22:51.797138Z,0.0400,75.00,yes
2026-10-10T05:22:51.797138Z,0.0400,1.01,yes
2026-10-10T05:22:51.797138Z,0.0400,1.35,yes
2026-10-10T05:22:51.797138Z,0.0400,104.00,yes
2026-10-10T05:22:51.797138Z,0.0400,24.00,yes
2026-10-10T05:22:51.797138Z,0.0400,3.78,yes
2026-10-10T05:22:51.797138Z,0.0500,248.10,yes
2026-10-10T05:22:51.797138Z,0.0500,1.00,yes
2026-10-10T05:22:51.797138Z,0.0500,1.00,yes
2026-10-10T05:22:51.797138Z,0.0500,1.00,yes
2026-10-10T05:22:51.797138Z,0.0500,1.00,yes
2026-10-10T05:22:51.797138Z,0.0500,3.00,yes
2026-10-10T05:22:51.797138Z,0.0500,7.00,yes
2026-10-10T05:22:51.797138Z,0.0500,293.47,yes
2026-10-10T05:22:51.797138Z,0.0500,9.00,yes
2026-10-10T05:22:51.832262Z,0.0500,21.09,yes
2026-10-10T05:22:52.277863Z,0.0400,20.00,yes
2026-10-10T05:22:52.277863Z,0.0400,38.13,yes
2026-10-10T05:22:52.480016Z,0.0300,23.61,no
2026-10-10T05:22:52.711555Z,0.0400,65.87,yes
2026-10-10T05:22:52.711555Z,0.0400,75.00,yes
2026-10-10T05:22:52.711555Z,0.0400,38.13,yes
2026-10-10T05:22:52.711555Z,0.0400,117.00,yes
2026-10-10T05:22:52.711555Z,0.0400,24.00,yes
2026-10-10T05:22:52.711555Z,0.0500,24.35,yes
2026-10-10T05:22:53.256639Z,0.0500,93.76,yes
2026-10-10T05:22:53.539119Z,0.0500,13.12,yes
2026-10-10T05:22:53.624459Z,0.0400,5.00,no
2026-10-10T05:22:54.010455Z,0.0400,57.52,yes
2026-10-10T05:22:54.010455Z,0.0400,75.00,yes
2026-10-10T05:22:54.010455Z,0.0400,55.00,yes
2026-10-10T05:22:55.283732Z,0.0500,163.32,yes
2026-10-10T05:22:55.283732Z,0.0400,4.88,yes
2026-10-10T05:22:55.283732Z,0.0400,24.00,yes
2026-10-10T05:22:55.454302Z,0.0500,372.14,yes
2026-10-10T05:22:55.701234Z,0.0500,125.00,yes
2026-10-10T05:22:55.822041Z,0.0300,424.00,no
2026-10-10T05:22:55.822041Z,0.0300,169.88,no
2026-10-10T05:22:55.822041Z,0.0300,23.61,no
2026-10-10T05:22:55.822041Z,0.0300,373.75,no
2026-10-10T05:22:55.822041Z,0.0300,75.00,no
2026-10-10T05:22:55.822041Z,0.0300,6.51,no
2026-10-10T05:22:55.822041Z,0.0300,97.00,no
2026-10-10T05:22:55.964239Z,0.0500,375.05,yes
2026-10-10T05:22:56.425516Z,0.0500,454.38,yes
2026-10-10T05:22:56.698868Z,0.0300,662.54,no
2026-10-10T05:22:56.914948Z,0.0400,262.54,yes
2026-10-10T05:22:57.286801Z,0.0400,0.37,yes
2026-10-10T05:22:57.378937Z,0.0400,54.58,yes
2026-10-10T05:22:57.582819Z,0.0400,23.42,yes
2026-10-10T05:22:58.276164Z,0.0400,123.92,yes
2026-10-10T05:22:58.277539Z,0.0400,344.35,yes
2026-10-10T05:22:59.277097Z,0.0400,2342.57,yes
2026-10-10T05:22:59.497538Z,0.0400,46.85,yes
2026-10-10T05:22:59.802673Z,0.0400,23.42,yes
2026-10-10T05:23:00.240004Z,0.0400,49.83,yes
2026-10-10T05:23:00.263139Z,0.0400,210.83,yes
2026-10-10T05:23:00.287163Z,0.0300,26.20,no
2026-10-10T05:23:00.473387Z,0.0400,23.42,yes
2026-10-10T05:23:00.816152Z,0.0400,585.64,yes
2026-10-10T05:23:00.840196Z,0.0400,0.70,yes
2026-10-10T05:23:01.204148Z,0.0400,234.25,yes
2026-10-10T05:23:01.219925Z,0.0300,1169.75,no
2026-10-10T05:23:02.513405Z,0.0400,200.00,yes
2026-10-10T05:23:04.252229Z,0.0400,46.85,yes
2026-10-10T05:23:04.282776Z,0.0400,93.70,yes
2026-10-10T05:23:04.412973Z,0.0400,187.40,yes
2026-10-10T05:23:04.510313Z,0.0400,1054.16,yes
2026-10-10T05:23:04.569761Z,0.0300,327.53,no
2026-10-10T05:23:05.089126Z,0.0400,23.42,yes
2026-10-10T05:23:05.676146Z,0.0400,40.52,yes
2026-10-10T05:23:05.970201Z,0.0400,117.12,yes
2026-10-10T05:23:07.291374Z,0.0400,1331.99,yes
2026-10-10T05:23:08.674259Z,0.0400,192.21,yes
2026-10-10T05:23:08.735559Z,0.0400,117.12,yes
2026-10-10T05:23:09.690426Z,0.0400,706.05,yes
2026-10-10T05:23:10.785709Z,0.0400,142.00,yes
2026-10-10T05:23:10.825879Z,0.0400,14.05,yes
2026-10-10T05:23:11.648244Z,0.0400,23.42,yes
2026-10-10T05:23:11.781542Z,0.0400,70.27,yes
2026-10-10T05:23:11.864133Z,0.0400,351.38,yes
2026-10-10T05:23:11.994211Z,0.0400,17.10,yes
2026-10-10T05:23:12.300709Z,0.0400,35.00,yes
2026-10-10T05:23:12.761328Z,0.0400,23.42,yes
2026-10-10T05:23:12.898211Z,0.0400,75.00,yes
2026-10-10T05:23:12.898211Z,0.0400,584.97,yes
2026-10-10T05:23:12.898211Z,0.0400,886.13,yes
2026-10-10T05:23:12.964817Z,0.0300,0.42,no
2026-10-10T05:23:12.999582Z,0.0400,234.25,yes
2026-10-10T05:23:13.269566Z,0.0300,122.00,no
2026-10-10T05:23:13.320495Z,0.0400,234.25,yes
2026-10-10T05:23:13.376557Z,0.0400,23.42,yes
2026-10-10T05:23:13.748262Z,0.0400,468.51,yes
2026-10-10T05:23:13.752869Z,0.0400,6.09,yes
2026-10-10T05:23:13.81875Z,0.0300,467.90,no
2026-10-10T05:23:14.075923Z,0.0400,23.42,yes
2026-10-10T05:23:14.472607Z,0.0400,468.51,yes
2026-10-10T05:23:15.663683Z,0.0400,117.12,yes
2026-10-10T05:23:15.774844Z,0.0400,234.25,yes
2026-10-10T05:23:16.019436Z,0.0300,467.90,no
2026-10-10T05:23:16.309407Z,0.0400,117.12,yes
2026-10-10T05:23:16.379797Z,0.0400,117.12,yes
2026-10-10T05:23:16.759622Z,0.0400,93.70,yes
2026-10-10T05:23:17.142018Z,0.0400,46.75,yes
2026-10-10T05:23:17.254015Z,0.0300,382.01,no
2026-10-10T05:23:17.254015Z,0.0300,282.00,no
2026-10-10T05:23:17.254015Z,0.0300,1628.41,no
2026-10-10T05:23:17.254015Z,0.0300,75.00,no
2026-10-10T05:23:17.398537Z,0.0400,468.51,yes
2026-10-10T05:23:17.646107Z,0.0300,43.98,no
2026-10-10T05:23:18.130197Z,0.0400,117.12,yes
2026-10-10T05:23:18.182477Z,0.0300,46.77,no
2026-10-10T05:23:18.367202Z,0.0400,117.12,yes
2026-10-10T05:23:18.547499Z,0.0300,935.80,no
2026-10-10T05:23:18.62755Z,0.0300,187.03,no
2026-10-10T05:23:18.650918Z,0.0400,46.85,yes
2026-10-10T05:23:18.887018Z,0.0400,46.85,yes
2026-10-10T05:23:19.611869Z,0.0400,117.12,yes
2026-10-10T05:23:20.389066Z,0.0400,398.23,yes
2026-10-10T05:23:20.769474Z,0.0300,1011.22,no
2026-10-10T05:23:20.948333Z,0.0400,46.85,yes
2026-10-10T05:23:21.650684Z,0.0400,117.12,yes
2026-10-10T05:23:22.184296Z,0.0400,23.42,yes
2026-10-10T05:23:22.635901Z,0.0400,67.70,yes
2026-10-10T05:23:23.049443Z,0.0400,117.12,yes
2026-10-10T05:23:24.289779Z,0.0400,23.42,yes
2026-10-10T05:23:24.368958Z,0.0300,0.70,no
2026-10-10T05:23:24.835292Z,0.0300,41.00,no
2026-10-10T05:23:25.15386Z,0.0300,100.00,no
2026-10-10T05:23:26.631785Z,0.0400,100.00,yes
2026-10-10T05:23:27.165284Z,0.0300,156.06,no
2026-10-10T05:23:27.17084Z,0.0400,117.12,yes
2026-10-10T05:23:27.820686Z,0.0400,117.12,yes
2026-10-10T05:23:28.0935Z,0.0300,780.34,no
2026-10-10T05:23:28.184342Z,0.0400,468.50,yes
2026-10-10T05:23:28.643399Z,0.0400,117.12,yes
2026-10-10T05:23:29.393824Z,0.0300,5.69,no
2026-10-10T05:23:29.393824Z,0.0300,56.07,no
2026-10-10T05:23:29.59357Z,0.0400,351.38,yes
2026-10-10T05:23:29.995657Z,0.0400,147.34,yes
2026-10-10T05:23:29.9998Z,0.0400,87.61,yes
2026-10-10T05:23:30.429858Z,0.0400,468.51,yes
2026-10-10T05:23:30.444351Z,0.0300,233.95,no
2026-10-10T05:23:32.096031Z,0.0400,140.55,yes
2026-10-10T05:23:32.337358Z,0.0400,157.42,yes
2026-10-10T05:23:32.484613Z,0.0400,117.12,yes
2026-10-10T05:23:32.487877Z,0.0300,375.05,no
2026-10-10T05:23:32.873766Z,0.0400,6.00,yes
2026-10-10T05:23:33.05313Z,0.0400,117.12,yes
2026-10-10T05:23:33.302185Z,0.0400,0.46,yes
2026-10-10T05:23:33.531278Z,0.0400,117.12,yes
2026-10-10T05:23:34.03647Z,0.0400,25.76,yes
2026-10-10T05:23:34.393792Z,0.0400,1.19,yes
2026-10-10T05:23:34.393792Z,0.0400,464.88,yes
2026-10-10T05:23:34.393792Z,0.0400,5.68,yes
2026-10-10T05:23:34.393792Z,0.0400,1866.84,yes
2026-10-10T05:23:34.393792Z,0.0400,1.31,yes
2026-10-10T05:23:34.393792Z,0.0400,1.34,yes
2026-10-10T05:23:34.393792Z,0.0400,1.33,yes
2026-10-10T05:23:34.481784Z,0.0400,234.25,yes
2026-10-10T05:23:34.625416Z,0.0400,268.69,yes
2026-10-10T05:23:34.752998Z,0.0400,468.50,yes
2026-10-10T05:23:34.888096Z,0.0400,71.44,yes
2026-10-10T05:23:35.980604Z,0.0400,281.10,yes
2026-10-10T05:23:36.776873Z,0.0400,351.38,yes
2026-10-10T05:23:36.93556Z,0.0400,117.12,yes
2026-10-10T05:23:37.515512Z,0.0400,58.50,yes
2026-10-10T05:23:37.582766Z,0.0400,2342.57,yes
2026-10-10T05:23:37.948601Z,0.0400,890.17,yes
2026-10-10T05:23:37.972808Z,0.0400,585.64,yes
2026-10-10T05:23:38.774Z,0.0300,62.42,no
2026-10-10T05:23:38.794451Z,0.0400,43.10,yes
2026-10-10T05:23:39.177032Z,0.0300,15.00,no
2026-10-10T05:23:39.177032Z,0.0300,100.00,no
2026-10-10T05:23:39.177032Z,0.0200,820.19,no
2026-10-10T05:23:39.388139Z,0.0400,117.12,yes
2026-10-10T05:23:39.421484Z,0.0200,187.03,no
2026-10-10T05:23:39.501972Z,0.0200,3681.81,no
2026-10-10T05:23:39.778119Z,0.0400,234.25,yes
2026-10-10T05:23:39.836098Z,0.0400,44.50,yes
2026-10-10T05:23:39.953695Z,0.0200,765.96,no
2026-10-10T05:23:40.158807Z,0.0400,11.71,yes
2026-10-10T05:23:40.360942Z,0.0400,34.00,yes
2026-10-10T05:23:41.103799Z,0.0400,234.25,yes
2026-10-10T05:23:41.659404Z,0.0400,3.27,yes
2026-10-10T05:23:41.95684Z,0.0300,150.00,yes
2026-10-10T05:23:41.95684Z,0.0300,24.00,yes
2026-10-10T05:23:41.95684Z,0.0300,75.00,yes
2026-10-10T05:23:41.95684Z,0.0300,103.00,yes
2026-10-10T05:23:41.95684Z,0.0300,4.00,yes
2026-10-10T05:23:41.95684Z,0.0300,2.00,yes
2026-10-10T05:23:41.95684Z,0.0400,297.92,yes
2026-10-10T05:23:42.534376Z,0.0400,1.18,yes
2026-10-10T05:23:42.534376Z,0.0400,1.54,yes
2026-10-10T05:23:42.534376Z,0.0400,1.37,yes
2026-10-10T05:23:42.534376Z,0.0400,1.37,yes
2026-10-10T05:23:42.534376Z,0.0400,1.33,yes
2026-10-10T05:23:42.534376Z,0.0400,1.32,yes
2026-10-10T05:23:42.534376Z,0.0400,1.16,yes
2026-10-10T05:23:42.534376Z,0.0400,1.20,yes
2026-10-10T05:23:42.534376Z,0.0400,1.01,yes
2026-10-10T05:23:42.534376Z,0.0400,1.14,yes
2026-10-10T05:23:42.534376Z,0.0400,1.05,yes
2026-10-10T05:23:42.534376Z,0.0400,1.53,yes
2026-10-10T05:23:42.534376Z,0.0400,1.29,yes
2026-10-10T05:23:42.534376Z,0.0400,1.25,yes
2026-10-10T05:23:42.534376Z,0.0400,1.18,yes
2026-10-10T05:23:42.534376Z,0.0400,1.01,yes
2026-10-10T05:23:42.534376Z,0.0400,1.28,yes
2026-10-10T05:23:42.534376Z,0.0400,1.37,yes
2026-10-10T05:23:42.534376Z,0.0400,1.80,yes
2026-10-10T05:23:42.534376Z,0.0400,1.52,yes
2026-10-10T05:23:42.534376Z,0.0400,1.12,yes
2026-10-10T05:23:42.534376Z,0.0400,1.39,yes
2026-10-10T05:23:42.534376Z,0.0400,1.04,yes
2026-10-10T05:23:42.534376Z,0.0400,1.50,yes
2026-10-10T05:23:42.534376Z,0.0400,1.43,yes
2026-10-10T05:23:42.534376Z,0.0400,1.02,yes
2026-10-10T05:23:42.534376Z,0.0400,1.23,yes
2026-10-10T05:23:42.534376Z,0.0400,1.18,yes
2026-10-10T05:23:42.534376Z,0.0400,1.32,yes
2026-10-10T05:23:42.534376Z,0.0400,1.47,yes
2026-10-10T05:23:42.534376Z,0.0400,1.60,yes
2026-10-10T05:23:42.534376Z,0.0400,1.70,yes
2026-10-10T05:23:42.534376Z,0.0400,1.78,yes
2026-10-10T05:23:42.534376Z,0.0400,5.00,yes
2026-10-10T05:23:42.534376Z,0.0400,1.06,yes
2026-10-10T05:23:42.534376Z,0.0400,1.06,yes
2026-10-10T05:23:42.534376Z,0.0400,60.00,yes
2026-10-10T05:23:42.534376Z,0.0400,1.44,yes
2026-10-10T05:23:42.534376Z,0.0400,1.24,yes
2026-10-10T05:23:42.534376Z,0.0400,1.09,yes
2026-10-10T05:23:42.534376Z,0.0400,1.67,yes
2026-10-10T05:23:42.534376Z,0.0400,1.46,yes
2026-10-10T05:23:42.534376Z,0.0400,1.20,yes
2026-10-10T05:23:42.534376Z,0.0400,1.61,yes
2026-10-10T05:23:42.534376Z,0.0400,1.16,yes
2026-10-10T05:23:42.534376Z,0.0400,1.19,yes
2026-10-10T05:23:42.534376Z,0.0400,1.52,yes
2026-10-10T05:23:42.534376Z,0.0400,1.49,yes
2026-10-10T05:23:42.534376Z,0.0400,1.19,yes
2026-10-10T05:23:42.534376Z,0.0400,1.33,yes
2026-10-10T05:23:42.534376Z,0.0400,1.09,yes
2026-10-10T05:23:42.534376Z,0.0400,1.15,yes
2026-10-10T05:23:42.534376Z,0.0400,1.18,yes
2026-10-10T05:23:42.534376Z,0.0400,1.12,yes
2026-10-10T05:23:42.534376Z,0.0400,1.33,yes
2026-10-10T05:23:42.534376Z,0.0400,1.74,yes
2026-10-10T05:23:42.534376Z,0.0400,1.80,yes
2026-10-10T05:23:42.534376Z,0.0400,1.75,yes
2026-10-10T05:23:42.534376Z,0.0400,1.39,yes
2026-10-10T05:23:42.534376Z,0.0400,1.57,yes
2026-10-10T05:23:42.534376Z,0.0400,1.45,yes
2026-10-10T05:23:42.534376Z,0.0400,1.45,yes
2026-10-10T05:23:42.534376Z,0.0400,1.33,yes
2026-10-10T05:23:42.534376Z,0.0400,1.34,yes
2026-10-10T05:23:42.534376Z,0.0400,1.25,yes
2026-10-10T05:23:42.534376Z,0.0400,1.05,yes
2026-10-10T05:23:42.534376Z,0.0400,1.09,yes
2026-10-10T05:23:42.534376Z,0.0400,1.05,yes
2026-10-10T05:23:42.534376Z,0.0400,10.00,yes
2026-10-10T05:23:42.534376Z,0.0400,1.31,yes
2026-10-10T05:23:42.534376Z,0.0400,1.00,yes
2026-10-10T05:23:42.534376Z,0.0400,1.12,yes
2026-10-10T05:23:42.534376Z,0.0400,1.36,yes
2026-10-10T05:23:42.534376Z,0.0400,1.26,yes
2026-10-10T05:23:42.534376Z,0.0500,52.50,yes
2026-10-10T05:23:43.769111Z,0.0400,327.96,yes
2026-10-10T05:23:44.186508Z,0.0400,111.27,yes
2026-10-10T05:23:44.669298Z,0.0300,17.00,no
2026-10-10T05:23:44.669298Z,0.0300,200.00,no
2026-10-10T05:23:44.669298Z,0.0300,75.00,no
2026-10-10T05:23:44.669298Z,0.0300,500.00,no
2026-10-10T05:23:44.669298Z,0.0300,97.00,no
2026-10-10T05:23:44.669298Z,0.0300,5.00,no
2026-10-10T05:23:44.669298Z,0.0300,7.00,no
2026-10-10T05:23:44.701996Z,0.0300,10.00,yes
2026-10-10T05:23:44.702606Z,0.0300,75.00,yes
2026-10-10T05:23:44.708085Z,0.0300,40.00,yes
2026-10-10T05:23:44.721043Z,0.0200,16.63,no
2026-10-10T05:23:45.143377Z,0.0300,4.50,yes
2026-10-10T05:23:45.18715Z,0.0300,1067.64,yes
2026-10-10T05:23:45.211781Z,0.0200,158.95,no
2026-10-10T05:23:45.211781Z,0.0200,75.00,no
2026-10-10T05:23:45.315702Z,0.0200,15.74,no
2026-10-10T05:23:45.390669Z,0.0300,22.78,yes
2026-10-10T05:23:45.76312Z,0.0300,93.64,yes
2026-10-10T05:23:46.140186Z,0.0300,1560.69,yes
2026-10-10T05:23:46.549031Z,0.0300,300.00,yes
2026-10-10T05:23:46.70681Z,0.0300,31.21,yes
2026-10-10T05:23:46.799175Z,0.0300,312.13,yes
2026-10-10T05:23:46.86917Z,0.0300,624.27,yes
2026-10-10T05:23:47.536734Z,0.0300,312.13,yes
2026-10-10T05:23:47.825814Z,0.0300,234.25,yes
2026-10-10T05:23:47.890353Z,0.0300,156.06,yes
2026-10-10T05:23:47.920293Z,0.0300,156.06,yes
2026-10-10T05:23:48.393106Z,0.0300,93.64,yes
2026-10-10T05:23:48.520811Z,0.0300,1654.33,yes
2026-10-10T05:23:49.128686Z,0.0300,31.21,yes
2026-10-10T05:23:49.238298Z,0.0300,156.06,yes
2026-10-10T05:23:49.587366Z,0.0300,156.06,yes
2026-10-10T05:23:49.771212Z,0.0300,117.12,yes
2026-10-10T05:23:49.818308Z,0.0300,234.25,yes
2026-10-10T05:23:50.33297Z,0.0300,468.51,yes
2026-10-10T05:23:50.519488Z,0.0300,468.20,yes
2026-10-10T05:23:51.083391Z,0.0300,117.12,yes
2026-10-10T05:23:51.178454Z,0.0300,76.47,yes
2026-10-10T05:23:51.448183Z,0.0300,31.21,yes
2026-10-10T05:23:51.580497Z,0.0300,148.32,yes
2026-10-10T05:23:51.580497Z,0.0300,1.57,yes
2026-10-10T05:23:51.580497Z,0.0300,1.55,yes
2026-10-10T05:23:51.580497Z,0.0300,1.63,yes
2026-10-10T05:23:51.580497Z,0.0300,1.58,yes
2026-10-10T05:23:51.580497Z,0.0300,1.58,yes
2026-10-10T05:23:51.580497Z,0.0300,509.93,yes
2026-10-10T05:23:51.580497Z,0.0300,3.67,yes
2026-10-10T05:23:51.580497Z,0.0300,1.57,yes
2026-10-10T05:23:51.580497Z,0.0300,100.00,yes
2026-10-10T05:23:51.580497Z,0.0300,1.55,yes
2026-10-10T05:23:51.580497Z,0.0300,1.57,yes
2026-10-10T05:23:51.580497Z,0.0300,1.59,yes
2026-10-10T05:23:51.580497Z,0.0300,1.63,yes
2026-10-10T05:23:51.580497Z,0.0300,1.55,yes
2026-10-10T05:23:51.580497Z,0.0300,1.05,yes
2026-10-10T05:23:52.624183Z,0.0300,156.06,yes
2026-10-10T05:23:52.647653Z,0.0300,156.06,yes
2026-10-10T05:23:53.01621Z,0.0300,70.23,yes
2026-10-10T05:23:53.327249Z,0.0300,119.23,yes
2026-10-10T05:23:53.883788Z,0.0300,117.12,yes
2026-10-10T05:23:54.223146Z,0.0300,156.06,yes
2026-10-10T05:23:54.2939Z,0.0300,1560.69,yes
2026-10-10T05:23:54.979568Z,0.0300,10.30,yes
2026-10-10T05:23:55.165582Z,0.0300,156.06,yes
2026-10-10T05:23:55.651077Z,0.0300,340.54,yes
2026-10-10T05:23:55.749456Z,0.0300,62.42,yes
2026-10-10T05:23:56.078566Z,0.0300,100.19,yes
2026-10-10T05:23:56.262448Z,0.0300,23.41,yes
2026-10-10T05:23:57.352709Z,0.0300,31.21,yes
2026-10-10T05:23:57.971915Z,0.0300,624.27,yes
2026-10-10T05:23:58.795049Z,0.0300,624.27,yes
2026-10-10T05:23:59.035607Z,0.0300,31.21,yes
2026-10-10T05:23:59.414198Z,0.0300,329.61,yes
2026-10-10T05:23:59.591233Z,0.0300,312.13,yes
2026-10-10T05:23:59.612147Z,0.0300,29.45,yes
2026-10-10T05:24:00.097255Z,0.0300,23.41,yes
2026-10-10T05:24:00.144171Z,0.0300,62.42,yes
2026-10-10T05:24:00.318368Z,0.0300,93.64,yes
2026-10-10T05:24:00.393599Z,0.0300,128.60,yes
2026-10-10T05:24:01.417267Z,0.0300,156.06,yes
2026-10-10T05:24:01.7083Z,0.0300,280.92,yes
2026-10-10T05:24:01.80678Z,0.0300,1873.14,yes
2026-10-10T05:24:01.998672Z,0.0300,156.06,yes
2026-10-10T05:24:02.409179Z,0.0300,15.60,yes
2026-10-10T05:24:02.904546Z,0.0300,156.06,yes
2026-10-10T05:24:02.915006Z,0.0200,701.85,no
2026-10-10T05:24:03.257005Z,0.0300,312.13,yes
2026-10-10T05:24:03.486164Z,0.0300,31.21,yes
2026-10-10T05:24:03.749182Z,0.0300,1.35,yes
2026-10-10T05:24:03.749182Z,0.0300,59.63,yes
2026-10-10T05:24:03.749182Z,0.0300,1.44,yes
2026-10-10T05:24:04.168082Z,0.0200,4187.27,no
2026-10-10T05:24:04.168082Z,0.0200,75.00,no
2026-10-10T05:24:04.168082Z,0.0200,23.46,no
2026-10-10T05:24:04.168082Z,0.0200,1500.00,no
2026-10-10T05:24:04.209616Z,0.0300,31.21,yes
2026-10-10T05:24:04.435638Z,0.0300,312.13,yes
2026-10-10T05:24:05.162133Z,0.0300,93.64,yes
2026-10-10T05:24:05.174576Z,0.0200,4371.59,no
2026-10-10T05:24:06.149147Z,0.0200,895.90,no
2026-10-10T05:24:06.149147Z,0.0200,1441.14,no
2026-10-10T05:24:06.254526Z,0.0300,124.85,yes
2026-10-10T05:24:06.403086Z,0.0300,156.06,yes
2026-10-10T05:24:06.796453Z,0.0300,624.27,yes
2026-10-10T05:24:06.929777Z,0.0300,213.92,yes
2026-10-10T05:24:06.929777Z,0.0300,98.21,yes
2026-10-10T05:24:07.127597Z,0.0300,312.13,yes
2026-10-10T05:24:08.506347Z,0.0300,468.20,yes
2026-10-10T05:24:08.751196Z,0.0300,156.06,yes
2026-10-10T05:24:08.793334Z,0.0200,2489.05,no
2026-10-10T05:24:08.793334Z,0.0200,3604.10,no
2026-10-10T05:24:08.904254Z,0.0300,156.06,yes
2026-10-10T05:24:09.341836Z,0.0300,1154.91,yes
2026-10-10T05:24:09.432594Z,0.0300,31.21,yes
2026-10-10T05:24:10.316784Z,0.0200,997.05,no
2026-10-10T05:24:10.316784Z,0.0200,692.00,no
2026-10-10T05:24:10.316784Z,0.0200,2010.95,no
2026-10-10T05:24:10.629763Z,0.0300,312.13,yes
2026-10-10T05:24:12.037991Z,0.0300,831.00,yes
2026-10-10T05:24:12.087559Z,0.0200,46.79,no
2026-10-10T05:24:12.467649Z,0.0200,35.41,no
2026-10-10T05:24:12.826649Z,0.0300,62.42,yes
2026-10-10T05:24:13.227113Z,0.0300,93.64,yes
2026-10-10T05:24:13.55222Z,0.0300,76.78,yes
2026-10-10T05:24:13.93012Z,0.0300,1030.05,yes
2026-10-10T05:24:15.09474Z,0.0200,452.74,no
2026-10-10T05:24:16.302298Z,0.0300,624.27,yes
2026-10-10T05:24:18.658186Z,0.0200,63.59,no
2026-10-10T05:24:19.430367Z,0.0300,312.13,yes
2026-10-10T05:24:19.645965Z,0.0200,0.31,no
2026-10-10T05:24:19.893226Z,0.0300,156.06,yes
2026-10-10T05:24:20.824982Z,0.0300,31.21,yes
2026-10-10T05:24:22.321532Z,0.0300,24.03,yes
2026-10-10T05:24:22.500705Z,0.0300,62.42,yes
2026-10-10T05:24:23.229515Z,0.0300,156.06,yes
2026-10-10T05:24:23.88914Z,0.0200,53.99,no
2026-10-10T05:24:24.126929Z,0.0300,156.06,yes
2026-10-10T05:24:24.827834Z,0.0300,93.64,yes
2026-10-10T05:24:25.800456Z,0.0300,160.12,yes
2026-10-10T05:24:25.852308Z,0.0200,93.52,no
2026-10-10T05:24:26.589205Z,0.0300,187.28,yes
2026-10-10T05:24:26.982253Z,0.0300,62.42,yes
2026-10-10T05:24:27.387559Z,0.0300,312.13,yes
2026-10-10T05:24:27.836271Z,0.0300,312.13,yes
2026-10-10T05:24:28.205808Z,0.0300,156.06,yes
2026-10-10T05:24:29.447972Z,0.0200,120.00,no
2026-10-10T05:24:30.137107Z,0.0300,44.94,yes
2026-10-10T05:24:30.342322Z,0.0300,156.06,yes
2026-10-10T05:24:30.750055Z,0.0200,68.04,no
2026-10-10T05:24:31.111961Z,0.0300,120.79,yes
2026-10-10T05:24:31.353438Z,0.0200,249.70,no
2026-10-10T05:24:32.283228Z,0.0300,60.24,yes
2026-10-10T05:24:32.842713Z,0.0200,48.66,no
2026-10-10T05:24:33.799728Z,0.0300,25.21,yes
2026-10-10T05:24:33.799728Z,0.0300,6.00,yes
2026-10-10T05:24:34.82081Z,0.0300,199.92,yes
2026-10-10T05:24:34.82081Z,0.0300,49.79,yes
2026-10-10T05:24:34.830143Z,0.0300,1300.08,yes
2026-10-10T05:24:35.723618Z,0.0400,100.00,yes
2026-10-10T05:24:35.723618Z,0.0400,364.00,yes
2026-10-10T05:24:35.723618Z,0.0400,75.00,yes
2026-10-10T05:24:35.723618Z,0.0400,5.00,yes
2026-10-10T05:24:35.723618Z,0.0400,158.00,yes
2026-10-10T05:24:35.723618Z,0.0400,16.00,yes
2026-10-10T05:24:35.723618Z,0.0400,1.00,yes
2026-10-10T05:24:35.723618Z,0.0400,1.00,yes
2026-10-10T05:24:35.723618Z,0.0400,1.00,yes
2026-10-10T05:24:35.723618Z,0.0400,2.00,yes
2026-10-10T05:24:35.723618Z,0.0400,1.00,yes
2026-10-10T05:24:35.723618Z,0.0400,1.00,yes
2026-10-10T05:24:35.723618Z,0.0400,5000.00,yes
2026-10-10T05:24:35.723618Z,0.0400,14.00,yes
2026-10-10T05:24:35.723618Z,0.0400,5.00,yes
2026-10-10T05:24:35.723618Z,0.0400,168.75,yes
2026-10-10T05:24:35.723618Z,0.0400,24.00,yes
2026-10-10T05:24:35.723618Z,0.0400,702.00,yes
2026-10-10T05:24:36.112663Z,0.0400,1779.30,no
2026-10-10T05:24:36.879836Z,0.0500,18.75,yes
2026-10-10T05:24:37.139225Z,0.0400,780.34,no
2026-10-10T05:24:37.561043Z,0.0500,56.25,yes
2026-10-10T05:24:38.446131Z,0.0400,467.90,no
2026-10-10T05:24:38.888284Z,0.0500,150.00,yes
2026-10-10T05:24:38.889457Z,0.0500,75.01,yes
2026-10-10T05:24:38.896678Z,0.0500,7.87,yes
2026-10-10T05:24:39.938325Z,0.0400,46.79,no
2026-10-10T05:24:39.99265Z,0.0400,156.06,no
2026-10-10T05:24:40.019912Z,0.0400,233.95,no
2026-10-10T05:24:40.457603Z,0.0400,941.38,no
2026-10-10T05:24:40.763188Z,0.0400,280.74,no
2026-10-10T05:24:40.766104Z,0.0400,147.34,no
2026-10-10T05:24:41.325838Z,0.0400,149.27,no
2026-10-10T05:24:41.325838Z,0.0400,7.00,no
2026-10-10T05:24:41.369381Z,0.0500,75.01,yes
2026-10-10T05:24:42.699708Z,0.0400,23.42,yes
2026-10-10T05:24:43.12648Z,0.0200,483.37,no
2026-10-10T05:24:43.12648Z,0.0300,300.00,no
2026-10-10T05:24:43.12648Z,0.0300,500.00,no
2026-10-10T05:24:43.12648Z,0.0300,75.00,no
2026-10-10T05:24:43.12648Z,0.0300,500.00,no
2026-10-10T05:24:43.12648Z,0.0300,762.00,no
2026-10-10T05:24:43.12648Z,0.0200,1500.00,no
2026-10-10T05:24:43.12648Z,0.0300,15.00,no
2026-10-10T05:24:43.12648Z,0.0200,167.67,no
2026-10-10T05:24:43.12648Z,0.0200,9.00,no
2026-10-10T05:24:43.12648Z,0.0300,17.00,no
2026-10-10T05:24:43.12648Z,0.0300,75.00,no
2026-10-10T05:24:43.385004Z,0.0400,93.58,yes
2026-10-10T05:24:43.385004Z,0.0400,23.54,yes
2026-10-10T05:24:43.960418Z,0.0400,23.42,yes
2026-10-10T05:24:44.047266Z,0.0300,280.74,no
2026-10-10T05:24:44.150448Z,0.0400,57.04,yes
2026-10-10T05:24:44.150448Z,0.0400,24.00,yes
2026-10-10T05:24:44.150448Z,0.0400,11.96,yes
2026-10-10T05:24:44.1765Z,0.0400,36.95,yes
2026-10-10T05:24:44.1765Z,0.0400,0.01,yes
2026-10-10T05:24:44.1765Z,0.0400,63.04,yes
2026-10-10T05:24:46.486396Z,0.0400,7.02,yes
2026-10-10T05:24:46.720797Z,0.0400,2.53,yes
2026-10-10T05:24:46.720797Z,0.0400,123.03,yes
2026-10-10T05:24:46.96404Z,0.0300,374.07,no
2026-10-10T05:24:48.329492Z,0.0400,2.47,yes
2026-10-10T05:24:48.329492Z,0.0400,24.00,yes
2026-10-10T05:24:48.329492Z,0.0400,90.65,yes
2026-10-10T05:24:48.538558Z,0.0400,0.23,yes
2026-10-10T05:24:49.258383Z,0.0400,18.74,yes
2026-10-10T05:24:49.304724Z,0.0400,62.07,yes
2026-10-10T05:24:49.357979Z,0.0300,3205.21,no
2026-10-10T05:24:49.638734Z,0.0300,10.01,no
2026-10-10T05:24:49.667787Z,0.0400,13.58,yes
2026-10-10T05:24:49.85338Z,0.0300,1249.29,no
2026-10-10T05:24:49.874066Z,0.0300,44.36,no
2026-10-10T05:24:50.255952Z,0.0300,976.33,no
2026-10-10T05:24:52.160664Z,0.0400,28.00,yes
2026-10-10T05:24:52.231532Z,0.0300,1251.83,no
2026-10-10T05:24:52.677683Z,0.0300,1383.61,no
2026-10-10T05:24:54.341292Z,0.0400,234.25,yes
2026-10-10T05:24:54.61209Z,0.0400,5.85,yes
2026-10-10T05:24:54.695056Z,0.0400,3.27,yes
2026-10-10T05:24:56.926547Z,0.0400,234.25,yes
2026-10-10T05:24:57.205622Z,0.0300,1020.36,no
2026-10-10T05:24:57.205622Z,0.0300,1500.00,no
2026-10-10T05:24:57.205622Z,0.0300,75.00,no
2026-10-10T05:24:57.205622Z,0.0300,224.55,no
2026-10-10T05:24:57.293113Z,0.0300,93.58,no
2026-10-10T05:24:58.168705Z,0.0300,1028.71,no
2026-10-10T05:24:58.417853Z,0.0400,263.75,yes
2026-10-10T05:24:58.417853Z,0.0400,75.00,yes
2026-10-10T05:24:58.417853Z,0.0400,809.11,yes
2026-10-10T05:24:58.621921Z,0.0400,100.00,yes
2026-10-10T05:24:58.796892Z,0.0300,1546.10,no
2026-10-10T05:24:59.120622Z,0.0400,3.51,yes
2026-10-10T05:24:59.273706Z,0.0400,46.85,yes
2026-10-10T05:24:59.365332Z,0.0400,117.12,yes
2026-10-10T05:24:59.553171Z,0.0300,5900.00,no
2026-10-10T05:24:59.553171Z,0.0300,75.00,no
2026-10-10T05:24:59.553171Z,0.0300,381.00,no
2026-10-10T05:24:59.553171Z,0.0300,15.00,no
2026-10-10T05:24:59.553171Z,0.0300,200.00,no
2026-10-10T05:24:59.584744Z,0.0300,56.00,yes
2026-10-10T05:25:00.148516Z,0.0300,156.06,yes
2026-10-10T05:25:00.837462Z,0.0300,126.00,yes
2026-10-10T05:25:01.102431Z,0.0300,468.20,yes
2026-10-10T05:25:01.162326Z,0.0300,8622.74,yes
2026-10-10T05:25:02.029351Z,0.0300,233.95,no
2026-10-10T05:25:02.095168Z,0.0400,281.10,yes
2026-10-10T05:25:02.38404Z,0.0300,46.79,no
2026-10-10T05:25:02.649924Z,0.0300,46.85,no
2026-10-10T05:25:02.834734Z,0.0300,31.21,no
2026-10-10T05:25:03.006273Z,0.0300,11.71,no
2026-10-10T05:25:03.05796Z,0.0500,3572.12,yes
2026-10-10T05:25:03.05796Z,0.0400,2.00,yes
2026-10-10T05:25:03.05796Z,0.0400,0.01,yes
2026-10-10T05:25:03.05796Z,0.0400,1.50,yes
2026-10-10T05:25:03.05796Z,0.0400,218.90,yes
2026-10-10T05:25:03.381351Z,0.0300,27.13,no
2026-10-10T05:25:04.051778Z,0.0300,187.28,no
2026-10-10T05:25:04.078963Z,0.0300,35.20,no
2026-10-10T05:25:04.211213Z,0.0300,233.79,no
2026-10-10T05:25:04.426217Z,0.0400,164.00,yes
2026-10-10T05:25:04.426217Z,0.0400,70.25,yes
2026-10-10T05:25:04.495811Z,0.0300,295.14,no
2026-10-10T05:25:05.444464Z,0.0300,204.85,no
2026-10-10T05:25:05.860147Z,0.0400,0.01,yes
2026-10-10T05:25:05.860147Z,0.0400,8.14,yes
2026-10-10T05:25:05.860147Z,0.0400,174.51,yes
2026-10-10T05:25:05.860147Z,0.0400,6.00,yes
2026-10-10T05:25:07.614541Z,0.0400,7.99,yes
2026-10-10T05:25:07.614541Z,0.0400,60.00,yes
2026-10-10T05:25:07.614541Z,0.0400,0.01,yes
2026-10-10T05:25:08.697003Z,0.0500,73.13,yes
2026-10-10T05:25:08.697003Z,0.0400,1.61,yes
2026-10-10T05:25:08.697003Z,0.0400,24.00,yes
2026-10-10T05:25:09.481092Z,0.0500,18.56,yes
2026-10-10T05:25:09.481092Z,0.0400,0.01,yes
2026-10-10T05:25:09.644189Z,0.0300,312.13,no
2026-10-10T05:25:09.751859Z,0.0500,74.83,yes
2026-10-10T05:25:10.659913Z,0.0500,150.02,yes
2026-10-10T05:25:10.873034Z,0.0400,78.03,no
2026-10-10T05:25:11.406844Z,0.0500,187.52,yes
2026-10-10T05:25:11.986711Z,0.0400,1169.75,no
2026-10-10T05:25:12.96973Z,0.0500,150.02,yes
2026-10-10T05:25:13.318301Z,0.0400,312.13,no
2026-10-10T05:25:13.687581Z,0.0500,262.54,yes
2026-10-10T05:25:13.710053Z,0.0400,69.40,no
2026-10-10T05:25:13.851562Z,0.0500,18.75,yes
2026-10-10T05:25:13.991957Z,0.0400,67.10,no
2026-10-10T05:25:14.114405Z,0.0400,187.16,no
2026-10-10T05:25:14.326218Z,0.0400,177.86,no
2026-10-10T05:25:14.349883Z,0.0400,6.55,no
2026-10-10T05:25:14.357162Z,0.0400,935.19,no
2026-10-10T05:25:14.402004Z,0.0400,58.48,no
2026-10-10T05:25:14.434793Z,0.0500,3.75,yes
2026-10-10T05:25:15.070065Z,0.0500,168.75,yes
2026-10-10T05:25:15.070065Z,0.0500,1.00,yes
2026-10-10T05:25:15.070065Z,0.0500,105.87,yes
2026-10-10T05:25:15.070065Z,0.0500,2.00,yes
2026-10-10T05:25:15.070065Z,0.0500,80.66,yes
2026-10-10T05:25:15.070065Z,0.0500,1.00,yes
2026-10-10T05:25:15.070065Z,0.0500,1.00,yes
2026-10-10T05:25:15.070065Z,0.0500,1.00,yes
2026-10-10T05:25:15.070065Z,0.0500,12.00,yes
2026-10-10T05:25:15.070065Z,0.0500,1.77,yes
2026-10-10T05:25:15.77633Z,0.0400,1365.96,no
2026-10-10T05:25:16.124991Z,0.0400,467.90,no
2026-10-10T05:25:16.51697Z,0.0400,624.27,no
2026-10-10T05:25:16.665247Z,0.0400,245.02,no
2026-10-10T05:25:16.789553Z,0.0400,31.21,no
2026-10-10T05:25:17.166858Z,0.0400,156.52,no
2026-10-10T05:25:17.269994Z,0.0500,64.60,yes
2026-10-10T05:25:17.269994Z,0.0500,29.16,yes
2026-10-10T05:25:17.78984Z,0.0500,9.37,yes
2026-10-10T05:25:17.897671Z,0.0400,0.70,no
2026-10-10T05:25:17.897671Z,0.0400,46.09,no
2026-10-10T05:25:18.143359Z,0.0500,66.58,yes
2026-10-10T05:25:18.143359Z,0.0500,75.00,yes
2026-10-10T05:25:18.143359Z,0.0500,327.24,yes
2026-10-10T05:25:18.364297Z,0.0500,56.25,yes
2026-10-10T05:25:18.714147Z,0.0500,58.01,yes
2026-10-10T05:25:18.714147Z,0.0500,1.00,yes
2026-10-10T05:25:18.714147Z,0.0500,12.00,yes
2026-10-10T05:25:18.714147Z,0.0500,116.51,yes
2026-10-10T05:25:18.733961Z,0.0400,93.51,no
2026-10-10T05:25:18.753488Z,0.0500,93.76,yes
2026-10-10T05:25:18.814795Z,0.0400,233.95,no
2026-10-10T05:25:19.04577Z,0.0500,11.43,yes
2026-10-10T05:25:19.118927Z,0.0500,75.01,yes
2026-10-10T05:25:19.705087Z,0.0400,0.31,no
2026-10-10T05:25:20.461346Z,0.0500,93.76,yes
2026-10-10T05:25:20.849458Z,0.0500,12.00,yes
2026-10-10T05:25:20.849458Z,0.0500,20.00,yes
2026-10-10T05:25:20.849458Z,0.0500,500.00,yes
2026-10-10T05:25:20.849458Z,0.0500,178.00,yes
2026-10-10T05:25:20.849458Z,0.0500,75.00,yes
2026-10-10T05:25:20.849458Z,0.0500,105.00,yes
2026-10-10T05:25:20.849458Z,0.0500,500.00,yes
2026-10-10T05:25:20.849458Z,0.0600,43.00,yes
2026-10-10T05:25:20.849458Z,0.0600,134.00,yes
2026-10-10T05:25:20.849458Z,0.0600,56.00,yes
2026-10-10T05:25:20.849458Z,0.0600,405.00,yes
2026-10-10T05:25:20.849458Z,0.0600,144.00,yes
2026-10-10T05:25:20.849458Z,0.0600,52.00,yes
2026-10-10T05:25:21.072735Z,0.0500,5.00,no
2026-10-10T05:25:21.072735Z,0.0300,8.07,no
2026-10-10T05:25:21.072735Z,0.0400,6.00,no
2026-10-10T05:25:21.072735Z,0.0400,75.00,no
2026-10-10T05:25:22.230722Z,0.0500,0.01,no
2026-10-10T05:25:22.43622Z,0.0500,3.12,yes
2026-10-10T05:25:22.631861Z,0.0500,10.00,yes
2026-10-10T05:25:22.631861Z,0.0500,23.88,yes
2026-10-10T05:25:22.631861Z,0.0600,10.00,yes
2026-10-10T05:25:22.631861Z,0.0600,11.69,yes
2026-10-10T05:25:22.631861Z,0.0600,191.18,yes
2026-10-10T05:25:22.631861Z,0.0600,66.00,yes
2026-10-10T05:25:23.01078Z,0.0500,0.01,no
2026-10-10T05:25:23.516428Z,0.0500,1031.41,yes
2026-10-10T05:25:23.843243Z,0.0500,14.25,yes
2026-10-10T05:25:23.852408Z,0.0500,70.32,yes
2026-10-10T05:25:24.158015Z,0.0300,42.42,no
2026-10-10T05:25:24.158015Z,0.0300,20.00,no
2026-10-10T05:25:24.389793Z,0.0400,3530.74,no
2026-10-10T05:25:24.60128Z,0.0400,233.95,no
2026-10-10T05:25:24.645269Z,0.0500,131.27,yes
2026-10-10T05:25:24.848534Z,0.0500,64.88,yes
2026-10-10T05:25:25.080513Z,0.0500,187.52,yes
2026-10-10T05:25:25.24321Z,0.0400,4442.58,no
2026-10-10T05:25:25.331537Z,0.0500,3750.58,yes
2026-10-10T05:25:25.919479Z,0.0500,37.50,yes
2026-10-10T05:25:26.063717Z,0.0500,187.52,yes
2026-10-10T05:25:26.174568Z,0.0400,31.52,no
2026-10-10T05:25:26.492193Z,0.0400,47.16,no
2026-10-10T05:25:26.776168Z,0.0400,312.13,no
2026-10-10T05:25:26.79638Z,0.0500,656.35,yes
2026-10-10T05:25:26.942954Z,0.0500,93.76,yes
2026-10-10T05:25:26.97057Z,0.0500,93.76,yes
2026-10-10T05:25:27.009741Z,0.0500,93.76,yes
2026-10-10T05:25:27.050565Z,0.0400,78.03,no
2026-10-10T05:25:27.121115Z,0.0500,87.01,yes
2026-10-10T05:25:27.271288Z,0.0500,18.75,yes
2026-10-10T05:25:28.027637Z,0.0400,431.01,no
2026-10-10T05:25:28.056714Z,0.0500,56.25,yes
2026-10-10T05:25:28.196518Z,0.0500,18.75,yes
2026-10-10T05:25:29.297363Z,0.0400,93.64,no
2026-10-10T05:25:29.393376Z,0.0400,52.12,no
2026-10-10T05:25:30.790641Z,0.0500,93.76,yes
2026-10-10T05:25:31.159018Z,0.0500,93.76,yes
2026-10-10T05:25:31.26192Z,0.0500,93.76,yes
2026-10-10T05:25:31.536796Z,0.0400,93.64,no
2026-10-10T05:25:31.580774Z,0.0500,37.50,yes
2026-10-10T05:25:31.73392Z,0.0500,93.76,yes
2026-10-10T05:25:31.910562Z,0.0500,562.40,yes
2026-10-10T05:25:31.94954Z,0.0500,734.36,yes
2026-10-10T05:25:32.891432Z,0.0400,62.73,no
2026-10-10T05:25:32.942468Z,0.0500,468.82,yes
2026-10-10T05:25:33.715767Z,0.0500,375.05,yes
2026-10-10T05:25:33.935124Z,0.0500,187.52,yes
2026-10-10T05:25:34.198886Z,0.0400,62.33,no
2026-10-10T05:25:34.638647Z,0.0400,1153.91,no
2026-10-10T05:25:34.638647Z,0.0400,301.00,no
2026-10-10T05:25:34.638647Z,0.0400,528.42,no
2026-10-10T05:25:35.188368Z,0.0400,1.00,no
2026-10-10T05:25:35.302261Z,0.0500,187.52,yes
2026-10-10T05:25:35.452814Z,0.0400,1654.33,no
2026-10-10T05:25:35.458876Z,0.0400,467.59,no
2026-10-10T05:25:35.496862Z,0.0500,506.32,yes
2026-10-10T05:25:35.756419Z,0.0500,375.05,yes
2026-10-10T05:25:36.010732Z,0.0500,50.00,yes
2026-10-10T05:25:36.432897Z,0.0400,468.20,no
2026-10-10T05:25:36.579282Z,0.0500,93.76,yes
2026-10-10T05:25:36.7257Z,0.0500,93.76,yes
2026-10-10T05:25:36.921216Z,0.0500,18.75,yes
2026-10-10T05:25:37.126621Z,0.0400,662.82,no
2026-10-10T05:25:37.126621Z,0.0400,3754.97,no
2026-10-10T05:25:37.126621Z,0.0400,75.00,no
2026-10-10T05:25:37.47529Z,0.0400,327.46,no
2026-10-10T05:25:37.891318Z,0.0500,93.76,yes
2026-10-10T05:25:38.257094Z,0.0500,18.75,yes
2026-10-10T05:25:38.655312Z,0.0500,109.32,yes
2026-10-10T05:25:38.705557Z,0.0500,3.18,yes
2026-10-10T05:25:38.721555Z,0.0500,281.29,yes
2026-10-10T05:25:38.770428Z,0.0500,93.76,yes
2026-10-10T05:25:38.909885Z,0.0500,46544.77,yes
2026-10-10T05:25:38.910534Z,0.0500,20.81,yes
2026-10-10T05:25:39.091702Z,0.0500,18.75,yes
2026-10-10T05:25:39.254156Z,0.0500,187.52,yes
2026-10-10T05:25:39.272895Z,0.0500,200.00,yes
2026-10-10T05:25:39.833653Z,0.0500,93.60,yes
2026-10-10T05:25:39.834808Z,0.0400,10.99,no
2026-10-10T05:25:39.917818Z,0.0500,2.00,yes
2026-10-10T05:25:40.290457Z,0.0500,9.75,yes
2026-10-10T05:25:40.520652Z,0.0500,937.64,yes
2026-10-10T05:25:41.546881Z,0.0500,142.71,yes
2026-10-10T05:25:41.791239Z,0.0500,375.05,yes
2026-10-10T05:25:41.809414Z,0.0500,187.52,yes
2026-10-10T05:25:41.822734Z,0.0500,75.01,yes
2026-10-10T05:25:41.838448Z,0.0500,2500.00,yes
2026-10-10T05:25:42.111107Z,0.0500,93.76,yes
2026-10-10T05:25:42.582139Z,0.0500,337.55,yes
2026-10-10T05:25:42.801413Z,0.0500,278.57,yes
2026-10-10T05:25:42.83949Z,0.0500,18.75,yes
2026-10-10T05:25:44.041923Z,0.0500,937.64,yes
2026-10-10T05:25:44.344566Z,0.0500,93.76,yes
2026-10-10T05:25:44.406047Z,0.0500,93.76,yes
2026-10-10T05:25:44.451851Z,0.0500,23.81,yes
2026-10-10T05:25:44.612426Z,0.0500,262.54,yes
2026-10-10T05:25:44.636186Z,0.0500,4.68,yes
2026-10-10T05:25:44.698632Z,0.0500,93.76,yes
2026-10-10T05:25:45.059663Z,0.0500,56.25,yes
2026-10-10T05:25:45.611112Z,0.0400,18.04,no
2026-10-10T05:25:46.332679Z,0.0500,47.06,yes
2026-10-10T05:25:46.768131Z,0.0500,1969.05,yes
2026-10-10T05:25:46.774456Z,0.0500,562.58,yes
2026-10-10T05:25:46.836857Z,0.0500,1268.26,yes
2026-10-10T05:25:47.572042Z,0.0500,93.76,yes
2026-10-10T05:25:47.669397Z,0.0500,37.50,yes
2026-10-10T05:25:47.689146Z,0.0500,93.76,yes
2026-10-10T05:25:47.935708Z,0.0400,182.49,no
2026-10-10T05:25:48.038254Z,0.0500,112.51,yes
2026-10-10T05:25:48.206273Z,0.0500,149.64,yes
2026-10-10T05:25:48.362737Z,0.0500,93.76,yes
2026-10-10T05:25:48.366386Z,0.0500,103.14,yes
2026-10-10T05:25:48.714432Z,0.0500,318.79,yes
2026-10-10T05:25:48.741942Z,0.0500,18.75,yes
2026-10-10T05:25:48.891489Z,0.0400,1870.38,no
2026-10-10T05:25:49.08572Z,0.0500,109.70,yes
2026-10-10T05:25:49.134109Z,0.0500,172.22,yes
2026-10-10T05:25:49.134109Z,0.0500,12.22,yes
2026-10-10T05:25:49.134109Z,0.0500,15.56,yes
2026-10-10T05:25:49.453586Z,0.0500,96.85,yes
2026-10-10T05:25:49.453586Z,0.0500,184.44,yes
2026-10-10T05:25:49.475351Z,0.0500,1406.46,yes
2026-10-10T05:25:49.787009Z,0.0400,219.94,no
2026-10-10T05:25:49.912433Z,0.0500,56.25,yes
2026-10-10T05:25:49.94927Z,0.0500,1.00,yes
2026-10-10T05:25:50.026003Z,0.0400,54.14,no
2026-10-10T05:25:50.48205Z,0.0500,93.76,yes
2026-10-10T05:25:50.513202Z,0.0500,3.75,yes
2026-10-10T05:25:50.843297Z,0.0500,93.76,yes
2026-10-10T05:25:51.030829Z,0.0500,37.50,yes
2026-10-10T05:25:51.110678Z,0.0500,466.19,yes
2026-10-10T05:25:51.234445Z,0.0500,937.64,yes
2026-10-10T05:25:51.273344Z,0.0500,150.02,yes
2026-10-10T05:25:51.331362Z,0.0500,18.75,yes
2026-10-10T05:25:51.726255Z,0.0500,318.79,yes
2026-10-10T05:25:52.917649Z,0.0500,93.76,yes
2026-10-10T05:25:53.189618Z,0.0500,187.52,yes
2026-10-10T05:25:53.239288Z,0.0500,93.76,yes
2026-10-10T05:25:53.634063Z,0.0500,643.66,yes
2026-10-10T05:25:53.634063Z,0.0500,1944.24,yes
2026-10-10T05:25:53.961534Z,0.0500,940.64,yes
2026-10-10T05:25:54.500142Z,0.0500,187.52,yes
2026-10-10T05:25:54.845743Z,0.0400,1230.56,no
2026-10-10T05:25:54.845743Z,0.0400,3394.44,no
2026-10-10T05:25:54.845743Z,0.0400,375.00,no
2026-10-10T05:25:55.089574Z,0.0500,187.52,yes
2026-10-10T05:25:55.329499Z,0.0500,9.37,yes
2026-10-10T05:25:56.351544Z,0.0500,937.64,yes
2026-10-10T05:25:56.55963Z,0.0500,56.25,yes
2026-10-10T05:25:56.656173Z,0.0500,468.82,yes
2026-10-10T05:25:56.876329Z,0.0500,41.00,yes
2026-10-10T05:25:56.928869Z,0.0500,1875.29,yes
2026-10-10T05:25:57.034259Z,0.0500,937.60,yes
2026-10-10T05:25:57.161464Z,0.0500,93.76,yes
2026-10-10T05:25:57.314189Z,0.0500,235.34,yes
2026-10-10T05:25:57.733826Z,0.0500,0.18,yes
2026-10-10T05:25:58.611016Z,0.0400,31.21,no
2026-10-10T05:25:58.672535Z,0.0500,79.13,yes
2026-10-10T05:25:59.097679Z,0.0500,2081.57,yes
2026-10-10T05:25:59.336465Z,0.0500,468.82,yes
2026-10-10T05:25:59.384009Z,0.0400,468.82,no
2026-10-10T05:25:59.4766Z,0.0400,32.45,no
2026-10-10T05:25:59.718409Z,0.0500,93.76,yes
2026-10-10T05:25:59.904747Z,0.0500,1.00,yes
2026-10-10T05:25:59.904747Z,0.0500,462.13,yes
2026-10-10T05:25:59.904747Z,0.0500,105.00,yes
2026-10-10T05:25:59.904747Z,0.0500,1.36,yes
2026-10-10T05:25:59.904747Z,0.0500,1305.80,yes
2026-10-10T05:26:00.650876Z,0.0500,4.68,yes
2026-10-10T05:26:00.731741Z,0.0500,56.25,yes
2026-10-10T05:26:01.717478Z,0.0500,1.35,yes
2026-10-10T05:26:01.717478Z,0.0500,24.78,yes
2026-10-10T05:26:01.717478Z,0.0500,1.12,yes
2026-10-10T05:26:01.717478Z,0.0500,1.13,yes
2026-10-10T05:26:01.717478Z,0.0500,5.00,yes
2026-10-10T05:26:01.731651Z,0.0500,4.68,yes
2026-10-10T05:26:01.84425Z,0.0500,9.37,yes
2026-10-10T05:26:01.93004Z,0.0400,46.75,no
2026-10-10T05:26:02.225047Z,0.0500,28.42,yes
2026-10-10T05:26:02.585052Z,0.0500,18.75,yes
2026-10-10T05:26:02.980446Z,0.0500,37.50,yes
2026-10-10T05:26:03.327838Z,0.0500,18.75,yes
2026-10-10T05:26:03.407532Z,0.0500,37.50,yes
2026-10-10T05:26:03.971528Z,0.0500,4.12,yes
2026-10-10T05:26:04.085584Z,0.0500,187.52,yes
2026-10-10T05:26:04.096425Z,0.0500,37.50,yes
2026-10-10T05:26:04.120199Z,0.0400,351.07,no
2026-10-10T05:26:04.144946Z,0.0400,130.33,no
2026-10-10T05:26:04.144946Z,0.0400,94.00,no
2026-10-10T05:26:04.144946Z,0.0400,200.00,no
2026-10-10T05:26:04.144946Z,0.0400,75.00,no
2026-10-10T05:26:04.719136Z,0.0500,25.00,yes
2026-10-10T05:26:04.900213Z,0.0500,18.75,yes
2026-10-10T05:26:05.027238Z,0.0500,75.00,yes
2026-10-10T05:26:05.027238Z,0.0500,6.00,yes
2026-10-10T05:26:05.027238Z,0.0500,1.18,yes
2026-10-10T05:26:05.027238Z,0.0500,1.46,yes
2026-10-10T05:26:05.027238Z,0.0500,1.20,yes
2026-10-10T05:26:05.027238Z,0.0500,1.07,yes
2026-10-10T05:26:05.027238Z,0.0500,1.27,yes
2026-10-10T05:26:05.027238Z,0.0500,1.28,yes
2026-10-10T05:26:05.027238Z,0.0500,1.08,yes
2026-10-10T05:26:05.027238Z,0.0500,47.36,yes
2026-10-10T05:26:05.027238Z,0.0500,1.30,yes
2026-10-10T05:26:05.027238Z,0.0500,5.00,yes
2026-10-10T05:26:05.027238Z,0.0500,1.10,yes
2026-10-10T05:26:05.027238Z,0.0500,1.14,yes
2026-10-10T05:26:05.027238Z,0.0500,1.18,yes
2026-10-10T05:26:05.027238Z,0.0500,105.00,yes
2026-10-10T05:26:05.027238Z,0.0500,93.00,yes
2026-10-10T05:26:05.027238Z,0.0500,1.31,yes
2026-10-10T05:26:05.027238Z,0.0500,1.43,yes
2026-10-10T05:26:05.027238Z,0.0500,1.20,yes
2026-10-10T05:26:05.027238Z,0.0500,1.16,yes
2026-10-10T05:26:05.027238Z,0.0500,1.01,yes
2026-10-10T05:26:05.027238Z,0.0500,1.07,yes
2026-10-10T05:26:05.027238Z,0.0500,1.11,yes
2026-10-10T05:26:05.027238Z,0.0500,1.10,yes
2026-10-10T05:26:05.027238Z,0.0500,1.07,yes
2026-10-10T05:26:05.027238Z,0.0500,1.40,yes
2026-10-10T05:26:05.027238Z,0.0500,1.04,yes
2026-10-10T05:26:05.027238Z,0.0500,1.04,yes
2026-10-10T05:26:05.027238Z,0.0500,1.22,yes
2026-10-10T05:26:05.027238Z,0.0500,1.16,yes
2026-10-10T05:26:05.027238Z,0.0500,1.02,yes
2026-10-10T05:26:05.027238Z,0.0500,1.01,yes
2026-10-10T05:26:05.027238Z,0.0500,1.06,yes
2026-10-10T05:26:05.027238Z,0.0500,1.29,yes
2026-10-10T05:26:05.027238Z,0.0500,1.19,yes
2026-10-10T05:26:05.027238Z,0.0500,1.25,yes
2026-10-10T05:26:05.027238Z,0.0500,1.05,yes
2026-10-10T05:26:05.027238Z,0.0500,1.06,yes
2026-10-10T05:26:05.027238Z,0.0500,1.33,yes
2026-10-10T05:26:05.027238Z,0.0500,1.25,yes
2026-10-10T05:26:05.027238Z,0.0500,1.23,yes
2026-10-10T05:26:05.027238Z,0.0500,1.31,yes
2026-10-10T05:26:05.027238Z,0.0500,1.47,yes
2026-10-10T05:26:05.027238Z,0.0500,1.11,yes
2026-10-10T05:26:05.027238Z,0.0500,1.00,yes
2026-10-10T05:26:05.027238Z,0.0500,1.33,yes
2026-10-10T05:26:05.027238Z,0.0500,1.13,yes
2026-10-10T05:26:05.027238Z,0.0500,1.33,yes
2026-10-10T05:26:05.027238Z,0.0500,1.27,yes
2026-10-10T05:26:05.027238Z,0.0500,1.02,yes
2026-10-10T05:26:05.027238Z,0.0500,1.23,yes
2026-10-10T05:26:05.027238Z,0.0500,1.10,yes
2026-10-10T05:26:05.027238Z,0.0500,1.29,yes
2026-10-10T05:26:05.027238Z,0.0500,1.21,yes
2026-10-10T05:26:05.027238Z,0.0500,1.10,yes
2026-10-10T05:26:05.027238Z,0.0500,1.15,yes
2026-10-10T05:26:05.027238Z,0.0500,1.17,yes
2026-10-10T05:26:05.027238Z,0.0500,1.16,yes
2026-10-10T05:26:05.027238Z,0.0500,1.00,yes
2026-10-10T05:26:05.027238Z,0.0500,1.28,yes
2026-10-10T05:26:05.027238Z,0.0500,1.04,yes
2026-10-10T05:26:05.027238Z,0.0500,1.14,yes
2026-10-10T05:26:05.027238Z,0.0500,1.18,yes
2026-10-10T05:26:05.027238Z,0.0500,1.25,yes
2026-10-10T05:26:05.027238Z,0.0500,1.32,yes
2026-10-10T05:26:05.027238Z,0.0600,221.74,yes
2026-10-10T05:26:05.593212Z,0.0500,0.01,yes
2026-10-10T05:26:05.593212Z,0.0500,56.24,yes
2026-10-10T05:26:06.146365Z,0.0500,75.00,yes
2026-10-10T05:26:06.146365Z,0.0500,443.76,yes
2026-10-10T05:26:06.146365Z,0.0600,54.98,yes
2026-10-10T05:26:06.146365Z,0.0600,467.90,yes
2026-10-10T05:26:06.146365Z,0.0600,233.95,yes
2026-10-10T05:26:06.146365Z,0.0600,10.00,yes
2026-10-10T05:26:06.146365Z,0.0600,93.58,yes
2026-10-10T05:26:06.146365Z,0.0600,0.46,yes
2026-10-10T05:26:06.146365Z,0.0600,267.09,yes
2026-10-10T05:26:06.839347Z,0.0500,2.00,no
2026-10-10T05:26:07.099477Z,0.0500,3.00,no
2026-10-10T05:26:07.177973Z,0.0400,5.00,yes
2026-10-10T05:26:07.179751Z,0.0400,21.00,yes
2026-10-10T05:26:07.249887Z,0.0400,75.00,yes
2026-10-10T05:26:07.249887Z,0.0400,117.00,yes
2026-10-10T05:26:07.249887Z,0.0400,104.00,yes
2026-10-10T05:26:07.249887Z,0.0400,2.00,yes
2026-10-10T05:26:07.249887Z,0.0400,2.62,yes
2026-10-10T05:26:07.249887Z,0.0500,481.42,yes
2026-10-10T05:26:07.360294Z,0.0400,5.00,no
2026-10-10T05:26:07.460825Z,0.0400,153.40,yes
2026-10-10T05:26:07.682425Z,0.0400,1875.29,yes
2026-10-10T05:26:08.260456Z,0.0400,23.42,yes
2026-10-10T05:26:08.593819Z,0.0400,58.56,yes
2026-10-10T05:26:08.674813Z,0.0300,1402.78,no
2026-10-10T05:26:08.76578Z,0.0400,234.25,yes
2026-10-10T05:26:08.805666Z,0.0300,116.97,no
2026-10-10T05:26:08.985074Z,0.0400,46.85,yes
2026-10-10T05:26:09.360118Z,0.0400,23.42,yes
2026-10-10T05:26:09.408063Z,0.0400,782.04,yes
2026-10-10T05:26:09.565077Z,0.0400,23.42,yes
2026-10-10T05:26:09.603631Z,0.0400,1111.00,yes
2026-10-10T05:26:09.758273Z,0.0400,500.00,yes
2026-10-10T05:26:09.819698Z,0.0400,234.25,yes
2026-10-10T05:26:10.084809Z,0.0400,140.55,yes
2026-10-10T05:26:10.408937Z,0.0400,468.51,yes
2026-10-10T05:26:10.528171Z,0.0400,93.70,yes
2026-10-10T05:26:10.860938Z,0.0400,46.85,yes
2026-10-10T05:26:11.519787Z,0.0400,187.52,yes
2026-10-10T05:26:11.710174Z,0.0400,187.52,yes
2026-10-10T05:26:12.352234Z,0.0400,93.70,yes
2026-10-10T05:26:12.465565Z,0.0400,937.64,yes
2026-10-10T05:26:12.79523Z,0.0400,70.27,yes
2026-10-10T05:26:12.958161Z,0.0300,1.00,no
2026-10-10T05:26:13.741425Z,0.0400,156.37,yes
2026-10-10T05:26:14.046893Z,0.0400,163.98,yes
2026-10-10T05:26:14.068221Z,0.0400,117.12,yes
2026-10-10T05:26:14.078751Z,0.0400,70.27,yes
2026-10-10T05:26:14.273983Z,0.0400,28.11,yes
2026-10-10T05:26:14.506459Z,0.0400,1069.80,yes
2026-10-10T05:26:14.506459Z,0.0400,2.17,yes
2026-10-10T05:26:14.506459Z,0.0400,75.89,yes
2026-10-10T05:26:14.695204Z,0.0400,117.12,yes
2026-10-10T05:26:14.862188Z,0.0400,234.25,yes
2026-10-10T05:26:14.937898Z,0.0400,322.33,yes
2026-10-10T05:26:15.070925Z,0.0400,257.68,yes
2026-10-10T05:26:15.150018Z,0.0400,46.85,yes
2026-10-10T05:26:15.282591Z,0.0400,117.12,yes
2026-10-10T05:26:15.412431Z,0.0400,234.25,yes
2026-10-10T05:26:15.796611Z,0.0400,351.38,yes
2026-10-10T05:26:15.803385Z,0.0400,234.25,yes
2026-10-10T05:26:16.016417Z,0.0400,520.80,yes
2026-10-10T05:26:19.189431Z,0.0400,13.49,yes
2026-10-10T05:26:19.189431Z,0.0400,1.36,yes
2026-10-10T05:26:19.189431Z,0.0400,1.15,yes
2026-10-10T05:26:19.665671Z,0.0400,234.25,yes
2026-10-10T05:26:19.692628Z,0.0400,117.12,yes
2026-10-10T05:26:19.791018Z,0.0400,234.25,yes
2026-10-10T05:26:19.86131Z,0.0400,468.51,yes
2026-10-10T05:26:19.964348Z,0.0400,117.12,yes
2026-10-10T05:26:20.278579Z,0.0400,23.42,yes
2026-10-10T05:26:20.401981Z,0.0300,899.00,no
2026-10-10T05:26:20.401981Z,0.0300,8391.93,no
2026-10-10T05:26:20.401981Z,0.0300,1000.00,no
2026-10-10T05:26:20.401981Z,0.0300,1900.00,no
2026-10-10T05:26:20.401981Z,0.0300,100.00,no
2026-10-10T05:26:20.401981Z,0.0300,10000.00,no
2026-10-10T05:26:20.401981Z,0.0300,4500.00,no
2026-10-10T05:26:20.401981Z,0.0300,4500.00,no
2026-10-10T05:26:20.401981Z,0.0300,75.00,no
2026-10-10T05:26:20.401981Z,0.0300,500.00,no
2026-10-10T05:26:20.401981Z,0.0300,15.00,no
2026-10-10T05:26:20.401981Z,0.0300,650.00,no
2026-10-10T05:26:20.401981Z,0.0300,400.00,no
2026-10-10T05:26:20.548271Z,0.0300,704.94,no
2026-10-10T05:26:20.766224Z,0.0400,117.12,yes
2026-10-10T05:26:20.816233Z,0.0400,70.27,yes
2026-10-10T05:26:21.439462Z,0.0400,585.64,yes
2026-10-10T05:26:22.105544Z,0.0400,73.79,yes
2026-10-10T05:26:22.423924Z,0.0300,903.13,no
2026-10-10T05:26:22.423924Z,0.0300,1441.87,no
2026-10-10T05:26:23.260183Z,0.0400,585.64,yes
2026-10-10T05:26:23.570617Z,0.0300,233.95,no
2026-10-10T05:26:24.031884Z,0.0400,70.27,yes
2026-10-10T05:26:24.141905Z,0.0400,234.25,yes
2026-10-10T05:26:24.60282Z,0.0400,205.67,yes
2026-10-10T05:26:24.884442Z,0.0400,1171.28,yes
2026-10-10T05:26:24.898553Z,0.0400,23.42,yes
2026-10-10T05:26:25.270379Z,0.0400,210.83,yes
2026-10-10T05:26:25.853584Z,0.0400,187.40,yes
2026-10-10T05:26:25.987265Z,0.0400,210.83,yes
2026-10-10T05:26:26.065585Z,0.0400,117.12,yes
2026-10-10T05:26:26.214753Z,0.0400,421.66,yes
2026-10-10T05:26:26.373494Z,0.0300,390.01,no
2026-10-10T05:26:26.413287Z,0.0400,117.12,yes
2026-10-10T05:26:26.832074Z,0.0400,389.33,yes
2026-10-10T05:26:27.366274Z,0.0400,0.20,yes
2026-10-10T05:26:27.366274Z,0.0400,1.31,yes
2026-10-10T05:26:27.366274Z,0.0400,1052.65,yes
2026-10-10T05:26:28.372179Z,0.0400,70.27,yes
2026-10-10T05:26:28.43632Z,0.0400,46.85,yes
2026-10-10T05:26:28.900521Z,0.0400,23.42,yes
2026-10-10T05:26:29.270481Z,0.0400,11.71,yes
2026-10-10T05:26:29.612333Z,0.0400,2306.97,yes
2026-10-10T05:26:29.749463Z,0.0400,117.12,yes
2026-10-10T05:26:29.880264Z,0.0400,163.98,yes
2026-10-10T05:26:30.086942Z,0.0400,117.12,yes
2026-10-10T05:26:30.263159Z,0.0400,2.25,yes
2026-10-10T05:26:31.663773Z,0.0400,1.16,yes
2026-10-10T05:26:31.663773Z,0.0400,1.34,yes
2026-10-10T05:26:31.663773Z,0.0400,1.46,yes
2026-10-10T05:26:31.663773Z,0.0400,1.26,yes
2026-10-10T05:26:31.663773Z,0.0400,1.45,yes
2026-10-10T05:26:31.663773Z,0.0400,1.58,yes
2026-10-10T05:26:31.663773Z,0.0400,1.07,yes
2026-10-10T05:26:31.663773Z,0.0400,1.40,yes
2026-10-10T05:26:31.663773Z,0.0400,1.49,yes
2026-10-10T05:26:31.663773Z,0.0400,0.51,yes
2026-10-10T05:26:31.663773Z,0.0400,1.28,yes
2026-10-10T05:26:31.673029Z,0.0400,0.86,yes
2026-10-10T05:26:31.673029Z,0.0400,1.52,yes
2026-10-10T05:26:31.673029Z,0.0400,114.74,yes
2026-10-10T05:26:32.035308Z,0.0400,70.27,yes
2026-10-10T05:26:32.206324Z,0.0400,117.12,yes
2026-10-10T05:26:32.67933Z,0.0300,457.58,no
2026-10-10T05:26:32.67933Z,0.0300,402.61,no
2026-10-10T05:26:32.67933Z,0.0300,75.00,no
2026-10-10T05:26:33.012248Z,0.0400,6.55,yes
2026-10-10T05:26:33.32821Z,0.0400,117.12,yes
2026-10-10T05:26:33.490346Z,0.0400,46.85,yes
2026-10-10T05:26:33.870519Z,0.0400,27.17,yes
2026-10-10T05:26:34.318711Z,0.0400,1.02,yes
2026-10-10T05:26:34.318711Z,0.0400,77.41,yes
2026-10-10T05:26:34.318711Z,0.0400,0.18,yes
2026-10-10T05:26:34.318711Z,0.0400,1.18,yes
2026-10-10T05:26:34.318711Z,0.0400,1.32,yes
2026-10-10T05:26:34.318711Z,0.0400,1.00,yes
2026-10-10T05:26:34.318711Z,0.0400,1.05,yes
2026-10-10T05:26:34.385153Z,0.0400,16.00,yes
2026-10-10T05:26:34.897979Z,0.0400,0.16,yes
2026-10-10T05:26:35.400849Z,0.0400,1.33,yes
2026-10-10T05:26:35.400849Z,0.0400,1.21,yes
2026-10-10T05:26:35.400849Z,0.0400,1.38,yes
2026-10-10T05:26:35.400849Z,0.0400,18.40,yes
2026-10-10T05:26:35.400849Z,0.0400,1.10,yes
2026-10-10T05:26:35.649285Z,0.0400,234.25,yes
2026-10-10T05:26:35.858856Z,0.0400,147.35,yes
2026-10-10T05:26:35.858856Z,0.0400,1.60,yes
2026-10-10T05:26:35.858856Z,0.0400,1.45,yes
2026-10-10T05:26:35.858856Z,0.0400,1.59,yes
2026-10-10T05:26:35.858856Z,0.0400,1.54,yes
2026-10-10T05:26:35.858856Z,0.0400,1.60,yes
2026-10-10T05:26:35.858856Z,0.0400,1.41,yes
2026-10-10T05:26:35.858856Z,0.0400,1.02,yes
2026-10-10T05:26:35.858856Z,0.0400,1.07,yes
2026-10-10T05:26:35.858856Z,0.0400,1.06,yes
2026-10-10T05:26:35.858856Z,0.0400,1.45,yes
2026-10-10T05:26:35.858856Z,0.0400,0.53,yes
2026-10-10T05:26:35.858856Z,0.0400,0.69,yes
2026-10-10T05:26:35.858856Z,0.0400,1265.64,yes
2026-10-10T05:26:35.968328Z,0.0400,76.00,yes
2026-10-10T05:26:35.98622Z,0.0400,544.41,yes
2026-10-10T05:26:35.98622Z,0.0400,158.36,yes
2026-10-10T05:26:36.072412Z,0.0400,70.27,yes
2026-10-10T05:26:36.619941Z,0.0400,1.00,yes
2026-10-10T05:26:36.898991Z,0.0400,117.12,yes
2026-10-10T05:26:37.058922Z,0.0400,632.49,yes
2026-10-10T05:26:37.394415Z,0.0300,41.61,no
2026-10-10T05:26:37.394415Z,0.0300,152.39,no
2026-10-10T05:26:38.541943Z,0.0400,23.42,yes
2026-10-10T05:26:39.319452Z,0.0400,46.85,yes
2026-10-10T05:26:39.364732Z,0.0400,14.00,yes
2026-10-10T05:26:39.395956Z,0.0400,585.64,yes
2026-10-10T05:26:39.542246Z,0.0400,23.42,yes
2026-10-10T05:26:39.974115Z,0.0400,23.42,yes
2026-10-10T05:26:40.02533Z,0.0400,117.12,yes
2026-10-10T05:26:41.64414Z,0.0400,234.25,yes
2026-10-10T05:26:42.046928Z,0.0400,2342.57,yes
2026-10-10T05:26:42.595622Z,0.0300,71.02,no
2026-10-10T05:26:42.626737Z,0.0400,234.25,yes
2026-10-10T05:26:44.097347Z,0.0400,1171.28,yes
2026-10-10T05:26:44.962599Z,0.0400,1171.28,yes
2026-10-10T05:26:45.104092Z,0.0400,117.12,yes
2026-10-10T05:26:46.270783Z,0.0400,46.85,yes
2026-10-10T05:26:46.541153Z,0.0400,117.12,yes
2026-10-10T05:26:46.836993Z,0.0300,233.95,no
2026-10-10T05:26:47.332951Z,0.0300,2100.00,no
2026-10-10T05:26:47.332951Z,0.0300,1153.42,no
2026-10-10T05:26:47.374461Z,0.0300,25.00,yes
2026-10-10T05:26:47.512895Z,0.0300,113.14,yes
2026-10-10T05:26:47.69943Z,0.0300,11.71,yes
2026-10-10T05:26:47.766472Z,0.0300,46.85,yes
2026-10-10T05:26:47.934162Z,0.0300,108.00,yes
2026-10-10T05:26:48.977286Z,0.0300,780.34,yes
2026-10-10T05:26:49.409458Z,0.0300,54.00,yes
2026-10-10T05:26:49.444283Z,0.0300,31.21,yes
2026-10-10T05:26:49.760621Z,0.0300,12.44,yes
2026-10-10T05:26:49.760621Z,0.0300,48.70,yes
2026-10-10T05:26:49.760621Z,0.0300,75.00,yes
2026-10-10T05:26:49.760621Z,0.0300,19.92,yes
2026-10-10T05:26:50.293851Z,0.0300,31.77,yes
2026-10-10T05:26:50.293851Z,0.0300,90.56,yes
2026-10-10T05:26:50.293851Z,0.0300,2.52,yes
2026-10-10T05:26:50.407299Z,0.0200,233.95,no
2026-10-10T05:26:50.718184Z,0.0200,467.90,no
2026-10-10T05:26:50.761203Z,0.0300,6.24,yes
2026-10-10T05:26:50.818413Z,0.0300,357.67,yes
2026-10-10T05:26:50.818413Z,0.0300,29.00,yes
2026-10-10T05:26:50.818413Z,0.0300,150.00,yes
2026-10-10T05:26:50.818413Z,0.0300,12.44,yes
2026-10-10T05:26:51.393691Z,0.0300,268.00,yes
2026-10-10T05:26:52.071864Z,0.0300,90.56,yes
2026-10-10T05:26:52.071864Z,0.0300,72.45,yes
2026-10-10T05:26:52.071864Z,0.0300,75.00,yes
2026-10-10T05:26:52.071864Z,0.0300,28.99,yes
2026-10-10T05:26:52.136525Z,0.0300,90.56,yes
2026-10-10T05:26:52.136525Z,0.0300,21.85,yes
2026-10-10T05:26:52.136525Z,0.0300,12.44,yes
2026-10-10T05:26:53.040564Z,0.0400,23.42,yes
2026-10-10T05:26:53.115631Z,0.0300,50.00,no
2026-10-10T05:26:53.115631Z,0.0300,15.00,no
2026-10-10T05:26:53.195609Z,0.0300,23.42,yes
2026-10-10T05:26:53.402008Z,0.0300,234.25,yes
2026-10-10T05:26:54.206586Z,0.0300,156.06,yes
2026-10-10T05:26:54.561352Z,0.0300,312.13,yes
2026-10-10T05:26:54.629737Z,0.0300,93.64,yes
2026-10-10T05:26:54.654501Z,0.0300,6.55,yes
2026-10-10T05:26:54.74291Z,0.0300,156.06,yes
2026-10-10T05:26:54.855646Z,0.0300,6242.78,yes
2026-10-10T05:26:54.932533Z,0.0300,312.13,yes
2026-10-10T05:26:55.945313Z,0.0300,75.00,yes
2026-10-10T05:26:55.945313Z,0.0300,103.00,yes
2026-10-10T05:26:55.945313Z,0.0300,290.51,yes
2026-10-10T05:26:56.023543Z,0.0300,312.13,yes
2026-10-10T05:26:57.747773Z,0.0300,3073.63,yes
2026-10-10T05:26:57.993264Z,0.0300,103.00,yes
2026-10-10T05:26:57.993264Z,0.0300,500.00,yes
2026-10-10T05:26:57.993264Z,0.0300,21.27,yes
2026-10-10T05:26:58.801833Z,0.0400,117.12,yes
2026-10-10T05:27:00.378128Z,0.0400,23.42,yes
2026-10-10T05:27:00.494731Z,0.0400,500.00,yes
2026-10-10T05:27:01.775007Z,0.0400,117.12,yes
2026-10-10T05:27:01.879312Z,0.0200,400.00,no
2026-10-10T05:27:01.879312Z,0.0200,500.00,no
2026-10-10T05:27:01.879312Z,0.0200,400.00,no
2026-10-10T05:27:01.879312Z,0.0200,75.00,no
2026-10-10T05:27:01.879312Z,0.0200,2000.00,no
2026-10-10T05:27:01.879312Z,0.0200,398.51,no
2026-10-10T05:27:01.879312Z,0.0200,3000.00,no
2026-10-10T05:27:01.879312Z,0.0200,300.00,no
2026-10-10T05:27:01.879312Z,0.0200,3914.00,no
2026-10-10T05:27:01.879312Z,0.0200,200.00,no
2026-10-10T05:27:01.879312Z,0.0200,1500.00,no
2026-10-10T05:27:01.879312Z,0.0200,1500.00,no
2026-10-10T05:27:01.879312Z,0.0200,30.48,no
2026-10-10T05:27:01.879312Z,0.0200,200.00,no
2026-10-10T05:27:01.879312Z,0.0200,1480.25,no
2026-10-10T05:27:02.476248Z,0.0400,23.42,yes
2026-10-10T05:27:02.513462Z,0.0400,46.85,yes
2026-10-10T05:27:02.621191Z,0.0400,234.25,yes
2026-10-10T05:27:02.919507Z,0.0200,127.44,no
2026-10-10T05:27:03.363062Z,0.0200,24.90,no
2026-10-10T05:27:03.631148Z,0.0300,150.00,yes
2026-10-10T05:27:03.631148Z,0.0300,103.00,yes
2026-10-10T05:27:03.631148Z,0.0300,48.56,yes
2026-10-10T05:27:03.640813Z,0.0300,75.12,yes
2026-10-10T05:27:03.640813Z,0.0300,200.00,yes
2026-10-10T05:27:03.640813Z,0.0300,26.44,yes
2026-10-10T05:27:03.65111Z,0.0300,301.56,yes
2026-10-10T05:27:03.660746Z,0.0300,23.32,yes
2026-10-10T05:27:03.660746Z,0.0300,72.00,yes
2026-10-10T05:27:03.668013Z,0.0300,46.85,yes
2026-10-10T05:27:03.690987Z,0.0300,10.00,yes
2026-10-10T05:27:03.70527Z,0.0200,10.00,no
2026-10-10T05:27:04.073825Z,0.0300,103.00,yes
2026-10-10T05:27:04.073825Z,0.0300,1.49,yes
2026-10-10T05:27:04.073825Z,0.0300,51.57,yes
2026-10-10T05:27:04.422372Z,0.0300,31.21,yes
2026-10-10T05:27:06.24497Z,0.0300,62.42,yes
2026-10-10T05:27:06.874879Z,0.0300,71.00,yes
2026-10-10T05:27:06.874879Z,0.0300,24.00,yes
2026-10-10T05:27:06.874879Z,0.0300,4.80,yes
2026-10-10T05:27:07.064157Z,0.0300,15.60,yes
2026-10-10T05:27:07.489783Z,0.0300,24.03,yes
2026-10-10T05:27:08.367674Z,0.0300,156.06,yes
2026-10-10T05:27:08.797405Z,0.0200,46.79,no
2026-10-10T05:27:09.246356Z,0.0300,156.06,yes
2026-10-10T05:27:09.379648Z,0.0300,156.06,yes
2026-10-10T05:27:09.659507Z,0.0300,312.13,yes
2026-10-10T05:27:09.785208Z,0.0300,312.13,yes
2026-10-10T05:27:10.671418Z,0.0300,149.51,yes
2026-10-10T05:27:10.82755Z,0.0300,31.21,yes
2026-10-10T05:27:11.075612Z,0.0300,1.54,yes
2026-10-10T05:27:11.075612Z,0.0300,2296.40,yes
2026-10-10T05:27:11.075612Z,0.0300,103.00,yes
2026-10-10T05:27:11.075612Z,0.0300,1.28,yes
2026-10-10T05:27:11.075612Z,0.0300,1.00,yes
2026-10-10T05:27:11.075612Z,0.0300,1.07,yes
2026-10-10T05:27:11.075612Z,0.0300,1.27,yes
2026-10-10T05:27:11.075612Z,0.0300,116.21,yes
2026-10-10T05:27:11.658434Z,0.0300,59.76,no
2026-10-10T05:27:11.831703Z,0.0400,1171.28,yes
2026-10-10T05:27:12.666215Z,0.0300,314.61,no
2026-10-10T05:27:13.143616Z,0.0400,317.65,yes
2026-10-10T05:27:13.743451Z,0.0400,46.85,yes
2026-10-10T05:27:13.846306Z,0.0400,468.51,yes
2026-10-10T05:27:14.03775Z,0.0400,11.71,yes
2026-10-10T05:27:14.275144Z,0.0400,468.51,yes
2026-10-10T05:27:15.027302Z,0.0400,161.87,yes
2026-10-10T05:27:16.012497Z,0.0400,70.27,yes
2026-10-10T05:27:16.400061Z,0.0400,114.08,yes
2026-10-10T05:27:16.642877Z,0.0400,71.00,yes
2026-10-10T05:27:16.668741Z,0.0400,4685.15,yes
2026-10-10T05:27:17.006819Z,0.0400,7027.73,yes
2026-10-10T05:27:17.109231Z,0.0400,295.63,yes
2026-10-10T05:27:20.340147Z,0.0400,117.12,yes
2026-10-10T05:27:21.844192Z,0.0400,117.12,yes
2026-10-10T05:27:22.257663Z,0.0400,234.25,yes
2026-10-10T05:27:22.820419Z,0.0400,23.42,yes
2026-10-10T05:27:23.23946Z,0.0400,23.42,yes
2026-10-10T05:27:23.28854Z,0.0200,1973.51,no
2026-10-10T05:27:23.28854Z,0.0200,4000.00,no
2026-10-10T05:27:23.28854Z,0.0200,75.00,no
2026-10-10T05:27:23.476276Z,0.0400,117.12,yes
2026-10-10T05:27:23.480528Z,0.0400,117.12,yes
2026-10-10T05:27:24.491362Z,0.0200,20.00,no
2026-10-10T05:27:24.559097Z,0.0300,4.68,yes
2026-10-10T05:27:25.752701Z,0.0300,312.13,yes
2026-10-10T05:27:26.922285Z,0.0300,46.85,yes
2026-10-10T05:27:27.165557Z,0.0200,6706.54,no
2026-10-10T05:27:30.010001Z,0.0300,69.29,yes
2026-10-10T05:27:30.184771Z,0.0300,31.21,yes
2026-10-10T05:27:31.488761Z,0.0300,93.64,yes
2026-10-10T05:27:31.598918Z,0.0200,351.37,no
2026-10-10T05:27:31.893013Z,0.0300,538.00,yes
2026-10-10T05:27:31.893013Z,0.0300,442.20,yes
2026-10-10T05:27:31.893013Z,0.0300,8.21,yes
2026-10-10T05:27:31.893013Z,0.0300,572.59,yes
2026-10-10T05:27:32.550275Z,0.0200,825.71,no
2026-10-10T05:27:33.514281Z,0.0300,117.12,yes
2026-10-10T05:27:34.217788Z,0.0300,31.21,yes
2026-10-10T05:27:34.533891Z,0.0200,245.81,no
2026-10-10T05:27:34.533891Z,0.0200,322.92,no
2026-10-10T05:27:35.13031Z,0.0300,124.85,yes
2026-10-10T05:27:35.357486Z,0.0300,31.00,yes
2026-10-10T05:27:35.620286Z,0.0300,103.31,yes
2026-10-10T05:27:36.144325Z,0.0300,62.42,yes
2026-10-10T05:27:36.846776Z,0.0300,15.00,yes
2026-10-10T05:27:36.872246Z,0.0300,312.13,yes
2026-10-10T05:27:36.949227Z,0.0300,62.42,yes
2026-10-10T05:27:37.28914Z,0.0200,11.11,no
2026-10-10T05:27:38.369909Z,0.0300,14.35,yes
2026-10-10T05:27:38.458506Z,0.0200,546.92,no
2026-10-10T05:27:38.458506Z,0.0200,200.00,no
2026-10-10T05:27:38.458506Z,0.0200,1243.08,no
2026-10-10T05:27:38.458506Z,0.0200,234.00,no
2026-10-10T05:27:39.636608Z,0.0200,3094.41,no
2026-10-10T05:27:39.664281Z,0.0300,41.00,yes
2026-10-10T05:27:39.664281Z,0.0300,75.00,yes
2026-10-10T05:27:39.664281Z,0.0300,0.28,yes
2026-10-10T05:27:39.664281Z,0.0300,1.00,yes
2026-10-10T05:27:39.664281Z,0.0300,1.33,yes
2026-10-10T05:27:39.664281Z,0.0300,1.52,yes
2026-10-10T05:27:39.664281Z,0.0300,1.10,yes
2026-10-10T05:27:39.664281Z,0.0300,3.62,yes
2026-10-10T05:27:39.942302Z,0.0200,40.42,no
2026-10-10T05:27:42.190596Z,0.0200,233.95,no
2026-10-10T05:27:42.215039Z,0.0300,1154.91,yes
2026-10-10T05:27:42.289571Z,0.0300,87.39,yes
2026-10-10T05:27:42.359806Z,0.0300,31.21,yes
2026-10-10T05:27:43.130191Z,0.0200,225.30,no
2026-10-10T05:27:43.130191Z,0.0200,128.16,no
2026-10-10T05:27:43.185011Z,0.0300,9.67,yes
2026-10-10T05:27:43.549107Z,0.0200,62.92,no
2026-10-10T05:27:44.809913Z,0.0300,156.06,yes
2026-10-10T05:27:45.095411Z,0.0300,31.21,yes
2026-10-10T05:27:45.441015Z,0.0300,25.93,yes
2026-10-10T05:27:45.441015Z,0.0300,286.20,yes
2026-10-10T05:27:45.537739Z,0.0300,31.21,yes
2026-10-10T05:27:46.526142Z,0.0300,156.06,yes
2026-10-10T05:27:47.049787Z,0.0300,534.16,yes
2026-10-10T05:27:47.049787Z,0.0300,500.00,yes
2026-10-10T05:27:47.049787Z,0.0300,526.53,yes
2026-10-10T05:27:47.563245Z,0.0300,31.21,yes
2026-10-10T05:27:49.314523Z,0.0300,16.23,yes
2026-10-10T05:27:51.440775Z,0.0200,12.17,no
2026-10-10T05:27:52.238263Z,0.0200,1955.59,no
2026-10-10T05:27:52.238263Z,0.0200,196.75,no
2026-10-10T05:27:52.94841Z,0.0300,200.00,yes
2026-10-10T05:27:53.809524Z,0.0200,31.21,yes
2026-10-10T05:27:54.042069Z,0.0100,67.06,no
2026-10-10T05:27:54.116689Z,0.0200,67.06,yes
2026-10-10T05:27:54.116689Z,0.0200,15.00,yes
2026-10-10T05:27:54.116689Z,0.0300,477.21,yes
2026-10-10T05:27:54.116689Z,0.0300,500.00,yes
2026-10-10T05:27:54.116689Z,0.0300,12.17,yes
2026-10-10T05:27:54.116689Z,0.0300,5000.00,yes
2026-10-10T05:27:54.116689Z,0.0300,196.75,yes
2026-10-10T05:27:54.116689Z,0.0300,2865.43,yes
2026-10-10T05:27:54.116689Z,0.0300,2.00,yes
2026-10-10T05:27:54.116689Z,0.0300,1500.00,yes
2026-10-10T05:27:54.116689Z,0.0200,968.79,yes
2026-10-10T05:27:54.116689Z,0.0300,500.00,yes
2026-10-10T05:27:54.116689Z,0.0300,5000.00,yes
2026-10-10T05:27:54.116689Z,0.0300,1000.00,yes
2026-10-10T05:27:54.116689Z,0.0300,500.00,yes
2026-10-10T05:27:54.116689Z,0.0300,225.00,yes
2026-10-10T05:27:54.116689Z,0.0300,0.01,yes
2026-10-10T05:27:54.116689Z,0.0300,128.16,yes
2026-10-10T05:27:54.116689Z,0.0300,62.92,yes
2026-10-10T05:27:54.116689Z,0.0300,11900.00,yes
2026-10-10T05:27:54.116689Z,0.0300,75.00,yes
2026-10-10T05:27:54.116689Z,0.0300,218.40,yes
2026-10-10T05:27:54.1385Z,0.0200,200.00,yes
2026-10-10T05:27:54.324559Z,0.0200,100.00,no
2026-10-10T05:27:54.324559Z,0.0200,43.22,no
2026-10-10T05:27:54.324559Z,0.0200,75.00,no
2026-10-10T05:27:54.56226Z,0.0100,546.38,no
2026-10-10T05:27:54.607424Z,0.0200,546.38,yes
2026-10-10T05:27:54.607424Z,0.0200,15.00,yes
2026-10-10T05:27:54.607424Z,0.0300,218.96,yes
2026-10-10T05:27:55.198751Z,0.0200,425.58,yes
2026-10-10T05:27:55.679121Z,0.0100,28.11,no
2026-10-10T05:27:55.70112Z,0.0200,15.00,yes
2026-10-10T05:27:55.70112Z,0.0200,28.11,yes
2026-10-10T05:27:55.833465Z,0.0200,41.38,no
2026-10-10T05:27:56.687419Z,0.0300,312.13,yes
2026-10-10T05:27:56.8768Z,0.0200,33.62,no
2026-10-10T05:27:56.8768Z,0.0200,637.00,no
2026-10-10T05:27:57.062846Z,0.0200,2.00,no
2026-10-10T05:27:57.562274Z,0.0100,46.79,no
2026-10-10T05:27:57.611213Z,0.0100,710.22,no
2026-10-10T05:27:58.004503Z,0.0100,125.77,no
2026-10-10T05:27:58.093282Z,0.0200,233.95,yes
2026-10-10T05:27:58.917945Z,0.0200,93.58,yes
2026-10-10T05:27:58.973116Z,0.0200,93.58,yes
2026-10-10T05:27:59.013174Z,0.0100,866.86,no
2026-10-10T05:28:01.127547Z,0.0200,46.79,yes
2026-10-10T05:28:01.682375Z,0.0100,1263.36,no
2026-10-10T05:28:02.913466Z,0.0100,1560.69,no
2026-10-10T05:28:03.320933Z,0.0100,191.71,no
2026-10-10T05:28:03.824585Z,0.0100,37.94,no
2026-10-10T05:28:04.175033Z,0.0200,46.79,yes
2026-10-10T05:28:04.250096Z,0.0200,233.95,yes
2026-10-10T05:28:04.995273Z,0.0100,902.47,no
2026-10-10T05:28:06.116735Z,0.0200,312.13,yes
2026-10-10T05:28:06.658014Z,0.0200,111.00,yes
2026-10-10T05:28:08.188446Z,0.0200,288.99,yes
2026-10-10T05:28:08.188446Z,0.0200,125.77,yes
2026-10-10T05:28:08.188446Z,0.0200,53.14,yes
2026-10-10T05:28:09.315152Z,0.0200,467.90,yes
2026-10-10T05:28:09.372131Z,0.0100,265.10,no
2026-10-10T05:28:09.417691Z,0.0100,8.62,no
2026-10-10T05:28:09.565113Z,0.0100,4.73,no
2026-10-10T05:28:09.692895Z,0.0100,74.71,no
2026-10-10T05:28:09.929478Z,0.0100,72.91,no
2026-10-10T05:28:10.1899Z,0.0100,18.57,no
2026-10-10T05:28:10.307112Z,0.0200,224.79,yes
2026-10-10T05:28:10.307112Z,0.0200,243.11,yes
2026-10-10T05:28:10.810415Z,0.0100,281.10,no
2026-10-10T05:28:11.56094Z,0.0100,7.00,no
2026-10-10T05:28:11.56094Z,0.0100,5.00,no
2026-10-10T05:28:11.56094Z,0.0100,230.00,no
2026-10-10T05:28:11.56094Z,0.0100,5000.00,no
2026-10-10T05:28:11.56094Z,0.0100,5027.37,no
2026-10-10T05:28:11.56094Z,0.0100,200.00,no
2026-10-10T05:28:11.56094Z,0.0100,3426.90,no
2026-10-10T05:28:11.56094Z,0.0100,2000.00,no
2026-10-10T05:28:11.56094Z,0.0100,25.00,no
2026-10-10T05:28:11.56094Z,0.0100,1500.00,no
2026-10-10T05:28:11.56094Z,0.0100,1500.00,no
2026-10-10T05:28:11.56094Z,0.0100,1000.00,no
2026-10-10T05:28:11.571009Z,0.0100,902.47,no
2026-10-10T05:28:11.571013Z,0.0100,8.62,no
2026-10-10T05:28:11.571044Z,0.0100,281.10,no
2026-10-10T05:28:11.57115Z,0.0100,4.73,no
2026-10-10T05:28:11.571211Z,0.0100,265.10,no
2026-10-10T05:28:11.571211Z,0.0100,72.91,no
2026-10-10T05:28:11.571217Z,0.0100,191.71,no
2026-10-10T05:28:11.571225Z,0.0100,1560.69,no
2026-10-10T05:28:11.571235Z,0.0100,1263.36,no
2026-10-10T05:28:11.571235Z,0.0100,37.94,no
2026-10-10T05:28:11.571247Z,0.0100,642.07,no
2026-10-10T05:28:11.571365Z,0.0100,18.57,no
2026-10-10T05:28:11.581114Z,0.0100,98.00,no
2026-10-10T05:28:11.581114Z,0.0100,530.00,no
2026-10-10T05:28:11.581114Z,0.0100,452.96,no
2026-10-10T05:28:11.581114Z,0.0100,2023.31,no
2026-10-10T05:28:11.893497Z,0.0100,74.71,yes
2026-10-10T05:28:11.893497Z,0.0100,101.00,yes
2026-10-10T05:28:11.893497Z,0.0100,322.63,yes
2026-10-10T05:28:11.893497Z,0.0100,501.66,yes
2026-10-10T05:28:13.161838Z,0.0100,935.19,yes
2026-10-10T05:28:13.231249Z,0.0100,467.59,yes
2026-10-10T05:28:13.447756Z,0.0100,839.63,yes
2026-10-10T05:28:13.447756Z,0.0100,95.56,yes
2026-10-10T05:28:14.098956Z,0.0100,935.19,yes
2026-10-10T05:28:15.822712Z,0.0100,93.51,yes
2026-10-10T05:28:17.916716Z,0.0100,514.35,yes
2026-10-10T05:28:18.055714Z,0.0100,187.03,yes
2026-10-10T05:28:18.223012Z,0.0100,55.00,yes
2026-10-10T05:28:18.229391Z,0.0100,280.55,yes
2026-10-10T05:28:19.03428Z,0.0100,935.19,yes
2026-10-10T05:28:19.150276Z,0.0100,467.59,yes
2026-10-10T05:28:19.560537Z,0.0100,935.19,yes
2026-10-10T05:28:19.899641Z,0.0100,93.51,yes
2026-10-10T05:28:20.318131Z,0.0100,467.59,yes
2026-10-10T05:28:22.753946Z,0.0100,93.51,yes
2026-10-10T05:28:22.913922Z,0.0100,93.51,yes
2026-10-10T05:28:23.114163Z,0.0100,93.51,yes
2026-10-10T05:28:23.443086Z,0.0100,9351.91,yes
2026-10-10T05:28:23.778499Z,0.0100,93.51,yes
2026-10-10T05:28:24.466908Z,0.0100,93.51,yes
2026-10-10T05:28:25.253263Z,0.0100,1010.00,yes
2026-10-10T05:28:25.674536Z,0.0100,467.59,yes
2026-10-10T05:28:26.85132Z,0.0100,935.19,yes
2026-10-10T05:28:27.726494Z,0.0100,948.28,yes
2026-10-10T05:28:27.860668Z,0.0100,93.51,yes
2026-10-10T05:28:27.984433Z,0.0100,280.55,yes
2026-10-10T05:28:28.538539Z,0.0100,467.59,yes
2026-10-10T05:28:28.838985Z,0.0100,187.03,yes
2026-10-10T05:28:28.865865Z,0.0100,467.59,yes
2026-10-10T05:28:29.661585Z,0.0100,1068.92,yes
2026-10-10T05:28:29.855086Z,0.0100,467.59,yes
2026-10-10T05:28:30.093081Z,0.0100,93.51,yes
2026-10-10T05:28:30.366172Z,0.0100,9.35,yes
2026-10-10T05:28:30.982492Z,0.0100,9.00,yes
2026-10-10T05:28:31.65754Z,0.0100,0.93,yes
2026-10-10T05:28:32.021618Z,0.0100,2431.49,yes
2026-10-10T05:28:32.150897Z,0.0100,93.51,yes
2026-10-10T05:28:32.346169Z,0.0100,29.92,yes
2026-10-10T05:28:32.712182Z,0.0100,93.51,yes
2026-10-10T05:28:32.73967Z,0.0100,935.19,yes
2026-10-10T05:28:33.529401Z,0.0100,23.37,yes
2026-10-10T05:28:33.983162Z,0.0100,93.51,yes
2026-10-10T05:28:34.853469Z,0.0100,935.19,yes
2026-10-10T05:28:35.210087Z,0.0100,40.21,yes
2026-10-10T05:28:36.60211Z,0.0100,400.00,yes
2026-10-10T05:28:37.19009Z,0.0100,93.51,yes
2026-10-10T05:28:37.769503Z,0.0100,93.51,yes
2026-10-10T05:28:38.674114Z,0.0100,467.59,yes
2026-10-10T05:28:39.493325Z,0.0100,187.03,yes
2026-10-10T05:28:39.580456Z,0.0100,467.59,yes
2026-10-10T05:28:40.138482Z,0.0100,252.50,yes
2026-10-10T05:28:42.411554Z,0.0100,93.51,yes
2026-10-10T05:28:44.663021Z,0.0100,89.77,yes
2026-10-10T05:28:46.817754Z,0.0100,93.51,yes
2026-10-10T05:28:46.829247Z,0.0100,93.51,yes
2026-10-10T05:28:47.923007Z,0.0100,93.51,yes
2026-10-10T05:28:48.890902Z,0.0100,280.55,yes
2026-10-10T05:28:48.954844Z,0.0100,280.55,yes
2026-10-10T05:28:51.73755Z,0.0100,24.31,yes
2026-10-10T05:28:51.907053Z,0.0100,93.51,yes
2026-10-10T05:28:51.980237Z,0.0100,187.03,yes
2026-10-10T05:28:53.077139Z,0.0100,187.03,yes
2026-10-10T05:28:54.826352Z,0.0100,93.51,yes
2026-10-10T05:28:57.409225Z,0.0100,93.51,yes
2026-10-10T05:28:57.712556Z,0.0100,46.75,yes
2026-10-10T05:28:59.132358Z,0.0100,166.33,yes
2026-10-10T05:29:00.216198Z,0.0100,467.59,yes
2026-10-10T05:29:01.546632Z,0.0100,1309.26,yes
2026-10-10T05:29:02.321013Z,0.0100,467.59,yes
2026-10-10T05:29:03.497565Z,0.0100,187.03,yes
2026-10-10T05:29:03.807461Z,0.0100,467.59,yes
2026-10-10T05:29:04.426604Z,0.0100,46.75,yes
2026-10-10T05:29:05.546883Z,0.0100,93.51,yes
2026-10-10T05:29:05.923393Z,0.0100,93.51,yes
2026-10-10T05:29:06.598134Z,0.0100,187.03,yes
2026-10-10T05:29:09.816334Z,0.0100,935.19,yes
2026-10-10T05:29:11.110117Z,0.0100,33.50,yes
2026-10-10T05:29:11.110117Z,0.0100,60.01,yes
2026-10-10T05:29:13.048583Z,0.0100,224.44,yes
2026-10-10T05:29:17.4899Z,0.0100,467.59,yes
2026-10-10T05:29:18.547178Z,0.0100,93.51,yes
2026-10-10T05:29:18.569413Z,0.0100,467.59,yes
2026-10-10T05:29:19.534561Z,0.0100,935.19,yes
2026-10-10T05:29:20.351807Z,0.0100,33.00,yes
2026-10-10T05:29:20.899757Z,0.0100,93.51,yes
2026-10-10T05:29:28.782225Z,0.0100,187.03,yes
2026-10-10T05:29:28.94747Z,0.0100,93.51,yes
2026-10-10T05:29:31.370183Z,0.0100,133.73,yes
2026-10-10T05:29:31.59953Z,0.0100,467.59,yes
2026-10-10T05:29:33.215075Z,0.0100,467.59,yes
2026-10-10T05:29:33.577954Z,0.0100,93.51,yes
2026-10-10T05:29:36.664454Z,0.0100,100.00,yes
2026-10-10T05:29:37.280405Z,0.0100,51.43,yes
2026-10-10T05:29:38.902575Z,0.0100,280.55,yes
2026-10-10T05:29:50.52201Z,0.0100,93.51,yes
2026-10-10T05:29:56.404562Z,0.0100,44.88,yes
2026-10-10T05:29:56.480526Z,0.0100,467.59,yes
2026-10-10T05:30:01.733702Z,0.0100,280.55,yes
2026-10-10T05:30:06.038389Z,0.0100,93.51,yes
2026-10-10T05:30:08.332246Z,0.0100,2.80,yes
2026-10-10T05:30:12.027146Z,0.0100,75.01,yes
2026-10-10T05:30:22.282411Z,0.0100,216.31,yes
2026-10-10T05:30:22.282411Z,0.0100,718.88,yes
2026-10-10T05:30:31.083026Z,0.0100,23.37,yes
2026-10-10T05:30:38.212173Z,0.0100,0.93,yes
2026-10-10T05:31:04.194172Z,0.0100,9.35,yes
2026-10-10T05:31:07.915177Z,0.0100,93.51,yes
2026-10-10T05:31:09.503507Z,0.0100,147.76,yes
2026-10-10T05:31:13.312597Z,0.0100,467.59,yes
2026-10-10T05:31:14.34363Z,0.0100,58.91,yes
2026-10-10T05:31:17.48588Z,0.0100,93.51,yes
2026-10-10T05:31:17.60904Z,0.0100,788.76,yes
2026-10-10T05:31:17.60904Z,0.0100,614.02,yes
2026-10-10T05:31:26.296124Z,0.0100,467.59,yes
2026-10-10T05:31:29.930269Z,0.0100,187.03,yes
2026-10-10T05:31:33.435417Z,0.0100,93.51,yes
2026-10-10T05:31:34.134056Z,0.0100,93.51,yes
2026-10-10T05:31:35.961966Z,0.0100,11.00,yes
2026-10-10T05:31:36.099159Z,0.0100,18.70,yes
2026-10-10T05:31:39.740126Z,0.0100,187.03,yes
2026-10-10T05:31:39.94813Z,0.0100,93.51,yes
2026-10-10T05:31:43.105427Z,0.0100,4.67,yes
2026-10-10T05:31:44.526398Z,0.0100,37.40,yes
2026-10-10T05:31:45.019998Z,0.0100,93.51,yes
2026-10-10T05:31:46.46925Z,0.0100,1870.38,yes
2026-10-10T05:31:55.170363Z,0.0100,93.51,yes
2026-10-10T05:32:35.091557Z,0.0100,93.51,yes
2026-10-10T05:32:39.020163Z,0.0100,4208.36,yes
2026-10-10T05:32:43.596382Z,0.0100,467.59,yes
2026-10-10T05:32:57.5393Z,0.0100,280.55,yes
2026-10-10T05:33:00.177479Z,0.0100,187.03,yes
2026-10-10T05:33:01.845667Z,0.0100,467.59,yes
2026-10-10T05:33:18.37007Z,0.0100,748.15,yes
2026-10-10T05:33:27.21472Z,0.0100,187.03,yes
2026-10-10T05:33:31.490346Z,0.0100,187.00,yes
2026-10-10T05:33:59.002262Z,0.0100,166.33,yes
2026-10-10T05:34:13.264625Z,0.0100,93.51,yes
2026-10-10T05:34:18.269524Z,0.0100,83.23,yes
2026-10-10T05:34:33.506178Z,0.0100,187.03,yes
2026-10-10T05:34:44.444436Z,0.0100,0.93,yes
2026-10-10T05:34:54.051232Z,0.0100,187.03,yes
2026-10-10T05:34:58.266709Z,0.0100,18.70,yes
2026-10-10T05:35:05.880123Z,0.0100,187.03,yes
2026-10-10T05:35:06.59149Z,0.0100,93.51,yes
2026-10-10T05:35:13.363893Z,0.0100,466.33,yes
2026-10-10T05:35:19.312644Z,0.0100,93.51,yes
2026-10-10T05:35:35.812326Z,0.0100,93.51,yes
2026-10-10T05:35:40.204015Z,0.0100,561.11,yes
2026-10-10T05:35:44.244482Z,0.0100,6.54,yes
2026-10-10T05:35:47.880702Z,0.0100,86.97,yes
2026-10-10T05:36:15.199229Z,0.0100,1.00,yes
2026-10-10T05:36:15.384813Z,0.0100,1.00,yes
2026-10-10T05:36:16.668332Z,0.0100,93.51,yes
2026-10-10T05:36:25.191649Z,0.0100,467.59,yes
2026-10-10T05:36:32.59112Z,0.0100,935.19,yes
2026-10-10T05:36:55.447939Z,0.0100,187.03,yes
2026-10-10T05:36:56.445581Z,0.0100,935.19,yes
2026-10-10T05:36:58.369347Z,0.0100,46.75,yes
2026-10-10T05:37:04.509792Z,0.0100,280.55,yes
2026-10-10T05:37:23.370324Z,0.0100,48.62,yes
2026-10-10T05:37:25.170576Z,0.0100,467.00,yes
2026-10-10T05:37:38.453656Z,0.0100,46.75,yes
2026-10-10T05:37:38.888812Z,0.0100,93.51,yes
2026-10-10T05:37:39.404402Z,0.0100,467.59,yes
2026-10-10T05:37:39.712382Z,0.0100,2805.57,yes
2026-10-10T05:37:41.801794Z,0.0100,935.19,yes
2026-10-10T05:38:09.278099Z,0.0100,93.51,yes
2026-10-10T05:38:10.254579Z,0.0100,150.00,yes
2026-10-10T05:38:11.068502Z,0.0100,9.35,yes
2026-10-10T05:38:11.16592Z,0.0100,312.48,yes
2026-10-10T05:38:11.528884Z,0.0100,30.00,yes
2026-10-10T05:38:12.783788Z,0.0100,103.00,yes
2026-10-10T05:38:18.706059Z,0.0100,280.55,yes
2026-10-10T05:38:20.021556Z,0.0100,467.59,yes
2026-10-10T05:38:27.141102Z,0.0100,467.59,yes
2026-10-10T05:38:43.994595Z,0.0100,935.19,yes
2026-10-10T05:39:00.315034Z,0.0100,1870.38,yes
2026-10-10T05:39:09.660646Z,0.0100,1028.00,yes
2026-10-10T05:39:15.282271Z,0.0100,66.00,yes
2026-10-10T05:39:21.245622Z,0.0100,280.55,yes
2026-10-10T05:39:45.001502Z,0.0100,935.19,yes
2026-10-10T05:39:59.558662Z,0.0100,2210.78,yes
2026-10-10T05:39:59.558662Z,0.0100,7141.13,yes
2026-10-10T05:40:42.724035Z,0.0100,62.65,yes
2026-10-10T05:40:59.21315Z,0.0100,33.00,yes
2026-10-10T05:41:03.593073Z,0.0100,467.59,yes
2026-10-10T05:41:09.581054Z,0.0100,467.59,yes
2026-10-10T05:41:10.966374Z,0.0100,93.51,yes
2026-10-10T05:41:33.064977Z,0.0100,467.59,yes
2026-10-10T05:42:24.557123Z,0.0100,935.19,yes
2026-10-10T05:42:25.759825Z,0.0100,467.59,yes
2026-10-10T05:42:32.20129Z,0.0100,93.51,yes
2026-10-10T05:42:40.634447Z,0.0100,833.00,yes
2026-10-10T05:42:47.595302Z,0.0100,93.51,yes
2026-10-10T05:42:51.13849Z,0.0100,93.51,yes
2026-10-10T05:43:00.935826Z,0.0100,33.00,yes
2026-10-10T05:43:02.218746Z,0.0100,2.80,yes
2026-10-10T05:43:48.530637Z,0.0100,9.35,yes
2026-10-10T05:43:50.742296Z,0.0100,93.51,yes
2026-10-10T05:44:21.936435Z,0.0100,187.03,yes
2026-10-10T05:45:20.917778Z,0.0100,280.55,yes
