time,yes_price,contracts,taker
2026-10-04T00:02:11.08775Z,0.0100,1.81,no
2026-10-04T00:02:11.161864Z,0.0200,26.00,yes
2026-10-04T00:02:11.193955Z,0.0200,100.00,yes
2026-10-04T00:02:11.201638Z,0.0200,1248.47,yes
2026-10-04T00:02:11.212304Z,0.0200,557.63,yes
2026-10-04T00:02:11.241898Z,0.0200,78.18,yes
2026-10-04T00:02:11.311088Z,0.0200,337.27,yes
2026-10-04T00:02:11.322814Z,0.0200,401.83,yes
2026-10-04T00:02:11.380499Z,0.0200,355.34,yes
2026-10-04T00:02:11.426394Z,0.0200,53.00,yes
2026-10-04T00:02:11.471002Z,0.0200,361.88,yes
2026-10-04T00:02:11.496641Z,0.0200,233.95,yes
2026-10-04T00:02:11.521168Z,0.0100,15.24,no
2026-10-04T00:02:11.612118Z,0.0200,93.58,yes
2026-10-04T00:02:11.719006Z,0.0200,233.95,yes
2026-10-04T00:02:11.757643Z,0.0200,701.85,yes
2026-10-04T00:02:11.76459Z,0.0100,490.00,no
2026-10-04T00:02:11.786646Z,0.0200,1.00,yes
2026-10-04T00:02:11.880908Z,0.0200,100.00,yes
2026-10-04T00:02:11.951809Z,0.0200,67.41,yes
2026-10-04T00:02:11.963754Z,0.0100,182.66,no
2026-10-04T00:02:12.010774Z,0.0200,31.42,yes
2026-10-04T00:02:12.020306Z,0.0200,51.77,yes
2026-10-04T00:02:12.020657Z,0.0200,15.20,yes
2026-10-04T00:02:12.042658Z,0.0200,12.94,yes
2026-10-04T00:02:12.04489Z,0.0200,50.00,yes
2026-10-04T00:02:12.079698Z,0.0200,7.08,yes
2026-10-04T00:02:12.081679Z,0.0200,31.59,yes
2026-10-04T00:02:12.261494Z,0.0200,46.79,yes
2026-10-04T00:02:12.351667Z,0.0200,93.58,yes
2026-10-04T00:02:12.359697Z,0.0100,4.99,no
2026-10-04T00:02:12.40962Z,0.0200,6.00,yes
2026-10-04T00:02:12.425744Z,0.0200,32.00,yes
2026-10-04T00:02:12.432715Z,0.0200,67.00,yes
2026-10-04T00:02:12.444378Z,0.0200,15.00,yes
2026-10-04T00:02:12.449749Z,0.0200,9.00,yes
2026-10-04T00:02:12.465988Z,0.0200,7.00,yes
2026-10-04T00:02:12.472972Z,0.0200,41.00,yes
2026-10-04T00:02:12.479668Z,0.0200,42.00,yes
2026-10-04T00:02:12.485784Z,0.0200,1366.00,yes
2026-10-04T00:02:12.558749Z,0.0200,15.88,yes
2026-10-04T00:02:12.560489Z,0.0200,66.00,yes
2026-10-04T00:02:12.563668Z,0.0200,123.00,yes
2026-10-04T00:02:12.571221Z,0.0100,12.19,no
2026-10-04T00:02:12.608279Z,0.0200,67.00,yes
2026-10-04T00:02:12.612416Z,0.0200,10.00,yes
2026-10-04T00:02:12.70186Z,0.0200,467.90,yes
2026-10-04T00:02:12.71696Z,0.0200,9.66,yes
2026-10-04T00:02:12.717151Z,0.0200,27.11,yes
2026-10-04T00:02:12.750172Z,0.0200,113.23,yes
2026-10-04T00:02:12.802079Z,0.0200,2087.01,yes
2026-10-04T00:02:12.807826Z,0.0200,668.00,yes
2026-10-04T00:02:12.8148Z,0.0100,13.07,no
2026-10-04T00:02:12.83821Z,0.0200,10.00,yes
2026-10-04T00:02:12.878595Z,0.0200,31.00,yes
2026-10-04T00:02:12.882878Z,0.0200,36.00,yes
2026-10-04T00:02:12.899693Z,0.0100,3.02,no
2026-10-04T00:02:12.923396Z,0.0200,308.00,yes
2026-10-04T00:02:12.939871Z,0.0200,935.80,yes
2026-10-04T00:02:13.034335Z,0.0200,93.58,yes
2026-10-04T00:02:13.078236Z,0.0200,1169.75,yes
2026-10-04T00:02:13.094813Z,0.0200,31.00,yes
2026-10-04T00:02:13.095433Z,0.0200,46.79,yes
2026-10-04T00:02:13.215934Z,0.0200,77.20,yes
2026-10-04T00:02:13.248626Z,0.0200,19.98,yes
2026-10-04T00:02:13.270927Z,0.0200,34.27,yes
2026-10-04T00:02:13.271946Z,0.0200,39.24,yes
2026-10-04T00:02:13.29391Z,0.0200,56.51,yes
2026-10-04T00:02:13.589987Z,0.0200,467.90,yes
2026-10-04T00:02:13.715236Z,0.0200,3462.47,yes
2026-10-04T00:02:13.781962Z,0.0200,233.95,yes
2026-10-04T00:02:13.820335Z,0.0100,93.02,no
2026-10-04T00:02:13.844391Z,0.0200,200.00,yes
2026-10-04T00:02:13.896935Z,0.0100,64.57,no
2026-10-04T00:02:13.896935Z,0.0100,1184.00,no
2026-10-04T00:02:13.933314Z,0.0200,13.00,yes
2026-10-04T00:02:13.933314Z,0.0200,7.00,yes
2026-10-04T00:02:13.933314Z,0.0200,4638.61,yes
2026-10-04T00:02:13.933314Z,0.0200,400.00,yes
2026-10-04T00:02:13.933314Z,0.0200,400.00,yes
2026-10-04T00:02:13.933314Z,0.0200,47.08,yes
2026-10-04T00:02:13.933314Z,0.0200,60.00,yes
2026-10-04T00:02:13.933314Z,0.0200,200.00,yes
2026-10-04T00:02:13.933314Z,0.0200,62.00,yes
2026-10-04T00:02:13.933314Z,0.0200,1800.00,yes
2026-10-04T00:02:13.933314Z,0.0200,3000.00,yes
2026-10-04T00:02:13.933314Z,0.0200,64.00,yes
2026-10-04T00:02:14.028732Z,0.0200,11.00,no
2026-10-04T00:02:14.179483Z,0.0300,5.00,no
2026-10-04T00:02:14.184604Z,0.0300,10.00,no
2026-10-04T00:02:14.188846Z,0.0400,25.00,yes
2026-10-04T00:02:14.191111Z,0.0300,7.29,no
2026-10-04T00:02:14.223526Z,0.0300,20.00,no
2026-10-04T00:02:14.425239Z,0.0300,26.45,no
2026-10-04T00:02:14.425239Z,0.0300,0.59,no
2026-10-04T00:02:14.619447Z,0.0400,133.00,yes
2026-10-04T00:02:14.668162Z,0.0400,85.00,yes
2026-10-04T00:02:14.71166Z,0.0400,23.42,yes
2026-10-04T00:02:14.773393Z,0.0300,5.00,no
2026-10-04T00:02:14.7936Z,0.0400,1.00,yes
2026-10-04T00:02:14.856128Z,0.0300,14.00,no
2026-10-04T00:02:14.877004Z,0.0400,150.00,yes
2026-10-04T00:02:14.900052Z,0.0400,0.01,yes
2026-10-04T00:02:14.900052Z,0.0500,113.98,yes
2026-10-04T00:02:14.900052Z,0.0500,0.01,yes
2026-10-04T00:02:14.900052Z,0.0400,280.00,yes
2026-10-04T00:02:14.903507Z,0.0500,94.00,yes
2026-10-04T00:02:14.914705Z,0.0500,1.00,yes
2026-10-04T00:02:14.914705Z,0.0600,0.01,yes
2026-10-04T00:02:14.914705Z,0.0600,300.99,yes
2026-10-04T00:02:14.959665Z,0.0600,42.75,yes
2026-10-04T00:02:14.959665Z,0.0600,10.00,yes
2026-10-04T00:02:14.959665Z,0.0500,1.00,yes
2026-10-04T00:02:14.959665Z,0.0700,40.23,yes
2026-10-04T00:02:14.959665Z,0.0600,130.01,yes
2026-10-04T00:02:14.959665Z,0.0700,0.01,yes
2026-10-04T00:02:14.969799Z,0.0500,1.00,yes
2026-10-04T00:02:14.981867Z,0.0600,1.00,yes
2026-10-04T00:02:15.031074Z,0.0600,1.00,yes
2026-10-04T00:02:15.033914Z,0.0700,40.00,yes
2026-10-04T00:02:15.064932Z,0.0400,5.00,no
2026-10-04T00:02:15.076785Z,0.0500,9.00,yes
2026-10-04T00:02:15.101252Z,0.0500,5.00,yes
2026-10-04T00:02:15.135571Z,0.0500,5.00,yes
2026-10-04T00:02:15.154774Z,0.0500,9.00,yes
2026-10-04T00:02:15.17715Z,0.0500,5.00,yes
2026-10-04T00:02:15.178755Z,0.0400,8.00,no
2026-10-04T00:02:15.178755Z,0.0400,9.00,no
2026-10-04T00:02:15.190433Z,0.0500,27.00,yes
2026-10-04T00:02:15.202363Z,0.0600,1.00,yes
2026-10-04T00:02:15.202363Z,0.0500,2.00,yes
2026-10-04T00:02:15.206505Z,0.0700,45.00,yes
2026-10-04T00:02:15.21043Z,0.0700,40.00,yes
2026-10-04T00:02:15.218227Z,0.0500,2.78,no
2026-10-04T00:02:15.218227Z,0.0600,4.31,no
2026-10-04T00:02:15.250482Z,0.0700,2.00,yes
2026-10-04T00:02:15.2576Z,0.0700,26.00,yes
2026-10-04T00:02:15.308823Z,0.0700,0.01,yes
2026-10-04T00:02:15.308823Z,0.0700,1.00,yes
2026-10-04T00:02:15.308823Z,0.0800,111.22,yes
2026-10-04T00:02:15.308823Z,0.0700,93.77,yes
2026-10-04T00:02:15.32441Z,0.0900,37.20,yes
2026-10-04T00:02:15.32441Z,0.0700,1.00,yes
2026-10-04T00:02:15.32441Z,0.0900,1.00,yes
2026-10-04T00:02:15.32441Z,0.0800,140.78,yes
2026-10-04T00:02:15.32441Z,0.0800,0.01,yes
2026-10-04T00:02:15.32441Z,0.0900,0.01,yes
2026-10-04T00:02:15.32441Z,0.0900,120.00,yes
2026-10-04T00:02:15.329885Z,0.0900,14.00,yes
2026-10-04T00:02:15.329885Z,0.0900,5.55,yes
2026-10-04T00:02:15.329885Z,0.1000,10.45,yes
2026-10-04T00:02:15.333373Z,0.1000,21.00,yes
2026-10-04T00:02:15.334924Z,0.0700,1.00,yes
2026-10-04T00:02:15.334924Z,0.1000,20.00,yes
2026-10-04T00:02:15.337228Z,0.1000,110.00,yes
2026-10-04T00:02:15.366416Z,0.0600,2.00,no
2026-10-04T00:02:15.366416Z,0.0400,0.01,no
2026-10-04T00:02:15.366416Z,0.0400,21.60,no
2026-10-04T00:02:15.454523Z,0.0900,1.00,yes
2026-10-04T00:02:15.454523Z,0.0900,1.00,yes
2026-10-04T00:02:15.454523Z,0.0900,14.00,yes
2026-10-04T00:02:15.454523Z,0.0900,1.00,yes
2026-10-04T00:02:15.454523Z,0.0900,6.00,yes
2026-10-04T00:02:15.454523Z,0.1000,82.00,yes
2026-10-04T00:02:15.644596Z,0.0900,1.00,yes
2026-10-04T00:02:15.644596Z,0.0900,42.75,yes
2026-10-04T00:02:15.644596Z,0.1000,154.25,yes
2026-10-04T00:02:15.725583Z,0.0900,1.00,yes
2026-10-04T00:02:15.725583Z,0.1000,6.00,yes
2026-10-04T00:02:15.96807Z,0.1000,46.00,yes
2026-10-04T00:02:16.093119Z,0.1000,77.00,yes
2026-10-04T00:02:16.143596Z,0.0700,12.97,no
2026-10-04T00:02:16.143596Z,0.0700,7.00,no
2026-10-04T00:02:16.143596Z,0.0700,14.00,no
2026-10-04T00:02:16.143596Z,0.0600,44.03,no
2026-10-04T00:02:16.173915Z,0.0900,13.00,yes
2026-10-04T00:02:16.175938Z,0.0900,10.00,yes
2026-10-04T00:02:16.17811Z,0.0900,2.00,yes
2026-10-04T00:02:16.284084Z,0.0800,28.28,yes
2026-10-04T00:02:16.298647Z,0.0600,1.00,no
2026-10-04T00:02:16.298647Z,0.0600,11.25,no
2026-10-04T00:02:16.298647Z,0.0700,5.00,no
2026-10-04T00:02:16.298647Z,0.0600,42.75,no
2026-10-04T00:02:16.37454Z,0.0800,12.08,yes
2026-10-04T00:02:16.399478Z,0.0800,18.81,yes
2026-10-04T00:02:16.40809Z,0.0800,44.00,yes
2026-10-04T00:02:16.413874Z,0.0800,0.20,yes
2026-10-04T00:02:16.413874Z,0.0800,46.83,yes
2026-10-04T00:02:16.429124Z,0.0600,41.95,no
2026-10-04T00:02:16.429124Z,0.0700,5.00,no
2026-10-04T00:02:16.429124Z,0.0600,42.75,no
2026-10-04T00:02:16.432561Z,0.0800,0.80,yes
2026-10-04T00:02:16.432561Z,0.0900,910.18,yes
2026-10-04T00:02:16.432561Z,0.0800,29.75,yes
2026-10-04T00:02:16.478729Z,0.0600,15.75,no
2026-10-04T00:02:16.583071Z,0.0900,42.00,yes
2026-10-04T00:02:16.602506Z,0.0900,53.00,yes
2026-10-04T00:02:16.607857Z,0.0900,85.00,yes
2026-10-04T00:02:16.615256Z,0.0900,41.00,yes
2026-10-04T00:02:16.652363Z,0.0900,55.00,yes
2026-10-04T00:02:16.680052Z,0.0800,14.00,yes
2026-10-04T00:02:16.680052Z,0.0900,10.00,yes
2026-10-04T00:02:16.716371Z,0.0900,8.18,yes
2026-10-04T00:02:16.716371Z,0.0900,1191.82,yes
2026-10-04T00:02:16.71724Z,0.1000,0.01,yes
2026-10-04T00:02:16.71724Z,0.1000,2.36,yes
2026-10-04T00:02:16.71724Z,0.0900,0.82,yes
2026-10-04T00:02:16.758951Z,0.1100,0.01,yes
2026-10-04T00:02:16.758951Z,0.1200,0.01,yes
2026-10-04T00:02:16.758951Z,0.1100,0.01,yes
2026-10-04T00:02:16.786095Z,0.1300,0.01,yes
2026-10-04T00:02:16.805078Z,0.1300,9.00,yes
2026-10-04T00:02:16.805505Z,0.1300,1.00,yes
2026-10-04T00:02:16.915123Z,0.0900,2.00,no
2026-10-04T00:02:16.915123Z,0.1000,14.00,no
2026-10-04T00:02:16.915123Z,0.0800,20.12,no
2026-10-04T00:02:16.915123Z,0.0900,14.00,no
2026-10-04T00:02:16.915123Z,0.0900,42.88,no
2026-10-04T00:02:16.93322Z,0.1300,34.69,yes
2026-10-04T00:02:16.945998Z,0.1500,39.98,yes
2026-10-04T00:02:16.945998Z,0.1400,0.01,yes
2026-10-04T00:02:16.945998Z,0.1500,0.01,yes
2026-10-04T00:02:16.945998Z,0.1400,28.00,yes
2026-10-04T00:02:16.945998Z,0.1400,1.00,yes
2026-10-04T00:02:16.945998Z,0.1400,10.00,yes
2026-10-04T00:02:16.96068Z,0.1200,1.00,yes
2026-10-04T00:02:16.973349Z,0.1000,27.51,no
2026-10-04T00:02:16.973349Z,0.1100,7.00,no
2026-10-04T00:02:16.975999Z,0.1200,19.12,yes
2026-10-04T00:02:16.975999Z,0.1400,5.88,yes
2026-10-04T00:02:17.068545Z,0.1400,16.00,yes
2026-10-04T00:02:17.11951Z,0.1400,12.00,yes
2026-10-04T00:02:17.336354Z,0.1100,21.94,no
2026-10-04T00:02:17.336354Z,0.1200,5.00,no
2026-10-04T00:02:17.355791Z,0.1100,5.00,no
2026-10-04T00:02:17.365162Z,0.1000,15.37,no
2026-10-04T00:02:17.365162Z,0.1100,7.75,no
2026-10-04T00:02:17.365162Z,0.0900,1.00,no
2026-10-04T00:02:17.365162Z,0.0900,10.57,no
2026-10-04T00:02:17.418676Z,0.0900,20.00,no
2026-10-04T00:02:17.424534Z,0.1400,22.00,yes
2026-10-04T00:02:17.424534Z,0.1400,4.00,yes
2026-10-04T00:02:17.509474Z,0.1500,2.00,yes
2026-10-04T00:02:17.509474Z,0.1400,2.00,yes
2026-10-04T00:02:17.509474Z,0.1400,10.00,yes
2026-10-04T00:02:17.672284Z,0.1500,0.01,yes
2026-10-04T00:02:17.673193Z,0.1500,7.99,yes
2026-10-04T00:02:17.673193Z,0.1500,10.00,yes
2026-10-04T00:02:17.673193Z,0.1500,9.01,yes
2026-10-04T00:02:17.716393Z,0.1200,6.56,yes
2026-10-04T00:02:17.733555Z,0.1200,36.00,yes
2026-10-04T00:02:17.767673Z,0.1200,19.44,yes
2026-10-04T00:02:17.769293Z,0.1400,11.44,yes
2026-10-04T00:02:17.90076Z,0.1400,0.01,yes
2026-10-04T00:02:17.910091Z,0.2900,12.00,yes
2026-10-04T00:02:17.910091Z,0.2800,120.00,yes
2026-10-04T00:02:17.910091Z,0.2000,70.00,yes
2026-10-04T00:02:17.910091Z,0.3000,10.00,yes
2026-10-04T00:02:17.910091Z,0.1700,0.01,yes
2026-10-04T00:02:17.910091Z,0.2800,10.00,yes
2026-10-04T00:02:17.910091Z,0.2400,6.00,yes
2026-10-04T00:02:17.910091Z,0.2900,0.01,yes
2026-10-04T00:02:17.910091Z,0.1600,0.01,yes
2026-10-04T00:02:17.910091Z,0.2600,3.00,yes
2026-10-04T00:02:17.910091Z,0.3000,32.00,yes
2026-10-04T00:02:17.910091Z,0.2700,3.00,yes
2026-10-04T00:02:17.910091Z,0.2500,35.00,yes
2026-10-04T00:02:17.910091Z,0.1800,0.01,yes
2026-10-04T00:02:17.910091Z,0.1800,15.00,yes
2026-10-04T00:02:17.910091Z,0.1700,8.00,yes
2026-10-04T00:02:17.910091Z,0.1900,10.00,yes
2026-10-04T00:02:17.910091Z,0.2700,1.00,yes
2026-10-04T00:02:17.910091Z,0.2000,10.00,yes
2026-10-04T00:02:17.910091Z,0.1900,6.17,yes
2026-10-04T00:02:17.910091Z,0.1800,2.00,yes
2026-10-04T00:02:17.910091Z,0.1600,2.00,yes
2026-10-04T00:02:17.910091Z,0.1700,1.00,yes
2026-10-04T00:02:17.910091Z,0.1800,5.00,yes
2026-10-04T00:02:17.910091Z,0.1800,24.98,yes
2026-10-04T00:02:17.910091Z,0.1600,7.00,yes
2026-10-04T00:02:17.910091Z,0.1900,14.00,yes
2026-10-04T00:02:17.910091Z,0.1500,8.00,yes
2026-10-04T00:02:17.910091Z,0.1800,1.00,yes
2026-10-04T00:02:17.910091Z,0.1600,10.00,yes
2026-10-04T00:02:17.910091Z,0.2100,1.00,yes
2026-10-04T00:02:17.910091Z,0.3000,846.80,yes
2026-10-04T00:02:17.910091Z,0.1900,14.00,yes
2026-10-04T00:02:17.910091Z,0.2100,6.00,yes
2026-10-04T00:02:17.910091Z,0.2200,0.01,yes
2026-10-04T00:02:17.96695Z,0.3000,11.83,yes
2026-10-04T00:02:18.100838Z,0.3000,8.00,yes
2026-10-04T00:02:18.294049Z,0.3000,12.71,yes
2026-10-04T00:02:18.451493Z,0.1900,7.00,no
2026-10-04T00:02:18.451493Z,0.1900,2.85,no
2026-10-04T00:02:18.463634Z,0.3200,1.99,yes
2026-10-04T00:02:18.463634Z,0.3100,8.00,yes
2026-10-04T00:02:18.463634Z,0.3200,0.01,yes
2026-10-04T00:02:18.463634Z,0.3100,10.00,yes
2026-10-04T00:02:18.738834Z,0.2000,6.64,no
2026-10-04T00:02:18.738834Z,0.1900,0.66,no
2026-10-04T00:02:18.738834Z,0.2000,19.58,no
2026-10-04T00:02:18.870406Z,0.3300,2.89,yes
2026-10-04T00:02:18.938806Z,0.3200,10.00,yes
2026-10-04T00:02:18.938806Z,0.3200,4.47,yes
2026-10-04T00:02:18.940721Z,0.3200,14.53,yes
2026-10-04T00:02:18.940721Z,0.3200,14.27,yes
2026-10-04T00:02:18.951416Z,0.3300,5.02,yes
2026-10-04T00:02:18.951416Z,0.3100,9.89,yes
2026-10-04T00:02:18.975595Z,0.1200,259.00,no
2026-10-04T00:02:18.975595Z,0.1100,416.03,no
2026-10-04T00:02:18.975595Z,0.2200,42.43,no
2026-10-04T00:02:18.975595Z,0.2200,13.34,no
2026-10-04T00:02:18.975595Z,0.1800,14.00,no
2026-10-04T00:02:18.975595Z,0.1400,1.00,no
2026-10-04T00:02:18.975595Z,0.1800,11.00,no
2026-10-04T00:02:18.975595Z,0.1300,156.00,no
2026-10-04T00:02:18.975595Z,0.1400,15.00,no
2026-10-04T00:02:18.975595Z,0.2100,7.00,no
2026-10-04T00:02:18.975595Z,0.1400,1.00,no
2026-10-04T00:02:19.083401Z,0.2400,5.00,no
2026-10-04T00:02:19.119067Z,0.2400,2.00,no
2026-10-04T00:02:19.119067Z,0.2200,9.00,no
2026-10-04T00:02:19.140296Z,0.2200,33.43,no
2026-10-04T00:02:19.140296Z,0.1400,3.10,no
2026-10-04T00:02:19.159128Z,0.2800,1.00,yes
2026-10-04T00:02:19.166395Z,0.2800,29.83,yes
2026-10-04T00:02:19.208807Z,0.2800,14.47,yes
2026-10-04T00:02:19.227115Z,0.2100,5.90,no
2026-10-04T00:02:19.227115Z,0.2100,1.00,no
2026-10-04T00:02:19.2457Z,0.2800,4.70,yes
2026-10-04T00:02:19.2457Z,0.2800,9.59,yes
2026-10-04T00:02:19.283897Z,0.3000,48.74,yes
2026-10-04T00:02:19.286527Z,0.3200,1.65,yes
2026-10-04T00:02:19.286527Z,0.3000,13.26,yes
2026-10-04T00:02:19.297633Z,0.3400,10.52,yes
2026-10-04T00:02:19.297633Z,0.3200,12.35,yes
2026-10-04T00:02:19.297633Z,0.3300,10.00,yes
2026-10-04T00:02:19.297633Z,0.3200,32.84,yes
2026-10-04T00:02:19.297633Z,0.3300,1.00,yes
2026-10-04T00:02:19.297633Z,0.3400,10.00,yes
2026-10-04T00:02:19.297633Z,0.3400,10.00,yes
2026-10-04T00:02:19.522794Z,0.2600,1.17,no
2026-10-04T00:02:19.806346Z,0.3200,20.00,yes
2026-10-04T00:02:19.924084Z,0.3200,14.91,yes
2026-10-04T00:02:19.965069Z,0.3200,14.00,yes
2026-10-04T00:02:19.965069Z,0.3600,10.00,yes
2026-10-04T00:02:19.965069Z,0.3400,10.00,yes
2026-10-04T00:02:19.965069Z,0.3400,1.00,yes
2026-10-04T00:02:19.965069Z,0.3200,15.09,yes
2026-10-04T00:02:19.965069Z,0.3700,10.00,yes
2026-10-04T00:02:19.965069Z,0.3400,42.30,yes
2026-10-04T00:02:19.965069Z,0.3300,72.00,yes
2026-10-04T00:02:19.965069Z,0.3500,10.00,yes
2026-10-04T00:02:19.965069Z,0.3700,1.00,yes
2026-10-04T00:02:19.965069Z,0.3600,0.01,yes
2026-10-04T00:02:19.965069Z,0.3700,10.00,yes
2026-10-04T00:02:19.965069Z,0.3500,10.00,yes
2026-10-04T00:02:19.965069Z,0.3800,9.60,yes
2026-10-04T00:02:19.965069Z,0.3500,35.00,yes
2026-10-04T00:02:20.087269Z,0.3700,1.00,yes
2026-10-04T00:02:20.087269Z,0.3700,39.00,yes
2026-10-04T00:02:20.196817Z,0.2800,8.00,no
2026-10-04T00:02:20.196817Z,0.2900,42.30,no
2026-10-04T00:02:20.196817Z,0.2800,10.33,no
2026-10-04T00:02:20.296299Z,0.3800,0.40,yes
2026-10-04T00:02:20.296299Z,0.3900,6.00,yes
2026-10-04T00:02:20.296299Z,0.3900,4.00,yes
2026-10-04T00:02:20.296299Z,0.3900,1.00,yes
2026-10-04T00:02:20.296299Z,0.3800,7.00,yes
2026-10-04T00:02:20.296299Z,0.3900,0.01,yes
2026-10-04T00:02:20.296299Z,0.3800,3.00,yes
2026-10-04T00:02:20.296299Z,0.3900,4.02,yes
2026-10-04T00:02:20.296299Z,0.3800,24.00,yes
2026-10-04T00:02:20.31369Z,0.3100,14.00,no
2026-10-04T00:02:20.314376Z,0.3100,14.00,no
2026-10-04T00:02:20.315659Z,0.3100,110.00,no
2026-10-04T00:02:20.317543Z,0.3100,2.00,no
2026-10-04T00:02:20.317543Z,0.2900,1.00,no
2026-10-04T00:02:20.317543Z,0.2700,0.48,no
2026-10-04T00:02:20.317543Z,0.2800,19.10,no
2026-10-04T00:02:20.319325Z,0.2600,2.00,no
2026-10-04T00:02:20.319325Z,0.2700,1.52,no
2026-10-04T00:02:20.325204Z,0.2300,2.00,no
2026-10-04T00:02:20.337353Z,0.3000,28.94,yes
2026-10-04T00:02:20.379409Z,0.3000,3.52,yes
2026-10-04T00:02:20.410507Z,0.3100,32.00,yes
2026-10-04T00:02:20.410507Z,0.3000,14.00,yes
2026-10-04T00:02:20.421558Z,0.3100,2.58,yes
2026-10-04T00:02:20.444717Z,0.3100,14.05,yes
2026-10-04T00:02:20.469901Z,0.3100,20.26,yes
2026-10-04T00:02:20.472043Z,0.3100,22.00,yes
2026-10-04T00:02:20.477759Z,0.3100,11.00,yes
2026-10-04T00:02:20.479566Z,0.3100,10.00,yes
2026-10-04T00:02:20.482942Z,0.3100,1.00,yes
2026-10-04T00:02:20.53943Z,0.3100,25.11,yes
2026-10-04T00:02:20.53943Z,0.3300,0.77,yes
2026-10-04T00:02:20.570914Z,0.4000,4.00,yes
2026-10-04T00:02:20.570914Z,0.4000,6.00,yes
2026-10-04T00:02:20.570914Z,0.4000,27.70,yes
2026-10-04T00:02:20.570914Z,0.3600,1.00,yes
2026-10-04T00:02:20.570914Z,0.3300,49.23,yes
2026-10-04T00:02:20.570914Z,0.3900,0.98,yes
2026-10-04T00:02:20.570914Z,0.3500,2.00,yes
2026-10-04T00:02:20.570914Z,0.3700,1.00,yes
2026-10-04T00:02:20.570914Z,0.3800,1.00,yes
2026-10-04T00:02:20.570914Z,0.3900,7.09,yes
2026-10-04T00:02:20.78556Z,0.3200,0.30,yes
2026-10-04T00:02:20.846581Z,0.2900,2.76,no
2026-10-04T00:02:20.846581Z,0.3100,14.00,no
2026-10-04T00:02:20.949796Z,0.3300,119.36,yes
2026-10-04T00:02:20.96579Z,0.3300,214.00,yes
2026-10-04T00:02:20.971637Z,0.4300,10.00,yes
2026-10-04T00:02:20.971637Z,0.4100,3.00,yes
2026-10-04T00:02:20.971637Z,0.4200,10.00,yes
2026-10-04T00:02:20.971637Z,0.3500,42.99,yes
2026-10-04T00:02:20.971637Z,0.4100,7.00,yes
2026-10-04T00:02:20.971637Z,0.3900,1.00,yes
2026-10-04T00:02:20.971637Z,0.4000,1.00,yes
2026-10-04T00:02:20.971637Z,0.3300,191.64,yes
2026-10-04T00:02:20.971637Z,0.4000,1.00,yes
2026-10-04T00:02:20.971637Z,0.4300,10.00,yes
2026-10-04T00:02:20.971637Z,0.4100,174.00,yes
2026-10-04T00:02:20.978573Z,0.4000,10.00,yes
2026-10-04T00:02:21.014677Z,0.3200,12.29,yes
2026-10-04T00:02:21.071218Z,0.3400,9.00,yes
2026-10-04T00:02:21.071218Z,0.3300,10.00,yes
2026-10-04T00:02:21.097774Z,0.3000,7.01,no
2026-10-04T00:02:21.097774Z,0.3100,42.99,no
2026-10-04T00:02:21.117292Z,0.3100,8.00,no
2026-10-04T00:02:21.117292Z,0.2800,13.00,no
2026-10-04T00:02:21.132285Z,0.3400,0.40,yes
2026-10-04T00:02:21.132285Z,0.3400,1.00,yes
2026-10-04T00:02:21.132455Z,0.3100,8.00,no
2026-10-04T00:02:21.237364Z,0.3300,2.89,yes
2026-10-04T00:02:21.305733Z,0.3300,0.37,yes
2026-10-04T00:02:21.395686Z,0.3300,10.00,yes
2026-10-04T00:02:21.422695Z,0.3500,10.00,yes
2026-10-04T00:02:21.422695Z,0.3300,36.34,yes
2026-10-04T00:02:21.422695Z,0.3500,1.12,yes
2026-10-04T00:02:21.539865Z,0.3600,0.40,yes
2026-10-04T00:02:21.539865Z,0.3500,7.60,yes
2026-10-04T00:02:21.55684Z,0.3000,3.00,no
2026-10-04T00:02:21.581025Z,0.3000,6.00,no
2026-10-04T00:02:21.581025Z,0.2800,29.99,no
2026-10-04T00:02:21.581025Z,0.2900,5.28,no
2026-10-04T00:02:21.581025Z,0.2900,132.00,no
2026-10-04T00:02:21.581025Z,0.2700,60.68,no
2026-10-04T00:02:21.838568Z,0.2700,1.32,no
2026-10-04T00:02:21.838568Z,0.2900,1.00,no
2026-10-04T00:02:21.838568Z,0.2700,23.97,no
2026-10-04T00:02:21.838568Z,0.2800,42.73,no
2026-10-04T00:02:21.909136Z,0.3600,9.60,yes
2026-10-04T00:02:21.909136Z,0.3600,3.60,yes
2026-10-04T00:02:21.932644Z,0.3000,1.00,no
2026-10-04T00:02:21.937028Z,0.2300,10.00,no
2026-10-04T00:02:21.937028Z,0.2800,8.72,no
2026-10-04T00:02:21.937028Z,0.2400,16.24,no
2026-10-04T00:02:21.9607Z,0.1200,40.00,no
2026-10-04T00:02:21.963421Z,0.2800,14.00,yes
2026-10-04T00:02:21.963421Z,0.2900,87.99,yes
2026-10-04T00:02:21.963421Z,0.2800,42.73,yes
2026-10-04T00:02:21.965095Z,0.1200,1803.04,no
2026-10-04T00:02:21.965568Z,0.1200,1126.96,no
2026-10-04T00:02:21.98182Z,0.1000,1.00,no
2026-10-04T00:02:21.98182Z,0.1100,89.00,no
2026-10-04T00:02:21.996479Z,0.1200,7.00,no
2026-10-04T00:02:22.004007Z,0.1200,7.00,no
2026-10-04T00:02:22.009223Z,0.2700,42.73,yes
2026-10-04T00:02:22.009223Z,0.2700,457.27,yes
2026-10-04T00:02:22.080339Z,0.2400,13.51,yes
2026-10-04T00:02:22.085238Z,0.2400,1.00,yes
2026-10-04T00:02:22.085238Z,0.2400,29.22,yes
2026-10-04T00:02:22.085238Z,0.2500,32.04,yes
2026-10-04T00:02:22.085238Z,0.2400,26.00,yes
2026-10-04T00:02:22.085238Z,0.2400,15.00,yes
2026-10-04T00:02:22.090728Z,0.1800,70.00,no
2026-10-04T00:02:22.090746Z,0.2400,13.47,yes
2026-10-04T00:02:22.094788Z,0.2400,13.17,yes
2026-10-04T00:02:22.11319Z,0.1100,15.00,no
2026-10-04T00:02:22.11319Z,0.1000,54.00,no
2026-10-04T00:02:22.11319Z,0.1100,1.00,no
2026-10-04T00:02:22.118825Z,0.1000,13.00,no
2026-10-04T00:02:22.118869Z,0.1000,33.00,no
2026-10-04T00:02:22.118888Z,0.2200,13.17,yes
2026-10-04T00:02:22.227371Z,0.1000,7.97,yes
2026-10-04T00:02:22.264539Z,0.1000,26.30,yes
2026-10-04T00:02:22.286587Z,0.1000,13.29,yes
2026-10-04T00:02:22.302475Z,0.0900,15.95,yes
2026-10-04T00:02:22.35057Z,0.0900,26.30,yes
2026-10-04T00:02:22.585218Z,0.1000,22.44,yes
2026-10-04T00:02:22.585218Z,0.1000,195.15,yes
2026-10-04T00:02:22.599988Z,0.1000,168.00,yes
2026-10-04T00:02:22.789249Z,0.1000,82.70,yes
2026-10-04T00:02:22.971206Z,0.1100,14.33,yes
2026-10-04T00:02:22.971206Z,0.1000,1.99,yes
2026-10-04T00:02:22.971206Z,0.1000,208.15,yes
2026-10-04T00:02:22.971206Z,0.1000,6.00,yes
2026-10-04T00:02:23.131117Z,0.1100,7.91,yes
2026-10-04T00:02:23.271381Z,0.0900,91.04,no
2026-10-04T00:02:23.271381Z,0.1000,42.40,no
2026-10-04T00:02:23.271381Z,0.1000,1.00,no
2026-10-04T00:02:23.373247Z,0.1100,17.11,yes
2026-10-04T00:02:23.412607Z,0.1300,0.35,yes
2026-10-04T00:02:23.412607Z,0.1100,10.65,yes
2026-10-04T00:02:23.525926Z,0.1500,0.33,yes
2026-10-04T00:02:23.525926Z,0.1300,5.65,yes
2026-10-04T00:02:23.525926Z,0.1300,1.00,yes
2026-10-04T00:02:23.525926Z,0.1500,0.01,yes
2026-10-04T00:02:23.525926Z,0.1400,0.01,yes
2026-10-04T00:02:23.534079Z,0.1500,2.67,yes
2026-10-04T00:02:23.534079Z,0.1500,7.33,yes
2026-10-04T00:02:23.54683Z,0.1600,2.00,yes
2026-10-04T00:02:23.582493Z,0.1700,23.99,yes
2026-10-04T00:02:23.582493Z,0.1700,0.01,yes
2026-10-04T00:02:23.633544Z,0.1800,37.00,yes
2026-10-04T00:02:23.633544Z,0.1800,1.00,yes
2026-10-04T00:02:23.633544Z,0.1700,2.00,yes
2026-10-04T00:02:23.633544Z,0.1700,2.00,yes
2026-10-04T00:02:23.710526Z,0.1300,1.00,yes
2026-10-04T00:02:23.710981Z,0.1000,51.00,no
2026-10-04T00:02:23.710981Z,0.1000,1.00,no
2026-10-04T00:02:23.710981Z,0.0800,138.00,no
2026-10-04T00:02:23.710981Z,0.1000,42.40,no
2026-10-04T00:02:23.710981Z,0.0800,86.00,no
2026-10-04T00:02:23.710981Z,0.0900,10.00,no
2026-10-04T00:02:23.710981Z,0.0700,2857.07,no
2026-10-04T00:02:23.710981Z,0.0800,18.00,no
2026-10-04T00:02:23.710981Z,0.0900,259.00,no
2026-10-04T00:02:23.865693Z,0.1200,14.00,yes
2026-10-04T00:02:23.865693Z,0.1200,1.00,yes
2026-10-04T00:02:23.865693Z,0.1200,16.46,yes
2026-10-04T00:02:23.925987Z,0.1000,15.36,no
2026-10-04T00:02:23.943368Z,0.1200,10.00,yes
2026-10-04T00:02:23.943368Z,0.1300,52.92,yes
2026-10-04T00:02:23.988276Z,0.0900,1.00,no
2026-10-04T00:02:23.988276Z,0.1000,14.00,no
2026-10-04T00:02:23.988276Z,0.0800,72.07,no
2026-10-04T00:02:23.988276Z,0.0800,80.00,no
2026-10-04T00:02:23.988276Z,0.1100,42.40,no
2026-10-04T00:02:24.037554Z,0.0800,80.00,no
2026-10-04T00:02:24.037554Z,0.0900,42.40,no
2026-10-04T00:02:24.037554Z,0.0700,152.05,no
2026-10-04T00:02:24.037554Z,0.1000,14.00,no
2026-10-04T00:02:24.037554Z,0.0900,1.00,no
2026-10-04T00:02:24.057154Z,0.1200,2.77,yes
2026-10-04T00:02:24.0727Z,0.1200,31.46,yes
2026-10-04T00:02:24.12845Z,0.1100,39.24,yes
2026-10-04T00:02:24.190356Z,0.1000,1.00,no
2026-10-04T00:02:24.190356Z,0.0900,97.00,no
2026-10-04T00:02:24.190356Z,0.0900,42.40,no
2026-10-04T00:02:24.190356Z,0.0800,41.85,no
2026-10-04T00:02:24.196692Z,0.1100,78.49,yes
2026-10-04T00:02:24.197364Z,0.1100,7.84,yes
2026-10-04T00:02:24.254025Z,0.1100,141.01,yes
2026-10-04T00:02:24.27561Z,0.1100,14.00,yes
2026-10-04T00:02:24.27561Z,0.1100,62.42,yes
2026-10-04T00:02:24.27561Z,0.1100,1.00,yes
2026-10-04T00:02:24.27561Z,0.1100,25.41,yes
2026-10-04T00:02:24.287872Z,0.1200,6.84,yes
2026-10-04T00:02:24.287872Z,0.1100,1.00,yes
2026-10-04T00:02:24.315419Z,0.0900,10.07,no
2026-10-04T00:02:24.379286Z,0.1100,4.00,yes
2026-10-04T00:02:24.409673Z,0.1100,36.97,yes
2026-10-04T00:02:24.423161Z,0.1100,72.50,yes
2026-10-04T00:02:24.437525Z,0.1300,24.84,yes
2026-10-04T00:02:24.437525Z,0.1200,8.93,yes
2026-10-04T00:02:24.437525Z,0.1100,212.00,yes
2026-10-04T00:02:24.437525Z,0.1100,1.00,yes
2026-10-04T00:02:24.437525Z,0.1200,1.00,yes
2026-10-04T00:02:24.437525Z,0.1200,35.00,yes
2026-10-04T00:02:24.437886Z,0.0800,51.83,no
2026-10-04T00:02:24.437886Z,0.0900,1.00,no
2026-10-04T00:02:24.437886Z,0.1000,100.00,no
2026-10-04T00:02:24.437886Z,0.0900,32.33,no
2026-10-04T00:02:24.52306Z,0.1100,1.00,yes
2026-10-04T00:02:24.52306Z,0.1100,10.11,yes
2026-10-04T00:02:24.546591Z,0.1200,1.00,yes
2026-10-04T00:02:24.546591Z,0.1200,12.25,yes
2026-10-04T00:02:24.546591Z,0.1200,9.00,yes
2026-10-04T00:02:24.546591Z,0.1200,14.00,yes
2026-10-04T00:02:24.584039Z,0.1300,259.32,yes
2026-10-04T00:02:24.584039Z,0.1200,30.15,yes
2026-10-04T00:02:24.584039Z,0.1200,2.53,yes
2026-10-04T00:02:24.584039Z,0.1100,1.00,yes
2026-10-04T00:02:24.584039Z,0.1100,6.00,yes
2026-10-04T00:02:24.584039Z,0.1200,1.00,yes
2026-10-04T00:02:24.611721Z,0.0700,535.48,no
2026-10-04T00:02:24.611721Z,0.0800,81.00,no
2026-10-04T00:02:24.611721Z,0.1000,14.00,no
2026-10-04T00:02:24.611721Z,0.0900,42.40,no
2026-10-04T00:02:24.611721Z,0.0800,1.00,no
2026-10-04T00:02:24.633024Z,0.1100,3.98,yes
2026-10-04T00:02:24.701354Z,0.1200,136.10,yes
2026-10-04T00:02:24.701354Z,0.1200,42.40,yes
2026-10-04T00:02:24.712266Z,0.0700,297.60,no
2026-10-04T00:02:24.712266Z,0.0900,1.00,no
2026-10-04T00:02:24.712266Z,0.0800,42.40,no
2026-10-04T00:02:24.712266Z,0.0800,87.00,no
2026-10-04T00:02:24.730078Z,0.1200,1.00,yes
2026-10-04T00:02:24.730078Z,0.1100,14.00,yes
2026-10-04T00:02:24.730078Z,0.1200,57.50,yes
2026-10-04T00:02:24.74212Z,0.1300,5.22,yes
2026-10-04T00:02:24.74212Z,0.1100,9.00,yes
2026-10-04T00:02:24.74212Z,0.1100,1.00,yes
2026-10-04T00:02:24.793215Z,0.1100,7.09,no
2026-10-04T00:02:24.809227Z,0.1300,88.90,yes
2026-10-04T00:02:24.809227Z,0.1200,58.90,yes
2026-10-04T00:02:24.81541Z,0.1100,6.91,no
2026-10-04T00:02:24.81541Z,0.0900,42.68,no
2026-10-04T00:02:24.81541Z,0.0900,1.00,no
2026-10-04T00:02:24.818317Z,0.0900,32.47,yes
2026-10-04T00:02:24.830548Z,0.0900,7.00,yes
2026-10-04T00:02:24.832807Z,0.0900,187.08,yes
2026-10-04T00:02:24.83758Z,0.0900,7.00,yes
2026-10-04T00:02:24.839156Z,0.1300,47.80,yes
2026-10-04T00:02:24.839156Z,0.0900,21.97,yes
2026-10-04T00:02:24.839156Z,0.1100,42.68,yes
2026-10-04T00:02:24.839156Z,0.1300,38.37,yes
2026-10-04T00:02:24.85368Z,0.1200,6.74,yes
2026-10-04T00:02:24.85368Z,0.1200,1.00,yes
2026-10-04T00:02:24.939431Z,0.1300,23.00,yes
2026-10-04T00:02:24.942501Z,0.1300,1108.00,yes
2026-10-04T00:02:24.957742Z,0.1300,132.00,yes
2026-10-04T00:02:24.96685Z,0.1300,4.49,yes
2026-10-04T00:02:24.967631Z,0.1300,99.00,yes
2026-10-04T00:02:25.015639Z,0.1300,83.00,yes
2026-10-04T00:02:25.018499Z,0.1300,11.00,yes
2026-10-04T00:02:25.087499Z,0.1300,145.34,yes
2026-10-04T00:02:25.098075Z,0.1300,52.63,yes
2026-10-04T00:02:25.11025Z,0.1300,13.00,yes
2026-10-04T00:02:25.186914Z,0.0600,5.40,no
2026-10-04T00:02:25.186914Z,0.0700,606.00,no
2026-10-04T00:02:25.186914Z,0.0700,1157.80,no
2026-10-04T00:02:25.186914Z,0.0800,100.00,no
2026-10-04T00:02:25.186914Z,0.1000,100.00,no
2026-10-04T00:02:25.186914Z,0.1100,42.68,no
2026-10-04T00:02:25.186914Z,0.0900,10.00,no
2026-10-04T00:02:25.186914Z,0.0800,10.00,no
2026-10-04T00:02:25.186914Z,0.0800,138.00,no
2026-10-04T00:02:25.186914Z,0.0500,158.14,no
2026-10-04T00:02:25.212062Z,0.1300,1038.00,yes
2026-10-04T00:02:25.252414Z,0.1200,39.24,yes
2026-10-04T00:02:25.322174Z,0.1200,1.57,yes
2026-10-04T00:02:25.322174Z,0.1200,1.00,yes
2026-10-04T00:02:25.322174Z,0.1300,214.95,yes
2026-10-04T00:02:25.33332Z,0.1300,3.00,yes
2026-10-04T00:02:25.379923Z,0.1300,14.50,yes
2026-10-04T00:02:25.425626Z,0.1300,145.01,yes
2026-10-04T00:02:25.533933Z,0.1400,244.32,yes
2026-10-04T00:02:25.533933Z,0.1300,479.00,yes
2026-10-04T00:02:25.533933Z,0.1300,1.00,yes
2026-10-04T00:02:25.533933Z,0.1200,1.00,yes
2026-10-04T00:02:25.533933Z,0.1200,14.00,yes
2026-10-04T00:02:25.533933Z,0.1300,42.68,yes
2026-10-04T00:02:25.533933Z,0.1200,50.00,yes
2026-10-04T00:02:25.533933Z,0.1300,10.00,yes
2026-10-04T00:02:25.546781Z,0.1000,14.50,yes
2026-10-04T00:02:25.569642Z,0.1000,32.00,yes
2026-10-04T00:02:25.575312Z,0.1000,15.50,yes
2026-10-04T00:02:25.619777Z,0.1300,5.00,yes
2026-10-04T00:02:25.648736Z,0.1300,72.50,yes
2026-10-04T00:02:25.66213Z,0.1300,29.00,yes
2026-10-04T00:02:25.675Z,0.1300,22.00,yes
2026-10-04T00:02:25.717411Z,0.0900,19.98,no
2026-10-04T00:02:25.790596Z,0.1400,0.06,yes
2026-10-04T00:02:25.920279Z,0.1300,109.00,yes
2026-10-04T00:02:25.92166Z,0.1300,181.26,yes
2026-10-04T00:02:25.922185Z,0.1300,12.00,yes
2026-10-04T00:02:25.948815Z,0.1300,94.00,yes
2026-10-04T00:02:25.987453Z,0.1300,17.00,yes
2026-10-04T00:02:25.989564Z,0.1300,36.25,yes
2026-10-04T00:02:25.99714Z,0.1300,78.00,yes
2026-10-04T00:02:25.99714Z,0.1200,62.00,yes
2026-10-04T00:02:26.011064Z,0.1300,36.25,yes
2026-10-04T00:02:26.029739Z,0.1300,7.00,yes
2026-10-04T00:02:26.044571Z,0.1300,42.00,yes
2026-10-04T00:02:26.064543Z,0.0900,3.41,no
2026-10-04T00:02:26.064543Z,0.1000,22.70,no
2026-10-04T00:02:26.064543Z,0.1100,1.49,no
2026-10-04T00:02:26.065171Z,0.1300,36.25,yes
2026-10-04T00:02:26.095754Z,0.1300,13.47,yes
2026-10-04T00:02:26.097421Z,0.1300,673.71,yes
2026-10-04T00:02:26.107454Z,0.1300,0.72,yes
2026-10-04T00:02:26.12569Z,0.1300,0.22,yes
2026-10-04T00:02:26.134064Z,0.1300,36.25,yes
2026-10-04T00:02:26.158985Z,0.1300,36.00,yes
2026-10-04T00:02:26.187664Z,0.1300,7.25,yes
2026-10-04T00:02:26.213117Z,0.1300,41.00,yes
2026-10-04T00:02:26.217479Z,0.1300,36.25,yes
2026-10-04T00:02:26.220169Z,0.1300,10.00,yes
2026-10-04T00:02:26.264256Z,0.1200,131.33,yes
2026-10-04T00:02:26.264256Z,0.1200,3.41,yes
2026-10-04T00:02:26.276285Z,0.1200,1.00,yes
2026-10-04T00:02:26.276285Z,0.1200,5.67,yes
2026-10-04T00:02:26.276285Z,0.1200,6.00,yes
2026-10-04T00:02:26.276285Z,0.1300,67.08,yes
2026-10-04T00:02:26.279959Z,0.1300,200.00,yes
2026-10-04T00:02:26.288153Z,0.1300,61.00,yes
2026-10-04T00:02:26.328557Z,0.1300,59.00,yes
2026-10-04T00:02:26.333498Z,0.1300,29.00,yes
2026-10-04T00:02:26.390651Z,0.1300,385.00,yes
2026-10-04T00:02:26.391661Z,0.1300,2.00,yes
2026-10-04T00:02:26.405482Z,0.1300,104.73,yes
2026-10-04T00:02:26.429702Z,0.1200,10.26,no
2026-10-04T00:02:26.458421Z,0.1000,16.38,no
2026-10-04T00:02:26.458421Z,0.1100,3.74,no
2026-10-04T00:02:26.48722Z,0.1300,36.25,yes
2026-10-04T00:02:26.490585Z,0.1300,2.00,yes
2026-10-04T00:02:26.509917Z,0.1300,709.00,yes
2026-10-04T00:02:26.518084Z,0.1300,69.62,yes
2026-10-04T00:02:26.52437Z,0.1300,125.65,yes
2026-10-04T00:02:26.539917Z,0.1200,6.73,yes
2026-10-04T00:02:26.548313Z,0.1200,42.68,yes
2026-10-04T00:02:26.548313Z,0.1200,7.27,yes
2026-10-04T00:02:26.548313Z,0.1300,22.55,yes
2026-10-04T00:02:26.567547Z,0.0800,41.00,no
2026-10-04T00:02:26.567547Z,0.0900,1.00,no
2026-10-04T00:02:26.575855Z,0.0700,67.18,no
2026-10-04T00:02:26.627836Z,0.0700,26.30,no
2026-10-04T00:02:26.627836Z,0.0600,189.73,no
2026-10-04T00:02:26.627836Z,0.0700,18.82,no
2026-10-04T00:02:26.627836Z,0.0700,1.00,no
2026-10-04T00:02:26.627836Z,0.0800,14.00,no
2026-10-04T00:02:26.627836Z,0.0600,10.00,no
2026-10-04T00:02:26.636694Z,0.1100,52.33,yes
2026-10-04T00:02:26.636694Z,0.1000,50.00,yes
2026-10-04T00:02:26.636694Z,0.1000,42.68,yes
2026-10-04T00:02:26.75044Z,0.1000,36.25,yes
2026-10-04T00:02:26.772839Z,0.0900,28.25,yes
2026-10-04T00:02:26.772839Z,0.0900,8.00,yes
2026-10-04T00:02:26.780297Z,0.0900,14.00,yes
2026-10-04T00:02:26.782914Z,0.1000,7.21,yes
2026-10-04T00:02:26.793014Z,0.1200,25.00,yes
2026-10-04T00:02:26.793014Z,0.1200,83.67,yes
2026-10-04T00:02:26.858804Z,0.1200,36.25,yes
2026-10-04T00:02:26.879143Z,0.1200,1.00,yes
2026-10-04T00:02:26.879143Z,0.1300,144.01,yes
2026-10-04T00:02:26.883511Z,0.1200,1.00,yes
2026-10-04T00:02:26.883511Z,0.1300,35.25,yes
2026-10-04T00:02:26.886848Z,0.1300,36.25,yes
2026-10-04T00:02:26.929582Z,0.1300,62.02,yes
2026-10-04T00:02:26.963321Z,0.1300,72.50,yes
2026-10-04T00:02:26.965432Z,0.1000,16.92,no
2026-10-04T00:02:26.965432Z,0.1100,42.68,no
2026-10-04T00:02:26.967588Z,0.1300,181.26,yes
2026-10-04T00:02:26.970686Z,0.1300,36.25,yes
2026-10-04T00:02:26.984117Z,0.1300,36.25,yes
2026-10-04T00:02:26.998366Z,0.1300,14.50,yes
2026-10-04T00:02:27.003615Z,0.1300,36.25,yes
2026-10-04T00:02:27.023462Z,0.1100,13.15,no
2026-10-04T00:02:27.04515Z,0.1300,145.01,yes
2026-10-04T00:02:27.091574Z,0.1100,5.00,no
2026-10-04T00:02:27.110614Z,0.1000,140.47,no
2026-10-04T00:02:27.110614Z,0.1100,24.53,no
2026-10-04T00:02:27.156616Z,0.1200,27.25,yes
2026-10-04T00:02:27.156616Z,0.1200,9.00,yes
2026-10-04T00:02:27.173494Z,0.1300,236.98,yes
2026-10-04T00:02:27.173494Z,0.1200,1.00,yes
2026-10-04T00:02:27.177965Z,0.1300,330.72,yes
2026-10-04T00:02:27.177965Z,0.1200,2.54,yes
2026-10-04T00:02:27.182353Z,0.1100,42.68,no
2026-10-04T00:02:27.182353Z,0.1000,233.86,no
2026-10-04T00:02:27.204064Z,0.1000,280.00,yes
2026-10-04T00:02:27.210399Z,0.1000,28.00,yes
2026-10-04T00:02:27.283234Z,0.1000,1189.12,yes
2026-10-04T00:02:27.295658Z,0.1000,33.00,yes
2026-10-04T00:02:27.359339Z,0.1000,78.00,yes
2026-10-04T00:02:27.372293Z,0.1000,8.55,yes
2026-10-04T00:02:27.424609Z,0.0900,1.00,yes
2026-10-04T00:02:27.424609Z,0.0900,7.00,yes
2026-10-04T00:02:27.424609Z,0.1000,377.42,yes
2026-10-04T00:02:27.446538Z,0.0900,0.27,yes
2026-10-04T00:02:27.494243Z,0.1000,36.25,yes
2026-10-04T00:02:27.540967Z,0.0900,1.00,yes
2026-10-04T00:02:27.540967Z,0.0900,42.68,yes
2026-10-04T00:02:27.540967Z,0.1000,65.08,yes
2026-10-04T00:02:27.552128Z,0.1000,5.00,yes
2026-10-04T00:02:27.647123Z,0.0800,9.00,yes
2026-10-04T00:02:27.647123Z,0.0900,0.26,yes
2026-10-04T00:02:27.72084Z,0.0900,0.01,yes
2026-10-04T00:02:27.731332Z,0.0900,42.67,yes
2026-10-04T00:02:27.731332Z,0.0900,756.95,yes
2026-10-04T00:02:27.742218Z,0.0900,39.24,yes
2026-10-04T00:02:27.750312Z,0.0900,76.88,yes
2026-10-04T00:02:27.750312Z,0.0900,1.00,yes
2026-10-04T00:02:27.750312Z,0.0900,5.00,yes
2026-10-04T00:02:27.750312Z,0.1000,95.85,yes
2026-10-04T00:02:27.763094Z,0.0700,42.68,no
2026-10-04T00:02:27.763094Z,0.0600,166.61,no
2026-10-04T00:02:27.763094Z,0.0700,1.00,no
2026-10-04T00:02:27.775929Z,0.1000,94.07,yes
2026-10-04T00:02:27.813443Z,0.0900,9.40,yes
2026-10-04T00:02:27.820687Z,0.0900,18.81,yes
2026-10-04T00:02:27.847344Z,0.0900,14.62,yes
2026-10-04T00:02:27.847344Z,0.0900,36.67,yes
2026-10-04T00:02:27.874246Z,0.0900,963.33,yes
2026-10-04T00:02:27.874246Z,0.1000,401.03,yes
2026-10-04T00:02:27.874246Z,0.0900,1.00,yes
2026-10-04T00:02:27.874246Z,0.0900,50.00,yes
2026-10-04T00:02:27.888537Z,0.0800,7.25,yes
2026-10-04T00:02:27.941823Z,0.1000,6.25,yes
2026-10-04T00:02:27.941823Z,0.0900,1.00,yes
2026-10-04T00:02:27.951615Z,0.1000,33.24,yes
2026-10-04T00:02:27.951615Z,0.0900,5.00,yes
2026-10-04T00:02:27.951615Z,0.0800,1.00,yes
2026-10-04T00:02:27.976433Z,0.0900,10.23,yes
2026-10-04T00:02:28.053162Z,0.1000,439.27,yes
2026-10-04T00:02:28.079341Z,0.1000,0.29,yes
2026-10-04T00:02:28.088544Z,0.1000,156.00,yes
2026-10-04T00:02:28.116176Z,0.1000,7.00,yes
2026-10-04T00:02:28.144292Z,0.1000,20.00,yes
2026-10-04T00:02:28.171181Z,0.1000,510.00,yes
2026-10-04T00:02:28.175939Z,0.1000,126.00,yes
2026-10-04T00:02:28.182634Z,0.1000,56.00,yes
2026-10-04T00:02:28.198141Z,0.1000,29.00,yes
2026-10-04T00:02:28.205065Z,0.1000,1.00,yes
2026-10-04T00:02:28.370292Z,0.0900,0.10,no
2026-10-04T00:02:28.370292Z,0.0900,14.00,no
2026-10-04T00:02:28.395536Z,0.1000,146.00,yes
2026-10-04T00:02:28.400684Z,0.1000,148.00,yes
2026-10-04T00:02:28.404415Z,0.1000,94.07,yes
2026-10-04T00:02:28.444839Z,0.1000,8.12,yes
2026-10-04T00:02:28.448224Z,0.1000,10.47,yes
2026-10-04T00:02:28.469941Z,0.1000,28.11,yes
2026-10-04T00:02:28.489181Z,0.1000,39.03,yes
2026-10-04T00:02:28.489181Z,0.1000,214.27,yes
2026-10-04T00:02:28.491641Z,0.0700,42.83,no
2026-10-04T00:02:28.491641Z,0.0500,84.00,no
2026-10-04T00:02:28.491641Z,0.0600,243.66,no
2026-10-04T00:02:28.491641Z,0.0500,163.00,no
2026-10-04T00:02:28.491641Z,0.0600,87.00,no
2026-10-04T00:02:28.491641Z,0.0700,15.00,no
2026-10-04T00:02:28.491641Z,0.0400,1555.00,no
2026-10-04T00:02:28.491641Z,0.0300,125.90,no
2026-10-04T00:02:28.491641Z,0.0400,600.00,no
2026-10-04T00:02:28.491641Z,0.0500,441.86,no
2026-10-04T00:02:28.491641Z,0.0400,10.00,no
2026-10-04T00:02:28.494936Z,0.1000,197.00,yes
2026-10-04T00:02:28.499816Z,0.1000,36.00,yes
2026-10-04T00:02:28.50021Z,0.1000,695.61,yes
2026-10-04T00:02:28.508956Z,0.1000,46.08,yes
2026-10-04T00:02:28.508956Z,0.0900,14.00,yes
2026-10-04T00:02:28.516606Z,0.1000,29.26,yes
2026-10-04T00:02:28.516606Z,0.0900,42.83,yes
2026-10-04T00:02:28.516606Z,0.0900,105.00,yes
2026-10-04T00:02:28.533633Z,0.0900,14.00,yes
2026-10-04T00:02:28.54228Z,0.1000,37.00,yes
2026-10-04T00:02:28.54228Z,0.0900,1.00,yes
2026-10-04T00:02:28.560037Z,0.0700,14.00,no
2026-10-04T00:02:28.560037Z,0.0600,1.00,no
2026-10-04T00:02:28.570836Z,0.1000,25.03,yes
2026-10-04T00:02:28.570836Z,0.0900,1.00,yes
2026-10-04T00:02:28.570836Z,0.0900,2.19,yes
2026-10-04T00:02:28.58386Z,0.1000,3.32,yes
2026-10-04T00:02:28.610508Z,0.1000,64.47,yes
2026-10-04T00:02:28.610508Z,0.0900,1.38,yes
2026-10-04T00:02:28.619078Z,0.1000,26.09,yes
2026-10-04T00:02:28.619078Z,0.0900,1.00,yes
2026-10-04T00:02:28.620339Z,0.1000,235.18,yes
2026-10-04T00:02:28.629518Z,0.0600,94.00,no
2026-10-04T00:02:28.629518Z,0.0700,1.04,no
2026-10-04T00:02:28.629518Z,0.0600,41.83,no
2026-10-04T00:02:28.629518Z,0.0700,1.00,no
2026-10-04T00:02:28.629518Z,0.0500,15.41,no
2026-10-04T00:02:28.64879Z,0.1000,457.17,yes
2026-10-04T00:02:28.64879Z,0.0900,42.83,yes
2026-10-04T00:02:28.689595Z,0.1000,2274.00,yes
2026-10-04T00:02:28.695375Z,0.1000,331.00,yes
2026-10-04T00:02:28.718138Z,0.0700,34.64,no
2026-10-04T00:02:28.733144Z,0.0800,11.00,yes
2026-10-04T00:02:28.76016Z,0.0800,6.00,yes
2026-10-04T00:02:28.776949Z,0.0800,100.00,yes
2026-10-04T00:02:28.778308Z,0.0900,5.03,yes
2026-10-04T00:02:28.778308Z,0.0800,41.00,yes
2026-10-04T00:02:28.778308Z,0.0800,1.00,yes
2026-10-04T00:02:28.778485Z,0.1000,117.90,yes
2026-10-04T00:02:28.778485Z,0.0900,37.80,yes
2026-10-04T00:02:28.778485Z,0.0900,1.00,yes
2026-10-04T00:02:28.819419Z,0.1000,40.37,yes
2026-10-04T00:02:28.819419Z,0.0900,14.00,yes
2026-10-04T00:02:28.823107Z,0.1000,104.73,yes
2026-10-04T00:02:28.833028Z,0.1000,999.00,yes
2026-10-04T00:02:28.833028Z,0.0900,1.00,yes
2026-10-04T00:02:28.863006Z,0.1000,225.27,yes
2026-10-04T00:02:28.902748Z,0.1000,33.00,yes
2026-10-04T00:02:28.92492Z,0.1000,19.00,yes
2026-10-04T00:02:28.932975Z,0.1000,628.00,yes
2026-10-04T00:02:28.934415Z,0.1000,18.81,yes
2026-10-04T00:02:28.946443Z,0.1000,63.90,yes
2026-10-04T00:02:28.948083Z,0.1000,98.00,yes
2026-10-04T00:02:28.988309Z,0.1000,123.70,yes
2026-10-04T00:02:28.988309Z,0.0900,1.00,yes
2026-10-04T00:02:28.988309Z,0.0900,7.00,yes
2026-10-04T00:02:29.037129Z,0.1000,47.03,yes
2026-10-04T00:02:29.056493Z,0.1000,33.00,yes
2026-10-04T00:02:29.070962Z,0.1000,9.00,yes
2026-10-04T00:02:29.084555Z,0.0800,3.20,no
2026-10-04T00:02:29.084555Z,0.0600,26.88,no
2026-10-04T00:02:29.084555Z,0.0700,3.12,no
2026-10-04T00:02:29.084555Z,0.0700,8.19,no
2026-10-04T00:02:29.084555Z,0.0600,1.00,no
2026-10-04T00:02:29.084555Z,0.0700,14.00,no
2026-10-04T00:02:29.1047Z,0.0700,8.66,no
2026-10-04T00:02:29.124658Z,0.1000,178.41,yes
2026-10-04T00:02:29.124658Z,0.0900,14.00,yes
2026-10-04T00:02:29.124658Z,0.0900,42.83,yes
2026-10-04T00:02:29.148795Z,0.1000,3.45,yes
2026-10-04T00:02:29.148795Z,0.0900,3.55,yes
2026-10-04T00:02:29.167973Z,0.0800,36.03,no
2026-10-04T00:02:29.167973Z,0.0800,14.00,no
2026-10-04T00:02:29.167973Z,0.0900,34.17,no
2026-10-04T00:02:29.177769Z,0.1000,461.01,yes
2026-10-04T00:02:29.186597Z,0.1000,94.07,yes
2026-10-04T00:02:29.206489Z,0.1000,92.24,yes
2026-10-04T00:02:29.218408Z,0.0800,27.90,no
2026-10-04T00:02:29.219804Z,0.1000,130.05,yes
2026-10-04T00:02:29.24248Z,0.1000,104.73,yes
2026-10-04T00:02:29.246344Z,0.1000,27.54,yes
2026-10-04T00:02:29.272052Z,0.1000,0.10,yes
2026-10-04T00:02:29.287653Z,0.1000,41.57,yes
2026-10-04T00:02:29.304471Z,0.1000,184.43,yes
2026-10-04T00:02:29.30663Z,0.1000,5.00,yes
2026-10-04T00:02:29.309204Z,0.0700,14.93,no
2026-10-04T00:02:29.309204Z,0.0700,14.00,no
2026-10-04T00:02:29.309204Z,0.0600,32.61,no
2026-10-04T00:02:29.328432Z,0.1000,21.11,yes
2026-10-04T00:02:29.350476Z,0.1000,52.00,yes
2026-10-04T00:02:29.350476Z,0.0900,14.00,yes
2026-10-04T00:02:29.369781Z,0.0100,400.00,no
2026-10-04T00:02:29.369781Z,0.0500,949.59,no
2026-10-04T00:02:29.369781Z,0.0100,844.36,no
2026-10-04T00:02:29.369781Z,0.0600,94.00,no
2026-10-04T00:02:29.369781Z,0.0700,1.00,no
2026-10-04T00:02:29.369781Z,0.0300,301.00,no
2026-10-04T00:02:29.369781Z,0.0600,42.83,no
2026-10-04T00:02:29.369781Z,0.0200,10.00,no
2026-10-04T00:02:29.369781Z,0.0100,65.00,no
2026-10-04T00:02:29.369781Z,0.0300,774.10,no
2026-10-04T00:02:29.369781Z,0.0200,900.00,no
2026-10-04T00:02:29.369781Z,0.0200,13.00,no
2026-10-04T00:02:29.369781Z,0.0200,250.00,no
2026-10-04T00:02:29.369781Z,0.0200,5000.00,no
2026-10-04T00:02:29.369781Z,0.0100,600.00,no
2026-10-04T00:02:29.369781Z,0.0100,600.00,no
2026-10-04T00:02:29.369781Z,0.0100,600.00,no
2026-10-04T00:02:29.369781Z,0.0100,100.00,no
2026-10-04T00:02:29.369781Z,0.0100,25.00,no
2026-10-04T00:02:29.369781Z,0.0100,79.43,no
2026-10-04T00:02:29.369781Z,0.0100,4.47,no
2026-10-04T00:02:29.369781Z,0.0100,1.00,no
2026-10-04T00:02:29.369781Z,0.0100,2.00,no
2026-10-04T00:02:29.369781Z,0.0100,1935.43,no
2026-10-04T00:02:29.389197Z,0.1000,39.00,yes
2026-10-04T00:02:29.397737Z,0.0200,1.00,no
2026-10-04T00:02:29.397737Z,0.0200,1000.00,no
2026-10-04T00:02:29.397737Z,0.0400,42.83,no
2026-10-04T00:02:29.397737Z,0.0200,97.00,no
2026-10-04T00:02:29.411338Z,0.0200,180.70,yes
2026-10-04T00:02:29.412774Z,0.0400,42.83,yes
2026-10-04T00:02:29.412774Z,0.0200,679.47,yes
2026-10-04T00:02:29.412774Z,0.0500,10.00,yes
2026-10-04T00:02:29.431562Z,0.1000,94.07,yes
2026-10-04T00:02:29.450706Z,0.1000,141.11,yes
2026-10-04T00:02:29.484029Z,0.1000,46.14,yes
2026-10-04T00:02:29.524377Z,0.1000,18.81,yes
2026-10-04T00:02:29.533043Z,0.1000,33.03,yes
2026-10-04T00:02:29.533043Z,0.0900,14.00,yes
2026-10-04T00:02:29.559011Z,0.1000,94.07,yes
2026-10-04T00:02:29.597342Z,0.0700,2.28,no
2026-10-04T00:02:29.620554Z,0.0500,1.00,no
2026-10-04T00:02:29.620554Z,0.0500,2.16,no
2026-10-04T00:02:29.620554Z,0.0500,14.00,no
2026-10-04T00:02:29.649279Z,0.1000,165.42,yes
2026-10-04T00:02:29.649279Z,0.0900,42.83,yes
2026-10-04T00:02:29.667009Z,0.0400,10.32,no
2026-10-04T00:02:29.667009Z,0.0600,7.00,no
2026-10-04T00:02:29.687101Z,0.1000,93.66,yes
2026-10-04T00:02:29.707802Z,0.1000,94.07,yes
2026-10-04T00:02:29.723053Z,0.0400,28.22,no
2026-10-04T00:02:29.723053Z,0.0200,701.25,no
2026-10-04T00:02:29.723053Z,0.0500,14.00,no
2026-10-04T00:02:29.723053Z,0.0200,233.00,no
2026-10-04T00:02:29.723053Z,0.0200,1.00,no
2026-10-04T00:02:29.723053Z,0.0300,1.00,no
2026-10-04T00:02:29.723053Z,0.0200,1000.00,no
2026-10-04T00:02:29.723053Z,0.0300,97.00,no
2026-10-04T00:02:29.723542Z,0.1000,31.48,yes
2026-10-04T00:02:29.73522Z,0.1000,42.00,yes
2026-10-04T00:02:29.76361Z,0.1000,188.14,yes
2026-10-04T00:02:29.816269Z,0.1000,18.81,yes
2026-10-04T00:02:29.819405Z,0.1000,94.07,yes
2026-10-04T00:02:29.834475Z,0.1000,4601.42,yes
2026-10-04T00:02:29.834475Z,0.0900,42.98,yes
2026-10-04T00:02:29.834475Z,0.0900,1000.00,yes
2026-10-04T00:02:29.848015Z,0.0400,1.00,no
2026-10-04T00:02:29.848033Z,0.0400,84.00,no
2026-10-04T00:02:29.850613Z,0.0400,1.00,no
2026-10-04T00:02:29.884983Z,0.0200,42.98,no
2026-10-04T00:02:29.884983Z,0.0200,233.00,no
2026-10-04T00:02:29.884983Z,0.0300,1.00,no
2026-10-04T00:02:29.887915Z,0.0100,137.64,no
2026-10-04T00:02:29.887915Z,0.0100,445.36,no
2026-10-04T00:02:29.887915Z,0.0100,42.00,no
2026-10-04T00:02:29.887915Z,0.0100,98.00,no
2026-10-04T00:02:29.887915Z,0.0100,277.00,no
2026-10-04T00:02:29.912491Z,0.0200,7.33,yes
2026-10-04T00:02:29.959869Z,0.0200,42.00,yes
2026-10-04T00:02:29.959869Z,0.0200,175.59,yes
2026-10-04T00:02:29.959869Z,0.0200,158.70,yes
2026-10-04T00:02:29.963365Z,0.0200,272.81,yes
2026-10-04T00:02:29.966904Z,0.0800,108.00,yes
2026-10-04T00:02:29.966904Z,0.0200,1.32,yes
2026-10-04T00:02:29.966904Z,0.0800,14.00,yes
2026-10-04T00:02:29.966904Z,0.0200,46.26,yes
2026-10-04T00:02:29.966904Z,0.0200,1.24,yes
2026-10-04T00:02:29.966904Z,0.0400,46.07,yes
2026-10-04T00:02:29.966904Z,0.0400,42.98,yes
2026-10-04T00:02:29.966904Z,0.0700,14.00,yes
2026-10-04T00:02:29.966904Z,0.0400,85.00,yes
2026-10-04T00:02:29.966904Z,0.0200,111.49,yes
2026-10-04T00:02:29.990584Z,0.0700,28.22,yes
2026-10-04T00:02:30.016297Z,0.0300,42.98,no
2026-10-04T00:02:30.016297Z,0.0200,1.00,no
2026-10-04T00:02:30.016297Z,0.0300,49.27,no
2026-10-04T00:02:30.020985Z,0.0600,1.90,yes
2026-10-04T00:02:30.020985Z,0.0600,8.00,yes
2026-10-04T00:02:30.038364Z,0.0200,42.00,no
2026-10-04T00:02:30.038364Z,0.0300,1.00,no
2026-10-04T00:02:30.045013Z,0.0200,97.02,no
2026-10-04T00:02:30.045013Z,0.0300,0.98,no
2026-10-04T00:02:30.055433Z,0.0300,1.00,no
2026-10-04T00:02:30.056045Z,0.0300,2.00,no
2026-10-04T00:02:30.056979Z,0.0700,1.87,yes
2026-10-04T00:02:30.097573Z,0.0700,18.81,yes
2026-10-04T00:02:30.100706Z,0.0400,5.00,no
2026-10-04T00:02:30.102446Z,0.0700,2.82,yes
2026-10-04T00:02:30.121945Z,0.0200,96.00,no
2026-10-04T00:02:30.121945Z,0.0400,9.00,no
2026-10-04T00:02:30.121945Z,0.0200,130.00,no
2026-10-04T00:02:30.121945Z,0.0300,40.98,no
2026-10-04T00:02:30.121945Z,0.0300,1.00,no
2026-10-04T00:02:30.135657Z,0.0200,74.02,no
2026-10-04T00:02:30.135657Z,0.0300,42.98,no
2026-10-04T00:02:30.135657Z,0.0300,1.00,no
2026-10-04T00:02:30.138008Z,0.0300,15.32,no
2026-10-04T00:02:30.140194Z,0.0700,19.48,yes
2026-10-04T00:02:30.140194Z,0.0700,1.00,yes
2026-10-04T00:02:30.140194Z,0.0800,26.55,yes
2026-10-04T00:02:30.153204Z,0.0600,47.03,yes
2026-10-04T00:02:30.157254Z,0.0600,100.00,yes
2026-10-04T00:02:30.171704Z,0.0600,37.62,yes
2026-10-04T00:02:30.179401Z,0.0600,42.98,yes
2026-10-04T00:02:30.179401Z,0.0600,8.96,yes
2026-10-04T00:02:30.202097Z,0.0600,13.77,yes
2026-10-04T00:02:30.202097Z,0.0600,5.04,yes
2026-10-04T00:02:30.208593Z,0.0400,16.00,no
2026-10-04T00:02:30.224244Z,0.0300,14.47,no
2026-10-04T00:02:30.233216Z,0.0700,29.21,yes
2026-10-04T00:02:30.233216Z,0.0800,199.97,yes
2026-10-04T00:02:30.233216Z,0.0700,6.00,yes
2026-10-04T00:02:30.378935Z,0.0500,1.00,no
2026-10-04T00:02:30.378935Z,0.0200,90.00,no
2026-10-04T00:02:30.378935Z,0.0400,100.00,no
2026-10-04T00:02:30.378935Z,0.0400,28.51,no
2026-10-04T00:02:30.378935Z,0.0100,554.64,no
2026-10-04T00:02:30.378935Z,0.0100,445.11,no
2026-10-04T00:02:30.391683Z,0.0200,7.02,no
2026-10-04T00:02:30.391683Z,0.0200,42.98,no
2026-10-04T00:02:30.406661Z,0.0300,42.98,no
2026-10-04T00:02:30.406661Z,0.0200,99.00,no
2026-10-04T00:02:30.406661Z,0.0200,1.00,no
2026-10-04T00:02:30.412845Z,0.0200,10.62,yes
2026-10-04T00:02:30.416607Z,0.0200,150.21,yes
2026-10-04T00:02:30.419468Z,0.0200,10.00,yes
2026-10-04T00:02:30.421391Z,0.0200,67.06,yes
2026-10-04T00:02:30.421659Z,0.0200,267.00,yes
2026-10-04T00:02:30.421745Z,0.0200,7.00,yes
2026-10-04T00:02:30.426615Z,0.0100,14.47,no
2026-10-04T00:02:30.435932Z,0.0200,40.00,yes
2026-10-04T00:02:30.436133Z,0.0400,42.98,yes
2026-10-04T00:02:30.436133Z,0.0200,305.13,yes
2026-10-04T00:02:30.436133Z,0.0500,105.00,yes
2026-10-04T00:02:30.454108Z,0.0600,27.00,yes
2026-10-04T00:02:30.482047Z,0.0500,6.82,yes
2026-10-04T00:02:30.510745Z,0.0600,1.00,yes
2026-10-04T00:02:30.512062Z,0.0600,250.00,yes
2026-10-04T00:02:30.536575Z,0.0400,30.20,no
2026-10-04T00:02:30.536575Z,0.0400,10.00,no
2026-10-04T00:02:30.550746Z,0.0300,3.01,no
2026-10-04T00:02:30.55183Z,0.0600,1.25,yes
2026-10-04T00:02:30.55183Z,0.0600,2.93,yes
2026-10-04T00:02:30.55183Z,0.0600,1.23,yes
2026-10-04T00:02:30.55183Z,0.0700,1.59,yes
2026-10-04T00:02:30.565429Z,0.0700,8.41,yes
2026-10-04T00:02:30.565429Z,0.0700,16.59,yes
2026-10-04T00:02:30.577138Z,0.0700,33.77,yes
2026-10-04T00:02:30.628356Z,0.0400,10.71,no
2026-10-04T00:02:30.641382Z,0.0400,29.26,no
2026-10-04T00:02:30.641382Z,0.0400,105.59,no
2026-10-04T00:02:30.68883Z,0.0700,67.10,yes
2026-10-04T00:02:30.68883Z,0.0700,1.24,yes
2026-10-04T00:02:30.68883Z,0.0700,1.13,yes
2026-10-04T00:02:30.68883Z,0.0700,1.06,yes
2026-10-04T00:02:30.68883Z,0.0700,1.11,yes
2026-10-04T00:02:30.68883Z,0.0700,1.04,yes
2026-10-04T00:02:30.68883Z,0.0700,1.01,yes
2026-10-04T00:02:30.68883Z,0.0700,1.07,yes
2026-10-04T00:02:30.68883Z,0.0700,1.13,yes
2026-10-04T00:02:30.68883Z,0.0700,15.00,yes
2026-10-04T00:02:30.68883Z,0.0700,5.80,yes
2026-10-04T00:02:30.68883Z,0.0700,36.16,yes
2026-10-04T00:02:30.694863Z,0.0400,59.59,no
2026-10-04T00:02:30.694863Z,0.0500,42.98,no
2026-10-04T00:02:30.799791Z,0.0600,7.64,yes
2026-10-04T00:02:30.808693Z,0.0300,39.31,no
2026-10-04T00:02:30.817634Z,0.0600,66.17,yes
2026-10-04T00:02:30.817634Z,0.0600,6.36,yes
2026-10-04T00:02:30.832993Z,0.0600,1.34,yes
2026-10-04T00:02:30.832993Z,0.0600,39.83,yes
2026-10-04T00:02:30.871691Z,0.0500,64.53,yes
2026-10-04T00:02:30.871691Z,0.0500,8.00,yes
2026-10-04T00:02:30.884893Z,0.0600,1.00,yes
2026-10-04T00:02:30.905859Z,0.0300,6.36,no
2026-10-04T00:02:30.905859Z,0.0200,125.93,no
2026-10-04T00:02:30.905859Z,0.0300,3.79,no
2026-10-04T00:02:30.905859Z,0.0400,1.00,no
2026-10-04T00:02:30.905859Z,0.0300,7.64,no
2026-10-04T00:02:30.915101Z,0.0600,1.29,yes
2026-10-04T00:02:30.915101Z,0.0600,1.22,yes
2026-10-04T00:02:30.915101Z,0.0500,43.10,yes
2026-10-04T00:02:30.915101Z,0.0600,1.12,yes
2026-10-04T00:02:30.915101Z,0.0600,1.17,yes
2026-10-04T00:02:30.915101Z,0.0600,1.38,yes
2026-10-04T00:02:30.915101Z,0.0600,1.08,yes
2026-10-04T00:02:30.915101Z,0.0600,1.18,yes
2026-10-04T00:02:30.915101Z,0.0600,5.04,yes
2026-10-04T00:02:30.915101Z,0.0600,1.01,yes
2026-10-04T00:02:30.915101Z,0.0600,1.22,yes
2026-10-04T00:02:30.915101Z,0.0600,35.26,yes
2026-10-04T00:02:30.928372Z,0.0200,107.07,no
2026-10-04T00:02:30.928372Z,0.0200,125.93,no
2026-10-04T00:02:30.928372Z,0.0300,1.00,no
2026-10-04T00:02:30.928372Z,0.0200,400.00,no
2026-10-04T00:02:30.928372Z,0.0300,43.10,no
2026-10-04T00:02:30.928372Z,0.0200,89.00,no
2026-10-04T00:02:30.928372Z,0.0100,219.42,no
2026-10-04T00:02:30.928372Z,0.0100,142.69,no
2026-10-04T00:02:30.938937Z,0.0200,95.00,no
2026-10-04T00:02:30.938937Z,0.0200,43.10,no
2026-10-04T00:02:30.938937Z,0.0200,1.00,no
2026-10-04T00:02:30.938937Z,0.0100,38.31,no
2026-10-04T00:02:30.938937Z,0.0100,53.06,no
2026-10-04T00:02:30.95498Z,0.0200,376.00,no
2026-10-04T00:02:30.960724Z,0.0500,14.00,yes
2026-10-04T00:02:30.960724Z,0.0500,36.97,yes
2026-10-04T00:02:30.960724Z,0.0500,43.10,yes
2026-10-04T00:02:30.97935Z,0.0600,18.00,yes
2026-10-04T00:02:30.983627Z,0.0600,26.00,yes
2026-10-04T00:02:30.999576Z,0.0500,43.10,yes
2026-10-04T00:02:30.999576Z,0.0600,21.91,yes
2026-10-04T00:02:31.013657Z,0.0600,27.76,yes
2026-10-04T00:02:31.019099Z,0.0500,43.10,yes
2026-10-04T00:02:31.019099Z,0.0600,216.90,yes
2026-10-04T00:02:31.019863Z,0.0600,197.00,yes
2026-10-04T00:02:31.033597Z,0.0500,1.30,yes
2026-10-04T00:02:31.033597Z,0.0600,65.76,yes
2026-10-04T00:02:31.035556Z,0.0400,14.00,no
2026-10-04T00:02:31.035556Z,0.0300,43.10,no
2026-10-04T00:02:31.035556Z,0.0400,1.00,no
2026-10-04T00:02:31.035556Z,0.0200,100.00,no
2026-10-04T00:02:31.035556Z,0.0200,233.00,no
2026-10-04T00:02:31.035556Z,0.0100,446.34,no
2026-10-04T00:02:31.046893Z,0.0500,43.10,yes
2026-10-04T00:02:31.046893Z,0.0600,89.75,yes
2026-10-04T00:02:31.047249Z,0.0600,1.06,yes
2026-10-04T00:02:31.047249Z,0.0600,1.21,yes
2026-10-04T00:02:31.047249Z,0.0600,1.04,yes
2026-10-04T00:02:31.047249Z,0.0600,1.18,yes
2026-10-04T00:02:31.047249Z,0.0600,1.20,yes
2026-10-04T00:02:31.047249Z,0.0600,1.15,yes
2026-10-04T00:02:31.047249Z,0.0600,1.10,yes
2026-10-04T00:02:31.047249Z,0.0700,431.18,yes
2026-10-04T00:02:31.047249Z,0.0600,1.21,yes
2026-10-04T00:02:31.047249Z,0.0600,1.17,yes
2026-10-04T00:02:31.047249Z,0.0600,65.91,yes
2026-10-04T00:02:31.047249Z,0.0600,14.00,yes
2026-10-04T00:02:31.047249Z,0.0600,203.66,yes
2026-10-04T00:02:31.051932Z,0.0200,1.00,no
2026-10-04T00:02:31.051932Z,0.0300,43.10,no
2026-10-04T00:02:31.051932Z,0.0200,80.00,no
2026-10-04T00:02:31.051932Z,0.0200,119.67,no
2026-10-04T00:02:31.060535Z,0.0200,39.00,no
2026-10-04T00:02:31.078276Z,0.0600,9.40,yes
2026-10-04T00:02:31.082333Z,0.0600,1.00,yes
2026-10-04T00:02:31.082333Z,0.0600,33.70,yes
2026-10-04T00:02:31.082333Z,0.0800,15.30,yes
2026-10-04T00:02:31.161026Z,0.0500,0.13,yes
2026-10-04T00:02:31.17111Z,0.0500,31.27,yes
2026-10-04T00:02:31.192025Z,0.0600,26.82,yes
2026-10-04T00:02:31.249442Z,0.0500,1.85,no
2026-10-04T00:02:31.249442Z,0.0400,14.00,no
2026-10-04T00:02:31.249442Z,0.0300,13.09,no
2026-10-04T00:02:31.254125Z,0.0600,4.00,yes
2026-10-04T00:02:31.254125Z,0.0600,14.73,yes
2026-10-04T00:02:31.254125Z,0.0600,122.00,yes
2026-10-04T00:02:31.284329Z,0.0300,1.00,no
2026-10-04T00:02:31.284329Z,0.0200,41.10,no
2026-10-04T00:02:31.284329Z,0.0300,30.00,no
2026-10-04T00:02:31.284329Z,0.0300,30.01,no
2026-10-04T00:02:31.289778Z,0.0600,10.66,yes
2026-10-04T00:02:31.289778Z,0.0600,38.02,yes
2026-10-04T00:02:31.299078Z,0.0600,10.55,yes
2026-10-04T00:02:31.299078Z,0.0500,5.08,yes
2026-10-04T00:02:31.324212Z,0.0600,66.06,yes
2026-10-04T00:02:31.324212Z,0.0600,10.55,yes
2026-10-04T00:02:31.34076Z,0.0600,390.10,yes
2026-10-04T00:02:31.400866Z,0.0300,1.00,no
2026-10-04T00:02:31.400866Z,0.0200,4.39,no
2026-10-04T00:02:31.400866Z,0.0300,43.10,no
2026-10-04T00:02:31.433528Z,0.0600,5.00,yes
2026-10-04T00:02:31.433528Z,0.0500,43.10,yes
2026-10-04T00:02:31.433528Z,0.0500,14.00,yes
2026-10-04T00:02:31.433528Z,0.0500,8.00,yes
2026-10-04T00:02:31.498689Z,0.0200,87.61,no
2026-10-04T00:02:31.498689Z,0.0300,43.10,no
2026-10-04T00:02:31.498689Z,0.0200,233.00,no
2026-10-04T00:02:31.498689Z,0.0300,1.00,no
2026-10-04T00:02:31.498689Z,0.0300,14.00,no
2026-10-04T00:02:31.498689Z,0.0400,0.01,no
2026-10-04T00:02:31.498689Z,0.0100,35.40,no
2026-10-04T00:02:31.506196Z,0.0600,70.00,yes
2026-10-04T00:02:31.506196Z,0.0600,5.00,yes
2026-10-04T00:02:31.506196Z,0.0700,1.00,yes
2026-10-04T00:02:31.506196Z,0.0600,43.10,yes
2026-10-04T00:02:31.506196Z,0.0700,111.19,yes
2026-10-04T00:02:31.506196Z,0.0500,2.23,yes
2026-10-04T00:02:31.506196Z,0.0700,10.00,yes
2026-10-04T00:02:31.506196Z,0.0600,9.00,yes
2026-10-04T00:02:31.506493Z,0.0700,5.00,yes
2026-10-04T00:02:31.541104Z,0.0700,5.20,yes
2026-10-04T00:02:31.541104Z,0.0600,106.00,yes
2026-10-04T00:02:31.541104Z,0.0500,1.03,yes
2026-10-04T00:02:31.541104Z,0.0600,14.00,yes
2026-10-04T00:02:31.541104Z,0.0500,1.01,yes
2026-10-04T00:02:31.541104Z,0.0600,80.15,yes
2026-10-04T00:02:31.541104Z,0.0500,1.03,yes
2026-10-04T00:02:31.541104Z,0.0600,43.10,yes
2026-10-04T00:02:31.558525Z,0.0600,134.08,yes
2026-10-04T00:02:31.577892Z,0.0600,197.64,yes
2026-10-04T00:02:31.618395Z,0.0600,56.21,yes
2026-10-04T00:02:31.625138Z,0.0600,77.30,yes
2026-10-04T00:02:31.692534Z,0.0400,10.06,no
2026-10-04T00:02:31.720028Z,0.0300,3.42,no
2026-10-04T00:02:31.720028Z,0.0400,3.94,no
2026-10-04T00:02:31.720028Z,0.0400,14.00,no
2026-10-04T00:02:31.720028Z,0.0400,1.98,no
2026-10-04T00:02:31.816911Z,0.0700,76.94,yes
2026-10-04T00:02:31.816911Z,0.0600,14.00,yes
2026-10-04T00:02:31.816911Z,0.0700,1.00,yes
2026-10-04T00:02:31.816911Z,0.0600,10.06,yes
2026-10-04T00:02:31.830875Z,0.0500,72.53,yes
2026-10-04T00:02:31.851025Z,0.0500,6.00,yes
2026-10-04T00:02:31.853795Z,0.0500,1.00,yes
2026-10-04T00:02:31.853889Z,0.0500,11.00,yes
2026-10-04T00:02:31.873032Z,0.0500,78.18,yes
2026-10-04T00:02:31.893413Z,0.0500,156.37,yes
2026-10-04T00:02:31.909336Z,0.0500,312.00,yes
2026-10-04T00:02:31.913106Z,0.0500,47.61,yes
2026-10-04T00:02:31.953277Z,0.0500,78.88,yes
2026-10-04T00:02:31.953896Z,0.0600,3.79,yes
2026-10-04T00:02:31.953896Z,0.0500,7.21,yes
2026-10-04T00:02:32.010414Z,0.0600,2.00,yes
2026-10-04T00:02:32.025114Z,0.0600,2.21,yes
2026-10-04T00:02:32.025114Z,0.0600,294.49,yes
2026-10-04T00:02:32.03348Z,0.0600,3.00,yes
2026-10-04T00:02:32.058337Z,0.0700,20.37,yes
2026-10-04T00:02:32.058337Z,0.0700,1.00,yes
2026-10-04T00:02:32.058337Z,0.0600,46.03,yes
2026-10-04T00:02:32.058337Z,0.0700,1.00,yes
2026-10-04T00:02:32.096923Z,0.0800,3.39,yes
2026-10-04T00:02:32.096923Z,0.0700,8.00,yes
2026-10-04T00:02:32.096923Z,0.0700,1.00,yes
2026-10-04T00:02:32.096923Z,0.0700,22.61,yes
2026-10-04T00:02:32.220086Z,0.0600,8.00,yes
2026-10-04T00:02:32.220086Z,0.0700,125.77,yes
2026-10-04T00:02:32.220086Z,0.0700,1.00,yes
2026-10-04T00:02:32.263294Z,0.0200,305.61,no
2026-10-04T00:02:32.263294Z,0.0300,94.00,no
2026-10-04T00:02:32.263294Z,0.0200,10.00,no
2026-10-04T00:02:32.263294Z,0.0300,39.68,no
2026-10-04T00:02:32.263294Z,0.0400,10.06,no
2026-10-04T00:02:32.263294Z,0.0200,1.00,no
2026-10-04T00:02:32.294115Z,0.0600,42.98,yes
2026-10-04T00:02:32.294115Z,0.0600,27.48,yes
2026-10-04T00:02:32.29441Z,0.0600,54.99,yes
2026-10-04T00:02:32.296471Z,0.0600,41.57,yes
2026-10-04T00:02:32.375433Z,0.0300,63.50,no
2026-10-04T00:02:32.375433Z,0.0400,80.00,no
2026-10-04T00:02:32.375433Z,0.0300,1.00,no
2026-10-04T00:02:32.375433Z,0.0400,42.98,no
2026-10-04T00:02:32.407948Z,0.0300,100.54,no
2026-10-04T00:02:32.407948Z,0.0400,42.98,no
2026-10-04T00:02:32.409133Z,0.0200,13.02,no
2026-10-04T00:02:32.409133Z,0.0300,80.00,no
2026-10-04T00:02:32.409349Z,0.0500,70.46,yes
2026-10-04T00:02:32.49956Z,0.0500,14.75,yes
2026-10-04T00:02:32.518295Z,0.0500,15.63,yes
2026-10-04T00:02:32.568376Z,0.0300,0.40,no
2026-10-04T00:02:32.571893Z,0.0500,61.08,yes
2026-10-04T00:02:32.617553Z,0.0300,22.09,no
2026-10-04T00:02:32.658698Z,0.0300,72.51,no
2026-10-04T00:02:32.658698Z,0.0300,10.00,no
2026-10-04T00:02:32.658698Z,0.0300,42.98,no
2026-10-04T00:02:32.658698Z,0.0200,5.55,no
2026-10-04T00:02:32.669916Z,0.0500,35.56,yes
2026-10-04T00:02:32.669916Z,0.0400,42.98,yes
2026-10-04T00:02:32.711633Z,0.0500,1232.08,yes
2026-10-04T00:02:32.749147Z,0.0500,67.06,yes
2026-10-04T00:02:32.759399Z,0.0500,712.61,yes
2026-10-04T00:02:32.789501Z,0.0500,27.27,yes
2026-10-04T00:02:32.818116Z,0.0400,651.19,no
2026-10-04T00:02:32.8335Z,0.0400,9.84,no
2026-10-04T00:02:32.833623Z,0.0300,12.06,no
2026-10-04T00:02:32.833623Z,0.0300,42.98,no
2026-10-04T00:02:32.833623Z,0.0400,89.97,no
2026-10-04T00:02:32.863195Z,0.0500,9.93,yes
2026-10-04T00:02:32.896244Z,0.0500,18.75,yes
2026-10-04T00:02:32.928873Z,0.0500,375.05,yes
2026-10-04T00:02:32.970088Z,0.0200,588.39,no
2026-10-04T00:02:32.970088Z,0.0200,227.45,no
2026-10-04T00:02:32.970088Z,0.0300,42.98,no
2026-10-04T00:02:32.970088Z,0.0300,89.00,no
2026-10-04T00:02:33.074866Z,0.0500,13.41,yes
2026-10-04T00:02:33.138616Z,0.0500,37.50,yes
2026-10-04T00:02:33.197337Z,0.0300,36.99,no
2026-10-04T00:02:33.27189Z,0.0400,37.50,yes
2026-10-04T00:02:33.288175Z,0.0400,62.50,yes
2026-10-04T00:02:33.288175Z,0.0400,42.98,yes
2026-10-04T00:02:33.288175Z,0.0400,11.64,yes
2026-10-04T00:02:33.30257Z,0.0300,10.75,no
2026-10-04T00:02:33.30257Z,0.0300,5.99,no
2026-10-04T00:02:33.307987Z,0.0500,370.03,yes
2026-10-04T00:02:33.307987Z,0.0400,5.02,yes
2026-10-04T00:02:33.311984Z,0.0500,468.82,yes
2026-10-04T00:02:33.317662Z,0.0300,68.32,no
2026-10-04T00:02:33.319728Z,0.0500,187.52,yes
2026-10-04T00:02:33.379325Z,0.0500,18.75,yes
2026-10-04T00:02:33.392129Z,0.0300,2.89,no
2026-10-04T00:02:33.417117Z,0.0300,131.04,no
2026-10-04T00:02:33.417117Z,0.0400,42.98,no
2026-10-04T00:02:33.417117Z,0.0300,32.27,no
2026-10-04T00:02:33.426192Z,0.0500,93.76,yes
2026-10-04T00:02:33.458274Z,0.0500,18.00,yes
2026-10-04T00:02:33.506758Z,0.0500,56.25,yes
2026-10-04T00:02:33.544183Z,0.0500,125.00,yes
2026-10-04T00:02:33.606698Z,0.0500,885.00,yes
2026-10-04T00:02:33.611857Z,0.0500,468.82,yes
2026-10-04T00:02:33.631795Z,0.0300,45.72,no
2026-10-04T00:02:33.642906Z,0.0500,134.58,yes
2026-10-04T00:02:33.653621Z,0.0300,34.05,no
2026-10-04T00:02:33.696459Z,0.0300,24.75,no
2026-10-04T00:02:33.696459Z,0.0300,13.23,no
2026-10-04T00:02:33.738177Z,0.0500,23.00,yes
2026-10-04T00:02:33.779395Z,0.0500,18.75,yes
2026-10-04T00:02:33.781694Z,0.0500,42.81,yes
2026-10-04T00:02:33.787578Z,0.0300,136.32,no
2026-10-04T00:02:33.787578Z,0.0300,18.23,no
2026-10-04T00:02:33.808436Z,0.0500,37.50,yes
2026-10-04T00:02:33.814464Z,0.0500,288.00,yes
2026-10-04T00:02:33.815909Z,0.0500,18.75,yes
2026-10-04T00:02:33.837625Z,0.0500,7.00,yes
2026-10-04T00:02:33.843811Z,0.0400,30.64,no
2026-10-04T00:02:33.853626Z,0.0500,98.27,yes
2026-10-04T00:02:33.862699Z,0.0500,10.00,yes
2026-10-04T00:02:33.866982Z,0.0500,31.00,yes
2026-10-04T00:02:33.883057Z,0.0500,12.61,yes
2026-10-04T00:02:33.884997Z,0.0300,17.20,no
2026-10-04T00:02:33.884997Z,0.0400,12.63,no
2026-10-04T00:02:33.88931Z,0.0300,3.52,no
2026-10-04T00:02:33.897561Z,0.0400,19.31,no
2026-10-04T00:02:33.916579Z,0.0500,28.00,yes
2026-10-04T00:02:33.94495Z,0.0400,21.00,no
2026-10-04T00:02:33.958249Z,0.0500,15.00,yes
2026-10-04T00:02:34.011372Z,0.0500,93.76,yes
2026-10-04T00:02:34.044463Z,0.0400,96.61,no
2026-10-04T00:02:34.049713Z,0.0500,83.00,yes
2026-10-04T00:02:34.051953Z,0.0400,10.26,no
2026-10-04T00:02:34.087859Z,0.0500,18.75,yes
2026-10-04T00:02:34.096352Z,0.0500,18.75,yes
2026-10-04T00:02:34.099041Z,0.0300,17.47,no
2026-10-04T00:02:34.099041Z,0.0400,2.96,no
2026-10-04T00:02:34.149263Z,0.0500,1.00,yes
2026-10-04T00:02:34.149263Z,0.0500,1.05,yes
2026-10-04T00:02:34.149263Z,0.0600,0.01,yes
2026-10-04T00:02:34.149263Z,0.0500,0.01,yes
2026-10-04T00:02:34.149263Z,0.0600,0.23,yes
2026-10-04T00:02:34.149263Z,0.0500,1.14,yes
2026-10-04T00:02:34.149263Z,0.0500,7.00,yes
2026-10-04T00:02:34.149263Z,0.0500,1.25,yes
2026-10-04T00:02:34.149263Z,0.0500,3.37,yes
2026-10-04T00:02:34.155355Z,0.0700,0.01,yes
2026-10-04T00:02:34.155355Z,0.0700,208.63,yes
2026-10-04T00:02:34.155355Z,0.0700,322.23,yes
2026-10-04T00:02:34.155355Z,0.0600,124.77,yes
2026-10-04T00:02:34.155355Z,0.0700,600.00,yes
2026-10-04T00:02:34.155355Z,0.0600,10.00,yes
2026-10-04T00:02:34.155355Z,0.0700,10.00,yes
2026-10-04T00:02:34.155355Z,0.0600,43.27,yes
2026-10-04T00:02:34.174518Z,0.0500,1.00,yes
2026-10-04T00:02:34.174518Z,0.0700,27.11,yes
2026-10-04T00:02:34.222682Z,0.0600,1.00,no
2026-10-04T00:02:34.222682Z,0.0500,4.29,no
2026-10-04T00:02:34.224994Z,0.0600,10.47,no
2026-10-04T00:02:34.23394Z,0.0700,1.00,yes
2026-10-04T00:02:34.23394Z,0.0700,1.00,yes
2026-10-04T00:02:34.250096Z,0.0700,1.00,yes
2026-10-04T00:02:34.250096Z,0.0800,50.29,yes
2026-10-04T00:02:34.250709Z,0.0600,18.26,no
2026-10-04T00:02:34.254543Z,0.0600,33.28,no
2026-10-04T00:02:34.280849Z,0.0700,1.00,yes
2026-10-04T00:02:34.280849Z,0.0800,1.00,yes
2026-10-04T00:02:34.398455Z,0.0500,38.98,no
2026-10-04T00:02:34.398455Z,0.0700,5.00,no
2026-10-04T00:02:34.398455Z,0.0500,60.75,no
2026-10-04T00:02:34.422861Z,0.0800,155.49,yes
2026-10-04T00:02:34.422861Z,0.0800,0.01,yes
2026-10-04T00:02:34.422861Z,0.0800,64.50,yes
2026-10-04T00:02:34.425501Z,0.0800,38.00,yes
2026-10-04T00:02:34.508826Z,0.0500,17.03,no
2026-10-04T00:02:34.5298Z,0.0500,1.74,no
2026-10-04T00:02:34.540716Z,0.0300,10.60,no
2026-10-04T00:02:34.550794Z,0.0500,1.00,yes
2026-10-04T00:02:34.554542Z,0.0500,15.00,yes
2026-10-04T00:02:34.562692Z,0.0500,17.00,yes
2026-10-04T00:02:34.564039Z,0.0500,8.00,yes
2026-10-04T00:02:34.57504Z,0.0500,1.48,yes
2026-10-04T00:02:34.5787Z,0.0300,6.03,no
2026-10-04T00:02:34.583822Z,0.0500,75.01,yes
2026-10-04T00:02:34.593718Z,0.0700,1.00,yes
2026-10-04T00:02:34.593718Z,0.0700,1.00,yes
2026-10-04T00:02:34.593718Z,0.0500,10.77,yes
2026-10-04T00:02:34.593718Z,0.0500,1.00,yes
2026-10-04T00:02:34.593718Z,0.0800,106.77,yes
2026-10-04T00:02:34.638403Z,0.0500,1.00,yes
2026-10-04T00:02:34.653423Z,0.0400,98.43,no
2026-10-04T00:02:34.653423Z,0.0400,1.00,no
2026-10-04T00:02:34.664227Z,0.0500,0.17,yes
2026-10-04T00:02:34.664227Z,0.0700,2.51,yes
2026-10-04T00:02:34.719077Z,0.0700,1.49,yes
2026-10-04T00:02:34.719077Z,0.0700,43.27,yes
2026-10-04T00:02:34.719077Z,0.0700,1.00,yes
2026-10-04T00:02:34.719077Z,0.0800,13.01,yes
2026-10-04T00:02:34.725747Z,0.0800,115.14,yes
2026-10-04T00:02:34.763776Z,0.0800,2.93,yes
2026-10-04T00:02:34.783074Z,0.0400,6.20,no
2026-10-04T00:02:34.783074Z,0.0400,1.00,no
2026-10-04T00:02:34.783074Z,0.0500,1.02,no
2026-10-04T00:02:34.814585Z,0.0500,7.73,no
2026-10-04T00:02:34.814585Z,0.0600,9.59,no
2026-10-04T00:02:34.820738Z,0.0500,1.03,no
2026-10-04T00:02:34.820738Z,0.0500,6.27,no
2026-10-04T00:02:34.820738Z,0.0500,25.50,no
2026-10-04T00:02:34.883716Z,0.0400,1.00,no
2026-10-04T00:02:34.883716Z,0.0300,15.00,no
2026-10-04T00:02:34.883716Z,0.0400,230.00,no
2026-10-04T00:02:34.883716Z,0.0500,5.00,no
2026-10-04T00:02:34.883716Z,0.0300,11.60,no
2026-10-04T00:02:34.942852Z,0.0400,98.18,no
2026-10-04T00:02:34.942852Z,0.0400,17.75,no
2026-10-04T00:02:34.942852Z,0.0400,1.00,no
2026-10-04T00:02:34.999665Z,0.0800,3.00,yes
2026-10-04T00:02:34.999665Z,0.0800,94.52,yes
2026-10-04T00:02:34.999665Z,0.0800,14.00,yes
2026-10-04T00:02:34.999665Z,0.0800,43.25,yes
2026-10-04T00:02:34.999665Z,0.0800,7.00,yes
2026-10-04T00:02:34.999665Z,0.0800,1.00,yes
2026-10-04T00:02:34.999665Z,0.0800,10.66,yes
2026-10-04T00:02:35.001008Z,0.0800,58.71,yes
2026-10-04T00:02:35.023589Z,0.0600,9.47,no
2026-10-04T00:02:35.032141Z,0.0800,58.38,yes
2026-10-04T00:02:35.044346Z,0.0600,28.94,no
2026-10-04T00:02:35.080557Z,0.0800,11.74,yes
2026-10-04T00:02:35.092608Z,0.0500,22.00,no
2026-10-04T00:02:35.136587Z,0.0500,314.07,no
2026-10-04T00:02:35.136587Z,0.0500,1.00,no
2026-10-04T00:02:35.168212Z,0.0700,5.00,no
2026-10-04T00:02:35.184482Z,0.0600,4.84,no
2026-10-04T00:02:35.184482Z,0.0400,40.67,no
2026-10-04T00:02:35.184482Z,0.0500,1.00,no
2026-10-04T00:02:35.225616Z,0.0600,5.00,no
2026-10-04T00:02:35.24479Z,0.0500,1.00,no
2026-10-04T00:02:35.24479Z,0.0500,91.00,no
2026-10-04T00:02:35.24479Z,0.0600,38.25,no
2026-10-04T00:02:35.24479Z,0.0500,42.98,no
2026-10-04T00:02:35.29806Z,0.0400,1204.23,no
2026-10-04T00:02:35.29806Z,0.0500,163.00,no
2026-10-04T00:02:35.29806Z,0.0500,1.00,no
2026-10-04T00:02:35.29806Z,0.0600,43.25,no
2026-10-04T00:02:35.29806Z,0.0600,100.00,no
2026-10-04T00:02:35.29806Z,0.0500,606.04,no
2026-10-04T00:02:35.35973Z,0.0500,13.66,no
2026-10-04T00:02:35.397273Z,0.0800,0.81,yes
2026-10-04T00:02:35.397273Z,0.0800,2.00,yes
2026-10-04T00:02:35.397273Z,0.0800,1.00,yes
2026-10-04T00:02:35.397273Z,0.0800,1.06,yes
2026-10-04T00:02:35.397273Z,0.0800,1.00,yes
2026-10-04T00:02:35.404845Z,0.0500,12.00,no
2026-10-04T00:02:35.409504Z,0.0600,94.07,yes
2026-10-04T00:02:35.420716Z,0.0600,239.00,yes
2026-10-04T00:02:35.424196Z,0.0600,11.74,yes
2026-10-04T00:02:35.452018Z,0.0600,23.48,yes
2026-10-04T00:02:35.503573Z,0.0500,46.51,no
2026-10-04T00:02:35.582406Z,0.0600,11.74,yes
2026-10-04T00:02:35.587203Z,0.0600,52.22,yes
2026-10-04T00:02:35.611959Z,0.0600,23.48,yes
2026-10-04T00:02:35.629613Z,0.0600,54.26,yes
2026-10-04T00:02:35.64602Z,0.0500,740.00,no
2026-10-04T00:02:35.64602Z,0.0500,90.92,no
2026-10-04T00:02:35.64602Z,0.0500,43.25,no
2026-10-04T00:02:35.64602Z,0.0500,25.83,no
2026-10-04T00:02:35.674053Z,0.0500,2.89,no
2026-10-04T00:02:35.719821Z,0.0600,2.58,yes
2026-10-04T00:02:35.732652Z,0.0600,52.22,yes
2026-10-04T00:02:35.80963Z,0.0600,93.94,yes
2026-10-04T00:02:35.809951Z,0.0600,72.50,yes
2026-10-04T00:02:35.828704Z,0.0500,25.00,no
2026-10-04T00:02:35.846981Z,0.0600,11.74,yes
2026-10-04T00:02:35.875112Z,0.0200,10.00,no
2026-10-04T00:02:35.875112Z,0.0200,206.87,no
2026-10-04T00:02:35.875112Z,0.0400,1260.92,no
2026-10-04T00:02:35.875112Z,0.0500,92.00,no
2026-10-04T00:02:35.875112Z,0.0500,15.36,no
2026-10-04T00:02:35.875112Z,0.0300,213.00,no
2026-10-04T00:02:35.89296Z,0.0600,1.07,yes
2026-10-04T00:02:35.89296Z,0.0600,4.97,yes
2026-10-04T00:02:35.89296Z,0.0600,32.03,yes
2026-10-04T00:02:35.89296Z,0.0600,1.03,yes
2026-10-04T00:02:35.89296Z,0.0600,0.70,yes
2026-10-04T00:02:35.89296Z,0.0600,1.05,yes
2026-10-04T00:02:35.89296Z,0.0600,1.15,yes
2026-10-04T00:02:35.904126Z,0.0700,14.00,yes
2026-10-04T00:02:35.904126Z,0.0600,1.16,yes
2026-10-04T00:02:35.904126Z,0.0700,1.00,yes
2026-10-04T00:02:35.904126Z,0.0800,43.25,yes
2026-10-04T00:02:35.904126Z,0.0800,34.15,yes
2026-10-04T00:02:35.904126Z,0.0600,0.38,yes
2026-10-04T00:02:35.94723Z,0.0600,0.46,yes
2026-10-04T00:02:36.008518Z,0.0500,1.94,no
2026-10-04T00:02:36.008518Z,0.0500,1.00,no
2026-10-04T00:02:36.008518Z,0.0500,14.00,no
2026-10-04T00:02:36.031409Z,0.0400,41.66,no
2026-10-04T00:02:36.031409Z,0.0500,1.00,no
2026-10-04T00:02:36.031409Z,0.0500,3.06,no
2026-10-04T00:02:36.074781Z,0.0700,1.00,yes
2026-10-04T00:02:36.074781Z,0.0800,93.07,yes
2026-10-04T00:02:36.12817Z,0.0400,25.23,no
2026-10-04T00:02:36.147539Z,0.0400,19.51,no
2026-10-04T00:02:36.150379Z,0.0400,185.49,no
2026-10-04T00:02:36.150379Z,0.0500,1.00,no
2026-10-04T00:02:36.150379Z,0.0400,95.00,no
2026-10-04T00:02:36.150379Z,0.0300,196.91,no
2026-10-04T00:02:36.150379Z,0.0400,1.46,no
2026-10-04T00:02:36.158104Z,0.0700,0.30,yes
2026-10-04T00:02:36.22725Z,0.0500,43.12,no
2026-10-04T00:02:36.22725Z,0.0500,314.69,no
2026-10-04T00:02:36.22725Z,0.0500,1.00,no
2026-10-04T00:02:36.240382Z,0.0500,15.58,no
2026-10-04T00:02:36.240382Z,0.0600,0.30,no
2026-10-04T00:02:36.240382Z,0.0600,43.12,no
2026-10-04T00:02:36.246714Z,0.0700,74.91,yes
2026-10-04T00:02:36.246714Z,0.0700,43.12,yes
2026-10-04T00:02:36.246714Z,0.0700,3.00,yes
2026-10-04T00:02:36.246714Z,0.0700,1.00,yes
2026-10-04T00:02:36.246714Z,0.0700,2.00,yes
2026-10-04T00:02:36.246714Z,0.0700,3.31,yes
2026-10-04T00:02:36.246714Z,0.0700,1.07,yes
2026-10-04T00:02:36.29061Z,0.0700,43.12,yes
2026-10-04T00:02:36.29061Z,0.0700,1.00,yes
2026-10-04T00:02:36.29061Z,0.0700,16.00,yes
2026-10-04T00:02:36.29061Z,0.0700,1.14,yes
2026-10-04T00:02:36.29061Z,0.0700,56.76,yes
2026-10-04T00:02:36.29061Z,0.0800,13.02,yes
2026-10-04T00:02:36.303457Z,0.0600,20.10,no
2026-10-04T00:02:36.310714Z,0.0600,5.71,no
2026-10-04T00:02:36.333886Z,0.0400,1.00,no
2026-10-04T00:02:36.333886Z,0.0500,17.31,no
2026-10-04T00:02:36.333886Z,0.0400,2.27,no
2026-10-04T00:02:36.353414Z,0.0500,43.12,no
2026-10-04T00:02:36.353414Z,0.0400,2.27,no
2026-10-04T00:02:36.353414Z,0.0400,202.73,no
2026-10-04T00:02:36.353414Z,0.0400,90.00,no
2026-10-04T00:02:36.353414Z,0.0400,1.00,no
2026-10-04T00:02:36.353414Z,0.0300,478.19,no
2026-10-04T00:02:36.361741Z,0.0400,83.74,no
2026-10-04T00:02:36.381309Z,0.0600,78.18,yes
2026-10-04T00:02:36.393896Z,0.0600,2.65,yes
2026-10-04T00:02:36.426039Z,0.0400,43.12,no
2026-10-04T00:02:36.426039Z,0.0400,4.26,no
2026-10-04T00:02:36.426039Z,0.0400,1.00,no
2026-10-04T00:02:36.426039Z,0.0400,90.22,no
2026-10-04T00:02:36.430649Z,0.0600,1584.45,yes
2026-10-04T00:02:36.436538Z,0.0500,8.81,no
2026-10-04T00:02:36.441943Z,0.0600,295.26,yes
2026-10-04T00:02:36.498631Z,0.0600,60.38,yes
2026-10-04T00:02:36.549884Z,0.0500,3.34,no
2026-10-04T00:02:36.551171Z,0.0400,58.73,no
2026-10-04T00:02:36.551171Z,0.0500,30.97,no
2026-10-04T00:02:36.551171Z,0.0400,114.78,no
2026-10-04T00:02:36.551171Z,0.0400,44.12,no
2026-10-04T00:02:36.56207Z,0.0600,119.10,yes
2026-10-04T00:02:36.569212Z,0.0400,400.00,no
2026-10-04T00:02:36.569212Z,0.0400,43.12,no
2026-10-04T00:02:36.569212Z,0.0300,13.55,no
2026-10-04T00:02:36.647282Z,0.0500,10.14,no
2026-10-04T00:02:36.66736Z,0.0500,17.62,no
2026-10-04T00:02:36.67611Z,0.0600,200.00,yes
2026-10-04T00:02:36.678058Z,0.0400,126.86,no
2026-10-04T00:02:36.678058Z,0.0500,23.24,no
2026-10-04T00:02:36.678058Z,0.0400,43.12,no
2026-10-04T00:02:36.699436Z,0.0400,9.85,no
2026-10-04T00:02:36.736017Z,0.0400,33.27,no
2026-10-04T00:02:36.736017Z,0.0300,388.42,no
2026-10-04T00:02:36.73689Z,0.0300,75.92,no
2026-10-04T00:02:36.745199Z,0.0600,125.68,yes
2026-10-04T00:02:36.767608Z,0.0400,24.36,no
2026-10-04T00:02:36.880172Z,0.0600,67.06,yes
2026-10-04T00:02:36.994895Z,0.0400,9.44,no
2026-10-04T00:02:36.994895Z,0.0400,19.07,no
2026-10-04T00:02:37.020703Z,0.0600,31.27,yes
2026-10-04T00:02:37.022281Z,0.0600,41.28,yes
2026-10-04T00:02:37.03298Z,0.0500,15.96,no
2026-10-04T00:02:37.124661Z,0.0400,62.03,no
2026-10-04T00:02:37.124661Z,0.0500,27.47,no
2026-10-04T00:02:37.13924Z,0.0600,156.37,yes
2026-10-04T00:02:37.143064Z,0.0500,8.66,no
2026-10-04T00:02:37.147596Z,0.0600,156.37,yes
2026-10-04T00:02:37.150303Z,0.0600,74.42,yes
2026-10-04T00:02:37.150303Z,0.0600,81.95,yes
2026-10-04T00:02:37.168966Z,0.0600,161.67,yes
2026-10-04T00:02:37.168966Z,0.0600,1.00,yes
2026-10-04T00:02:37.168966Z,0.0600,106.00,yes
2026-10-04T00:02:37.168966Z,0.0600,43.12,yes
2026-10-04T00:02:37.168966Z,0.0600,0.96,yes
2026-10-04T00:02:37.196278Z,0.0600,78.18,yes
2026-10-04T00:02:37.211276Z,0.0600,78.18,yes
2026-10-04T00:02:37.213983Z,0.0600,40.23,yes
2026-10-04T00:02:37.224328Z,0.0500,72.12,no
2026-10-04T00:02:37.224328Z,0.0500,34.77,no
2026-10-04T00:02:37.236309Z,0.0600,1563.77,yes
2026-10-04T00:02:37.263293Z,0.0600,234.56,yes
2026-10-04T00:02:37.266898Z,0.0600,15.63,yes
2026-10-04T00:02:37.324483Z,0.0500,26.91,no
2026-10-04T00:02:37.399598Z,0.0500,14.05,no
2026-10-04T00:02:37.464013Z,0.0600,31.27,yes
2026-10-04T00:02:37.516377Z,0.0600,1095.77,yes
2026-10-04T00:02:37.525951Z,0.0500,47.25,no
2026-10-04T00:02:37.581528Z,0.0400,285.63,no
2026-10-04T00:02:37.581528Z,0.0500,163.00,no
2026-10-04T00:02:37.581528Z,0.0500,90.00,no
2026-10-04T00:02:37.581528Z,0.0500,43.43,no
2026-10-04T00:02:37.581528Z,0.0500,57.00,no
2026-10-04T00:02:37.611849Z,0.0600,31.27,yes
2026-10-04T00:02:37.656397Z,0.0600,234.56,yes
2026-10-04T00:02:37.686037Z,0.0600,70.46,yes
2026-10-04T00:02:37.729378Z,0.0600,31.27,yes
2026-10-04T00:02:37.734424Z,0.0500,34.99,no
2026-10-04T00:02:37.734424Z,0.0500,43.43,no
2026-10-04T00:02:37.734424Z,0.0500,1.02,no
2026-10-04T00:02:37.734598Z,0.0600,78.18,yes
2026-10-04T00:02:37.738645Z,0.0500,31.77,no
2026-10-04T00:02:37.753033Z,0.0600,781.88,yes
2026-10-04T00:02:37.753632Z,0.0600,78.18,yes
2026-10-04T00:02:37.759167Z,0.0600,7.81,yes
2026-10-04T00:02:37.760127Z,0.0600,78.18,yes
2026-10-04T00:02:37.76263Z,0.0600,78.18,yes
2026-10-04T00:02:37.768463Z,0.0500,30.00,no
2026-10-04T00:02:37.830189Z,0.0600,156.37,yes
2026-10-04T00:02:37.846765Z,0.0600,2.18,yes
2026-10-04T00:02:37.856444Z,0.0600,9.00,yes
2026-10-04T00:02:37.902251Z,0.0500,31.77,no
2026-10-04T00:02:37.902251Z,0.0500,66.24,no
2026-10-04T00:02:37.902251Z,0.0500,1.77,no
2026-10-04T00:02:37.902251Z,0.0500,1.05,no
2026-10-04T00:02:37.902251Z,0.0500,34.99,no
2026-10-04T00:02:37.902251Z,0.0500,43.56,no
2026-10-04T00:02:37.902251Z,0.0500,30.00,no
2026-10-04T00:02:37.902251Z,0.0500,0.13,no
2026-10-04T00:02:37.902251Z,0.0500,0.79,no
2026-10-04T00:02:37.902251Z,0.0500,88.00,no
2026-10-04T00:02:37.927048Z,0.0700,54.70,yes
2026-10-04T00:02:37.927048Z,0.0700,4.00,yes
2026-10-04T00:02:37.927048Z,0.0600,63.22,yes
2026-10-04T00:02:37.927048Z,0.0600,1.00,yes
2026-10-04T00:02:37.963125Z,0.0600,13.00,no
2026-10-04T00:02:37.967147Z,0.0500,88.00,no
2026-10-04T00:02:37.967147Z,0.0600,30.56,no
2026-10-04T00:02:37.967147Z,0.0500,202.21,no
2026-10-04T00:02:37.992615Z,0.0500,43.56,no
2026-10-04T00:02:38.018544Z,0.0500,1.48,yes
2026-10-04T00:02:38.019712Z,0.0600,1.04,yes
2026-10-04T00:02:38.019712Z,0.0500,4.96,yes
2026-10-04T00:02:38.058117Z,0.0500,2.10,no
2026-10-04T00:02:38.058117Z,0.0500,43.56,no
2026-10-04T00:02:38.05996Z,0.0500,15.88,no
2026-10-04T00:02:38.119027Z,0.0500,6.63,no
2026-10-04T00:02:38.197548Z,0.0500,46.79,no
2026-10-04T00:02:38.213026Z,0.0500,43.56,no
2026-10-04T00:02:38.213026Z,0.0500,1.10,no
2026-10-04T00:02:38.213026Z,0.0500,5.00,no
2026-10-04T00:02:38.213026Z,0.0500,163.00,no
2026-10-04T00:02:38.213026Z,0.0500,9.60,no
2026-10-04T00:02:38.213026Z,0.0400,252.34,no
2026-10-04T00:02:38.213026Z,0.0400,600.00,no
2026-10-04T00:02:38.213026Z,0.0300,347.40,no
2026-10-04T00:02:38.231743Z,0.0400,43.56,no
2026-10-04T00:02:38.231743Z,0.0400,79.07,no
2026-10-04T00:02:38.231743Z,0.0400,1307.37,no
2026-10-04T00:02:38.242726Z,0.0400,50.15,no
2026-10-04T00:02:38.242726Z,0.0500,1.06,no
2026-10-04T00:02:38.242726Z,0.0500,43.56,no
2026-10-04T00:02:38.252111Z,0.0500,2.00,no
2026-10-04T00:02:38.282987Z,0.0500,0.92,no
2026-10-04T00:02:38.282987Z,0.0500,1.08,no
2026-10-04T00:02:38.28696Z,0.0400,41.56,no
2026-10-04T00:02:38.28696Z,0.0500,162.08,no
2026-10-04T00:02:38.28696Z,0.0400,88.06,no
2026-10-04T00:02:38.28696Z,0.0300,10.00,no
2026-10-04T00:02:38.28696Z,0.0200,22.69,no
2026-10-04T00:02:38.28696Z,0.0300,1103.61,no
2026-10-04T00:02:38.306942Z,0.0600,14.00,yes
2026-10-04T00:02:38.306942Z,0.0600,43.56,yes
2026-10-04T00:02:38.306942Z,0.0600,19.57,yes
2026-10-04T00:02:38.306942Z,0.0600,1.05,yes
2026-10-04T00:02:38.314465Z,0.0300,12.84,no
2026-10-04T00:02:38.319093Z,0.0300,25.00,no
2026-10-04T00:02:38.320702Z,0.0600,31.27,yes
2026-10-04T00:02:38.322558Z,0.0600,15.63,yes
2026-10-04T00:02:38.329295Z,0.0600,27.53,yes
2026-10-04T00:02:38.329295Z,0.0600,47.25,yes
2026-10-04T00:02:38.329295Z,0.0600,1.37,yes
2026-10-04T00:02:38.329342Z,0.0600,46.91,yes
2026-10-04T00:02:38.35676Z,0.0500,75.72,no
2026-10-04T00:02:38.35676Z,0.0500,14.00,no
2026-10-04T00:02:38.35676Z,0.0500,5.72,no
2026-10-04T00:02:38.35676Z,0.0500,163.00,no
2026-10-04T00:02:38.35676Z,0.0400,5.00,no
2026-10-04T00:02:38.35676Z,0.0200,770.44,no
2026-10-04T00:02:38.35676Z,0.0200,1625.14,no
2026-10-04T00:02:38.35676Z,0.0200,6.00,no
2026-10-04T00:02:38.408389Z,0.0600,94.16,yes
2026-10-04T00:02:38.408389Z,0.0600,43.56,yes
2026-10-04T00:02:38.408389Z,0.0600,29.43,yes
2026-10-04T00:02:38.408389Z,0.0600,1.04,yes
2026-10-04T00:02:38.408389Z,0.0600,11.84,yes
2026-10-04T00:02:38.408389Z,0.0600,14.00,yes
2026-10-04T00:02:38.408389Z,0.0600,1.13,yes
2026-10-04T00:02:38.408389Z,0.0600,1.18,yes
2026-10-04T00:02:38.408389Z,0.0600,1.80,yes
2026-10-04T00:02:38.408389Z,0.0600,1.00,yes
2026-10-04T00:02:38.408389Z,0.0600,92.00,yes
2026-10-04T00:02:38.408389Z,0.0700,15.35,yes
2026-10-04T00:02:38.431691Z,0.0400,205.00,no
2026-10-04T00:02:38.431691Z,0.0300,43.56,no
2026-10-04T00:02:38.431691Z,0.0300,46.00,no
2026-10-04T00:02:38.431691Z,0.0400,14.00,no
2026-10-04T00:02:38.431691Z,0.0300,78.72,no
2026-10-04T00:02:38.431691Z,0.0300,14.00,no
2026-10-04T00:02:38.431691Z,0.0200,154.88,no
2026-10-04T00:02:38.468456Z,0.0400,43.56,no
2026-10-04T00:02:38.468456Z,0.0300,209.94,no
2026-10-04T00:02:38.468456Z,0.0300,46.50,no
2026-10-04T00:02:38.503111Z,0.0300,5.48,no
2026-10-04T00:02:38.524573Z,0.0600,25.23,yes
2026-10-04T00:02:38.524573Z,0.0600,1.00,yes
2026-10-04T00:02:38.524573Z,0.0500,14.00,yes
2026-10-04T00:02:38.537674Z,0.0600,15.63,yes
2026-10-04T00:02:38.559474Z,0.0400,3.50,yes
2026-10-04T00:02:38.561141Z,0.0600,64.36,yes
2026-10-04T00:02:38.561141Z,0.0600,2.70,yes
2026-10-04T00:02:38.570646Z,0.0600,138.36,yes
2026-10-04T00:02:38.570646Z,0.0600,27.64,yes
2026-10-04T00:02:38.582604Z,0.0300,55.93,no
2026-10-04T00:02:38.586841Z,0.0300,16.32,no
2026-10-04T00:02:38.586841Z,0.0300,17.84,no
2026-10-04T00:02:38.586841Z,0.0300,43.56,no
2026-10-04T00:02:38.623294Z,0.0300,27.09,no
2026-10-04T00:02:38.64304Z,0.0300,16.47,no
2026-10-04T00:02:38.64304Z,0.0300,6.95,no
2026-10-04T00:02:38.667023Z,0.0300,43.56,no
2026-10-04T00:02:38.667023Z,0.0200,190.39,no
2026-10-04T00:02:38.731911Z,0.0300,1064.80,no
2026-10-04T00:02:38.731911Z,0.0300,330.00,no
2026-10-04T00:02:38.731911Z,0.0300,43.56,no
2026-10-04T00:02:38.749974Z,0.0300,50.51,no
2026-10-04T00:02:38.749974Z,0.0400,43.56,no
2026-10-04T00:02:38.766459Z,0.0500,105.00,yes
2026-10-04T00:02:38.766459Z,0.0500,91.00,yes
2026-10-04T00:02:38.766459Z,0.0500,43.56,yes
2026-10-04T00:02:38.766459Z,0.0500,1363.86,yes
2026-10-04T00:02:38.783278Z,0.0300,2.61,no
2026-10-04T00:02:38.783278Z,0.0400,43.56,no
2026-10-04T00:02:38.834432Z,0.0500,46.91,yes
2026-10-04T00:02:38.84727Z,0.0400,1.72,yes
2026-10-04T00:02:38.84727Z,0.0500,29.55,yes
2026-10-04T00:02:38.855506Z,0.0500,46.91,yes
2026-10-04T00:02:38.867326Z,0.0500,134.12,yes
2026-10-04T00:02:38.894035Z,0.0500,31.27,yes
2026-10-04T00:02:38.905094Z,0.0300,82.12,no
2026-10-04T00:02:38.905094Z,0.0400,194.00,no
2026-10-04T00:02:38.905094Z,0.0300,300.00,no
2026-10-04T00:02:38.905094Z,0.0300,43.56,no
2026-10-04T00:02:38.905094Z,0.0200,1308.34,no
2026-10-04T00:02:38.905094Z,0.0200,633.59,no
2026-10-04T00:02:38.942058Z,0.0300,34.05,no
2026-10-04T00:02:39.021438Z,0.0400,104.00,yes
2026-10-04T00:02:39.021438Z,0.0400,43.56,yes
2026-10-04T00:02:39.021438Z,0.0400,2.00,yes
2026-10-04T00:02:39.021438Z,0.0400,15.07,yes
2026-10-04T00:02:39.021438Z,0.0500,252.36,yes
2026-10-04T00:02:39.028004Z,0.0300,9.51,no
2026-10-04T00:02:39.028004Z,0.0200,52.76,no
2026-10-04T00:02:39.049202Z,0.0500,19.83,yes
2026-10-04T00:02:39.049202Z,0.0400,104.00,yes
2026-10-04T00:02:39.049202Z,0.0400,43.56,yes
2026-10-04T00:02:39.049202Z,0.0500,35.90,yes
2026-10-04T00:02:39.069481Z,0.0300,43.56,no
2026-10-04T00:02:39.069481Z,0.0200,586.74,no
2026-10-04T00:02:39.130051Z,0.0400,37.50,yes
2026-10-04T00:02:39.159159Z,0.0400,6.06,yes
2026-10-04T00:02:39.159159Z,0.0400,1.00,yes
2026-10-04T00:02:39.159159Z,0.0400,1.94,yes
2026-10-04T00:02:39.174854Z,0.0500,1160.15,yes
2026-10-04T00:02:39.174854Z,0.0400,1.00,yes
2026-10-04T00:02:39.174854Z,0.0400,43.56,yes
2026-10-04T00:02:39.174854Z,0.0400,359.06,yes
2026-10-04T00:02:39.191001Z,0.0500,186.52,yes
2026-10-04T00:02:39.191001Z,0.0400,1.00,yes
2026-10-04T00:02:39.195145Z,0.0500,468.82,yes
2026-10-04T00:02:39.241466Z,0.0300,15.72,no
2026-10-04T00:02:39.241466Z,0.0300,43.56,no
2026-10-04T00:02:39.253979Z,0.0300,83.00,no
2026-10-04T00:02:39.253979Z,0.0300,43.56,no
2026-10-04T00:02:39.253979Z,0.0200,3338.15,no
2026-10-04T00:02:39.276044Z,0.0500,432.94,yes
2026-10-04T00:02:39.276044Z,0.0400,43.56,yes
2026-10-04T00:02:39.276044Z,0.0400,1.00,yes
2026-10-04T00:02:39.302957Z,0.0400,18.75,yes
2026-10-04T00:02:39.314345Z,0.0300,43.41,no
2026-10-04T00:02:39.36799Z,0.0500,18.75,yes
2026-10-04T00:02:39.376725Z,0.0500,25.00,yes
2026-10-04T00:02:39.392579Z,0.0200,119.36,no
2026-10-04T00:02:39.4104Z,0.0300,42.79,no
2026-10-04T00:02:39.415614Z,0.0500,439.00,yes
2026-10-04T00:02:39.415614Z,0.0400,152.00,yes
2026-10-04T00:02:39.415614Z,0.0400,1.00,yes
2026-10-04T00:02:39.415614Z,0.0400,8.00,yes
2026-10-04T00:02:39.431406Z,0.0300,0.15,no
2026-10-04T00:02:39.431406Z,0.0200,8.22,no
2026-10-04T00:02:39.435265Z,0.0400,23.42,yes
2026-10-04T00:02:39.497074Z,0.0500,71.28,yes
2026-10-04T00:02:39.528971Z,0.0500,18.75,yes
2026-10-04T00:02:39.541137Z,0.0500,18.75,yes
2026-10-04T00:02:39.568731Z,0.0300,43.56,no
2026-10-04T00:02:39.568731Z,0.0300,28.63,no
2026-10-04T00:02:39.588078Z,0.0300,88.00,no
2026-10-04T00:02:39.588078Z,0.0300,43.56,no
2026-10-04T00:02:39.588078Z,0.0200,402.01,no
2026-10-04T00:02:39.640713Z,0.0400,23.42,yes
2026-10-04T00:02:39.682331Z,0.0300,18.66,no
2026-10-04T00:02:39.682331Z,0.0300,43.56,no
2026-10-04T00:02:39.682331Z,0.0300,213.00,no
2026-10-04T00:02:39.716208Z,0.0400,1.00,yes
2026-10-04T00:02:39.716208Z,0.0400,5.00,yes
2026-10-04T00:02:39.716208Z,0.0400,43.56,yes
2026-10-04T00:02:39.716208Z,0.0400,67.56,yes
2026-10-04T00:02:39.752533Z,0.0400,23.42,yes
2026-10-04T00:02:39.776991Z,0.0400,21.42,yes
2026-10-04T00:02:39.776991Z,0.0400,2.00,yes
2026-10-04T00:02:39.783777Z,0.0300,34.97,no
2026-10-04T00:02:39.797991Z,0.0300,3.23,no
2026-10-04T00:02:39.797991Z,0.0300,8.59,no
2026-10-04T00:02:39.849251Z,0.0300,3.23,no
2026-10-04T00:02:39.849251Z,0.0300,93.00,no
2026-10-04T00:02:39.849251Z,0.0300,209.77,no
2026-10-04T00:02:39.849251Z,0.0300,43.86,no
2026-10-04T00:02:39.865343Z,0.0500,10.04,yes
2026-10-04T00:02:39.865343Z,0.0500,682.74,yes
2026-10-04T00:02:39.865343Z,0.0400,96.00,yes
2026-10-04T00:02:39.865343Z,0.0400,43.86,yes
2026-10-04T00:02:39.865343Z,0.0400,104.00,yes
2026-10-04T00:02:39.865343Z,0.0400,1.00,yes
2026-10-04T00:02:39.922176Z,0.0300,19.14,no
2026-10-04T00:02:39.922176Z,0.0300,93.00,no
2026-10-04T00:02:39.922176Z,0.0300,43.86,no
2026-10-04T00:02:39.93012Z,0.0300,28.00,no
2026-10-04T00:02:39.942485Z,0.0400,1.00,yes
2026-10-04T00:02:39.942485Z,0.0400,45.85,yes
2026-10-04T00:02:39.95353Z,0.0300,43.86,no
2026-10-04T00:02:39.95353Z,0.0300,213.00,no
2026-10-04T00:02:39.95353Z,0.0200,1505.79,no
2026-10-04T00:02:39.993206Z,0.0300,38.10,no
2026-10-04T00:02:40.006152Z,0.0200,122.31,no
2026-10-04T00:02:40.006152Z,0.0300,5.76,no
2026-10-04T00:02:40.006152Z,0.0300,213.00,no
2026-10-04T00:02:40.006152Z,0.0200,178.63,no
2026-10-04T00:02:40.026544Z,0.0400,9.79,yes
2026-10-04T00:02:40.026544Z,0.0400,2.19,yes
2026-10-04T00:02:40.026544Z,0.0400,58.15,yes
2026-10-04T00:02:40.066003Z,0.0400,58.15,yes
2026-10-04T00:02:40.066003Z,0.0500,17.30,yes
2026-10-04T00:02:40.066003Z,0.0400,34.07,yes
2026-10-04T00:02:40.066003Z,0.0400,1.00,yes
2026-10-04T00:02:40.066003Z,0.0400,45.85,yes
2026-10-04T00:02:40.094696Z,0.0300,43.86,no
2026-10-04T00:02:40.094696Z,0.0300,0.86,no
2026-10-04T00:02:40.107912Z,0.0300,2.00,no
2026-10-04T00:02:40.111471Z,0.0400,16.16,yes
2026-10-04T00:02:40.147302Z,0.0400,23.42,yes
2026-10-04T00:02:40.192768Z,0.0300,41.89,no
2026-10-04T00:02:40.194457Z,0.0300,213.00,no
2026-10-04T00:02:40.194457Z,0.0300,162.04,no
2026-10-04T00:02:40.194457Z,0.0300,1.97,no
2026-10-04T00:02:40.194457Z,0.0300,96.00,no
2026-10-04T00:02:40.200133Z,0.0400,2.34,yes
2026-10-04T00:02:40.213003Z,0.0300,68.46,no
2026-10-04T00:02:40.214719Z,0.0400,225.00,yes
2026-10-04T00:02:40.214719Z,0.0500,670.43,yes
2026-10-04T00:02:40.225703Z,0.0300,46.51,no
2026-10-04T00:02:40.230109Z,0.0400,101.44,yes
2026-10-04T00:02:40.230109Z,0.0400,1.00,yes
2026-10-04T00:02:40.238478Z,0.0400,5.00,yes
2026-10-04T00:02:40.238478Z,0.0400,2.56,yes
2026-10-04T00:02:40.238478Z,0.0500,1.00,yes
2026-10-04T00:02:40.238478Z,0.0500,1000.00,yes
2026-10-04T00:02:40.238478Z,0.0500,1629.53,yes
2026-10-04T00:02:40.238478Z,0.0500,1.00,yes
2026-10-04T00:02:40.238478Z,0.0500,1.00,yes
2026-10-04T00:02:40.238478Z,0.0500,351.00,yes
2026-10-04T00:02:40.238478Z,0.0500,136.45,yes
2026-10-04T00:02:40.305772Z,0.0300,204.96,no
2026-10-04T00:02:40.310498Z,0.0300,151.77,no
2026-10-04T00:02:40.329432Z,0.0400,1.00,yes
2026-10-04T00:02:40.329432Z,0.0400,104.00,yes
2026-10-04T00:02:40.329432Z,0.0400,43.86,yes
2026-10-04T00:02:40.329432Z,0.0500,422.58,yes
2026-10-04T00:02:40.400066Z,0.0500,225.65,yes
2026-10-04T00:02:40.490748Z,0.0300,44.31,no
2026-10-04T00:02:40.521929Z,0.0300,215.99,no
2026-10-04T00:02:40.521929Z,0.0400,43.86,no
2026-10-04T00:02:40.56488Z,0.0300,12.21,no
2026-10-04T00:02:40.56488Z,0.0300,110.96,no
2026-10-04T00:02:40.615201Z,0.0500,92.98,yes
2026-10-04T00:02:40.631181Z,0.0300,27.60,no
2026-10-04T00:02:40.755493Z,0.0300,51.29,no
2026-10-04T00:02:40.755493Z,0.0300,4164.00,no
2026-10-04T00:02:40.755493Z,0.0300,67.68,no
2026-10-04T00:02:40.755493Z,0.0300,43.86,no
2026-10-04T00:02:40.775985Z,0.0300,22.86,no
2026-10-04T00:02:40.775985Z,0.0300,91.00,no
2026-10-04T00:02:40.776382Z,0.0300,21.27,no
2026-10-04T00:02:40.776382Z,0.0200,820.19,no
2026-10-04T00:02:40.805849Z,0.0300,108.27,no
2026-10-04T00:02:40.805849Z,0.0300,44.13,no
2026-10-04T00:02:40.810359Z,0.0500,11.00,yes
2026-10-04T00:02:40.852673Z,0.0400,4.68,yes
2026-10-04T00:02:40.88315Z,0.0400,48.00,yes
2026-10-04T00:02:40.88315Z,0.0400,56.00,yes
2026-10-04T00:02:40.88315Z,0.0400,1.00,yes
2026-10-04T00:02:40.88315Z,0.0500,270.05,yes
2026-10-04T00:02:40.889209Z,0.0300,14.38,no
2026-10-04T00:02:40.894318Z,0.0400,1.95,yes
2026-10-04T00:02:40.894318Z,0.0500,185.57,yes
2026-10-04T00:02:40.931113Z,0.0400,44.13,yes
2026-10-04T00:02:40.931113Z,0.0400,2.23,yes
2026-10-04T00:02:40.931113Z,0.0500,28.65,yes
2026-10-04T00:02:40.952519Z,0.0400,44.13,yes
2026-10-04T00:02:40.952519Z,0.0400,7.62,yes
2026-10-04T00:02:40.991805Z,0.0500,142.71,yes
2026-10-04T00:02:41.004301Z,0.0400,1.00,yes
2026-10-04T00:02:41.004301Z,0.0500,8.00,yes
2026-10-04T00:02:41.045394Z,0.0300,18.28,no
2026-10-04T00:02:41.064739Z,0.0300,140.03,no
2026-10-04T00:02:41.064739Z,0.0300,11.47,no
2026-10-04T00:02:41.065843Z,0.0500,18.75,yes
2026-10-04T00:02:41.083082Z,0.0300,26.43,no
2026-10-04T00:02:41.099371Z,0.0400,1.00,yes
2026-10-04T00:02:41.099371Z,0.0400,44.13,yes
2026-10-04T00:02:41.099371Z,0.0500,142.39,yes
2026-10-04T00:02:41.105834Z,0.0400,104.00,yes
2026-10-04T00:02:41.105834Z,0.0400,44.13,yes
2026-10-04T00:02:41.105834Z,0.0500,789.51,yes
2026-10-04T00:02:41.147156Z,0.0500,5859.58,yes
2026-10-04T00:02:41.157881Z,0.0400,1.00,yes
2026-10-04T00:02:41.157881Z,0.0400,40.00,yes
2026-10-04T00:02:41.157881Z,0.0500,526.97,yes
2026-10-04T00:02:41.164861Z,0.0300,47.82,no
2026-10-04T00:02:41.164861Z,0.0300,17.70,no
2026-10-04T00:02:41.167759Z,0.0400,44.13,yes
2026-10-04T00:02:41.167759Z,0.0500,55.87,yes
2026-10-04T00:02:41.168056Z,0.0300,5.08,no
2026-10-04T00:02:41.178917Z,0.0500,18.75,yes
2026-10-04T00:02:41.268688Z,0.0300,2.72,no
2026-10-04T00:02:41.286644Z,0.0300,21.24,no
2026-10-04T00:02:41.316753Z,0.0300,213.00,no
2026-10-04T00:02:41.316753Z,0.0300,20.17,no
2026-10-04T00:02:41.316753Z,0.0200,469.65,no
2026-10-04T00:02:41.317161Z,0.0400,1.00,yes
2026-10-04T00:02:41.317161Z,0.0400,54.00,yes
2026-10-04T00:02:41.317161Z,0.0400,89.76,yes
2026-10-04T00:02:41.317161Z,0.0400,1.00,yes
2026-10-04T00:02:41.317161Z,0.0400,44.13,yes
2026-10-04T00:02:41.317161Z,0.0500,747.75,yes
2026-10-04T00:02:41.336703Z,0.0300,44.13,no
2026-10-04T00:02:41.336703Z,0.0300,213.00,no
2026-10-04T00:02:41.336703Z,0.0200,2375.98,no
2026-10-04T00:02:41.349734Z,0.0500,187.52,yes
2026-10-04T00:02:41.377122Z,0.0500,91.94,yes
2026-10-04T00:02:41.387693Z,0.0400,104.00,yes
2026-10-04T00:02:41.387693Z,0.0400,86.00,yes
2026-10-04T00:02:41.387693Z,0.0500,185.12,yes
2026-10-04T00:02:41.460185Z,0.0400,93.82,yes
2026-10-04T00:02:41.468585Z,0.0300,73.66,no
2026-10-04T00:02:41.468585Z,0.0300,213.00,no
2026-10-04T00:02:41.468585Z,0.0300,44.13,no
2026-10-04T00:02:41.468585Z,0.0200,1020.33,no
2026-10-04T00:02:41.54279Z,0.0400,44.13,yes
2026-10-04T00:02:41.54279Z,0.0400,1.00,yes
2026-10-04T00:02:41.54279Z,0.0400,42.69,yes
2026-10-04T00:02:41.54279Z,0.0400,10.18,yes
2026-10-04T00:02:41.564658Z,0.0400,18.81,yes
2026-10-04T00:02:41.583695Z,0.0300,56.34,no
2026-10-04T00:02:41.583695Z,0.0300,44.13,no
2026-10-04T00:02:41.59033Z,0.0400,1.00,yes
2026-10-04T00:02:41.59033Z,0.0400,10.71,yes
2026-10-04T00:02:41.601988Z,0.0300,29.08,no
2026-10-04T00:02:41.601988Z,0.0300,996.00,no
2026-10-04T00:02:41.601988Z,0.0400,44.13,no
2026-10-04T00:02:41.627437Z,0.0300,30.00,yes
2026-10-04T00:02:41.631216Z,0.0300,24.00,yes
2026-10-04T00:02:41.6316Z,0.0300,544.13,yes
2026-10-04T00:02:41.63375Z,0.0300,21.00,yes
2026-10-04T00:02:41.640019Z,0.0200,10.00,no
2026-10-04T00:02:41.640019Z,0.0200,32.87,no
2026-10-04T00:02:41.652373Z,0.0200,86.93,no
2026-10-04T00:02:41.662422Z,0.0200,28.94,no
2026-10-04T00:02:41.674895Z,0.0300,76.87,yes
2026-10-04T00:02:41.674895Z,0.0300,0.13,yes
2026-10-04T00:02:41.743446Z,0.0400,23.00,yes
2026-10-04T00:02:41.743446Z,0.0300,0.42,yes
2026-10-04T00:02:41.768993Z,0.0300,44.03,no
2026-10-04T00:02:41.768993Z,0.0200,512.99,no
2026-10-04T00:02:41.778914Z,0.0400,18.74,yes
2026-10-04T00:02:41.797368Z,0.0200,1.85,no
2026-10-04T00:02:41.886819Z,0.0400,44.03,yes
2026-10-04T00:02:41.886819Z,0.0400,2.00,yes
2026-10-04T00:02:41.886819Z,0.0400,1.00,yes
2026-10-04T00:02:41.886819Z,0.0400,2.00,yes
2026-10-04T00:02:41.886819Z,0.0400,58.00,yes
2026-10-04T00:02:41.886819Z,0.0500,7.74,yes
2026-10-04T00:02:41.898452Z,0.0300,44.03,no
2026-10-04T00:02:41.898452Z,0.0200,10.01,no
2026-10-04T00:02:41.898452Z,0.0200,84.00,no
2026-10-04T00:02:41.910385Z,0.0300,8.81,no
2026-10-04T00:02:41.955635Z,0.0300,5.79,no
2026-10-04T00:02:41.957038Z,0.0300,29.43,no
2026-10-04T00:02:41.957038Z,0.0300,57.31,no
2026-10-04T00:02:41.965779Z,0.0300,10.23,no
2026-10-04T00:02:41.986722Z,0.0300,10.47,no
2026-10-04T00:02:41.988823Z,0.0300,19.87,no
2026-10-04T00:02:41.988823Z,0.0300,23.33,no
2026-10-04T00:02:41.996536Z,0.0400,1.00,yes
2026-10-04T00:02:41.996536Z,0.0400,6.24,yes
2026-10-04T00:02:41.996536Z,0.0400,86.52,yes
2026-10-04T00:02:42.029599Z,0.0300,44.03,no
2026-10-04T00:02:42.029599Z,0.0200,168.45,no
2026-10-04T00:02:42.033142Z,0.0400,37.50,yes
2026-10-04T00:02:42.088746Z,0.0400,421.18,yes
2026-10-04T00:02:42.088746Z,0.0400,1.00,yes
2026-10-04T00:02:42.088746Z,0.0400,0.29,yes
2026-10-04T00:02:42.135241Z,0.0400,18.75,yes
2026-10-04T00:02:42.146705Z,0.0400,232.10,yes
2026-10-04T00:02:42.155142Z,0.0400,43.81,yes
2026-10-04T00:02:42.222705Z,0.0300,13.80,no
2026-10-04T00:02:42.246878Z,0.0100,12.03,no
2026-10-04T00:02:42.246878Z,0.0100,43.00,no
2026-10-04T00:02:42.246878Z,0.0200,970.00,no
2026-10-04T00:02:42.246878Z,0.0200,94.00,no
2026-10-04T00:02:42.246878Z,0.0300,30.23,no
2026-10-04T00:02:42.246878Z,0.0200,731.55,no
2026-10-04T00:02:42.25476Z,0.0400,37.50,yes
2026-10-04T00:02:42.263797Z,0.0200,44.03,no
2026-10-04T00:02:42.263797Z,0.0200,168.00,no
2026-10-04T00:02:42.263797Z,0.0200,88.00,no
2026-10-04T00:02:42.263797Z,0.0200,39.97,no
2026-10-04T00:02:42.276382Z,0.0300,44.03,no
2026-10-04T00:02:42.276382Z,0.0200,10.97,no
2026-10-04T00:02:42.28005Z,0.0300,44.03,no
2026-10-04T00:02:42.28005Z,0.0200,7.26,no
2026-10-04T00:02:42.308686Z,0.0400,45.00,yes
2026-10-04T00:02:42.319113Z,0.0100,10.00,no
2026-10-04T00:02:42.319113Z,0.0100,100.00,no
2026-10-04T00:02:42.319113Z,0.0100,146.64,no
2026-10-04T00:02:42.319113Z,0.0100,44.00,no
2026-10-04T00:02:42.319113Z,0.0100,150.00,no
2026-10-04T00:02:42.319113Z,0.0100,11.00,no
2026-10-04T00:02:42.319113Z,0.0100,67.00,no
2026-10-04T00:02:42.319113Z,0.0100,146.97,no
2026-10-04T00:02:42.319113Z,0.0100,273.00,no
2026-10-04T00:02:42.319113Z,0.0100,110.00,no
2026-10-04T00:02:42.319113Z,0.0200,83.00,no
2026-10-04T00:02:42.319113Z,0.0200,44.03,no
2026-10-04T00:02:42.346387Z,0.0200,64.75,no
2026-10-04T00:02:42.346387Z,0.0200,44.03,no
2026-10-04T00:02:42.346986Z,0.0200,330.00,yes
2026-10-04T00:02:42.358057Z,0.0200,49.44,yes
2026-10-04T00:02:42.367871Z,0.0100,2743.26,no
2026-10-04T00:02:42.367871Z,0.0100,2000.00,no
2026-10-04T00:02:42.367871Z,0.0100,39.00,no
2026-10-04T00:02:42.367871Z,0.0100,376.00,no
2026-10-04T00:02:42.367871Z,0.0100,47.00,no
2026-10-04T00:02:42.367871Z,0.0100,120.36,no
2026-10-04T00:02:42.367871Z,0.0100,304.00,no
2026-10-04T00:02:42.367871Z,0.0100,9617.00,no
2026-10-04T00:02:42.367871Z,0.0100,45.00,no
2026-10-04T00:02:42.367871Z,0.0100,7761.59,no
2026-10-04T00:02:42.367871Z,0.0100,10.00,no
2026-10-04T00:02:42.367871Z,0.0100,7.00,no
2026-10-04T00:02:42.385964Z,0.0200,41.78,yes
2026-10-04T00:02:42.385964Z,0.0200,50.22,yes
2026-10-04T00:02:42.415218Z,0.0100,44.03,no
2026-10-04T00:02:42.415218Z,0.0100,14.14,no
2026-10-04T00:02:42.420015Z,0.0200,72.50,yes
2026-10-04T00:02:42.435663Z,0.0100,9.66,no
2026-10-04T00:02:42.472859Z,0.0100,30.77,no
2026-10-04T00:02:42.475821Z,0.0100,91.33,no
2026-10-04T00:02:42.49586Z,0.0200,16.84,yes
2026-10-04T00:02:42.49586Z,0.0200,100.28,yes
2026-10-04T00:02:42.505964Z,0.0200,94.07,yes
2026-10-04T00:02:42.516033Z,0.0100,36.25,no
2026-10-04T00:02:42.548388Z,0.0200,23.42,yes
2026-10-04T00:02:42.552599Z,0.0200,170.67,yes
2026-10-04T00:02:42.552599Z,0.0200,16.85,yes
2026-10-04T00:02:42.568541Z,0.0200,185.40,yes
2026-10-04T00:02:42.568541Z,0.0200,1.56,yes
2026-10-04T00:02:42.568541Z,0.0200,1.18,yes
2026-10-04T00:02:42.598507Z,0.0200,23.42,yes
2026-10-04T00:02:42.635758Z,0.0200,234.25,yes
2026-10-04T00:02:42.644349Z,0.0200,13.15,yes
2026-10-04T00:02:42.644349Z,0.0200,28.93,yes
2026-10-04T00:02:42.644349Z,0.0200,376.00,yes
2026-10-04T00:02:42.668588Z,0.0200,1.63,yes
2026-10-04T00:02:42.668588Z,0.0200,1.92,yes
2026-10-04T00:02:42.668588Z,0.0200,1.03,yes
2026-10-04T00:02:42.668588Z,0.0200,1.03,yes
2026-10-04T00:02:42.668588Z,0.0200,1.04,yes
2026-10-04T00:02:42.668588Z,0.0200,1.02,yes
2026-10-04T00:02:42.668588Z,0.0200,1.00,yes
2026-10-04T00:02:42.668588Z,0.0200,1.03,yes
2026-10-04T00:02:42.668588Z,0.0200,1.01,yes
2026-10-04T00:02:42.668588Z,0.0200,218.80,yes
2026-10-04T00:02:42.668588Z,0.0200,1.04,yes
2026-10-04T00:02:42.688496Z,0.0200,9.40,yes
2026-10-04T00:02:42.734028Z,0.0200,1.29,yes
2026-10-04T00:02:42.734028Z,0.0200,64.80,yes
2026-10-04T00:02:42.734028Z,0.0200,97.42,yes
2026-10-04T00:02:42.734998Z,0.0200,234.25,yes
2026-10-04T00:02:42.747677Z,0.0200,1.02,yes
2026-10-04T00:02:42.747677Z,0.0200,1.08,yes
2026-10-04T00:02:42.747677Z,0.0200,1.04,yes
2026-10-04T00:02:42.747677Z,0.0200,1.09,yes
2026-10-04T00:02:42.747677Z,0.0200,1.07,yes
2026-10-04T00:02:42.747677Z,0.0200,1.82,yes
2026-10-04T00:02:42.747677Z,0.0200,1.32,yes
2026-10-04T00:02:42.747677Z,0.0200,108.68,yes
2026-10-04T00:02:42.800748Z,0.0200,52.22,yes
2026-10-04T00:02:42.801597Z,0.0200,3777.05,yes
2026-10-04T00:02:42.860997Z,0.0100,68.10,no
2026-10-04T00:02:42.881396Z,0.0100,61.75,no
2026-10-04T00:02:42.881396Z,0.0100,27.95,no
2026-10-04T00:02:42.899088Z,0.0100,19.65,no
2026-10-04T00:02:42.919538Z,0.0100,17.40,no
2026-10-04T00:02:42.919538Z,0.0100,18.85,no
2026-10-04T00:02:42.924933Z,0.0100,1.45,no
2026-10-04T00:02:42.924933Z,0.0100,26.15,no
2026-10-04T00:02:42.949136Z,0.0200,46.85,yes
2026-10-04T00:02:43.004455Z,0.0100,18.60,no
2026-10-04T00:02:43.021279Z,0.0100,41.18,no
2026-10-04T00:02:43.025476Z,0.0200,701.85,yes
2026-10-04T00:02:43.05289Z,0.0100,201.87,no
2026-10-04T00:02:43.0879Z,0.0100,18.81,no
2026-10-04T00:02:43.103836Z,0.0200,72.05,yes
2026-10-04T00:02:43.104167Z,0.0200,46.79,yes
2026-10-04T00:02:43.129002Z,0.0200,140.37,yes
2026-10-04T00:02:43.165589Z,0.0200,2.54,yes
2026-10-04T00:02:43.165589Z,0.0200,54.14,yes
2026-10-04T00:02:43.165589Z,0.0200,44.31,yes
2026-10-04T00:02:43.165589Z,0.0200,1.11,yes
2026-10-04T00:02:43.165589Z,0.0200,1.13,yes
2026-10-04T00:02:43.165589Z,0.0200,3.49,yes
2026-10-04T00:02:43.165589Z,0.0200,1.96,yes
2026-10-04T00:02:43.165589Z,0.0200,94.00,yes
2026-10-04T00:02:43.165589Z,0.0200,9.46,yes
2026-10-04T00:02:43.165589Z,0.0200,1.74,yes
2026-10-04T00:02:43.165589Z,0.0200,1.05,yes
2026-10-04T00:02:43.165589Z,0.0200,3.02,yes
2026-10-04T00:02:43.165589Z,0.0200,14.08,yes
2026-10-04T00:02:43.165589Z,0.0200,1.92,yes
2026-10-04T00:02:43.18129Z,0.0100,3.19,no
2026-10-04T00:02:43.18129Z,0.0100,48.09,no
2026-10-04T00:02:43.183973Z,0.0200,910.83,yes
2026-10-04T00:02:43.183973Z,0.0200,24.97,yes
2026-10-04T00:02:43.188334Z,0.0100,18.80,no
2026-10-04T00:02:43.193573Z,0.0200,216.95,yes
2026-10-04T00:02:43.219693Z,0.0200,467.90,yes
2026-10-04T00:02:43.221435Z,0.0200,93.58,yes
2026-10-04T00:02:43.270147Z,0.0200,467.90,yes
2026-10-04T00:02:43.274058Z,0.0200,374.32,yes
2026-10-04T00:02:43.38205Z,0.0200,233.95,yes
2026-10-04T00:02:43.395549Z,0.0200,46.79,yes
2026-10-04T00:02:43.397454Z,0.0200,198.20,yes
2026-10-04T00:02:43.430251Z,0.0100,6.73,no
2026-10-04T00:02:43.431344Z,0.0100,122.10,no
2026-10-04T00:02:43.431344Z,0.0100,14.14,no
2026-10-04T00:02:43.431344Z,0.0100,44.03,no
2026-10-04T00:02:43.431344Z,0.0100,20.28,no
2026-10-04T00:02:43.431344Z,0.0100,9.66,no
2026-10-04T00:02:43.431344Z,0.0100,17.00,no
2026-10-04T00:02:43.431344Z,0.0100,72.00,no
2026-10-04T00:02:43.431344Z,0.0100,100.00,no
2026-10-04T00:02:43.431344Z,0.0100,51.00,no
2026-10-04T00:02:43.431344Z,0.0100,41.00,no
2026-10-04T00:02:43.431344Z,0.0100,94.00,no
2026-10-04T00:02:43.431344Z,0.0100,21.84,no
2026-10-04T00:02:43.470139Z,0.0100,95.00,no
2026-10-04T00:02:43.470139Z,0.0100,167.74,no
2026-10-04T00:02:43.470139Z,0.0100,44.31,no
2026-10-04T00:02:43.470139Z,0.0100,23.00,no
2026-10-04T00:02:43.470139Z,0.0100,14.41,no
2026-10-04T00:02:43.470139Z,0.0100,68.10,no
2026-10-04T00:02:43.470139Z,0.0100,28.00,no
2026-10-04T00:02:43.470139Z,0.0100,170.00,no
2026-10-04T00:02:43.470139Z,0.0100,61.75,no
2026-10-04T00:02:43.470139Z,0.0100,186.00,no
2026-10-04T00:02:43.470139Z,0.0100,235.00,no
2026-10-04T00:02:43.470139Z,0.0100,375.00,no
2026-10-04T00:02:43.470139Z,0.0100,24.00,no
2026-10-04T00:02:43.518834Z,0.0100,100.59,yes
2026-10-04T00:02:43.525894Z,0.0100,285.49,yes
2026-10-04T00:02:43.525894Z,0.0100,182.41,yes
2026-10-04T00:02:43.532081Z,0.0100,6.07,yes
2026-10-04T00:02:43.532081Z,0.0100,87.51,yes
2026-10-04T00:02:43.565147Z,0.0100,265.97,yes
2026-10-04T00:02:43.565147Z,0.0100,201.93,yes
2026-10-04T00:02:43.585455Z,0.0100,114.03,yes
2026-10-04T00:02:43.585455Z,0.0100,258.00,yes
2026-10-04T00:02:43.585455Z,0.0100,95.87,yes
2026-10-04T00:02:43.589237Z,0.0100,166.33,yes
2026-10-04T00:02:43.607747Z,0.0100,18.75,yes
2026-10-04T00:02:43.610621Z,0.0100,122.05,yes
2026-10-04T00:02:43.610621Z,0.0100,77.13,yes
2026-10-04T00:02:43.610621Z,0.0200,268.72,yes
2026-10-04T00:02:43.650415Z,0.0100,23.39,yes
2026-10-04T00:02:43.66589Z,0.0100,71.61,yes
2026-10-04T00:02:43.66589Z,0.0200,396.29,yes
2026-10-04T00:02:43.702304Z,0.0200,44.45,yes
2026-10-04T00:02:43.717632Z,0.0200,62.00,yes
2026-10-04T00:02:43.721894Z,0.0200,855.77,yes
2026-10-04T00:02:43.738763Z,0.0100,59.67,no
2026-10-04T00:02:43.751258Z,0.0200,93.58,yes
2026-10-04T00:02:43.837344Z,0.0200,93.76,yes
2026-10-04T00:02:43.889518Z,0.0200,46.79,yes
2026-10-04T00:02:43.905182Z,0.0100,7.15,no
2026-10-04T00:02:43.973146Z,0.0200,446.82,yes
2026-10-04T00:02:43.973146Z,0.0200,487.22,yes
2026-10-04T00:02:43.973146Z,0.0200,1.76,yes
2026-10-04T00:02:43.976229Z,0.0200,123.73,yes
2026-10-04T00:02:44.091152Z,0.0100,187.30,no
2026-10-04T00:02:44.112454Z,0.0200,46.79,yes
2026-10-04T00:02:44.116156Z,0.0200,233.95,yes
2026-10-04T00:02:44.143174Z,0.0200,46.79,yes
2026-10-04T00:02:44.158368Z,0.0100,603.50,no
2026-10-04T00:02:44.181641Z,0.0200,232.54,yes
2026-10-04T00:02:44.188225Z,0.0100,41.41,no
2026-10-04T00:02:44.344268Z,0.0100,173.43,no
2026-10-04T00:02:44.34672Z,0.0200,46.79,yes
2026-10-04T00:02:44.364892Z,0.0200,748.64,yes
2026-10-04T00:02:44.367155Z,0.0100,7.81,no
2026-10-04T00:02:44.422292Z,0.0200,233.95,yes
2026-10-04T00:02:44.443203Z,0.0100,51.11,no
2026-10-04T00:02:44.512299Z,0.0100,2.82,no
2026-10-04T00:02:44.558637Z,0.0100,414.12,no
2026-10-04T00:02:44.612399Z,0.0100,28.11,no
2026-10-04T00:02:44.615601Z,0.0200,4.67,yes
2026-10-04T00:02:44.646999Z,0.0100,44.31,no
2026-10-04T00:02:44.646999Z,0.0100,423.57,no
2026-10-04T00:02:44.646999Z,0.0100,117.77,no
2026-10-04T00:02:44.683499Z,0.0200,93.58,yes
2026-10-04T00:02:44.687101Z,0.0100,59.00,no
2026-10-04T00:02:44.687868Z,0.0100,215.00,no
2026-10-04T00:02:44.688491Z,0.0100,38.00,no
2026-10-04T00:02:44.718727Z,0.0100,93.58,yes
2026-10-04T00:02:44.86324Z,0.0100,166.33,yes
2026-10-04T00:02:44.881572Z,0.0100,192.09,yes
2026-10-04T00:02:44.881572Z,0.0100,41.86,yes
2026-10-04T00:02:44.889493Z,0.0100,46.79,yes
2026-10-04T00:02:44.964364Z,0.0100,92.17,yes
2026-10-04T00:02:45.012099Z,0.0100,140.37,yes
2026-10-04T00:02:45.021143Z,0.0100,32.28,yes
2026-10-04T00:02:45.034916Z,0.0100,0.46,yes
2026-10-04T00:02:45.097366Z,0.0100,46.79,yes
2026-10-04T00:02:45.10353Z,0.0100,359.28,yes
2026-10-04T00:02:45.10353Z,0.0100,476.00,yes
2026-10-04T00:02:45.10353Z,0.0200,334.47,yes
2026-10-04T00:02:45.285812Z,0.0200,300.00,yes
2026-10-04T00:02:45.495654Z,0.0100,10.25,no
2026-10-04T00:02:45.556683Z,0.0100,235.68,no
2026-10-04T00:02:45.584695Z,0.0100,147.70,no
2026-10-04T00:02:45.702667Z,0.0100,9.30,no
2026-10-04T00:02:45.757972Z,0.0200,1169.75,yes
2026-10-04T00:02:45.767023Z,0.0100,44.19,no
2026-10-04T00:02:45.767023Z,0.0100,312.00,no
2026-10-04T00:02:45.767023Z,0.0100,1597.07,no
2026-10-04T00:02:45.767023Z,0.0100,36.74,no
2026-10-04T00:02:45.782363Z,0.0200,46.79,yes
2026-10-04T00:02:45.79052Z,0.0200,15.63,yes
2026-10-04T00:02:45.827091Z,0.0200,16.66,yes
2026-10-04T00:02:45.85363Z,0.0100,140.56,no
2026-10-04T00:02:45.881062Z,0.0200,1217.45,yes
2026-10-04T00:02:45.881062Z,0.0200,1120.05,yes
2026-10-04T00:02:45.881062Z,0.0200,2.00,yes
2026-10-04T00:02:45.883427Z,0.0200,46.79,yes
2026-10-04T00:02:45.886414Z,0.0100,1848.44,no
2026-10-04T00:02:45.886414Z,0.0100,44.50,no
2026-10-04T00:02:45.886414Z,0.0100,97.06,no
2026-10-04T00:02:45.898951Z,0.0200,467.90,yes
2026-10-04T00:02:45.92988Z,0.0100,10.00,no
2026-10-04T00:02:45.930495Z,0.0100,34.50,no
2026-10-04T00:02:45.972705Z,0.0100,235.00,yes
2026-10-04T00:02:45.979302Z,0.0100,1720.50,no
2026-10-04T00:02:45.992582Z,0.0100,10.70,no
2026-10-04T00:02:46.110219Z,0.0200,378.72,yes
2026-10-04T00:02:46.110219Z,0.0200,66.26,yes
2026-10-04T00:02:46.118403Z,0.0100,1225.97,no
2026-10-04T00:02:46.1342Z,0.0200,93.58,yes
2026-10-04T00:02:46.158746Z,0.0100,181.36,no
2026-10-04T00:02:46.170422Z,0.0200,4.67,yes
2026-10-04T00:02:46.172518Z,0.0200,2.25,yes
2026-10-04T00:02:46.172724Z,0.0200,169.33,yes
2026-10-04T00:02:46.172726Z,0.0100,5.35,no
2026-10-04T00:02:46.198386Z,0.0200,1169.75,yes
2026-10-04T00:02:46.205048Z,0.0100,1990.00,no
2026-10-04T00:02:46.214226Z,0.0200,93.58,yes
2026-10-04T00:02:46.263097Z,0.0200,46.79,yes
2026-10-04T00:02:46.270278Z,0.0100,317.02,no
2026-10-04T00:02:46.3129Z,0.0200,634.47,yes
2026-10-04T00:02:46.317857Z,0.0200,0.46,yes
2026-10-04T00:02:46.372062Z,0.0100,30.03,no
2026-10-04T00:02:46.408665Z,0.0100,36.99,no
2026-10-04T00:02:46.456848Z,0.0200,46.79,yes
2026-10-04T00:02:46.462978Z,0.0200,93.76,yes
2026-10-04T00:02:46.466948Z,0.0100,53.14,no
2026-10-04T00:02:46.485024Z,0.0100,62.38,no
2026-10-04T00:02:46.487417Z,0.0100,73.13,no
2026-10-04T00:02:46.504753Z,0.0200,93.58,yes
2026-10-04T00:02:46.505239Z,0.0100,4330.89,no
2026-10-04T00:02:46.511305Z,0.0200,800.00,yes
2026-10-04T00:02:46.512308Z,0.0100,1990.00,no
2026-10-04T00:02:46.528967Z,0.0200,233.95,yes
2026-10-04T00:02:46.613253Z,0.0200,1403.70,yes
2026-10-04T00:02:46.633724Z,0.0200,93.62,yes
2026-10-04T00:02:46.633724Z,0.0200,374.28,yes
2026-10-04T00:02:46.643835Z,0.0200,46.79,yes
2026-10-04T00:02:46.706772Z,0.0100,212.20,no
2026-10-04T00:02:46.748805Z,0.0200,467.90,yes
2026-10-04T00:02:46.820743Z,0.0200,467.90,yes
2026-10-04T00:02:46.828058Z,0.0200,1169.75,yes
2026-10-04T00:02:46.883932Z,0.0100,19.45,no
2026-10-04T00:02:46.916742Z,0.0100,9.93,no
2026-10-04T00:02:47.001669Z,0.0100,3127.54,no
2026-10-04T00:02:47.015966Z,0.0100,1990.00,no
2026-10-04T00:02:47.020492Z,0.0200,4.67,yes
2026-10-04T00:02:47.042246Z,0.0200,46.79,yes
2026-10-04T00:02:47.054773Z,0.0200,52.40,yes
2026-10-04T00:02:47.063703Z,0.0100,10.93,no
2026-10-04T00:02:47.090074Z,0.0200,1871.52,yes
2026-10-04T00:02:47.090074Z,0.0200,1106.49,yes
2026-10-04T00:02:47.090074Z,0.0200,1701.00,yes
2026-10-04T00:02:47.161088Z,0.0100,17.00,no
2026-10-04T00:02:47.20271Z,0.0100,51.97,no
2026-10-04T00:02:47.242672Z,0.0100,59.88,no
2026-10-04T00:02:47.264439Z,0.0200,9.35,yes
2026-10-04T00:02:47.274185Z,0.0200,46.79,yes
2026-10-04T00:02:47.276782Z,0.0100,22.36,no
2026-10-04T00:02:47.31159Z,0.0100,58.71,no
2026-10-04T00:02:47.326656Z,0.0100,10.57,no
2026-10-04T00:02:47.335127Z,0.0100,286.83,no
2026-10-04T00:02:47.345499Z,0.0200,233.95,yes
2026-10-04T00:02:47.353099Z,0.0100,247.62,no
2026-10-04T00:02:47.358617Z,0.0100,95.32,no
2026-10-04T00:02:47.36674Z,0.0100,55.21,no
2026-10-04T00:02:47.416903Z,0.0200,2339.50,yes
2026-10-04T00:02:47.422075Z,0.0200,46.79,yes
2026-10-04T00:02:47.425738Z,0.0100,34.05,no
2026-10-04T00:02:47.455499Z,0.0100,1990.00,no
2026-10-04T00:02:47.461982Z,0.0200,233.95,yes
2026-10-04T00:02:47.464095Z,0.0200,1169.75,yes
2026-10-04T00:02:47.472907Z,0.0100,25.00,no
2026-10-04T00:02:47.472907Z,0.0100,2000.00,no
2026-10-04T00:02:47.472907Z,0.0100,312.00,no
2026-10-04T00:02:47.472907Z,0.0100,1659.97,no
2026-10-04T00:02:47.614524Z,0.0100,4.67,yes
2026-10-04T00:02:47.676148Z,0.0100,467.90,yes
2026-10-04T00:02:47.687503Z,0.0100,111.00,yes
2026-10-04T00:02:47.698531Z,0.0100,100.00,yes
2026-10-04T00:02:47.7233Z,0.0100,297.33,yes
2026-10-04T00:02:47.766373Z,0.0100,1.07,yes
2026-10-04T00:02:47.766373Z,0.0100,101.00,yes
2026-10-04T00:02:47.766373Z,0.0100,3600.00,yes
2026-10-04T00:02:47.766373Z,0.0100,3.98,yes
2026-10-04T00:02:47.766373Z,0.0100,1019.10,yes
2026-10-04T00:02:47.766373Z,0.0100,47.41,yes
2026-10-04T00:02:47.766373Z,0.0100,1.05,yes
2026-10-04T00:02:47.766373Z,0.0200,172.43,yes
2026-10-04T00:02:47.766373Z,0.0200,1246.85,yes
2026-10-04T00:02:47.816027Z,0.0100,233.79,yes
2026-10-04T00:02:47.849916Z,0.0100,22.96,yes
2026-10-04T00:02:47.849916Z,0.0100,101.00,yes
2026-10-04T00:02:47.849916Z,0.0100,1.04,yes
2026-10-04T00:02:47.923689Z,0.0100,900.00,yes
2026-10-04T00:02:48.003593Z,0.0200,357.06,yes
2026-10-04T00:02:48.003593Z,0.0100,1.56,yes
2026-10-04T00:02:48.003593Z,0.0100,1.03,yes
2026-10-04T00:02:48.003593Z,0.0100,4.15,yes
2026-10-04T00:02:48.003593Z,0.0100,2.07,yes
2026-10-04T00:02:48.003593Z,0.0100,1.03,yes
2026-10-04T00:02:48.003593Z,0.0100,101.00,yes
2026-10-04T00:02:48.076103Z,0.0100,140.37,yes
2026-10-04T00:02:48.089244Z,0.0100,93.51,yes
2026-10-04T00:02:48.12729Z,0.0100,46.79,yes
2026-10-04T00:02:48.169682Z,0.0100,935.80,yes
2026-10-04T00:02:48.249637Z,0.0100,93.51,yes
2026-10-04T00:02:48.334355Z,0.0100,93.51,yes
2026-10-04T00:02:48.463292Z,0.0100,93.51,yes
2026-10-04T00:02:48.615021Z,0.0100,100.00,yes
2026-10-04T00:02:48.64817Z,0.0100,467.59,yes
2026-10-04T00:02:48.845554Z,0.0100,93.51,yes
2026-10-04T00:02:48.874011Z,0.0100,166.33,yes
2026-10-04T00:02:48.890503Z,0.0100,1.00,yes
2026-10-04T00:02:48.932759Z,0.0100,93.58,yes
2026-10-04T00:02:48.988288Z,0.0100,32.85,yes
2026-10-04T00:02:49.133461Z,0.0100,280.55,yes
2026-10-04T00:02:49.189042Z,0.0100,28.00,yes
2026-10-04T00:02:49.197278Z,0.0100,93.51,yes
2026-10-04T00:02:49.225187Z,0.0100,187.03,yes
2026-10-04T00:02:49.282538Z,0.0100,10.00,yes
2026-10-04T00:02:49.344766Z,0.0100,187.52,yes
2026-10-04T00:02:49.366682Z,0.0100,467.59,yes
2026-10-04T00:02:49.418226Z,0.0100,46.75,yes
2026-10-04T00:02:49.48037Z,0.0100,935.19,yes
2026-10-04T00:02:49.48394Z,0.0100,6250.00,yes
2026-10-04T00:02:49.507813Z,0.0100,1349.14,yes
2026-10-04T00:02:49.510862Z,0.0100,46.79,yes
2026-10-04T00:02:49.579961Z,0.0100,230.55,yes
2026-10-04T00:02:49.634633Z,0.0100,935.19,yes
2026-10-04T00:02:49.637859Z,0.0100,2337.97,yes
2026-10-04T00:02:49.649324Z,0.0100,234.25,yes
2026-10-04T00:02:49.784852Z,0.0100,187.03,yes
2026-10-04T00:02:49.845114Z,0.0100,93.51,yes
2026-10-04T00:02:49.983845Z,0.0100,280.55,yes
2026-10-04T00:02:50.08912Z,0.0100,748.15,yes
2026-10-04T00:02:50.272686Z,0.0100,81.36,yes
2026-10-04T00:02:50.44672Z,0.0100,9.35,yes
2026-10-04T00:02:50.512764Z,0.0100,6.00,yes
2026-10-04T00:02:50.573096Z,0.0100,280.55,yes
2026-10-04T00:02:50.581411Z,0.0100,467.59,yes
2026-10-04T00:02:50.703912Z,0.0100,1870.38,yes
2026-10-04T00:02:50.788239Z,0.0100,28.00,yes
2026-10-04T00:02:50.807958Z,0.0100,935.19,yes
2026-10-04T00:02:50.85584Z,0.0100,46.79,yes
2026-10-04T00:02:50.872163Z,0.0100,93.51,yes
2026-10-04T00:02:50.892042Z,0.0100,93.51,yes
2026-10-04T00:02:51.082326Z,0.0100,140.27,yes
2026-10-04T00:02:51.217185Z,0.0100,187.03,yes
2026-10-04T00:02:51.274891Z,0.0100,93.51,yes
2026-10-04T00:02:51.303081Z,0.0100,93.51,yes
2026-10-04T00:02:51.320356Z,0.0100,600.00,yes
2026-10-04T00:02:51.337442Z,0.0100,93.51,yes
2026-10-04T00:02:51.519722Z,0.0100,14.02,yes
2026-10-04T00:02:51.731504Z,0.0100,467.59,yes
2026-10-04T00:02:51.829223Z,0.0100,187.03,yes
2026-10-04T00:02:51.915481Z,0.0100,23.42,yes
2026-10-04T00:02:52.227633Z,0.0100,467.59,yes
2026-10-04T00:02:52.438471Z,0.0100,187.03,yes
2026-10-04T00:02:52.482992Z,0.0100,93.51,yes
2026-10-04T00:02:52.529303Z,0.0100,16.42,yes
2026-10-04T00:02:52.535274Z,0.0100,935.19,yes
2026-10-04T00:02:52.719297Z,0.0100,9.35,yes
2026-10-04T00:02:52.777879Z,0.0100,641.00,yes
2026-10-04T00:02:53.107952Z,0.0100,73.88,yes
2026-10-04T00:02:53.148451Z,0.0100,93.51,yes
2026-10-04T00:02:53.286382Z,0.0100,467.59,yes
2026-10-04T00:02:53.420233Z,0.0100,467.59,yes
2026-10-04T00:02:53.443478Z,0.0100,93.51,yes
2026-10-04T00:02:53.499084Z,0.0100,467.59,yes
2026-10-04T00:02:53.538188Z,0.0100,0.93,yes
2026-10-04T00:02:53.672085Z,0.0100,467.59,yes
2026-10-04T00:02:53.914629Z,0.0100,33.00,yes
2026-10-04T00:02:53.934045Z,0.0100,93.51,yes
2026-10-04T00:02:54.005399Z,0.0100,467.59,yes
2026-10-04T00:02:54.054018Z,0.0100,467.59,yes
2026-10-04T00:02:54.065436Z,0.0100,93.51,yes
2026-10-04T00:02:54.169252Z,0.0100,100.00,yes
2026-10-04T00:02:54.175131Z,0.0100,23.42,yes
2026-10-04T00:02:54.270575Z,0.0100,93.51,yes
2026-10-04T00:02:54.437332Z,0.0100,100.00,yes
2026-10-04T00:02:54.476747Z,0.0100,1683.34,yes
2026-10-04T00:02:54.497999Z,0.0100,935.19,yes
2026-10-04T00:02:54.50747Z,0.0100,1870.38,yes
2026-10-04T00:02:54.515574Z,0.0100,467.59,yes
2026-10-04T00:02:54.593121Z,0.0100,2.00,yes
2026-10-04T00:02:54.743072Z,0.0100,467.59,yes
2026-10-04T00:02:54.871454Z,0.0100,467.59,yes
2026-10-04T00:02:54.906754Z,0.0100,20.57,yes
2026-10-04T00:02:54.970636Z,0.0100,23.42,yes
2026-10-04T00:02:55.085752Z,0.0100,1875.29,yes
2026-10-04T00:02:55.282593Z,0.0100,467.59,yes
2026-10-04T00:02:55.401716Z,0.0100,935.19,yes
2026-10-04T00:02:55.405228Z,0.0100,467.59,yes
2026-10-04T00:02:55.601356Z,0.0100,0.93,yes
2026-10-04T00:02:55.624447Z,0.0100,467.59,yes
2026-10-04T00:02:55.64525Z,0.0100,41.89,yes
2026-10-04T00:02:55.706581Z,0.0100,404.64,yes
2026-10-04T00:02:55.708856Z,0.0100,0.93,yes
2026-10-04T00:02:55.873157Z,0.0100,66.33,yes
2026-10-04T00:02:55.897025Z,0.0100,467.59,yes
2026-10-04T00:02:55.928505Z,0.0100,935.19,yes
2026-10-04T00:02:55.939891Z,0.0100,93.51,yes
2026-10-04T00:02:56.077177Z,0.0100,23.37,yes
2026-10-04T00:02:56.177684Z,0.0100,10.28,yes
2026-10-04T00:02:56.241579Z,0.0100,467.59,yes
2026-10-04T00:02:56.317291Z,0.0100,467.59,yes
2026-10-04T00:02:56.378582Z,0.0100,187.03,yes
2026-10-04T00:02:56.476967Z,0.0100,93.51,yes
2026-10-04T00:02:56.505335Z,0.0100,93.51,yes
2026-10-04T00:02:56.530878Z,0.0100,93.51,yes
2026-10-04T00:02:56.534147Z,0.0100,93.51,yes
2026-10-04T00:02:56.575386Z,0.0100,93.51,yes
2026-10-04T00:02:56.744823Z,0.0100,187.52,yes
2026-10-04T00:02:57.020679Z,0.0100,187.03,yes
2026-10-04T00:02:57.074077Z,0.0100,234.25,yes
2026-10-04T00:02:57.091208Z,0.0100,333.00,yes
2026-10-04T00:02:57.205378Z,0.0100,68.96,yes
2026-10-04T00:02:57.283095Z,0.0100,467.59,yes
2026-10-04T00:02:57.518003Z,0.0100,93.51,yes
2026-10-04T00:02:57.773478Z,0.0100,100.00,yes
2026-10-04T00:02:57.79659Z,0.0100,166.33,yes
2026-10-04T00:02:57.834668Z,0.0100,93.51,yes
2026-10-04T00:02:57.884062Z,0.0100,66.33,yes
2026-10-04T00:02:57.892828Z,0.0100,93.51,yes
2026-10-04T00:02:57.922199Z,0.0100,93.51,yes
2026-10-04T00:02:57.929766Z,0.0100,15.00,yes
2026-10-04T00:02:58.028059Z,0.0100,187.03,yes
2026-10-04T00:02:58.073326Z,0.0100,2339.50,yes
2026-10-04T00:02:58.400787Z,0.0100,1.00,yes
2026-10-04T00:02:58.408006Z,0.0100,93.51,yes
2026-10-04T00:02:58.542691Z,0.0100,18.75,yes
2026-10-04T00:02:58.858025Z,0.0100,58.91,yes
2026-10-04T00:02:58.859431Z,0.0100,467.59,yes
2026-10-04T00:02:58.883658Z,0.0100,280.55,yes
2026-10-04T00:02:59.068372Z,0.0100,66.39,yes
2026-10-04T00:02:59.074532Z,0.0100,93.51,yes
2026-10-04T00:02:59.075876Z,0.0100,93.51,yes
2026-10-04T00:02:59.223445Z,0.0100,93.51,yes
2026-10-04T00:02:59.302731Z,0.0100,467.59,yes
2026-10-04T00:02:59.354658Z,0.0100,133.73,yes
2026-10-04T00:02:59.552617Z,0.0100,100.00,yes
2026-10-04T00:02:59.574562Z,0.0100,841.67,yes
2026-10-04T00:02:59.606118Z,0.0100,467.59,yes
2026-10-04T00:02:59.963112Z,0.0100,187.03,yes
2026-10-04T00:02:59.983603Z,0.0100,0.33,yes
2026-10-04T00:03:00.135809Z,0.0100,93.51,yes
2026-10-04T00:03:00.246176Z,0.0100,93.51,yes
2026-10-04T00:03:00.331705Z,0.0100,9.35,yes
2026-10-04T00:03:00.538039Z,0.0100,935.19,yes
2026-10-04T00:03:00.577221Z,0.0100,166.33,yes
2026-10-04T00:03:00.695145Z,0.0100,467.59,yes
2026-10-04T00:03:00.787704Z,0.0100,467.59,yes
2026-10-04T00:03:00.838087Z,0.0100,187.03,yes
2026-10-04T00:03:01.052027Z,0.0100,187.03,yes
2026-10-04T00:03:01.349429Z,0.0100,93.51,yes
2026-10-04T00:03:01.615605Z,0.0100,93.76,yes
2026-10-04T00:03:01.645396Z,0.0100,93.51,yes
2026-10-04T00:03:01.746498Z,0.0100,93.51,yes
2026-10-04T00:03:02.047586Z,0.0100,333.00,yes
2026-10-04T00:03:02.083918Z,0.0100,93.51,yes
2026-10-04T00:03:02.136043Z,0.0100,23.37,yes
2026-10-04T00:03:02.170849Z,0.0100,93.51,yes
2026-10-04T00:03:02.913121Z,0.0100,93.51,yes
2026-10-04T00:03:02.9718Z,0.0100,187.03,yes
2026-10-04T00:03:03.806965Z,0.0100,93.51,yes
2026-10-04T00:03:03.894888Z,0.0100,4675.95,yes
2026-10-04T00:03:04.639353Z,0.0100,4675.95,yes
2026-10-04T00:03:04.78414Z,0.0100,467.59,yes
2026-10-04T00:03:04.843284Z,0.0100,100.00,yes
2026-10-04T00:03:05.117888Z,0.0100,467.59,yes
2026-10-04T00:03:05.476236Z,0.0100,935.19,yes
2026-10-04T00:03:05.901734Z,0.0100,46.85,yes
2026-10-04T00:03:05.920943Z,0.0100,233.95,yes
2026-10-04T00:03:06.294359Z,0.0100,935.19,yes
2026-10-04T00:03:06.844696Z,0.0100,467.59,yes
2026-10-04T00:03:07.054083Z,0.0100,333.00,yes
2026-10-04T00:03:07.132051Z,0.0100,280.55,yes
2026-10-04T00:03:07.55666Z,0.0100,93.51,yes
2026-10-04T00:03:07.649597Z,0.0100,935.19,yes
2026-10-04T00:03:07.785624Z,0.0100,93.51,yes
2026-10-04T00:03:08.082923Z,0.0100,35.00,yes
2026-10-04T00:03:08.567083Z,0.0100,935.19,yes
2026-10-04T00:03:08.602657Z,0.0100,935.19,yes
2026-10-04T00:03:08.858836Z,0.0100,93.51,yes
2026-10-04T00:03:09.056636Z,0.0100,9351.91,yes
2026-10-04T00:03:09.089306Z,0.0100,1870.38,yes
2026-10-04T00:03:09.33299Z,0.0100,935.80,yes
2026-10-04T00:03:09.995777Z,0.0100,100.00,yes
2026-10-04T00:03:11.313082Z,0.0100,1870.38,yes
2026-10-04T00:03:11.626262Z,0.0100,31.27,yes
2026-10-04T00:03:11.720208Z,0.0100,3740.76,yes
2026-10-04T00:03:12.138821Z,0.0100,93.51,yes
2026-10-04T00:03:12.34306Z,0.0100,33.00,yes
2026-10-04T00:03:13.448531Z,0.0100,133.00,yes
2026-10-04T00:03:13.602388Z,0.0100,187.03,yes
2026-10-04T00:03:13.700488Z,0.0100,333.00,yes
2026-10-04T00:03:13.987164Z,0.0100,31.55,yes
2026-10-04T00:03:14.184894Z,0.0100,93.51,yes
2026-10-04T00:03:15.012449Z,0.0100,935.19,yes
2026-10-04T00:03:15.924225Z,0.0100,365.72,yes
2026-10-04T00:03:15.924225Z,0.0100,569.47,yes
2026-10-04T00:03:16.021543Z,0.0100,280.55,yes
2026-10-04T00:03:16.193539Z,0.0100,2.94,yes
2026-10-04T00:03:16.193539Z,0.0100,24.45,yes
2026-10-04T00:03:16.193539Z,0.0100,5.51,yes
2026-10-04T00:03:16.193539Z,0.0100,149.98,yes
2026-10-04T00:03:16.193539Z,0.0100,2.62,yes
2026-10-04T00:03:16.193539Z,0.0100,1.53,yes
2026-10-04T00:03:16.690712Z,0.0100,100.00,yes
2026-10-04T00:03:17.140898Z,0.0100,15.89,yes
2026-10-04T00:03:17.635411Z,0.0100,935.19,yes
2026-10-04T00:03:18.355112Z,0.0100,93.51,yes
2026-10-04T00:03:18.376757Z,0.0100,93.51,yes
2026-10-04T00:03:18.582327Z,0.0100,91.33,yes
2026-10-04T00:03:18.887001Z,0.0100,467.59,yes
2026-10-04T00:03:18.950376Z,0.0100,187.00,yes
2026-10-04T00:03:19.978273Z,0.0100,93.51,yes
2026-10-04T00:03:23.720088Z,0.0100,187.03,yes
2026-10-04T00:03:24.479946Z,0.0100,47.00,yes
2026-10-04T00:03:24.801527Z,0.0100,37.91,yes
2026-10-04T00:03:25.574882Z,0.0100,9.30,yes
2026-10-04T00:03:28.542978Z,0.0100,4.22,yes
2026-10-04T00:03:28.542978Z,0.0100,386.37,yes
2026-10-04T00:03:28.542978Z,0.0100,1.41,yes
2026-10-04T00:03:28.542978Z,0.0100,4.29,yes
2026-10-04T00:03:28.542978Z,0.0100,1.42,yes
2026-10-04T00:03:28.542978Z,0.0100,1.41,yes
2026-10-04T00:03:28.542978Z,0.0100,1.41,yes
2026-10-04T00:03:28.542978Z,0.0100,1.41,yes
2026-10-04T00:03:28.542978Z,0.0100,55.78,yes
2026-10-04T00:03:28.542978Z,0.0100,1.41,yes
2026-10-04T00:03:28.542978Z,0.0100,1.42,yes
2026-10-04T00:03:28.542978Z,0.0100,1.41,yes
2026-10-04T00:03:28.542978Z,0.0100,1.41,yes
2026-10-04T00:03:28.542978Z,0.0100,1.41,yes
2026-10-04T00:03:28.542978Z,0.0100,1.41,yes
2026-10-04T00:03:28.542978Z,0.0100,1.40,yes
2026-10-04T00:03:28.590033Z,0.0100,5611.14,yes
2026-10-04T00:03:30.847323Z,0.0100,93.51,yes
2026-10-04T00:03:32.564456Z,0.0100,66.33,yes
2026-10-04T00:03:33.523169Z,0.0100,935.19,yes
2026-10-04T00:03:34.18097Z,0.0100,93.51,yes
2026-10-04T00:03:34.31019Z,0.0100,935.19,yes
2026-10-04T00:03:34.637702Z,0.0100,1000.00,yes
2026-10-04T00:03:39.066856Z,0.0100,333.00,yes
2026-10-04T00:03:39.219316Z,0.0100,93.51,yes
2026-10-04T00:03:39.315045Z,0.0100,467.59,yes
2026-10-04T00:03:40.845364Z,0.0100,166.33,yes
2026-10-04T00:03:43.596997Z,0.0100,93.51,yes
2026-10-04T00:03:43.700599Z,0.0100,130.00,yes
2026-10-04T00:03:46.344144Z,0.0100,467.59,yes
2026-10-04T00:03:47.685817Z,0.0100,93.51,yes
2026-10-04T00:03:48.837275Z,0.0100,666.00,yes
2026-10-04T00:03:49.310994Z,0.0100,93.51,yes
2026-10-04T00:03:49.548785Z,0.0100,93.51,yes
2026-10-04T00:03:54.812714Z,0.0100,333.00,yes
2026-10-04T00:03:56.307843Z,0.0100,93.51,yes
2026-10-04T00:04:00.915908Z,0.0100,187.03,yes
2026-10-04T00:04:02.106759Z,0.0100,33.00,yes
2026-10-04T00:04:03.054577Z,0.0100,666.00,yes
2026-10-04T00:04:05.528628Z,0.0100,935.19,yes
2026-10-04T00:04:08.512153Z,0.0100,93.51,yes
2026-10-04T00:04:10.865503Z,0.0100,1.97,yes
2026-10-04T00:04:12.698825Z,0.0100,40.00,yes
2026-10-04T00:04:17.180225Z,0.0100,100.00,yes
2026-10-04T00:04:19.348879Z,0.0100,467.59,yes
2026-10-04T00:04:21.006102Z,0.0100,58.91,yes
2026-10-04T00:04:21.68891Z,0.0100,187.03,yes
2026-10-04T00:04:23.411998Z,0.0100,6759.51,yes
2026-10-04T00:04:23.411998Z,0.0100,1.41,yes
2026-10-04T00:04:23.411998Z,0.0100,1.41,yes
2026-10-04T00:04:23.411998Z,0.0100,1.41,yes
2026-10-04T00:04:23.411998Z,0.0100,1.40,yes
2026-10-04T00:04:23.411998Z,0.0100,1.41,yes
2026-10-04T00:04:23.411998Z,0.0100,100.00,yes
2026-10-04T00:04:23.411998Z,0.0100,2483.96,yes
2026-10-04T00:04:23.411998Z,0.0100,1.40,yes
2026-10-04T00:04:25.77385Z,0.0100,46.75,yes
2026-10-04T00:04:26.250368Z,0.0100,467.59,yes
2026-10-04T00:04:28.285396Z,0.0100,280.55,yes
2026-10-04T00:04:33.67934Z,0.0100,467.59,yes
2026-10-04T00:04:34.576173Z,0.0100,93.51,yes
2026-10-04T00:04:34.828363Z,0.0100,467.59,yes
2026-10-04T00:04:35.352817Z,0.0100,1870.38,yes
2026-10-04T00:04:36.284905Z,0.0100,63.00,yes
2026-10-04T00:04:40.639952Z,0.0100,93.51,yes
2026-10-04T00:05:04.444436Z,0.0100,66.00,yes
2026-10-04T00:05:04.640999Z,0.0100,666.00,yes
2026-10-04T00:05:04.689442Z,0.0100,280.55,yes
2026-10-04T00:05:09.102813Z,0.0100,3333.00,yes
2026-10-04T00:05:10.12789Z,0.0100,666.00,yes
2026-10-04T00:05:35.806676Z,0.0100,93.51,yes
2026-10-04T00:05:36.34279Z,0.0100,93.51,yes
2026-10-04T00:05:45.731089Z,0.0100,93.51,yes
2026-10-04T00:05:46.067979Z,0.0100,1589.00,yes
