time,yes_price,contracts,taker
2026-09-29T02:47:39.582227Z,0.0100,547.26,no
2026-09-29T02:47:39.589671Z,0.0200,93.58,yes
2026-09-29T02:47:39.653489Z,0.0200,46.79,yes
2026-09-29T02:47:39.666886Z,0.0200,234.25,yes
2026-09-29T02:47:39.740737Z,0.0200,780.34,yes
2026-09-29T02:47:39.803359Z,0.0200,46.79,yes
2026-09-29T02:47:39.819397Z,0.0200,24.79,yes
2026-09-29T02:47:39.826277Z,0.0200,156.06,yes
2026-09-29T02:47:39.838782Z,0.0200,624.27,yes
2026-09-29T02:47:39.923508Z,0.0200,233.95,yes
2026-09-29T02:47:40.193176Z,0.0200,11.69,yes
2026-09-29T02:47:40.33072Z,0.0200,46.79,yes
2026-09-29T02:47:40.726219Z,0.0200,100.00,yes
2026-09-29T02:47:40.765722Z,0.0100,43.10,no
2026-09-29T02:47:40.816235Z,0.0100,95.32,no
2026-09-29T02:47:41.111562Z,0.0200,93.58,yes
2026-09-29T02:47:41.433844Z,0.0200,421.66,yes
2026-09-29T02:47:41.497837Z,0.0200,1.00,yes
2026-09-29T02:47:41.563791Z,0.0200,4000.00,yes
2026-09-29T02:47:41.620737Z,0.0200,1092.48,yes
2026-09-29T02:47:42.216934Z,0.0200,3.74,yes
2026-09-29T02:47:42.263245Z,0.0200,460.88,yes
2026-09-29T02:47:42.524691Z,0.0100,5.33,no
2026-09-29T02:47:42.594828Z,0.0200,468.20,yes
2026-09-29T02:47:42.670138Z,0.0100,180.49,no
2026-09-29T02:47:42.720148Z,0.0200,467.90,yes
2026-09-29T02:47:42.75699Z,0.0200,467.90,yes
2026-09-29T02:47:42.905944Z,0.0200,935.80,yes
2026-09-29T02:47:42.920841Z,0.0100,45.05,no
2026-09-29T02:47:42.996902Z,0.0200,312.13,yes
2026-09-29T02:47:43.042312Z,0.0200,93.58,yes
2026-09-29T02:47:43.151327Z,0.0200,4910.16,yes
2026-09-29T02:47:43.159006Z,0.0200,46.79,yes
2026-09-29T02:47:43.23792Z,0.0200,1169.75,yes
2026-09-29T02:47:43.629217Z,0.0200,233.95,yes
2026-09-29T02:47:43.688823Z,0.0200,46.79,yes
2026-09-29T02:47:43.714419Z,0.0200,46.79,yes
2026-09-29T02:47:43.817192Z,0.0200,233.95,yes
2026-09-29T02:47:43.901213Z,0.0200,31.21,yes
2026-09-29T02:47:43.904001Z,0.0200,233.95,yes
2026-09-29T02:47:43.918224Z,0.0200,467.90,yes
2026-09-29T02:47:43.927111Z,0.0200,3121.39,yes
2026-09-29T02:47:43.95619Z,0.0200,175.46,yes
2026-09-29T02:47:43.958833Z,0.0200,46.79,yes
2026-09-29T02:47:44.068738Z,0.0200,93.58,yes
2026-09-29T02:47:44.090452Z,0.0200,200.00,yes
2026-09-29T02:47:44.127537Z,0.0200,936.41,yes
2026-09-29T02:47:44.150662Z,0.0200,1169.75,yes
2026-09-29T02:47:44.16477Z,0.0200,156.06,yes
2026-09-29T02:47:44.250637Z,0.0100,247.52,no
2026-09-29T02:47:44.36788Z,0.0200,93.58,yes
2026-09-29T02:47:44.63767Z,0.0200,28.44,yes
2026-09-29T02:47:44.63767Z,0.0200,65.14,yes
2026-09-29T02:47:44.721053Z,0.0200,165.14,yes
2026-09-29T02:47:44.721053Z,0.0200,84.86,yes
2026-09-29T02:47:44.722925Z,0.0200,233.95,yes
2026-09-29T02:47:44.762858Z,0.0200,312.13,yes
2026-09-29T02:47:44.942432Z,0.0200,46.79,yes
2026-09-29T02:47:44.986148Z,0.0100,427.88,no
2026-09-29T02:47:44.998115Z,0.0200,233.95,yes
2026-09-29T02:47:45.025482Z,0.0200,93.58,yes
2026-09-29T02:47:45.099419Z,0.0200,93.58,yes
2026-09-29T02:47:45.176899Z,0.0200,32.50,yes
2026-09-29T02:47:45.198027Z,0.0200,93.58,yes
2026-09-29T02:47:45.356085Z,0.0100,9.09,no
2026-09-29T02:47:45.546894Z,0.0200,118.00,yes
2026-09-29T02:47:45.550366Z,0.0200,935.80,yes
2026-09-29T02:47:45.562774Z,0.0200,233.95,yes
2026-09-29T02:47:45.848793Z,0.0200,102.00,yes
2026-09-29T02:47:45.855131Z,0.0200,93.58,yes
2026-09-29T02:47:45.857741Z,0.0200,701.85,yes
2026-09-29T02:47:45.948918Z,0.0200,12.63,yes
2026-09-29T02:47:45.987976Z,0.0200,4679.01,yes
2026-09-29T02:47:46.024024Z,0.0100,74.67,no
2026-09-29T02:47:46.043184Z,0.0200,225.06,yes
2026-09-29T02:47:46.084951Z,0.0200,233.95,yes
2026-09-29T02:47:46.100415Z,0.0200,93.58,yes
2026-09-29T02:47:46.164522Z,0.0200,14.50,yes
2026-09-29T02:47:46.202678Z,0.0200,54.27,yes
2026-09-29T02:47:46.299082Z,0.0200,49.00,yes
2026-09-29T02:47:46.316929Z,0.0200,46.79,yes
2026-09-29T02:47:46.39217Z,0.0200,46.79,yes
2026-09-29T02:47:46.394572Z,0.0100,18.02,no
2026-09-29T02:47:46.460869Z,0.0200,1169.75,yes
2026-09-29T02:47:46.666916Z,0.0200,250.00,yes
2026-09-29T02:47:46.792091Z,0.0200,467.90,yes
2026-09-29T02:47:47.091348Z,0.0200,233.95,yes
2026-09-29T02:47:47.248374Z,0.0200,4679.01,yes
2026-09-29T02:47:47.412949Z,0.0100,989.80,no
2026-09-29T02:47:47.422932Z,0.0200,1560.69,yes
2026-09-29T02:47:47.48976Z,0.0200,91.24,yes
2026-09-29T02:47:47.525663Z,0.0200,467.90,yes
2026-09-29T02:47:47.540965Z,0.0200,312.13,yes
2026-09-29T02:47:47.581028Z,0.0200,467.90,yes
2026-09-29T02:47:47.62465Z,0.0200,120.00,yes
2026-09-29T02:47:47.625235Z,0.0200,842.22,yes
2026-09-29T02:47:47.701489Z,0.0200,132.50,yes
2026-09-29T02:47:47.704497Z,0.0200,93.58,yes
2026-09-29T02:47:48.022372Z,0.0200,701.85,yes
2026-09-29T02:47:48.030851Z,0.0200,35.09,yes
2026-09-29T02:47:48.048994Z,0.0200,5000.00,yes
2026-09-29T02:47:48.048994Z,0.0200,25085.00,yes
2026-09-29T02:47:48.048994Z,0.0200,22670.38,yes
2026-09-29T02:47:48.048994Z,0.0200,4912.42,yes
2026-09-29T02:47:48.048994Z,0.0200,17298.20,yes
2026-09-29T02:47:48.048994Z,0.0200,25034.00,yes
2026-09-29T02:47:48.114139Z,0.0100,11.83,no
2026-09-29T02:47:48.124149Z,0.0200,93.58,yes
2026-09-29T02:47:48.127065Z,0.0200,467.90,yes
2026-09-29T02:47:48.212893Z,0.0200,124.75,yes
2026-09-29T02:47:48.319749Z,0.0200,46.79,yes
2026-09-29T02:47:48.365862Z,0.0100,333.00,no
2026-09-29T02:47:48.371311Z,0.0100,12.94,no
2026-09-29T02:47:48.531425Z,0.0200,18.71,yes
2026-09-29T02:47:48.614127Z,0.0200,233.95,yes
2026-09-29T02:47:48.721928Z,0.0200,467.90,yes
2026-09-29T02:47:48.781084Z,0.0200,532.00,yes
2026-09-29T02:47:48.80624Z,0.0200,162.36,yes
2026-09-29T02:47:48.813627Z,0.0200,7.48,yes
2026-09-29T02:47:48.845044Z,0.0200,93.58,yes
2026-09-29T02:47:48.931873Z,0.0200,312.13,yes
2026-09-29T02:47:49.051905Z,0.0200,46.79,yes
2026-09-29T02:47:49.061495Z,0.0200,93.58,yes
2026-09-29T02:47:49.076543Z,0.0200,46.79,yes
2026-09-29T02:47:49.088753Z,0.0200,233.95,yes
2026-09-29T02:47:49.142202Z,0.0200,4679.01,yes
2026-09-29T02:47:49.163055Z,0.0200,74.55,yes
2026-09-29T02:47:49.163055Z,0.0200,81.51,yes
2026-09-29T02:47:49.355162Z,0.0100,7.26,no
2026-09-29T02:47:49.371785Z,0.0200,2339.50,yes
2026-09-29T02:47:49.538418Z,0.0200,935.80,yes
2026-09-29T02:47:49.584528Z,0.0200,280.74,yes
2026-09-29T02:47:49.832321Z,0.0200,514.69,yes
2026-09-29T02:47:50.046748Z,0.0200,156.06,yes
2026-09-29T02:47:50.137542Z,0.0200,140.37,yes
2026-09-29T02:47:50.482723Z,0.0200,233.95,yes
2026-09-29T02:47:50.572277Z,0.0100,41.61,no
2026-09-29T02:47:50.622971Z,0.0200,28.54,yes
2026-09-29T02:47:50.851093Z,0.0200,233.95,yes
2026-09-29T02:47:50.939987Z,0.0100,228.55,no
2026-09-29T02:47:50.971771Z,0.0200,233.95,yes
2026-09-29T02:47:50.987206Z,0.0200,73.00,yes
2026-09-29T02:47:51.041935Z,0.0200,125.00,yes
2026-09-29T02:47:51.051691Z,0.0200,4.67,yes
2026-09-29T02:47:51.088022Z,0.0100,2106.86,no
2026-09-29T02:47:51.088022Z,0.0100,1681.28,no
2026-09-29T02:47:51.246233Z,0.0100,1030.28,no
2026-09-29T02:47:51.358945Z,0.0200,46.79,yes
2026-09-29T02:47:51.427892Z,0.0100,14.79,no
2026-09-29T02:47:51.428712Z,0.0200,70.18,yes
2026-09-29T02:47:51.55968Z,0.0200,1.87,yes
2026-09-29T02:47:51.624406Z,0.0200,0.46,yes
2026-09-29T02:47:51.673104Z,0.0100,427.88,no
2026-09-29T02:47:51.739028Z,0.0200,3121.39,yes
2026-09-29T02:47:51.77306Z,0.0200,133.00,yes
2026-09-29T02:47:52.013479Z,0.0200,935.80,yes
2026-09-29T02:47:52.074659Z,0.0100,4.51,no
2026-09-29T02:47:52.1016Z,0.0200,46.79,yes
2026-09-29T02:47:52.189711Z,0.0200,233.95,yes
2026-09-29T02:47:52.200612Z,0.0200,467.90,yes
2026-09-29T02:47:52.214769Z,0.0200,25.00,yes
2026-09-29T02:47:52.277049Z,0.0200,46.79,yes
2026-09-29T02:47:52.351885Z,0.0200,233.95,yes
2026-09-29T02:47:52.518906Z,0.0200,46.79,yes
2026-09-29T02:47:52.702745Z,0.0200,39.30,yes
2026-09-29T02:47:52.903395Z,0.0100,3.04,no
2026-09-29T02:47:52.962039Z,0.0200,233.95,yes
2026-09-29T02:47:53.21393Z,0.0200,22.00,yes
2026-09-29T02:47:53.277922Z,0.0200,935.80,yes
2026-09-29T02:47:53.564824Z,0.0100,26.07,no
2026-09-29T02:47:53.799313Z,0.0200,140.37,yes
2026-09-29T02:47:53.848671Z,0.0100,2.00,no
2026-09-29T02:47:53.887912Z,0.0200,1169.75,yes
2026-09-29T02:47:53.969346Z,0.0200,31.34,yes
2026-09-29T02:47:53.981508Z,0.0200,23.39,yes
2026-09-29T02:47:53.990913Z,0.0200,150.66,yes
2026-09-29T02:47:54.017762Z,0.0200,50.00,yes
2026-09-29T02:47:54.148873Z,0.0100,139.66,no
2026-09-29T02:47:54.281667Z,0.0100,586.60,no
2026-09-29T02:47:54.301544Z,0.0100,66.87,no
2026-09-29T02:47:54.336722Z,0.0100,42.78,no
2026-09-29T02:47:54.336997Z,0.0100,38.10,no
2026-09-29T02:47:54.392894Z,0.0200,12.16,yes
2026-09-29T02:47:54.541504Z,0.0200,46.79,yes
2026-09-29T02:47:54.598272Z,0.0200,312.13,yes
2026-09-29T02:47:54.777986Z,0.0200,468.51,yes
2026-09-29T02:47:55.208482Z,0.0200,233.95,yes
2026-09-29T02:47:55.258196Z,0.0200,467.90,yes
2026-09-29T02:47:55.275368Z,0.0200,7.48,yes
2026-09-29T02:47:55.357634Z,0.0100,7.62,no
2026-09-29T02:47:55.407448Z,0.0100,100.45,no
2026-09-29T02:47:55.505323Z,0.0200,22.00,yes
2026-09-29T02:47:55.697152Z,0.0100,113.89,no
2026-09-29T02:47:55.71961Z,0.0100,124.11,no
2026-09-29T02:47:55.756218Z,0.0200,45.00,yes
2026-09-29T02:47:55.762161Z,0.0200,74.75,yes
2026-09-29T02:47:55.806895Z,0.0200,467.90,yes
2026-09-29T02:47:55.882845Z,0.0100,153.85,no
2026-09-29T02:47:55.946784Z,0.0200,500.00,yes
2026-09-29T02:47:55.966896Z,0.0200,8786.48,yes
2026-09-29T02:47:55.966896Z,0.0200,571.55,yes
2026-09-29T02:47:55.980489Z,0.0200,935.80,yes
2026-09-29T02:47:56.155459Z,0.0100,13.31,no
2026-09-29T02:47:56.164056Z,0.0200,701.85,yes
2026-09-29T02:47:56.184809Z,0.0200,1560.69,yes
2026-09-29T02:47:56.336648Z,0.0100,61.88,no
2026-09-29T02:47:56.570367Z,0.0200,9.35,yes
2026-09-29T02:47:56.626977Z,0.0100,4.71,no
2026-09-29T02:47:56.672602Z,0.0100,29.79,no
2026-09-29T02:47:56.697073Z,0.0100,9.66,no
2026-09-29T02:47:57.017161Z,0.0200,111.00,yes
2026-09-29T02:47:57.041328Z,0.0200,467.90,yes
2026-09-29T02:47:57.202049Z,0.0200,93.58,yes
2026-09-29T02:47:57.6565Z,0.0100,22.50,no
2026-09-29T02:47:57.691834Z,0.0200,233.95,yes
2026-09-29T02:47:57.817216Z,0.0100,15.24,no
2026-09-29T02:47:57.823298Z,0.0200,467.90,yes
2026-09-29T02:47:57.826982Z,0.0200,467.90,yes
2026-09-29T02:47:57.982771Z,0.0200,70.18,yes
2026-09-29T02:47:58.192369Z,0.0200,7.48,yes
2026-09-29T02:47:58.237337Z,0.0200,118.84,yes
2026-09-29T02:47:58.416511Z,0.0200,2339.50,yes
2026-09-29T02:47:58.627296Z,0.0200,467.90,yes
2026-09-29T02:47:58.754099Z,0.0200,46.79,yes
2026-09-29T02:47:58.808727Z,0.0200,46.79,yes
2026-09-29T02:47:58.986495Z,0.0200,1281.05,yes
2026-09-29T02:47:58.986495Z,0.0200,2389.17,yes
2026-09-29T02:47:59.151347Z,0.0200,5.00,yes
2026-09-29T02:47:59.262829Z,0.0200,67.37,yes
2026-09-29T02:47:59.381366Z,0.0200,4679.01,yes
2026-09-29T02:47:59.499829Z,0.0200,46.79,yes
2026-09-29T02:47:59.587339Z,0.0200,467.90,yes
2026-09-29T02:47:59.640713Z,0.0200,467.90,yes
2026-09-29T02:47:59.800461Z,0.0200,46.79,yes
2026-09-29T02:47:59.873607Z,0.0200,4117.50,yes
2026-09-29T02:47:59.980265Z,0.0200,46.79,yes
2026-09-29T02:48:00.126543Z,0.0200,500.00,yes
2026-09-29T02:48:00.130465Z,0.0200,0.46,yes
2026-09-29T02:48:00.148808Z,0.0200,935.80,yes
2026-09-29T02:48:00.213416Z,0.0200,233.95,yes
2026-09-29T02:48:00.235082Z,0.0200,66.00,yes
2026-09-29T02:48:00.313251Z,0.0100,1.25,no
2026-09-29T02:48:00.400826Z,0.0100,30.48,no
2026-09-29T02:48:00.490797Z,0.0200,46.79,yes
2026-09-29T02:48:00.586728Z,0.0100,57.91,no
2026-09-29T02:48:00.599101Z,0.0200,467.90,yes
2026-09-29T02:48:00.618587Z,0.0200,935.80,yes
2026-09-29T02:48:00.665697Z,0.0100,102.24,no
2026-09-29T02:48:00.772138Z,0.0200,24.75,yes
2026-09-29T02:48:00.789651Z,0.0200,467.90,yes
2026-09-29T02:48:00.813422Z,0.0200,140.37,yes
2026-09-29T02:48:00.912547Z,0.0200,23.39,yes
2026-09-29T02:48:01.215685Z,0.0100,76.00,no
2026-09-29T02:48:01.244669Z,0.0200,233.95,yes
2026-09-29T02:48:01.37763Z,0.0200,49.75,yes
2026-09-29T02:48:01.409386Z,0.0200,46.79,yes
2026-09-29T02:48:01.504725Z,0.0200,93.58,yes
2026-09-29T02:48:01.517805Z,0.0100,4.51,no
2026-09-29T02:48:01.517856Z,0.0200,84.69,yes
2026-09-29T02:48:01.557635Z,0.0100,16697.08,no
2026-09-29T02:48:01.657709Z,0.0200,467.90,yes
2026-09-29T02:48:01.667477Z,0.0200,0.46,yes
2026-09-29T02:48:01.768001Z,0.0100,441.43,no
2026-09-29T02:48:01.851623Z,0.0200,46.79,yes
2026-09-29T02:48:01.852033Z,0.0200,233.95,yes
2026-09-29T02:48:02.084876Z,0.0200,449.18,yes
2026-09-29T02:48:02.135087Z,0.0200,233.95,yes
2026-09-29T02:48:02.220705Z,0.0200,93.58,yes
2026-09-29T02:48:02.264351Z,0.0200,140.37,yes
2026-09-29T02:48:02.27894Z,0.0200,1169.75,yes
2026-09-29T02:48:02.287482Z,0.0200,46.79,yes
2026-09-29T02:48:02.329677Z,0.0200,46.79,yes
2026-09-29T02:48:02.487673Z,0.0200,76.26,yes
2026-09-29T02:48:02.488413Z,0.0200,233.95,yes
2026-09-29T02:48:02.513483Z,0.0200,4.67,yes
2026-09-29T02:48:02.544221Z,0.0200,140.37,yes
2026-09-29T02:48:02.670919Z,0.0200,250.00,yes
2026-09-29T02:48:02.744983Z,0.0200,935.80,yes
2026-09-29T02:48:02.779806Z,0.0200,318.17,yes
2026-09-29T02:48:02.817155Z,0.0200,233.95,yes
2026-09-29T02:48:02.911355Z,0.0100,42.78,no
2026-09-29T02:48:03.010784Z,0.0100,41.25,no
2026-09-29T02:48:03.016482Z,0.0200,21.99,yes
2026-09-29T02:48:03.021756Z,0.0200,842.22,yes
2026-09-29T02:48:03.091881Z,0.0200,46.79,yes
2026-09-29T02:48:03.14042Z,0.0200,467.90,yes
2026-09-29T02:48:03.1848Z,0.0200,124.75,yes
2026-09-29T02:48:03.249549Z,0.0100,1.47,no
2026-09-29T02:48:03.291608Z,0.0200,467.90,yes
2026-09-29T02:48:03.458566Z,0.0200,586.74,yes
2026-09-29T02:48:03.518204Z,0.0200,467.90,yes
2026-09-29T02:48:03.552377Z,0.0200,467.90,yes
2026-09-29T02:48:03.604997Z,0.0200,93.58,yes
2026-09-29T02:48:03.65472Z,0.0200,233.95,yes
2026-09-29T02:48:03.699304Z,0.0200,1.50,yes
2026-09-29T02:48:03.822408Z,0.0200,140.37,yes
2026-09-29T02:48:03.954552Z,0.0200,280.74,yes
2026-09-29T02:48:04.18031Z,0.0200,350.92,yes
2026-09-29T02:48:04.264509Z,0.0200,935.80,yes
2026-09-29T02:48:04.625212Z,0.0200,21.99,yes
2026-09-29T02:48:04.812782Z,0.0100,778.95,no
2026-09-29T02:48:04.973866Z,0.0100,31.07,no
2026-09-29T02:48:05.174735Z,0.0100,119.64,no
2026-09-29T02:48:05.286776Z,0.0200,46.79,yes
2026-09-29T02:48:05.314824Z,0.0100,41.25,no
2026-09-29T02:48:05.432487Z,0.0200,100.00,yes
2026-09-29T02:48:05.537149Z,0.0200,46.79,yes
2026-09-29T02:48:05.590228Z,0.0200,313.02,yes
2026-09-29T02:48:05.855772Z,0.0200,37.43,yes
2026-09-29T02:48:05.928955Z,0.0200,79.54,yes
2026-09-29T02:48:05.965892Z,0.0200,6.55,yes
2026-09-29T02:48:06.09161Z,0.0200,1169.75,yes
2026-09-29T02:48:06.190756Z,0.0200,93.58,yes
2026-09-29T02:48:06.234332Z,0.0200,93.58,yes
2026-09-29T02:48:06.371443Z,0.0200,499.75,yes
2026-09-29T02:48:06.452275Z,0.0200,701.85,yes
2026-09-29T02:48:06.519142Z,0.0200,467.90,yes
2026-09-29T02:48:06.725962Z,0.0200,46.79,yes
2026-09-29T02:48:06.886882Z,0.0100,3.76,no
2026-09-29T02:48:07.113581Z,0.0100,8282.76,no
2026-09-29T02:48:07.236469Z,0.0100,991.10,no
2026-09-29T02:48:07.266616Z,0.0200,233.95,yes
2026-09-29T02:48:07.278462Z,0.0200,140.37,yes
2026-09-29T02:48:07.342984Z,0.0200,1000.00,yes
2026-09-29T02:48:07.535521Z,0.0200,467.90,yes
2026-09-29T02:48:07.563526Z,0.0200,111.00,yes
2026-09-29T02:48:07.567421Z,0.0200,46.79,yes
2026-09-29T02:48:07.828012Z,0.0100,29.59,no
2026-09-29T02:48:07.840445Z,0.0100,113.58,no
2026-09-29T02:48:07.870888Z,0.0200,467.90,yes
2026-09-29T02:48:07.894018Z,0.0200,187.16,yes
2026-09-29T02:48:08.041342Z,0.0200,233.95,yes
2026-09-29T02:48:08.07694Z,0.0200,46.79,yes
2026-09-29T02:48:08.144846Z,0.0100,30.03,no
2026-09-29T02:48:08.198851Z,0.0100,19.11,no
2026-09-29T02:48:08.391324Z,0.0200,100000.00,yes
2026-09-29T02:48:08.42412Z,0.0200,24.33,yes
2026-09-29T02:48:08.534132Z,0.0200,46.79,yes
2026-09-29T02:48:08.552727Z,0.0200,233.95,yes
2026-09-29T02:48:08.631892Z,0.0200,140.37,yes
2026-09-29T02:48:08.677931Z,0.0200,6.08,yes
2026-09-29T02:48:08.71172Z,0.0200,31.95,yes
2026-09-29T02:48:08.716493Z,0.0200,233.95,yes
2026-09-29T02:48:08.717276Z,0.0100,67.68,no
2026-09-29T02:48:08.745508Z,0.0200,10.76,yes
2026-09-29T02:48:08.818221Z,0.0100,563.83,no
2026-09-29T02:48:08.82781Z,0.0200,233.95,yes
2026-09-29T02:48:08.936984Z,0.0100,8.23,no
2026-09-29T02:48:09.005504Z,0.0200,66.90,yes
2026-09-29T02:48:09.005504Z,0.0200,400.00,yes
2026-09-29T02:48:09.005504Z,0.0200,1.00,yes
2026-09-29T02:48:09.259476Z,0.0200,140.37,yes
2026-09-29T02:48:09.274972Z,0.0200,383.07,yes
2026-09-29T02:48:09.274972Z,0.0200,10.00,yes
2026-09-29T02:48:09.274972Z,0.0200,542.73,yes
2026-09-29T02:48:09.360488Z,0.0200,93.58,yes
2026-09-29T02:48:09.399127Z,0.0100,18.60,no
2026-09-29T02:48:09.415312Z,0.0200,0.46,yes
2026-09-29T02:48:09.571516Z,0.0100,41.25,no
2026-09-29T02:48:09.646496Z,0.0200,467.90,yes
2026-09-29T02:48:09.711581Z,0.0200,93.58,yes
2026-09-29T02:48:09.824707Z,0.0200,233.95,yes
2026-09-29T02:48:09.846382Z,0.0200,6.55,yes
2026-09-29T02:48:10.22852Z,0.0100,495.47,no
2026-09-29T02:48:10.306569Z,0.0200,935.80,yes
2026-09-29T02:48:10.311048Z,0.0200,46.79,yes
2026-09-29T02:48:10.560655Z,0.0100,44.74,no
2026-09-29T02:48:10.572715Z,0.0200,100.13,yes
2026-09-29T02:48:10.595515Z,0.0200,46.79,yes
2026-09-29T02:48:10.64245Z,0.0200,93.58,yes
2026-09-29T02:48:10.75759Z,0.0200,280.74,yes
2026-09-29T02:48:10.823713Z,0.0100,206.01,no
2026-09-29T02:48:10.827943Z,0.0200,233.95,yes
2026-09-29T02:48:10.831195Z,0.0200,4679.01,yes
2026-09-29T02:48:10.911866Z,0.0200,9.35,yes
2026-09-29T02:48:11.080048Z,0.0100,750.83,no
2026-09-29T02:48:11.145031Z,0.0200,1169.75,yes
2026-09-29T02:48:11.35527Z,0.0200,46.79,yes
2026-09-29T02:48:11.569047Z,0.0100,8.23,no
2026-09-29T02:48:11.591949Z,0.0200,608.27,yes
2026-09-29T02:48:11.667628Z,0.0100,73.98,no
2026-09-29T02:48:11.69488Z,0.0200,46.79,yes
2026-09-29T02:48:11.696354Z,0.0200,467.90,yes
2026-09-29T02:48:11.711752Z,0.0100,24.71,no
2026-09-29T02:48:11.822634Z,0.0100,6.37,no
2026-09-29T02:48:11.892039Z,0.0100,7.29,no
2026-09-29T02:48:11.892223Z,0.0100,83.24,no
2026-09-29T02:48:11.921696Z,0.0200,93.58,yes
2026-09-29T02:48:12.018158Z,0.0200,2.00,yes
2026-09-29T02:48:12.107433Z,0.0200,93.58,yes
2026-09-29T02:48:12.205614Z,0.0200,191.83,yes
2026-09-29T02:48:12.278556Z,0.0100,2824.42,no
2026-09-29T02:48:12.374126Z,0.0200,46.79,yes
2026-09-29T02:48:12.458075Z,0.0200,233.95,yes
2026-09-29T02:48:12.620941Z,0.0200,233.95,yes
2026-09-29T02:48:12.62774Z,0.0200,44.45,yes
2026-09-29T02:48:12.672898Z,0.0200,46.79,yes
2026-09-29T02:48:12.674859Z,0.0200,233.50,yes
2026-09-29T02:48:12.845912Z,0.0200,233.95,yes
2026-09-29T02:48:12.931426Z,0.0200,0.46,yes
2026-09-29T02:48:12.950252Z,0.0200,13.56,yes
2026-09-29T02:48:13.283933Z,0.0200,80.01,yes
2026-09-29T02:48:13.315482Z,0.0200,406.87,yes
2026-09-29T02:48:13.315482Z,0.0200,61.03,yes
2026-09-29T02:48:13.494227Z,0.0200,116.97,yes
2026-09-29T02:48:13.613511Z,0.0200,233.95,yes
2026-09-29T02:48:13.945137Z,0.0100,45.12,no
2026-09-29T02:48:13.969582Z,0.0200,32.75,yes
2026-09-29T02:48:13.983954Z,0.0200,93.50,yes
2026-09-29T02:48:14.065022Z,0.0200,233.95,yes
2026-09-29T02:48:14.152716Z,0.0200,233.95,yes
2026-09-29T02:48:14.166348Z,0.0200,1030.28,yes
2026-09-29T02:48:14.166348Z,0.0200,14.79,yes
2026-09-29T02:48:14.166348Z,0.0200,193.67,yes
2026-09-29T02:48:14.166348Z,0.0200,1100.76,yes
2026-09-29T02:48:14.34835Z,0.0100,1.47,no
2026-09-29T02:48:14.383442Z,0.0200,3.04,yes
2026-09-29T02:48:14.383442Z,0.0200,4.51,yes
2026-09-29T02:48:14.383442Z,0.0200,2.00,yes
2026-09-29T02:48:14.383442Z,0.0200,26.07,yes
2026-09-29T02:48:14.383442Z,0.0200,234.21,yes
2026-09-29T02:48:14.383442Z,0.0200,105.17,yes
2026-09-29T02:48:14.660228Z,0.0200,34.49,yes
2026-09-29T02:48:14.660228Z,0.0200,12.30,yes
2026-09-29T02:48:14.726195Z,0.0200,93.58,yes
2026-09-29T02:48:14.728454Z,0.0200,46.79,yes
2026-09-29T02:48:14.734267Z,0.0200,233.95,yes
2026-09-29T02:48:14.804201Z,0.0200,6.00,yes
2026-09-29T02:48:14.953623Z,0.0200,140.37,yes
2026-09-29T02:48:14.958647Z,0.0100,22.56,no
2026-09-29T02:48:15.023648Z,0.0100,21.97,no
2026-09-29T02:48:15.039488Z,0.0200,27.60,yes
2026-09-29T02:48:15.140848Z,0.0200,26.01,yes
2026-09-29T02:48:15.140848Z,0.0200,20.31,yes
2026-09-29T02:48:15.21275Z,0.0200,23.39,yes
2026-09-29T02:48:15.261167Z,0.0200,23.17,yes
2026-09-29T02:48:15.261167Z,0.0200,23.62,yes
2026-09-29T02:48:15.435307Z,0.0200,9.66,yes
2026-09-29T02:48:15.435307Z,0.0200,29.79,yes
2026-09-29T02:48:15.435307Z,0.0200,4.71,yes
2026-09-29T02:48:15.435307Z,0.0200,13.31,yes
2026-09-29T02:48:15.435307Z,0.0200,61.88,yes
2026-09-29T02:48:15.435307Z,0.0200,15.24,yes
2026-09-29T02:48:15.435307Z,0.0200,22.50,yes
2026-09-29T02:48:15.435307Z,0.0200,19.16,yes
2026-09-29T02:48:15.435307Z,0.0200,38.10,yes
2026-09-29T02:48:15.435307Z,0.0200,124.11,yes
2026-09-29T02:48:15.435307Z,0.0200,113.89,yes
2026-09-29T02:48:15.435307Z,0.0200,7.62,yes
2026-09-29T02:48:15.435307Z,0.0200,100.45,yes
2026-09-29T02:48:15.435307Z,0.0200,153.85,yes
2026-09-29T02:48:15.435307Z,0.0200,30.48,yes
2026-09-29T02:48:15.435307Z,0.0200,57.91,yes
2026-09-29T02:48:15.435307Z,0.0200,1.25,yes
2026-09-29T02:48:15.435307Z,0.0200,102.24,yes
2026-09-29T02:48:15.435307Z,0.0200,76.00,yes
2026-09-29T02:48:15.435307Z,0.0200,183.09,yes
2026-09-29T02:48:15.435307Z,0.0200,4.51,yes
2026-09-29T02:48:15.535005Z,0.0200,125.00,yes
2026-09-29T02:48:15.564148Z,0.0200,71.58,yes
2026-09-29T02:48:15.576242Z,0.0200,46.79,yes
2026-09-29T02:48:15.605369Z,0.0200,467.90,yes
2026-09-29T02:48:15.6942Z,0.0200,233.95,yes
2026-09-29T02:48:15.741617Z,0.0100,150.16,no
2026-09-29T02:48:15.756251Z,0.0100,96.19,no
2026-09-29T02:48:15.756458Z,0.0200,233.95,yes
2026-09-29T02:48:15.823497Z,0.0100,6.00,no
2026-09-29T02:48:15.946352Z,0.0100,19.56,no
2026-09-29T02:48:16.152805Z,0.0100,701.85,no
2026-09-29T02:48:16.199426Z,0.0200,46.79,yes
2026-09-29T02:48:16.252756Z,0.0200,46.79,yes
2026-09-29T02:48:16.472861Z,0.0100,20.62,no
2026-09-29T02:48:16.48299Z,0.0100,18.26,no
2026-09-29T02:48:16.485344Z,0.0200,467.90,yes
2026-09-29T02:48:16.487417Z,0.0200,46.79,yes
2026-09-29T02:48:16.518728Z,0.0200,187.16,yes
2026-09-29T02:48:16.520662Z,0.0100,205.15,no
2026-09-29T02:48:16.546774Z,0.0200,641.96,yes
2026-09-29T02:48:16.722432Z,0.0200,46.79,yes
2026-09-29T02:48:16.763802Z,0.0200,46.79,yes
2026-09-29T02:48:16.787013Z,0.0200,280.74,yes
2026-09-29T02:48:16.84538Z,0.0200,233.95,yes
2026-09-29T02:48:17.006334Z,0.0100,1956.20,no
2026-09-29T02:48:17.00994Z,0.0200,467.90,yes
2026-09-29T02:48:17.17754Z,0.0200,46.79,yes
2026-09-29T02:48:17.239371Z,0.0200,467.90,yes
2026-09-29T02:48:17.242488Z,0.0200,46.79,yes
2026-09-29T02:48:17.266307Z,0.0200,233.95,yes
2026-09-29T02:48:17.276847Z,0.0200,467.90,yes
2026-09-29T02:48:17.284173Z,0.0200,2339.50,yes
2026-09-29T02:48:17.345851Z,0.0100,448.08,no
2026-09-29T02:48:17.407892Z,0.0200,60.82,yes
2026-09-29T02:48:17.537868Z,0.0200,233.95,yes
2026-09-29T02:48:17.630627Z,0.0200,233.95,yes
2026-09-29T02:48:17.697193Z,0.0200,22.00,yes
2026-09-29T02:48:17.780129Z,0.0200,935.80,yes
2026-09-29T02:48:17.874465Z,0.0200,32.75,yes
2026-09-29T02:48:17.921331Z,0.0200,46.79,yes
2026-09-29T02:48:18.151358Z,0.0200,93.58,yes
2026-09-29T02:48:18.154795Z,0.0200,23.39,yes
2026-09-29T02:48:18.215361Z,0.0100,343.34,no
2026-09-29T02:48:18.296895Z,0.0100,270.11,no
2026-09-29T02:48:18.360383Z,0.0200,46.79,yes
2026-09-29T02:48:18.37449Z,0.0200,46.79,yes
2026-09-29T02:48:18.405086Z,0.0200,500.00,yes
2026-09-29T02:48:18.430733Z,0.0200,1122.96,yes
2026-09-29T02:48:18.477238Z,0.0200,46.79,yes
2026-09-29T02:48:18.549852Z,0.0200,16.37,yes
2026-09-29T02:48:18.562845Z,0.0200,46.79,yes
2026-09-29T02:48:18.640807Z,0.0100,91.81,no
2026-09-29T02:48:18.70942Z,0.0200,233.95,yes
2026-09-29T02:48:19.030297Z,0.0200,93.58,yes
2026-09-29T02:48:19.043516Z,0.0200,1169.75,yes
2026-09-29T02:48:19.260462Z,0.0100,123.76,no
2026-09-29T02:48:19.47869Z,0.0200,233.95,yes
2026-09-29T02:48:19.575093Z,0.0200,46.79,yes
2026-09-29T02:48:19.92247Z,0.0200,16.37,yes
2026-09-29T02:48:19.923533Z,0.0200,264.36,yes
2026-09-29T02:48:19.98261Z,0.0100,24.12,no
2026-09-29T02:48:20.068044Z,0.0200,200.00,yes
2026-09-29T02:48:20.084668Z,0.0200,467.90,yes
2026-09-29T02:48:20.19088Z,0.0200,206.34,yes
2026-09-29T02:48:20.216076Z,0.0200,500.00,yes
2026-09-29T02:48:20.301628Z,0.0100,1.86,no
2026-09-29T02:48:20.327123Z,0.0200,467.90,yes
2026-09-29T02:48:20.336305Z,0.0100,121.26,no
2026-09-29T02:48:20.37148Z,0.0200,467.90,yes
2026-09-29T02:48:20.43908Z,0.0200,1169.75,yes
2026-09-29T02:48:20.494736Z,0.0100,150.16,no
2026-09-29T02:48:20.510901Z,0.0200,63.58,yes
2026-09-29T02:48:20.510901Z,0.0200,170.37,yes
2026-09-29T02:48:20.539651Z,0.0200,46.79,yes
2026-09-29T02:48:20.572511Z,0.0200,93.58,yes
2026-09-29T02:48:20.769862Z,0.0200,233.95,yes
2026-09-29T02:48:20.874285Z,0.0200,3.53,yes
2026-09-29T02:48:20.874285Z,0.0200,42.78,yes
2026-09-29T02:48:20.874285Z,0.0200,0.48,yes
2026-09-29T02:48:20.890856Z,0.0200,26.20,yes
2026-09-29T02:48:20.920046Z,0.0200,19.05,yes
2026-09-29T02:48:20.920046Z,0.0200,1.47,yes
2026-09-29T02:48:20.920046Z,0.0200,14.57,yes
2026-09-29T02:48:20.920495Z,0.0200,233.95,yes
2026-09-29T02:48:21.067701Z,0.0200,31.07,yes
2026-09-29T02:48:21.067701Z,0.0200,525.95,yes
2026-09-29T02:48:21.067701Z,0.0200,41.25,yes
2026-09-29T02:48:21.067701Z,0.0200,119.64,yes
2026-09-29T02:48:21.067701Z,0.0200,3.76,yes
2026-09-29T02:48:21.067701Z,0.0200,214.13,yes
2026-09-29T02:48:21.077065Z,0.0100,7.39,no
2026-09-29T02:48:21.244165Z,0.0200,260.15,yes
2026-09-29T02:48:21.39792Z,0.0200,70.18,yes
2026-09-29T02:48:21.410648Z,0.0100,23.79,no
2026-09-29T02:48:21.468945Z,0.0100,60.96,no
2026-09-29T02:48:21.556378Z,0.0100,14.47,no
2026-09-29T02:48:21.653177Z,0.0100,23.42,no
2026-09-29T02:48:21.739589Z,0.0200,124.75,yes
2026-09-29T02:48:21.760312Z,0.0200,233.95,yes
2026-09-29T02:48:21.876188Z,0.0200,517.26,yes
2026-09-29T02:48:21.876873Z,0.0200,520.14,yes
2026-09-29T02:48:21.887167Z,0.0200,517.26,yes
2026-09-29T02:48:21.894703Z,0.0200,46.79,yes
2026-09-29T02:48:21.895903Z,0.0200,517.26,yes
2026-09-29T02:48:21.90559Z,0.0200,517.26,yes
2026-09-29T02:48:21.907081Z,0.0200,517.26,yes
2026-09-29T02:48:21.917511Z,0.0200,517.26,yes
2026-09-29T02:48:21.925016Z,0.0200,517.26,yes
2026-09-29T02:48:21.932594Z,0.0200,467.90,yes
2026-09-29T02:48:21.933764Z,0.0200,517.26,yes
2026-09-29T02:48:21.938742Z,0.0200,160.14,yes
2026-09-29T02:48:21.954133Z,0.0200,7.01,yes
2026-09-29T02:48:22.045665Z,0.0200,233.95,yes
2026-09-29T02:48:22.11158Z,0.0100,8.81,no
2026-09-29T02:48:22.304136Z,0.0200,86.61,yes
2026-09-29T02:48:22.478308Z,0.0200,233.95,yes
2026-09-29T02:48:22.553478Z,0.0100,36.99,no
2026-09-29T02:48:22.594742Z,0.0200,233.95,yes
2026-09-29T02:48:22.607425Z,0.0100,152.40,no
2026-09-29T02:48:22.66302Z,0.0100,193.23,no
2026-09-29T02:48:22.690616Z,0.0100,7.39,no
2026-09-29T02:48:22.704818Z,0.0200,467.90,yes
2026-09-29T02:48:22.896365Z,0.0100,23.62,no
2026-09-29T02:48:22.909989Z,0.0200,46.79,yes
2026-09-29T02:48:22.949695Z,0.0200,233.95,yes
2026-09-29T02:48:23.067526Z,0.0200,46.79,yes
2026-09-29T02:48:23.766029Z,0.0200,49.75,yes
2026-09-29T02:48:23.767634Z,0.0200,3.74,yes
2026-09-29T02:48:23.802203Z,0.0200,79.76,yes
2026-09-29T02:48:23.856116Z,0.0100,30.48,no
2026-09-29T02:48:23.859469Z,0.0200,322.40,yes
2026-09-29T02:48:23.859469Z,0.0200,145.50,yes
2026-09-29T02:48:23.860859Z,0.0200,60.61,yes
2026-09-29T02:48:23.860859Z,0.0200,845.60,yes
2026-09-29T02:48:23.860859Z,0.0200,29.59,yes
2026-09-29T02:48:24.023796Z,0.0100,7.39,no
2026-09-29T02:48:24.12339Z,0.0200,124.10,yes
2026-09-29T02:48:24.12339Z,0.0200,41.25,yes
2026-09-29T02:48:24.12339Z,0.0200,10.00,yes
2026-09-29T02:48:24.12339Z,0.0200,18.60,yes
2026-09-29T02:48:24.12339Z,0.0200,67.68,yes
2026-09-29T02:48:24.12339Z,0.0200,19.11,yes
2026-09-29T02:48:24.12339Z,0.0200,8.23,yes
2026-09-29T02:48:24.12339Z,0.0200,30.03,yes
2026-09-29T02:48:24.12339Z,0.0200,563.83,yes
2026-09-29T02:48:24.12339Z,0.0200,52.97,yes
2026-09-29T02:48:24.344815Z,0.0100,16.74,no
2026-09-29T02:48:24.356614Z,0.0200,46.79,yes
2026-09-29T02:48:24.611549Z,0.0200,93.58,yes
2026-09-29T02:48:24.699247Z,0.0200,2.33,yes
2026-09-29T02:48:24.760989Z,0.0200,187.16,yes
2026-09-29T02:48:24.790973Z,0.0200,33.00,yes
2026-09-29T02:48:25.132681Z,0.0200,109.08,yes
2026-09-29T02:48:25.132681Z,0.0200,13.04,yes
2026-09-29T02:48:25.147181Z,0.0100,234.25,no
2026-09-29T02:48:25.275778Z,0.0200,46.79,yes
2026-09-29T02:48:25.330414Z,0.0200,645.04,yes
2026-09-29T02:48:25.330414Z,0.0200,44.74,yes
2026-09-29T02:48:25.330414Z,0.0200,339.60,yes
2026-09-29T02:48:25.337895Z,0.0200,104.96,yes
2026-09-29T02:48:25.337895Z,0.0200,362.94,yes
2026-09-29T02:48:25.60623Z,0.0200,93.58,yes
2026-09-29T02:48:25.724782Z,0.0100,27.60,no
2026-09-29T02:48:25.796388Z,0.0200,93.58,yes
2026-09-29T02:48:25.810042Z,0.0200,93.58,yes
2026-09-29T02:48:25.816778Z,0.0200,68.78,yes
2026-09-29T02:48:25.955977Z,0.0200,46.50,yes
2026-09-29T02:48:26.016532Z,0.0200,327.53,yes
2026-09-29T02:48:26.111017Z,0.0100,298.73,no
2026-09-29T02:48:26.284169Z,0.0200,34.62,yes
2026-09-29T02:48:26.332565Z,0.0100,20.71,no
2026-09-29T02:48:26.360301Z,0.0200,9.25,yes
2026-09-29T02:48:26.52568Z,0.0200,93.58,yes
2026-09-29T02:48:26.544864Z,0.0200,333.14,yes
2026-09-29T02:48:26.58884Z,0.0200,24.75,yes
2026-09-29T02:48:26.686666Z,0.0200,93.58,yes
2026-09-29T02:48:26.800475Z,0.0200,117.36,yes
2026-09-29T02:48:26.891292Z,0.0200,46.79,yes
2026-09-29T02:48:26.953129Z,0.0200,9.35,yes
2026-09-29T02:48:26.955825Z,0.0200,93.58,yes
2026-09-29T02:48:26.959939Z,0.0100,97.06,no
2026-09-29T02:48:26.996056Z,0.0100,54.80,no
2026-09-29T02:48:27.071377Z,0.0200,233.95,yes
2026-09-29T02:48:27.075864Z,0.0200,517.26,yes
2026-09-29T02:48:27.076494Z,0.0200,517.26,yes
2026-09-29T02:48:27.076529Z,0.0200,513.00,yes
2026-09-29T02:48:27.08127Z,0.0100,70.81,no
2026-09-29T02:48:27.142212Z,0.0200,233.95,yes
2026-09-29T02:48:27.208213Z,0.0200,98.28,yes
2026-09-29T02:48:27.208213Z,0.0200,42.09,yes
2026-09-29T02:48:27.284368Z,0.0200,107.73,yes
2026-09-29T02:48:27.284368Z,0.0200,3.27,yes
2026-09-29T02:48:27.320397Z,0.0200,233.95,yes
2026-09-29T02:48:27.374815Z,0.0200,935.80,yes
2026-09-29T02:48:27.433749Z,0.0200,100.13,yes
2026-09-29T02:48:27.476914Z,0.0200,1169.75,yes
2026-09-29T02:48:27.524396Z,0.0200,125.00,yes
2026-09-29T02:48:27.674524Z,0.0200,4.67,yes
2026-09-29T02:48:27.68291Z,0.0200,222.00,yes
2026-09-29T02:48:27.807193Z,0.0100,225.58,no
2026-09-29T02:48:27.865757Z,0.0200,517.26,yes
2026-09-29T02:48:27.867236Z,0.0200,333.95,yes
2026-09-29T02:48:27.867236Z,0.0200,688.17,yes
2026-09-29T02:48:27.90599Z,0.0200,93.50,yes
2026-09-29T02:48:28.010245Z,0.0200,323.38,yes
2026-09-29T02:48:28.010245Z,0.0200,6.37,yes
2026-09-29T02:48:28.010245Z,0.0200,8.23,yes
2026-09-29T02:48:28.010245Z,0.0200,7.29,yes
2026-09-29T02:48:28.010245Z,0.0200,73.98,yes
2026-09-29T02:48:28.010245Z,0.0200,62.16,yes
2026-09-29T02:48:28.010245Z,0.0200,24.71,yes
2026-09-29T02:48:28.02865Z,0.0200,496.18,yes
2026-09-29T02:48:28.02865Z,0.0200,21.08,yes
2026-09-29T02:48:28.038158Z,0.0200,1016.44,yes
2026-09-29T02:48:28.093549Z,0.0100,396.58,no
2026-09-29T02:48:28.150911Z,0.0200,24.00,yes
2026-09-29T02:48:28.364727Z,0.0200,233.95,yes
2026-09-29T02:48:28.48335Z,0.0200,46.79,yes
2026-09-29T02:48:28.669726Z,0.0200,0.46,yes
2026-09-29T02:48:28.778411Z,0.0200,624.75,yes
2026-09-29T02:48:28.983135Z,0.0200,1.47,yes
2026-09-29T02:48:28.983135Z,0.0200,750.00,yes
2026-09-29T02:48:28.983135Z,0.0200,750.00,yes
2026-09-29T02:48:28.983135Z,0.0200,1083.57,yes
2026-09-29T02:48:28.983135Z,0.0200,1667.00,yes
2026-09-29T02:48:28.983135Z,0.0200,45.12,yes
2026-09-29T02:48:28.983135Z,0.0200,381.85,yes
2026-09-29T02:48:28.990344Z,0.0200,467.90,yes
2026-09-29T02:48:29.028992Z,0.0200,467.90,yes
2026-09-29T02:48:29.116532Z,0.0100,591.04,no
2026-09-29T02:48:29.12043Z,0.0200,701.85,yes
2026-09-29T02:48:29.151057Z,0.0200,46.79,yes
2026-09-29T02:48:29.151987Z,0.0100,30.48,no
2026-09-29T02:48:29.159305Z,0.0200,46.79,yes
2026-09-29T02:48:29.337301Z,0.0200,1169.75,yes
2026-09-29T02:48:29.33958Z,0.0100,1444.71,no
2026-09-29T02:48:29.365171Z,0.0200,93.58,yes
2026-09-29T02:48:29.498432Z,0.0200,509.24,yes
2026-09-29T02:48:29.503842Z,0.0200,512.30,yes
2026-09-29T02:48:29.509973Z,0.0200,1023.22,yes
2026-09-29T02:48:29.520283Z,0.0200,2.20,yes
2026-09-29T02:48:29.545476Z,0.0200,467.90,yes
2026-09-29T02:48:29.576321Z,0.0100,498.04,no
2026-09-29T02:48:29.842267Z,0.0200,1169.75,yes
2026-09-29T02:48:29.844434Z,0.0200,467.90,yes
2026-09-29T02:48:29.846683Z,0.0200,187.16,yes
2026-09-29T02:48:29.88496Z,0.0100,58.78,no
2026-09-29T02:48:30.248905Z,0.0200,1169.75,yes
2026-09-29T02:48:30.258078Z,0.0200,508.84,yes
2026-09-29T02:48:30.262054Z,0.0200,514.69,yes
2026-09-29T02:48:30.283962Z,0.0200,1023.22,yes
2026-09-29T02:48:30.28467Z,0.0200,511.86,yes
2026-09-29T02:48:30.68223Z,0.0200,46.79,yes
2026-09-29T02:48:30.682836Z,0.0200,4679.01,yes
2026-09-29T02:48:30.928828Z,0.0200,761.74,yes
2026-09-29T02:48:30.98717Z,0.0200,140.37,yes
2026-09-29T02:48:30.995606Z,0.0200,978.58,yes
2026-09-29T02:48:31.022101Z,0.0200,467.90,yes
2026-09-29T02:48:31.048463Z,0.0200,4582.45,yes
2026-09-29T02:48:31.048463Z,0.0200,96.56,yes
2026-09-29T02:48:31.091195Z,0.0200,375.00,yes
2026-09-29T02:48:31.125563Z,0.0200,467.90,yes
2026-09-29T02:48:31.131723Z,0.0200,407.36,yes
2026-09-29T02:48:31.131723Z,0.0200,60.54,yes
2026-09-29T02:48:31.188567Z,0.0200,467.90,yes
2026-09-29T02:48:31.188696Z,0.0100,1.52,no
2026-09-29T02:48:31.327866Z,0.0100,5702.57,no
2026-09-29T02:48:31.332504Z,0.0200,187.16,yes
2026-09-29T02:48:31.530028Z,0.0100,6.18,no
2026-09-29T02:48:31.583759Z,0.0200,1544.07,yes
2026-09-29T02:48:31.59162Z,0.0200,101.06,yes
2026-09-29T02:48:31.619845Z,0.0100,29.59,no
2026-09-29T02:48:31.703192Z,0.0200,46.79,yes
2026-09-29T02:48:31.859989Z,0.0200,2339.50,yes
2026-09-29T02:48:31.904607Z,0.0200,233.95,yes
2026-09-29T02:48:32.02856Z,0.0200,93.58,yes
2026-09-29T02:48:32.184744Z,0.0200,935.80,yes
2026-09-29T02:48:32.391416Z,0.0100,41.67,no
2026-09-29T02:48:32.446898Z,0.0200,233.95,yes
2026-09-29T02:48:32.448843Z,0.0200,467.90,yes
2026-09-29T02:48:32.47301Z,0.0100,20.78,no
2026-09-29T02:48:32.795326Z,0.0200,233.95,yes
2026-09-29T02:48:32.811134Z,0.0100,190.24,no
2026-09-29T02:48:32.898683Z,0.0200,4679.01,yes
2026-09-29T02:48:32.915008Z,0.0200,1169.75,yes
2026-09-29T02:48:33.117841Z,0.0200,233.95,yes
2026-09-29T02:48:33.142874Z,0.0200,81.41,yes
2026-09-29T02:48:33.764442Z,0.0200,467.90,yes
2026-09-29T02:48:33.831381Z,0.0200,187.16,yes
2026-09-29T02:48:33.980317Z,0.0200,130.54,yes
2026-09-29T02:48:33.994798Z,0.0200,15.44,yes
2026-09-29T02:48:34.036148Z,0.0200,140.37,yes
2026-09-29T02:48:34.153777Z,0.0100,1009.39,no
2026-09-29T02:48:34.186313Z,0.0100,44.82,no
2026-09-29T02:48:34.408202Z,0.0200,46.79,yes
2026-09-29T02:48:34.432197Z,0.0100,54.83,no
2026-09-29T02:48:34.454283Z,0.0200,63.00,yes
2026-09-29T02:48:34.547891Z,0.0200,820.23,yes
2026-09-29T02:48:34.566327Z,0.0100,125.00,no
2026-09-29T02:48:34.649684Z,0.0200,935.80,yes
2026-09-29T02:48:34.699932Z,0.0200,46.79,yes
2026-09-29T02:48:34.842369Z,0.0100,83.55,no
2026-09-29T02:48:34.978547Z,0.0200,3.00,yes
2026-09-29T02:48:35.057894Z,0.0200,566.62,yes
2026-09-29T02:48:35.09161Z,0.0200,155.00,yes
2026-09-29T02:48:35.184741Z,0.0200,4.67,yes
2026-09-29T02:48:35.497016Z,0.0200,467.90,yes
2026-09-29T02:48:35.541897Z,0.0200,46.79,yes
2026-09-29T02:48:35.604119Z,0.0100,15.24,no
2026-09-29T02:48:35.613601Z,0.0200,5000.00,yes
2026-09-29T02:48:35.620926Z,0.0200,467.90,yes
2026-09-29T02:48:35.670955Z,0.0200,233.95,yes
2026-09-29T02:48:35.684098Z,0.0200,93.58,yes
2026-09-29T02:48:35.744695Z,0.0100,421.66,no
2026-09-29T02:48:36.052014Z,0.0100,222.18,no
2026-09-29T02:48:36.052448Z,0.0100,1905.11,no
2026-09-29T02:48:36.086891Z,0.0200,46.79,yes
2026-09-29T02:48:36.091444Z,0.0200,190.43,yes
2026-09-29T02:48:36.38503Z,0.0200,215.26,yes
2026-09-29T02:48:36.38503Z,0.0200,1156.34,yes
2026-09-29T02:48:36.38503Z,0.0200,500.00,yes
2026-09-29T02:48:36.537812Z,0.0200,46.79,yes
2026-09-29T02:48:36.539689Z,0.0200,233.95,yes
2026-09-29T02:48:36.554065Z,0.0100,22.19,no
2026-09-29T02:48:36.631011Z,0.0200,93.58,yes
2026-09-29T02:48:36.746621Z,0.0100,2377.58,no
2026-09-29T02:48:36.755644Z,0.0200,46.79,yes
2026-09-29T02:48:36.786273Z,0.0200,93.58,yes
2026-09-29T02:48:36.839377Z,0.0200,46.79,yes
2026-09-29T02:48:36.977355Z,0.0200,93.58,yes
2026-09-29T02:48:37.212511Z,0.0100,1021.99,no
2026-09-29T02:48:37.337361Z,0.0100,15.24,no
2026-09-29T02:48:37.33996Z,0.0100,12.83,no
2026-09-29T02:48:37.451011Z,0.0100,251.46,no
2026-09-29T02:48:37.594166Z,0.0200,46.79,yes
2026-09-29T02:48:37.715061Z,0.0200,46.79,yes
2026-09-29T02:48:37.967373Z,0.0200,46.79,yes
2026-09-29T02:48:38.120706Z,0.0100,230.13,no
2026-09-29T02:48:38.136928Z,0.0200,46.79,yes
2026-09-29T02:48:38.231636Z,0.0200,125.00,yes
2026-09-29T02:48:38.294985Z,0.0100,33.49,no
2026-09-29T02:48:38.473465Z,0.0200,23.39,yes
2026-09-29T02:48:38.492684Z,0.0100,393.28,no
2026-09-29T02:48:38.588254Z,0.0200,93.58,yes
2026-09-29T02:48:38.755221Z,0.0100,149.75,no
2026-09-29T02:48:38.761361Z,0.0200,233.95,yes
2026-09-29T02:48:39.051968Z,0.0200,467.90,yes
2026-09-29T02:48:39.144053Z,0.0200,23.39,yes
2026-09-29T02:48:39.173425Z,0.0200,4632.22,yes
2026-09-29T02:48:39.262308Z,0.0200,249.75,yes
2026-09-29T02:48:39.379166Z,0.0200,34.00,yes
2026-09-29T02:48:39.533803Z,0.0200,75.33,yes
2026-09-29T02:48:39.588812Z,0.0100,22.86,no
2026-09-29T02:48:39.623375Z,0.0200,1000.00,yes
2026-09-29T02:48:39.76268Z,0.0200,46.79,yes
2026-09-29T02:48:39.788583Z,0.0200,50.00,yes
2026-09-29T02:48:39.846204Z,0.0200,125.00,yes
2026-09-29T02:48:39.862084Z,0.0100,25.15,no
2026-09-29T02:48:39.885218Z,0.0100,572.74,no
2026-09-29T02:48:39.957829Z,0.0200,2.80,yes
2026-09-29T02:48:39.958507Z,0.0200,1169.75,yes
2026-09-29T02:48:40.121774Z,0.0200,233.95,yes
2026-09-29T02:48:40.194631Z,0.0200,467.90,yes
2026-09-29T02:48:40.246268Z,0.0200,1.87,yes
2026-09-29T02:48:40.523528Z,0.0200,233.95,yes
2026-09-29T02:48:40.527666Z,0.0200,2620.25,yes
2026-09-29T02:48:40.779729Z,0.0100,59.90,no
2026-09-29T02:48:40.995445Z,0.0200,233.95,yes
2026-09-29T02:48:41.036112Z,0.0200,327.53,yes
2026-09-29T02:48:41.132454Z,0.0100,15.01,no
2026-09-29T02:48:41.370441Z,0.0200,46.79,yes
2026-09-29T02:48:41.389258Z,0.0100,3.40,no
2026-09-29T02:48:41.515768Z,0.0100,482.85,no
2026-09-29T02:48:41.579909Z,0.0200,42.57,yes
2026-09-29T02:48:41.589382Z,0.0200,83.00,yes
2026-09-29T02:48:41.637606Z,0.0200,140.37,yes
2026-09-29T02:48:41.828546Z,0.0200,140.37,yes
2026-09-29T02:48:41.846477Z,0.0200,2339.50,yes
2026-09-29T02:48:41.871933Z,0.0200,233.95,yes
2026-09-29T02:48:41.880985Z,0.0200,1169.75,yes
2026-09-29T02:48:41.941132Z,0.0100,131.34,no
2026-09-29T02:48:42.231115Z,0.0200,93.58,yes
2026-09-29T02:48:42.452209Z,0.0200,93.58,yes
2026-09-29T02:48:42.49876Z,0.0100,6.55,no
2026-09-29T02:48:42.665424Z,0.0200,935.80,yes
2026-09-29T02:48:42.709959Z,0.0100,29.35,no
2026-09-29T02:48:42.807902Z,0.0200,666.08,yes
2026-09-29T02:48:42.807902Z,0.0200,4012.93,yes
2026-09-29T02:48:42.89038Z,0.0200,187.16,yes
2026-09-29T02:48:42.89182Z,0.0200,9.35,yes
2026-09-29T02:48:42.963164Z,0.0100,280.21,no
2026-09-29T02:48:42.970475Z,0.0200,21.05,yes
2026-09-29T02:48:42.987389Z,0.0100,34.50,no
2026-09-29T02:48:43.091929Z,0.0100,655.35,no
2026-09-29T02:48:43.369024Z,0.0200,233.95,yes
2026-09-29T02:48:43.46314Z,0.0100,159.83,no
2026-09-29T02:48:43.485637Z,0.0100,15.24,no
2026-09-29T02:48:43.823079Z,0.0100,555.49,no
2026-09-29T02:48:43.881166Z,0.0200,9358.03,yes
2026-09-29T02:48:43.974995Z,0.0200,23.39,yes
2026-09-29T02:48:44.027586Z,0.0200,46.79,yes
2026-09-29T02:48:44.401459Z,0.0200,46.79,yes
2026-09-29T02:48:44.413069Z,0.0200,1355.51,yes
2026-09-29T02:48:44.425416Z,0.0200,93.58,yes
2026-09-29T02:48:44.551027Z,0.0200,2.33,yes
2026-09-29T02:48:44.863864Z,0.0200,46.79,yes
2026-09-29T02:48:44.870228Z,0.0200,22.19,yes
2026-09-29T02:48:44.870228Z,0.0200,23803.00,yes
2026-09-29T02:48:44.870228Z,0.0200,1905.11,yes
2026-09-29T02:48:44.870228Z,0.0200,222.18,yes
2026-09-29T02:48:44.870228Z,0.0200,2377.58,yes
2026-09-29T02:48:44.870228Z,0.0200,15.24,yes
2026-09-29T02:48:44.870228Z,0.0200,421.66,yes
2026-09-29T02:48:44.870228Z,0.0200,149.75,yes
2026-09-29T02:48:44.870228Z,0.0200,393.28,yes
2026-09-29T02:48:44.870228Z,0.0200,230.13,yes
2026-09-29T02:48:44.870228Z,0.0200,1667.00,yes
2026-09-29T02:48:44.870228Z,0.0200,33.49,yes
2026-09-29T02:48:44.870228Z,0.0200,12.83,yes
2026-09-29T02:48:44.870228Z,0.0200,251.46,yes
2026-09-29T02:48:44.870228Z,0.0200,1021.99,yes
2026-09-29T02:48:44.870228Z,0.0200,15.24,yes
2026-09-29T02:48:44.870228Z,0.0200,59.90,yes
2026-09-29T02:48:44.870228Z,0.0200,22.86,yes
2026-09-29T02:48:44.870228Z,0.0200,572.74,yes
2026-09-29T02:48:44.870228Z,0.0200,25.15,yes
2026-09-29T02:48:44.870228Z,0.0200,29.35,yes
2026-09-29T02:48:44.870228Z,0.0200,6.55,yes
2026-09-29T02:48:44.870228Z,0.0200,20872.49,yes
2026-09-29T02:48:44.870228Z,0.0200,131.34,yes
2026-09-29T02:48:44.870228Z,0.0200,15.01,yes
2026-09-29T02:48:44.870228Z,0.0200,482.85,yes
2026-09-29T02:48:44.870228Z,0.0200,3.40,yes
2026-09-29T02:48:44.870228Z,0.0200,225.58,yes
2026-09-29T02:48:44.870228Z,0.0200,70.81,yes
2026-09-29T02:48:44.870228Z,0.0200,54.80,yes
2026-09-29T02:48:44.870228Z,0.0200,97.06,yes
2026-09-29T02:48:44.870228Z,0.0200,298.73,yes
2026-09-29T02:48:44.870228Z,0.0200,20.71,yes
2026-09-29T02:48:44.870228Z,0.0200,498.04,yes
2026-09-29T02:48:44.870228Z,0.0200,30.48,yes
2026-09-29T02:48:44.870228Z,0.0200,591.04,yes
2026-09-29T02:48:44.870228Z,0.0200,1444.71,yes
2026-09-29T02:48:44.870228Z,0.0200,58.78,yes
2026-09-29T02:48:44.870228Z,0.0200,30.00,yes
2026-09-29T02:48:44.870228Z,0.0200,396.58,yes
2026-09-29T02:48:44.870228Z,0.0200,23803.00,yes
2026-09-29T02:48:44.870228Z,0.0200,6.18,yes
2026-09-29T02:48:44.870228Z,0.0200,29.59,yes
2026-09-29T02:48:44.870228Z,0.0200,1000.00,yes
2026-09-29T02:48:44.870228Z,0.0200,1.52,yes
2026-09-29T02:48:44.870228Z,0.0200,5702.57,yes
2026-09-29T02:48:44.870228Z,0.0200,83.55,yes
2026-09-29T02:48:44.870228Z,0.0200,54.83,yes
2026-09-29T02:48:44.870228Z,0.0200,1009.39,yes
2026-09-29T02:48:44.870228Z,0.0200,44.82,yes
2026-09-29T02:48:44.870228Z,0.0200,125.00,yes
2026-09-29T02:48:44.870228Z,0.0200,190.24,yes
2026-09-29T02:48:44.870228Z,0.0200,20.78,yes
2026-09-29T02:48:44.870228Z,0.0200,5.00,yes
2026-09-29T02:48:44.870228Z,0.0200,41.67,yes
2026-09-29T02:48:44.870228Z,0.0200,123.00,yes
2026-09-29T02:48:44.870228Z,0.0200,24.12,yes
2026-09-29T02:48:44.870228Z,0.0200,123.76,yes
2026-09-29T02:48:44.870228Z,0.0200,91.81,yes
2026-09-29T02:48:44.870228Z,0.0200,270.11,yes
2026-09-29T02:48:44.870228Z,0.0200,343.34,yes
2026-09-29T02:48:44.870228Z,0.0200,7.39,yes
2026-09-29T02:48:44.870228Z,0.0200,3303.00,yes
2026-09-29T02:48:44.870228Z,0.0200,23.42,yes
2026-09-29T02:48:44.870228Z,0.0200,60.96,yes
2026-09-29T02:48:44.870228Z,0.0200,23.79,yes
2026-09-29T02:48:44.870228Z,0.0200,14.47,yes
2026-09-29T02:48:44.870228Z,0.0200,1.86,yes
2026-09-29T02:48:44.870228Z,0.0200,48937.58,yes
2026-09-29T02:48:44.870228Z,0.0200,121.26,yes
2026-09-29T02:48:44.870228Z,0.0200,150.16,yes
2026-09-29T02:48:44.870228Z,0.0200,30.48,yes
2026-09-29T02:48:44.870228Z,0.0200,193.23,yes
2026-09-29T02:48:44.870228Z,0.0200,8.81,yes
2026-09-29T02:48:44.870228Z,0.0200,152.40,yes
2026-09-29T02:48:44.870228Z,0.0200,23.62,yes
2026-09-29T02:48:44.870228Z,0.0200,750.00,yes
2026-09-29T02:48:44.870228Z,0.0200,7.39,yes
2026-09-29T02:48:44.870228Z,0.0200,36.99,yes
2026-09-29T02:48:44.870228Z,0.0200,234.25,yes
2026-09-29T02:48:44.870228Z,0.0200,27.60,yes
2026-09-29T02:48:44.870228Z,0.0200,7.39,yes
2026-09-29T02:48:44.870228Z,0.0200,16.74,yes
2026-09-29T02:48:44.870228Z,0.0200,10.00,yes
2026-09-29T02:48:44.870228Z,0.0200,6.00,yes
2026-09-29T02:48:44.870228Z,0.0200,4000.00,yes
2026-09-29T02:48:44.870228Z,0.0200,96.19,yes
2026-09-29T02:48:44.870228Z,0.0200,150.16,yes
2026-09-29T02:48:44.870228Z,0.0200,4000.00,yes
2026-09-29T02:48:44.870228Z,0.0200,21.97,yes
2026-09-29T02:48:44.870228Z,0.0200,19.56,yes
2026-09-29T02:48:44.870228Z,0.0200,1000.00,yes
2026-09-29T02:48:44.870228Z,0.0200,1000.00,yes
2026-09-29T02:48:44.870228Z,0.0200,23803.00,yes
2026-09-29T02:48:44.870228Z,0.0200,23803.00,yes
2026-09-29T02:48:44.870228Z,0.0200,27000.00,yes
2026-09-29T02:48:44.870228Z,0.0200,23803.00,yes
2026-09-29T02:48:44.870228Z,0.0200,22.56,yes
2026-09-29T02:48:44.870228Z,0.0200,1000.00,yes
2026-09-29T02:48:44.870228Z,0.0200,10000.00,yes
2026-09-29T02:48:44.870228Z,0.0200,23803.00,yes
2026-09-29T02:48:44.870228Z,0.0200,11712.20,yes
2026-09-29T02:48:44.870228Z,0.0200,448.08,yes
2026-09-29T02:48:44.870228Z,0.0200,1956.20,yes
2026-09-29T02:48:44.870228Z,0.0200,701.85,yes
2026-09-29T02:48:44.870228Z,0.0200,205.15,yes
2026-09-29T02:48:44.870228Z,0.0200,20.62,yes
2026-09-29T02:48:44.870228Z,0.0200,185.00,yes
2026-09-29T02:48:44.870228Z,0.0200,18.26,yes
2026-09-29T02:48:44.913019Z,0.0100,369.98,no
2026-09-29T02:48:44.985956Z,0.0200,935.80,yes
2026-09-29T02:48:45.190846Z,0.0100,20.94,no
2026-09-29T02:48:45.350115Z,0.0100,1482.36,no
2026-09-29T02:48:45.419677Z,0.0200,30.08,yes
2026-09-29T02:48:45.419677Z,0.0200,34.50,yes
2026-09-29T02:48:45.419677Z,0.0200,1994.71,yes
2026-09-29T02:48:45.419677Z,0.0200,280.21,yes
2026-09-29T02:48:45.504921Z,0.0200,625.27,yes
2026-09-29T02:48:45.504921Z,0.0200,15.24,yes
2026-09-29T02:48:45.504921Z,0.0200,159.83,yes
2026-09-29T02:48:45.504921Z,0.0200,135.46,yes
2026-09-29T02:48:45.540294Z,0.0100,22.46,no
2026-09-29T02:48:45.802788Z,0.0200,47.87,yes
2026-09-29T02:48:45.802788Z,0.0200,420.03,yes
2026-09-29T02:48:45.917121Z,0.0200,2.33,yes
2026-09-29T02:48:45.960909Z,0.0200,93.58,yes
2026-09-29T02:48:45.983734Z,0.0100,152.40,no
2026-09-29T02:48:46.009891Z,0.0200,124.15,yes
2026-09-29T02:48:46.009891Z,0.0200,6.22,yes
2026-09-29T02:48:46.009891Z,0.0200,10.00,yes
2026-09-29T02:48:46.133737Z,0.0100,394.09,no
2026-09-29T02:48:46.275688Z,0.0200,125.86,yes
2026-09-29T02:48:46.312257Z,0.0200,46.79,yes
2026-09-29T02:48:46.34747Z,0.0200,46.79,yes
2026-09-29T02:48:46.382314Z,0.0100,656.34,no
2026-09-29T02:48:46.442793Z,0.0100,4632.69,no
2026-09-29T02:48:46.524505Z,0.0200,26.39,yes
2026-09-29T02:48:46.524505Z,0.0200,344.61,yes
2026-09-29T02:48:46.643867Z,0.0200,30.41,yes
2026-09-29T02:48:46.894117Z,0.0100,2.95,no
2026-09-29T02:48:46.925634Z,0.0200,46.79,yes
2026-09-29T02:48:46.969195Z,0.0100,152.40,no
2026-09-29T02:48:47.005222Z,0.0100,1.64,no
2026-09-29T02:48:47.1023Z,0.0200,88.00,yes
2026-09-29T02:48:47.1023Z,0.0200,20.94,yes
2026-09-29T02:48:47.1023Z,0.0200,274.00,yes
2026-09-29T02:48:47.1023Z,0.0200,459.28,yes
2026-09-29T02:48:47.292662Z,0.0200,233.95,yes
2026-09-29T02:48:47.350496Z,0.0200,0.46,yes
2026-09-29T02:48:47.449583Z,0.0200,23.39,yes
2026-09-29T02:48:47.508397Z,0.0200,46.79,yes
2026-09-29T02:48:47.570947Z,0.0200,233.95,yes
2026-09-29T02:48:47.587133Z,0.0200,44.00,yes
2026-09-29T02:48:47.605182Z,0.0100,386.47,no
2026-09-29T02:48:47.634668Z,0.0200,5.00,yes
2026-09-29T02:48:47.634668Z,0.0200,150.00,yes
2026-09-29T02:48:47.634668Z,0.0200,394.09,yes
2026-09-29T02:48:47.634668Z,0.0200,239.21,yes
2026-09-29T02:48:47.634668Z,0.0200,22.46,yes
2026-09-29T02:48:47.634668Z,0.0200,152.40,yes
2026-09-29T02:48:47.634668Z,0.0200,440.54,yes
2026-09-29T02:48:47.684606Z,0.0100,4.43,no
2026-09-29T02:48:47.762568Z,0.0200,233.95,yes
2026-09-29T02:48:47.878023Z,0.0100,15.24,no
2026-09-29T02:48:47.984865Z,0.0100,227.08,no
2026-09-29T02:48:48.059805Z,0.0200,183.18,yes
2026-09-29T02:48:48.059805Z,0.0200,149.82,yes
2026-09-29T02:48:48.138243Z,0.0200,125.00,yes
2026-09-29T02:48:48.332843Z,0.0200,46.79,yes
2026-09-29T02:48:48.343455Z,0.0100,74.12,no
2026-09-29T02:48:48.505703Z,0.0100,15.24,no
2026-09-29T02:48:48.552981Z,0.0100,5.91,no
2026-09-29T02:48:48.724669Z,0.0200,178.39,yes
2026-09-29T02:48:48.724669Z,0.0200,289.51,yes
2026-09-29T02:48:48.80835Z,0.0200,4.67,yes
2026-09-29T02:48:48.831703Z,0.0200,249.75,yes
2026-09-29T02:48:49.059929Z,0.0200,12.16,yes
2026-09-29T02:48:49.095423Z,0.0200,128.20,yes
2026-09-29T02:48:49.123591Z,0.0200,140.37,yes
2026-09-29T02:48:49.180955Z,0.0200,467.90,yes
2026-09-29T02:48:49.189461Z,0.0200,46.79,yes
2026-09-29T02:48:49.330881Z,0.0200,233.95,yes
2026-09-29T02:48:49.333132Z,0.0100,62.42,no
2026-09-29T02:48:49.384684Z,0.0100,31.07,no
2026-09-29T02:48:49.44117Z,0.0100,112.38,no
2026-09-29T02:48:49.726011Z,0.0100,134.12,no
2026-09-29T02:48:49.949691Z,0.0200,46.79,yes
2026-09-29T02:48:50.097383Z,0.0200,233.95,yes
2026-09-29T02:48:50.097923Z,0.0200,1604.90,yes
2026-09-29T02:48:50.358961Z,0.0100,85.57,no
2026-09-29T02:48:50.480473Z,0.0100,30.48,no
2026-09-29T02:48:50.688241Z,0.0200,22.45,yes
2026-09-29T02:48:50.799353Z,0.0100,465.14,no
2026-09-29T02:48:50.94077Z,0.0100,758.52,no
2026-09-29T02:48:50.942397Z,0.0100,491.81,no
2026-09-29T02:48:50.967323Z,0.0100,205.05,no
2026-09-29T02:48:51.031391Z,0.0200,224.59,yes
2026-09-29T02:48:51.046553Z,0.0200,467.90,yes
2026-09-29T02:48:51.110208Z,0.0200,458.81,yes
2026-09-29T02:48:51.110208Z,0.0200,9.09,yes
2026-09-29T02:48:51.264761Z,0.0100,444.78,no
2026-09-29T02:48:51.549953Z,0.0200,2.95,yes
2026-09-29T02:48:51.549953Z,0.0200,0.91,yes
2026-09-29T02:48:51.549953Z,0.0200,39.65,yes
2026-09-29T02:48:51.553506Z,0.0100,0.60,no
2026-09-29T02:48:51.703049Z,0.0200,5.91,yes
2026-09-29T02:48:51.703049Z,0.0200,15.24,yes
2026-09-29T02:48:51.703049Z,0.0200,74.12,yes
2026-09-29T02:48:51.703049Z,0.0200,15.24,yes
2026-09-29T02:48:51.703049Z,0.0200,1.64,yes
2026-09-29T02:48:51.703049Z,0.0200,4.43,yes
2026-09-29T02:48:51.703049Z,0.0200,5.00,yes
2026-09-29T02:48:51.703049Z,0.0200,227.08,yes
2026-09-29T02:48:51.703049Z,0.0200,386.47,yes
2026-09-29T02:48:51.703049Z,0.0200,150.65,yes
2026-09-29T02:48:51.703049Z,0.0200,85.57,yes
2026-09-29T02:48:51.703049Z,0.0200,465.14,yes
2026-09-29T02:48:51.703049Z,0.0200,250.00,yes
2026-09-29T02:48:51.703049Z,0.0200,30.48,yes
2026-09-29T02:48:51.703049Z,0.0200,62.42,yes
2026-09-29T02:48:51.703049Z,0.0200,123.00,yes
2026-09-29T02:48:51.703049Z,0.0200,31.07,yes
2026-09-29T02:48:51.703049Z,0.0200,112.38,yes
2026-09-29T02:48:51.703049Z,0.0200,134.12,yes
2026-09-29T02:48:51.703049Z,0.0200,112.75,yes
2026-09-29T02:48:51.869804Z,0.0200,140.37,yes
2026-09-29T02:48:51.991797Z,0.0200,9.35,yes
2026-09-29T02:48:52.00462Z,0.0100,2.05,no
2026-09-29T02:48:52.021614Z,0.0200,116.97,yes
2026-09-29T02:48:52.215647Z,0.0200,126.72,yes
2026-09-29T02:48:52.215647Z,0.0200,341.18,yes
2026-09-29T02:48:52.328829Z,0.0100,25.90,no
2026-09-29T02:48:52.440914Z,0.0200,102.81,yes
2026-09-29T02:48:52.440914Z,0.0200,365.09,yes
2026-09-29T02:48:52.455164Z,0.0100,84.38,no
2026-09-29T02:48:52.511265Z,0.0200,16.19,yes
2026-09-29T02:48:52.511265Z,0.0200,30.60,yes
2026-09-29T02:48:52.522805Z,0.0200,284.45,yes
2026-09-29T02:48:52.522805Z,0.0200,9.00,yes
2026-09-29T02:48:52.522805Z,0.0200,174.45,yes
2026-09-29T02:48:52.618757Z,0.0100,90.98,no
2026-09-29T02:48:52.797705Z,0.0200,121.65,yes
2026-09-29T02:48:52.923275Z,0.0200,54.90,yes
2026-09-29T02:48:52.923275Z,0.0200,38.68,yes
2026-09-29T02:48:53.068325Z,0.0200,25.90,yes
2026-09-29T02:48:53.068325Z,0.0200,10.30,yes
2026-09-29T02:48:53.068325Z,0.0200,2.05,yes
2026-09-29T02:48:53.068325Z,0.0200,0.60,yes
2026-09-29T02:48:53.068325Z,0.0200,195.10,yes
2026-09-29T02:48:53.216121Z,0.0100,719.76,no
2026-09-29T02:48:53.397545Z,0.0200,74.08,yes
2026-09-29T02:48:53.397545Z,0.0200,19.50,yes
2026-09-29T02:48:53.429885Z,0.0200,150.00,yes
2026-09-29T02:48:53.429885Z,0.0200,71.48,yes
2026-09-29T02:48:53.429885Z,0.0200,3.47,yes
2026-09-29T02:48:53.429885Z,0.0200,9.00,yes
2026-09-29T02:48:53.455836Z,0.0200,233.95,yes
2026-09-29T02:48:53.516736Z,0.0100,19.91,no
2026-09-29T02:48:53.536853Z,0.0200,233.95,yes
2026-09-29T02:48:53.603424Z,0.0100,12.29,no
2026-09-29T02:48:53.609433Z,0.0200,233.95,yes
2026-09-29T02:48:53.631948Z,0.0100,51.77,no
2026-09-29T02:48:53.804823Z,0.0200,106.02,yes
2026-09-29T02:48:53.804823Z,0.0200,19.91,yes
2026-09-29T02:48:53.804823Z,0.0200,14.44,yes
2026-09-29T02:48:53.931499Z,0.0200,2.81,yes
2026-09-29T02:48:53.931499Z,0.0200,43.98,yes
2026-09-29T02:48:53.938091Z,0.0200,9.48,yes
2026-09-29T02:48:53.938091Z,0.0200,37.31,yes
2026-09-29T02:48:53.972998Z,0.0100,75.08,no
2026-09-29T02:48:54.063616Z,0.0200,14.46,yes
2026-09-29T02:48:54.063616Z,0.0200,32.33,yes
2026-09-29T02:48:54.090177Z,0.0100,115.41,no
2026-09-29T02:48:54.096231Z,0.0200,46.79,yes
2026-09-29T02:48:54.107596Z,0.0200,22.70,yes
2026-09-29T02:48:54.107596Z,0.0200,70.88,yes
2026-09-29T02:48:54.283376Z,0.0200,52.38,yes
2026-09-29T02:48:54.283376Z,0.0200,47.37,yes
2026-09-29T02:48:54.316652Z,0.0100,90.82,no
2026-09-29T02:48:54.549659Z,0.0200,150.00,yes
2026-09-29T02:48:54.549659Z,0.0200,31.96,yes
2026-09-29T02:48:54.549659Z,0.0200,68.04,yes
2026-09-29T02:48:54.645539Z,0.0100,52.64,no
2026-09-29T02:48:54.714674Z,0.0100,225.61,no
2026-09-29T02:48:54.735433Z,0.0100,86.40,no
2026-09-29T02:48:54.898977Z,0.0200,0.46,yes
2026-09-29T02:48:54.912186Z,0.0200,5.14,yes
2026-09-29T02:48:55.010736Z,0.0100,38.10,no
2026-09-29T02:48:55.269816Z,0.0200,50.06,yes
2026-09-29T02:48:55.404668Z,0.0100,103.74,no
2026-09-29T02:48:55.410636Z,0.0200,9.00,yes
2026-09-29T02:48:55.410636Z,0.0200,103.74,yes
2026-09-29T02:48:55.410636Z,0.0200,38.10,yes
2026-09-29T02:48:55.410636Z,0.0200,225.61,yes
2026-09-29T02:48:55.410636Z,0.0200,86.40,yes
2026-09-29T02:48:55.410636Z,0.0200,150.00,yes
2026-09-29T02:48:55.410636Z,0.0200,3.20,yes
2026-09-29T02:48:55.410636Z,0.0200,52.64,yes
2026-09-29T02:48:55.410636Z,0.0300,19.12,yes
2026-09-29T02:48:55.523562Z,0.0100,42.78,no
2026-09-29T02:48:55.689096Z,0.0100,7.09,no
2026-09-29T02:48:55.706012Z,0.0100,661.53,no
2026-09-29T02:48:55.809034Z,0.0100,281.96,no
2026-09-29T02:48:55.875981Z,0.0200,661.53,yes
2026-09-29T02:48:55.875981Z,0.0200,500.00,yes
2026-09-29T02:48:55.875981Z,0.0200,150.00,yes
2026-09-29T02:48:55.875981Z,0.0200,42.78,yes
2026-09-29T02:48:55.875981Z,0.0200,978.10,yes
2026-09-29T02:48:55.875981Z,0.0200,7.09,yes
2026-09-29T02:48:55.931334Z,0.0100,304.81,no
2026-09-29T02:48:55.973447Z,0.0100,493.93,no
2026-09-29T02:48:55.992349Z,0.0100,179.40,no
2026-09-29T02:48:56.010616Z,0.0200,496.68,yes
2026-09-29T02:48:56.011658Z,0.0100,24.71,no
2026-09-29T02:48:56.08473Z,0.0200,374.32,yes
2026-09-29T02:48:56.099336Z,0.0200,689.27,yes
2026-09-29T02:48:56.287597Z,0.0100,56.31,no
2026-09-29T02:48:56.39726Z,0.0200,377.13,yes
2026-09-29T02:48:56.664919Z,0.0100,238.00,no
2026-09-29T02:48:57.031642Z,0.0100,560.45,no
2026-09-29T02:48:57.070836Z,0.0200,46.79,yes
2026-09-29T02:48:57.154549Z,0.0100,1130.12,no
2026-09-29T02:48:57.21507Z,0.0200,150.00,yes
2026-09-29T02:48:57.280169Z,0.0200,2339.50,yes
2026-09-29T02:48:57.473754Z,0.0100,1649.02,no
2026-09-29T02:48:57.534866Z,0.0200,46.79,yes
2026-09-29T02:48:57.639852Z,0.0100,4.51,no
2026-09-29T02:48:57.885721Z,0.0200,187.16,yes
2026-09-29T02:48:57.907362Z,0.0200,467.90,yes
2026-09-29T02:48:57.926561Z,0.0200,467.90,yes
2026-09-29T02:48:57.986868Z,0.0100,19.26,no
2026-09-29T02:48:57.99108Z,0.0200,24.75,yes
2026-09-29T02:48:57.992886Z,0.0200,44.00,yes
2026-09-29T02:48:58.032292Z,0.0200,666.00,yes
2026-09-29T02:48:58.039488Z,0.0200,25.00,yes
2026-09-29T02:48:58.072349Z,0.0200,46.79,yes
2026-09-29T02:48:58.110678Z,0.0200,250.00,yes
2026-09-29T02:48:58.116583Z,0.0200,467.90,yes
2026-09-29T02:48:58.163119Z,0.0100,5.79,no
2026-09-29T02:48:58.211371Z,0.0200,467.90,yes
2026-09-29T02:48:58.252831Z,0.0200,46.79,yes
2026-09-29T02:48:58.276332Z,0.0100,17.89,no
2026-09-29T02:48:58.445307Z,0.0200,200.00,yes
2026-09-29T02:48:58.522944Z,0.0200,467.90,yes
2026-09-29T02:48:58.672992Z,0.0100,62.64,no
2026-09-29T02:48:58.691734Z,0.0100,13.71,no
2026-09-29T02:48:58.792445Z,0.0200,233.50,yes
2026-09-29T02:48:58.835621Z,0.0200,187.16,yes
2026-09-29T02:48:58.886596Z,0.0100,117.12,no
2026-09-29T02:48:58.9285Z,0.0100,14.79,no
2026-09-29T02:48:58.963568Z,0.0100,145.03,no
2026-09-29T02:48:59.087849Z,0.0200,9341.32,yes
2026-09-29T02:48:59.087849Z,0.0200,14053.77,yes
2026-09-29T02:48:59.241185Z,0.0200,23.39,yes
2026-09-29T02:48:59.307074Z,0.0200,7.48,yes
2026-09-29T02:48:59.316187Z,0.0100,2.95,no
2026-09-29T02:48:59.510557Z,0.0100,30.01,no
2026-09-29T02:48:59.588788Z,0.0200,46.79,yes
2026-09-29T02:48:59.792764Z,0.0200,49.75,yes
2026-09-29T02:48:59.848053Z,0.0200,233.95,yes
2026-09-29T02:48:59.918322Z,0.0200,1403.70,yes
2026-09-29T02:49:00.071189Z,0.0200,75.00,yes
2026-09-29T02:49:00.117215Z,0.0200,46.25,yes
2026-09-29T02:49:00.226859Z,0.0200,193.71,yes
2026-09-29T02:49:00.392943Z,0.0200,46.79,yes
2026-09-29T02:49:00.399481Z,0.0200,7.95,yes
2026-09-29T02:49:00.426287Z,0.0200,46.79,yes
2026-09-29T02:49:00.75764Z,0.0200,233.95,yes
2026-09-29T02:49:00.798295Z,0.0200,1249.75,yes
2026-09-29T02:49:00.885904Z,0.0100,1.00,no
2026-09-29T02:49:01.014401Z,0.0200,233.95,yes
2026-09-29T02:49:01.133184Z,0.0100,12.00,no
2026-09-29T02:49:01.1667Z,0.0200,235.35,yes
2026-09-29T02:49:01.283141Z,0.0200,46.79,yes
2026-09-29T02:49:01.368918Z,0.0100,358.18,no
2026-09-29T02:49:01.508107Z,0.0200,233.95,yes
2026-09-29T02:49:01.543247Z,0.0200,1111.00,yes
2026-09-29T02:49:01.687863Z,0.0200,42.57,yes
2026-09-29T02:49:01.849626Z,0.0100,41.89,no
2026-09-29T02:49:01.886443Z,0.0200,233.95,yes
2026-09-29T02:49:01.924416Z,0.0200,46.79,yes
2026-09-29T02:49:02.0517Z,0.0100,9.01,no
2026-09-29T02:49:02.067014Z,0.0200,1544.07,yes
2026-09-29T02:49:02.149158Z,0.0200,23.39,yes
2026-09-29T02:49:02.174401Z,0.0100,7.50,no
2026-09-29T02:49:02.223661Z,0.0200,233.95,yes
2026-09-29T02:49:02.668823Z,0.0200,467.90,yes
2026-09-29T02:49:02.741693Z,0.0200,542.25,yes
2026-09-29T02:49:02.862542Z,0.0100,2779.67,no
2026-09-29T02:49:02.943688Z,0.0100,100.50,no
2026-09-29T02:49:02.970699Z,0.0200,842.22,yes
2026-09-29T02:49:03.047392Z,0.0200,200.00,yes
2026-09-29T02:49:03.051707Z,0.0100,1.47,no
2026-09-29T02:49:03.060264Z,0.0200,46.79,yes
2026-09-29T02:49:03.116924Z,0.0200,34.62,yes
2026-09-29T02:49:03.168835Z,0.0100,27.40,no
2026-09-29T02:49:03.237832Z,0.0100,118.05,no
2026-09-29T02:49:03.278508Z,0.0200,1651.96,yes
2026-09-29T02:49:03.331478Z,0.0200,25.00,yes
2026-09-29T02:49:03.351813Z,0.0200,46.79,yes
2026-09-29T02:49:03.42929Z,0.0100,44.39,no
2026-09-29T02:49:03.433274Z,0.0100,7.39,no
2026-09-29T02:49:03.54116Z,0.0100,274.33,no
2026-09-29T02:49:03.564118Z,0.0100,266.71,no
2026-09-29T02:49:03.752532Z,0.0200,233.95,yes
2026-09-29T02:49:03.80113Z,0.0200,24.75,yes
2026-09-29T02:49:03.882065Z,0.0200,999.43,yes
2026-09-29T02:49:03.964354Z,0.0200,20.58,yes
2026-09-29T02:49:03.973453Z,0.0100,21.08,no
2026-09-29T02:49:04.132308Z,0.0200,233.95,yes
2026-09-29T02:49:04.237224Z,0.0100,1.52,no
2026-09-29T02:49:04.325972Z,0.0200,233.95,yes
2026-09-29T02:49:04.347008Z,0.0200,46.79,yes
2026-09-29T02:49:04.714848Z,0.0200,935.80,yes
2026-09-29T02:49:04.803896Z,0.0100,15.24,no
2026-09-29T02:49:04.818807Z,0.0100,517.76,no
2026-09-29T02:49:04.833042Z,0.0200,223.94,yes
2026-09-29T02:49:04.833042Z,0.0200,10.01,yes
2026-09-29T02:49:04.859885Z,0.0200,250.00,yes
2026-09-29T02:49:04.879947Z,0.0200,28.54,yes
2026-09-29T02:49:04.887012Z,0.0200,46.79,yes
2026-09-29T02:49:04.984131Z,0.0200,467.90,yes
2026-09-29T02:49:05.17938Z,0.0200,935.80,yes
2026-09-29T02:49:05.232802Z,0.0200,467.90,yes
2026-09-29T02:49:05.321887Z,0.0100,81.98,no
2026-09-29T02:49:05.388856Z,0.0200,56.00,yes
2026-09-29T02:49:05.586618Z,0.0100,3000.00,no
2026-09-29T02:49:05.603487Z,0.0200,1263.33,yes
2026-09-29T02:49:05.619399Z,0.0200,233.95,yes
2026-09-29T02:49:05.693493Z,0.0200,140.37,yes
2026-09-29T02:49:05.697693Z,0.0200,249.75,yes
2026-09-29T02:49:05.713993Z,0.0200,233.95,yes
2026-09-29T02:49:05.74686Z,0.0100,15.47,no
2026-09-29T02:49:05.985973Z,0.0100,18.81,no
2026-09-29T02:49:06.046312Z,0.0200,233.95,yes
2026-09-29T02:49:06.05081Z,0.0200,32.75,yes
2026-09-29T02:49:06.092525Z,0.0200,444.00,yes
2026-09-29T02:49:06.101326Z,0.0200,233.95,yes
2026-09-29T02:49:06.222648Z,0.0200,935.80,yes
2026-09-29T02:49:06.407529Z,0.0200,46.79,yes
2026-09-29T02:49:06.537514Z,0.0100,64.19,no
2026-09-29T02:49:06.648118Z,0.0200,22.00,yes
2026-09-29T02:49:06.649529Z,0.0100,745.77,no
2026-09-29T02:49:06.723123Z,0.0100,193.23,no
2026-09-29T02:49:06.723332Z,0.0100,228.61,no
2026-09-29T02:49:06.85563Z,0.0100,49.08,no
2026-09-29T02:49:07.15142Z,0.0200,935.80,yes
2026-09-29T02:49:07.203615Z,0.0200,233.95,yes
2026-09-29T02:49:07.259319Z,0.0200,233.95,yes
2026-09-29T02:49:07.303632Z,0.0200,467.90,yes
2026-09-29T02:49:07.471814Z,0.0200,93.58,yes
2026-09-29T02:49:07.52156Z,0.0100,628.47,no
2026-09-29T02:49:07.600805Z,0.0100,373.91,no
2026-09-29T02:49:07.623648Z,0.0100,11.71,no
2026-09-29T02:49:07.717828Z,0.0100,1155.16,no
2026-09-29T02:49:07.794068Z,0.0200,935.80,yes
2026-09-29T02:49:07.883845Z,0.0100,198.02,no
2026-09-29T02:49:07.96085Z,0.0200,233.95,yes
2026-09-29T02:49:07.965894Z,0.0100,152.40,no
2026-09-29T02:49:08.080147Z,0.0200,14334.54,yes
2026-09-29T02:49:08.080147Z,0.0200,6440.30,yes
2026-09-29T02:49:08.350685Z,0.0100,42.79,no
2026-09-29T02:49:08.519461Z,0.0100,93.33,no
2026-09-29T02:49:08.760294Z,0.0100,14.79,no
2026-09-29T02:49:09.012743Z,0.0100,4.38,no
2026-09-29T02:49:09.196746Z,0.0200,2339.50,yes
2026-09-29T02:49:09.416655Z,0.0200,37.90,yes
2026-09-29T02:49:09.440103Z,0.0200,24.33,yes
2026-09-29T02:49:09.660882Z,0.0200,0.46,yes
2026-09-29T02:49:09.717182Z,0.0100,966.58,no
2026-09-29T02:49:09.770206Z,0.0200,374.32,yes
2026-09-29T02:49:09.804297Z,0.0100,5000.54,no
2026-09-29T02:49:09.969522Z,0.0100,12.16,no
2026-09-29T02:49:10.203189Z,0.0200,935.80,yes
2026-09-29T02:49:10.234756Z,0.0200,255.47,yes
2026-09-29T02:49:10.558627Z,0.0200,222.00,yes
2026-09-29T02:49:10.609109Z,0.0200,1169.75,yes
2026-09-29T02:49:10.746569Z,0.0100,35.16,no
2026-09-29T02:49:10.805865Z,0.0100,9.02,no
2026-09-29T02:49:10.979421Z,0.0200,233.95,yes
2026-09-29T02:49:11.013183Z,0.0200,187.16,yes
2026-09-29T02:49:11.013702Z,0.0200,46.79,yes
2026-09-29T02:49:11.278525Z,0.0200,140.37,yes
2026-09-29T02:49:11.336966Z,0.0200,444.00,yes
2026-09-29T02:49:11.645971Z,0.0200,12.63,yes
2026-09-29T02:49:11.722256Z,0.0100,14.79,no
2026-09-29T02:49:11.744545Z,0.0200,84.22,yes
2026-09-29T02:49:11.795742Z,0.0200,93.58,yes
2026-09-29T02:49:11.890117Z,0.0200,467.90,yes
2026-09-29T02:49:12.052644Z,0.0100,2.25,no
2026-09-29T02:49:12.09708Z,0.0100,85.57,no
2026-09-29T02:49:12.18372Z,0.0100,1229.32,no
2026-09-29T02:49:12.240762Z,0.0200,233.95,yes
2026-09-29T02:49:12.405762Z,0.0200,93.58,yes
2026-09-29T02:49:12.723903Z,0.0200,233.95,yes
2026-09-29T02:49:12.75768Z,0.0100,20.51,no
2026-09-29T02:49:12.790832Z,0.0200,46.79,yes
2026-09-29T02:49:12.986655Z,0.0100,22.56,no
2026-09-29T02:49:13.084484Z,0.0200,187.16,yes
2026-09-29T02:49:13.220858Z,0.0100,25.23,no
2026-09-29T02:49:13.23571Z,0.0200,1170.22,yes
2026-09-29T02:49:13.705904Z,0.0200,24.75,yes
2026-09-29T02:49:13.939843Z,0.0200,467.90,yes
2026-09-29T02:49:14.131759Z,0.0100,4532.85,no
2026-09-29T02:49:14.148516Z,0.0200,111.00,yes
2026-09-29T02:49:14.305993Z,0.0200,68.31,yes
2026-09-29T02:49:14.363278Z,0.0100,300.00,no
2026-09-29T02:49:14.72812Z,0.0100,193.68,no
2026-09-29T02:49:14.748483Z,0.0100,3054.62,no
2026-09-29T02:49:14.809028Z,0.0200,250.00,yes
2026-09-29T02:49:15.060769Z,0.0100,10.78,no
2026-09-29T02:49:15.084434Z,0.0200,46.79,yes
2026-09-29T02:49:15.096919Z,0.0200,233.95,yes
2026-09-29T02:49:15.155067Z,0.0200,4.67,yes
2026-09-29T02:49:15.181485Z,0.0200,233.95,yes
2026-09-29T02:49:15.222254Z,0.0200,233.95,yes
2026-09-29T02:49:15.657149Z,0.0100,67.68,no
2026-09-29T02:49:15.747089Z,0.0100,69.86,no
2026-09-29T02:49:15.790951Z,0.0100,1524.09,no
2026-09-29T02:49:16.14335Z,0.0100,152.40,no
2026-09-29T02:49:16.176298Z,0.0200,1.87,yes
2026-09-29T02:49:16.201095Z,0.0100,1.73,no
2026-09-29T02:49:16.276664Z,0.0200,46.79,yes
2026-09-29T02:49:16.445672Z,0.0200,467.90,yes
2026-09-29T02:49:16.570958Z,0.0200,233.95,yes
2026-09-29T02:49:16.590849Z,0.0100,117.74,no
2026-09-29T02:49:16.755449Z,0.0200,46.79,yes
2026-09-29T02:49:16.831412Z,0.0200,23.39,yes
2026-09-29T02:49:16.879211Z,0.0100,6.50,no
2026-09-29T02:49:17.016249Z,0.0100,28.11,no
2026-09-29T02:49:17.291198Z,0.0200,93.58,yes
2026-09-29T02:49:17.29841Z,0.0100,234.25,no
2026-09-29T02:49:17.410895Z,0.0200,5.14,yes
2026-09-29T02:49:17.49029Z,0.0200,23.39,yes
2026-09-29T02:49:17.547778Z,0.0100,51.56,no
2026-09-29T02:49:17.767877Z,0.0200,250.00,yes
2026-09-29T02:49:17.810889Z,0.0200,93.58,yes
2026-09-29T02:49:18.097616Z,0.0100,25.88,no
2026-09-29T02:49:18.114633Z,0.0100,25.04,no
2026-09-29T02:49:18.152715Z,0.0200,20.00,yes
2026-09-29T02:49:18.198591Z,0.0100,0.23,no
2026-09-29T02:49:18.277851Z,0.0100,21.39,no
2026-09-29T02:49:18.464388Z,0.0100,480.08,no
2026-09-29T02:49:18.484241Z,0.0100,23.99,no
2026-09-29T02:49:18.494503Z,0.0200,467.90,yes
2026-09-29T02:49:18.72136Z,0.0100,26.58,no
2026-09-29T02:49:18.748651Z,0.0200,701.85,yes
2026-09-29T02:49:18.755213Z,0.0200,777.00,yes
2026-09-29T02:49:18.951176Z,0.0100,152.40,no
2026-09-29T02:49:19.005643Z,0.0200,233.95,yes
2026-09-29T02:49:19.196486Z,0.0200,467.90,yes
2026-09-29T02:49:19.214497Z,0.0200,93.58,yes
2026-09-29T02:49:19.229001Z,0.0200,140.37,yes
2026-09-29T02:49:19.378828Z,0.0200,50.00,yes
2026-09-29T02:49:19.592826Z,0.0100,30.03,no
2026-09-29T02:49:19.949536Z,0.0100,978.97,no
2026-09-29T02:49:20.101305Z,0.0100,11.29,no
2026-09-29T02:49:20.248021Z,0.0200,6945.31,yes
2026-09-29T02:49:20.248021Z,0.0200,2412.72,yes
2026-09-29T02:49:20.334008Z,0.0100,17.33,no
2026-09-29T02:49:20.408136Z,0.0100,762.04,no
2026-09-29T02:49:20.429827Z,0.0100,19.84,no
2026-09-29T02:49:20.484128Z,0.0100,49.80,no
2026-09-29T02:49:20.695842Z,0.0100,225.25,no
2026-09-29T02:49:20.739342Z,0.0200,5.61,yes
2026-09-29T02:49:20.816185Z,0.0200,46.79,yes
2026-09-29T02:49:20.853224Z,0.0100,90.24,no
2026-09-29T02:49:21.038619Z,0.0200,42.11,yes
2026-09-29T02:49:21.059833Z,0.0100,301.52,no
2026-09-29T02:49:21.335129Z,0.0200,4600.00,yes
2026-09-29T02:49:21.365769Z,0.0100,41.25,no
2026-09-29T02:49:21.404421Z,0.0100,14.23,no
2026-09-29T02:49:21.417372Z,0.0100,55.74,no
2026-09-29T02:49:21.58153Z,0.0100,20.62,no
2026-09-29T02:49:21.838527Z,0.0200,46.79,yes
2026-09-29T02:49:21.958261Z,0.0200,46.79,yes
2026-09-29T02:49:22.021848Z,0.0200,233.95,yes
2026-09-29T02:49:22.255462Z,0.0200,93.58,yes
2026-09-29T02:49:22.263455Z,0.0200,467.90,yes
2026-09-29T02:49:22.3247Z,0.0100,382.37,no
2026-09-29T02:49:22.617094Z,0.0100,533.43,no
2026-09-29T02:49:22.802164Z,0.0200,46.79,yes
2026-09-29T02:49:23.010194Z,0.0100,135.97,no
2026-09-29T02:49:23.120369Z,0.0200,49.75,yes
2026-09-29T02:49:23.170341Z,0.0100,1.47,no
2026-09-29T02:49:23.331861Z,0.0100,16.52,no
2026-09-29T02:49:23.469582Z,0.0200,467.90,yes
2026-09-29T02:49:23.5618Z,0.0100,304.80,no
2026-09-29T02:49:23.598165Z,0.0200,46.79,yes
2026-09-29T02:49:23.607234Z,0.0100,20.62,no
2026-09-29T02:49:23.703287Z,0.0100,42.90,no
2026-09-29T02:49:23.81346Z,0.0200,0.46,yes
2026-09-29T02:49:23.845764Z,0.0200,414.67,yes
2026-09-29T02:49:23.849518Z,0.0200,1871.60,yes
2026-09-29T02:49:23.923921Z,0.0200,19.65,yes
2026-09-29T02:49:24.248828Z,0.0200,25.00,yes
2026-09-29T02:49:24.280414Z,0.0200,233.95,yes
2026-09-29T02:49:24.337751Z,0.0100,40.00,no
2026-09-29T02:49:24.40241Z,0.0100,12.07,no
2026-09-29T02:49:24.440048Z,0.0200,233.95,yes
2026-09-29T02:49:24.631836Z,0.0200,467.90,yes
2026-09-29T02:49:24.857601Z,0.0200,159.55,yes
2026-09-29T02:49:24.85821Z,0.0100,51.81,no
2026-09-29T02:49:25.519308Z,0.0200,16.84,yes
2026-09-29T02:49:25.530577Z,0.0200,24.00,yes
2026-09-29T02:49:25.695035Z,0.0200,935.80,yes
2026-09-29T02:49:25.822443Z,0.0100,2264.82,no
2026-09-29T02:49:25.849767Z,0.0200,233.95,yes
2026-09-29T02:49:25.910041Z,0.0200,100.00,yes
2026-09-29T02:49:25.985681Z,0.0100,11.85,no
2026-09-29T02:49:26.299695Z,0.0100,3156.22,no
2026-09-29T02:49:26.311524Z,0.0200,46.79,yes
2026-09-29T02:49:26.335343Z,0.0200,935.80,yes
2026-09-29T02:49:26.419551Z,0.0200,250.00,yes
2026-09-29T02:49:26.432265Z,0.0200,93.58,yes
2026-09-29T02:49:26.440408Z,0.0200,625.00,yes
2026-09-29T02:49:26.454908Z,0.0100,13.76,no
2026-09-29T02:49:26.682883Z,0.0100,37.45,no
2026-09-29T02:49:26.787324Z,0.0200,140.37,yes
2026-09-29T02:49:26.842793Z,0.0200,11.69,yes
2026-09-29T02:49:27.09117Z,0.0100,9.17,no
2026-09-29T02:49:27.297185Z,0.0200,11.69,yes
2026-09-29T02:49:27.654693Z,0.0100,44.39,no
2026-09-29T02:49:27.739405Z,0.0100,304.81,no
2026-09-29T02:49:27.805866Z,0.0200,233.95,yes
2026-09-29T02:49:27.897962Z,0.0200,6.08,yes
2026-09-29T02:49:28.072087Z,0.0200,233.95,yes
2026-09-29T02:49:28.149663Z,0.0200,249.75,yes
2026-09-29T02:49:28.237988Z,0.0100,109.34,no
2026-09-29T02:49:28.336525Z,0.0200,288.00,yes
2026-09-29T02:49:28.343681Z,0.0100,23.86,no
2026-09-29T02:49:28.539806Z,0.0200,233.95,yes
2026-09-29T02:49:28.573227Z,0.0100,8.63,no
2026-09-29T02:49:28.632696Z,0.0100,70.50,no
2026-09-29T02:49:28.91478Z,0.0100,2.58,no
2026-09-29T02:49:28.943457Z,0.0100,8.23,no
2026-09-29T02:49:29.038936Z,0.0100,14.73,no
2026-09-29T02:49:29.279297Z,0.0200,140.37,yes
2026-09-29T02:49:29.328767Z,0.0100,32.75,no
2026-09-29T02:49:29.346182Z,0.0200,233.95,yes
2026-09-29T02:49:29.389492Z,0.0200,0.46,yes
2026-09-29T02:49:29.559307Z,0.0100,22.19,no
2026-09-29T02:49:29.581901Z,0.0200,935.80,yes
2026-09-29T02:49:29.623462Z,0.0200,1169.75,yes
2026-09-29T02:49:29.635638Z,0.0100,38.33,no
2026-09-29T02:49:29.746413Z,0.0200,84.69,yes
2026-09-29T02:49:29.746413Z,0.0200,149.26,yes
2026-09-29T02:49:29.800043Z,0.0200,49.75,yes
2026-09-29T02:49:29.89504Z,0.0100,24.90,no
2026-09-29T02:49:30.024483Z,0.0100,48.77,no
2026-09-29T02:49:30.058861Z,0.0100,160.79,no
2026-09-29T02:49:30.061775Z,0.0200,125.00,yes
2026-09-29T02:49:30.108391Z,0.0100,114.30,no
2026-09-29T02:49:30.254303Z,0.0200,46.79,yes
2026-09-29T02:49:30.257216Z,0.0100,66.40,no
2026-09-29T02:49:30.266188Z,0.0200,125.00,yes
2026-09-29T02:49:30.309244Z,0.0200,46.79,yes
2026-09-29T02:49:30.637935Z,0.0200,22.45,yes
2026-09-29T02:49:30.652357Z,0.0100,2351.67,no
2026-09-29T02:49:30.730801Z,0.0200,93.58,yes
2026-09-29T02:49:30.78936Z,0.0100,258.85,no
2026-09-29T02:49:30.800725Z,0.0200,133.00,yes
2026-09-29T02:49:30.922744Z,0.0200,46.79,yes
2026-09-29T02:49:31.021403Z,0.0200,46.79,yes
2026-09-29T02:49:31.220177Z,0.0100,400.23,no
2026-09-29T02:49:31.234115Z,0.0200,467.90,yes
2026-09-29T02:49:31.418036Z,0.0100,15.01,no
2026-09-29T02:49:31.426506Z,0.0100,226.03,no
2026-09-29T02:49:31.437661Z,0.0200,46.79,yes
2026-09-29T02:49:31.511759Z,0.0200,93.58,yes
2026-09-29T02:49:31.532705Z,0.0200,134.75,yes
2026-09-29T02:49:31.829429Z,0.0200,46.79,yes
2026-09-29T02:49:31.874019Z,0.0100,15.01,no
2026-09-29T02:49:31.890793Z,0.0200,419.70,yes
2026-09-29T02:49:32.056918Z,0.0100,92.09,no
2026-09-29T02:49:32.069321Z,0.0200,140.37,yes
2026-09-29T02:49:32.107444Z,0.0200,240.00,yes
2026-09-29T02:49:32.110684Z,0.0100,30.03,no
2026-09-29T02:49:32.213428Z,0.0100,1493.62,no
2026-09-29T02:49:32.279109Z,0.0100,1.52,no
2026-09-29T02:49:32.289597Z,0.0200,24.75,yes
2026-09-29T02:49:32.403037Z,0.0200,75.80,yes
2026-09-29T02:49:32.482851Z,0.0100,5.99,no
2026-09-29T02:49:32.507977Z,0.0100,41.25,no
2026-09-29T02:49:32.544943Z,0.0100,158.16,no
2026-09-29T02:49:32.545876Z,0.0200,233.95,yes
2026-09-29T02:49:32.6482Z,0.0200,233.95,yes
2026-09-29T02:49:32.672002Z,0.0200,4679.01,yes
2026-09-29T02:49:32.737639Z,0.0200,23.39,yes
2026-09-29T02:49:32.7542Z,0.0200,1.40,yes
2026-09-29T02:49:32.941096Z,0.0100,44.39,no
2026-09-29T02:49:32.998673Z,0.0200,233.95,yes
2026-09-29T02:49:33.021378Z,0.0100,468.45,no
2026-09-29T02:49:33.058528Z,0.0100,2959.85,no
2026-09-29T02:49:33.271889Z,0.0100,1.50,no
2026-09-29T02:49:33.559737Z,0.0200,233.95,yes
2026-09-29T02:49:33.619718Z,0.0100,72.51,no
2026-09-29T02:49:33.718557Z,0.0200,46.79,yes
2026-09-29T02:49:34.034504Z,0.0200,561.48,yes
2026-09-29T02:49:34.159183Z,0.0100,100.00,no
2026-09-29T02:49:34.174382Z,0.0100,855.07,no
2026-09-29T02:49:34.248511Z,0.0100,573.87,no
2026-09-29T02:49:34.279325Z,0.0200,1403.70,yes
2026-09-29T02:49:34.335301Z,0.0100,1.28,no
2026-09-29T02:49:34.38913Z,0.0200,233.95,yes
2026-09-29T02:49:34.436182Z,0.0100,45.38,no
2026-09-29T02:49:34.516234Z,0.0200,5.61,yes
2026-09-29T02:49:34.596475Z,0.0200,140.37,yes
2026-09-29T02:49:34.678924Z,0.0200,233.95,yes
2026-09-29T02:49:34.742914Z,0.0200,46.79,yes
2026-09-29T02:49:34.777869Z,0.0100,452.17,no
2026-09-29T02:49:35.189927Z,0.0100,61.47,no
2026-09-29T02:49:35.214187Z,0.0200,25.00,yes
2026-09-29T02:49:35.487181Z,0.0200,140.37,yes
2026-09-29T02:49:35.553511Z,0.0100,15.24,no
2026-09-29T02:49:35.594362Z,0.0100,10.47,no
2026-09-29T02:49:35.783636Z,0.0200,46.79,yes
2026-09-29T02:49:35.829903Z,0.0100,3.16,no
2026-09-29T02:49:35.891226Z,0.0200,44.00,yes
2026-09-29T02:49:36.005546Z,0.0100,379.15,no
2026-09-29T02:49:36.040849Z,0.0100,1.90,no
2026-09-29T02:49:36.184724Z,0.0100,34.14,no
2026-09-29T02:49:36.255927Z,0.0200,233.95,yes
2026-09-29T02:49:36.38622Z,0.0100,1209.87,no
2026-09-29T02:49:36.440249Z,0.0200,46.79,yes
2026-09-29T02:49:36.702603Z,0.0100,157.90,no
2026-09-29T02:49:36.730346Z,0.0200,233.95,yes
2026-09-29T02:49:36.998869Z,0.0200,58.01,yes
2026-09-29T02:49:37.021906Z,0.0100,165.98,no
2026-09-29T02:49:37.035569Z,0.0200,46.79,yes
2026-09-29T02:49:37.051758Z,0.0100,12.94,no
2026-09-29T02:49:37.152852Z,0.0100,51.77,no
2026-09-29T02:49:37.378463Z,0.0100,82.74,no
2026-09-29T02:49:37.497508Z,0.0100,3.00,no
2026-09-29T02:49:37.515574Z,0.0200,93.58,yes
2026-09-29T02:49:37.568332Z,0.0200,15.90,yes
2026-09-29T02:49:37.728588Z,0.0100,7.50,no
2026-09-29T02:49:37.894696Z,0.0100,36.99,no
2026-09-29T02:49:37.901301Z,0.0100,24.05,no
2026-09-29T02:49:38.052968Z,0.0100,239.15,no
2026-09-29T02:49:38.128742Z,0.0200,46.79,yes
2026-09-29T02:49:38.138915Z,0.0100,23.42,no
2026-09-29T02:49:38.193851Z,0.0100,65.02,no
2026-09-29T02:49:38.482562Z,0.0200,125.00,yes
2026-09-29T02:49:38.60688Z,0.0100,2.02,no
2026-09-29T02:49:38.630557Z,0.0100,8.04,no
2026-09-29T02:49:38.65295Z,0.0200,70.18,yes
2026-09-29T02:49:38.856568Z,0.0200,46.79,yes
2026-09-29T02:49:38.87986Z,0.0200,39.99,yes
2026-09-29T02:49:38.87986Z,0.0200,304.81,yes
2026-09-29T02:49:38.87986Z,0.0200,97.07,yes
2026-09-29T02:49:38.87986Z,0.0200,493.93,yes
2026-09-29T02:49:38.962111Z,0.0200,46.79,yes
2026-09-29T02:49:39.009975Z,0.0200,35.54,yes
2026-09-29T02:49:39.009975Z,0.0200,33.33,yes
2026-09-29T02:49:39.009975Z,0.0200,24.71,yes
2026-09-29T02:49:39.096587Z,0.0200,22.98,yes
2026-09-29T02:49:39.096587Z,0.0200,23.81,yes
2026-09-29T02:49:39.20181Z,0.0200,253.71,yes
2026-09-29T02:49:39.20181Z,0.0200,214.19,yes
2026-09-29T02:49:39.292871Z,0.0100,1644.47,no
2026-09-29T02:49:39.49965Z,0.0100,2.00,no
2026-09-29T02:49:39.709186Z,0.0100,100000.00,no
2026-09-29T02:49:39.846966Z,0.0100,62.42,no
2026-09-29T02:49:39.859263Z,0.0100,100000.00,no
2026-09-29T02:49:40.008469Z,0.0100,15.24,no
2026-09-29T02:49:40.170596Z,0.0100,455.74,no
2026-09-29T02:49:40.298149Z,0.0100,153.85,no
2026-09-29T02:49:40.381104Z,0.0100,258.85,no
2026-09-29T02:49:40.456784Z,0.0200,9.00,yes
2026-09-29T02:49:40.456784Z,0.0200,152.16,yes
2026-09-29T02:49:40.456784Z,0.0200,306.74,yes
2026-09-29T02:49:40.501564Z,0.0100,881.83,no
2026-09-29T02:49:40.734716Z,0.0200,233.95,yes
2026-09-29T02:49:40.742715Z,0.0100,1.14,no
2026-09-29T02:49:40.742753Z,0.0100,128.22,no
2026-09-29T02:49:40.844333Z,0.0200,93.58,yes
2026-09-29T02:49:40.864664Z,0.0100,2256.18,no
2026-09-29T02:49:41.174604Z,0.0200,444.00,yes
2026-09-29T02:49:41.326035Z,0.0100,914.45,no
2026-09-29T02:49:41.56623Z,0.0200,18.57,yes
2026-09-29T02:49:41.56623Z,0.0200,206.43,yes
2026-09-29T02:49:41.572902Z,0.0200,233.95,yes
2026-09-29T02:49:41.714042Z,0.0200,46.79,yes
2026-09-29T02:49:41.718637Z,0.0100,49.18,no
2026-09-29T02:49:41.959063Z,0.0200,701.85,yes
2026-09-29T02:49:41.97916Z,0.0200,46.79,yes
2026-09-29T02:49:42.145369Z,0.0100,22.56,no
2026-09-29T02:49:42.380172Z,0.0200,25.00,yes
2026-09-29T02:49:42.486384Z,0.0200,159.98,yes
2026-09-29T02:49:42.486384Z,0.0200,2.95,yes
2026-09-29T02:49:42.486384Z,0.0200,30.01,yes
2026-09-29T02:49:42.486384Z,0.0200,576.07,yes
2026-09-29T02:49:42.486384Z,0.0200,19.26,yes
2026-09-29T02:49:42.486384Z,0.0200,4.51,yes
2026-09-29T02:49:42.486384Z,0.0200,145.03,yes
2026-09-29T02:49:42.486384Z,0.0200,117.12,yes
2026-09-29T02:49:42.486384Z,0.0200,62.64,yes
2026-09-29T02:49:42.486384Z,0.0200,17.89,yes
2026-09-29T02:49:42.486384Z,0.0200,14.79,yes
2026-09-29T02:49:42.486384Z,0.0200,13.71,yes
2026-09-29T02:49:42.486384Z,0.0200,5.79,yes
2026-09-29T02:49:42.599943Z,0.0200,46.79,yes
2026-09-29T02:49:42.650722Z,0.0200,12.00,yes
2026-09-29T02:49:42.650722Z,0.0200,156.67,yes
2026-09-29T02:49:42.650722Z,0.0200,43.23,yes
2026-09-29T02:49:42.650722Z,0.0200,250.00,yes
2026-09-29T02:49:42.650722Z,0.0200,1.00,yes
2026-09-29T02:49:42.650722Z,0.0200,5.00,yes
2026-09-29T02:49:42.716537Z,0.0100,126.82,no
2026-09-29T02:49:42.754462Z,0.0200,81.98,yes
2026-09-29T02:49:42.754462Z,0.0200,2180.14,yes
2026-09-29T02:49:42.754462Z,0.0200,27.40,yes
2026-09-29T02:49:42.754462Z,0.0200,118.05,yes
2026-09-29T02:49:42.754462Z,0.0200,266.71,yes
2026-09-29T02:49:42.754462Z,0.0200,21.08,yes
2026-09-29T02:49:42.754462Z,0.0200,1.47,yes
2026-09-29T02:49:42.754462Z,0.0200,274.33,yes
2026-09-29T02:49:42.754462Z,0.0200,7.39,yes
2026-09-29T02:49:42.754462Z,0.0200,44.39,yes
2026-09-29T02:49:42.754462Z,0.0200,15.24,yes
2026-09-29T02:49:42.754462Z,0.0200,517.76,yes
2026-09-29T02:49:42.754462Z,0.0200,1.52,yes
2026-09-29T02:49:42.754462Z,0.0200,41.89,yes
2026-09-29T02:49:42.754462Z,0.0200,201.51,yes
2026-09-29T02:49:42.754462Z,0.0200,100.50,yes
2026-09-29T02:49:42.754462Z,0.0200,7.50,yes
2026-09-29T02:49:42.754462Z,0.0200,2779.67,yes
2026-09-29T02:49:42.754462Z,0.0200,9.01,yes
2026-09-29T02:49:42.754462Z,0.0200,5000.00,yes
2026-09-29T02:49:42.871224Z,0.0100,513.46,no
2026-09-29T02:49:42.928336Z,0.0200,3.27,yes
2026-09-29T02:49:42.960567Z,0.0100,22.86,no
2026-09-29T02:49:43.16369Z,0.0200,140.37,yes
2026-09-29T02:49:43.340947Z,0.0100,15.01,no
2026-09-29T02:49:43.43304Z,0.0200,23.39,yes
2026-09-29T02:49:43.466236Z,0.0200,18.81,yes
2026-09-29T02:49:43.466236Z,0.0200,15.47,yes
2026-09-29T02:49:43.466236Z,0.0200,652.83,yes
2026-09-29T02:49:43.466236Z,0.0200,193.23,yes
2026-09-29T02:49:43.466236Z,0.0200,64.19,yes
2026-09-29T02:49:43.466236Z,0.0200,49.08,yes
2026-09-29T02:49:43.466236Z,0.0200,745.77,yes
2026-09-29T02:49:43.466236Z,0.0200,228.61,yes
2026-09-29T02:49:43.466236Z,0.0200,371.51,yes
2026-09-29T02:49:43.725433Z,0.0200,23.39,yes
2026-09-29T02:49:43.72719Z,0.0100,8.55,no
2026-09-29T02:49:43.762614Z,0.0200,38.81,yes
2026-09-29T02:49:43.8544Z,0.0100,42.78,no
2026-09-29T02:49:43.857823Z,0.0100,4.24,no
2026-09-29T02:49:43.983833Z,0.0200,39.19,yes
2026-09-29T02:49:43.983833Z,0.0200,194.76,yes
2026-09-29T02:49:44.005133Z,0.0100,14.18,no
2026-09-29T02:49:44.086567Z,0.0100,14396.03,no
2026-09-29T02:49:44.213623Z,0.0100,448.07,no
2026-09-29T02:49:44.324852Z,0.0100,564.81,no
2026-09-29T02:49:44.510646Z,0.0200,0.46,yes
2026-09-29T02:49:44.540079Z,0.0100,12.01,no
2026-09-29T02:49:44.587429Z,0.0100,7.50,no
2026-09-29T02:49:44.602106Z,0.0200,233.95,yes
2026-09-29T02:49:44.603971Z,0.0100,131.34,no
2026-09-29T02:49:44.682551Z,0.0200,12.63,yes
2026-09-29T02:49:44.718812Z,0.0100,8.55,no
2026-09-29T02:49:44.732839Z,0.0200,11.71,yes
2026-09-29T02:49:44.732839Z,0.0200,598.71,yes
2026-09-29T02:49:44.732839Z,0.0200,87.68,yes
2026-09-29T02:49:44.821433Z,0.0100,2.95,no
2026-09-29T02:49:44.876082Z,0.0200,250.00,yes
2026-09-29T02:49:44.902815Z,0.0100,45.12,no
2026-09-29T02:49:45.053363Z,0.0100,124.36,no
2026-09-29T02:49:45.075934Z,0.0100,24.22,no
2026-09-29T02:49:45.096418Z,0.0100,739.96,no
2026-09-29T02:49:45.097488Z,0.0100,79.44,no
2026-09-29T02:49:45.185848Z,0.0100,41.15,no
2026-09-29T02:49:45.51465Z,0.0100,34.82,no
2026-09-29T02:49:45.558794Z,0.0200,46.79,yes
2026-09-29T02:49:45.657959Z,0.0200,233.95,yes
2026-09-29T02:49:45.674989Z,0.0200,0.02,yes
2026-09-29T02:49:45.748199Z,0.0100,229.09,no
2026-09-29T02:49:45.819879Z,0.0200,1.87,yes
2026-09-29T02:49:45.958489Z,0.0200,22.97,yes
2026-09-29T02:49:45.958489Z,0.0200,23.82,yes
2026-09-29T02:49:45.979286Z,0.0100,60.85,no
2026-09-29T02:49:46.118796Z,0.0100,30.32,no
2026-09-29T02:49:46.132437Z,0.0100,9.36,no
2026-09-29T02:49:46.294568Z,0.0100,421.00,no
2026-09-29T02:49:46.476686Z,0.0100,76.20,no
2026-09-29T02:49:46.532626Z,0.0200,46.79,yes
2026-09-29T02:49:46.76628Z,0.0100,276.60,no
2026-09-29T02:49:47.034799Z,0.0100,19100.00,no
2026-09-29T02:49:47.034799Z,0.0100,5.96,no
2026-09-29T02:49:47.034799Z,0.0100,29.83,no
2026-09-29T02:49:47.034799Z,0.0100,2000.00,no
2026-09-29T02:49:47.034799Z,0.0100,28.08,no
2026-09-29T02:49:47.034799Z,0.0100,219.00,no
2026-09-29T02:49:47.034799Z,0.0100,3.00,no
2026-09-29T02:49:47.034799Z,0.0100,2.73,no
2026-09-29T02:49:47.034799Z,0.0100,30.03,no
2026-09-29T02:49:47.034799Z,0.0100,6.27,no
2026-09-29T02:49:47.034799Z,0.0100,600.00,no
2026-09-29T02:49:47.034799Z,0.0100,750.00,no
2026-09-29T02:49:47.034799Z,0.0100,200.00,no
2026-09-29T02:49:47.034799Z,0.0100,750.00,no
2026-09-29T02:49:47.034799Z,0.0100,200.00,no
2026-09-29T02:49:47.034799Z,0.0100,528.00,no
2026-09-29T02:49:47.034799Z,0.0100,400.00,no
2026-09-29T02:49:47.034799Z,0.0100,15000.00,no
2026-09-29T02:49:47.034799Z,0.0100,200.00,no
2026-09-29T02:49:47.034799Z,0.0100,50.00,no
2026-09-29T02:49:47.034799Z,0.0100,10000.00,no
2026-09-29T02:49:47.034799Z,0.0100,10000.00,no
2026-09-29T02:49:47.034799Z,0.0100,500.00,no
2026-09-29T02:49:47.034799Z,0.0100,100.00,no
2026-09-29T02:49:47.034799Z,0.0100,100.00,no
2026-09-29T02:49:47.034799Z,0.0100,50.00,no
2026-09-29T02:49:47.034799Z,0.0100,750.00,no
2026-09-29T02:49:47.034799Z,0.0100,500.00,no
2026-09-29T02:49:47.034799Z,0.0100,300.00,no
2026-09-29T02:49:47.034799Z,0.0100,1000.00,no
2026-09-29T02:49:47.034799Z,0.0100,200.00,no
2026-09-29T02:49:47.034799Z,0.0100,30000.00,no
2026-09-29T02:49:47.034799Z,0.0100,10.00,no
2026-09-29T02:49:47.034799Z,0.0100,500.00,no
2026-09-29T02:49:47.034799Z,0.0100,250000.00,no
2026-09-29T02:49:47.034799Z,0.0100,250000.00,no
2026-09-29T02:49:47.034799Z,0.0100,44444.00,no
2026-09-29T02:49:47.034799Z,0.0100,100.00,no
2026-09-29T02:49:47.034799Z,0.0100,1000.00,no
2026-09-29T02:49:47.034799Z,0.0100,300.00,no
2026-09-29T02:49:47.034799Z,0.0100,1000.00,no
2026-09-29T02:49:47.034799Z,0.0100,11111.00,no
2026-09-29T02:49:47.034799Z,0.0100,17.00,no
2026-09-29T02:49:47.034799Z,0.0100,10.00,no
2026-09-29T02:49:47.034799Z,0.0100,3.00,no
2026-09-29T02:49:47.034799Z,0.0100,5000.00,no
2026-09-29T02:49:47.034799Z,0.0100,150.00,no
2026-09-29T02:49:47.034799Z,0.0100,10.00,no
2026-09-29T02:49:47.034799Z,0.0100,1000.00,no
2026-09-29T02:49:47.034799Z,0.0100,300.00,no
2026-09-29T02:49:47.034799Z,0.0100,100.00,no
2026-09-29T02:49:47.034799Z,0.0100,200.00,no
2026-09-29T02:49:47.034799Z,0.0100,900.00,no
2026-09-29T02:49:47.034799Z,0.0100,44444.00,no
2026-09-29T02:49:47.034799Z,0.0100,10000.00,no
2026-09-29T02:49:47.034799Z,0.0100,2000.00,no
2026-09-29T02:49:47.034799Z,0.0100,1.23,no
2026-09-29T02:49:47.034799Z,0.0100,4000.00,no
2026-09-29T02:49:47.034799Z,0.0100,50000.00,no
2026-09-29T02:49:47.034799Z,0.0100,50000.00,no
2026-09-29T02:49:47.034799Z,0.0100,10000.00,no
2026-09-29T02:49:47.034799Z,0.0100,8.81,no
2026-09-29T02:49:47.034799Z,0.0100,10.15,no
2026-09-29T02:49:47.034799Z,0.0100,5.00,no
2026-09-29T02:49:47.034799Z,0.0100,73.55,no
2026-09-29T02:49:47.034799Z,0.0100,1.79,no
2026-09-29T02:49:47.034799Z,0.0100,100.00,no
2026-09-29T02:49:47.034799Z,0.0100,10.35,no
2026-09-29T02:49:47.034799Z,0.0100,2.56,no
2026-09-29T02:49:47.034799Z,0.0100,5.17,no
2026-09-29T02:49:47.034799Z,0.0100,17.97,no
2026-09-29T02:49:47.034799Z,0.0100,5.10,no
2026-09-29T02:49:47.034799Z,0.0100,0.98,no
2026-09-29T02:49:47.034799Z,0.0100,18.55,no
2026-09-29T02:49:47.034799Z,0.0100,19.98,no
2026-09-29T02:49:47.034799Z,0.0100,4.35,no
2026-09-29T02:49:47.034799Z,0.0100,0.19,no
2026-09-29T02:49:47.034799Z,0.0100,11.44,no
2026-09-29T02:49:47.034799Z,0.0100,2.28,no
2026-09-29T02:49:47.034799Z,0.0100,2.26,no
2026-09-29T02:49:47.034799Z,0.0100,3.96,no
2026-09-29T02:49:47.034799Z,0.0100,39.40,no
2026-09-29T02:49:47.034799Z,0.0100,3.14,no
2026-09-29T02:49:47.034799Z,0.0100,11.65,no
2026-09-29T02:49:47.034799Z,0.0100,50.00,no
2026-09-29T02:49:47.034799Z,0.0100,12.94,no
2026-09-29T02:49:47.034799Z,0.0100,51.75,no
2026-09-29T02:49:47.034799Z,0.0100,5.00,no
2026-09-29T02:49:47.034799Z,0.0100,12.94,no
2026-09-29T02:49:47.034799Z,0.0100,13.29,no
2026-09-29T02:49:47.034799Z,0.0100,26.58,no
2026-09-29T02:49:47.034799Z,0.0100,1.00,no
2026-09-29T02:49:47.034799Z,0.0100,0.57,no
2026-09-29T02:49:47.034799Z,0.0100,1.00,no
2026-09-29T02:49:47.034799Z,0.0100,1.00,no
2026-09-29T02:49:47.034799Z,0.0100,1.00,no
2026-09-29T02:49:47.034799Z,0.0100,185897.37,no
2026-09-29T02:49:47.135941Z,0.0100,600.00,yes
2026-09-29T02:49:47.205485Z,0.0100,600.00,yes
2026-09-29T02:49:47.278818Z,0.0100,600.00,yes
2026-09-29T02:49:47.378736Z,0.0100,46.79,yes
2026-09-29T02:49:47.380292Z,0.0100,600.00,yes
2026-09-29T02:49:47.435073Z,0.0100,46.79,yes
2026-09-29T02:49:47.454838Z,0.0100,600.00,yes
2026-09-29T02:49:47.554734Z,0.0100,600.00,yes
2026-09-29T02:49:47.654985Z,0.0100,600.00,yes
2026-09-29T02:49:47.726225Z,0.0100,600.00,yes
2026-09-29T02:49:47.795428Z,0.0100,600.00,yes
2026-09-29T02:49:47.838909Z,0.0100,2.33,yes
2026-09-29T02:49:47.904819Z,0.0100,600.00,yes
2026-09-29T02:49:47.912667Z,0.0100,233.95,yes
2026-09-29T02:49:47.988349Z,0.0100,286.00,yes
2026-09-29T02:49:48.271015Z,0.0100,93.51,yes
2026-09-29T02:49:48.289566Z,0.0100,233.95,yes
2026-09-29T02:49:48.459331Z,0.0100,467.90,yes
2026-09-29T02:49:48.470966Z,0.0100,14.40,yes
2026-09-29T02:49:48.609743Z,0.0100,48.62,yes
2026-09-29T02:49:48.628013Z,0.0100,467.59,yes
2026-09-29T02:49:48.698013Z,0.0100,93.51,yes
2026-09-29T02:49:49.004514Z,0.0100,2500.00,yes
2026-09-29T02:49:49.307186Z,0.0100,280.55,yes
2026-09-29T02:49:49.323942Z,0.0100,969.79,yes
2026-09-29T02:49:49.336961Z,0.0100,93.58,yes
2026-09-29T02:49:49.808499Z,0.0100,280.55,yes
2026-09-29T02:49:49.890771Z,0.0100,187.03,yes
2026-09-29T02:49:50.113989Z,0.0100,187.03,yes
2026-09-29T02:49:50.190846Z,0.0100,841.67,yes
2026-09-29T02:49:50.198103Z,0.0100,93.51,yes
2026-09-29T02:49:50.247176Z,0.0100,93.51,yes
2026-09-29T02:49:50.416079Z,0.0100,935.19,yes
2026-09-29T02:49:50.61864Z,0.0100,233.95,yes
2026-09-29T02:49:51.027876Z,0.0100,1402.78,yes
2026-09-29T02:49:51.499766Z,0.0100,93.51,yes
2026-09-29T02:49:51.857813Z,0.0100,23.37,yes
2026-09-29T02:49:52.097469Z,0.0100,800.00,yes
2026-09-29T02:49:52.221634Z,0.0100,80.42,yes
2026-09-29T02:49:52.568714Z,0.0100,93.51,yes
2026-09-29T02:49:52.634385Z,0.0100,46.75,yes
2026-09-29T02:49:52.741942Z,0.0100,280.55,yes
2026-09-29T02:49:52.780893Z,0.0100,250.00,yes
2026-09-29T02:49:52.848392Z,0.0100,467.90,yes
2026-09-29T02:49:52.922379Z,0.0100,93519.12,yes
2026-09-29T02:49:53.269957Z,0.0100,93.51,yes
2026-09-29T02:49:53.414966Z,0.0100,63.59,yes
2026-09-29T02:49:53.509105Z,0.0100,3.00,yes
2026-09-29T02:49:53.687408Z,0.0100,93.51,yes
2026-09-29T02:49:53.735907Z,0.0100,918.35,yes
2026-09-29T02:49:53.829804Z,0.0100,93.51,yes
2026-09-29T02:49:53.96691Z,0.0100,93.51,yes
2026-09-29T02:49:53.989365Z,0.0100,93.51,yes
2026-09-29T02:49:54.226189Z,0.0100,93.51,yes
2026-09-29T02:49:54.594744Z,0.0100,280.55,yes
2026-09-29T02:49:54.662797Z,0.0100,93.51,yes
2026-09-29T02:49:54.721584Z,0.0100,93.51,yes
2026-09-29T02:49:54.766506Z,0.0100,278.68,yes
2026-09-29T02:49:54.807433Z,0.0100,187.03,yes
2026-09-29T02:49:54.941838Z,0.0100,935.19,yes
2026-09-29T02:49:55.016673Z,0.0100,364.72,yes
2026-09-29T02:49:55.054524Z,0.0100,187.03,yes
2026-09-29T02:49:55.614341Z,0.0100,43.95,yes
2026-09-29T02:49:55.705226Z,0.0100,33.00,yes
2026-09-29T02:49:55.837144Z,0.0100,46.75,yes
2026-09-29T02:49:55.908277Z,0.0100,93.51,yes
2026-09-29T02:49:55.966899Z,0.0100,467.59,yes
2026-09-29T02:49:56.099066Z,0.0100,280.55,yes
2026-09-29T02:49:56.356832Z,0.0100,9351.91,yes
2026-09-29T02:49:56.511866Z,0.0100,250.00,yes
2026-09-29T02:49:56.693461Z,0.0100,187.03,yes
2026-09-29T02:49:56.722504Z,0.0100,233.95,yes
2026-09-29T02:49:56.894583Z,0.0100,654.63,yes
2026-09-29T02:49:57.159369Z,0.0100,93.51,yes
2026-09-29T02:49:57.230867Z,0.0100,93.51,yes
2026-09-29T02:49:57.233813Z,0.0100,172.07,yes
2026-09-29T02:49:57.284068Z,0.0100,0.93,yes
2026-09-29T02:49:57.350327Z,0.0100,9.00,yes
2026-09-29T02:49:58.090036Z,0.0100,93.51,yes
2026-09-29T02:49:58.307578Z,0.0100,93.51,yes
2026-09-29T02:49:58.733044Z,0.0100,125.31,yes
2026-09-29T02:49:58.978101Z,0.0100,1.00,yes
2026-09-29T02:49:59.106416Z,0.0100,1.00,yes
2026-09-29T02:49:59.120948Z,0.0100,93.51,yes
2026-09-29T02:49:59.259646Z,0.0100,9.35,yes
2026-09-29T02:49:59.320146Z,0.0100,187.03,yes
2026-09-29T02:49:59.431805Z,0.0100,62.65,yes
2026-09-29T02:49:59.456939Z,0.0100,9351.91,yes
2026-09-29T02:49:59.594022Z,0.0100,467.59,yes
2026-09-29T02:50:00.133611Z,0.0100,467.59,yes
2026-09-29T02:50:00.157679Z,0.0100,390.90,yes
2026-09-29T02:50:00.514678Z,0.0100,25.25,yes
2026-09-29T02:50:00.640314Z,0.0100,93.51,yes
2026-09-29T02:50:00.643123Z,0.0100,467.59,yes
2026-09-29T02:50:00.794855Z,0.0100,93.51,yes
2026-09-29T02:50:01.0748Z,0.0100,46.79,yes
2026-09-29T02:50:01.390275Z,0.0100,935.19,yes
2026-09-29T02:50:01.857679Z,0.0100,46.75,yes
2026-09-29T02:50:01.881729Z,0.0100,467.59,yes
2026-09-29T02:50:01.922827Z,0.0100,935.19,yes
2026-09-29T02:50:02.088085Z,0.0100,17.76,yes
2026-09-29T02:50:02.088696Z,0.0100,93.51,yes
2026-09-29T02:50:02.117594Z,0.0100,467.59,yes
2026-09-29T02:50:02.591307Z,0.0100,93.51,yes
2026-09-29T02:50:02.663823Z,0.0100,2339.50,yes
2026-09-29T02:50:02.818392Z,0.0100,467.59,yes
2026-09-29T02:50:02.988318Z,0.0100,33.00,yes
2026-09-29T02:50:03.041762Z,0.0100,1169.75,yes
2026-09-29T02:50:03.110196Z,0.0100,187.03,yes
2026-09-29T02:50:03.157908Z,0.0100,2000.00,yes
2026-09-29T02:50:03.902332Z,0.0100,93.51,yes
2026-09-29T02:50:04.118121Z,0.0100,187.03,yes
2026-09-29T02:50:04.36155Z,0.0100,233.95,yes
2026-09-29T02:50:04.593112Z,0.0100,9.35,yes
2026-09-29T02:50:04.597557Z,0.0100,152.43,yes
2026-09-29T02:50:05.21936Z,0.0100,187.03,yes
2026-09-29T02:50:05.318915Z,0.0100,93.51,yes
2026-09-29T02:50:05.620525Z,0.0100,5.61,yes
2026-09-29T02:50:05.621443Z,0.0100,93.51,yes
2026-09-29T02:50:05.746259Z,0.0100,130.92,yes
2026-09-29T02:50:05.782147Z,0.0100,93.51,yes
2026-09-29T02:50:05.941114Z,0.0100,187.03,yes
2026-09-29T02:50:06.000741Z,0.0100,46.75,yes
2026-09-29T02:50:06.050869Z,0.0100,49.12,yes
2026-09-29T02:50:06.206881Z,0.0100,5.61,yes
2026-09-29T02:50:06.307981Z,0.0100,93.51,yes
2026-09-29T02:50:06.492641Z,0.0100,93.51,yes
2026-09-29T02:50:06.500707Z,0.0100,0.93,yes
2026-09-29T02:50:06.512954Z,0.0100,93.51,yes
2026-09-29T02:50:06.680914Z,0.0100,467.59,yes
2026-09-29T02:50:06.799433Z,0.0100,93.51,yes
2026-09-29T02:50:06.955573Z,0.0100,93.51,yes
2026-09-29T02:50:07.223935Z,0.0100,93.51,yes
2026-09-29T02:50:07.259729Z,0.0100,280.55,yes
2026-09-29T02:50:07.265039Z,0.0100,0.93,yes
2026-09-29T02:50:07.547738Z,0.0100,467.59,yes
2026-09-29T02:50:07.718792Z,0.0100,935.19,yes
2026-09-29T02:50:07.832488Z,0.0100,93.51,yes
2026-09-29T02:50:07.848078Z,0.0100,333.00,yes
2026-09-29T02:50:08.127586Z,0.0100,93.51,yes
2026-09-29T02:50:08.238963Z,0.0100,24.00,yes
2026-09-29T02:50:08.588482Z,0.0100,93.51,yes
2026-09-29T02:50:08.652537Z,0.0100,9351.91,yes
2026-09-29T02:50:08.666605Z,0.0100,1870.38,yes
2026-09-29T02:50:08.678296Z,0.0100,935.19,yes
2026-09-29T02:50:08.858048Z,0.0100,93.51,yes
2026-09-29T02:50:08.869625Z,0.0100,53.30,yes
2026-09-29T02:50:08.882754Z,0.0100,93.51,yes
2026-09-29T02:50:08.907067Z,0.0100,93.51,yes
2026-09-29T02:50:08.913212Z,0.0100,467.59,yes
2026-09-29T02:50:09.018677Z,0.0100,93.51,yes
2026-09-29T02:50:09.051433Z,0.0100,187.03,yes
2026-09-29T02:50:09.08219Z,0.0100,64.52,yes
2026-09-29T02:50:09.411528Z,0.0100,93.51,yes
2026-09-29T02:50:09.454213Z,0.0100,467.59,yes
2026-09-29T02:50:09.567957Z,0.0100,28.05,yes
2026-09-29T02:50:09.743428Z,0.0100,467.59,yes
2026-09-29T02:50:09.853813Z,0.0100,9.35,yes
2026-09-29T02:50:09.999374Z,0.0100,37.40,yes
2026-09-29T02:50:10.443195Z,0.0100,1870.38,yes
2026-09-29T02:50:10.450504Z,0.0100,93.51,yes
2026-09-29T02:50:10.494061Z,0.0100,2337.97,yes
2026-09-29T02:50:10.546116Z,0.0100,187.03,yes
2026-09-29T02:50:10.562487Z,0.0100,100.00,yes
2026-09-29T02:50:10.772449Z,0.0100,467.59,yes
2026-09-29T02:50:10.821304Z,0.0100,93519.12,yes
2026-09-29T02:50:10.846579Z,0.0100,27.12,yes
2026-09-29T02:50:10.936226Z,0.0100,333.00,yes
2026-09-29T02:50:11.127689Z,0.0100,187.03,yes
2026-09-29T02:50:11.224757Z,0.0100,93.51,yes
2026-09-29T02:50:11.451138Z,0.0100,93.51,yes
2026-09-29T02:50:11.637108Z,0.0100,93.51,yes
2026-09-29T02:50:11.798864Z,0.0100,303.93,yes
2026-09-29T02:50:11.856172Z,0.0100,827.64,yes
2026-09-29T02:50:11.95747Z,0.0100,9351.91,yes
2026-09-29T02:50:12.230581Z,0.0100,93.51,yes
2026-09-29T02:50:12.340474Z,0.0100,166.00,yes
2026-09-29T02:50:12.615884Z,0.0100,280.55,yes
2026-09-29T02:50:12.95289Z,0.0100,60.78,yes
2026-09-29T02:50:13.034303Z,0.0100,93.51,yes
2026-09-29T02:50:13.214059Z,0.0100,467.59,yes
2026-09-29T02:50:13.228977Z,0.0100,1870.38,yes
2026-09-29T02:50:13.561404Z,0.0100,280.55,yes
2026-09-29T02:50:13.750841Z,0.0100,917.42,yes
2026-09-29T02:50:14.002224Z,0.0100,93.51,yes
2026-09-29T02:50:14.049414Z,0.0100,28.05,yes
2026-09-29T02:50:14.249431Z,0.0100,93.51,yes
2026-09-29T02:50:14.304879Z,0.0100,187.03,yes
2026-09-29T02:50:14.807573Z,0.0100,270.27,yes
2026-09-29T02:50:15.037672Z,0.0100,654.63,yes
2026-09-29T02:50:15.128921Z,0.0100,833.00,yes
2026-09-29T02:50:15.14046Z,0.0100,500.00,yes
2026-09-29T02:50:15.298784Z,0.0100,93.51,yes
2026-09-29T02:50:15.381178Z,0.0100,133.73,yes
2026-09-29T02:50:15.554032Z,0.0100,93.51,yes
2026-09-29T02:50:15.621856Z,0.0100,93.51,yes
2026-09-29T02:50:15.756531Z,0.0100,11.22,yes
2026-09-29T02:50:16.034189Z,0.0100,93.51,yes
2026-09-29T02:50:16.149927Z,0.0100,93.51,yes
2026-09-29T02:50:16.24639Z,0.0100,1870.38,yes
2026-09-29T02:50:16.512388Z,0.0100,93.51,yes
2026-09-29T02:50:16.939468Z,0.0100,9351.91,yes
2026-09-29T02:50:16.947688Z,0.0100,280.55,yes
2026-09-29T02:50:17.164447Z,0.0100,46.75,yes
2026-09-29T02:50:17.764639Z,0.0100,935.19,yes
2026-09-29T02:50:17.768656Z,0.0100,1870.38,yes
2026-09-29T02:50:17.872607Z,0.0100,50.00,yes
2026-09-29T02:50:18.1179Z,0.0100,467.90,yes
2026-09-29T02:50:18.123026Z,0.0100,187.03,yes
2026-09-29T02:50:18.224709Z,0.0100,93.51,yes
2026-09-29T02:50:18.23077Z,0.0100,93.51,yes
2026-09-29T02:50:18.499883Z,0.0100,93.51,yes
2026-09-29T02:50:18.707479Z,0.0100,374.07,yes
2026-09-29T02:50:18.844392Z,0.0100,3273.16,yes
2026-09-29T02:50:19.075161Z,0.0100,18.70,yes
2026-09-29T02:50:19.33985Z,0.0100,935.19,yes
2026-09-29T02:50:19.358542Z,0.0100,0.93,yes
2026-09-29T02:50:19.528972Z,0.0100,9.35,yes
2026-09-29T02:50:19.601498Z,0.0100,6.54,yes
2026-09-29T02:50:19.925923Z,0.0100,280.55,yes
2026-09-29T02:50:20.000688Z,0.0100,467.59,yes
2026-09-29T02:50:20.294435Z,0.0100,13.29,yes
2026-09-29T02:50:20.545665Z,0.0100,187.03,yes
2026-09-29T02:50:21.149387Z,0.0100,187.03,yes
2026-09-29T02:50:21.40418Z,0.0100,100.00,yes
2026-09-29T02:50:21.784117Z,0.0100,55.17,yes
2026-09-29T02:50:21.799239Z,0.0100,935.19,yes
2026-09-29T02:50:21.941882Z,0.0100,308.61,yes
2026-09-29T02:50:22.194048Z,0.0100,17.76,yes
2026-09-29T02:50:22.377772Z,0.0100,467.59,yes
2026-09-29T02:50:22.504508Z,0.0100,43.95,yes
2026-09-29T02:50:22.671284Z,0.0100,9351.91,yes
2026-09-29T02:50:22.737268Z,0.0100,93.51,yes
2026-09-29T02:50:23.071427Z,0.0100,37.40,yes
2026-09-29T02:50:23.195892Z,0.0100,46.75,yes
2026-09-29T02:50:23.888714Z,0.0100,187.03,yes
2026-09-29T02:50:24.299146Z,0.0100,5.00,yes
2026-09-29T02:50:24.332396Z,0.0100,467.59,yes
2026-09-29T02:50:24.351481Z,0.0100,93.51,yes
2026-09-29T02:50:24.388572Z,0.0100,467.59,yes
2026-09-29T02:50:24.437074Z,0.0100,935.19,yes
2026-09-29T02:50:24.791418Z,0.0100,93.51,yes
2026-09-29T02:50:24.806957Z,0.0100,100.00,yes
2026-09-29T02:50:24.949101Z,0.0100,2805.57,yes
2026-09-29T02:50:25.008475Z,0.0100,1666.33,yes
2026-09-29T02:50:25.023004Z,0.0100,223.51,yes
2026-09-29T02:50:25.374371Z,0.0100,93.51,yes
2026-09-29T02:50:25.990693Z,0.0100,935.19,yes
2026-09-29T02:50:26.044099Z,0.0100,935.19,yes
2026-09-29T02:50:26.535811Z,0.0100,9.35,yes
2026-09-29T02:50:26.759347Z,0.0100,935.19,yes
2026-09-29T02:50:26.800058Z,0.0100,187.03,yes
2026-09-29T02:50:26.920856Z,0.0100,467.59,yes
2026-09-29T02:50:26.960969Z,0.0100,66.00,yes
2026-09-29T02:50:27.274311Z,0.0100,100.00,yes
2026-09-29T02:50:28.26241Z,0.0100,187.03,yes
2026-09-29T02:50:28.579904Z,0.0100,935.19,yes
2026-09-29T02:50:28.871455Z,0.0100,0.93,yes
2026-09-29T02:50:28.970714Z,0.0100,4.67,yes
2026-09-29T02:50:28.99959Z,0.0100,54.24,yes
2026-09-29T02:50:29.119701Z,0.0100,467.59,yes
2026-09-29T02:50:29.557257Z,0.0100,93.51,yes
2026-09-29T02:50:29.66651Z,0.0100,187.03,yes
2026-09-29T02:50:29.891093Z,0.0100,1870.38,yes
2026-09-29T02:50:30.242888Z,0.0100,31.06,yes
2026-09-29T02:50:30.437063Z,0.0100,935.19,yes
2026-09-29T02:50:30.471833Z,0.0100,93.51,yes
2026-09-29T02:50:30.628883Z,0.0100,210.41,yes
2026-09-29T02:50:30.710581Z,0.0100,935.19,yes
2026-09-29T02:50:30.730416Z,0.0100,10.00,yes
2026-09-29T02:50:30.957531Z,0.0100,166.33,yes
2026-09-29T02:50:31.046961Z,0.0100,467.59,yes
2026-09-29T02:50:31.330696Z,0.0100,1402.78,yes
2026-09-29T02:50:31.405903Z,0.0100,935.19,yes
2026-09-29T02:50:31.547633Z,0.0100,1402.78,yes
2026-09-29T02:50:32.285853Z,0.0100,93.51,yes
2026-09-29T02:50:32.480896Z,0.0100,93.51,yes
2026-09-29T02:50:32.629597Z,0.0100,93.51,yes
2026-09-29T02:50:32.740592Z,0.0100,187.03,yes
2026-09-29T02:50:32.822271Z,0.0100,1870.38,yes
2026-09-29T02:50:32.87934Z,0.0100,11.22,yes
2026-09-29T02:50:32.933098Z,0.0100,467.59,yes
2026-09-29T02:50:32.99997Z,0.0100,187.03,yes
2026-09-29T02:50:33.018332Z,0.0100,93.51,yes
2026-09-29T02:50:33.105553Z,0.0100,935.19,yes
2026-09-29T02:50:33.207016Z,0.0100,16.83,yes
2026-09-29T02:50:33.307207Z,0.0100,3740.76,yes
2026-09-29T02:50:33.320849Z,0.0100,4675.95,yes
2026-09-29T02:50:33.36964Z,0.0100,93.51,yes
2026-09-29T02:50:33.413935Z,0.0100,100.00,yes
2026-09-29T02:50:33.419594Z,0.0100,2337.97,yes
2026-09-29T02:50:33.587308Z,0.0100,467.59,yes
2026-09-29T02:50:33.638366Z,0.0100,60.00,yes
2026-09-29T02:50:33.747358Z,0.0100,280.55,yes
2026-09-29T02:50:33.91278Z,0.0100,467.00,yes
2026-09-29T02:50:34.277428Z,0.0100,467.90,yes
2026-09-29T02:50:34.59364Z,0.0100,467.59,yes
2026-09-29T02:50:34.794086Z,0.0100,93.51,yes
2026-09-29T02:50:35.117291Z,0.0100,93.51,yes
2026-09-29T02:50:35.230235Z,0.0100,0.93,yes
2026-09-29T02:50:35.324157Z,0.0100,93.51,yes
2026-09-29T02:50:35.568868Z,0.0100,93.51,yes
2026-09-29T02:50:35.585689Z,0.0100,748.15,yes
2026-09-29T02:50:36.032244Z,0.0100,467.59,yes
2026-09-29T02:50:36.126255Z,0.0100,67.00,yes
2026-09-29T02:50:36.590232Z,0.0100,93.51,yes
2026-09-29T02:50:37.007377Z,0.0100,0.93,yes
2026-09-29T02:50:37.086844Z,0.0100,93.51,yes
2026-09-29T02:50:37.29681Z,0.0100,1000.00,yes
2026-09-29T02:50:37.351981Z,0.0100,93.51,yes
2026-09-29T02:50:37.550869Z,0.0100,467.59,yes
2026-09-29T02:50:37.67442Z,0.0100,1.87,yes
2026-09-29T02:50:38.099576Z,0.0100,166.33,yes
2026-09-29T02:50:38.133035Z,0.0100,46.75,yes
2026-09-29T02:50:38.416834Z,0.0100,2337.97,yes
2026-09-29T02:50:38.620407Z,0.0100,448.89,yes
2026-09-29T02:50:39.221122Z,0.0100,31.79,yes
2026-09-29T02:50:39.238903Z,0.0100,200.00,yes
2026-09-29T02:50:39.342995Z,0.0100,2337.97,yes
2026-09-29T02:50:39.494357Z,0.0100,467.59,yes
2026-09-29T02:50:39.530007Z,0.0100,1.87,yes
2026-09-29T02:50:39.75437Z,0.0100,1776.86,yes
2026-09-29T02:50:39.88271Z,0.0100,1870.38,yes
2026-09-29T02:50:40.397998Z,0.0100,22.44,yes
2026-09-29T02:50:40.710965Z,0.0100,93.51,yes
2026-09-29T02:50:40.714549Z,0.0100,187.03,yes
2026-09-29T02:50:41.459828Z,0.0100,93.51,yes
2026-09-29T02:50:41.898979Z,0.0100,93.00,yes
2026-09-29T02:50:41.901757Z,0.0100,12.15,yes
2026-09-29T02:50:42.173727Z,0.0100,2337.97,yes
2026-09-29T02:50:42.454808Z,0.0100,467.59,yes
2026-09-29T02:50:42.653692Z,0.0100,4208.36,yes
2026-09-29T02:50:43.13557Z,0.0100,93.51,yes
2026-09-29T02:50:43.413969Z,0.0100,46.75,yes
2026-09-29T02:50:43.455837Z,0.0100,93.51,yes
2026-09-29T02:50:43.476582Z,0.0100,935.19,yes
2026-09-29T02:50:43.739966Z,0.0100,53.30,yes
2026-09-29T02:50:43.81353Z,0.0100,93.51,yes
2026-09-29T02:50:43.828778Z,0.0100,4675.95,yes
2026-09-29T02:50:43.842809Z,0.0100,935.19,yes
2026-09-29T02:50:43.979943Z,0.0100,13.09,yes
2026-09-29T02:50:45.128926Z,0.0100,1870.38,yes
2026-09-29T02:50:45.16808Z,0.0100,333.00,yes
2026-09-29T02:50:45.42148Z,0.0100,935.19,yes
2026-09-29T02:50:45.468575Z,0.0100,93.51,yes
2026-09-29T02:50:46.379236Z,0.0100,93.51,yes
2026-09-29T02:50:46.384282Z,0.0100,59.85,yes
2026-09-29T02:50:46.64563Z,0.0100,1.87,yes
2026-09-29T02:50:46.745808Z,0.0100,935.19,yes
2026-09-29T02:50:46.799669Z,0.0100,935.19,yes
2026-09-29T02:50:47.05203Z,0.0100,935.19,yes
2026-09-29T02:50:47.261425Z,0.0100,26.18,yes
2026-09-29T02:50:47.319625Z,0.0100,93.51,yes
2026-09-29T02:50:47.420447Z,0.0100,46.75,yes
2026-09-29T02:50:47.535511Z,0.0100,93.51,yes
2026-09-29T02:50:48.095203Z,0.0100,187.03,yes
2026-09-29T02:50:48.249538Z,0.0100,467.59,yes
2026-09-29T02:50:48.472914Z,0.0100,61.72,yes
2026-09-29T02:50:48.520863Z,0.0100,666.00,yes
2026-09-29T02:50:48.796408Z,0.0100,46.75,yes
2026-09-29T02:50:49.221925Z,0.0100,0.93,yes
2026-09-29T02:50:49.34272Z,0.0100,935.19,yes
2026-09-29T02:50:49.579016Z,0.0100,0.93,yes
2026-09-29T02:50:49.740835Z,0.0100,467.59,yes
2026-09-29T02:50:49.883487Z,0.0100,2337.97,yes
2026-09-29T02:50:50.045698Z,0.0100,42.08,yes
2026-09-29T02:50:50.071507Z,0.0100,93.51,yes
2026-09-29T02:50:50.293855Z,0.0100,93.51,yes
2026-09-29T02:50:50.317611Z,0.0100,93.51,yes
2026-09-29T02:50:50.343898Z,0.0100,467.00,yes
2026-09-29T02:50:51.432537Z,0.0100,467.59,yes
2026-09-29T02:50:51.56338Z,0.0100,93.51,yes
2026-09-29T02:50:51.667181Z,0.0100,100.00,yes
2026-09-29T02:50:51.684364Z,0.0100,93.51,yes
2026-09-29T02:50:51.775685Z,0.0100,48.62,yes
2026-09-29T02:50:51.852599Z,0.0100,132.79,yes
2026-09-29T02:50:51.89796Z,0.0100,1870.38,yes
2026-09-29T02:50:51.915042Z,0.0100,4675.95,yes
2026-09-29T02:50:51.966439Z,0.0100,935.19,yes
2026-09-29T02:50:52.071085Z,0.0100,93.51,yes
2026-09-29T02:50:52.33871Z,0.0100,467.59,yes
2026-09-29T02:50:52.596022Z,0.0100,43.95,yes
2026-09-29T02:50:52.757206Z,0.0100,93.51,yes
2026-09-29T02:50:52.864385Z,0.0100,467.59,yes
2026-09-29T02:50:52.909093Z,0.0100,935.19,yes
2026-09-29T02:50:53.031461Z,0.0100,93.51,yes
2026-09-29T02:50:53.097308Z,0.0100,60.00,yes
2026-09-29T02:50:53.276519Z,0.0100,935.19,yes
2026-09-29T02:50:53.520397Z,0.0100,20.57,yes
2026-09-29T02:50:53.823323Z,0.0100,133.33,yes
2026-09-29T02:50:53.936761Z,0.0100,93.51,yes
2026-09-29T02:50:54.518905Z,0.0100,2337.97,yes
2026-09-29T02:50:54.540319Z,0.0100,18703.82,yes
2026-09-29T02:50:54.728249Z,0.0100,935.19,yes
2026-09-29T02:50:54.750233Z,0.0100,467.59,yes
2026-09-29T02:50:54.839992Z,0.0100,9351.91,yes
2026-09-29T02:50:55.043602Z,0.0100,467.59,yes
2026-09-29T02:50:55.081399Z,0.0100,93.00,yes
2026-09-29T02:50:55.191833Z,0.0100,5.61,yes
2026-09-29T02:50:55.528054Z,0.0100,187.03,yes
2026-09-29T02:50:55.812862Z,0.0100,467.59,yes
2026-09-29T02:50:55.934287Z,0.0100,93.51,yes
2026-09-29T02:50:55.977569Z,0.0100,467.59,yes
2026-09-29T02:50:55.992108Z,0.0100,46.75,yes
2026-09-29T02:50:56.482343Z,0.0100,93.51,yes
2026-09-29T02:50:56.67012Z,0.0100,2337.97,yes
2026-09-29T02:50:57.132852Z,0.0100,93.00,yes
2026-09-29T02:50:57.388862Z,0.0100,187.03,yes
2026-09-29T02:50:57.410317Z,0.0100,93.51,yes
2026-09-29T02:50:57.986298Z,0.0100,2805.57,yes
2026-09-29T02:50:58.193862Z,0.0100,280.55,yes
2026-09-29T02:50:58.299109Z,0.0100,467.59,yes
2026-09-29T02:50:59.026007Z,0.0100,4675.95,yes
2026-09-29T02:50:59.297013Z,0.0100,93.51,yes
2026-09-29T02:50:59.838705Z,0.0100,117.83,yes
2026-09-29T02:51:00.331514Z,0.0100,121.57,yes
2026-09-29T02:51:00.369009Z,0.0100,2337.97,yes
2026-09-29T02:51:00.40004Z,0.0100,4675.95,yes
2026-09-29T02:51:00.797284Z,0.0100,467.59,yes
2026-09-29T02:51:00.89407Z,0.0100,935.19,yes
2026-09-29T02:51:00.916244Z,0.0100,93.51,yes
2026-09-29T02:51:01.092582Z,0.0100,187.03,yes
2026-09-29T02:51:01.371762Z,0.0100,93.51,yes
2026-09-29T02:51:01.429886Z,0.0100,93.51,yes
2026-09-29T02:51:01.512552Z,0.0100,93.51,yes
2026-09-29T02:51:01.75115Z,0.0100,13.00,yes
2026-09-29T02:51:02.322342Z,0.0100,166.33,yes
2026-09-29T02:51:02.514223Z,0.0100,935.19,yes
2026-09-29T02:51:02.617079Z,0.0100,467.59,yes
2026-09-29T02:51:02.657363Z,0.0100,467.59,yes
2026-09-29T02:51:02.820904Z,0.0100,3506.96,yes
2026-09-29T02:51:03.107438Z,0.0100,467.59,yes
2026-09-29T02:51:03.378362Z,0.0100,93.51,yes
2026-09-29T02:51:03.419959Z,0.0100,935.19,yes
2026-09-29T02:51:03.691937Z,0.0100,46.75,yes
2026-09-29T02:51:04.162747Z,0.0100,333.00,yes
2026-09-29T02:51:04.367959Z,0.0100,1870.38,yes
2026-09-29T02:51:04.387505Z,0.0100,93.00,yes
2026-09-29T02:51:04.536467Z,0.0100,93.51,yes
2026-09-29T02:51:04.958373Z,0.0100,93.51,yes
2026-09-29T02:51:05.105849Z,0.0100,450.76,yes
2026-09-29T02:51:05.201363Z,0.0100,187.03,yes
2026-09-29T02:51:05.308558Z,0.0100,200.00,yes
2026-09-29T02:51:05.343085Z,0.0100,467.59,yes
2026-09-29T02:51:05.514443Z,0.0100,93.51,yes
2026-09-29T02:51:05.756272Z,0.0100,9.35,yes
2026-09-29T02:51:06.322154Z,0.0100,93.51,yes
2026-09-29T02:51:06.326471Z,0.0100,467.59,yes
2026-09-29T02:51:06.353975Z,0.0100,561.11,yes
2026-09-29T02:51:06.956854Z,0.0100,7013.93,yes
2026-09-29T02:51:06.996456Z,0.0100,187.03,yes
2026-09-29T02:51:07.825525Z,0.0100,93.51,yes
2026-09-29T02:51:08.43918Z,0.0100,467.59,yes
2026-09-29T02:51:08.444364Z,0.0100,935.19,yes
2026-09-29T02:51:08.487085Z,0.0100,467.59,yes
2026-09-29T02:51:08.720555Z,0.0100,65.46,yes
2026-09-29T02:51:09.153844Z,0.0100,1402.78,yes
2026-09-29T02:51:09.40295Z,0.0100,93.51,yes
2026-09-29T02:51:09.429461Z,0.0100,93.51,yes
2026-09-29T02:51:09.532922Z,0.0100,125.00,yes
2026-09-29T02:51:09.674025Z,0.0100,84.16,yes
2026-09-29T02:51:09.767532Z,0.0100,4675.95,yes
2026-09-29T02:51:09.840599Z,0.0100,348.00,yes
2026-09-29T02:51:11.046869Z,0.0100,467.59,yes
2026-09-29T02:51:11.152546Z,0.0100,93.51,yes
2026-09-29T02:51:11.156686Z,0.0100,93.51,yes
2026-09-29T02:51:11.174051Z,0.0100,93.51,yes
2026-09-29T02:51:11.334827Z,0.0100,935.19,yes
2026-09-29T02:51:11.378424Z,0.0100,93.51,yes
2026-09-29T02:51:11.411932Z,0.0100,147.76,yes
2026-09-29T02:51:11.679202Z,0.0100,935.19,yes
2026-09-29T02:51:11.83064Z,0.0100,467.59,yes
2026-09-29T02:51:11.929833Z,0.0100,0.93,yes
2026-09-29T02:51:12.02245Z,0.0100,294.58,yes
2026-09-29T02:51:12.177299Z,0.0100,2086.00,yes
2026-09-29T02:51:12.214851Z,0.0100,467.59,yes
2026-09-29T02:51:12.343964Z,0.0100,93.51,yes
2026-09-29T02:51:12.387378Z,0.0100,360.04,yes
2026-09-29T02:51:12.618352Z,0.0100,467.59,yes
2026-09-29T02:51:12.891682Z,0.0100,93.51,yes
2026-09-29T02:51:13.162031Z,0.0100,93.51,yes
2026-09-29T02:51:13.388773Z,0.0100,935.19,yes
2026-09-29T02:51:14.231361Z,0.0100,467.59,yes
2026-09-29T02:51:14.318245Z,0.0100,75.00,yes
2026-09-29T02:51:14.429316Z,0.0100,1870.38,yes
2026-09-29T02:51:15.336297Z,0.0100,93.51,yes
2026-09-29T02:51:15.342217Z,0.0100,2.80,yes
2026-09-29T02:51:15.446955Z,0.0100,935.19,yes
2026-09-29T02:51:15.693653Z,0.0100,3740.76,yes
2026-09-29T02:51:16.140963Z,0.0100,280.55,yes
2026-09-29T02:51:16.530209Z,0.0100,935.19,yes
2026-09-29T02:51:16.719186Z,0.0100,63.59,yes
2026-09-29T02:51:16.847935Z,0.0100,116.89,yes
2026-09-29T02:51:16.978885Z,0.0100,93.51,yes
2026-09-29T02:51:17.060051Z,0.0100,467.59,yes
2026-09-29T02:51:17.081547Z,0.0100,2.80,yes
2026-09-29T02:51:17.161232Z,0.0100,467.59,yes
2026-09-29T02:51:17.191936Z,0.0100,467.59,yes
2026-09-29T02:51:17.219546Z,0.0100,1870.38,yes
2026-09-29T02:51:17.242706Z,0.0100,93.51,yes
2026-09-29T02:51:17.401585Z,0.0100,46.75,yes
2026-09-29T02:51:17.489178Z,0.0100,93.51,yes
2026-09-29T02:51:17.795196Z,0.0100,338.53,yes
2026-09-29T02:51:17.921999Z,0.0100,187.03,yes
2026-09-29T02:51:17.964415Z,0.0100,93.51,yes
2026-09-29T02:51:18.011329Z,0.0100,140.27,yes
2026-09-29T02:51:18.125582Z,0.0100,4675.95,yes
2026-09-29T02:51:18.261227Z,0.0100,1870.38,yes
2026-09-29T02:51:18.391013Z,0.0100,148.69,yes
2026-09-29T02:51:18.650556Z,0.0100,93.51,yes
2026-09-29T02:51:18.937701Z,0.0100,47.69,yes
2026-09-29T02:51:18.991808Z,0.0100,93.51,yes
2026-09-29T02:51:19.016312Z,0.0100,0.93,yes
2026-09-29T02:51:19.580527Z,0.0100,935.19,yes
2026-09-29T02:51:19.734599Z,0.0100,93.51,yes
2026-09-29T02:51:19.962879Z,0.0100,93.51,yes
2026-09-29T02:51:20.994352Z,0.0100,187.03,yes
2026-09-29T02:51:21.170789Z,0.0100,935.19,yes
2026-09-29T02:51:21.433515Z,0.0100,4675.95,yes
2026-09-29T02:51:21.43562Z,0.0100,93.51,yes
2026-09-29T02:51:21.460468Z,0.0100,467.59,yes
2026-09-29T02:51:21.689887Z,0.0100,374.07,yes
2026-09-29T02:51:22.824658Z,0.0100,93.51,yes
2026-09-29T02:51:23.182934Z,0.0100,935.19,yes
2026-09-29T02:51:23.615712Z,0.0100,2.80,yes
2026-09-29T02:51:24.017976Z,0.0100,10000.00,yes
2026-09-29T02:51:24.037312Z,0.0100,93.51,yes
2026-09-29T02:51:24.050962Z,0.0100,467.59,yes
2026-09-29T02:51:24.246198Z,0.0100,1402.78,yes
2026-09-29T02:51:24.549832Z,0.0100,9351.91,yes
2026-09-29T02:51:24.553891Z,0.0100,2337.97,yes
2026-09-29T02:51:24.925204Z,0.0100,93.51,yes
2026-09-29T02:51:25.322122Z,0.0100,88.84,yes
2026-09-29T02:51:25.753112Z,0.0100,1870.38,yes
2026-09-29T02:51:25.883025Z,0.0100,935.19,yes
2026-09-29T02:51:26.096453Z,0.0100,31.79,yes
2026-09-29T02:51:26.186989Z,0.0100,93.51,yes
2026-09-29T02:51:27.325436Z,0.0100,93.51,yes
2026-09-29T02:51:27.472674Z,0.0100,557.37,yes
2026-09-29T02:51:27.491229Z,0.0100,187.03,yes
2026-09-29T02:51:27.778636Z,0.0100,74.81,yes
2026-09-29T02:51:28.350134Z,0.0100,14.02,yes
2026-09-29T02:51:28.448549Z,0.0100,166.00,yes
2026-09-29T02:51:28.51969Z,0.0100,183.29,yes
2026-09-29T02:51:29.025278Z,0.0100,467.59,yes
2026-09-29T02:51:29.382918Z,0.0100,561.11,yes
2026-09-29T02:51:29.776285Z,0.0100,280.55,yes
2026-09-29T02:51:29.859122Z,0.0100,20.57,yes
2026-09-29T02:51:30.00921Z,0.0100,71.07,yes
2026-09-29T02:51:30.272459Z,0.0100,93.51,yes
2026-09-29T02:51:30.33435Z,0.0100,0.93,yes
2026-09-29T02:51:30.34298Z,0.0100,935.19,yes
2026-09-29T02:51:30.562722Z,0.0100,9.35,yes
2026-09-29T02:51:30.587046Z,0.0100,935.19,yes
2026-09-29T02:51:31.129571Z,0.0100,467.00,yes
2026-09-29T02:51:31.607251Z,0.0100,93.51,yes
2026-09-29T02:51:31.672345Z,0.0100,9351.91,yes
2026-09-29T02:51:32.160225Z,0.0100,935.19,yes
2026-09-29T02:51:32.565317Z,0.0100,18.00,yes
2026-09-29T02:51:32.682756Z,0.0100,11128.77,yes
2026-09-29T02:51:32.705224Z,0.0100,4675.95,yes
2026-09-29T02:51:32.933499Z,0.0100,2337.97,yes
2026-09-29T02:51:33.14347Z,0.0100,4675.95,yes
2026-09-29T02:51:33.486725Z,0.0100,935.19,yes
2026-09-29T02:51:33.540503Z,0.0100,93.51,yes
2026-09-29T02:51:33.801835Z,0.0100,467.59,yes
2026-09-29T02:51:33.951271Z,0.0100,93.51,yes
2026-09-29T02:51:34.079568Z,0.0100,46.75,yes
2026-09-29T02:51:34.374498Z,0.0100,317.02,yes
2026-09-29T02:51:34.714548Z,0.0100,280.55,yes
2026-09-29T02:51:34.761582Z,0.0100,935.19,yes
2026-09-29T02:51:34.788564Z,0.0100,1870.38,yes
2026-09-29T02:51:34.991337Z,0.0100,49.56,yes
2026-09-29T02:51:35.137471Z,0.0100,1099.78,yes
2026-09-29T02:51:35.372903Z,0.0100,93.51,yes
2026-09-29T02:51:35.509354Z,0.0100,467.59,yes
2026-09-29T02:51:35.573309Z,0.0100,935.19,yes
2026-09-29T02:51:35.832454Z,0.0100,93.51,yes
2026-09-29T02:51:36.457495Z,0.0100,467.59,yes
2026-09-29T02:51:36.500543Z,0.0100,9.35,yes
2026-09-29T02:51:36.963394Z,0.0100,467.59,yes
2026-09-29T02:51:37.218311Z,0.0100,166.00,yes
2026-09-29T02:51:37.442549Z,0.0100,1496.30,yes
2026-09-29T02:51:37.571105Z,0.0100,935.19,yes
2026-09-29T02:51:37.61527Z,0.0100,935.19,yes
2026-09-29T02:51:37.690448Z,0.0100,374.07,yes
2026-09-29T02:51:38.328715Z,0.0100,93.51,yes
2026-09-29T02:51:39.068877Z,0.0100,0.93,yes
2026-09-29T02:51:39.15288Z,0.0100,93.51,yes
2026-09-29T02:51:39.535839Z,0.0100,93.51,yes
2026-09-29T02:51:40.096481Z,0.0100,93.51,yes
2026-09-29T02:51:40.117763Z,0.0100,93.51,yes
2026-09-29T02:51:40.435742Z,0.0100,187.03,yes
2026-09-29T02:51:40.452238Z,0.0100,93.51,yes
2026-09-29T02:51:40.867901Z,0.0100,166.00,yes
2026-09-29T02:51:40.96194Z,0.0100,10000.00,yes
2026-09-29T02:51:41.979424Z,0.0100,935.19,yes
2026-09-29T02:51:42.26991Z,0.0100,93.51,yes
2026-09-29T02:51:42.270526Z,0.0100,93.51,yes
2026-09-29T02:51:42.37813Z,0.0100,4675.95,yes
2026-09-29T02:51:42.721286Z,0.0100,748.15,yes
2026-09-29T02:51:43.082583Z,0.0100,93.51,yes
2026-09-29T02:51:43.36013Z,0.0100,7.48,yes
2026-09-29T02:51:43.371507Z,0.0100,93.51,yes
2026-09-29T02:51:43.997587Z,0.0100,6.00,yes
2026-09-29T02:51:44.428333Z,0.0100,546.56,yes
2026-09-29T02:51:44.460327Z,0.0100,93.51,yes
2026-09-29T02:51:44.554978Z,0.0100,93.51,yes
2026-09-29T02:51:44.659777Z,0.0100,33.00,yes
2026-09-29T02:51:45.017635Z,0.0100,280.55,yes
2026-09-29T02:51:45.4065Z,0.0100,93.51,yes
2026-09-29T02:51:45.446485Z,0.0100,467.59,yes
2026-09-29T02:51:45.480974Z,0.0100,187.03,yes
2026-09-29T02:51:45.661833Z,0.0100,93.51,yes
2026-09-29T02:51:45.66607Z,0.0100,93.51,yes
2026-09-29T02:51:46.197113Z,0.0100,467.59,yes
2026-09-29T02:51:46.580531Z,0.0100,935.19,yes
2026-09-29T02:51:46.658704Z,0.0100,467.59,yes
2026-09-29T02:51:46.856712Z,0.0100,333.00,yes
2026-09-29T02:51:46.873391Z,0.0100,70.13,yes
2026-09-29T02:51:47.276344Z,0.0100,37.40,yes
2026-09-29T02:51:47.534204Z,0.0100,4675.95,yes
2026-09-29T02:51:48.737822Z,0.0100,467.59,yes
2026-09-29T02:51:48.817221Z,0.0100,467.59,yes
2026-09-29T02:51:49.175651Z,0.0100,187.03,yes
2026-09-29T02:51:49.415755Z,0.0100,44.88,yes
2026-09-29T02:51:49.68012Z,0.0100,935.19,yes
2026-09-29T02:51:49.702186Z,0.0100,1666.33,yes
2026-09-29T02:51:49.99043Z,0.0100,333.00,yes
2026-09-29T02:51:50.37139Z,0.0100,93.51,yes
2026-09-29T02:51:50.720407Z,0.0100,187.03,yes
2026-09-29T02:51:50.944418Z,0.0100,4.00,yes
2026-09-29T02:51:51.01085Z,0.0100,4675.95,yes
2026-09-29T02:51:51.025506Z,0.0100,9.35,yes
2026-09-29T02:51:51.366285Z,0.0100,187.03,yes
2026-09-29T02:51:52.065965Z,0.0100,333.00,yes
2026-09-29T02:51:52.170019Z,0.0100,1.00,yes
2026-09-29T02:51:52.320821Z,0.0100,1.87,yes
2026-09-29T02:51:52.339063Z,0.0100,79.49,yes
2026-09-29T02:51:52.667772Z,0.0100,1870.38,yes
2026-09-29T02:51:52.699063Z,0.0100,93.51,yes
2026-09-29T02:51:52.950909Z,0.0100,0.93,yes
2026-09-29T02:51:53.068619Z,0.0100,467.59,yes
2026-09-29T02:51:53.201084Z,0.0100,93.51,yes
2026-09-29T02:51:53.342675Z,0.0100,4675.95,yes
2026-09-29T02:51:54.019545Z,0.0100,93.51,yes
2026-09-29T02:51:54.221711Z,0.0100,467.59,yes
2026-09-29T02:51:54.460693Z,0.0100,467.59,yes
2026-09-29T02:51:54.580779Z,0.0100,93.51,yes
2026-09-29T02:51:54.614325Z,0.0100,2.98,yes
2026-09-29T02:51:54.684748Z,0.0100,2337.97,yes
2026-09-29T02:51:54.694553Z,0.0100,1000.00,yes
2026-09-29T02:51:55.081022Z,0.0100,239.40,yes
2026-09-29T02:51:55.442352Z,0.0100,90.71,yes
2026-09-29T02:51:55.611241Z,0.0100,9.35,yes
2026-09-29T02:51:55.650432Z,0.0100,467.59,yes
2026-09-29T02:51:55.771044Z,0.0100,18703.82,yes
2026-09-29T02:51:56.010776Z,0.0100,1028.71,yes
2026-09-29T02:51:56.04448Z,0.0100,23.37,yes
2026-09-29T02:51:56.147332Z,0.0100,187.03,yes
2026-09-29T02:51:56.149555Z,0.0100,187.03,yes
2026-09-29T02:51:56.177277Z,0.0100,935.19,yes
2026-09-29T02:51:56.52086Z,0.0100,935.19,yes
2026-09-29T02:51:56.674206Z,0.0100,374.07,yes
2026-09-29T02:51:57.19087Z,0.0100,467.59,yes
2026-09-29T02:51:57.257759Z,0.0100,33.00,yes
2026-09-29T02:51:57.403443Z,0.0100,280.55,yes
2026-09-29T02:51:57.580405Z,0.0100,935.19,yes
2026-09-29T02:51:57.645728Z,0.0100,93.51,yes
2026-09-29T02:51:57.81149Z,0.0100,33.00,yes
2026-09-29T02:51:58.039102Z,0.0100,187.03,yes
2026-09-29T02:51:58.302831Z,0.0100,467.59,yes
2026-09-29T02:51:58.572518Z,0.0100,1870.38,yes
2026-09-29T02:51:58.949357Z,0.0100,1122.22,yes
2026-09-29T02:51:59.198825Z,0.0100,93.51,yes
2026-09-29T02:51:59.368312Z,0.0100,34.60,yes
2026-09-29T02:51:59.560661Z,0.0100,935.19,yes
2026-09-29T02:51:59.582973Z,0.0100,935.19,yes
2026-09-29T02:51:59.837911Z,0.0100,93.51,yes
2026-09-29T02:51:59.945823Z,0.0100,935.19,yes
2026-09-29T02:51:59.996597Z,0.0100,935.19,yes
2026-09-29T02:52:00.310187Z,0.0100,187.03,yes
2026-09-29T02:52:00.499498Z,0.0100,93.51,yes
2026-09-29T02:52:00.512437Z,0.0100,280.55,yes
2026-09-29T02:52:00.682874Z,0.0100,93.51,yes
2026-09-29T02:52:02.027072Z,0.0100,23.37,yes
2026-09-29T02:52:02.16121Z,0.0100,85.10,yes
2026-09-29T02:52:02.581317Z,0.0100,94.45,yes
2026-09-29T02:52:02.594642Z,0.0100,93.51,yes
2026-09-29T02:52:02.736441Z,0.0100,50.00,yes
2026-09-29T02:52:02.936015Z,0.0100,18.70,yes
2026-09-29T02:52:03.161825Z,0.0100,93.51,yes
2026-09-29T02:52:03.398785Z,0.0100,93.51,yes
2026-09-29T02:52:03.410758Z,0.0100,467.59,yes
2026-09-29T02:52:03.432518Z,0.0100,467.59,yes
2026-09-29T02:52:03.513434Z,0.0100,467.59,yes
2026-09-29T02:52:03.943497Z,0.0100,38.34,yes
2026-09-29T02:52:04.080332Z,0.0100,93.51,yes
2026-09-29T02:52:04.131204Z,0.0100,93.51,yes
2026-09-29T02:52:04.712472Z,0.0100,467.59,yes
2026-09-29T02:52:04.738384Z,0.0100,467.59,yes
2026-09-29T02:52:04.97412Z,0.0100,2337.97,yes
2026-09-29T02:52:05.033488Z,0.0100,467.59,yes
2026-09-29T02:52:05.104508Z,0.0100,935.19,yes
2026-09-29T02:52:05.158537Z,0.0100,93.51,yes
2026-09-29T02:52:05.23005Z,0.0100,93.51,yes
2026-09-29T02:52:05.279163Z,0.0100,93.51,yes
2026-09-29T02:52:05.439849Z,0.0100,93.51,yes
2026-09-29T02:52:06.12253Z,0.0100,45.82,yes
2026-09-29T02:52:06.153415Z,0.0100,66.33,yes
2026-09-29T02:52:06.389704Z,0.0100,467.59,yes
2026-09-29T02:52:06.534963Z,0.0100,100.00,yes
2026-09-29T02:52:06.579921Z,0.0100,935.19,yes
2026-09-29T02:52:07.50888Z,0.0100,93.51,yes
2026-09-29T02:52:07.826574Z,0.0100,187.03,yes
2026-09-29T02:52:08.067944Z,0.0100,467.59,yes
2026-09-29T02:52:08.126583Z,0.0100,467.59,yes
2026-09-29T02:52:08.227217Z,0.0100,93.51,yes
2026-09-29T02:52:08.237808Z,0.0100,187.03,yes
2026-09-29T02:52:08.355238Z,0.0100,10.00,yes
2026-09-29T02:52:09.382941Z,0.0100,187.03,yes
2026-09-29T02:52:10.026854Z,0.0100,94.45,yes
2026-09-29T02:52:10.356742Z,0.0100,935.19,yes
2026-09-29T02:52:10.469782Z,0.0100,1870.38,yes
2026-09-29T02:52:10.566575Z,0.0100,1402.78,yes
2026-09-29T02:52:10.57723Z,0.0100,43.95,yes
2026-09-29T02:52:10.601708Z,0.0100,4675.95,yes
2026-09-29T02:52:11.024073Z,0.0100,187.03,yes
2026-09-29T02:52:11.254669Z,0.0100,93.51,yes
2026-09-29T02:52:11.380605Z,0.0100,935.19,yes
2026-09-29T02:52:11.658984Z,0.0100,93.51,yes
2026-09-29T02:52:11.951437Z,0.0100,935.19,yes
2026-09-29T02:52:12.164341Z,0.0100,280.55,yes
2026-09-29T02:52:12.242821Z,0.0100,93.51,yes
2026-09-29T02:52:12.325892Z,0.0100,93.51,yes
2026-09-29T02:52:12.339887Z,0.0100,95.38,yes
2026-09-29T02:52:12.448083Z,0.0100,467.59,yes
2026-09-29T02:52:12.601732Z,0.0100,935.19,yes
2026-09-29T02:52:12.822289Z,0.0100,7.48,yes
2026-09-29T02:52:13.003295Z,0.0100,467.59,yes
2026-09-29T02:52:13.241625Z,0.0100,187.03,yes
2026-09-29T02:52:13.570966Z,0.0100,374.07,yes
2026-09-29T02:52:13.759129Z,0.0100,467.59,yes
2026-09-29T02:52:14.232388Z,0.0100,935.19,yes
2026-09-29T02:52:14.349116Z,0.0100,93.51,yes
2026-09-29T02:52:14.513289Z,0.0100,9351.91,yes
2026-09-29T02:52:14.768288Z,0.0100,333.00,yes
2026-09-29T02:52:14.81843Z,0.0100,47.69,yes
2026-09-29T02:52:15.804019Z,0.0100,467.59,yes
2026-09-29T02:52:15.987559Z,0.0100,935.19,yes
2026-09-29T02:52:16.172006Z,0.0100,100.00,yes
2026-09-29T02:52:16.373479Z,0.0100,748.15,yes
2026-09-29T02:52:16.682586Z,0.0100,5424.10,yes
2026-09-29T02:52:16.791403Z,0.0100,100.00,yes
2026-09-29T02:52:17.103729Z,0.0100,93.51,yes
2026-09-29T02:52:17.294968Z,0.0100,93.51,yes
2026-09-29T02:52:18.210881Z,0.0100,34.00,yes
2026-09-29T02:52:18.319876Z,0.0100,841.67,yes
2026-09-29T02:52:18.470517Z,0.0100,9351.91,yes
2026-09-29T02:52:18.594409Z,0.0100,19.63,yes
2026-09-29T02:52:19.630488Z,0.0100,800.52,yes
2026-09-29T02:52:19.637358Z,0.0100,93.51,yes
2026-09-29T02:52:20.460318Z,0.0100,9.35,yes
2026-09-29T02:52:20.504148Z,0.0100,93.51,yes
2026-09-29T02:52:20.891585Z,0.0100,467.59,yes
2026-09-29T02:52:21.074918Z,0.0100,9.00,yes
2026-09-29T02:52:21.247479Z,0.0100,467.59,yes
2026-09-29T02:52:21.650375Z,0.0100,81.36,yes
2026-09-29T02:52:21.781613Z,0.0100,935.19,yes
2026-09-29T02:52:21.925737Z,0.0100,93.51,yes
2026-09-29T02:52:21.926162Z,0.0100,70000.00,yes
2026-09-29T02:52:22.100112Z,0.0100,93.51,yes
2026-09-29T02:52:22.295058Z,0.0100,841.67,yes
2026-09-29T02:52:22.496658Z,0.0100,0.93,yes
2026-09-29T02:52:22.564357Z,0.0100,27.12,yes
2026-09-29T02:52:22.569338Z,0.0100,93.51,yes
2026-09-29T02:52:22.62376Z,0.0100,262.00,yes
2026-09-29T02:52:22.908155Z,0.0100,935.19,yes
2026-09-29T02:52:22.944611Z,0.0100,23.37,yes
2026-09-29T02:52:23.289633Z,0.0100,93.51,yes
2026-09-29T02:52:23.706257Z,0.0100,86.03,yes
2026-09-29T02:52:24.192546Z,0.0100,280.55,yes
2026-09-29T02:52:24.207672Z,0.0100,93.51,yes
2026-09-29T02:52:24.357805Z,0.0100,93.51,yes
2026-09-29T02:52:24.387769Z,0.0100,935.19,yes
2026-09-29T02:52:24.579395Z,0.0100,467.59,yes
2026-09-29T02:52:24.595804Z,0.0100,100.06,yes
2026-09-29T02:52:24.706027Z,0.0100,467.59,yes
2026-09-29T02:52:25.043686Z,0.0100,187.03,yes
2026-09-29T02:52:25.168432Z,0.0100,939.86,yes
2026-09-29T02:52:25.82159Z,0.0100,467.59,yes
2026-09-29T02:52:25.871488Z,0.0100,935.19,yes
2026-09-29T02:52:25.991309Z,0.0100,93.51,yes
2026-09-29T02:52:26.889806Z,0.0100,467.59,yes
2026-09-29T02:52:27.660848Z,0.0100,467.59,yes
2026-09-29T02:52:27.671487Z,0.0100,280.55,yes
2026-09-29T02:52:27.93209Z,0.0100,1870.38,yes
2026-09-29T02:52:28.624386Z,0.0100,46.75,yes
2026-09-29T02:52:28.984638Z,0.0100,469.00,yes
2026-09-29T02:52:29.147712Z,0.0100,935.19,yes
2026-09-29T02:52:29.256596Z,0.0100,135.59,yes
2026-09-29T02:52:30.062964Z,0.0100,93.51,yes
2026-09-29T02:52:30.180664Z,0.0100,935.19,yes
2026-09-29T02:52:30.199196Z,0.0100,9.35,yes
2026-09-29T02:52:30.243247Z,0.0100,93.51,yes
2026-09-29T02:52:30.349898Z,0.0100,1870.38,yes
2026-09-29T02:52:30.542994Z,0.0100,280.55,yes
2026-09-29T02:52:30.562056Z,0.0100,46.75,yes
2026-09-29T02:52:30.741426Z,0.0100,467.59,yes
2026-09-29T02:52:30.836835Z,0.0100,935.19,yes
2026-09-29T02:52:31.025455Z,0.0100,280.55,yes
2026-09-29T02:52:31.036208Z,0.0100,935.19,yes
2026-09-29T02:52:31.058026Z,0.0100,104.50,yes
2026-09-29T02:52:31.099408Z,0.0100,280.55,yes
2026-09-29T02:52:31.135187Z,0.0100,93.51,yes
2026-09-29T02:52:31.233827Z,0.0100,187.03,yes
2026-09-29T02:52:31.52532Z,0.0100,93.51,yes
2026-09-29T02:52:31.556947Z,0.0100,93.51,yes
2026-09-29T02:52:31.842433Z,0.0100,100.00,yes
2026-09-29T02:52:32.308522Z,0.0100,100.00,yes
2026-09-29T02:52:33.070763Z,0.0100,93.51,yes
2026-09-29T02:52:33.754623Z,0.0100,187.03,yes
2026-09-29T02:52:34.047625Z,0.0100,935.19,yes
2026-09-29T02:52:34.218419Z,0.0100,467.59,yes
2026-09-29T02:52:34.224742Z,0.0100,32.73,yes
2026-09-29T02:52:34.830992Z,0.0100,1496.30,yes
2026-09-29T02:52:35.104152Z,0.0100,93.51,yes
2026-09-29T02:52:35.476676Z,0.0100,200.00,yes
2026-09-29T02:52:35.627457Z,0.0100,187.03,yes
2026-09-29T02:52:35.929783Z,0.0100,93.51,yes
2026-09-29T02:52:35.970463Z,0.0100,96.32,yes
2026-09-29T02:52:36.173688Z,0.0100,280.55,yes
2026-09-29T02:52:36.193189Z,0.0100,467.59,yes
2026-09-29T02:52:36.545803Z,0.0100,935.19,yes
2026-09-29T02:52:36.724674Z,0.0100,935.19,yes
2026-09-29T02:52:37.042297Z,0.0100,12.00,yes
2026-09-29T02:52:37.058718Z,0.0100,93.51,yes
2026-09-29T02:52:37.086017Z,0.0100,0.93,yes
2026-09-29T02:52:37.278168Z,0.0100,935.00,yes
2026-09-29T02:52:37.740476Z,0.0100,917.42,yes
2026-09-29T02:52:37.89196Z,0.0100,93.51,yes
2026-09-29T02:52:38.496784Z,0.0100,18.70,yes
2026-09-29T02:52:39.159015Z,0.0100,935.19,yes
2026-09-29T02:52:39.232156Z,0.0100,935.19,yes
2026-09-29T02:52:40.93728Z,0.0100,74.81,yes
2026-09-29T02:52:41.001033Z,0.0100,935.19,yes
2026-09-29T02:52:41.241082Z,0.0100,18.70,yes
2026-09-29T02:52:41.337632Z,0.0100,1133.00,yes
2026-09-29T02:52:41.405836Z,0.0100,93.51,yes
2026-09-29T02:52:41.478288Z,0.0100,935.19,yes
2026-09-29T02:52:42.442418Z,0.0100,82.29,yes
2026-09-29T02:52:42.97286Z,0.0100,93.51,yes
2026-09-29T02:52:42.997117Z,0.0100,467.59,yes
2026-09-29T02:52:43.048675Z,0.0100,1028.71,yes
2026-09-29T02:52:43.059885Z,0.0100,280.55,yes
2026-09-29T02:52:43.125874Z,0.0100,459.17,yes
2026-09-29T02:52:43.181361Z,0.0100,467.59,yes
2026-09-29T02:52:43.263822Z,0.0100,2337.97,yes
2026-09-29T02:52:43.264592Z,0.0100,93.51,yes
2026-09-29T02:52:43.810421Z,0.0100,935.19,yes
2026-09-29T02:52:43.844464Z,0.0100,9351.91,yes
2026-09-29T02:52:44.1477Z,0.0100,93.51,yes
2026-09-29T02:52:44.414391Z,0.0100,46.75,yes
2026-09-29T02:52:45.088071Z,0.0100,935.19,yes
2026-09-29T02:52:45.27034Z,0.0100,23.37,yes
2026-09-29T02:52:45.657181Z,0.0100,561.11,yes
2026-09-29T02:52:46.170602Z,0.0100,467.59,yes
2026-09-29T02:52:46.548575Z,0.0100,93.51,yes
2026-09-29T02:52:46.592592Z,0.0100,48.62,yes
2026-09-29T02:52:47.122615Z,0.0100,31.79,yes
2026-09-29T02:52:47.160855Z,0.0100,829.51,yes
2026-09-29T02:52:47.299801Z,0.0100,1997.00,yes
2026-09-29T02:52:47.310641Z,0.0100,200.00,yes
2026-09-29T02:52:47.317919Z,0.0100,93.51,yes
2026-09-29T02:52:47.741353Z,0.0100,93.51,yes
2026-09-29T02:52:48.336212Z,0.0100,93.51,yes
2026-09-29T02:52:48.433708Z,0.0100,0.93,yes
2026-09-29T02:52:48.491546Z,0.0100,1666.00,yes
2026-09-29T02:52:48.740882Z,0.0100,3.74,yes
2026-09-29T02:52:48.834854Z,0.0100,93.51,yes
2026-09-29T02:52:49.104742Z,0.0100,115.02,yes
2026-09-29T02:52:49.183265Z,0.0100,9.35,yes
2026-09-29T02:52:49.203769Z,0.0100,93.51,yes
2026-09-29T02:52:49.955161Z,0.0100,93.51,yes
2026-09-29T02:52:50.074524Z,0.0100,1028.71,yes
2026-09-29T02:52:50.158566Z,0.0100,9.35,yes
2026-09-29T02:52:50.346806Z,0.0100,46.75,yes
2026-09-29T02:52:50.459888Z,0.0100,467.59,yes
2026-09-29T02:52:50.497402Z,0.0100,144.95,yes
2026-09-29T02:52:50.625916Z,0.0100,499.00,yes
2026-09-29T02:52:50.751574Z,0.0100,4675.95,yes
2026-09-29T02:52:51.010998Z,0.0100,79.49,yes
2026-09-29T02:52:51.51711Z,0.0100,4675.95,yes
2026-09-29T02:52:51.93375Z,0.0100,566.00,yes
2026-09-29T02:52:52.07174Z,0.0100,93.51,yes
2026-09-29T02:52:52.103594Z,0.0100,935.19,yes
2026-09-29T02:52:52.148058Z,0.0100,187.03,yes
2026-09-29T02:52:52.992083Z,0.0100,935.19,yes
2026-09-29T02:52:53.487047Z,0.0100,467.59,yes
2026-09-29T02:52:53.504446Z,0.0100,81.06,yes
2026-09-29T02:52:53.592296Z,0.0100,374.07,yes
2026-09-29T02:52:54.08342Z,0.0100,39.27,yes
2026-09-29T02:52:54.360421Z,0.0100,280.55,yes
2026-09-29T02:52:54.737893Z,0.0100,93.51,yes
2026-09-29T02:52:54.960259Z,0.0100,296.45,yes
2026-09-29T02:52:55.611344Z,0.0100,935.19,yes
2026-09-29T02:52:56.298105Z,0.0100,500.00,yes
2026-09-29T02:52:56.362914Z,0.0100,65.46,yes
2026-09-29T02:52:56.511279Z,0.0100,467.59,yes
2026-09-29T02:52:57.486867Z,0.0100,93.51,yes
2026-09-29T02:52:58.029663Z,0.0100,5891.70,yes
2026-09-29T02:52:58.801746Z,0.0100,147.76,yes
2026-09-29T02:52:59.064429Z,0.0100,93.51,yes
2026-09-29T02:53:00.014316Z,0.0100,93.51,yes
2026-09-29T02:53:00.844911Z,0.0100,467.59,yes
2026-09-29T02:53:00.884098Z,0.0100,64.52,yes
2026-09-29T02:53:01.094181Z,0.0100,85.10,yes
2026-09-29T02:53:01.144824Z,0.0100,1776.86,yes
2026-09-29T02:53:01.871505Z,0.0100,9.35,yes
2026-09-29T02:53:02.34263Z,0.0100,467.59,yes
2026-09-29T02:53:02.473571Z,0.0100,4.67,yes
2026-09-29T02:53:02.998092Z,0.0100,10.28,yes
2026-09-29T02:53:03.477021Z,0.0100,342.27,yes
2026-09-29T02:53:03.519834Z,0.0100,2337.97,yes
2026-09-29T02:53:03.964349Z,0.0100,2337.97,yes
2026-09-29T02:53:04.087811Z,0.0100,93.51,yes
2026-09-29T02:53:04.287129Z,0.0100,46.75,yes
2026-09-29T02:53:04.957629Z,0.0100,54.24,yes
2026-09-29T02:53:05.233638Z,0.0100,935.19,yes
2026-09-29T02:53:05.42366Z,0.0100,24.00,yes
2026-09-29T02:53:05.486647Z,0.0100,93.51,yes
2026-09-29T02:53:05.617798Z,0.0100,654.63,yes
2026-09-29T02:53:06.320852Z,0.0100,9.35,yes
2026-09-29T02:53:06.414601Z,0.0100,16.00,yes
2026-09-29T02:53:06.870118Z,0.0100,93.51,yes
2026-09-29T02:53:07.027004Z,0.0100,467.59,yes
2026-09-29T02:53:07.830887Z,0.0100,467.59,yes
2026-09-29T02:53:08.395386Z,0.0100,93.51,yes
2026-09-29T02:53:09.211403Z,0.0100,495.00,yes
2026-09-29T02:53:09.23071Z,0.0100,0.93,yes
2026-09-29T02:53:09.382885Z,0.0100,166.00,yes
2026-09-29T02:53:09.768703Z,0.0100,24.31,yes
2026-09-29T02:53:10.367546Z,0.0100,93.51,yes
2026-09-29T02:53:10.473822Z,0.0100,935.19,yes
2026-09-29T02:53:10.521601Z,0.0100,10.28,yes
2026-09-29T02:53:10.612752Z,0.0100,93.51,yes
2026-09-29T02:53:10.709694Z,0.0100,467.59,yes
2026-09-29T02:53:10.789352Z,0.0100,93.51,yes
2026-09-29T02:53:10.879288Z,0.0100,93.51,yes
2026-09-29T02:53:11.094271Z,0.0100,3086.13,yes
2026-09-29T02:53:11.458138Z,0.0100,93.51,yes
2026-09-29T02:53:11.607205Z,0.0100,93.51,yes
2026-09-29T02:53:11.622525Z,0.0100,467.59,yes
2026-09-29T02:53:12.108747Z,0.0100,93.51,yes
2026-09-29T02:53:13.539443Z,0.0100,93.51,yes
2026-09-29T02:53:14.5244Z,0.0100,280.55,yes
2026-09-29T02:53:15.235879Z,0.0100,9.35,yes
2026-09-29T02:53:15.551272Z,0.0100,11.22,yes
2026-09-29T02:53:16.29591Z,0.0100,93.51,yes
2026-09-29T02:53:16.337294Z,0.0100,467.59,yes
2026-09-29T02:53:16.398759Z,0.0100,935.19,yes
2026-09-29T02:53:16.647147Z,0.0100,166.33,yes
2026-09-29T02:53:16.859771Z,0.0100,500.00,yes
2026-09-29T02:53:17.049861Z,0.0100,2337.97,yes
2026-09-29T02:53:17.240853Z,0.0100,935.19,yes
2026-09-29T02:53:17.682247Z,0.0100,187.03,yes
2026-09-29T02:53:17.780622Z,0.0100,93.51,yes
2026-09-29T02:53:17.926484Z,0.0100,93.51,yes
2026-09-29T02:53:18.554756Z,0.0100,4.67,yes
2026-09-29T02:53:19.003569Z,0.0100,93.51,yes
2026-09-29T02:53:19.402944Z,0.0100,467.59,yes
2026-09-29T02:53:19.595908Z,0.0100,935.19,yes
2026-09-29T02:53:20.747796Z,0.0100,935.19,yes
2026-09-29T02:53:21.078755Z,0.0100,6.54,yes
2026-09-29T02:53:21.182356Z,0.0100,467.59,yes
2026-09-29T02:53:21.663487Z,0.0100,935.19,yes
2026-09-29T02:53:22.134185Z,0.0100,187.03,yes
2026-09-29T02:53:22.72225Z,0.0100,93.51,yes
2026-09-29T02:53:22.726778Z,0.0100,3.74,yes
2026-09-29T02:53:22.734933Z,0.0100,0.93,yes
2026-09-29T02:53:23.689664Z,0.0100,467.59,yes
2026-09-29T02:53:23.722866Z,0.0100,17.76,yes
2026-09-29T02:53:24.07863Z,0.0100,31.79,yes
2026-09-29T02:53:24.405045Z,0.0100,2337.97,yes
2026-09-29T02:53:24.467771Z,0.0100,336.66,yes
2026-09-29T02:53:24.618418Z,0.0100,935.19,yes
2026-09-29T02:53:24.979186Z,0.0100,3740.76,yes
2026-09-29T02:53:25.207827Z,0.0100,93.51,yes
2026-09-29T02:53:25.240181Z,0.0100,65.46,yes
2026-09-29T02:53:25.826324Z,0.0100,1870.38,yes
2026-09-29T02:53:26.462705Z,0.0100,14.02,yes
2026-09-29T02:53:26.916857Z,0.0100,187.03,yes
2026-09-29T02:53:27.407736Z,0.0100,899.65,yes
2026-09-29T02:53:27.727853Z,0.0100,467.59,yes
2026-09-29T02:53:28.724684Z,0.0100,3363.88,yes
2026-09-29T02:53:29.720268Z,0.0100,280.55,yes
2026-09-29T02:53:31.13983Z,0.0100,93.51,yes
2026-09-29T02:53:31.207471Z,0.0100,93.51,yes
2026-09-29T02:53:31.347542Z,0.0100,9351.91,yes
2026-09-29T02:53:31.739292Z,0.0100,46.75,yes
2026-09-29T02:53:32.142543Z,0.0100,187.03,yes
2026-09-29T02:53:32.224095Z,0.0100,93.51,yes
2026-09-29T02:53:32.757755Z,0.0100,467.59,yes
2026-09-29T02:53:33.674579Z,0.0100,0.93,yes
2026-09-29T02:53:33.978227Z,0.0100,467.59,yes
2026-09-29T02:53:34.692845Z,0.0100,23.37,yes
2026-09-29T02:53:34.92309Z,0.0100,66.00,yes
2026-09-29T02:53:35.073565Z,0.0100,27.12,yes
2026-09-29T02:53:35.312614Z,0.0100,935.19,yes
2026-09-29T02:53:35.453712Z,0.0100,46759.56,yes
2026-09-29T02:53:36.309549Z,0.0100,654.63,yes
2026-09-29T02:53:36.390914Z,0.0100,467.59,yes
2026-09-29T02:53:36.820346Z,0.0100,467.59,yes
2026-09-29T02:53:37.54347Z,0.0100,3024.40,yes
2026-09-29T02:53:37.620861Z,0.0100,467.59,yes
2026-09-29T02:53:38.313065Z,0.0100,935.19,yes
2026-09-29T02:53:38.361489Z,0.0100,935.19,yes
2026-09-29T02:53:38.595833Z,0.0100,1.87,yes
2026-09-29T02:53:39.465Z,0.0100,1870.38,yes
2026-09-29T02:53:39.508871Z,0.0100,467.59,yes
2026-09-29T02:53:39.860164Z,0.0100,23.37,yes
2026-09-29T02:53:40.99313Z,0.0100,93.51,yes
2026-09-29T02:53:41.130531Z,0.0100,23.37,yes
2026-09-29T02:53:41.329984Z,0.0100,1215.74,yes
2026-09-29T02:53:41.381613Z,0.0100,1.87,yes
2026-09-29T02:53:41.635755Z,0.0100,46.75,yes
2026-09-29T02:53:42.25185Z,0.0100,187.03,yes
2026-09-29T02:53:43.430713Z,0.0100,467.59,yes
2026-09-29T02:53:43.58687Z,0.0100,9.35,yes
2026-09-29T02:53:43.692367Z,0.0100,93.51,yes
2026-09-29T02:53:43.955381Z,0.0100,748.15,yes
2026-09-29T02:53:45.01376Z,0.0100,8416.72,yes
2026-09-29T02:53:45.204759Z,0.0100,280.55,yes
2026-09-29T02:53:46.04087Z,0.0100,467.59,yes
2026-09-29T02:53:46.048301Z,0.0100,37.40,yes
2026-09-29T02:53:46.306813Z,0.0100,467.59,yes
2026-09-29T02:53:46.350028Z,0.0100,0.93,yes
2026-09-29T02:53:47.917833Z,0.0100,53.30,yes
2026-09-29T02:53:47.998923Z,0.0100,467.59,yes
2026-09-29T02:53:48.6802Z,0.0100,93.51,yes
2026-09-29T02:53:48.774696Z,0.0100,93.51,yes
2026-09-29T02:53:49.048702Z,0.0100,93.51,yes
2026-09-29T02:53:50.189884Z,0.0100,93.51,yes
2026-09-29T02:53:50.408417Z,0.0100,467.59,yes
2026-09-29T02:53:50.606685Z,0.0100,280.55,yes
2026-09-29T02:53:50.841575Z,0.0100,93.51,yes
2026-09-29T02:53:51.597941Z,0.0100,187.03,yes
2026-09-29T02:53:51.927973Z,0.0100,93.51,yes
2026-09-29T02:53:52.066403Z,0.0100,93.51,yes
2026-09-29T02:53:52.217226Z,0.0100,93.51,yes
2026-09-29T02:53:52.263553Z,0.0100,93.51,yes
2026-09-29T02:53:52.451445Z,0.0100,93.51,yes
2026-09-29T02:53:53.266997Z,0.0100,1730.10,yes
2026-09-29T02:53:53.581589Z,0.0100,2337.97,yes
2026-09-29T02:53:54.674504Z,0.0100,1666.00,yes
2026-09-29T02:53:55.31339Z,0.0100,187.03,yes
2026-09-29T02:53:55.393766Z,0.0100,467.59,yes
2026-09-29T02:53:55.443858Z,0.0100,187.03,yes
2026-09-29T02:53:55.472747Z,0.0100,127.18,yes
2026-09-29T02:53:55.567682Z,0.0100,187.03,yes
2026-09-29T02:53:55.659855Z,0.0100,1028.71,yes
2026-09-29T02:53:55.902211Z,0.0100,130.92,yes
2026-09-29T02:53:56.384468Z,0.0100,654.63,yes
2026-09-29T02:53:56.47035Z,0.0100,93.51,yes
2026-09-29T02:53:56.789894Z,0.0100,935.19,yes
2026-09-29T02:53:57.013509Z,0.0100,935.19,yes
2026-09-29T02:53:57.122961Z,0.0100,93.51,yes
2026-09-29T02:53:57.401161Z,0.0100,1870.38,yes
2026-09-29T02:53:57.942479Z,0.0100,93.51,yes
2026-09-29T02:53:58.380047Z,0.0100,28.05,yes
2026-09-29T02:53:58.539402Z,0.0100,1.87,yes
2026-09-29T02:53:58.622209Z,0.0100,187.03,yes
2026-09-29T02:53:59.275381Z,0.0100,935.19,yes
2026-09-29T02:53:59.646281Z,0.0100,935.19,yes
2026-09-29T02:53:59.759676Z,0.0100,935.19,yes
2026-09-29T02:53:59.770911Z,0.0100,9.35,yes
2026-09-29T02:54:00.029331Z,0.0100,935.19,yes
2026-09-29T02:54:00.957868Z,0.0100,104.00,yes
2026-09-29T02:54:01.23576Z,0.0100,93.51,yes
2026-09-29T02:54:01.597301Z,0.0100,93.51,yes
2026-09-29T02:54:01.644997Z,0.0100,93.51,yes
2026-09-29T02:54:02.381746Z,0.0100,0.93,yes
2026-09-29T02:54:02.452549Z,0.0100,100.00,yes
2026-09-29T02:54:02.869477Z,0.0100,374.07,yes
2026-09-29T02:54:03.104026Z,0.0100,935.19,yes
2026-09-29T02:54:03.610954Z,0.0100,93.51,yes
2026-09-29T02:54:03.619892Z,0.0100,9.35,yes
2026-09-29T02:54:04.213885Z,0.0100,187.03,yes
2026-09-29T02:54:04.836432Z,0.0100,935.19,yes
2026-09-29T02:54:05.556734Z,0.0100,93.51,yes
2026-09-29T02:54:06.533658Z,0.0100,14.02,yes
2026-09-29T02:54:07.562065Z,0.0100,467.59,yes
2026-09-29T02:54:08.682655Z,0.0100,841.67,yes
2026-09-29T02:54:08.973976Z,0.0100,935.19,yes
2026-09-29T02:54:09.183875Z,0.0100,187.03,yes
2026-09-29T02:54:09.931882Z,0.0100,93.51,yes
2026-09-29T02:54:11.008761Z,0.0100,187.03,yes
2026-09-29T02:54:11.133262Z,0.0100,93.00,yes
2026-09-29T02:54:11.256533Z,0.0100,1028.71,yes
2026-09-29T02:54:11.268028Z,0.0100,841.67,yes
2026-09-29T02:54:11.358581Z,0.0100,225.38,yes
2026-09-29T02:54:11.924959Z,0.0100,3.74,yes
2026-09-29T02:54:12.079856Z,0.0100,9.35,yes
2026-09-29T02:54:12.732045Z,0.0100,187.03,yes
2026-09-29T02:54:14.304378Z,0.0100,13.29,yes
2026-09-29T02:54:14.470625Z,0.0100,467.59,yes
2026-09-29T02:54:14.763408Z,0.0100,1.87,yes
2026-09-29T02:54:14.859865Z,0.0100,58.91,yes
2026-09-29T02:54:15.090948Z,0.0100,22.44,yes
2026-09-29T02:54:15.257651Z,0.0100,1122.22,yes
2026-09-29T02:54:15.531858Z,0.0100,1870.38,yes
2026-09-29T02:54:15.710534Z,0.0100,46.75,yes
2026-09-29T02:54:16.217526Z,0.0100,10997.84,yes
2026-09-29T02:54:16.842693Z,0.0100,3.74,yes
2026-09-29T02:54:18.392611Z,0.0100,93.51,yes
2026-09-29T02:54:19.783338Z,0.0100,93.51,yes
2026-09-29T02:54:20.073661Z,0.0100,15.89,yes
2026-09-29T02:54:20.433646Z,0.0100,2000.00,yes
2026-09-29T02:54:20.699027Z,0.0100,93.51,yes
2026-09-29T02:54:20.774935Z,0.0100,5.61,yes
2026-09-29T02:54:21.065198Z,0.0100,280.55,yes
2026-09-29T02:54:21.620414Z,0.0100,542.41,yes
2026-09-29T02:54:21.688258Z,0.0100,93.51,yes
2026-09-29T02:54:21.918405Z,0.0100,93.51,yes
2026-09-29T02:54:21.989464Z,0.0100,33.00,yes
2026-09-29T02:54:22.86282Z,0.0100,93.51,yes
2026-09-29T02:54:23.234579Z,0.0100,4.67,yes
2026-09-29T02:54:23.579842Z,0.0100,467.59,yes
2026-09-29T02:54:23.631532Z,0.0100,467.59,yes
2026-09-29T02:54:23.778566Z,0.0100,187.03,yes
2026-09-29T02:54:23.861378Z,0.0100,467.59,yes
2026-09-29T02:54:23.93731Z,0.0100,3273.16,yes
2026-09-29T02:54:24.524617Z,0.0100,93.51,yes
2026-09-29T02:54:24.650168Z,0.0100,33.00,yes
2026-09-29T02:54:24.775355Z,0.0100,93.51,yes
2026-09-29T02:54:25.000912Z,0.0100,16.83,yes
2026-09-29T02:54:25.577933Z,0.0100,93.51,yes
2026-09-29T02:54:26.833327Z,0.0100,935.19,yes
2026-09-29T02:54:27.096861Z,0.0100,93.51,yes
2026-09-29T02:54:27.252377Z,0.0100,94.45,yes
2026-09-29T02:54:27.469929Z,0.0100,935.19,yes
2026-09-29T02:54:27.525616Z,0.0100,187.03,yes
2026-09-29T02:54:27.820485Z,0.0100,59.85,yes
2026-09-29T02:54:28.103032Z,0.0100,333.00,yes
2026-09-29T02:54:28.311147Z,0.0100,93.51,yes
2026-09-29T02:54:28.361989Z,0.0100,93.51,yes
2026-09-29T02:54:28.464566Z,0.0100,935.19,yes
2026-09-29T02:54:28.624884Z,0.0100,93.51,yes
2026-09-29T02:54:28.630772Z,0.0100,65.46,yes
2026-09-29T02:54:28.83793Z,0.0100,467.59,yes
2026-09-29T02:54:28.914756Z,0.0100,6.54,yes
2026-09-29T02:54:29.034674Z,0.0100,187.03,yes
2026-09-29T02:54:29.960855Z,0.0100,121.57,yes
2026-09-29T02:54:30.002969Z,0.0100,333.00,yes
2026-09-29T02:54:30.299242Z,0.0100,1870.38,yes
2026-09-29T02:54:30.375442Z,0.0100,240.00,yes
2026-09-29T02:54:30.644185Z,0.0100,100.00,yes
2026-09-29T02:54:30.987447Z,0.0100,141.84,yes
2026-09-29T02:54:31.029198Z,0.0100,55.17,yes
2026-09-29T02:54:31.214026Z,0.0100,280.55,yes
2026-09-29T02:54:31.231456Z,0.0100,21.50,yes
2026-09-29T02:54:31.385837Z,0.0100,93.51,yes
2026-09-29T02:54:32.000643Z,0.0100,187.03,yes
2026-09-29T02:54:32.857035Z,0.0100,2.80,yes
2026-09-29T02:54:32.881057Z,0.0100,280.55,yes
2026-09-29T02:54:33.307269Z,0.0100,5.00,yes
2026-09-29T02:54:33.384215Z,0.0100,1402.78,yes
2026-09-29T02:54:33.439536Z,0.0100,233.79,yes
2026-09-29T02:54:34.267735Z,0.0100,93.51,yes
2026-09-29T02:54:35.084908Z,0.0100,467.59,yes
2026-09-29T02:54:35.261407Z,0.0100,467.59,yes
2026-09-29T02:54:35.499364Z,0.0100,46.75,yes
2026-09-29T02:54:35.822756Z,0.0100,93.51,yes
2026-09-29T02:54:36.453193Z,0.0100,935.19,yes
2026-09-29T02:54:36.645802Z,0.0100,3.74,yes
2026-09-29T02:54:36.825236Z,0.0100,93.51,yes
2026-09-29T02:54:36.87796Z,0.0100,467.59,yes
2026-09-29T02:54:37.346807Z,0.0100,467.59,yes
2026-09-29T02:54:37.366635Z,0.0100,374.07,yes
2026-09-29T02:54:37.430583Z,0.0100,467.59,yes
2026-09-29T02:54:37.610139Z,0.0100,166.33,yes
2026-09-29T02:54:37.919639Z,0.0100,467.59,yes
2026-09-29T02:54:38.107688Z,0.0100,2000.00,yes
2026-09-29T02:54:38.862465Z,0.0100,935.19,yes
2026-09-29T02:54:39.463441Z,0.0100,66.00,yes
2026-09-29T02:54:39.99891Z,0.0100,93.51,yes
2026-09-29T02:54:40.139861Z,0.0100,93.51,yes
2026-09-29T02:54:40.60455Z,0.0100,93.51,yes
2026-09-29T02:54:40.847329Z,0.0100,93.51,yes
2026-09-29T02:54:41.078399Z,0.0100,93.51,yes
2026-09-29T02:54:41.401399Z,0.0100,467.59,yes
2026-09-29T02:54:41.784636Z,0.0100,9.35,yes
2026-09-29T02:54:42.590838Z,0.0100,93.51,yes
2026-09-29T02:54:42.924392Z,0.0100,935.19,yes
2026-09-29T02:54:43.444642Z,0.0100,935.19,yes
2026-09-29T02:54:44.167753Z,0.0100,467.59,yes
2026-09-29T02:54:44.363183Z,0.0100,93.51,yes
2026-09-29T02:54:44.402403Z,0.0100,467.59,yes
2026-09-29T02:54:44.727122Z,0.0100,187.03,yes
2026-09-29T02:54:45.168437Z,0.0100,46.75,yes
2026-09-29T02:54:45.338912Z,0.0100,1734.00,yes
2026-09-29T02:54:45.743792Z,0.0100,93.51,yes
2026-09-29T02:54:46.118442Z,0.0100,93.51,yes
2026-09-29T02:54:46.130489Z,0.0100,0.93,yes
2026-09-29T02:54:46.562809Z,0.0100,93.51,yes
2026-09-29T02:54:46.568488Z,0.0100,467.59,yes
2026-09-29T02:54:48.040248Z,0.0100,935.19,yes
2026-09-29T02:54:48.056256Z,0.0100,469.46,yes
2026-09-29T02:54:48.692306Z,0.0100,12.15,yes
2026-09-29T02:54:48.83881Z,0.0100,93.51,yes
2026-09-29T02:54:49.943157Z,0.0100,374.07,yes
2026-09-29T02:54:49.963386Z,0.0100,93.51,yes
2026-09-29T02:54:50.137173Z,0.0100,1028.71,yes
2026-09-29T02:54:50.471828Z,0.0100,467.59,yes
2026-09-29T02:54:51.139811Z,0.0100,467.59,yes
2026-09-29T02:54:51.177538Z,0.0100,33.00,yes
2026-09-29T02:54:51.296171Z,0.0100,93.51,yes
2026-09-29T02:54:51.578909Z,0.0100,187.03,yes
2026-09-29T02:54:51.754507Z,0.0100,467.59,yes
2026-09-29T02:54:52.006444Z,0.0100,3668.75,yes
2026-09-29T02:54:52.323165Z,0.0100,467.59,yes
2026-09-29T02:54:52.72216Z,0.0100,18703.82,yes
2026-09-29T02:54:53.115879Z,0.0100,935.19,yes
2026-09-29T02:54:53.878698Z,0.0100,467.59,yes
2026-09-29T02:54:54.211873Z,0.0100,0.93,yes
2026-09-29T02:54:54.646903Z,0.0100,105.67,yes
2026-09-29T02:54:55.041563Z,0.0100,93.00,yes
2026-09-29T02:54:55.324572Z,0.0100,12.00,yes
2026-09-29T02:54:55.850669Z,0.0100,467.59,yes
2026-09-29T02:54:56.104932Z,0.0100,9.35,yes
2026-09-29T02:54:56.264365Z,0.0100,467.59,yes
2026-09-29T02:54:56.319699Z,0.0100,374.07,yes
2026-09-29T02:54:56.34127Z,0.0100,935.19,yes
2026-09-29T02:54:56.358596Z,0.0100,935.19,yes
2026-09-29T02:54:56.560513Z,0.0100,93.51,yes
2026-09-29T02:54:56.619335Z,0.0100,2000.00,yes
2026-09-29T02:54:57.820061Z,0.0100,215.09,yes
2026-09-29T02:54:58.087694Z,0.0100,187.03,yes
2026-09-29T02:54:58.375767Z,0.0100,935.19,yes
2026-09-29T02:54:58.439194Z,0.0100,935.19,yes
2026-09-29T02:54:58.774427Z,0.0100,3740.76,yes
2026-09-29T02:54:58.931142Z,0.0100,93.51,yes
2026-09-29T02:54:59.620162Z,0.0100,93.51,yes
2026-09-29T02:54:59.70525Z,0.0100,93.51,yes
2026-09-29T02:55:00.05745Z,0.0100,187.03,yes
2026-09-29T02:55:00.28592Z,0.0100,1402.78,yes
2026-09-29T02:55:00.315998Z,0.0100,467.59,yes
2026-09-29T02:55:00.433279Z,0.0100,346.02,yes
2026-09-29T02:55:00.736042Z,0.0100,654.63,yes
2026-09-29T02:55:00.959061Z,0.0100,166.33,yes
2026-09-29T02:55:01.062076Z,0.0100,93.51,yes
2026-09-29T02:55:01.074422Z,0.0100,280.55,yes
2026-09-29T02:55:01.129279Z,0.0100,2337.97,yes
2026-09-29T02:55:01.179284Z,0.0100,233.79,yes
2026-09-29T02:55:01.321609Z,0.0100,22.44,yes
2026-09-29T02:55:01.328612Z,0.0100,467.59,yes
2026-09-29T02:55:01.73589Z,0.0100,158.04,yes
2026-09-29T02:55:01.820089Z,0.0100,93.51,yes
2026-09-29T02:55:02.697531Z,0.0100,55.17,yes
2026-09-29T02:55:03.050753Z,0.0100,467.59,yes
2026-09-29T02:55:03.480267Z,0.0100,93.51,yes
2026-09-29T02:55:03.856063Z,0.0100,93.51,yes
2026-09-29T02:55:03.88278Z,0.0100,467.59,yes
2026-09-29T02:55:03.892944Z,0.0100,93.51,yes
2026-09-29T02:55:03.894716Z,0.0100,93.51,yes
2026-09-29T02:55:03.954797Z,0.0100,93.51,yes
2026-09-29T02:55:04.169952Z,0.0100,935.19,yes
2026-09-29T02:55:04.320667Z,0.0100,935.19,yes
2026-09-29T02:55:04.381625Z,0.0100,93.51,yes
2026-09-29T02:55:05.234434Z,0.0100,467.59,yes
2026-09-29T02:55:05.602798Z,0.0100,31.79,yes
2026-09-29T02:55:05.914927Z,0.0100,467.59,yes
2026-09-29T02:55:06.659564Z,0.0100,166.00,yes
2026-09-29T02:55:07.296279Z,0.0100,467.59,yes
2026-09-29T02:55:07.550939Z,0.0100,467.59,yes
2026-09-29T02:55:07.737501Z,0.0100,1870.38,yes
2026-09-29T02:55:08.315178Z,0.0100,1870.38,yes
2026-09-29T02:55:08.343732Z,0.0100,467.59,yes
2026-09-29T02:55:08.346943Z,0.0100,93.51,yes
2026-09-29T02:55:08.56932Z,0.0100,87.90,yes
2026-09-29T02:55:08.610512Z,0.0100,2057.42,yes
2026-09-29T02:55:08.64381Z,0.0100,935.19,yes
2026-09-29T02:55:08.678865Z,0.0100,187.03,yes
2026-09-29T02:55:08.892079Z,0.0100,93.51,yes
2026-09-29T02:55:08.965528Z,0.0100,23.37,yes
2026-09-29T02:55:09.000501Z,0.0100,184.23,yes
2026-09-29T02:55:09.051314Z,0.0100,280.55,yes
2026-09-29T02:55:09.399764Z,0.0100,467.59,yes
2026-09-29T02:55:09.508845Z,0.0100,280.55,yes
2026-09-29T02:55:09.671186Z,0.0100,1091.36,yes
2026-09-29T02:55:10.041968Z,0.0100,935.19,yes
2026-09-29T02:55:10.06039Z,0.0100,18.70,yes
2026-09-29T02:55:10.177636Z,0.0100,2057.42,yes
2026-09-29T02:55:10.600225Z,0.0100,381.55,yes
2026-09-29T02:55:10.936891Z,0.0100,187.03,yes
2026-09-29T02:55:10.983298Z,0.0100,138.40,yes
2026-09-29T02:55:11.106217Z,0.0100,9.35,yes
2026-09-29T02:55:11.221376Z,0.0100,3273.16,yes
2026-09-29T02:55:11.299819Z,0.0100,93.51,yes
2026-09-29T02:55:11.381355Z,0.0100,93.51,yes
2026-09-29T02:55:11.779886Z,0.0100,935.19,yes
2026-09-29T02:55:12.042206Z,0.0100,93.51,yes
2026-09-29T02:55:12.260346Z,0.0100,93.51,yes
2026-09-29T02:55:12.660385Z,0.0100,52.37,yes
2026-09-29T02:55:12.66118Z,0.0100,140.27,yes
2026-09-29T02:55:12.971074Z,0.0100,93.51,yes
2026-09-29T02:55:13.20963Z,0.0100,93.51,yes
2026-09-29T02:55:13.227065Z,0.0100,935.19,yes
2026-09-29T02:55:13.264971Z,0.0100,93.51,yes
2026-09-29T02:55:13.295409Z,0.0100,93.51,yes
2026-09-29T02:55:14.296447Z,0.0100,93.51,yes
2026-09-29T02:55:14.844295Z,0.0100,53.30,yes
2026-09-29T02:55:15.10764Z,0.0100,187.03,yes
2026-09-29T02:55:15.200174Z,0.0100,93.51,yes
2026-09-29T02:55:15.209451Z,0.0100,1402.78,yes
2026-09-29T02:55:15.437487Z,0.0100,131.90,yes
2026-09-29T02:55:15.616663Z,0.0100,1870.38,yes
2026-09-29T02:55:15.628256Z,0.0100,467.59,yes
2026-09-29T02:55:16.062907Z,0.0100,1.87,yes
2026-09-29T02:55:16.071074Z,0.0100,10.00,yes
2026-09-29T02:55:16.087503Z,0.0100,935.19,yes
2026-09-29T02:55:16.207666Z,0.0100,93.51,yes
2026-09-29T02:55:16.282896Z,0.0100,2618.53,yes
2026-09-29T02:55:16.505683Z,0.0100,935.19,yes
2026-09-29T02:55:17.182927Z,0.0100,935.19,yes
2026-09-29T02:55:17.330177Z,0.0100,935.19,yes
2026-09-29T02:55:17.482536Z,0.0100,0.93,yes
2026-09-29T02:55:17.723507Z,0.0100,0.93,yes
2026-09-29T02:55:17.736556Z,0.0100,130.92,yes
2026-09-29T02:55:17.81947Z,0.0100,93.51,yes
2026-09-29T02:55:17.823942Z,0.0100,43.01,yes
2026-09-29T02:55:17.876471Z,0.0100,40.21,yes
2026-09-29T02:55:18.151332Z,0.0100,935.19,yes
2026-09-29T02:55:18.237663Z,0.0100,467.59,yes
2026-09-29T02:55:18.255381Z,0.0100,467.59,yes
2026-09-29T02:55:19.217704Z,0.0100,52.37,yes
2026-09-29T02:55:19.275082Z,0.0100,93.51,yes
2026-09-29T02:55:19.333662Z,0.0100,93.51,yes
2026-09-29T02:55:19.603124Z,0.0100,467.59,yes
2026-09-29T02:55:19.612124Z,0.0100,374.07,yes
2026-09-29T02:55:19.670751Z,0.0100,935.19,yes
2026-09-29T02:55:19.80876Z,0.0100,166.00,yes
2026-09-29T02:55:20.527453Z,0.0100,35.53,yes
2026-09-29T02:55:20.598123Z,0.0100,4582.43,yes
2026-09-29T02:55:20.876222Z,0.0100,16.00,yes
2026-09-29T02:55:20.979261Z,0.0100,935.19,yes
2026-09-29T02:55:21.232776Z,0.0100,1028.71,yes
2026-09-29T02:55:21.741825Z,0.0100,93.00,yes
2026-09-29T02:55:22.89703Z,0.0100,187.03,yes
2026-09-29T02:55:22.949749Z,0.0100,173.94,yes
2026-09-29T02:55:23.284186Z,0.0100,93.51,yes
2026-09-29T02:55:23.65064Z,0.0100,9.35,yes
2026-09-29T02:55:24.053399Z,0.0100,1870.38,yes
2026-09-29T02:55:24.169697Z,0.0100,467.59,yes
2026-09-29T02:55:24.353363Z,0.0100,935.19,yes
2026-09-29T02:55:25.872853Z,0.0100,93.51,yes
2026-09-29T02:55:26.758979Z,0.0100,4675.95,yes
2026-09-29T02:55:27.06421Z,0.0100,187.03,yes
2026-09-29T02:55:27.067221Z,0.0100,467.59,yes
2026-09-29T02:55:27.271817Z,0.0100,2618.53,yes
2026-09-29T02:55:28.271959Z,0.0100,93.51,yes
2026-09-29T02:55:28.470462Z,0.0100,73.88,yes
2026-09-29T02:55:29.12136Z,0.0100,93.51,yes
2026-09-29T02:55:29.16999Z,0.0100,187.03,yes
2026-09-29T02:55:29.596859Z,0.0100,187.03,yes
2026-09-29T02:55:29.837344Z,0.0100,93.51,yes
2026-09-29T02:55:29.976505Z,0.0100,93.51,yes
2026-09-29T02:55:29.994514Z,0.0100,1402.78,yes
2026-09-29T02:55:30.12661Z,0.0100,935.19,yes
2026-09-29T02:55:30.509952Z,0.0100,93.51,yes
2026-09-29T02:55:30.582259Z,0.0100,233.79,yes
2026-09-29T02:55:30.688917Z,0.0100,280.55,yes
2026-09-29T02:55:30.921843Z,0.0100,93.51,yes
2026-09-29T02:55:31.172513Z,0.0100,48.62,yes
2026-09-29T02:55:31.49286Z,0.0100,2337.97,yes
2026-09-29T02:55:31.947177Z,0.0100,93.51,yes
2026-09-29T02:55:32.181009Z,0.0100,84.16,yes
2026-09-29T02:55:32.361381Z,0.0100,467.59,yes
2026-09-29T02:55:32.442975Z,0.0100,9.35,yes
2026-09-29T02:55:33.030153Z,0.0100,467.59,yes
2026-09-29T02:55:34.037948Z,0.0100,935.19,yes
2026-09-29T02:55:34.434596Z,0.0100,935.19,yes
2026-09-29T02:55:34.737484Z,0.0100,4675.95,yes
2026-09-29T02:55:34.781255Z,0.0100,93.51,yes
2026-09-29T02:55:35.194014Z,0.0100,1617.88,yes
2026-09-29T02:55:35.309499Z,0.0100,93.51,yes
2026-09-29T02:55:35.82406Z,0.0100,5.61,yes
2026-09-29T02:55:36.030668Z,0.0100,185.16,yes
2026-09-29T02:55:36.122615Z,0.0100,63.59,yes
2026-09-29T02:55:37.266672Z,0.0100,93.51,yes
2026-09-29T02:55:37.339525Z,0.0100,93.51,yes
2026-09-29T02:55:37.548814Z,0.0100,467.59,yes
2026-09-29T02:55:37.593139Z,0.0100,1870.38,yes
2026-09-29T02:55:37.719332Z,0.0100,467.59,yes
2026-09-29T02:55:37.753715Z,0.0100,46.75,yes
2026-09-29T02:55:37.917098Z,0.0100,4.67,yes
2026-09-29T02:55:38.731168Z,0.0100,467.59,yes
2026-09-29T02:55:39.073759Z,0.0100,1028.71,yes
2026-09-29T02:55:39.358667Z,0.0100,37.40,yes
2026-09-29T02:55:39.438539Z,0.0100,100.00,yes
2026-09-29T02:55:39.569511Z,0.0100,920.22,yes
2026-09-29T02:55:40.23681Z,0.0100,23.37,yes
2026-09-29T02:55:40.378811Z,0.0100,24.31,yes
2026-09-29T02:55:40.497455Z,0.0100,374.07,yes
2026-09-29T02:55:40.546514Z,0.0100,93.51,yes
2026-09-29T02:55:40.617707Z,0.0100,93.51,yes
2026-09-29T02:55:41.119978Z,0.0100,374.07,yes
2026-09-29T02:55:41.282652Z,0.0100,93.51,yes
2026-09-29T02:55:41.407797Z,0.0100,26.18,yes
2026-09-29T02:55:41.418936Z,0.0100,654.63,yes
2026-09-29T02:55:41.636506Z,0.0100,46.75,yes
2026-09-29T02:55:41.821462Z,0.0100,9351.91,yes
2026-09-29T02:55:41.836326Z,0.0100,2000000.00,yes
2026-09-29T02:55:41.92541Z,0.0100,46.50,yes
2026-09-29T02:55:42.088976Z,0.0100,935.19,yes
2026-09-29T02:55:42.196994Z,0.0100,187.03,yes
2026-09-29T02:55:42.296639Z,0.0100,74.81,yes
2026-09-29T02:55:42.429284Z,0.0100,28.05,yes
2026-09-29T02:55:42.616945Z,0.0100,13.09,yes
2026-09-29T02:55:42.681698Z,0.0100,143.04,yes
2026-09-29T02:55:42.829846Z,0.0100,935.19,yes
2026-09-29T02:55:42.977894Z,0.0100,93.51,yes
2026-09-29T02:55:43.424954Z,0.0100,467.59,yes
2026-09-29T02:55:43.497493Z,0.0100,935.19,yes
2026-09-29T02:55:43.68994Z,0.0100,467.59,yes
2026-09-29T02:55:43.701122Z,0.0100,100000.00,yes
2026-09-29T02:55:43.800211Z,0.0100,93.51,yes
2026-09-29T02:55:43.89695Z,0.0100,100000.00,yes
2026-09-29T02:55:43.940252Z,0.0100,100000.00,yes
2026-09-29T02:55:44.175529Z,0.0100,100000.00,yes
2026-09-29T02:55:44.249675Z,0.0100,1.00,yes
2026-09-29T02:55:44.249675Z,0.0100,152.40,yes
2026-09-29T02:55:44.249675Z,0.0100,128.26,yes
2026-09-29T02:55:44.249675Z,0.0100,93.33,yes
2026-09-29T02:55:44.249675Z,0.0100,42.79,yes
2026-09-29T02:55:44.249675Z,0.0100,14.79,yes
2026-09-29T02:55:44.249675Z,0.0100,12.16,yes
2026-09-29T02:55:44.249675Z,0.0100,4.38,yes
2026-09-29T02:55:44.249675Z,0.0100,966.58,yes
2026-09-29T02:55:44.249675Z,0.0100,5000.54,yes
2026-09-29T02:55:44.249675Z,0.0100,35.16,yes
2026-09-29T02:55:44.249675Z,0.0100,9.02,yes
2026-09-29T02:55:44.249675Z,0.0100,14.79,yes
2026-09-29T02:55:44.249675Z,0.0100,20.51,yes
2026-09-29T02:55:44.249675Z,0.0100,22.56,yes
2026-09-29T02:55:44.249675Z,0.0100,2.25,yes
2026-09-29T02:55:44.249675Z,0.0100,85.57,yes
2026-09-29T02:55:44.249675Z,0.0100,1229.32,yes
2026-09-29T02:55:44.249675Z,0.0100,25.23,yes
2026-09-29T02:55:44.249675Z,0.0100,193.68,yes
2026-09-29T02:55:44.249675Z,0.0100,3054.62,yes
2026-09-29T02:55:44.249675Z,0.0100,300.00,yes
2026-09-29T02:55:44.249675Z,0.0100,4532.85,yes
2026-09-29T02:55:44.249675Z,0.0100,67.68,yes
2026-09-29T02:55:44.249675Z,0.0100,10.78,yes
2026-09-29T02:55:44.249675Z,0.0100,69.86,yes
2026-09-29T02:55:44.249675Z,0.0100,1524.09,yes
2026-09-29T02:55:44.249675Z,0.0100,92.09,yes
2026-09-29T02:55:44.249675Z,0.0100,1.52,yes
2026-09-29T02:55:44.249675Z,0.0100,1493.62,yes
2026-09-29T02:55:44.249675Z,0.0100,44.39,yes
2026-09-29T02:55:44.249675Z,0.0100,5.99,yes
2026-09-29T02:55:44.249675Z,0.0100,41.25,yes
2026-09-29T02:55:44.249675Z,0.0100,30.03,yes
2026-09-29T02:55:44.249675Z,0.0100,158.16,yes
2026-09-29T02:55:44.249675Z,0.0100,72.51,yes
2026-09-29T02:55:44.249675Z,0.0100,1.50,yes
2026-09-29T02:55:44.249675Z,0.0100,2959.85,yes
2026-09-29T02:55:44.249675Z,0.0100,468.45,yes
2026-09-29T02:55:44.249675Z,0.0100,45.38,yes
2026-09-29T02:55:44.249675Z,0.0100,452.17,yes
2026-09-29T02:55:44.249675Z,0.0100,100.00,yes
2026-09-29T02:55:44.249675Z,0.0100,573.87,yes
2026-09-29T02:55:44.249675Z,0.0100,1.28,yes
2026-09-29T02:55:44.249675Z,0.0100,855.07,yes
2026-09-29T02:55:44.249675Z,0.0100,15.24,yes
2026-09-29T02:55:44.249675Z,0.0100,61.47,yes
2026-09-29T02:55:44.249675Z,0.0100,3.16,yes
2026-09-29T02:55:44.249675Z,0.0100,10.47,yes
2026-09-29T02:55:44.249675Z,0.0100,1.90,yes
2026-09-29T02:55:44.249675Z,0.0100,34.14,yes
2026-09-29T02:55:44.249675Z,0.0100,157.90,yes
2026-09-29T02:55:44.249675Z,0.0100,379.15,yes
2026-09-29T02:55:44.249675Z,0.0100,1209.87,yes
2026-09-29T02:55:44.249675Z,0.0100,24.05,yes
2026-09-29T02:55:44.249675Z,0.0100,3.00,yes
2026-09-29T02:55:44.249675Z,0.0100,7.50,yes
2026-09-29T02:55:44.249675Z,0.0100,165.98,yes
2026-09-29T02:55:44.249675Z,0.0100,12.94,yes
2026-09-29T02:55:44.249675Z,0.0100,82.74,yes
2026-09-29T02:55:44.249675Z,0.0100,36.99,yes
2026-09-29T02:55:44.249675Z,0.0100,51.77,yes
2026-09-29T02:55:44.249675Z,0.0100,239.15,yes
2026-09-29T02:55:44.249675Z,0.0100,8.04,yes
2026-09-29T02:55:44.249675Z,0.0100,65.02,yes
2026-09-29T02:55:44.249675Z,0.0100,2.02,yes
2026-09-29T02:55:44.249675Z,0.0100,23.42,yes
2026-09-29T02:55:44.249675Z,0.0100,100000.00,yes
2026-09-29T02:55:44.249675Z,0.0100,2.00,yes
2026-09-29T02:55:44.249675Z,0.0100,1644.47,yes
2026-09-29T02:55:44.249675Z,0.0100,62.42,yes
2026-09-29T02:55:44.249675Z,0.0100,100000.00,yes
2026-09-29T02:55:44.249675Z,0.0100,455.74,yes
2026-09-29T02:55:44.249675Z,0.0100,15.24,yes
2026-09-29T02:55:44.249675Z,0.0100,881.83,yes
2026-09-29T02:55:44.249675Z,0.0100,1.14,yes
2026-09-29T02:55:44.249675Z,0.0100,153.85,yes
2026-09-29T02:55:44.249675Z,0.0100,128.22,yes
2026-09-29T02:55:44.249675Z,0.0100,2256.18,yes
2026-09-29T02:55:44.249675Z,0.0100,258.85,yes
2026-09-29T02:55:44.249675Z,0.0100,914.45,yes
2026-09-29T02:55:44.249675Z,0.0100,49.18,yes
2026-09-29T02:55:44.249675Z,0.0100,126.82,yes
2026-09-29T02:55:44.249675Z,0.0100,513.46,yes
2026-09-29T02:55:44.249675Z,0.0100,22.56,yes
2026-09-29T02:55:44.249675Z,0.0100,22.86,yes
2026-09-29T02:55:44.249675Z,0.0100,15.01,yes
2026-09-29T02:55:44.249675Z,0.0100,4.24,yes
2026-09-29T02:55:44.249675Z,0.0100,8.55,yes
2026-09-29T02:55:44.249675Z,0.0100,42.78,yes
2026-09-29T02:55:44.249675Z,0.0100,45.12,yes
2026-09-29T02:55:44.249675Z,0.0100,7.50,yes
2026-09-29T02:55:44.249675Z,0.0100,8.55,yes
2026-09-29T02:55:44.249675Z,0.0100,448.07,yes
2026-09-29T02:55:44.249675Z,0.0100,564.81,yes
2026-09-29T02:55:44.249675Z,0.0100,131.34,yes
2026-09-29T02:55:44.249675Z,0.0100,14.18,yes
2026-09-29T02:55:44.249675Z,0.0100,12.01,yes
2026-09-29T02:55:44.249675Z,0.0100,2.95,yes
2026-09-29T02:55:44.249675Z,0.0100,14396.03,yes
2026-09-29T02:55:44.249675Z,0.0100,124.36,yes
2026-09-29T02:55:44.249675Z,0.0100,229.09,yes
2026-09-29T02:55:44.249675Z,0.0100,79.44,yes
2026-09-29T02:55:44.249675Z,0.0100,24.22,yes
2026-09-29T02:55:44.249675Z,0.0100,34.82,yes
2026-09-29T02:55:44.249675Z,0.0100,60.85,yes
2026-09-29T02:55:44.249675Z,0.0100,41.15,yes
2026-09-29T02:55:44.249675Z,0.0100,739.96,yes
2026-09-29T02:55:44.249675Z,0.0100,76.20,yes
2026-09-29T02:55:44.249675Z,0.0100,30.32,yes
2026-09-29T02:55:44.249675Z,0.0100,421.00,yes
2026-09-29T02:55:44.249675Z,0.0100,276.60,yes
2026-09-29T02:55:44.249675Z,0.0100,9.36,yes
2026-09-29T02:55:44.249675Z,0.0100,11.32,yes
2026-09-29T02:55:44.249675Z,0.0100,11.04,yes
2026-09-29T02:55:44.249675Z,0.0100,902824.45,yes
2026-09-29T02:55:44.249675Z,0.0100,10.94,yes
2026-09-29T02:55:44.249675Z,0.0100,2000.00,yes
2026-09-29T02:55:44.249675Z,0.0100,10000.00,yes
2026-09-29T02:55:44.249675Z,0.0100,11.76,yes
2026-09-29T02:55:44.249675Z,0.0100,11.63,yes
2026-09-29T02:55:44.249675Z,0.0100,2000.00,yes
2026-09-29T02:55:44.249675Z,0.0100,185897.37,yes
2026-09-29T02:55:44.249675Z,0.0100,11.00,yes
2026-09-29T02:55:44.249675Z,0.0100,1.66,yes
2026-09-29T02:55:44.249675Z,0.0100,11.52,yes
2026-09-29T02:55:44.249675Z,0.0100,11.28,yes
2026-09-29T02:55:44.249675Z,0.0100,11.36,yes
2026-09-29T02:55:44.249675Z,0.0100,117.74,yes
2026-09-29T02:55:44.249675Z,0.0100,1.73,yes
2026-09-29T02:55:44.249675Z,0.0100,6.50,yes
2026-09-29T02:55:44.249675Z,0.0100,152.40,yes
2026-09-29T02:55:44.249675Z,0.0100,28.11,yes
2026-09-29T02:55:44.249675Z,0.0100,51.56,yes
2026-09-29T02:55:44.249675Z,0.0100,234.25,yes
2026-09-29T02:55:44.249675Z,0.0100,21.39,yes
2026-09-29T02:55:44.249675Z,0.0100,152.40,yes
2026-09-29T02:55:44.249675Z,0.0100,0.23,yes
2026-09-29T02:55:44.249675Z,0.0100,26.58,yes
2026-09-29T02:55:44.249675Z,0.0100,480.08,yes
2026-09-29T02:55:44.249675Z,0.0100,25.88,yes
2026-09-29T02:55:44.249675Z,0.0100,25.04,yes
2026-09-29T02:55:44.249675Z,0.0100,23.99,yes
2026-09-29T02:55:44.249675Z,0.0100,978.97,yes
2026-09-29T02:55:44.249675Z,0.0100,30.03,yes
2026-09-29T02:55:44.249675Z,0.0100,49.80,yes
2026-09-29T02:55:44.249675Z,0.0100,11.29,yes
2026-09-29T02:55:44.249675Z,0.0100,17.33,yes
2026-09-29T02:55:44.249675Z,0.0100,225.25,yes
2026-09-29T02:55:44.249675Z,0.0100,90.24,yes
2026-09-29T02:55:44.249675Z,0.0100,19.84,yes
2026-09-29T02:55:44.249675Z,0.0100,762.04,yes
2026-09-29T02:55:44.249675Z,0.0100,14.23,yes
2026-09-29T02:55:44.249675Z,0.0100,41.25,yes
2026-09-29T02:55:44.249675Z,0.0100,55.74,yes
2026-09-29T02:55:44.249675Z,0.0100,301.52,yes
2026-09-29T02:55:44.249675Z,0.0100,20.62,yes
2026-09-29T02:55:44.249675Z,0.0100,382.37,yes
2026-09-29T02:55:44.249675Z,0.0100,533.43,yes
2026-09-29T02:55:44.249675Z,0.0100,304.80,yes
2026-09-29T02:55:44.249675Z,0.0100,20.62,yes
2026-09-29T02:55:44.249675Z,0.0100,1.47,yes
2026-09-29T02:55:44.249675Z,0.0100,42.90,yes
2026-09-29T02:55:44.249675Z,0.0100,135.97,yes
2026-09-29T02:55:44.249675Z,0.0100,16.52,yes
2026-09-29T02:55:44.249675Z,0.0100,40.00,yes
2026-09-29T02:55:44.249675Z,0.0100,12.07,yes
2026-09-29T02:55:44.249675Z,0.0100,51.81,yes
2026-09-29T02:55:44.249675Z,0.0100,11.85,yes
2026-09-29T02:55:44.249675Z,0.0100,2264.82,yes
2026-09-29T02:55:44.249675Z,0.0100,13.76,yes
2026-09-29T02:55:44.249675Z,0.0100,3156.22,yes
2026-09-29T02:55:44.249675Z,0.0100,37.45,yes
2026-09-29T02:55:44.249675Z,0.0100,9.17,yes
2026-09-29T02:55:44.249675Z,0.0100,44.39,yes
2026-09-29T02:55:44.249675Z,0.0100,304.81,yes
2026-09-29T02:55:44.249675Z,0.0100,70.50,yes
2026-09-29T02:55:44.249675Z,0.0100,8.23,yes
2026-09-29T02:55:44.249675Z,0.0100,23.86,yes
2026-09-29T02:55:44.249675Z,0.0100,2.58,yes
2026-09-29T02:55:44.249675Z,0.0100,109.34,yes
2026-09-29T02:55:44.249675Z,0.0100,8.63,yes
2026-09-29T02:55:44.249675Z,0.0100,24.90,yes
2026-09-29T02:55:44.249675Z,0.0100,38.33,yes
2026-09-29T02:55:44.249675Z,0.0100,14.73,yes
2026-09-29T02:55:44.249675Z,0.0100,22.19,yes
2026-09-29T02:55:44.249675Z,0.0100,32.75,yes
2026-09-29T02:55:44.249675Z,0.0100,258.85,yes
2026-09-29T02:55:44.249675Z,0.0100,160.79,yes
2026-09-29T02:55:44.249675Z,0.0100,2351.67,yes
2026-09-29T02:55:44.249675Z,0.0100,114.30,yes
2026-09-29T02:55:44.249675Z,0.0100,48.77,yes
2026-09-29T02:55:44.249675Z,0.0100,66.40,yes
2026-09-29T02:55:44.249675Z,0.0100,15.01,yes
2026-09-29T02:55:44.249675Z,0.0100,15.01,yes
2026-09-29T02:55:44.249675Z,0.0100,226.03,yes
2026-09-29T02:55:44.249675Z,0.0100,400.23,yes
2026-09-29T02:55:44.249675Z,0.0100,10000.00,yes
2026-09-29T02:55:44.249675Z,0.0100,115.00,yes
2026-09-29T02:55:44.249675Z,0.0100,1000.00,yes
2026-09-29T02:55:44.249675Z,0.0100,35.00,yes
2026-09-29T02:55:44.249675Z,0.0100,12.74,yes
2026-09-29T02:55:44.249675Z,0.0100,12.86,yes
2026-09-29T02:55:44.249675Z,0.0100,4.24,yes
2026-09-29T02:55:44.249675Z,0.0100,10.51,yes
2026-09-29T02:55:44.249675Z,0.0100,14.27,yes
2026-09-29T02:55:44.249675Z,0.0100,13.42,yes
2026-09-29T02:55:44.249675Z,0.0100,12.78,yes
2026-09-29T02:55:44.249675Z,0.0100,11.65,yes
2026-09-29T02:55:44.249675Z,0.0100,2230.54,yes
2026-09-29T02:55:44.249675Z,0.0100,14.05,yes
2026-09-29T02:55:44.249675Z,0.0100,13.31,yes
2026-09-29T02:55:44.249675Z,0.0100,13.76,yes
2026-09-29T02:55:44.249675Z,0.0100,13.45,yes
2026-09-29T02:55:44.249675Z,0.0100,13.42,yes
2026-09-29T02:55:44.249675Z,0.0100,12.90,yes
2026-09-29T02:55:44.249675Z,0.0100,12.97,yes
2026-09-29T02:55:44.249675Z,0.0100,12.92,yes
2026-09-29T02:55:44.249675Z,0.0100,10.84,yes
2026-09-29T02:55:44.249675Z,0.0100,12.75,yes
2026-09-29T02:55:44.249675Z,0.0100,19512.23,yes
2026-09-29T02:55:44.249675Z,0.0100,14.20,yes
2026-09-29T02:55:44.249675Z,0.0100,12.49,yes
2026-09-29T02:55:44.249675Z,0.0100,14.61,yes
2026-09-29T02:55:44.249675Z,0.0100,56.22,yes
2026-09-29T02:55:44.249675Z,0.0100,66.25,yes
2026-09-29T02:55:44.249675Z,0.0100,15.64,yes
2026-09-29T02:55:44.249675Z,0.0100,65.91,yes
2026-09-29T02:55:44.249675Z,0.0100,13.26,yes
2026-09-29T02:55:44.249675Z,0.0100,14.04,yes
2026-09-29T02:55:44.249675Z,0.0100,144.04,yes
2026-09-29T02:55:44.249675Z,0.0100,66.80,yes
2026-09-29T02:55:44.249675Z,0.0100,15.36,yes
2026-09-29T02:55:44.249675Z,0.0100,417.49,yes
2026-09-29T02:55:44.249675Z,0.0100,57.00,yes
2026-09-29T02:55:44.249675Z,0.0100,787.00,yes
2026-09-29T02:55:44.249675Z,0.0100,30000.00,yes
2026-09-29T02:55:44.249675Z,0.0100,500.00,yes
2026-09-29T02:55:44.249675Z,0.0100,482708.16,yes
2026-09-29T02:55:44.249675Z,0.0100,30742.00,yes
2026-09-29T02:55:44.249675Z,0.0100,20.00,yes
2026-09-29T02:55:44.249675Z,0.0100,50000.00,yes
2026-09-29T02:55:44.27573Z,0.0100,935.19,yes
2026-09-29T02:55:44.589068Z,0.0100,10.00,yes
2026-09-29T02:55:44.589068Z,0.0100,500.00,yes
2026-09-29T02:55:44.589068Z,0.0100,500.00,yes
2026-09-29T02:55:44.589068Z,0.0100,1139.51,yes
2026-09-29T02:55:44.589068Z,0.0100,55.00,yes
2026-09-29T02:55:44.589068Z,0.0100,750.00,yes
2026-09-29T02:55:44.589068Z,0.0100,750.00,yes
2026-09-29T02:55:44.589068Z,0.0100,750.00,yes
2026-09-29T02:55:44.589068Z,0.0100,750.00,yes
2026-09-29T02:55:44.589068Z,0.0100,1042.79,yes
2026-09-29T02:55:44.589068Z,0.0100,7781.81,yes
2026-09-29T02:55:44.589068Z,0.0100,1000.00,yes
2026-09-29T02:55:44.589068Z,0.0100,75.00,yes
2026-09-29T02:55:44.589068Z,0.0100,9999.00,yes
2026-09-29T02:55:44.589068Z,0.0100,110.00,yes
2026-09-29T02:55:44.589068Z,0.0100,500.00,yes
2026-09-29T02:55:45.096539Z,0.0100,50.00,no
2026-09-29T02:55:45.100394Z,0.0200,46.79,yes
2026-09-29T02:55:45.272404Z,0.0100,3120.29,no
2026-09-29T02:55:45.650841Z,0.0200,46.79,yes
2026-09-29T02:55:45.688494Z,0.0200,23.39,yes
2026-09-29T02:55:46.447994Z,0.0200,46.79,yes
2026-09-29T02:55:46.913837Z,0.0100,11.00,no
2026-09-29T02:55:46.955123Z,0.0100,35.46,no
2026-09-29T02:55:47.079464Z,0.0100,41.97,no
2026-09-29T02:55:47.208112Z,0.0200,93.58,yes
2026-09-29T02:55:47.455015Z,0.0100,7.09,no
2026-09-29T02:55:47.776246Z,0.0200,46.79,yes
2026-09-29T02:55:47.784483Z,0.0100,1.00,no
2026-09-29T02:55:47.827201Z,0.0200,22.92,yes
2026-09-29T02:55:47.910949Z,0.0100,93.51,no
2026-09-29T02:55:48.000702Z,0.0200,1.40,yes
2026-09-29T02:55:48.154234Z,0.0100,154.67,no
2026-09-29T02:55:48.386852Z,0.0100,21.39,no
2026-09-29T02:55:48.527196Z,0.0100,75.90,no
2026-09-29T02:55:48.619707Z,0.0200,46.79,yes
2026-09-29T02:55:48.982098Z,0.0100,33.19,no
2026-09-29T02:55:49.036288Z,0.0200,23.39,yes
2026-09-29T02:55:49.339558Z,0.0200,26.67,yes
2026-09-29T02:55:49.691792Z,0.0200,46.79,yes
2026-09-29T02:55:49.772995Z,0.0200,4.67,yes
2026-09-29T02:55:49.78566Z,0.0200,210.71,yes
2026-09-29T02:55:49.78566Z,0.0200,23.24,yes
2026-09-29T02:55:49.889181Z,0.0200,46.79,yes
2026-09-29T02:55:50.075528Z,0.0200,93.58,yes
2026-09-29T02:55:50.57586Z,0.0100,17.31,no
2026-09-29T02:55:50.80838Z,0.0100,234.89,no
2026-09-29T02:55:51.022776Z,0.0100,5.97,no
2026-09-29T02:55:51.069768Z,0.0200,46.79,yes
2026-09-29T02:55:51.213831Z,0.0100,60.06,no
2026-09-29T02:55:51.286163Z,0.0100,30.48,no
2026-09-29T02:55:51.514502Z,0.0100,38.10,no
2026-09-29T02:55:51.552672Z,0.0100,309.40,no
2026-09-29T02:55:51.61588Z,0.0200,46.79,yes
2026-09-29T02:55:51.616281Z,0.0200,55.34,yes
2026-09-29T02:55:51.616281Z,0.0200,178.61,yes
2026-09-29T02:55:51.711878Z,0.0200,233.95,yes
2026-09-29T02:55:51.736001Z,0.0100,0.70,no
2026-09-29T02:55:51.794314Z,0.0200,233.95,yes
2026-09-29T02:55:52.061685Z,0.0200,19.18,yes
2026-09-29T02:55:52.099315Z,0.0100,18.59,no
2026-09-29T02:55:52.205098Z,0.0100,628.41,no
2026-09-29T02:55:52.24213Z,0.0100,30330.88,no
2026-09-29T02:55:52.24213Z,0.0100,28746.34,no
2026-09-29T02:55:52.258927Z,0.0100,21795.05,no
2026-09-29T02:55:52.258927Z,0.0100,10000.00,no
2026-09-29T02:55:52.258927Z,0.0100,2000.00,no
2026-09-29T02:55:52.258927Z,0.0100,23.00,no
2026-09-29T02:55:52.258927Z,0.0100,29999.70,no
2026-09-29T02:55:52.261148Z,0.0100,29150.95,no
2026-09-29T02:55:52.261148Z,0.0100,1179.93,no
2026-09-29T02:55:52.268767Z,0.0100,40316.50,no
2026-09-29T02:55:52.271007Z,0.0100,209.47,no
2026-09-29T02:55:52.271822Z,0.0200,46.79,yes
2026-09-29T02:55:52.279161Z,0.0100,13870.46,no
2026-09-29T02:55:52.279161Z,0.0100,9240.10,no
2026-09-29T02:55:52.283391Z,0.0200,46.79,yes
2026-09-29T02:55:52.315728Z,0.0200,1403.70,yes
2026-09-29T02:55:52.331968Z,0.0100,14680.33,no
2026-09-29T02:55:52.333692Z,0.0200,935.80,yes
2026-09-29T02:55:52.489203Z,0.0100,3.00,no
2026-09-29T02:55:52.738001Z,0.0200,233.95,yes
2026-09-29T02:55:52.754155Z,0.0100,51.77,no
2026-09-29T02:55:52.874515Z,0.0100,39.40,no
2026-09-29T02:55:52.897009Z,0.0100,47.17,no
2026-09-29T02:55:52.969206Z,0.0200,9358.03,yes
2026-09-29T02:55:53.008548Z,0.0100,141.55,no
2026-09-29T02:55:53.014712Z,0.0200,9.00,yes
2026-09-29T02:55:53.028775Z,0.0100,13473.53,no
2026-09-29T02:55:53.069596Z,0.0200,561.48,yes
2026-09-29T02:55:53.133593Z,0.0200,280.74,yes
2026-09-29T02:55:53.454703Z,0.0100,141.86,no
2026-09-29T02:55:53.537295Z,0.0200,467.90,yes
2026-09-29T02:55:53.655373Z,0.0200,15.90,yes
2026-09-29T02:55:53.661526Z,0.0200,233.95,yes
2026-09-29T02:55:53.760424Z,0.0100,6779.58,no
2026-09-29T02:55:53.760424Z,0.0100,7805.93,no
2026-09-29T02:55:53.851433Z,0.0100,51.79,no
2026-09-29T02:55:54.122859Z,0.0100,1870.38,yes
2026-09-29T02:55:54.220532Z,0.0100,4.67,yes
2026-09-29T02:55:54.288552Z,0.0100,2337.97,yes
2026-09-29T02:55:54.384505Z,0.0100,233.95,yes
2026-09-29T02:55:54.431497Z,0.0100,233.95,yes
2026-09-29T02:55:54.46983Z,0.0100,105.27,yes
2026-09-29T02:55:54.498558Z,0.0100,935.19,yes
2026-09-29T02:55:54.678411Z,0.0100,327.53,yes
2026-09-29T02:55:55.640861Z,0.0100,374.07,yes
2026-09-29T02:55:55.778384Z,0.0100,935.19,yes
2026-09-29T02:55:55.784837Z,0.0100,50.00,yes
2026-09-29T02:55:55.784837Z,0.0100,10.00,yes
2026-09-29T02:55:55.784837Z,0.0100,43187.49,yes
2026-09-29T02:55:55.784837Z,0.0100,2000.00,yes
2026-09-29T02:55:55.784837Z,0.0100,1.00,yes
2026-09-29T02:55:55.816471Z,0.0100,93.51,yes
2026-09-29T02:55:55.823033Z,0.0100,467.59,yes
2026-09-29T02:55:55.861544Z,0.0100,935.19,yes
2026-09-29T02:55:56.093692Z,0.0100,187.03,yes
2026-09-29T02:55:56.100376Z,0.0100,25128.49,yes
2026-09-29T02:55:56.526452Z,0.0200,93.58,yes
2026-09-29T02:55:56.773319Z,0.0100,3.04,no
2026-09-29T02:55:56.885151Z,0.0100,170.31,no
2026-09-29T02:55:57.08812Z,0.0200,233.95,yes
2026-09-29T02:55:57.1187Z,0.0200,233.95,yes
2026-09-29T02:55:57.292989Z,0.0100,22.86,no
2026-09-29T02:55:57.386097Z,0.0200,467.90,yes
2026-09-29T02:55:57.422846Z,0.0200,233.95,yes
2026-09-29T02:55:57.507504Z,0.0100,234.22,no
2026-09-29T02:55:57.509743Z,0.0100,23.53,no
2026-09-29T02:55:57.539993Z,0.0100,1.43,no
2026-09-29T02:55:57.739627Z,0.0100,391.64,no
2026-09-29T02:55:57.7493Z,0.0100,8.97,no
2026-09-29T02:55:57.776215Z,0.0100,133.11,no
2026-09-29T02:55:57.838802Z,0.0100,0.09,no
2026-09-29T02:55:57.866235Z,0.0200,93.58,yes
2026-09-29T02:55:58.012779Z,0.0100,241.28,no
2026-09-29T02:55:58.187175Z,0.0100,29.59,no
2026-09-29T02:55:58.189116Z,0.0100,106.70,no
2026-09-29T02:55:58.191553Z,0.0200,0.46,yes
2026-09-29T02:55:58.212945Z,0.0200,2123.33,yes
2026-09-29T02:55:58.440795Z,0.0100,97.46,no
2026-09-29T02:55:58.61601Z,0.0100,20.62,no
2026-09-29T02:55:58.664684Z,0.0100,82.50,no
2026-09-29T02:55:58.740991Z,0.0100,264.82,no
2026-09-29T02:55:58.760381Z,0.0100,37.54,no
2026-09-29T02:55:58.798702Z,0.0200,233.95,yes
2026-09-29T02:55:58.836496Z,0.0100,22.86,no
2026-09-29T02:55:59.295328Z,0.0100,7.39,no
2026-09-29T02:55:59.32107Z,0.0100,467.90,no
2026-09-29T02:55:59.336757Z,0.0100,14.79,no
2026-09-29T02:55:59.345206Z,0.0200,233.95,yes
2026-09-29T02:55:59.388231Z,0.0100,74.25,no
2026-09-29T02:55:59.6279Z,0.0100,20.62,no
2026-09-29T02:56:00.096051Z,0.0100,10.00,no
2026-09-29T02:56:00.169881Z,0.0100,296.92,no
2026-09-29T02:56:00.183103Z,0.0100,19.67,no
2026-09-29T02:56:00.34636Z,0.0100,105.71,no
2026-09-29T02:56:00.426702Z,0.0200,467.90,yes
2026-09-29T02:56:00.49793Z,0.0200,93.58,yes
2026-09-29T02:56:00.670767Z,0.0200,46.79,yes
2026-09-29T02:56:00.766682Z,0.0200,111.00,yes
2026-09-29T02:56:00.787894Z,0.0200,139.90,yes
2026-09-29T02:56:00.798689Z,0.0100,170.31,no
2026-09-29T02:56:00.834203Z,0.0200,140.37,yes
2026-09-29T02:56:00.846513Z,0.0200,2600.00,yes
2026-09-29T02:56:00.935065Z,0.0100,136.64,no
2026-09-29T02:56:00.94876Z,0.0100,82.50,no
2026-09-29T02:56:00.979953Z,0.0200,46.79,yes
2026-09-29T02:56:01.276835Z,0.0200,93.58,yes
2026-09-29T02:56:01.329751Z,0.0100,457.22,no
2026-09-29T02:56:01.346919Z,0.0200,56.55,yes
2026-09-29T02:56:01.346919Z,0.0200,44.00,yes
2026-09-29T02:56:01.346919Z,0.0200,273.77,yes
2026-09-29T02:56:01.407523Z,0.0100,31.71,no
2026-09-29T02:56:01.478096Z,0.0200,46.79,yes
2026-09-29T02:56:01.661174Z,0.0100,3.75,no
2026-09-29T02:56:01.802663Z,0.0100,1.47,no
2026-09-29T02:56:01.812495Z,0.0200,396.66,yes
2026-09-29T02:56:01.812495Z,0.0200,8961.37,yes
2026-09-29T02:56:01.825976Z,0.0100,1.22,no
2026-09-29T02:56:01.836195Z,0.0200,46.79,yes
2026-09-29T02:56:01.847274Z,0.0100,9.66,no
2026-09-29T02:56:01.90145Z,0.0200,233.95,yes
2026-09-29T02:56:01.931639Z,0.0200,93.58,yes
2026-09-29T02:56:01.964581Z,0.0100,152.33,no
2026-09-29T02:56:02.083193Z,0.0100,4.54,no
2026-09-29T02:56:02.109992Z,0.0200,1637.65,yes
2026-09-29T02:56:02.158133Z,0.0200,233.95,yes
2026-09-29T02:56:02.314702Z,0.0100,59.19,no
2026-09-29T02:56:02.427252Z,0.0200,437.95,yes
2026-09-29T02:56:02.617481Z,0.0100,11.41,no
2026-09-29T02:56:02.628245Z,0.0100,8.55,no
2026-09-29T02:56:02.802675Z,0.0200,467.90,yes
2026-09-29T02:56:02.854751Z,0.0200,1169.75,yes
2026-09-29T02:56:02.893799Z,0.0200,467.90,yes
2026-09-29T02:56:02.949832Z,0.0100,8075.15,no
2026-09-29T02:56:03.012761Z,0.0100,419.32,no
2026-09-29T02:56:03.118338Z,0.0200,15.44,yes
2026-09-29T02:56:03.237644Z,0.0200,467.90,yes
2026-09-29T02:56:03.238456Z,0.0200,0.93,yes
2026-09-29T02:56:03.391169Z,0.0100,39.14,no
2026-09-29T02:56:03.416453Z,0.0200,187.16,yes
2026-09-29T02:56:03.534592Z,0.0100,0.38,no
2026-09-29T02:56:03.571925Z,0.0100,380.04,no
2026-09-29T02:56:03.84516Z,0.0100,17.19,no
2026-09-29T02:56:03.932114Z,0.0200,233.95,yes
2026-09-29T02:56:03.965091Z,0.0200,43.98,yes
2026-09-29T02:56:04.200225Z,0.0200,46.79,yes
2026-09-29T02:56:04.271888Z,0.0100,61.88,no
2026-09-29T02:56:04.283174Z,0.0200,701.85,yes
2026-09-29T02:56:04.325174Z,0.0100,10000.00,no
2026-09-29T02:56:04.325174Z,0.0100,10000.00,no
2026-09-29T02:56:04.325174Z,0.0100,17926.00,no
2026-09-29T02:56:04.325174Z,0.0100,17926.00,no
2026-09-29T02:56:04.325174Z,0.0100,17926.00,no
2026-09-29T02:56:04.325174Z,0.0100,17926.00,no
2026-09-29T02:56:04.325174Z,0.0100,1667.00,no
2026-09-29T02:56:04.325174Z,0.0100,17926.00,no
2026-09-29T02:56:04.325174Z,0.0100,75308.07,no
2026-09-29T02:56:04.325174Z,0.0100,17926.00,no
2026-09-29T02:56:04.325174Z,0.0100,17926.00,no
2026-09-29T02:56:04.325174Z,0.0100,2000.00,no
2026-09-29T02:56:04.325174Z,0.0100,151966.58,no
2026-09-29T02:56:04.325174Z,0.0100,500.00,no
2026-09-29T02:56:04.325174Z,0.0100,150.00,no
2026-09-29T02:56:04.325174Z,0.0100,1000.00,no
2026-09-29T02:56:04.325174Z,0.0100,17926.00,no
2026-09-29T02:56:04.325174Z,0.0100,29999.70,no
2026-09-29T02:56:04.325174Z,0.0100,10.00,no
2026-09-29T02:56:04.325174Z,0.0100,230.00,no
2026-09-29T02:56:04.325174Z,0.0100,50486.00,no
2026-09-29T02:56:04.325174Z,0.0100,50486.00,no
2026-09-29T02:56:04.325174Z,0.0100,50486.00,no
2026-09-29T02:56:04.325174Z,0.0100,50486.00,no
2026-09-29T02:56:04.325174Z,0.0100,10800.00,no
2026-09-29T02:56:04.325174Z,0.0100,25000.00,no
2026-09-29T02:56:04.325174Z,0.0100,10700.00,no
2026-09-29T02:56:04.476823Z,0.0100,2339.50,yes
2026-09-29T02:56:04.621788Z,0.0100,467.59,yes
2026-09-29T02:56:04.743959Z,0.0100,935.80,yes
2026-09-29T02:56:05.07131Z,0.0100,0.93,yes
2026-09-29T02:56:05.386859Z,0.0100,5047.22,yes
2026-09-29T02:56:05.493445Z,0.0100,46.79,yes
2026-09-29T02:56:05.648868Z,0.0100,0.93,yes
2026-09-29T02:56:05.829195Z,0.0100,93.51,yes
2026-09-29T02:56:05.91267Z,0.0100,93.51,yes
2026-09-29T02:56:06.174691Z,0.0100,93.51,yes
2026-09-29T02:56:06.221283Z,0.0100,93.51,yes
2026-09-29T02:56:06.344835Z,0.0100,100000.00,yes
2026-09-29T02:56:06.373916Z,0.0100,100000.00,yes
2026-09-29T02:56:06.448575Z,0.0100,1122.22,yes
2026-09-29T02:56:06.478158Z,0.0100,187.03,yes
2026-09-29T02:56:06.518208Z,0.0100,187.03,yes
2026-09-29T02:56:06.57715Z,0.0100,6.54,yes
2026-09-29T02:56:06.588094Z,0.0100,23.37,yes
2026-09-29T02:56:06.615835Z,0.0100,1402.78,yes
2026-09-29T02:56:06.681724Z,0.0100,93.51,yes
2026-09-29T02:56:06.695626Z,0.0100,0.93,yes
2026-09-29T02:56:06.729014Z,0.0100,93.51,yes
2026-09-29T02:56:06.861221Z,0.0100,93.51,yes
2026-09-29T02:56:06.879309Z,0.0100,93.51,yes
2026-09-29T02:56:06.99544Z,0.0100,187.03,yes
2026-09-29T02:56:07.132187Z,0.0100,93.51,yes
2026-09-29T02:56:07.167553Z,0.0100,935.19,yes
2026-09-29T02:56:07.188077Z,0.0100,467.59,yes
2026-09-29T02:56:07.683001Z,0.0100,170.31,yes
2026-09-29T02:56:07.683001Z,0.0100,3.04,yes
2026-09-29T02:56:07.683001Z,0.0100,10000.00,yes
2026-09-29T02:56:07.683001Z,0.0100,419.32,yes
2026-09-29T02:56:07.683001Z,0.0100,39.14,yes
2026-09-29T02:56:07.683001Z,0.0100,17.19,yes
2026-09-29T02:56:07.683001Z,0.0100,0.38,yes
2026-09-29T02:56:07.683001Z,0.0100,380.04,yes
2026-09-29T02:56:07.683001Z,0.0100,61.88,yes
2026-09-29T02:56:07.683001Z,0.0100,81000.00,yes
2026-09-29T02:56:07.683001Z,0.0100,2000.00,yes
2026-09-29T02:56:07.683001Z,0.0100,10000.00,yes
2026-09-29T02:56:07.683001Z,0.0100,151966.58,yes
2026-09-29T02:56:07.683001Z,0.0100,222227.59,yes
2026-09-29T02:56:07.683001Z,0.0100,457.22,yes
2026-09-29T02:56:07.683001Z,0.0100,3.75,yes
2026-09-29T02:56:07.683001Z,0.0100,9.66,yes
2026-09-29T02:56:07.683001Z,0.0100,152.33,yes
2026-09-29T02:56:07.683001Z,0.0100,1.22,yes
2026-09-29T02:56:07.683001Z,0.0100,31.71,yes
2026-09-29T02:56:07.683001Z,0.0100,1.47,yes
2026-09-29T02:56:07.683001Z,0.0100,8075.15,yes
2026-09-29T02:56:07.683001Z,0.0100,59.19,yes
2026-09-29T02:56:07.683001Z,0.0100,8.55,yes
2026-09-29T02:56:07.683001Z,0.0100,4.54,yes
2026-09-29T02:56:07.683001Z,0.0100,11.41,yes
2026-09-29T02:56:07.683001Z,0.0100,20.62,yes
2026-09-29T02:56:07.683001Z,0.0100,14.79,yes
2026-09-29T02:56:07.683001Z,0.0100,467.90,yes
2026-09-29T02:56:07.683001Z,0.0100,74.25,yes
2026-09-29T02:56:07.683001Z,0.0100,7.39,yes
2026-09-29T02:56:07.683001Z,0.0100,136.64,yes
2026-09-29T02:56:07.683001Z,0.0100,82.50,yes
2026-09-29T02:56:07.683001Z,0.0100,19.67,yes
2026-09-29T02:56:07.683001Z,0.0100,10.00,yes
2026-09-29T02:56:07.683001Z,0.0100,170.31,yes
2026-09-29T02:56:07.683001Z,0.0100,105.71,yes
2026-09-29T02:56:07.683001Z,0.0100,296.92,yes
2026-09-29T02:56:07.683001Z,0.0100,22.86,yes
2026-09-29T02:56:07.683001Z,0.0100,234.22,yes
2026-09-29T02:56:07.683001Z,0.0100,133.11,yes
2026-09-29T02:56:07.683001Z,0.0100,0.09,yes
2026-09-29T02:56:07.683001Z,0.0100,1.43,yes
2026-09-29T02:56:07.683001Z,0.0100,391.64,yes
2026-09-29T02:56:07.683001Z,0.0100,8.97,yes
2026-09-29T02:56:07.683001Z,0.0100,23.53,yes
2026-09-29T02:56:07.683001Z,0.0100,106.70,yes
2026-09-29T02:56:07.683001Z,0.0100,37.54,yes
2026-09-29T02:56:07.683001Z,0.0100,264.82,yes
2026-09-29T02:56:07.683001Z,0.0100,29.59,yes
2026-09-29T02:56:07.683001Z,0.0100,22.86,yes
2026-09-29T02:56:07.683001Z,0.0100,241.28,yes
2026-09-29T02:56:07.683001Z,0.0100,82.50,yes
2026-09-29T02:56:07.683001Z,0.0100,20.62,yes
2026-09-29T02:56:07.683001Z,0.0100,97.46,yes
2026-09-29T02:56:07.739317Z,0.0200,467.90,yes
2026-09-29T02:56:08.205533Z,0.0200,233.95,yes
2026-09-29T02:56:08.328707Z,0.0200,140.37,yes
2026-09-29T02:56:08.994387Z,0.0100,8.39,no
2026-09-29T02:56:09.020002Z,0.0100,123.29,no
2026-09-29T02:56:09.089659Z,0.0100,211.10,no
2026-09-29T02:56:09.189023Z,0.0100,1.00,no
2026-09-29T02:56:09.25869Z,0.0200,46.79,yes
2026-09-29T02:56:09.259914Z,0.0100,27.32,no
2026-09-29T02:56:09.553178Z,0.0200,78.13,yes
2026-09-29T02:56:09.663242Z,0.0100,53.17,no
2026-09-29T02:56:09.731128Z,0.0100,15.24,no
2026-09-29T02:56:09.826561Z,0.0200,1.87,yes
2026-09-29T02:56:09.835503Z,0.0200,233.95,yes
2026-09-29T02:56:10.248693Z,0.0200,124.75,yes
2026-09-29T02:56:10.354852Z,0.0200,233.95,yes
2026-09-29T02:56:10.45269Z,0.0100,187.46,no
2026-09-29T02:56:10.70044Z,0.0100,8.55,no
2026-09-29T02:56:10.826138Z,0.0200,11.69,yes
2026-09-29T02:56:10.889539Z,0.0200,49.75,yes
2026-09-29T02:56:10.914698Z,0.0100,45.72,no
2026-09-29T02:56:10.964453Z,0.0100,1.47,no
2026-09-29T02:56:11.137803Z,0.0200,46.79,yes
2026-09-29T02:56:11.17043Z,0.0200,24.75,yes
2026-09-29T02:56:11.283794Z,0.0100,37.43,no
2026-09-29T02:56:11.322274Z,0.0200,18.24,yes
2026-09-29T02:56:11.527201Z,0.0100,762.04,no
2026-09-29T02:56:11.938512Z,0.0100,300.00,no
2026-09-29T02:56:11.987941Z,0.0100,12.19,no
2026-09-29T02:56:12.063865Z,0.0100,3.04,no
2026-09-29T02:56:12.102103Z,0.0100,654.63,no
2026-09-29T02:56:12.397914Z,0.0100,14.71,no
2026-09-29T02:56:12.546997Z,0.0100,14.05,no
2026-09-29T02:56:12.55596Z,0.0100,171.35,no
2026-09-29T02:56:12.652851Z,0.0100,103.13,no
2026-09-29T02:56:12.802239Z,0.0200,93.58,yes
2026-09-29T02:56:12.820395Z,0.0100,157.51,no
2026-09-29T02:56:12.962431Z,0.0200,54.27,yes
2026-09-29T02:56:13.018829Z,0.0100,1.52,no
2026-09-29T02:56:13.110786Z,0.0100,25.67,no
2026-09-29T02:56:13.174738Z,0.0200,46.79,yes
2026-09-29T02:56:13.327014Z,0.0200,1029.38,yes
2026-09-29T02:56:13.370622Z,0.0200,5.61,yes
2026-09-29T02:56:13.486061Z,0.0100,4.68,no
2026-09-29T02:56:13.628664Z,0.0200,467.90,yes
2026-09-29T02:56:13.688338Z,0.0200,140.37,yes
2026-09-29T02:56:13.785345Z,0.0200,467.90,yes
2026-09-29T02:56:13.936829Z,0.0200,600.00,yes
2026-09-29T02:56:14.086793Z,0.0100,1.10,no
2026-09-29T02:56:14.129405Z,0.0200,46.79,yes
2026-09-29T02:56:14.196583Z,0.0200,93.58,yes
2026-09-29T02:56:14.346958Z,0.0100,22.19,no
2026-09-29T02:56:14.360368Z,0.0200,46.79,yes
2026-09-29T02:56:14.596723Z,0.0100,36.23,no
2026-09-29T02:56:14.696036Z,0.0200,2339.50,yes
2026-09-29T02:56:14.934851Z,0.0100,127.87,no
2026-09-29T02:56:14.960478Z,0.0200,93.58,yes
2026-09-29T02:56:15.061791Z,0.0100,467.59,no
2026-09-29T02:56:15.211508Z,0.0200,14.75,yes
2026-09-29T02:56:15.230031Z,0.0100,2.95,no
2026-09-29T02:56:15.280617Z,0.0200,4679.01,yes
2026-09-29T02:56:15.439418Z,0.0200,701.85,yes
2026-09-29T02:56:15.840265Z,0.0200,46.79,yes
2026-09-29T02:56:16.069601Z,0.0200,23.39,yes
2026-09-29T02:56:16.118707Z,0.0200,233.95,yes
2026-09-29T02:56:16.152329Z,0.0100,260.52,no
2026-09-29T02:56:16.329529Z,0.0100,60.96,no
2026-09-29T02:56:16.337865Z,0.0200,233.95,yes
2026-09-29T02:56:16.556282Z,0.0100,12.57,no
2026-09-29T02:56:16.63799Z,0.0100,90.10,no
2026-09-29T02:56:16.759825Z,0.0200,50.00,yes
2026-09-29T02:56:16.764927Z,0.0100,18.95,no
2026-09-29T02:56:16.949237Z,0.0200,46.79,yes
2026-09-29T02:56:16.984083Z,0.0100,705.18,no
2026-09-29T02:56:17.079009Z,0.0100,22.56,no
2026-09-29T02:56:17.107814Z,0.0200,93.58,yes
2026-09-29T02:56:17.390225Z,0.0200,66.00,yes
2026-09-29T02:56:17.552755Z,0.0200,3.74,yes
2026-09-29T02:56:17.638425Z,0.0200,11.69,yes
2026-09-29T02:56:17.655623Z,0.0200,222.00,yes
2026-09-29T02:56:17.711017Z,0.0100,183.22,no
2026-09-29T02:56:17.789815Z,0.0100,361.63,no
2026-09-29T02:56:17.898436Z,0.0200,46.79,yes
2026-09-29T02:56:17.956085Z,0.0100,37.54,no
2026-09-29T02:56:17.971852Z,0.0200,625.00,yes
2026-09-29T02:56:18.132312Z,0.0100,10.51,no
2026-09-29T02:56:18.355535Z,0.0200,8.66,yes
2026-09-29T02:56:18.489887Z,0.0200,29.47,yes
2026-09-29T02:56:18.562446Z,0.0100,47.13,no
2026-09-29T02:56:18.584361Z,0.0100,4.03,no
2026-09-29T02:56:18.688919Z,0.0200,46.79,yes
2026-09-29T02:56:18.937041Z,0.0100,12.13,no
2026-09-29T02:56:19.105109Z,0.0100,1228.83,no
2026-09-29T02:56:19.173561Z,0.0100,16.74,no
2026-09-29T02:56:19.216034Z,0.0200,22.00,yes
2026-09-29T02:56:19.372828Z,0.0200,38.36,yes
2026-09-29T02:56:19.441257Z,0.0200,467.90,yes
2026-09-29T02:56:19.525499Z,0.0200,233.95,yes
2026-09-29T02:56:20.141566Z,0.0100,45.05,no
2026-09-29T02:56:20.219199Z,0.0100,14.79,no
2026-09-29T02:56:20.321161Z,0.0100,19.73,no
2026-09-29T02:56:20.677897Z,0.0100,134.12,no
2026-09-29T02:56:20.759716Z,0.0100,98.45,no
2026-09-29T02:56:20.779023Z,0.0200,748.64,yes
2026-09-29T02:56:20.784537Z,0.0100,115.83,no
2026-09-29T02:56:21.079149Z,0.0100,17.03,no
2026-09-29T02:56:21.162412Z,0.0200,9.35,yes
2026-09-29T02:56:21.235426Z,0.0200,233.95,yes
2026-09-29T02:56:21.560267Z,0.0200,46.79,yes
2026-09-29T02:56:21.563877Z,0.0200,748.64,yes
2026-09-29T02:56:21.606043Z,0.0200,46.79,yes
2026-09-29T02:56:21.663777Z,0.0200,46.79,yes
2026-09-29T02:56:21.913145Z,0.0100,1.12,no
2026-09-29T02:56:22.175276Z,0.0200,467.90,yes
2026-09-29T02:56:22.419882Z,0.0200,467.90,yes
2026-09-29T02:56:22.587066Z,0.0200,46.79,yes
2026-09-29T02:56:22.626709Z,0.0200,1.40,yes
2026-09-29T02:56:22.840743Z,0.0200,46.79,yes
2026-09-29T02:56:23.111512Z,0.0200,27.60,yes
2026-09-29T02:56:23.136853Z,0.0100,14.79,no
2026-09-29T02:56:23.26522Z,0.0100,36.99,no
2026-09-29T02:56:23.359474Z,0.0100,1870.22,no
2026-09-29T02:56:23.39144Z,0.0200,701.85,yes
2026-09-29T02:56:23.421301Z,0.0200,140.37,yes
2026-09-29T02:56:23.757073Z,0.0200,46.79,yes
2026-09-29T02:56:23.769686Z,0.0200,467.90,yes
2026-09-29T02:56:23.850724Z,0.0200,93.58,yes
2026-09-29T02:56:23.857406Z,0.0200,93.58,yes
2026-09-29T02:56:23.897295Z,0.0200,935.80,yes
2026-09-29T02:56:23.974068Z,0.0200,46.79,yes
2026-09-29T02:56:24.035395Z,0.0100,137.61,no
2026-09-29T02:56:24.054632Z,0.0100,2.95,no
2026-09-29T02:56:24.10968Z,0.0100,21.89,no
2026-09-29T02:56:24.178228Z,0.0100,813.51,no
2026-09-29T02:56:24.344071Z,0.0200,46.79,yes
2026-09-29T02:56:24.348908Z,0.0100,27.79,no
2026-09-29T02:56:24.505767Z,0.0100,338.66,no
2026-09-29T02:56:24.521613Z,0.0200,233.95,yes
2026-09-29T02:56:24.650502Z,0.0200,233.95,yes
2026-09-29T02:56:24.778984Z,0.0200,233.95,yes
2026-09-29T02:56:24.856848Z,0.0100,5.04,no
2026-09-29T02:56:25.026253Z,0.0100,15.24,no
2026-09-29T02:56:25.13951Z,0.0200,46.79,yes
2026-09-29T02:56:25.322475Z,0.0100,1.93,no
2026-09-29T02:56:25.355855Z,0.0100,22.19,no
2026-09-29T02:56:25.365265Z,0.0100,469.76,no
2026-09-29T02:56:25.423255Z,0.0200,46.79,yes
2026-09-29T02:56:25.686949Z,0.0200,10.76,yes
2026-09-29T02:56:26.117475Z,0.0100,141.62,no
2026-09-29T02:56:26.14092Z,0.0200,467.90,yes
2026-09-29T02:56:26.23616Z,0.0100,125.76,no
2026-09-29T02:56:26.299504Z,0.0200,46.79,yes
2026-09-29T02:56:26.361458Z,0.0200,46.79,yes
2026-09-29T02:56:26.69284Z,0.0200,46.79,yes
2026-09-29T02:56:26.744082Z,0.0200,444.00,yes
2026-09-29T02:56:26.809488Z,0.0100,520.21,no
2026-09-29T02:56:26.879396Z,0.0100,154.90,no
2026-09-29T02:56:26.943617Z,0.0200,935.80,yes
2026-09-29T02:56:27.036567Z,0.0200,233.95,yes
2026-09-29T02:56:27.21797Z,0.0100,472.04,no
2026-09-29T02:56:27.298525Z,0.0100,45.12,no
2026-09-29T02:56:27.464007Z,0.0200,36.02,yes
2026-09-29T02:56:27.810883Z,0.0100,85.48,no
2026-09-29T02:56:27.933642Z,0.0100,2.00,no
2026-09-29T02:56:27.947448Z,0.0100,4.16,no
2026-09-29T02:56:28.049382Z,0.0200,467.90,yes
2026-09-29T02:56:28.115826Z,0.0100,422.17,no
2026-09-29T02:56:28.124501Z,0.0200,467.90,yes
2026-09-29T02:56:28.227582Z,0.0200,233.95,yes
2026-09-29T02:56:28.253184Z,0.0200,7.48,yes
2026-09-29T02:56:28.316617Z,0.0200,39.30,yes
2026-09-29T02:56:28.581318Z,0.0200,2339.50,yes
2026-09-29T02:56:28.808685Z,0.0100,3.18,no
2026-09-29T02:56:28.901322Z,0.0100,156.06,no
2026-09-29T02:56:28.92559Z,0.0200,2339.50,yes
2026-09-29T02:56:29.013337Z,0.0200,26.67,yes
2026-09-29T02:56:29.062756Z,0.0100,10.66,no
2026-09-29T02:56:29.123292Z,0.0100,5.48,no
2026-09-29T02:56:29.80654Z,0.0200,467.90,yes
2026-09-29T02:56:30.232666Z,0.0100,38.25,no
2026-09-29T02:56:30.270771Z,0.0100,187.03,no
2026-09-29T02:56:30.340885Z,0.0200,2.33,yes
2026-09-29T02:56:30.387525Z,0.0200,233.95,yes
2026-09-29T02:56:30.548496Z,0.0200,140.37,yes
2026-09-29T02:56:30.626854Z,0.0100,661.31,no
2026-09-29T02:56:30.652968Z,0.0100,10.35,no
2026-09-29T02:56:30.697896Z,0.0100,189.57,no
2026-09-29T02:56:30.775487Z,0.0200,46.79,yes
2026-09-29T02:56:30.859671Z,0.0200,46.79,yes
2026-09-29T02:56:30.914267Z,0.0100,0.99,no
2026-09-29T02:56:30.926373Z,0.0100,96.19,no
2026-09-29T02:56:30.992066Z,0.0100,150.16,no
2026-09-29T02:56:31.121614Z,0.0200,467.90,yes
2026-09-29T02:56:31.149139Z,0.0200,467.90,yes
2026-09-29T02:56:31.570182Z,0.0200,46.79,yes
2026-09-29T02:56:31.580393Z,0.0200,93.58,yes
2026-09-29T02:56:31.743636Z,0.0200,935.80,yes
2026-09-29T02:56:31.891656Z,0.0100,2.95,no
2026-09-29T02:56:31.905853Z,0.0100,1.17,no
2026-09-29T02:56:31.917106Z,0.0200,46.79,yes
2026-09-29T02:56:31.983776Z,0.0200,140.37,yes
2026-09-29T02:56:31.995594Z,0.0100,11.18,no
2026-09-29T02:56:31.998055Z,0.0200,147.38,yes
2026-09-29T02:56:32.447501Z,0.0200,46.79,yes
2026-09-29T02:56:32.471916Z,0.0100,38.10,no
2026-09-29T02:56:32.501462Z,0.0200,233.95,yes
2026-09-29T02:56:32.542027Z,0.0200,111.00,yes
2026-09-29T02:56:32.593872Z,0.0200,467.90,yes
2026-09-29T02:56:32.608273Z,0.0100,60.67,no
2026-09-29T02:56:33.124195Z,0.0200,1250.00,yes
2026-09-29T02:56:33.343168Z,0.0200,46.79,yes
2026-09-29T02:56:33.449587Z,0.0100,36.62,no
2026-09-29T02:56:33.476621Z,0.0200,467.90,yes
2026-09-29T02:56:33.618615Z,0.0200,500.00,yes
2026-09-29T02:56:33.651164Z,0.0200,93.58,yes
2026-09-29T02:56:33.760119Z,0.0200,46.79,yes
2026-09-29T02:56:33.779887Z,0.0100,57.96,no
2026-09-29T02:56:33.892202Z,0.0100,14.47,no
2026-09-29T02:56:33.932815Z,0.0200,467.90,yes
2026-09-29T02:56:33.975821Z,0.0200,467.90,yes
2026-09-29T02:56:34.009738Z,0.0100,18.95,no
2026-09-29T02:56:34.150603Z,0.0200,100000.00,yes
2026-09-29T02:56:34.321799Z,0.0200,93.58,yes
2026-09-29T02:56:34.377706Z,0.0200,935.80,yes
2026-09-29T02:56:34.841225Z,0.0200,11.69,yes
2026-09-29T02:56:34.878858Z,0.0200,233.95,yes
2026-09-29T02:56:35.080185Z,0.0100,30.77,no
2026-09-29T02:56:35.200025Z,0.0200,42.57,yes
2026-09-29T02:56:35.331611Z,0.0200,49.75,yes
2026-09-29T02:56:35.346754Z,0.0200,233.95,yes
2026-09-29T02:56:35.455702Z,0.0200,935.80,yes
2026-09-29T02:56:35.723159Z,0.0200,140.37,yes
2026-09-29T02:56:35.747154Z,0.0100,6.19,no
2026-09-29T02:56:35.770718Z,0.0200,93.58,yes
2026-09-29T02:56:35.793245Z,0.0200,93.58,yes
2026-09-29T02:56:35.812804Z,0.0100,180.91,no
2026-09-29T02:56:35.887766Z,0.0100,18.16,no
2026-09-29T02:56:35.960851Z,0.0200,233.95,yes
2026-09-29T02:56:36.017259Z,0.0100,0.20,no
2026-09-29T02:56:36.042663Z,0.0200,9358.03,yes
2026-09-29T02:56:36.118815Z,0.0200,701.85,yes
2026-09-29T02:56:36.123758Z,0.0200,233.95,yes
2026-09-29T02:56:36.148514Z,0.0200,935.80,yes
2026-09-29T02:56:36.176437Z,0.0200,110.00,yes
2026-09-29T02:56:36.216435Z,0.0100,645.32,no
2026-09-29T02:56:36.217253Z,0.0100,8.55,no
2026-09-29T02:56:36.368317Z,0.0100,31.67,no
2026-09-29T02:56:36.405322Z,0.0200,50.00,yes
2026-09-29T02:56:36.547599Z,0.0100,62.12,no
2026-09-29T02:56:36.677177Z,0.0200,154.40,yes
2026-09-29T02:56:36.680302Z,0.0200,46.79,yes
2026-09-29T02:56:36.694513Z,0.0200,93.58,yes
2026-09-29T02:56:36.820462Z,0.0200,1.87,yes
2026-09-29T02:56:36.959954Z,0.0200,36.96,yes
2026-09-29T02:56:37.078452Z,0.0200,46.79,yes
2026-09-29T02:56:37.169657Z,0.0200,46.79,yes
2026-09-29T02:56:37.357833Z,0.0200,233.95,yes
2026-09-29T02:56:37.468495Z,0.0100,30.03,no
2026-09-29T02:56:37.612042Z,0.0100,17.11,no
2026-09-29T02:56:37.739019Z,0.0100,14.91,no
2026-09-29T02:56:37.982843Z,0.0200,234.88,yes
2026-09-29T02:56:37.998274Z,0.0200,3275.31,yes
2026-09-29T02:56:38.010407Z,0.0100,1.47,no
2026-09-29T02:56:38.052939Z,0.0100,18.28,no
2026-09-29T02:56:38.548311Z,0.0100,100000.00,no
2026-09-29T02:56:38.673817Z,0.0200,23.39,yes
2026-09-29T02:56:38.690516Z,0.0200,12.16,yes
2026-09-29T02:56:38.808632Z,0.0200,46.79,yes
2026-09-29T02:56:38.848345Z,0.0100,41.25,no
2026-09-29T02:56:38.860178Z,0.0100,4.96,no
2026-09-29T02:56:39.051633Z,0.0100,5.55,no
2026-09-29T02:56:39.301844Z,0.0100,30.48,no
2026-09-29T02:56:39.388756Z,0.0100,6.09,no
2026-09-29T02:56:39.454578Z,0.0100,50.50,no
2026-09-29T02:56:39.532083Z,0.0100,568.72,no
2026-09-29T02:56:39.565133Z,0.0100,16.43,no
2026-09-29T02:56:39.642613Z,0.0200,233.95,yes
2026-09-29T02:56:39.714235Z,0.0100,7.39,no
2026-09-29T02:56:39.739882Z,0.0100,38.10,no
2026-09-29T02:56:39.798157Z,0.0200,46.79,yes
2026-09-29T02:56:39.835868Z,0.0200,467.90,yes
2026-09-29T02:56:39.843833Z,0.0100,243.52,no
2026-09-29T02:56:39.859134Z,0.0100,7.39,no
2026-09-29T02:56:40.061441Z,0.0200,93.58,yes
2026-09-29T02:56:40.093768Z,0.0200,467.90,yes
2026-09-29T02:56:40.249833Z,0.0200,233.95,yes
2026-09-29T02:56:40.497147Z,0.0100,665.00,no
2026-09-29T02:56:40.54442Z,0.0200,2339.50,yes
2026-09-29T02:56:40.647205Z,0.0200,233.95,yes
2026-09-29T02:56:40.650969Z,0.0200,46.79,yes
2026-09-29T02:56:40.666812Z,0.0200,935.80,yes
2026-09-29T02:56:40.670838Z,0.0200,232.54,yes
2026-09-29T02:56:40.825311Z,0.0100,3537.79,no
2026-09-29T02:56:40.947648Z,0.0100,829.17,no
2026-09-29T02:56:41.002315Z,0.0200,467.90,yes
2026-09-29T02:56:41.148855Z,0.0200,467.90,yes
2026-09-29T02:56:41.33592Z,0.0100,30.03,no
2026-09-29T02:56:41.353667Z,0.0200,467.90,yes
2026-09-29T02:56:41.370598Z,0.0200,233.95,yes
2026-09-29T02:56:41.576826Z,0.0200,2339.50,yes
2026-09-29T02:56:41.672649Z,0.0100,14.79,no
2026-09-29T02:56:41.933329Z,0.0200,233.95,yes
2026-09-29T02:56:42.00462Z,0.0200,46.79,yes
2026-09-29T02:56:42.13102Z,0.0200,714.48,yes
2026-09-29T02:56:42.143057Z,0.0200,1000.00,yes
2026-09-29T02:56:42.198873Z,0.0200,7.48,yes
2026-09-29T02:56:42.387647Z,0.0100,494.28,no
2026-09-29T02:56:42.465108Z,0.0200,4.67,yes
2026-09-29T02:56:42.481511Z,0.0100,46.79,no
2026-09-29T02:56:42.520629Z,0.0200,8.89,yes
2026-09-29T02:56:42.567773Z,0.0200,375.00,yes
2026-09-29T02:56:42.619456Z,0.0200,46.79,yes
2026-09-29T02:56:42.624402Z,0.0200,233.95,yes
2026-09-29T02:56:42.676608Z,0.0100,203.05,no
2026-09-29T02:56:42.682337Z,0.0100,2.67,no
2026-09-29T02:56:42.915548Z,0.0100,25.67,no
2026-09-29T02:56:42.941454Z,0.0200,46.79,yes
2026-09-29T02:56:42.990748Z,0.0200,100.00,yes
2026-09-29T02:56:43.024467Z,0.0200,233.95,yes
2026-09-29T02:56:43.212739Z,0.0200,467.90,yes
2026-09-29T02:56:43.228941Z,0.0200,250.00,yes
2026-09-29T02:56:43.508178Z,0.0200,46.79,yes
2026-09-29T02:56:43.669517Z,0.0100,914.45,no
2026-09-29T02:56:43.741036Z,0.0100,3.04,no
2026-09-29T02:56:43.846469Z,0.0200,701.85,yes
2026-09-29T02:56:43.868808Z,0.0100,132.54,no
2026-09-29T02:56:44.136487Z,0.0200,561.48,yes
2026-09-29T02:56:44.185428Z,0.0200,46.79,yes
2026-09-29T02:56:44.448649Z,0.0200,46.79,yes
2026-09-29T02:56:44.516992Z,0.0100,30.48,no
2026-09-29T02:56:44.539113Z,0.0200,935.80,yes
2026-09-29T02:56:44.559551Z,0.0200,233.95,yes
2026-09-29T02:56:44.657045Z,0.0200,233.95,yes
2026-09-29T02:56:44.743836Z,0.0100,14.18,no
2026-09-29T02:56:44.756159Z,0.0200,30.88,yes
2026-09-29T02:56:44.873337Z,0.0100,170.09,no
2026-09-29T02:56:45.032509Z,0.0200,23.39,yes
2026-09-29T02:56:45.131658Z,0.0100,769.23,no
2026-09-29T02:56:45.133867Z,0.0100,16.76,no
2026-09-29T02:56:45.250737Z,0.0100,0.01,no
2026-09-29T02:56:45.277543Z,0.0200,42.57,yes
2026-09-29T02:56:45.328577Z,0.0200,1169.75,yes
2026-09-29T02:56:45.358354Z,0.0200,140.37,yes
2026-09-29T02:56:45.620556Z,0.0200,93.58,yes
2026-09-29T02:56:45.920134Z,0.0200,0.46,yes
2026-09-29T02:56:45.951806Z,0.0200,93.58,yes
2026-09-29T02:56:46.008831Z,0.0200,37.43,yes
2026-09-29T02:56:46.126093Z,0.0100,37.54,no
2026-09-29T02:56:46.244934Z,0.0200,38.36,yes
2026-09-29T02:56:46.403336Z,0.0100,152.40,no
2026-09-29T02:56:46.518692Z,0.0100,60.30,no
2026-09-29T02:56:46.636861Z,0.0200,93.58,yes
2026-09-29T02:56:46.726673Z,0.0200,93.58,yes
2026-09-29T02:56:47.305069Z,0.0100,0.65,no
2026-09-29T02:56:47.377346Z,0.0100,669.89,no
2026-09-29T02:56:47.379462Z,0.0100,30.92,no
2026-09-29T02:56:47.42891Z,0.0200,49.75,yes
2026-09-29T02:56:47.536782Z,0.0100,1317.89,no
2026-09-29T02:56:47.672795Z,0.0200,935.80,yes
2026-09-29T02:56:47.674334Z,0.0200,2339.50,yes
2026-09-29T02:56:47.694234Z,0.0100,28.94,no
2026-09-29T02:56:47.793771Z,0.0100,41.25,no
2026-09-29T02:56:47.823415Z,0.0200,292.00,yes
2026-09-29T02:56:47.883206Z,0.0100,847.15,no
2026-09-29T02:56:47.945232Z,0.0100,51.77,no
2026-09-29T02:56:48.06685Z,0.0200,93.58,yes
2026-09-29T02:56:48.292853Z,0.0100,400.05,no
2026-09-29T02:56:48.466766Z,0.0100,49.76,no
2026-09-29T02:56:48.700283Z,0.0200,1210.93,yes
2026-09-29T02:56:48.773644Z,0.0100,504.42,no
2026-09-29T02:56:48.79118Z,0.0200,467.90,yes
2026-09-29T02:56:48.82264Z,0.0200,0.46,yes
2026-09-29T02:56:48.916231Z,0.0200,46.79,yes
2026-09-29T02:56:48.990066Z,0.0200,467.90,yes
2026-09-29T02:56:48.990831Z,0.0100,23.99,no
2026-09-29T02:56:49.033425Z,0.0200,233.95,yes
2026-09-29T02:56:49.089539Z,0.0100,6.35,no
2026-09-29T02:56:49.098771Z,0.0200,250.00,yes
2026-09-29T02:56:49.115516Z,0.0200,4.67,yes
2026-09-29T02:56:49.11875Z,0.0200,514.69,yes
2026-09-29T02:56:49.154876Z,0.0100,38.10,no
2026-09-29T02:56:49.156357Z,0.0200,20.11,yes
2026-09-29T02:56:49.172911Z,0.0200,46.79,yes
2026-09-29T02:56:49.237022Z,0.0100,292.61,no
2026-09-29T02:56:49.260668Z,0.0200,46790.19,yes
2026-09-29T02:56:49.444577Z,0.0100,92.11,no
2026-09-29T02:56:49.62063Z,0.0100,1320.14,no
2026-09-29T02:56:49.744872Z,0.0200,23.39,yes
2026-09-29T02:56:49.804946Z,0.0100,23.42,no
2026-09-29T02:56:49.864888Z,0.0100,1900.86,no
2026-09-29T02:56:49.962065Z,0.0200,46.79,yes
2026-09-29T02:56:50.128367Z,0.0100,82.39,no
2026-09-29T02:56:50.143698Z,0.0200,157059.11,yes
2026-09-29T02:56:50.143698Z,0.0200,42940.89,yes
2026-09-29T02:56:50.173468Z,0.0100,46.35,no
2026-09-29T02:56:50.191616Z,0.0100,6.09,no
2026-09-29T02:56:50.437504Z,0.0200,233.95,yes
2026-09-29T02:56:51.025179Z,0.0100,11.71,no
2026-09-29T02:56:51.078956Z,0.0200,280.74,yes
2026-09-29T02:56:51.092178Z,0.0200,935.80,yes
2026-09-29T02:56:51.159649Z,0.0200,8.89,yes
2026-09-29T02:56:51.159705Z,0.0100,138.29,no
2026-09-29T02:56:51.159705Z,0.0100,147.65,no
2026-09-29T02:56:51.269626Z,0.0200,93.58,yes
2026-09-29T02:56:51.423245Z,0.0200,467.90,yes
2026-09-29T02:56:51.510817Z,0.0100,5.17,no
2026-09-29T02:56:52.03135Z,0.0200,93.58,yes
2026-09-29T02:56:52.304523Z,0.0100,29.59,no
2026-09-29T02:56:52.516108Z,0.0200,233.95,yes
2026-09-29T02:56:52.540911Z,0.0200,233.95,yes
2026-09-29T02:56:52.568349Z,0.0200,46.79,yes
2026-09-29T02:56:52.577864Z,0.0200,233.95,yes
2026-09-29T02:56:52.664952Z,0.0200,467.90,yes
2026-09-29T02:56:52.786131Z,0.0200,46.79,yes
2026-09-29T02:56:53.141079Z,0.0200,467.90,yes
2026-09-29T02:56:53.166193Z,0.0100,7.62,no
2026-09-29T02:56:53.195021Z,0.0200,124.75,yes
2026-09-29T02:56:53.423726Z,0.0200,93.58,yes
2026-09-29T02:56:53.707709Z,0.0100,14.79,no
2026-09-29T02:56:53.875633Z,0.0200,233.95,yes
2026-09-29T02:56:53.898071Z,0.0200,4679.01,yes
2026-09-29T02:56:53.994156Z,0.0200,233.95,yes
2026-09-29T02:56:54.019539Z,0.0200,6550.62,yes
2026-09-29T02:56:54.026774Z,0.0100,63.40,no
2026-09-29T02:56:54.282739Z,0.0200,23.86,yes
2026-09-29T02:56:54.724046Z,0.0100,7.37,no
2026-09-29T02:56:54.925138Z,0.0200,93.58,yes
2026-09-29T02:56:54.941734Z,0.0200,2339.50,yes
2026-09-29T02:56:55.074273Z,0.0200,93.58,yes
2026-09-29T02:56:55.117346Z,0.0100,291.41,no
2026-09-29T02:56:55.154579Z,0.0200,2339.50,yes
2026-09-29T02:56:55.495936Z,0.0200,149.75,yes
2026-09-29T02:56:55.709348Z,0.0200,33.00,yes
2026-09-29T02:56:55.816792Z,0.0200,46.79,yes
2026-09-29T02:56:55.884133Z,0.0100,10.00,no
2026-09-29T02:56:56.06355Z,0.0200,1169.75,yes
2026-09-29T02:56:56.094711Z,0.0100,3.04,no
2026-09-29T02:56:56.222933Z,0.0200,233.95,yes
2026-09-29T02:56:56.348751Z,0.0100,3.70,no
2026-09-29T02:56:56.360468Z,0.0200,935.80,yes
2026-09-29T02:56:56.714864Z,0.0200,24.79,yes
2026-09-29T02:56:56.99383Z,0.0100,42.67,no
2026-09-29T02:56:57.249318Z,0.0200,2499.75,yes
2026-09-29T02:56:57.250885Z,0.0200,187.16,yes
2026-09-29T02:56:57.404378Z,0.0200,177.00,yes
2026-09-29T02:56:57.410606Z,0.0200,233.95,yes
2026-09-29T02:56:57.412847Z,0.0200,935.80,yes
2026-09-29T02:56:57.644678Z,0.0200,46.79,yes
2026-09-29T02:56:57.781566Z,0.0100,0.08,no
2026-09-29T02:56:57.798566Z,0.0100,5.62,no
2026-09-29T02:56:57.800166Z,0.0100,108.80,no
2026-09-29T02:56:57.874859Z,0.0200,131.48,yes
2026-09-29T02:56:57.97607Z,0.0200,37432.15,yes
2026-09-29T02:56:58.061654Z,0.0200,335.95,yes
2026-09-29T02:56:58.17035Z,0.0100,1.52,no
2026-09-29T02:56:58.319879Z,0.0200,100.00,yes
2026-09-29T02:56:58.341585Z,0.0200,2340.44,yes
2026-09-29T02:56:58.454067Z,0.0100,376.19,no
2026-09-29T02:56:58.515763Z,0.0100,7.57,no
2026-09-29T02:56:58.54001Z,0.0200,3.27,yes
2026-09-29T02:56:58.825423Z,0.0200,140.37,yes
2026-09-29T02:56:58.858289Z,0.0200,46.79,yes
2026-09-29T02:56:58.949931Z,0.0200,46.79,yes
2026-09-29T02:56:59.10615Z,0.0200,46.79,yes
2026-09-29T02:56:59.13114Z,0.0100,304.81,no
2026-09-29T02:56:59.314943Z,0.0200,46.79,yes
2026-09-29T02:56:59.347408Z,0.0200,467.90,yes
2026-09-29T02:56:59.491081Z,0.0200,233.95,yes
2026-09-29T02:56:59.624695Z,0.0200,467.90,yes
2026-09-29T02:56:59.774961Z,0.0200,46.79,yes
2026-09-29T02:56:59.797814Z,0.0100,780.34,no
2026-09-29T02:56:59.817156Z,0.0100,8.00,no
2026-09-29T02:56:59.87418Z,0.0100,197.04,no
2026-09-29T02:56:59.970725Z,0.0200,28.07,yes
2026-09-29T02:57:00.08567Z,0.0100,7.50,no
2026-09-29T02:57:00.165293Z,0.0200,222.00,yes
2026-09-29T02:57:00.193388Z,0.0200,377.00,yes
2026-09-29T02:57:00.302739Z,0.0100,1.00,no
2026-09-29T02:57:00.308975Z,0.0200,46.79,yes
2026-09-29T02:57:00.423298Z,0.0100,28.53,no
2026-09-29T02:57:00.731329Z,0.0200,701.85,yes
2026-09-29T02:57:01.044167Z,0.0100,108.47,no
2026-09-29T02:57:01.045404Z,0.0100,3.00,no
2026-09-29T02:57:01.180847Z,0.0200,14.50,yes
2026-09-29T02:57:01.208206Z,0.0200,93.58,yes
2026-09-29T02:57:01.258719Z,0.0200,467.90,yes
2026-09-29T02:57:01.342639Z,0.0100,369.98,no
2026-09-29T02:57:01.427458Z,0.0200,195.11,yes
2026-09-29T02:57:01.498367Z,0.0200,9.35,yes
2026-09-29T02:57:01.541324Z,0.0200,233.95,yes
2026-09-29T02:57:01.54881Z,0.0100,9.36,no
2026-09-29T02:57:01.55557Z,0.0200,701.85,yes
2026-09-29T02:57:01.646039Z,0.0200,935.80,yes
2026-09-29T02:57:01.872743Z,0.0200,957.32,yes
2026-09-29T02:57:01.87646Z,0.0200,4679.01,yes
2026-09-29T02:57:02.1257Z,0.0100,7.31,no
2026-09-29T02:57:02.157306Z,0.0200,233.95,yes
2026-09-29T02:57:02.210108Z,0.0200,46.79,yes
2026-09-29T02:57:02.342892Z,0.0200,117.75,yes
2026-09-29T02:57:02.357658Z,0.0100,457.22,no
2026-09-29T02:57:02.3776Z,0.0100,100.50,no
2026-09-29T02:57:02.430585Z,0.0200,163.76,yes
2026-09-29T02:57:02.487303Z,0.0200,187.16,yes
2026-09-29T02:57:02.577385Z,0.0200,467.90,yes
2026-09-29T02:57:02.58567Z,0.0200,0.46,yes
2026-09-29T02:57:02.850389Z,0.0200,233.95,yes
2026-09-29T02:57:02.902946Z,0.0200,46.79,yes
2026-09-29T02:57:02.903756Z,0.0200,233.95,yes
2026-09-29T02:57:03.032521Z,0.0100,97.59,no
2026-09-29T02:57:03.166456Z,0.0100,63.07,no
2026-09-29T02:57:03.246615Z,0.0100,15.24,no
2026-09-29T02:57:03.363548Z,0.0200,233.95,yes
2026-09-29T02:57:03.558039Z,0.0100,207.20,no
2026-09-29T02:57:03.642772Z,0.0200,374.32,yes
2026-09-29T02:57:03.732944Z,0.0100,65.24,no
2026-09-29T02:57:03.83546Z,0.0100,7.50,no
2026-09-29T02:57:03.903955Z,0.0200,46.79,yes
2026-09-29T02:57:03.935815Z,0.0100,6.06,no
2026-09-29T02:57:04.172171Z,0.0100,166.52,no
2026-09-29T02:57:04.180905Z,0.0200,233.95,yes
2026-09-29T02:57:04.183825Z,0.0200,93.58,yes
2026-09-29T02:57:04.198719Z,0.0200,46.79,yes
2026-09-29T02:57:04.220154Z,0.0200,46.79,yes
2026-09-29T02:57:04.355419Z,0.0100,17.75,no
2026-09-29T02:57:04.443486Z,0.0100,379.21,no
2026-09-29T02:57:04.69542Z,0.0200,467.90,yes
2026-09-29T02:57:04.723804Z,0.0200,46.79,yes
2026-09-29T02:57:04.742179Z,0.0100,7.76,no
2026-09-29T02:57:04.934312Z,0.0200,65.03,yes
2026-09-29T02:57:05.008579Z,0.0200,935.80,yes
2026-09-29T02:57:05.029369Z,0.0200,222.00,yes
2026-09-29T02:57:05.144928Z,0.0200,46.79,yes
2026-09-29T02:57:05.179358Z,0.0200,46.79,yes
2026-09-29T02:57:05.353191Z,0.0200,0.46,yes
2026-09-29T02:57:05.408866Z,0.0200,46.79,yes
2026-09-29T02:57:05.648465Z,0.0100,180.66,no
2026-09-29T02:57:05.662584Z,0.0100,387.76,no
2026-09-29T02:57:05.700543Z,0.0200,93.58,yes
2026-09-29T02:57:05.778387Z,0.0200,500.00,yes
2026-09-29T02:57:05.808373Z,0.0100,7.00,no
2026-09-29T02:57:05.860013Z,0.0200,46.79,yes
2026-09-29T02:57:05.861276Z,0.0200,20.58,yes
2026-09-29T02:57:05.917Z,0.0200,46.79,yes
2026-09-29T02:57:06.01182Z,0.0200,233.95,yes
2026-09-29T02:57:06.044417Z,0.0200,140.37,yes
2026-09-29T02:57:06.071199Z,0.0200,64.10,yes
2026-09-29T02:57:06.274249Z,0.0100,30.03,no
2026-09-29T02:57:06.407776Z,0.0100,238.25,no
2026-09-29T02:57:06.572342Z,0.0200,467.90,yes
2026-09-29T02:57:06.610886Z,0.0100,10.22,no
2026-09-29T02:57:06.715112Z,0.0100,42.79,no
2026-09-29T02:57:06.725962Z,0.0100,15.01,no
2026-09-29T02:57:06.764147Z,0.0100,187.43,no
2026-09-29T02:57:06.814027Z,0.0200,467.90,yes
2026-09-29T02:57:06.906442Z,0.0100,24.08,no
2026-09-29T02:57:06.921768Z,0.0100,20.51,no
2026-09-29T02:57:07.110111Z,0.0200,9.82,yes
2026-09-29T02:57:07.19381Z,0.0100,7.39,no
2026-09-29T02:57:07.205995Z,0.0200,233.95,yes
2026-09-29T02:57:07.245979Z,0.0200,4.21,yes
2026-09-29T02:57:07.25741Z,0.0100,29.59,no
2026-09-29T02:57:07.487205Z,0.0200,23.39,yes
2026-09-29T02:57:07.571284Z,0.0100,15.24,no
2026-09-29T02:57:07.593886Z,0.0200,93.58,yes
2026-09-29T02:57:07.682508Z,0.0100,88.13,no
2026-09-29T02:57:07.815421Z,0.0200,46.79,yes
2026-09-29T02:57:07.839913Z,0.0200,0.93,yes
2026-09-29T02:57:07.863852Z,0.0200,467.90,yes
2026-09-29T02:57:07.960622Z,0.0200,225.06,yes
2026-09-29T02:57:07.992148Z,0.0100,42.78,no
2026-09-29T02:57:08.203412Z,0.0200,93.58,yes
2026-09-29T02:57:08.278826Z,0.0200,0.46,yes
2026-09-29T02:57:08.286008Z,0.0100,150.30,no
2026-09-29T02:57:08.36507Z,0.0200,23.39,yes
2026-09-29T02:57:08.443968Z,0.0100,85.99,no
2026-09-29T02:57:08.534105Z,0.0200,125.00,yes
2026-09-29T02:57:08.630263Z,0.0200,467.90,yes
2026-09-29T02:57:08.730655Z,0.0200,467.90,yes
2026-09-29T02:57:08.790596Z,0.0200,1169.75,yes
2026-09-29T02:57:08.837296Z,0.0100,29.59,no
2026-09-29T02:57:08.871641Z,0.0200,233.95,yes
2026-09-29T02:57:08.877934Z,0.0200,14.50,yes
2026-09-29T02:57:08.967986Z,0.0100,218.69,no
2026-09-29T02:57:08.987034Z,0.0100,387.05,no
2026-09-29T02:57:09.14189Z,0.0100,10.00,no
2026-09-29T02:57:09.14189Z,0.0100,1623.09,no
2026-09-29T02:57:09.14189Z,0.0100,3259.12,no
2026-09-29T02:57:09.211091Z,0.0200,701.85,yes
2026-09-29T02:57:09.52763Z,0.0100,376.91,no
2026-09-29T02:57:09.52763Z,0.0100,90.99,no
2026-09-29T02:57:09.544526Z,0.0200,200000.00,yes
2026-09-29T02:57:09.555101Z,0.0200,249.75,yes
2026-09-29T02:57:09.575843Z,0.0100,37.68,no
2026-09-29T02:57:09.584034Z,0.0200,10.76,yes
2026-09-29T02:57:09.738123Z,0.0200,374.32,yes
2026-09-29T02:57:09.784687Z,0.0200,23.39,yes
2026-09-29T02:57:09.850434Z,0.0200,46.79,yes
2026-09-29T02:57:09.946079Z,0.0200,233.95,yes
2026-09-29T02:57:09.989448Z,0.0200,467.90,yes
2026-09-29T02:57:10.262701Z,0.0100,8.38,no
2026-09-29T02:57:10.274649Z,0.0200,467.90,yes
2026-09-29T02:57:10.459307Z,0.0100,271.63,no
2026-09-29T02:57:10.726951Z,0.0100,44.39,no
2026-09-29T02:57:10.765822Z,0.0200,233.95,yes
2026-09-29T02:57:10.793152Z,0.0200,23.39,yes
2026-09-29T02:57:10.852133Z,0.0200,233.95,yes
2026-09-29T02:57:10.949499Z,0.0200,3.00,yes
2026-09-29T02:57:10.973391Z,0.0200,233.95,yes
2026-09-29T02:57:11.239002Z,0.0200,46.79,yes
2026-09-29T02:57:11.341009Z,0.0200,467.90,yes
2026-09-29T02:57:11.387368Z,0.0100,7344.48,no
2026-09-29T02:57:11.450613Z,0.0200,875.00,yes
2026-09-29T02:57:11.489776Z,0.0100,16.68,no
2026-09-29T02:57:11.502051Z,0.0200,342.50,yes
2026-09-29T02:57:11.579834Z,0.0100,30.03,no
2026-09-29T02:57:11.829575Z,0.0200,20.00,yes
2026-09-29T02:57:11.832338Z,0.0100,140.55,no
2026-09-29T02:57:11.946374Z,0.0200,1871.60,yes
2026-09-29T02:57:11.960605Z,0.0200,233.95,yes
2026-09-29T02:57:11.985125Z,0.0100,30.03,no
2026-09-29T02:57:12.120281Z,0.0200,935.80,yes
2026-09-29T02:57:12.219293Z,0.0100,30.03,no
2026-09-29T02:57:12.236851Z,0.0200,22.00,yes
2026-09-29T02:57:12.351929Z,0.0200,701.85,yes
2026-09-29T02:57:12.358442Z,0.0100,11.71,no
2026-09-29T02:57:12.361899Z,0.0100,135.37,no
2026-09-29T02:57:12.466914Z,0.0200,46.79,yes
2026-09-29T02:57:12.562852Z,0.0200,29.94,yes
2026-09-29T02:57:12.623872Z,0.0200,46.79,yes
2026-09-29T02:57:12.71693Z,0.0100,7.02,no
2026-09-29T02:57:12.750899Z,0.0200,222.00,yes
2026-09-29T02:57:12.754522Z,0.0200,467.90,yes
2026-09-29T02:57:12.807893Z,0.0100,11.28,no
2026-09-29T02:57:12.822844Z,0.0200,1029.38,yes
2026-09-29T02:57:12.82434Z,0.0200,140.37,yes
2026-09-29T02:57:12.858141Z,0.0100,5.90,no
2026-09-29T02:57:12.977376Z,0.0200,165.63,yes
2026-09-29T02:57:13.072519Z,0.0100,301.44,no
2026-09-29T02:57:13.210885Z,0.0100,7.39,no
2026-09-29T02:57:13.287754Z,0.0200,233.95,yes
2026-09-29T02:57:13.422204Z,0.0100,21.05,no
2026-09-29T02:57:13.425358Z,0.0200,140.37,yes
2026-09-29T02:57:13.466553Z,0.0200,14.50,yes
2026-09-29T02:57:13.476575Z,0.0200,93.58,yes
2026-09-29T02:57:13.509336Z,0.0200,233.95,yes
2026-09-29T02:57:13.561853Z,0.0200,2339.50,yes
2026-09-29T02:57:13.606152Z,0.0200,46.79,yes
2026-09-29T02:57:13.73336Z,0.0200,0.46,yes
2026-09-29T02:57:13.971878Z,0.0200,935.80,yes
2026-09-29T02:57:14.065086Z,0.0200,49.12,yes
2026-09-29T02:57:14.246034Z,0.0100,57.71,no
2026-09-29T02:57:14.260533Z,0.0200,124.75,yes
2026-09-29T02:57:14.480963Z,0.0100,106.99,no
2026-09-29T02:57:14.618166Z,0.0100,6.03,no
2026-09-29T02:57:14.674265Z,0.0200,46.79,yes
2026-09-29T02:57:14.690938Z,0.0100,64.19,no
2026-09-29T02:57:14.766134Z,0.0200,250.00,yes
2026-09-29T02:57:14.854843Z,0.0100,152.40,no
2026-09-29T02:57:14.881993Z,0.0100,1494.35,no
2026-09-29T02:57:14.895486Z,0.0100,5000.00,no
2026-09-29T02:57:14.918705Z,0.0200,93.58,yes
2026-09-29T02:57:15.169669Z,0.0200,422.04,yes
2026-09-29T02:57:15.179955Z,0.0200,46.79,yes
2026-09-29T02:57:15.235606Z,0.0200,233.95,yes
2026-09-29T02:57:15.237423Z,0.0200,46.79,yes
2026-09-29T02:57:15.281682Z,0.0200,140.37,yes
2026-09-29T02:57:15.43483Z,0.0100,337.44,no
2026-09-29T02:57:15.452501Z,0.0200,19.18,yes
2026-09-29T02:57:15.535487Z,0.0200,1169.75,yes
2026-09-29T02:57:15.676641Z,0.0200,46.79,yes
2026-09-29T02:57:15.867521Z,0.0200,124.75,yes
2026-09-29T02:57:15.923595Z,0.0100,86.35,no
2026-09-29T02:57:16.001507Z,0.0200,935.80,yes
2026-09-29T02:57:16.050154Z,0.0200,1249.75,yes
2026-09-29T02:57:16.094683Z,0.0100,4.12,no
2026-09-29T02:57:16.227622Z,0.0100,500.00,no
2026-09-29T02:57:16.227622Z,0.0100,1667.00,no
2026-09-29T02:57:16.227622Z,0.0100,495.80,no
2026-09-29T02:57:16.227622Z,0.0100,244.39,no
2026-09-29T02:57:16.227622Z,0.0100,600.00,no
2026-09-29T02:57:16.326876Z,0.0200,140.37,yes
2026-09-29T02:57:16.407803Z,0.0200,13.10,yes
2026-09-29T02:57:16.65305Z,0.0200,46.79,yes
2026-09-29T02:57:16.698966Z,0.0200,46.79,yes
2026-09-29T02:57:16.984107Z,0.0200,140.37,yes
2026-09-29T02:57:17.084235Z,0.0200,93.58,yes
2026-09-29T02:57:17.238963Z,0.0200,467.90,yes
2026-09-29T02:57:17.402558Z,0.0200,233.95,yes
2026-09-29T02:57:17.639837Z,0.0200,46.79,yes
2026-09-29T02:57:17.650132Z,0.0100,15.01,no
2026-09-29T02:57:17.759475Z,0.0100,22.56,no
2026-09-29T02:57:18.239734Z,0.0200,935.80,yes
2026-09-29T02:57:18.29778Z,0.0200,93.58,yes
2026-09-29T02:57:18.32993Z,0.0200,467.90,yes
2026-09-29T02:57:18.427122Z,0.0200,54.63,yes
2026-09-29T02:57:18.484939Z,0.0100,5.17,no
2026-09-29T02:57:18.530772Z,0.0200,93.58,yes
2026-09-29T02:57:18.535281Z,0.0200,421.11,yes
2026-09-29T02:57:18.538545Z,0.0200,46.79,yes
2026-09-29T02:57:18.557113Z,0.0200,5.61,yes
2026-09-29T02:57:18.579614Z,0.0100,15.24,no
2026-09-29T02:57:18.767763Z,0.0200,467.90,yes
2026-09-29T02:57:18.893119Z,0.0100,0.11,no
2026-09-29T02:57:18.975346Z,0.0100,52.25,no
2026-09-29T02:57:19.01253Z,0.0200,7.01,yes
2026-09-29T02:57:19.09414Z,0.0100,128.57,no
2026-09-29T02:57:19.104196Z,0.0100,16.88,no
2026-09-29T02:57:19.113313Z,0.0100,156.43,no
2026-09-29T02:57:19.50858Z,0.0200,156.00,yes
2026-09-29T02:57:19.61668Z,0.0200,339.22,yes
2026-09-29T02:57:19.626021Z,0.0200,46.79,yes
2026-09-29T02:57:19.6544Z,0.0200,201.19,yes
2026-09-29T02:57:19.997248Z,0.0100,91.98,no
2026-09-29T02:57:19.997248Z,0.0100,375.92,no
2026-09-29T02:57:20.059452Z,0.0200,187.16,yes
2026-09-29T02:57:20.107013Z,0.0100,30.03,no
2026-09-29T02:57:20.119305Z,0.0100,19.82,no
2026-09-29T02:57:20.132563Z,0.0200,233.95,yes
2026-09-29T02:57:20.232052Z,0.0200,93.58,yes
2026-09-29T02:57:20.469872Z,0.0100,45.05,no
2026-09-29T02:57:20.476176Z,0.0200,111.00,yes
2026-09-29T02:57:20.483174Z,0.0200,467.90,yes
2026-09-29T02:57:20.499249Z,0.0100,3.04,no
2026-09-29T02:57:20.546392Z,0.0100,205.15,no
2026-09-29T02:57:20.634438Z,0.0200,375.00,yes
2026-09-29T02:57:20.692573Z,0.0100,118.03,no
2026-09-29T02:57:20.825566Z,0.0100,7.50,no
2026-09-29T02:57:20.995414Z,0.0100,29.55,no
2026-09-29T02:57:21.097599Z,0.0200,140.37,yes
2026-09-29T02:57:21.116467Z,0.0200,91.25,yes
2026-09-29T02:57:21.496693Z,0.0200,46.79,yes
2026-09-29T02:57:21.554115Z,0.0200,46.79,yes
2026-09-29T02:57:21.594081Z,0.0200,50.00,yes
2026-09-29T02:57:21.6336Z,0.0200,467.90,yes
2026-09-29T02:57:21.638059Z,0.0200,1169.75,yes
2026-09-29T02:57:21.688024Z,0.0200,12.16,yes
2026-09-29T02:57:21.780587Z,0.0200,467.90,yes
2026-09-29T02:57:21.859827Z,0.0200,459.94,yes
2026-09-29T02:57:21.882402Z,0.0200,2339.50,yes
2026-09-29T02:57:21.952416Z,0.0200,467.90,yes
2026-09-29T02:57:22.039928Z,0.0200,935.80,yes
2026-09-29T02:57:22.065853Z,0.0200,233.95,yes
2026-09-29T02:57:22.21913Z,0.0200,46.79,yes
2026-09-29T02:57:22.31424Z,0.0100,12.29,no
2026-09-29T02:57:22.367768Z,0.0200,93.58,yes
2026-09-29T02:57:22.515436Z,0.0200,30.88,yes
2026-09-29T02:57:22.550026Z,0.0200,140.37,yes
2026-09-29T02:57:22.592895Z,0.0100,7.39,no
2026-09-29T02:57:22.655445Z,0.0100,20.52,no
2026-09-29T02:57:22.742087Z,0.0200,46.79,yes
2026-09-29T02:57:22.784135Z,0.0100,184.99,no
2026-09-29T02:57:22.90511Z,0.0200,46.79,yes
2026-09-29T02:57:22.996656Z,0.0200,140.37,yes
2026-09-29T02:57:23.012183Z,0.0100,10.05,no
2026-09-29T02:57:23.074153Z,0.0200,46.79,yes
2026-09-29T02:57:23.093783Z,0.0100,23.42,no
2026-09-29T02:57:23.126092Z,0.0100,26.21,no
2026-09-29T02:57:23.202963Z,0.0200,93.58,yes
2026-09-29T02:57:23.273799Z,0.0100,6.98,no
2026-09-29T02:57:23.481127Z,0.0100,32.11,no
2026-09-29T02:57:23.607872Z,0.0100,300.32,no
2026-09-29T02:57:23.862648Z,0.0200,158.15,yes
2026-09-29T02:57:23.989568Z,0.0100,270.21,no
2026-09-29T02:57:24.03006Z,0.0100,129.42,no
2026-09-29T02:57:24.059475Z,0.0200,280.74,yes
2026-09-29T02:57:24.08427Z,0.0200,0.93,yes
2026-09-29T02:57:24.100833Z,0.0100,91.33,no
2026-09-29T02:57:24.167008Z,0.0100,2011.44,no
2026-09-29T02:57:24.385185Z,0.0200,1403.70,yes
2026-09-29T02:57:24.452164Z,0.0200,27.13,yes
2026-09-29T02:57:24.461642Z,0.0200,233.95,yes
2026-09-29T02:57:24.488323Z,0.0200,467.90,yes
2026-09-29T02:57:24.518937Z,0.0200,300.00,yes
2026-09-29T02:57:24.537719Z,0.0100,410.77,no
2026-09-29T02:57:24.645875Z,0.0200,140.37,yes
2026-09-29T02:57:24.772252Z,0.0100,43.73,no
2026-09-29T02:57:24.825798Z,0.0200,280.74,yes
2026-09-29T02:57:24.831029Z,0.0200,233.95,yes
2026-09-29T02:57:24.963914Z,0.0200,46.79,yes
2026-09-29T02:57:25.04915Z,0.0100,809.05,no
2026-09-29T02:57:25.051771Z,0.0100,16.74,no
2026-09-29T02:57:25.108793Z,0.0200,22927.19,yes
2026-09-29T02:57:25.275588Z,0.0200,207.74,yes
2026-09-29T02:57:25.364394Z,0.0200,46.79,yes
2026-09-29T02:57:25.367788Z,0.0100,0.46,no
2026-09-29T02:57:25.558861Z,0.0200,467.90,yes
2026-09-29T02:57:25.742241Z,0.0100,15.24,no
2026-09-29T02:57:25.762043Z,0.0200,467.90,yes
2026-09-29T02:57:25.971736Z,0.0200,935.80,yes
2026-09-29T02:57:26.049875Z,0.0100,22.86,no
2026-09-29T02:57:26.062046Z,0.0100,139.50,no
2026-09-29T02:57:26.072183Z,0.0100,151.44,no
2026-09-29T02:57:26.160716Z,0.0100,119.96,no
2026-09-29T02:57:26.295754Z,0.0200,233.95,yes
2026-09-29T02:57:26.314702Z,0.0200,46.79,yes
2026-09-29T02:57:26.394754Z,0.0200,935.80,yes
2026-09-29T02:57:26.591861Z,0.0100,22.96,no
2026-09-29T02:57:26.59342Z,0.0100,19.88,no
2026-09-29T02:57:26.621535Z,0.0200,233.95,yes
2026-09-29T02:57:26.779623Z,0.0100,9.66,no
2026-09-29T02:57:26.807503Z,0.0100,233.95,no
2026-09-29T02:57:26.817789Z,0.0200,233.95,yes
2026-09-29T02:57:26.828695Z,0.0200,327.53,yes
2026-09-29T02:57:26.916037Z,0.0200,233.95,yes
2026-09-29T02:57:27.060756Z,0.0200,53.80,yes
2026-09-29T02:57:27.166751Z,0.0100,40.47,no
2026-09-29T02:57:27.307639Z,0.0100,228.61,no
2026-09-29T02:57:27.347459Z,0.0200,233.95,yes
2026-09-29T02:57:27.409654Z,0.0100,99.00,no
2026-09-29T02:57:27.43601Z,0.0200,467.90,yes
2026-09-29T02:57:27.570768Z,0.0200,233.95,yes
2026-09-29T02:57:27.720451Z,0.0200,233.95,yes
2026-09-29T02:57:27.721519Z,0.0200,46.79,yes
2026-09-29T02:57:27.892695Z,0.0200,1403.70,yes
2026-09-29T02:57:28.094831Z,0.0200,46.79,yes
2026-09-29T02:57:28.193525Z,0.0200,500.00,yes
2026-09-29T02:57:28.193525Z,0.0200,0.75,yes
2026-09-29T02:57:28.193525Z,0.0200,5.00,yes
2026-09-29T02:57:28.193525Z,0.0200,159.00,yes
2026-09-29T02:57:28.193525Z,0.0200,50.00,yes
2026-09-29T02:57:28.193525Z,0.0200,455.00,yes
2026-09-29T02:57:28.222035Z,0.0200,701.50,yes
2026-09-29T02:57:28.304666Z,0.0200,4679.01,yes
2026-09-29T02:57:28.351164Z,0.0200,64.57,yes
2026-09-29T02:57:28.569639Z,0.0200,233.95,yes
2026-09-29T02:57:28.600815Z,0.0200,239.09,yes
2026-09-29T02:57:28.702496Z,0.0100,762.04,no
2026-09-29T02:57:28.777394Z,0.0200,233.95,yes
2026-09-29T02:57:28.789402Z,0.0200,500.00,yes
2026-09-29T02:57:29.104044Z,0.0200,935.80,yes
2026-09-29T02:57:29.112096Z,0.0200,46.79,yes
2026-09-29T02:57:29.230488Z,0.0200,233.95,yes
2026-09-29T02:57:29.32643Z,0.0200,467.90,yes
2026-09-29T02:57:29.490389Z,0.0200,46.79,yes
2026-09-29T02:57:29.624872Z,0.0100,59.66,no
2026-09-29T02:57:29.698103Z,0.0200,467.90,yes
2026-09-29T02:57:29.738243Z,0.0200,233.95,yes
2026-09-29T02:57:29.748566Z,0.0100,0.73,no
2026-09-29T02:57:29.900194Z,0.0200,46.79,yes
2026-09-29T02:57:29.933271Z,0.0200,1000.00,yes
2026-09-29T02:57:30.178599Z,0.0200,46.79,yes
2026-09-29T02:57:30.338882Z,0.0200,233.95,yes
2026-09-29T02:57:30.418156Z,0.0100,192.50,no
2026-09-29T02:57:30.479341Z,0.0200,46.79,yes
2026-09-29T02:57:30.481482Z,0.0100,40.54,no
2026-09-29T02:57:30.591191Z,0.0200,2292.71,yes
2026-09-29T02:57:30.863589Z,0.0100,25.75,no
2026-09-29T02:57:31.053774Z,0.0100,150.76,no
2026-09-29T02:57:31.074821Z,0.0100,935.19,no
2026-09-29T02:57:31.131358Z,0.0100,34.64,no
2026-09-29T02:57:31.244179Z,0.0200,1250.00,yes
2026-09-29T02:57:31.431243Z,0.0100,37.54,no
2026-09-29T02:57:31.548829Z,0.0200,46.79,yes
2026-09-29T02:57:31.594984Z,0.0200,222.00,yes
2026-09-29T02:57:31.730564Z,0.0100,7.50,no
2026-09-29T02:57:31.769351Z,0.0100,93.51,no
2026-09-29T02:57:31.859487Z,0.0200,46.79,yes
2026-09-29T02:57:32.080678Z,0.0200,233.95,yes
2026-09-29T02:57:32.282338Z,0.0100,152.56,no
2026-09-29T02:57:32.309519Z,0.0200,739.28,yes
2026-09-29T02:57:32.331799Z,0.0100,20.62,no
2026-09-29T02:57:32.436469Z,0.0100,12.76,no
2026-09-29T02:57:32.660411Z,0.0100,7.39,no
2026-09-29T02:57:32.717447Z,0.0200,222.00,yes
2026-09-29T02:57:32.82403Z,0.0200,267.63,yes
2026-09-29T02:57:32.943585Z,0.0200,18.24,yes
2026-09-29T02:57:32.943991Z,0.0100,108.02,no
2026-09-29T02:57:33.011328Z,0.0200,46.79,yes
2026-09-29T02:57:33.260291Z,0.0100,42.62,no
2026-09-29T02:57:33.443528Z,0.0200,93.58,yes
2026-09-29T02:57:33.512297Z,0.0200,233.95,yes
2026-09-29T02:57:33.535231Z,0.0200,46.50,yes
2026-09-29T02:57:33.581046Z,0.0200,46.79,yes
2026-09-29T02:57:33.645983Z,0.0100,467.59,no
2026-09-29T02:57:33.850326Z,0.0200,25.00,yes
2026-09-29T02:57:34.034881Z,0.0100,57.59,no
2026-09-29T02:57:34.094826Z,0.0200,374.32,yes
2026-09-29T02:57:34.096986Z,0.0200,46.79,yes
2026-09-29T02:57:34.165424Z,0.0100,11.28,no
2026-09-29T02:57:34.165697Z,0.0200,93.58,yes
2026-09-29T02:57:34.179711Z,0.0100,1408.56,no
2026-09-29T02:57:34.196195Z,0.0100,8.87,no
2026-09-29T02:57:34.425861Z,0.0100,6.62,no
2026-09-29T02:57:34.657402Z,0.0200,935.80,yes
2026-09-29T02:57:34.661414Z,0.0200,46.79,yes
2026-09-29T02:57:34.822434Z,0.0200,37.50,yes
2026-09-29T02:57:34.850228Z,0.0100,3.73,no
2026-09-29T02:57:35.064238Z,0.0100,461.59,no
2026-09-29T02:57:35.132881Z,0.0100,117.31,no
2026-09-29T02:57:35.308432Z,0.0200,115.57,yes
2026-09-29T02:57:35.32468Z,0.0200,27.13,yes
2026-09-29T02:57:35.598832Z,0.0200,140.37,yes
2026-09-29T02:57:35.71898Z,0.0200,779.52,yes
2026-09-29T02:57:35.755763Z,0.0100,2.95,no
2026-09-29T02:57:35.784814Z,0.0200,93.58,yes
2026-09-29T02:57:35.90748Z,0.0100,34.48,no
2026-09-29T02:57:36.034277Z,0.0200,50.00,yes
2026-09-29T02:57:36.308165Z,0.0100,46.78,no
2026-09-29T02:57:36.349614Z,0.0200,38.36,yes
2026-09-29T02:57:36.444853Z,0.0200,46.79,yes
2026-09-29T02:57:36.448543Z,0.0200,46.79,yes
2026-09-29T02:57:36.476353Z,0.0200,0.46,yes
2026-09-29T02:57:36.512791Z,0.0200,219.44,yes
2026-09-29T02:57:36.527449Z,0.0200,222.00,yes
2026-09-29T02:57:36.576269Z,0.0200,467.90,yes
2026-09-29T02:57:36.629373Z,0.0200,93.58,yes
2026-09-29T02:57:36.637854Z,0.0200,140.37,yes
2026-09-29T02:57:36.811885Z,0.0200,2500.00,yes
2026-09-29T02:57:36.859828Z,0.0200,250.00,yes
2026-09-29T02:57:37.119516Z,0.0200,93.58,yes
2026-09-29T02:57:37.2584Z,0.0200,46.79,yes
2026-09-29T02:57:37.294232Z,0.0200,125.00,yes
2026-09-29T02:57:37.330731Z,0.0200,233.95,yes
2026-09-29T02:57:37.459702Z,0.0200,93.58,yes
2026-09-29T02:57:37.689073Z,0.0100,15.24,no
2026-09-29T02:57:38.247694Z,0.0100,30.48,no
2026-09-29T02:57:38.298129Z,0.0100,11.99,no
2026-09-29T02:57:38.320851Z,0.0200,93.58,yes
2026-09-29T02:57:38.333326Z,0.0100,25.01,no
2026-09-29T02:57:38.377684Z,0.0200,233.95,yes
2026-09-29T02:57:38.428089Z,0.0200,37.90,yes
2026-09-29T02:57:38.611467Z,0.0100,223.17,no
2026-09-29T02:57:38.761942Z,0.0200,93.58,yes
2026-09-29T02:57:38.843856Z,0.0200,0.93,yes
2026-09-29T02:57:38.934809Z,0.0100,51.28,no
2026-09-29T02:57:38.943947Z,0.0200,93.58,yes
2026-09-29T02:57:38.948515Z,0.0200,467.90,yes
2026-09-29T02:57:39.032119Z,0.0100,227.42,no
2026-09-29T02:57:39.129657Z,0.0200,701.85,yes
2026-09-29T02:57:39.604351Z,0.0200,701.85,yes
2026-09-29T02:57:39.624448Z,0.0100,13.79,no
2026-09-29T02:57:39.769162Z,0.0200,233.95,yes
2026-09-29T02:57:39.849322Z,0.0200,467.90,yes
2026-09-29T02:57:39.911652Z,0.0200,1637.65,yes
2026-09-29T02:57:40.089655Z,0.0100,7.50,no
2026-09-29T02:57:40.428473Z,0.0200,467.90,yes
2026-09-29T02:57:40.442398Z,0.0200,93.58,yes
2026-09-29T02:57:40.503698Z,0.0200,2807.41,yes
2026-09-29T02:57:40.562496Z,0.0200,9.00,yes
2026-09-29T02:57:40.619591Z,0.0200,46.79,yes
2026-09-29T02:57:40.777729Z,0.0200,46.79,yes
2026-09-29T02:57:40.850603Z,0.0200,46.79,yes
2026-09-29T02:57:40.908312Z,0.0200,46.79,yes
2026-09-29T02:57:41.022762Z,0.0200,93.58,yes
2026-09-29T02:57:41.092421Z,0.0200,51.46,yes
2026-09-29T02:57:41.168372Z,0.0200,32.75,yes
2026-09-29T02:57:41.19468Z,0.0100,25.88,no
2026-09-29T02:57:41.290619Z,0.0100,172.68,no
2026-09-29T02:57:41.307124Z,0.0200,46.79,yes
2026-09-29T02:57:41.328751Z,0.0200,1126.99,yes
2026-09-29T02:57:41.328751Z,0.0200,42.76,yes
2026-09-29T02:57:41.40244Z,0.0100,0.35,no
2026-09-29T02:57:41.5692Z,0.0100,14.79,no
2026-09-29T02:57:41.742175Z,0.0100,23.99,no
2026-09-29T02:57:41.835442Z,0.0100,46.79,no
2026-09-29T02:57:41.99488Z,0.0100,45.19,no
2026-09-29T02:57:42.131292Z,0.0200,46.79,yes
2026-09-29T02:57:42.132864Z,0.0200,210.45,yes
2026-09-29T02:57:42.132864Z,0.0200,2488.40,yes
2026-09-29T02:57:42.249286Z,0.0100,7.39,no
2026-09-29T02:57:42.275342Z,0.0100,11.64,no
2026-09-29T02:57:42.51068Z,0.0200,467.90,yes
2026-09-29T02:57:42.549334Z,0.0200,140.37,yes
2026-09-29T02:57:42.56285Z,0.0100,151.75,no
2026-09-29T02:57:42.650435Z,0.0200,701.85,yes
2026-09-29T02:57:42.839512Z,0.0100,46.79,no
2026-09-29T02:57:43.009996Z,0.0100,197.80,no
2026-09-29T02:57:43.320974Z,0.0100,829.64,no
2026-09-29T02:57:43.37535Z,0.0100,7.24,no
2026-09-29T02:57:43.531787Z,0.0100,4.52,no
2026-09-29T02:57:43.693987Z,0.0200,88.90,yes
2026-09-29T02:57:43.753403Z,0.0100,2339.50,no
2026-09-29T02:57:43.785013Z,0.0200,0.46,yes
2026-09-29T02:57:43.879478Z,0.0200,107.61,yes
2026-09-29T02:57:44.055391Z,0.0100,29.59,no
2026-09-29T02:57:44.160699Z,0.0100,114.30,no
2026-09-29T02:57:44.513974Z,0.0200,467.90,yes
2026-09-29T02:57:44.627895Z,0.0200,22.00,yes
2026-09-29T02:57:44.969902Z,0.0100,51.06,no
2026-09-29T02:57:44.970609Z,0.0100,6.74,no
2026-09-29T02:57:45.142383Z,0.0200,46.79,yes
2026-09-29T02:57:45.450506Z,0.0100,7.39,no
2026-09-29T02:57:45.476018Z,0.0100,7665.65,no
2026-09-29T02:57:45.506531Z,0.0200,467.90,yes
2026-09-29T02:57:45.782902Z,0.0200,1169.75,yes
2026-09-29T02:57:45.83672Z,0.0200,93.58,yes
2026-09-29T02:57:45.987772Z,0.0200,233.95,yes
2026-09-29T02:57:46.04102Z,0.0100,29.59,no
2026-09-29T02:57:46.190368Z,0.0200,233.95,yes
2026-09-29T02:57:46.260503Z,0.0200,467.90,yes
2026-09-29T02:57:46.267059Z,0.0200,10.76,yes
2026-09-29T02:57:46.270148Z,0.0100,32.33,no
2026-09-29T02:57:46.406884Z,0.0100,523.94,no
2026-09-29T02:57:46.487498Z,0.0200,701.85,yes
2026-09-29T02:57:46.594193Z,0.0100,624.27,no
2026-09-29T02:57:46.604497Z,0.0200,467.90,yes
2026-09-29T02:57:46.681088Z,0.0200,22.45,yes
2026-09-29T02:57:46.80583Z,0.0100,53.82,no
2026-09-29T02:57:46.810011Z,0.0100,36.53,no
2026-09-29T02:57:47.255919Z,0.0200,93.58,yes
2026-09-29T02:57:47.653674Z,0.0200,46.79,yes
2026-09-29T02:57:47.694228Z,0.0200,701.85,yes
2026-09-29T02:57:47.80613Z,0.0200,1076.17,yes
2026-09-29T02:57:47.822886Z,0.0200,46.79,yes
2026-09-29T02:57:47.882531Z,0.0100,5.17,no
2026-09-29T02:57:47.928579Z,0.0200,250.00,yes
2026-09-29T02:57:48.420138Z,0.0200,46.79,yes
2026-09-29T02:57:48.636451Z,0.0200,2339.50,yes
2026-09-29T02:57:48.638723Z,0.0200,1169.75,yes
2026-09-29T02:57:48.649207Z,0.0200,10000.00,yes
2026-09-29T02:57:48.752857Z,0.0100,9.36,no
2026-09-29T02:57:48.759693Z,0.0200,467.90,yes
2026-09-29T02:57:48.846001Z,0.0200,233.95,yes
2026-09-29T02:57:48.928441Z,0.0100,1.51,no
2026-09-29T02:57:49.052381Z,0.0100,44.90,no
2026-09-29T02:57:49.069821Z,0.0100,14.05,no
2026-09-29T02:57:49.108645Z,0.0100,32.71,no
2026-09-29T02:57:49.117916Z,0.0200,125.00,yes
2026-09-29T02:57:49.132337Z,0.0100,12.19,no
2026-09-29T02:57:49.285714Z,0.0200,46.79,yes
2026-09-29T02:57:49.503058Z,0.0100,567.60,no
2026-09-29T02:57:49.687162Z,0.0200,62.23,yes
2026-09-29T02:57:49.901606Z,0.0100,29.59,no
2026-09-29T02:57:49.941579Z,0.0200,935.80,yes
2026-09-29T02:57:49.977061Z,0.0200,93.58,yes
2026-09-29T02:57:50.117893Z,0.0200,2339.50,yes
2026-09-29T02:57:50.156767Z,0.0100,11.99,no
2026-09-29T02:57:50.471453Z,0.0200,935.80,yes
2026-09-29T02:57:50.501782Z,0.0200,4.67,yes
2026-09-29T02:57:50.599275Z,0.0200,467.90,yes
2026-09-29T02:57:50.90406Z,0.0100,93.51,no
2026-09-29T02:57:50.937916Z,0.0200,93.58,yes
2026-09-29T02:57:50.955341Z,0.0200,233.95,yes
2026-09-29T02:57:50.961695Z,0.0100,2.42,no
2026-09-29T02:57:51.042199Z,0.0200,32.00,yes
2026-09-29T02:57:51.566158Z,0.0100,20.51,no
2026-09-29T02:57:51.727931Z,0.0200,46.79,yes
2026-09-29T02:57:51.742807Z,0.0200,46.79,yes
2026-09-29T02:57:51.840261Z,0.0200,140.37,yes
2026-09-29T02:57:51.917074Z,0.0100,1351.74,no
2026-09-29T02:57:51.995081Z,0.0200,23.39,yes
2026-09-29T02:57:52.061994Z,0.0200,1749.39,yes
2026-09-29T02:57:52.061994Z,0.0200,100.00,yes
2026-09-29T02:57:52.061994Z,0.0200,2829.62,yes
2026-09-29T02:57:52.068821Z,0.0200,421.11,yes
2026-09-29T02:57:52.180854Z,0.0100,64.37,no
2026-09-29T02:57:52.217755Z,0.0100,1115.83,no
2026-09-29T02:57:52.426788Z,0.0200,140.37,yes
2026-09-29T02:57:52.447938Z,0.0200,93.58,yes
2026-09-29T02:57:52.479808Z,0.0200,224.59,yes
2026-09-29T02:57:52.513429Z,0.0100,935.19,no
2026-09-29T02:57:52.596407Z,0.0200,467.90,yes
2026-09-29T02:57:53.045429Z,0.0100,23.37,no
2026-09-29T02:57:53.10496Z,0.0100,72.10,no
2026-09-29T02:57:53.137986Z,0.0100,154.28,no
2026-09-29T02:57:53.142829Z,0.0200,140.37,yes
2026-09-29T02:57:53.39065Z,0.0200,779.99,yes
2026-09-29T02:57:53.451493Z,0.0100,150.16,no
2026-09-29T02:57:53.605998Z,0.0200,46.79,yes
2026-09-29T02:57:53.904939Z,0.0200,9.00,yes
2026-09-29T02:57:53.904939Z,0.0200,17714.63,yes
2026-09-29T02:57:53.904939Z,0.0200,700.00,yes
2026-09-29T02:57:53.904939Z,0.0200,1103.56,yes
2026-09-29T02:57:53.904939Z,0.0200,3000.00,yes
2026-09-29T02:57:53.904939Z,0.0200,400.00,yes
2026-09-29T02:57:54.092556Z,0.0100,6284.10,no
2026-09-29T02:57:54.396031Z,0.0200,935.80,yes
2026-09-29T02:57:54.439494Z,0.0200,2339.50,yes
2026-09-29T02:57:54.504909Z,0.0200,23.39,yes
2026-09-29T02:57:54.592628Z,0.0200,233.95,yes
2026-09-29T02:57:54.726367Z,0.0200,233.95,yes
2026-09-29T02:57:54.726475Z,0.0200,225.52,yes
2026-09-29T02:57:54.946388Z,0.0200,160.02,yes
2026-09-29T02:57:55.082063Z,0.0100,430.93,no
2026-09-29T02:57:55.120449Z,0.0100,41.19,no
2026-09-29T02:57:55.605225Z,0.0100,201.05,no
2026-09-29T02:57:55.740724Z,0.0200,187.16,yes
2026-09-29T02:57:55.912785Z,0.0200,5.14,yes
2026-09-29T02:57:56.163187Z,0.0200,46.79,yes
2026-09-29T02:57:56.187994Z,0.0200,233.95,yes
2026-09-29T02:57:56.234799Z,0.0200,467.90,yes
2026-09-29T02:57:56.24078Z,0.0200,140.37,yes
2026-09-29T02:57:56.309343Z,0.0200,233.95,yes
2026-09-29T02:57:56.37453Z,0.0200,233.95,yes
2026-09-29T02:57:56.499339Z,0.0200,500.00,yes
2026-09-29T02:57:56.520456Z,0.0200,458.54,yes
2026-09-29T02:57:56.58586Z,0.0200,93.58,yes
2026-09-29T02:57:56.742594Z,0.0200,233.95,yes
2026-09-29T02:57:56.844308Z,0.0100,42.78,no
2026-09-29T02:57:56.898964Z,0.0200,1122.96,yes
2026-09-29T02:57:57.019639Z,0.0100,56.14,no
2026-09-29T02:57:57.064386Z,0.0100,9.76,no
2026-09-29T02:57:57.139246Z,0.0200,280.27,yes
2026-09-29T02:57:57.40937Z,0.0200,1005.98,yes
2026-09-29T02:57:57.676549Z,0.0200,280.74,yes
2026-09-29T02:57:57.767977Z,0.0200,46.79,yes
2026-09-29T02:57:58.535414Z,0.0200,46.79,yes
2026-09-29T02:57:59.006225Z,0.0200,45.60,yes
2026-09-29T02:57:59.01032Z,0.0200,280.74,yes
2026-09-29T02:57:59.027618Z,0.0200,467.90,yes
2026-09-29T02:57:59.209581Z,0.0100,76.20,no
2026-09-29T02:57:59.230812Z,0.0200,100.00,yes
2026-09-29T02:57:59.438698Z,0.0200,27.13,yes
2026-09-29T02:57:59.649635Z,0.0200,935.80,yes
2026-09-29T02:57:59.70263Z,0.0100,262.83,no
2026-09-29T02:57:59.815817Z,0.0100,6.76,no
2026-09-29T02:57:59.891401Z,0.0200,70.18,yes
2026-09-29T02:58:00.022965Z,0.0200,666.00,yes
2026-09-29T02:58:00.310606Z,0.0200,93.58,yes
2026-09-29T02:58:00.377107Z,0.0200,70.75,yes
2026-09-29T02:58:00.383629Z,0.0200,46.79,yes
2026-09-29T02:58:00.396173Z,0.0200,555.00,yes
2026-09-29T02:58:00.421835Z,0.0200,43.50,yes
2026-09-29T02:58:00.540518Z,0.0100,54.67,no
2026-09-29T02:58:00.650725Z,0.0200,701.85,yes
2026-09-29T02:58:00.982332Z,0.0200,233.95,yes
2026-09-29T02:58:01.082408Z,0.0100,97.54,no
2026-09-29T02:58:01.153913Z,0.0200,46.79,yes
2026-09-29T02:58:01.154338Z,0.0200,50.00,yes
2026-09-29T02:58:01.56074Z,0.0200,67.37,yes
2026-09-29T02:58:01.561995Z,0.0100,225.61,no
2026-09-29T02:58:01.61861Z,0.0100,65.69,no
2026-09-29T02:58:01.650771Z,0.0100,3.00,no
2026-09-29T02:58:01.787905Z,0.0200,124.75,yes
2026-09-29T02:58:01.943374Z,0.0100,65.04,no
2026-09-29T02:58:02.238967Z,0.0100,11.44,no
2026-09-29T02:58:02.500872Z,0.0200,7.48,yes
2026-09-29T02:58:02.598959Z,0.0200,38.83,yes
2026-09-29T02:58:03.035805Z,0.0100,18.70,no
2026-09-29T02:58:03.07233Z,0.0100,476.23,no
2026-09-29T02:58:03.186435Z,0.0100,18.95,no
2026-09-29T02:58:03.34565Z,0.0100,484.23,no
2026-09-29T02:58:03.358Z,0.0100,198.13,no
2026-09-29T02:58:03.486851Z,0.0200,93.58,yes
2026-09-29T02:58:03.567999Z,0.0200,93.58,yes
2026-09-29T02:58:03.603779Z,0.0200,233.95,yes
2026-09-29T02:58:03.833343Z,0.0200,102.93,yes
2026-09-29T02:58:04.219879Z,0.0200,52.40,yes
2026-09-29T02:58:04.316734Z,0.0100,51.77,no
2026-09-29T02:58:04.421687Z,0.0100,3.00,no
2026-09-29T02:58:04.510339Z,0.0100,15.24,no
2026-09-29T02:58:04.53867Z,0.0200,233.95,yes
2026-09-29T02:58:04.957547Z,0.0200,28.07,yes
2026-09-29T02:58:05.037905Z,0.0200,561.48,yes
2026-09-29T02:58:05.131608Z,0.0200,12.63,yes
2026-09-29T02:58:05.22195Z,0.0200,701.85,yes
2026-09-29T02:58:05.433402Z,0.0200,3.27,yes
2026-09-29T02:58:05.439842Z,0.0200,128.20,yes
2026-09-29T02:58:05.466501Z,0.0100,336.19,no
2026-09-29T02:58:05.747639Z,0.0200,475.38,yes
2026-09-29T02:58:06.417057Z,0.0200,467.90,yes
2026-09-29T02:58:06.484953Z,0.0100,45.12,no
2026-09-29T02:58:06.496188Z,0.0200,28.07,yes
2026-09-29T02:58:06.525367Z,0.0100,205.05,no
2026-09-29T02:58:06.764217Z,0.0200,140.37,yes
2026-09-29T02:58:06.818482Z,0.0200,20.00,yes
2026-09-29T02:58:06.847183Z,0.0100,48.96,no
2026-09-29T02:58:07.320019Z,0.0200,503.46,yes
2026-09-29T02:58:07.36182Z,0.0100,97.40,no
2026-09-29T02:58:07.372364Z,0.0100,14.05,no
2026-09-29T02:58:07.617685Z,0.0100,374.32,no
2026-09-29T02:58:07.737105Z,0.0100,5.02,no
2026-09-29T02:58:07.754922Z,0.0100,39.37,no
2026-09-29T02:58:07.770596Z,0.0100,167.92,no
2026-09-29T02:58:07.991669Z,0.0100,16.05,no
2026-09-29T02:58:08.041119Z,0.0100,31.21,no
2026-09-29T02:58:08.047699Z,0.0200,168.91,yes
2026-09-29T02:58:08.646775Z,0.0200,46.79,yes
2026-09-29T02:58:08.797937Z,0.0100,30.77,no
2026-09-29T02:58:08.912057Z,0.0100,26.78,no
2026-09-29T02:58:08.936998Z,0.0100,42.79,no
2026-09-29T02:58:09.001044Z,0.0100,64.12,no
2026-09-29T02:58:09.1955Z,0.0200,935.80,yes
2026-09-29T02:58:09.421118Z,0.0200,46.79,yes
2026-09-29T02:58:09.467962Z,0.0200,1169.75,yes
2026-09-29T02:58:09.5323Z,0.0100,27.88,no
2026-09-29T02:58:09.562782Z,0.0200,22.00,yes
2026-09-29T02:58:09.600854Z,0.0200,935.80,yes
2026-09-29T02:58:09.676909Z,0.0200,233.95,yes
2026-09-29T02:58:09.817315Z,0.0200,93.58,yes
2026-09-29T02:58:09.889799Z,0.0200,233.95,yes
2026-09-29T02:58:09.94739Z,0.0200,11.22,yes
2026-09-29T02:58:09.968696Z,0.0100,65.83,no
2026-09-29T02:58:10.031953Z,0.0100,3.53,no
2026-09-29T02:58:10.066614Z,0.0200,467.90,yes
2026-09-29T02:58:10.1945Z,0.0200,210.55,yes
2026-09-29T02:58:10.197611Z,0.0200,233.95,yes
2026-09-29T02:58:10.345888Z,0.0100,22.19,no
2026-09-29T02:58:10.695297Z,0.0100,3.04,no
2026-09-29T02:58:10.802271Z,0.0100,636.57,no
2026-09-29T02:58:10.809204Z,0.0100,36.99,no
2026-09-29T02:58:11.058037Z,0.0200,24.00,yes
2026-09-29T02:58:11.072235Z,0.0100,60.06,no
2026-09-29T02:58:11.246903Z,0.0200,4679.01,yes
2026-09-29T02:58:11.247974Z,0.0200,111.00,yes
2026-09-29T02:58:11.643077Z,0.0200,75.00,yes
2026-09-29T02:58:11.649362Z,0.0100,15.24,no
2026-09-29T02:58:11.720624Z,0.0200,27.60,yes
2026-09-29T02:58:11.869059Z,0.0200,233.95,yes
2026-09-29T02:58:12.030342Z,0.0200,140.37,yes
2026-09-29T02:58:12.375716Z,0.0200,2105.55,yes
2026-09-29T02:58:12.426232Z,0.0200,233.95,yes
2026-09-29T02:58:12.601738Z,0.0100,12.94,no
2026-09-29T02:58:12.703557Z,0.0100,25.88,no
2026-09-29T02:58:12.721073Z,0.0200,93.58,yes
2026-09-29T02:58:12.730376Z,0.0200,467.90,yes
2026-09-29T02:58:12.786607Z,0.0100,608.27,no
2026-09-29T02:58:12.985008Z,0.0200,467.90,yes
2026-09-29T02:58:13.087389Z,0.0200,46.79,yes
2026-09-29T02:58:13.199533Z,0.0200,233.95,yes
2026-09-29T02:58:13.268248Z,0.0100,304.81,no
2026-09-29T02:58:13.341415Z,0.0200,46.79,yes
2026-09-29T02:58:13.580332Z,0.0200,72.86,yes
2026-09-29T02:58:13.580332Z,0.0200,161.09,yes
2026-09-29T02:58:13.621367Z,0.0100,1671.02,no
2026-09-29T02:58:13.621367Z,0.0100,199.36,no
2026-09-29T02:58:13.729688Z,0.0200,1356.91,yes
2026-09-29T02:58:13.749466Z,0.0200,46.79,yes
2026-09-29T02:58:14.072156Z,0.0200,3025.45,yes
2026-09-29T02:58:14.176998Z,0.0100,1025.77,no
2026-09-29T02:58:14.22867Z,0.0100,4.57,no
2026-09-29T02:58:14.306733Z,0.0100,5.28,no
2026-09-29T02:58:14.418177Z,0.0200,467.90,yes
2026-09-29T02:58:14.621138Z,0.0100,364.06,no
2026-09-29T02:58:14.747799Z,0.0100,75.08,no
2026-09-29T02:58:15.007371Z,0.0100,502.54,no
2026-09-29T02:58:15.116417Z,0.0200,116.97,yes
2026-09-29T02:58:15.215643Z,0.0200,233.95,yes
2026-09-29T02:58:15.519437Z,0.0200,0.46,yes
2026-09-29T02:58:15.871385Z,0.0200,93.58,yes
2026-09-29T02:58:15.887006Z,0.0200,4000.00,yes
2026-09-29T02:58:15.922972Z,0.0100,599.80,no
2026-09-29T02:58:16.263808Z,0.0200,93.58,yes
2026-09-29T02:58:16.628806Z,0.0100,15.25,no
2026-09-29T02:58:17.021542Z,0.0100,453.14,no
2026-09-29T02:58:17.051512Z,0.0200,92.64,yes
2026-09-29T02:58:17.257357Z,0.0100,82.87,no
2026-09-29T02:58:17.287515Z,0.0200,467.90,yes
2026-09-29T02:58:17.322768Z,0.0200,78.60,yes
2026-09-29T02:58:17.323554Z,0.0200,4.67,yes
2026-09-29T02:58:17.45807Z,0.0100,1.50,no
2026-09-29T02:58:17.755734Z,0.0200,1684.44,yes
2026-09-29T02:58:17.803145Z,0.0100,89.65,no
2026-09-29T02:58:18.000762Z,0.0200,467.90,yes
2026-09-29T02:58:18.097752Z,0.0100,3.77,no
2026-09-29T02:58:18.552925Z,0.0100,1.17,no
2026-09-29T02:58:18.657087Z,0.0200,233.95,yes
2026-09-29T02:58:18.899301Z,0.0100,0.47,no
2026-09-29T02:58:19.05635Z,0.0100,31.79,no
2026-09-29T02:58:19.08782Z,0.0100,179.40,no
2026-09-29T02:58:19.431931Z,0.0100,8.23,no
2026-09-29T02:58:19.598769Z,0.0100,89.31,no
2026-09-29T02:58:19.694603Z,0.0200,46.79,yes
2026-09-29T02:58:19.766815Z,0.0100,129.92,no
2026-09-29T02:58:19.93376Z,0.0100,236.35,no
2026-09-29T02:58:19.975584Z,0.0200,163.76,yes
2026-09-29T02:58:20.106464Z,0.0100,12.77,no
2026-09-29T02:58:20.375474Z,0.0100,7.90,no
2026-09-29T02:58:20.540545Z,0.0200,62.23,yes
2026-09-29T02:58:20.54629Z,0.0100,45.72,no
2026-09-29T02:58:21.095838Z,0.0100,3.04,no
2026-09-29T02:58:21.157479Z,0.0100,84.33,no
2026-09-29T02:58:21.239585Z,0.0100,3626.56,no
2026-09-29T02:58:21.243324Z,0.0200,467.90,yes
2026-09-29T02:58:21.360846Z,0.0100,43.30,no
2026-09-29T02:58:21.498733Z,0.0100,273.28,no
2026-09-29T02:58:21.553958Z,0.0200,2854.20,yes
2026-09-29T02:58:21.601877Z,0.0200,131.01,yes
2026-09-29T02:58:21.678876Z,0.0100,5943.96,no
2026-09-29T02:58:21.765712Z,0.0200,25.00,yes
2026-09-29T02:58:22.008119Z,0.0100,363.28,no
2026-09-29T02:58:22.24836Z,0.0200,171.25,yes
2026-09-29T02:58:22.291711Z,0.0100,15.24,no
2026-09-29T02:58:22.350929Z,0.0200,233.95,yes
2026-09-29T02:58:22.383879Z,0.0200,421.11,yes
2026-09-29T02:58:22.425531Z,0.0100,13.93,no
2026-09-29T02:58:22.591674Z,0.0200,233.95,yes
2026-09-29T02:58:22.676146Z,0.0200,514.69,yes
2026-09-29T02:58:22.741377Z,0.0200,187.16,yes
2026-09-29T02:58:22.817241Z,0.0100,93.58,no
2026-09-29T02:58:22.821437Z,0.0100,49.99,no
2026-09-29T02:58:23.010198Z,0.0100,40.99,no
2026-09-29T02:58:23.170669Z,0.0100,36.28,no
2026-09-29T02:58:23.234389Z,0.0100,49.18,no
2026-09-29T02:58:23.29566Z,0.0100,57.97,no
2026-09-29T02:58:23.320573Z,0.0200,233.95,yes
2026-09-29T02:58:23.544217Z,0.0200,233.95,yes
2026-09-29T02:58:23.553659Z,0.0100,300.24,no
2026-09-29T02:58:23.768614Z,0.0100,215.50,no
2026-09-29T02:58:23.82837Z,0.0100,193.23,no
2026-09-29T02:58:23.909115Z,0.0200,233.95,yes
2026-09-29T02:58:23.950712Z,0.0200,467.90,yes
2026-09-29T02:58:24.027156Z,0.0100,99.09,no
2026-09-29T02:58:24.125082Z,0.0100,26.74,no
2026-09-29T02:58:24.338782Z,0.0100,1184.48,no
2026-09-29T02:58:24.596882Z,0.0100,152.40,no
2026-09-29T02:58:24.614948Z,0.0100,1.64,no
2026-09-29T02:58:24.828748Z,0.0200,69.24,yes
2026-09-29T02:58:24.877785Z,0.0100,27.32,no
2026-09-29T02:58:25.084438Z,0.0100,14.79,no
2026-09-29T02:58:25.085978Z,0.0100,284.54,no
2026-09-29T02:58:25.222068Z,0.0100,140.30,no
2026-09-29T02:58:25.3136Z,0.0100,51.79,no
2026-09-29T02:58:25.582497Z,0.0200,233.95,yes
2026-09-29T02:58:25.627696Z,0.0100,544.87,no
2026-09-29T02:58:25.715753Z,0.0200,233.95,yes
2026-09-29T02:58:26.064376Z,0.0200,233.95,yes
2026-09-29T02:58:26.2013Z,0.0100,22.56,no
2026-09-29T02:58:26.232188Z,0.0100,3453.84,no
2026-09-29T02:58:26.261238Z,0.0100,11.64,no
2026-09-29T02:58:26.320828Z,0.0200,112.50,yes
2026-09-29T02:58:26.510187Z,0.0200,134.28,yes
2026-09-29T02:58:27.124716Z,0.0200,93.58,yes
2026-09-29T02:58:27.612136Z,0.0100,237.25,no
2026-09-29T02:58:27.746385Z,0.0100,1116.60,no
2026-09-29T02:58:27.781226Z,0.0100,131.40,no
2026-09-29T02:58:28.133745Z,0.0100,5.17,no
2026-09-29T02:58:28.225656Z,0.0100,500.92,no
2026-09-29T02:58:28.573483Z,0.0200,458.54,yes
2026-09-29T02:58:28.600407Z,0.0200,70.18,yes
2026-09-29T02:58:28.793942Z,0.0200,47.25,yes
2026-09-29T02:58:29.087418Z,0.0200,93.58,yes
2026-09-29T02:58:29.583814Z,0.0200,53.80,yes
2026-09-29T02:58:29.719687Z,0.0200,140.37,yes
2026-09-29T02:58:29.813751Z,0.0200,41.64,yes
2026-09-29T02:58:29.914876Z,0.0200,210.55,yes
2026-09-29T02:58:29.919163Z,0.0100,6.02,no
2026-09-29T02:58:30.389537Z,0.0200,46.79,yes
2026-09-29T02:58:30.555317Z,0.0200,93.58,yes
2026-09-29T02:58:30.592683Z,0.0200,233.95,yes
2026-09-29T02:58:30.814165Z,0.0100,260.34,no
2026-09-29T02:58:30.828653Z,0.0100,147.99,no
2026-09-29T02:58:30.867941Z,0.0100,13.53,no
2026-09-29T02:58:30.920803Z,0.0200,9358.03,yes
2026-09-29T02:58:30.950769Z,0.0100,7.02,no
2026-09-29T02:58:30.96332Z,0.0200,93.58,yes
2026-09-29T02:58:31.018436Z,0.0100,8.00,no
2026-09-29T02:58:31.06992Z,0.0100,935.80,no
2026-09-29T02:58:31.470685Z,0.0100,42.89,no
2026-09-29T02:58:31.557895Z,0.0200,2292.71,yes
2026-09-29T02:58:31.81651Z,0.0100,883.42,no
2026-09-29T02:58:32.028785Z,0.0200,467.90,yes
2026-09-29T02:58:32.050783Z,0.0200,935.80,yes
2026-09-29T02:58:32.117774Z,0.0200,233.95,yes
2026-09-29T02:58:32.19996Z,0.0200,467.90,yes
2026-09-29T02:58:32.272822Z,0.0100,7.39,no
2026-09-29T02:58:32.647372Z,0.0200,5.61,yes
2026-09-29T02:58:32.756808Z,0.0200,233.95,yes
2026-09-29T02:58:33.041521Z,0.0200,5899.30,yes
2026-09-29T02:58:33.075238Z,0.0200,65.50,yes
2026-09-29T02:58:33.189136Z,0.0100,255.41,no
2026-09-29T02:58:33.332096Z,0.0100,2693.75,no
2026-09-29T02:58:33.437156Z,0.0100,160.02,no
2026-09-29T02:58:33.5853Z,0.0200,233.95,yes
2026-09-29T02:58:33.700466Z,0.0200,233.95,yes
2026-09-29T02:58:33.733328Z,0.0100,10.51,no
2026-09-29T02:58:33.873008Z,0.0100,21.86,no
2026-09-29T02:58:34.533165Z,0.0200,152.06,yes
2026-09-29T02:58:34.890204Z,0.0200,0.46,yes
2026-09-29T02:58:35.029564Z,0.0200,233.95,yes
2026-09-29T02:58:35.340336Z,0.0100,7.41,no
2026-09-29T02:58:35.36737Z,0.0100,27.53,no
2026-09-29T02:58:35.506991Z,0.0100,13.00,no
2026-09-29T02:58:35.585192Z,0.0100,52.36,no
2026-09-29T02:58:35.641849Z,0.0200,467.90,yes
2026-09-29T02:58:35.73472Z,0.0200,53.80,yes
2026-09-29T02:58:35.750614Z,0.0200,233.95,yes
2026-09-29T02:58:35.914635Z,0.0200,46.79,yes
2026-09-29T02:58:35.942753Z,0.0100,15.24,no
2026-09-29T02:58:36.265801Z,0.0200,400.99,yes
2026-09-29T02:58:36.442488Z,0.0100,359.88,no
2026-09-29T02:58:36.540433Z,0.0100,8.55,no
2026-09-29T02:58:36.758565Z,0.0100,32.08,no
2026-09-29T02:58:37.026615Z,0.0200,467.90,yes
2026-09-29T02:58:37.056055Z,0.0200,46.79,yes
2026-09-29T02:58:37.091844Z,0.0200,39.30,yes
2026-09-29T02:58:37.363691Z,0.0200,23.39,yes
2026-09-29T02:58:37.399469Z,0.0200,93.58,yes
2026-09-29T02:58:37.482554Z,0.0200,16142.61,yes
2026-09-29T02:58:37.577306Z,0.0200,467.90,yes
2026-09-29T02:58:37.671017Z,0.0100,29.46,no
2026-09-29T02:58:37.856843Z,0.0200,2.33,yes
2026-09-29T02:58:37.940247Z,0.0100,8.37,no
2026-09-29T02:58:38.208529Z,0.0100,201.01,no
2026-09-29T02:58:38.211771Z,0.0100,315.86,no
2026-09-29T02:58:38.388348Z,0.0200,233.95,yes
2026-09-29T02:58:38.474831Z,0.0100,3.04,no
2026-09-29T02:58:38.737276Z,0.0100,64.45,no
2026-09-29T02:58:38.754224Z,0.0200,93.58,yes
2026-09-29T02:58:39.392245Z,0.0200,25.00,yes
2026-09-29T02:58:39.445046Z,0.0200,0.93,yes
2026-09-29T02:58:39.736619Z,0.0200,18.71,yes
2026-09-29T02:58:39.918712Z,0.0200,23.39,yes
2026-09-29T02:58:39.937091Z,0.0100,46.61,no
2026-09-29T02:58:39.989822Z,0.0200,67.37,yes
2026-09-29T02:58:40.059937Z,0.0200,32.75,yes
2026-09-29T02:58:40.214834Z,0.0100,74.57,no
2026-09-29T02:58:40.393505Z,0.0100,216.77,no
2026-09-29T02:58:41.192447Z,0.0100,1701.55,no
2026-09-29T02:58:41.41389Z,0.0200,233.95,yes
2026-09-29T02:58:42.008104Z,0.0100,22.55,no
2026-09-29T02:58:42.036753Z,0.0100,38.10,no
2026-09-29T02:58:42.26517Z,0.0100,7620.46,no
2026-09-29T02:58:42.330616Z,0.0100,4.71,no
2026-09-29T02:58:42.599459Z,0.0200,46.79,yes
2026-09-29T02:58:42.867644Z,0.0100,7.39,no
2026-09-29T02:58:42.946579Z,0.0100,2.81,no
2026-09-29T02:58:43.210472Z,0.0100,11.93,no
2026-09-29T02:58:43.243389Z,0.0200,349.05,yes
2026-09-29T02:58:43.276627Z,0.0200,62.23,yes
2026-09-29T02:58:43.570799Z,0.0200,39.30,yes
2026-09-29T02:58:43.773682Z,0.0100,65.00,no
2026-09-29T02:58:43.829023Z,0.0100,1391.81,no
2026-09-29T02:58:43.829023Z,0.0100,5983.27,no
2026-09-29T02:58:44.061161Z,0.0100,503.43,no
2026-09-29T02:58:44.340629Z,0.0100,41.03,no
2026-09-29T02:58:44.576395Z,0.0200,485.68,yes
2026-09-29T02:58:44.702531Z,0.0200,40.23,yes
2026-09-29T02:58:44.849641Z,0.0200,46.79,yes
2026-09-29T02:58:44.918774Z,0.0200,935.80,yes
2026-09-29T02:58:45.477937Z,0.0200,2.33,yes
2026-09-29T02:58:45.811244Z,0.0100,44.30,no
2026-09-29T02:58:45.915026Z,0.0200,233.95,yes
2026-09-29T02:58:46.198685Z,0.0200,46.79,yes
2026-09-29T02:58:46.480353Z,0.0200,26.20,yes
2026-09-29T02:58:46.871331Z,0.0200,93.58,yes
2026-09-29T02:58:47.544925Z,0.0100,55.20,no
2026-09-29T02:58:47.590253Z,0.0200,1.00,yes
2026-09-29T02:58:47.590253Z,0.0200,232.95,yes
2026-09-29T02:58:47.618154Z,0.0200,93.58,yes
2026-09-29T02:58:47.710352Z,0.0200,93.58,yes
2026-09-29T02:58:47.721158Z,0.0100,44.80,no
2026-09-29T02:58:47.721158Z,0.0100,257.89,no
2026-09-29T02:58:47.726941Z,0.0200,93.58,yes
2026-09-29T02:58:47.836522Z,0.0100,20.51,no
2026-09-29T02:58:48.106879Z,0.0100,270.74,no
2026-09-29T02:58:48.116129Z,0.0200,233.95,yes
2026-09-29T02:58:48.129071Z,0.0100,59.11,no
2026-09-29T02:58:48.275461Z,0.0100,15.01,no
2026-09-29T02:58:48.32036Z,0.0200,137.56,yes
2026-09-29T02:58:48.653534Z,0.0200,23.39,yes
2026-09-29T02:58:48.693686Z,0.0200,46.79,yes
2026-09-29T02:58:48.73181Z,0.0100,388.28,no
2026-09-29T02:58:48.770258Z,0.0200,233.95,yes
2026-09-29T02:58:48.900104Z,0.0100,2.10,no
2026-09-29T02:58:49.125484Z,0.0200,233.95,yes
2026-09-29T02:58:49.266366Z,0.0100,12.76,no
2026-09-29T02:58:49.332075Z,0.0100,46.79,no
2026-09-29T02:58:49.60677Z,0.0100,42.78,no
2026-09-29T02:58:49.91344Z,0.0200,6.08,yes
2026-09-29T02:58:50.005677Z,0.0100,10.69,no
2026-09-29T02:58:50.169704Z,0.0100,155.97,no
2026-09-29T02:58:50.178852Z,0.0200,93.58,yes
2026-09-29T02:58:50.410862Z,0.0200,20.11,yes
2026-09-29T02:58:50.659964Z,0.0100,123.53,no
2026-09-29T02:58:50.810384Z,0.0200,460.00,yes
2026-09-29T02:58:50.820534Z,0.0100,150.00,no
2026-09-29T02:58:50.820534Z,0.0100,419.37,no
2026-09-29T02:58:50.820534Z,0.0100,107.48,no
2026-09-29T02:58:50.903602Z,0.0200,46.79,yes
2026-09-29T02:58:51.046278Z,0.0200,254.07,yes
2026-09-29T02:58:51.611521Z,0.0200,233.95,yes
2026-09-29T02:58:51.613392Z,0.0200,11.69,yes
2026-09-29T02:58:51.840813Z,0.0200,167.50,yes
2026-09-29T02:58:51.954916Z,0.0200,46.79,yes
2026-09-29T02:58:52.233866Z,0.0100,452.25,no
2026-09-29T02:58:52.639242Z,0.0100,70.26,no
2026-09-29T02:58:52.701455Z,0.0100,3.00,no
2026-09-29T02:58:52.955358Z,0.0100,30.27,no
2026-09-29T02:58:53.014643Z,0.0100,15.61,no
2026-09-29T02:58:53.041877Z,0.0100,12.21,no
2026-09-29T02:58:53.237105Z,0.0100,106.99,no
2026-09-29T02:58:53.388653Z,0.0200,111.00,yes
2026-09-29T02:58:53.415579Z,0.0100,304.81,no
2026-09-29T02:58:53.459935Z,0.0200,93.58,yes
2026-09-29T02:58:53.48997Z,0.0200,359.81,yes
2026-09-29T02:58:54.011031Z,0.0200,233.95,yes
2026-09-29T02:58:54.082015Z,0.0200,125.00,yes
2026-09-29T02:58:54.093393Z,0.0200,72.52,yes
2026-09-29T02:58:54.125087Z,0.0200,1169.75,yes
2026-09-29T02:58:54.440577Z,0.0200,48.00,yes
2026-09-29T02:58:54.525426Z,0.0100,39.81,no
2026-09-29T02:58:54.653088Z,0.0200,1403.70,yes
2026-09-29T02:58:54.768182Z,0.0200,46.79,yes
2026-09-29T02:58:54.852053Z,0.0100,10.93,no
2026-09-29T02:58:55.001264Z,0.0200,467.90,yes
2026-09-29T02:58:55.039348Z,0.0200,4.67,yes
2026-09-29T02:58:55.053165Z,0.0200,75.00,yes
2026-09-29T02:58:55.05536Z,0.0100,14.23,no
2026-09-29T02:58:55.121401Z,0.0200,93.58,yes
2026-09-29T02:58:55.332717Z,0.0200,467.90,yes
2026-09-29T02:58:55.587692Z,0.0100,71.23,no
2026-09-29T02:58:55.63072Z,0.0200,46.79,yes
2026-09-29T02:58:55.769011Z,0.0100,349.93,no
2026-09-29T02:58:55.770234Z,0.0200,1169.75,yes
2026-09-29T02:58:55.928637Z,0.0100,1.50,no
2026-09-29T02:58:55.99635Z,0.0200,467.90,yes
2026-09-29T02:58:56.115675Z,0.0200,467.90,yes
2026-09-29T02:58:56.178551Z,0.0200,93.58,yes
2026-09-29T02:58:56.362265Z,0.0200,233.95,yes
2026-09-29T02:58:56.441527Z,0.0200,46.79,yes
2026-09-29T02:58:56.852725Z,0.0200,33.22,yes
2026-09-29T02:58:56.923737Z,0.0100,7.62,no
2026-09-29T02:58:57.043059Z,0.0200,46.79,yes
2026-09-29T02:58:57.359952Z,0.0200,210.55,yes
2026-09-29T02:58:57.426454Z,0.0200,1.87,yes
2026-09-29T02:58:57.457561Z,0.0200,66.00,yes
2026-09-29T02:58:57.644137Z,0.0200,421.11,yes
2026-09-29T02:58:57.648538Z,0.0100,1789.75,no
2026-09-29T02:58:57.652706Z,0.0100,37.65,no
2026-09-29T02:58:57.729586Z,0.0100,74.35,no
2026-09-29T02:58:57.83047Z,0.0200,1169.75,yes
2026-09-29T02:58:57.970917Z,0.0200,421.11,yes
2026-09-29T02:58:58.135595Z,0.0100,8.91,no
2026-09-29T02:58:58.163873Z,0.0200,25.00,yes
2026-09-29T02:58:58.297592Z,0.0100,12.73,no
2026-09-29T02:58:58.443361Z,0.0200,116.97,yes
2026-09-29T02:58:58.596954Z,0.0200,14.03,yes
2026-09-29T02:58:58.820867Z,0.0200,71.58,yes
2026-09-29T02:58:58.925339Z,0.0200,233.95,yes
2026-09-29T02:58:58.937353Z,0.0200,148.00,yes
2026-09-29T02:58:58.967838Z,0.0200,93.58,yes
2026-09-29T02:58:59.043656Z,0.0100,1044.57,no
2026-09-29T02:58:59.251083Z,0.0100,1497.88,no
2026-09-29T02:58:59.543092Z,0.0100,263.32,no
2026-09-29T02:58:59.610114Z,0.0100,85.15,no
2026-09-29T02:58:59.820996Z,0.0200,45.38,yes
2026-09-29T02:58:59.860961Z,0.0200,1169.75,yes
2026-09-29T02:58:59.89367Z,0.0200,93.58,yes
2026-09-29T02:58:59.925207Z,0.0100,41.19,no
2026-09-29T02:59:00.215447Z,0.0200,1000.00,yes
2026-09-29T02:59:00.36535Z,0.0200,2292.71,yes
2026-09-29T02:59:00.850557Z,0.0200,46.79,yes
2026-09-29T02:59:00.877801Z,0.0200,467.90,yes
2026-09-29T02:59:01.286487Z,0.0200,327.00,yes
2026-09-29T02:59:01.521515Z,0.0200,1169.75,yes
2026-09-29T02:59:01.718942Z,0.0200,467.90,yes
2026-09-29T02:59:02.050681Z,0.0200,459.47,yes
2026-09-29T02:59:02.120853Z,0.0200,46.79,yes
2026-09-29T02:59:02.180819Z,0.0200,233.95,yes
2026-09-29T02:59:02.278118Z,0.0200,93.50,yes
2026-09-29T02:59:02.293926Z,0.0100,15.32,no
2026-09-29T02:59:02.456731Z,0.0200,374.32,yes
2026-09-29T02:59:02.460652Z,0.0100,44.79,no
2026-09-29T02:59:02.541625Z,0.0200,2.33,yes
2026-09-29T02:59:03.903571Z,0.0200,116.97,yes
2026-09-29T02:59:03.969239Z,0.0100,4.62,no
2026-09-29T02:59:04.332214Z,0.0100,413.67,no
2026-09-29T02:59:04.673396Z,0.0100,321.07,no
2026-09-29T02:59:04.688845Z,0.0100,53.49,no
2026-09-29T02:59:04.770249Z,0.0200,12.00,yes
2026-09-29T02:59:05.169337Z,0.0100,40.14,no
2026-09-29T02:59:05.268634Z,0.0100,12.19,no
2026-09-29T02:59:05.333203Z,0.0100,165.63,no
2026-09-29T02:59:05.600368Z,0.0200,49.75,yes
2026-09-29T02:59:05.60572Z,0.0200,93.58,yes
2026-09-29T02:59:05.778591Z,0.0100,133.18,no
2026-09-29T02:59:05.849513Z,0.0100,13.53,no
2026-09-29T02:59:06.18154Z,0.0100,153.69,no
2026-09-29T02:59:06.409956Z,0.0200,1403.70,yes
2026-09-29T02:59:06.459591Z,0.0100,935.80,no
2026-09-29T02:59:06.747047Z,0.0200,17.78,yes
2026-09-29T02:59:06.814424Z,0.0100,47.98,no
2026-09-29T02:59:06.961768Z,0.0100,54.25,no
2026-09-29T02:59:07.013055Z,0.0100,10.35,no
2026-09-29T02:59:07.279582Z,0.0200,233.95,yes
2026-09-29T02:59:07.37825Z,0.0200,10.00,yes
2026-09-29T02:59:07.499087Z,0.0200,233.95,yes
2026-09-29T02:59:07.524357Z,0.0100,119.76,no
2026-09-29T02:59:07.550391Z,0.0200,233.95,yes
2026-09-29T02:59:07.642613Z,0.0200,41.64,yes
2026-09-29T02:59:07.716815Z,0.0100,3.69,no
2026-09-29T02:59:07.888968Z,0.0200,46.79,yes
2026-09-29T02:59:07.946111Z,0.0100,30.48,no
2026-09-29T02:59:08.395749Z,0.0200,0.46,yes
2026-09-29T02:59:08.4245Z,0.0200,24.00,yes
2026-09-29T02:59:08.43074Z,0.0200,1403.70,yes
2026-09-29T02:59:08.887526Z,0.0100,43.52,no
2026-09-29T02:59:08.910697Z,0.0200,233.95,yes
2026-09-29T02:59:08.969838Z,0.0200,70.18,yes
2026-09-29T02:59:09.031814Z,0.0200,233.95,yes
2026-09-29T02:59:09.091416Z,0.0100,0.71,no
2026-09-29T02:59:09.242671Z,0.0100,93.58,no
2026-09-29T02:59:09.380603Z,0.0200,3602.84,yes
2026-09-29T02:59:09.421716Z,0.0100,3.00,no
2026-09-29T02:59:09.626593Z,0.0100,44.06,no
2026-09-29T02:59:09.66846Z,0.0100,22.52,no
2026-09-29T02:59:09.687474Z,0.0200,46.79,yes
2026-09-29T02:59:09.789378Z,0.0100,15.24,no
2026-09-29T02:59:10.336729Z,0.0100,4.37,no
2026-09-29T02:59:10.433873Z,0.0100,2.09,no
2026-09-29T02:59:10.585021Z,0.0100,9.14,no
2026-09-29T02:59:10.702503Z,0.0200,280.74,yes
2026-09-29T02:59:10.736739Z,0.0200,15.90,yes
2026-09-29T02:59:10.818539Z,0.0200,31.34,yes
2026-09-29T02:59:10.823446Z,0.0100,6.59,no
2026-09-29T02:59:10.885837Z,0.0200,46.79,yes
2026-09-29T02:59:11.222187Z,0.0100,0.31,no
2026-09-29T02:59:11.382502Z,0.0200,23.39,yes
2026-09-29T02:59:11.612016Z,0.0200,6.55,yes
2026-09-29T02:59:11.708474Z,0.0200,1169.75,yes
2026-09-29T02:59:11.780137Z,0.0200,233.95,yes
2026-09-29T02:59:12.083346Z,0.0100,277.74,no
2026-09-29T02:59:12.216987Z,0.0200,46.79,yes
2026-09-29T02:59:12.525649Z,0.0200,7018.52,yes
2026-09-29T02:59:12.628102Z,0.0100,175.94,no
2026-09-29T02:59:12.892658Z,0.0200,467.90,yes
2026-09-29T02:59:13.142256Z,0.0200,233.95,yes
2026-09-29T02:59:13.442902Z,0.0100,239.90,no
2026-09-29T02:59:13.544561Z,0.0100,240.44,no
2026-09-29T02:59:13.600833Z,0.0200,467.90,yes
2026-09-29T02:59:14.189766Z,0.0200,46.79,yes
2026-09-29T02:59:14.260657Z,0.0200,233.95,yes
2026-09-29T02:59:15.012581Z,0.0100,76.00,no
2026-09-29T02:59:15.016415Z,0.0200,104.34,yes
2026-09-29T02:59:15.344665Z,0.0200,935.80,yes
2026-09-29T02:59:15.361044Z,0.0100,25.88,no
2026-09-29T02:59:15.389719Z,0.0200,233.95,yes
2026-09-29T02:59:15.403524Z,0.0200,19.18,yes
2026-09-29T02:59:16.060791Z,0.0100,51.96,no
2026-09-29T02:59:16.071948Z,0.0200,233.95,yes
2026-09-29T02:59:16.155853Z,0.0100,60.96,no
2026-09-29T02:59:16.223585Z,0.0200,458.54,yes
2026-09-29T02:59:16.417292Z,0.0100,457.22,no
2026-09-29T02:59:16.505319Z,0.0100,22.52,no
2026-09-29T02:59:16.520186Z,0.0100,96.61,no
2026-09-29T02:59:16.526432Z,0.0100,62.42,no
2026-09-29T02:59:16.619694Z,0.0200,918.49,yes
2026-09-29T02:59:16.670341Z,0.0200,125.00,yes
2026-09-29T02:59:16.710974Z,0.0200,39.77,yes
2026-09-29T02:59:16.74018Z,0.0100,1233.86,no
2026-09-29T02:59:16.822032Z,0.0200,250.00,yes
2026-09-29T02:59:17.198636Z,0.0200,187.16,yes
2026-09-29T02:59:17.217013Z,0.0100,25.67,no
2026-09-29T02:59:17.366939Z,0.0200,467.90,yes
2026-09-29T02:59:17.586714Z,0.0200,3.27,yes
2026-09-29T02:59:17.649959Z,0.0100,15.76,no
2026-09-29T02:59:17.923322Z,0.0200,222.00,yes
2026-09-29T02:59:18.320335Z,0.0100,1.00,no
2026-09-29T02:59:18.367828Z,0.0200,22.00,yes
2026-09-29T02:59:18.416001Z,0.0200,250.00,yes
2026-09-29T02:59:18.66308Z,0.0200,233.95,yes
2026-09-29T02:59:18.72068Z,0.0100,15.01,no
2026-09-29T02:59:18.848658Z,0.0100,109.31,no
2026-09-29T02:59:18.930751Z,0.0100,23.89,no
2026-09-29T02:59:19.009695Z,0.0200,46.79,yes
2026-09-29T02:59:19.113806Z,0.0200,46.79,yes
2026-09-29T02:59:19.197581Z,0.0200,111.00,yes
2026-09-29T02:59:19.297239Z,0.0200,46.79,yes
2026-09-29T02:59:19.350717Z,0.0100,174.63,no
2026-09-29T02:59:19.456784Z,0.0100,7.96,no
2026-09-29T02:59:19.468404Z,0.0100,103.08,no
2026-09-29T02:59:19.592286Z,0.0200,233.95,yes
2026-09-29T02:59:20.014952Z,0.0100,12.61,no
2026-09-29T02:59:20.126116Z,0.0200,93.58,yes
2026-09-29T02:59:20.634673Z,0.0200,46.79,yes
2026-09-29T02:59:20.687728Z,0.0200,4632.22,yes
2026-09-29T02:59:20.916789Z,0.0100,42.78,no
2026-09-29T02:59:21.113717Z,0.0100,14.24,no
2026-09-29T02:59:21.138586Z,0.0100,8.01,no
2026-09-29T02:59:21.362306Z,0.0200,233.95,yes
2026-09-29T02:59:21.43198Z,0.0100,337.70,no
2026-09-29T02:59:21.471512Z,0.0200,46.79,yes
2026-09-29T02:59:21.4985Z,0.0200,93.58,yes
2026-09-29T02:59:21.640194Z,0.0100,14.79,no
2026-09-29T02:59:21.643097Z,0.0200,46.79,yes
2026-09-29T02:59:21.906032Z,0.0200,46.79,yes
2026-09-29T02:59:21.921173Z,0.0200,62.23,yes
2026-09-29T02:59:22.035675Z,0.0200,46.79,yes
2026-09-29T02:59:22.172663Z,0.0100,182.66,no
2026-09-29T02:59:22.378662Z,0.0100,0.24,no
2026-09-29T02:59:22.390859Z,0.0200,29.00,yes
2026-09-29T02:59:22.48406Z,0.0100,14.96,no
2026-09-29T02:59:22.565882Z,0.0200,20.00,yes
2026-09-29T02:59:22.575067Z,0.0200,46.79,yes
2026-09-29T02:59:22.96646Z,0.0100,234.53,no
2026-09-29T02:59:22.994019Z,0.0200,23.39,yes
2026-09-29T02:59:23.061727Z,0.0100,18.28,no
2026-09-29T02:59:23.068117Z,0.0200,161.42,yes
2026-09-29T02:59:23.254149Z,0.0200,46.79,yes
2026-09-29T02:59:23.279012Z,0.0200,50.00,yes
2026-09-29T02:59:23.351916Z,0.0200,46.79,yes
2026-09-29T02:59:23.662986Z,0.0100,7.62,no
2026-09-29T02:59:23.723533Z,0.0200,374.32,yes
2026-09-29T02:59:24.032078Z,0.0200,21.52,yes
2026-09-29T02:59:24.122634Z,0.0200,4.67,yes
2026-09-29T02:59:24.201539Z,0.0100,45.72,no
2026-09-29T02:59:24.234486Z,0.0200,93.58,yes
2026-09-29T02:59:24.449946Z,0.0100,7.50,no
2026-09-29T02:59:24.591593Z,0.0200,666.00,yes
2026-09-29T02:59:25.066557Z,0.0100,39.24,no
2026-09-29T02:59:25.290621Z,0.0200,467.90,yes
2026-09-29T02:59:25.317726Z,0.0100,386.61,no
2026-09-29T02:59:25.32954Z,0.0100,3.40,no
2026-09-29T02:59:25.416201Z,0.0100,20.00,no
2026-09-29T02:59:25.535574Z,0.0200,46.79,yes
2026-09-29T02:59:25.857906Z,0.0200,46.79,yes
2026-09-29T02:59:25.891544Z,0.0100,45.72,no
2026-09-29T02:59:26.023083Z,0.0100,1.52,no
2026-09-29T02:59:26.024694Z,0.0200,701.85,yes
2026-09-29T02:59:26.072018Z,0.0200,46.79,yes
2026-09-29T02:59:26.370273Z,0.0100,15.53,no
2026-09-29T02:59:26.48218Z,0.0200,116.97,yes
2026-09-29T02:59:26.529647Z,0.0200,93.58,yes
2026-09-29T02:59:26.900267Z,0.0200,46.79,yes
2026-09-29T02:59:26.959848Z,0.0200,46.79,yes
2026-09-29T02:59:27.069654Z,0.0200,4679.01,yes
2026-09-29T02:59:27.177607Z,0.0200,467.90,yes
2026-09-29T02:59:27.309128Z,0.0200,46.79,yes
2026-09-29T02:59:27.457938Z,0.0100,19.32,no
2026-09-29T02:59:27.50982Z,0.0100,1354.30,no
2026-09-29T02:59:27.515974Z,0.0100,304.81,no
2026-09-29T02:59:27.606252Z,0.0200,93.58,yes
2026-09-29T02:59:27.714853Z,0.0100,47.98,no
2026-09-29T02:59:27.868969Z,0.0200,140.37,yes
2026-09-29T02:59:27.924144Z,0.0100,603.37,no
2026-09-29T02:59:27.928937Z,0.0200,233.95,yes
2026-09-29T02:59:27.97422Z,0.0100,4395.62,no
2026-09-29T02:59:28.000875Z,0.0100,15.01,no
2026-09-29T02:59:28.027123Z,0.0200,13501.17,yes
2026-09-29T02:59:28.027123Z,0.0200,301.93,yes
2026-09-29T02:59:28.040628Z,0.0100,36.99,no
2026-09-29T02:59:28.074177Z,0.0100,42.64,no
2026-09-29T02:59:28.281912Z,0.0100,12.16,no
2026-09-29T02:59:28.331693Z,0.0200,233.95,yes
2026-09-29T02:59:28.600679Z,0.0100,31.71,no
2026-09-29T02:59:28.696144Z,0.0200,8.42,yes
2026-09-29T02:59:28.95227Z,0.0200,467.90,yes
2026-09-29T02:59:28.957458Z,0.0200,935.80,yes
2026-09-29T02:59:29.100067Z,0.0100,326.11,no
2026-09-29T02:59:29.237727Z,0.0200,93.58,yes
2026-09-29T02:59:29.26139Z,0.0100,91.90,no
2026-09-29T02:59:29.730606Z,0.0200,3509.26,yes
2026-09-29T02:59:29.997473Z,0.0100,7.39,no
2026-09-29T02:59:30.104592Z,0.0200,46.79,yes
2026-09-29T02:59:30.187104Z,0.0100,30.48,no
2026-09-29T02:59:30.353438Z,0.0100,10.66,no
2026-09-29T02:59:30.377161Z,0.0100,40.54,no
2026-09-29T02:59:30.595117Z,0.0100,73.99,no
2026-09-29T02:59:30.760479Z,0.0200,233.95,yes
2026-09-29T02:59:30.962393Z,0.0200,1.00,yes
2026-09-29T02:59:31.126898Z,0.0100,34.03,no
2026-09-29T02:59:31.878862Z,0.0200,683.60,yes
2026-09-29T02:59:31.910547Z,0.0200,34.15,yes
2026-09-29T02:59:31.958716Z,0.0100,3.00,no
2026-09-29T02:59:31.958931Z,0.0200,46.79,yes
2026-09-29T02:59:32.080913Z,0.0200,233.95,yes
2026-09-29T02:59:32.223528Z,0.0200,233.95,yes
2026-09-29T02:59:32.311568Z,0.0200,233.95,yes
2026-09-29T02:59:32.433124Z,0.0200,46.79,yes
2026-09-29T02:59:32.439585Z,0.0100,6.18,no
2026-09-29T02:59:32.536349Z,0.0100,31.94,no
2026-09-29T02:59:32.632127Z,0.0200,46.79,yes
2026-09-29T02:59:32.781133Z,0.0200,140.37,yes
2026-09-29T02:59:32.794788Z,0.0200,93.58,yes
2026-09-29T02:59:33.819472Z,0.0200,46.79,yes
2026-09-29T02:59:34.391736Z,0.0200,233.95,yes
2026-09-29T02:59:34.496193Z,0.0100,16.27,no
2026-09-29T02:59:34.875301Z,0.0200,93.58,yes
2026-09-29T02:59:35.036516Z,0.0200,6.08,yes
2026-09-29T02:59:35.06878Z,0.0100,7.39,no
2026-09-29T02:59:35.218742Z,0.0100,213.94,no
2026-09-29T02:59:35.321368Z,0.0100,169.77,no
2026-09-29T02:59:35.396419Z,0.0200,1993.10,yes
2026-09-29T02:59:35.396419Z,0.0200,346.40,yes
2026-09-29T02:59:35.427052Z,0.0200,5046.79,yes
2026-09-29T02:59:35.472009Z,0.0200,421.11,yes
2026-09-29T02:59:35.578907Z,0.0100,6.35,no
2026-09-29T02:59:35.591457Z,0.0200,46.79,yes
2026-09-29T02:59:35.603277Z,0.0100,9.47,no
2026-09-29T02:59:35.638056Z,0.0100,5.68,no
2026-09-29T02:59:35.817971Z,0.0100,30.48,no
2026-09-29T02:59:36.057107Z,0.0200,33.00,yes
2026-09-29T02:59:36.280615Z,0.0100,51.77,no
2026-09-29T02:59:36.353679Z,0.0100,73.31,no
2026-09-29T02:59:36.364316Z,0.0100,5.28,no
2026-09-29T02:59:36.470454Z,0.0100,599.70,no
2026-09-29T02:59:36.557527Z,0.0200,23.39,yes
2026-09-29T02:59:36.910642Z,0.0100,90.99,no
2026-09-29T02:59:36.948786Z,0.0100,116.97,no
2026-09-29T02:59:36.965202Z,0.0200,46.79,yes
2026-09-29T02:59:37.073401Z,0.0200,25.00,yes
2026-09-29T02:59:37.527248Z,0.0200,44.00,yes
2026-09-29T02:59:37.545706Z,0.0100,22.19,no
2026-09-29T02:59:38.083017Z,0.0100,233.95,no
2026-09-29T02:59:38.103216Z,0.0200,93.58,yes
2026-09-29T02:59:38.117692Z,0.0200,233.95,yes
2026-09-29T02:59:38.419168Z,0.0200,46.79,yes
2026-09-29T02:59:38.427497Z,0.0200,225.52,yes
2026-09-29T02:59:38.727982Z,0.0200,140.37,yes
2026-09-29T02:59:38.7701Z,0.0200,0.93,yes
2026-09-29T02:59:38.987579Z,0.0200,233.95,yes
2026-09-29T02:59:39.227233Z,0.0100,300.00,no
2026-09-29T02:59:39.267023Z,0.0200,233.95,yes
2026-09-29T02:59:39.410325Z,0.0200,233.95,yes
2026-09-29T02:59:39.410329Z,0.0200,327.53,yes
2026-09-29T02:59:39.693259Z,0.0100,803.83,no
2026-09-29T02:59:39.75674Z,0.0100,30.03,no
2026-09-29T02:59:39.802657Z,0.0200,374.32,yes
2026-09-29T02:59:39.848043Z,0.0200,121.65,yes
2026-09-29T02:59:39.900699Z,0.0200,46.79,yes
2026-09-29T02:59:39.902711Z,0.0100,10.25,no
2026-09-29T02:59:40.54946Z,0.0200,982.59,yes
2026-09-29T02:59:40.65645Z,0.0200,46.79,yes
2026-09-29T02:59:40.717831Z,0.0200,467.90,yes
2026-09-29T02:59:40.835579Z,0.0200,100.00,yes
2026-09-29T02:59:40.87596Z,0.0200,46.79,yes
2026-09-29T02:59:41.027814Z,0.0100,60.96,no
2026-09-29T02:59:41.240971Z,0.0100,3.04,no
2026-09-29T02:59:41.270083Z,0.0100,307.06,no
2026-09-29T02:59:41.44145Z,0.0100,4.51,no
2026-09-29T02:59:41.446863Z,0.0100,17.01,no
2026-09-29T02:59:41.485221Z,0.0200,11.22,yes
2026-09-29T02:59:41.576101Z,0.0100,20.62,no
2026-09-29T02:59:41.633098Z,0.0200,93.58,yes
2026-09-29T02:59:41.862413Z,0.0200,140.37,yes
2026-09-29T02:59:42.113815Z,0.0200,62.23,yes
2026-09-29T02:59:42.180401Z,0.0200,1.40,yes
2026-09-29T02:59:42.381535Z,0.0100,81.98,no
2026-09-29T02:59:42.692104Z,0.0200,2.33,yes
2026-09-29T02:59:42.928119Z,0.0200,46.79,yes
2026-09-29T02:59:43.01962Z,0.0200,70.18,yes
2026-09-29T02:59:43.106312Z,0.0200,93.58,yes
2026-09-29T02:59:43.151488Z,0.0100,73.77,no
2026-09-29T02:59:43.158856Z,0.0200,233.95,yes
2026-09-29T02:59:43.246168Z,0.0200,50.00,yes
2026-09-29T02:59:43.315363Z,0.0100,652.94,no
2026-09-29T02:59:43.339456Z,0.0200,125.00,yes
2026-09-29T02:59:43.400581Z,0.0200,93.58,yes
2026-09-29T02:59:43.653451Z,0.0200,22.00,yes
2026-09-29T02:59:43.81639Z,0.0100,8.66,no
2026-09-29T02:59:44.282962Z,0.0200,23395.09,yes
2026-09-29T02:59:44.702149Z,0.0100,13.41,no
2026-09-29T02:59:44.772273Z,0.0100,13.06,no
2026-09-29T02:59:44.814738Z,0.0200,467.90,yes
2026-09-29T02:59:44.945943Z,0.0200,93.58,yes
2026-09-29T02:59:44.986448Z,0.0200,233.95,yes
2026-09-29T02:59:45.315321Z,0.0200,23.39,yes
2026-09-29T02:59:45.427413Z,0.0100,37.54,no
2026-09-29T02:59:45.462901Z,0.0100,8.81,no
2026-09-29T02:59:45.692182Z,0.0100,842.22,no
2026-09-29T02:59:45.763912Z,0.0200,4.67,yes
2026-09-29T02:59:45.921307Z,0.0200,233.95,yes
2026-09-29T02:59:46.18126Z,0.0200,467.90,yes
2026-09-29T02:59:46.319104Z,0.0200,467.90,yes
2026-09-29T02:59:46.592465Z,0.0200,467.90,yes
2026-09-29T02:59:47.011903Z,0.0200,46.79,yes
2026-09-29T02:59:47.021451Z,0.0200,514.69,yes
2026-09-29T02:59:47.132245Z,0.0200,25.00,yes
2026-09-29T02:59:47.244058Z,0.0200,93.58,yes
2026-09-29T02:59:47.731775Z,0.0200,46.79,yes
2026-09-29T02:59:47.760628Z,0.0100,29.65,no
2026-09-29T02:59:47.763429Z,0.0200,46.79,yes
2026-09-29T02:59:47.822069Z,0.0200,93.58,yes
2026-09-29T02:59:47.947217Z,0.0100,107.35,no
2026-09-29T02:59:48.584954Z,0.0200,124.75,yes
2026-09-29T02:59:48.644879Z,0.0200,250.00,yes
2026-09-29T02:59:48.747596Z,0.0200,655.06,yes
2026-09-29T02:59:49.003861Z,0.0200,93.58,yes
2026-09-29T02:59:49.243936Z,0.0200,140.37,yes
2026-09-29T02:59:49.258922Z,0.0200,935.80,yes
2026-09-29T02:59:49.271332Z,0.0200,333.00,yes
2026-09-29T02:59:49.459043Z,0.0200,93.58,yes
2026-09-29T02:59:49.586254Z,0.0100,190.02,no
2026-09-29T02:59:49.658533Z,0.0200,4.67,yes
2026-09-29T02:59:49.74827Z,0.0200,25.00,yes
2026-09-29T02:59:49.949934Z,0.0200,93.58,yes
2026-09-29T02:59:50.480671Z,0.0200,1169.75,yes
2026-09-29T02:59:50.509498Z,0.0200,46.79,yes
2026-09-29T02:59:50.59298Z,0.0200,93.58,yes
2026-09-29T02:59:50.614007Z,0.0200,46.79,yes
2026-09-29T02:59:50.936746Z,0.0200,46.79,yes
2026-09-29T02:59:50.991027Z,0.0200,46.50,yes
2026-09-29T02:59:51.012253Z,0.0100,86.95,no
2026-09-29T02:59:51.604985Z,0.0200,14037.05,yes
2026-09-29T02:59:52.191757Z,0.0100,0.30,no
2026-09-29T02:59:52.304833Z,0.0200,1169.75,yes
2026-09-29T02:59:52.339941Z,0.0100,70.92,no
2026-09-29T02:59:52.352564Z,0.0100,7.62,no
2026-09-29T02:59:52.513313Z,0.0200,467.90,yes
2026-09-29T02:59:52.52286Z,0.0200,39.77,yes
2026-09-29T02:59:52.988197Z,0.0200,233.95,yes
2026-09-29T02:59:53.345312Z,0.0200,46.79,yes
2026-09-29T02:59:53.357543Z,0.0100,3.04,no
2026-09-29T02:59:53.39496Z,0.0200,935.80,yes
2026-09-29T02:59:53.477245Z,0.0100,163.67,no
2026-09-29T02:59:53.500001Z,0.0100,4.50,no
2026-09-29T02:59:53.690129Z,0.0100,9.66,no
2026-09-29T02:59:54.067937Z,0.0200,233.95,yes
2026-09-29T02:59:54.298336Z,0.0200,93.58,yes
2026-09-29T02:59:54.570744Z,0.0200,100.00,yes
2026-09-29T02:59:54.7978Z,0.0100,80.77,no
2026-09-29T02:59:54.860452Z,0.0100,282.39,no
2026-09-29T02:59:54.877269Z,0.0100,0.96,no
2026-09-29T02:59:55.296946Z,0.0200,46.79,yes
2026-09-29T02:59:55.357128Z,0.0200,467.90,yes
2026-09-29T02:59:55.415892Z,0.0200,93.58,yes
2026-09-29T02:59:55.486779Z,0.0100,53.49,no
2026-09-29T02:59:55.557451Z,0.0100,304.81,no
2026-09-29T02:59:55.634564Z,0.0200,26.20,yes
2026-09-29T02:59:55.654825Z,0.0200,1169.75,yes
2026-09-29T02:59:55.798176Z,0.0200,1169.75,yes
2026-09-29T02:59:56.024283Z,0.0100,45.72,no
2026-09-29T02:59:56.31362Z,0.0200,50.00,yes
2026-09-29T02:59:56.465276Z,0.0200,46.79,yes
2026-09-29T02:59:56.825876Z,0.0100,6.00,no
2026-09-29T02:59:56.848913Z,0.0200,23.39,yes
2026-09-29T02:59:57.018033Z,0.0200,467.90,yes
2026-09-29T02:59:57.219839Z,0.0200,33.00,yes
2026-09-29T02:59:57.31871Z,0.0200,22.00,yes
2026-09-29T02:59:57.42903Z,0.0200,93.58,yes
2026-09-29T02:59:57.50791Z,0.0100,7.39,no
2026-09-29T02:59:57.522064Z,0.0200,4.67,yes
2026-09-29T02:59:57.606231Z,0.0100,93.58,no
2026-09-29T02:59:57.722272Z,0.0200,25.73,yes
2026-09-29T02:59:57.733332Z,0.0100,12.29,no
2026-09-29T02:59:57.737029Z,0.0200,46.79,yes
2026-09-29T02:59:57.749822Z,0.0200,233.95,yes
2026-09-29T02:59:57.87109Z,0.0100,19.24,no
2026-09-29T02:59:57.900533Z,0.0100,11.10,no
2026-09-29T02:59:58.159112Z,0.0100,384.91,no
2026-09-29T02:59:58.178729Z,0.0100,27.24,no
2026-09-29T02:59:58.230838Z,0.0200,467.90,yes
2026-09-29T02:59:58.348617Z,0.0200,166.00,yes
2026-09-29T02:59:58.351412Z,0.0100,39.40,no
2026-09-29T02:59:58.364786Z,0.0100,7.39,no
2026-09-29T02:59:58.38133Z,0.0100,409.92,no
2026-09-29T02:59:58.468566Z,0.0100,7.62,no
2026-09-29T02:59:58.51972Z,0.0200,46.79,yes
2026-09-29T02:59:58.562133Z,0.0100,1.52,no
2026-09-29T02:59:58.646197Z,0.0100,136.29,no
2026-09-29T02:59:58.661229Z,0.0200,4679.01,yes
2026-09-29T02:59:58.839092Z,0.0100,82.20,no
2026-09-29T02:59:58.863806Z,0.0100,176.02,no
2026-09-29T02:59:59.000261Z,0.0100,1010.33,no
2026-09-29T02:59:59.005658Z,0.0200,0.46,yes
2026-09-29T02:59:59.07418Z,0.0100,13.12,no
2026-09-29T02:59:59.11846Z,0.0100,11.99,no
2026-09-29T02:59:59.13233Z,0.0200,119.31,yes
2026-09-29T02:59:59.28281Z,0.0200,36.02,yes
2026-09-29T02:59:59.734925Z,0.0200,233.95,yes
2026-09-29T02:59:59.850808Z,0.0200,46.79,yes
2026-09-29T02:59:59.910359Z,0.0200,1.00,yes
2026-09-29T03:00:00.007718Z,0.0200,862.59,yes
2026-09-29T03:00:00.007718Z,0.0200,1.00,yes
2026-09-29T03:00:00.007718Z,0.0200,8.39,yes
2026-09-29T03:00:00.007718Z,0.0200,123.29,yes
2026-09-29T03:00:00.007718Z,0.0200,211.10,yes
2026-09-29T03:00:00.007718Z,0.0200,53.17,yes
2026-09-29T03:00:00.007718Z,0.0200,1.00,yes
2026-09-29T03:00:00.007718Z,0.0200,15.24,yes
2026-09-29T03:00:00.007718Z,0.0200,27.32,yes
2026-09-29T03:00:00.007718Z,0.0200,187.46,yes
2026-09-29T03:00:00.007718Z,0.0200,1.47,yes
2026-09-29T03:00:00.007718Z,0.0200,45.72,yes
2026-09-29T03:00:00.007718Z,0.0200,8.55,yes
2026-09-29T03:00:00.007718Z,0.0200,147.50,yes
2026-09-29T03:00:00.007718Z,0.0200,37.43,yes
2026-09-29T03:00:00.11088Z,0.0200,300.00,yes
2026-09-29T03:00:00.11088Z,0.0200,12.19,yes
2026-09-29T03:00:00.11088Z,0.0200,614.54,yes
2026-09-29T03:00:00.11088Z,0.0200,3.04,yes
2026-09-29T03:00:00.11088Z,0.0200,239.98,yes
2026-09-29T03:00:00.136072Z,0.0200,1.52,yes
2026-09-29T03:00:00.136072Z,0.0200,25.67,yes
2026-09-29T03:00:00.136072Z,0.0200,4.68,yes
2026-09-29T03:00:00.136072Z,0.0200,203.73,yes
2026-09-29T03:00:00.136072Z,0.0200,157.51,yes
2026-09-29T03:00:00.136072Z,0.0200,414.65,yes
2026-09-29T03:00:00.136072Z,0.0200,171.35,yes
2026-09-29T03:00:00.136072Z,0.0200,14.05,yes
2026-09-29T03:00:00.136072Z,0.0200,103.13,yes
2026-09-29T03:00:00.136072Z,0.0200,14.71,yes
2026-09-29T03:00:00.407625Z,0.0200,46.79,yes
2026-09-29T03:00:00.813327Z,0.0200,111.00,yes
2026-09-29T03:00:00.865507Z,0.0100,9.44,no
2026-09-29T03:00:00.907634Z,0.0100,22.86,no
2026-09-29T03:00:01.024335Z,0.0100,60.06,no
2026-09-29T03:00:01.376502Z,0.0200,233.95,yes
2026-09-29T03:00:01.64078Z,0.0200,22.56,yes
2026-09-29T03:00:01.64078Z,0.0200,183.22,yes
2026-09-29T03:00:01.64078Z,0.0200,361.63,yes
2026-09-29T03:00:01.64078Z,0.0200,37.54,yes
2026-09-29T03:00:01.64078Z,0.0200,47.13,yes
2026-09-29T03:00:01.64078Z,0.0200,12.13,yes
2026-09-29T03:00:01.64078Z,0.0200,10.51,yes
2026-09-29T03:00:01.64078Z,0.0200,4.03,yes
2026-09-29T03:00:01.64078Z,0.0200,927.65,yes
2026-09-29T03:00:01.64078Z,0.0200,404.53,yes
2026-09-29T03:00:01.64078Z,0.0200,22.19,yes
2026-09-29T03:00:01.64078Z,0.0200,36.23,yes
2026-09-29T03:00:01.64078Z,0.0200,127.87,yes
2026-09-29T03:00:01.64078Z,0.0200,1.10,yes
2026-09-29T03:00:01.64078Z,0.0200,2.95,yes
2026-09-29T03:00:01.64078Z,0.0200,467.59,yes
2026-09-29T03:00:01.64078Z,0.0200,18.95,yes
2026-09-29T03:00:01.64078Z,0.0200,60.96,yes
2026-09-29T03:00:01.64078Z,0.0200,705.18,yes
2026-09-29T03:00:01.64078Z,0.0200,90.10,yes
2026-09-29T03:00:01.64078Z,0.0200,12.57,yes
2026-09-29T03:00:01.64078Z,0.0200,260.52,yes
2026-09-29T03:00:01.702753Z,0.0200,93.58,yes
2026-09-29T03:00:01.749877Z,0.0200,327.53,yes
2026-09-29T03:00:02.012742Z,0.0100,1.50,no
2026-09-29T03:00:02.121547Z,0.0200,24.75,yes
2026-09-29T03:00:02.44169Z,0.0100,59.23,no
2026-09-29T03:00:02.601995Z,0.0100,15.01,no
2026-09-29T03:00:02.972777Z,0.0100,58.03,no
2026-09-29T03:00:03.045613Z,0.0200,421.11,yes
2026-09-29T03:00:03.312263Z,0.0200,46.79,yes
2026-09-29T03:00:03.551284Z,0.0200,93.58,yes
2026-09-29T03:00:04.021775Z,0.0200,140.37,yes
2026-09-29T03:00:04.122601Z,0.0100,479.23,no
2026-09-29T03:00:04.245865Z,0.0200,233.95,yes
2026-09-29T03:00:04.338182Z,0.0200,233.95,yes
2026-09-29T03:00:04.580802Z,0.0100,765.43,no
2026-09-29T03:00:04.602696Z,0.0200,701.85,yes
2026-09-29T03:00:04.711506Z,0.0100,57.20,no
2026-09-29T03:00:05.22734Z,0.0200,46.79,yes
2026-09-29T03:00:05.257913Z,0.0100,120.13,no
2026-09-29T03:00:05.566728Z,0.0200,233.95,yes
2026-09-29T03:00:05.584431Z,0.0100,419.32,no
2026-09-29T03:00:05.602853Z,0.0100,228.80,no
2026-09-29T03:00:05.769682Z,0.0200,46.79,yes
2026-09-29T03:00:05.925482Z,0.0200,233.95,yes
2026-09-29T03:00:06.641552Z,0.0200,224.59,yes
2026-09-29T03:00:06.705597Z,0.0200,50.00,yes
2026-09-29T03:00:06.75215Z,0.0200,50.00,yes
2026-09-29T03:00:07.395833Z,0.0200,23.39,yes
2026-09-29T03:00:07.488761Z,0.0100,281.12,no
2026-09-29T03:00:07.523855Z,0.0200,467.90,yes
2026-09-29T03:00:07.878556Z,0.0200,377.53,yes
2026-09-29T03:00:07.878556Z,0.0200,90.37,yes
2026-09-29T03:00:08.082275Z,0.0100,20.62,no
2026-09-29T03:00:08.322736Z,0.0200,38.83,yes
2026-09-29T03:00:08.611768Z,0.0200,65.50,yes
2026-09-29T03:00:08.650058Z,0.0200,935.80,yes
2026-09-29T03:00:08.759931Z,0.0100,2.01,no
2026-09-29T03:00:08.797655Z,0.0200,39.31,yes
2026-09-29T03:00:08.797655Z,0.0200,19.73,yes
2026-09-29T03:00:08.797655Z,0.0200,14.79,yes
2026-09-29T03:00:08.797655Z,0.0200,45.05,yes
2026-09-29T03:00:08.797655Z,0.0200,16.74,yes
2026-09-29T03:00:08.797655Z,0.0200,98.33,yes
2026-09-29T03:00:08.889289Z,0.0200,1.00,yes
2026-09-29T03:00:08.889289Z,0.0200,115.83,yes
2026-09-29T03:00:08.889289Z,0.0200,94.81,yes
2026-09-29T03:00:08.889289Z,0.0200,98.45,yes
2026-09-29T03:00:08.889289Z,0.0200,1870.22,yes
2026-09-29T03:00:08.889289Z,0.0200,36.99,yes
2026-09-29T03:00:08.889289Z,0.0200,14.79,yes
2026-09-29T03:00:08.889289Z,0.0200,17.03,yes
2026-09-29T03:00:08.889289Z,0.0200,1.12,yes
2026-09-29T03:00:08.889289Z,0.0200,469.76,yes
2026-09-29T03:00:08.889289Z,0.0200,15.24,yes
2026-09-29T03:00:08.889289Z,0.0200,22.19,yes
2026-09-29T03:00:08.889289Z,0.0200,1.93,yes
2026-09-29T03:00:08.889289Z,0.0200,2.95,yes
2026-09-29T03:00:08.889289Z,0.0200,137.61,yes
2026-09-29T03:00:08.889289Z,0.0200,21.89,yes
2026-09-29T03:00:08.889289Z,0.0200,338.66,yes
2026-09-29T03:00:08.889289Z,0.0200,813.51,yes
2026-09-29T03:00:08.889289Z,0.0200,27.79,yes
2026-09-29T03:00:08.889289Z,0.0200,5.04,yes
2026-09-29T03:00:08.889289Z,0.0200,57.51,yes
2026-09-29T03:00:08.906736Z,0.0200,17.31,yes
2026-09-29T03:00:08.907472Z,0.0100,992.60,no
2026-09-29T03:00:09.027413Z,0.0100,14.79,no
2026-09-29T03:00:09.263079Z,0.0200,66.80,yes
2026-09-29T03:00:09.263079Z,0.0200,125.76,yes
2026-09-29T03:00:09.263079Z,0.0200,20.00,yes
2026-09-29T03:00:09.263079Z,0.0200,21.39,yes
2026-09-29T03:00:09.503288Z,0.0100,312.12,no
2026-09-29T03:00:09.537291Z,0.0100,29.59,no
2026-09-29T03:00:09.580325Z,0.0100,53.45,no
2026-09-29T03:00:09.778414Z,0.0200,32.75,yes
2026-09-29T03:00:09.831364Z,0.0200,233.95,yes
2026-09-29T03:00:09.924704Z,0.0200,21.99,yes
2026-09-29T03:00:09.93016Z,0.0200,10.76,yes
2026-09-29T03:00:10.176607Z,0.0100,77.29,no
2026-09-29T03:00:10.251692Z,0.0200,199.37,yes
2026-09-29T03:00:10.251692Z,0.0200,34.58,yes
2026-09-29T03:00:10.291383Z,0.0200,113.63,yes
2026-09-29T03:00:10.291383Z,0.0200,120.32,yes
2026-09-29T03:00:10.448992Z,0.0200,358.41,yes
2026-09-29T03:00:10.448992Z,0.0200,15.91,yes
2026-09-29T03:00:10.598065Z,0.0100,10.09,no
2026-09-29T03:00:10.812925Z,0.0100,220.99,no
2026-09-29T03:00:11.005695Z,0.0100,22.03,no
2026-09-29T03:00:11.011115Z,0.0100,112.80,no
2026-09-29T03:00:11.307965Z,0.0100,226.42,no
2026-09-29T03:00:11.321638Z,0.0200,0.46,yes
2026-09-29T03:00:11.469762Z,0.0200,18.04,yes
2026-09-29T03:00:11.469762Z,0.0200,28.75,yes
2026-09-29T03:00:11.514205Z,0.0100,20.10,no
2026-09-29T03:00:11.59831Z,0.0100,0.23,no
2026-09-29T03:00:11.618584Z,0.0100,3.33,no
2026-09-29T03:00:11.693258Z,0.0200,4.16,yes
2026-09-29T03:00:11.693258Z,0.0200,2.00,yes
2026-09-29T03:00:11.693258Z,0.0200,67.44,yes
2026-09-29T03:00:11.693258Z,0.0200,394.30,yes
2026-09-29T03:00:11.700139Z,0.0100,189.51,no
2026-09-29T03:00:11.855571Z,0.0100,259.48,no
2026-09-29T03:00:12.160494Z,0.0200,27.87,yes
2026-09-29T03:00:12.160494Z,0.0200,3.18,yes
2026-09-29T03:00:12.160494Z,0.0200,15.74,yes
2026-09-29T03:00:12.318933Z,0.0200,4.67,yes
2026-09-29T03:00:12.910726Z,0.0100,394.24,no
2026-09-29T03:00:13.28845Z,0.0100,20.18,no
2026-09-29T03:00:13.328666Z,0.0100,67.17,no
2026-09-29T03:00:13.347686Z,0.0200,66.00,yes
2026-09-29T03:00:13.409721Z,0.0200,5.48,yes
2026-09-29T03:00:13.409721Z,0.0200,10.66,yes
2026-09-29T03:00:13.409721Z,0.0200,69.65,yes
2026-09-29T03:00:13.409721Z,0.0200,187.03,yes
2026-09-29T03:00:13.409721Z,0.0200,156.83,yes
2026-09-29T03:00:13.409721Z,0.0200,38.25,yes
2026-09-29T03:00:13.75107Z,0.0200,233.95,yes
2026-09-29T03:00:13.97988Z,0.0200,56.61,yes
2026-09-29T03:00:14.156401Z,0.0200,46.79,yes
2026-09-29T03:00:14.551894Z,0.0100,36.97,no
2026-09-29T03:00:14.714622Z,0.0200,167.13,yes
2026-09-29T03:00:14.714622Z,0.0200,9.68,yes
2026-09-29T03:00:14.714622Z,0.0200,10.35,yes
2026-09-29T03:00:14.714674Z,0.0200,1.17,yes
2026-09-29T03:00:14.714674Z,0.0200,2.95,yes
2026-09-29T03:00:14.714674Z,0.0200,96.19,yes
2026-09-29T03:00:14.714674Z,0.0200,150.16,yes
2026-09-29T03:00:14.714674Z,0.0200,0.99,yes
2026-09-29T03:00:14.714674Z,0.0200,179.89,yes
2026-09-29T03:00:14.714674Z,0.0200,36.62,yes
2026-09-29T03:00:14.714674Z,0.0200,14.47,yes
2026-09-29T03:00:14.714674Z,0.0200,57.96,yes
2026-09-29T03:00:14.714674Z,0.0200,38.10,yes
2026-09-29T03:00:14.714674Z,0.0200,11.18,yes
2026-09-29T03:00:14.714674Z,0.0200,60.67,yes
2026-09-29T03:00:14.714674Z,0.0200,135.96,yes
2026-09-29T03:00:14.714674Z,0.0200,30.77,yes
2026-09-29T03:00:14.714674Z,0.0200,6.19,yes
2026-09-29T03:00:14.714674Z,0.0200,18.95,yes
2026-09-29T03:00:14.722967Z,0.0200,44.95,yes
2026-09-29T03:00:14.722967Z,0.0200,18.16,yes
2026-09-29T03:00:14.722967Z,0.0200,0.20,yes
2026-09-29T03:00:14.722967Z,0.0200,6.87,yes
2026-09-29T03:00:14.946816Z,0.0100,36.99,no
2026-09-29T03:00:15.092309Z,0.0100,289.70,no
2026-09-29T03:00:15.44721Z,0.0100,30.48,no
2026-09-29T03:00:15.534746Z,0.0200,17.11,yes
2026-09-29T03:00:15.534746Z,0.0200,14.91,yes
2026-09-29T03:00:15.534746Z,0.0200,30.03,yes
2026-09-29T03:00:15.534746Z,0.0200,62.12,yes
2026-09-29T03:00:15.534746Z,0.0200,31.67,yes
2026-09-29T03:00:15.534746Z,0.0200,638.45,yes
2026-09-29T03:00:15.534746Z,0.0200,8.55,yes
2026-09-29T03:00:15.534746Z,0.0200,3856.42,yes
2026-09-29T03:00:15.534746Z,0.0200,1.47,yes
2026-09-29T03:00:15.534746Z,0.0200,18.28,yes
2026-09-29T03:00:15.68574Z,0.0200,327.53,yes
2026-09-29T03:00:16.12277Z,0.0100,17.11,no
2026-09-29T03:00:16.158818Z,0.0200,350.92,yes
2026-09-29T03:00:16.20403Z,0.0200,23.39,yes
2026-09-29T03:00:16.318347Z,0.0100,1000.00,no
2026-09-29T03:00:16.332077Z,0.0100,327.46,no
2026-09-29T03:00:16.404783Z,0.0100,7.62,no
2026-09-29T03:00:16.468705Z,0.0100,22.88,no
2026-09-29T03:00:17.124582Z,0.0100,32.09,no
2026-09-29T03:00:17.147976Z,0.0200,233.95,yes
2026-09-29T03:00:17.169774Z,0.0200,46.79,yes
2026-09-29T03:00:17.21486Z,0.0100,2.34,no
2026-09-29T03:00:17.236349Z,0.0200,46.79,yes
2026-09-29T03:00:17.416645Z,0.0100,88.79,no
2026-09-29T03:00:17.493382Z,0.0100,218.77,no
2026-09-29T03:00:17.690815Z,0.0200,93.58,yes
2026-09-29T03:00:17.725529Z,0.0200,467.90,yes
2026-09-29T03:00:17.779016Z,0.0200,467.90,yes
2026-09-29T03:00:17.853326Z,0.0200,250.00,yes
2026-09-29T03:00:18.049933Z,0.0200,48.19,yes
2026-09-29T03:00:18.350833Z,0.0100,130.23,no
2026-09-29T03:00:18.533757Z,0.0100,35.73,no
2026-09-29T03:00:18.535875Z,0.0200,9.35,yes
2026-09-29T03:00:18.552429Z,0.0100,40.20,no
2026-09-29T03:00:18.62994Z,0.0100,175.46,no
2026-09-29T03:00:18.742796Z,0.0200,7.01,yes
2026-09-29T03:00:18.88911Z,0.0200,187.16,yes
2026-09-29T03:00:19.053579Z,0.0100,10.06,no
2026-09-29T03:00:19.077136Z,0.0200,233.95,yes
2026-09-29T03:00:19.113481Z,0.0100,4.67,no
2026-09-29T03:00:19.218907Z,0.0200,46.79,yes
2026-09-29T03:00:19.265715Z,0.0200,46.79,yes
2026-09-29T03:00:19.631559Z,0.0200,1637.65,yes
2026-09-29T03:00:19.643761Z,0.0100,33.84,no
2026-09-29T03:00:19.768874Z,0.0100,18.72,no
2026-09-29T03:00:19.882284Z,0.0200,125.00,yes
2026-09-29T03:00:19.897375Z,0.0100,100.00,no
2026-09-29T03:00:19.97687Z,0.0200,333.00,yes
2026-09-29T03:00:20.46525Z,0.0200,327.53,yes
2026-09-29T03:00:20.624229Z,0.0100,22.86,no
2026-09-29T03:00:20.704264Z,0.0100,15.01,no
2026-09-29T03:00:21.41839Z,0.0200,93.58,yes
2026-09-29T03:00:21.789803Z,0.0100,104.42,no
2026-09-29T03:00:21.96061Z,0.0200,233.95,yes
2026-09-29T03:00:22.090239Z,0.0200,93.58,yes
2026-09-29T03:00:22.260057Z,0.0200,1169.75,yes
2026-09-29T03:00:22.427314Z,0.0200,233.95,yes
2026-09-29T03:00:22.445248Z,0.0200,467.90,yes
2026-09-29T03:00:22.499207Z,0.0100,29.83,no
2026-09-29T03:00:22.846719Z,0.0100,71.97,no
2026-09-29T03:00:22.880242Z,0.0100,12.94,no
2026-09-29T03:00:23.123158Z,0.0100,13.51,no
2026-09-29T03:00:23.407633Z,0.0100,122.95,no
2026-09-29T03:00:23.792111Z,0.0100,120.85,no
2026-09-29T03:00:24.074059Z,0.0100,5.68,no
2026-09-29T03:00:24.186699Z,0.0200,46.79,yes
2026-09-29T03:00:24.220472Z,0.0200,93.58,yes
2026-09-29T03:00:24.640928Z,0.0100,1295.48,no
2026-09-29T03:00:24.677348Z,0.0100,11.88,no
2026-09-29T03:00:25.076285Z,0.0200,46790.19,yes
2026-09-29T03:00:25.317579Z,0.0200,327.53,yes
2026-09-29T03:00:25.725166Z,0.0100,20.20,no
2026-09-29T03:00:25.990393Z,0.0200,93.58,yes
2026-09-29T03:00:26.069018Z,0.0100,500.00,no
2026-09-29T03:00:26.247927Z,0.0100,235.33,no
2026-09-29T03:00:26.534183Z,0.0200,46.79,yes
2026-09-29T03:00:26.538041Z,0.0200,233.95,yes
2026-09-29T03:00:26.785403Z,0.0100,19.19,no
2026-09-29T03:00:27.227Z,0.0200,66.00,yes
2026-09-29T03:00:27.246719Z,0.0200,125.00,yes
2026-09-29T03:00:27.338095Z,0.0200,4679.01,yes
2026-09-29T03:00:27.428725Z,0.0100,30.03,no
2026-09-29T03:00:27.439449Z,0.0200,400.00,yes
2026-09-29T03:00:27.523327Z,0.0200,74.86,yes
2026-09-29T03:00:27.666313Z,0.0200,467.90,yes
2026-09-29T03:00:27.821112Z,0.0100,50.00,no
2026-09-29T03:00:28.014225Z,0.0100,10.69,no
2026-09-29T03:00:28.084601Z,0.0200,93.58,yes
2026-09-29T03:00:28.1616Z,0.0200,233.95,yes
2026-09-29T03:00:28.48995Z,0.0100,17.03,no
2026-09-29T03:00:28.506627Z,0.0200,140.37,yes
2026-09-29T03:00:28.634239Z,0.0100,11.34,no
2026-09-29T03:00:29.069885Z,0.0200,46.79,yes
2026-09-29T03:00:29.072298Z,0.0100,41.87,no
2026-09-29T03:00:29.14983Z,0.0100,93.58,no
2026-09-29T03:00:29.383129Z,0.0100,952.98,no
2026-09-29T03:00:29.453561Z,0.0100,30.46,no
2026-09-29T03:00:29.640721Z,0.0200,76.26,yes
2026-09-29T03:00:29.945326Z,0.0200,7.00,yes
2026-09-29T03:00:30.060955Z,0.0100,467.90,no
2026-09-29T03:00:30.23789Z,0.0100,36.99,no
2026-09-29T03:00:30.366423Z,0.0200,233.95,yes
2026-09-29T03:00:30.989408Z,0.0200,13756.31,yes
2026-09-29T03:00:31.134947Z,0.0100,205.15,no
2026-09-29T03:00:31.199503Z,0.0200,467.90,yes
2026-09-29T03:00:31.340461Z,0.0100,421.11,no
2026-09-29T03:00:31.461802Z,0.0100,22.19,no
2026-09-29T03:00:31.465891Z,0.0200,1169.75,yes
2026-09-29T03:00:31.690682Z,0.0200,12.63,yes
2026-09-29T03:00:31.846609Z,0.0200,17.31,yes
2026-09-29T03:00:32.00552Z,0.0100,20.62,no
2026-09-29T03:00:32.037855Z,0.0100,22.19,no
2026-09-29T03:00:32.039807Z,0.0100,52.91,no
2026-09-29T03:00:32.108597Z,0.0100,169.94,no
2026-09-29T03:00:32.108597Z,0.0100,219.24,no
2026-09-29T03:00:32.119756Z,0.0200,22.00,yes
2026-09-29T03:00:32.383328Z,0.0200,16.84,yes
2026-09-29T03:00:32.69547Z,0.0200,7.00,yes
2026-09-29T03:00:32.950251Z,0.0200,233.95,yes
2026-09-29T03:00:33.345461Z,0.0200,146.92,yes
2026-09-29T03:00:33.679497Z,0.0200,4.67,yes
2026-09-29T03:00:33.720706Z,0.0100,19.24,no
2026-09-29T03:00:33.832252Z,0.0100,4.02,no
2026-09-29T03:00:34.054469Z,0.0100,17.75,no
2026-09-29T03:00:34.383072Z,0.0200,100.00,yes
2026-09-29T03:00:34.46871Z,0.0100,10.69,no
2026-09-29T03:00:34.7418Z,0.0100,114.30,no
2026-09-29T03:00:34.930891Z,0.0200,233.95,yes
2026-09-29T03:00:35.084011Z,0.0100,5.66,no
2026-09-29T03:00:35.223121Z,0.0200,46.79,yes
2026-09-29T03:00:35.327567Z,0.0200,16.84,yes
2026-09-29T03:00:35.396165Z,0.0200,46.79,yes
2026-09-29T03:00:35.764424Z,0.0200,46.79,yes
2026-09-29T03:00:36.133964Z,0.0200,140.37,yes
2026-09-29T03:00:36.156019Z,0.0100,43.41,no
2026-09-29T03:00:36.3669Z,0.0100,6.03,no
2026-09-29T03:00:36.510895Z,0.0200,14.03,yes
2026-09-29T03:00:36.729703Z,0.0200,46.79,yes
2026-09-29T03:00:36.908921Z,0.0200,18.71,yes
2026-09-29T03:00:37.26701Z,0.0100,10.80,no
2026-09-29T03:00:37.282062Z,0.0100,272.40,no
2026-09-29T03:00:37.457048Z,0.0200,46.79,yes
2026-09-29T03:00:37.515465Z,0.0200,65.00,yes
2026-09-29T03:00:37.524696Z,0.0100,1150.97,no
2026-09-29T03:00:37.549282Z,0.0100,78.71,no
2026-09-29T03:00:37.891225Z,0.0100,20.18,no
2026-09-29T03:00:38.671072Z,0.0100,48.42,no
2026-09-29T03:00:38.708497Z,0.0200,46.79,yes
2026-09-29T03:00:38.867003Z,0.0200,33.00,yes
2026-09-29T03:00:38.889057Z,0.0100,4.83,no
2026-09-29T03:00:39.05201Z,0.0100,67.80,no
2026-09-29T03:00:39.089631Z,0.0200,46.79,yes
2026-09-29T03:00:39.103802Z,0.0100,395.61,no
2026-09-29T03:00:39.110457Z,0.0200,46.79,yes
2026-09-29T03:00:39.26271Z,0.0100,6.33,no
2026-09-29T03:00:39.286946Z,0.0200,93.58,yes
2026-09-29T03:00:39.316769Z,0.0200,467.90,yes
2026-09-29T03:00:39.425387Z,0.0100,40.16,no
2026-09-29T03:00:39.580582Z,0.0200,125.00,yes
2026-09-29T03:00:39.71308Z,0.0200,233.95,yes
2026-09-29T03:00:39.858268Z,0.0200,5.14,yes
2026-09-29T03:00:40.145718Z,0.0100,3.00,no
2026-09-29T03:00:40.181684Z,0.0200,46.79,yes
2026-09-29T03:00:40.191052Z,0.0200,23.39,yes
2026-09-29T03:00:40.300642Z,0.0200,13.10,yes
2026-09-29T03:00:40.498229Z,0.0100,17.11,no
2026-09-29T03:00:40.726668Z,0.0200,11.22,yes
2026-09-29T03:00:40.758002Z,0.0200,46.79,yes
2026-09-29T03:00:40.878452Z,0.0200,233.95,yes
2026-09-29T03:00:41.07457Z,0.0200,93.58,yes
2026-09-29T03:00:41.169415Z,0.0200,46.79,yes
2026-09-29T03:00:41.423492Z,0.0200,49.75,yes
2026-09-29T03:00:41.688012Z,0.0100,76.20,no
2026-09-29T03:00:41.919772Z,0.0100,20.94,no
2026-09-29T03:00:42.031855Z,0.0200,91.70,yes
2026-09-29T03:00:42.310529Z,0.0200,46.79,yes
2026-09-29T03:00:42.582108Z,0.0100,10.69,no
2026-09-29T03:00:42.789846Z,0.0100,82.02,no
2026-09-29T03:00:43.00045Z,0.0200,458.54,yes
2026-09-29T03:00:43.095508Z,0.0200,467.90,yes
2026-09-29T03:00:43.227582Z,0.0200,22.00,yes
2026-09-29T03:00:43.562761Z,0.0200,28.54,yes
2026-09-29T03:00:43.684189Z,0.0200,2339.50,yes
2026-09-29T03:00:43.684606Z,0.0200,233.95,yes
2026-09-29T03:00:43.803839Z,0.0100,3.04,no
2026-09-29T03:00:44.327024Z,0.0200,93.58,yes
2026-09-29T03:00:44.388413Z,0.0200,46.79,yes
2026-09-29T03:00:44.482868Z,0.0100,374.32,no
2026-09-29T03:00:44.796596Z,0.0100,0.76,no
2026-09-29T03:00:44.934828Z,0.0200,93.58,yes
2026-09-29T03:00:45.390664Z,0.0100,12.01,no
2026-09-29T03:00:45.44548Z,0.0100,351.34,no
2026-09-29T03:00:45.516163Z,0.0100,0.78,no
2026-09-29T03:00:46.125641Z,0.0100,7.52,no
2026-09-29T03:00:46.313722Z,0.0100,13.53,no
2026-09-29T03:00:46.704095Z,0.0100,37.54,no
2026-09-29T03:00:46.761775Z,0.0100,1.52,no
2026-09-29T03:00:46.77298Z,0.0200,46.79,yes
2026-09-29T03:00:46.913975Z,0.0200,46.79,yes
2026-09-29T03:00:47.059804Z,0.0100,63.36,no
2026-09-29T03:00:47.201473Z,0.0100,27.93,no
2026-09-29T03:00:47.295663Z,0.0100,15.00,no
2026-09-29T03:00:47.846297Z,0.0100,3615.63,no
2026-09-29T03:00:47.847128Z,0.0200,82.00,yes
2026-09-29T03:00:47.932921Z,0.0100,8.23,no
2026-09-29T03:00:48.030976Z,0.0100,8.20,no
2026-09-29T03:00:48.206129Z,0.0100,825.17,no
2026-09-29T03:00:48.313326Z,0.0200,701.85,yes
2026-09-29T03:00:48.345331Z,0.0200,233.95,yes
2026-09-29T03:00:48.565911Z,0.0100,12.37,no
2026-09-29T03:00:48.703991Z,0.0100,43.38,no
2026-09-29T03:00:48.813665Z,0.0200,68.31,yes
2026-09-29T03:00:48.946471Z,0.0200,50.00,yes
2026-09-29T03:00:49.231487Z,0.0100,2.36,no
2026-09-29T03:00:49.378919Z,0.0200,233.95,yes
2026-09-29T03:00:49.396609Z,0.0100,1413.22,no
2026-09-29T03:00:49.709914Z,0.0100,820.69,no
2026-09-29T03:00:49.74332Z,0.0100,478.56,no
2026-09-29T03:00:49.838186Z,0.0100,24.71,no
2026-09-29T03:00:50.002012Z,0.0100,13.80,no
2026-09-29T03:00:50.091659Z,0.0200,7.01,yes
2026-09-29T03:00:50.32106Z,0.0100,1711.55,no
2026-09-29T03:00:50.426226Z,0.0100,18.92,no
2026-09-29T03:00:50.435361Z,0.0100,53.34,no
2026-09-29T03:00:50.453604Z,0.0100,158.02,no
2026-09-29T03:00:50.529228Z,0.0100,29.88,no
2026-09-29T03:00:50.731968Z,0.0100,59.20,no
2026-09-29T03:00:50.811108Z,0.0100,115.73,no
2026-09-29T03:00:51.386689Z,0.0200,93.58,yes
2026-09-29T03:00:51.48873Z,0.0100,147.89,no
2026-09-29T03:00:51.491975Z,0.0200,625.00,yes
2026-09-29T03:00:52.062251Z,0.0100,15.24,no
2026-09-29T03:00:52.180138Z,0.0100,1.10,no
2026-09-29T03:00:53.030586Z,0.0100,10.44,no
2026-09-29T03:00:53.213566Z,0.0100,51.95,no
2026-09-29T03:00:53.237951Z,0.0100,26.43,no
2026-09-29T03:00:53.350858Z,0.0200,0.46,yes
2026-09-29T03:00:53.627228Z,0.0100,4439.78,no
2026-09-29T03:00:54.143478Z,0.0100,1.22,no
2026-09-29T03:00:54.218358Z,0.0200,93.58,yes
2026-09-29T03:00:54.535294Z,0.0200,233.95,yes
2026-09-29T03:00:54.726137Z,0.0200,93.58,yes
2026-09-29T03:00:55.218366Z,0.0100,46.79,no
2026-09-29T03:00:55.288791Z,0.0100,15.24,no
2026-09-29T03:00:55.499599Z,0.0100,110.74,no
2026-09-29T03:00:55.512782Z,0.0100,126.39,no
2026-09-29T03:00:55.556131Z,0.0100,30.48,no
2026-09-29T03:00:55.67158Z,0.0100,2.02,no
2026-09-29T03:00:55.748004Z,0.0100,187.16,no
2026-09-29T03:00:55.995552Z,0.0100,419.70,no
2026-09-29T03:00:56.332175Z,0.0100,102.22,no
2026-09-29T03:00:56.469367Z,0.0100,63.55,no
2026-09-29T03:00:56.613886Z,0.0100,7.39,no
2026-09-29T03:00:56.63103Z,0.0200,935.80,yes
2026-09-29T03:00:56.734861Z,0.0200,93.58,yes
2026-09-29T03:00:57.017021Z,0.0200,46.79,yes
2026-09-29T03:00:57.11956Z,0.0100,75.08,no
2026-09-29T03:00:57.302343Z,0.0100,152.40,no
2026-09-29T03:00:57.335983Z,0.0100,59.74,no
2026-09-29T03:00:57.381874Z,0.0200,46.79,yes
2026-09-29T03:00:57.630892Z,0.0100,41.87,no
2026-09-29T03:00:58.185706Z,0.0200,124.75,yes
2026-09-29T03:00:58.29216Z,0.0200,84.22,yes
2026-09-29T03:00:58.620558Z,0.0100,46.75,no
2026-09-29T03:00:58.750406Z,0.0100,8.55,no
2026-09-29T03:00:58.918815Z,0.0100,93.51,no
2026-09-29T03:00:59.101658Z,0.0100,100.00,no
2026-09-29T03:00:59.217345Z,0.0100,16.20,no
2026-09-29T03:00:59.222461Z,0.0100,427.96,no
2026-09-29T03:00:59.729984Z,0.0100,28.63,no
2026-09-29T03:00:59.760401Z,0.0200,93.58,yes
2026-09-29T03:00:59.954327Z,0.0100,129.34,no
2026-09-29T03:01:00.360247Z,0.0100,15.24,no
2026-09-29T03:01:00.662378Z,0.0100,245.90,no
2026-09-29T03:01:00.826447Z,0.0200,7.95,yes
2026-09-29T03:01:00.863049Z,0.0200,31.34,yes
2026-09-29T03:01:01.283613Z,0.0100,19.07,no
2026-09-29T03:01:01.30134Z,0.0200,42.11,yes
2026-09-29T03:01:01.476569Z,0.0100,25.77,no
2026-09-29T03:01:01.486951Z,0.0100,157.11,no
2026-09-29T03:01:01.781404Z,0.0100,20.73,no
2026-09-29T03:01:01.993187Z,0.0100,54.05,no
2026-09-29T03:01:02.023648Z,0.0200,233.95,yes
2026-09-29T03:01:02.343698Z,0.0100,29.59,no
2026-09-29T03:01:02.97629Z,0.0100,193.23,no
2026-09-29T03:01:03.242606Z,0.0100,70.28,no
2026-09-29T03:01:03.324435Z,0.0200,608.27,yes
2026-09-29T03:01:03.338156Z,0.0100,90.24,no
2026-09-29T03:01:03.360438Z,0.0100,18.02,no
2026-09-29T03:01:03.485761Z,0.0100,2.05,no
2026-09-29T03:01:03.718368Z,0.0100,22.52,no
2026-09-29T03:01:03.880596Z,0.0100,957.75,no
2026-09-29T03:01:03.980584Z,0.0200,22.00,yes
2026-09-29T03:01:04.069471Z,0.0200,4.67,yes
2026-09-29T03:01:04.156341Z,0.0100,374.32,no
2026-09-29T03:01:04.214981Z,0.0100,18.26,no
2026-09-29T03:01:04.373757Z,0.0100,7.62,no
2026-09-29T03:01:04.472054Z,0.0100,260.00,no
2026-09-29T03:01:04.774974Z,0.0100,152.40,no
2026-09-29T03:01:04.78172Z,0.0100,309.30,no
2026-09-29T03:01:05.031633Z,0.0200,46.79,yes
2026-09-29T03:01:05.215712Z,0.0100,62.73,no
2026-09-29T03:01:05.334164Z,0.0100,234.25,no
2026-09-29T03:01:05.38254Z,0.0100,147.99,no
2026-09-29T03:01:05.413794Z,0.0200,233.95,yes
2026-09-29T03:01:05.438152Z,0.0200,233.95,yes
2026-09-29T03:01:05.514237Z,0.0200,46.79,yes
2026-09-29T03:01:06.029212Z,0.0200,24.75,yes
2026-09-29T03:01:06.973671Z,0.0200,46.79,yes
2026-09-29T03:01:07.191494Z,0.0200,648.04,yes
2026-09-29T03:01:07.283471Z,0.0200,0.70,yes
2026-09-29T03:01:07.724663Z,0.0100,8.65,no
2026-09-29T03:01:07.887223Z,0.0200,46.79,yes
2026-09-29T03:01:07.965318Z,0.0200,46.79,yes
2026-09-29T03:01:08.106704Z,0.0100,8.51,no
2026-09-29T03:01:08.171488Z,0.0200,2.33,yes
2026-09-29T03:01:08.549765Z,0.0100,8.70,no
2026-09-29T03:01:08.592395Z,0.0100,1453.86,no
2026-09-29T03:01:08.737578Z,0.0100,4.51,no
2026-09-29T03:01:08.828671Z,0.0200,140.37,yes
2026-09-29T03:01:09.257819Z,0.0100,30.48,no
2026-09-29T03:01:09.332083Z,0.0100,1.97,no
2026-09-29T03:01:09.411428Z,0.0100,173.23,no
2026-09-29T03:01:09.610483Z,0.0200,233.95,yes
2026-09-29T03:01:09.911581Z,0.0200,4.67,yes
2026-09-29T03:01:10.079864Z,0.0100,15.24,no
2026-09-29T03:01:10.113151Z,0.0100,38.76,no
2026-09-29T03:01:10.132067Z,0.0100,60.06,no
2026-09-29T03:01:10.892331Z,0.0100,412.54,no
2026-09-29T03:01:11.295631Z,0.0100,22.86,no
2026-09-29T03:01:11.397936Z,0.0100,643.11,no
2026-09-29T03:01:11.552005Z,0.0100,15.01,no
2026-09-29T03:01:11.720939Z,0.0200,233.95,yes
2026-09-29T03:01:12.028675Z,0.0200,46.79,yes
2026-09-29T03:01:12.08336Z,0.0200,35.09,yes
2026-09-29T03:01:12.121384Z,0.0100,5.55,no
2026-09-29T03:01:12.139585Z,0.0100,3.51,no
2026-09-29T03:01:12.214617Z,0.0200,22.00,yes
2026-09-29T03:01:12.251091Z,0.0100,22.86,no
2026-09-29T03:01:12.343245Z,0.0100,1600.28,no
2026-09-29T03:01:12.43581Z,0.0200,93.58,yes
2026-09-29T03:01:12.757096Z,0.0100,20.00,no
2026-09-29T03:01:12.858183Z,0.0100,15.24,no
2026-09-29T03:01:13.05649Z,0.0100,50.00,no
2026-09-29T03:01:13.327393Z,0.0200,125.39,yes
2026-09-29T03:01:13.571724Z,0.0100,935.19,no
2026-09-29T03:01:13.757575Z,0.0200,46.79,yes
2026-09-29T03:01:13.771058Z,0.0100,106.68,no
2026-09-29T03:01:13.791506Z,0.0200,93.58,yes
2026-09-29T03:01:13.900449Z,0.0100,91.44,no
2026-09-29T03:01:14.149363Z,0.0200,701.85,yes
2026-09-29T03:01:14.847573Z,0.0100,285.83,no
2026-09-29T03:01:14.914305Z,0.0100,3.10,no
2026-09-29T03:01:15.056644Z,0.0100,10.96,no
2026-09-29T03:01:15.688382Z,0.0100,38.05,no
2026-09-29T03:01:15.711586Z,0.0200,79.07,yes
2026-09-29T03:01:15.874241Z,0.0200,233.95,yes
2026-09-29T03:01:16.22694Z,0.0200,233.95,yes
2026-09-29T03:01:16.276678Z,0.0200,467.90,yes
2026-09-29T03:01:16.452707Z,0.0100,112.80,no
2026-09-29T03:01:16.814429Z,0.0200,46.79,yes
2026-09-29T03:01:16.912445Z,0.0100,3.04,no
2026-09-29T03:01:17.077826Z,0.0200,456.20,yes
2026-09-29T03:01:17.109148Z,0.0200,233.95,yes
2026-09-29T03:01:17.264802Z,0.0200,1169.75,yes
2026-09-29T03:01:17.377947Z,0.0100,295.98,no
2026-09-29T03:01:17.381474Z,0.0200,29.25,yes
2026-09-29T03:01:17.437516Z,0.0100,75.77,no
2026-09-29T03:01:17.642496Z,0.0100,45.05,no
2026-09-29T03:01:17.739418Z,0.0200,50.00,yes
2026-09-29T03:01:17.753465Z,0.0200,93.58,yes
2026-09-29T03:01:17.929788Z,0.0100,14.79,no
2026-09-29T03:01:18.016895Z,0.0200,22.00,yes
2026-09-29T03:01:18.448587Z,0.0100,120.01,no
2026-09-29T03:01:18.458704Z,0.0200,14.00,yes
2026-09-29T03:01:18.458704Z,0.0200,6129.85,yes
2026-09-29T03:01:18.458704Z,0.0200,250.00,yes
2026-09-29T03:01:18.458704Z,0.0200,9.00,yes
2026-09-29T03:01:18.458704Z,0.0200,500.00,yes
2026-09-29T03:01:18.458704Z,0.0200,2151.00,yes
2026-09-29T03:01:18.458704Z,0.0200,200.00,yes
2026-09-29T03:01:18.458704Z,0.0200,50.00,yes
2026-09-29T03:01:18.458704Z,0.0200,7194.00,yes
2026-09-29T03:01:18.458704Z,0.0200,377.00,yes
2026-09-29T03:01:18.458704Z,0.0200,1623.00,yes
2026-09-29T03:01:18.458704Z,0.0200,50.00,yes
2026-09-29T03:01:18.458704Z,0.0200,769.23,yes
2026-09-29T03:01:18.458704Z,0.0200,0.01,yes
2026-09-29T03:01:18.458704Z,0.0200,16.76,yes
2026-09-29T03:01:18.458704Z,0.0200,170.09,yes
2026-09-29T03:01:18.458704Z,0.0200,30.48,yes
2026-09-29T03:01:18.458704Z,0.0200,14.18,yes
2026-09-29T03:01:18.458704Z,0.0200,3.04,yes
2026-09-29T03:01:18.458704Z,0.0200,914.45,yes
2026-09-29T03:01:18.458704Z,0.0200,132.54,yes
2026-09-29T03:01:18.458704Z,0.0200,2.67,yes
2026-09-29T03:01:18.458704Z,0.0200,494.28,yes
2026-09-29T03:01:18.458704Z,0.0200,203.05,yes
2026-09-29T03:01:18.458704Z,0.0200,25.67,yes
2026-09-29T03:01:18.458704Z,0.0200,46.79,yes
2026-09-29T03:01:18.458704Z,0.0200,30.03,yes
2026-09-29T03:01:18.458704Z,0.0200,14.79,yes
2026-09-29T03:01:18.458704Z,0.0200,829.17,yes
2026-09-29T03:01:18.458704Z,0.0200,3537.79,yes
2026-09-29T03:01:18.458704Z,0.0200,665.00,yes
2026-09-29T03:01:18.458704Z,0.0200,568.72,yes
2026-09-29T03:01:18.458704Z,0.0200,7.39,yes
2026-09-29T03:01:18.458704Z,0.0200,243.52,yes
2026-09-29T03:01:18.458704Z,0.0200,7.39,yes
2026-09-29T03:01:18.458704Z,0.0200,6.09,yes
2026-09-29T03:01:18.458704Z,0.0200,16.43,yes
2026-09-29T03:01:18.458704Z,0.0200,38.10,yes
2026-09-29T03:01:18.458704Z,0.0200,50.50,yes
2026-09-29T03:01:18.458704Z,0.0200,5.55,yes
2026-09-29T03:01:18.458704Z,0.0200,30.48,yes
2026-09-29T03:01:18.458704Z,0.0200,4.96,yes
2026-09-29T03:01:18.458704Z,0.0200,738.65,yes
2026-09-29T03:01:18.458704Z,0.0200,41.25,yes
2026-09-29T03:01:18.458704Z,0.0200,82.39,yes
2026-09-29T03:01:18.458704Z,0.0200,6.09,yes
2026-09-29T03:01:18.458704Z,0.0200,46.35,yes
2026-09-29T03:01:18.458704Z,0.0200,6.35,yes
2026-09-29T03:01:18.458704Z,0.0200,92.11,yes
2026-09-29T03:01:18.458704Z,0.0200,23.42,yes
2026-09-29T03:01:18.458704Z,0.0200,292.61,yes
2026-09-29T03:01:18.458704Z,0.0200,38.10,yes
2026-09-29T03:01:18.458704Z,0.0200,1900.86,yes
2026-09-29T03:01:18.458704Z,0.0200,1320.14,yes
2026-09-29T03:01:18.458704Z,0.0200,504.42,yes
2026-09-29T03:01:18.458704Z,0.0200,400.05,yes
2026-09-29T03:01:18.458704Z,0.0200,23.99,yes
2026-09-29T03:01:18.458704Z,0.0200,49.76,yes
2026-09-29T03:01:18.458704Z,0.0200,0.65,yes
2026-09-29T03:01:18.458704Z,0.0200,41.25,yes
2026-09-29T03:01:18.458704Z,0.0200,28.94,yes
2026-09-29T03:01:18.458704Z,0.0200,847.15,yes
2026-09-29T03:01:18.458704Z,0.0200,30.92,yes
2026-09-29T03:01:18.458704Z,0.0200,51.77,yes
2026-09-29T03:01:18.458704Z,0.0200,669.89,yes
2026-09-29T03:01:18.458704Z,0.0200,1317.89,yes
2026-09-29T03:01:18.458704Z,0.0200,152.40,yes
2026-09-29T03:01:18.458704Z,0.0200,60.30,yes
2026-09-29T03:01:18.458704Z,0.0200,37.54,yes
2026-09-29T03:01:18.458704Z,0.0200,12.00,yes
2026-09-29T03:01:18.458704Z,0.0200,4000.00,yes
2026-09-29T03:01:18.740339Z,0.0100,1294.66,no
2026-09-29T03:01:18.921975Z,0.0100,44.19,no
2026-09-29T03:01:18.955535Z,0.0200,935.80,yes
2026-09-29T03:01:19.195834Z,0.0100,825.91,no
2026-09-29T03:01:19.284834Z,0.0200,105.60,yes
2026-09-29T03:01:19.284834Z,0.0200,128.35,yes
2026-09-29T03:01:19.403078Z,0.0200,46.79,yes
2026-09-29T03:01:19.411023Z,0.0200,97.61,yes
2026-09-29T03:01:19.411023Z,0.0200,2.39,yes
2026-09-29T03:01:19.507669Z,0.0200,49.75,yes
2026-09-29T03:01:19.643708Z,0.0100,1598.19,no
2026-09-29T03:01:19.97958Z,0.0200,36.09,yes
2026-09-29T03:01:19.97958Z,0.0200,197.86,yes
2026-09-29T03:01:20.1501Z,0.0100,7.62,no
2026-09-29T03:01:20.171153Z,0.0100,132.54,no
2026-09-29T03:01:20.326361Z,0.0200,12.46,yes
2026-09-29T03:01:20.326361Z,0.0200,3.91,yes
2026-09-29T03:01:20.398767Z,0.0100,4.43,no
2026-09-29T03:01:20.416883Z,0.0200,233.95,yes
2026-09-29T03:01:20.439415Z,0.0200,3.59,yes
2026-09-29T03:01:20.439415Z,0.0200,230.36,yes
2026-09-29T03:01:20.763999Z,0.0100,149.37,no
2026-09-29T03:01:20.767638Z,0.0100,158.35,no
2026-09-29T03:01:20.992868Z,0.0100,1.67,no
2026-09-29T03:01:21.00051Z,0.0100,79.58,no
2026-09-29T03:01:21.495811Z,0.0100,70.51,no
2026-09-29T03:01:21.515457Z,0.0100,548.70,no
2026-09-29T03:01:21.522857Z,0.0200,935.80,yes
2026-09-29T03:01:21.570357Z,0.0100,175.18,no
2026-09-29T03:01:21.636597Z,0.0200,140.37,yes
2026-09-29T03:01:21.735573Z,0.0200,23.39,yes
2026-09-29T03:01:21.873982Z,0.0100,12.29,no
2026-09-29T03:01:22.381917Z,0.0100,155.58,no
2026-09-29T03:01:22.510866Z,0.0100,4974.89,no
2026-09-29T03:01:22.594086Z,0.0100,7.62,no
2026-09-29T03:01:22.975223Z,0.0100,1069.91,no
2026-09-29T03:01:23.263837Z,0.0200,467.90,yes
2026-09-29T03:01:23.309784Z,0.0200,187.16,yes
2026-09-29T03:01:23.412625Z,0.0100,1.64,no
2026-09-29T03:01:23.566516Z,0.0200,229.57,yes
2026-09-29T03:01:23.566516Z,0.0200,1.31,yes
2026-09-29T03:01:23.566516Z,0.0200,237.02,yes
2026-09-29T03:01:24.036213Z,0.0100,121.54,no
2026-09-29T03:01:24.238349Z,0.0100,209.47,no
2026-09-29T03:01:24.301921Z,0.0200,46.79,yes
2026-09-29T03:01:24.364297Z,0.0100,29.59,no
2026-09-29T03:01:24.651103Z,0.0100,232.72,no
2026-09-29T03:01:24.740204Z,0.0100,295.57,no
2026-09-29T03:01:24.955484Z,0.0100,78.72,no
2026-09-29T03:01:25.131062Z,0.0100,15.24,no
2026-09-29T03:01:25.259065Z,0.0100,33.33,no
2026-09-29T03:01:25.480018Z,0.0100,102.57,no
2026-09-29T03:01:25.559811Z,0.0100,16.67,no
2026-09-29T03:01:25.649174Z,0.0100,90.24,no
2026-09-29T03:01:25.651712Z,0.0100,61.88,no
2026-09-29T03:01:25.832318Z,0.0100,107.85,no
2026-09-29T03:01:26.265307Z,0.0100,152.40,no
2026-09-29T03:01:26.303557Z,0.0100,76.58,no
2026-09-29T03:01:26.480395Z,0.0100,101.70,no
2026-09-29T03:01:26.790389Z,0.0100,5.79,no
2026-09-29T03:01:26.956663Z,0.0200,93.58,yes
2026-09-29T03:01:27.318103Z,0.0100,377.00,no
2026-09-29T03:01:27.318103Z,0.0100,1623.00,no
2026-09-29T03:01:27.318103Z,0.0100,570.00,no
2026-09-29T03:01:27.318103Z,0.0100,400.00,no
2026-09-29T03:01:27.318103Z,0.0100,100.00,no
2026-09-29T03:01:27.318103Z,0.0100,1000.00,no
2026-09-29T03:01:27.318103Z,0.0100,500.00,no
2026-09-29T03:01:27.318103Z,0.0100,300.00,no
2026-09-29T03:01:27.318103Z,0.0100,200.00,no
2026-09-29T03:01:27.318103Z,0.0100,115.00,no
2026-09-29T03:01:27.318103Z,0.0100,89.00,no
2026-09-29T03:01:27.318103Z,0.0100,5000.00,no
2026-09-29T03:01:27.318103Z,0.0100,100.00,no
2026-09-29T03:01:27.318103Z,0.0100,200.00,no
2026-09-29T03:01:27.318103Z,0.0100,150.00,no
2026-09-29T03:01:27.318103Z,0.0100,24.00,no
2026-09-29T03:01:27.318103Z,0.0100,4100.00,no
2026-09-29T03:01:27.318103Z,0.0100,2222.00,no
2026-09-29T03:01:27.318103Z,0.0100,1000.00,no
2026-09-29T03:01:27.318103Z,0.0100,9313.19,no
2026-09-29T03:01:27.318103Z,0.0100,10.00,no
2026-09-29T03:01:27.318103Z,0.0100,100.00,no
2026-09-29T03:01:27.318103Z,0.0100,177.00,no
2026-09-29T03:01:27.318103Z,0.0100,5.00,no
2026-09-29T03:01:27.318103Z,0.0100,200.00,no
2026-09-29T03:01:27.4027Z,0.0100,600.00,yes
2026-09-29T03:01:27.491857Z,0.0100,600.00,yes
2026-09-29T03:01:27.572456Z,0.0100,600.00,yes
2026-09-29T03:01:27.665443Z,0.0100,600.00,yes
2026-09-29T03:01:27.696782Z,0.0100,467.90,yes
2026-09-29T03:01:27.74098Z,0.0100,600.00,yes
2026-09-29T03:01:27.809895Z,0.0100,600.00,yes
2026-09-29T03:01:27.893066Z,0.0100,600.00,yes
2026-09-29T03:01:28.034837Z,0.0100,600.00,yes
2026-09-29T03:01:28.105716Z,0.0100,600.00,yes
2026-09-29T03:01:28.149998Z,0.0100,500.00,yes
2026-09-29T03:01:28.168098Z,0.0100,600.00,yes
2026-09-29T03:01:28.278891Z,0.0100,600.00,yes
2026-09-29T03:01:28.351613Z,0.0100,600.00,yes
2026-09-29T03:01:28.380083Z,0.0100,701.85,yes
2026-09-29T03:01:28.451067Z,0.0100,600.00,yes
2026-09-29T03:01:28.487298Z,0.0100,500.00,yes
2026-09-29T03:01:28.528438Z,0.0100,600.00,yes
2026-09-29T03:01:28.555365Z,0.0100,467.59,yes
2026-09-29T03:01:28.593366Z,0.0100,600.00,yes
2026-09-29T03:01:28.66998Z,0.0100,600.00,yes
2026-09-29T03:01:28.732802Z,0.0100,600.00,yes
2026-09-29T03:01:28.883355Z,0.0100,600.00,yes
2026-09-29T03:01:28.886724Z,0.0100,93.51,yes
2026-09-29T03:01:28.90144Z,0.0100,22.00,yes
2026-09-29T03:01:28.95621Z,0.0100,600.00,yes
2026-09-29T03:01:28.970383Z,0.0100,500.00,yes
2026-09-29T03:01:29.025488Z,0.0100,600.00,yes
2026-09-29T03:01:29.095579Z,0.0100,600.00,yes
2026-09-29T03:01:29.128844Z,0.0100,233.95,yes
2026-09-29T03:01:29.20813Z,0.0100,600.00,yes
2026-09-29T03:01:29.293649Z,0.0100,600.00,yes
2026-09-29T03:01:29.320693Z,0.0100,189.05,yes
2026-09-29T03:01:29.320693Z,0.0100,44.74,yes
2026-09-29T03:01:29.361166Z,0.0100,267.74,yes
2026-09-29T03:01:29.361166Z,0.0100,332.26,yes
2026-09-29T03:01:29.973883Z,0.0100,187.03,yes
2026-09-29T03:01:30.994937Z,0.0100,93.51,yes
2026-09-29T03:01:31.678453Z,0.0100,935.19,yes
2026-09-29T03:01:31.781768Z,0.0100,93.51,yes
2026-09-29T03:01:32.00649Z,0.0100,187.03,yes
2026-09-29T03:01:32.69622Z,0.0100,1.87,yes
2026-09-29T03:01:33.102567Z,0.0100,2500.00,yes
2026-09-29T03:01:33.756457Z,0.0100,1169.75,yes
2026-09-29T03:01:34.221321Z,0.0100,46.75,yes
2026-09-29T03:01:34.599318Z,0.0100,350.00,yes
2026-09-29T03:01:37.326451Z,0.0100,935.19,yes
2026-09-29T03:01:37.588012Z,0.0100,467.59,yes
2026-09-29T03:01:37.598052Z,0.0100,205.74,yes
2026-09-29T03:01:37.902233Z,0.0100,93.51,yes
2026-09-29T03:01:38.176143Z,0.0100,166.00,yes
2026-09-29T03:01:38.33419Z,0.0100,801.45,yes
2026-09-29T03:01:39.098521Z,0.0100,935.19,yes
2026-09-29T03:01:39.205349Z,0.0100,28.05,yes
2026-09-29T03:01:40.009714Z,0.0100,187.03,yes
2026-09-29T03:01:40.30211Z,0.0100,187.03,yes
2026-09-29T03:01:40.634668Z,0.0100,2270.65,yes
2026-09-29T03:01:40.634668Z,0.0100,160.84,yes
2026-09-29T03:01:41.304678Z,0.0100,93.51,yes
2026-09-29T03:01:42.006331Z,0.0100,111.28,yes
2026-09-29T03:01:42.508316Z,0.0100,241.27,yes
2026-09-29T03:01:42.574213Z,0.0100,467.59,yes
2026-09-29T03:01:42.683Z,0.0100,11527.23,yes
2026-09-29T03:01:42.683Z,0.0100,16944.25,yes
2026-09-29T03:01:42.683Z,0.0100,800.00,yes
2026-09-29T03:01:42.754068Z,0.0100,2057.42,yes
2026-09-29T03:01:42.827267Z,0.0100,93.51,yes
2026-09-29T03:01:42.949643Z,0.0100,46.75,yes
2026-09-29T03:01:43.631159Z,0.0100,0.93,yes
2026-09-29T03:01:43.898376Z,0.0100,93.51,yes
2026-09-29T03:01:44.024647Z,0.0100,9.35,yes
2026-09-29T03:01:44.239979Z,0.0100,1870.38,yes
2026-09-29T03:01:44.389779Z,0.0100,333.00,yes
2026-09-29T03:01:44.857734Z,0.0100,935.19,yes
2026-09-29T03:01:45.050894Z,0.0100,9.35,yes
2026-09-29T03:01:45.509415Z,0.0100,467.59,yes
2026-09-29T03:01:45.921537Z,0.0100,467.59,yes
2026-09-29T03:01:46.045531Z,0.0100,467.59,yes
2026-09-29T03:01:46.323136Z,0.0100,467.59,yes
2026-09-29T03:01:46.645783Z,0.0100,46.75,yes
2026-09-29T03:01:46.705777Z,0.0100,93.51,yes
2026-09-29T03:01:48.879276Z,0.0100,1870.38,yes
2026-09-29T03:01:48.957539Z,0.0100,374.07,yes
2026-09-29T03:01:51.141886Z,0.0100,351.29,yes
2026-09-29T03:01:51.141886Z,0.0100,1519.09,yes
2026-09-29T03:01:51.37079Z,0.0100,28.05,yes
2026-09-29T03:01:51.475996Z,0.0100,9351.91,yes
2026-09-29T03:01:51.660591Z,0.0100,93.51,yes
2026-09-29T03:01:51.843068Z,0.0100,187.03,yes
2026-09-29T03:01:53.111254Z,0.0100,935.19,yes
2026-09-29T03:01:54.353014Z,0.0100,93.51,yes
2026-09-29T03:01:55.149485Z,0.0100,33.00,yes
2026-09-29T03:01:55.579319Z,0.0100,93.51,yes
2026-09-29T03:01:56.186878Z,0.0100,93.51,yes
2026-09-29T03:01:56.916246Z,0.0100,467.59,yes
2026-09-29T03:01:57.239498Z,0.0100,93.51,yes
2026-09-29T03:01:57.370889Z,0.0100,467.59,yes
2026-09-29T03:01:57.829501Z,0.0100,93.51,yes
2026-09-29T03:01:58.004964Z,0.0100,900.00,yes
2026-09-29T03:01:58.651642Z,0.0100,93.51,yes
2026-09-29T03:01:59.022545Z,0.0100,280.55,yes
2026-09-29T03:01:59.878428Z,0.0100,187.03,yes
2026-09-29T03:02:00.575764Z,0.0100,93.51,yes
2026-09-29T03:02:01.169154Z,0.0100,93.51,yes
2026-09-29T03:02:01.43531Z,0.0100,93.51,yes
2026-09-29T03:02:01.728877Z,0.0100,187.03,yes
2026-09-29T03:02:01.896874Z,0.0100,935.19,yes
2026-09-29T03:02:03.076064Z,0.0100,113.15,yes
2026-09-29T03:02:03.076567Z,0.0100,115.02,yes
2026-09-29T03:02:04.37921Z,0.0100,333.00,yes
2026-09-29T03:02:05.930916Z,0.0100,467.59,yes
2026-09-29T03:02:06.907631Z,0.0100,49.56,yes
2026-09-29T03:02:07.144674Z,0.0100,280.55,yes
2026-09-29T03:02:07.335405Z,0.0100,467.59,yes
2026-09-29T03:02:07.852557Z,0.0100,93.51,yes
2026-09-29T03:02:08.982327Z,0.0100,467.59,yes
2026-09-29T03:02:09.45097Z,0.0100,93.51,yes
2026-09-29T03:02:10.372419Z,0.0100,73.88,yes
2026-09-29T03:02:10.521269Z,0.0100,0.93,yes
2026-09-29T03:02:10.84134Z,0.0100,93.51,yes
2026-09-29T03:02:11.239892Z,0.0100,93.51,yes
2026-09-29T03:02:12.059179Z,0.0100,116.00,yes
2026-09-29T03:02:12.088432Z,0.0100,46.75,yes
2026-09-29T03:02:13.373403Z,0.0100,134.75,yes
2026-09-29T03:02:13.857802Z,0.0100,187.03,yes
2026-09-29T03:02:14.425187Z,0.0100,467.59,yes
2026-09-29T03:02:14.425689Z,0.0100,374.07,yes
2026-09-29T03:02:14.510665Z,0.0100,935.19,yes
2026-09-29T03:02:14.778611Z,0.0100,187.03,yes
2026-09-29T03:02:14.890324Z,0.0100,187.03,yes
2026-09-29T03:02:15.495327Z,0.0100,93.51,yes
2026-09-29T03:02:15.777024Z,0.0100,93.51,yes
2026-09-29T03:02:17.079016Z,0.0100,4675.95,yes
2026-09-29T03:02:17.423545Z,0.0100,187.03,yes
2026-09-29T03:02:18.365001Z,0.0100,0.93,yes
2026-09-29T03:02:19.266866Z,0.0100,93.51,yes
2026-09-29T03:02:19.270675Z,0.0100,93.51,yes
2026-09-29T03:02:21.08992Z,0.0100,935.19,yes
2026-09-29T03:02:21.183782Z,0.0100,93.51,yes
2026-09-29T03:02:21.71582Z,0.0100,467.59,yes
2026-09-29T03:02:21.837607Z,0.0100,46.75,yes
2026-09-29T03:02:21.926988Z,0.0100,16.83,yes
2026-09-29T03:02:22.179957Z,0.0100,9.35,yes
2026-09-29T03:02:23.233119Z,0.0100,71.07,yes
2026-09-29T03:02:23.978861Z,0.0100,935.19,yes
2026-09-29T03:02:28.877094Z,0.0100,935.19,yes
2026-09-29T03:02:29.613926Z,0.0100,1.87,yes
2026-09-29T03:02:30.029332Z,0.0100,467.59,yes
2026-09-29T03:02:31.06937Z,0.0100,93.51,yes
2026-09-29T03:02:32.751808Z,0.0100,187.03,yes
2026-09-29T03:02:34.291435Z,0.0100,93.51,yes
2026-09-29T03:02:34.688135Z,0.0100,93.51,yes
2026-09-29T03:02:35.198151Z,0.0100,935.19,yes
2026-09-29T03:02:35.318518Z,0.0100,93.51,yes
2026-09-29T03:02:37.699427Z,0.0100,74.81,yes
2026-09-29T03:02:40.851949Z,0.0100,935.19,yes
2026-09-29T03:02:41.001923Z,0.0100,46.75,yes
2026-09-29T03:02:44.342171Z,0.0100,138.40,yes
2026-09-29T03:02:47.625788Z,0.0100,93.51,yes
2026-09-29T03:02:50.098747Z,0.0100,467.59,yes
2026-09-29T03:02:56.283299Z,0.0100,93.51,yes
2026-09-29T03:02:56.629787Z,0.0100,46.75,yes
2026-09-29T03:02:59.865551Z,0.0100,93.51,yes
2026-09-29T03:03:01.308824Z,0.0100,265.86,yes
2026-09-29T03:03:03.673283Z,0.0100,9351.91,yes
2026-09-29T03:03:04.084091Z,0.0100,108.48,yes
2026-09-29T03:03:04.211856Z,0.0100,18.70,yes
2026-09-29T03:03:04.768101Z,0.0100,1028.71,yes
2026-09-29T03:03:05.672946Z,0.0100,93.51,yes
2026-09-29T03:03:06.540354Z,0.0100,333.00,yes
2026-09-29T03:03:07.368678Z,0.0100,93.51,yes
2026-09-29T03:03:08.344673Z,0.0100,89.77,yes
2026-09-29T03:03:14.576524Z,0.0100,93.51,yes
2026-09-29T03:03:17.837999Z,0.0100,93.51,yes
2026-09-29T03:03:20.574282Z,0.0100,467.59,yes
2026-09-29T03:03:25.167507Z,0.0100,187.03,yes
2026-09-29T03:03:26.296277Z,0.0100,93.51,yes
2026-09-29T03:03:29.623269Z,0.0100,187.03,yes
2026-09-29T03:03:30.3091Z,0.0100,93.51,yes
2026-09-29T03:03:31.925236Z,0.0100,654.63,yes
2026-09-29T03:03:32.313117Z,0.0100,1.87,yes
2026-09-29T03:03:32.912006Z,0.0100,93.51,yes
2026-09-29T03:03:34.259747Z,0.0100,93.51,yes
2026-09-29T03:03:35.077238Z,0.0100,117.83,yes
2026-09-29T03:03:35.151142Z,0.0100,46.75,yes
2026-09-29T03:03:35.835877Z,0.0100,93.51,yes
2026-09-29T03:03:36.199384Z,0.0100,93.51,yes
2026-09-29T03:03:36.410944Z,0.0100,280.55,yes
2026-09-29T03:03:37.331662Z,0.0100,187.03,yes
2026-09-29T03:03:38.152986Z,0.0100,8.41,yes
2026-09-29T03:03:39.864268Z,0.0100,187.03,yes
2026-09-29T03:03:40.29343Z,0.0100,93.51,yes
2026-09-29T03:03:42.791388Z,0.0100,23.37,yes
2026-09-29T03:03:45.391398Z,0.0100,85.10,yes
2026-09-29T03:03:45.981044Z,0.0100,24.31,yes
2026-09-29T03:03:49.292492Z,0.0100,0.93,yes
2026-09-29T03:03:49.854567Z,0.0100,93.51,yes
2026-09-29T03:03:50.063098Z,0.0100,187.03,yes
2026-09-29T03:03:53.592573Z,0.0100,93.51,yes
2026-09-29T03:03:55.619143Z,0.0100,1870.38,yes
2026-09-29T03:03:56.348258Z,0.0100,100.00,yes
2026-09-29T03:03:56.788961Z,0.0100,93.51,yes
2026-09-29T03:03:57.028307Z,0.0100,27.12,yes
2026-09-29T03:03:57.471894Z,0.0100,935.19,yes
2026-09-29T03:03:57.784144Z,0.0100,935.19,yes
2026-09-29T03:03:58.569062Z,0.0100,1.87,yes
2026-09-29T03:04:00.127425Z,0.0100,467.59,yes
2026-09-29T03:04:01.098961Z,0.0100,1666.33,yes
2026-09-29T03:04:02.043048Z,0.0100,1870.38,yes
2026-09-29T03:04:05.803498Z,0.0100,2337.97,yes
2026-09-29T03:04:06.810858Z,0.0100,187.03,yes
2026-09-29T03:04:09.087134Z,0.0100,93.51,yes
2026-09-29T03:04:13.487829Z,0.0100,93.51,yes
2026-09-29T03:04:14.390624Z,0.0100,935.19,yes
2026-09-29T03:04:14.48672Z,0.0100,10.00,yes
2026-09-29T03:04:15.741744Z,0.0100,3086.13,yes
2026-09-29T03:04:17.41249Z,0.0100,935.19,yes
2026-09-29T03:04:27.137494Z,0.0100,93.51,yes
2026-09-29T03:04:30.53808Z,0.0100,93.51,yes
2026-09-29T03:04:34.240587Z,0.0100,93.51,yes
2026-09-29T03:04:40.310613Z,0.0100,100.00,yes
2026-09-29T03:04:44.750345Z,0.0100,467.59,yes
2026-09-29T03:04:50.321111Z,0.0100,7.48,yes
2026-09-29T03:04:50.945984Z,0.0100,200.00,yes
2026-09-29T03:04:55.410445Z,0.0100,51.43,yes
2026-09-29T03:04:55.639558Z,0.0100,93.51,yes
2026-09-29T03:04:59.387105Z,0.0100,1.00,yes
2026-09-29T03:04:59.533774Z,0.0100,1.00,yes
2026-09-29T03:04:59.724598Z,0.0100,374.07,yes
2026-09-29T03:04:59.753888Z,0.0100,187.03,yes
2026-09-29T03:05:03.278979Z,0.0100,1402.78,yes
2026-09-29T03:05:03.537517Z,0.0100,10.00,yes
2026-09-29T03:05:08.162911Z,0.0100,467.59,yes
2026-09-29T03:05:08.909795Z,0.0100,0.93,yes
2026-09-29T03:05:11.402984Z,0.0100,4675.95,yes
2026-09-29T03:05:14.690838Z,0.0100,276.81,yes
2026-09-29T03:05:18.55526Z,0.0100,166.00,yes
2026-09-29T03:05:19.34443Z,0.0100,467.59,yes
2026-09-29T03:05:23.825816Z,0.0100,1870.38,yes
2026-09-29T03:05:24.972833Z,0.0100,93.51,yes
2026-09-29T03:05:27.583429Z,0.0100,467.59,yes
2026-09-29T03:05:31.68695Z,0.0100,93.51,yes
2026-09-29T03:05:33.511477Z,0.0100,467.59,yes
2026-09-29T03:05:38.297656Z,0.0100,4675.95,yes
2026-09-29T03:05:53.309495Z,0.0100,187.03,yes
2026-09-29T03:05:57.59234Z,0.0100,467.59,yes
2026-09-29T03:06:04.724655Z,0.0100,467.59,yes
2026-09-29T03:06:05.24937Z,0.0100,93.51,yes
2026-09-29T03:06:05.683573Z,0.0100,467.59,yes
2026-09-29T03:06:06.300441Z,0.0100,14.96,yes
2026-09-29T03:06:08.816511Z,0.0100,9.35,yes
2026-09-29T03:06:08.860231Z,0.0100,100.00,yes
2026-09-29T03:06:23.045888Z,0.0100,1870.38,yes
2026-09-29T03:06:24.134456Z,0.0100,93.51,yes
2026-09-29T03:06:26.463618Z,0.0100,187.03,yes
2026-09-29T03:06:38.259386Z,0.0100,2337.97,yes
2026-09-29T03:06:44.0907Z,0.0100,748.15,yes
2026-09-29T03:06:46.167856Z,0.0100,93.51,yes
2026-09-29T03:06:46.897417Z,0.0100,187.03,yes
2026-09-29T03:06:48.929207Z,0.0100,93.51,yes
2026-09-29T03:06:55.986668Z,0.0100,93.51,yes
2026-09-29T03:07:04.635632Z,0.0100,935.19,yes
2026-09-29T03:07:05.773704Z,0.0100,0.93,yes
2026-09-29T03:07:07.6719Z,0.0100,187.03,yes
2026-09-29T03:07:09.971448Z,0.0100,467.59,yes
2026-09-29T03:07:10.529903Z,0.0100,467.59,yes
2026-09-29T03:07:12.605868Z,0.0100,93.51,yes
2026-09-29T03:07:19.25839Z,0.0100,18.70,yes
2026-09-29T03:07:19.801037Z,0.0100,93.51,yes
2026-09-29T03:07:19.83094Z,0.0100,935.19,yes
2026-09-29T03:07:29.534197Z,0.0100,6.01,yes
2026-09-29T03:07:31.186162Z,0.0100,22.44,yes
2026-09-29T03:07:33.216363Z,0.0100,8.41,yes
2026-09-29T03:07:33.351494Z,0.0100,93.51,yes
2026-09-29T03:07:42.933729Z,0.0100,93.51,yes
2026-09-29T03:07:47.081339Z,0.0100,187.03,yes
2026-09-29T03:07:49.527554Z,0.0100,841.67,yes
2026-09-29T03:07:53.632026Z,0.0100,4675.95,yes
2026-09-29T03:07:56.153612Z,0.0100,561.11,yes
2026-09-29T03:07:56.99511Z,0.0100,93.51,yes
2026-09-29T03:07:57.989728Z,0.0100,467.59,yes
2026-09-29T03:08:07.550146Z,0.0100,935.19,yes
2026-09-29T03:08:08.046667Z,0.0100,19.63,yes
2026-09-29T03:08:10.04401Z,0.0100,935.19,yes
2026-09-29T03:08:15.947161Z,0.0100,467.59,yes
2026-09-29T03:08:32.560936Z,0.0100,935.19,yes
2026-09-29T03:08:37.424957Z,0.0100,41.14,yes
2026-09-29T03:08:46.121999Z,0.0100,1.87,yes
2026-09-29T03:08:59.052996Z,0.0100,0.93,yes
2026-09-29T03:09:00.825705Z,0.0100,93.51,yes
2026-09-29T03:09:03.208124Z,0.0100,9.35,yes
2026-09-29T03:09:12.330843Z,0.0100,74.81,yes
2026-09-29T03:09:17.736874Z,0.0100,187.03,yes
2026-09-29T03:09:21.756773Z,0.0100,93.51,yes
2026-09-29T03:09:24.755445Z,0.0100,467.59,yes
2026-09-29T03:09:25.542286Z,0.0100,3740.76,yes
2026-09-29T03:09:37.909648Z,0.0100,93.51,yes
2026-09-29T03:09:39.494871Z,0.0100,1870.38,yes
2026-09-29T03:09:39.588106Z,0.0100,93.51,yes
2026-09-29T03:09:41.101943Z,0.0100,187.03,yes
2026-09-29T03:09:41.88495Z,0.0100,93.51,yes
2026-09-29T03:10:00.738864Z,0.0100,64.52,yes
2026-09-29T03:10:22.349237Z,0.0100,93.51,yes
2026-09-29T03:10:29.880351Z,0.0100,467.59,yes
2026-09-29T03:10:37.587444Z,0.0100,935.19,yes
2026-09-29T03:10:37.827488Z,0.0100,1870.38,yes
2026-09-29T03:10:41.863593Z,0.0100,9.35,yes
2026-09-29T03:10:42.28384Z,0.0100,93.51,yes
2026-09-29T03:10:49.45599Z,0.0100,93.51,yes
2026-09-29T03:11:00.49964Z,0.0100,280.55,yes
2026-09-29T03:11:00.532428Z,0.0100,187.03,yes
2026-09-29T03:11:02.499069Z,0.0100,166.33,yes
2026-09-29T03:11:10.893755Z,0.0100,19.12,yes
2026-09-29T03:11:11.45779Z,0.0100,77.62,yes
2026-09-29T03:11:21.4758Z,0.0100,0.93,yes
2026-09-29T03:11:27.737937Z,0.0100,199.00,yes
2026-09-29T03:11:28.20162Z,0.0100,5.46,yes
2026-09-29T03:11:28.230556Z,0.0100,36.47,yes
2026-09-29T03:11:31.882301Z,0.0100,3600.00,yes
2026-09-29T03:11:34.205335Z,0.0100,10.00,yes
2026-09-29T03:11:44.503847Z,0.0100,467.59,yes
2026-09-29T03:11:44.666018Z,0.0100,187.00,yes
2026-09-29T03:11:44.701365Z,0.0100,33.00,yes
2026-09-29T03:11:51.37218Z,0.0100,93.51,yes
2026-09-29T03:11:52.247311Z,0.0100,29.83,yes
2026-09-29T03:11:59.997312Z,0.0100,3.74,yes
2026-09-29T03:12:04.541209Z,0.0100,36.24,yes
2026-09-29T03:12:22.024085Z,0.0100,935.19,yes
