time,yes_price,contracts,taker
2026-09-28T03:54:23.159912Z,0.0200,139.31,no
2026-09-28T03:54:23.159912Z,0.0100,107.06,no
2026-09-28T03:54:23.166648Z,0.0300,158.00,yes
2026-09-28T03:54:23.186571Z,0.0200,2.15,no
2026-09-28T03:54:23.186728Z,0.0300,117.43,yes
2026-09-28T03:54:23.206045Z,0.0200,147.85,no
2026-09-28T03:54:23.206045Z,0.0100,1777.15,no
2026-09-28T03:54:23.222422Z,0.0300,20.45,yes
2026-09-28T03:54:23.22903Z,0.0300,2133.05,yes
2026-09-28T03:54:23.243071Z,0.0200,41.25,no
2026-09-28T03:54:23.245869Z,0.0200,2.50,no
2026-09-28T03:54:23.25945Z,0.0200,106.25,no
2026-09-28T03:54:23.25945Z,0.0100,1601.94,no
2026-09-28T03:54:23.27657Z,0.0300,1005.00,yes
2026-09-28T03:54:23.313748Z,0.0300,5.98,yes
2026-09-28T03:54:23.316383Z,0.0200,150.00,no
2026-09-28T03:54:23.316383Z,0.0200,125.00,no
2026-09-28T03:54:23.326363Z,0.0200,86.00,yes
2026-09-28T03:54:23.326637Z,0.0100,23.22,no
2026-09-28T03:54:23.395752Z,0.0200,153.49,yes
2026-09-28T03:54:23.399553Z,0.0100,52.76,no
2026-09-28T03:54:23.404118Z,0.0100,80.34,no
2026-09-28T03:54:23.414494Z,0.0100,224.49,no
2026-09-28T03:54:23.414911Z,0.0100,23.67,no
2026-09-28T03:54:23.417995Z,0.0200,62.42,yes
2026-09-28T03:54:23.430487Z,0.0100,355.01,no
2026-09-28T03:54:23.435923Z,0.0100,20.62,no
2026-09-28T03:54:23.444567Z,0.0100,59.52,no
2026-09-28T03:54:23.455674Z,0.0200,156.06,yes
2026-09-28T03:54:23.461436Z,0.0100,118.37,no
2026-09-28T03:54:23.481219Z,0.0100,134.35,no
2026-09-28T03:54:23.487969Z,0.0100,28.74,no
2026-09-28T03:54:23.506364Z,0.0100,4.73,no
2026-09-28T03:54:23.509642Z,0.0100,191.31,no
2026-09-28T03:54:23.509762Z,0.0200,7.25,yes
2026-09-28T03:54:23.526924Z,0.0200,26.82,yes
2026-09-28T03:54:23.531184Z,0.0100,142.04,no
2026-09-28T03:54:23.537159Z,0.0100,54.68,no
2026-09-28T03:54:23.537159Z,0.0100,40.33,no
2026-09-28T03:54:23.550152Z,0.0200,87.00,yes
2026-09-28T03:54:23.561537Z,0.0200,124.85,yes
2026-09-28T03:54:23.585611Z,0.0100,1.08,no
2026-09-28T03:54:23.590682Z,0.0200,126.10,yes
2026-09-28T03:54:23.606981Z,0.0100,21.18,no
2026-09-28T03:54:23.610251Z,0.0200,24.90,yes
2026-09-28T03:54:23.6267Z,0.0100,3062.59,no
2026-09-28T03:54:23.6267Z,0.0100,1937.41,no
2026-09-28T03:54:23.641175Z,0.0100,73.62,no
2026-09-28T03:54:23.720229Z,0.0100,49.80,no
2026-09-28T03:54:23.731687Z,0.0100,29.00,no
2026-09-28T03:54:23.731687Z,0.0100,273.00,no
2026-09-28T03:54:23.731687Z,0.0100,150.00,no
2026-09-28T03:54:23.731687Z,0.0100,146.00,no
2026-09-28T03:54:23.731687Z,0.0100,300.00,no
2026-09-28T03:54:23.731687Z,0.0100,300.00,no
2026-09-28T03:54:23.731687Z,0.0100,98.61,no
2026-09-28T03:54:23.731687Z,0.0100,20.00,no
2026-09-28T03:54:23.731687Z,0.0100,0.01,no
2026-09-28T03:54:23.731687Z,0.0100,10000.00,no
2026-09-28T03:54:23.731687Z,0.0100,3.28,no
2026-09-28T03:54:23.731687Z,0.0100,6.47,no
2026-09-28T03:54:23.731687Z,0.0100,145.77,no
2026-09-28T03:54:23.731687Z,0.0100,1.45,no
2026-09-28T03:54:23.731687Z,0.0100,3000.00,no
2026-09-28T03:54:23.731687Z,0.0100,4.25,no
2026-09-28T03:54:23.731687Z,0.0100,328.50,no
2026-09-28T03:54:23.731687Z,0.0100,0.24,no
2026-09-28T03:54:23.731687Z,0.0100,51.77,no
2026-09-28T03:54:23.731687Z,0.0100,0.05,no
2026-09-28T03:54:23.731687Z,0.0100,2.61,no
2026-09-28T03:54:23.731687Z,0.0100,6.57,no
2026-09-28T03:54:23.731687Z,0.0100,7.65,no
2026-09-28T03:54:23.731687Z,0.0100,0.04,no
2026-09-28T03:54:23.731687Z,0.0100,40.00,no
2026-09-28T03:54:23.731687Z,0.0100,4.12,no
2026-09-28T03:54:23.731687Z,0.0100,582.12,no
2026-09-28T03:54:23.731687Z,0.0100,9.30,no
2026-09-28T03:54:23.731687Z,0.0100,13.66,no
2026-09-28T03:54:23.731687Z,0.0100,0.48,no
2026-09-28T03:54:23.731687Z,0.0100,9.66,no
2026-09-28T03:54:23.731687Z,0.0100,28.98,no
2026-09-28T03:54:23.731687Z,0.0100,19.32,no
2026-09-28T03:54:23.731687Z,0.0100,9.66,no
2026-09-28T03:54:23.731687Z,0.0100,29.66,no
2026-09-28T03:54:23.731687Z,0.0100,9.66,no
2026-09-28T03:54:23.731687Z,0.0100,12.25,no
2026-09-28T03:54:23.731687Z,0.0100,5.00,no
2026-09-28T03:54:23.731687Z,0.0100,16.53,no
2026-09-28T03:54:23.731687Z,0.0100,46.82,no
2026-09-28T03:54:23.731687Z,0.0100,36.09,no
2026-09-28T03:54:23.731687Z,0.0100,16.53,no
2026-09-28T03:54:23.731687Z,0.0100,85.78,no
2026-09-28T03:54:23.731687Z,0.0100,12.58,no
2026-09-28T03:54:23.731687Z,0.0100,85.57,no
2026-09-28T03:54:23.731687Z,0.0100,93.69,no
2026-09-28T03:54:23.731687Z,0.0100,21.00,no
2026-09-28T03:54:23.731687Z,0.0100,109.22,no
2026-09-28T03:54:23.731687Z,0.0100,39.64,no
2026-09-28T03:54:23.731687Z,0.0100,1.00,no
2026-09-28T03:54:23.731687Z,0.0100,50.00,no
2026-09-28T03:54:23.731687Z,0.0100,3.00,no
2026-09-28T03:54:23.731687Z,0.0100,15913.99,no
2026-09-28T03:54:23.742749Z,0.0100,162.00,yes
2026-09-28T03:54:23.745936Z,0.0100,7.00,yes
2026-09-28T03:54:23.757763Z,0.0100,259.00,yes
2026-09-28T03:54:23.765028Z,0.0100,15.00,yes
2026-09-28T03:54:23.772675Z,0.0100,239.00,yes
2026-09-28T03:54:23.776784Z,0.0100,59.00,yes
2026-09-28T03:54:23.784735Z,0.0100,0.46,yes
2026-09-28T03:54:23.788001Z,0.0100,467.90,yes
2026-09-28T03:54:23.805033Z,0.0100,559.00,yes
2026-09-28T03:54:23.814769Z,0.0100,10.00,yes
2026-09-28T03:54:23.827132Z,0.0100,187.28,yes
2026-09-28T03:54:23.827843Z,0.0100,59.00,yes
2026-09-28T03:54:23.835563Z,0.0100,156.06,yes
2026-09-28T03:54:23.839756Z,0.0100,93.58,yes
2026-09-28T03:54:23.840985Z,0.0100,577.32,yes
2026-09-28T03:54:23.842498Z,0.0100,125.00,yes
2026-09-28T03:54:23.845894Z,0.0100,26.82,yes
2026-09-28T03:54:23.909111Z,0.0100,140.37,yes
2026-09-28T03:54:23.956441Z,0.0100,1872.83,yes
2026-09-28T03:54:23.971244Z,0.0100,624.27,yes
2026-09-28T03:54:24.015579Z,0.0100,2156.56,yes
2026-09-28T03:54:24.05055Z,0.0100,17.78,yes
2026-09-28T03:54:24.062239Z,0.0100,135.69,yes
2026-09-28T03:54:24.075435Z,0.0100,24.79,yes
2026-09-28T03:54:24.081538Z,0.0100,62.00,yes
2026-09-28T03:54:24.103007Z,0.0100,9.35,yes
2026-09-28T03:54:24.131917Z,0.0100,201.00,yes
2026-09-28T03:54:24.158128Z,0.0100,467.90,yes
2026-09-28T03:54:24.163411Z,0.0100,467.59,yes
2026-09-28T03:54:24.208578Z,0.0100,810.00,yes
2026-09-28T03:54:24.24421Z,0.0100,94.69,yes
2026-09-28T03:54:24.25474Z,0.0100,187.03,yes
2026-09-28T03:54:24.401674Z,0.0100,467.59,yes
2026-09-28T03:54:24.404848Z,0.0100,2.80,yes
2026-09-28T03:54:24.428126Z,0.0100,7.09,yes
2026-09-28T03:54:24.495712Z,0.0100,935.19,yes
2026-09-28T03:54:24.552252Z,0.0100,27.00,yes
2026-09-28T03:54:24.557023Z,0.0100,467.59,yes
2026-09-28T03:54:24.558801Z,0.0100,748.15,yes
2026-09-28T03:54:24.564951Z,0.0100,200.00,yes
2026-09-28T03:54:24.625892Z,0.0100,1963.90,yes
2026-09-28T03:54:24.637981Z,0.0100,93.51,yes
2026-09-28T03:54:24.648511Z,0.0100,49.80,yes
2026-09-28T03:54:24.685703Z,0.0100,935.19,yes
2026-09-28T03:54:24.688067Z,0.0100,187.03,yes
2026-09-28T03:54:24.768698Z,0.0100,290.84,yes
2026-09-28T03:54:24.769216Z,0.0100,23.67,yes
2026-09-28T03:54:24.805679Z,0.0100,57.00,yes
2026-09-28T03:54:24.821596Z,0.0100,93.51,yes
2026-09-28T03:54:24.884049Z,0.0100,1183.95,yes
2026-09-28T03:54:24.893703Z,0.0100,166.00,yes
2026-09-28T03:54:24.898828Z,0.0100,47.34,yes
2026-09-28T03:54:24.901332Z,0.0100,93.51,yes
2026-09-28T03:54:24.916736Z,0.0100,236.74,yes
2026-09-28T03:54:24.970004Z,0.0100,5.00,yes
2026-09-28T03:54:25.056562Z,0.0100,46.75,yes
2026-09-28T03:54:25.061505Z,0.0100,473.48,yes
2026-09-28T03:54:25.068333Z,0.0100,617.37,yes
2026-09-28T03:54:25.084773Z,0.0100,935.19,yes
2026-09-28T03:54:25.108855Z,0.0100,45.00,yes
2026-09-28T03:54:25.115692Z,0.0100,2712.05,yes
2026-09-28T03:54:25.12076Z,0.0100,50.00,yes
2026-09-28T03:54:25.126259Z,0.0100,200.00,yes
2026-09-28T03:54:25.150706Z,0.0100,49.80,yes
2026-09-28T03:54:25.155214Z,0.0100,187.03,yes
2026-09-28T03:54:25.173804Z,0.0100,23.37,yes
2026-09-28T03:54:25.179733Z,0.0100,467.59,yes
2026-09-28T03:54:25.182014Z,0.0100,20.57,yes
2026-09-28T03:54:25.211134Z,0.0100,467.59,yes
2026-09-28T03:54:25.22277Z,0.0100,187.03,yes
2026-09-28T03:54:25.23664Z,0.0100,200.00,yes
2026-09-28T03:54:25.268623Z,0.0100,4675.95,yes
2026-09-28T03:54:25.287593Z,0.0100,467.59,yes
2026-09-28T03:54:25.327324Z,0.0100,939.86,yes
2026-09-28T03:54:25.339625Z,0.0100,935.19,yes
2026-09-28T03:54:25.341084Z,0.0100,200.00,yes
2026-09-28T03:54:25.354919Z,0.0100,93.58,yes
2026-09-28T03:54:25.38065Z,0.0100,93.51,yes
2026-09-28T03:54:25.403063Z,0.0100,187.03,yes
2026-09-28T03:54:25.424706Z,0.0100,47.34,yes
2026-09-28T03:54:25.456081Z,0.0100,187.03,yes
2026-09-28T03:54:25.491357Z,0.0100,400.00,yes
2026-09-28T03:54:25.514334Z,0.0100,1870.38,yes
2026-09-28T03:54:25.52551Z,0.0100,23.67,yes
2026-09-28T03:54:25.553605Z,0.0100,47.34,yes
2026-09-28T03:54:25.554045Z,0.0100,467.59,yes
2026-09-28T03:54:25.574861Z,0.0100,28.05,yes
2026-09-28T03:54:25.593597Z,0.0100,935.19,yes
2026-09-28T03:54:25.610612Z,0.0100,3740.76,yes
2026-09-28T03:54:25.653408Z,0.0100,1366.31,yes
2026-09-28T03:54:25.65359Z,0.0100,94.69,yes
2026-09-28T03:54:25.664908Z,0.0100,467.59,yes
2026-09-28T03:54:25.683293Z,0.0100,1.87,yes
2026-09-28T03:54:25.711732Z,0.0100,2805.57,yes
2026-09-28T03:54:25.734428Z,0.0100,467.59,yes
2026-09-28T03:54:25.798354Z,0.0100,41.00,yes
2026-09-28T03:54:25.920805Z,0.0100,7.48,yes
2026-09-28T03:54:25.940296Z,0.0100,54.24,yes
2026-09-28T03:54:25.985682Z,0.0100,1402.78,yes
2026-09-28T03:54:25.98569Z,0.0100,187.03,yes
2026-09-28T03:54:26.028616Z,0.0100,1666.00,yes
2026-09-28T03:54:26.041279Z,0.0100,935.19,yes
2026-09-28T03:54:26.045523Z,0.0100,473.48,yes
2026-09-28T03:54:26.070479Z,0.0100,420.83,yes
2026-09-28T03:54:26.082529Z,0.0100,467.59,yes
2026-09-28T03:54:26.22023Z,0.0100,467.59,yes
2026-09-28T03:54:26.237902Z,0.0100,467.59,yes
2026-09-28T03:54:26.239824Z,0.0100,1028.71,yes
2026-09-28T03:54:26.265664Z,0.0100,93.88,yes
2026-09-28T03:54:26.302844Z,0.0100,187.03,yes
2026-09-28T03:54:26.307011Z,0.0100,93.51,yes
2026-09-28T03:54:26.340043Z,0.0100,187.03,yes
2026-09-28T03:54:26.343572Z,0.0100,93.51,yes
2026-09-28T03:54:26.363405Z,0.0100,748.15,yes
2026-09-28T03:54:26.363732Z,0.0100,841.67,yes
2026-09-28T03:54:26.413507Z,0.0100,27868.69,yes
2026-09-28T03:54:26.434265Z,0.0100,935.19,yes
2026-09-28T03:54:26.488267Z,0.0100,187.03,yes
2026-09-28T03:54:26.623111Z,0.0100,935.19,yes
2026-09-28T03:54:26.630826Z,0.0100,28.62,yes
2026-09-28T03:54:26.643513Z,0.0100,935.19,yes
2026-09-28T03:54:26.664118Z,0.0100,467.59,yes
2026-09-28T03:54:26.675167Z,0.0100,187.03,yes
2026-09-28T03:54:26.717351Z,0.0100,3366.68,yes
2026-09-28T03:54:26.815527Z,0.0100,841.67,yes
2026-09-28T03:54:26.837724Z,0.0100,55.00,yes
2026-09-28T03:54:26.8443Z,0.0100,47.34,yes
2026-09-28T03:54:26.865364Z,0.0100,616.29,yes
2026-09-28T03:54:26.898962Z,0.0100,935.19,yes
2026-09-28T03:54:26.919989Z,0.0100,94.69,yes
2026-09-28T03:54:26.952522Z,0.0100,280.55,yes
2026-09-28T03:54:26.996773Z,0.0100,235.13,yes
2026-09-28T03:54:27.042386Z,0.0100,935.19,yes
2026-09-28T03:54:27.050766Z,0.0100,666.00,yes
2026-09-28T03:54:27.051569Z,0.0100,467.59,yes
2026-09-28T03:54:27.0708Z,0.0100,23.67,yes
2026-09-28T03:54:27.117394Z,0.0100,36.47,yes
2026-09-28T03:54:27.124733Z,0.0100,99.61,yes
2026-09-28T03:54:27.135523Z,0.0100,280.55,yes
2026-09-28T03:54:27.144599Z,0.0100,93.51,yes
2026-09-28T03:54:27.153524Z,0.0100,1870.38,yes
2026-09-28T03:54:27.156475Z,0.0100,187.03,yes
2026-09-28T03:54:27.158379Z,0.0100,23.67,yes
2026-09-28T03:54:27.244216Z,0.0100,93.51,yes
2026-09-28T03:54:27.266292Z,0.0100,33.00,yes
2026-09-28T03:54:27.271237Z,0.0100,93.51,yes
2026-09-28T03:54:27.299452Z,0.0100,93.51,yes
2026-09-28T03:54:27.341261Z,0.0100,666.33,yes
2026-09-28T03:54:27.39027Z,0.0100,166.00,yes
2026-09-28T03:54:27.439687Z,0.0100,2805.57,yes
2026-09-28T03:54:27.481245Z,0.0100,1870.38,yes
2026-09-28T03:54:27.494668Z,0.0100,467.59,yes
2026-09-28T03:54:27.510983Z,0.0100,9351.91,yes
2026-09-28T03:54:27.523841Z,0.0100,71.02,yes
2026-09-28T03:54:27.550978Z,0.0100,187.03,yes
2026-09-28T03:54:27.555125Z,0.0100,93.51,yes
2026-09-28T03:54:27.622189Z,0.0100,93.51,yes
2026-09-28T03:54:27.736058Z,0.0100,935.19,yes
2026-09-28T03:54:27.744672Z,0.0100,187.03,yes
2026-09-28T03:54:27.759836Z,0.0100,748.15,yes
2026-09-28T03:54:27.836053Z,0.0100,935.19,yes
2026-09-28T03:54:27.846627Z,0.0100,93.51,yes
2026-09-28T03:54:27.854146Z,0.0100,93.51,yes
2026-09-28T03:54:27.87654Z,0.0100,2337.97,yes
2026-09-28T03:54:27.947721Z,0.0100,499.66,yes
2026-09-28T03:54:27.992029Z,0.0100,935.19,yes
2026-09-28T03:54:27.992877Z,0.0100,748.15,yes
2026-09-28T03:54:28.008186Z,0.0100,467.59,yes
2026-09-28T03:54:28.014469Z,0.0100,93.51,yes
2026-09-28T03:54:28.020595Z,0.0100,935.19,yes
2026-09-28T03:54:28.044123Z,0.0100,2022.81,yes
2026-09-28T03:54:28.101072Z,0.0100,467.59,yes
2026-09-28T03:54:28.248718Z,0.0100,935.19,yes
2026-09-28T03:54:28.280115Z,0.0100,187.03,yes
2026-09-28T03:54:28.295412Z,0.0100,935.19,yes
2026-09-28T03:54:28.295618Z,0.0100,935.19,yes
2026-09-28T03:54:28.329836Z,0.0100,748.15,yes
2026-09-28T03:54:28.404368Z,0.0100,93.51,yes
2026-09-28T03:54:28.410765Z,0.0100,187.03,yes
2026-09-28T03:54:28.414467Z,0.0100,467.59,yes
2026-09-28T03:54:28.485323Z,0.0100,0.93,yes
2026-09-28T03:54:28.518417Z,0.0100,1870.38,yes
2026-09-28T03:54:28.527906Z,0.0100,935.19,yes
2026-09-28T03:54:28.562431Z,0.0100,93.51,yes
2026-09-28T03:54:28.589535Z,0.0100,467.59,yes
2026-09-28T03:54:28.591137Z,0.0100,93.51,yes
2026-09-28T03:54:28.603419Z,0.0100,23.67,yes
2026-09-28T03:54:28.676435Z,0.0100,467.05,yes
2026-09-28T03:54:28.716329Z,0.0100,467.59,yes
2026-09-28T03:54:28.721104Z,0.0100,93.51,yes
2026-09-28T03:54:28.734638Z,0.0100,28.05,yes
2026-09-28T03:54:28.746576Z,0.0100,467.59,yes
2026-09-28T03:54:28.771671Z,0.0100,935.19,yes
2026-09-28T03:54:28.772065Z,0.0100,1870.38,yes
2026-09-28T03:54:28.789962Z,0.0100,39.00,yes
2026-09-28T03:54:28.857263Z,0.0100,833.00,yes
2026-09-28T03:54:28.868946Z,0.0100,11.22,yes
2026-09-28T03:54:28.888448Z,0.0100,166.00,yes
2026-09-28T03:54:28.889451Z,0.0100,2337.97,yes
2026-09-28T03:54:28.909689Z,0.0100,93.51,yes
2026-09-28T03:54:28.960533Z,0.0100,60.25,yes
2026-09-28T03:54:28.963638Z,0.0100,93.51,yes
2026-09-28T03:54:29.018064Z,0.0100,935.00,yes
2026-09-28T03:54:29.055864Z,0.0100,935.19,yes
2026-09-28T03:54:29.064557Z,0.0100,935.19,yes
2026-09-28T03:54:29.238916Z,0.0100,117.55,yes
2026-09-28T03:54:29.248519Z,0.0100,935.19,yes
2026-09-28T03:54:29.273103Z,0.0100,47.34,yes
2026-09-28T03:54:29.297061Z,0.0100,93.51,yes
2026-09-28T03:54:29.301903Z,0.0100,467.59,yes
2026-09-28T03:54:29.309477Z,0.0100,935.19,yes
2026-09-28T03:54:29.33832Z,0.0100,93.00,yes
2026-09-28T03:54:29.397426Z,0.0100,87.90,yes
2026-09-28T03:54:29.47595Z,0.0100,9351.91,yes
2026-09-28T03:54:29.529409Z,0.0100,1122.22,yes
2026-09-28T03:54:29.533578Z,0.0100,467.59,yes
2026-09-28T03:54:29.55774Z,0.0100,93.51,yes
2026-09-28T03:54:29.56572Z,0.0100,1870.38,yes
2026-09-28T03:54:29.731637Z,0.0100,9351.91,yes
2026-09-28T03:54:29.794414Z,0.0100,187.03,yes
2026-09-28T03:54:29.797388Z,0.0100,8.41,yes
2026-09-28T03:54:29.84954Z,0.0100,467.59,yes
2026-09-28T03:54:29.852718Z,0.0100,118.37,yes
2026-09-28T03:54:29.877889Z,0.0100,1870.00,yes
2026-09-28T03:54:29.907928Z,0.0100,935.19,yes
2026-09-28T03:54:29.94686Z,0.0100,93.00,yes
2026-09-28T03:54:29.997804Z,0.0100,47.34,yes
2026-09-28T03:54:30.004554Z,0.0100,145.01,yes
2026-09-28T03:54:30.009416Z,0.0100,9351.91,yes
2026-09-28T03:54:30.05462Z,0.0100,47.34,yes
2026-09-28T03:54:30.0987Z,0.0100,360.04,yes
2026-09-28T03:54:30.101039Z,0.0100,93.51,yes
2026-09-28T03:54:30.115932Z,0.0100,80.00,yes
2026-09-28T03:54:30.122323Z,0.0100,93.51,yes
2026-09-28T03:54:30.134687Z,0.0100,93.51,yes
2026-09-28T03:54:30.180523Z,0.0100,23.67,yes
2026-09-28T03:54:30.191343Z,0.0100,467.59,yes
2026-09-28T03:54:30.273104Z,0.0100,93.51,yes
2026-09-28T03:54:30.282071Z,0.0100,935.19,yes
2026-09-28T03:54:30.296594Z,0.0100,467.59,yes
2026-09-28T03:54:30.301785Z,0.0100,467.59,yes
2026-09-28T03:54:30.303093Z,0.0100,1870.38,yes
2026-09-28T03:54:30.40289Z,0.0100,47.34,yes
2026-09-28T03:54:30.435329Z,0.0100,935.19,yes
2026-09-28T03:54:30.453859Z,0.0100,935.19,yes
2026-09-28T03:54:30.468105Z,0.0100,93.51,yes
2026-09-28T03:54:30.486682Z,0.0100,93.51,yes
2026-09-28T03:54:30.496083Z,0.0100,467.90,yes
2026-09-28T03:54:30.496299Z,0.0100,93.51,yes
2026-09-28T03:54:30.504741Z,0.0100,935.19,yes
2026-09-28T03:54:30.532495Z,0.0100,93.51,yes
2026-09-28T03:54:30.535772Z,0.0100,93.51,yes
2026-09-28T03:54:30.564518Z,0.0100,23.67,yes
2026-09-28T03:54:30.569456Z,0.0100,166.00,yes
2026-09-28T03:54:30.58449Z,0.0100,187.03,yes
2026-09-28T03:54:30.589383Z,0.0100,33.00,yes
2026-09-28T03:54:30.607998Z,0.0100,93.51,yes
2026-09-28T03:54:30.680934Z,0.0100,187.03,yes
2026-09-28T03:54:30.681688Z,0.0100,374.07,yes
2026-09-28T03:54:30.687817Z,0.0100,93.51,yes
2026-09-28T03:54:30.698162Z,0.0100,93.51,yes
2026-09-28T03:54:30.715966Z,0.0100,93.51,yes
2026-09-28T03:54:30.746704Z,0.0100,467.59,yes
2026-09-28T03:54:30.748317Z,0.0100,280.55,yes
2026-09-28T03:54:30.755021Z,0.0100,935.19,yes
2026-09-28T03:54:30.799008Z,0.0100,93.51,yes
2026-09-28T03:54:30.844328Z,0.0100,935.19,yes
2026-09-28T03:54:30.852096Z,0.0100,467.59,yes
2026-09-28T03:54:30.903648Z,0.0100,41.66,yes
2026-09-28T03:54:30.90795Z,0.0100,93.51,yes
2026-09-28T03:54:30.931247Z,0.0100,9351.91,yes
2026-09-28T03:54:30.950301Z,0.0100,93.51,yes
2026-09-28T03:54:30.960332Z,0.0100,9351.91,yes
2026-09-28T03:54:30.984296Z,0.0100,467.59,yes
2026-09-28T03:54:31.036529Z,0.0100,93.51,yes
2026-09-28T03:54:31.073321Z,0.0100,600.00,yes
2026-09-28T03:54:31.140277Z,0.0100,93.51,yes
2026-09-28T03:54:31.150612Z,0.0100,93.51,yes
2026-09-28T03:54:31.187183Z,0.0100,32.73,yes
2026-09-28T03:54:31.189858Z,0.0100,923.96,yes
2026-09-28T03:54:31.211491Z,0.0100,4.67,yes
2026-09-28T03:54:31.234961Z,0.0100,93.51,yes
2026-09-28T03:54:31.235401Z,0.0100,187.03,yes
2026-09-28T03:54:31.246608Z,0.0100,935.19,yes
2026-09-28T03:54:31.25788Z,0.0100,467.59,yes
2026-09-28T03:54:31.275446Z,0.0100,935.19,yes
2026-09-28T03:54:31.280239Z,0.0100,77.62,yes
2026-09-28T03:54:31.290448Z,0.0100,93.51,yes
2026-09-28T03:54:31.29293Z,0.0100,98.00,yes
2026-09-28T03:54:31.31238Z,0.0100,25.25,yes
2026-09-28T03:54:31.334108Z,0.0100,187.03,yes
2026-09-28T03:54:31.376189Z,0.0100,467.59,yes
2026-09-28T03:54:31.385322Z,0.0100,93.51,yes
2026-09-28T03:54:31.391822Z,0.0100,71.02,yes
2026-09-28T03:54:31.41982Z,0.0100,187.03,yes
2026-09-28T03:54:31.433427Z,0.0100,467.59,yes
2026-09-28T03:54:31.444221Z,0.0100,93.51,yes
2026-09-28T03:54:31.451603Z,0.0100,93.51,yes
2026-09-28T03:54:31.493737Z,0.0100,23.67,yes
2026-09-28T03:54:31.500566Z,0.0100,71.11,yes
2026-09-28T03:54:31.526058Z,0.0100,935.19,yes
2026-09-28T03:54:31.533125Z,0.0100,935.19,yes
2026-09-28T03:54:31.557911Z,0.0100,93.51,yes
2026-09-28T03:54:31.586717Z,0.0100,47.34,yes
2026-09-28T03:54:31.597015Z,0.0100,15.00,yes
2026-09-28T03:54:31.62299Z,0.0100,467.59,yes
2026-09-28T03:54:31.636988Z,0.0100,721.03,yes
2026-09-28T03:54:31.643427Z,0.0100,93.51,yes
2026-09-28T03:54:31.66168Z,0.0100,666.00,yes
2026-09-28T03:54:31.672491Z,0.0100,916.48,yes
2026-09-28T03:54:31.694791Z,0.0100,187.03,yes
2026-09-28T03:54:31.699568Z,0.0100,93.51,yes
2026-09-28T03:54:31.713186Z,0.0100,467.59,yes
2026-09-28T03:54:31.719415Z,0.0100,841.67,yes
2026-09-28T03:54:31.724673Z,0.0100,93.51,yes
2026-09-28T03:54:31.729921Z,0.0100,4675.95,yes
2026-09-28T03:54:31.731979Z,0.0100,2337.97,yes
2026-09-28T03:54:31.80792Z,0.0100,47.34,yes
2026-09-28T03:54:31.836046Z,0.0100,93.51,yes
2026-09-28T03:54:31.860726Z,0.0100,93.51,yes
2026-09-28T03:54:31.866386Z,0.0100,93.51,yes
2026-09-28T03:54:31.895348Z,0.0100,467.59,yes
2026-09-28T03:54:31.898348Z,0.0100,93.51,yes
2026-09-28T03:54:31.898976Z,0.0100,467.59,yes
2026-09-28T03:54:31.911553Z,0.0100,93.51,yes
2026-09-28T03:54:31.924954Z,0.0100,2337.97,yes
2026-09-28T03:54:31.927663Z,0.0100,935.19,yes
2026-09-28T03:54:31.928706Z,0.0100,1402.78,yes
2026-09-28T03:54:31.964411Z,0.0100,93.51,yes
2026-09-28T03:54:32.012367Z,0.0100,93.51,yes
2026-09-28T03:54:32.015979Z,0.0100,10.28,yes
2026-09-28T03:54:32.025891Z,0.0100,93.51,yes
2026-09-28T03:54:32.028857Z,0.0100,280.55,yes
2026-09-28T03:54:32.040582Z,0.0100,935.19,yes
2026-09-28T03:54:32.106573Z,0.0100,935.19,yes
2026-09-28T03:54:32.135639Z,0.0100,280.55,yes
2026-09-28T03:54:32.147739Z,0.0100,94.69,yes
2026-09-28T03:54:32.174425Z,0.0100,935.19,yes
2026-09-28T03:54:32.181786Z,0.0100,2337.97,yes
2026-09-28T03:54:32.211311Z,0.0100,46.75,yes
2026-09-28T03:54:32.342961Z,0.0100,93.51,yes
2026-09-28T03:54:32.34524Z,0.0100,467.59,yes
2026-09-28T03:54:32.362951Z,0.0100,333.00,yes
2026-09-28T03:54:32.421523Z,0.0100,187.03,yes
2026-09-28T03:54:32.434918Z,0.0100,4675.95,yes
2026-09-28T03:54:32.45142Z,0.0100,100.00,yes
2026-09-28T03:54:32.459855Z,0.0100,935.19,yes
2026-09-28T03:54:32.462382Z,0.0100,93.51,yes
2026-09-28T03:54:32.478256Z,0.0100,93.51,yes
2026-09-28T03:54:32.496047Z,0.0100,93.51,yes
2026-09-28T03:54:32.59564Z,0.0100,133.00,yes
2026-09-28T03:54:32.606958Z,0.0100,458.24,yes
2026-09-28T03:54:32.640215Z,0.0100,93.51,yes
2026-09-28T03:54:32.669176Z,0.0100,33.00,yes
2026-09-28T03:54:32.701749Z,0.0100,5.61,yes
2026-09-28T03:54:32.70215Z,0.0100,467.59,yes
2026-09-28T03:54:32.776249Z,0.0100,833.00,yes
2026-09-28T03:54:32.788619Z,0.0100,467.59,yes
2026-09-28T03:54:32.834657Z,0.0100,93.51,yes
2026-09-28T03:54:32.841038Z,0.0100,93.51,yes
2026-09-28T03:54:32.877212Z,0.0100,280.55,yes
2026-09-28T03:54:32.879086Z,0.0100,467.59,yes
2026-09-28T03:54:32.885803Z,0.0100,161.09,yes
2026-09-28T03:54:32.894941Z,0.0100,174.88,yes
2026-09-28T03:54:32.904936Z,0.0100,104.45,yes
2026-09-28T03:54:32.924308Z,0.0100,935.19,yes
2026-09-28T03:54:32.925919Z,0.0100,93.51,yes
2026-09-28T03:54:32.944435Z,0.0100,467.59,yes
2026-09-28T03:54:32.971351Z,0.0100,935.19,yes
2026-09-28T03:54:32.97915Z,0.0100,93.51,yes
2026-09-28T03:54:32.991832Z,0.0100,166.00,yes
2026-09-28T03:54:33.015753Z,0.0100,1870.38,yes
2026-09-28T03:54:33.06922Z,0.0100,467.59,yes
2026-09-28T03:54:33.077022Z,0.0100,93.51,yes
2026-09-28T03:54:33.08462Z,0.0100,187.03,yes
2026-09-28T03:54:33.111395Z,0.0100,187.03,yes
2026-09-28T03:54:33.111809Z,0.0100,467.59,yes
2026-09-28T03:54:33.143089Z,0.0100,23.67,yes
2026-09-28T03:54:33.144544Z,0.0100,467.59,yes
2026-09-28T03:54:33.145549Z,0.0100,93.51,yes
2026-09-28T03:54:33.161773Z,0.0100,93.51,yes
2026-09-28T03:54:33.165587Z,0.0100,93.51,yes
2026-09-28T03:54:33.16727Z,0.0100,9351.91,yes
2026-09-28T03:54:33.168975Z,0.0100,1870.38,yes
2026-09-28T03:54:33.172438Z,0.0100,74.71,yes
2026-09-28T03:54:33.216407Z,0.0100,935.19,yes
2026-09-28T03:54:33.240597Z,0.0100,3647.24,yes
2026-09-28T03:54:33.265121Z,0.0100,187.03,yes
2026-09-28T03:54:33.282207Z,0.0100,467.59,yes
2026-09-28T03:54:33.297595Z,0.0100,93.51,yes
2026-09-28T03:54:33.30772Z,0.0100,93.51,yes
2026-09-28T03:54:33.318304Z,0.0100,93.51,yes
2026-09-28T03:54:33.321165Z,0.0100,49.80,yes
2026-09-28T03:54:33.324164Z,0.0100,93.51,yes
2026-09-28T03:54:33.333929Z,0.0100,93.51,yes
2026-09-28T03:54:33.355125Z,0.0100,93.51,yes
2026-09-28T03:54:33.358927Z,0.0100,935.19,yes
2026-09-28T03:54:33.36761Z,0.0100,129.99,yes
2026-09-28T03:54:33.378581Z,0.0100,3273.16,yes
2026-09-28T03:54:33.395722Z,0.0100,93.51,yes
2026-09-28T03:54:33.400479Z,0.0100,93.51,yes
2026-09-28T03:54:33.40228Z,0.0100,93.51,yes
2026-09-28T03:54:33.441793Z,0.0100,467.59,yes
2026-09-28T03:54:33.444929Z,0.0100,93.51,yes
2026-09-28T03:54:33.486894Z,0.0100,3740.76,yes
2026-09-28T03:54:33.505634Z,0.0100,24.31,yes
2026-09-28T03:54:33.519761Z,0.0100,1098.84,yes
2026-09-28T03:54:33.525383Z,0.0100,935.19,yes
2026-09-28T03:54:33.531466Z,0.0100,187.03,yes
2026-09-28T03:54:33.574612Z,0.0100,93.51,yes
2026-09-28T03:54:33.61137Z,0.0100,935.19,yes
2026-09-28T03:54:33.666502Z,0.0100,93.51,yes
2026-09-28T03:54:33.731466Z,0.0100,93.51,yes
2026-09-28T03:54:33.781518Z,0.0100,467.59,yes
2026-09-28T03:54:33.787663Z,0.0100,93.51,yes
2026-09-28T03:54:33.823985Z,0.0100,935.19,yes
2026-09-28T03:54:33.843657Z,0.0100,467.59,yes
2026-09-28T03:54:33.853727Z,0.0100,1870.38,yes
2026-09-28T03:54:33.859612Z,0.0100,333.00,yes
2026-09-28T03:54:33.868189Z,0.0100,467.59,yes
2026-09-28T03:54:33.933668Z,0.0100,93.51,yes
2026-09-28T03:54:33.94013Z,0.0100,46.75,yes
2026-09-28T03:54:33.951317Z,0.0100,467.59,yes
2026-09-28T03:54:33.98972Z,0.0100,93.51,yes
2026-09-28T03:54:33.99132Z,0.0100,93.51,yes
2026-09-28T03:54:34.014885Z,0.0100,467.59,yes
2026-09-28T03:54:34.054925Z,0.0100,467.59,yes
2026-09-28T03:54:34.075265Z,0.0100,467.59,yes
2026-09-28T03:54:34.089707Z,0.0100,935.19,yes
2026-09-28T03:54:34.109612Z,0.0100,43.95,yes
2026-09-28T03:54:34.122699Z,0.0100,2337.97,yes
2026-09-28T03:54:34.15265Z,0.0100,187.03,yes
2026-09-28T03:54:34.158167Z,0.0100,935.19,yes
2026-09-28T03:54:34.195424Z,0.0100,93.51,yes
2026-09-28T03:54:34.227991Z,0.0100,666.00,yes
2026-09-28T03:54:34.274045Z,0.0100,54.24,yes
2026-09-28T03:54:34.27784Z,0.0100,467.59,yes
2026-09-28T03:54:34.278452Z,0.0100,280.55,yes
2026-09-28T03:54:34.31713Z,0.0100,93.51,yes
2026-09-28T03:54:34.366005Z,0.0100,72.50,yes
2026-09-28T03:54:34.390366Z,0.0100,93.51,yes
2026-09-28T03:54:34.396478Z,0.0100,93.51,yes
2026-09-28T03:54:34.404764Z,0.0100,312.13,yes
2026-09-28T03:54:34.406245Z,0.0100,44.88,yes
2026-09-28T03:54:34.457057Z,0.0100,467.59,yes
2026-09-28T03:54:34.461519Z,0.0100,93.51,yes
2026-09-28T03:54:34.475495Z,0.0100,93.51,yes
2026-09-28T03:54:34.479094Z,0.0100,223.00,yes
2026-09-28T03:54:34.489649Z,0.0100,93.51,yes
2026-09-28T03:54:34.513849Z,0.0100,156.06,yes
2026-09-28T03:54:34.514364Z,0.0100,935.19,yes
2026-09-28T03:54:34.545004Z,0.0100,93.51,yes
2026-09-28T03:54:34.568575Z,0.0100,467.59,yes
2026-09-28T03:54:34.591698Z,0.0100,467.59,yes
2026-09-28T03:54:34.593462Z,0.0100,93.51,yes
2026-09-28T03:54:34.608496Z,0.0100,93.51,yes
2026-09-28T03:54:34.613545Z,0.0100,467.59,yes
2026-09-28T03:54:34.623223Z,0.0100,23.37,yes
2026-09-28T03:54:34.69495Z,0.0100,467.59,yes
2026-09-28T03:54:34.700773Z,0.0100,935.19,yes
2026-09-28T03:54:34.735411Z,0.0100,93.51,yes
2026-09-28T03:54:34.750476Z,0.0100,467.59,yes
2026-09-28T03:54:34.75884Z,0.0100,93.51,yes
2026-09-28T03:54:34.762425Z,0.0100,833.00,yes
2026-09-28T03:54:34.812064Z,0.0100,2337.97,yes
2026-09-28T03:54:34.829368Z,0.0100,93.51,yes
2026-09-28T03:54:34.88138Z,0.0100,49.56,yes
2026-09-28T03:54:34.902537Z,0.0100,93.51,yes
2026-09-28T03:54:34.904677Z,0.0100,561.11,yes
2026-09-28T03:54:34.945141Z,0.0100,467.59,yes
2026-09-28T03:54:34.973844Z,0.0100,93.51,yes
2026-09-28T03:54:34.998052Z,0.0100,935.19,yes
2026-09-28T03:54:35.009487Z,0.0100,93.51,yes
2026-09-28T03:54:35.022371Z,0.0100,467.59,yes
2026-09-28T03:54:35.030211Z,0.0100,467.59,yes
2026-09-28T03:54:35.060524Z,0.0100,93.51,yes
2026-09-28T03:54:35.075373Z,0.0100,33.00,yes
2026-09-28T03:54:35.085061Z,0.0100,935.19,yes
2026-09-28T03:54:35.092482Z,0.0100,93.51,yes
2026-09-28T03:54:35.099601Z,0.0100,9.35,yes
2026-09-28T03:54:35.125092Z,0.0100,93.51,yes
2026-09-28T03:54:35.125298Z,0.0100,467.59,yes
2026-09-28T03:54:35.131778Z,0.0100,93.51,yes
2026-09-28T03:54:35.1708Z,0.0100,93.51,yes
2026-09-28T03:54:35.180838Z,0.0100,935.19,yes
2026-09-28T03:54:35.195892Z,0.0100,47.34,yes
2026-09-28T03:54:35.213328Z,0.0100,93.51,yes
2026-09-28T03:54:35.216184Z,0.0100,49.80,yes
2026-09-28T03:54:35.221426Z,0.0100,4675.95,yes
2026-09-28T03:54:35.27868Z,0.0100,3273.16,yes
2026-09-28T03:54:35.325962Z,0.0100,467.59,yes
2026-09-28T03:54:35.326888Z,0.0100,93.51,yes
2026-09-28T03:54:35.372997Z,0.0100,4675.95,yes
2026-09-28T03:54:35.377228Z,0.0100,467.59,yes
2026-09-28T03:54:35.383646Z,0.0100,467.59,yes
2026-09-28T03:54:35.395962Z,0.0100,93.51,yes
2026-09-28T03:54:35.397676Z,0.0100,374.07,yes
2026-09-28T03:54:35.40016Z,0.0100,61.72,yes
2026-09-28T03:54:35.411312Z,0.0100,93.51,yes
2026-09-28T03:54:35.458176Z,0.0100,46.75,yes
2026-09-28T03:54:35.506505Z,0.0100,93.51,yes
2026-09-28T03:54:35.556619Z,0.0100,935.19,yes
2026-09-28T03:54:35.601874Z,0.0100,935.19,yes
2026-09-28T03:54:35.647729Z,0.0100,467.59,yes
2026-09-28T03:54:35.654746Z,0.0100,9.35,yes
2026-09-28T03:54:35.741792Z,0.0100,467.59,yes
2026-09-28T03:54:35.75383Z,0.0100,70.13,yes
2026-09-28T03:54:35.762674Z,0.0100,935.19,yes
2026-09-28T03:54:35.762872Z,0.0100,93.51,yes
2026-09-28T03:54:35.775104Z,0.0100,93.51,yes
2026-09-28T03:54:35.793773Z,0.0100,467.59,yes
2026-09-28T03:54:35.8081Z,0.0100,47.69,yes
2026-09-28T03:54:35.82406Z,0.0100,935.19,yes
2026-09-28T03:54:35.827632Z,0.0100,6078.74,yes
2026-09-28T03:54:35.838997Z,0.0100,666.00,yes
2026-09-28T03:54:35.867767Z,0.0100,9351.91,yes
2026-09-28T03:54:35.869961Z,0.0100,250.00,yes
2026-09-28T03:54:35.877478Z,0.0100,4.67,yes
2026-09-28T03:54:35.88394Z,0.0100,93.51,yes
2026-09-28T03:54:35.884335Z,0.0100,467.59,yes
2026-09-28T03:54:35.899241Z,0.0100,93.51,yes
2026-09-28T03:54:35.913626Z,0.0100,93.51,yes
2026-09-28T03:54:35.917522Z,0.0100,66.33,yes
2026-09-28T03:54:35.928392Z,0.0100,280.55,yes
2026-09-28T03:54:35.933648Z,0.0100,93.51,yes
2026-09-28T03:54:35.941123Z,0.0100,36.25,yes
2026-09-28T03:54:35.942121Z,0.0100,48.04,yes
2026-09-28T03:54:35.945684Z,0.0100,93.51,yes
2026-09-28T03:54:35.997237Z,0.0100,100.00,yes
2026-09-28T03:54:36.009776Z,0.0100,467.59,yes
2026-09-28T03:54:36.017578Z,0.0100,187.03,yes
2026-09-28T03:54:36.032768Z,0.0100,467.59,yes
2026-09-28T03:54:36.041374Z,0.0100,93.51,yes
2026-09-28T03:54:36.083402Z,0.0100,93.51,yes
2026-09-28T03:54:36.087734Z,0.0100,71.02,yes
2026-09-28T03:54:36.094881Z,0.0100,935.19,yes
2026-09-28T03:54:36.104031Z,0.0100,236.74,yes
2026-09-28T03:54:36.12962Z,0.0100,467.59,yes
2026-09-28T03:54:36.139312Z,0.0100,280.55,yes
2026-09-28T03:54:36.153063Z,0.0100,467.59,yes
2026-09-28T03:54:36.167154Z,0.0100,935.19,yes
2026-09-28T03:54:36.172702Z,0.0100,9.35,yes
2026-09-28T03:54:36.197602Z,0.0100,935.19,yes
2026-09-28T03:54:36.212902Z,0.0100,467.90,yes
2026-09-28T03:54:36.229935Z,0.0100,93.51,yes
2026-09-28T03:54:36.283655Z,0.0100,374.07,yes
2026-09-28T03:54:36.283855Z,0.0100,93.51,yes
2026-09-28T03:54:36.334598Z,0.0100,935.19,yes
2026-09-28T03:54:36.33862Z,0.0100,47.34,yes
2026-09-28T03:54:36.344604Z,0.0100,290.64,yes
2026-09-28T03:54:36.344823Z,0.0100,93.51,yes
2026-09-28T03:54:36.366404Z,0.0100,93.51,yes
2026-09-28T03:54:36.413635Z,0.0100,467.59,yes
2026-09-28T03:54:36.430948Z,0.0100,935.19,yes
2026-09-28T03:54:36.437788Z,0.0100,187.03,yes
2026-09-28T03:54:36.441573Z,0.0100,666.00,yes
2026-09-28T03:54:36.46085Z,0.0100,93.51,yes
2026-09-28T03:54:36.534478Z,0.0100,187.03,yes
2026-09-28T03:54:36.554883Z,0.0100,1870.38,yes
2026-09-28T03:54:36.560032Z,0.0100,467.59,yes
2026-09-28T03:54:36.583832Z,0.0100,467.59,yes
2026-09-28T03:54:36.594009Z,0.0100,280.55,yes
2026-09-28T03:54:36.599733Z,0.0100,467.59,yes
2026-09-28T03:54:36.61451Z,0.0100,93.51,yes
2026-09-28T03:54:36.658018Z,0.0100,66.00,yes
2026-09-28T03:54:36.658211Z,0.0100,93.51,yes
2026-09-28T03:54:36.665886Z,0.0100,467.59,yes
2026-09-28T03:54:36.798313Z,0.0100,1870.38,yes
2026-09-28T03:54:36.814686Z,0.0100,333.00,yes
2026-09-28T03:54:36.839108Z,0.0100,93.51,yes
2026-09-28T03:54:36.839512Z,0.0100,186.10,yes
2026-09-28T03:54:36.85547Z,0.0100,187.03,yes
2026-09-28T03:54:36.878122Z,0.0100,21.50,yes
2026-09-28T03:54:36.884504Z,0.0100,93.51,yes
2026-09-28T03:54:36.891032Z,0.0100,280.55,yes
2026-09-28T03:54:36.902351Z,0.0100,93.51,yes
2026-09-28T03:54:36.924994Z,0.0100,93.51,yes
2026-09-28T03:54:36.935079Z,0.0100,935.19,yes
2026-09-28T03:54:36.94548Z,0.0100,93.51,yes
2026-09-28T03:54:36.949832Z,0.0100,166.00,yes
2026-09-28T03:54:36.986382Z,0.0100,935.19,yes
2026-09-28T03:54:37.00129Z,0.0100,187.03,yes
2026-09-28T03:54:37.026592Z,0.0100,1870.38,yes
2026-09-28T03:54:37.032055Z,0.0100,467.59,yes
2026-09-28T03:54:37.047515Z,0.0100,93.51,yes
2026-09-28T03:54:37.050416Z,0.0100,93.51,yes
2026-09-28T03:54:37.05428Z,0.0100,187.03,yes
2026-09-28T03:54:37.057564Z,0.0100,78.55,yes
2026-09-28T03:54:37.105643Z,0.0100,187.03,yes
2026-09-28T03:54:37.135521Z,0.0100,93.51,yes
2026-09-28T03:54:37.136124Z,0.0100,93.51,yes
2026-09-28T03:54:37.15898Z,0.0100,333.00,yes
2026-09-28T03:54:37.174562Z,0.0100,467.59,yes
2026-09-28T03:54:37.200258Z,0.0100,35.53,yes
2026-09-28T03:54:37.21095Z,0.0100,166.00,yes
2026-09-28T03:54:37.215576Z,0.0100,467.59,yes
2026-09-28T03:54:37.232241Z,0.0100,93.51,yes
2026-09-28T03:54:37.233494Z,0.0100,1402.78,yes
2026-09-28T03:54:37.240631Z,0.0100,187.03,yes
2026-09-28T03:54:37.289777Z,0.0100,1870.38,yes
2026-09-28T03:54:37.298127Z,0.0100,187.03,yes
2026-09-28T03:54:37.313514Z,0.0100,187.03,yes
2026-09-28T03:54:37.319371Z,0.0100,280.55,yes
2026-09-28T03:54:37.334313Z,0.0100,748.15,yes
2026-09-28T03:54:37.342377Z,0.0100,93.51,yes
2026-09-28T03:54:37.345843Z,0.0100,1870.38,yes
2026-09-28T03:54:37.375487Z,0.0100,84.16,yes
2026-09-28T03:54:37.385063Z,0.0100,93.51,yes
2026-09-28T03:54:37.406047Z,0.0100,20.57,yes
2026-09-28T03:54:37.409836Z,0.0100,273.91,yes
2026-09-28T03:54:37.419127Z,0.0100,187.03,yes
2026-09-28T03:54:37.422304Z,0.0100,467.59,yes
2026-09-28T03:54:37.42567Z,0.0100,333.00,yes
2026-09-28T03:54:37.431104Z,0.0100,15.89,yes
2026-09-28T03:54:37.449928Z,0.0100,118.37,yes
2026-09-28T03:54:37.451934Z,0.0100,467.59,yes
2026-09-28T03:54:37.453587Z,0.0100,261.00,yes
2026-09-28T03:54:37.455618Z,0.0100,187.03,yes
2026-09-28T03:54:37.478074Z,0.0100,89.77,yes
2026-09-28T03:54:37.505317Z,0.0100,15.69,yes
2026-09-28T03:54:37.529785Z,0.0100,467.59,yes
2026-09-28T03:54:37.582016Z,0.0100,97.27,yes
2026-09-28T03:54:37.582988Z,0.0100,36.00,yes
2026-09-28T03:54:37.58314Z,0.0100,47.34,yes
2026-09-28T03:54:37.647228Z,0.0100,935.19,yes
2026-09-28T03:54:37.650081Z,0.0100,935.19,yes
2026-09-28T03:54:37.662869Z,0.0100,935.19,yes
2026-09-28T03:54:37.683876Z,0.0100,93.51,yes
2026-09-28T03:54:37.717072Z,0.0100,93.51,yes
2026-09-28T03:54:37.720433Z,0.0100,467.59,yes
2026-09-28T03:54:37.75347Z,0.0100,935.19,yes
2026-09-28T03:54:37.778757Z,0.0100,467.59,yes
2026-09-28T03:54:37.779167Z,0.0100,93.51,yes
2026-09-28T03:54:37.817894Z,0.0100,935.19,yes
2026-09-28T03:54:37.90218Z,0.0100,935.19,yes
2026-09-28T03:54:37.902797Z,0.0100,467.59,yes
2026-09-28T03:54:37.90837Z,0.0100,935.19,yes
2026-09-28T03:54:37.920627Z,0.0100,99.00,yes
2026-09-28T03:54:37.932123Z,0.0100,9351.91,yes
2026-09-28T03:54:38.001216Z,0.0100,1870.38,yes
2026-09-28T03:54:38.034002Z,0.0100,11.22,yes
2026-09-28T03:54:38.069919Z,0.0100,3.74,yes
2026-09-28T03:54:38.081012Z,0.0100,935.19,yes
2026-09-28T03:54:38.087352Z,0.0100,93.51,yes
2026-09-28T03:54:38.087415Z,0.0100,5611.14,yes
2026-09-28T03:54:38.091704Z,0.0100,467.59,yes
2026-09-28T03:54:38.100407Z,0.0100,93.51,yes
2026-09-28T03:54:38.129037Z,0.0100,187.03,yes
2026-09-28T03:54:38.161681Z,0.0100,935.19,yes
2026-09-28T03:54:38.174437Z,0.0100,93.51,yes
2026-09-28T03:54:38.241336Z,0.0100,467.59,yes
2026-09-28T03:54:38.268945Z,0.0100,93.51,yes
2026-09-28T03:54:38.281673Z,0.0100,93.51,yes
2026-09-28T03:54:38.291148Z,0.0100,374.07,yes
2026-09-28T03:54:38.298936Z,0.0100,187.03,yes
2026-09-28T03:54:38.317232Z,0.0100,20.57,yes
2026-09-28T03:54:38.334307Z,0.0100,935.19,yes
2026-09-28T03:54:38.386964Z,0.0100,52.53,yes
2026-09-28T03:54:38.388578Z,0.0100,93.51,yes
2026-09-28T03:54:38.506901Z,0.0100,578.88,yes
2026-09-28T03:54:38.50959Z,0.0100,187.03,yes
2026-09-28T03:54:38.534352Z,0.0100,187.03,yes
2026-09-28T03:54:38.541931Z,0.0100,4675.95,yes
2026-09-28T03:54:38.595276Z,0.0100,6.54,yes
2026-09-28T03:54:38.596573Z,0.0100,33.00,yes
2026-09-28T03:54:38.622957Z,0.0100,25.25,yes
2026-09-28T03:54:38.651465Z,0.0100,93.51,yes
2026-09-28T03:54:38.699571Z,0.0100,935.19,yes
2026-09-28T03:54:38.750548Z,0.0100,93.51,yes
2026-09-28T03:54:38.769821Z,0.0100,166.00,yes
2026-09-28T03:54:38.780296Z,0.0100,467.59,yes
2026-09-28T03:54:38.790471Z,0.0100,187.03,yes
2026-09-28T03:54:38.801613Z,0.0100,1122.22,yes
2026-09-28T03:54:38.804513Z,0.0100,467.59,yes
2026-09-28T03:54:38.829551Z,0.0100,187.03,yes
2026-09-28T03:54:38.885639Z,0.0100,9351.91,yes
2026-09-28T03:54:38.889301Z,0.0100,93.51,yes
2026-09-28T03:54:38.903196Z,0.0100,0.93,yes
2026-09-28T03:54:38.951459Z,0.0100,187.03,yes
2026-09-28T03:54:38.997539Z,0.0100,93.51,yes
2026-09-28T03:54:39.011864Z,0.0100,467.59,yes
2026-09-28T03:54:39.024285Z,0.0100,2337.97,yes
2026-09-28T03:54:39.02552Z,0.0100,187.03,yes
2026-09-28T03:54:39.031429Z,0.0100,93.51,yes
2026-09-28T03:54:39.032249Z,0.0100,935.19,yes
2026-09-28T03:54:39.057638Z,0.0100,67.33,yes
2026-09-28T03:54:39.065752Z,0.0100,93.51,yes
2026-09-28T03:54:39.066701Z,0.0100,93.51,yes
2026-09-28T03:54:39.098593Z,0.0100,166.00,yes
2026-09-28T03:54:39.13557Z,0.0100,467.59,yes
2026-09-28T03:54:39.142491Z,0.0100,467.59,yes
2026-09-28T03:54:39.144541Z,0.0100,467.59,yes
2026-09-28T03:54:39.176358Z,0.0100,1870.38,yes
2026-09-28T03:54:39.187504Z,0.0100,93.51,yes
2026-09-28T03:54:39.222845Z,0.0100,701.85,yes
2026-09-28T03:54:39.264649Z,0.0100,9351.91,yes
2026-09-28T03:54:39.302193Z,0.0100,1423.36,yes
2026-09-28T03:54:39.313604Z,0.0100,93.51,yes
2026-09-28T03:54:39.315021Z,0.0100,0.93,yes
2026-09-28T03:54:39.316754Z,0.0100,1.87,yes
2026-09-28T03:54:39.357263Z,0.0100,187.03,yes
2026-09-28T03:54:39.365463Z,0.0100,467.59,yes
2026-09-28T03:54:39.382663Z,0.0100,33.00,yes
2026-09-28T03:54:39.384151Z,0.0100,280.55,yes
2026-09-28T03:54:39.39244Z,0.0100,280.55,yes
2026-09-28T03:54:39.401173Z,0.0100,935.19,yes
2026-09-28T03:54:39.40413Z,0.0100,93.51,yes
2026-09-28T03:54:39.409617Z,0.0100,1870.38,yes
2026-09-28T03:54:39.410868Z,0.0100,467.59,yes
2026-09-28T03:54:39.411349Z,0.0100,83.23,yes
2026-09-28T03:54:39.413375Z,0.0100,93.51,yes
2026-09-28T03:54:39.421893Z,0.0100,467.59,yes
2026-09-28T03:54:39.428375Z,0.0100,148.25,yes
2026-09-28T03:54:39.443131Z,0.0100,467.59,yes
2026-09-28T03:54:39.45783Z,0.0100,467.59,yes
2026-09-28T03:54:39.459288Z,0.0100,467.59,yes
2026-09-28T03:54:39.462138Z,0.0100,93.51,yes
2026-09-28T03:54:39.468938Z,0.0100,187.03,yes
2026-09-28T03:54:39.46934Z,0.0100,93.51,yes
2026-09-28T03:54:39.473031Z,0.0100,935.19,yes
2026-09-28T03:54:39.488844Z,0.0100,93.51,yes
2026-09-28T03:54:39.532928Z,0.0100,144.95,yes
2026-09-28T03:54:39.557141Z,0.0100,467.59,yes
2026-09-28T03:54:39.571874Z,0.0100,38.00,yes
2026-09-28T03:54:39.575255Z,0.0100,935.19,yes
2026-09-28T03:54:39.592864Z,0.0100,9351.91,yes
2026-09-28T03:54:39.595575Z,0.0100,467.59,yes
2026-09-28T03:54:39.615718Z,0.0100,9351.91,yes
2026-09-28T03:54:39.616093Z,0.0100,467.59,yes
2026-09-28T03:54:39.635014Z,0.0100,93.51,yes
2026-09-28T03:54:39.656522Z,0.0100,935.19,yes
2026-09-28T03:54:39.673748Z,0.0100,935.19,yes
2026-09-28T03:54:39.775098Z,0.0100,93.51,yes
2026-09-28T03:54:39.779203Z,0.0100,467.59,yes
2026-09-28T03:54:39.836447Z,0.0100,935.19,yes
2026-09-28T03:54:39.839907Z,0.0100,1.87,yes
2026-09-28T03:54:39.85362Z,0.0100,1402.78,yes
2026-09-28T03:54:39.883121Z,0.0100,23.93,yes
2026-09-28T03:54:39.884137Z,0.0100,93.51,yes
2026-09-28T03:54:39.905524Z,0.0100,140.27,yes
2026-09-28T03:54:39.959158Z,0.0100,2337.97,yes
2026-09-28T03:54:39.963649Z,0.0100,935.19,yes
2026-09-28T03:54:39.972501Z,0.0100,6.54,yes
2026-09-28T03:54:40.094688Z,0.0100,93.51,yes
2026-09-28T03:54:40.094909Z,0.0100,467.59,yes
2026-09-28T03:54:40.125206Z,0.0100,12.04,yes
2026-09-28T03:54:40.14271Z,0.0100,467.59,yes
2026-09-28T03:54:40.166497Z,0.0100,93.51,yes
2026-09-28T03:54:40.169084Z,0.0100,93.51,yes
2026-09-28T03:54:40.17617Z,0.0100,18703.82,yes
2026-09-28T03:54:40.213927Z,0.0100,93.51,yes
2026-09-28T03:54:40.249868Z,0.0100,2337.97,yes
2026-09-28T03:54:40.255051Z,0.0100,93.51,yes
2026-09-28T03:54:40.263458Z,0.0100,93.51,yes
2026-09-28T03:54:40.269196Z,0.0100,93.51,yes
2026-09-28T03:54:40.331794Z,0.0100,187.03,yes
2026-09-28T03:54:40.335042Z,0.0100,23.37,yes
2026-09-28T03:54:40.340336Z,0.0100,93.51,yes
2026-09-28T03:54:40.346064Z,0.0100,93.51,yes
2026-09-28T03:54:40.389045Z,0.0100,1870.38,yes
2026-09-28T03:54:40.399476Z,0.0100,93.51,yes
2026-09-28T03:54:40.420296Z,0.0100,20.66,yes
2026-09-28T03:54:40.45891Z,0.0100,93.51,yes
2026-09-28T03:54:40.482902Z,0.0100,93.51,yes
2026-09-28T03:54:40.484983Z,0.0100,59.85,yes
2026-09-28T03:54:40.502854Z,0.0100,935.19,yes
2026-09-28T03:54:40.503602Z,0.0100,93.51,yes
2026-09-28T03:54:40.508164Z,0.0100,1870.38,yes
2026-09-28T03:54:40.519397Z,0.0100,935.19,yes
2026-09-28T03:54:40.536687Z,0.0100,1402.78,yes
2026-09-28T03:54:40.544277Z,0.0100,2150.93,yes
2026-09-28T03:54:40.544715Z,0.0100,467.59,yes
2026-09-28T03:54:40.560819Z,0.0100,93.51,yes
2026-09-28T03:54:40.570933Z,0.0100,2805.57,yes
2026-09-28T03:54:40.571873Z,0.0100,467.59,yes
2026-09-28T03:54:40.580686Z,0.0100,467.59,yes
2026-09-28T03:54:40.583257Z,0.0100,93.51,yes
2026-09-28T03:54:40.615037Z,0.0100,187.03,yes
2026-09-28T03:54:40.631991Z,0.0100,374.07,yes
2026-09-28T03:54:40.64525Z,0.0100,935.19,yes
2026-09-28T03:54:40.646031Z,0.0100,93.51,yes
2026-09-28T03:54:40.658735Z,0.0100,467.59,yes
2026-09-28T03:54:40.703407Z,0.0100,4675.95,yes
2026-09-28T03:54:40.708548Z,0.0100,280.55,yes
2026-09-28T03:54:40.71676Z,0.0100,0.93,yes
2026-09-28T03:54:40.744336Z,0.0100,748.15,yes
2026-09-28T03:54:40.765645Z,0.0100,935.19,yes
2026-09-28T03:54:40.770939Z,0.0100,333.00,yes
2026-09-28T03:54:40.787984Z,0.0100,935.19,yes
2026-09-28T03:54:40.795065Z,0.0100,93.51,yes
2026-09-28T03:54:40.799771Z,0.0100,93.51,yes
2026-09-28T03:54:40.801787Z,0.0100,93.51,yes
2026-09-28T03:54:40.818479Z,0.0100,467.59,yes
2026-09-28T03:54:40.822082Z,0.0100,93.51,yes
2026-09-28T03:54:40.831574Z,0.0100,2337.97,yes
2026-09-28T03:54:40.84669Z,0.0100,1870.38,yes
2026-09-28T03:54:40.890375Z,0.0100,187.03,yes
2026-09-28T03:54:40.902633Z,0.0100,112.22,yes
2026-09-28T03:54:40.921084Z,0.0100,66.00,yes
2026-09-28T03:54:40.937048Z,0.0100,33.00,yes
2026-09-28T03:54:40.952295Z,0.0100,467.59,yes
2026-09-28T03:54:40.962049Z,0.0100,93.51,yes
2026-09-28T03:54:40.962563Z,0.0100,93.51,yes
2026-09-28T03:54:40.969958Z,0.0100,93.51,yes
2026-09-28T03:54:41.004519Z,0.0100,467.59,yes
2026-09-28T03:54:41.005314Z,0.0100,93.51,yes
2026-09-28T03:54:41.009929Z,0.0100,935.19,yes
2026-09-28T03:54:41.052226Z,0.0100,93.51,yes
2026-09-28T03:54:41.053038Z,0.0100,93.51,yes
2026-09-28T03:54:41.061078Z,0.0100,67.33,yes
2026-09-28T03:54:41.064937Z,0.0100,93.51,yes
2026-09-28T03:54:41.093926Z,0.0100,166.00,yes
2026-09-28T03:54:41.102313Z,0.0100,93.51,yes
2026-09-28T03:54:41.122381Z,0.0100,935.19,yes
2026-09-28T03:54:41.128356Z,0.0100,467.59,yes
2026-09-28T03:54:41.135235Z,0.0100,935.19,yes
2026-09-28T03:54:41.13836Z,0.0100,467.59,yes
2026-09-28T03:54:41.152556Z,0.0100,93.51,yes
2026-09-28T03:54:41.155306Z,0.0100,93.51,yes
2026-09-28T03:54:41.200615Z,0.0100,93.51,yes
2026-09-28T03:54:41.206777Z,0.0100,333.00,yes
2026-09-28T03:54:41.213761Z,0.0100,9.35,yes
2026-09-28T03:54:41.249324Z,0.0100,467.59,yes
2026-09-28T03:54:41.289737Z,0.0100,93.51,yes
2026-09-28T03:54:41.296593Z,0.0100,93.51,yes
2026-09-28T03:54:41.322032Z,0.0100,187.03,yes
2026-09-28T03:54:41.403078Z,0.0100,93.51,yes
2026-09-28T03:54:41.421501Z,0.0100,140.27,yes
2026-09-28T03:54:41.450946Z,0.0100,93.51,yes
2026-09-28T03:54:41.481014Z,0.0100,93.51,yes
2026-09-28T03:54:41.482419Z,0.0100,3333.00,yes
2026-09-28T03:54:41.493774Z,0.0100,33.00,yes
2026-09-28T03:54:41.506395Z,0.0100,187.03,yes
2026-09-28T03:54:41.511547Z,0.0100,93.51,yes
2026-09-28T03:54:41.526661Z,0.0100,467.59,yes
2026-09-28T03:54:41.548327Z,0.0100,11.79,yes
2026-09-28T03:54:41.55557Z,0.0100,115.02,yes
2026-09-28T03:54:41.555781Z,0.0100,99.66,yes
2026-09-28T03:54:41.564922Z,0.0100,33.00,yes
2026-09-28T03:54:41.585299Z,0.0100,166.00,yes
2026-09-28T03:54:41.615618Z,0.0100,93.51,yes
2026-09-28T03:54:41.646941Z,0.0100,93.51,yes
2026-09-28T03:54:41.647758Z,0.0100,93.51,yes
2026-09-28T03:54:41.709342Z,0.0100,187.03,yes
2026-09-28T03:54:41.714444Z,0.0100,166.00,yes
2026-09-28T03:54:41.726206Z,0.0100,467.59,yes
2026-09-28T03:54:41.735919Z,0.0100,24.31,yes
2026-09-28T03:54:41.744925Z,0.0100,467.59,yes
2026-09-28T03:54:41.77754Z,0.0100,1215.74,yes
2026-09-28T03:54:41.793716Z,0.0100,333.00,yes
2026-09-28T03:54:41.799521Z,0.0100,280.55,yes
2026-09-28T03:54:41.855833Z,0.0100,187.03,yes
2026-09-28T03:54:41.856005Z,0.0100,935.19,yes
2026-09-28T03:54:41.909871Z,0.0100,93.51,yes
2026-09-28T03:54:41.917141Z,0.0100,93.51,yes
2026-09-28T03:54:41.926245Z,0.0100,935.19,yes
2026-09-28T03:54:41.947529Z,0.0100,46.75,yes
2026-09-28T03:54:41.994125Z,0.0100,935.19,yes
2026-09-28T03:54:42.014672Z,0.0100,93.51,yes
2026-09-28T03:54:42.015546Z,0.0100,149.63,yes
2026-09-28T03:54:42.015753Z,0.0100,93.51,yes
2026-09-28T03:54:42.025372Z,0.0100,280.55,yes
2026-09-28T03:54:42.048873Z,0.0100,467.59,yes
2026-09-28T03:54:42.057485Z,0.0100,333.00,yes
2026-09-28T03:54:42.063807Z,0.0100,467.59,yes
2026-09-28T03:54:42.072435Z,0.0100,9351.91,yes
2026-09-28T03:54:42.10901Z,0.0100,666.00,yes
2026-09-28T03:54:42.11002Z,0.0100,18.70,yes
2026-09-28T03:54:42.12064Z,0.0100,935.19,yes
2026-09-28T03:54:42.134257Z,0.0100,14.02,yes
2026-09-28T03:54:42.136828Z,0.0100,935.19,yes
2026-09-28T03:54:42.143021Z,0.0100,1870.38,yes
2026-09-28T03:54:42.161857Z,0.0100,935.19,yes
2026-09-28T03:54:42.189866Z,0.0100,187.03,yes
2026-09-28T03:54:42.205552Z,0.0100,935.19,yes
2026-09-28T03:54:42.213467Z,0.0100,187.03,yes
2026-09-28T03:54:42.21623Z,0.0100,93.51,yes
2026-09-28T03:54:42.234846Z,0.0100,93.51,yes
2026-09-28T03:54:42.295569Z,0.0100,935.19,yes
2026-09-28T03:54:42.300207Z,0.0100,1870.38,yes
2026-09-28T03:54:42.333327Z,0.0100,93.51,yes
2026-09-28T03:54:42.348229Z,0.0100,33.00,yes
2026-09-28T03:54:42.375793Z,0.0100,93.51,yes
2026-09-28T03:54:42.402233Z,0.0100,561.11,yes
2026-09-28T03:54:42.448741Z,0.0100,4.67,yes
2026-09-28T03:54:42.524118Z,0.0100,841.67,yes
2026-09-28T03:54:42.546242Z,0.0100,467.59,yes
2026-09-28T03:54:42.555356Z,0.0100,111.28,yes
2026-09-28T03:54:42.559463Z,0.0100,1402.78,yes
2026-09-28T03:54:42.561285Z,0.0100,467.59,yes
2026-09-28T03:54:42.566935Z,0.0100,2337.97,yes
2026-09-28T03:54:42.57141Z,0.0100,187.03,yes
2026-09-28T03:54:42.582943Z,0.0100,93.51,yes
2026-09-28T03:54:42.590401Z,0.0100,93.51,yes
2026-09-28T03:54:42.595101Z,0.0100,93.51,yes
2026-09-28T03:54:42.597846Z,0.0100,93.51,yes
2026-09-28T03:54:42.609521Z,0.0100,467.59,yes
2026-09-28T03:54:42.628417Z,0.0100,9351.91,yes
2026-09-28T03:54:42.656632Z,0.0100,93.51,yes
2026-09-28T03:54:42.694487Z,0.0100,93.51,yes
2026-09-28T03:54:42.695931Z,0.0100,93.51,yes
2026-09-28T03:54:42.701503Z,0.0100,467.59,yes
2026-09-28T03:54:42.744574Z,0.0100,9351.91,yes
2026-09-28T03:54:42.765067Z,0.0100,154.30,yes
2026-09-28T03:54:42.811265Z,0.0100,66.00,yes
2026-09-28T03:54:42.826738Z,0.0100,1870.38,yes
2026-09-28T03:54:42.831947Z,0.0100,28.05,yes
2026-09-28T03:54:42.837455Z,0.0100,467.59,yes
2026-09-28T03:54:42.840054Z,0.0100,467.59,yes
2026-09-28T03:54:42.846682Z,0.0100,1870.38,yes
2026-09-28T03:54:42.846721Z,0.0100,4675.95,yes
2026-09-28T03:54:42.864859Z,0.0100,19.63,yes
2026-09-28T03:54:42.880728Z,0.0100,105.67,yes
2026-09-28T03:54:42.891149Z,0.0100,33.00,yes
2026-09-28T03:54:42.894416Z,0.0100,66.33,yes
2026-09-28T03:54:42.910582Z,0.0100,93.51,yes
2026-09-28T03:54:42.9255Z,0.0100,654.63,yes
2026-09-28T03:54:42.952077Z,0.0100,467.59,yes
2026-09-28T03:54:42.966983Z,0.0100,1333.00,yes
2026-09-28T03:54:42.986455Z,0.0100,4675.95,yes
2026-09-28T03:54:42.9935Z,0.0100,56.11,yes
2026-09-28T03:54:42.994936Z,0.0100,467.59,yes
2026-09-28T03:54:43.050756Z,0.0100,1460.76,yes
2026-09-28T03:54:43.062258Z,0.0100,93.51,yes
2026-09-28T03:54:43.070524Z,0.0100,500.00,yes
2026-09-28T03:54:43.076972Z,0.0100,467.59,yes
2026-09-28T03:54:43.104583Z,0.0100,467.59,yes
2026-09-28T03:54:43.261091Z,0.0100,93.51,yes
2026-09-28T03:54:43.280512Z,0.0100,93.51,yes
2026-09-28T03:54:43.298065Z,0.0100,473.48,yes
2026-09-28T03:54:43.298579Z,0.0100,66.00,yes
2026-09-28T03:54:43.315853Z,0.0100,93.51,yes
2026-09-28T03:54:43.3613Z,0.0100,4675.95,yes
2026-09-28T03:54:43.371431Z,0.0100,166.00,yes
2026-09-28T03:54:43.384538Z,0.0100,2291.21,yes
2026-09-28T03:54:43.385154Z,0.0100,187.03,yes
2026-09-28T03:54:43.401323Z,0.0100,935.19,yes
2026-09-28T03:54:43.411855Z,0.0100,467.59,yes
2026-09-28T03:54:43.480219Z,0.0100,200.00,yes
2026-09-28T03:54:43.51475Z,0.0100,390.90,yes
2026-09-28T03:54:43.518684Z,0.0100,935.19,yes
2026-09-28T03:54:43.553372Z,0.0100,467.59,yes
2026-09-28T03:54:43.565429Z,0.0100,93.51,yes
2026-09-28T03:54:43.571721Z,0.0100,1870.38,yes
2026-09-28T03:54:43.5728Z,0.0100,467.59,yes
2026-09-28T03:54:43.579845Z,0.0100,9.35,yes
2026-09-28T03:54:43.583372Z,0.0100,93.51,yes
2026-09-28T03:54:43.59285Z,0.0100,93.51,yes
2026-09-28T03:54:43.596137Z,0.0100,157.11,yes
2026-09-28T03:54:43.604465Z,0.0100,93.51,yes
2026-09-28T03:54:43.60569Z,0.0100,1233.00,yes
2026-09-28T03:54:43.61112Z,0.0100,93.51,yes
2026-09-28T03:54:43.612734Z,0.0100,467.59,yes
2026-09-28T03:54:43.64652Z,0.0100,93.51,yes
2026-09-28T03:54:43.69235Z,0.0100,467.59,yes
2026-09-28T03:54:43.719822Z,0.0100,1870.38,yes
2026-09-28T03:54:43.720044Z,0.0100,561.11,yes
2026-09-28T03:54:43.755188Z,0.0100,187.03,yes
2026-09-28T03:54:43.758124Z,0.0100,333.00,yes
2026-09-28T03:54:43.774582Z,0.0100,50.00,yes
2026-09-28T03:54:43.799099Z,0.0100,93.51,yes
2026-09-28T03:54:43.825147Z,0.0100,44.88,yes
2026-09-28T03:54:43.852754Z,0.0100,187.03,yes
2026-09-28T03:54:43.861291Z,0.0100,93.51,yes
2026-09-28T03:54:43.864174Z,0.0100,166.00,yes
2026-09-28T03:54:43.889741Z,0.0100,93.00,yes
2026-09-28T03:54:43.890835Z,0.0100,93.51,yes
2026-09-28T03:54:43.912949Z,0.0100,93.51,yes
2026-09-28T03:54:43.917518Z,0.0100,93.51,yes
2026-09-28T03:54:43.936458Z,0.0100,935.19,yes
2026-09-28T03:54:43.972133Z,0.0100,935.19,yes
2026-09-28T03:54:44.006526Z,0.0100,33.00,yes
2026-09-28T03:54:44.036417Z,0.0100,280.55,yes
2026-09-28T03:54:44.053356Z,0.0100,2337.97,yes
2026-09-28T03:54:44.057738Z,0.0100,93.51,yes
2026-09-28T03:54:44.070807Z,0.0100,93.51,yes
2026-09-28T03:54:44.074304Z,0.0100,187.03,yes
2026-09-28T03:54:44.074616Z,0.0100,10.00,yes
2026-09-28T03:54:44.080785Z,0.0100,508.74,yes
2026-09-28T03:54:44.0942Z,0.0100,132.79,yes
2026-09-28T03:54:44.095483Z,0.0100,93.51,yes
2026-09-28T03:54:44.146133Z,0.0100,93.51,yes
2026-09-28T03:54:44.200925Z,0.0100,187.03,yes
2026-09-28T03:54:44.216472Z,0.0100,935.19,yes
2026-09-28T03:54:44.2294Z,0.0100,467.59,yes
2026-09-28T03:54:44.230683Z,0.0100,935.19,yes
2026-09-28T03:54:44.231502Z,0.0100,93.51,yes
2026-09-28T03:54:44.286886Z,0.0100,187.03,yes
2026-09-28T03:54:44.305692Z,0.0100,935.19,yes
2026-09-28T03:54:44.314121Z,0.0100,19.63,yes
2026-09-28T03:54:44.329865Z,0.0100,187.03,yes
2026-09-28T03:54:44.338101Z,0.0100,9.35,yes
2026-09-28T03:54:44.351715Z,0.0100,2337.97,yes
2026-09-28T03:54:44.35212Z,0.0100,4675.95,yes
2026-09-28T03:54:44.354537Z,0.0100,93.51,yes
2026-09-28T03:54:44.376465Z,0.0100,93.51,yes
2026-09-28T03:54:44.38246Z,0.0100,935.19,yes
2026-09-28T03:54:44.384652Z,0.0100,93.51,yes
2026-09-28T03:54:44.40283Z,0.0100,99.66,yes
2026-09-28T03:54:44.406989Z,0.0100,93.51,yes
2026-09-28T03:54:44.407237Z,0.0100,187.03,yes
2026-09-28T03:54:44.43251Z,0.0100,935.19,yes
2026-09-28T03:54:44.445365Z,0.0100,935.19,yes
2026-09-28T03:54:44.456672Z,0.0100,187.03,yes
2026-09-28T03:54:44.469491Z,0.0100,467.59,yes
2026-09-28T03:54:44.476483Z,0.0100,295.14,yes
2026-09-28T03:54:44.507635Z,0.0100,93.51,yes
2026-09-28T03:54:44.509469Z,0.0100,467.00,yes
2026-09-28T03:54:44.586678Z,0.0100,467.59,yes
2026-09-28T03:54:44.597763Z,0.0100,1300.00,yes
2026-09-28T03:54:44.637317Z,0.0100,93.51,yes
2026-09-28T03:54:44.646112Z,0.0100,467.59,yes
2026-09-28T03:54:44.650116Z,0.0100,93.51,yes
2026-09-28T03:54:44.694132Z,0.0100,280.55,yes
2026-09-28T03:54:44.702752Z,0.0100,187.03,yes
2026-09-28T03:54:44.724322Z,0.0100,467.59,yes
2026-09-28T03:54:44.727074Z,0.0100,93.51,yes
2026-09-28T03:54:44.729754Z,0.0100,561.11,yes
2026-09-28T03:54:44.750499Z,0.0100,187.03,yes
2026-09-28T03:54:44.759417Z,0.0100,610.00,yes
2026-09-28T03:54:44.773431Z,0.0100,93.51,yes
2026-09-28T03:54:44.781587Z,0.0100,32.73,yes
2026-09-28T03:54:44.802843Z,0.0100,1870.38,yes
2026-09-28T03:54:44.810304Z,0.0100,93.51,yes
2026-09-28T03:54:44.811262Z,0.0100,333.00,yes
2026-09-28T03:54:44.826045Z,0.0100,93.51,yes
2026-09-28T03:54:44.830479Z,0.0100,166.00,yes
2026-09-28T03:54:44.843984Z,0.0100,467.59,yes
2026-09-28T03:54:44.847511Z,0.0100,184.00,yes
2026-09-28T03:54:44.856734Z,0.0100,93.51,yes
2026-09-28T03:54:44.881528Z,0.0100,64.52,yes
2026-09-28T03:54:44.912355Z,0.0100,115.02,yes
2026-09-28T03:54:44.913806Z,0.0100,93.51,yes
2026-09-28T03:54:44.919173Z,0.0100,187.03,yes
2026-09-28T03:54:44.922025Z,0.0100,93.51,yes
2026-09-28T03:54:44.947914Z,0.0100,93.51,yes
2026-09-28T03:54:44.954299Z,0.0100,280.55,yes
2026-09-28T03:54:45.006283Z,0.0100,467.59,yes
2026-09-28T03:54:45.018003Z,0.0100,1870.38,yes
2026-09-28T03:54:45.035189Z,0.0100,93.51,yes
2026-09-28T03:54:45.046125Z,0.0100,187.03,yes
2026-09-28T03:54:45.07098Z,0.0100,1402.78,yes
2026-09-28T03:54:45.078744Z,0.0100,3740.76,yes
2026-09-28T03:54:45.085975Z,0.0100,93.51,yes
2026-09-28T03:54:45.092396Z,0.0100,1212.94,yes
2026-09-28T03:54:45.092792Z,0.0100,935.19,yes
2026-09-28T03:54:45.125306Z,0.0100,93.51,yes
2026-09-28T03:54:45.141912Z,0.0100,93.51,yes
2026-09-28T03:54:45.166811Z,0.0100,93.51,yes
2026-09-28T03:54:45.177749Z,0.0100,93.51,yes
2026-09-28T03:54:45.185185Z,0.0100,93.51,yes
2026-09-28T03:54:45.23002Z,0.0100,46.75,yes
2026-09-28T03:54:45.252139Z,0.0100,1870.38,yes
2026-09-28T03:54:45.263507Z,0.0100,115.02,yes
2026-09-28T03:54:45.269039Z,0.0100,833.00,yes
2026-09-28T03:54:45.298367Z,0.0100,23.28,yes
2026-09-28T03:54:45.302872Z,0.0100,467.59,yes
2026-09-28T03:54:45.310677Z,0.0100,467.59,yes
2026-09-28T03:54:45.337605Z,0.0100,93.51,yes
2026-09-28T03:54:45.343748Z,0.0100,1870.38,yes
2026-09-28T03:54:45.36735Z,0.0100,935.19,yes
2026-09-28T03:54:45.372834Z,0.0100,467.59,yes
2026-09-28T03:54:45.375804Z,0.0100,467.59,yes
2026-09-28T03:54:45.420994Z,0.0100,935.19,yes
2026-09-28T03:54:45.421614Z,0.0100,93.51,yes
2026-09-28T03:54:45.430482Z,0.0100,467.59,yes
2026-09-28T03:54:45.444425Z,0.0100,1870.38,yes
2026-09-28T03:54:45.455706Z,0.0100,280.55,yes
2026-09-28T03:54:45.468662Z,0.0100,187.03,yes
2026-09-28T03:54:45.501614Z,0.0100,14.96,yes
2026-09-28T03:54:45.505831Z,0.0100,187.03,yes
2026-09-28T03:54:45.529423Z,0.0100,93.51,yes
2026-09-28T03:54:45.542977Z,0.0100,299.26,yes
2026-09-28T03:54:45.570664Z,0.0100,187.03,yes
2026-09-28T03:54:45.582011Z,0.0100,23.37,yes
2026-09-28T03:54:45.59107Z,0.0100,93.51,yes
2026-09-28T03:54:45.60537Z,0.0100,33.00,yes
2026-09-28T03:54:45.647061Z,0.0100,93.51,yes
2026-09-28T03:54:45.664768Z,0.0100,374.07,yes
2026-09-28T03:54:45.708889Z,0.0100,935.19,yes
2026-09-28T03:54:45.71969Z,0.0100,93.51,yes
2026-09-28T03:54:45.752887Z,0.0100,46.75,yes
2026-09-28T03:54:45.775232Z,0.0100,4208.36,yes
2026-09-28T03:54:45.77835Z,0.0100,935.19,yes
2026-09-28T03:54:45.78513Z,0.0100,935.19,yes
2026-09-28T03:54:45.791683Z,0.0100,467.59,yes
2026-09-28T03:54:45.799062Z,0.0100,93.51,yes
2026-09-28T03:54:45.847424Z,0.0100,467.59,yes
2026-09-28T03:54:45.852232Z,0.0100,93.51,yes
2026-09-28T03:54:45.858467Z,0.0100,467.59,yes
2026-09-28T03:54:45.861131Z,0.0100,467.59,yes
2026-09-28T03:54:45.865988Z,0.0100,467.59,yes
2026-09-28T03:54:45.884863Z,0.0100,467.59,yes
2026-09-28T03:54:45.90627Z,0.0100,57.04,yes
2026-09-28T03:54:45.925295Z,0.0100,187.03,yes
2026-09-28T03:54:45.925682Z,0.0100,467.59,yes
2026-09-28T03:54:45.932705Z,0.0100,467.59,yes
2026-09-28T03:54:45.934796Z,0.0100,143.08,yes
2026-09-28T03:54:45.94374Z,0.0100,467.59,yes
2026-09-28T03:54:45.961614Z,0.0100,467.59,yes
2026-09-28T03:54:46.046484Z,0.0100,374.07,yes
2026-09-28T03:54:46.046926Z,0.0100,0.93,yes
2026-09-28T03:54:46.048521Z,0.0100,280.55,yes
2026-09-28T03:54:46.053537Z,0.0100,14.02,yes
2026-09-28T03:54:46.053549Z,0.0100,467.59,yes
2026-09-28T03:54:46.064489Z,0.0100,103.80,yes
2026-09-28T03:54:46.106264Z,0.0100,467.59,yes
2026-09-28T03:54:46.140869Z,0.0100,16.83,yes
2026-09-28T03:54:46.144727Z,0.0100,467.59,yes
2026-09-28T03:54:46.15494Z,0.0100,93.51,yes
2026-09-28T03:54:46.157219Z,0.0100,100.00,yes
2026-09-28T03:54:46.169911Z,0.0100,93.51,yes
2026-09-28T03:54:46.174894Z,0.0100,93.51,yes
2026-09-28T03:54:46.19466Z,0.0100,935.19,yes
2026-09-28T03:54:46.202027Z,0.0100,1870.00,yes
2026-09-28T03:54:46.241029Z,0.0100,187.03,yes
2026-09-28T03:54:46.276304Z,0.0100,93.51,yes
2026-09-28T03:54:46.293373Z,0.0100,467.59,yes
2026-09-28T03:54:46.319246Z,0.0100,666.33,yes
2026-09-28T03:54:46.321226Z,0.0100,935.19,yes
2026-09-28T03:54:46.339933Z,0.0100,93.51,yes
2026-09-28T03:54:46.37096Z,0.0100,33.00,yes
2026-09-28T03:54:46.404337Z,0.0100,93.51,yes
2026-09-28T03:54:46.409947Z,0.0100,166.00,yes
2026-09-28T03:54:46.413583Z,0.0100,93.51,yes
2026-09-28T03:54:46.472818Z,0.0100,93.51,yes
2026-09-28T03:54:46.473437Z,0.0100,467.59,yes
2026-09-28T03:54:46.506026Z,0.0100,1870.38,yes
2026-09-28T03:54:46.518563Z,0.0100,841.67,yes
2026-09-28T03:54:46.520851Z,0.0100,93.51,yes
2026-09-28T03:54:46.526398Z,0.0100,64.00,yes
2026-09-28T03:54:46.531689Z,0.0100,93.51,yes
2026-09-28T03:54:46.54664Z,0.0100,4675.95,yes
2026-09-28T03:54:46.559391Z,0.0100,93.51,yes
2026-09-28T03:54:46.569282Z,0.0100,467.59,yes
2026-09-28T03:54:46.590009Z,0.0100,9351.91,yes
2026-09-28T03:54:46.597718Z,0.0100,2337.97,yes
2026-09-28T03:54:46.600796Z,0.0100,187.03,yes
2026-09-28T03:54:46.614611Z,0.0100,1870.38,yes
2026-09-28T03:54:46.61644Z,0.0100,467.59,yes
2026-09-28T03:54:46.623567Z,0.0100,93.51,yes
2026-09-28T03:54:46.646881Z,0.0100,93.51,yes
2026-09-28T03:54:46.692995Z,0.0100,93.51,yes
2026-09-28T03:54:46.69567Z,0.0100,935.19,yes
2026-09-28T03:54:46.698562Z,0.0100,44.00,yes
2026-09-28T03:54:46.701962Z,0.0100,93.51,yes
2026-09-28T03:54:46.709246Z,0.0100,93.51,yes
2026-09-28T03:54:46.718475Z,0.0100,12.15,yes
2026-09-28T03:54:46.719484Z,0.0100,233.79,yes
2026-09-28T03:54:46.723269Z,0.0100,935.19,yes
2026-09-28T03:54:46.75788Z,0.0100,10.00,yes
2026-09-28T03:54:46.774749Z,0.0100,93.51,yes
2026-09-28T03:54:46.777006Z,0.0100,561.11,yes
2026-09-28T03:54:46.781505Z,0.0100,23.37,yes
2026-09-28T03:54:46.79266Z,0.0100,467.00,yes
2026-09-28T03:54:46.815429Z,0.0100,935.19,yes
2026-09-28T03:54:46.815787Z,0.0100,467.59,yes
2026-09-28T03:54:46.816389Z,0.0100,935.19,yes
2026-09-28T03:54:46.829149Z,0.0100,935.19,yes
2026-09-28T03:54:46.829524Z,0.0100,935.19,yes
2026-09-28T03:54:46.837875Z,0.0100,666.00,yes
2026-09-28T03:54:46.844377Z,0.0100,374.07,yes
2026-09-28T03:54:46.857913Z,0.0100,93.51,yes
2026-09-28T03:54:46.864212Z,0.0100,49.56,yes
2026-09-28T03:54:46.9177Z,0.0100,1870.38,yes
2026-09-28T03:54:46.927519Z,0.0100,935.19,yes
2026-09-28T03:54:46.951901Z,0.0100,467.59,yes
2026-09-28T03:54:46.984649Z,0.0100,467.59,yes
2026-09-28T03:54:46.986896Z,0.0100,467.59,yes
2026-09-28T03:54:46.987102Z,0.0100,93.51,yes
2026-09-28T03:54:46.989944Z,0.0100,93.51,yes
2026-09-28T03:54:47.014418Z,0.0100,93.51,yes
2026-09-28T03:54:47.017965Z,0.0100,94.45,yes
2026-09-28T03:54:47.018587Z,0.0100,19.63,yes
2026-09-28T03:54:47.073809Z,0.0100,467.59,yes
2026-09-28T03:54:47.082716Z,0.0100,187.03,yes
2026-09-28T03:54:47.084851Z,0.0100,467.59,yes
2026-09-28T03:54:47.111775Z,0.0100,2337.97,yes
2026-09-28T03:54:47.153323Z,0.0100,29.16,yes
2026-09-28T03:54:47.172224Z,0.0100,935.19,yes
2026-09-28T03:54:47.175354Z,0.0100,56.11,yes
2026-09-28T03:54:47.183459Z,0.0100,3.74,yes
2026-09-28T03:54:47.309934Z,0.0100,166.00,yes
2026-09-28T03:54:47.317229Z,0.0100,29.92,yes
2026-09-28T03:54:47.374932Z,0.0100,935.19,yes
2026-09-28T03:54:47.37493Z,0.0100,93.51,yes
2026-09-28T03:54:47.392945Z,0.0100,4675.95,yes
2026-09-28T03:54:47.396664Z,0.0100,93.51,yes
2026-09-28T03:54:47.397574Z,0.0100,3.00,yes
2026-09-28T03:54:47.398092Z,0.0100,93.51,yes
2026-09-28T03:54:47.406056Z,0.0100,187.03,yes
2026-09-28T03:54:47.421324Z,0.0100,935.19,yes
2026-09-28T03:54:47.451796Z,0.0100,748.15,yes
2026-09-28T03:54:47.478103Z,0.0100,93.51,yes
2026-09-28T03:54:47.493148Z,0.0100,93.51,yes
2026-09-28T03:54:47.496074Z,0.0100,46759.56,yes
2026-09-28T03:54:47.514791Z,0.0100,187.03,yes
2026-09-28T03:54:47.55786Z,0.0100,935.19,yes
2026-09-28T03:54:47.567704Z,0.0100,93.51,yes
2026-09-28T03:54:47.604972Z,0.0100,93.51,yes
2026-09-28T03:54:47.643289Z,0.0100,1402.78,yes
2026-09-28T03:54:47.656818Z,0.0100,93.51,yes
2026-09-28T03:54:47.670688Z,0.0100,46.75,yes
2026-09-28T03:54:47.674677Z,0.0100,93.51,yes
2026-09-28T03:54:47.692141Z,0.0100,93.51,yes
2026-09-28T03:54:47.704539Z,0.0100,467.59,yes
2026-09-28T03:54:47.721086Z,0.0100,93.51,yes
2026-09-28T03:54:47.73296Z,0.0100,93.51,yes
2026-09-28T03:54:47.733166Z,0.0100,46.75,yes
2026-09-28T03:54:47.767675Z,0.0100,748.15,yes
2026-09-28T03:54:47.771098Z,0.0100,18.70,yes
2026-09-28T03:54:47.788741Z,0.0100,93.51,yes
2026-09-28T03:54:47.795651Z,0.0100,467.59,yes
2026-09-28T03:54:47.803504Z,0.0100,280.55,yes
2026-09-28T03:54:47.81536Z,0.0100,187.03,yes
2026-09-28T03:54:47.836446Z,0.0100,57.04,yes
2026-09-28T03:54:47.83986Z,0.0100,93.51,yes
2026-09-28T03:54:47.844027Z,0.0100,467.59,yes
2026-09-28T03:54:47.851726Z,0.0100,2337.97,yes
2026-09-28T03:54:47.860363Z,0.0100,467.59,yes
2026-09-28T03:54:47.874637Z,0.0100,93.51,yes
2026-09-28T03:54:47.893026Z,0.0100,93.51,yes
2026-09-28T03:54:47.907601Z,0.0100,66.00,yes
2026-09-28T03:54:47.912667Z,0.0100,93.51,yes
2026-09-28T03:54:47.91726Z,0.0100,935.19,yes
2026-09-28T03:54:47.918286Z,0.0100,93.51,yes
2026-09-28T03:54:47.922981Z,0.0100,467.59,yes
2026-09-28T03:54:47.931082Z,0.0100,187.03,yes
2026-09-28T03:54:47.937885Z,0.0100,93.51,yes
2026-09-28T03:54:47.957418Z,0.0100,8.41,yes
2026-09-28T03:54:47.961307Z,0.0100,1870.38,yes
2026-09-28T03:54:47.979074Z,0.0100,93.51,yes
2026-09-28T03:54:47.992773Z,0.0100,300.00,yes
2026-09-28T03:54:48.009915Z,0.0100,166.00,yes
2026-09-28T03:54:48.018887Z,0.0100,233.79,yes
2026-09-28T03:54:48.025577Z,0.0100,93.51,yes
2026-09-28T03:54:48.039372Z,0.0100,187.03,yes
2026-09-28T03:54:48.048144Z,0.0100,935.19,yes
2026-09-28T03:54:48.048511Z,0.0100,467.59,yes
2026-09-28T03:54:48.051186Z,0.0100,280.55,yes
2026-09-28T03:54:48.057866Z,0.0100,467.59,yes
2026-09-28T03:54:48.067863Z,0.0100,23.37,yes
2026-09-28T03:54:48.068881Z,0.0100,935.19,yes
2026-09-28T03:54:48.071853Z,0.0100,87.90,yes
2026-09-28T03:54:48.079713Z,0.0100,187.03,yes
2026-09-28T03:54:48.106004Z,0.0100,4675.95,yes
2026-09-28T03:54:48.106007Z,0.0100,1402.78,yes
2026-09-28T03:54:48.109185Z,0.0100,2337.97,yes
2026-09-28T03:54:48.153388Z,0.0100,187.03,yes
2026-09-28T03:54:48.163618Z,0.0100,6.55,yes
2026-09-28T03:54:48.185674Z,0.0100,66.00,yes
2026-09-28T03:54:48.191923Z,0.0100,93.51,yes
2026-09-28T03:54:48.205768Z,0.0100,93.51,yes
2026-09-28T03:54:48.235176Z,0.0100,467.59,yes
2026-09-28T03:54:48.244419Z,0.0100,467.59,yes
2026-09-28T03:54:48.249935Z,0.0100,467.59,yes
2026-09-28T03:54:48.261179Z,0.0100,33.00,yes
2026-09-28T03:54:48.262117Z,0.0100,187.03,yes
2026-09-28T03:54:48.264539Z,0.0100,187.03,yes
2026-09-28T03:54:48.28561Z,0.0100,467.59,yes
2026-09-28T03:54:48.290987Z,0.0100,935.19,yes
2026-09-28T03:54:48.297072Z,0.0100,93.51,yes
2026-09-28T03:54:48.303033Z,0.0100,93.51,yes
2026-09-28T03:54:48.320872Z,0.0100,93.51,yes
2026-09-28T03:54:48.321715Z,0.0100,93.51,yes
2026-09-28T03:54:48.337947Z,0.0100,935.19,yes
2026-09-28T03:54:48.349866Z,0.0100,93.51,yes
2026-09-28T03:54:48.363967Z,0.0100,54.24,yes
2026-09-28T03:54:48.389997Z,0.0100,93.51,yes
2026-09-28T03:54:48.396357Z,0.0100,333.00,yes
2026-09-28T03:54:48.396959Z,0.0100,100.00,yes
2026-09-28T03:54:48.40734Z,0.0100,467.59,yes
2026-09-28T03:54:48.408261Z,0.0100,333.00,yes
2026-09-28T03:54:48.449831Z,0.0100,93.51,yes
2026-09-28T03:54:48.461055Z,0.0100,935.19,yes
2026-09-28T03:54:48.47304Z,0.0100,467.59,yes
2026-09-28T03:54:48.491841Z,0.0100,467.59,yes
2026-09-28T03:54:48.499454Z,0.0100,187.03,yes
2026-09-28T03:54:48.511793Z,0.0100,561.11,yes
2026-09-28T03:54:48.527125Z,0.0100,187.03,yes
2026-09-28T03:54:48.535637Z,0.0100,7949.12,yes
2026-09-28T03:54:48.541248Z,0.0100,935.19,yes
2026-09-28T03:54:48.572389Z,0.0100,187.03,yes
2026-09-28T03:54:48.584568Z,0.0100,280.55,yes
2026-09-28T03:54:48.58745Z,0.0100,187.03,yes
2026-09-28T03:54:48.589477Z,0.0100,4675.95,yes
2026-09-28T03:54:48.59461Z,0.0100,187.03,yes
2026-09-28T03:54:48.604167Z,0.0100,93.51,yes
2026-09-28T03:54:48.610923Z,0.0100,1870.38,yes
2026-09-28T03:54:48.617315Z,0.0100,199.00,yes
2026-09-28T03:54:48.62095Z,0.0100,187.03,yes
2026-09-28T03:54:48.62465Z,0.0100,93.51,yes
2026-09-28T03:54:48.624679Z,0.0100,93.51,yes
2026-09-28T03:54:48.627331Z,0.0100,93.51,yes
2026-09-28T03:54:48.69471Z,0.0100,93.51,yes
2026-09-28T03:54:48.704062Z,0.0100,35.95,yes
2026-09-28T03:54:48.705213Z,0.0100,467.59,yes
2026-09-28T03:54:48.750433Z,0.0100,748.15,yes
2026-09-28T03:54:48.752684Z,0.0100,93.51,yes
2026-09-28T03:54:48.757919Z,0.0100,1496.30,yes
2026-09-28T03:54:48.781554Z,0.0100,333.00,yes
2026-09-28T03:54:48.782453Z,0.0100,93.51,yes
2026-09-28T03:54:48.809815Z,0.0100,93.51,yes
2026-09-28T03:54:48.814229Z,0.0100,93.51,yes
2026-09-28T03:54:48.837006Z,0.0100,93.51,yes
2026-09-28T03:54:48.837203Z,0.0100,14027.86,yes
2026-09-28T03:54:48.85737Z,0.0100,374.07,yes
2026-09-28T03:54:48.888029Z,0.0100,467.59,yes
2026-09-28T03:54:48.904382Z,0.0100,666.00,yes
2026-09-28T03:54:48.907616Z,0.0100,467.59,yes
2026-09-28T03:54:48.912249Z,0.0100,100.00,yes
2026-09-28T03:54:48.917664Z,0.0100,93.51,yes
2026-09-28T03:54:48.9361Z,0.0100,187.03,yes
2026-09-28T03:54:48.96026Z,0.0100,93.51,yes
2026-09-28T03:54:48.968026Z,0.0100,93.51,yes
2026-09-28T03:54:48.996365Z,0.0100,187.03,yes
2026-09-28T03:54:49.0091Z,0.0100,2337.97,yes
2026-09-28T03:54:49.059388Z,0.0100,467.59,yes
2026-09-28T03:54:49.065639Z,0.0100,1402.78,yes
2026-09-28T03:54:49.070445Z,0.0100,93.51,yes
2026-09-28T03:54:49.096496Z,0.0100,467.59,yes
2026-09-28T03:54:49.114693Z,0.0100,9.00,yes
2026-09-28T03:54:49.115705Z,0.0100,187.03,yes
2026-09-28T03:54:49.161128Z,0.0100,1.87,yes
2026-09-28T03:54:49.16606Z,0.0100,467.59,yes
2026-09-28T03:54:49.192808Z,0.0100,93.51,yes
2026-09-28T03:54:49.216798Z,0.0100,93.51,yes
2026-09-28T03:54:49.217159Z,0.0100,93.51,yes
2026-09-28T03:54:49.254954Z,0.0100,187.03,yes
2026-09-28T03:54:49.265131Z,0.0100,72.00,yes
2026-09-28T03:54:49.290156Z,0.0100,1500.00,yes
2026-09-28T03:54:49.306647Z,0.0100,333.00,yes
2026-09-28T03:54:49.312942Z,0.0100,280.55,yes
2026-09-28T03:54:49.321349Z,0.0100,93.51,yes
2026-09-28T03:54:49.357896Z,0.0100,935.19,yes
2026-09-28T03:54:49.36899Z,0.0100,93.51,yes
2026-09-28T03:54:49.423369Z,0.0100,467.59,yes
2026-09-28T03:54:49.437405Z,0.0100,93.51,yes
2026-09-28T03:54:49.437452Z,0.0100,166.33,yes
2026-09-28T03:54:49.438633Z,0.0100,93.51,yes
2026-09-28T03:54:49.443137Z,0.0100,93.51,yes
2026-09-28T03:54:49.444464Z,0.0100,12063.96,yes
2026-09-28T03:54:49.475448Z,0.0100,467.59,yes
2026-09-28T03:54:49.487737Z,0.0100,1.87,yes
2026-09-28T03:54:49.50838Z,0.0100,374.07,yes
2026-09-28T03:54:49.518211Z,0.0100,0.93,yes
2026-09-28T03:54:49.529444Z,0.0100,93.51,yes
2026-09-28T03:54:49.546525Z,0.0100,280.55,yes
2026-09-28T03:54:49.550828Z,0.0100,93.51,yes
2026-09-28T03:54:49.559458Z,0.0100,467.59,yes
2026-09-28T03:54:49.565187Z,0.0100,187.03,yes
2026-09-28T03:54:49.584749Z,0.0100,935.19,yes
2026-09-28T03:54:49.585367Z,0.0100,93.51,yes
2026-09-28T03:54:49.592081Z,0.0100,187.03,yes
2026-09-28T03:54:49.600431Z,0.0100,33.00,yes
2026-09-28T03:54:49.609945Z,0.0100,46.75,yes
2026-09-28T03:54:49.625188Z,0.0100,467.59,yes
2026-09-28T03:54:49.643359Z,0.0100,935.19,yes
2026-09-28T03:54:49.644678Z,0.0100,66.00,yes
2026-09-28T03:54:49.689533Z,0.0100,333.00,yes
2026-09-28T03:54:49.690078Z,0.0100,467.59,yes
2026-09-28T03:54:49.690136Z,0.0100,93.51,yes
2026-09-28T03:54:49.690981Z,0.0100,187.03,yes
2026-09-28T03:54:49.708519Z,0.0100,467.59,yes
2026-09-28T03:54:49.783416Z,0.0100,467.59,yes
2026-09-28T03:54:49.783739Z,0.0100,935.19,yes
2026-09-28T03:54:49.799472Z,0.0100,1870.38,yes
2026-09-28T03:54:49.806685Z,0.0100,93.51,yes
2026-09-28T03:54:49.809319Z,0.0100,93.51,yes
2026-09-28T03:54:49.841988Z,0.0100,2337.97,yes
2026-09-28T03:54:49.861409Z,0.0100,280.55,yes
2026-09-28T03:54:49.875369Z,0.0100,46.75,yes
2026-09-28T03:54:49.888724Z,0.0100,935.19,yes
2026-09-28T03:54:49.899683Z,0.0100,1392.49,yes
2026-09-28T03:54:49.900488Z,0.0100,467.59,yes
2026-09-28T03:54:49.905379Z,0.0100,467.59,yes
2026-09-28T03:54:49.918588Z,0.0100,467.59,yes
2026-09-28T03:54:49.922064Z,0.0100,93.51,yes
2026-09-28T03:54:49.931704Z,0.0100,467.59,yes
2026-09-28T03:54:49.942973Z,0.0100,935.19,yes
2026-09-28T03:54:49.946643Z,0.0100,93.51,yes
2026-09-28T03:54:49.953358Z,0.0100,93.51,yes
2026-09-28T03:54:49.977902Z,0.0100,467.59,yes
2026-09-28T03:54:49.981619Z,0.0100,333.00,yes
2026-09-28T03:54:49.989766Z,0.0100,1870.38,yes
2026-09-28T03:54:49.991696Z,0.0100,467.59,yes
2026-09-28T03:54:49.994068Z,0.0100,33.00,yes
2026-09-28T03:54:50.024471Z,0.0100,93.51,yes
2026-09-28T03:54:50.046689Z,0.0100,935.19,yes
2026-09-28T03:54:50.066727Z,0.0100,467.59,yes
2026-09-28T03:54:50.082162Z,0.0100,467.59,yes
2026-09-28T03:54:50.087084Z,0.0100,467.59,yes
2026-09-28T03:54:50.12104Z,0.0100,313.28,yes
2026-09-28T03:54:50.121174Z,0.0100,37.87,yes
2026-09-28T03:54:50.143406Z,0.0100,467.59,yes
2026-09-28T03:54:50.145939Z,0.0100,891.23,yes
2026-09-28T03:54:50.157424Z,0.0100,93.51,yes
2026-09-28T03:54:50.169217Z,0.0100,93.51,yes
2026-09-28T03:54:50.185652Z,0.0100,4675.95,yes
2026-09-28T03:54:50.203603Z,0.0100,654.63,yes
2026-09-28T03:54:50.212147Z,0.0100,467.59,yes
2026-09-28T03:54:50.216018Z,0.0100,187.03,yes
2026-09-28T03:54:50.227178Z,0.0100,9.35,yes
2026-09-28T03:54:50.245239Z,0.0100,93.51,yes
2026-09-28T03:54:50.24617Z,0.0100,467.59,yes
2026-09-28T03:54:50.25534Z,0.0100,93.51,yes
2026-09-28T03:54:50.294994Z,0.0100,187.03,yes
2026-09-28T03:54:50.300939Z,0.0100,467.59,yes
2026-09-28T03:54:50.30195Z,0.0100,654.63,yes
2026-09-28T03:54:50.334361Z,0.0100,935.19,yes
2026-09-28T03:54:50.334741Z,0.0100,93.51,yes
2026-09-28T03:54:50.346422Z,0.0100,467.59,yes
2026-09-28T03:54:50.349518Z,0.0100,884.69,yes
2026-09-28T03:54:50.351143Z,0.0100,187.03,yes
2026-09-28T03:54:50.378377Z,0.0100,187.03,yes
2026-09-28T03:54:50.439805Z,0.0100,467.59,yes
2026-09-28T03:54:50.470772Z,0.0100,72.94,yes
2026-09-28T03:54:50.477661Z,0.0100,187.03,yes
2026-09-28T03:54:50.482791Z,0.0100,93.51,yes
2026-09-28T03:54:50.500116Z,0.0100,935.19,yes
2026-09-28T03:54:50.521508Z,0.0100,935.19,yes
2026-09-28T03:54:50.533913Z,0.0100,69.20,yes
2026-09-28T03:54:50.541313Z,0.0100,187.03,yes
2026-09-28T03:54:50.554431Z,0.0100,154.30,yes
2026-09-28T03:54:50.565143Z,0.0100,93.51,yes
2026-09-28T03:54:50.566566Z,0.0100,93.51,yes
2026-09-28T03:54:50.577104Z,0.0100,467.59,yes
2026-09-28T03:54:50.594697Z,0.0100,93.51,yes
2026-09-28T03:54:50.594904Z,0.0100,93.51,yes
2026-09-28T03:54:50.596948Z,0.0100,14.02,yes
2026-09-28T03:54:50.623714Z,0.0100,467.59,yes
2026-09-28T03:54:50.628477Z,0.0100,467.59,yes
2026-09-28T03:54:50.631934Z,0.0100,39.27,yes
2026-09-28T03:54:50.639893Z,0.0100,93.51,yes
2026-09-28T03:54:50.654801Z,0.0100,4675.95,yes
2026-09-28T03:54:50.65659Z,0.0100,23.37,yes
2026-09-28T03:54:50.664438Z,0.0100,93.51,yes
2026-09-28T03:54:50.67229Z,0.0100,46759.56,yes
2026-09-28T03:54:50.685043Z,0.0100,467.59,yes
2026-09-28T03:54:50.69874Z,0.0100,467.59,yes
2026-09-28T03:54:50.71436Z,0.0100,93.51,yes
2026-09-28T03:54:50.727506Z,0.0100,93.51,yes
2026-09-28T03:54:50.735344Z,0.0100,165.52,yes
2026-09-28T03:54:50.749291Z,0.0100,74.81,yes
2026-09-28T03:54:50.768327Z,0.0100,93.51,yes
2026-09-28T03:54:50.77852Z,0.0100,467.59,yes
2026-09-28T03:54:50.781295Z,0.0100,0.93,yes
2026-09-28T03:54:50.799516Z,0.0100,280.55,yes
2026-09-28T03:54:50.80684Z,0.0100,467.59,yes
2026-09-28T03:54:50.828423Z,0.0100,10.00,yes
2026-09-28T03:54:50.84394Z,0.0100,467.59,yes
2026-09-28T03:54:50.858902Z,0.0100,467.59,yes
2026-09-28T03:54:50.869327Z,0.0100,46.75,yes
2026-09-28T03:54:50.872701Z,0.0100,467.59,yes
2026-09-28T03:54:50.878557Z,0.0100,935.19,yes
2026-09-28T03:54:50.89388Z,0.0100,93.51,yes
2026-09-28T03:54:50.898305Z,0.0100,467.59,yes
2026-09-28T03:54:50.909502Z,0.0100,93.00,yes
2026-09-28T03:54:50.915222Z,0.0100,935.19,yes
2026-09-28T03:54:50.924921Z,0.0100,187.03,yes
2026-09-28T03:54:50.924939Z,0.0100,93.51,yes
2026-09-28T03:54:50.956356Z,0.0100,93.51,yes
2026-09-28T03:54:50.956681Z,0.0100,1402.78,yes
2026-09-28T03:54:50.961763Z,0.0100,467.59,yes
2026-09-28T03:54:50.980177Z,0.0100,935.19,yes
2026-09-28T03:54:50.980993Z,0.0100,467.00,yes
2026-09-28T03:54:50.985974Z,0.0100,93.51,yes
2026-09-28T03:54:50.987312Z,0.0100,467.59,yes
2026-09-28T03:54:50.99787Z,0.0100,93.51,yes
2026-09-28T03:54:51.015359Z,0.0100,467.59,yes
2026-09-28T03:54:51.01624Z,0.0100,467.59,yes
2026-09-28T03:54:51.035777Z,0.0100,0.93,yes
2026-09-28T03:54:51.113233Z,0.0100,93.51,yes
2026-09-28T03:54:51.124754Z,0.0100,93.51,yes
2026-09-28T03:54:51.14143Z,0.0100,1870.38,yes
2026-09-28T03:54:51.147551Z,0.0100,280.55,yes
2026-09-28T03:54:51.161566Z,0.0100,467.59,yes
2026-09-28T03:54:51.204022Z,0.0100,1402.78,yes
2026-09-28T03:54:51.212727Z,0.0100,93.51,yes
2026-09-28T03:54:51.247143Z,0.0100,93.51,yes
2026-09-28T03:54:51.25452Z,0.0100,4675.95,yes
2026-09-28T03:54:51.320795Z,0.0100,33.00,yes
2026-09-28T03:54:51.330434Z,0.0100,467.59,yes
2026-09-28T03:54:51.338001Z,0.0100,467.59,yes
2026-09-28T03:54:51.355059Z,0.0100,100.00,yes
2026-09-28T03:54:51.358597Z,0.0100,122.51,yes
2026-09-28T03:54:51.368971Z,0.0100,935.19,yes
2026-09-28T03:54:51.402447Z,0.0100,93.51,yes
2026-09-28T03:54:51.412047Z,0.0100,935.19,yes
2026-09-28T03:54:51.413154Z,0.0100,467.59,yes
2026-09-28T03:54:51.417995Z,0.0100,935.19,yes
2026-09-28T03:54:51.428941Z,0.0100,93.51,yes
2026-09-28T03:54:51.43586Z,0.0100,2337.97,yes
2026-09-28T03:54:51.445052Z,0.0100,467.59,yes
2026-09-28T03:54:51.464189Z,0.0100,4675.95,yes
2026-09-28T03:54:51.465829Z,0.0100,93.51,yes
2026-09-28T03:54:51.466031Z,0.0100,93.51,yes
2026-09-28T03:54:51.495837Z,0.0100,72.94,yes
2026-09-28T03:54:51.514867Z,0.0100,1870.38,yes
2026-09-28T03:54:51.517991Z,0.0100,467.59,yes
2026-09-28T03:54:51.535057Z,0.0100,93.51,yes
2026-09-28T03:54:51.537091Z,0.0100,93.51,yes
2026-09-28T03:54:51.549921Z,0.0100,935.19,yes
2026-09-28T03:54:51.592582Z,0.0100,467.59,yes
2026-09-28T03:54:51.605788Z,0.0100,93.51,yes
2026-09-28T03:54:51.619433Z,0.0100,280.55,yes
2026-09-28T03:54:51.632722Z,0.0100,1870.38,yes
2026-09-28T03:54:51.640196Z,0.0100,93.51,yes
2026-09-28T03:54:51.646708Z,0.0100,93.51,yes
2026-09-28T03:54:51.650069Z,0.0100,935.19,yes
2026-09-28T03:54:51.664664Z,0.0100,935.19,yes
2026-09-28T03:54:51.694868Z,0.0100,467.59,yes
2026-09-28T03:54:51.694874Z,0.0100,467.59,yes
2026-09-28T03:54:51.696515Z,0.0100,4675.95,yes
2026-09-28T03:54:51.703463Z,0.0100,566.00,yes
2026-09-28T03:54:51.703587Z,0.0100,187.03,yes
2026-09-28T03:54:51.704623Z,0.0100,467.59,yes
2026-09-28T03:54:51.708155Z,0.0100,93.51,yes
2026-09-28T03:54:51.735348Z,0.0100,46.75,yes
2026-09-28T03:54:51.74425Z,0.0100,935.19,yes
2026-09-28T03:54:51.78571Z,0.0100,93.51,yes
2026-09-28T03:54:51.785929Z,0.0100,9351.91,yes
2026-09-28T03:54:51.817776Z,0.0100,9.35,yes
2026-09-28T03:54:51.819442Z,0.0100,93.51,yes
2026-09-28T03:54:51.848467Z,0.0100,65.46,yes
2026-09-28T03:54:51.852706Z,0.0100,94.45,yes
2026-09-28T03:54:51.858032Z,0.0100,467.59,yes
2026-09-28T03:54:51.885662Z,0.0100,93.51,yes
2026-09-28T03:54:51.890842Z,0.0100,166.00,yes
2026-09-28T03:54:51.901181Z,0.0100,935.00,yes
2026-09-28T03:54:51.953502Z,0.0100,5143.55,yes
2026-09-28T03:54:51.964372Z,0.0100,103.80,yes
2026-09-28T03:54:51.96498Z,0.0100,467.59,yes
2026-09-28T03:54:51.966382Z,0.0100,93.51,yes
2026-09-28T03:54:51.968023Z,0.0100,93.51,yes
2026-09-28T03:54:51.969113Z,0.0100,0.93,yes
2026-09-28T03:54:52.006157Z,0.0100,93.51,yes
2026-09-28T03:54:52.030996Z,0.0100,93.51,yes
2026-09-28T03:54:52.040736Z,0.0100,290.84,yes
2026-09-28T03:54:52.077244Z,0.0100,207.61,yes
2026-09-28T03:54:52.108137Z,0.0100,93.51,yes
2026-09-28T03:54:52.108959Z,0.0100,93.51,yes
2026-09-28T03:54:52.13439Z,0.0100,935.19,yes
2026-09-28T03:54:52.143992Z,0.0100,93.51,yes
2026-09-28T03:54:52.194037Z,0.0100,187.03,yes
2026-09-28T03:54:52.195508Z,0.0100,93.51,yes
2026-09-28T03:54:52.203549Z,0.0100,93.51,yes
2026-09-28T03:54:52.235517Z,0.0100,23.37,yes
2026-09-28T03:54:52.304405Z,0.0100,93.51,yes
2026-09-28T03:54:52.320892Z,0.0100,333.00,yes
2026-09-28T03:54:52.339822Z,0.0100,46.75,yes
2026-09-28T03:54:52.342138Z,0.0100,93.51,yes
2026-09-28T03:54:52.346758Z,0.0100,1870.38,yes
2026-09-28T03:54:52.418367Z,0.0100,93.51,yes
2026-09-28T03:54:52.427714Z,0.0100,93.51,yes
2026-09-28T03:54:52.431798Z,0.0100,467.59,yes
2026-09-28T03:54:52.447919Z,0.0100,93.51,yes
2026-09-28T03:54:52.462899Z,0.0100,37.87,yes
2026-09-28T03:54:52.483752Z,0.0100,187.03,yes
2026-09-28T03:54:52.499306Z,0.0100,9351.91,yes
2026-09-28T03:54:52.501789Z,0.0100,93.51,yes
2026-09-28T03:54:52.508503Z,0.0100,439.53,yes
2026-09-28T03:54:52.510134Z,0.0100,467.59,yes
2026-09-28T03:54:52.541772Z,0.0100,935.19,yes
2026-09-28T03:54:52.551993Z,0.0100,93.51,yes
2026-09-28T03:54:52.552358Z,0.0100,93.51,yes
2026-09-28T03:54:52.554161Z,0.0100,93.51,yes
2026-09-28T03:54:52.556457Z,0.0100,666.00,yes
2026-09-28T03:54:52.567018Z,0.0100,93.51,yes
2026-09-28T03:54:52.568231Z,0.0100,140.27,yes
2026-09-28T03:54:52.592943Z,0.0100,467.59,yes
2026-09-28T03:54:52.611391Z,0.0100,1870.38,yes
2026-09-28T03:54:52.636513Z,0.0100,79.49,yes
2026-09-28T03:54:52.645778Z,0.0100,467.59,yes
2026-09-28T03:54:52.670864Z,0.0100,93.51,yes
2026-09-28T03:54:52.671639Z,0.0100,666.00,yes
2026-09-28T03:54:52.683774Z,0.0100,9.35,yes
2026-09-28T03:54:52.743858Z,0.0100,93.51,yes
2026-09-28T03:54:52.756105Z,0.0100,467.59,yes
2026-09-28T03:54:52.759003Z,0.0100,93.51,yes
2026-09-28T03:54:52.763898Z,0.0100,935.19,yes
2026-09-28T03:54:52.774584Z,0.0100,1.87,yes
2026-09-28T03:54:52.786781Z,0.0100,93.51,yes
2026-09-28T03:54:52.794382Z,0.0100,93.51,yes
2026-09-28T03:54:52.796312Z,0.0100,93.51,yes
2026-09-28T03:54:52.837162Z,0.0100,93.51,yes
2026-09-28T03:54:52.858089Z,0.0100,3.74,yes
2026-09-28T03:54:52.897508Z,0.0100,93.51,yes
2026-09-28T03:54:52.928684Z,0.0100,467.59,yes
2026-09-28T03:54:52.965023Z,0.0100,935.19,yes
2026-09-28T03:54:52.980797Z,0.0100,93.51,yes
2026-09-28T03:54:52.983719Z,0.0100,3333.00,yes
2026-09-28T03:54:52.983935Z,0.0100,374.07,yes
2026-09-28T03:54:53.017666Z,0.0100,467.59,yes
2026-09-28T03:54:53.080455Z,0.0100,4675.95,yes
2026-09-28T03:54:53.087864Z,0.0100,93.51,yes
2026-09-28T03:54:53.096987Z,0.0100,561.11,yes
2026-09-28T03:54:53.11569Z,0.0100,1309.26,yes
2026-09-28T03:54:53.116922Z,0.0100,187.03,yes
2026-09-28T03:54:53.141279Z,0.0100,935.19,yes
2026-09-28T03:54:53.151205Z,0.0100,93.51,yes
2026-09-28T03:54:53.154619Z,0.0100,93.51,yes
2026-09-28T03:54:53.161687Z,0.0100,935.19,yes
2026-09-28T03:54:53.201147Z,0.0100,748.15,yes
2026-09-28T03:54:53.236476Z,0.0100,467.59,yes
2026-09-28T03:54:53.253862Z,0.0100,467.59,yes
2026-09-28T03:54:53.265021Z,0.0100,467.59,yes
2026-09-28T03:54:53.272969Z,0.0100,467.59,yes
2026-09-28T03:54:53.286194Z,0.0100,935.19,yes
2026-09-28T03:54:53.294037Z,0.0100,93.51,yes
2026-09-28T03:54:53.303575Z,0.0100,93.51,yes
2026-09-28T03:54:53.309863Z,0.0100,2337.97,yes
2026-09-28T03:54:53.312419Z,0.0100,93.51,yes
2026-09-28T03:54:53.324535Z,0.0100,84.16,yes
2026-09-28T03:54:53.327952Z,0.0100,187.03,yes
2026-09-28T03:54:53.331866Z,0.0100,935.19,yes
2026-09-28T03:54:53.33245Z,0.0100,93.51,yes
2026-09-28T03:54:53.334089Z,0.0100,10.28,yes
2026-09-28T03:54:53.363179Z,0.0100,166.00,yes
2026-09-28T03:54:53.410307Z,0.0100,93.51,yes
2026-09-28T03:54:53.438225Z,0.0100,2618.53,yes
2026-09-28T03:54:53.442977Z,0.0100,11970.44,yes
2026-09-28T03:54:53.457986Z,0.0100,467.59,yes
2026-09-28T03:54:53.474243Z,0.0100,467.59,yes
2026-09-28T03:54:53.497003Z,0.0100,4675.95,yes
2026-09-28T03:54:53.504708Z,0.0100,93.51,yes
2026-09-28T03:54:53.564387Z,0.0100,187.03,yes
2026-09-28T03:54:53.609358Z,0.0100,841.67,yes
2026-09-28T03:54:53.614285Z,0.0100,33.00,yes
2026-09-28T03:54:53.617027Z,0.0100,467.59,yes
2026-09-28T03:54:53.639571Z,0.0100,166.00,yes
2026-09-28T03:54:53.668539Z,0.0100,935.19,yes
2026-09-28T03:54:53.671532Z,0.0100,280.55,yes
2026-09-28T03:54:53.686942Z,0.0100,935.19,yes
2026-09-28T03:54:53.76647Z,0.0100,93.51,yes
2026-09-28T03:54:53.774962Z,0.0100,93.51,yes
2026-09-28T03:54:53.793608Z,0.0100,935.19,yes
2026-09-28T03:54:53.806554Z,0.0100,93.51,yes
2026-09-28T03:54:53.836477Z,0.0100,93.51,yes
2026-09-28T03:54:53.838285Z,0.0100,66.00,yes
2026-09-28T03:54:53.843182Z,0.0100,18.70,yes
2026-09-28T03:54:53.880022Z,0.0100,187.03,yes
2026-09-28T03:54:53.882816Z,0.0100,467.59,yes
2026-09-28T03:54:53.889519Z,0.0100,187.03,yes
2026-09-28T03:54:53.892192Z,0.0100,93.51,yes
2026-09-28T03:54:53.902854Z,0.0100,935.19,yes
2026-09-28T03:54:53.911396Z,0.0100,467.59,yes
2026-09-28T03:54:53.913477Z,0.0100,93.51,yes
2026-09-28T03:54:53.931156Z,0.0100,93.51,yes
2026-09-28T03:54:53.935914Z,0.0100,260.91,yes
2026-09-28T03:54:53.951062Z,0.0100,4.67,yes
2026-09-28T03:54:53.952473Z,0.0100,93.51,yes
2026-09-28T03:54:53.967104Z,0.0100,46.75,yes
2026-09-28T03:54:53.970796Z,0.0100,333.00,yes
2026-09-28T03:54:53.974095Z,0.0100,280.55,yes
2026-09-28T03:54:53.974814Z,0.0100,93.51,yes
2026-09-28T03:54:54.006951Z,0.0100,93.51,yes
2026-09-28T03:54:54.008821Z,0.0100,935.19,yes
2026-09-28T03:54:54.009024Z,0.0100,93.51,yes
2026-09-28T03:54:54.03149Z,0.0100,46.75,yes
2026-09-28T03:54:54.065273Z,0.0100,166.00,yes
2026-09-28T03:54:54.065278Z,0.0100,233.95,yes
2026-09-28T03:54:54.068413Z,0.0100,1870.38,yes
2026-09-28T03:54:54.071446Z,0.0100,467.59,yes
2026-09-28T03:54:54.07537Z,0.0100,935.19,yes
2026-09-28T03:54:54.111859Z,0.0100,187.03,yes
2026-09-28T03:54:54.113852Z,0.0100,46.75,yes
2026-09-28T03:54:54.11575Z,0.0100,93.51,yes
2026-09-28T03:54:54.1245Z,0.0100,93.51,yes
2026-09-28T03:54:54.137636Z,0.0100,935.19,yes
2026-09-28T03:54:54.161939Z,0.0100,467.59,yes
2026-09-28T03:54:54.171584Z,0.0100,935.19,yes
2026-09-28T03:54:54.17552Z,0.0100,93.51,yes
2026-09-28T03:54:54.181166Z,0.0100,3740.76,yes
2026-09-28T03:54:54.203136Z,0.0100,56.11,yes
2026-09-28T03:54:54.203929Z,0.0100,74.81,yes
2026-09-28T03:54:54.238402Z,0.0100,187.03,yes
2026-09-28T03:54:54.252479Z,0.0100,935.19,yes
2026-09-28T03:54:54.270061Z,0.0100,561.11,yes
2026-09-28T03:54:54.271951Z,0.0100,1870.38,yes
2026-09-28T03:54:54.276685Z,0.0100,93.51,yes
2026-09-28T03:54:54.280824Z,0.0100,187.03,yes
2026-09-28T03:54:54.295662Z,0.0100,935.19,yes
2026-09-28T03:54:54.316085Z,0.0100,467.59,yes
2026-09-28T03:54:54.339784Z,0.0100,935.19,yes
2026-09-28T03:54:54.360586Z,0.0100,93.51,yes
2026-09-28T03:54:54.367221Z,0.0100,200.00,yes
2026-09-28T03:54:54.371371Z,0.0100,467.59,yes
2026-09-28T03:54:54.378237Z,0.0100,187.03,yes
2026-09-28T03:54:54.384715Z,0.0100,1028.71,yes
2026-09-28T03:54:54.393844Z,0.0100,120.43,yes
2026-09-28T03:54:54.40744Z,0.0100,93.51,yes
2026-09-28T03:54:54.409552Z,0.0100,33.00,yes
2026-09-28T03:54:54.427771Z,0.0100,4.67,yes
2026-09-28T03:54:54.446334Z,0.0100,675.20,yes
2026-09-28T03:54:54.449918Z,0.0100,187.03,yes
2026-09-28T03:54:54.454398Z,0.0100,467.59,yes
2026-09-28T03:54:54.458464Z,0.0100,935.19,yes
2026-09-28T03:54:54.465399Z,0.0100,280.55,yes
2026-09-28T03:54:54.474144Z,0.0100,467.59,yes
2026-09-28T03:54:54.499599Z,0.0100,935.19,yes
2026-09-28T03:54:54.50344Z,0.0100,0.93,yes
2026-09-28T03:54:54.504053Z,0.0100,935.19,yes
2026-09-28T03:54:54.511382Z,0.0100,93.51,yes
2026-09-28T03:54:54.54941Z,0.0100,187.03,yes
2026-09-28T03:54:54.569064Z,0.0100,93.51,yes
2026-09-28T03:54:54.569685Z,0.0100,93.51,yes
2026-09-28T03:54:54.586738Z,0.0100,93.51,yes
2026-09-28T03:54:54.602203Z,0.0100,51.43,yes
2026-09-28T03:54:54.635141Z,0.0100,93.51,yes
2026-09-28T03:54:54.642691Z,0.0100,50.00,yes
2026-09-28T03:54:54.656679Z,0.0100,187.03,yes
2026-09-28T03:54:54.69456Z,0.0100,349.27,yes
2026-09-28T03:54:54.715536Z,0.0100,467.59,yes
2026-09-28T03:54:54.722804Z,0.0100,935.19,yes
2026-09-28T03:54:54.751658Z,0.0100,467.59,yes
2026-09-28T03:54:54.754402Z,0.0100,171.00,yes
2026-09-28T03:54:54.759217Z,0.0100,0.93,yes
2026-09-28T03:54:54.760588Z,0.0100,1870.00,yes
2026-09-28T03:54:54.784603Z,0.0100,467.59,yes
2026-09-28T03:54:54.794297Z,0.0100,467.59,yes
2026-09-28T03:54:54.797246Z,0.0100,187.03,yes
2026-09-28T03:54:54.800306Z,0.0100,467.59,yes
2026-09-28T03:54:54.814325Z,0.0100,23.37,yes
2026-09-28T03:54:54.835067Z,0.0100,93.51,yes
2026-09-28T03:54:54.864625Z,0.0100,93.51,yes
2026-09-28T03:54:54.865749Z,0.0100,93.51,yes
2026-09-28T03:54:54.877935Z,0.0100,187.03,yes
2026-09-28T03:54:54.900458Z,0.0100,467.59,yes
2026-09-28T03:54:54.912282Z,0.0100,33.00,yes
2026-09-28T03:54:54.922803Z,0.0100,467.59,yes
2026-09-28T03:54:54.93337Z,0.0100,935.19,yes
2026-09-28T03:54:54.934376Z,0.0100,1870.38,yes
2026-09-28T03:54:54.947634Z,0.0100,2337.97,yes
2026-09-28T03:54:54.961766Z,0.0100,280.55,yes
2026-09-28T03:54:54.96457Z,0.0100,935.19,yes
2026-09-28T03:54:54.965607Z,0.0100,93.51,yes
2026-09-28T03:54:54.993325Z,0.0100,280.55,yes
2026-09-28T03:54:54.996383Z,0.0100,93.51,yes
2026-09-28T03:54:55.001754Z,0.0100,187.03,yes
2026-09-28T03:54:55.035713Z,0.0100,93.51,yes
2026-09-28T03:54:55.055735Z,0.0100,467.00,yes
2026-09-28T03:54:55.077829Z,0.0100,935.19,yes
2026-09-28T03:54:55.09385Z,0.0100,467.59,yes
2026-09-28T03:54:55.112061Z,0.0100,93.51,yes
2026-09-28T03:54:55.11692Z,0.0100,935.19,yes
2026-09-28T03:54:55.139661Z,0.0100,44.88,yes
2026-09-28T03:54:55.143467Z,0.0100,935.19,yes
2026-09-28T03:54:55.19799Z,0.0100,681.75,yes
2026-09-28T03:54:55.198886Z,0.0100,93.51,yes
2026-09-28T03:54:55.207399Z,0.0100,1870.38,yes
2026-09-28T03:54:55.21973Z,0.0100,93.51,yes
2026-09-28T03:54:55.234044Z,0.0100,93.51,yes
2026-09-28T03:54:55.243177Z,0.0100,0.93,yes
2026-09-28T03:54:55.248612Z,0.0100,23.37,yes
2026-09-28T03:54:55.252193Z,0.0100,93.51,yes
2026-09-28T03:54:55.26607Z,0.0100,935.19,yes
2026-09-28T03:54:55.268042Z,0.0100,1870.38,yes
2026-09-28T03:54:55.27596Z,0.0100,93.51,yes
2026-09-28T03:54:55.303757Z,0.0100,46.75,yes
2026-09-28T03:54:55.304138Z,0.0100,187.03,yes
2026-09-28T03:54:55.334981Z,0.0100,467.59,yes
2026-09-28T03:54:55.346608Z,0.0100,14027.86,yes
2026-09-28T03:54:55.367265Z,0.0100,93.51,yes
2026-09-28T03:54:55.373146Z,0.0100,1870.38,yes
2026-09-28T03:54:55.373771Z,0.0100,93.51,yes
2026-09-28T03:54:55.3806Z,0.0100,935.19,yes
2026-09-28T03:54:55.393008Z,0.0100,93.51,yes
2026-09-28T03:54:55.401489Z,0.0100,46.75,yes
2026-09-28T03:54:55.424914Z,0.0100,1870.38,yes
2026-09-28T03:54:55.445431Z,0.0100,1402.78,yes
2026-09-28T03:54:55.46595Z,0.0100,467.59,yes
2026-09-28T03:54:55.465994Z,0.0100,93.51,yes
2026-09-28T03:54:55.484273Z,0.0100,1239.12,yes
2026-09-28T03:54:55.501641Z,0.0100,467.59,yes
2026-09-28T03:54:55.501647Z,0.0100,467.59,yes
2026-09-28T03:54:55.513446Z,0.0100,9351.91,yes
2026-09-28T03:54:55.536781Z,0.0100,4675.95,yes
2026-09-28T03:54:55.54573Z,0.0100,4675.95,yes
2026-09-28T03:54:55.55018Z,0.0100,93.51,yes
2026-09-28T03:54:55.557944Z,0.0100,561.11,yes
2026-09-28T03:54:55.564113Z,0.0100,935.19,yes
2026-09-28T03:54:55.568973Z,0.0100,935.19,yes
2026-09-28T03:54:55.614716Z,0.0100,33.00,yes
2026-09-28T03:54:55.638241Z,0.0100,935.19,yes
2026-09-28T03:54:55.640094Z,0.0100,467.59,yes
2026-09-28T03:54:55.643972Z,0.0100,935.19,yes
2026-09-28T03:54:55.683025Z,0.0100,333.00,yes
2026-09-28T03:54:55.688452Z,0.0100,467.59,yes
2026-09-28T03:54:55.719644Z,0.0100,93.51,yes
2026-09-28T03:54:55.748112Z,0.0100,1870.38,yes
2026-09-28T03:54:55.767638Z,0.0100,46.75,yes
2026-09-28T03:54:55.78139Z,0.0100,93.51,yes
2026-09-28T03:54:55.789401Z,0.0100,1766.00,yes
2026-09-28T03:54:55.802098Z,0.0100,100.00,yes
2026-09-28T03:54:55.853389Z,0.0100,9.35,yes
2026-09-28T03:54:55.862453Z,0.0100,133.00,yes
2026-09-28T03:54:55.862822Z,0.0100,46.75,yes
2026-09-28T03:54:55.864818Z,0.0100,85.00,yes
2026-09-28T03:54:55.873872Z,0.0100,467.59,yes
2026-09-28T03:54:55.891887Z,0.0100,935.19,yes
2026-09-28T03:54:55.895289Z,0.0100,93.51,yes
2026-09-28T03:54:55.896006Z,0.0100,166.00,yes
2026-09-28T03:54:55.908706Z,0.0100,93.51,yes
2026-09-28T03:54:55.924782Z,0.0100,467.59,yes
2026-09-28T03:54:55.93122Z,0.0100,467.59,yes
2026-09-28T03:54:55.934413Z,0.0100,93.51,yes
2026-09-28T03:54:55.952788Z,0.0100,333.00,yes
2026-09-28T03:54:55.962189Z,0.0100,93.51,yes
2026-09-28T03:54:55.964694Z,0.0100,467.59,yes
2026-09-28T03:54:55.97377Z,0.0100,0.93,yes
2026-09-28T03:54:55.975013Z,0.0100,2337.97,yes
2026-09-28T03:54:55.996894Z,0.0100,280.55,yes
2026-09-28T03:54:56.0385Z,0.0100,1870.38,yes
2026-09-28T03:54:56.049493Z,0.0100,33.00,yes
2026-09-28T03:54:56.053117Z,0.0100,935.19,yes
2026-09-28T03:54:56.058783Z,0.0100,935.19,yes
2026-09-28T03:54:56.079538Z,0.0100,187.03,yes
2026-09-28T03:54:56.095459Z,0.0100,93.51,yes
2026-09-28T03:54:56.153291Z,0.0100,74.81,yes
2026-09-28T03:54:56.182824Z,0.0100,93.51,yes
2026-09-28T03:54:56.190056Z,0.0100,187.03,yes
2026-09-28T03:54:56.19236Z,0.0100,93.51,yes
2026-09-28T03:54:56.204083Z,0.0100,18.00,yes
2026-09-28T03:54:56.211184Z,0.0100,467.59,yes
2026-09-28T03:54:56.244528Z,0.0100,187.03,yes
2026-09-28T03:54:56.263533Z,0.0100,467.59,yes
2026-09-28T03:54:56.284853Z,0.0100,187.03,yes
2026-09-28T03:54:56.290371Z,0.0100,93.51,yes
2026-09-28T03:54:56.30875Z,0.0100,1776.86,yes
2026-09-28T03:54:56.34054Z,0.0100,935.19,yes
2026-09-28T03:54:56.379933Z,0.0100,93.51,yes
2026-09-28T03:54:56.381894Z,0.0100,280.55,yes
2026-09-28T03:54:56.384627Z,0.0100,935.19,yes
2026-09-28T03:54:56.427015Z,0.0100,93.51,yes
2026-09-28T03:54:56.435145Z,0.0100,93.51,yes
2026-09-28T03:54:56.438705Z,0.0100,467.59,yes
2026-09-28T03:54:56.441623Z,0.0100,935.19,yes
2026-09-28T03:54:56.464111Z,0.0100,187.03,yes
2026-09-28T03:54:56.484523Z,0.0100,93.51,yes
2026-09-28T03:54:56.509409Z,0.0100,93.51,yes
2026-09-28T03:54:56.5096Z,0.0100,93.51,yes
2026-09-28T03:54:56.52583Z,0.0100,102.87,yes
2026-09-28T03:54:56.527996Z,0.0100,93.51,yes
2026-09-28T03:54:56.538701Z,0.0100,1870.38,yes
2026-09-28T03:54:56.558505Z,0.0100,187.03,yes
2026-09-28T03:54:56.565083Z,0.0100,280.55,yes
2026-09-28T03:54:56.59957Z,0.0100,333.00,yes
2026-09-28T03:54:56.601616Z,0.0100,93.51,yes
2026-09-28T03:54:56.609567Z,0.0100,93.51,yes
2026-09-28T03:54:56.610437Z,0.0100,187.03,yes
2026-09-28T03:54:56.634715Z,0.0100,187.03,yes
2026-09-28T03:54:56.652859Z,0.0100,9351.91,yes
2026-09-28T03:54:56.662896Z,0.0100,93.00,yes
2026-09-28T03:54:56.665305Z,0.0100,93.51,yes
2026-09-28T03:54:56.66782Z,0.0100,187.03,yes
2026-09-28T03:54:56.69084Z,0.0100,133.00,yes
2026-09-28T03:54:56.699476Z,0.0100,11222.29,yes
2026-09-28T03:54:56.729924Z,0.0100,935.19,yes
2026-09-28T03:54:56.743088Z,0.0100,935.19,yes
2026-09-28T03:54:56.763064Z,0.0100,93.51,yes
2026-09-28T03:54:56.770124Z,0.0100,467.59,yes
2026-09-28T03:54:56.775414Z,0.0100,3740.76,yes
2026-09-28T03:54:56.783129Z,0.0100,935.19,yes
2026-09-28T03:54:56.804908Z,0.0100,93.51,yes
2026-09-28T03:54:56.808786Z,0.0100,50.00,yes
2026-09-28T03:54:56.822106Z,0.0100,187.03,yes
2026-09-28T03:54:56.82229Z,0.0100,93.51,yes
2026-09-28T03:54:56.835397Z,0.0100,93.51,yes
2026-09-28T03:54:56.850262Z,0.0100,1031.51,yes
2026-09-28T03:54:56.873838Z,0.0100,841.67,yes
2026-09-28T03:54:56.879418Z,0.0100,93.51,yes
2026-09-28T03:54:56.889634Z,0.0100,93.51,yes
2026-09-28T03:54:56.921482Z,0.0100,187.03,yes
2026-09-28T03:54:57.013869Z,0.0100,93.51,yes
2026-09-28T03:54:57.033147Z,0.0100,1402.78,yes
2026-09-28T03:54:57.040984Z,0.0100,467.59,yes
2026-09-28T03:54:57.07107Z,0.0100,93.51,yes
2026-09-28T03:54:57.096586Z,0.0100,467.59,yes
2026-09-28T03:54:57.113948Z,0.0100,187.03,yes
2026-09-28T03:54:57.140794Z,0.0100,9.35,yes
2026-09-28T03:54:57.176069Z,0.0100,1870.38,yes
2026-09-28T03:54:57.202871Z,0.0100,93.51,yes
2026-09-28T03:54:57.214024Z,0.0100,935.19,yes
2026-09-28T03:54:57.248573Z,0.0100,66.33,yes
2026-09-28T03:54:57.270947Z,0.0100,467.59,yes
2026-09-28T03:54:57.302092Z,0.0100,93.51,yes
2026-09-28T03:54:57.30384Z,0.0100,93.51,yes
2026-09-28T03:54:57.322792Z,0.0100,935.19,yes
2026-09-28T03:54:57.350198Z,0.0100,93.51,yes
2026-09-28T03:54:57.382956Z,0.0100,187.03,yes
2026-09-28T03:54:57.419288Z,0.0100,93.51,yes
2026-09-28T03:54:57.453734Z,0.0100,935.19,yes
2026-09-28T03:54:57.456664Z,0.0100,166.00,yes
2026-09-28T03:54:57.475003Z,0.0100,93.51,yes
2026-09-28T03:54:57.480966Z,0.0100,93.51,yes
2026-09-28T03:54:57.507447Z,0.0100,93.51,yes
2026-09-28T03:54:57.509645Z,0.0100,4.67,yes
2026-09-28T03:54:57.515879Z,0.0100,93.51,yes
2026-09-28T03:54:57.525313Z,0.0100,467.59,yes
2026-09-28T03:54:57.526369Z,0.0100,1870.38,yes
2026-09-28T03:54:57.532826Z,0.0100,935.19,yes
2026-09-28T03:54:57.543635Z,0.0100,467.59,yes
2026-09-28T03:54:57.545896Z,0.0100,46.75,yes
2026-09-28T03:54:57.547063Z,0.0100,166.00,yes
2026-09-28T03:54:57.641819Z,0.0100,93.51,yes
2026-09-28T03:54:57.70981Z,0.0100,93.51,yes
2026-09-28T03:54:57.75092Z,0.0100,93.51,yes
2026-09-28T03:54:57.753526Z,0.0100,93.51,yes
2026-09-28T03:54:57.767822Z,0.0100,93.51,yes
2026-09-28T03:54:57.769562Z,0.0100,166.00,yes
2026-09-28T03:54:57.804992Z,0.0100,9.35,yes
2026-09-28T03:54:57.825982Z,0.0100,1870.38,yes
2026-09-28T03:54:57.845761Z,0.0100,467.59,yes
2026-09-28T03:54:57.851864Z,0.0100,93.51,yes
2026-09-28T03:54:57.88435Z,0.0100,93.51,yes
2026-09-28T03:54:57.891237Z,0.0100,93.51,yes
2026-09-28T03:54:57.896436Z,0.0100,93.51,yes
2026-09-28T03:54:57.90085Z,0.0100,93.51,yes
2026-09-28T03:54:57.902841Z,0.0100,467.59,yes
2026-09-28T03:54:57.921048Z,0.0100,93.51,yes
2026-09-28T03:54:57.939112Z,0.0100,935.19,yes
2026-09-28T03:54:58.008293Z,0.0100,187.03,yes
2026-09-28T03:54:58.041878Z,0.0100,467.59,yes
2026-09-28T03:54:58.042493Z,0.0100,93.51,yes
2026-09-28T03:54:58.064979Z,0.0100,1870.38,yes
2026-09-28T03:54:58.086498Z,0.0100,935.19,yes
2026-09-28T03:54:58.114405Z,0.0100,467.59,yes
2026-09-28T03:54:58.161417Z,0.0100,9351.91,yes
2026-09-28T03:54:58.162027Z,0.0100,467.59,yes
2026-09-28T03:54:58.183895Z,0.0100,1.00,yes
2026-09-28T03:54:58.185796Z,0.0100,233.79,yes
2026-09-28T03:54:58.188492Z,0.0100,93.51,yes
2026-09-28T03:54:58.199377Z,0.0100,93.51,yes
2026-09-28T03:54:58.240425Z,0.0100,93.51,yes
2026-09-28T03:54:58.243951Z,0.0100,57.98,yes
2026-09-28T03:54:58.266846Z,0.0100,93.51,yes
2026-09-28T03:54:58.315671Z,0.0100,935.19,yes
2026-09-28T03:54:58.323564Z,0.0100,93.51,yes
2026-09-28T03:54:58.328898Z,0.0100,93.51,yes
2026-09-28T03:54:58.332826Z,0.0100,93.51,yes
2026-09-28T03:54:58.338866Z,0.0100,467.59,yes
2026-09-28T03:54:58.349946Z,0.0100,467.59,yes
2026-09-28T03:54:58.360233Z,0.0100,467.59,yes
2026-09-28T03:54:58.374717Z,0.0100,1870.38,yes
2026-09-28T03:54:58.402386Z,0.0100,467.59,yes
2026-09-28T03:54:58.420322Z,0.0100,70.13,yes
2026-09-28T03:54:58.430607Z,0.0100,467.59,yes
2026-09-28T03:54:58.434388Z,0.0100,935.19,yes
2026-09-28T03:54:58.445477Z,0.0100,33.00,yes
2026-09-28T03:54:58.447071Z,0.0100,467.59,yes
2026-09-28T03:54:58.455202Z,0.0100,935.19,yes
2026-09-28T03:54:58.466596Z,0.0100,238.47,yes
2026-09-28T03:54:58.481559Z,0.0100,0.93,yes
2026-09-28T03:54:58.502127Z,0.0100,1000.00,yes
2026-09-28T03:54:58.531182Z,0.0100,1402.78,yes
2026-09-28T03:54:58.538964Z,0.0100,93.51,yes
2026-09-28T03:54:58.55431Z,0.0100,467.59,yes
2026-09-28T03:54:58.554782Z,0.0100,935.19,yes
2026-09-28T03:54:58.569345Z,0.0100,432.05,yes
2026-09-28T03:54:58.607601Z,0.0100,93.51,yes
2026-09-28T03:54:58.631635Z,0.0100,66.00,yes
2026-09-28T03:54:58.633064Z,0.0100,374.07,yes
2026-09-28T03:54:58.646605Z,0.0100,93.51,yes
2026-09-28T03:54:58.664878Z,0.0100,1870.38,yes
2026-09-28T03:54:58.667273Z,0.0100,935.19,yes
2026-09-28T03:54:58.680217Z,0.0100,1870.38,yes
2026-09-28T03:54:58.682411Z,0.0100,935.19,yes
2026-09-28T03:54:58.68303Z,0.0100,10.00,yes
2026-09-28T03:54:58.699435Z,0.0100,9351.91,yes
2026-09-28T03:54:58.699441Z,0.0100,467.59,yes
2026-09-28T03:54:58.705345Z,0.0100,10.28,yes
2026-09-28T03:54:58.715159Z,0.0100,666.00,yes
2026-09-28T03:54:58.733447Z,0.0100,46.75,yes
2026-09-28T03:54:58.767678Z,0.0100,467.59,yes
2026-09-28T03:54:58.780518Z,0.0100,935.19,yes
2026-09-28T03:54:58.786032Z,0.0100,333.00,yes
2026-09-28T03:54:58.788407Z,0.0100,18.70,yes
2026-09-28T03:54:58.792335Z,0.0100,26.18,yes
2026-09-28T03:54:58.792955Z,0.0100,467.59,yes
2026-09-28T03:54:58.812441Z,0.0100,18703.82,yes
2026-09-28T03:54:58.814677Z,0.0100,467.59,yes
2026-09-28T03:54:58.819951Z,0.0100,9351.91,yes
2026-09-28T03:54:58.834812Z,0.0100,5.61,yes
2026-09-28T03:54:58.844017Z,0.0100,935.19,yes
2026-09-28T03:54:58.847456Z,0.0100,93.51,yes
2026-09-28T03:54:58.867055Z,0.0100,1870.38,yes
2026-09-28T03:54:58.869424Z,0.0100,467.59,yes
2026-09-28T03:54:58.869833Z,0.0100,93.51,yes
2026-09-28T03:54:58.881185Z,0.0100,1870.38,yes
2026-09-28T03:54:58.897935Z,0.0100,4675.95,yes
2026-09-28T03:54:58.899772Z,0.0100,93.51,yes
2026-09-28T03:54:58.900274Z,0.0100,935.19,yes
2026-09-28T03:54:58.934074Z,0.0100,25.25,yes
2026-09-28T03:54:58.944606Z,0.0100,561.11,yes
2026-09-28T03:54:58.960186Z,0.0100,935.19,yes
2026-09-28T03:54:58.984924Z,0.0100,4675.95,yes
2026-09-28T03:54:59.000192Z,0.0100,935.19,yes
2026-09-28T03:54:59.059468Z,0.0100,26.18,yes
2026-09-28T03:54:59.05948Z,0.0100,93.51,yes
2026-09-28T03:54:59.104447Z,0.0100,467.59,yes
2026-09-28T03:54:59.140519Z,0.0100,467.59,yes
2026-09-28T03:54:59.149773Z,0.0100,93.51,yes
2026-09-28T03:54:59.153027Z,0.0100,93.51,yes
2026-09-28T03:54:59.157522Z,0.0100,93.51,yes
2026-09-28T03:54:59.165992Z,0.0100,46.75,yes
2026-09-28T03:54:59.212145Z,0.0100,93.51,yes
2026-09-28T03:54:59.228244Z,0.0100,46.75,yes
2026-09-28T03:54:59.293772Z,0.0100,93.51,yes
2026-09-28T03:54:59.317419Z,0.0100,467.59,yes
2026-09-28T03:54:59.323565Z,0.0100,4208.36,yes
2026-09-28T03:54:59.331751Z,0.0100,93.51,yes
2026-09-28T03:54:59.37721Z,0.0100,4114.84,yes
2026-09-28T03:54:59.379643Z,0.0100,317.96,yes
2026-09-28T03:54:59.396466Z,0.0100,467.59,yes
2026-09-28T03:54:59.41097Z,0.0100,14.96,yes
2026-09-28T03:54:59.413872Z,0.0100,93.51,yes
2026-09-28T03:54:59.436274Z,0.0100,935.19,yes
2026-09-28T03:54:59.441786Z,0.0100,93.51,yes
2026-09-28T03:54:59.450876Z,0.0100,187.03,yes
2026-09-28T03:54:59.47067Z,0.0100,22.44,yes
2026-09-28T03:54:59.491418Z,0.0100,935.19,yes
2026-09-28T03:54:59.524626Z,0.0100,467.59,yes
2026-09-28T03:54:59.528584Z,0.0100,166.00,yes
2026-09-28T03:54:59.549361Z,0.0100,935.19,yes
2026-09-28T03:54:59.550495Z,0.0100,187.03,yes
2026-09-28T03:54:59.552313Z,0.0100,93.51,yes
2026-09-28T03:54:59.574621Z,0.0100,3366.68,yes
2026-09-28T03:54:59.580635Z,0.0100,93.51,yes
2026-09-28T03:54:59.597429Z,0.0100,935.19,yes
2026-09-28T03:54:59.599233Z,0.0100,748.15,yes
2026-09-28T03:54:59.641902Z,0.0100,93.51,yes
2026-09-28T03:54:59.646549Z,0.0100,4756.38,yes
2026-09-28T03:54:59.664955Z,0.0100,935.19,yes
2026-09-28T03:54:59.691809Z,0.0100,93.51,yes
2026-09-28T03:54:59.695582Z,0.0100,28055.73,yes
2026-09-28T03:54:59.699864Z,0.0100,93.51,yes
2026-09-28T03:54:59.703655Z,0.0100,9.35,yes
2026-09-28T03:54:59.720692Z,0.0100,166.33,yes
2026-09-28T03:54:59.729605Z,0.0100,93.51,yes
2026-09-28T03:54:59.745772Z,0.0100,93.51,yes
2026-09-28T03:54:59.774205Z,0.0100,93.51,yes
2026-09-28T03:54:59.807617Z,0.0100,187.03,yes
2026-09-28T03:54:59.82177Z,0.0100,280.55,yes
2026-09-28T03:54:59.823403Z,0.0100,156.17,yes
2026-09-28T03:54:59.839009Z,0.0100,935.19,yes
2026-09-28T03:54:59.868815Z,0.0100,468.53,yes
2026-09-28T03:54:59.877476Z,0.0100,33.66,yes
2026-09-28T03:54:59.880925Z,0.0100,93.51,yes
2026-09-28T03:54:59.881333Z,0.0100,93.51,yes
2026-09-28T03:54:59.881791Z,0.0100,46.75,yes
2026-09-28T03:54:59.94182Z,0.0100,93.51,yes
2026-09-28T03:54:59.953878Z,0.0100,187.03,yes
2026-09-28T03:54:59.958511Z,0.0100,467.59,yes
2026-09-28T03:54:59.969641Z,0.0100,467.59,yes
2026-09-28T03:54:59.985524Z,0.0100,93.51,yes
2026-09-28T03:54:59.99218Z,0.0100,187.03,yes
2026-09-28T03:54:59.999401Z,0.0100,467.59,yes
2026-09-28T03:55:00.000014Z,0.0100,93.51,yes
2026-09-28T03:55:00.00014Z,0.0100,90.71,yes
2026-09-28T03:55:00.017416Z,0.0100,935.19,yes
2026-09-28T03:55:00.024502Z,0.0100,93.51,yes
2026-09-28T03:55:00.040799Z,0.0100,1484.14,yes
2026-09-28T03:55:00.064048Z,0.0100,935.19,yes
2026-09-28T03:55:00.154567Z,0.0100,467.59,yes
2026-09-28T03:55:00.15616Z,0.0100,93.51,yes
2026-09-28T03:55:00.166081Z,0.0100,93.51,yes
2026-09-28T03:55:00.174557Z,0.0100,93.51,yes
2026-09-28T03:55:00.200572Z,0.0100,93.51,yes
2026-09-28T03:55:00.212675Z,0.0100,467.59,yes
2026-09-28T03:55:00.21687Z,0.0100,1402.78,yes
2026-09-28T03:55:00.23595Z,0.0100,1870.38,yes
2026-09-28T03:55:00.240379Z,0.0100,467.59,yes
2026-09-28T03:55:00.26334Z,0.0100,166.00,yes
2026-09-28T03:55:00.270866Z,0.0100,93.51,yes
2026-09-28T03:55:00.271502Z,0.0100,935.19,yes
2026-09-28T03:55:00.285772Z,0.0100,87.90,yes
2026-09-28T03:55:00.318778Z,0.0100,333.00,yes
2026-09-28T03:55:00.320935Z,0.0100,93.51,yes
2026-09-28T03:55:00.327674Z,0.0100,467.59,yes
2026-09-28T03:55:00.333858Z,0.0100,280.55,yes
2026-09-28T03:55:00.347796Z,0.0100,1402.78,yes
2026-09-28T03:55:00.353871Z,0.0100,1870.38,yes
2026-09-28T03:55:00.364356Z,0.0100,187.03,yes
2026-09-28T03:55:00.364735Z,0.0100,93.51,yes
2026-09-28T03:55:00.366356Z,0.0100,571.40,yes
2026-09-28T03:55:00.369244Z,0.0100,93.51,yes
2026-09-28T03:55:00.392597Z,0.0100,2337.97,yes
2026-09-28T03:55:00.406575Z,0.0100,935.19,yes
2026-09-28T03:55:00.428973Z,0.0100,935.19,yes
2026-09-28T03:55:00.447963Z,0.0100,238.47,yes
2026-09-28T03:55:00.450206Z,0.0100,869.72,yes
2026-09-28T03:55:00.461798Z,0.0100,17.76,yes
2026-09-28T03:55:00.473392Z,0.0100,93.51,yes
2026-09-28T03:55:00.475014Z,0.0100,1870.38,yes
2026-09-28T03:55:00.475218Z,0.0100,77.62,yes
2026-09-28T03:55:00.482153Z,0.0100,93.51,yes
2026-09-28T03:55:00.499579Z,0.0100,93.51,yes
2026-09-28T03:55:00.527624Z,0.0100,9.35,yes
2026-09-28T03:55:00.534065Z,0.0100,28055.73,yes
2026-09-28T03:55:00.554896Z,0.0100,935.19,yes
2026-09-28T03:55:00.628743Z,0.0100,93.51,yes
2026-09-28T03:55:00.632515Z,0.0100,93.51,yes
2026-09-28T03:55:00.663237Z,0.0100,93.51,yes
2026-09-28T03:55:00.665317Z,0.0100,467.59,yes
2026-09-28T03:55:00.674874Z,0.0100,935.19,yes
2026-09-28T03:55:00.689302Z,0.0100,467.59,yes
2026-09-28T03:55:00.690781Z,0.0100,93.51,yes
2026-09-28T03:55:00.691538Z,0.0100,100.00,yes
2026-09-28T03:55:00.741389Z,0.0100,467.59,yes
2026-09-28T03:55:00.746977Z,0.0100,4862.99,yes
2026-09-28T03:55:00.774188Z,0.0100,935.19,yes
2026-09-28T03:55:00.805378Z,0.0100,112222.94,yes
2026-09-28T03:55:00.836073Z,0.0100,935.19,yes
2026-09-28T03:55:00.86574Z,0.0100,93.51,yes
2026-09-28T03:55:00.870019Z,0.0100,467.59,yes
2026-09-28T03:55:00.875135Z,0.0100,93.51,yes
2026-09-28T03:55:00.883697Z,0.0100,93.51,yes
2026-09-28T03:55:00.885654Z,0.0100,467.59,yes
2026-09-28T03:55:00.892332Z,0.0100,467.59,yes
2026-09-28T03:55:00.915316Z,0.0100,0.93,yes
2026-09-28T03:55:00.92055Z,0.0100,93.51,yes
2026-09-28T03:55:00.924202Z,0.0100,93.51,yes
2026-09-28T03:55:00.985664Z,0.0100,83.23,yes
2026-09-28T03:55:01.023892Z,0.0100,33.00,yes
2026-09-28T03:55:01.027853Z,0.0100,106.61,yes
2026-09-28T03:55:01.048466Z,0.0100,93.51,yes
2026-09-28T03:55:01.050822Z,0.0100,561.11,yes
2026-09-28T03:55:01.081835Z,0.0100,24616.10,yes
2026-09-28T03:55:01.082055Z,0.0100,467.59,yes
2026-09-28T03:55:01.112866Z,0.0100,9336.94,yes
2026-09-28T03:55:01.150133Z,0.0100,9.35,yes
2026-09-28T03:55:01.175584Z,0.0100,14.96,yes
2026-09-28T03:55:01.180371Z,0.0100,467.59,yes
2026-09-28T03:55:01.223931Z,0.0100,187.03,yes
2026-09-28T03:55:01.226595Z,0.0100,467.59,yes
2026-09-28T03:55:01.227244Z,0.0100,187.03,yes
2026-09-28T03:55:01.274465Z,0.0100,467.59,yes
2026-09-28T03:55:01.294489Z,0.0100,0.93,yes
2026-09-28T03:55:01.297475Z,0.0100,25.25,yes
2026-09-28T03:55:01.308646Z,0.0100,2337.97,yes
2026-09-28T03:55:01.313238Z,0.0100,467.59,yes
2026-09-28T03:55:01.339582Z,0.0100,1870.38,yes
2026-09-28T03:55:01.347175Z,0.0100,9.35,yes
2026-09-28T03:55:01.349871Z,0.0100,935.19,yes
2026-09-28T03:55:01.363741Z,0.0100,467.59,yes
2026-09-28T03:55:01.37434Z,0.0100,333.00,yes
2026-09-28T03:55:01.385241Z,0.0100,93.51,yes
2026-09-28T03:55:01.385292Z,0.0100,93.51,yes
2026-09-28T03:55:01.40014Z,0.0100,4675.95,yes
2026-09-28T03:55:01.408207Z,0.0100,1870.38,yes
2026-09-28T03:55:01.419102Z,0.0100,467.59,yes
2026-09-28T03:55:01.436254Z,0.0100,93.51,yes
2026-09-28T03:55:01.45429Z,0.0100,93.51,yes
2026-09-28T03:55:01.46513Z,0.0100,233.79,yes
2026-09-28T03:55:01.467586Z,0.0100,93.51,yes
2026-09-28T03:55:01.5253Z,0.0100,935.19,yes
2026-09-28T03:55:01.53644Z,0.0100,467.59,yes
2026-09-28T03:55:01.548788Z,0.0100,0.93,yes
2026-09-28T03:55:01.572314Z,0.0100,1870.38,yes
2026-09-28T03:55:01.61419Z,0.0100,2805.57,yes
2026-09-28T03:55:01.614803Z,0.0100,120.63,yes
2026-09-28T03:55:01.62904Z,0.0100,93.51,yes
2026-09-28T03:55:01.644613Z,0.0100,93.51,yes
2026-09-28T03:55:01.646832Z,0.0100,467.59,yes
2026-09-28T03:55:01.657657Z,0.0100,93.51,yes
2026-09-28T03:55:01.663983Z,0.0100,501.26,yes
2026-09-28T03:55:01.693997Z,0.0100,93.51,yes
2026-09-28T03:55:01.699228Z,0.0100,467.59,yes
2026-09-28T03:55:01.725655Z,0.0100,4.67,yes
2026-09-28T03:55:01.726231Z,0.0100,93.51,yes
2026-09-28T03:55:01.740023Z,0.0100,93.51,yes
2026-09-28T03:55:01.753498Z,0.0100,935.19,yes
2026-09-28T03:55:01.757518Z,0.0100,100.06,yes
2026-09-28T03:55:01.762286Z,0.0100,93.51,yes
2026-09-28T03:55:01.780293Z,0.0100,46.75,yes
2026-09-28T03:55:01.844452Z,0.0100,935.19,yes
2026-09-28T03:55:01.877782Z,0.0100,935.19,yes
2026-09-28T03:55:01.90931Z,0.0100,93.51,yes
2026-09-28T03:55:01.943929Z,0.0100,280.55,yes
2026-09-28T03:55:01.952263Z,0.0100,93.51,yes
2026-09-28T03:55:01.959446Z,0.0100,467.59,yes
2026-09-28T03:55:02.043251Z,0.0100,38.00,yes
2026-09-28T03:55:02.053211Z,0.0100,23.37,yes
2026-09-28T03:55:02.108579Z,0.0100,93.51,yes
2026-09-28T03:55:02.113645Z,0.0100,93.51,yes
2026-09-28T03:55:02.128686Z,0.0100,935.19,yes
2026-09-28T03:55:02.168415Z,0.0100,935.19,yes
2026-09-28T03:55:02.178329Z,0.0100,187.03,yes
2026-09-28T03:55:02.219735Z,0.0100,93.51,yes
2026-09-28T03:55:02.225899Z,0.0100,467.59,yes
2026-09-28T03:55:02.247529Z,0.0100,33.00,yes
2026-09-28T03:55:02.257024Z,0.0100,467.59,yes
2026-09-28T03:55:02.279461Z,0.0100,46.75,yes
2026-09-28T03:55:02.286991Z,0.0100,467.59,yes
2026-09-28T03:55:02.31425Z,0.0100,93.51,yes
2026-09-28T03:55:02.343495Z,0.0100,93.51,yes
2026-09-28T03:55:02.374142Z,0.0100,1646.87,yes
2026-09-28T03:55:02.380723Z,0.0100,93.51,yes
2026-09-28T03:55:02.440937Z,0.0100,467.59,yes
2026-09-28T03:55:02.441346Z,0.0100,93.51,yes
2026-09-28T03:55:02.447689Z,0.0100,374.07,yes
2026-09-28T03:55:02.463692Z,0.0100,187.03,yes
2026-09-28T03:55:02.491359Z,0.0100,841.67,yes
2026-09-28T03:55:02.498317Z,0.0100,93.51,yes
2026-09-28T03:55:02.501775Z,0.0100,935.19,yes
2026-09-28T03:55:02.516223Z,0.0100,93.51,yes
2026-09-28T03:55:02.534895Z,0.0100,46.75,yes
2026-09-28T03:55:02.571059Z,0.0100,93.51,yes
2026-09-28T03:55:02.579925Z,0.0100,935.19,yes
2026-09-28T03:55:02.620667Z,0.0100,187.03,yes
2026-09-28T03:55:02.648582Z,0.0100,93.51,yes
2026-09-28T03:55:02.652092Z,0.0100,93.51,yes
2026-09-28T03:55:02.692965Z,0.0100,18.70,yes
2026-09-28T03:55:02.701929Z,0.0100,93.51,yes
2026-09-28T03:55:02.706186Z,0.0100,93.51,yes
2026-09-28T03:55:02.743861Z,0.0100,57.04,yes
2026-09-28T03:55:02.81429Z,0.0100,187.03,yes
2026-09-28T03:55:02.825339Z,0.0100,187.03,yes
2026-09-28T03:55:02.835001Z,0.0100,93.51,yes
2026-09-28T03:55:02.845529Z,0.0100,467.59,yes
2026-09-28T03:55:02.974589Z,0.0100,306.00,yes
2026-09-28T03:55:02.983272Z,0.0100,9.35,yes
2026-09-28T03:55:02.993533Z,0.0100,93.51,yes
2026-09-28T03:55:03.010325Z,0.0100,1402.78,yes
2026-09-28T03:55:03.013202Z,0.0100,4675.95,yes
2026-09-28T03:55:03.063186Z,0.0100,467.59,yes
2026-09-28T03:55:03.092277Z,0.0100,467.59,yes
2026-09-28T03:55:03.102663Z,0.0100,93.51,yes
2026-09-28T03:55:03.108403Z,0.0100,93.51,yes
2026-09-28T03:55:03.11861Z,0.0100,93.51,yes
2026-09-28T03:55:03.139324Z,0.0100,2337.97,yes
2026-09-28T03:55:03.145693Z,0.0100,93.51,yes
2026-09-28T03:55:03.145892Z,0.0100,93.51,yes
2026-09-28T03:55:03.181974Z,0.0100,1402.78,yes
2026-09-28T03:55:03.194293Z,0.0100,307.67,yes
2026-09-28T03:55:03.204579Z,0.0100,935.19,yes
2026-09-28T03:55:03.224709Z,0.0100,467.59,yes
2026-09-28T03:55:03.245232Z,0.0100,935.19,yes
2026-09-28T03:55:03.255054Z,0.0100,467.59,yes
2026-09-28T03:55:03.260742Z,0.0100,102.87,yes
2026-09-28T03:55:03.273134Z,0.0100,93.51,yes
2026-09-28T03:55:03.282194Z,0.0100,467.59,yes
2026-09-28T03:55:03.289623Z,0.0100,467.59,yes
2026-09-28T03:55:03.334924Z,0.0100,935.19,yes
2026-09-28T03:55:03.349639Z,0.0100,23379.78,yes
2026-09-28T03:55:03.363748Z,0.0100,935.19,yes
2026-09-28T03:55:03.373098Z,0.0100,280.55,yes
2026-09-28T03:55:03.386426Z,0.0100,1870.38,yes
2026-09-28T03:55:03.394882Z,0.0100,935.19,yes
2026-09-28T03:55:03.395079Z,0.0100,93.51,yes
2026-09-28T03:55:03.4191Z,0.0100,187.03,yes
2026-09-28T03:55:03.455253Z,0.0100,93.51,yes
2026-09-28T03:55:03.474001Z,0.0100,93.51,yes
2026-09-28T03:55:03.479016Z,0.0100,93.51,yes
2026-09-28T03:55:03.508598Z,0.0100,59.85,yes
2026-09-28T03:55:03.620581Z,0.0100,93.51,yes
2026-09-28T03:55:03.622276Z,0.0100,3.74,yes
2026-09-28T03:55:03.638732Z,0.0100,467.59,yes
2026-09-28T03:55:03.642811Z,0.0100,65.46,yes
2026-09-28T03:55:03.643754Z,0.0100,18.09,yes
2026-09-28T03:55:03.662023Z,0.0100,93.51,yes
2026-09-28T03:55:03.666166Z,0.0100,467.59,yes
2026-09-28T03:55:03.689002Z,0.0100,935.19,yes
2026-09-28T03:55:03.690416Z,0.0100,0.93,yes
2026-09-28T03:55:03.69267Z,0.0100,1589.82,yes
2026-09-28T03:55:03.765914Z,0.0100,93.51,yes
2026-09-28T03:55:03.770862Z,0.0100,166.33,yes
2026-09-28T03:55:03.811795Z,0.0100,1.00,yes
2026-09-28T03:55:03.825223Z,0.0100,93.51,yes
2026-09-28T03:55:03.844951Z,0.0100,93.51,yes
2026-09-28T03:55:03.854601Z,0.0100,233.00,yes
2026-09-28T03:55:03.862165Z,0.0100,935.19,yes
2026-09-28T03:55:03.884688Z,0.0100,9.35,yes
2026-09-28T03:55:03.899287Z,0.0100,4675.95,yes
2026-09-28T03:55:03.905657Z,0.0100,111.28,yes
2026-09-28T03:55:03.912681Z,0.0100,935.19,yes
2026-09-28T03:55:03.929522Z,0.0100,4.67,yes
2026-09-28T03:55:03.992271Z,0.0100,1.87,yes
2026-09-28T03:55:04.073057Z,0.0100,93.51,yes
2026-09-28T03:55:04.083767Z,0.0100,187.03,yes
2026-09-28T03:55:04.090384Z,0.0100,3553.72,yes
2026-09-28T03:55:04.138487Z,0.0100,93.51,yes
2026-09-28T03:55:04.161011Z,0.0100,93.51,yes
2026-09-28T03:55:04.174031Z,0.0100,93.51,yes
2026-09-28T03:55:04.228043Z,0.0100,187.03,yes
2026-09-28T03:55:04.233144Z,0.0100,467.59,yes
2026-09-28T03:55:04.242599Z,0.0100,187.03,yes
2026-09-28T03:55:04.335155Z,0.0100,10.28,yes
2026-09-28T03:55:04.338268Z,0.0100,935.19,yes
2026-09-28T03:55:04.359407Z,0.0100,93.51,yes
2026-09-28T03:55:04.421491Z,0.0100,33.00,yes
2026-09-28T03:55:04.447691Z,0.0100,93.51,yes
2026-09-28T03:55:04.453679Z,0.0100,77.00,yes
2026-09-28T03:55:04.473679Z,0.0100,467.59,yes
2026-09-28T03:55:04.485789Z,0.0100,2337.97,yes
2026-09-28T03:55:04.502676Z,0.0100,1870.38,yes
2026-09-28T03:55:04.510402Z,0.0100,93.51,yes
2026-09-28T03:55:04.515154Z,0.0100,935.19,yes
2026-09-28T03:55:04.532441Z,0.0100,93.51,yes
2026-09-28T03:55:04.585518Z,0.0100,187.03,yes
2026-09-28T03:55:04.58899Z,0.0100,280.55,yes
2026-09-28T03:55:04.61423Z,0.0100,935.19,yes
2026-09-28T03:55:04.635139Z,0.0100,187.03,yes
2026-09-28T03:55:04.649676Z,0.0100,93.51,yes
2026-09-28T03:55:04.683506Z,0.0100,4675.95,yes
2026-09-28T03:55:04.709747Z,0.0100,467.59,yes
2026-09-28T03:55:04.722179Z,0.0100,467.59,yes
2026-09-28T03:55:04.743893Z,0.0100,93.51,yes
2026-09-28T03:55:04.746966Z,0.0100,187.03,yes
2026-09-28T03:55:04.760185Z,0.0100,333.00,yes
2026-09-28T03:55:04.833049Z,0.0100,93.51,yes
2026-09-28T03:55:04.839306Z,0.0100,93.51,yes
2026-09-28T03:55:04.86067Z,0.0100,3740.76,yes
2026-09-28T03:55:04.872773Z,0.0100,93.51,yes
2026-09-28T03:55:04.931853Z,0.0100,467.59,yes
2026-09-28T03:55:04.940532Z,0.0100,93.51,yes
2026-09-28T03:55:04.979415Z,0.0100,4.67,yes
2026-09-28T03:55:04.980834Z,0.0100,374.07,yes
2026-09-28T03:55:04.997248Z,0.0100,187.03,yes
2026-09-28T03:55:05.007403Z,0.0100,46.75,yes
2026-09-28T03:55:05.015077Z,0.0100,666.00,yes
2026-09-28T03:55:05.016226Z,0.0100,1870.38,yes
2026-09-28T03:55:05.035551Z,0.0100,935.19,yes
2026-09-28T03:55:05.046104Z,0.0100,935.19,yes
2026-09-28T03:55:05.084384Z,0.0100,93.51,yes
2026-09-28T03:55:05.087085Z,0.0100,333.00,yes
2026-09-28T03:55:05.092399Z,0.0100,1402.78,yes
2026-09-28T03:55:05.098156Z,0.0100,187.03,yes
2026-09-28T03:55:05.107892Z,0.0100,93.51,yes
2026-09-28T03:55:05.123725Z,0.0100,2337.97,yes
2026-09-28T03:55:05.132207Z,0.0100,1309.26,yes
2026-09-28T03:55:05.132648Z,0.0100,935.19,yes
2026-09-28T03:55:05.190848Z,0.0100,93.51,yes
2026-09-28T03:55:05.191053Z,0.0100,2337.97,yes
2026-09-28T03:55:05.191465Z,0.0100,467.59,yes
2026-09-28T03:55:05.19965Z,0.0100,9351.91,yes
2026-09-28T03:55:05.244752Z,0.0100,93.51,yes
2026-09-28T03:55:05.27631Z,0.0100,8.41,yes
2026-09-28T03:55:05.284392Z,0.0100,93.51,yes
2026-09-28T03:55:05.330152Z,0.0100,93.51,yes
2026-09-28T03:55:05.337486Z,0.0100,93.51,yes
2026-09-28T03:55:05.337599Z,0.0100,187.03,yes
2026-09-28T03:55:05.346728Z,0.0100,93.51,yes
2026-09-28T03:55:05.370869Z,0.0100,935.19,yes
2026-09-28T03:55:05.40246Z,0.0100,93.51,yes
2026-09-28T03:55:05.418313Z,0.0100,100.00,yes
2026-09-28T03:55:05.529724Z,0.0100,93.51,yes
2026-09-28T03:55:05.551478Z,0.0100,93.51,yes
2026-09-28T03:55:05.553494Z,0.0100,9.35,yes
2026-09-28T03:55:05.60474Z,0.0100,166.33,yes
2026-09-28T03:55:05.615904Z,0.0100,46.75,yes
2026-09-28T03:55:05.672474Z,0.0100,93.51,yes
2026-09-28T03:55:05.684849Z,0.0100,93.51,yes
2026-09-28T03:55:05.693888Z,0.0100,0.93,yes
2026-09-28T03:55:05.71832Z,0.0100,935.19,yes
2026-09-28T03:55:05.749153Z,0.0100,187.03,yes
2026-09-28T03:55:05.751066Z,0.0100,467.59,yes
2026-09-28T03:55:05.810656Z,0.0100,93.51,yes
2026-09-28T03:55:05.815774Z,0.0100,6.54,yes
2026-09-28T03:55:05.823581Z,0.0100,467.59,yes
2026-09-28T03:55:05.841526Z,0.0100,467.59,yes
2026-09-28T03:55:05.847118Z,0.0100,935.19,yes
2026-09-28T03:55:05.856553Z,0.0100,2337.97,yes
2026-09-28T03:55:05.856966Z,0.0100,93.51,yes
2026-09-28T03:55:05.873256Z,0.0100,280.55,yes
2026-09-28T03:55:05.874927Z,0.0100,93.51,yes
2026-09-28T03:55:05.876635Z,0.0100,467.59,yes
2026-09-28T03:55:05.89709Z,0.0100,93.51,yes
2026-09-28T03:55:05.90366Z,0.0100,467.59,yes
2026-09-28T03:55:05.950163Z,0.0100,166.00,yes
2026-09-28T03:55:05.955624Z,0.0100,93.51,yes
2026-09-28T03:55:05.984196Z,0.0100,280.55,yes
2026-09-28T03:55:06.00053Z,0.0100,93.51,yes
2026-09-28T03:55:06.031857Z,0.0100,13.09,yes
2026-09-28T03:55:06.064075Z,0.0100,9.35,yes
2026-09-28T03:55:06.08167Z,0.0100,166.00,yes
2026-09-28T03:55:06.114522Z,0.0100,93.51,yes
2026-09-28T03:55:06.13803Z,0.0100,1402.78,yes
2026-09-28T03:55:06.175074Z,0.0100,467.59,yes
2026-09-28T03:55:06.191342Z,0.0100,9351.91,yes
2026-09-28T03:55:06.191442Z,0.0100,467.59,yes
2026-09-28T03:55:06.197119Z,0.0100,93.51,yes
2026-09-28T03:55:06.197903Z,0.0100,9351.91,yes
2026-09-28T03:55:06.205404Z,0.0100,93.51,yes
2026-09-28T03:55:06.273343Z,0.0100,187.03,yes
2026-09-28T03:55:06.274381Z,0.0100,93.51,yes
2026-09-28T03:55:06.276874Z,0.0100,139.34,yes
2026-09-28T03:55:06.29178Z,0.0100,18.70,yes
2026-09-28T03:55:06.307716Z,0.0100,93.51,yes
2026-09-28T03:55:06.308124Z,0.0100,467.59,yes
2026-09-28T03:55:06.322123Z,0.0100,187.03,yes
2026-09-28T03:55:06.32316Z,0.0100,100.00,yes
2026-09-28T03:55:06.341419Z,0.0100,467.59,yes
2026-09-28T03:55:06.361625Z,0.0100,1870.38,yes
2026-09-28T03:55:06.37955Z,0.0100,93.51,yes
2026-09-28T03:55:06.41121Z,0.0100,17.76,yes
2026-09-28T03:55:06.419178Z,0.0100,467.59,yes
2026-09-28T03:55:06.539977Z,0.0100,1215.74,yes
2026-09-28T03:55:06.549974Z,0.0100,93.51,yes
2026-09-28T03:55:06.683089Z,0.0100,833.00,yes
2026-09-28T03:55:06.729213Z,0.0100,93.51,yes
2026-09-28T03:55:06.731488Z,0.0100,467.59,yes
2026-09-28T03:55:06.735386Z,0.0100,467.59,yes
2026-09-28T03:55:06.762984Z,0.0100,114.09,yes
2026-09-28T03:55:06.82879Z,0.0100,93.51,yes
2026-09-28T03:55:06.841926Z,0.0100,93.51,yes
2026-09-28T03:55:06.853243Z,0.0100,467.59,yes
2026-09-28T03:55:06.861736Z,0.0100,93.51,yes
2026-09-28T03:55:06.872232Z,0.0100,3.00,yes
2026-09-28T03:55:06.986694Z,0.0100,935.00,yes
2026-09-28T03:55:07.033572Z,0.0100,93.51,yes
2026-09-28T03:55:07.035294Z,0.0100,467.59,yes
2026-09-28T03:55:07.058196Z,0.0100,93.51,yes
2026-09-28T03:55:07.133911Z,0.0100,374.07,yes
2026-09-28T03:55:07.181462Z,0.0100,187.03,yes
2026-09-28T03:55:07.208412Z,0.0100,46.75,yes
2026-09-28T03:55:07.21148Z,0.0100,93.51,yes
2026-09-28T03:55:07.233139Z,0.0100,93.51,yes
2026-09-28T03:55:07.262384Z,0.0100,93.51,yes
2026-09-28T03:55:07.294967Z,0.0100,20013.09,yes
2026-09-28T03:55:07.311473Z,0.0100,2337.97,yes
2026-09-28T03:55:07.342338Z,0.0100,93.51,yes
2026-09-28T03:55:07.348066Z,0.0100,9.35,yes
2026-09-28T03:55:07.443123Z,0.0100,467.59,yes
2026-09-28T03:55:07.45075Z,0.0100,166.33,yes
2026-09-28T03:55:07.513324Z,0.0100,467.59,yes
2026-09-28T03:55:07.552724Z,0.0100,93.51,yes
2026-09-28T03:55:07.576338Z,0.0100,1870.38,yes
2026-09-28T03:55:07.578001Z,0.0100,314.22,yes
2026-09-28T03:55:07.616735Z,0.0100,187.03,yes
2026-09-28T03:55:07.659384Z,0.0100,935.19,yes
2026-09-28T03:55:07.670385Z,0.0100,93.51,yes
2026-09-28T03:55:07.694847Z,0.0100,1870.38,yes
2026-09-28T03:55:07.708693Z,0.0100,93.51,yes
2026-09-28T03:55:07.759167Z,0.0100,93.51,yes
2026-09-28T03:55:07.761513Z,0.0100,93.51,yes
2026-09-28T03:55:07.797879Z,0.0100,158.04,yes
2026-09-28T03:55:07.806287Z,0.0100,1402.78,yes
2026-09-28T03:55:07.825894Z,0.0100,1832.97,yes
2026-09-28T03:55:07.831703Z,0.0100,0.93,yes
2026-09-28T03:55:07.834171Z,0.0100,467.59,yes
2026-09-28T03:55:07.834862Z,0.0100,1122.22,yes
2026-09-28T03:55:07.848413Z,0.0100,93.51,yes
2026-09-28T03:55:07.856807Z,0.0100,935.19,yes
2026-09-28T03:55:07.878688Z,0.0100,93.51,yes
2026-09-28T03:55:07.882601Z,0.0100,935.19,yes
2026-09-28T03:55:07.931616Z,0.0100,93.51,yes
2026-09-28T03:55:07.936642Z,0.0100,15.89,yes
2026-09-28T03:55:07.973157Z,0.0100,935.19,yes
2026-09-28T03:55:07.979373Z,0.0100,22.44,yes
2026-09-28T03:55:08.002619Z,0.0100,93.51,yes
2026-09-28T03:55:08.004263Z,0.0100,93.51,yes
2026-09-28T03:55:08.006943Z,0.0100,935.19,yes
2026-09-28T03:55:08.088621Z,0.0100,187.03,yes
2026-09-28T03:55:08.136198Z,0.0100,93.51,yes
2026-09-28T03:55:08.157516Z,0.0100,187.03,yes
2026-09-28T03:55:08.229245Z,0.0100,467.59,yes
2026-09-28T03:55:08.30372Z,0.0100,93.51,yes
2026-09-28T03:55:08.344521Z,0.0100,935.19,yes
2026-09-28T03:55:08.37712Z,0.0100,9.35,yes
2026-09-28T03:55:08.383799Z,0.0100,80.42,yes
2026-09-28T03:55:08.384726Z,0.0100,1870.38,yes
2026-09-28T03:55:08.396507Z,0.0100,93.51,yes
2026-09-28T03:55:08.42115Z,0.0100,467.59,yes
2026-09-28T03:55:08.435093Z,0.0100,935.19,yes
2026-09-28T03:55:08.441158Z,0.0100,18.70,yes
2026-09-28T03:55:08.465918Z,0.0100,93.51,yes
2026-09-28T03:55:08.469071Z,0.0100,66.33,yes
2026-09-28T03:55:08.491951Z,0.0100,467.59,yes
2026-09-28T03:55:08.54358Z,0.0100,93.51,yes
2026-09-28T03:55:08.562278Z,0.0100,9351.91,yes
2026-09-28T03:55:08.571467Z,0.0100,93.51,yes
2026-09-28T03:55:08.608501Z,0.0100,16833.44,yes
2026-09-28T03:55:08.621066Z,0.0100,18.70,yes
2026-09-28T03:55:08.63999Z,0.0100,1402.78,yes
2026-09-28T03:55:08.694034Z,0.0100,93.51,yes
2026-09-28T03:55:08.708049Z,0.0100,93.51,yes
2026-09-28T03:55:08.736801Z,0.0100,93.51,yes
2026-09-28T03:55:08.762264Z,0.0100,93519.12,yes
2026-09-28T03:55:08.841738Z,0.0100,93.51,yes
2026-09-28T03:55:08.855173Z,0.0100,935.19,yes
2026-09-28T03:55:08.861918Z,0.0100,935.19,yes
2026-09-28T03:55:08.892471Z,0.0100,93.51,yes
2026-09-28T03:55:08.935349Z,0.0100,187.03,yes
2026-09-28T03:55:08.993489Z,0.0100,18.70,yes
2026-09-28T03:55:09.00005Z,0.0100,224.44,yes
2026-09-28T03:55:09.014178Z,0.0100,2337.97,yes
2026-09-28T03:55:09.032546Z,0.0100,9351.91,yes
2026-09-28T03:55:09.130222Z,0.0100,100.00,yes
2026-09-28T03:55:09.135093Z,0.0100,62.65,yes
2026-09-28T03:55:09.135955Z,0.0100,46.75,yes
2026-09-28T03:55:09.146807Z,0.0100,467.00,yes
2026-09-28T03:55:09.161238Z,0.0100,93.51,yes
2026-09-28T03:55:09.261239Z,0.0100,93.51,yes
2026-09-28T03:55:09.264678Z,0.0100,187.03,yes
2026-09-28T03:55:09.306647Z,0.0100,93.51,yes
2026-09-28T03:55:09.308254Z,0.0100,28.99,yes
2026-09-28T03:55:09.315018Z,0.0100,467.59,yes
2026-09-28T03:55:09.325854Z,0.0100,935.19,yes
2026-09-28T03:55:09.339543Z,0.0100,93.51,yes
2026-09-28T03:55:09.349265Z,0.0100,93.51,yes
2026-09-28T03:55:09.361012Z,0.0100,467.59,yes
2026-09-28T03:55:09.380351Z,0.0100,1402.78,yes
2026-09-28T03:55:09.427911Z,0.0100,93.51,yes
2026-09-28T03:55:09.486339Z,0.0100,46.75,yes
2026-09-28T03:55:09.506311Z,0.0100,935.19,yes
2026-09-28T03:55:09.524741Z,0.0100,14.02,yes
2026-09-28T03:55:09.557591Z,0.0100,2337.97,yes
2026-09-28T03:55:09.606555Z,0.0100,93.51,yes
2026-09-28T03:55:09.621608Z,0.0100,467.59,yes
2026-09-28T03:55:09.628783Z,0.0100,93.51,yes
2026-09-28T03:55:09.656673Z,0.0100,93.51,yes
2026-09-28T03:55:09.73404Z,0.0100,166.00,yes
2026-09-28T03:55:09.775081Z,0.0100,935.19,yes
2026-09-28T03:55:09.786392Z,0.0100,93.51,yes
2026-09-28T03:55:09.788411Z,0.0100,57.04,yes
2026-09-28T03:55:09.793077Z,0.0100,93.51,yes
2026-09-28T03:55:09.821375Z,0.0100,93.51,yes
2026-09-28T03:55:09.860336Z,0.0100,93.51,yes
2026-09-28T03:55:09.957061Z,0.0100,280.55,yes
2026-09-28T03:55:09.96044Z,0.0100,93.51,yes
2026-09-28T03:55:10.020872Z,0.0100,4675.95,yes
2026-09-28T03:55:10.033465Z,0.0100,93.51,yes
2026-09-28T03:55:10.044583Z,0.0100,18.70,yes
2026-09-28T03:55:10.101264Z,0.0100,93.51,yes
2026-09-28T03:55:10.14152Z,0.0100,4.67,yes
2026-09-28T03:55:10.210668Z,0.0100,93.51,yes
2026-09-28T03:55:10.22436Z,0.0100,187.03,yes
2026-09-28T03:55:10.302619Z,0.0100,467.59,yes
2026-09-28T03:55:10.315139Z,0.0100,467.59,yes
2026-09-28T03:55:10.416712Z,0.0100,138.40,yes
2026-09-28T03:55:10.490774Z,0.0100,280.55,yes
2026-09-28T03:55:10.509811Z,0.0100,467.59,yes
2026-09-28T03:55:10.565932Z,0.0100,93.51,yes
2026-09-28T03:55:10.618737Z,0.0100,82.50,yes
2026-09-28T03:55:10.630888Z,0.0100,467.59,yes
2026-09-28T03:55:10.639449Z,0.0100,9.35,yes
2026-09-28T03:55:10.653445Z,0.0100,467.59,yes
2026-09-28T03:55:10.663098Z,0.0100,239.40,yes
2026-09-28T03:55:10.667091Z,0.0100,467.59,yes
2026-09-28T03:55:10.682444Z,0.0100,1870.38,yes
2026-09-28T03:55:10.683121Z,0.0100,333.00,yes
2026-09-28T03:55:10.697463Z,0.0100,935.19,yes
2026-09-28T03:55:10.705216Z,0.0100,935.19,yes
2026-09-28T03:55:10.730784Z,0.0100,166.00,yes
2026-09-28T03:55:10.753855Z,0.0100,4675.95,yes
2026-09-28T03:55:10.763184Z,0.0100,187.03,yes
2026-09-28T03:55:10.844462Z,0.0100,22.44,yes
2026-09-28T03:55:10.899974Z,0.0100,93.51,yes
2026-09-28T03:55:10.962317Z,0.0100,1870.38,yes
2026-09-28T03:55:10.965254Z,0.0100,9351.91,yes
2026-09-28T03:55:10.997343Z,0.0100,187.03,yes
2026-09-28T03:55:11.195736Z,0.0100,166.33,yes
2026-09-28T03:55:11.213013Z,0.0100,935.19,yes
2026-09-28T03:55:11.271941Z,0.0100,935.19,yes
2026-09-28T03:55:11.295544Z,0.0100,93.51,yes
2026-09-28T03:55:11.312525Z,0.0100,0.93,yes
2026-09-28T03:55:11.335075Z,0.0100,93.51,yes
2026-09-28T03:55:11.413425Z,0.0100,935.19,yes
2026-09-28T03:55:11.452972Z,0.0100,93.51,yes
2026-09-28T03:55:11.474749Z,0.0100,280.55,yes
2026-09-28T03:55:11.602327Z,0.0100,9351.91,yes
2026-09-28T03:55:11.630988Z,0.0100,93.51,yes
2026-09-28T03:55:11.715949Z,0.0100,93.51,yes
2026-09-28T03:55:11.764884Z,0.0100,2337.97,yes
2026-09-28T03:55:11.841437Z,0.0100,935.19,yes
2026-09-28T03:55:11.899298Z,0.0100,935.19,yes
2026-09-28T03:55:11.903184Z,0.0100,9351.91,yes
2026-09-28T03:55:11.939413Z,0.0100,93.51,yes
2026-09-28T03:55:11.940382Z,0.0100,467.59,yes
2026-09-28T03:55:11.957018Z,0.0100,93.51,yes
2026-09-28T03:55:11.958171Z,0.0100,467.59,yes
2026-09-28T03:55:11.99151Z,0.0100,935.19,yes
2026-09-28T03:55:12.000129Z,0.0100,935.19,yes
2026-09-28T03:55:12.063934Z,0.0100,467.59,yes
2026-09-28T03:55:12.249891Z,0.0100,467.59,yes
2026-09-28T03:55:12.287191Z,0.0100,467.59,yes
2026-09-28T03:55:12.35423Z,0.0100,467.59,yes
2026-09-28T03:55:12.364407Z,0.0100,3083.32,yes
2026-09-28T03:55:12.368908Z,0.0100,3740.76,yes
2026-09-28T03:55:12.402633Z,0.0100,93.51,yes
2026-09-28T03:55:12.432068Z,0.0100,1870.38,yes
2026-09-28T03:55:12.512369Z,0.0100,467.59,yes
2026-09-28T03:55:12.602668Z,0.0100,1870.38,yes
2026-09-28T03:55:12.603072Z,0.0100,93.51,yes
2026-09-28T03:55:12.642271Z,0.0100,93.51,yes
2026-09-28T03:55:12.667905Z,0.0100,467.59,yes
2026-09-28T03:55:12.763314Z,0.0100,93.51,yes
2026-09-28T03:55:12.820533Z,0.0100,93.51,yes
2026-09-28T03:55:12.988683Z,0.0100,467.59,yes
2026-09-28T03:55:13.079518Z,0.0100,97.00,yes
2026-09-28T03:55:13.230797Z,0.0100,1.20,yes
2026-09-28T03:55:13.35787Z,0.0100,9.35,yes
2026-09-28T03:55:13.397822Z,0.0100,69.00,yes
2026-09-28T03:55:13.418999Z,0.0100,93.51,yes
2026-09-28T03:55:13.457343Z,0.0100,280.55,yes
2026-09-28T03:55:13.486025Z,0.0100,467.59,yes
2026-09-28T03:55:13.487766Z,0.0100,9.35,yes
2026-09-28T03:55:13.549549Z,0.0100,6546.33,yes
2026-09-28T03:55:13.584255Z,0.0100,93.51,yes
2026-09-28T03:55:13.628466Z,0.0100,467.59,yes
2026-09-28T03:55:13.708614Z,0.0100,467.59,yes
2026-09-28T03:55:13.789292Z,0.0100,467.59,yes
2026-09-28T03:55:13.809652Z,0.0100,28719.45,yes
2026-09-28T03:55:13.809652Z,0.0100,1861.30,yes
2026-09-28T03:55:13.840771Z,0.0100,467.59,yes
2026-09-28T03:55:13.842039Z,0.0100,187.00,yes
2026-09-28T03:55:13.880068Z,0.0100,280.55,yes
2026-09-28T03:55:13.881281Z,0.0100,6546.33,yes
2026-09-28T03:55:13.904219Z,0.0100,657.23,yes
2026-09-28T03:55:13.904219Z,0.0100,40.00,yes
2026-09-28T03:55:13.904219Z,0.0100,1172.15,yes
2026-09-28T03:55:13.904219Z,0.0100,1.00,yes
2026-09-28T03:55:13.925838Z,0.0100,467.00,yes
2026-09-28T03:55:13.929782Z,0.0100,93.51,yes
2026-09-28T03:55:14.021247Z,0.0100,57.04,yes
2026-09-28T03:55:14.043605Z,0.0100,93.51,yes
2026-09-28T03:55:14.087317Z,0.0100,76.79,yes
2026-09-28T03:55:14.087317Z,0.0100,63.24,yes
2026-09-28T03:55:14.087317Z,0.0100,47.00,yes
2026-09-28T03:55:14.20214Z,0.0100,187.03,yes
2026-09-28T03:55:14.270883Z,0.0100,1402.78,yes
2026-09-28T03:55:14.294386Z,0.0100,189.58,yes
2026-09-28T03:55:14.294386Z,0.0100,745.61,yes
2026-09-28T03:55:14.381258Z,0.0100,467.59,yes
2026-09-28T03:55:14.469036Z,0.0100,65.46,yes
2026-09-28T03:55:14.477578Z,0.0100,93.51,yes
2026-09-28T03:55:14.506714Z,0.0100,93.51,yes
2026-09-28T03:55:14.557994Z,0.0100,93.51,yes
2026-09-28T03:55:14.622371Z,0.0100,1870.38,yes
2026-09-28T03:55:14.735927Z,0.0100,33.00,yes
2026-09-28T03:55:14.865545Z,0.0100,467.59,yes
2026-09-28T03:55:14.944639Z,0.0100,935.19,yes
2026-09-28T03:55:14.975099Z,0.0100,467.59,yes
2026-09-28T03:55:15.01816Z,0.0100,374.07,yes
2026-09-28T03:55:15.028724Z,0.0100,93.51,yes
2026-09-28T03:55:15.06976Z,0.0100,13.00,yes
2026-09-28T03:55:15.06976Z,0.0100,21.37,yes
2026-09-28T03:55:15.06976Z,0.0100,12.94,yes
2026-09-28T03:55:15.06976Z,0.0100,2507.00,yes
2026-09-28T03:55:15.06976Z,0.0100,8.42,yes
2026-09-28T03:55:15.06976Z,0.0100,4.29,yes
2026-09-28T03:55:15.06976Z,0.0100,4.28,yes
2026-09-28T03:55:15.06976Z,0.0100,4.20,yes
2026-09-28T03:55:15.06976Z,0.0100,8.63,yes
2026-09-28T03:55:15.06976Z,0.0100,4.27,yes
2026-09-28T03:55:15.06976Z,0.0100,25.80,yes
2026-09-28T03:55:15.06976Z,0.0100,2639.67,yes
2026-09-28T03:55:15.06976Z,0.0100,22.24,yes
2026-09-28T03:55:15.06976Z,0.0100,755.51,yes
2026-09-28T03:55:15.06976Z,0.0100,3213.00,yes
2026-09-28T03:55:15.06976Z,0.0100,38.76,yes
2026-09-28T03:55:15.06976Z,0.0100,4.33,yes
2026-09-28T03:55:15.06976Z,0.0100,59.94,yes
2026-09-28T03:55:15.06976Z,0.0100,4.26,yes
2026-09-28T03:55:15.106391Z,0.0100,93.51,yes
2026-09-28T03:55:15.126476Z,0.0100,9.35,yes
2026-09-28T03:55:15.150285Z,0.0100,624.47,yes
2026-09-28T03:55:15.150285Z,0.0100,293.88,yes
2026-09-28T03:55:15.171165Z,0.0100,2213.12,yes
2026-09-28T03:55:15.171165Z,0.0100,7138.79,yes
2026-09-28T03:55:15.312731Z,0.0100,467.59,yes
2026-09-28T03:55:15.320056Z,0.0100,935.19,yes
2026-09-28T03:55:15.426193Z,0.0100,93.51,yes
2026-09-28T03:55:15.475202Z,0.0100,46.75,yes
2026-09-28T03:55:15.592665Z,0.0100,935.19,yes
2026-09-28T03:55:15.683061Z,0.0100,935.19,yes
2026-09-28T03:55:15.69162Z,0.0100,46.75,yes
2026-09-28T03:55:15.726993Z,0.0100,935.19,yes
2026-09-28T03:55:15.825363Z,0.0100,2805.57,yes
2026-09-28T03:55:15.8297Z,0.0100,37.40,yes
2026-09-28T03:55:16.030013Z,0.0100,467.59,yes
2026-09-28T03:55:16.055966Z,0.0100,45.82,yes
2026-09-28T03:55:16.156683Z,0.0100,93.51,yes
2026-09-28T03:55:16.337431Z,0.0100,333.00,yes
2026-09-28T03:55:16.350333Z,0.0100,9.35,yes
2026-09-28T03:55:16.35071Z,0.0100,93.51,yes
2026-09-28T03:55:16.389991Z,0.0100,33.00,yes
2026-09-28T03:55:16.515682Z,0.0100,935.19,yes
2026-09-28T03:55:16.520102Z,0.0100,1402.78,yes
2026-09-28T03:55:16.543734Z,0.0100,31.79,yes
2026-09-28T03:55:16.547905Z,0.0100,9351.91,yes
2026-09-28T03:55:16.554709Z,0.0100,467.59,yes
2026-09-28T03:55:16.559608Z,0.0100,187.03,yes
2026-09-28T03:55:16.570459Z,0.0100,935.19,yes
2026-09-28T03:55:16.57139Z,0.0100,467.59,yes
2026-09-28T03:55:16.638177Z,0.0100,8.62,yes
2026-09-28T03:55:16.638177Z,0.0100,20836.77,yes
2026-09-28T03:55:16.638177Z,0.0100,20768.03,yes
2026-09-28T03:55:16.638177Z,0.0100,4.29,yes
2026-09-28T03:55:16.638177Z,0.0100,4.28,yes
2026-09-28T03:55:16.638177Z,0.0100,4.28,yes
2026-09-28T03:55:16.638177Z,0.0100,8.61,yes
2026-09-28T03:55:16.638177Z,0.0100,8.45,yes
2026-09-28T03:55:16.638177Z,0.0100,4.28,yes
2026-09-28T03:55:16.638177Z,0.0100,17.12,yes
2026-09-28T03:55:16.638177Z,0.0100,4.31,yes
2026-09-28T03:55:16.638177Z,0.0100,12.85,yes
2026-09-28T03:55:16.638177Z,0.0100,8.58,yes
2026-09-28T03:55:16.638177Z,0.0100,2526.00,yes
2026-09-28T03:55:16.638177Z,0.0100,2526.00,yes
2026-09-28T03:55:16.638177Z,0.0100,17.09,yes
2026-09-28T03:55:16.644787Z,0.0100,4675.95,yes
2026-09-28T03:55:16.67046Z,0.0100,2805.57,yes
2026-09-28T03:55:16.675285Z,0.0100,4675.95,yes
2026-09-28T03:55:16.720478Z,0.0100,467.59,yes
2026-09-28T03:55:16.785303Z,0.0100,93.51,yes
2026-09-28T03:55:16.800917Z,0.0100,93.51,yes
2026-09-28T03:55:16.802805Z,0.0100,935.19,yes
2026-09-28T03:55:16.855891Z,0.0100,415.96,yes
2026-09-28T03:55:16.855891Z,0.0100,25.49,yes
2026-09-28T03:55:16.855891Z,0.0100,4.29,yes
2026-09-28T03:55:16.855891Z,0.0100,21.85,yes
2026-09-28T03:55:16.878745Z,0.0100,374.07,yes
2026-09-28T03:55:16.923521Z,0.0100,93.51,yes
2026-09-28T03:55:17.126658Z,0.0100,467.59,yes
2026-09-28T03:55:17.180195Z,0.0100,166.00,yes
2026-09-28T03:55:17.19191Z,0.0100,93.51,yes
2026-09-28T03:55:17.213001Z,0.0100,166.00,yes
2026-09-28T03:55:17.235948Z,0.0100,93.51,yes
2026-09-28T03:55:17.236774Z,0.0100,280.55,yes
2026-09-28T03:55:17.425347Z,0.0100,93.51,yes
2026-09-28T03:55:17.654736Z,0.0100,467.59,yes
2026-09-28T03:55:17.737506Z,0.0100,467.59,yes
2026-09-28T03:55:17.900353Z,0.0100,467.59,yes
2026-09-28T03:55:17.940734Z,0.0100,93.51,yes
2026-09-28T03:55:18.149376Z,0.0100,467.59,yes
2026-09-28T03:55:18.153647Z,0.0100,607.87,yes
2026-09-28T03:55:18.18784Z,0.0100,935.19,yes
2026-09-28T03:55:18.202793Z,0.0100,93.51,yes
2026-09-28T03:55:18.218168Z,0.0100,467.59,yes
2026-09-28T03:55:18.289669Z,0.0100,935.19,yes
2026-09-28T03:55:18.315474Z,0.0100,93.51,yes
2026-09-28T03:55:18.322862Z,0.0100,152.43,yes
2026-09-28T03:55:18.396653Z,0.0100,467.59,yes
2026-09-28T03:55:18.403491Z,0.0100,93.51,yes
2026-09-28T03:55:18.539685Z,0.0100,233.79,yes
2026-09-28T03:55:18.578031Z,0.0100,93.51,yes
2026-09-28T03:55:18.594951Z,0.0100,0.93,yes
2026-09-28T03:55:18.674169Z,0.0100,9351.91,yes
2026-09-28T03:55:18.683241Z,0.0100,33.00,yes
2026-09-28T03:55:19.137382Z,0.0100,1402.78,yes
2026-09-28T03:55:19.290562Z,0.0100,56.11,yes
2026-09-28T03:55:19.304493Z,0.0100,4675.95,yes
2026-09-28T03:55:19.534342Z,0.0100,935.19,yes
2026-09-28T03:55:19.556315Z,0.0100,467.59,yes
2026-09-28T03:55:19.609983Z,0.0100,187.03,yes
2026-09-28T03:55:19.671146Z,0.0100,2.80,yes
2026-09-28T03:55:19.731477Z,0.0100,467.59,yes
2026-09-28T03:55:19.797736Z,0.0100,467.59,yes
2026-09-28T03:55:19.813445Z,0.0100,467.59,yes
2026-09-28T03:55:19.823184Z,0.0100,1870.38,yes
2026-09-28T03:55:19.907283Z,0.0100,187.03,yes
2026-09-28T03:55:19.924824Z,0.0100,6078.74,yes
2026-09-28T03:55:20.076855Z,0.0100,93.51,yes
2026-09-28T03:55:20.12937Z,0.0100,33.00,yes
2026-09-28T03:55:20.278531Z,0.0100,9.35,yes
2026-09-28T03:55:20.428342Z,0.0100,227.79,yes
2026-09-28T03:55:20.428342Z,0.0100,224.27,yes
2026-09-28T03:55:20.428342Z,0.0100,15.53,yes
2026-09-28T03:55:20.443965Z,0.0100,467.59,yes
2026-09-28T03:55:20.615814Z,0.0100,166.00,yes
2026-09-28T03:55:20.664352Z,0.0100,467.59,yes
2026-09-28T03:55:20.901641Z,0.0100,93.51,yes
2026-09-28T03:55:20.931162Z,0.0100,467.59,yes
2026-09-28T03:55:20.976175Z,0.0100,22.86,yes
2026-09-28T03:55:20.976175Z,0.0100,21.21,yes
2026-09-28T03:55:20.976175Z,0.0100,1476.93,yes
2026-09-28T03:55:20.976175Z,0.0100,2168.99,yes
2026-09-28T03:55:20.976175Z,0.0100,3367.00,yes
2026-09-28T03:55:20.976175Z,0.0100,123.84,yes
2026-09-28T03:55:20.976175Z,0.0100,18.83,yes
2026-09-28T03:55:21.035841Z,0.0100,74.81,yes
2026-09-28T03:55:21.120084Z,0.0100,1044.81,yes
2026-09-28T03:55:21.120084Z,0.0100,50.77,yes
2026-09-28T03:55:21.120084Z,0.0100,3367.00,yes
2026-09-28T03:55:21.120084Z,0.0100,25.36,yes
2026-09-28T03:55:21.120084Z,0.0100,1123.20,yes
2026-09-28T03:55:21.145013Z,0.0100,935.19,yes
2026-09-28T03:55:21.220759Z,0.0100,935.19,yes
2026-09-28T03:55:21.248521Z,0.0100,312.13,yes
2026-09-28T03:55:21.309413Z,0.0100,93.51,yes
2026-09-28T03:55:21.3339Z,0.0100,1870.38,yes
2026-09-28T03:55:21.33545Z,0.0100,93.51,yes
2026-09-28T03:55:21.357469Z,0.0100,93.51,yes
2026-09-28T03:55:21.38078Z,0.0100,166.33,yes
2026-09-28T03:55:21.396363Z,0.0100,1870.38,yes
2026-09-28T03:55:21.482686Z,0.0100,935.19,yes
2026-09-28T03:55:21.576297Z,0.0100,4.67,yes
2026-09-28T03:55:21.638006Z,0.0100,1.33,yes
2026-09-28T03:55:21.677152Z,0.0100,33.00,yes
2026-09-28T03:55:21.89198Z,0.0100,2150.93,yes
2026-09-28T03:55:22.021202Z,0.0100,93.51,yes
2026-09-28T03:55:22.391595Z,0.0100,935.19,yes
2026-09-28T03:55:22.441655Z,0.0100,935.19,yes
2026-09-28T03:55:22.472208Z,0.0100,93.51,yes
2026-09-28T03:55:22.504309Z,0.0100,187.03,yes
2026-09-28T03:55:22.515316Z,0.0100,93.51,yes
2026-09-28T03:55:22.651014Z,0.0100,1.87,yes
2026-09-28T03:55:22.813087Z,0.0100,935.19,yes
2026-09-28T03:55:23.267867Z,0.0100,666.00,yes
2026-09-28T03:55:23.31031Z,0.0100,1870.38,yes
2026-09-28T03:55:23.417362Z,0.0100,935.19,yes
2026-09-28T03:55:23.590879Z,0.0100,133.00,yes
2026-09-28T03:55:23.764957Z,0.0100,21.50,yes
2026-09-28T03:55:23.92368Z,0.0100,935.19,yes
2026-09-28T03:55:23.935607Z,0.0100,467.59,yes
2026-09-28T03:55:24.006687Z,0.0100,935.19,yes
2026-09-28T03:55:24.076004Z,0.0100,100.00,yes
2026-09-28T03:55:24.165738Z,0.0100,467.59,yes
2026-09-28T03:55:24.181544Z,0.0100,2150.93,yes
2026-09-28T03:55:24.370539Z,0.0100,2337.97,yes
2026-09-28T03:55:24.543832Z,0.0100,666.00,yes
2026-09-28T03:55:24.634943Z,0.0100,9.35,yes
2026-09-28T03:55:24.684965Z,0.0100,41.14,yes
2026-09-28T03:55:24.737615Z,0.0100,280.55,yes
2026-09-28T03:55:24.808022Z,0.0100,935.19,yes
2026-09-28T03:55:24.878889Z,0.0100,2337.97,yes
2026-09-28T03:55:24.994464Z,0.0100,187.03,yes
2026-09-28T03:55:25.052236Z,0.0100,93.51,yes
2026-09-28T03:55:25.262566Z,0.0100,93.51,yes
2026-09-28T03:55:25.353236Z,0.0100,166.00,yes
2026-09-28T03:55:25.379848Z,0.0100,93.51,yes
2026-09-28T03:55:25.415437Z,0.0100,935.19,yes
2026-09-28T03:55:25.452128Z,0.0100,1666.33,yes
2026-09-28T03:55:25.67985Z,0.0100,2337.97,yes
2026-09-28T03:55:25.758466Z,0.0100,25.48,yes
2026-09-28T03:55:25.758466Z,0.0100,76.37,yes
2026-09-28T03:55:25.758466Z,0.0100,126.33,yes
2026-09-28T03:55:25.758466Z,0.0100,101.80,yes
2026-09-28T03:55:25.758466Z,0.0100,101.76,yes
2026-09-28T03:55:25.758466Z,0.0100,321.16,yes
2026-09-28T03:55:25.758466Z,0.0100,55.27,yes
2026-09-28T03:55:25.758466Z,0.0100,50.67,yes
2026-09-28T03:55:25.758466Z,0.0100,76.35,yes
2026-09-28T03:55:25.939344Z,0.0100,935.19,yes
2026-09-28T03:55:26.014503Z,0.0100,3511.64,yes
2026-09-28T03:55:26.064734Z,0.0100,935.19,yes
2026-09-28T03:55:26.285345Z,0.0100,187.03,yes
2026-09-28T03:55:26.319909Z,0.0100,93.51,yes
2026-09-28T03:55:26.821783Z,0.0100,33.00,yes
2026-09-28T03:55:27.060754Z,0.0100,935.19,yes
2026-09-28T03:55:27.063743Z,0.0100,333.00,yes
2026-09-28T03:55:27.229861Z,0.0100,93.51,yes
2026-09-28T03:55:27.239537Z,0.0100,467.59,yes
2026-09-28T03:55:27.544688Z,0.0100,93.51,yes
2026-09-28T03:55:27.763147Z,0.0100,1333.00,yes
2026-09-28T03:55:27.838682Z,0.0100,93.51,yes
2026-09-28T03:55:28.115143Z,0.0100,561.11,yes
2026-09-28T03:55:28.183978Z,0.0100,93.51,yes
2026-09-28T03:55:28.300919Z,0.0100,2.99,yes
2026-09-28T03:55:28.432104Z,0.0100,233.79,yes
2026-09-28T03:55:28.65256Z,0.0100,93.51,yes
2026-09-28T03:55:28.710107Z,0.0100,333.00,yes
2026-09-28T03:55:28.944729Z,0.0100,187.03,yes
2026-09-28T03:55:30.216388Z,0.0100,93.51,yes
2026-09-28T03:55:30.256831Z,0.0100,93.51,yes
2026-09-28T03:55:30.759413Z,0.0100,1870.38,yes
2026-09-28T03:55:30.876997Z,0.0100,93.51,yes
2026-09-28T03:55:30.934262Z,0.0100,33.00,yes
2026-09-28T03:55:31.15989Z,0.0100,841.67,yes
2026-09-28T03:55:31.341255Z,0.0100,467.59,yes
2026-09-28T03:55:31.452844Z,0.0100,93.51,yes
2026-09-28T03:55:31.463884Z,0.0100,14.49,yes
2026-09-28T03:55:31.475845Z,0.0100,29.92,yes
2026-09-28T03:55:31.482354Z,0.0100,1870.38,yes
2026-09-28T03:55:31.523696Z,0.0100,93.51,yes
2026-09-28T03:55:31.594561Z,0.0100,46.75,yes
2026-09-28T03:55:31.603788Z,0.0100,935.19,yes
2026-09-28T03:55:31.767748Z,0.0100,935.19,yes
2026-09-28T03:55:31.906904Z,0.0100,467.59,yes
2026-09-28T03:55:31.965042Z,0.0100,935.19,yes
2026-09-28T03:55:32.247591Z,0.0100,467.59,yes
2026-09-28T03:55:32.454951Z,0.0100,467.59,yes
2026-09-28T03:55:32.815193Z,0.0100,245.95,yes
2026-09-28T03:55:32.843967Z,0.0100,187.03,yes
2026-09-28T03:55:32.931647Z,0.0100,93.51,yes
2026-09-28T03:55:33.172104Z,0.0100,4675.95,yes
2026-09-28T03:55:33.345168Z,0.0100,187.03,yes
2026-09-28T03:55:33.445915Z,0.0100,467.59,yes
2026-09-28T03:55:33.740987Z,0.0100,187.03,yes
2026-09-28T03:55:33.945511Z,0.0100,33.00,yes
2026-09-28T03:55:34.514361Z,0.0100,1.87,yes
2026-09-28T03:55:34.649114Z,0.0100,93.51,yes
2026-09-28T03:55:35.052785Z,0.0100,18.70,yes
2026-09-28T03:55:35.471855Z,0.0100,124.51,yes
2026-09-28T03:55:35.756888Z,0.0100,1870.38,yes
2026-09-28T03:55:35.906396Z,0.0100,92.58,yes
2026-09-28T03:55:36.188197Z,0.0100,935.19,yes
2026-09-28T03:55:36.192486Z,0.0100,93.51,yes
2026-09-28T03:55:36.785075Z,0.0100,467.59,yes
2026-09-28T03:55:37.374626Z,0.0100,666.00,yes
2026-09-28T03:55:37.524989Z,0.0100,33.00,yes
2026-09-28T03:55:37.545825Z,0.0100,280.55,yes
2026-09-28T03:55:37.694988Z,0.0100,166.00,yes
2026-09-28T03:55:38.205688Z,0.0100,935.19,yes
2026-09-28T03:55:38.643294Z,0.0100,28.22,yes
2026-09-28T03:55:39.270801Z,0.0100,666.00,yes
2026-09-28T03:55:39.893627Z,0.0100,9351.91,yes
2026-09-28T03:55:40.657055Z,0.0100,28.99,yes
2026-09-28T03:55:40.87544Z,0.0100,935.19,yes
2026-09-28T03:55:41.363248Z,0.0100,93.51,yes
2026-09-28T03:55:42.196379Z,0.0100,166.33,yes
2026-09-28T03:55:42.234754Z,0.0100,561.11,yes
2026-09-28T03:55:42.648065Z,0.0100,1870.38,yes
2026-09-28T03:55:43.162994Z,0.0100,3333.00,yes
2026-09-28T03:55:43.356369Z,0.0100,166.00,yes
2026-09-28T03:55:43.49027Z,0.0100,666.00,yes
2026-09-28T03:55:43.573661Z,0.0100,935.19,yes
2026-09-28T03:55:43.664462Z,0.0100,187.03,yes
2026-09-28T03:55:43.679735Z,0.0100,1870.38,yes
2026-09-28T03:55:44.160659Z,0.0100,128.36,yes
2026-09-28T03:55:44.836845Z,0.0100,145.01,yes
2026-09-28T03:55:44.999441Z,0.0100,93.51,yes
2026-09-28T03:55:45.191489Z,0.0100,3740.76,yes
2026-09-28T03:55:45.197204Z,0.0100,935.19,yes
2026-09-28T03:55:45.548753Z,0.0100,4675.95,yes
2026-09-28T03:55:45.981265Z,0.0100,467.59,yes
2026-09-28T03:55:46.368343Z,0.0100,833.00,yes
2026-09-28T03:55:46.480509Z,0.0100,3066.36,yes
2026-09-28T03:55:46.480509Z,0.0100,810.57,yes
2026-09-28T03:55:46.480509Z,0.0100,50.87,yes
2026-09-28T03:55:46.667127Z,0.0100,22.72,yes
2026-09-28T03:55:46.667127Z,0.0100,75.98,yes
2026-09-28T03:55:46.667127Z,0.0100,98.66,yes
2026-09-28T03:55:46.667127Z,0.0100,76.19,yes
2026-09-28T03:55:46.667127Z,0.0100,126.11,yes
2026-09-28T03:55:46.667127Z,0.0100,25.37,yes
2026-09-28T03:55:46.667127Z,0.0100,101.96,yes
2026-09-28T03:55:46.667127Z,0.0100,50.92,yes
2026-09-28T03:55:46.667127Z,0.0100,76.17,yes
2026-09-28T03:55:46.667127Z,0.0100,25.44,yes
2026-09-28T03:55:46.667127Z,0.0100,76.11,yes
2026-09-28T03:55:46.667127Z,0.0100,75.92,yes
2026-09-28T03:55:46.667127Z,0.0100,126.90,yes
2026-09-28T03:55:46.667127Z,0.0100,25.19,yes
2026-09-28T03:55:46.667127Z,0.0100,23.39,yes
2026-09-28T03:55:46.667127Z,0.0100,126.28,yes
2026-09-28T03:55:46.667127Z,0.0100,6269.74,yes
2026-09-28T03:55:46.667127Z,0.0100,50.93,yes
2026-09-28T03:55:46.667127Z,0.0100,76.17,yes
2026-09-28T03:55:46.667127Z,0.0100,151.84,yes
2026-09-28T03:55:46.667127Z,0.0100,127.10,yes
2026-09-28T03:55:46.667127Z,0.0100,50.96,yes
2026-09-28T03:55:46.667127Z,0.0100,50.01,yes
2026-09-28T03:55:46.667127Z,0.0100,50.99,yes
2026-09-28T03:55:46.667127Z,0.0100,101.84,yes
2026-09-28T03:55:46.667127Z,0.0100,101.33,yes
2026-09-28T03:55:46.667127Z,0.0100,76.35,yes
2026-09-28T03:55:46.667127Z,0.0100,75.70,yes
2026-09-28T03:55:46.667127Z,0.0100,25.49,yes
2026-09-28T03:55:46.667127Z,0.0100,126.64,yes
2026-09-28T03:55:46.667127Z,0.0100,101.72,yes
2026-09-28T03:55:46.667127Z,0.0100,76.10,yes
2026-09-28T03:55:46.667127Z,0.0100,50.93,yes
2026-09-28T03:55:46.667127Z,0.0100,125.96,yes
2026-09-28T03:55:46.667127Z,0.0100,126.75,yes
2026-09-28T03:55:46.667127Z,0.0100,25.32,yes
2026-09-28T03:55:46.667127Z,0.0100,25.11,yes
2026-09-28T03:55:46.667127Z,0.0100,50.98,yes
2026-09-28T03:55:46.667127Z,0.0100,300.64,yes
2026-09-28T03:55:47.092481Z,0.0100,467.59,yes
2026-09-28T03:55:47.749136Z,0.0100,166.00,yes
2026-09-28T03:55:48.317694Z,0.0100,467.59,yes
2026-09-28T03:55:48.52015Z,0.0100,280.55,yes
2026-09-28T03:55:48.778963Z,0.0100,93.51,yes
2026-09-28T03:55:48.973522Z,0.0100,93.51,yes
2026-09-28T03:55:49.33551Z,0.0100,2337.97,yes
2026-09-28T03:55:50.15562Z,0.0100,935.19,yes
2026-09-28T03:55:50.976869Z,0.0100,119.22,yes
2026-09-28T03:55:51.183418Z,0.0100,19.32,yes
2026-09-28T03:55:51.196354Z,0.0100,93.51,yes
2026-09-28T03:55:52.105963Z,0.0100,93.51,yes
2026-09-28T03:55:52.132904Z,0.0100,126.93,yes
2026-09-28T03:55:52.520621Z,0.0100,935.19,yes
2026-09-28T03:55:53.519116Z,0.0100,93.51,yes
2026-09-28T03:55:53.746921Z,0.0100,916.48,yes
2026-09-28T03:55:54.199272Z,0.0100,93.51,yes
2026-09-28T03:55:55.444111Z,0.0100,93.51,yes
2026-09-28T03:55:56.079544Z,0.0100,93.51,yes
2026-09-28T03:55:56.117743Z,0.0100,93.51,yes
2026-09-28T03:55:56.674964Z,0.0100,66.00,yes
2026-09-28T03:55:56.829005Z,0.0100,93.51,yes
2026-09-28T03:55:57.457977Z,0.0100,467.59,yes
2026-09-28T03:55:58.007214Z,0.0100,93.51,yes
2026-09-28T03:55:58.713787Z,0.0100,935.19,yes
2026-09-28T03:55:58.844692Z,0.0100,935.19,yes
2026-09-28T03:55:59.096692Z,0.0100,93.51,yes
2026-09-28T03:55:59.157581Z,0.0100,666.00,yes
2026-09-28T03:55:59.382686Z,0.0100,93.51,yes
2026-09-28T03:55:59.394489Z,0.0100,6.00,yes
2026-09-28T03:55:59.65154Z,0.0100,93.51,yes
2026-09-28T03:56:01.545814Z,0.0100,833.00,yes
2026-09-28T03:56:01.607021Z,0.0100,40.20,yes
2026-09-28T03:56:02.397456Z,0.0100,93.51,yes
2026-09-28T03:56:02.76545Z,0.0100,6.54,yes
2026-09-28T03:56:03.061589Z,0.0100,76.21,yes
2026-09-28T03:56:03.061589Z,0.0100,25.25,yes
2026-09-28T03:56:03.061589Z,0.0100,50.90,yes
2026-09-28T03:56:03.061589Z,0.0100,152.36,yes
2026-09-28T03:56:03.061589Z,0.0100,25.17,yes
2026-09-28T03:56:03.061589Z,0.0100,25.39,yes
2026-09-28T03:56:03.061589Z,0.0100,1623.87,yes
2026-09-28T03:56:03.061589Z,0.0100,50.34,yes
2026-09-28T03:56:03.061589Z,0.0100,25.31,yes
2026-09-28T03:56:03.061589Z,0.0100,209.53,yes
2026-09-28T03:56:03.061589Z,0.0100,73.64,yes
2026-09-28T03:56:04.338343Z,0.0100,93.51,yes
2026-09-28T03:56:04.535323Z,0.0100,333.00,yes
2026-09-28T03:56:04.730213Z,0.0100,187.03,yes
2026-09-28T03:56:04.9682Z,0.0100,4675.95,yes
2026-09-28T03:56:05.402384Z,0.0100,33.00,yes
2026-09-28T03:56:06.077062Z,0.0100,467.59,yes
2026-09-28T03:56:06.083792Z,0.0100,935.19,yes
2026-09-28T03:56:08.687806Z,0.0100,666.00,yes
2026-09-28T03:56:09.082343Z,0.0100,93.51,yes
2026-09-28T03:56:09.63138Z,0.0100,93.51,yes
2026-09-28T03:56:10.64583Z,0.0100,80.42,yes
2026-09-28T03:56:12.438521Z,0.0100,467.59,yes
2026-09-28T03:56:14.041099Z,0.0100,74.81,yes
2026-09-28T03:56:14.341793Z,0.0100,33.00,yes
2026-09-28T03:56:17.163173Z,0.0100,66.00,yes
2026-09-28T03:56:17.290131Z,0.0100,93.51,yes
2026-09-28T03:56:18.171947Z,0.0100,38.64,yes
2026-09-28T03:56:18.353051Z,0.0100,313.28,yes
2026-09-28T03:56:19.082687Z,0.0100,2000.00,yes
2026-09-28T03:56:19.639667Z,0.0100,2000.00,yes
2026-09-28T03:56:19.786753Z,0.0100,47.69,yes
2026-09-28T03:56:19.807396Z,0.0100,1870.38,yes
2026-09-28T03:56:19.866136Z,0.0100,2000.00,yes
2026-09-28T03:56:20.87393Z,0.0100,17.06,yes
