time,yes_price,contracts,taker
2026-09-27T23:05:35.381377Z,0.0100,93.76,no
2026-09-27T23:05:35.603595Z,0.0200,46.79,yes
2026-09-27T23:05:35.616196Z,0.0200,800.00,yes
2026-09-27T23:05:35.688781Z,0.0100,93.76,no
2026-09-27T23:05:35.772555Z,0.0200,93.58,yes
2026-09-27T23:05:35.814178Z,0.0200,1000.00,yes
2026-09-27T23:05:35.88992Z,0.0100,1062.76,no
2026-09-27T23:05:35.88992Z,0.0100,4906.24,no
2026-09-27T23:05:35.88992Z,0.0100,2000.00,no
2026-09-27T23:05:36.066613Z,0.0200,233.95,yes
2026-09-27T23:05:36.218107Z,0.0200,280.74,yes
2026-09-27T23:05:36.526853Z,0.0100,8.55,no
2026-09-27T23:05:36.546178Z,0.0100,703.69,no
2026-09-27T23:05:36.611015Z,0.0100,7736.00,no
2026-09-27T23:05:36.710874Z,0.0100,1.00,no
2026-09-27T23:05:36.710874Z,0.0100,219.00,no
2026-09-27T23:05:36.710874Z,0.0100,3.00,no
2026-09-27T23:05:36.710874Z,0.0100,1.00,no
2026-09-27T23:05:36.710874Z,0.0100,1.00,no
2026-09-27T23:05:36.710874Z,0.0100,1.00,no
2026-09-27T23:05:36.710874Z,0.0100,0.02,no
2026-09-27T23:05:36.710874Z,0.0100,5.00,no
2026-09-27T23:05:36.710874Z,0.0100,19.00,no
2026-09-27T23:05:36.710874Z,0.0100,1.00,no
2026-09-27T23:05:36.710874Z,0.0100,0.10,no
2026-09-27T23:05:36.710874Z,0.0100,100.00,no
2026-09-27T23:05:36.710874Z,0.0100,7.80,no
2026-09-27T23:05:36.710874Z,0.0100,55.00,no
2026-09-27T23:05:36.710874Z,0.0100,100.00,no
2026-09-27T23:05:36.710874Z,0.0100,103.87,no
2026-09-27T23:05:36.710874Z,0.0100,10.00,no
2026-09-27T23:05:36.710874Z,0.0100,4.46,no
2026-09-27T23:05:36.710874Z,0.0100,5.00,no
2026-09-27T23:05:36.710874Z,0.0100,9589.00,no
2026-09-27T23:05:36.881045Z,0.0100,187.16,yes
2026-09-27T23:05:37.007997Z,0.0100,93.58,yes
2026-09-27T23:05:37.206537Z,0.0100,101.00,yes
2026-09-27T23:05:37.215765Z,0.0100,2337.97,yes
2026-09-27T23:05:37.28399Z,0.0100,9.35,yes
2026-09-27T23:05:37.410309Z,0.0100,1.00,yes
2026-09-27T23:05:37.410309Z,0.0100,15.29,yes
2026-09-27T23:05:37.410309Z,0.0100,611.07,yes
2026-09-27T23:05:37.410309Z,0.0100,100.00,yes
2026-09-27T23:05:37.410309Z,0.0100,14.61,yes
2026-09-27T23:05:37.410309Z,0.0100,65.44,yes
2026-09-27T23:05:37.410309Z,0.0100,2000.00,yes
2026-09-27T23:05:37.626489Z,0.0100,187.03,yes
2026-09-27T23:05:37.775674Z,0.0100,29.00,yes
2026-09-27T23:05:37.822891Z,0.0100,2337.97,yes
2026-09-27T23:05:37.894569Z,0.0100,935.19,yes
2026-09-27T23:05:38.07389Z,0.0100,16.40,yes
2026-09-27T23:05:38.07389Z,0.0100,16.18,yes
2026-09-27T23:05:38.07389Z,0.0100,0.99,yes
2026-09-27T23:05:38.07389Z,0.0100,16.40,yes
2026-09-27T23:05:38.07389Z,0.0100,16.38,yes
2026-09-27T23:05:38.07389Z,0.0100,16.40,yes
2026-09-27T23:05:38.07389Z,0.0100,819.77,yes
2026-09-27T23:05:38.07389Z,0.0100,16.28,yes
2026-09-27T23:05:38.07389Z,0.0100,16.39,yes
2026-09-27T23:05:38.111466Z,0.0100,1.00,yes
2026-09-27T23:05:38.111466Z,0.0100,16.39,yes
2026-09-27T23:05:38.111466Z,0.0100,16.40,yes
2026-09-27T23:05:38.111466Z,0.0100,16.36,yes
2026-09-27T23:05:38.111466Z,0.0100,15.74,yes
2026-09-27T23:05:38.111466Z,0.0100,16.40,yes
2026-09-27T23:05:38.111466Z,0.0100,16.02,yes
2026-09-27T23:05:38.111466Z,0.0100,305.04,yes
2026-09-27T23:05:38.111466Z,0.0100,16.34,yes
2026-09-27T23:05:38.111466Z,0.0100,16.40,yes
2026-09-27T23:05:38.111466Z,0.0100,16.40,yes
2026-09-27T23:05:38.111466Z,0.0100,15.41,yes
2026-09-27T23:05:38.279668Z,0.0100,935.19,yes
2026-09-27T23:05:38.586169Z,0.0100,58.00,yes
2026-09-27T23:05:38.692121Z,0.0100,776.20,yes
2026-09-27T23:05:38.757239Z,0.0100,93.51,yes
2026-09-27T23:05:38.819396Z,0.0100,93.51,yes
2026-09-27T23:05:38.930893Z,0.0100,935.19,yes
2026-09-27T23:05:39.082204Z,0.0100,54.00,yes
2026-09-27T23:05:39.152232Z,0.0100,935.19,yes
2026-09-27T23:05:39.482821Z,0.0100,1870.38,yes
2026-09-27T23:05:39.946264Z,0.0100,23.42,yes
2026-09-27T23:05:40.069756Z,0.0100,46.75,yes
2026-09-27T23:05:40.237039Z,0.0100,21.05,yes
2026-09-27T23:05:40.373368Z,0.0100,935.19,yes
2026-09-27T23:05:40.932627Z,0.0100,93.51,yes
2026-09-27T23:05:41.432664Z,0.0100,467.59,yes
2026-09-27T23:05:41.626866Z,0.0100,145.01,yes
2026-09-27T23:05:41.717694Z,0.0100,93.51,yes
2026-09-27T23:05:41.881196Z,0.0100,25.42,yes
2026-09-27T23:05:41.881196Z,0.0100,25.48,yes
2026-09-27T23:05:41.881196Z,0.0100,25.48,yes
2026-09-27T23:05:41.881196Z,0.0100,25.47,yes
2026-09-27T23:05:41.881196Z,0.0100,25.47,yes
2026-09-27T23:05:41.881196Z,0.0100,25.04,yes
2026-09-27T23:05:41.881196Z,0.0100,25.48,yes
2026-09-27T23:05:41.881196Z,0.0100,25.30,yes
2026-09-27T23:05:41.881196Z,0.0100,25.44,yes
2026-09-27T23:05:41.881196Z,0.0100,25.19,yes
2026-09-27T23:05:41.881196Z,0.0100,25.49,yes
2026-09-27T23:05:41.881196Z,0.0100,25.48,yes
2026-09-27T23:05:41.881196Z,0.0100,25.38,yes
2026-09-27T23:05:41.881196Z,0.0100,25.48,yes
2026-09-27T23:05:41.881196Z,0.0100,25.48,yes
2026-09-27T23:05:41.881196Z,0.0100,25.48,yes
2026-09-27T23:05:41.881196Z,0.0100,25.45,yes
2026-09-27T23:05:41.881196Z,0.0100,25.46,yes
2026-09-27T23:05:41.881196Z,0.0100,6272.88,yes
2026-09-27T23:05:41.881196Z,0.0100,3000.00,yes
2026-09-27T23:05:41.881196Z,0.0100,13.55,yes
2026-09-27T23:05:41.881196Z,0.0100,22.93,yes
2026-09-27T23:05:41.881196Z,0.0100,4.66,yes
2026-09-27T23:05:41.881196Z,0.0100,24.69,yes
2026-09-27T23:05:41.881196Z,0.0100,4.26,yes
2026-09-27T23:05:41.881196Z,0.0100,23.98,yes
2026-09-27T23:05:41.881196Z,0.0100,4.27,yes
2026-09-27T23:05:41.881196Z,0.0100,4.34,yes
2026-09-27T23:05:41.881196Z,0.0100,4.33,yes
2026-09-27T23:05:41.881196Z,0.0100,4.40,yes
2026-09-27T23:05:41.881196Z,0.0100,4.30,yes
2026-09-27T23:05:41.881196Z,0.0100,24.93,yes
2026-09-27T23:05:41.881196Z,0.0100,6.52,yes
2026-09-27T23:05:41.881196Z,0.0100,15000.00,yes
2026-09-27T23:05:41.881196Z,0.0100,8.08,yes
2026-09-27T23:05:41.881196Z,0.0100,4.36,yes
2026-09-27T23:05:41.881196Z,0.0100,10.61,yes
2026-09-27T23:05:41.881196Z,0.0100,4.49,yes
2026-09-27T23:05:41.881196Z,0.0100,18.82,yes
2026-09-27T23:05:41.881196Z,0.0100,4.28,yes
2026-09-27T23:05:41.881196Z,0.0100,5.59,yes
2026-09-27T23:05:41.881196Z,0.0100,21.28,yes
2026-09-27T23:05:41.881196Z,0.0100,24.40,yes
2026-09-27T23:05:41.881196Z,0.0100,5.05,yes
2026-09-27T23:05:41.881196Z,0.0100,15.53,yes
2026-09-27T23:05:42.137435Z,0.0100,280.55,yes
2026-09-27T23:05:42.166139Z,0.0100,25.25,yes
2026-09-27T23:05:42.166139Z,0.0100,23.95,yes
2026-09-27T23:05:42.166139Z,0.0100,7402.44,yes
2026-09-27T23:05:42.166139Z,0.0100,5446.57,yes
2026-09-27T23:05:42.166139Z,0.0100,101.79,yes
2026-09-27T23:05:42.166139Z,0.0100,12000.00,yes
2026-09-27T23:05:42.225134Z,0.0100,23.98,yes
2026-09-27T23:05:42.225134Z,0.0100,4597.56,yes
2026-09-27T23:05:42.225134Z,0.0100,24.91,yes
2026-09-27T23:05:42.225134Z,0.0100,12000.00,yes
2026-09-27T23:05:42.225134Z,0.0100,10.00,yes
2026-09-27T23:05:42.225134Z,0.0100,24.35,yes
2026-09-27T23:05:42.225134Z,0.0100,24.64,yes
2026-09-27T23:05:42.225134Z,0.0100,25.24,yes
2026-09-27T23:05:42.225134Z,0.0100,8244.21,yes
2026-09-27T23:05:42.225134Z,0.0100,25.11,yes
2026-09-27T23:05:42.28504Z,0.0100,21253.22,yes
2026-09-27T23:05:42.28504Z,0.0100,16.84,yes
2026-09-27T23:05:42.28504Z,0.0100,13.01,yes
2026-09-27T23:05:42.28504Z,0.0100,18.14,yes
2026-09-27T23:05:42.28504Z,0.0100,15.92,yes
2026-09-27T23:05:42.28504Z,0.0100,19.79,yes
2026-09-27T23:05:42.28504Z,0.0100,15.40,yes
2026-09-27T23:05:42.28504Z,0.0100,16.10,yes
2026-09-27T23:05:42.28504Z,0.0100,17.42,yes
2026-09-27T23:05:42.28504Z,0.0100,16.75,yes
2026-09-27T23:05:42.28504Z,0.0100,22.02,yes
2026-09-27T23:05:42.28504Z,0.0100,20.25,yes
2026-09-27T23:05:42.28504Z,0.0100,13.61,yes
2026-09-27T23:05:42.28504Z,0.0100,15.05,yes
2026-09-27T23:05:42.28504Z,0.0100,23.23,yes
2026-09-27T23:05:42.28504Z,0.0100,19.43,yes
2026-09-27T23:05:42.28504Z,0.0100,18.28,yes
2026-09-27T23:05:42.28504Z,0.0100,18.73,yes
2026-09-27T23:05:42.28504Z,0.0100,16.10,yes
2026-09-27T23:05:42.28504Z,0.0100,16.64,yes
2026-09-27T23:05:42.28504Z,0.0100,16.55,yes
2026-09-27T23:05:42.28504Z,0.0100,21.70,yes
2026-09-27T23:05:42.28504Z,0.0100,19.19,yes
2026-09-27T23:05:42.28504Z,0.0100,6.75,yes
2026-09-27T23:05:42.28504Z,0.0100,24.32,yes
2026-09-27T23:05:42.28504Z,0.0100,18.43,yes
2026-09-27T23:05:42.28504Z,0.0100,21.47,yes
2026-09-27T23:05:42.28504Z,0.0100,6.86,yes
2026-09-27T23:05:42.28504Z,0.0100,5.27,yes
2026-09-27T23:05:42.28504Z,0.0100,24.79,yes
2026-09-27T23:05:42.28504Z,0.0100,3.29,yes
2026-09-27T23:05:42.28504Z,0.0100,3.71,yes
2026-09-27T23:05:42.28504Z,0.0100,19.41,yes
2026-09-27T23:05:42.28504Z,0.0100,4.14,yes
2026-09-27T23:05:42.28504Z,0.0100,3.08,yes
2026-09-27T23:05:42.28504Z,0.0100,14.78,yes
2026-09-27T23:05:42.28504Z,0.0100,21.00,yes
2026-09-27T23:05:42.28504Z,0.0100,7.37,yes
2026-09-27T23:05:42.28504Z,0.0100,3.07,yes
2026-09-27T23:05:42.28504Z,0.0100,15000.00,yes
2026-09-27T23:05:42.28504Z,0.0100,20.57,yes
2026-09-27T23:05:42.28504Z,0.0100,23.64,yes
2026-09-27T23:05:42.28504Z,0.0100,3.45,yes
2026-09-27T23:05:42.28504Z,0.0100,20.08,yes
2026-09-27T23:05:42.28504Z,0.0100,18.38,yes
2026-09-27T23:05:42.28504Z,0.0100,1.00,yes
2026-09-27T23:05:42.28504Z,0.0100,20.40,yes
2026-09-27T23:05:42.28504Z,0.0100,15.91,yes
2026-09-27T23:05:42.28504Z,0.0100,21.68,yes
2026-09-27T23:05:42.28504Z,0.0100,12.87,yes
2026-09-27T23:05:42.28504Z,0.0100,22.68,yes
2026-09-27T23:05:42.28504Z,0.0100,17.35,yes
2026-09-27T23:05:42.28504Z,0.0100,18.11,yes
2026-09-27T23:05:42.28504Z,0.0100,5.71,yes
2026-09-27T23:05:42.28504Z,0.0100,21.88,yes
2026-09-27T23:05:42.28504Z,0.0100,24.52,yes
2026-09-27T23:05:42.28504Z,0.0100,19.44,yes
2026-09-27T23:05:42.28504Z,0.0100,23.40,yes
2026-09-27T23:05:42.28504Z,0.0100,19.72,yes
2026-09-27T23:05:42.28504Z,0.0100,15.97,yes
2026-09-27T23:05:42.28504Z,0.0100,18.29,yes
2026-09-27T23:05:42.28504Z,0.0100,10.97,yes
2026-09-27T23:05:42.28504Z,0.0100,23.84,yes
2026-09-27T23:05:42.28504Z,0.0100,10.27,yes
2026-09-27T23:05:42.28504Z,0.0100,25.17,yes
2026-09-27T23:05:42.28504Z,0.0100,25.24,yes
2026-09-27T23:05:42.28504Z,0.0100,25.14,yes
2026-09-27T23:05:42.28504Z,0.0100,58.64,yes
2026-09-27T23:05:42.28504Z,0.0100,12000.00,yes
2026-09-27T23:05:42.28504Z,0.0100,15.69,yes
2026-09-27T23:05:42.28504Z,0.0100,20.53,yes
2026-09-27T23:05:42.28504Z,0.0100,50.56,yes
2026-09-27T23:05:42.28504Z,0.0100,17.54,yes
2026-09-27T23:05:42.28504Z,0.0100,20.91,yes
2026-09-27T23:05:42.28504Z,0.0100,18.22,yes
2026-09-27T23:05:42.28504Z,0.0100,400.00,yes
2026-09-27T23:05:42.28504Z,0.0100,18.65,yes
2026-09-27T23:05:42.28504Z,0.0100,50.48,yes
2026-09-27T23:05:42.28504Z,0.0100,11.99,yes
2026-09-27T23:05:42.296904Z,0.0100,467.59,yes
2026-09-27T23:05:42.316607Z,0.0100,112.93,yes
2026-09-27T23:05:42.316607Z,0.0100,3279.19,yes
2026-09-27T23:05:42.316607Z,0.0100,5.03,yes
2026-09-27T23:05:42.316607Z,0.0100,2.36,yes
2026-09-27T23:05:42.316607Z,0.0100,2.74,yes
2026-09-27T23:05:42.316607Z,0.0100,2.75,yes
2026-09-27T23:05:42.316607Z,0.0100,2.87,yes
2026-09-27T23:05:42.316607Z,0.0100,2.42,yes
2026-09-27T23:05:42.316607Z,0.0100,2.59,yes
2026-09-27T23:05:42.447736Z,0.0100,25000.00,no
2026-09-27T23:05:42.661144Z,0.0200,100.00,yes
2026-09-27T23:05:42.770823Z,0.0200,467.90,yes
2026-09-27T23:05:43.095547Z,0.0200,46.79,yes
2026-09-27T23:05:43.13985Z,0.0200,233.95,yes
2026-09-27T23:05:43.158595Z,0.0200,72.50,yes
2026-09-27T23:05:43.218296Z,0.0200,46.79,yes
2026-09-27T23:05:43.92559Z,0.0200,60.00,yes
2026-09-27T23:05:43.92559Z,0.0200,17.00,yes
2026-09-27T23:05:43.92559Z,0.0200,5.00,yes
2026-09-27T23:05:43.92559Z,0.0200,7.00,yes
2026-09-27T23:05:43.92559Z,0.0200,51.37,yes
2026-09-27T23:05:44.270869Z,0.0200,7.00,yes
2026-09-27T23:05:44.270869Z,0.0200,12000.00,yes
2026-09-27T23:05:44.270869Z,0.0200,3.00,yes
2026-09-27T23:05:44.270869Z,0.0200,12000.00,yes
2026-09-27T23:05:44.270869Z,0.0200,150.00,yes
2026-09-27T23:05:44.270869Z,0.0200,2.00,yes
2026-09-27T23:05:44.673709Z,0.0200,159.00,no
2026-09-27T23:05:44.719337Z,0.0300,17.00,yes
2026-09-27T23:05:44.719337Z,0.0300,5474.80,yes
2026-09-27T23:05:44.719337Z,0.0300,51.00,yes
2026-09-27T23:05:44.910491Z,0.0200,43.65,no
2026-09-27T23:05:44.984888Z,0.0300,29.34,yes
2026-09-27T23:05:45.161484Z,0.0300,156.06,yes
2026-09-27T23:05:45.184541Z,0.0300,31.21,yes
2026-09-27T23:05:45.569541Z,0.0300,31.21,yes
2026-09-27T23:05:45.610285Z,0.0300,1860.03,yes
2026-09-27T23:05:45.703584Z,0.0300,20.00,yes
2026-09-27T23:05:45.703584Z,0.0300,17.85,yes
2026-09-27T23:05:45.703584Z,0.0300,9.00,yes
2026-09-27T23:05:45.957308Z,0.0200,305.33,no
2026-09-27T23:05:45.965411Z,0.0300,1.87,yes
2026-09-27T23:05:46.018183Z,0.0300,46.85,yes
2026-09-27T23:05:46.327645Z,0.0300,5.00,yes
2026-09-27T23:05:46.327645Z,0.0300,7.93,yes
2026-09-27T23:05:46.327645Z,0.0300,18.28,yes
2026-09-27T23:05:46.341049Z,0.0300,4.93,yes
2026-09-27T23:05:46.341049Z,0.0300,1.00,yes
2026-09-27T23:05:46.341049Z,0.0300,54.07,yes
2026-09-27T23:05:46.344609Z,0.0300,0.07,yes
2026-09-27T23:05:46.345331Z,0.0400,5.00,yes
2026-09-27T23:05:46.345331Z,0.0400,5.00,yes
2026-09-27T23:05:46.345331Z,0.0400,9.90,yes
2026-09-27T23:05:46.345331Z,0.0400,0.10,yes
2026-09-27T23:05:46.355813Z,0.0400,3.18,yes
2026-09-27T23:05:46.355813Z,0.0400,10.10,yes
2026-09-27T23:05:46.355813Z,0.0400,5.00,yes
2026-09-27T23:05:46.358745Z,0.0400,20.00,yes
2026-09-27T23:05:46.358745Z,0.0400,183.85,yes
2026-09-27T23:05:46.358745Z,0.0400,50.00,yes
2026-09-27T23:05:46.358745Z,0.0400,12.00,yes
2026-09-27T23:05:46.358745Z,0.0400,451.00,yes
2026-09-27T23:05:46.363579Z,0.0500,81.00,yes
2026-09-27T23:05:46.363579Z,0.0500,150.00,yes
2026-09-27T23:05:46.363579Z,0.0500,4.00,yes
2026-09-27T23:05:46.363579Z,0.0500,62.00,yes
2026-09-27T23:05:46.363579Z,0.0500,102.00,yes
2026-09-27T23:05:46.363579Z,0.0500,2203.00,yes
2026-09-27T23:05:46.363579Z,0.0500,56.43,yes
2026-09-27T23:05:46.363579Z,0.0500,15.00,yes
2026-09-27T23:05:46.363579Z,0.0500,1.00,yes
2026-09-27T23:05:46.363579Z,0.0500,5.00,yes
2026-09-27T23:05:46.452796Z,0.0500,30.00,no
2026-09-27T23:05:46.532007Z,0.0600,62.00,yes
2026-09-27T23:05:46.532007Z,0.0600,59.00,yes
2026-09-27T23:05:46.907885Z,0.0600,15.63,yes
2026-09-27T23:05:46.984714Z,0.0500,11.73,no
2026-09-27T23:05:47.070532Z,0.0600,7.81,yes
2026-09-27T23:05:47.133628Z,0.0500,107.30,no
2026-09-27T23:05:47.344554Z,0.0600,156.37,yes
2026-09-27T23:05:47.344955Z,0.0600,6809.00,yes
2026-09-27T23:05:47.344955Z,0.0600,6809.00,yes
2026-09-27T23:05:47.344955Z,0.0600,6570.19,yes
2026-09-27T23:05:47.344955Z,0.0600,6809.00,yes
2026-09-27T23:05:47.344955Z,0.0600,6809.00,yes
2026-09-27T23:05:47.344955Z,0.0600,6809.00,yes
2026-09-27T23:05:47.344955Z,0.0600,3534.81,yes
2026-09-27T23:05:47.344955Z,0.0600,6809.00,yes
2026-09-27T23:05:47.463579Z,0.0600,1.09,yes
2026-09-27T23:05:47.593321Z,0.0600,19.54,yes
2026-09-27T23:05:47.75454Z,0.0600,109.46,yes
2026-09-27T23:05:47.956195Z,0.0600,1.00,yes
2026-09-27T23:05:47.956195Z,0.0600,400.00,yes
2026-09-27T23:05:47.956195Z,0.0600,100.00,yes
2026-09-27T23:05:47.956195Z,0.0600,0.10,yes
2026-09-27T23:05:47.956195Z,0.0600,5.00,yes
2026-09-27T23:05:47.956195Z,0.0600,51.00,yes
2026-09-27T23:05:47.956195Z,0.0600,107.00,yes
2026-09-27T23:05:47.956195Z,0.0600,3000.00,yes
2026-09-27T23:05:47.956195Z,0.0600,21.00,yes
2026-09-27T23:05:47.956195Z,0.0600,5.00,yes
2026-09-27T23:05:47.956195Z,0.0600,20.00,yes
2026-09-27T23:05:47.956195Z,0.0600,3144.10,yes
2026-09-27T23:05:48.546662Z,0.0700,6.70,yes
2026-09-27T23:05:48.630972Z,0.0700,11.30,yes
2026-09-27T23:05:48.630972Z,0.0700,122.82,yes
2026-09-27T23:05:48.650079Z,0.0700,6686.18,yes
2026-09-27T23:05:48.650079Z,0.0700,6726.37,yes
2026-09-27T23:05:48.722055Z,0.0600,2.00,no
2026-09-27T23:05:48.722055Z,0.0600,666.07,no
2026-09-27T23:05:49.534425Z,0.0700,17.00,yes
2026-09-27T23:05:49.534425Z,0.0700,25.50,yes
2026-09-27T23:05:49.534425Z,0.0700,3.00,yes
2026-09-27T23:05:49.534425Z,0.0700,6.00,yes
2026-09-27T23:05:49.636096Z,0.0700,74.50,yes
2026-09-27T23:05:49.636096Z,0.0800,5.00,yes
2026-09-27T23:05:49.636096Z,0.0800,3.36,yes
2026-09-27T23:05:49.636096Z,0.0800,5.00,yes
2026-09-27T23:05:49.636096Z,0.0800,51.00,yes
2026-09-27T23:05:49.636096Z,0.0700,0.10,yes
2026-09-27T23:05:49.636096Z,0.0800,13.00,yes
2026-09-27T23:05:49.636096Z,0.0700,6.00,yes
2026-09-27T23:05:49.660785Z,0.0600,5.00,no
2026-09-27T23:05:49.660785Z,0.0600,5.00,no
2026-09-27T23:05:49.660785Z,0.0600,217.00,no
2026-09-27T23:05:49.660785Z,0.0700,150.00,no
2026-09-27T23:05:49.766075Z,0.0800,0.10,yes
2026-09-27T23:05:50.16465Z,0.0700,1.00,no
2026-09-27T23:05:50.16465Z,0.0600,5.00,no
2026-09-27T23:05:50.16465Z,0.0600,11.38,no
2026-09-27T23:05:50.203292Z,0.0800,5.00,yes
2026-09-27T23:05:50.203292Z,0.0800,30.00,yes
2026-09-27T23:05:50.203292Z,0.0800,1.00,yes
2026-09-27T23:05:50.203292Z,0.0800,30.54,yes
2026-09-27T23:05:50.203292Z,0.0800,11.00,yes
2026-09-27T23:05:50.203292Z,0.0800,10.00,yes
2026-09-27T23:05:50.203292Z,0.0900,135.70,yes
2026-09-27T23:05:50.458235Z,0.0800,11.74,yes
2026-09-27T23:05:50.689868Z,0.0800,114.07,yes
2026-09-27T23:05:51.222029Z,0.0400,5.00,no
2026-09-27T23:05:51.222029Z,0.0400,5.00,no
2026-09-27T23:05:51.222029Z,0.0400,0.10,no
2026-09-27T23:05:51.222029Z,0.0500,50.00,no
2026-09-27T23:05:51.222029Z,0.0600,62.00,no
2026-09-27T23:05:51.222029Z,0.0600,5.00,no
2026-09-27T23:05:51.222029Z,0.0600,69.62,no
2026-09-27T23:05:51.222029Z,0.0500,150.00,no
2026-09-27T23:05:51.222029Z,0.0500,5.00,no
2026-09-27T23:05:51.222029Z,0.0400,387.78,no
2026-09-27T23:05:51.222029Z,0.0500,5.00,no
2026-09-27T23:05:51.460542Z,0.0800,23.48,yes
2026-09-27T23:05:51.467038Z,0.0700,0.11,no
2026-09-27T23:05:51.648998Z,0.0800,58.71,yes
2026-09-27T23:05:51.744573Z,0.0800,11.74,yes
2026-09-27T23:05:51.840097Z,0.0800,58.71,yes
2026-09-27T23:05:52.069561Z,0.0600,1.00,no
2026-09-27T23:05:52.069561Z,0.0600,13.50,no
2026-09-27T23:05:52.195005Z,0.0700,24.90,no
2026-09-27T23:05:52.479369Z,0.0800,24.23,yes
2026-09-27T23:05:52.479369Z,0.0800,11.00,yes
2026-09-27T23:05:52.63898Z,0.0800,0.73,yes
2026-09-27T23:05:52.63898Z,0.0800,29.92,yes
2026-09-27T23:05:52.664385Z,0.0700,67.06,no
2026-09-27T23:05:52.859151Z,0.0700,94.07,no
2026-09-27T23:05:53.004585Z,0.0800,52.22,no
2026-09-27T23:05:53.269691Z,0.0800,200.00,no
2026-09-27T23:05:53.269691Z,0.0800,68.00,no
2026-09-27T23:05:53.269691Z,0.0800,9.22,no
2026-09-27T23:05:53.269691Z,0.0800,97.78,no
2026-09-27T23:05:53.923306Z,0.0800,68.00,no
2026-09-27T23:05:53.923306Z,0.0800,300.00,no
2026-09-27T23:05:53.923306Z,0.0800,1.00,no
2026-09-27T23:05:53.923306Z,0.0600,178.00,no
2026-09-27T23:05:53.923306Z,0.0800,62.00,no
2026-09-27T23:05:53.923306Z,0.0800,5.00,no
2026-09-27T23:05:53.923306Z,0.0600,150.00,no
2026-09-27T23:05:53.923306Z,0.0700,109.00,no
2026-09-27T23:05:53.923306Z,0.0500,1206.00,no
2026-09-27T23:05:53.923306Z,0.0300,336.36,no
2026-09-27T23:05:53.923306Z,0.0300,269.00,no
2026-09-27T23:05:53.923306Z,0.0600,5.00,no
2026-09-27T23:05:53.923306Z,0.0500,15.00,no
2026-09-27T23:05:53.923306Z,0.0300,60.00,no
2026-09-27T23:05:53.923306Z,0.0400,10.00,no
2026-09-27T23:05:53.923306Z,0.0400,12.00,no
2026-09-27T23:05:53.923306Z,0.0400,50.00,no
2026-09-27T23:05:53.923306Z,0.0700,17.00,no
2026-09-27T23:05:53.923306Z,0.0500,6.00,no
2026-09-27T23:05:53.923306Z,0.0400,0.10,no
2026-09-27T23:05:53.923306Z,0.0400,66.00,no
2026-09-27T23:05:54.002118Z,0.0900,52.22,yes
2026-09-27T23:05:54.019954Z,0.0900,20.89,yes
2026-09-27T23:05:54.037023Z,0.0900,2.00,yes
2026-09-27T23:05:54.037023Z,0.0900,9.70,yes
2026-09-27T23:05:54.037023Z,0.0900,1.19,yes
2026-09-27T23:05:54.037023Z,0.0900,8.00,yes
2026-09-27T23:05:54.169043Z,0.0900,0.10,yes
2026-09-27T23:05:54.169043Z,0.0900,23.30,yes
2026-09-27T23:05:54.169043Z,0.0900,1.00,yes
2026-09-27T23:05:54.169043Z,0.0900,27.82,yes
2026-09-27T23:05:54.192978Z,0.0900,261.14,yes
2026-09-27T23:05:54.269497Z,0.0900,10.44,yes
2026-09-27T23:05:54.331206Z,0.0900,11.59,yes
2026-09-27T23:05:54.416392Z,0.0900,52.22,yes
2026-09-27T23:05:54.617485Z,0.0700,46.79,no
2026-09-27T23:05:54.805793Z,0.0900,51.67,yes
2026-09-27T23:05:54.919406Z,0.1000,10.00,yes
2026-09-27T23:05:54.919406Z,0.1000,5.00,yes
2026-09-27T23:05:54.919406Z,0.1000,1.00,yes
2026-09-27T23:05:54.919406Z,0.1100,166.00,yes
2026-09-27T23:05:54.919406Z,0.1100,1.00,yes
2026-09-27T23:05:54.919406Z,0.1200,9.00,yes
2026-09-27T23:05:54.919406Z,0.0900,1.35,yes
2026-09-27T23:05:54.919406Z,0.1100,5.61,yes
2026-09-27T23:05:54.919406Z,0.1000,768.00,yes
2026-09-27T23:05:54.919406Z,0.1100,150.00,yes
2026-09-27T23:05:54.919406Z,0.1100,6.00,yes
2026-09-27T23:05:54.919406Z,0.1000,50.00,yes
2026-09-27T23:05:54.919406Z,0.0900,1.20,yes
2026-09-27T23:05:54.919406Z,0.1100,170.45,yes
2026-09-27T23:05:54.919406Z,0.0900,126.00,yes
2026-09-27T23:05:54.919406Z,0.1200,60.00,yes
2026-09-27T23:05:54.919406Z,0.1200,1000.00,yes
2026-09-27T23:05:54.919406Z,0.1100,5.00,yes
2026-09-27T23:05:54.919406Z,0.0900,585.12,yes
2026-09-27T23:05:54.919406Z,0.1000,5.00,yes
2026-09-27T23:05:54.919406Z,0.1100,6.00,yes
2026-09-27T23:05:54.919406Z,0.1000,20.00,yes
2026-09-27T23:05:54.919406Z,0.1300,889.22,yes
2026-09-27T23:05:55.149561Z,0.0700,5.00,no
2026-09-27T23:05:55.149561Z,0.0500,256.98,no
2026-09-27T23:05:55.149561Z,0.0800,5.00,no
2026-09-27T23:05:55.149561Z,0.0700,50.00,no
2026-09-27T23:05:55.149561Z,0.0700,210.00,no
2026-09-27T23:05:55.149561Z,0.0700,62.00,no
2026-09-27T23:05:55.149561Z,0.0800,100.00,no
2026-09-27T23:05:55.149561Z,0.0700,82.00,no
2026-09-27T23:05:55.149561Z,0.0800,10.00,no
2026-09-27T23:05:55.149561Z,0.0800,15.00,no
2026-09-27T23:05:55.149561Z,0.0700,5.00,no
2026-09-27T23:05:55.149561Z,0.0700,19.00,no
2026-09-27T23:05:55.149561Z,0.0800,12.00,no
2026-09-27T23:05:55.149561Z,0.0700,103.21,no
2026-09-27T23:05:55.153651Z,0.0500,23.54,no
2026-09-27T23:05:55.435623Z,0.0700,5.00,no
2026-09-27T23:05:55.435623Z,0.0700,33.98,no
2026-09-27T23:05:55.435623Z,0.0700,100.00,no
2026-09-27T23:05:55.522752Z,0.0700,234.25,no
2026-09-27T23:05:55.58378Z,0.0800,3.93,yes
2026-09-27T23:05:55.58378Z,0.0800,5.00,yes
2026-09-27T23:05:55.647146Z,0.0800,41.00,yes
2026-09-27T23:05:55.826983Z,0.0800,2.93,yes
2026-09-27T23:05:55.99221Z,0.1000,5.00,yes
2026-09-27T23:05:55.99221Z,0.1000,88.59,yes
2026-09-27T23:05:56.01232Z,0.1000,37.49,yes
2026-09-27T23:05:56.323667Z,0.0800,5.00,no
2026-09-27T23:05:56.323667Z,0.0900,62.00,no
2026-09-27T23:05:56.323667Z,0.0500,5.39,no
2026-09-27T23:05:56.323667Z,0.0600,980.00,no
2026-09-27T23:05:56.323667Z,0.0700,150.00,no
2026-09-27T23:05:56.323667Z,0.0800,68.00,no
2026-09-27T23:05:56.323667Z,0.0900,5.00,no
2026-09-27T23:05:56.323667Z,0.0700,210.00,no
2026-09-27T23:05:56.323667Z,0.0800,34.00,no
2026-09-27T23:05:56.323667Z,0.0600,15.00,no
2026-09-27T23:05:56.323667Z,0.0600,19.00,no
2026-09-27T23:05:56.323667Z,0.0500,121.00,no
2026-09-27T23:05:56.323667Z,0.0700,150.00,no
2026-09-27T23:05:56.323667Z,0.0500,1099.00,no
2026-09-27T23:05:56.323667Z,0.0400,648.08,no
2026-09-27T23:05:56.323667Z,0.0400,125.00,no
2026-09-27T23:05:56.323667Z,0.0400,10.00,no
2026-09-27T23:05:56.412715Z,0.0700,46.00,no
2026-09-27T23:05:56.775482Z,0.1000,2.43,yes
2026-09-27T23:05:56.775482Z,0.1000,6.97,yes
2026-09-27T23:05:56.782023Z,0.1000,28.22,yes
2026-09-27T23:05:56.879826Z,0.0600,15.00,no
2026-09-27T23:05:56.879826Z,0.0600,145.25,no
2026-09-27T23:05:56.879826Z,0.0700,24.00,no
2026-09-27T23:05:56.879826Z,0.0600,6.00,no
2026-09-27T23:05:56.879826Z,0.0700,24.95,no
2026-09-27T23:05:56.942276Z,0.0500,19.00,no
2026-09-27T23:05:56.942276Z,0.0500,801.98,no
2026-09-27T23:05:56.942276Z,0.0600,50.00,no
2026-09-27T23:05:56.942276Z,0.0600,4.75,no
2026-09-27T23:05:56.942276Z,0.0600,15.00,no
2026-09-27T23:05:56.942276Z,0.0500,50.00,no
2026-09-27T23:05:56.942985Z,0.0800,5.00,yes
2026-09-27T23:05:56.976828Z,0.0600,27.79,no
2026-09-27T23:05:57.105352Z,0.0600,19.90,no
2026-09-27T23:05:57.105352Z,0.0700,5.00,no
2026-09-27T23:05:57.111323Z,0.0800,17.00,yes
2026-09-27T23:05:57.139733Z,0.0800,31.44,yes
2026-09-27T23:05:57.241504Z,0.0700,318.82,no
2026-09-27T23:05:57.241504Z,0.0700,150.00,no
2026-09-27T23:05:57.510451Z,0.1000,51.00,yes
2026-09-27T23:05:57.510451Z,0.1200,1.00,yes
2026-09-27T23:05:57.510451Z,0.1200,5.00,yes
2026-09-27T23:05:57.510451Z,0.1200,13.00,yes
2026-09-27T23:05:57.510451Z,0.1100,98.00,yes
2026-09-27T23:05:57.510451Z,0.1200,631.00,yes
2026-09-27T23:05:57.510451Z,0.1100,10.00,yes
2026-09-27T23:05:57.510451Z,0.0900,23.92,yes
2026-09-27T23:05:57.510451Z,0.1100,5.00,yes
2026-09-27T23:05:57.510451Z,0.0800,11.68,yes
2026-09-27T23:05:57.510451Z,0.0800,16.00,yes
2026-09-27T23:05:57.510451Z,0.1000,5.00,yes
2026-09-27T23:05:57.510451Z,0.1100,112.00,yes
2026-09-27T23:05:57.510451Z,0.1000,13.35,yes
2026-09-27T23:05:57.510451Z,0.0800,196.56,yes
2026-09-27T23:05:57.510451Z,0.0800,0.71,yes
2026-09-27T23:05:57.510451Z,0.1100,1.00,yes
2026-09-27T23:05:57.510451Z,0.1000,50.00,yes
2026-09-27T23:05:57.510451Z,0.1200,1.00,yes
2026-09-27T23:05:57.510451Z,0.1000,39.00,yes
2026-09-27T23:05:57.510451Z,0.0900,5.00,yes
2026-09-27T23:05:57.510451Z,0.1000,12.00,yes
2026-09-27T23:05:57.510451Z,0.1300,339.36,yes
2026-09-27T23:05:57.52961Z,0.1200,37.27,yes
2026-09-27T23:05:57.52961Z,0.1200,150.00,yes
2026-09-27T23:05:57.52961Z,0.1000,5.00,yes
2026-09-27T23:05:57.52961Z,0.1000,5.00,yes
2026-09-27T23:05:58.269815Z,0.1000,5.00,yes
2026-09-27T23:05:58.269815Z,0.1100,138.85,yes
2026-09-27T23:05:58.269815Z,0.0900,5.00,yes
2026-09-27T23:05:58.269815Z,0.1000,13.00,yes
2026-09-27T23:05:58.269815Z,0.1000,528.00,yes
2026-09-27T23:05:58.269815Z,0.1000,5.00,yes
2026-09-27T23:05:58.269815Z,0.1000,30.00,yes
2026-09-27T23:05:58.269815Z,0.1000,51.00,yes
2026-09-27T23:05:58.269815Z,0.0900,5.00,yes
2026-09-27T23:05:58.519044Z,0.0700,82.00,no
2026-09-27T23:05:58.519044Z,0.0700,36.00,no
2026-09-27T23:05:58.519044Z,0.0600,0.10,no
2026-09-27T23:05:58.519044Z,0.0700,37.27,no
2026-09-27T23:05:58.519044Z,0.0600,5.00,no
2026-09-27T23:05:58.519044Z,0.0700,5.00,no
2026-09-27T23:05:58.519044Z,0.0600,19.00,no
2026-09-27T23:05:58.519044Z,0.0800,15.00,no
2026-09-27T23:05:58.519044Z,0.0700,150.00,no
2026-09-27T23:05:58.519044Z,0.0600,125.94,no
2026-09-27T23:05:58.519044Z,0.0700,5.00,no
2026-09-27T23:05:58.676801Z,0.0800,34.00,no
2026-09-27T23:05:58.676801Z,0.0800,153.52,no
2026-09-27T23:05:58.689512Z,0.0900,150.00,yes
2026-09-27T23:05:58.689512Z,0.1000,12.00,yes
2026-09-27T23:05:58.689512Z,0.0900,62.00,yes
2026-09-27T23:05:58.689512Z,0.1000,5.00,yes
2026-09-27T23:05:58.689512Z,0.1000,5.00,yes
2026-09-27T23:05:58.841105Z,0.1000,7.97,no
2026-09-27T23:05:58.886969Z,0.1000,28.63,no
2026-09-27T23:05:59.311234Z,0.1000,134.12,no
2026-09-27T23:05:59.690315Z,0.1100,5.00,yes
2026-09-27T23:05:59.690315Z,0.1100,20.64,yes
2026-09-27T23:05:59.760759Z,0.1100,14.50,yes
2026-09-27T23:05:59.777933Z,0.1000,342.31,no
2026-09-27T23:05:59.83117Z,0.1000,147.57,no
2026-09-27T23:05:59.877038Z,0.1000,46.91,no
2026-09-27T23:05:59.878495Z,0.1000,365.67,no
2026-09-27T23:05:59.920252Z,0.1100,4.27,yes
2026-09-27T23:06:00.066683Z,0.1000,36.25,no
2026-09-27T23:06:00.203707Z,0.1000,109.95,no
2026-09-27T23:06:00.273854Z,0.1100,17.11,yes
2026-09-27T23:06:00.280837Z,0.1000,16.15,no
2026-09-27T23:06:00.342516Z,0.1000,5.00,no
2026-09-27T23:06:00.342516Z,0.1000,0.95,no
2026-09-27T23:06:00.342516Z,0.1000,8530.47,no
2026-09-27T23:06:00.342516Z,0.0900,5.00,no
2026-09-27T23:06:00.342516Z,0.1000,2.45,no
2026-09-27T23:06:00.342516Z,0.0900,4609.00,no
2026-09-27T23:06:00.342516Z,0.1000,19.00,no
2026-09-27T23:06:00.342516Z,0.0900,4630.00,no
2026-09-27T23:06:00.342516Z,0.0900,5.00,no
2026-09-27T23:06:00.342516Z,0.1000,62.00,no
2026-09-27T23:06:00.342516Z,0.0900,5556.00,no
2026-09-27T23:06:00.356038Z,0.0800,78.18,no
2026-09-27T23:06:00.368832Z,0.0800,57.50,no
2026-09-27T23:06:00.368832Z,0.0900,15.00,no
2026-09-27T23:06:00.417546Z,0.0900,11.45,no
2026-09-27T23:06:00.417546Z,0.0900,12.00,no
2026-09-27T23:06:00.44157Z,0.0800,5960.80,no
2026-09-27T23:06:00.44157Z,0.0800,0.10,no
2026-09-27T23:06:00.44157Z,0.0800,5.00,no
2026-09-27T23:06:00.44157Z,0.0900,138.55,no
2026-09-27T23:06:00.44157Z,0.0900,15.00,no
2026-09-27T23:06:00.44157Z,0.0800,5.00,no
2026-09-27T23:06:00.477896Z,0.0800,1.00,yes
2026-09-27T23:06:00.48284Z,0.0800,201.00,yes
2026-09-27T23:06:00.500886Z,0.0800,17098.42,yes
2026-09-27T23:06:00.500886Z,0.0800,0.58,yes
2026-09-27T23:06:00.571579Z,0.1100,13.83,yes
2026-09-27T23:06:00.571579Z,0.1000,2.00,yes
2026-09-27T23:06:00.594433Z,0.1100,8.55,yes
2026-09-27T23:06:00.634681Z,0.1100,34.47,yes
2026-09-27T23:06:00.634681Z,0.1100,42.10,yes
2026-09-27T23:06:00.634681Z,0.1000,9.00,yes
2026-09-27T23:06:00.641409Z,0.1100,42.78,yes
2026-09-27T23:06:00.870563Z,0.1100,42.04,yes
2026-09-27T23:06:00.934052Z,0.1000,42.90,yes
2026-09-27T23:06:00.995155Z,0.1000,42.78,yes
2026-09-27T23:06:01.153917Z,0.1000,171.15,yes
2026-09-27T23:06:01.260046Z,0.0900,5.00,no
2026-09-27T23:06:01.260046Z,0.0800,19.00,no
2026-09-27T23:06:01.260046Z,0.0700,0.10,no
2026-09-27T23:06:01.260046Z,0.0700,5.00,no
2026-09-27T23:06:01.260046Z,0.0700,7.27,no
2026-09-27T23:06:01.260046Z,0.0800,15.00,no
2026-09-27T23:06:01.260046Z,0.0800,5.00,no
2026-09-27T23:06:01.378537Z,0.0900,10.00,no
2026-09-27T23:06:01.514927Z,0.1000,47.03,yes
2026-09-27T23:06:01.589763Z,0.1000,25.03,yes
2026-09-27T23:06:01.589763Z,0.1000,7.00,yes
2026-09-27T23:06:01.589763Z,0.1000,1.00,yes
2026-09-27T23:06:01.589763Z,0.1000,5.00,yes
2026-09-27T23:06:01.589763Z,0.1000,55.97,yes
2026-09-27T23:06:01.594941Z,0.1000,12.98,yes
2026-09-27T23:06:01.603435Z,0.0800,2.00,no
2026-09-27T23:06:01.603435Z,0.0900,2.00,no
2026-09-27T23:06:01.603435Z,0.0800,5.00,no
2026-09-27T23:06:01.603435Z,0.0700,47.12,no
2026-09-27T23:06:01.622298Z,0.1000,9.40,yes
2026-09-27T23:06:01.688441Z,0.1000,4.70,yes
2026-09-27T23:06:01.763108Z,0.1000,18.81,yes
2026-09-27T23:06:02.132511Z,0.0700,50.22,no
2026-09-27T23:06:02.132511Z,0.0700,122.00,no
2026-09-27T23:06:02.132511Z,0.0700,5.00,no
2026-09-27T23:06:02.132511Z,0.0700,19.00,no
2026-09-27T23:06:02.132511Z,0.0800,10000.00,no
2026-09-27T23:06:02.132511Z,0.0700,157.89,no
2026-09-27T23:06:02.132511Z,0.0800,5.00,no
2026-09-27T23:06:02.258853Z,0.0600,380.00,no
2026-09-27T23:06:02.265646Z,0.0600,250.00,no
2026-09-27T23:06:02.279802Z,0.0700,272.02,yes
2026-09-27T23:06:02.480128Z,0.0600,15260.90,no
2026-09-27T23:06:02.559397Z,0.0600,153.89,no
2026-09-27T23:06:02.584301Z,0.0600,8.00,no
2026-09-27T23:06:02.584301Z,0.0600,52299.21,no
2026-09-27T23:06:02.622114Z,0.0600,67.06,yes
2026-09-27T23:06:02.625379Z,0.0600,5.00,yes
2026-09-27T23:06:02.642768Z,0.0600,8.55,yes
2026-09-27T23:06:02.721802Z,0.0600,13.41,yes
2026-09-27T23:06:03.049094Z,0.0600,375.30,yes
2026-09-27T23:06:03.102338Z,0.0600,150.00,yes
2026-09-27T23:06:03.11989Z,0.0600,500.00,yes
2026-09-27T23:06:03.123137Z,0.0600,78.18,yes
2026-09-27T23:06:03.126228Z,0.0600,7375.00,yes
2026-09-27T23:06:03.155934Z,0.0500,5.00,no
2026-09-27T23:06:03.155934Z,0.0500,526.53,no
2026-09-27T23:06:03.163667Z,0.0600,17545.00,yes
2026-09-27T23:06:03.176993Z,0.0600,78.18,yes
2026-09-27T23:06:03.201457Z,0.0600,1689.16,yes
2026-09-27T23:06:03.220919Z,0.0600,265.00,yes
2026-09-27T23:06:03.250577Z,0.0500,9.96,no
2026-09-27T23:06:03.289526Z,0.0600,67.06,yes
2026-09-27T23:06:03.330545Z,0.0500,5.00,yes
2026-09-27T23:06:03.352664Z,0.0500,8.00,yes
2026-09-27T23:06:03.365495Z,0.0500,142.00,yes
2026-09-27T23:06:03.365495Z,0.0500,92.00,yes
2026-09-27T23:06:03.365495Z,0.0500,3.00,yes
2026-09-27T23:06:03.396169Z,0.0500,49.00,yes
2026-09-27T23:06:03.396169Z,0.0500,40.00,yes
2026-09-27T23:06:03.396169Z,0.0500,13.00,yes
2026-09-27T23:06:03.396169Z,0.0500,10.00,yes
2026-09-27T23:06:03.40258Z,0.0500,2.00,yes
2026-09-27T23:06:03.40258Z,0.0500,3.00,yes
2026-09-27T23:06:03.430724Z,0.0500,61.00,yes
2026-09-27T23:06:03.454402Z,0.0500,28.00,yes
2026-09-27T23:06:03.454402Z,0.0500,128.37,yes
2026-09-27T23:06:03.474525Z,0.0500,51.55,yes
2026-09-27T23:06:03.474525Z,0.0500,13.00,yes
2026-09-27T23:06:03.474525Z,0.0500,13.63,yes
2026-09-27T23:06:03.483069Z,0.0400,3.00,no
2026-09-27T23:06:03.483069Z,0.0400,91.07,no
2026-09-27T23:06:03.511104Z,0.0500,28.00,yes
2026-09-27T23:06:03.511104Z,0.0500,7.88,yes
2026-09-27T23:06:03.511104Z,0.0500,30.00,yes
2026-09-27T23:06:03.511104Z,0.0500,64.00,yes
2026-09-27T23:06:03.511104Z,0.0500,6.32,yes
2026-09-27T23:06:03.511104Z,0.0500,142.00,yes
2026-09-27T23:06:03.584614Z,0.0500,53.31,yes
2026-09-27T23:06:03.584614Z,0.0500,105.00,yes
2026-09-27T23:06:03.584614Z,0.0500,24.69,yes
2026-09-27T23:06:03.602572Z,0.0500,78.18,yes
2026-09-27T23:06:03.651124Z,0.0600,131.49,yes
2026-09-27T23:06:03.651124Z,0.0500,10.51,yes
2026-09-27T23:06:03.651124Z,0.0500,105.00,yes
2026-09-27T23:06:03.651124Z,0.0500,30.00,yes
2026-09-27T23:06:03.651124Z,0.0500,10.00,yes
2026-09-27T23:06:03.658148Z,0.0400,134.12,no
2026-09-27T23:06:03.668447Z,0.0600,46.91,yes
2026-09-27T23:06:03.697164Z,0.0400,21.39,no
2026-09-27T23:06:03.784412Z,0.0400,147.57,no
2026-09-27T23:06:03.842509Z,0.0500,10.00,yes
2026-09-27T23:06:03.842509Z,0.0500,0.25,yes
2026-09-27T23:06:03.842509Z,0.0500,11.75,yes
2026-09-27T23:06:03.999349Z,0.0500,6.00,yes
2026-09-27T23:06:04.136834Z,0.0600,154.00,yes
2026-09-27T23:06:04.261129Z,0.0600,217.00,yes
2026-09-27T23:06:04.261129Z,0.0500,10.00,yes
2026-09-27T23:06:04.297921Z,0.0400,103.13,no
2026-09-27T23:06:04.367637Z,0.0400,67.82,no
2026-09-27T23:06:04.367637Z,0.0400,49.30,no
2026-09-27T23:06:04.370646Z,0.0500,25.00,yes
2026-09-27T23:06:04.484704Z,0.0400,37.50,no
2026-09-27T23:06:04.606134Z,0.0400,1894.68,no
2026-09-27T23:06:04.606134Z,0.0400,118.94,no
2026-09-27T23:06:04.669191Z,0.0500,78.18,yes
2026-09-27T23:06:04.697119Z,0.0400,91.06,no
2026-09-27T23:06:04.697119Z,0.0400,634.01,no
2026-09-27T23:06:04.703025Z,0.0500,51.00,yes
2026-09-27T23:06:04.703025Z,0.0500,4.18,yes
2026-09-27T23:06:04.703025Z,0.0500,1.82,yes
2026-09-27T23:06:04.703025Z,0.0500,10.00,yes
2026-09-27T23:06:04.703025Z,0.0500,62.00,yes
2026-09-27T23:06:04.74987Z,0.0400,261.14,no
2026-09-27T23:06:04.750083Z,0.0500,91.18,yes
2026-09-27T23:06:04.750083Z,0.0500,25.82,yes
2026-09-27T23:06:04.771268Z,0.0600,5.00,yes
2026-09-27T23:06:04.771268Z,0.0600,5.00,yes
2026-09-27T23:06:04.771268Z,0.0600,4664.82,yes
2026-09-27T23:06:04.771268Z,0.0600,125.00,yes
2026-09-27T23:06:04.771268Z,0.0600,70000.00,yes
2026-09-27T23:06:04.771268Z,0.0600,35569.18,yes
2026-09-27T23:06:04.771268Z,0.0600,3.00,yes
2026-09-27T23:06:04.771268Z,0.0500,12.00,yes
2026-09-27T23:06:04.771268Z,0.0500,142.00,yes
2026-09-27T23:06:04.771268Z,0.0500,62.00,yes
2026-09-27T23:06:04.771268Z,0.0600,1.00,yes
2026-09-27T23:06:04.785275Z,0.0600,25.00,yes
2026-09-27T23:06:04.809366Z,0.0600,350.00,yes
2026-09-27T23:06:05.020404Z,0.0500,10.00,yes
2026-09-27T23:06:05.020404Z,0.0500,30.00,yes
2026-09-27T23:06:05.070974Z,0.0500,30.00,yes
2026-09-27T23:06:05.08371Z,0.0500,74.43,yes
2026-09-27T23:06:05.097757Z,0.0500,187.52,yes
2026-09-27T23:06:05.110319Z,0.0500,1.00,yes
2026-09-27T23:06:05.125912Z,0.0300,35.00,no
2026-09-27T23:06:05.125912Z,0.0300,101.00,no
2026-09-27T23:06:05.125912Z,0.0300,39.00,no
2026-09-27T23:06:05.125912Z,0.0300,204.21,no
2026-09-27T23:06:05.125912Z,0.0400,62.00,no
2026-09-27T23:06:05.311763Z,0.0400,28.42,yes
2026-09-27T23:06:05.316393Z,0.0200,18.52,no
2026-09-27T23:06:05.316393Z,0.0200,5.00,no
2026-09-27T23:06:05.316393Z,0.0300,150.00,no
2026-09-27T23:06:05.396013Z,0.0300,1.25,no
2026-09-27T23:06:05.457131Z,0.0400,4.66,yes
2026-09-27T23:06:05.535709Z,0.0300,41.07,no
2026-09-27T23:06:05.629766Z,0.0300,210.00,no
2026-09-27T23:06:05.629766Z,0.0300,236.22,no
2026-09-27T23:06:05.629766Z,0.0300,54.05,no
2026-09-27T23:06:05.662889Z,0.0400,17.92,yes
2026-09-27T23:06:05.662889Z,0.0400,65.60,yes
2026-09-27T23:06:05.662889Z,0.0400,104.00,yes
2026-09-27T23:06:05.781688Z,0.0400,37.50,yes
2026-09-27T23:06:05.841016Z,0.0300,13.41,no
2026-09-27T23:06:05.947865Z,0.0400,98.79,yes
2026-09-27T23:06:05.947865Z,0.0400,46.90,yes
2026-09-27T23:06:05.947865Z,0.0400,30.00,yes
2026-09-27T23:06:05.98748Z,0.0300,50.33,no
2026-09-27T23:06:06.081679Z,0.0400,26.21,yes
2026-09-27T23:06:06.081679Z,0.0400,5.00,yes
2026-09-27T23:06:06.081679Z,0.0400,104.00,yes
2026-09-27T23:06:06.081679Z,0.0400,25.33,yes
2026-09-27T23:06:06.081679Z,0.0400,62.00,yes
2026-09-27T23:06:06.146963Z,0.0400,30.00,yes
2026-09-27T23:06:06.146963Z,0.0400,5.00,yes
2026-09-27T23:06:06.146963Z,0.0400,82.12,yes
2026-09-27T23:06:06.173614Z,0.0400,125.00,yes
2026-09-27T23:06:06.173614Z,0.0400,21.88,yes
2026-09-27T23:06:06.173614Z,0.0400,134.22,yes
2026-09-27T23:06:06.243304Z,0.0400,82.12,yes
2026-09-27T23:06:06.243304Z,0.0400,5.00,yes
2026-09-27T23:06:06.243304Z,0.0400,30.00,yes
2026-09-27T23:06:06.272763Z,0.0400,21.88,yes
2026-09-27T23:06:06.272763Z,0.0400,120.00,yes
2026-09-27T23:06:06.272763Z,0.0400,92.37,yes
2026-09-27T23:06:06.423183Z,0.0400,32.63,yes
2026-09-27T23:06:06.423183Z,0.0400,52.09,yes
2026-09-27T23:06:06.664838Z,0.0400,5.00,yes
2026-09-27T23:06:06.664838Z,0.0400,18.42,yes
2026-09-27T23:06:06.702093Z,0.0400,29.51,yes
2026-09-27T23:06:06.706394Z,0.0400,16.50,yes
2026-09-27T23:06:06.790698Z,0.0300,86.26,no
2026-09-27T23:06:06.790698Z,0.0300,9.98,no
2026-09-27T23:06:06.842842Z,0.0400,17.69,yes
2026-09-27T23:06:06.842842Z,0.0400,99.43,yes
2026-09-27T23:06:06.875612Z,0.0400,50.57,yes
2026-09-27T23:06:06.875612Z,0.0400,21.88,yes
2026-09-27T23:06:06.875612Z,0.0400,41.05,yes
2026-09-27T23:06:06.883281Z,0.0300,9.40,no
2026-09-27T23:06:06.935972Z,0.0400,23.42,yes
2026-09-27T23:06:07.016519Z,0.0300,124.85,no
2026-09-27T23:06:07.026291Z,0.0400,23.42,yes
2026-09-27T23:06:07.068511Z,0.0400,15.11,yes
2026-09-27T23:06:07.068511Z,0.0400,37.11,yes
2026-09-27T23:06:07.109325Z,0.0400,5.00,yes
2026-09-27T23:06:07.109325Z,0.0400,132.24,yes
2026-09-27T23:06:07.109325Z,0.0400,18.42,yes
2026-09-27T23:06:07.109325Z,0.0400,14.89,yes
2026-09-27T23:06:07.109325Z,0.0400,16.50,yes
2026-09-27T23:06:07.109325Z,0.0400,29.51,yes
2026-09-27T23:06:07.109325Z,0.0400,17.69,yes
2026-09-27T23:06:07.11396Z,0.0400,21.88,yes
2026-09-27T23:06:07.11396Z,0.0400,17.76,yes
2026-09-27T23:06:07.11396Z,0.0400,105.00,yes
2026-09-27T23:06:07.396574Z,0.0400,56.11,no
2026-09-27T23:06:07.402026Z,0.0400,72.50,no
2026-09-27T23:06:07.463111Z,0.0500,57.24,yes
2026-09-27T23:06:07.47966Z,0.0400,93.76,no
2026-09-27T23:06:07.686472Z,0.0400,49.80,no
2026-09-27T23:06:07.693124Z,0.0500,54.00,yes
2026-09-27T23:06:07.940047Z,0.0400,295.14,no
2026-09-27T23:06:07.941649Z,0.0500,75.01,yes
2026-09-27T23:06:08.058984Z,0.0500,93.76,yes
2026-09-27T23:06:08.062362Z,0.0500,18.75,yes
2026-09-27T23:06:08.110445Z,0.0400,37.00,no
2026-09-27T23:06:08.144097Z,0.0500,1125.17,yes
2026-09-27T23:06:08.184308Z,0.0500,15.00,yes
2026-09-27T23:06:08.205933Z,0.0500,37.50,yes
2026-09-27T23:06:08.287489Z,0.0500,18.75,yes
2026-09-27T23:06:08.359509Z,0.0500,93.76,yes
2026-09-27T23:06:08.528215Z,0.0500,18.75,yes
2026-09-27T23:06:08.705742Z,0.0500,78.18,yes
2026-09-27T23:06:08.859989Z,0.0400,2514.00,no
2026-09-27T23:06:08.956473Z,0.0500,18.75,yes
2026-09-27T23:06:09.037974Z,0.0400,78.19,no
2026-09-27T23:06:09.059458Z,0.0400,427.88,no
2026-09-27T23:06:09.080124Z,0.0500,93.76,yes
2026-09-27T23:06:09.18898Z,0.0400,55.58,no
2026-09-27T23:06:09.20304Z,0.0500,93.76,yes
2026-09-27T23:06:09.344483Z,0.0500,112.51,yes
2026-09-27T23:06:09.42098Z,0.0500,312.41,yes
2026-09-27T23:06:09.42098Z,0.0500,15.00,yes
2026-09-27T23:06:09.42098Z,0.0500,0.10,yes
2026-09-27T23:06:09.42098Z,0.0500,5.00,yes
2026-09-27T23:06:09.42098Z,0.0500,32708.26,yes
2026-09-27T23:06:09.42098Z,0.0500,35000.00,yes
2026-09-27T23:06:09.42098Z,0.0500,5.00,yes
2026-09-27T23:06:09.42098Z,0.0500,3.00,yes
2026-09-27T23:06:09.42098Z,0.0500,5.00,yes
2026-09-27T23:06:09.42098Z,0.0500,244.00,yes
2026-09-27T23:06:09.42098Z,0.0500,10.00,yes
2026-09-27T23:06:09.42098Z,0.0500,5.00,yes
2026-09-27T23:06:09.42098Z,0.0500,0.01,yes
2026-09-27T23:06:09.42098Z,0.0500,5000.00,yes
2026-09-27T23:06:09.42098Z,0.0500,3.00,yes
2026-09-27T23:06:09.42098Z,0.0500,62.00,yes
2026-09-27T23:06:09.42098Z,0.0500,100.00,yes
2026-09-27T23:06:09.42098Z,0.0500,9370.00,yes
2026-09-27T23:06:09.42098Z,0.0500,15000.00,yes
2026-09-27T23:06:09.42098Z,0.0500,5000.00,yes
2026-09-27T23:06:09.450947Z,0.0500,18.75,yes
2026-09-27T23:06:09.459138Z,0.0500,31.25,yes
2026-09-27T23:06:09.459138Z,0.0500,150.00,yes
2026-09-27T23:06:09.459138Z,0.0600,2.51,yes
2026-09-27T23:06:09.491713Z,0.0400,83.25,no
2026-09-27T23:06:09.748507Z,0.0400,93.51,no
2026-09-27T23:06:09.785247Z,0.0500,181.52,yes
2026-09-27T23:06:09.785247Z,0.0500,6.00,yes
2026-09-27T23:06:10.09742Z,0.0500,10.44,yes
2026-09-27T23:06:10.10107Z,0.0400,125.91,no
2026-09-27T23:06:10.10107Z,0.0400,19.00,no
2026-09-27T23:06:10.10107Z,0.0400,0.10,no
2026-09-27T23:06:10.407473Z,0.0500,377.59,yes
2026-09-27T23:06:11.017518Z,0.0500,56.25,yes
2026-09-27T23:06:11.122271Z,0.0500,356.30,yes
2026-09-27T23:06:11.249516Z,0.0400,56.44,no
2026-09-27T23:06:11.388124Z,0.0500,18.75,yes
2026-09-27T23:06:11.781685Z,0.0500,100.00,yes
2026-09-27T23:06:11.781685Z,0.0500,2.00,yes
2026-09-27T23:06:11.781685Z,0.0500,287.82,yes
2026-09-27T23:06:11.791583Z,0.0500,56.25,yes
2026-09-27T23:06:11.809457Z,0.0500,62.00,yes
2026-09-27T23:06:11.819722Z,0.0500,18.75,yes
2026-09-27T23:06:11.862654Z,0.0500,56.25,yes
2026-09-27T23:06:12.022828Z,0.0500,1681.59,yes
2026-09-27T23:06:12.025111Z,0.0500,93.76,yes
2026-09-27T23:06:12.076643Z,0.0500,93.76,yes
2026-09-27T23:06:12.109935Z,0.0500,375.05,yes
2026-09-27T23:06:12.184271Z,0.0500,42.19,yes
2026-09-27T23:06:12.274945Z,0.0400,85.42,no
2026-09-27T23:06:12.390565Z,0.0500,56.25,yes
2026-09-27T23:06:12.490369Z,0.0400,156.06,no
2026-09-27T23:06:12.534918Z,0.0500,98.00,yes
2026-09-27T23:06:12.592906Z,0.0500,18.75,yes
2026-09-27T23:06:12.810843Z,0.0500,93.76,yes
2026-09-27T23:06:12.825642Z,0.0400,31.46,no
2026-09-27T23:06:12.877402Z,0.0500,18.75,yes
2026-09-27T23:06:12.920853Z,0.0400,39.51,no
2026-09-27T23:06:12.933841Z,0.0500,2812.93,yes
2026-09-27T23:06:12.966436Z,0.0500,18.75,yes
2026-09-27T23:06:13.015511Z,0.0500,187.52,yes
2026-09-27T23:06:13.026377Z,0.0500,93.76,yes
2026-09-27T23:06:13.037996Z,0.0400,373.00,no
2026-09-27T23:06:13.085972Z,0.0500,187.52,yes
2026-09-27T23:06:13.117432Z,0.0500,206.28,yes
2026-09-27T23:06:13.232415Z,0.0400,2.00,no
2026-09-27T23:06:13.311957Z,0.0500,93.76,yes
2026-09-27T23:06:13.410565Z,0.0500,192.79,yes
2026-09-27T23:06:13.420786Z,0.0500,187.52,yes
2026-09-27T23:06:13.5316Z,0.0500,93.76,yes
2026-09-27T23:06:13.60505Z,0.0500,37.50,yes
2026-09-27T23:06:13.652638Z,0.0500,18.75,yes
2026-09-27T23:06:13.682055Z,0.0500,1875.29,yes
2026-09-27T23:06:13.744162Z,0.0500,93.76,yes
2026-09-27T23:06:13.975486Z,0.0500,71.00,yes
2026-09-27T23:06:13.98822Z,0.0500,187.52,yes
2026-09-27T23:06:14.061541Z,0.0500,93.76,yes
2026-09-27T23:06:14.118225Z,0.0500,93.76,yes
2026-09-27T23:06:14.281574Z,0.0500,177.92,yes
2026-09-27T23:06:14.57193Z,0.0500,93.76,yes
2026-09-27T23:06:14.667983Z,0.0500,18.75,yes
2026-09-27T23:06:14.880117Z,0.0500,93.76,yes
2026-09-27T23:06:15.1777Z,0.0400,1.31,no
2026-09-27T23:06:15.272273Z,0.0500,562.58,yes
2026-09-27T23:06:15.314323Z,0.0400,58.72,no
2026-09-27T23:06:15.43149Z,0.0500,15.75,yes
2026-09-27T23:06:15.473644Z,0.0500,37.40,yes
2026-09-27T23:06:15.621942Z,0.0500,37.50,yes
2026-09-27T23:06:15.636071Z,0.0400,150.00,no
2026-09-27T23:06:15.636071Z,0.0400,74.21,no
2026-09-27T23:06:15.636071Z,0.0400,52.08,no
2026-09-27T23:06:15.636071Z,0.0400,5.00,no
2026-09-27T23:06:15.845379Z,0.0500,187.52,yes
2026-09-27T23:06:15.878099Z,0.0400,2437.88,no
2026-09-27T23:06:16.007496Z,0.0500,93.76,yes
2026-09-27T23:06:16.158075Z,0.0400,3699.85,no
2026-09-27T23:06:16.287854Z,0.0500,18.75,yes
2026-09-27T23:06:16.294039Z,0.0500,468.82,yes
2026-09-27T23:06:16.498539Z,0.0500,93.76,yes
2026-09-27T23:06:16.961489Z,0.0500,30.19,yes
2026-09-27T23:06:17.038113Z,0.0500,824.26,yes
2026-09-27T23:06:17.062915Z,0.0500,93.76,yes
2026-09-27T23:06:17.074015Z,0.0500,168.77,yes
2026-09-27T23:06:17.12496Z,0.0400,49.80,no
2026-09-27T23:06:17.190483Z,0.0500,469.13,yes
2026-09-27T23:06:17.312775Z,0.0500,93.76,yes
2026-09-27T23:06:17.424916Z,0.0400,36.25,no
2026-09-27T23:06:17.523422Z,0.0500,133.14,yes
2026-09-27T23:06:17.569321Z,0.0400,234.25,no
2026-09-27T23:06:17.594865Z,0.0500,56.25,yes
2026-09-27T23:06:17.630492Z,0.0400,44.04,no
2026-09-27T23:06:17.896915Z,0.0500,93.76,yes
2026-09-27T23:06:17.922116Z,0.0500,37.50,yes
2026-09-27T23:06:18.074545Z,0.0500,468.82,yes
2026-09-27T23:06:18.558027Z,0.0400,9.07,no
2026-09-27T23:06:18.610471Z,0.0500,937.64,yes
2026-09-27T23:06:18.668562Z,0.0400,412.54,no
2026-09-27T23:06:18.718224Z,0.0500,37.50,yes
2026-09-27T23:06:18.825155Z,0.0500,9.37,yes
2026-09-27T23:06:18.936905Z,0.0500,72.00,yes
2026-09-27T23:06:18.939632Z,0.0500,187.52,yes
2026-09-27T23:06:18.971839Z,0.0500,18.75,yes
2026-09-27T23:06:19.092106Z,0.0500,93.76,yes
2026-09-27T23:06:19.172098Z,0.0400,277.96,no
2026-09-27T23:06:19.196866Z,0.0400,251.69,no
2026-09-27T23:06:19.283077Z,0.0500,56.25,yes
2026-09-27T23:06:19.471329Z,0.0400,249.00,no
2026-09-27T23:06:19.634716Z,0.0500,1875.29,yes
2026-09-27T23:06:19.710371Z,0.0400,62.30,no
2026-09-27T23:06:19.867215Z,0.0500,937.64,yes
2026-09-27T23:06:20.175827Z,0.0400,20.00,no
2026-09-27T23:06:20.18152Z,0.0500,18.75,yes
2026-09-27T23:06:20.215695Z,0.0400,11.80,no
2026-09-27T23:06:20.353423Z,0.0400,188.14,no
2026-09-27T23:06:20.474755Z,0.0500,28.42,yes
2026-09-27T23:06:20.540841Z,0.0500,93.76,yes
2026-09-27T23:06:20.627371Z,0.0500,93.76,yes
2026-09-27T23:06:20.726138Z,0.0500,937.64,yes
2026-09-27T23:06:20.853252Z,0.0400,210.00,no
2026-09-27T23:06:20.853857Z,0.0500,93.76,yes
2026-09-27T23:06:21.066691Z,0.0400,550.10,no
2026-09-27T23:06:21.095152Z,0.0500,18.75,yes
2026-09-27T23:06:21.145803Z,0.0500,93.76,yes
2026-09-27T23:06:21.33559Z,0.0500,187.52,yes
2026-09-27T23:06:21.469501Z,0.0500,16.87,yes
2026-09-27T23:06:21.489417Z,0.0500,93.76,yes
2026-09-27T23:06:21.772218Z,0.0500,93.76,yes
2026-09-27T23:06:21.839833Z,0.0400,11.80,no
2026-09-27T23:06:22.125836Z,0.0500,96.57,yes
2026-09-27T23:06:22.13439Z,0.0500,307.98,yes
2026-09-27T23:06:22.315127Z,0.0500,187.52,yes
2026-09-27T23:06:22.396242Z,0.0500,18.75,yes
2026-09-27T23:06:22.599977Z,0.0500,187.52,yes
2026-09-27T23:06:22.808258Z,0.0500,93.76,yes
2026-09-27T23:06:22.864323Z,0.0500,18.75,yes
2026-09-27T23:06:22.889754Z,0.0400,1463.77,no
2026-09-27T23:06:22.889754Z,0.0400,100.00,no
2026-09-27T23:06:22.997839Z,0.0500,93.76,yes
2026-09-27T23:06:23.014414Z,0.0500,93.76,yes
2026-09-27T23:06:23.316021Z,0.0500,18.75,yes
2026-09-27T23:06:23.367286Z,0.0500,2500.00,yes
2026-09-27T23:06:23.502554Z,0.0500,18.75,yes
2026-09-27T23:06:23.630123Z,0.0500,1875.29,yes
2026-09-27T23:06:23.676937Z,0.0500,12.00,yes
2026-09-27T23:06:23.826964Z,0.0400,1576.19,no
2026-09-27T23:06:23.835277Z,0.0500,631.30,yes
2026-09-27T23:06:23.895415Z,0.0500,375.05,yes
2026-09-27T23:06:23.976408Z,0.0500,18.75,yes
2026-09-27T23:06:24.244931Z,0.0500,18.75,yes
2026-09-27T23:06:24.293067Z,0.0500,5.00,yes
2026-09-27T23:06:24.304084Z,0.0400,946.00,no
2026-09-27T23:06:24.338122Z,0.0400,1222.95,no
2026-09-27T23:06:24.555482Z,0.0400,109.64,no
2026-09-27T23:06:24.559042Z,0.0500,9.37,yes
2026-09-27T23:06:24.579872Z,0.0400,62.92,no
2026-09-27T23:06:24.663862Z,0.0500,9.75,yes
2026-09-27T23:06:24.955241Z,0.0400,1889.88,no
2026-09-27T23:06:24.955241Z,0.0400,0.10,no
2026-09-27T23:06:24.955241Z,0.0400,4618.53,no
2026-09-27T23:06:24.955241Z,0.0400,1.07,no
2026-09-27T23:06:24.955241Z,0.0400,1.08,no
2026-09-27T23:06:24.955241Z,0.0400,1.26,no
2026-09-27T23:06:24.955241Z,0.0400,1.08,no
2026-09-27T23:06:24.955241Z,0.0400,1.03,no
2026-09-27T23:06:24.955241Z,0.0400,1.03,no
2026-09-27T23:06:24.955241Z,0.0400,1.05,no
2026-09-27T23:06:24.955241Z,0.0400,1.93,no
2026-09-27T23:06:24.955241Z,0.0400,1.26,no
2026-09-27T23:06:24.955241Z,0.0400,1.08,no
2026-09-27T23:06:24.955241Z,0.0400,1.06,no
2026-09-27T23:06:24.955241Z,0.0400,1.63,no
2026-09-27T23:06:24.955241Z,0.0400,1.07,no
2026-09-27T23:06:24.955241Z,0.0400,1.33,no
2026-09-27T23:06:24.955241Z,0.0400,1.23,no
2026-09-27T23:06:24.955241Z,0.0400,1.37,no
2026-09-27T23:06:24.955241Z,0.0400,0.84,no
2026-09-27T23:06:24.955241Z,0.0400,1.13,no
2026-09-27T23:06:24.955241Z,0.0400,1.32,no
2026-09-27T23:06:24.955241Z,0.0400,1.26,no
2026-09-27T23:06:24.955241Z,0.0400,1.19,no
2026-09-27T23:06:24.955241Z,0.0400,1.21,no
2026-09-27T23:06:24.955241Z,0.0400,1.23,no
2026-09-27T23:06:24.955241Z,0.0400,1.21,no
2026-09-27T23:06:24.955241Z,0.0400,1.25,no
2026-09-27T23:06:24.955241Z,0.0400,1.13,no
2026-09-27T23:06:24.955241Z,0.0400,1.23,no
2026-09-27T23:06:24.955241Z,0.0400,1.83,no
2026-09-27T23:06:24.955241Z,0.0400,1.09,no
2026-09-27T23:06:24.955241Z,0.0400,1.11,no
2026-09-27T23:06:24.955241Z,0.0400,1.17,no
2026-09-27T23:06:24.955241Z,0.0400,1.03,no
2026-09-27T23:06:24.955241Z,0.0400,1.06,no
2026-09-27T23:06:24.955241Z,0.0400,1.11,no
2026-09-27T23:06:25.067703Z,0.0400,18.75,yes
2026-09-27T23:06:25.104372Z,0.0400,187.52,yes
2026-09-27T23:06:25.217458Z,0.0400,18.75,yes
2026-09-27T23:06:25.465479Z,0.0400,187.52,yes
2026-09-27T23:06:25.674632Z,0.0400,70.27,yes
2026-09-27T23:06:25.866813Z,0.0400,39.35,yes
2026-09-27T23:06:25.903884Z,0.0300,0.10,no
2026-09-27T23:06:25.903884Z,0.0300,8.45,no
2026-09-27T23:06:26.054254Z,0.0400,46.85,yes
2026-09-27T23:06:26.077918Z,0.0400,4.68,yes
2026-09-27T23:06:26.199474Z,0.0300,1000.00,no
2026-09-27T23:06:26.34844Z,0.0400,1405.54,yes
2026-09-27T23:06:26.505897Z,0.0400,83.16,yes
2026-09-27T23:06:26.759149Z,0.0400,9.37,yes
2026-09-27T23:06:26.819363Z,0.0300,940.73,no
2026-09-27T23:06:26.826637Z,0.0400,117.12,yes
2026-09-27T23:06:26.88131Z,0.0300,19.54,no
2026-09-27T23:06:27.226339Z,0.0400,46.85,yes
2026-09-27T23:06:27.310041Z,0.0400,117.12,yes
2026-09-27T23:06:27.316763Z,0.0400,46.85,yes
2026-09-27T23:06:27.381758Z,0.0400,234.25,yes
2026-09-27T23:06:27.542747Z,0.0400,250.00,yes
2026-09-27T23:06:27.580202Z,0.0300,547.83,no
2026-09-27T23:06:27.59994Z,0.0400,60.00,yes
2026-09-27T23:06:27.70238Z,0.0400,1.00,yes
2026-09-27T23:06:27.709338Z,0.0400,0.23,yes
2026-09-27T23:06:27.713973Z,0.0400,83.00,yes
2026-09-27T23:06:28.338139Z,0.0300,9.40,no
2026-09-27T23:06:28.352177Z,0.0400,117.12,yes
2026-09-27T23:06:28.35937Z,0.0400,117.12,yes
2026-09-27T23:06:28.36019Z,0.0300,111.83,no
2026-09-27T23:06:28.600427Z,0.0400,421.66,yes
2026-09-27T23:06:28.603332Z,0.0400,93.70,yes
2026-09-27T23:06:28.695802Z,0.0400,18.75,yes
2026-09-27T23:06:28.701281Z,0.0400,367.10,yes
2026-09-27T23:06:28.701281Z,0.0400,185.74,yes
2026-09-27T23:06:28.812271Z,0.0400,20.00,yes
2026-09-27T23:06:28.812271Z,0.0400,186.90,yes
2026-09-27T23:06:28.812271Z,0.0400,1.97,yes
2026-09-27T23:06:28.812271Z,0.0400,2.07,yes
2026-09-27T23:06:28.812271Z,0.0400,2.07,yes
2026-09-27T23:06:28.812271Z,0.0400,0.27,yes
2026-09-27T23:06:28.812271Z,0.0400,2.08,yes
2026-09-27T23:06:28.812271Z,0.0400,2.08,yes
2026-09-27T23:06:28.812271Z,0.0400,2.07,yes
2026-09-27T23:06:28.812271Z,0.0400,0.76,yes
2026-09-27T23:06:28.812271Z,0.0400,12.00,yes
2026-09-27T23:06:28.812271Z,0.0400,1.98,yes
2026-09-27T23:06:28.992693Z,0.0300,37.62,no
2026-09-27T23:06:29.008894Z,0.0400,1.14,yes
2026-09-27T23:06:29.008894Z,0.0400,30.68,yes
2026-09-27T23:06:29.008894Z,0.0400,0.86,yes
2026-09-27T23:06:29.008894Z,0.0400,0.96,yes
2026-09-27T23:06:29.008894Z,0.0400,1.48,yes
2026-09-27T23:06:29.008894Z,0.0400,1.72,yes
2026-09-27T23:06:29.008894Z,0.0400,1.14,yes
2026-09-27T23:06:29.008894Z,0.0400,0.65,yes
2026-09-27T23:06:29.008894Z,0.0400,1.49,yes
2026-09-27T23:06:29.008894Z,0.0400,0.92,yes
2026-09-27T23:06:29.008894Z,0.0400,0.79,yes
2026-09-27T23:06:29.008894Z,0.0400,1.04,yes
2026-09-27T23:06:29.008894Z,0.0400,0.89,yes
2026-09-27T23:06:29.008894Z,0.0400,1.30,yes
2026-09-27T23:06:29.008894Z,0.0400,0.87,yes
2026-09-27T23:06:29.008894Z,0.0400,0.92,yes
2026-09-27T23:06:29.103634Z,0.0400,15.00,yes
2026-09-27T23:06:29.103634Z,0.0400,47.46,yes
2026-09-27T23:06:29.103634Z,0.0400,119.32,yes
2026-09-27T23:06:29.109346Z,0.0300,37.50,no
2026-09-27T23:06:29.141856Z,0.0400,16.86,yes
2026-09-27T23:06:29.218154Z,0.0400,63.01,yes
2026-09-27T23:06:29.299844Z,0.0400,93.76,yes
2026-09-27T23:06:29.415624Z,0.0300,105.07,no
2026-09-27T23:06:29.420819Z,0.0400,46.85,yes
2026-09-27T23:06:29.492654Z,0.0400,93.70,yes
2026-09-27T23:06:29.594195Z,0.0300,41.25,no
2026-09-27T23:06:29.794808Z,0.0400,23.42,yes
2026-09-27T23:06:29.822098Z,0.0400,23.42,yes
2026-09-27T23:06:29.92924Z,0.0400,468.51,yes
2026-09-27T23:06:30.055896Z,0.0400,117.12,yes
2026-09-27T23:06:30.349581Z,0.0400,56.25,yes
2026-09-27T23:06:30.393905Z,0.0400,117.12,yes
2026-09-27T23:06:30.406668Z,0.0400,585.50,yes
2026-09-27T23:06:30.646681Z,0.0400,1171.28,yes
2026-09-27T23:06:30.663838Z,0.0400,234.25,yes
2026-09-27T23:06:30.702071Z,0.0400,375.05,yes
2026-09-27T23:06:30.745686Z,0.0400,117.12,yes
2026-09-27T23:06:30.751373Z,0.0400,17.80,yes
2026-09-27T23:06:30.751373Z,0.0400,99.32,yes
2026-09-27T23:06:30.82384Z,0.0300,335.31,no
2026-09-27T23:06:30.885031Z,0.0300,67.68,no
2026-09-27T23:06:30.922809Z,0.0400,80.55,yes
2026-09-27T23:06:30.922809Z,0.0400,232.20,yes
2026-09-27T23:06:30.933132Z,0.0400,23.42,yes
2026-09-27T23:06:30.967886Z,0.0400,585.50,yes
2026-09-27T23:06:31.172682Z,0.0400,351.38,yes
2026-09-27T23:06:31.224323Z,0.0400,117.12,yes
2026-09-27T23:06:31.224395Z,0.0400,8.90,yes
2026-09-27T23:06:31.248048Z,0.0400,468.51,yes
2026-09-27T23:06:31.281278Z,0.0300,188.14,no
2026-09-27T23:06:31.411264Z,0.0300,93.76,no
2026-09-27T23:06:31.445461Z,0.0300,208.91,no
2026-09-27T23:06:31.487909Z,0.0400,117.12,yes
2026-09-27T23:06:31.512906Z,0.0400,70.27,yes
2026-09-27T23:06:31.601948Z,0.0400,23.42,yes
2026-09-27T23:06:32.205321Z,0.0400,46.85,yes
2026-09-27T23:06:32.240325Z,0.0300,33.19,no
2026-09-27T23:06:32.375771Z,0.0400,117.12,yes
2026-09-27T23:06:32.451961Z,0.0400,234.25,yes
2026-09-27T23:06:32.711064Z,0.0400,2.34,yes
2026-09-27T23:06:32.716913Z,0.0400,23.42,yes
2026-09-27T23:06:32.740627Z,0.0400,585.64,yes
2026-09-27T23:06:33.23898Z,0.0400,117.12,yes
2026-09-27T23:06:33.298255Z,0.0400,117.12,yes
2026-09-27T23:06:33.399784Z,0.0400,36.30,yes
2026-09-27T23:06:33.620785Z,0.0300,114.64,no
2026-09-27T23:06:33.756447Z,0.0400,187.52,yes
2026-09-27T23:06:33.801638Z,0.0400,11.71,yes
2026-09-27T23:06:33.95059Z,0.0400,117.12,yes
2026-09-27T23:06:34.088974Z,0.0300,498.07,no
2026-09-27T23:06:34.15778Z,0.0400,11.71,yes
2026-09-27T23:06:34.170787Z,0.0400,11.71,yes
2026-09-27T23:06:34.533833Z,0.0400,543.00,yes
2026-09-27T23:06:34.663197Z,0.0400,117.12,yes
2026-09-27T23:06:34.716153Z,0.0400,46.85,yes
2026-09-27T23:06:34.768107Z,0.0400,28.00,yes
2026-09-27T23:06:34.780657Z,0.0400,234.25,yes
2026-09-27T23:06:34.859752Z,0.0400,35.13,yes
2026-09-27T23:06:35.005266Z,0.0300,24.90,no
2026-09-27T23:06:35.3881Z,0.0400,56.25,yes
2026-09-27T23:06:35.506964Z,0.0400,23.42,yes
2026-09-27T23:06:35.773594Z,0.0400,23.42,yes
2026-09-27T23:06:35.841174Z,0.0400,426.44,yes
2026-09-27T23:06:35.841174Z,0.0400,744.84,yes
2026-09-27T23:06:35.905075Z,0.0400,23.42,yes
2026-09-27T23:06:35.912497Z,0.0400,351.38,yes
2026-09-27T23:06:35.965505Z,0.0300,101.05,no
2026-09-27T23:06:36.243495Z,0.0400,23.42,yes
2026-09-27T23:06:36.313878Z,0.0400,234.25,yes
2026-09-27T23:06:36.371589Z,0.0300,5.14,no
2026-09-27T23:06:36.516009Z,0.0400,117.12,yes
2026-09-27T23:06:36.655964Z,0.0400,0.10,yes
2026-09-27T23:06:36.655964Z,0.0400,5.00,yes
2026-09-27T23:06:36.655964Z,0.0400,36.90,yes
2026-09-27T23:06:36.70989Z,0.0400,13.58,yes
2026-09-27T23:06:36.771639Z,0.0400,0.23,yes
2026-09-27T23:06:36.865939Z,0.0400,60.43,yes
2026-09-27T23:06:36.98166Z,0.0400,7.96,yes
2026-09-27T23:06:37.113437Z,0.0400,5.95,yes
2026-09-27T23:06:37.113437Z,0.0400,10.00,yes
2026-09-27T23:06:37.113437Z,0.0400,30.90,yes
2026-09-27T23:06:37.198009Z,0.0400,117.12,yes
2026-09-27T23:06:37.250489Z,0.0300,1111.10,no
2026-09-27T23:06:37.273868Z,0.0400,11.71,yes
2026-09-27T23:06:37.566648Z,0.0400,148.75,yes
2026-09-27T23:06:37.599102Z,0.0400,142.00,yes
2026-09-27T23:06:37.605996Z,0.0400,140.55,yes
2026-09-27T23:06:37.640041Z,0.0400,18.00,yes
2026-09-27T23:06:37.977227Z,0.0300,58.71,no
2026-09-27T23:06:38.09621Z,0.0400,117.12,yes
2026-09-27T23:06:38.190985Z,0.0400,117.12,yes
2026-09-27T23:06:38.329655Z,0.0400,23.42,yes
2026-09-27T23:06:38.367779Z,0.0300,2812.93,no
2026-09-27T23:06:38.532203Z,0.0400,11712.89,yes
2026-09-27T23:06:38.884853Z,0.0400,93.70,yes
2026-09-27T23:06:39.042645Z,0.0300,400.01,no
2026-09-27T23:06:39.118687Z,0.0400,246.20,yes
2026-09-27T23:06:39.155663Z,0.0400,93.76,yes
2026-09-27T23:06:39.274544Z,0.0400,11.71,yes
2026-09-27T23:06:39.467444Z,0.0400,15.00,yes
2026-09-27T23:06:39.467444Z,0.0400,1.00,yes
2026-09-27T23:06:39.467444Z,0.0400,3.00,yes
2026-09-27T23:06:39.467444Z,0.0400,150.00,yes
2026-09-27T23:06:39.467444Z,0.0400,20.00,yes
2026-09-27T23:06:39.467444Z,0.0400,2.00,yes
2026-09-27T23:06:39.467444Z,0.0400,0.10,yes
2026-09-27T23:06:39.467444Z,0.0400,1.00,yes
2026-09-27T23:06:39.467444Z,0.0400,1.00,yes
2026-09-27T23:06:39.467444Z,0.0400,5.00,yes
2026-09-27T23:06:39.484141Z,0.0400,323.25,no
2026-09-27T23:06:40.592962Z,0.0500,11.75,yes
2026-09-27T23:06:40.592962Z,0.0500,1.00,yes
2026-09-27T23:06:40.592962Z,0.0500,4.00,yes
2026-09-27T23:06:40.592962Z,0.0500,2.00,yes
2026-09-27T23:06:40.93071Z,0.0400,6.30,no
2026-09-27T23:06:40.931121Z,0.0500,281.29,yes
2026-09-27T23:06:40.946954Z,0.0500,18.75,yes
2026-09-27T23:06:41.316458Z,0.0500,18.75,yes
2026-09-27T23:06:41.743414Z,0.0500,281.29,yes
2026-09-27T23:06:41.773905Z,0.0500,8.06,yes
2026-09-27T23:06:41.867422Z,0.0500,375.05,yes
2026-09-27T23:06:41.901692Z,0.0400,75.25,no
2026-09-27T23:06:41.913841Z,0.0500,18.75,yes
2026-09-27T23:06:42.276319Z,0.0400,141.11,no
2026-09-27T23:06:42.485604Z,0.0500,93.76,yes
2026-09-27T23:06:42.502172Z,0.0500,9.37,yes
2026-09-27T23:06:42.667725Z,0.0500,56.25,yes
2026-09-27T23:06:43.171794Z,0.0500,3.75,yes
2026-09-27T23:06:43.200346Z,0.0500,93.76,yes
2026-09-27T23:06:43.396941Z,0.0400,2.78,no
2026-09-27T23:06:43.600777Z,0.0500,3729.42,yes
2026-09-27T23:06:43.600777Z,0.0500,5000.00,yes
2026-09-27T23:06:43.600777Z,0.0500,91.00,yes
2026-09-27T23:06:43.600777Z,0.0500,1.00,yes
2026-09-27T23:06:43.600777Z,0.0500,2265.48,yes
2026-09-27T23:06:43.600777Z,0.0500,2.00,yes
2026-09-27T23:06:43.600777Z,0.0500,17.00,yes
2026-09-27T23:06:43.600777Z,0.0500,0.10,yes
2026-09-27T23:06:43.600777Z,0.0500,5.00,yes
2026-09-27T23:06:43.632702Z,0.0500,375.05,yes
2026-09-27T23:06:43.851855Z,0.0500,25.00,yes
2026-09-27T23:06:43.925972Z,0.0500,56.25,yes
2026-09-27T23:06:43.986413Z,0.0500,19.69,yes
2026-09-27T23:06:44.327595Z,0.0400,5.55,no
2026-09-27T23:06:44.474889Z,0.0500,93.76,yes
2026-09-27T23:06:45.022228Z,0.0500,93.76,yes
2026-09-27T23:06:45.04156Z,0.0400,396.93,no
2026-09-27T23:06:45.055334Z,0.0500,375.05,yes
2026-09-27T23:06:45.075979Z,0.0500,97.70,yes
2026-09-27T23:06:45.255305Z,0.0500,187.52,yes
2026-09-27T23:06:45.308687Z,0.0500,18.75,yes
2026-09-27T23:06:45.334966Z,0.0400,498.07,no
2026-09-27T23:06:45.444992Z,0.0500,62.00,yes
2026-09-27T23:06:45.606124Z,0.0500,37.50,yes
2026-09-27T23:06:46.030519Z,0.0500,150.02,yes
2026-09-27T23:06:46.552241Z,0.0500,93.76,yes
2026-09-27T23:06:46.608414Z,0.0400,254.71,no
2026-09-27T23:06:46.680435Z,0.0500,281.29,yes
2026-09-27T23:06:46.761383Z,0.0400,376.29,no
2026-09-27T23:06:46.80806Z,0.0400,54.23,no
2026-09-27T23:06:47.179098Z,0.0400,21.91,no
2026-09-27T23:06:47.194054Z,0.0400,15.98,no
2026-09-27T23:06:47.402063Z,0.0500,75.01,yes
2026-09-27T23:06:47.460306Z,0.0500,60.38,yes
2026-09-27T23:06:47.508752Z,0.0500,93.76,yes
2026-09-27T23:06:47.623458Z,0.0500,93.76,yes
2026-09-27T23:06:47.832964Z,0.0400,63.93,no
2026-09-27T23:06:47.958165Z,0.0500,125.00,yes
2026-09-27T23:06:48.119301Z,0.0500,93.76,yes
2026-09-27T23:06:48.143985Z,0.0500,4.31,yes
2026-09-27T23:06:48.350837Z,0.0400,20.93,no
2026-09-27T23:06:48.355521Z,0.0400,112.51,no
2026-09-27T23:06:48.53356Z,0.0500,4.68,yes
2026-09-27T23:06:48.679248Z,0.0500,18.75,yes
2026-09-27T23:06:48.785719Z,0.0500,109.14,yes
2026-09-27T23:06:48.874392Z,0.0400,273.09,no
2026-09-27T23:06:48.874795Z,0.0400,58.71,no
2026-09-27T23:06:48.909618Z,0.0400,228.28,no
2026-09-27T23:06:49.30409Z,0.0500,203.46,yes
2026-09-27T23:06:50.261913Z,0.0400,17.11,no
2026-09-27T23:06:50.291267Z,0.0500,37.50,yes
2026-09-27T23:06:50.3341Z,0.0500,18.75,yes
2026-09-27T23:06:50.514632Z,0.0400,1018.35,no
2026-09-27T23:06:50.516871Z,0.0500,37.50,yes
2026-09-27T23:06:50.604482Z,0.0500,112.51,yes
2026-09-27T23:06:50.622268Z,0.0500,937.64,yes
2026-09-27T23:06:50.746356Z,0.0500,187.52,yes
2026-09-27T23:06:50.797241Z,0.0500,18.75,yes
2026-09-27T23:06:50.988643Z,0.0500,18.75,yes
2026-09-27T23:06:51.152121Z,0.0500,468.82,yes
2026-09-27T23:06:51.223392Z,0.0500,47.44,yes
2026-09-27T23:06:51.228626Z,0.0500,3750.58,yes
2026-09-27T23:06:51.524989Z,0.0500,18.75,yes
2026-09-27T23:06:51.661819Z,0.0500,37.50,yes
2026-09-27T23:06:51.693164Z,0.0400,632.65,no
2026-09-27T23:06:51.720591Z,0.0500,37.50,yes
2026-09-27T23:06:51.917603Z,0.0500,375.05,yes
2026-09-27T23:06:52.030588Z,0.0500,187.52,yes
2026-09-27T23:06:52.273351Z,0.0400,564.44,no
2026-09-27T23:06:52.281026Z,0.0500,93.76,yes
2026-09-27T23:06:52.490705Z,0.0500,276.60,yes
2026-09-27T23:06:52.695475Z,0.0400,36.25,no
2026-09-27T23:06:52.837925Z,0.0500,18.75,yes
2026-09-27T23:06:52.858295Z,0.0400,149.99,no
2026-09-27T23:06:53.104393Z,0.0500,18.75,yes
2026-09-27T23:06:53.193932Z,0.0500,375.05,yes
2026-09-27T23:06:53.505015Z,0.0500,187.52,yes
2026-09-27T23:06:53.58295Z,0.0500,56.25,yes
2026-09-27T23:06:53.589577Z,0.0400,1.03,no
2026-09-27T23:06:53.698656Z,0.0500,93.76,yes
2026-09-27T23:06:53.72033Z,0.0500,937.64,yes
2026-09-27T23:06:53.766112Z,0.0500,142.71,yes
2026-09-27T23:06:54.259821Z,0.0500,187.52,yes
2026-09-27T23:06:54.345613Z,0.0500,21.00,yes
2026-09-27T23:06:54.494182Z,0.0500,937.64,yes
2026-09-27T23:06:54.721234Z,0.0400,1000.00,no
2026-09-27T23:06:54.889378Z,0.0500,93.76,yes
2026-09-27T23:06:54.889678Z,0.0500,34.90,yes
2026-09-27T23:06:54.889678Z,0.0500,152.62,yes
2026-09-27T23:06:55.012998Z,0.0400,39.24,no
2026-09-27T23:06:55.152786Z,0.0500,93.76,yes
2026-09-27T23:06:55.46037Z,0.0400,74.71,no
2026-09-27T23:06:55.467649Z,0.0500,18.75,yes
2026-09-27T23:06:55.590509Z,0.0500,18.75,yes
2026-09-27T23:06:55.659391Z,0.0500,9.37,yes
2026-09-27T23:06:55.910134Z,0.0500,67.32,yes
2026-09-27T23:06:55.922637Z,0.0400,375.30,no
2026-09-27T23:06:56.061527Z,0.0500,187.52,yes
2026-09-27T23:06:56.200104Z,0.0500,106.89,yes
2026-09-27T23:06:56.230079Z,0.0500,93.76,yes
2026-09-27T23:06:56.236743Z,0.0500,93.76,yes
2026-09-27T23:06:56.264327Z,0.0500,93.76,yes
2026-09-27T23:06:56.292816Z,0.0500,18.60,yes
2026-09-27T23:06:56.297469Z,0.0500,18.75,yes
2026-09-27T23:06:56.359508Z,0.0500,468.63,yes
2026-09-27T23:06:56.529624Z,0.0500,7.31,yes
2026-09-27T23:06:56.693431Z,0.0500,93.76,yes
2026-09-27T23:06:56.693431Z,0.0500,281.29,yes
2026-09-27T23:06:56.713352Z,0.0400,82.50,no
2026-09-27T23:06:56.812324Z,0.0400,412.54,no
2026-09-27T23:06:56.992941Z,0.0500,281.29,yes
2026-09-27T23:06:57.066246Z,0.0500,56.25,yes
2026-09-27T23:06:57.139407Z,0.0500,46.88,yes
2026-09-27T23:06:57.139629Z,0.0500,375.05,yes
2026-09-27T23:06:57.315894Z,0.0500,47.00,yes
2026-09-27T23:06:57.442824Z,0.0400,47.03,no
2026-09-27T23:06:57.66237Z,0.0500,14.00,yes
2026-09-27T23:06:57.688208Z,0.0500,7.50,yes
2026-09-27T23:06:57.75212Z,0.0400,62.92,no
2026-09-27T23:06:57.823475Z,0.0500,142.00,yes
2026-09-27T23:06:58.182429Z,0.0500,187.52,yes
2026-09-27T23:06:58.302856Z,0.0500,37.50,yes
2026-09-27T23:06:58.538975Z,0.0400,1078.83,no
2026-09-27T23:06:58.549371Z,0.0500,187.52,yes
2026-09-27T23:06:58.97244Z,0.0500,1875.29,yes
2026-09-27T23:06:58.999888Z,0.0500,55.13,yes
2026-09-27T23:06:59.080765Z,0.0500,168.77,yes
2026-09-27T23:06:59.269979Z,0.0500,18.75,yes
2026-09-27T23:06:59.528823Z,0.0400,257.03,no
2026-09-27T23:06:59.543359Z,0.0500,450.07,yes
2026-09-27T23:06:59.861434Z,0.0400,67.06,no
2026-09-27T23:07:00.089458Z,0.0500,51.38,yes
2026-09-27T23:07:00.168563Z,0.0400,5.90,no
2026-09-27T23:07:00.278118Z,0.0500,93.76,yes
2026-09-27T23:07:00.344605Z,0.0500,93.76,yes
2026-09-27T23:07:00.484497Z,0.0500,187.52,yes
2026-09-27T23:07:00.486871Z,0.0500,93.76,yes
2026-09-27T23:07:00.709825Z,0.0400,62.92,no
2026-09-27T23:07:00.738168Z,0.0500,187.52,yes
2026-09-27T23:07:01.13323Z,0.0400,47.03,no
2026-09-27T23:07:01.295542Z,0.0500,187.52,yes
2026-09-27T23:07:01.351663Z,0.0400,64.08,no
2026-09-27T23:07:01.823571Z,0.0500,187.52,yes
2026-09-27T23:07:02.006784Z,0.0500,375.05,yes
2026-09-27T23:07:02.041982Z,0.0500,375.05,yes
2026-09-27T23:07:02.093916Z,0.0500,187.52,yes
2026-09-27T23:07:02.152773Z,0.0500,112.51,yes
2026-09-27T23:07:02.187513Z,0.0500,9.37,yes
2026-09-27T23:07:02.208918Z,0.0500,468.82,yes
2026-09-27T23:07:02.368596Z,0.0400,282.83,no
2026-09-27T23:07:02.477645Z,0.0500,468.82,yes
2026-09-27T23:07:02.533606Z,0.0400,176.15,no
2026-09-27T23:07:02.568847Z,0.0400,40.23,no
2026-09-27T23:07:02.658758Z,0.0500,93.76,yes
2026-09-27T23:07:02.901268Z,0.0500,93.76,yes
2026-09-27T23:07:03.111148Z,0.0500,18.75,yes
2026-09-27T23:07:03.313009Z,0.0500,637.59,yes
2026-09-27T23:07:03.462886Z,0.0500,5625.80,yes
2026-09-27T23:07:03.496515Z,0.0500,93.76,yes
2026-09-27T23:07:03.606886Z,0.0500,10.50,yes
2026-09-27T23:07:03.608836Z,0.0500,37.50,yes
2026-09-27T23:07:03.757287Z,0.0500,18.75,yes
2026-09-27T23:07:03.843354Z,0.0400,62.92,no
2026-09-27T23:07:03.867615Z,0.0500,1406.46,yes
2026-09-27T23:07:03.908806Z,0.0500,187.52,yes
2026-09-27T23:07:04.019446Z,0.0400,34.23,no
2026-09-27T23:07:04.068135Z,0.0500,187.71,yes
2026-09-27T23:07:04.235403Z,0.0500,187.52,yes
2026-09-27T23:07:04.247056Z,0.0500,93.76,yes
2026-09-27T23:07:04.551502Z,0.0500,187.52,yes
2026-09-27T23:07:04.827953Z,0.0500,187.52,yes
2026-09-27T23:07:05.072801Z,0.0500,9.37,yes
2026-09-27T23:07:05.404781Z,0.0500,187.52,yes
2026-09-27T23:07:05.439888Z,0.0500,65.63,yes
2026-09-27T23:07:05.629367Z,0.0500,37.50,yes
2026-09-27T23:07:05.672701Z,0.0400,1000.00,no
2026-09-27T23:07:05.829539Z,0.0500,93.76,yes
2026-09-27T23:07:06.086973Z,0.0500,281.29,yes
2026-09-27T23:07:06.134257Z,0.0500,71.28,yes
2026-09-27T23:07:06.26254Z,0.0500,93.76,yes
2026-09-27T23:07:06.463414Z,0.0500,714.14,yes
2026-09-27T23:07:06.510588Z,0.0500,450.00,yes
2026-09-27T23:07:06.6674Z,0.0500,187.52,yes
2026-09-27T23:07:07.214197Z,0.0500,187.52,yes
2026-09-27T23:07:07.432148Z,0.0500,18.75,yes
2026-09-27T23:07:07.650274Z,0.0500,25.00,yes
2026-09-27T23:07:07.843742Z,0.0500,375.05,yes
2026-09-27T23:07:07.916991Z,0.0500,206.28,yes
2026-09-27T23:07:08.073128Z,0.0500,71.00,yes
2026-09-27T23:07:08.18319Z,0.0400,59.02,no
2026-09-27T23:07:08.209362Z,0.0500,187.52,yes
2026-09-27T23:07:08.323487Z,0.0500,37.50,yes
2026-09-27T23:07:08.344558Z,0.0500,18.75,yes
2026-09-27T23:07:08.475695Z,0.0500,2.06,yes
2026-09-27T23:07:08.883244Z,0.0500,93.76,yes
2026-09-27T23:07:09.282566Z,0.0500,281.29,yes
2026-09-27T23:07:09.869456Z,0.0500,16.87,yes
2026-09-27T23:07:09.971141Z,0.0500,187.52,yes
2026-09-27T23:07:10.0134Z,0.0500,187.52,yes
2026-09-27T23:07:10.118756Z,0.0500,93.76,yes
2026-09-27T23:07:10.129372Z,0.0500,37.50,yes
2026-09-27T23:07:10.212054Z,0.0500,37.00,yes
2026-09-27T23:07:10.400305Z,0.0500,100.00,yes
2026-09-27T23:07:10.49557Z,0.0500,375.05,yes
2026-09-27T23:07:10.83375Z,0.0500,187.52,yes
2026-09-27T23:07:10.842814Z,0.0500,93.76,yes
2026-09-27T23:07:10.890876Z,0.0400,11.13,no
2026-09-27T23:07:10.898446Z,0.0500,187.52,yes
2026-09-27T23:07:10.906679Z,0.0500,62.00,yes
2026-09-27T23:07:10.969729Z,0.0500,89.45,yes
2026-09-27T23:07:11.004683Z,0.0400,147.57,no
2026-09-27T23:07:11.154491Z,0.0500,18.75,yes
2026-09-27T23:07:11.313667Z,0.0500,281.29,yes
2026-09-27T23:07:11.490646Z,0.0400,1.00,no
2026-09-27T23:07:11.490646Z,0.0400,0.10,no
2026-09-27T23:07:11.490646Z,0.0400,24543.15,no
2026-09-27T23:07:11.490646Z,0.0400,10.00,no
2026-09-27T23:07:11.490646Z,0.0400,1992.81,no
2026-09-27T23:07:11.490646Z,0.0400,23452.94,no
2026-09-27T23:07:11.599165Z,0.0500,18.75,yes
2026-09-27T23:07:11.759045Z,0.0400,85.56,no
2026-09-27T23:07:11.976595Z,0.0400,93.76,no
2026-09-27T23:07:12.040989Z,0.0400,36.25,no
2026-09-27T23:07:12.375997Z,0.0500,225.03,yes
2026-09-27T23:07:12.430492Z,0.0500,93.76,yes
2026-09-27T23:07:12.439916Z,0.0500,187.52,yes
2026-09-27T23:07:12.443984Z,0.0400,67.06,no
2026-09-27T23:07:12.468386Z,0.0400,94.07,no
2026-09-27T23:07:12.812407Z,0.0500,71.28,yes
2026-09-27T23:07:13.123657Z,0.0500,281.29,yes
2026-09-27T23:07:13.225114Z,0.0400,3.77,no
2026-09-27T23:07:13.243147Z,0.0500,71.00,yes
2026-09-27T23:07:13.266981Z,0.0500,93.76,yes
2026-09-27T23:07:13.296376Z,0.0500,17.81,yes
2026-09-27T23:07:13.640465Z,0.0500,0.71,yes
2026-09-27T23:07:13.781009Z,0.0500,18.75,yes
2026-09-27T23:07:13.901289Z,0.0500,75.01,yes
2026-09-27T23:07:14.581716Z,0.0400,461.40,no
2026-09-27T23:07:14.656337Z,0.0500,93.76,yes
2026-09-27T23:07:14.737051Z,0.0500,187.52,yes
2026-09-27T23:07:14.740216Z,0.0500,468.82,yes
2026-09-27T23:07:14.918694Z,0.0500,9376.46,yes
2026-09-27T23:07:14.967223Z,0.0500,39.19,yes
2026-09-27T23:07:15.081157Z,0.0500,112.51,yes
2026-09-27T23:07:15.39764Z,0.0500,18.75,yes
2026-09-27T23:07:15.448185Z,0.0500,14.00,yes
2026-09-27T23:07:15.532375Z,0.0500,37.50,yes
2026-09-27T23:07:15.544266Z,0.0500,6.18,yes
2026-09-27T23:07:15.730928Z,0.0400,27.79,no
2026-09-27T23:07:15.860823Z,0.0500,7.00,yes
2026-09-27T23:07:15.860823Z,0.0500,297.22,yes
2026-09-27T23:07:15.860823Z,0.0500,600.00,yes
2026-09-27T23:07:15.860823Z,0.0500,33.42,yes
2026-09-27T23:07:15.93615Z,0.0500,93.76,yes
2026-09-27T23:07:16.300728Z,0.0500,31.87,yes
2026-09-27T23:07:16.377737Z,0.0500,187.52,yes
2026-09-27T23:07:16.404739Z,0.0400,21.05,no
2026-09-27T23:07:16.528246Z,0.0400,536.31,no
2026-09-27T23:07:16.605913Z,0.0500,93.76,yes
2026-09-27T23:07:16.684556Z,0.0400,18.75,no
2026-09-27T23:07:16.976707Z,0.0500,93.76,yes
2026-09-27T23:07:17.002588Z,0.0500,18.75,yes
2026-09-27T23:07:17.143394Z,0.0500,187.52,yes
2026-09-27T23:07:17.237949Z,0.0400,63.01,no
2026-09-27T23:07:17.269834Z,0.0500,56.25,yes
2026-09-27T23:07:17.315477Z,0.0500,93.76,yes
2026-09-27T23:07:17.31751Z,0.0500,18.75,yes
2026-09-27T23:07:17.393914Z,0.0400,25.00,no
2026-09-27T23:07:17.447386Z,0.0500,4.00,yes
2026-09-27T23:07:17.622321Z,0.0500,142.71,yes
2026-09-27T23:07:17.663483Z,0.0400,7.53,no
2026-09-27T23:07:17.712209Z,0.0400,168.77,no
2026-09-27T23:07:17.882581Z,0.0500,712.61,yes
2026-09-27T23:07:18.238207Z,0.0400,1491.83,no
2026-09-27T23:07:18.238207Z,0.0400,500.00,no
2026-09-27T23:07:18.238207Z,0.0400,500.00,no
2026-09-27T23:07:18.238207Z,0.0400,22508.17,no
2026-09-27T23:07:18.262702Z,0.0500,18.75,yes
2026-09-27T23:07:18.272838Z,0.0500,93.76,yes
2026-09-27T23:07:18.474212Z,0.0400,56.25,no
2026-09-27T23:07:18.58032Z,0.0500,28.12,yes
2026-09-27T23:07:18.673407Z,0.0400,5005.65,no
2026-09-27T23:07:18.89432Z,0.0500,131.27,yes
2026-09-27T23:07:18.929124Z,0.0400,72.65,no
2026-09-27T23:07:19.343503Z,0.0500,18.75,yes
2026-09-27T23:07:19.593612Z,0.0500,937.64,yes
2026-09-27T23:07:19.66233Z,0.0500,37.50,yes
2026-09-27T23:07:19.66958Z,0.0500,93.76,yes
2026-09-27T23:07:19.758765Z,0.0500,56.25,yes
2026-09-27T23:07:19.959536Z,0.0500,56.25,yes
2026-09-27T23:07:20.156306Z,0.0500,187.52,yes
2026-09-27T23:07:20.634591Z,0.0400,429.37,no
2026-09-27T23:07:20.787851Z,0.0500,15.56,yes
2026-09-27T23:07:20.940971Z,0.0500,375.05,yes
2026-09-27T23:07:21.106502Z,0.0500,187.52,yes
2026-09-27T23:07:21.238314Z,0.0400,235.18,no
2026-09-27T23:07:21.431981Z,0.0500,18.75,yes
2026-09-27T23:07:21.450716Z,0.0500,4.87,yes
2026-09-27T23:07:21.472663Z,0.0500,468.82,yes
2026-09-27T23:07:21.768696Z,0.0500,375.05,yes
2026-09-27T23:07:22.072818Z,0.0400,14206.73,no
2026-09-27T23:07:22.072818Z,0.0400,10.00,no
2026-09-27T23:07:22.072818Z,0.0400,0.10,no
2026-09-27T23:07:22.072818Z,0.0400,8551.00,no
2026-09-27T23:07:22.072818Z,0.0400,1900.00,no
2026-09-27T23:07:22.072818Z,0.0400,8551.00,no
2026-09-27T23:07:22.072818Z,0.0400,1260.07,no
2026-09-27T23:07:22.072818Z,0.0400,1667.00,no
2026-09-27T23:07:22.072818Z,0.0400,8551.00,no
2026-09-27T23:07:22.072818Z,0.0400,5.00,no
2026-09-27T23:07:22.381745Z,0.0400,53.07,yes
2026-09-27T23:07:22.502586Z,0.0400,37.50,yes
2026-09-27T23:07:22.726843Z,0.0400,15.00,yes
2026-09-27T23:07:23.376627Z,0.0400,375.05,yes
2026-09-27T23:07:23.397721Z,0.0400,234.25,yes
2026-09-27T23:07:23.47573Z,0.0400,93.76,yes
2026-09-27T23:07:23.609094Z,0.0300,9.24,no
2026-09-27T23:07:23.609094Z,0.0300,50.00,no
2026-09-27T23:07:23.609094Z,0.0300,0.10,no
2026-09-27T23:07:23.646611Z,0.0400,46.85,yes
2026-09-27T23:07:23.694139Z,0.0400,23.42,yes
2026-09-27T23:07:24.365736Z,0.0300,86.31,no
2026-09-27T23:07:24.365736Z,0.0300,555.00,no
2026-09-27T23:07:24.365736Z,0.0300,83.00,no
2026-09-27T23:07:24.365736Z,0.0300,0.76,no
2026-09-27T23:07:24.375536Z,0.0400,37.50,yes
2026-09-27T23:07:24.423079Z,0.0400,140.55,yes
2026-09-27T23:07:24.499693Z,0.0400,70.27,yes
2026-09-27T23:07:24.628657Z,0.0400,117.12,yes
2026-09-27T23:07:25.013834Z,0.0300,12.58,no
2026-09-27T23:07:25.18333Z,0.0400,117.12,yes
2026-09-27T23:07:25.250863Z,0.0400,1.00,yes
2026-09-27T23:07:25.418831Z,0.0300,104.87,no
2026-09-27T23:07:25.658213Z,0.0400,1042.00,yes
2026-09-27T23:07:26.037804Z,0.0300,935.19,no
2026-09-27T23:07:26.237471Z,0.0400,117.12,yes
2026-09-27T23:07:26.251703Z,0.0300,31.46,no
2026-09-27T23:07:26.507007Z,0.0400,71.00,yes
2026-09-27T23:07:26.656179Z,0.0400,937.03,yes
2026-09-27T23:07:26.823968Z,0.0400,46.85,yes
2026-09-27T23:07:26.837345Z,0.0400,23.42,yes
2026-09-27T23:07:27.021507Z,0.0400,585.64,yes
2026-09-27T23:07:27.265392Z,0.0300,246.52,no
2026-09-27T23:07:27.37201Z,0.0400,585.64,yes
2026-09-27T23:07:27.417928Z,0.0400,70.27,yes
2026-09-27T23:07:27.537813Z,0.0400,93.76,yes
2026-09-27T23:07:27.601423Z,0.0300,188.14,no
2026-09-27T23:07:27.773269Z,0.0400,54.57,yes
2026-09-27T23:07:27.962712Z,0.0400,23.25,yes
2026-09-27T23:07:28.22825Z,0.0300,122.26,no
2026-09-27T23:07:28.329572Z,0.0400,187.52,yes
2026-09-27T23:07:28.368698Z,0.0400,46.75,yes
2026-09-27T23:07:28.390525Z,0.0400,17.96,yes
2026-09-27T23:07:28.390525Z,0.0400,50.82,yes
2026-09-27T23:07:28.390525Z,0.0400,48.34,yes
2026-09-27T23:07:28.842259Z,0.0400,117.12,yes
2026-09-27T23:07:28.998102Z,0.0400,23.42,yes
2026-09-27T23:07:29.142221Z,0.0400,187.52,yes
2026-09-27T23:07:29.300824Z,0.0400,107.75,yes
2026-09-27T23:07:29.484262Z,0.0300,72.00,no
2026-09-27T23:07:30.059273Z,0.0300,9.40,no
2026-09-27T23:07:30.191657Z,0.0400,117.12,yes
2026-09-27T23:07:30.191925Z,0.0400,23.42,yes
2026-09-27T23:07:30.197138Z,0.0300,261.40,no
2026-09-27T23:07:30.673158Z,0.0100,2000.00,no
2026-09-27T23:07:30.673158Z,0.0100,10800.00,no
2026-09-27T23:07:30.673158Z,0.0300,10.00,no
2026-09-27T23:07:30.673158Z,0.0300,5.00,no
2026-09-27T23:07:30.673158Z,0.0300,400.00,no
2026-09-27T23:07:30.673158Z,0.0300,100.00,no
2026-09-27T23:07:30.673158Z,0.0300,1000.00,no
2026-09-27T23:07:30.673158Z,0.0300,20000.00,no
2026-09-27T23:07:30.673158Z,0.0300,50.00,no
2026-09-27T23:07:30.673158Z,0.0300,45958.57,no
2026-09-27T23:07:30.673158Z,0.0200,461.53,no
2026-09-27T23:07:30.673158Z,0.0300,0.10,no
2026-09-27T23:07:30.673158Z,0.0300,235.50,no
2026-09-27T23:07:30.673158Z,0.0300,500.00,no
2026-09-27T23:07:30.673158Z,0.0300,1500.00,no
2026-09-27T23:07:30.673158Z,0.0100,42048.70,no
2026-09-27T23:07:30.673158Z,0.0200,6497.00,no
2026-09-27T23:07:30.673158Z,0.0200,1850.00,no
2026-09-27T23:07:30.673158Z,0.0300,8551.00,no
2026-09-27T23:07:30.673158Z,0.0300,8551.00,no
2026-09-27T23:07:30.673158Z,0.0300,500.00,no
2026-09-27T23:07:30.673158Z,0.0200,5.00,no
2026-09-27T23:07:30.673158Z,0.0200,17.00,no
2026-09-27T23:07:30.673158Z,0.0300,41057.67,no
2026-09-27T23:07:30.673158Z,0.0200,43127.80,no
2026-09-27T23:07:30.673158Z,0.0300,115.00,no
2026-09-27T23:07:30.673158Z,0.0100,5.00,no
2026-09-27T23:07:30.673158Z,0.0100,7.00,no
2026-09-27T23:07:30.673158Z,0.0100,177.00,no
2026-09-27T23:07:30.673158Z,0.0100,38.00,no
2026-09-27T23:07:30.673158Z,0.0100,41.00,no
2026-09-27T23:07:30.673158Z,0.0100,26.00,no
2026-09-27T23:07:30.673158Z,0.0200,19.00,no
2026-09-27T23:07:30.673158Z,0.0200,10.00,no
2026-09-27T23:07:30.673158Z,0.0200,9.00,no
2026-09-27T23:07:30.673158Z,0.0200,55.48,no
2026-09-27T23:07:30.673158Z,0.0200,5.00,no
2026-09-27T23:07:30.673158Z,0.0100,187.00,no
2026-09-27T23:07:30.673158Z,0.0100,10.00,no
2026-09-27T23:07:30.673158Z,0.0200,7.00,no
2026-09-27T23:07:30.673158Z,0.0200,5.00,no
2026-09-27T23:07:30.673158Z,0.0200,0.10,no
2026-09-27T23:07:30.673158Z,0.0200,1.00,no
2026-09-27T23:07:30.678161Z,0.0400,835.65,yes
2026-09-27T23:07:30.679497Z,0.0200,5.00,no
2026-09-27T23:07:30.679497Z,0.0300,150.00,no
2026-09-27T23:07:30.688762Z,0.0200,20.00,yes
2026-09-27T23:07:30.68884Z,0.0100,0.10,no
2026-09-27T23:07:30.68884Z,0.0100,37.65,no
2026-09-27T23:07:30.692412Z,0.0200,10625.00,yes
2026-09-27T23:07:30.692412Z,0.0200,5.00,yes
2026-09-27T23:07:30.692412Z,0.0200,1.00,yes
2026-09-27T23:07:30.699812Z,0.0200,150.00,yes
2026-09-27T23:07:30.700731Z,0.0300,1.00,yes
2026-09-27T23:07:30.704499Z,0.0200,850.00,no
2026-09-27T23:07:30.715095Z,0.0200,1150.00,yes
2026-09-27T23:07:30.715524Z,0.0300,20.00,yes
2026-09-27T23:07:30.720915Z,0.0400,5821.16,yes
2026-09-27T23:07:30.720915Z,0.0300,30.00,yes
2026-09-27T23:07:30.720915Z,0.0300,75.84,yes
2026-09-27T23:07:30.726927Z,0.0400,10650.00,yes
2026-09-27T23:07:30.740852Z,0.0400,4718.00,yes
2026-09-27T23:07:30.775747Z,0.0400,8.00,yes
2026-09-27T23:07:30.775747Z,0.0300,4.00,yes
2026-09-27T23:07:30.775747Z,0.0300,10.00,yes
2026-09-27T23:07:30.79703Z,0.0400,375.05,yes
2026-09-27T23:07:30.810276Z,0.0400,600.00,yes
2026-09-27T23:07:31.030131Z,0.0200,1548.13,no
2026-09-27T23:07:31.030131Z,0.0200,239.00,no
2026-09-27T23:07:31.030131Z,0.0200,104.00,no
2026-09-27T23:07:31.030131Z,0.0200,5.00,no
2026-09-27T23:07:31.030131Z,0.0300,150.00,no
2026-09-27T23:07:31.030131Z,0.0300,1100.00,no
2026-09-27T23:07:31.164219Z,0.0300,76.00,no
2026-09-27T23:07:31.228563Z,0.0400,23.42,yes
2026-09-27T23:07:31.51356Z,0.0300,8.50,no
2026-09-27T23:07:31.51356Z,0.0300,74.00,no
2026-09-27T23:07:31.542767Z,0.0400,23.42,yes
2026-09-27T23:07:31.739787Z,0.0400,234.25,yes
2026-09-27T23:07:31.837734Z,0.0400,23.42,yes
2026-09-27T23:07:31.868187Z,0.0300,5.00,no
2026-09-27T23:07:32.112015Z,0.0300,93.76,no
2026-09-27T23:07:32.404063Z,0.0300,0.10,no
2026-09-27T23:07:32.404063Z,0.0200,98.42,no
2026-09-27T23:07:32.404063Z,0.0300,100.00,no
2026-09-27T23:07:32.427777Z,0.0200,47.03,no
2026-09-27T23:07:33.040582Z,0.0400,37.50,yes
2026-09-27T23:07:33.360335Z,0.0200,104.00,no
2026-09-27T23:07:33.360335Z,0.0200,197.00,no
2026-09-27T23:07:33.360335Z,0.0200,19.00,no
2026-09-27T23:07:33.360335Z,0.0300,150.00,no
2026-09-27T23:07:33.360335Z,0.0200,33.38,no
2026-09-27T23:07:33.499594Z,0.0400,70.27,yes
2026-09-27T23:07:33.591493Z,0.0300,36.97,no
2026-09-27T23:07:33.61092Z,0.0400,93.76,yes
2026-09-27T23:07:33.693652Z,0.0400,1142.00,yes
2026-09-27T23:07:33.731133Z,0.0300,500.00,no
2026-09-27T23:07:33.731133Z,0.0300,113.03,no
2026-09-27T23:07:34.112631Z,0.0200,79.83,no
2026-09-27T23:07:34.332935Z,0.0200,75.25,no
2026-09-27T23:07:34.513673Z,0.0200,18.81,no
2026-09-27T23:07:34.541712Z,0.0300,28.00,yes
2026-09-27T23:07:34.789282Z,0.0200,82.50,no
2026-09-27T23:07:34.806429Z,0.0200,312.75,no
2026-09-27T23:07:35.105864Z,0.0200,5.31,no
2026-09-27T23:07:35.146601Z,0.0200,301.87,no
2026-09-27T23:07:35.429337Z,0.0200,208.91,no
2026-09-27T23:07:37.285293Z,0.0300,312.13,yes
2026-09-27T23:07:37.430667Z,0.0300,11.80,yes
2026-09-27T23:07:37.647269Z,0.0300,158.31,yes
2026-09-27T23:07:37.647269Z,0.0300,35.04,yes
2026-09-27T23:07:37.647269Z,0.0300,150.00,yes
2026-09-27T23:07:38.0455Z,0.0300,31.21,yes
2026-09-27T23:07:38.280518Z,0.0300,112.85,yes
2026-09-27T23:07:38.280518Z,0.0300,28.21,yes
2026-09-27T23:07:38.280518Z,0.0300,15.00,yes
2026-09-27T23:07:38.459485Z,0.0300,1.30,yes
2026-09-27T23:07:38.459485Z,0.0300,8.00,yes
2026-09-27T23:07:38.459485Z,0.0300,20.00,yes
2026-09-27T23:07:38.459485Z,0.0300,0.10,yes
2026-09-27T23:07:38.459485Z,0.0300,1.81,yes
2026-09-27T23:07:38.607658Z,0.0200,351.38,no
2026-09-27T23:07:38.719627Z,0.0200,197.01,no
2026-09-27T23:07:38.719627Z,0.0200,0.10,no
2026-09-27T23:07:38.719627Z,0.0200,21.89,no
2026-09-27T23:07:38.719627Z,0.0200,197.00,no
2026-09-27T23:07:38.732551Z,0.0300,10.00,yes
2026-09-27T23:07:38.732551Z,0.0300,30.00,yes
2026-09-27T23:07:38.837329Z,0.0300,20595.00,no
2026-09-27T23:07:38.837329Z,0.0300,1627.00,no
2026-09-27T23:07:38.854357Z,0.0400,117.12,yes
2026-09-27T23:07:39.352002Z,0.0300,150.00,no
2026-09-27T23:07:39.759612Z,0.0200,39.24,no
2026-09-27T23:07:39.866591Z,0.0300,62.42,yes
2026-09-27T23:07:39.906942Z,0.0200,145.01,no
2026-09-27T23:07:39.906949Z,0.0300,31.00,yes
2026-09-27T23:07:39.925299Z,0.0300,117.12,yes
2026-09-27T23:07:40.180495Z,0.0300,312.13,yes
2026-09-27T23:07:40.28131Z,0.0300,31.21,yes
2026-09-27T23:07:40.600404Z,0.0300,464.49,yes
2026-09-27T23:07:40.662674Z,0.0300,57.74,yes
2026-09-27T23:07:40.756364Z,0.0200,23.42,no
2026-09-27T23:07:41.096092Z,0.0200,495.74,no
2026-09-27T23:07:41.096092Z,0.0200,2.33,no
2026-09-27T23:07:41.109829Z,0.0300,234.25,yes
2026-09-27T23:07:41.111165Z,0.0300,624.27,yes
2026-09-27T23:07:41.136164Z,0.0300,156.06,yes
2026-09-27T23:07:41.386658Z,0.0300,100.00,yes
2026-09-27T23:07:41.586002Z,0.0200,104.45,no
2026-09-27T23:07:41.716266Z,0.0200,47.03,no
2026-09-27T23:07:41.734067Z,0.0100,150.00,no
2026-09-27T23:07:41.734067Z,0.0200,8.00,no
2026-09-27T23:07:41.734067Z,0.0200,300.00,no
2026-09-27T23:07:41.734067Z,0.0100,19.00,no
2026-09-27T23:07:41.734067Z,0.0200,0.10,no
2026-09-27T23:07:41.734067Z,0.0100,146.00,no
2026-09-27T23:07:41.734067Z,0.0100,0.10,no
2026-09-27T23:07:41.734067Z,0.0200,900.00,no
2026-09-27T23:07:41.734067Z,0.0200,210.00,no
2026-09-27T23:07:41.734067Z,0.0100,850.00,no
2026-09-27T23:07:41.734067Z,0.0200,5.00,no
2026-09-27T23:07:41.734067Z,0.0100,1150.00,no
2026-09-27T23:07:41.734067Z,0.0100,10.00,no
2026-09-27T23:07:41.734067Z,0.0100,3600.00,no
2026-09-27T23:07:41.734067Z,0.0100,5.00,no
2026-09-27T23:07:41.734067Z,0.0200,3352.78,no
2026-09-27T23:07:41.734067Z,0.0100,5.00,no
2026-09-27T23:07:41.734067Z,0.0100,414.00,no
2026-09-27T23:07:41.734067Z,0.0100,5.00,no
2026-09-27T23:07:41.745278Z,0.0100,1000.00,yes
2026-09-27T23:07:41.750323Z,0.0100,20.00,yes
2026-09-27T23:07:41.761241Z,0.0100,20.00,yes
2026-09-27T23:07:41.766621Z,0.0100,500.00,yes
2026-09-27T23:07:41.779604Z,0.0100,20.00,yes
2026-09-27T23:07:41.813668Z,0.0100,11.00,yes
2026-09-27T23:07:41.833973Z,0.0100,25.00,yes
2026-09-27T23:07:41.862443Z,0.0100,124.85,yes
2026-09-27T23:07:41.86523Z,0.0100,106.00,yes
2026-09-27T23:07:41.889967Z,0.0100,198.00,yes
2026-09-27T23:07:41.907826Z,0.0100,2000.00,yes
2026-09-27T23:07:41.911814Z,0.0100,270.00,yes
2026-09-27T23:07:41.934375Z,0.0100,377.00,yes
2026-09-27T23:07:42.022889Z,0.0100,93.17,yes
2026-09-27T23:07:42.026011Z,0.0100,20.00,yes
2026-09-27T23:07:42.068502Z,0.0100,90.00,yes
2026-09-27T23:07:42.08022Z,0.0100,1586.07,yes
2026-09-27T23:07:42.137424Z,0.0100,10.00,yes
2026-09-27T23:07:42.252353Z,0.0100,62.42,yes
2026-09-27T23:07:42.505248Z,0.0100,3273.16,yes
2026-09-27T23:07:42.889573Z,0.0100,132.86,yes
2026-09-27T23:07:42.889573Z,0.0100,8.35,yes
2026-09-27T23:07:42.91475Z,0.0100,1870.38,yes
2026-09-27T23:07:42.981871Z,0.0100,57.07,yes
2026-09-27T23:07:42.986865Z,0.0100,93.51,yes
2026-09-27T23:07:43.121102Z,0.0100,6.62,yes
2026-09-27T23:07:43.184018Z,0.0100,1171.28,yes
2026-09-27T23:07:43.314881Z,0.0100,187.03,yes
2026-09-27T23:07:43.382988Z,0.0100,3.03,yes
2026-09-27T23:07:43.382988Z,0.0100,1.26,yes
2026-09-27T23:07:43.382988Z,0.0100,2.63,yes
2026-09-27T23:07:43.382988Z,0.0100,94.25,yes
2026-09-27T23:07:43.382988Z,0.0100,2.37,yes
2026-09-27T23:07:43.382988Z,0.0100,1.87,yes
2026-09-27T23:07:43.382988Z,0.0100,15.00,yes
2026-09-27T23:07:43.382988Z,0.0100,2.73,yes
2026-09-27T23:07:43.382988Z,0.0100,1.50,yes
2026-09-27T23:07:43.382988Z,0.0100,1.51,yes
2026-09-27T23:07:43.382988Z,0.0100,3.07,yes
2026-09-27T23:07:43.382988Z,0.0100,1.99,yes
2026-09-27T23:07:43.382988Z,0.0100,1.99,yes
2026-09-27T23:07:43.382988Z,0.0100,105.79,yes
2026-09-27T23:07:43.382988Z,0.0100,2.10,yes
2026-09-27T23:07:43.382988Z,0.0100,2.38,yes
2026-09-27T23:07:43.382988Z,0.0100,1.65,yes
2026-09-27T23:07:43.382988Z,0.0100,2.79,yes
2026-09-27T23:07:43.382988Z,0.0100,2000.00,yes
2026-09-27T23:07:43.382988Z,0.0100,1.63,yes
2026-09-27T23:07:43.382988Z,0.0100,2.23,yes
2026-09-27T23:07:43.382988Z,0.0100,1.08,yes
2026-09-27T23:07:43.382988Z,0.0100,81.25,yes
2026-09-27T23:07:43.382988Z,0.0100,1.86,yes
2026-09-27T23:07:43.382988Z,0.0100,2.01,yes
2026-09-27T23:07:43.802015Z,0.0100,2.18,yes
2026-09-27T23:07:43.802015Z,0.0100,1.77,yes
2026-09-27T23:07:43.802015Z,0.0200,102.00,yes
2026-09-27T23:07:43.802015Z,0.0200,107.77,yes
2026-09-27T23:07:43.802015Z,0.0100,2.00,yes
2026-09-27T23:07:43.802015Z,0.0100,1.35,yes
2026-09-27T23:07:43.802015Z,0.0200,5.00,yes
2026-09-27T23:07:43.802015Z,0.0200,5.00,yes
2026-09-27T23:07:43.802015Z,0.0100,0.94,yes
2026-09-27T23:07:43.802015Z,0.0100,1.92,yes
2026-09-27T23:07:43.802015Z,0.0200,5.00,yes
2026-09-27T23:07:44.099986Z,0.0100,2000.00,no
2026-09-27T23:07:44.099986Z,0.0100,19.00,no
2026-09-27T23:07:44.099986Z,0.0100,10800.00,no
2026-09-27T23:07:44.183008Z,0.0100,5.00,yes
2026-09-27T23:07:44.232249Z,0.0100,50.73,yes
2026-09-27T23:07:44.773567Z,0.0100,52.37,yes
2026-09-27T23:07:45.150997Z,0.0100,467.59,yes
2026-09-27T23:07:45.191574Z,0.0100,93.51,yes
2026-09-27T23:07:45.387048Z,0.0100,253.43,yes
2026-09-27T23:07:45.390817Z,0.0100,333.00,yes
2026-09-27T23:07:45.782088Z,0.0100,9351.91,yes
2026-09-27T23:07:46.078805Z,0.0100,166.00,yes
2026-09-27T23:07:46.263427Z,0.0100,93.51,yes
2026-09-27T23:07:46.373491Z,0.0100,935.19,yes
2026-09-27T23:07:46.462677Z,0.0100,93.51,yes
2026-09-27T23:07:46.501935Z,0.0100,187.03,yes
2026-09-27T23:07:46.673414Z,0.0100,93.51,yes
2026-09-27T23:07:46.773838Z,0.0100,27.12,yes
2026-09-27T23:07:46.946399Z,0.0100,467.59,yes
2026-09-27T23:07:47.005119Z,0.0100,467.59,yes
2026-09-27T23:07:47.140935Z,0.0100,18703.82,yes
2026-09-27T23:07:47.718512Z,0.0100,156.06,yes
2026-09-27T23:07:47.773582Z,0.0100,46.00,yes
2026-09-27T23:07:47.861846Z,0.0100,280.55,yes
2026-09-27T23:07:47.920225Z,0.0100,187.03,yes
2026-09-27T23:07:47.988916Z,0.0100,280.55,yes
2026-09-27T23:07:48.037958Z,0.0100,93.51,yes
2026-09-27T23:07:48.087723Z,0.0100,41.14,yes
2026-09-27T23:07:48.18494Z,0.0100,234.25,yes
2026-09-27T23:07:48.222171Z,0.0100,312.13,yes
2026-09-27T23:07:48.464907Z,0.0100,187.03,yes
2026-09-27T23:07:48.605849Z,0.0100,2337.97,yes
2026-09-27T23:07:48.627831Z,0.0100,2.80,yes
2026-09-27T23:07:48.73177Z,0.0100,2337.66,yes
2026-09-27T23:07:48.959666Z,0.0100,841.67,yes
2026-09-27T23:07:49.241518Z,0.0100,93.51,yes
2026-09-27T23:07:49.314335Z,0.0100,70.13,yes
2026-09-27T23:07:49.377841Z,0.0100,93.51,yes
2026-09-27T23:07:49.602606Z,0.0100,1870.38,yes
2026-09-27T23:07:49.680134Z,0.0100,93.51,yes
2026-09-27T23:07:49.874925Z,0.0100,467.59,yes
2026-09-27T23:07:50.065037Z,0.0100,280.55,yes
2026-09-27T23:07:50.39846Z,0.0100,93.51,yes
2026-09-27T23:07:51.305995Z,0.0100,93.51,yes
2026-09-27T23:07:51.633841Z,0.0100,37.40,yes
2026-09-27T23:07:51.655753Z,0.0100,93.51,yes
2026-09-27T23:07:51.885719Z,0.0100,93.51,yes
2026-09-27T23:07:52.437339Z,0.0100,187.03,yes
2026-09-27T23:07:52.47233Z,0.0100,11.22,yes
2026-09-27T23:07:52.687963Z,0.0100,93.51,yes
2026-09-27T23:07:52.764306Z,0.0100,299.66,yes
2026-09-27T23:07:52.815891Z,0.0100,281.10,yes
2026-09-27T23:07:53.52099Z,0.0100,93.51,yes
2026-09-27T23:07:53.719275Z,0.0100,654.63,yes
2026-09-27T23:07:53.791696Z,0.0100,424.57,yes
2026-09-27T23:07:54.023661Z,0.0100,467.59,yes
2026-09-27T23:07:54.059345Z,0.0100,93.51,yes
2026-09-27T23:07:55.019508Z,0.0100,3121.39,yes
2026-09-27T23:07:55.270184Z,0.0100,233.79,yes
2026-09-27T23:07:55.390408Z,0.0100,467.59,yes
2026-09-27T23:07:55.667446Z,0.0100,93.51,yes
2026-09-27T23:07:55.695628Z,0.0100,93.51,yes
2026-09-27T23:07:56.175605Z,0.0100,187.03,yes
2026-09-27T23:07:56.229033Z,0.0100,2337.97,yes
2026-09-27T23:07:56.672993Z,0.0100,93.51,yes
2026-09-27T23:07:57.37413Z,0.0100,37.40,yes
2026-09-27T23:07:57.640875Z,0.0100,93.51,yes
2026-09-27T23:07:57.709636Z,0.0100,93.51,yes
2026-09-27T23:07:58.395924Z,0.0100,1666.33,yes
2026-09-27T23:07:58.42122Z,0.0100,280.55,yes
2026-09-27T23:07:58.675139Z,0.0100,93.51,yes
2026-09-27T23:07:58.848556Z,0.0100,1870.38,yes
2026-09-27T23:07:59.009415Z,0.0100,1870.38,yes
2026-09-27T23:07:59.034329Z,0.0100,93.51,yes
2026-09-27T23:07:59.909612Z,0.0100,187.03,yes
2026-09-27T23:08:00.098839Z,0.0100,935.19,yes
2026-09-27T23:08:00.254861Z,0.0100,935.19,yes
2026-09-27T23:08:00.637685Z,0.0100,234.25,yes
2026-09-27T23:08:01.038411Z,0.0100,123.44,yes
2026-09-27T23:08:01.583089Z,0.0100,467.59,yes
2026-09-27T23:08:01.704849Z,0.0100,248.92,yes
2026-09-27T23:08:01.704849Z,0.0100,125.15,yes
2026-09-27T23:08:01.885627Z,0.0100,46.75,yes
2026-09-27T23:08:02.10119Z,0.0100,935.19,yes
2026-09-27T23:08:02.165269Z,0.0100,467.59,yes
2026-09-27T23:08:02.203717Z,0.0100,93.51,yes
2026-09-27T23:08:02.644674Z,0.0100,93.51,yes
2026-09-27T23:08:03.028102Z,0.0100,467.59,yes
2026-09-27T23:08:03.745423Z,0.0100,935.19,yes
2026-09-27T23:08:04.338623Z,0.0100,1402.78,yes
2026-09-27T23:08:04.640783Z,0.0100,1870.38,yes
2026-09-27T23:08:04.653368Z,0.0100,93.51,yes
2026-09-27T23:08:04.742309Z,0.0100,89.77,yes
2026-09-27T23:08:04.927344Z,0.0100,374.07,yes
2026-09-27T23:08:05.129201Z,0.0100,467.59,yes
2026-09-27T23:08:05.254927Z,0.0100,93.51,yes
2026-09-27T23:08:05.39802Z,0.0100,93.51,yes
2026-09-27T23:08:05.546399Z,0.0100,9.35,yes
2026-09-27T23:08:05.661026Z,0.0100,93.51,yes
2026-09-27T23:08:05.881908Z,0.0100,411.00,yes
2026-09-27T23:08:06.118352Z,0.0100,467.59,yes
2026-09-27T23:08:06.227733Z,0.0100,169.02,yes
2026-09-27T23:08:06.227733Z,0.0100,2168.95,yes
2026-09-27T23:08:06.563265Z,0.0100,935.19,yes
2026-09-27T23:08:06.681912Z,0.0100,187.03,yes
2026-09-27T23:08:06.835518Z,0.0100,0.33,yes
2026-09-27T23:08:07.130895Z,0.0100,93.51,yes
2026-09-27T23:08:07.144382Z,0.0100,1.00,yes
2026-09-27T23:08:07.419929Z,0.0100,187.03,yes
2026-09-27T23:08:07.557192Z,0.0100,935.19,yes
2026-09-27T23:08:07.962887Z,0.0100,93.51,yes
2026-09-27T23:08:08.069694Z,0.0100,93.51,yes
2026-09-27T23:08:08.141457Z,0.0100,280.55,yes
2026-09-27T23:08:08.290353Z,0.0100,93.51,yes
2026-09-27T23:08:08.294586Z,0.0100,32.73,yes
2026-09-27T23:08:08.356005Z,0.0100,259.04,yes
2026-09-27T23:08:08.589806Z,0.0100,93.51,yes
2026-09-27T23:08:08.95775Z,0.0100,1870.38,yes
2026-09-27T23:08:09.200212Z,0.0100,654.63,yes
2026-09-27T23:08:09.267298Z,0.0100,467.59,yes
2026-09-27T23:08:09.353018Z,0.0100,37.40,yes
2026-09-27T23:08:09.61641Z,0.0100,467.59,yes
2026-09-27T23:08:09.79402Z,0.0100,93.51,yes
2026-09-27T23:08:09.818345Z,0.0100,467.59,yes
2026-09-27T23:08:09.831296Z,0.0100,93.51,yes
2026-09-27T23:08:09.945009Z,0.0100,935.19,yes
2026-09-27T23:08:10.134636Z,0.0100,166.00,yes
2026-09-27T23:08:10.243324Z,0.0100,374.07,yes
2026-09-27T23:08:10.429362Z,0.0100,1870.38,yes
2026-09-27T23:08:10.53773Z,0.0100,93.51,yes
2026-09-27T23:08:11.001468Z,0.0100,93.51,yes
2026-09-27T23:08:11.176677Z,0.0100,30.10,yes
2026-09-27T23:08:11.327831Z,0.0100,4.67,yes
2026-09-27T23:08:11.417478Z,0.0100,467.59,yes
2026-09-27T23:08:11.46253Z,0.0100,93.51,yes
2026-09-27T23:08:11.721229Z,0.0100,467.59,yes
2026-09-27T23:08:11.838895Z,0.0100,187.03,yes
2026-09-27T23:08:11.922946Z,0.0100,93.00,yes
2026-09-27T23:08:12.132448Z,0.0100,93.51,yes
2026-09-27T23:08:12.200804Z,0.0100,93.51,yes
2026-09-27T23:08:12.247994Z,0.0100,93.51,yes
2026-09-27T23:08:12.462837Z,0.0100,280.55,yes
2026-09-27T23:08:12.953996Z,0.0100,561.11,yes
2026-09-27T23:08:13.319554Z,0.0100,561.11,yes
2026-09-27T23:08:13.461241Z,0.0100,187.03,yes
2026-09-27T23:08:13.672806Z,0.0100,88.84,yes
2026-09-27T23:08:13.704749Z,0.0100,93.51,yes
2026-09-27T23:08:14.426406Z,0.0100,93.51,yes
2026-09-27T23:08:15.074795Z,0.0100,69.20,yes
2026-09-27T23:08:15.590402Z,0.0100,633.59,yes
2026-09-27T23:08:15.590402Z,0.0100,301.60,yes
2026-09-27T23:08:16.00904Z,0.0100,93.51,yes
2026-09-27T23:08:16.01577Z,0.0100,187.03,yes
2026-09-27T23:08:16.137136Z,0.0100,93.51,yes
2026-09-27T23:08:16.158543Z,0.0100,459.17,yes
2026-09-27T23:08:16.59904Z,0.0100,490.97,yes
2026-09-27T23:08:16.86344Z,0.0100,7.75,yes
2026-09-27T23:08:16.86344Z,0.0100,42.22,yes
2026-09-27T23:08:16.86344Z,0.0100,417.62,yes
2026-09-27T23:08:16.969409Z,0.0100,17.33,yes
2026-09-27T23:08:16.969409Z,0.0100,169.70,yes
2026-09-27T23:08:17.433871Z,0.0100,93.51,yes
2026-09-27T23:08:17.503316Z,0.0100,1870.38,yes
2026-09-27T23:08:17.572563Z,0.0100,11.22,yes
2026-09-27T23:08:17.774809Z,0.0100,467.59,yes
2026-09-27T23:08:18.289052Z,0.0100,467.59,yes
2026-09-27T23:08:18.386481Z,0.0100,935.19,yes
2026-09-27T23:08:18.830438Z,0.0100,1524.36,yes
2026-09-27T23:08:18.915122Z,0.0100,467.00,yes
2026-09-27T23:08:18.917765Z,0.0100,46.75,yes
2026-09-27T23:08:18.994017Z,0.0100,14.02,yes
2026-09-27T23:08:19.794122Z,0.0100,93.51,yes
2026-09-27T23:08:19.85329Z,0.0100,93.51,yes
2026-09-27T23:08:20.071621Z,0.0100,935.19,yes
2026-09-27T23:08:20.105425Z,0.0100,467.59,yes
2026-09-27T23:08:20.173884Z,0.0100,93.51,yes
2026-09-27T23:08:20.581886Z,0.0100,95.38,yes
2026-09-27T23:08:20.581886Z,0.0100,237.62,yes
2026-09-27T23:08:21.563521Z,0.0100,3609.38,yes
2026-09-27T23:08:21.563521Z,0.0100,1066.57,yes
2026-09-27T23:08:22.481523Z,0.0100,935.19,yes
2026-09-27T23:08:22.880168Z,0.0100,333.00,yes
2026-09-27T23:08:23.59803Z,0.0100,93.51,yes
2026-09-27T23:08:23.830657Z,0.0100,46.75,yes
2026-09-27T23:08:23.886891Z,0.0100,935.19,yes
2026-09-27T23:08:24.23473Z,0.0100,49.56,yes
2026-09-27T23:08:24.273317Z,0.0100,935.19,yes
2026-09-27T23:08:24.4083Z,0.0100,93.51,yes
2026-09-27T23:08:24.613771Z,0.0100,1870.38,yes
2026-09-27T23:08:25.571061Z,0.0100,187.03,yes
2026-09-27T23:08:25.667311Z,0.0100,1683.34,yes
2026-09-27T23:08:26.533764Z,0.0100,93.51,yes
2026-09-27T23:08:26.599785Z,0.0100,146.82,yes
2026-09-27T23:08:27.073971Z,0.0100,93.51,yes
2026-09-27T23:08:27.22212Z,0.0100,500.00,yes
2026-09-27T23:08:27.264558Z,0.0100,467.59,yes
2026-09-27T23:08:27.689423Z,0.0100,56.11,yes
2026-09-27T23:08:27.83007Z,0.0100,187.03,yes
2026-09-27T23:08:27.855877Z,0.0100,935.19,yes
2026-09-27T23:08:27.900867Z,0.0100,93.51,yes
2026-09-27T23:08:28.048362Z,0.0100,93.51,yes
2026-09-27T23:08:28.06609Z,0.0100,467.59,yes
2026-09-27T23:08:28.879019Z,0.0100,333.00,yes
2026-09-27T23:08:29.116547Z,0.0100,93.51,yes
2026-09-27T23:08:29.707016Z,0.0100,93.51,yes
2026-09-27T23:08:29.996805Z,0.0100,93.51,yes
2026-09-27T23:08:30.566747Z,0.0100,467.59,yes
2026-09-27T23:08:31.100906Z,0.0100,93.51,yes
2026-09-27T23:08:31.161996Z,0.0100,467.59,yes
2026-09-27T23:08:31.371057Z,0.0100,37.40,yes
2026-09-27T23:08:31.4254Z,0.0100,93.51,yes
2026-09-27T23:08:31.433129Z,0.0100,93.51,yes
2026-09-27T23:08:32.148115Z,0.0100,935.19,yes
2026-09-27T23:08:32.39959Z,0.0100,935.19,yes
2026-09-27T23:08:32.796744Z,0.0100,187.03,yes
2026-09-27T23:08:33.305384Z,0.0100,93.51,yes
2026-09-27T23:08:34.041421Z,0.0100,935.19,yes
2026-09-27T23:08:34.578363Z,0.0100,93.51,yes
2026-09-27T23:08:35.212532Z,0.0100,467.59,yes
2026-09-27T23:08:35.395704Z,0.0100,4675.95,yes
2026-09-27T23:08:35.430903Z,0.0100,280.55,yes
2026-09-27T23:08:35.47561Z,0.0100,93.51,yes
2026-09-27T23:08:35.53782Z,0.0100,233.00,yes
2026-09-27T23:08:36.760577Z,0.0100,93.51,yes
2026-09-27T23:08:36.799316Z,0.0100,823.66,yes
2026-09-27T23:08:37.381695Z,0.0100,51.43,yes
2026-09-27T23:08:37.470711Z,0.0100,93.51,yes
2026-09-27T23:08:37.95961Z,0.0100,93.51,yes
2026-09-27T23:08:38.856436Z,0.0100,187.03,yes
2026-09-27T23:08:39.069988Z,0.0100,374.07,yes
2026-09-27T23:08:39.093791Z,0.0100,467.59,yes
2026-09-27T23:08:39.157817Z,0.0100,93.51,yes
2026-09-27T23:08:39.517656Z,0.0100,93.51,yes
2026-09-27T23:08:41.041088Z,0.0100,166.00,yes
2026-09-27T23:08:42.01418Z,0.0100,3.74,yes
2026-09-27T23:08:42.214919Z,0.0100,935.19,yes
2026-09-27T23:08:42.282598Z,0.0100,93.51,yes
2026-09-27T23:08:42.419077Z,0.0100,391.84,yes
2026-09-27T23:08:43.541648Z,0.0100,935.19,yes
2026-09-27T23:08:43.841783Z,0.0100,1870.38,yes
2026-09-27T23:08:44.767342Z,0.0100,1870.38,yes
2026-09-27T23:08:45.835511Z,0.0100,935.19,yes
2026-09-27T23:08:47.071873Z,0.0100,935.19,yes
2026-09-27T23:08:47.127266Z,0.0100,9351.91,yes
2026-09-27T23:08:48.488222Z,0.0100,111.79,yes
2026-09-27T23:08:48.488222Z,0.0100,50.00,yes
2026-09-27T23:08:48.488222Z,0.0100,25.24,yes
2026-09-27T23:08:48.60413Z,0.0100,162.72,yes
2026-09-27T23:08:49.722535Z,0.0100,16.15,yes
2026-09-27T23:08:50.116332Z,0.0100,93.51,yes
2026-09-27T23:08:50.399102Z,0.0100,93.51,yes
2026-09-27T23:08:53.890533Z,0.0100,93.51,yes
2026-09-27T23:08:54.478328Z,0.0100,93.51,yes
2026-09-27T23:08:54.541214Z,0.0100,1870.38,yes
2026-09-27T23:08:55.617281Z,0.0100,280.55,yes
2026-09-27T23:08:55.930316Z,0.0100,71.39,yes
2026-09-27T23:08:56.438267Z,0.0100,166.33,yes
2026-09-27T23:08:58.546616Z,0.0100,561.11,yes
2026-09-27T23:08:58.645893Z,0.0100,935.19,yes
2026-09-27T23:08:59.313928Z,0.0100,467.59,yes
2026-09-27T23:09:00.513783Z,0.0100,130.92,yes
2026-09-27T23:09:00.565125Z,0.0100,9.35,yes
2026-09-27T23:09:00.99311Z,0.0100,467.59,yes
2026-09-27T23:09:01.335798Z,0.0100,467.59,yes
2026-09-27T23:09:04.045602Z,0.0100,93.51,yes
2026-09-27T23:09:06.279464Z,0.0100,467.59,yes
2026-09-27T23:09:06.407847Z,0.0100,93.51,yes
2026-09-27T23:09:06.522088Z,0.0100,935.19,yes
2026-09-27T23:09:06.77485Z,0.0100,935.19,yes
2026-09-27T23:09:08.418461Z,0.0100,467.59,yes
2026-09-27T23:09:08.707471Z,0.0100,50.00,yes
2026-09-27T23:09:09.279647Z,0.0100,1000.00,yes
2026-09-27T23:09:09.468631Z,0.0100,33.00,yes
2026-09-27T23:09:10.693412Z,0.0100,93.51,yes
2026-09-27T23:09:13.274812Z,0.0100,86.00,yes
2026-09-27T23:09:13.834709Z,0.0100,93.51,yes
2026-09-27T23:09:14.404273Z,0.0100,187.03,yes
2026-09-27T23:09:19.207806Z,0.0100,280.55,yes
2026-09-27T23:09:20.125897Z,0.0100,1215.74,yes
2026-09-27T23:09:20.664784Z,0.0100,93.51,yes
2026-09-27T23:09:24.308939Z,0.0100,76.68,yes
2026-09-27T23:09:25.830303Z,0.0100,93.51,yes
2026-09-27T23:09:26.066164Z,0.0100,187.03,yes
2026-09-27T23:09:26.794992Z,0.0100,0.33,yes
2026-09-27T23:09:28.624832Z,0.0100,18.70,yes
2026-09-27T23:09:30.591231Z,0.0100,93.51,yes
2026-09-27T23:09:31.361799Z,0.0100,935.19,yes
2026-09-27T23:09:31.51908Z,0.0100,198.26,yes
2026-09-27T23:09:34.471445Z,0.0100,187.03,yes
2026-09-27T23:09:35.839205Z,0.0100,93.51,yes
2026-09-27T23:09:36.584536Z,0.0100,280.55,yes
2026-09-27T23:09:37.364891Z,0.0100,467.59,yes
2026-09-27T23:09:37.442243Z,0.0100,935.19,yes
2026-09-27T23:09:39.272907Z,0.0100,467.59,yes
2026-09-27T23:09:40.273791Z,0.0100,93.51,yes
2026-09-27T23:09:40.576604Z,0.0100,69.20,yes
2026-09-27T23:09:42.913074Z,0.0100,467.59,yes
2026-09-27T23:09:46.380637Z,0.0100,46.75,yes
2026-09-27T23:09:47.73535Z,0.0100,467.59,yes
2026-09-27T23:09:48.483229Z,0.0100,7.48,yes
2026-09-27T23:09:48.698081Z,0.0100,58.91,yes
2026-09-27T23:09:49.860704Z,0.0100,935.19,yes
2026-09-27T23:09:50.465208Z,0.0100,1122.22,yes
2026-09-27T23:09:50.68948Z,0.0100,935.19,yes
2026-09-27T23:09:53.123048Z,0.0100,91.64,yes
2026-09-27T23:09:54.294912Z,0.0100,93.51,yes
2026-09-27T23:09:56.619077Z,0.0100,33.00,yes
2026-09-27T23:09:59.790757Z,0.0100,187.03,yes
2026-09-27T23:10:00.164198Z,0.0100,51.82,yes
2026-09-27T23:10:00.47486Z,0.0100,11.33,yes
2026-09-27T23:10:00.47486Z,0.0100,31.58,yes
2026-09-27T23:10:00.47486Z,0.0100,25.27,yes
2026-09-27T23:10:00.47486Z,0.0100,25.33,yes
2026-09-27T23:10:03.871968Z,0.0100,25.31,yes
2026-09-27T23:10:03.871968Z,0.0100,13.93,yes
2026-09-27T23:10:03.871968Z,0.0100,25.25,yes
2026-09-27T23:10:03.871968Z,0.0100,25.29,yes
2026-09-27T23:10:03.871968Z,0.0100,25.32,yes
2026-09-27T23:10:03.871968Z,0.0100,25.36,yes
2026-09-27T23:10:03.871968Z,0.0100,140.09,yes
2026-09-27T23:10:04.42563Z,0.0100,297.39,yes
2026-09-27T23:10:05.479722Z,0.0100,93.51,yes
2026-09-27T23:10:05.764383Z,0.0100,1.87,yes
2026-09-27T23:10:06.548768Z,0.0100,0.93,yes
2026-09-27T23:10:08.649463Z,0.0100,93.51,yes
2026-09-27T23:10:10.56501Z,0.0100,166.00,yes
2026-09-27T23:10:10.649355Z,0.0100,467.59,yes
2026-09-27T23:10:12.904654Z,0.0100,3.74,yes
2026-09-27T23:10:13.06067Z,0.0100,431.12,yes
2026-09-27T23:10:14.730476Z,0.0100,467.59,yes
2026-09-27T23:10:16.1319Z,0.0100,448.89,yes
2026-09-27T23:10:19.616025Z,0.0100,28.05,yes
2026-09-27T23:10:21.412508Z,0.0100,93.51,yes
2026-09-27T23:10:22.454389Z,0.0100,1870.38,yes
2026-09-27T23:10:31.62297Z,0.0100,187.03,yes
2026-09-27T23:10:36.577826Z,0.0100,28.05,yes
2026-09-27T23:10:37.145861Z,0.0100,1683.34,yes
2026-09-27T23:10:41.840632Z,0.0100,935.19,yes
2026-09-27T23:10:46.157495Z,0.0100,93.51,yes
2026-09-27T23:10:49.130636Z,0.0100,93.51,yes
2026-09-27T23:10:49.516091Z,0.0100,467.59,yes
2026-09-27T23:10:50.898264Z,0.0100,93.51,yes
2026-09-27T23:10:56.926554Z,0.0100,467.59,yes
2026-09-27T23:11:00.426856Z,0.0100,467.59,yes
2026-09-27T23:11:06.205505Z,0.0100,187.03,yes
2026-09-27T23:11:06.889669Z,0.0100,280.55,yes
2026-09-27T23:11:08.59221Z,0.0100,20.57,yes
2026-09-27T23:11:10.738605Z,0.0100,467.59,yes
2026-09-27T23:11:12.422991Z,0.0100,93.51,yes
2026-09-27T23:11:12.920659Z,0.0100,93.51,yes
2026-09-27T23:11:13.066611Z,0.0100,93.51,yes
2026-09-27T23:11:15.63146Z,0.0100,935.19,yes
2026-09-27T23:11:16.110829Z,0.0100,93.51,yes
2026-09-27T23:11:16.469639Z,0.0100,23.60,yes
2026-09-27T23:11:16.469639Z,0.0100,7247.75,yes
2026-09-27T23:11:16.469639Z,0.0100,25.33,yes
2026-09-27T23:11:16.469639Z,0.0100,23.54,yes
2026-09-27T23:11:16.469639Z,0.0100,1000.00,yes
2026-09-27T23:11:16.469639Z,0.0100,25.33,yes
2026-09-27T23:11:16.469639Z,0.0100,25000.00,yes
2026-09-27T23:11:16.469639Z,0.0100,25.36,yes
2026-09-27T23:11:16.469639Z,0.0100,20945.00,yes
2026-09-27T23:11:16.469639Z,0.0100,25.29,yes
2026-09-27T23:11:16.469639Z,0.0100,25.27,yes
2026-09-27T23:11:16.469639Z,0.0100,25.20,yes
2026-09-27T23:11:16.469639Z,0.0100,25.32,yes
2026-09-27T23:11:16.469639Z,0.0100,25.25,yes
2026-09-27T23:11:16.469639Z,0.0100,25.34,yes
2026-09-27T23:11:16.469639Z,0.0100,25.36,yes
2026-09-27T23:11:16.469639Z,0.0100,25.36,yes
2026-09-27T23:11:16.469639Z,0.0100,15.00,yes
2026-09-27T23:11:16.469639Z,0.0100,25.23,yes
2026-09-27T23:11:16.469639Z,0.0100,25.29,yes
2026-09-27T23:11:16.469639Z,0.0100,25.25,yes
2026-09-27T23:11:16.469639Z,0.0100,25.31,yes
2026-09-27T23:11:16.469639Z,0.0100,25.32,yes
2026-09-27T23:11:16.469639Z,0.0100,25.18,yes
2026-09-27T23:11:16.469639Z,0.0100,25.39,yes
2026-09-27T23:11:16.469639Z,0.0100,25.36,yes
2026-09-27T23:11:16.469639Z,0.0100,25.27,yes
2026-09-27T23:11:16.469639Z,0.0100,25.33,yes
2026-09-27T23:11:16.469639Z,0.0100,24.90,yes
2026-09-27T23:11:16.469639Z,0.0100,25000.00,yes
2026-09-27T23:11:16.469639Z,0.0100,4000.00,yes
2026-09-27T23:11:16.469639Z,0.0100,25.08,yes
2026-09-27T23:11:16.469639Z,0.0100,9558.95,yes
2026-09-27T23:11:16.469639Z,0.0100,25.19,yes
2026-09-27T23:11:16.469639Z,0.0100,24.37,yes
2026-09-27T23:11:16.469639Z,0.0100,24.67,yes
2026-09-27T23:11:16.469639Z,0.0100,24.42,yes
2026-09-27T23:11:16.469639Z,0.0100,25.19,yes
2026-09-27T23:11:17.376491Z,0.0100,935.19,yes
2026-09-27T23:11:17.67659Z,0.0100,93.51,yes
2026-09-27T23:11:24.90203Z,0.0100,2337.97,yes
2026-09-27T23:11:31.368082Z,0.0100,23.37,yes
2026-09-27T23:11:32.948485Z,0.0100,93.51,yes
2026-09-27T23:11:35.580462Z,0.0100,9.35,yes
2026-09-27T23:11:36.447889Z,0.0100,123.44,yes
2026-09-27T23:11:38.984505Z,0.0100,93.51,yes
2026-09-27T23:11:42.640727Z,0.0100,187.03,yes
2026-09-27T23:11:44.159331Z,0.0100,93.51,yes
2026-09-27T23:11:44.347401Z,0.0100,24.00,yes
2026-09-27T23:11:44.347401Z,0.0100,75.00,yes
2026-09-27T23:11:44.347401Z,0.0100,24.47,yes
2026-09-27T23:11:44.347401Z,0.0100,24.81,yes
2026-09-27T23:11:44.347401Z,0.0100,25.05,yes
2026-09-27T23:11:44.347401Z,0.0100,761.86,yes
2026-09-27T23:11:47.780644Z,0.0100,280.55,yes
2026-09-27T23:11:48.943618Z,0.0100,187.03,yes
2026-09-27T23:11:51.726736Z,0.0100,1695.00,yes
2026-09-27T23:11:56.404333Z,0.0100,93.51,yes
2026-09-27T23:11:59.480572Z,0.0100,467.59,yes
2026-09-27T23:12:00.557615Z,0.0100,935.19,yes
2026-09-27T23:12:01.729457Z,0.0100,280.55,yes
2026-09-27T23:12:02.393691Z,0.0100,93.51,yes
2026-09-27T23:12:03.332239Z,0.0100,467.59,yes
2026-09-27T23:12:04.741867Z,0.0100,93.51,yes
2026-09-27T23:12:05.769686Z,0.0100,467.59,yes
2026-09-27T23:12:05.908746Z,0.0100,27.12,yes
2026-09-27T23:12:06.705557Z,0.0100,93.51,yes
2026-09-27T23:12:08.195594Z,0.0100,935.19,yes
2026-09-27T23:12:08.32435Z,0.0100,23.37,yes
2026-09-27T23:12:10.183861Z,0.0100,93.51,yes
2026-09-27T23:12:12.074944Z,0.0100,105.67,yes
2026-09-27T23:12:12.715097Z,0.0100,123.00,yes
2026-09-27T23:12:16.705511Z,0.0100,187.03,yes
2026-09-27T23:12:19.898019Z,0.0100,93.51,yes
2026-09-27T23:12:21.000018Z,0.0100,935.19,yes
2026-09-27T23:12:21.263954Z,0.0100,561.11,yes
2026-09-27T23:12:21.57768Z,0.0100,467.59,yes
2026-09-27T23:12:23.12626Z,0.0100,93.51,yes
2026-09-27T23:12:23.44931Z,0.0100,100.00,yes
2026-09-27T23:12:25.671662Z,0.0100,93.51,yes
2026-09-27T23:12:27.920897Z,0.0100,93.51,yes
2026-09-27T23:12:31.254625Z,0.0100,935.19,yes
2026-09-27T23:12:31.36859Z,0.0100,333.00,yes
2026-09-27T23:12:36.390204Z,0.0100,93.51,yes
2026-09-27T23:12:38.083611Z,0.0100,44.88,yes
2026-09-27T23:12:40.384647Z,0.0100,93.51,yes
2026-09-27T23:12:42.217249Z,0.0100,1100.00,yes
2026-09-27T23:12:43.303109Z,0.0100,935.19,yes
2026-09-27T23:12:43.352303Z,0.0100,935.19,yes
2026-09-27T23:12:43.502845Z,0.0100,93.51,yes
2026-09-27T23:12:43.609942Z,0.0100,2337.97,yes
2026-09-27T23:12:43.664315Z,0.0100,93.51,yes
2026-09-27T23:12:44.535453Z,0.0100,93.51,yes
2026-09-27T23:12:48.22735Z,0.0100,93.51,yes
2026-09-27T23:12:49.879999Z,0.0100,467.59,yes
2026-09-27T23:12:51.474621Z,0.0100,46.75,yes
2026-09-27T23:12:52.632024Z,0.0100,935.19,yes
2026-09-27T23:12:55.480546Z,0.0100,9.35,yes
2026-09-27T23:12:55.723539Z,0.0100,3273.16,yes
2026-09-27T23:12:57.661267Z,0.0100,93.51,yes
2026-09-27T23:13:00.583961Z,0.0100,93.51,yes
2026-09-27T23:13:03.15542Z,0.0100,93.51,yes
2026-09-27T23:13:07.280457Z,0.0100,467.59,yes
2026-09-27T23:13:07.510442Z,0.0100,1402.78,yes
2026-09-27T23:13:10.823191Z,0.0100,93.51,yes
2026-09-27T23:13:12.303002Z,0.0100,467.59,yes
2026-09-27T23:13:13.242579Z,0.0100,9.35,yes
2026-09-27T23:13:13.533604Z,0.0100,187.03,yes
2026-09-27T23:13:13.606853Z,0.0100,93.51,yes
2026-09-27T23:13:14.803339Z,0.0100,280.55,yes
2026-09-27T23:13:15.246447Z,0.0100,93.51,yes
2026-09-27T23:13:15.259945Z,0.0100,467.59,yes
2026-09-27T23:13:21.275407Z,0.0100,6.94,yes
2026-09-27T23:13:21.275407Z,0.0100,25.34,yes
2026-09-27T23:13:21.275407Z,0.0100,25.32,yes
2026-09-27T23:13:21.275407Z,0.0100,78.99,yes
2026-09-27T23:13:21.275407Z,0.0100,25.18,yes
2026-09-27T23:13:21.275407Z,0.0100,25.26,yes
2026-09-27T23:13:21.630545Z,0.0100,0.93,yes
2026-09-27T23:13:22.949426Z,0.0100,25.24,yes
2026-09-27T23:13:22.949426Z,0.0100,25.38,yes
2026-09-27T23:13:22.949426Z,0.0100,25.40,yes
2026-09-27T23:13:22.949426Z,0.0100,17.49,yes
2026-09-27T23:13:23.013589Z,0.0100,25.37,yes
2026-09-27T23:13:23.013589Z,0.0100,25.38,yes
2026-09-27T23:13:23.013589Z,0.0100,25.38,yes
2026-09-27T23:13:23.013589Z,0.0100,25.38,yes
2026-09-27T23:13:23.013589Z,0.0100,85.37,yes
2026-09-27T23:13:23.013589Z,0.0100,0.15,yes
2026-09-27T23:13:23.633467Z,0.0100,420.83,yes
2026-09-27T23:13:25.687377Z,0.0100,93.51,yes
2026-09-27T23:13:26.062856Z,0.0100,93.51,yes
2026-09-27T23:13:26.348587Z,0.0100,93.51,yes
2026-09-27T23:13:26.741572Z,0.0100,467.59,yes
2026-09-27T23:13:28.313038Z,0.0100,93.51,yes
2026-09-27T23:13:28.507629Z,0.0100,187.03,yes
2026-09-27T23:13:29.73195Z,0.0100,2805.57,yes
2026-09-27T23:13:32.361482Z,0.0100,1333.00,yes
2026-09-27T23:13:32.451175Z,0.0100,39.27,yes
2026-09-27T23:13:32.701548Z,0.0100,59.85,yes
2026-09-27T23:13:33.707657Z,0.0100,140.27,yes
2026-09-27T23:13:35.933008Z,0.0100,93.51,yes
2026-09-27T23:13:36.337861Z,0.0100,66.33,yes
2026-09-27T23:13:36.59904Z,0.0100,187.03,yes
2026-09-27T23:13:37.933441Z,0.0100,93.51,yes
2026-09-27T23:13:41.854113Z,0.0100,935.19,yes
2026-09-27T23:13:42.279886Z,0.0100,467.59,yes
2026-09-27T23:13:42.886988Z,0.0100,23.37,yes
2026-09-27T23:13:43.200383Z,0.0100,33.00,yes
2026-09-27T23:13:43.652402Z,0.0100,93.51,yes
2026-09-27T23:13:45.878259Z,0.0100,33.00,yes
2026-09-27T23:13:46.161552Z,0.0100,93.51,yes
2026-09-27T23:13:48.687696Z,0.0100,445.15,yes
2026-09-27T23:13:49.718733Z,0.0100,935.19,yes
2026-09-27T23:13:50.46366Z,0.0100,93.51,yes
2026-09-27T23:13:51.330706Z,0.0100,187.03,yes
2026-09-27T23:13:51.498662Z,0.0100,187.03,yes
2026-09-27T23:13:52.862756Z,0.0100,93.51,yes
2026-09-27T23:13:53.620717Z,0.0100,748.15,yes
2026-09-27T23:13:53.627742Z,0.0100,467.59,yes
2026-09-27T23:13:54.496535Z,0.0100,935.19,yes
2026-09-27T23:13:55.054221Z,0.0100,935.19,yes
2026-09-27T23:13:55.619596Z,0.0100,93.51,yes
2026-09-27T23:13:57.382018Z,0.0100,93.51,yes
2026-09-27T23:13:58.762459Z,0.0100,46.75,yes
2026-09-27T23:14:02.323818Z,0.0100,93.51,yes
2026-09-27T23:14:02.355408Z,0.0100,467.59,yes
2026-09-27T23:14:02.48924Z,0.0100,280.55,yes
2026-09-27T23:14:02.821587Z,0.0100,187.03,yes
2026-09-27T23:14:03.087775Z,0.0100,93.51,yes
2026-09-27T23:14:03.989402Z,0.0100,935.19,yes
2026-09-27T23:14:05.047582Z,0.0100,1.87,yes
2026-09-27T23:14:05.262274Z,0.0100,467.59,yes
2026-09-27T23:14:05.456697Z,0.0100,1000.00,yes
2026-09-27T23:14:06.506752Z,0.0100,187.03,yes
2026-09-27T23:14:06.584629Z,0.0100,935.19,yes
2026-09-27T23:14:07.286331Z,0.0100,93.51,yes
2026-09-27T23:14:07.48164Z,0.0100,935.19,yes
2026-09-27T23:14:07.709259Z,0.0100,467.59,yes
2026-09-27T23:14:08.602892Z,0.0100,49.56,yes
2026-09-27T23:14:10.587513Z,0.0100,187.03,yes
2026-09-27T23:14:11.208218Z,0.0100,935.19,yes
2026-09-27T23:14:14.003572Z,0.0100,467.59,yes
2026-09-27T23:14:17.200867Z,0.0100,748.15,yes
2026-09-27T23:14:18.183977Z,0.0100,1.87,yes
2026-09-27T23:14:18.270731Z,0.0100,935.19,yes
2026-09-27T23:14:19.849453Z,0.0100,497.52,yes
2026-09-27T23:14:20.20913Z,0.0100,1.87,yes
2026-09-27T23:14:20.499813Z,0.0100,187.03,yes
2026-09-27T23:14:21.138189Z,0.0100,93.51,yes
2026-09-27T23:14:24.215075Z,0.0100,93.51,yes
2026-09-27T23:14:24.801121Z,0.0100,93.51,yes
2026-09-27T23:14:26.104788Z,0.0100,30.86,yes
2026-09-27T23:14:26.857604Z,0.0100,25.21,yes
2026-09-27T23:14:26.857604Z,0.0100,20118.91,yes
2026-09-27T23:14:26.857604Z,0.0100,25.12,yes
2026-09-27T23:14:26.857604Z,0.0100,25000.00,yes
2026-09-27T23:14:26.857604Z,0.0100,24.85,yes
2026-09-27T23:14:26.857604Z,0.0100,25.30,yes
2026-09-27T23:14:26.857604Z,0.0100,25.05,yes
2026-09-27T23:14:26.857604Z,0.0100,25.13,yes
2026-09-27T23:14:26.857604Z,0.0100,24.69,yes
2026-09-27T23:14:26.857604Z,0.0100,25.34,yes
2026-09-27T23:14:26.857604Z,0.0100,24.83,yes
2026-09-27T23:14:26.857604Z,0.0100,25.01,yes
2026-09-27T23:14:26.857604Z,0.0100,25.22,yes
2026-09-27T23:14:26.857604Z,0.0100,25.25,yes
2026-09-27T23:14:26.857604Z,0.0100,25.09,yes
2026-09-27T23:14:26.857604Z,0.0100,25.18,yes
2026-09-27T23:14:26.857604Z,0.0100,1238.58,yes
2026-09-27T23:14:26.857604Z,0.0100,25.18,yes
2026-09-27T23:14:26.857604Z,0.0100,25.06,yes
2026-09-27T23:14:27.689726Z,0.0100,93.51,yes
2026-09-27T23:14:28.379612Z,0.0100,93.51,yes
2026-09-27T23:14:29.580631Z,0.0100,46.75,yes
2026-09-27T23:14:30.175903Z,0.0100,7.47,yes
2026-09-27T23:14:30.175903Z,0.0100,25.33,yes
2026-09-27T23:14:30.175903Z,0.0100,25.16,yes
2026-09-27T23:14:30.175903Z,0.0100,24.91,yes
2026-09-27T23:14:30.175903Z,0.0100,25.26,yes
2026-09-27T23:14:30.175903Z,0.0100,25.07,yes
2026-09-27T23:14:30.175903Z,0.0100,24.79,yes
2026-09-27T23:14:30.175903Z,0.0100,25.27,yes
2026-09-27T23:14:30.175903Z,0.0100,25.24,yes
2026-09-27T23:14:30.175903Z,0.0100,25.12,yes
2026-09-27T23:14:30.175903Z,0.0100,25.27,yes
2026-09-27T23:14:30.175903Z,0.0100,25.15,yes
2026-09-27T23:14:30.175903Z,0.0100,25.35,yes
2026-09-27T23:14:30.175903Z,0.0100,25.32,yes
2026-09-27T23:14:30.175903Z,0.0100,25.39,yes
2026-09-27T23:14:30.175903Z,0.0100,25.41,yes
2026-09-27T23:14:30.175903Z,0.0100,25.28,yes
2026-09-27T23:14:30.175903Z,0.0100,25.37,yes
2026-09-27T23:14:30.175903Z,0.0100,25.37,yes
2026-09-27T23:14:30.175903Z,0.0100,25.29,yes
2026-09-27T23:14:30.175903Z,0.0100,25.30,yes
2026-09-27T23:14:30.175903Z,0.0100,25.35,yes
2026-09-27T23:14:30.175903Z,0.0100,25.37,yes
2026-09-27T23:14:30.175903Z,0.0100,25.38,yes
2026-09-27T23:14:30.175903Z,0.0100,25.41,yes
2026-09-27T23:14:30.175903Z,0.0100,25.38,yes
2026-09-27T23:14:30.175903Z,0.0100,25.38,yes
2026-09-27T23:14:30.175903Z,0.0100,25.33,yes
2026-09-27T23:14:30.175903Z,0.0100,25.35,yes
2026-09-27T23:14:30.175903Z,0.0100,25.37,yes
2026-09-27T23:14:30.175903Z,0.0100,25.40,yes
2026-09-27T23:14:30.175903Z,0.0100,24.84,yes
2026-09-27T23:14:30.175903Z,0.0100,25.40,yes
2026-09-27T23:14:30.175903Z,0.0100,25.36,yes
2026-09-27T23:14:30.175903Z,0.0100,24.76,yes
2026-09-27T23:14:30.175903Z,0.0100,24.90,yes
2026-09-27T23:14:30.175903Z,0.0100,25.38,yes
2026-09-27T23:14:30.992063Z,0.0100,17.90,yes
2026-09-27T23:14:30.992063Z,0.0100,24.78,yes
2026-09-27T23:14:30.992063Z,0.0100,25.40,yes
2026-09-27T23:14:30.992063Z,0.0100,25.43,yes
2026-09-27T23:14:31.974554Z,0.0100,25.22,yes
2026-09-27T23:14:31.974554Z,0.0100,25.28,yes
2026-09-27T23:14:31.974554Z,0.0100,0.64,yes
2026-09-27T23:14:31.974554Z,0.0100,25.22,yes
2026-09-27T23:14:31.974554Z,0.0100,25.44,yes
2026-09-27T23:14:31.974554Z,0.0100,25.33,yes
2026-09-27T23:14:31.974554Z,0.0100,25.44,yes
2026-09-27T23:14:31.974554Z,0.0100,25.39,yes
2026-09-27T23:14:31.974554Z,0.0100,25.43,yes
2026-09-27T23:14:31.974554Z,0.0100,25.44,yes
2026-09-27T23:14:31.974554Z,0.0100,25.42,yes
2026-09-27T23:14:31.974554Z,0.0100,25.41,yes
2026-09-27T23:14:31.974554Z,0.0100,12.11,yes
2026-09-27T23:14:32.341482Z,0.0100,25.25,yes
2026-09-27T23:14:32.341482Z,0.0100,13.15,yes
2026-09-27T23:14:32.341482Z,0.0100,25.35,yes
2026-09-27T23:14:32.341482Z,0.0100,25.39,yes
2026-09-27T23:14:32.341482Z,0.0100,25.30,yes
2026-09-27T23:14:32.341482Z,0.0100,25.25,yes
2026-09-27T23:14:32.341482Z,0.0100,25.10,yes
2026-09-27T23:14:32.341482Z,0.0100,25.14,yes
2026-09-27T23:14:32.341482Z,0.0100,25.14,yes
2026-09-27T23:14:32.341482Z,0.0100,25.28,yes
2026-09-27T23:14:32.341482Z,0.0100,25.21,yes
2026-09-27T23:14:32.341482Z,0.0100,25.34,yes
2026-09-27T23:14:32.341482Z,0.0100,25.31,yes
2026-09-27T23:14:32.341482Z,0.0100,25.22,yes
2026-09-27T23:14:32.341482Z,0.0100,25.20,yes
2026-09-27T23:14:32.341482Z,0.0100,25.25,yes
2026-09-27T23:14:32.341482Z,0.0100,25.30,yes
2026-09-27T23:14:32.341482Z,0.0100,25.34,yes
2026-09-27T23:14:32.341482Z,0.0100,25.07,yes
2026-09-27T23:14:33.337728Z,0.0100,25.41,yes
2026-09-27T23:14:33.337728Z,0.0100,0.33,yes
2026-09-27T23:14:33.337728Z,0.0100,4.97,yes
2026-09-27T23:14:33.337728Z,0.0100,25.40,yes
2026-09-27T23:14:34.899765Z,0.0100,25.39,yes
2026-09-27T23:14:34.899765Z,0.0100,25.17,yes
2026-09-27T23:14:34.899765Z,0.0100,25.21,yes
2026-09-27T23:14:34.899765Z,0.0100,25.38,yes
2026-09-27T23:14:34.899765Z,0.0100,25.27,yes
2026-09-27T23:14:34.899765Z,0.0100,25.40,yes
2026-09-27T23:14:34.899765Z,0.0100,25.39,yes
2026-09-27T23:14:34.899765Z,0.0100,25.18,yes
2026-09-27T23:14:34.899765Z,0.0100,25.23,yes
2026-09-27T23:14:34.899765Z,0.0100,25.27,yes
2026-09-27T23:14:34.899765Z,0.0100,25.15,yes
2026-09-27T23:14:34.899765Z,0.0100,25.18,yes
2026-09-27T23:14:34.899765Z,0.0100,25.28,yes
2026-09-27T23:14:34.899765Z,0.0100,25.24,yes
2026-09-27T23:14:34.899765Z,0.0100,25.32,yes
2026-09-27T23:14:34.899765Z,0.0100,25.20,yes
2026-09-27T23:14:34.899765Z,0.0100,25.25,yes
2026-09-27T23:14:34.899765Z,0.0100,25.21,yes
2026-09-27T23:14:34.899765Z,0.0100,25.31,yes
2026-09-27T23:14:34.899765Z,0.0100,25.37,yes
2026-09-27T23:14:34.899765Z,0.0100,25.39,yes
2026-09-27T23:14:34.899765Z,0.0100,25.26,yes
2026-09-27T23:14:34.899765Z,0.0100,25.36,yes
2026-09-27T23:14:34.899765Z,0.0100,25.21,yes
2026-09-27T23:14:34.899765Z,0.0100,25.16,yes
2026-09-27T23:14:34.899765Z,0.0100,25.17,yes
2026-09-27T23:14:34.899765Z,0.0100,25.16,yes
2026-09-27T23:14:34.899765Z,0.0100,25.35,yes
2026-09-27T23:14:34.899765Z,0.0100,25.27,yes
2026-09-27T23:14:34.899765Z,0.0100,25.22,yes
2026-09-27T23:14:34.899765Z,0.0100,25.34,yes
2026-09-27T23:14:34.899765Z,0.0100,25.35,yes
2026-09-27T23:14:34.899765Z,0.0100,25.36,yes
2026-09-27T23:14:34.899765Z,0.0100,25.43,yes
2026-09-27T23:14:34.899765Z,0.0100,25.42,yes
2026-09-27T23:14:34.899765Z,0.0100,25.38,yes
2026-09-27T23:14:34.899765Z,0.0100,25.42,yes
2026-09-27T23:14:34.899765Z,0.0100,25.34,yes
2026-09-27T23:14:34.899765Z,0.0100,25.40,yes
2026-09-27T23:14:34.899765Z,0.0100,25.42,yes
2026-09-27T23:14:34.899765Z,0.0100,25.44,yes
2026-09-27T23:14:34.899765Z,0.0100,25.39,yes
2026-09-27T23:14:34.899765Z,0.0100,25.41,yes
2026-09-27T23:14:34.899765Z,0.0100,25.41,yes
2026-09-27T23:14:34.899765Z,0.0100,25.40,yes
2026-09-27T23:14:34.899765Z,0.0100,25.28,yes
2026-09-27T23:14:34.899765Z,0.0100,25.42,yes
2026-09-27T23:14:34.899765Z,0.0100,25.42,yes
2026-09-27T23:14:34.899765Z,0.0100,25.42,yes
2026-09-27T23:14:34.899765Z,0.0100,25.44,yes
2026-09-27T23:14:34.899765Z,0.0100,25.31,yes
2026-09-27T23:14:34.899765Z,0.0100,25.33,yes
2026-09-27T23:14:34.899765Z,0.0100,25.27,yes
2026-09-27T23:14:34.899765Z,0.0100,25.28,yes
2026-09-27T23:14:34.899765Z,0.0100,25.37,yes
2026-09-27T23:14:34.899765Z,0.0100,25.34,yes
2026-09-27T23:14:34.899765Z,0.0100,25.36,yes
2026-09-27T23:14:34.899765Z,0.0100,25.28,yes
2026-09-27T23:14:34.899765Z,0.0100,25.30,yes
2026-09-27T23:14:34.899765Z,0.0100,25.40,yes
2026-09-27T23:14:34.899765Z,0.0100,25.26,yes
2026-09-27T23:14:34.899765Z,0.0100,25.28,yes
2026-09-27T23:14:34.899765Z,0.0100,25.18,yes
2026-09-27T23:14:34.899765Z,0.0100,25.28,yes
2026-09-27T23:14:34.899765Z,0.0100,25.25,yes
2026-09-27T23:14:34.899765Z,0.0100,25.31,yes
2026-09-27T23:14:34.899765Z,0.0100,25.26,yes
2026-09-27T23:14:34.899765Z,0.0100,25.30,yes
2026-09-27T23:14:34.899765Z,0.0100,25.18,yes
2026-09-27T23:14:34.899765Z,0.0100,10.00,yes
2026-09-27T23:14:34.899765Z,0.0100,6.84,yes
2026-09-27T23:14:34.899765Z,0.0100,25.40,yes
2026-09-27T23:14:34.899765Z,0.0100,25.42,yes
2026-09-27T23:14:34.899765Z,0.0100,20.42,yes
2026-09-27T23:14:34.899765Z,0.0100,25.35,yes
2026-09-27T23:14:34.899765Z,0.0100,25.38,yes
2026-09-27T23:14:34.899765Z,0.0100,55.00,yes
2026-09-27T23:14:34.899765Z,0.0100,25.34,yes
2026-09-27T23:14:34.899765Z,0.0100,25.33,yes
2026-09-27T23:14:34.899765Z,0.0100,25.41,yes
2026-09-27T23:14:38.833915Z,0.0100,25.41,yes
2026-09-27T23:14:38.833915Z,0.0100,25.44,yes
2026-09-27T23:14:38.833915Z,0.0100,18.52,yes
2026-09-27T23:14:38.833915Z,0.0100,24.14,yes
2026-09-27T23:14:40.410693Z,0.0100,23.68,yes
2026-09-27T23:14:40.410693Z,0.0100,1.32,yes
2026-09-27T23:14:40.419929Z,0.0100,25.46,yes
2026-09-27T23:14:40.419929Z,0.0100,25.46,yes
2026-09-27T23:14:40.419929Z,0.0100,25.46,yes
2026-09-27T23:14:40.419929Z,0.0100,25.42,yes
2026-09-27T23:14:40.419929Z,0.0100,25.46,yes
2026-09-27T23:14:40.419929Z,0.0100,25.46,yes
2026-09-27T23:14:40.419929Z,0.0100,25.47,yes
2026-09-27T23:14:40.419929Z,0.0100,25.47,yes
2026-09-27T23:14:40.419929Z,0.0100,24.94,yes
2026-09-27T23:14:40.419929Z,0.0100,25.24,yes
2026-09-27T23:14:40.419929Z,0.0100,24.83,yes
2026-09-27T23:14:40.419929Z,0.0100,25.09,yes
2026-09-27T23:14:40.419929Z,0.0100,24.78,yes
2026-09-27T23:14:40.419929Z,0.0100,25.10,yes
2026-09-27T23:14:40.419929Z,0.0100,25.03,yes
2026-09-27T23:14:40.419929Z,0.0100,25.36,yes
2026-09-27T23:14:40.419929Z,0.0100,25.30,yes
2026-09-27T23:14:40.419929Z,0.0100,25.40,yes
2026-09-27T23:14:40.419929Z,0.0100,25.33,yes
2026-09-27T23:14:40.419929Z,0.0100,25.21,yes
2026-09-27T23:14:40.419929Z,0.0100,25.35,yes
2026-09-27T23:14:40.419929Z,0.0100,199.44,yes
2026-09-27T23:14:40.419929Z,0.0100,25.42,yes
2026-09-27T23:14:40.419929Z,0.0100,25.38,yes
2026-09-27T23:14:40.419929Z,0.0100,25.42,yes
2026-09-27T23:14:40.419929Z,0.0100,25.42,yes
2026-09-27T23:14:40.419929Z,0.0100,25.41,yes
2026-09-27T23:14:40.419929Z,0.0100,1.75,yes
2026-09-27T23:14:40.419929Z,0.0100,25.44,yes
2026-09-27T23:14:40.419929Z,0.0100,25.45,yes
2026-09-27T23:14:40.419929Z,0.0100,25.44,yes
2026-09-27T23:14:42.659453Z,0.0100,93.51,yes
2026-09-27T23:14:43.67339Z,0.0100,93.51,yes
2026-09-27T23:14:44.207346Z,0.0100,75.75,yes
2026-09-27T23:14:44.84702Z,0.0100,93.51,yes
2026-09-27T23:14:45.451595Z,0.0100,93.51,yes
2026-09-27T23:14:47.543926Z,0.0100,81.36,yes
2026-09-27T23:14:49.50546Z,0.0100,935.19,yes
2026-09-27T23:14:49.702233Z,0.0100,1589.82,yes
2026-09-27T23:14:51.507446Z,0.0100,9.35,yes
2026-09-27T23:14:52.500276Z,0.0100,12.62,yes
2026-09-27T23:14:52.846521Z,0.0100,93.51,yes
2026-09-27T23:14:53.405467Z,0.0100,93.51,yes
2026-09-27T23:14:54.15162Z,0.0100,93.51,yes
2026-09-27T23:14:54.362555Z,0.0100,64.52,yes
2026-09-27T23:14:58.042641Z,0.0100,86.03,yes
2026-09-27T23:15:00.473854Z,0.0100,84.16,yes
2026-09-27T23:15:00.601901Z,0.0100,93.51,yes
2026-09-27T23:15:00.771756Z,0.0100,935.19,yes
2026-09-27T23:15:01.804704Z,0.0100,467.59,yes
2026-09-27T23:15:02.486984Z,0.0100,467.59,yes
2026-09-27T23:15:03.437364Z,0.0100,666.33,yes
2026-09-27T23:15:07.832655Z,0.0100,93.51,yes
2026-09-27T23:15:07.85637Z,0.0100,46.75,yes
2026-09-27T23:15:09.161364Z,0.0100,467.59,yes
2026-09-27T23:15:09.868073Z,0.0100,467.59,yes
2026-09-27T23:15:10.257136Z,0.0100,25.31,yes
2026-09-27T23:15:10.257136Z,0.0100,25.20,yes
2026-09-27T23:15:10.257136Z,0.0100,25.25,yes
2026-09-27T23:15:10.257136Z,0.0100,25.28,yes
2026-09-27T23:15:10.257136Z,0.0100,25.23,yes
2026-09-27T23:15:10.257136Z,0.0100,25.27,yes
2026-09-27T23:15:10.257136Z,0.0100,25.30,yes
2026-09-27T23:15:10.257136Z,0.0100,25.15,yes
2026-09-27T23:15:10.257136Z,0.0100,25.23,yes
2026-09-27T23:15:10.257136Z,0.0100,25.21,yes
2026-09-27T23:15:10.257136Z,0.0100,25.15,yes
2026-09-27T23:15:10.257136Z,0.0100,25.06,yes
2026-09-27T23:15:10.257136Z,0.0100,24.97,yes
2026-09-27T23:15:10.257136Z,0.0100,25.04,yes
2026-09-27T23:15:10.257136Z,0.0100,25.29,yes
2026-09-27T23:15:10.257136Z,0.0100,25.38,yes
2026-09-27T23:15:10.257136Z,0.0100,25.38,yes
2026-09-27T23:15:10.257136Z,0.0100,25.36,yes
2026-09-27T23:15:10.257136Z,0.0100,25.38,yes
2026-09-27T23:15:10.257136Z,0.0100,10000.00,yes
2026-09-27T23:15:10.257136Z,0.0100,25.39,yes
2026-09-27T23:15:10.257136Z,0.0100,25.32,yes
2026-09-27T23:15:10.257136Z,0.0100,25.32,yes
2026-09-27T23:15:10.257136Z,0.0100,25.34,yes
2026-09-27T23:15:10.257136Z,0.0100,25.18,yes
2026-09-27T23:15:10.257136Z,0.0100,25.11,yes
2026-09-27T23:15:10.257136Z,0.0100,25.14,yes
2026-09-27T23:15:10.257136Z,0.0100,25.10,yes
2026-09-27T23:15:10.257136Z,0.0100,25.19,yes
2026-09-27T23:15:10.257136Z,0.0100,25.20,yes
2026-09-27T23:15:10.257136Z,0.0100,25.18,yes
2026-09-27T23:15:10.257136Z,0.0100,25.17,yes
2026-09-27T23:15:10.257136Z,0.0100,25.19,yes
2026-09-27T23:15:10.257136Z,0.0100,24.87,yes
2026-09-27T23:15:10.257136Z,0.0100,25.13,yes
2026-09-27T23:15:10.257136Z,0.0100,25.07,yes
2026-09-27T23:15:10.257136Z,0.0100,24.97,yes
2026-09-27T23:15:10.257136Z,0.0100,24.79,yes
2026-09-27T23:15:10.257136Z,0.0100,25.09,yes
2026-09-27T23:15:10.257136Z,0.0100,25.00,yes
2026-09-27T23:15:10.257136Z,0.0100,25.20,yes
2026-09-27T23:15:10.257136Z,0.0100,25.10,yes
2026-09-27T23:15:10.257136Z,0.0100,25.18,yes
2026-09-27T23:15:10.257136Z,0.0100,25.25,yes
2026-09-27T23:15:10.257136Z,0.0100,25.24,yes
2026-09-27T23:15:10.257136Z,0.0100,25.42,yes
2026-09-27T23:15:10.257136Z,0.0100,25.35,yes
2026-09-27T23:15:10.257136Z,0.0100,7501.54,yes
2026-09-27T23:15:10.257136Z,0.0100,25.38,yes
2026-09-27T23:15:10.257136Z,0.0100,25.37,yes
2026-09-27T23:15:10.257136Z,0.0100,25.38,yes
2026-09-27T23:15:10.257136Z,0.0100,25.27,yes
2026-09-27T23:15:10.257136Z,0.0100,25.32,yes
2026-09-27T23:15:10.257136Z,0.0100,24.66,yes
2026-09-27T23:15:10.257136Z,0.0100,24.64,yes
2026-09-27T23:15:10.257136Z,0.0100,25.18,yes
2026-09-27T23:15:10.257136Z,0.0100,24.98,yes
2026-09-27T23:15:10.257136Z,0.0100,25.06,yes
2026-09-27T23:15:10.257136Z,0.0100,24.93,yes
2026-09-27T23:15:10.257136Z,0.0100,24.31,yes
2026-09-27T23:15:10.257136Z,0.0100,23.84,yes
2026-09-27T23:15:10.257136Z,0.0100,23.99,yes
2026-09-27T23:15:10.257136Z,0.0100,25.40,yes
2026-09-27T23:15:10.257136Z,0.0100,25.23,yes
2026-09-27T23:15:10.257136Z,0.0100,25.04,yes
2026-09-27T23:15:10.257136Z,0.0100,25.05,yes
2026-09-27T23:15:10.257136Z,0.0100,25.45,yes
2026-09-27T23:15:10.257136Z,0.0100,25.25,yes
2026-09-27T23:15:10.257136Z,0.0100,25.44,yes
2026-09-27T23:15:10.257136Z,0.0100,25.39,yes
2026-09-27T23:15:10.257136Z,0.0100,25.45,yes
2026-09-27T23:15:10.257136Z,0.0100,25.40,yes
2026-09-27T23:15:10.257136Z,0.0100,25.41,yes
2026-09-27T23:15:10.257136Z,0.0100,25.43,yes
2026-09-27T23:15:10.257136Z,0.0100,25.41,yes
2026-09-27T23:15:10.257136Z,0.0100,25.38,yes
2026-09-27T23:15:10.257136Z,0.0100,25.40,yes
2026-09-27T23:15:10.257136Z,0.0100,25.44,yes
2026-09-27T23:15:10.257136Z,0.0100,25.36,yes
2026-09-27T23:15:10.257136Z,0.0100,25.42,yes
2026-09-27T23:15:10.257136Z,0.0100,25.44,yes
2026-09-27T23:15:10.257136Z,0.0100,25.43,yes
2026-09-27T23:15:10.257136Z,0.0100,25.40,yes
2026-09-27T23:15:10.257136Z,0.0100,24.82,yes
2026-09-27T23:15:10.257136Z,0.0100,24.77,yes
2026-09-27T23:15:10.257136Z,0.0100,24.78,yes
2026-09-27T23:15:10.257136Z,0.0100,24.77,yes
2026-09-27T23:15:10.257136Z,0.0100,24.85,yes
2026-09-27T23:15:10.257136Z,0.0100,24.77,yes
2026-09-27T23:15:10.257136Z,0.0100,24.86,yes
2026-09-27T23:15:10.257136Z,0.0100,24.88,yes
2026-09-27T23:15:10.257136Z,0.0100,24.86,yes
2026-09-27T23:15:10.257136Z,0.0100,24.85,yes
2026-09-27T23:15:10.257136Z,0.0100,24.87,yes
2026-09-27T23:15:10.257136Z,0.0100,24.86,yes
2026-09-27T23:15:10.257136Z,0.0100,24.82,yes
2026-09-27T23:15:10.257136Z,0.0100,10000.00,yes
2026-09-27T23:15:10.257136Z,0.0100,24.83,yes
2026-09-27T23:15:10.257136Z,0.0100,24.80,yes
2026-09-27T23:15:10.257136Z,0.0100,24.75,yes
2026-09-27T23:15:10.257136Z,0.0100,24.85,yes
2026-09-27T23:15:10.257136Z,0.0100,24.82,yes
2026-09-27T23:15:10.257136Z,0.0100,38867.62,yes
2026-09-27T23:15:10.257136Z,0.0100,24.72,yes
2026-09-27T23:15:10.257136Z,0.0100,24.63,yes
2026-09-27T23:15:10.257136Z,0.0100,24.64,yes
2026-09-27T23:15:10.257136Z,0.0100,24.65,yes
2026-09-27T23:15:10.257136Z,0.0100,24.63,yes
2026-09-27T23:15:10.257136Z,0.0100,24.63,yes
2026-09-27T23:15:10.257136Z,0.0100,24.64,yes
2026-09-27T23:15:10.257136Z,0.0100,24.73,yes
2026-09-27T23:15:10.257136Z,0.0100,24.72,yes
2026-09-27T23:15:10.257136Z,0.0100,24.75,yes
2026-09-27T23:15:10.257136Z,0.0100,24.77,yes
2026-09-27T23:15:10.257136Z,0.0100,24.99,yes
2026-09-27T23:15:10.257136Z,0.0100,24.97,yes
2026-09-27T23:15:10.257136Z,0.0100,25.01,yes
2026-09-27T23:15:10.257136Z,0.0100,24.99,yes
2026-09-27T23:15:10.257136Z,0.0100,25.01,yes
2026-09-27T23:15:10.257136Z,0.0100,25.05,yes
2026-09-27T23:15:10.257136Z,0.0100,25.01,yes
2026-09-27T23:15:10.257136Z,0.0100,25.05,yes
2026-09-27T23:15:10.257136Z,0.0100,25.04,yes
2026-09-27T23:15:10.257136Z,0.0100,25.03,yes
2026-09-27T23:15:10.257136Z,0.0100,5000.00,yes
2026-09-27T23:15:10.257136Z,0.0100,25.05,yes
2026-09-27T23:15:10.257136Z,0.0100,25.03,yes
2026-09-27T23:15:10.257136Z,0.0100,25.04,yes
2026-09-27T23:15:10.257136Z,0.0100,25.08,yes
2026-09-27T23:15:10.257136Z,0.0100,25.03,yes
2026-09-27T23:15:10.257136Z,0.0100,25.10,yes
2026-09-27T23:15:10.257136Z,0.0100,25.12,yes
2026-09-27T23:15:10.257136Z,0.0100,24.96,yes
2026-09-27T23:15:10.257136Z,0.0100,24.90,yes
2026-09-27T23:15:10.257136Z,0.0100,24.99,yes
2026-09-27T23:15:10.257136Z,0.0100,24.89,yes
2026-09-27T23:15:10.257136Z,0.0100,24.48,yes
2026-09-27T23:15:10.257136Z,0.0100,24.94,yes
2026-09-27T23:15:10.257136Z,0.0100,24.50,yes
2026-09-27T23:15:10.257136Z,0.0100,24.91,yes
2026-09-27T23:15:10.257136Z,0.0100,24.59,yes
2026-09-27T23:15:10.257136Z,0.0100,24.70,yes
2026-09-27T23:15:10.257136Z,0.0100,24.85,yes
2026-09-27T23:15:10.257136Z,0.0100,24.87,yes
2026-09-27T23:15:10.257136Z,0.0100,24.91,yes
2026-09-27T23:15:10.257136Z,0.0100,24.89,yes
2026-09-27T23:15:10.257136Z,0.0100,24.94,yes
2026-09-27T23:15:10.257136Z,0.0100,24.85,yes
2026-09-27T23:15:10.257136Z,0.0100,25.02,yes
2026-09-27T23:15:10.257136Z,0.0100,24.87,yes
2026-09-27T23:15:10.649595Z,0.0100,93.51,yes
2026-09-27T23:15:10.860412Z,0.0100,177.68,yes
2026-09-27T23:15:11.35863Z,0.0100,93.51,yes
2026-09-27T23:15:11.437966Z,0.0100,93.51,yes
2026-09-27T23:15:11.871644Z,0.0100,93.51,yes
2026-09-27T23:15:12.329743Z,0.0100,467.59,yes
2026-09-27T23:15:13.252818Z,0.0100,93.51,yes
2026-09-27T23:15:14.69333Z,0.0100,187.00,yes
2026-09-27T23:15:14.967227Z,0.0100,93.51,yes
2026-09-27T23:15:15.175414Z,0.0100,233.79,yes
2026-09-27T23:15:16.357716Z,0.0100,467.59,yes
2026-09-27T23:15:16.76882Z,0.0100,466.66,yes
2026-09-27T23:15:17.199749Z,0.0100,467.59,yes
2026-09-27T23:15:17.536936Z,0.0100,467.59,yes
2026-09-27T23:15:17.57681Z,0.0100,93.51,yes
2026-09-27T23:15:17.911781Z,0.0100,561.11,yes
2026-09-27T23:15:18.355031Z,0.0100,935.19,yes
2026-09-27T23:15:19.393182Z,0.0100,0.93,yes
2026-09-27T23:15:21.927787Z,0.0100,561.11,yes
2026-09-27T23:15:22.711447Z,0.0100,93.51,yes
2026-09-27T23:15:23.971985Z,0.0100,467.59,yes
2026-09-27T23:15:25.551511Z,0.0100,93.51,yes
2026-09-27T23:15:25.563613Z,0.0100,4675.95,yes
2026-09-27T23:15:26.20382Z,0.0100,93.51,yes
2026-09-27T23:15:27.163957Z,0.0100,93.51,yes
2026-09-27T23:15:28.875097Z,0.0100,100.00,yes
2026-09-27T23:15:28.989875Z,0.0100,333.00,yes
2026-09-27T23:15:29.43658Z,0.0100,89.77,yes
2026-09-27T23:15:29.792368Z,0.0100,280.55,yes
2026-09-27T23:15:29.889826Z,0.0100,41.14,yes
2026-09-27T23:15:30.879896Z,0.0100,72.00,yes
2026-09-27T23:15:31.202275Z,0.0100,4862.99,yes
2026-09-27T23:15:32.47954Z,0.0100,561.11,yes
2026-09-27T23:15:32.803674Z,0.0100,187.03,yes
2026-09-27T23:15:33.062725Z,0.0100,93.51,yes
2026-09-27T23:15:33.130854Z,0.0100,93.51,yes
2026-09-27T23:15:33.365206Z,0.0100,187.03,yes
2026-09-27T23:15:33.884718Z,0.0100,3.33,yes
2026-09-27T23:15:34.150393Z,0.0100,9.35,yes
2026-09-27T23:15:34.755263Z,0.0100,748.15,yes
2026-09-27T23:15:34.86321Z,0.0100,93.51,yes
2026-09-27T23:15:35.334926Z,0.0100,187.03,yes
2026-09-27T23:15:35.561595Z,0.0100,28.05,yes
2026-09-27T23:15:35.736544Z,0.0100,935.19,yes
2026-09-27T23:15:36.092456Z,0.0100,93.51,yes
2026-09-27T23:15:36.509893Z,0.0100,1028.71,yes
2026-09-27T23:15:36.554028Z,0.0100,467.59,yes
2026-09-27T23:15:36.902613Z,0.0100,935.19,yes
2026-09-27T23:15:37.147716Z,0.0100,93.51,yes
2026-09-27T23:15:37.679907Z,0.0100,93.51,yes
2026-09-27T23:15:37.72257Z,0.0100,100.00,yes
2026-09-27T23:15:38.895533Z,0.0100,56.11,yes
2026-09-27T23:15:39.460238Z,0.0100,40.00,yes
2026-09-27T23:15:41.566547Z,0.0100,93.51,yes
2026-09-27T23:15:42.27493Z,0.0100,467.59,yes
2026-09-27T23:15:42.762599Z,0.0100,93.51,yes
2026-09-27T23:15:42.911057Z,0.0100,93.51,yes
2026-09-27T23:15:42.980534Z,0.0100,935.19,yes
2026-09-27T23:15:43.357436Z,0.0100,1000.00,yes
2026-09-27T23:15:44.480729Z,0.0100,93.51,yes
2026-09-27T23:15:45.30546Z,0.0100,280.55,yes
2026-09-27T23:15:45.317461Z,0.0100,467.59,yes
2026-09-27T23:15:45.480176Z,0.0100,935.19,yes
2026-09-27T23:15:45.520185Z,0.0100,66.33,yes
2026-09-27T23:15:45.671151Z,0.0100,0.93,yes
2026-09-27T23:15:46.462777Z,0.0100,93.51,yes
2026-09-27T23:15:46.465424Z,0.0100,187.03,yes
2026-09-27T23:15:46.611731Z,0.0100,467.59,yes
2026-09-27T23:15:47.168381Z,0.0100,93.51,yes
2026-09-27T23:15:47.961832Z,0.0100,467.59,yes
2026-09-27T23:15:48.577819Z,0.0100,66.33,yes
2026-09-27T23:15:48.599006Z,0.0100,93.51,yes
2026-09-27T23:15:48.711918Z,0.0100,1122.22,yes
2026-09-27T23:15:48.944658Z,0.0100,467.59,yes
2026-09-27T23:15:49.530945Z,0.0100,93.51,yes
2026-09-27T23:15:51.517041Z,0.0100,935.19,yes
2026-09-27T23:15:51.650794Z,0.0100,93.51,yes
2026-09-27T23:15:53.082053Z,0.0100,93.51,yes
2026-09-27T23:15:53.189403Z,0.0100,9.35,yes
2026-09-27T23:15:54.17956Z,0.0100,467.59,yes
2026-09-27T23:15:54.458773Z,0.0100,467.59,yes
2026-09-27T23:15:54.99752Z,0.0100,100.00,yes
2026-09-27T23:15:55.034059Z,0.0100,467.59,yes
2026-09-27T23:15:55.249553Z,0.0100,93.51,yes
2026-09-27T23:15:56.034778Z,0.0100,72.00,yes
2026-09-27T23:15:56.927609Z,0.0100,18.70,yes
2026-09-27T23:15:56.966053Z,0.0100,93.51,yes
2026-09-27T23:15:57.032447Z,0.0100,4.67,yes
2026-09-27T23:15:57.2912Z,0.0100,93.51,yes
2026-09-27T23:15:58.531413Z,0.0100,93.51,yes
2026-09-27T23:15:58.705014Z,0.0100,93.51,yes
2026-09-27T23:15:58.921499Z,0.0100,24.31,yes
2026-09-27T23:15:59.348274Z,0.0100,60.78,yes
2026-09-27T23:15:59.487469Z,0.0100,93.51,yes
2026-09-27T23:15:59.970233Z,0.0100,93.51,yes
2026-09-27T23:16:00.753019Z,0.0100,93.51,yes
2026-09-27T23:16:02.012706Z,0.0100,33.00,yes
2026-09-27T23:16:02.056029Z,0.0100,467.59,yes
2026-09-27T23:16:02.513517Z,0.0100,280.55,yes
2026-09-27T23:16:02.857882Z,0.0100,93.51,yes
2026-09-27T23:16:02.903545Z,0.0100,93.51,yes
2026-09-27T23:16:03.203683Z,0.0100,166.33,yes
2026-09-27T23:16:03.620966Z,0.0100,93.51,yes
2026-09-27T23:16:03.671506Z,0.0100,121.57,yes
2026-09-27T23:16:04.244672Z,0.0100,654.63,yes
2026-09-27T23:16:05.794308Z,0.0100,93.51,yes
2026-09-27T23:16:05.895281Z,0.0100,467.59,yes
2026-09-27T23:16:06.322033Z,0.0100,374.07,yes
2026-09-27T23:16:06.541297Z,0.0100,166.00,yes
2026-09-27T23:16:06.978759Z,0.0100,5000.00,yes
2026-09-27T23:16:07.132762Z,0.0100,235.66,yes
2026-09-27T23:16:07.278402Z,0.0100,93.51,yes
2026-09-27T23:16:07.373492Z,0.0100,93.51,yes
2026-09-27T23:16:07.78715Z,0.0100,916.48,yes
2026-09-27T23:16:08.104603Z,0.0100,245.95,yes
2026-09-27T23:16:08.201823Z,0.0100,280.55,yes
2026-09-27T23:16:09.623361Z,0.0100,18703.82,yes
2026-09-27T23:16:10.18Z,0.0100,93.51,yes
2026-09-27T23:16:10.439151Z,0.0100,46.75,yes
2026-09-27T23:16:10.534521Z,0.0100,93.51,yes
2026-09-27T23:16:10.588779Z,0.0100,1000.00,yes
2026-09-27T23:16:10.84145Z,0.0100,93.51,yes
2026-09-27T23:16:10.906777Z,0.0100,93.51,yes
2026-09-27T23:16:10.961329Z,0.0100,93.51,yes
2026-09-27T23:16:11.510691Z,0.0100,187.03,yes
2026-09-27T23:16:11.634647Z,0.0100,93.51,yes
2026-09-27T23:16:12.031744Z,0.0100,58.91,yes
2026-09-27T23:16:12.218896Z,0.0100,28.05,yes
2026-09-27T23:16:12.567431Z,0.0100,187.03,yes
2026-09-27T23:16:12.886716Z,0.0100,187.03,yes
2026-09-27T23:16:13.056065Z,0.0100,93.51,yes
2026-09-27T23:16:13.605079Z,0.0100,93.51,yes
2026-09-27T23:16:16.29769Z,0.0100,467.59,yes
2026-09-27T23:16:17.9337Z,0.0100,833.00,yes
2026-09-27T23:16:19.497083Z,0.0100,93.51,yes
2026-09-27T23:16:19.604403Z,0.0100,166.00,yes
2026-09-27T23:16:19.739609Z,0.0100,93.51,yes
2026-09-27T23:16:19.950626Z,0.0100,93.51,yes
2026-09-27T23:16:20.429808Z,0.0100,935.19,yes
2026-09-27T23:16:21.623171Z,0.0100,935.00,yes
2026-09-27T23:16:22.166623Z,0.0100,93.51,yes
2026-09-27T23:16:22.446121Z,0.0100,935.19,yes
2026-09-27T23:16:22.506546Z,0.0100,22.44,yes
2026-09-27T23:16:23.602507Z,0.0100,93.51,yes
2026-09-27T23:16:24.600544Z,0.0100,280.55,yes
2026-09-27T23:16:24.653602Z,0.0100,93.51,yes
2026-09-27T23:16:24.877692Z,0.0100,93.51,yes
2026-09-27T23:16:24.993498Z,0.0100,935.19,yes
2026-09-27T23:16:25.045228Z,0.0100,467.59,yes
2026-09-27T23:16:26.859768Z,0.0100,467.59,yes
2026-09-27T23:16:27.004843Z,0.0100,467.59,yes
2026-09-27T23:16:27.588631Z,0.0100,33.00,yes
2026-09-27T23:16:27.861198Z,0.0100,65.46,yes
2026-09-27T23:16:29.188402Z,0.0100,20.00,yes
2026-09-27T23:16:29.459185Z,0.0100,93.51,yes
2026-09-27T23:16:30.695328Z,0.0100,46.00,yes
2026-09-27T23:16:31.025962Z,0.0100,447.95,yes
2026-09-27T23:16:31.577702Z,0.0100,93.51,yes
2026-09-27T23:16:31.833061Z,0.0100,467.59,yes
2026-09-27T23:16:32.344909Z,0.0100,59.85,yes
2026-09-27T23:16:32.659717Z,0.0100,93.51,yes
2026-09-27T23:16:32.865354Z,0.0100,140.27,yes
2026-09-27T23:16:32.900681Z,0.0100,187.03,yes
2026-09-27T23:16:33.934663Z,0.0100,33.00,yes
2026-09-27T23:16:34.464099Z,0.0100,93.51,yes
2026-09-27T23:16:34.790414Z,0.0100,93.51,yes
2026-09-27T23:16:34.90676Z,0.0100,93.51,yes
2026-09-27T23:16:35.711402Z,0.0100,467.59,yes
2026-09-27T23:16:36.711682Z,0.0100,467.59,yes
2026-09-27T23:16:37.210698Z,0.0100,467.59,yes
2026-09-27T23:16:38.306325Z,0.0100,93.51,yes
2026-09-27T23:16:38.434067Z,0.0100,93.51,yes
2026-09-27T23:16:39.053633Z,0.0100,93.51,yes
2026-09-27T23:16:39.389093Z,0.0100,33.00,yes
2026-09-27T23:16:39.685827Z,0.0100,467.59,yes
2026-09-27T23:16:40.80438Z,0.0100,187.03,yes
2026-09-27T23:16:42.187234Z,0.0100,93.51,yes
2026-09-27T23:16:42.234351Z,0.0100,280.55,yes
2026-09-27T23:16:42.428261Z,0.0100,93.51,yes
2026-09-27T23:16:42.564562Z,0.0100,99.66,yes
2026-09-27T23:16:42.580888Z,0.0100,61.72,yes
2026-09-27T23:16:42.724735Z,0.0100,2057.42,yes
2026-09-27T23:16:43.460769Z,0.0100,3711.77,yes
2026-09-27T23:16:45.22957Z,0.0100,46.75,yes
2026-09-27T23:16:45.448002Z,0.0100,292.71,yes
2026-09-27T23:16:45.712024Z,0.0100,76.68,yes
2026-09-27T23:16:45.726829Z,0.0100,467.59,yes
2026-09-27T23:16:45.977304Z,0.0100,93.51,yes
2026-09-27T23:16:46.575923Z,0.0100,187.03,yes
2026-09-27T23:16:47.624845Z,0.0100,2337.97,yes
2026-09-27T23:16:48.047494Z,0.0100,46.75,yes
2026-09-27T23:16:48.351506Z,0.0100,187.03,yes
2026-09-27T23:16:49.600562Z,0.0100,78.55,yes
2026-09-27T23:16:50.253262Z,0.0100,144.95,yes
2026-09-27T23:16:50.274962Z,0.0100,32.73,yes
2026-09-27T23:16:51.166877Z,0.0100,93.51,yes
2026-09-27T23:16:52.015496Z,0.0100,46.75,yes
2026-09-27T23:16:52.241968Z,0.0100,33.66,yes
2026-09-27T23:16:52.316696Z,0.0100,93.51,yes
2026-09-27T23:16:53.582688Z,0.0100,187.03,yes
2026-09-27T23:16:54.186685Z,0.0100,187.03,yes
2026-09-27T23:16:54.63377Z,0.0100,93.51,yes
2026-09-27T23:16:54.957217Z,0.0100,46.75,yes
2026-09-27T23:16:55.143954Z,0.0100,935.19,yes
2026-09-27T23:16:55.488215Z,0.0100,93.51,yes
2026-09-27T23:16:55.681978Z,0.0100,467.59,yes
2026-09-27T23:16:56.400406Z,0.0100,93.51,yes
2026-09-27T23:16:57.33063Z,0.0100,11.22,yes
2026-09-27T23:16:57.424653Z,0.0100,935.19,yes
2026-09-27T23:16:58.478895Z,0.0100,93.51,yes
2026-09-27T23:16:59.7843Z,0.0100,935.19,yes
2026-09-27T23:17:00.087068Z,0.0100,467.59,yes
2026-09-27T23:17:00.367327Z,0.0100,93.51,yes
2026-09-27T23:17:01.223695Z,0.0100,93.51,yes
2026-09-27T23:17:03.068964Z,0.0100,93.51,yes
2026-09-27T23:17:03.342519Z,0.0100,935.19,yes
2026-09-27T23:17:04.536143Z,0.0100,233.79,yes
2026-09-27T23:17:05.268006Z,0.0100,0.93,yes
2026-09-27T23:17:06.213265Z,0.0100,93.51,yes
2026-09-27T23:17:06.21993Z,0.0100,187.03,yes
2026-09-27T23:17:06.660587Z,0.0100,93.51,yes
2026-09-27T23:17:06.7246Z,0.0100,33.00,yes
2026-09-27T23:17:06.908484Z,0.0100,935.19,yes
2026-09-27T23:17:06.943223Z,0.0100,187.03,yes
2026-09-27T23:17:06.99692Z,0.0100,93.51,yes
2026-09-27T23:17:07.483298Z,0.0100,93.51,yes
2026-09-27T23:17:08.547953Z,0.0100,93.51,yes
2026-09-27T23:17:09.742521Z,0.0100,280.55,yes
2026-09-27T23:17:10.011055Z,0.0100,0.93,yes
2026-09-27T23:17:10.327953Z,0.0100,748.15,yes
2026-09-27T23:17:10.591533Z,0.0100,93.51,yes
2026-09-27T23:17:11.741277Z,0.0100,93.51,yes
2026-09-27T23:17:13.56168Z,0.0100,187.03,yes
2026-09-27T23:17:14.784035Z,0.0100,499.66,yes
2026-09-27T23:17:15.651179Z,0.0100,200.00,yes
2026-09-27T23:17:17.883006Z,0.0100,47.69,yes
2026-09-27T23:17:18.011412Z,0.0100,187.03,yes
2026-09-27T23:17:20.258886Z,0.0100,187.03,yes
2026-09-27T23:17:20.786501Z,0.0100,500.00,yes
2026-09-27T23:17:21.360452Z,0.0100,46.75,yes
2026-09-27T23:17:23.410334Z,0.0100,1870.38,yes
2026-09-27T23:17:25.258968Z,0.0100,333.00,yes
2026-09-27T23:17:25.546189Z,0.0100,187.03,yes
2026-09-27T23:17:26.025788Z,0.0100,93.51,yes
2026-09-27T23:17:27.045963Z,0.0100,100.00,yes
2026-09-27T23:17:28.441249Z,0.0100,280.55,yes
2026-09-27T23:17:29.172181Z,0.0100,93.51,yes
2026-09-27T23:17:31.08596Z,0.0100,9.35,yes
2026-09-27T23:17:37.979533Z,0.0100,187.03,yes
2026-09-27T23:17:41.038512Z,0.0100,467.59,yes
2026-09-27T23:17:42.468855Z,0.0100,46.75,yes
2026-09-27T23:17:43.993916Z,0.0100,9.35,yes
2026-09-27T23:17:52.958863Z,0.0100,935.19,yes
2026-09-27T23:17:59.375402Z,0.0100,93.51,yes
2026-09-27T23:18:10.635317Z,0.0100,0.01,yes
2026-09-27T23:18:12.559257Z,0.0100,166.00,yes
2026-09-27T23:18:13.75659Z,0.0100,93.51,yes
2026-09-27T23:18:26.430931Z,0.0100,935.19,yes
2026-09-27T23:18:27.449316Z,0.0100,33.00,yes
