time,yes_price,contracts,taker
2026-10-03T03:58:17.173964Z,0.0100,0.54,no
2026-10-03T03:58:17.173964Z,0.0200,35.46,no
2026-10-03T03:58:17.173964Z,0.0200,33.00,no
2026-10-03T03:58:21.72186Z,0.0100,69.00,no
2026-10-03T03:58:23.26941Z,0.0200,36.34,yes
2026-10-03T03:58:23.26941Z,0.0200,53.77,yes
2026-10-03T03:58:23.26941Z,0.0200,3.47,yes
2026-10-03T03:58:26.249597Z,0.0100,69.00,no
2026-10-03T03:58:28.704821Z,0.0200,33.52,yes
2026-10-03T03:58:28.704821Z,0.0200,21.24,yes
2026-10-03T03:58:28.715354Z,0.0200,37.78,yes
2026-10-03T03:58:28.715354Z,0.0200,36.34,yes
2026-10-03T03:58:30.910952Z,0.0200,69.00,no
2026-10-03T03:58:35.142767Z,0.0200,36.75,no
2026-10-03T03:58:35.142767Z,0.0200,32.25,no
2026-10-03T03:58:37.306612Z,0.0200,0.93,yes
2026-10-03T03:58:39.402452Z,0.0100,69.00,no
2026-10-03T03:58:40.09467Z,0.0300,47.17,yes
2026-10-03T03:58:40.09467Z,0.0200,35.83,yes
2026-10-03T03:58:42.521999Z,0.0300,288.41,yes
2026-10-03T03:58:42.521999Z,0.0200,35.34,yes
2026-10-03T03:58:43.693376Z,0.0100,69.00,no
2026-10-03T03:58:47.412681Z,0.0200,1.47,no
2026-10-03T03:58:48.08413Z,0.0300,31.21,yes
2026-10-03T03:58:48.138544Z,0.0200,5.00,no
2026-10-03T03:58:48.20182Z,0.0200,5.00,no
2026-10-03T03:58:48.259982Z,0.0200,5.00,no
2026-10-03T03:58:48.313792Z,0.0200,5.00,no
2026-10-03T03:58:48.373289Z,0.0200,5.00,no
2026-10-03T03:58:48.616926Z,0.0100,13.72,no
2026-10-03T03:58:48.616926Z,0.0200,9.28,no
2026-10-03T03:58:48.616926Z,0.0200,1.00,no
2026-10-03T03:58:54.945145Z,0.0300,31.21,yes
2026-10-03T03:58:55.477106Z,0.0300,312.13,yes
2026-10-03T03:58:57.418348Z,0.0300,156.06,yes
2026-10-03T03:58:58.726912Z,0.0300,1633.81,yes
2026-10-03T03:58:58.726912Z,0.0300,1093.19,yes
2026-10-03T03:58:58.726912Z,0.0300,333.00,yes
2026-10-03T03:58:58.726912Z,0.0300,10.00,yes
2026-10-03T03:59:11.729899Z,0.0300,312.13,yes
2026-10-03T03:59:20.658893Z,0.0200,56.00,no
2026-10-03T03:59:20.658893Z,0.0200,35.57,no
2026-10-03T03:59:20.658893Z,0.0200,33.00,no
2026-10-03T03:59:26.653346Z,0.0100,98.50,no
2026-10-03T03:59:28.135179Z,0.0200,5.00,yes
2026-10-03T03:59:41.793441Z,0.0300,1279.43,yes
2026-10-03T03:59:41.793441Z,0.0200,37.03,yes
2026-10-03T03:59:41.793441Z,0.0200,200.00,yes
2026-10-03T03:59:41.793441Z,0.0200,200.00,yes
2026-10-03T03:59:41.793441Z,0.0200,200.00,yes
2026-10-03T03:59:41.793441Z,0.0200,200.00,yes
2026-10-03T03:59:41.793441Z,0.0200,200.00,yes
2026-10-03T03:59:41.793441Z,0.0200,200.00,yes
2026-10-03T03:59:41.793441Z,0.0200,200.00,yes
2026-10-03T03:59:41.793441Z,0.0200,200.00,yes
2026-10-03T03:59:41.793441Z,0.0200,102.00,yes
2026-10-03T03:59:41.793441Z,0.0200,171.95,yes
2026-10-03T03:59:49.386475Z,0.0300,6.24,yes
2026-10-03T03:59:49.386475Z,0.0200,37.03,yes
2026-10-03T03:59:52.313072Z,0.0200,36.08,yes
2026-10-03T03:59:52.313072Z,0.0200,131.72,yes
2026-10-03T04:00:08.736051Z,0.0300,38.08,yes
2026-10-03T04:00:08.736051Z,0.0200,36.08,yes
2026-10-03T04:00:10.346083Z,0.0100,70.27,no
2026-10-03T04:00:14.904081Z,0.0300,38.08,yes
2026-10-03T04:00:14.904081Z,0.0200,36.45,yes
2026-10-03T04:00:20.219057Z,0.0200,38.06,yes
2026-10-03T04:00:20.219057Z,0.0200,93.89,yes
2026-10-03T04:00:20.219057Z,0.0200,102.00,yes
2026-10-03T04:00:23.729098Z,0.0300,112.14,yes
2026-10-03T04:00:23.729098Z,0.0200,102.00,yes
2026-10-03T04:00:23.729098Z,0.0200,38.30,yes
2026-10-03T04:00:23.729098Z,0.0200,106.11,yes
2026-10-03T04:00:26.625792Z,0.0200,38.30,yes
2026-10-03T04:00:26.625792Z,0.0200,102.00,yes
2026-10-03T04:00:28.409947Z,0.0300,2120.71,yes
2026-10-03T04:00:28.409947Z,0.0300,2960.91,yes
2026-10-03T04:00:28.409947Z,0.0200,102.00,yes
2026-10-03T04:00:28.409947Z,0.0200,38.16,yes
2026-10-03T04:00:28.409947Z,0.0200,200.00,yes
2026-10-03T04:00:28.409947Z,0.0200,200.00,yes
2026-10-03T04:00:28.409947Z,0.0200,200.00,yes
2026-10-03T04:00:28.409947Z,0.0200,200.00,yes
2026-10-03T04:00:28.409947Z,0.0200,200.00,yes
2026-10-03T04:00:28.409947Z,0.0200,200.00,yes
2026-10-03T04:00:28.409947Z,0.0200,200.00,yes
2026-10-03T04:00:28.409947Z,0.0200,200.00,yes
2026-10-03T04:00:32.347988Z,0.0100,277.40,no
2026-10-03T04:00:49.335469Z,0.0300,1039.09,yes
2026-10-03T04:00:49.335469Z,0.0300,920.83,yes
2026-10-03T04:00:49.335469Z,0.0200,102.00,yes
2026-10-03T04:00:49.335469Z,0.0200,38.62,yes
2026-10-03T04:00:49.335469Z,0.0200,200.00,yes
2026-10-03T04:00:49.335469Z,0.0200,200.00,yes
2026-10-03T04:00:49.335469Z,0.0200,200.00,yes
2026-10-03T04:00:49.335469Z,0.0200,200.00,yes
2026-10-03T04:00:49.335469Z,0.0200,200.00,yes
2026-10-03T04:00:49.335469Z,0.0200,200.00,yes
2026-10-03T04:00:49.335469Z,0.0200,200.00,yes
2026-10-03T04:00:49.335469Z,0.0200,200.00,yes
2026-10-03T04:00:57.861421Z,0.0200,8.22,yes
2026-10-03T04:00:57.861421Z,0.0200,38.57,yes
2026-10-03T04:00:58.177304Z,0.0200,38.56,yes
2026-10-03T04:00:58.177304Z,0.0200,36.30,yes
2026-10-03T04:01:03.908467Z,0.0200,38.56,yes
2026-10-03T04:01:03.908467Z,0.0200,8.23,yes
2026-10-03T04:01:04.068985Z,0.0200,93.58,yes
2026-10-03T04:01:10.685757Z,0.0200,15.00,yes
2026-10-03T04:01:10.685757Z,0.0200,10.53,yes
2026-10-03T04:01:10.685757Z,0.0200,8.23,yes
2026-10-03T04:01:10.685757Z,0.0200,0.19,yes
2026-10-03T04:01:10.685757Z,0.0200,200.00,yes
2026-10-03T04:01:11.413581Z,0.0100,5.02,no
2026-10-03T04:01:20.135757Z,0.0200,102.00,yes
2026-10-03T04:01:20.135757Z,0.0200,37.99,yes
2026-10-03T04:01:20.135757Z,0.0200,327.91,yes
2026-10-03T04:01:22.682923Z,0.0200,25.00,yes
2026-10-03T04:01:41.36909Z,0.0200,93.58,yes
2026-10-03T04:01:48.032831Z,0.0200,46.79,yes
2026-10-03T04:01:55.924998Z,0.0200,935.80,yes
2026-10-03T04:01:58.718641Z,0.0100,2.92,no
2026-10-03T04:02:04.456988Z,0.0200,38.11,yes
2026-10-03T04:02:04.456988Z,0.0200,452.69,yes
2026-10-03T04:02:04.456988Z,0.0200,64.20,yes
2026-10-03T04:02:14.669249Z,0.0100,49.26,no
2026-10-03T04:02:15.110827Z,0.0200,280.74,yes
2026-10-03T04:02:17.947665Z,0.0300,10.00,yes
2026-10-03T04:02:17.947665Z,0.0300,1063.05,yes
2026-10-03T04:02:17.947665Z,0.0200,266.57,yes
2026-10-03T04:02:17.947665Z,0.0200,200.00,yes
2026-10-03T04:02:17.947665Z,0.0200,200.00,yes
2026-10-03T04:02:17.947665Z,0.0200,1.00,yes
2026-10-03T04:02:17.947665Z,0.0200,10.00,yes
2026-10-03T04:02:20.765239Z,0.0100,1.11,no
2026-10-03T04:02:23.688669Z,0.0200,15.00,yes
2026-10-03T04:02:23.688669Z,0.0200,38.47,yes
2026-10-03T04:02:28.158292Z,0.0200,73.00,no
2026-10-03T04:02:31.671619Z,0.0200,0.61,no
2026-10-03T04:02:44.966714Z,0.0200,33.00,no
2026-10-03T04:02:44.966714Z,0.0200,122.92,no
2026-10-03T04:02:44.966714Z,0.0200,44.08,no
2026-10-03T04:02:44.966874Z,0.0200,97.92,no
2026-10-03T04:02:44.966874Z,0.0200,65.00,no
2026-10-03T04:02:55.639567Z,0.0200,6.24,yes
2026-10-03T04:02:55.639567Z,0.0200,37.35,yes
2026-10-03T04:02:58.496037Z,0.0200,200.00,yes
2026-10-03T04:02:58.496037Z,0.0200,200.00,yes
2026-10-03T04:02:58.496037Z,0.0200,200.00,yes
2026-10-03T04:02:58.496037Z,0.0200,200.00,yes
2026-10-03T04:02:58.496037Z,0.0200,200.00,yes
2026-10-03T04:02:58.496037Z,0.0200,200.00,yes
2026-10-03T04:02:58.496037Z,0.0200,193.76,yes
2026-10-03T04:02:58.496037Z,0.0200,102.00,yes
2026-10-03T04:02:58.496037Z,0.0200,200.00,yes
2026-10-03T04:03:08.600485Z,0.0300,31.21,yes
2026-10-03T04:03:16.985342Z,0.0200,33.00,no
2026-10-03T04:03:16.985342Z,0.0200,38.67,no
2026-10-03T04:03:20.863113Z,0.0200,200.00,yes
2026-10-03T04:03:20.863113Z,0.0200,200.00,yes
2026-10-03T04:03:20.863113Z,0.0200,200.00,yes
2026-10-03T04:03:20.863113Z,0.0200,200.00,yes
2026-10-03T04:03:20.863113Z,0.0200,200.00,yes
2026-10-03T04:03:20.863113Z,0.0200,200.00,yes
2026-10-03T04:03:20.863113Z,0.0200,128.33,yes
2026-10-03T04:03:20.863113Z,0.0200,200.00,yes
2026-10-03T04:03:20.863113Z,0.0200,102.00,yes
2026-10-03T04:03:24.336248Z,0.0200,18.43,no
2026-10-03T04:03:24.336248Z,0.0200,37.82,no
2026-10-03T04:03:26.595046Z,0.0300,7.80,yes
2026-10-03T04:03:42.961972Z,0.0200,25.00,no
2026-10-03T04:03:43.675037Z,0.0300,312.13,yes
2026-10-03T04:03:45.912039Z,0.0300,156.06,yes
2026-10-03T04:03:48.362227Z,0.0200,99.03,no
2026-10-03T04:03:48.362227Z,0.0200,12.97,no
2026-10-03T04:03:48.362227Z,0.0200,1.00,no
2026-10-03T04:03:48.362227Z,0.0200,33.00,no
2026-10-03T04:03:48.362227Z,0.0200,54.00,no
2026-10-03T04:03:48.362486Z,0.0200,100.97,no
2026-10-03T04:03:51.832424Z,0.0200,38.05,no
2026-10-03T04:03:51.832424Z,0.0200,161.95,no
2026-10-03T04:03:51.83243Z,0.0200,100.00,no
2026-10-03T04:03:51.83243Z,0.0200,1.00,no
2026-10-03T04:03:51.83243Z,0.0200,33.00,no
2026-10-03T04:03:51.83243Z,0.0200,38.05,no
2026-10-03T04:03:57.764344Z,0.0200,0.81,no
2026-10-03T04:03:59.212959Z,0.0200,37.24,no
2026-10-03T04:03:59.212959Z,0.0200,25.18,no
2026-10-03T04:04:01.88594Z,0.0100,634.47,no
2026-10-03T04:04:01.88594Z,0.0200,38.05,no
2026-10-03T04:04:01.88594Z,0.0200,7.82,no
2026-10-03T04:04:01.88594Z,0.0200,100.00,no
2026-10-03T04:04:01.919105Z,0.0200,38.11,no
2026-10-03T04:04:02.296045Z,0.0100,4.76,no
2026-10-03T04:04:04.372262Z,0.0100,400.00,no
2026-10-03T04:04:08.711481Z,0.0100,51.79,no
2026-10-03T04:04:28.922338Z,0.0200,62.00,yes
2026-10-03T04:04:28.922338Z,0.0200,38.11,yes
2026-10-03T04:04:30.557526Z,0.0300,62.00,yes
2026-10-03T04:04:34.655169Z,0.0300,1367.75,yes
2026-10-03T04:04:34.655169Z,0.0300,2932.25,yes
2026-10-03T04:04:34.655169Z,0.0300,700.00,yes
2026-10-03T04:04:34.880089Z,0.0300,31.21,yes
2026-10-03T04:04:36.101225Z,0.0300,36.54,yes
2026-10-03T04:04:36.101225Z,0.0300,10.00,yes
2026-10-03T04:04:49.186522Z,0.0400,76.03,yes
2026-10-03T04:04:52.165831Z,0.0400,7.97,yes
2026-10-03T04:04:52.165831Z,0.0400,10.82,yes
2026-10-03T04:04:53.040039Z,0.0400,17.33,yes
2026-10-03T04:04:58.383307Z,0.0400,74.00,yes
2026-10-03T04:04:58.383307Z,0.0400,1.00,yes
2026-10-03T04:04:58.383307Z,0.0400,1.85,yes
2026-10-03T04:04:58.383307Z,0.0400,10.15,yes
2026-10-03T04:05:02.365765Z,0.0400,0.85,yes
2026-10-03T04:05:02.365765Z,0.0500,18.00,yes
2026-10-03T04:05:05.77466Z,0.0500,9.37,yes
2026-10-03T04:05:09.487314Z,0.0300,33.00,no
2026-10-03T04:05:09.487314Z,0.0400,45.00,no
2026-10-03T04:05:09.487314Z,0.0300,15.58,no
2026-10-03T04:05:09.617713Z,0.0500,18.00,yes
2026-10-03T04:05:09.620573Z,0.0500,3.63,yes
2026-10-03T04:05:09.620573Z,0.0500,15.00,yes
2026-10-03T04:05:12.068211Z,0.0500,142.85,yes
2026-10-03T04:05:13.020187Z,0.0600,12.00,yes
2026-10-03T04:05:13.020187Z,0.0600,111.46,yes
2026-10-03T04:05:13.020187Z,0.0700,1.00,yes
2026-10-03T04:05:13.020187Z,0.0600,156.00,yes
2026-10-03T04:05:13.020187Z,0.0600,1.00,yes
2026-10-03T04:05:13.020187Z,0.0600,2.00,yes
2026-10-03T04:05:13.020187Z,0.0600,2.00,yes
2026-10-03T04:05:13.020187Z,0.0600,39.00,yes
2026-10-03T04:05:13.020187Z,0.0700,1626.46,yes
2026-10-03T04:05:13.020187Z,0.0600,20.22,yes
2026-10-03T04:05:13.020187Z,0.0600,49.00,yes
2026-10-03T04:05:13.020187Z,0.0500,842.15,yes
2026-10-03T04:05:13.020187Z,0.0600,50.00,yes
2026-10-03T04:05:13.020187Z,0.0600,2.00,yes
2026-10-03T04:05:13.020187Z,0.0600,25.00,yes
2026-10-03T04:05:13.020187Z,0.0500,2.00,yes
2026-10-03T04:05:13.020187Z,0.0600,1.00,yes
2026-10-03T04:05:13.020187Z,0.0500,49.00,yes
2026-10-03T04:05:13.020187Z,0.0600,75.00,yes
2026-10-03T04:05:23.421649Z,0.0600,38.61,yes
2026-10-03T04:05:23.421649Z,0.0600,18.40,yes
2026-10-03T04:05:23.421649Z,0.0600,78.00,yes
2026-10-03T04:05:23.421649Z,0.0600,2.00,yes
2026-10-03T04:05:23.421649Z,0.0600,19.36,yes
2026-10-03T04:05:25.014105Z,0.0600,22.00,yes
2026-10-03T04:05:25.014105Z,0.0600,24.44,yes
2026-10-03T04:05:25.014105Z,0.0600,30.60,yes
2026-10-03T04:05:26.449364Z,0.0600,13.38,yes
2026-10-03T04:05:26.449364Z,0.0600,36.62,yes
2026-10-03T04:05:29.300509Z,0.0600,20.20,yes
2026-10-03T04:05:29.300509Z,0.0600,2.00,yes
2026-10-03T04:05:31.25199Z,0.0600,46.91,yes
2026-10-03T04:05:31.968265Z,0.0600,10.89,yes
2026-10-03T04:05:31.968265Z,0.0600,2.00,yes
2026-10-03T04:05:31.968265Z,0.0700,100.33,yes
2026-10-03T04:05:32.96095Z,0.0600,46.91,yes
2026-10-03T04:05:33.757677Z,0.0600,2.00,yes
2026-10-03T04:05:33.757677Z,0.0600,31.09,yes
2026-10-03T04:05:33.757677Z,0.0600,49.00,yes
2026-10-03T04:05:33.757677Z,0.0700,63.70,yes
2026-10-03T04:05:35.711779Z,0.0600,13.63,yes
2026-10-03T04:05:35.711779Z,0.0600,2.00,yes
2026-10-03T04:05:36.337494Z,0.0600,1.00,yes
2026-10-03T04:05:50.814505Z,0.0600,2.00,yes
2026-10-03T04:05:50.814505Z,0.0600,19.73,yes
2026-10-03T04:05:58.711125Z,0.0600,15.63,yes
2026-10-03T04:06:02.240534Z,0.0600,49.00,yes
2026-10-03T04:06:02.240534Z,0.0600,36.83,yes
2026-10-03T04:06:02.240534Z,0.0600,9.64,yes
2026-10-03T04:06:02.240534Z,0.0600,15.28,yes
2026-10-03T04:06:02.240534Z,0.0600,2.00,yes
2026-10-03T04:06:02.240534Z,0.0600,1000.00,yes
2026-10-03T04:06:02.240534Z,0.0600,428.65,yes
2026-10-03T04:06:05.25183Z,0.0500,36.29,yes
2026-10-03T04:06:05.25183Z,0.0500,1.21,yes
2026-10-03T04:06:07.09735Z,0.0500,45.00,yes
2026-10-03T04:06:07.09735Z,0.0600,234.25,yes
2026-10-03T04:06:07.09735Z,0.0500,49.00,yes
2026-10-03T04:06:07.09735Z,0.0500,2.00,yes
2026-10-03T04:06:07.09735Z,0.0500,91.79,yes
2026-10-03T04:06:08.372977Z,0.0400,44.15,no
2026-10-03T04:06:08.372977Z,0.0400,1.00,no
2026-10-03T04:06:08.372977Z,0.0400,1.00,no
2026-10-03T04:06:09.817504Z,0.0400,100.00,no
2026-10-03T04:06:09.817504Z,0.0400,9.85,no
2026-10-03T04:06:09.817504Z,0.0400,51.00,no
2026-10-03T04:06:11.301681Z,0.0600,162.51,yes
2026-10-03T04:06:11.301681Z,0.0500,2.00,yes
2026-10-03T04:06:11.301681Z,0.0500,37.72,yes
2026-10-03T04:06:11.301681Z,0.0500,49.00,yes
2026-10-03T04:06:11.301681Z,0.0500,11.77,yes
2026-10-03T04:06:11.301681Z,0.0400,51.00,yes
2026-10-03T04:06:12.71849Z,0.0500,2.00,yes
2026-10-03T04:06:12.71849Z,0.0500,37.23,yes
2026-10-03T04:06:12.71849Z,0.0500,3.53,yes
2026-10-03T04:06:12.71849Z,0.0500,51.00,yes
2026-10-03T04:06:12.876598Z,0.0500,37.50,yes
2026-10-03T04:06:15.89597Z,0.0500,61.02,yes
2026-10-03T04:06:15.89597Z,0.0500,51.97,yes
2026-10-03T04:06:15.89597Z,0.0500,49.00,yes
2026-10-03T04:06:15.89597Z,0.0500,2.00,yes
2026-10-03T04:06:15.89597Z,0.0600,18.69,yes
2026-10-03T04:06:17.246551Z,0.0500,12.37,yes
2026-10-03T04:06:17.526055Z,0.0400,51.00,no
2026-10-03T04:06:17.526055Z,0.0400,37.23,no
2026-10-03T04:06:20.394635Z,0.0400,117.12,yes
2026-10-03T04:06:28.177033Z,0.0400,117.12,yes
2026-10-03T04:06:31.355767Z,0.0400,1.00,yes
2026-10-03T04:06:40.245717Z,0.0400,585.64,yes
2026-10-03T04:06:40.386393Z,0.0400,116.00,yes
2026-10-03T04:06:43.027506Z,0.0300,1.50,no
2026-10-03T04:06:53.650695Z,0.0400,46.85,yes
2026-10-03T04:06:55.412528Z,0.0400,37.12,yes
2026-10-03T04:06:55.412528Z,0.0400,2.00,yes
2026-10-03T04:06:55.412528Z,0.0400,90.00,yes
2026-10-03T04:06:55.412528Z,0.0500,213.35,yes
2026-10-03T04:06:55.412528Z,0.0400,2.15,yes
2026-10-03T04:06:55.412528Z,0.0500,49.00,yes
2026-10-03T04:07:02.386759Z,0.0300,25.00,no
2026-10-03T04:07:02.386759Z,0.0300,70.00,no
2026-10-03T04:07:02.386759Z,0.0300,100.00,no
2026-10-03T04:07:02.386759Z,0.0300,51.00,no
2026-10-03T04:07:02.386759Z,0.0300,331.50,no
2026-10-03T04:07:02.386759Z,0.0300,33.00,no
2026-10-03T04:07:02.386759Z,0.0300,200.00,no
2026-10-03T04:07:03.209366Z,0.0400,49.00,yes
2026-10-03T04:07:03.209366Z,0.0400,36.84,yes
2026-10-03T04:07:03.209366Z,0.0400,2.00,yes
2026-10-03T04:07:03.209366Z,0.0400,25.00,yes
2026-10-03T04:07:03.209366Z,0.0400,4.28,yes
2026-10-03T04:07:06.893467Z,0.0400,27.12,yes
2026-10-03T04:07:06.893467Z,0.0400,90.00,yes
2026-10-03T04:07:11.578358Z,0.0400,13.00,yes
2026-10-03T04:07:11.578358Z,0.0400,87.00,yes
2026-10-03T04:07:11.578358Z,0.0400,49.00,yes
2026-10-03T04:07:11.578358Z,0.0400,90.00,yes
2026-10-03T04:07:11.578358Z,0.0400,2.00,yes
2026-10-03T04:07:11.578358Z,0.0500,87.08,yes
2026-10-03T04:07:16.222819Z,0.0500,25.00,yes
2026-10-03T04:07:16.222819Z,0.0500,51.00,yes
2026-10-03T04:07:16.222819Z,0.0500,49.00,yes
2026-10-03T04:07:16.222819Z,0.0500,41.71,yes
2026-10-03T04:07:16.222819Z,0.0500,20.81,yes
2026-10-03T04:07:17.790147Z,0.0500,16.68,yes
2026-10-03T04:07:17.790147Z,0.0500,2.00,yes
2026-10-03T04:07:17.790147Z,0.0500,26.32,yes
2026-10-03T04:07:17.790147Z,0.0500,8.07,yes
2026-10-03T04:07:23.772496Z,0.0500,49.00,yes
2026-10-03T04:07:23.772496Z,0.0500,333.00,yes
2026-10-03T04:07:23.772496Z,0.0500,66.68,yes
2026-10-03T04:07:23.772496Z,0.0500,541.53,yes
2026-10-03T04:07:23.772496Z,0.0500,2.00,yes
2026-10-03T04:07:25.244834Z,0.0500,18.75,yes
2026-10-03T04:07:25.338008Z,0.0400,40.05,no
2026-10-03T04:07:30.0462Z,0.0500,0.18,yes
2026-10-03T04:07:30.143844Z,0.0500,9.60,yes
2026-10-03T04:07:30.143844Z,0.0500,2.00,yes
2026-10-03T04:07:30.143844Z,0.0500,4.00,yes
2026-10-03T04:07:30.143844Z,0.0500,93.00,yes
2026-10-03T04:07:30.143844Z,0.0500,30.00,yes
2026-10-03T04:07:30.143844Z,0.0500,49.00,yes
2026-10-03T04:07:30.143844Z,0.0500,39.54,yes
2026-10-03T04:07:33.782473Z,0.0500,1.00,yes
2026-10-03T04:07:33.782473Z,0.0500,3.68,yes
2026-10-03T04:07:36.573109Z,0.0500,14.28,yes
2026-10-03T04:07:44.400308Z,0.0500,10.00,yes
2026-10-03T04:07:47.792815Z,0.0500,65.04,yes
2026-10-03T04:07:47.792815Z,0.0500,2.00,yes
2026-10-03T04:07:47.792815Z,0.0500,26.72,yes
2026-10-03T04:07:55.733858Z,0.0500,0.80,yes
2026-10-03T04:07:56.510204Z,0.0500,18.75,yes
2026-10-03T04:07:58.673908Z,0.0400,1.00,no
2026-10-03T04:08:09.844162Z,0.0400,1.00,no
2026-10-03T04:08:09.844162Z,0.0400,9.00,no
2026-10-03T04:08:10.788754Z,0.0600,2028.83,yes
2026-10-03T04:08:10.788754Z,0.0500,2.73,yes
2026-10-03T04:08:10.788754Z,0.0500,2.00,yes
2026-10-03T04:08:12.227603Z,0.0600,257.21,yes
2026-10-03T04:08:16.617278Z,0.0400,1.00,no
2026-10-03T04:08:18.953531Z,0.0600,200.00,yes
2026-10-03T04:08:18.953531Z,0.0600,53.00,yes
2026-10-03T04:08:18.953531Z,0.0600,78.00,yes
2026-10-03T04:08:18.953531Z,0.0600,36.85,yes
2026-10-03T04:08:18.953531Z,0.0600,2.00,yes
2026-10-03T04:08:18.953531Z,0.0600,84.00,yes
2026-10-03T04:08:18.953531Z,0.0600,6.70,yes
2026-10-03T04:08:18.953531Z,0.0600,49.00,yes
2026-10-03T04:08:18.953531Z,0.0600,25.00,yes
2026-10-03T04:08:19.093189Z,0.0600,1.99,no
2026-10-03T04:08:19.161401Z,0.0600,1.00,no
2026-10-03T04:08:20.830979Z,0.0700,134.12,yes
2026-10-03T04:08:26.10542Z,0.0600,50.00,no
2026-10-03T04:08:29.607727Z,0.0600,49.00,yes
2026-10-03T04:08:29.607727Z,0.0600,53.00,yes
2026-10-03T04:08:29.60937Z,0.0700,40.00,yes
2026-10-03T04:08:29.621283Z,0.0700,250.00,yes
2026-10-03T04:08:29.623411Z,0.0700,40.00,yes
2026-10-03T04:08:29.628064Z,0.0700,10.00,yes
2026-10-03T04:08:29.628064Z,0.0700,1.00,yes
2026-10-03T04:08:29.628064Z,0.0700,745.39,yes
2026-10-03T04:08:29.649862Z,0.0900,8.03,yes
2026-10-03T04:08:29.649862Z,0.0900,1.00,yes
2026-10-03T04:08:29.649862Z,0.0800,2.00,yes
2026-10-03T04:08:29.649862Z,0.0900,2.00,yes
2026-10-03T04:08:29.649862Z,0.0800,1.00,yes
2026-10-03T04:08:29.699701Z,0.1000,102.00,yes
2026-10-03T04:08:30.110888Z,0.1000,1.00,yes
2026-10-03T04:08:30.678807Z,0.1000,9.40,yes
2026-10-03T04:08:31.610007Z,0.0900,7.65,no
2026-10-03T04:08:32.831133Z,0.0900,100.00,no
2026-10-03T04:08:34.235747Z,0.0900,52.22,yes
2026-10-03T04:08:37.98956Z,0.0800,15.63,no
2026-10-03T04:08:38.389398Z,0.0800,71.37,no
2026-10-03T04:08:38.817159Z,0.0700,1.00,no
2026-10-03T04:08:38.817159Z,0.0700,142.00,no
2026-10-03T04:08:38.817159Z,0.0700,142.00,no
2026-10-03T04:08:38.817159Z,0.0700,142.00,no
2026-10-03T04:08:38.817159Z,0.0700,142.00,no
2026-10-03T04:08:38.817159Z,0.0700,78.00,no
2026-10-03T04:08:38.817159Z,0.0700,100.00,no
2026-10-03T04:08:40.953109Z,0.0700,38.00,yes
2026-10-03T04:08:41.192545Z,0.0700,40.23,yes
2026-10-03T04:08:45.551793Z,0.0600,7.39,no
2026-10-03T04:08:46.877421Z,0.0700,13.41,yes
2026-10-03T04:08:47.126068Z,0.0700,163.76,yes
2026-10-03T04:08:48.002015Z,0.0600,125.00,no
2026-10-03T04:08:51.275676Z,0.0700,134.12,yes
2026-10-03T04:08:52.3485Z,0.0700,670.62,yes
2026-10-03T04:08:52.713188Z,0.0700,25.88,yes
2026-10-03T04:08:53.572906Z,0.0700,2682.51,yes
2026-10-03T04:08:56.353786Z,0.0700,55.55,yes
2026-10-03T04:08:59.667675Z,0.0600,3.00,no
2026-10-03T04:08:59.701595Z,0.0700,50.00,yes
2026-10-03T04:09:00.415268Z,0.0700,2.00,yes
2026-10-03T04:09:02.727265Z,0.0600,1.61,no
2026-10-03T04:09:02.727265Z,0.0600,24.19,no
2026-10-03T04:09:02.727265Z,0.0600,35.67,no
2026-10-03T04:09:02.767748Z,0.0700,140.00,yes
2026-10-03T04:09:03.967749Z,0.0700,1331.25,yes
2026-10-03T04:09:03.967749Z,0.0700,10.00,yes
2026-10-03T04:09:06.383945Z,0.0700,335.31,yes
2026-10-03T04:09:09.62345Z,0.0700,0.13,yes
2026-10-03T04:09:11.841723Z,0.0700,19.00,yes
2026-10-03T04:09:12.552453Z,0.0700,26.82,yes
2026-10-03T04:09:12.660033Z,0.0700,13.41,yes
2026-10-03T04:09:12.683466Z,0.0700,67.06,yes
2026-10-03T04:09:15.74207Z,0.0700,26.82,yes
2026-10-03T04:09:16.542147Z,0.0500,2.37,no
2026-10-03T04:09:16.542147Z,0.0600,1.00,no
2026-10-03T04:09:16.542147Z,0.0500,1.00,no
2026-10-03T04:09:16.917716Z,0.0700,11.11,yes
2026-10-03T04:09:19.615896Z,0.0700,33.53,yes
2026-10-03T04:09:21.408014Z,0.0600,200.00,yes
2026-10-03T04:09:21.408014Z,0.0600,121.90,yes
2026-10-03T04:09:24.856584Z,0.0600,2.00,yes
2026-10-03T04:09:24.856584Z,0.0600,33.00,yes
2026-10-03T04:09:24.856584Z,0.0600,35.08,yes
2026-10-03T04:09:24.856584Z,0.0700,203.32,yes
2026-10-03T04:09:28.462784Z,0.0600,2.00,yes
2026-10-03T04:09:28.462784Z,0.0600,34.95,yes
2026-10-03T04:09:28.462784Z,0.0600,153.30,yes
2026-10-03T04:09:28.462784Z,0.0600,78.00,yes
2026-10-03T04:09:29.030025Z,0.0600,35.61,yes
2026-10-03T04:09:29.030025Z,0.0600,2.00,yes
2026-10-03T04:09:29.030025Z,0.0600,40.57,yes
2026-10-03T04:09:32.919759Z,0.0700,220.11,yes
2026-10-03T04:09:32.919759Z,0.0600,35.20,yes
2026-10-03T04:09:32.919759Z,0.0600,2.00,yes
2026-10-03T04:09:32.919759Z,0.0600,78.00,yes
2026-10-03T04:09:34.380989Z,0.0700,60.35,yes
2026-10-03T04:09:34.380989Z,0.0600,2.00,yes
2026-10-03T04:09:34.380989Z,0.0600,35.20,yes
2026-10-03T04:09:34.380989Z,0.0600,78.00,yes
2026-10-03T04:09:34.380989Z,0.0600,2.00,yes
2026-10-03T04:09:36.141629Z,0.0600,35.61,yes
2026-10-03T04:09:36.141629Z,0.0600,42.57,yes
2026-10-03T04:09:37.90692Z,0.0700,160.54,yes
2026-10-03T04:09:42.718201Z,0.0700,6.00,yes
2026-10-03T04:09:43.98775Z,0.0700,670.62,yes
2026-10-03T04:09:47.745834Z,0.0500,394.26,no
2026-10-03T04:09:47.745834Z,0.0500,35.20,no
2026-10-03T04:09:51.207426Z,0.0700,10.00,yes
2026-10-03T04:09:54.396411Z,0.0700,13.41,yes
2026-10-03T04:09:55.041089Z,0.0500,3.47,no
2026-10-03T04:09:55.041089Z,0.0500,105.74,no
2026-10-03T04:10:02.656255Z,0.0600,78.00,yes
2026-10-03T04:10:02.656255Z,0.0600,35.80,yes
2026-10-03T04:10:02.656255Z,0.0600,49.00,yes
2026-10-03T04:10:02.656255Z,0.0600,10.00,yes
2026-10-03T04:10:02.656255Z,0.0600,37.21,yes
2026-10-03T04:10:03.188154Z,0.0600,46.91,yes
2026-10-03T04:10:07.713062Z,0.0600,8.44,yes
2026-10-03T04:10:11.400237Z,0.0600,15.63,yes
2026-10-03T04:10:15.308658Z,0.0500,29.00,no
2026-10-03T04:10:18.082632Z,0.0600,41.43,yes
2026-10-03T04:10:19.681967Z,0.0500,1.40,no
2026-10-03T04:10:21.174812Z,0.0600,63.80,yes
2026-10-03T04:10:21.174812Z,0.0600,2.00,yes
2026-10-03T04:10:21.174812Z,0.0600,7.57,yes
2026-10-03T04:10:23.648523Z,0.0600,14.20,yes
2026-10-03T04:10:23.648523Z,0.0600,10.00,yes
2026-10-03T04:10:23.648523Z,0.0600,757.68,yes
2026-10-03T04:10:26.442406Z,0.0600,15.63,yes
2026-10-03T04:10:27.240939Z,0.0500,16.08,no
2026-10-03T04:10:27.374547Z,0.0600,31.27,yes
2026-10-03T04:10:27.836297Z,0.0600,15.48,yes
2026-10-03T04:10:32.437775Z,0.0600,170.50,yes
2026-10-03T04:10:34.318308Z,0.0600,15.63,yes
2026-10-03T04:10:36.212217Z,0.0600,78.18,yes
2026-10-03T04:10:38.897866Z,0.0500,35.61,no
2026-10-03T04:10:38.897866Z,0.0400,50.00,no
2026-10-03T04:10:38.897866Z,0.0500,100.00,no
2026-10-03T04:10:38.897866Z,0.0400,13.39,no
2026-10-03T04:10:38.897866Z,0.0400,1.00,no
2026-10-03T04:10:38.898033Z,0.0400,1.00,no
2026-10-03T04:10:38.898033Z,0.0400,1.00,no
2026-10-03T04:10:38.898033Z,0.0400,112.00,no
2026-10-03T04:10:38.898033Z,0.0400,11.61,no
2026-10-03T04:10:38.903402Z,0.0400,74.00,yes
2026-10-03T04:10:38.906289Z,0.0400,36.80,yes
2026-10-03T04:10:38.906289Z,0.0400,0.39,yes
2026-10-03T04:10:38.907224Z,0.0400,74.00,yes
2026-10-03T04:10:38.908791Z,0.0400,160.80,yes
2026-10-03T04:10:38.908791Z,0.0400,89.20,yes
2026-10-03T04:10:38.91406Z,0.0400,35.19,yes
2026-10-03T04:10:38.91406Z,0.0400,39.20,yes
2026-10-03T04:10:38.918956Z,0.0400,40.00,yes
2026-10-03T04:10:38.92467Z,0.0400,200.00,yes
2026-10-03T04:10:38.92467Z,0.0400,124.81,yes
2026-10-03T04:10:38.92467Z,0.0400,175.19,yes
2026-10-03T04:10:38.926526Z,0.0400,15.19,yes
2026-10-03T04:10:38.926526Z,0.0400,24.81,yes
2026-10-03T04:10:38.930233Z,0.0400,74.00,yes
2026-10-03T04:10:38.932827Z,0.0400,74.00,yes
2026-10-03T04:10:38.933106Z,0.0400,1.00,yes
2026-10-03T04:10:39.024041Z,0.0400,35.81,yes
2026-10-03T04:10:39.024041Z,0.0400,30.19,yes
2026-10-03T04:10:39.241217Z,0.0300,1.00,no
2026-10-03T04:10:39.72769Z,0.0400,117.12,yes
2026-10-03T04:10:40.850617Z,0.0400,138.25,yes
2026-10-03T04:10:40.850617Z,0.0400,52.69,yes
2026-10-03T04:10:40.850617Z,0.0400,200.00,yes
2026-10-03T04:10:50.474694Z,0.0400,315.63,no
2026-10-03T04:10:51.362578Z,0.0500,899.66,yes
2026-10-03T04:10:51.362578Z,0.0500,2.00,yes
2026-10-03T04:10:51.362578Z,0.0500,35.98,yes
2026-10-03T04:10:57.906636Z,0.0500,1428.09,yes
2026-10-03T04:10:57.906636Z,0.0600,10.00,yes
2026-10-03T04:10:57.906636Z,0.0600,1.00,yes
2026-10-03T04:10:58.150668Z,0.0600,50.00,yes
2026-10-03T04:10:58.934256Z,0.0700,1.00,yes
2026-10-03T04:10:59.442687Z,0.0800,1.00,yes
2026-10-03T04:10:59.442687Z,0.0900,200.00,yes
2026-10-03T04:10:59.442687Z,0.0900,34.00,yes
2026-10-03T04:10:59.442687Z,0.0800,2.00,yes
2026-10-03T04:10:59.442687Z,0.0900,2.00,yes
2026-10-03T04:10:59.442687Z,0.0900,60.00,yes
2026-10-03T04:10:59.442687Z,0.0800,100.00,yes
2026-10-03T04:10:59.442687Z,0.0900,49.00,yes
2026-10-03T04:10:59.442687Z,0.0900,19.83,yes
2026-10-03T04:10:59.442687Z,0.0900,50.00,yes
2026-10-03T04:10:59.442687Z,0.1000,2887.60,yes
2026-10-03T04:10:59.453835Z,0.1100,250.00,no
2026-10-03T04:10:59.476976Z,0.1100,17.00,no
2026-10-03T04:10:59.482111Z,0.1100,1.00,no
2026-10-03T04:11:00.089132Z,0.1100,50.00,no
2026-10-03T04:11:00.173543Z,0.1100,1.00,no
2026-10-03T04:11:00.264775Z,0.1200,1.00,yes
2026-10-03T04:11:02.467394Z,0.1100,522.28,no
2026-10-03T04:11:04.073373Z,0.1100,897.62,no
2026-10-03T04:11:04.656332Z,0.1100,250.20,no
2026-10-03T04:11:05.293216Z,0.1100,93.76,no
2026-10-03T04:11:10.644209Z,0.0900,1.86,no
2026-10-03T04:11:10.644209Z,0.1100,0.05,no
2026-10-03T04:11:10.644209Z,0.1000,0.05,no
2026-10-03T04:11:12.275004Z,0.1000,48.00,no
2026-10-03T04:11:12.275004Z,0.0900,11.48,no
2026-10-03T04:11:12.450665Z,0.0900,8.44,no
2026-10-03T04:11:14.765181Z,0.1200,7.84,yes
2026-10-03T04:11:15.014879Z,0.1000,18.41,no
2026-10-03T04:11:15.646092Z,0.1200,187.60,yes
2026-10-03T04:11:15.646092Z,0.1200,200.00,yes
2026-10-03T04:11:15.646092Z,0.1200,12.16,yes
2026-10-03T04:11:16.81384Z,0.1100,25.67,yes
2026-10-03T04:11:17.039356Z,0.1100,1.33,yes
2026-10-03T04:11:17.039356Z,0.1100,12.95,yes
2026-10-03T04:11:21.126171Z,0.1000,47.84,no
2026-10-03T04:11:21.32807Z,0.1100,42.78,yes
2026-10-03T04:11:21.454391Z,0.1000,7.64,no
2026-10-03T04:11:22.564731Z,0.1400,13.68,yes
2026-10-03T04:11:22.564731Z,0.1400,20.00,yes
2026-10-03T04:11:23.785141Z,0.1100,4.70,no
2026-10-03T04:11:24.084477Z,0.1600,10.01,yes
2026-10-03T04:11:24.084477Z,0.1500,24.90,yes
2026-10-03T04:11:24.084477Z,0.1500,1.00,yes
2026-10-03T04:11:24.084477Z,0.1500,45.00,yes
2026-10-03T04:11:24.084477Z,0.1600,2.38,yes
2026-10-03T04:11:24.084477Z,0.1300,48.00,yes
2026-10-03T04:11:25.225399Z,0.1100,21.49,no
2026-10-03T04:11:26.031825Z,0.1300,33.68,yes
2026-10-03T04:11:27.023025Z,0.1200,30.18,no
2026-10-03T04:11:27.023025Z,0.1200,48.00,no
2026-10-03T04:11:28.488608Z,0.1300,7.25,yes
2026-10-03T04:11:28.765519Z,0.1200,72.50,yes
2026-10-03T04:11:30.750982Z,0.1200,3.24,yes
2026-10-03T04:11:30.750982Z,0.1200,114.50,yes
2026-10-03T04:11:31.007107Z,0.1200,10.12,yes
2026-10-03T04:11:31.748938Z,0.1200,200.00,yes
2026-10-03T04:11:31.748938Z,0.1200,5.84,yes
2026-10-03T04:11:31.748938Z,0.1200,186.64,yes
2026-10-03T04:11:33.136406Z,0.1200,194.16,yes
2026-10-03T04:11:33.136406Z,0.1200,198.32,yes
2026-10-03T04:11:34.479885Z,0.1100,37.53,yes
2026-10-03T04:11:34.479885Z,0.1200,3.10,yes
2026-10-03T04:11:34.479885Z,0.1200,1.68,yes
2026-10-03T04:11:35.912708Z,0.1100,4.97,yes
2026-10-03T04:11:35.912708Z,0.1100,37.81,yes
2026-10-03T04:11:36.832399Z,0.1100,33.41,yes
2026-10-03T04:11:36.990715Z,0.1200,60.98,yes
2026-10-03T04:11:36.990715Z,0.1100,5.02,yes
2026-10-03T04:11:37.364691Z,0.1200,79.69,yes
2026-10-03T04:11:37.364691Z,0.1200,200.00,yes
2026-10-03T04:11:37.364691Z,0.1100,49.00,yes
2026-10-03T04:11:37.364691Z,0.1100,64.00,yes
2026-10-03T04:11:37.364691Z,0.1100,85.00,yes
2026-10-03T04:11:37.364691Z,0.1100,2.00,yes
2026-10-03T04:11:37.364691Z,0.1100,48.00,yes
2026-10-03T04:11:37.364691Z,0.1100,4.97,yes
2026-10-03T04:11:37.364691Z,0.1100,38.53,yes
2026-10-03T04:11:39.264379Z,0.1100,85.00,yes
2026-10-03T04:11:39.264379Z,0.1100,38.53,yes
2026-10-03T04:11:39.264379Z,0.1200,119.85,yes
2026-10-03T04:11:39.264379Z,0.1200,2.00,yes
2026-10-03T04:11:39.264379Z,0.1100,64.00,yes
2026-10-03T04:11:39.264379Z,0.1100,2.00,yes
2026-10-03T04:11:39.264379Z,0.1200,120.31,yes
2026-10-03T04:11:39.50758Z,0.1100,8.55,yes
2026-10-03T04:11:39.767005Z,0.1100,85.00,yes
2026-10-03T04:11:39.767005Z,0.1100,2.00,yes
2026-10-03T04:11:39.767005Z,0.1100,64.00,yes
2026-10-03T04:11:39.767005Z,0.1200,25.00,yes
2026-10-03T04:11:39.767005Z,0.1100,28.02,yes
2026-10-03T04:11:39.767005Z,0.1200,2.00,yes
2026-10-03T04:11:39.767005Z,0.1300,50.00,yes
2026-10-03T04:11:39.767005Z,0.1300,2.00,yes
2026-10-03T04:11:39.767005Z,0.1200,435.15,yes
2026-10-03T04:11:39.767005Z,0.1300,5.57,yes
2026-10-03T04:11:39.767005Z,0.1400,33.87,yes
2026-10-03T04:11:41.195153Z,0.1200,31.39,yes
2026-10-03T04:11:42.104181Z,0.1200,18.54,yes
2026-10-03T04:11:42.104181Z,0.1200,3.00,yes
2026-10-03T04:11:42.104181Z,0.1200,2.00,yes
2026-10-03T04:11:42.945959Z,0.1200,3.00,yes
2026-10-03T04:11:44.478708Z,0.1200,60.00,yes
2026-10-03T04:11:44.478708Z,0.1200,2.00,yes
2026-10-03T04:11:44.478708Z,0.1300,3.00,yes
2026-10-03T04:11:44.478708Z,0.1300,50.00,yes
2026-10-03T04:11:44.478708Z,0.1300,6.44,yes
2026-10-03T04:11:44.478708Z,0.1300,36.57,yes
2026-10-03T04:11:44.478708Z,0.1300,2.00,yes
2026-10-03T04:11:44.478708Z,0.1200,14.00,yes
2026-10-03T04:11:44.478708Z,0.1300,106.57,yes
2026-10-03T04:11:47.513054Z,0.1200,2.00,yes
2026-10-03T04:11:47.513054Z,0.1200,37.24,yes
2026-10-03T04:11:48.434584Z,0.1200,38.58,yes
2026-10-03T04:11:48.434584Z,0.1200,2.00,yes
2026-10-03T04:11:48.434584Z,0.1200,36.34,yes
2026-10-03T04:11:48.561412Z,0.1200,37.48,yes
2026-10-03T04:11:48.561412Z,0.1200,2.00,yes
2026-10-03T04:11:48.561412Z,0.1300,5.06,yes
2026-10-03T04:11:48.561412Z,0.1300,153.03,yes
2026-10-03T04:11:48.89199Z,0.1200,1.00,yes
2026-10-03T04:11:48.89199Z,0.1200,17.01,yes
2026-10-03T04:11:48.89199Z,0.1200,2.00,yes
2026-10-03T04:11:49.133993Z,0.1200,7.84,yes
2026-10-03T04:11:50.310491Z,0.1300,9.65,yes
2026-10-03T04:11:50.310491Z,0.1300,21.52,yes
2026-10-03T04:11:50.310491Z,0.1300,4.08,yes
2026-10-03T04:11:50.310491Z,0.1300,1.00,yes
2026-10-03T04:11:50.467282Z,0.1300,21.75,yes
2026-10-03T04:11:52.041208Z,0.1300,10.76,yes
2026-10-03T04:11:52.041208Z,0.1300,2.00,yes
2026-10-03T04:11:52.041208Z,0.1300,4.00,yes
2026-10-03T04:11:52.041208Z,0.1300,3.00,yes
2026-10-03T04:11:52.041208Z,0.1300,38.12,yes
2026-10-03T04:11:52.041208Z,0.1300,160.19,yes
2026-10-03T04:11:52.40065Z,0.1300,32.77,yes
2026-10-03T04:11:52.456371Z,0.1300,17.02,yes
2026-10-03T04:11:52.456371Z,0.1300,2.00,yes
2026-10-03T04:11:52.456371Z,0.1300,17.23,yes
2026-10-03T04:11:53.666953Z,0.1400,168.43,yes
2026-10-03T04:11:55.460018Z,0.1300,125.00,yes
2026-10-03T04:11:55.909582Z,0.1300,1.00,no
2026-10-03T04:11:56.440419Z,0.1400,101.05,yes
2026-10-03T04:11:56.670853Z,0.1400,33.68,yes
2026-10-03T04:11:56.802038Z,0.1400,1219.44,yes
2026-10-03T04:11:57.177561Z,0.1400,148.22,yes
2026-10-03T04:11:57.359518Z,0.1300,1.00,no
2026-10-03T04:11:58.443249Z,0.1400,168.43,yes
2026-10-03T04:11:58.928046Z,0.1400,67.37,yes
2026-10-03T04:11:58.96804Z,0.1200,357.90,no
2026-10-03T04:11:58.96804Z,0.1300,499.00,no
2026-10-03T04:11:58.96804Z,0.1300,60.00,no
2026-10-03T04:11:58.96804Z,0.1200,12.11,no
2026-10-03T04:11:58.968185Z,0.1400,67.37,yes
2026-10-03T04:11:59.246474Z,0.1400,62.50,yes
2026-10-03T04:11:59.988695Z,0.1400,168.43,yes
2026-10-03T04:12:00.4993Z,0.1400,33.68,yes
2026-10-03T04:12:01.647442Z,0.1400,168.43,yes
2026-10-03T04:12:01.841974Z,0.1400,33.68,yes
2026-10-03T04:12:02.89993Z,0.1400,67.37,yes
2026-10-03T04:12:03.26781Z,0.1400,117.00,yes
2026-10-03T04:12:03.455561Z,0.1400,33.68,yes
2026-10-03T04:12:04.119067Z,0.1400,70.00,yes
2026-10-03T04:12:04.570483Z,0.1400,4.85,yes
2026-10-03T04:12:05.556697Z,0.1400,9.78,yes
2026-10-03T04:12:05.650983Z,0.1400,1.00,yes
2026-10-03T04:12:05.708998Z,0.1400,6.73,yes
2026-10-03T04:12:07.039079Z,0.1300,2.95,no
2026-10-03T04:12:07.732771Z,0.1400,67.37,yes
2026-10-03T04:12:08.060249Z,0.1400,52.50,yes
2026-10-03T04:12:08.485943Z,0.1400,6.73,yes
2026-10-03T04:12:08.595907Z,0.1400,7.00,yes
2026-10-03T04:12:08.691602Z,0.1300,33.43,no
2026-10-03T04:12:08.691602Z,0.1300,696.76,no
2026-10-03T04:12:08.761744Z,0.1400,20.21,yes
2026-10-03T04:12:08.92559Z,0.1300,67.06,no
2026-10-03T04:12:09.426128Z,0.1400,101.12,yes
2026-10-03T04:12:09.849136Z,0.1400,44.78,yes
2026-10-03T04:12:10.065152Z,0.1400,336.86,yes
2026-10-03T04:12:10.488861Z,0.1400,66.49,yes
2026-10-03T04:12:10.527217Z,0.1300,167.04,no
2026-10-03T04:12:10.618005Z,0.1400,336.86,yes
2026-10-03T04:12:10.863934Z,0.1400,168.43,yes
2026-10-03T04:12:10.979844Z,0.1400,33.68,yes
2026-10-03T04:12:11.990786Z,0.1400,88.25,yes
2026-10-03T04:12:12.361211Z,0.1400,202.11,yes
2026-10-03T04:12:13.279435Z,0.1400,26.94,yes
2026-10-03T04:12:13.616097Z,0.1400,67.37,yes
2026-10-03T04:12:13.717771Z,0.1400,67.37,yes
2026-10-03T04:12:14.078868Z,0.1400,25.00,yes
2026-10-03T04:12:16.230571Z,0.1400,6.73,yes
2026-10-03T04:12:16.395595Z,0.1400,0.06,yes
2026-10-03T04:12:16.753821Z,0.1400,6.73,yes
2026-10-03T04:12:17.49582Z,0.1300,773.16,no
2026-10-03T04:12:17.628178Z,0.1400,6.73,yes
2026-10-03T04:12:17.725432Z,0.1400,336.86,yes
2026-10-03T04:12:19.285694Z,0.1400,134.74,yes
2026-10-03T04:12:19.286086Z,0.1400,20.21,yes
2026-10-03T04:12:20.244311Z,0.1400,3.97,yes
2026-10-03T04:12:20.461798Z,0.1400,13.78,yes
2026-10-03T04:12:20.461798Z,0.1400,19.90,yes
2026-10-03T04:12:21.05272Z,0.1400,78.75,yes
2026-10-03T04:12:21.753309Z,0.1400,31.86,yes
2026-10-03T04:12:22.337139Z,0.1400,202.11,yes
2026-10-03T04:12:22.410949Z,0.1400,336.86,yes
2026-10-03T04:12:22.778373Z,0.1400,0.80,yes
2026-10-03T04:12:22.783308Z,0.1400,168.43,yes
2026-10-03T04:12:22.818363Z,0.1400,168.43,yes
2026-10-03T04:12:24.270188Z,0.1400,30.37,yes
2026-10-03T04:12:24.438359Z,0.1400,33.68,yes
2026-10-03T04:12:26.073294Z,0.1400,134.74,yes
2026-10-03T04:12:26.314009Z,0.1400,336.86,yes
2026-10-03T04:12:26.460223Z,0.1300,357.90,no
2026-10-03T04:12:27.170683Z,0.1400,20.21,yes
2026-10-03T04:12:27.742363Z,0.1400,33.68,yes
2026-10-03T04:12:27.748447Z,0.1400,3.32,yes
2026-10-03T04:12:27.748447Z,0.1400,71.68,yes
2026-10-03T04:12:27.902692Z,0.1400,62.50,yes
2026-10-03T04:12:28.305421Z,0.1300,492.49,no
2026-10-03T04:12:29.098015Z,0.1400,13.47,yes
2026-10-03T04:12:29.186201Z,0.1400,19.33,yes
2026-10-03T04:12:29.228319Z,0.1400,67.37,yes
2026-10-03T04:12:29.304072Z,0.1400,18.68,yes
2026-10-03T04:12:29.559207Z,0.1400,156.00,yes
2026-10-03T04:12:30.641505Z,0.1400,58.00,yes
2026-10-03T04:12:31.404648Z,0.1400,67.37,yes
2026-10-03T04:12:31.970903Z,0.1400,309.91,yes
2026-10-03T04:12:32.646519Z,0.1400,346.02,yes
2026-10-03T04:12:32.646519Z,0.1400,4643.98,yes
2026-10-03T04:12:32.646519Z,0.1400,10.00,yes
2026-10-03T04:12:32.98233Z,0.1400,134.74,yes
2026-10-03T04:12:33.005741Z,0.1400,62.50,yes
2026-10-03T04:12:33.038681Z,0.1400,168.43,yes
2026-10-03T04:12:34.971728Z,0.1400,67.37,yes
2026-10-03T04:12:35.125773Z,0.1400,33.68,yes
2026-10-03T04:12:35.264817Z,0.1400,140.13,yes
2026-10-03T04:12:35.502325Z,0.1400,5.05,yes
2026-10-03T04:12:36.474191Z,0.1300,0.17,no
2026-10-03T04:12:37.653454Z,0.1400,92.66,yes
2026-10-03T04:12:37.653454Z,0.1400,42.08,yes
2026-10-03T04:12:38.716772Z,0.1400,67.37,yes
2026-10-03T04:12:39.141344Z,0.1300,156.06,no
2026-10-03T04:12:39.443199Z,0.1400,62.50,yes
2026-10-03T04:12:40.688363Z,0.1400,13.47,yes
2026-10-03T04:12:41.746276Z,0.1400,134.74,yes
2026-10-03T04:12:42.085001Z,0.1400,33.64,yes
2026-10-03T04:12:44.038834Z,0.1400,696.00,yes
2026-10-03T04:12:44.038834Z,0.1400,10.00,yes
2026-10-03T04:12:44.038834Z,0.1400,1956.03,yes
2026-10-03T04:12:44.038834Z,0.1400,2202.28,yes
2026-10-03T04:12:47.422163Z,0.1400,592.88,yes
2026-10-03T04:12:48.096438Z,0.1400,451.09,yes
2026-10-03T04:12:48.096438Z,0.1400,492.12,yes
2026-10-03T04:12:49.274812Z,0.1400,25.80,yes
2026-10-03T04:12:49.274812Z,0.1400,7.88,yes
2026-10-03T04:12:49.478646Z,0.1400,6.73,yes
2026-10-03T04:12:51.086523Z,0.1400,509.94,yes
2026-10-03T04:12:51.086523Z,0.1400,82.94,yes
2026-10-03T04:12:51.364405Z,0.1400,13.00,yes
2026-10-03T04:12:52.635417Z,0.1400,33.68,yes
2026-10-03T04:12:53.287124Z,0.1400,33.68,yes
2026-10-03T04:12:53.332089Z,0.1400,62.43,yes
2026-10-03T04:12:53.895687Z,0.1400,1461.98,yes
2026-10-03T04:12:54.33327Z,0.1400,134.74,yes
2026-10-03T04:12:54.76235Z,0.1400,13.47,yes
2026-10-03T04:12:55.258961Z,0.1400,33.68,yes
2026-10-03T04:12:55.618167Z,0.1300,133.77,no
2026-10-03T04:12:57.083207Z,0.1400,33.68,yes
2026-10-03T04:12:57.230169Z,0.1400,16.84,yes
2026-10-03T04:12:58.186538Z,0.1400,6.73,yes
2026-10-03T04:12:58.398381Z,0.1400,67.37,yes
2026-10-03T04:12:59.656525Z,0.1300,992.28,no
2026-10-03T04:13:01.332931Z,0.1400,222.33,yes
2026-10-03T04:13:01.939051Z,0.1400,25.00,yes
2026-10-03T04:13:02.9995Z,0.1400,53.89,yes
2026-10-03T04:13:03.168005Z,0.1400,168.43,yes
2026-10-03T04:13:03.228045Z,0.1400,33.68,yes
2026-10-03T04:13:04.278878Z,0.1400,75.45,yes
2026-10-03T04:13:04.278878Z,0.1400,10.00,yes
2026-10-03T04:13:04.278878Z,0.1400,15.60,yes
2026-10-03T04:13:04.302365Z,0.1400,134.74,yes
2026-10-03T04:13:05.110031Z,0.1400,0.34,yes
2026-10-03T04:13:05.110031Z,0.1400,49.66,yes
2026-10-03T04:13:05.865201Z,0.1400,54.66,yes
2026-10-03T04:13:05.865201Z,0.1500,137.67,yes
2026-10-03T04:13:06.31282Z,0.1500,291.00,yes
2026-10-03T04:13:08.209355Z,0.1500,92.81,yes
2026-10-03T04:13:09.157753Z,0.1500,31.46,yes
2026-10-03T04:13:09.945315Z,0.1500,2.07,yes
2026-10-03T04:13:11.366172Z,0.1500,58.82,yes
2026-10-03T04:13:13.870805Z,0.1500,157.30,yes
2026-10-03T04:13:15.242551Z,0.1500,122.05,yes
2026-10-03T04:13:15.611993Z,0.1500,157.30,yes
2026-10-03T04:13:17.06815Z,0.1400,40.05,no
2026-10-03T04:13:17.06815Z,0.1300,1405.64,no
2026-10-03T04:13:17.06815Z,0.1400,72.00,no
2026-10-03T04:13:17.06815Z,0.1400,34.00,no
2026-10-03T04:13:17.06815Z,0.1400,9.00,no
2026-10-03T04:13:18.636579Z,0.1400,7.19,no
2026-10-03T04:13:18.658428Z,0.1400,4.92,no
2026-10-03T04:13:18.658428Z,0.1400,32.58,no
2026-10-03T04:13:19.014739Z,0.1500,31.46,yes
2026-10-03T04:13:20.207673Z,0.1500,51.59,yes
2026-10-03T04:13:20.41651Z,0.1500,111.00,yes
2026-10-03T04:13:20.760853Z,0.1500,44.04,yes
2026-10-03T04:13:20.825642Z,0.1500,157.30,yes
2026-10-03T04:13:21.981963Z,0.1500,62.98,yes
2026-10-03T04:13:22.10187Z,0.1500,181.09,yes
2026-10-03T04:13:22.12892Z,0.1500,147.05,yes
2026-10-03T04:13:23.738407Z,0.1500,68.64,yes
2026-10-03T04:13:26.25347Z,0.1500,220.24,yes
2026-10-03T04:13:26.25347Z,0.1500,94.37,yes
2026-10-03T04:13:26.285915Z,0.1500,371.24,yes
2026-10-03T04:13:26.623589Z,0.1400,4.92,no
2026-10-03T04:13:26.623589Z,0.1400,40.06,no
2026-10-03T04:13:26.623589Z,0.1400,67.08,no
2026-10-03T04:13:26.623589Z,0.1400,34.00,no
2026-10-03T04:13:28.155991Z,0.1400,66.02,yes
2026-10-03T04:13:28.846709Z,0.1400,0.06,yes
2026-10-03T04:13:29.553288Z,0.1300,312.91,no
2026-10-03T04:13:30.244743Z,0.1300,3470.00,no
2026-10-03T04:13:30.302689Z,0.1400,33.68,yes
2026-10-03T04:13:30.563742Z,0.1400,33.68,yes
2026-10-03T04:13:31.083439Z,0.1400,1438.67,yes
2026-10-03T04:13:31.867154Z,0.1400,80.30,yes
2026-10-03T04:13:33.277422Z,0.1400,31.46,yes
2026-10-03T04:13:33.908036Z,0.1400,121.47,yes
2026-10-03T04:13:34.040447Z,0.1400,168.43,yes
2026-10-03T04:13:35.734479Z,0.1400,16.84,yes
2026-10-03T04:13:35.912887Z,0.1400,47.16,yes
2026-10-03T04:13:36.197789Z,0.1400,33.68,yes
2026-10-03T04:13:36.28723Z,0.1400,13.47,yes
2026-10-03T04:13:37.496698Z,0.1400,128.00,yes
2026-10-03T04:13:37.606702Z,0.1400,88.00,yes
2026-10-03T04:13:37.772569Z,0.1400,67.02,yes
2026-10-03T04:13:37.772569Z,0.1400,0.35,yes
2026-10-03T04:13:38.613139Z,0.1400,0.06,yes
2026-10-03T04:13:38.896574Z,0.1400,422.02,yes
2026-10-03T04:13:43.725768Z,0.1400,62.92,yes
2026-10-03T04:13:43.950957Z,0.1400,33.68,yes
2026-10-03T04:13:44.64439Z,0.1400,96.74,yes
2026-10-03T04:13:44.64439Z,0.1400,147.66,yes
2026-10-03T04:13:44.64439Z,0.1400,10.00,yes
2026-10-03T04:13:44.64439Z,0.1400,598.00,yes
2026-10-03T04:13:44.64439Z,0.1400,1279.38,yes
2026-10-03T04:13:44.64439Z,0.1500,1073.23,yes
2026-10-03T04:13:45.012648Z,0.1400,13.47,yes
2026-10-03T04:13:46.893823Z,0.1400,13.47,yes
2026-10-03T04:13:48.258037Z,0.1400,6.73,yes
2026-10-03T04:13:48.945956Z,0.1400,163.05,yes
2026-10-03T04:13:48.945956Z,0.1400,5.38,yes
2026-10-03T04:13:49.337854Z,0.1400,33.68,yes
2026-10-03T04:13:49.696524Z,0.1400,3.27,yes
2026-10-03T04:13:49.696524Z,0.1400,0.09,yes
2026-10-03T04:13:50.13278Z,0.1300,117.36,no
2026-10-03T04:13:50.289413Z,0.1400,6.73,yes
2026-10-03T04:13:51.169359Z,0.1400,67.55,yes
2026-10-03T04:13:51.169359Z,0.1400,31.81,yes
2026-10-03T04:13:51.306565Z,0.1400,47.09,yes
2026-10-03T04:13:53.281752Z,0.1400,10.00,yes
2026-10-03T04:13:53.281752Z,0.1400,30.00,yes
2026-10-03T04:13:53.281752Z,0.1400,0.28,yes
2026-10-03T04:13:54.392738Z,0.1400,39.28,yes
2026-10-03T04:13:54.392738Z,0.1400,28.09,yes
2026-10-03T04:13:56.051966Z,0.1400,81.91,yes
2026-10-03T04:13:56.051966Z,0.1400,38.84,yes
2026-10-03T04:13:56.051966Z,0.1400,38.19,yes
2026-10-03T04:13:56.213217Z,0.1400,479.85,yes
2026-10-03T04:13:57.115109Z,0.1400,333.00,yes
2026-10-03T04:13:57.21144Z,0.1400,6.73,yes
2026-10-03T04:13:57.317367Z,0.1400,40.42,yes
2026-10-03T04:13:57.546163Z,0.1400,16.84,yes
2026-10-03T04:13:58.208922Z,0.1400,294.21,yes
2026-10-03T04:13:58.552579Z,0.1400,139.21,yes
2026-10-03T04:13:58.903177Z,0.1400,164.59,yes
2026-10-03T04:13:59.720377Z,0.1400,808.47,yes
2026-10-03T04:13:59.778234Z,0.1400,33.68,yes
2026-10-03T04:14:00.530763Z,0.1400,20.21,yes
2026-10-03T04:14:02.438945Z,0.1400,138.60,yes
2026-10-03T04:14:02.438945Z,0.1400,59.40,yes
2026-10-03T04:14:03.664618Z,0.1400,50.04,yes
2026-10-03T04:14:03.664618Z,0.1400,39.16,yes
2026-10-03T04:14:04.256321Z,0.1400,67.37,yes
2026-10-03T04:14:05.030849Z,0.1400,1.68,yes
2026-10-03T04:14:05.384766Z,0.1400,190.12,yes
2026-10-03T04:14:08.870817Z,0.1400,87.58,yes
2026-10-03T04:14:10.165615Z,0.1400,112.24,yes
2026-10-03T04:14:11.510078Z,0.1400,40.08,yes
2026-10-03T04:14:11.859492Z,0.1400,6.73,yes
2026-10-03T04:14:12.510984Z,0.1400,13.47,yes
2026-10-03T04:14:14.232137Z,0.1400,67.37,yes
2026-10-03T04:14:14.958469Z,0.1400,67.37,yes
2026-10-03T04:14:15.231682Z,0.1400,89.47,yes
2026-10-03T04:14:17.099095Z,0.1400,16.00,yes
2026-10-03T04:14:17.809636Z,0.1400,67.37,yes
2026-10-03T04:14:19.117633Z,0.1400,33.68,yes
2026-10-03T04:14:19.469755Z,0.1400,207.30,yes
2026-10-03T04:14:20.149488Z,0.1400,1.21,yes
2026-10-03T04:14:20.794519Z,0.1400,5.32,yes
2026-10-03T04:14:22.034153Z,0.1400,1230.60,yes
2026-10-03T04:14:22.034153Z,0.1400,468.00,yes
2026-10-03T04:14:22.034153Z,0.1400,495.00,yes
2026-10-03T04:14:22.034153Z,0.1400,88.00,yes
2026-10-03T04:14:22.034153Z,0.1400,2326.00,yes
2026-10-03T04:14:22.034153Z,0.1400,172.00,yes
2026-10-03T04:14:22.034153Z,0.1400,10.00,yes
2026-10-03T04:14:22.034153Z,0.1500,1384.80,yes
2026-10-03T04:14:25.200029Z,0.1400,39.01,yes
2026-10-03T04:14:25.200029Z,0.1400,27.01,yes
2026-10-03T04:14:28.293461Z,0.1300,14.04,no
2026-10-03T04:14:29.01199Z,0.1400,720.72,yes
2026-10-03T04:14:29.01199Z,0.1400,10.00,yes
2026-10-03T04:14:29.01199Z,0.1400,39.50,yes
2026-10-03T04:14:29.01199Z,0.1400,172.99,yes
2026-10-03T04:14:32.624351Z,0.1400,49.38,yes
2026-10-03T04:14:33.104878Z,0.1400,312.43,yes
2026-10-03T04:14:33.474393Z,0.1400,336.86,yes
2026-10-03T04:14:33.953862Z,0.1400,134.74,yes
2026-10-03T04:14:35.779471Z,0.1400,3.00,yes
2026-10-03T04:14:36.445495Z,0.1300,1.43,no
2026-10-03T04:14:36.453916Z,0.1400,67.37,yes
2026-10-03T04:14:36.871584Z,0.1400,20.21,yes
2026-10-03T04:14:40.704928Z,0.1400,168.43,yes
2026-10-03T04:14:40.87124Z,0.1400,101.05,yes
2026-10-03T04:14:41.285563Z,0.1400,599.81,yes
2026-10-03T04:14:41.285563Z,0.1400,114.47,yes
2026-10-03T04:14:42.591207Z,0.1400,85.53,yes
2026-10-03T04:14:42.591207Z,0.1400,10.00,yes
2026-10-03T04:14:42.591207Z,0.1400,38.89,yes
2026-10-03T04:14:42.591207Z,0.1500,30.64,yes
2026-10-03T04:14:42.817374Z,0.1400,13.47,yes
2026-10-03T04:14:43.351213Z,0.1400,25.64,yes
2026-10-03T04:14:43.351213Z,0.1500,7.36,yes
2026-10-03T04:14:44.864284Z,0.1400,33.12,yes
2026-10-03T04:14:47.721947Z,0.1300,1927.40,no
2026-10-03T04:14:47.721947Z,0.1300,2094.93,no
2026-10-03T04:14:47.840303Z,0.1400,6.27,yes
2026-10-03T04:14:47.840303Z,0.1400,162.16,yes
2026-10-03T04:14:52.115486Z,0.1400,39.17,yes
2026-10-03T04:14:52.115486Z,0.1400,95.57,yes
2026-10-03T04:14:52.121076Z,0.1400,33.68,yes
2026-10-03T04:14:54.023196Z,0.1400,673.72,yes
2026-10-03T04:14:58.503851Z,0.1400,39.52,no
2026-10-03T04:14:58.503851Z,0.1300,33.00,no
2026-10-03T04:14:58.503851Z,0.1400,46.52,no
2026-10-03T04:14:58.503851Z,0.1400,63.48,no
2026-10-03T04:14:58.503851Z,0.1400,72.00,no
2026-10-03T04:14:58.503851Z,0.1300,34.00,no
2026-10-03T04:14:58.503851Z,0.1300,50.00,no
2026-10-03T04:14:58.503851Z,0.1400,25.00,no
2026-10-03T04:14:58.503851Z,0.1200,1.00,no
2026-10-03T04:14:58.515277Z,0.1200,74.52,yes
2026-10-03T04:14:58.515277Z,0.1200,35.48,yes
2026-10-03T04:14:58.572714Z,0.1200,19.00,yes
2026-10-03T04:14:58.621965Z,0.1200,0.28,yes
2026-10-03T04:14:59.690801Z,0.1100,109.00,no
2026-10-03T04:14:59.690801Z,0.1100,1.00,no
2026-10-03T04:14:59.829433Z,0.1200,106.20,yes
2026-10-03T04:14:59.829433Z,0.1200,200.00,yes
2026-10-03T04:14:59.829433Z,0.1200,200.00,yes
2026-10-03T04:14:59.829433Z,0.1200,88.80,yes
2026-10-03T04:15:00.270625Z,0.1200,39.32,yes
2026-10-03T04:15:01.949353Z,0.1200,39.24,yes
2026-10-03T04:15:07.115279Z,0.1100,1.00,no
2026-10-03T04:15:07.115279Z,0.1100,35.99,no
2026-10-03T04:15:07.708818Z,0.1200,33.68,yes
2026-10-03T04:15:08.226986Z,0.1200,17.00,yes
2026-10-03T04:15:08.266087Z,0.1200,39.24,yes
2026-10-03T04:15:09.386916Z,0.1400,123.00,yes
2026-10-03T04:15:09.386916Z,0.1500,20.71,yes
2026-10-03T04:15:09.650615Z,0.1400,107.79,yes
2026-10-03T04:15:11.424414Z,0.1800,50.70,yes
2026-10-03T04:15:11.424414Z,0.1600,1.00,yes
2026-10-03T04:15:11.424414Z,0.1700,1.00,yes
2026-10-03T04:15:11.610539Z,0.1600,24.30,no
2026-10-03T04:15:11.610539Z,0.1600,39.17,no
2026-10-03T04:15:11.655591Z,0.1600,98.70,no
2026-10-03T04:15:11.655591Z,0.1400,72.00,no
2026-10-03T04:15:11.655591Z,0.1400,29.30,no
2026-10-03T04:15:11.655719Z,0.1400,39.17,no
2026-10-03T04:15:11.655719Z,0.1400,157.13,no
2026-10-03T04:15:11.655719Z,0.1400,3.70,no
2026-10-03T04:15:11.655722Z,0.1400,40.00,no
2026-10-03T04:15:11.655722Z,0.1400,42.87,no
2026-10-03T04:15:11.655722Z,0.1300,33.00,no
2026-10-03T04:15:11.655722Z,0.1300,84.13,no
2026-10-03T04:15:11.655728Z,0.1200,1.00,no
2026-10-03T04:15:11.655728Z,0.1200,3.00,no
2026-10-03T04:15:11.655728Z,0.1300,5.55,no
2026-10-03T04:15:11.655728Z,0.1300,12.87,no
2026-10-03T04:15:11.655728Z,0.1200,30.00,no
2026-10-03T04:15:11.665346Z,0.1200,200.00,yes
2026-10-03T04:15:11.665346Z,0.1200,200.00,yes
2026-10-03T04:15:11.665346Z,0.1200,200.00,yes
2026-10-03T04:15:11.665346Z,0.1200,200.00,yes
2026-10-03T04:15:11.665346Z,0.1200,200.00,yes
2026-10-03T04:15:11.665346Z,0.1200,200.00,yes
2026-10-03T04:15:11.665346Z,0.1200,147.58,yes
2026-10-03T04:15:11.665346Z,0.1200,200.00,yes
2026-10-03T04:15:11.666592Z,0.1300,21.00,yes
2026-10-03T04:15:11.671066Z,0.1300,10.80,yes
2026-10-03T04:15:11.677618Z,0.1300,9.00,yes
2026-10-03T04:15:11.68053Z,0.1300,4.90,yes
2026-10-03T04:15:11.685534Z,0.1300,26.00,yes
2026-10-03T04:15:11.689047Z,0.1300,100.00,yes
2026-10-03T04:15:11.69091Z,0.1300,28.30,yes
2026-10-03T04:15:11.69091Z,0.1300,107.70,yes
2026-10-03T04:15:11.69102Z,0.1300,187.70,yes
2026-10-03T04:15:11.69102Z,0.1300,92.30,yes
2026-10-03T04:15:11.691873Z,0.1300,12.30,yes
2026-10-03T04:15:11.691873Z,0.1300,18.88,yes
2026-10-03T04:15:11.69767Z,0.1300,200.00,yes
2026-10-03T04:15:11.69767Z,0.1300,200.00,yes
2026-10-03T04:15:11.69767Z,0.1300,200.00,yes
2026-10-03T04:15:11.69767Z,0.1300,181.12,yes
2026-10-03T04:15:11.69767Z,0.1300,200.00,yes
2026-10-03T04:15:11.699188Z,0.1400,121.00,yes
2026-10-03T04:15:11.768399Z,0.1200,39.17,no
2026-10-03T04:15:11.768399Z,0.1200,62.00,no
2026-10-03T04:15:11.768399Z,0.1100,21.83,no
2026-10-03T04:15:14.308753Z,0.1200,78.49,yes
2026-10-03T04:15:17.819619Z,0.1300,36.25,yes
2026-10-03T04:15:18.105171Z,0.1300,145.01,yes
2026-10-03T04:15:19.44004Z,0.1700,1.00,yes
2026-10-03T04:15:19.44004Z,0.1800,107.39,yes
2026-10-03T04:15:19.44004Z,0.1300,10.00,yes
2026-10-03T04:15:19.44004Z,0.1500,1.00,yes
2026-10-03T04:15:19.44004Z,0.1300,123.00,yes
2026-10-03T04:15:19.44004Z,0.1300,1150.00,yes
2026-10-03T04:15:19.44004Z,0.1500,1000.00,yes
2026-10-03T04:15:19.44004Z,0.1400,81.76,yes
2026-10-03T04:15:19.44004Z,0.1300,4545.30,yes
2026-10-03T04:15:19.44004Z,0.1300,24.00,yes
2026-10-03T04:15:19.44004Z,0.1600,5.95,yes
2026-10-03T04:15:21.365103Z,0.1300,116.01,yes
2026-10-03T04:15:21.427305Z,0.1300,6.99,yes
2026-10-03T04:15:21.943727Z,0.1500,11.72,yes
2026-10-03T04:15:21.943727Z,0.1400,1.00,yes
2026-10-03T04:15:21.943727Z,0.1400,71.00,yes
2026-10-03T04:15:21.943727Z,0.1500,49.00,yes
2026-10-03T04:15:21.943727Z,0.1400,49.00,yes
2026-10-03T04:15:21.943727Z,0.1600,163.27,yes
2026-10-03T04:15:21.943727Z,0.1500,39.63,yes
2026-10-03T04:15:21.943727Z,0.1500,53.00,yes
2026-10-03T04:15:23.15117Z,0.1500,39.94,yes
2026-10-03T04:15:23.15117Z,0.1500,70.00,yes
2026-10-03T04:15:23.15117Z,0.1500,47.36,yes
2026-10-03T04:15:23.726073Z,0.1300,62.00,no
2026-10-03T04:15:23.726073Z,0.1300,33.00,no
2026-10-03T04:15:25.011192Z,0.1300,181.26,yes
2026-10-03T04:15:25.055326Z,0.1300,10.87,yes
2026-10-03T04:15:26.19564Z,0.1300,6.00,yes
2026-10-03T04:15:26.50228Z,0.1300,373.55,yes
2026-10-03T04:15:28.641191Z,0.1300,14.50,yes
2026-10-03T04:15:29.175302Z,0.1300,181.26,yes
2026-10-03T04:15:30.340006Z,0.1300,253.77,yes
2026-10-03T04:15:30.724139Z,0.1300,134.86,yes
2026-10-03T04:15:33.773089Z,0.1300,72.50,yes
2026-10-03T04:15:34.858585Z,0.1300,36.25,yes
2026-10-03T04:15:35.278056Z,0.1300,7.25,yes
2026-10-03T04:15:36.268621Z,0.1300,129.93,yes
2026-10-03T04:15:37.15507Z,0.1300,159.51,yes
2026-10-03T04:15:37.690778Z,0.1300,72.50,yes
2026-10-03T04:15:38.459912Z,0.1300,108.76,yes
2026-10-03T04:15:39.264352Z,0.1300,137.76,yes
2026-10-03T04:15:41.48145Z,0.1200,33.00,no
2026-10-03T04:15:41.48145Z,0.1200,49.65,no
2026-10-03T04:15:41.48145Z,0.1200,30.00,no
2026-10-03T04:15:41.48145Z,0.1200,39.66,no
2026-10-03T04:15:41.552448Z,0.1300,11.00,yes
2026-10-03T04:15:41.976608Z,0.1300,14.50,yes
2026-10-03T04:15:42.926521Z,0.1300,36.25,yes
2026-10-03T04:15:42.975847Z,0.1300,139.72,yes
2026-10-03T04:15:45.09669Z,0.1300,33.33,yes
2026-10-03T04:15:48.873732Z,0.1300,36.25,yes
2026-10-03T04:15:49.906702Z,0.1300,55.91,yes
2026-10-03T04:15:49.906702Z,0.1300,10.00,yes
2026-10-03T04:15:49.906702Z,0.1300,267.42,yes
2026-10-03T04:15:51.417758Z,0.1300,8.69,yes
2026-10-03T04:15:51.478337Z,0.1300,72.50,yes
2026-10-03T04:15:53.414757Z,0.1300,0.29,yes
2026-10-03T04:15:54.5271Z,0.1300,21.75,yes
2026-10-03T04:15:54.90514Z,0.1300,362.53,yes
2026-10-03T04:15:55.892793Z,0.1300,58.00,yes
2026-10-03T04:15:56.013469Z,0.1300,5.43,yes
2026-10-03T04:15:58.14359Z,0.1500,25.00,yes
2026-10-03T04:15:58.14359Z,0.1300,113.00,yes
2026-10-03T04:15:58.14359Z,0.1400,2.00,yes
2026-10-03T04:15:58.14359Z,0.1400,16.00,yes
2026-10-03T04:16:02.647348Z,0.1500,3.14,yes
2026-10-03T04:16:03.088729Z,0.1500,19.90,yes
2026-10-03T04:16:03.088729Z,0.1500,11.56,yes
2026-10-03T04:16:03.956362Z,0.1500,18.65,yes
2026-10-03T04:16:03.956362Z,0.1500,49.00,yes
2026-10-03T04:16:03.956362Z,0.1500,24.73,yes
2026-10-03T04:16:03.956362Z,0.1500,2.00,yes
2026-10-03T04:16:04.012016Z,0.1600,6.00,yes
2026-10-03T04:16:04.012016Z,0.1600,49.00,yes
2026-10-03T04:16:04.012016Z,0.1600,2.00,yes
2026-10-03T04:16:04.012016Z,0.1600,43.00,yes
2026-10-03T04:16:04.012016Z,0.1600,200.00,yes
2026-10-03T04:16:04.012016Z,0.1600,140.85,yes
2026-10-03T04:16:04.012016Z,0.1500,14.73,yes
2026-10-03T04:16:04.012016Z,0.1500,15.00,yes
2026-10-03T04:16:04.012016Z,0.1500,123.00,yes
2026-10-03T04:16:04.964219Z,0.1200,62.00,no
2026-10-03T04:16:04.964219Z,0.1200,30.00,no
2026-10-03T04:16:04.964219Z,0.1300,33.00,no
2026-10-03T04:16:04.964219Z,0.1300,1.00,no
2026-10-03T04:16:04.964219Z,0.1200,266.79,no
2026-10-03T04:16:04.964219Z,0.1200,39.70,no
2026-10-03T04:16:04.964219Z,0.1300,100.00,no
2026-10-03T04:16:04.964219Z,0.1300,123.00,no
2026-10-03T04:16:05.077429Z,0.1400,61.66,yes
2026-10-03T04:16:06.835586Z,0.1400,774.78,yes
2026-10-03T04:16:07.289841Z,0.1300,13.47,yes
2026-10-03T04:16:09.057897Z,0.1300,72.50,yes
2026-10-03T04:16:09.130377Z,0.1300,16.09,yes
2026-10-03T04:16:14.608588Z,0.1400,125.84,yes
2026-10-03T04:16:15.106353Z,0.1400,6.29,yes
2026-10-03T04:16:15.909674Z,0.1300,6.00,no
2026-10-03T04:16:15.90977Z,0.1100,1.00,no
2026-10-03T04:16:15.90977Z,0.1100,9.00,no
2026-10-03T04:16:15.90977Z,0.1100,67.00,no
2026-10-03T04:16:15.90977Z,0.1100,33.00,no
2026-10-03T04:16:15.90977Z,0.1100,39.74,no
2026-10-03T04:16:15.90977Z,0.1100,1.00,no
2026-10-03T04:16:15.962372Z,0.1100,5.00,yes
2026-10-03T04:16:15.984835Z,0.1100,25.00,yes
2026-10-03T04:16:16.320873Z,0.1100,42.01,yes
2026-10-03T04:16:16.320873Z,0.1100,19.26,yes
2026-10-03T04:16:17.370701Z,0.1100,200.00,yes
2026-10-03T04:16:17.370701Z,0.1100,111.73,yes
2026-10-03T04:16:17.370701Z,0.1100,200.00,yes
2026-10-03T04:16:17.370701Z,0.1100,157.99,yes
2026-10-03T04:16:17.370701Z,0.1100,200.00,yes
2026-10-03T04:16:17.370701Z,0.1100,200.00,yes
2026-10-03T04:16:17.644213Z,0.1100,17.11,yes
2026-10-03T04:16:18.641743Z,0.1100,6.41,yes
2026-10-03T04:16:18.765406Z,0.1100,42.78,yes
2026-10-03T04:16:20.503067Z,0.1100,15.00,yes
2026-10-03T04:16:20.503067Z,0.1000,6.00,yes
2026-10-03T04:16:20.503067Z,0.1000,2.00,yes
2026-10-03T04:16:22.755197Z,0.1100,4.27,yes
2026-10-03T04:16:25.931619Z,0.1100,42.78,yes
2026-10-03T04:16:29.439464Z,0.1000,2.00,yes
2026-10-03T04:16:29.439464Z,0.1000,39.52,yes
2026-10-03T04:16:29.439464Z,0.1100,275.01,yes
2026-10-03T04:16:29.439464Z,0.1000,49.00,yes
2026-10-03T04:16:31.50555Z,0.1100,50.00,yes
2026-10-03T04:16:31.50555Z,0.1100,35.57,yes
2026-10-03T04:16:32.788769Z,0.1200,24.23,yes
2026-10-03T04:16:32.788769Z,0.1100,3.77,yes
2026-10-03T04:16:34.052116Z,0.1200,2.00,yes
2026-10-03T04:16:34.052116Z,0.1300,130.40,yes
2026-10-03T04:16:34.052116Z,0.1300,12.72,yes
2026-10-03T04:16:34.219238Z,0.1200,2.00,yes
2026-10-03T04:16:34.219238Z,0.1300,179.38,yes
2026-10-03T04:16:35.327637Z,0.1300,144.77,yes
2026-10-03T04:16:40.845019Z,0.1300,14.91,yes
2026-10-03T04:16:40.845019Z,0.1300,2.00,yes
2026-10-03T04:16:40.845019Z,0.1300,15.37,yes
2026-10-03T04:16:40.845019Z,0.1300,40.22,yes
2026-10-03T04:16:42.084186Z,0.1300,2.00,yes
2026-10-03T04:16:42.084186Z,0.1300,40.22,yes
2026-10-03T04:16:42.084186Z,0.1300,12.26,yes
2026-10-03T04:16:42.084186Z,0.1300,18.09,yes
2026-10-03T04:16:42.084186Z,0.1400,267.40,yes
2026-10-03T04:16:44.663379Z,0.1200,100.00,no
2026-10-03T04:16:44.663379Z,0.1200,203.68,no
2026-10-03T04:16:44.663379Z,0.1200,123.00,no
2026-10-03T04:16:44.663379Z,0.1200,1.00,no
2026-10-03T04:16:44.663379Z,0.1200,40.22,no
2026-10-03T04:16:46.897065Z,0.1400,200.00,yes
2026-10-03T04:16:46.897065Z,0.1400,39.93,yes
2026-10-03T04:16:46.897065Z,0.1400,6.39,yes
2026-10-03T04:16:46.897065Z,0.1400,55.66,yes
2026-10-03T04:16:46.897065Z,0.1400,34.88,yes
2026-10-03T04:16:47.420431Z,0.1400,111.88,yes
2026-10-03T04:16:47.420431Z,0.1400,36.12,yes
2026-10-03T04:16:47.420431Z,0.1400,81.06,yes
2026-10-03T04:16:47.496355Z,0.1400,134.74,yes
2026-10-03T04:16:47.605574Z,0.1400,125.00,yes
2026-10-03T04:16:47.836012Z,0.1400,33.68,yes
2026-10-03T04:16:48.508658Z,0.1400,0.26,yes
2026-10-03T04:16:48.845936Z,0.1300,40.22,no
2026-10-03T04:16:48.845936Z,0.1300,1.00,no
2026-10-03T04:16:50.236324Z,0.1300,181.26,yes
2026-10-03T04:16:52.18614Z,0.1300,72.50,yes
2026-10-03T04:16:53.304272Z,0.1200,160.54,no
2026-10-03T04:16:53.377347Z,0.1300,72.50,yes
2026-10-03T04:16:57.090365Z,0.1300,62.42,yes
2026-10-03T04:16:57.090365Z,0.1300,10.00,yes
2026-10-03T04:16:57.090365Z,0.1300,21.83,yes
2026-10-03T04:16:58.07948Z,0.1300,21.13,yes
2026-10-03T04:16:58.873095Z,0.1300,14.50,yes
2026-10-03T04:17:01.171445Z,0.1300,36.25,yes
2026-10-03T04:17:02.494615Z,0.1200,156.06,no
2026-10-03T04:17:02.682553Z,0.1300,580.05,yes
2026-10-03T04:17:02.710228Z,0.1300,27.84,yes
2026-10-03T04:17:03.314309Z,0.1300,137.00,yes
2026-10-03T04:17:05.515826Z,0.1200,5.63,no
2026-10-03T04:17:06.429781Z,0.1300,101.51,yes
2026-10-03T04:17:07.33496Z,0.1300,179.09,yes
2026-10-03T04:17:07.498183Z,0.1300,43.50,yes
2026-10-03T04:17:09.734131Z,0.1200,328.08,no
2026-10-03T04:17:09.882236Z,0.1300,72.50,yes
2026-10-03T04:17:12.63705Z,0.1300,717.82,yes
2026-10-03T04:17:13.207242Z,0.1200,16.04,no
2026-10-03T04:17:13.805884Z,0.1300,94.25,yes
2026-10-03T04:17:14.982076Z,0.1300,4.71,yes
2026-10-03T04:17:15.34811Z,0.1200,417.42,no
2026-10-03T04:17:16.893351Z,0.1200,1.17,yes
2026-10-03T04:17:17.418696Z,0.1200,123.00,yes
2026-10-03T04:17:17.418696Z,0.1200,2.59,yes
2026-10-03T04:17:17.418696Z,0.1200,2.00,yes
2026-10-03T04:17:17.418696Z,0.1200,3.41,yes
2026-10-03T04:17:17.418696Z,0.1200,3.00,yes
2026-10-03T04:17:18.85103Z,0.1300,33.33,yes
2026-10-03T04:17:24.262031Z,0.1200,27.26,yes
2026-10-03T04:17:24.262031Z,0.1200,86.00,yes
2026-10-03T04:17:24.262031Z,0.1200,39.00,yes
2026-10-03T04:17:24.740343Z,0.1200,39.24,yes
2026-10-03T04:17:25.376769Z,0.1000,11.58,no
2026-10-03T04:17:25.376769Z,0.1000,1.00,no
2026-10-03T04:17:25.376769Z,0.1000,2.00,no
2026-10-03T04:17:31.73177Z,0.1100,1.32,yes
2026-10-03T04:17:31.73177Z,0.1100,41.46,yes
2026-10-03T04:17:33.900155Z,0.1100,4.69,no
2026-10-03T04:17:34.489091Z,0.1200,39.24,yes
2026-10-03T04:17:34.657515Z,0.1200,156.99,yes
2026-10-03T04:17:36.704213Z,0.1200,376.78,yes
2026-10-03T04:17:37.03847Z,0.1100,8.00,no
2026-10-03T04:17:37.03847Z,0.1100,24.29,no
2026-10-03T04:17:37.03847Z,0.1100,67.00,no
2026-10-03T04:17:37.03847Z,0.1000,81.71,no
2026-10-03T04:17:37.03847Z,0.1100,19.00,no
2026-10-03T04:17:37.038684Z,0.1000,200.00,no
2026-10-03T04:17:37.038773Z,0.1000,200.00,no
2026-10-03T04:17:37.038774Z,0.1000,100.00,no
2026-10-03T04:17:37.038774Z,0.1000,18.29,no
2026-10-03T04:17:37.038774Z,0.1000,1.00,no
2026-10-03T04:17:37.133395Z,0.1000,80.71,yes
2026-10-03T04:17:37.758367Z,0.1200,22.00,yes
2026-10-03T04:17:38.197515Z,0.1200,15.69,yes
2026-10-03T04:17:40.820057Z,0.1000,1.10,no
2026-10-03T04:17:42.94199Z,0.1200,78.49,yes
2026-10-03T04:17:43.446486Z,0.1200,54.94,yes
2026-10-03T04:17:45.984169Z,0.1200,22.63,yes
2026-10-03T04:17:45.984169Z,0.1300,87.80,yes
2026-10-03T04:17:50.58Z,0.1300,11.33,yes
2026-10-03T04:17:53.079867Z,0.1200,40.19,no
2026-10-03T04:17:53.079867Z,0.1200,27.18,no
2026-10-03T04:17:53.492739Z,0.1200,62.00,no
2026-10-03T04:17:53.492739Z,0.1200,5.82,no
2026-10-03T04:17:53.521671Z,0.1200,8.00,yes
2026-10-03T04:17:54.19956Z,0.1200,39.24,yes
2026-10-03T04:17:54.502503Z,0.1100,15.98,no
2026-10-03T04:17:56.960461Z,0.1200,39.24,yes
2026-10-03T04:17:57.32475Z,0.1100,36.25,no
2026-10-03T04:17:58.051738Z,0.1200,31.39,yes
2026-10-03T04:18:01.065137Z,0.1200,72.50,yes
2026-10-03T04:18:04.823558Z,0.1200,7.84,yes
2026-10-03T04:18:06.421441Z,0.1100,1.00,no
2026-10-03T04:18:09.693973Z,0.1200,78.49,yes
2026-10-03T04:18:12.078774Z,0.1200,91.84,yes
2026-10-03T04:18:12.264427Z,0.1200,14.28,yes
2026-10-03T04:18:14.015726Z,0.1200,39.24,yes
2026-10-03T04:18:17.195441Z,0.1200,235.49,yes
2026-10-03T04:18:18.124005Z,0.1200,1569.95,yes
2026-10-03T04:18:18.947869Z,0.1200,150.00,yes
2026-10-03T04:18:19.493722Z,0.1200,7.84,yes
2026-10-03T04:18:21.498958Z,0.1200,10.91,yes
2026-10-03T04:18:23.341813Z,0.1100,6.73,no
2026-10-03T04:18:25.052458Z,0.1200,5.88,yes
2026-10-03T04:18:26.097046Z,0.1100,100.00,no
2026-10-03T04:18:26.097046Z,0.1100,100.00,no
2026-10-03T04:18:26.097283Z,0.1100,200.00,no
2026-10-03T04:18:26.097334Z,0.1100,200.00,no
2026-10-03T04:18:26.097346Z,0.1100,181.00,no
2026-10-03T04:18:29.464152Z,0.1200,39.24,yes
2026-10-03T04:18:32.968165Z,0.1200,196.24,yes
2026-10-03T04:18:34.641478Z,0.1200,16.49,yes
2026-10-03T04:18:34.641478Z,0.1200,62.00,yes
2026-10-03T04:18:40.739605Z,0.1200,7.84,yes
2026-10-03T04:18:41.471301Z,0.1200,15.69,yes
2026-10-03T04:18:42.777254Z,0.1200,1.37,yes
2026-10-03T04:18:42.777254Z,0.1200,10.00,yes
2026-10-03T04:18:42.777254Z,0.1200,1.00,yes
2026-10-03T04:18:42.777254Z,0.1200,29.15,yes
2026-10-03T04:18:42.824927Z,0.1200,39.24,yes
2026-10-03T04:18:43.695629Z,0.1200,16.50,yes
2026-10-03T04:18:43.695629Z,0.1200,351.61,yes
2026-10-03T04:18:43.695629Z,0.1200,6.00,yes
2026-10-03T04:18:44.155156Z,0.1200,10.00,yes
2026-10-03T04:18:44.403689Z,0.1200,15.69,yes
2026-10-03T04:18:47.611519Z,0.1200,7.77,yes
2026-10-03T04:18:47.978564Z,0.1200,33.48,yes
2026-10-03T04:18:47.978564Z,0.1200,13.61,yes
2026-10-03T04:18:48.574508Z,0.1300,16.02,yes
2026-10-03T04:18:50.049446Z,0.1100,100.00,no
2026-10-03T04:18:50.049446Z,0.1100,58.64,no
2026-10-03T04:18:50.049446Z,0.1100,41.36,no
2026-10-03T04:18:50.049589Z,0.1100,1.00,no
2026-10-03T04:18:50.049589Z,0.1100,3.36,no
2026-10-03T04:18:50.049589Z,0.1100,37.00,no
2026-10-03T04:18:50.049589Z,0.1100,67.00,no
2026-10-03T04:18:50.049589Z,0.1100,7.00,no
2026-10-03T04:18:50.049733Z,0.1000,200.00,no
2026-10-03T04:18:50.04974Z,0.1000,200.00,no
2026-10-03T04:18:50.049767Z,0.1000,200.00,no
2026-10-03T04:18:50.049871Z,0.1000,100.00,no
2026-10-03T04:18:50.085128Z,0.1000,72.50,yes
2026-10-03T04:18:50.090801Z,0.1000,17.50,yes
2026-10-03T04:18:50.090801Z,0.1000,27.50,yes
2026-10-03T04:18:50.309253Z,0.1000,7.25,yes
2026-10-03T04:18:50.692355Z,0.1000,47.03,yes
2026-10-03T04:18:51.507288Z,0.1000,94.07,yes
2026-10-03T04:18:51.785538Z,0.1000,9.40,yes
2026-10-03T04:18:52.895626Z,0.1000,150.25,yes
2026-10-03T04:18:52.895626Z,0.1000,200.00,yes
2026-10-03T04:18:52.895626Z,0.1000,24.75,yes
2026-10-03T04:18:52.990999Z,0.1000,49.75,yes
2026-10-03T04:18:52.990999Z,0.1000,49.00,yes
2026-10-03T04:18:52.990999Z,0.1000,62.00,yes
2026-10-03T04:18:52.990999Z,0.1000,2.00,yes
2026-10-03T04:18:52.990999Z,0.1000,4.42,yes
2026-10-03T04:18:54.912224Z,0.1200,15.69,yes
2026-10-03T04:18:57.526031Z,0.1200,48.81,yes
2026-10-03T04:18:57.526031Z,0.1200,25.83,yes
2026-10-03T04:18:57.755552Z,0.1200,0.07,yes
2026-10-03T04:19:00.468519Z,0.1100,31.66,no
2026-10-03T04:19:00.468519Z,0.1100,41.52,no
2026-10-03T04:19:03.47261Z,0.1300,217.37,yes
2026-10-03T04:19:03.47261Z,0.1200,6.00,yes
2026-10-03T04:19:03.47261Z,0.1200,2.00,yes
2026-10-03T04:19:05.474941Z,0.1200,39.24,yes
2026-10-03T04:19:05.806211Z,0.1300,174.35,yes
2026-10-03T04:19:05.806211Z,0.1200,60.76,yes
2026-10-03T04:19:05.806211Z,0.1200,3.00,yes
2026-10-03T04:19:05.806211Z,0.1200,10.00,yes
2026-10-03T04:19:05.806211Z,0.1200,2.00,yes
2026-10-03T04:19:08.269897Z,0.1300,14.50,yes
2026-10-03T04:19:08.309843Z,0.1300,36.25,yes
2026-10-03T04:19:11.068916Z,0.1100,100.00,no
2026-10-03T04:19:11.068916Z,0.1100,37.00,no
2026-10-03T04:19:11.068916Z,0.1100,54.33,no
2026-10-03T04:19:11.068916Z,0.1100,7.67,no
2026-10-03T04:19:11.068916Z,0.1100,41.67,no
2026-10-03T04:19:11.068916Z,0.1100,67.00,no
2026-10-03T04:19:11.744406Z,0.1100,92.33,yes
2026-10-03T04:19:11.744406Z,0.1100,200.00,yes
2026-10-03T04:19:11.744406Z,0.1100,200.00,yes
2026-10-03T04:19:11.744406Z,0.1100,200.00,yes
2026-10-03T04:19:11.744406Z,0.1100,92.64,yes
2026-10-03T04:19:12.695025Z,0.1100,0.85,yes
2026-10-03T04:19:13.508736Z,0.1100,8.55,yes
2026-10-03T04:19:19.012669Z,0.1200,196.24,yes
2026-10-03T04:19:19.611737Z,0.1200,12.28,yes
2026-10-03T04:19:19.641695Z,0.1100,42.08,no
2026-10-03T04:19:19.641695Z,0.1100,61.42,no
2026-10-03T04:19:19.664365Z,0.1200,549.48,yes
2026-10-03T04:19:20.387266Z,0.1100,5.58,no
2026-10-03T04:19:20.387266Z,0.1100,6.14,no
2026-10-03T04:19:20.906526Z,0.1200,196.24,yes
2026-10-03T04:19:22.584583Z,0.1100,57.15,no
2026-10-03T04:19:22.584583Z,0.1100,30.86,no
2026-10-03T04:19:23.691742Z,0.1200,698.63,yes
2026-10-03T04:19:26.236599Z,0.1200,39.24,yes
2026-10-03T04:19:27.240559Z,0.1200,67.19,yes
2026-10-03T04:19:27.515045Z,0.1100,20.86,no
2026-10-03T04:19:27.515045Z,0.1100,42.14,no
2026-10-03T04:19:27.515045Z,0.1100,100.00,no
2026-10-03T04:19:27.515045Z,0.1100,37.00,no
2026-10-03T04:19:27.515052Z,0.1100,33.14,no
2026-10-03T04:19:27.926325Z,0.1100,16.64,yes
2026-10-03T04:19:28.046261Z,0.1100,150.22,yes
2026-10-03T04:19:28.046261Z,0.1100,72.28,yes
2026-10-03T04:19:28.516428Z,0.1100,70.00,yes
2026-10-03T04:19:29.111161Z,0.1100,200.00,yes
2026-10-03T04:19:29.111161Z,0.1100,200.00,yes
2026-10-03T04:19:29.111161Z,0.1100,200.00,yes
2026-10-03T04:19:29.111161Z,0.1100,200.00,yes
2026-10-03T04:19:29.111161Z,0.1100,97.57,yes
2026-10-03T04:19:29.111161Z,0.1100,200.00,yes
2026-10-03T04:19:29.111161Z,0.1100,57.72,yes
2026-10-03T04:19:30.253887Z,0.1100,5.69,yes
2026-10-03T04:19:30.253887Z,0.1100,102.43,yes
2026-10-03T04:19:30.253887Z,0.1100,20.24,yes
2026-10-03T04:19:30.462741Z,0.1200,2.33,yes
2026-10-03T04:19:32.569436Z,0.1200,21.42,yes
2026-10-03T04:19:34.120389Z,0.1200,39.24,yes
2026-10-03T04:19:34.432843Z,0.1100,14.58,no
2026-10-03T04:19:35.183765Z,0.1200,0.86,yes
2026-10-03T04:19:35.183765Z,0.1200,77.71,yes
2026-10-03T04:19:35.722821Z,0.1100,17.63,no
2026-10-03T04:19:35.722821Z,0.1100,29.22,no
2026-10-03T04:19:38.818942Z,0.1200,2.14,yes
2026-10-03T04:19:38.818942Z,0.1300,34.22,yes
2026-10-03T04:19:45.509854Z,0.1300,7.25,yes
2026-10-03T04:19:46.470522Z,0.1300,72.50,yes
2026-10-03T04:19:46.675334Z,0.1300,5.00,yes
2026-10-03T04:19:50.161047Z,0.1300,16.38,yes
2026-10-03T04:19:54.968064Z,0.1300,62.00,yes
2026-10-03T04:19:55.148772Z,0.1300,36.25,yes
2026-10-03T04:19:56.660685Z,0.1100,12.61,no
2026-10-03T04:19:56.660685Z,0.1100,43.02,no
2026-10-03T04:19:56.660685Z,0.1100,100.00,no
2026-10-03T04:19:56.660685Z,0.1100,44.37,no
2026-10-03T04:19:56.660691Z,0.1100,187.39,no
2026-10-03T04:19:56.660691Z,0.1000,11.61,no
2026-10-03T04:19:56.660691Z,0.1100,1.00,no
2026-10-03T04:19:56.660878Z,0.1000,6.61,no
2026-10-03T04:19:56.660878Z,0.1000,193.39,no
2026-10-03T04:19:56.660898Z,0.1000,104.61,no
2026-10-03T04:19:56.660898Z,0.1000,95.39,no
2026-10-03T04:19:56.660901Z,0.1000,95.39,no
2026-10-03T04:19:56.660994Z,0.0900,33.00,no
2026-10-03T04:19:56.660994Z,0.0900,6.00,no
2026-10-03T04:19:56.660994Z,0.0900,9.00,no
2026-10-03T04:19:56.660994Z,0.0900,1.00,no
2026-10-03T04:19:56.660994Z,0.0900,44.00,no
2026-10-03T04:19:56.668186Z,0.0900,107.00,yes
2026-10-03T04:19:56.671408Z,0.0900,40.00,yes
2026-10-03T04:19:56.674117Z,0.0900,107.00,yes
2026-10-03T04:19:56.677402Z,0.0900,53.00,yes
2026-10-03T04:19:56.677402Z,0.0900,11.00,yes
2026-10-03T04:19:56.681853Z,0.0900,32.41,yes
2026-10-03T04:19:56.68394Z,0.0900,156.59,yes
2026-10-03T04:19:56.68394Z,0.0900,200.00,yes
2026-10-03T04:19:56.68394Z,0.0900,150.41,yes
2026-10-03T04:19:56.689935Z,0.0900,1.00,yes
2026-10-03T04:19:56.697266Z,0.0900,200.00,yes
2026-10-03T04:19:56.697266Z,0.0900,200.00,yes
2026-10-03T04:19:56.697266Z,0.0900,48.59,yes
2026-10-03T04:19:56.697266Z,0.0900,76.41,yes
2026-10-03T04:19:56.697413Z,0.0900,123.59,yes
2026-10-03T04:19:56.697413Z,0.0900,58.41,yes
2026-10-03T04:19:56.697413Z,0.0900,200.00,yes
2026-10-03T04:19:56.698139Z,0.0900,107.00,yes
2026-10-03T04:19:56.705132Z,0.0900,30.00,yes
2026-10-03T04:19:56.743712Z,0.0900,4.59,yes
2026-10-03T04:19:56.743712Z,0.0900,43.11,yes
2026-10-03T04:19:56.743712Z,0.1000,104.61,yes
2026-10-03T04:19:56.743712Z,0.1000,28.95,yes
2026-10-03T04:19:56.763402Z,0.0900,43.11,yes
2026-10-03T04:19:56.813519Z,0.0900,1.00,yes
2026-10-03T04:19:58.494562Z,0.0900,10.11,yes
2026-10-03T04:19:58.494562Z,0.0900,42.11,yes
2026-10-03T04:19:58.553214Z,0.0900,6.32,yes
2026-10-03T04:19:58.553214Z,0.0900,62.00,yes
2026-10-03T04:19:58.553214Z,0.0900,2.00,yes
2026-10-03T04:19:58.553214Z,0.0900,43.62,yes
2026-10-03T04:19:58.553214Z,0.1000,101.12,yes
2026-10-03T04:19:58.553214Z,0.1000,200.00,yes
2026-10-03T04:19:58.553214Z,0.1000,171.05,yes
2026-10-03T04:19:58.553214Z,0.0900,38.89,yes
2026-10-03T04:19:58.631318Z,0.0900,2.00,yes
2026-10-03T04:19:58.631318Z,0.0900,43.62,yes
2026-10-03T04:19:58.631318Z,0.1000,200.00,yes
2026-10-03T04:19:58.631318Z,0.1000,67.50,yes
2026-10-03T04:19:58.631318Z,0.1000,200.00,yes
2026-10-03T04:19:58.631318Z,0.1000,98.88,yes
2026-10-03T04:19:59.807521Z,0.1000,97.97,yes
2026-10-03T04:19:59.807521Z,0.1000,132.50,yes
2026-10-03T04:20:00.139013Z,0.1000,94.16,yes
2026-10-03T04:20:02.300368Z,0.1200,15.69,yes
2026-10-03T04:20:04.146049Z,0.1200,27.87,yes
2026-10-03T04:20:04.146049Z,0.1300,31.76,yes
2026-10-03T04:20:08.820889Z,0.1100,42.20,no
2026-10-03T04:20:08.820889Z,0.1100,95.80,no
2026-10-03T04:20:08.820889Z,0.1100,62.00,no
2026-10-03T04:20:08.821017Z,0.1100,19.00,no
2026-10-03T04:20:08.821017Z,0.1100,4.20,no
2026-10-03T04:20:09.248984Z,0.1100,145.01,yes
2026-10-03T04:20:09.379016Z,0.1000,62.00,no
2026-10-03T04:20:09.379016Z,0.1000,100.00,no
2026-10-03T04:20:09.907308Z,0.0900,0.13,no
2026-10-03T04:20:09.957977Z,0.1000,1.24,yes
2026-10-03T04:20:09.957977Z,0.1000,38.00,yes
2026-10-03T04:20:13.89637Z,0.1000,55.74,yes
2026-10-03T04:20:13.89637Z,0.1000,62.00,yes
2026-10-03T04:20:15.615865Z,0.1000,94.07,yes
2026-10-03T04:20:16.372035Z,0.1000,47.03,yes
2026-10-03T04:20:16.78524Z,0.1000,18.81,yes
2026-10-03T04:20:17.015552Z,0.1000,470.36,yes
2026-10-03T04:20:17.113438Z,0.1000,235.18,yes
2026-10-03T04:20:17.576195Z,0.1000,9.33,yes
2026-10-03T04:20:17.576195Z,0.1000,78.81,yes
2026-10-03T04:20:17.576195Z,0.1000,100.00,yes
2026-10-03T04:20:19.222616Z,0.1000,32.57,yes
2026-10-03T04:20:19.222616Z,0.1100,81.64,yes
2026-10-03T04:20:19.844831Z,0.1000,9.40,yes
2026-10-03T04:20:21.525468Z,0.1100,12.75,yes
2026-10-03T04:20:21.525468Z,0.1000,32.95,yes
2026-10-03T04:20:22.799053Z,0.1100,4.02,yes
2026-10-03T04:20:22.799053Z,0.1000,42.55,yes
2026-10-03T04:20:23.656902Z,0.1100,21.13,yes
2026-10-03T04:20:23.656902Z,0.1000,42.55,yes
2026-10-03T04:20:23.935669Z,0.1100,709.21,yes
2026-10-03T04:20:23.935669Z,0.1000,42.55,yes
2026-10-03T04:20:24.087692Z,0.1000,42.43,yes
2026-10-03T04:20:24.087692Z,0.1100,75.87,yes
2026-10-03T04:20:24.140963Z,0.1000,42.43,yes
2026-10-03T04:20:24.140963Z,0.1100,28.99,yes
2026-10-03T04:20:25.66852Z,0.1000,41.75,yes
2026-10-03T04:20:25.711811Z,0.1000,0.68,yes
2026-10-03T04:20:25.711811Z,0.1100,170.72,yes
2026-10-03T04:20:28.437717Z,0.1100,42.78,yes
2026-10-03T04:20:28.96315Z,0.1100,10.00,yes
2026-10-03T04:20:28.96315Z,0.1100,203.94,yes
2026-10-03T04:20:29.471256Z,0.1100,42.78,yes
2026-10-03T04:20:31.281315Z,0.1100,4.27,yes
2026-10-03T04:20:32.768997Z,0.1100,427.88,yes
2026-10-03T04:20:33.895013Z,0.1100,84.20,yes
2026-10-03T04:20:35.789757Z,0.1100,128.36,yes
2026-10-03T04:20:36.278071Z,0.1100,6.41,yes
2026-10-03T04:20:37.469643Z,0.1100,102.16,yes
2026-10-03T04:20:37.469643Z,0.1100,368.51,yes
2026-10-03T04:20:38.441209Z,0.1100,42.78,yes
2026-10-03T04:20:38.615196Z,0.1100,42.78,yes
2026-10-03T04:20:38.723545Z,0.1100,42.78,yes
2026-10-03T04:20:39.501076Z,0.1000,0.85,no
2026-10-03T04:20:40.080451Z,0.1100,22.63,yes
2026-10-03T04:20:40.080451Z,0.1100,20.15,yes
2026-10-03T04:20:41.794231Z,0.1000,65.23,no
2026-10-03T04:20:43.211991Z,0.1100,188.27,yes
2026-10-03T04:20:45.390771Z,0.1000,1620.00,no
2026-10-03T04:20:45.844556Z,0.1100,40.00,yes
2026-10-03T04:20:46.029898Z,0.1100,9.24,yes
2026-10-03T04:20:46.154139Z,0.1000,0.04,no
2026-10-03T04:20:52.675102Z,0.1100,213.94,yes
2026-10-03T04:20:53.179749Z,0.1100,4.53,yes
2026-10-03T04:20:53.288904Z,0.1100,42.78,yes
2026-10-03T04:20:54.22475Z,0.1100,42.78,yes
2026-10-03T04:20:56.592382Z,0.1100,23.07,yes
2026-10-03T04:20:59.474847Z,0.1000,42.33,no
2026-10-03T04:21:02.97943Z,0.1000,4.79,yes
2026-10-03T04:21:03.200113Z,0.1000,47.03,yes
2026-10-03T04:21:03.377043Z,0.1000,47.03,yes
2026-10-03T04:21:03.819013Z,0.1000,6.73,yes
2026-10-03T04:21:04.34349Z,0.1000,147.72,yes
2026-10-03T04:21:04.34349Z,0.1000,200.00,yes
2026-10-03T04:21:04.34349Z,0.1000,94.42,yes
2026-10-03T04:21:04.733198Z,0.1000,14.22,yes
2026-10-03T04:21:04.733198Z,0.1000,52.28,yes
2026-10-03T04:21:08.007066Z,0.1100,85.57,yes
2026-10-03T04:21:09.500233Z,0.1000,8.55,yes
2026-10-03T04:21:12.434382Z,0.1100,87.33,yes
2026-10-03T04:21:12.434382Z,0.1000,33.04,yes
2026-10-03T04:21:12.434382Z,0.1100,53.70,yes
2026-10-03T04:21:12.862515Z,0.1000,41.48,yes
2026-10-03T04:21:12.862515Z,0.1100,38.64,yes
2026-10-03T04:21:16.010577Z,0.1000,9.40,yes
2026-10-03T04:21:19.430013Z,0.1000,18.81,yes
2026-10-03T04:21:19.870805Z,0.1000,13.27,yes
2026-10-03T04:21:19.870805Z,0.1000,75.15,yes
2026-10-03T04:21:21.293638Z,0.1000,2438.85,yes
2026-10-03T04:21:21.293638Z,0.1100,348.72,yes
2026-10-03T04:21:21.651152Z,0.1000,7.05,yes
2026-10-03T04:21:22.66618Z,0.1000,34.31,yes
2026-10-03T04:21:22.66618Z,0.1100,11.55,yes
2026-10-03T04:21:23.428608Z,0.1000,36.75,yes
2026-10-03T04:21:24.458797Z,0.0900,78.57,no
2026-10-03T04:21:25.204042Z,0.1000,4.38,yes
2026-10-03T04:21:25.204042Z,0.1100,209.92,yes
2026-10-03T04:21:31.940223Z,0.1100,3.60,yes
2026-10-03T04:21:31.940223Z,0.1100,264.00,yes
2026-10-03T04:21:31.940223Z,0.1000,41.16,yes
2026-10-03T04:21:31.940223Z,0.1000,102.00,yes
2026-10-03T04:21:31.940223Z,0.1000,78.00,yes
2026-10-03T04:21:31.940223Z,0.1000,2.00,yes
2026-10-03T04:21:32.384683Z,0.1000,100.11,yes
2026-10-03T04:21:32.384683Z,0.1000,41.00,yes
2026-10-03T04:21:33.200443Z,0.0900,333.33,no
2026-10-03T04:21:40.343269Z,0.0900,125.00,no
2026-10-03T04:21:40.877979Z,0.1000,3.26,yes
2026-10-03T04:21:40.877979Z,0.1000,2.00,yes
2026-10-03T04:21:40.913499Z,0.1000,37.74,yes
2026-10-03T04:21:40.913499Z,0.1000,9.29,yes
2026-10-03T04:21:41.461437Z,0.0900,5.44,no
2026-10-03T04:21:43.936252Z,0.1000,2.00,yes
2026-10-03T04:21:43.936252Z,0.1000,3.00,yes
2026-10-03T04:21:43.936252Z,0.1000,115.71,yes
2026-10-03T04:21:43.936252Z,0.1100,1.36,yes
2026-10-03T04:21:44.578176Z,0.1100,100.55,yes
2026-10-03T04:21:46.690223Z,0.1100,394.49,yes
2026-10-03T04:21:46.690223Z,0.1100,59.07,yes
2026-10-03T04:21:47.909542Z,0.1000,41.00,no
2026-10-03T04:21:49.116252Z,0.1100,85.57,yes
2026-10-03T04:21:52.18718Z,0.1100,85.57,yes
2026-10-03T04:21:53.256993Z,0.1000,41.69,no
2026-10-03T04:21:55.54965Z,0.1000,41.05,no
2026-10-03T04:21:56.156989Z,0.0900,100.00,no
2026-10-03T04:21:56.156989Z,0.0900,62.00,no
2026-10-03T04:21:56.156989Z,0.0900,100.00,no
2026-10-03T04:21:56.156989Z,0.0900,100.00,no
2026-10-03T04:21:56.156989Z,0.0800,38.00,no
2026-10-03T04:21:56.156997Z,0.0800,200.00,no
2026-10-03T04:21:56.157194Z,0.0800,200.00,no
2026-10-03T04:21:56.157222Z,0.0800,2.00,no
2026-10-03T04:21:56.157222Z,0.0800,136.00,no
2026-10-03T04:21:56.157222Z,0.0800,62.00,no
2026-10-03T04:21:56.15741Z,0.0800,1.00,no
2026-10-03T04:21:56.15741Z,0.0800,64.00,no
2026-10-03T04:21:58.415888Z,0.1000,3.95,yes
2026-10-03T04:21:59.828724Z,0.0900,150.16,no
2026-10-03T04:22:02.156353Z,0.1000,8.00,no
2026-10-03T04:22:05.19631Z,0.1000,33.59,no
2026-10-03T04:22:05.345655Z,0.1000,10.00,yes
2026-10-03T04:22:05.345655Z,0.1000,78.00,yes
2026-10-03T04:22:05.345655Z,0.1000,66.41,yes
2026-10-03T04:22:05.345655Z,0.1000,102.00,yes
2026-10-03T04:22:05.345655Z,0.1000,2.00,yes
2026-10-03T04:22:05.345655Z,0.1000,460.17,yes
2026-10-03T04:22:05.345655Z,0.1000,3.00,yes
2026-10-03T04:22:05.345655Z,0.1000,41.37,yes
2026-10-03T04:22:06.55944Z,0.1000,9.40,yes
2026-10-03T04:22:07.89935Z,0.1000,9.40,yes
2026-10-03T04:22:08.377815Z,0.1000,7.69,yes
2026-10-03T04:22:09.29433Z,0.0900,2071.03,no
2026-10-03T04:22:09.29433Z,0.1000,41.10,no
2026-10-03T04:22:09.760715Z,0.1100,42.78,yes
2026-10-03T04:22:11.84488Z,0.1100,17.11,yes
2026-10-03T04:22:12.212258Z,0.1100,58.02,yes
2026-10-03T04:22:16.928006Z,0.1100,128.36,yes
2026-10-03T04:22:20.508275Z,0.1000,40.88,no
2026-10-03T04:22:20.765374Z,0.1000,42.78,yes
2026-10-03T04:22:26.122164Z,0.1000,14.66,yes
2026-10-03T04:22:26.346355Z,0.1000,16.46,yes
2026-10-03T04:22:27.502941Z,0.1000,47.03,yes
2026-10-03T04:22:28.314388Z,0.1000,54.26,yes
2026-10-03T04:22:29.280966Z,0.1000,30.00,yes
2026-10-03T04:22:29.573741Z,0.0900,0.01,no
2026-10-03T04:22:29.811767Z,0.1000,103.93,yes
2026-10-03T04:22:29.811767Z,0.1000,37.18,yes
2026-10-03T04:22:35.411391Z,0.0900,62.50,no
2026-10-03T04:22:35.635057Z,0.1000,977.29,yes
2026-10-03T04:22:35.635057Z,0.1000,2301.00,yes
2026-10-03T04:22:35.635057Z,0.1000,4.27,yes
2026-10-03T04:22:35.635057Z,0.1000,10.00,yes
2026-10-03T04:22:37.552628Z,0.0900,59.02,no
2026-10-03T04:22:48.655988Z,0.1000,47.03,yes
2026-10-03T04:22:48.812001Z,0.0900,100.00,no
2026-10-03T04:22:48.812001Z,0.0900,492.15,no
2026-10-03T04:22:48.812001Z,0.0900,78.47,no
2026-10-03T04:22:48.824128Z,0.1000,206.96,yes
2026-10-03T04:22:50.889803Z,0.0900,199.02,no
2026-10-03T04:22:51.254441Z,0.1000,83.33,yes
2026-10-03T04:22:57.878543Z,0.1000,3504.27,yes
2026-10-03T04:22:57.878543Z,0.1000,1199.39,yes
2026-10-03T04:23:02.530908Z,0.1000,24.55,yes
2026-10-03T04:23:02.724577Z,0.1000,7.90,yes
2026-10-03T04:23:03.985909Z,0.1000,141.11,yes
2026-10-03T04:23:06.412035Z,0.1000,564.44,yes
2026-10-03T04:23:10.933834Z,0.1000,92.19,yes
2026-10-03T04:23:11.956835Z,0.0900,204.31,no
2026-10-03T04:23:12.005143Z,0.1000,68.20,yes
2026-10-03T04:23:14.838658Z,0.1000,889.73,yes
2026-10-03T04:23:14.838658Z,0.1000,51.00,yes
2026-10-03T04:23:15.128473Z,0.1000,41.66,yes
2026-10-03T04:23:15.382192Z,0.1000,940.73,yes
2026-10-03T04:23:16.205994Z,0.1000,47.03,yes
2026-10-03T04:23:16.525715Z,0.0900,201.01,no
2026-10-03T04:23:16.992352Z,0.0900,0.03,no
2026-10-03T04:23:19.805962Z,0.0900,375.29,no
2026-10-03T04:23:23.295521Z,0.1000,84.07,yes
2026-10-03T04:23:23.295521Z,0.1000,10.00,yes
2026-10-03T04:23:24.051957Z,0.1000,188.14,yes
2026-10-03T04:23:28.090906Z,0.0900,3.14,no
2026-10-03T04:23:30.384366Z,0.1000,50.00,yes
2026-10-03T04:23:32.180889Z,0.0900,168.43,no
2026-10-03T04:23:33.701755Z,0.1000,144.30,yes
2026-10-03T04:23:34.708144Z,0.1000,28.22,yes
2026-10-03T04:23:41.983501Z,0.1000,9.40,yes
2026-10-03T04:23:44.220623Z,0.1000,33.00,yes
2026-10-03T04:23:45.168338Z,0.1000,16.00,yes
2026-10-03T04:23:50.460266Z,0.1000,150.00,yes
2026-10-03T04:23:55.665715Z,0.1000,41.00,yes
2026-10-03T04:23:56.944917Z,0.1000,47.03,yes
2026-10-03T04:23:57.17775Z,0.1000,28.22,yes
2026-10-03T04:24:01.941046Z,0.1000,235.18,yes
2026-10-03T04:24:05.577433Z,0.0900,500.00,no
2026-10-03T04:24:05.762271Z,0.1000,94.07,yes
2026-10-03T04:24:11.488219Z,0.1000,23.51,yes
2026-10-03T04:24:13.909708Z,0.1000,8.00,yes
2026-10-03T04:24:21.015118Z,0.1000,103.48,yes
2026-10-03T04:24:25.55721Z,0.0900,738.92,no
2026-10-03T04:24:25.67761Z,0.0900,76.15,no
2026-10-03T04:24:26.757638Z,0.1000,31.38,yes
2026-10-03T04:24:26.757638Z,0.1000,121.62,yes
2026-10-03T04:24:26.788299Z,0.1000,51.92,yes
2026-10-03T04:24:28.231706Z,0.0900,500.00,no
2026-10-03T04:24:29.060189Z,0.0900,75.85,no
2026-10-03T04:24:30.226985Z,0.1000,9.40,yes
2026-10-03T04:24:33.534046Z,0.0900,3.12,no
2026-10-03T04:24:36.601683Z,0.1000,41.20,yes
2026-10-03T04:24:42.191135Z,0.1000,126.15,yes
2026-10-03T04:24:43.33508Z,0.1000,200.00,yes
2026-10-03T04:24:43.33508Z,0.1000,10.00,yes
2026-10-03T04:24:43.33508Z,0.1000,42.42,yes
2026-10-03T04:24:43.33508Z,0.1000,848.71,yes
2026-10-03T04:24:43.33508Z,0.1000,742.80,yes
2026-10-03T04:24:45.058562Z,0.1000,103.48,yes
2026-10-03T04:24:47.32471Z,0.1000,9.40,yes
2026-10-03T04:24:51.318817Z,0.1000,470.36,yes
2026-10-03T04:24:53.339661Z,0.1000,329.25,yes
2026-10-03T04:24:54.849765Z,0.1000,188.14,yes
2026-10-03T04:24:56.972297Z,0.0900,74.00,no
2026-10-03T04:24:56.972297Z,0.0900,42.58,no
2026-10-03T04:24:56.972297Z,0.0800,20.00,no
2026-10-03T04:24:56.972297Z,0.0800,113.14,no
2026-10-03T04:25:02.464667Z,0.0800,620.86,no
2026-10-03T04:25:02.464667Z,0.0800,1391.02,no
2026-10-03T04:25:06.842029Z,0.0900,42.10,no
2026-10-03T04:25:06.842029Z,0.0800,70.23,no
2026-10-03T04:25:09.874802Z,0.0900,20.89,yes
2026-10-03T04:25:16.412836Z,0.0800,16.00,no
2026-10-03T04:25:16.886201Z,0.0900,21.21,yes
2026-10-03T04:25:16.886201Z,0.0900,62.00,yes
2026-10-03T04:25:16.886201Z,0.0900,3.00,yes
2026-10-03T04:25:16.886201Z,0.0900,2.00,yes
2026-10-03T04:25:16.886201Z,0.0900,34.79,yes
2026-10-03T04:25:19.763037Z,0.0900,10.00,yes
2026-10-03T04:25:19.763037Z,0.0900,10.89,yes
2026-10-03T04:25:20.314751Z,0.0800,184.00,no
2026-10-03T04:25:20.314751Z,0.0800,16.00,no
2026-10-03T04:25:20.314774Z,0.0800,27.47,no
2026-10-03T04:25:20.314774Z,0.0800,172.53,no
2026-10-03T04:25:20.314777Z,0.0800,47.00,no
2026-10-03T04:25:20.314777Z,0.0800,25.53,no
2026-10-03T04:25:20.314777Z,0.0800,127.47,no
2026-10-03T04:25:20.314862Z,0.0800,57.47,no
2026-10-03T04:25:23.273052Z,0.0900,94.87,yes
2026-10-03T04:25:23.273052Z,0.0800,3.00,yes
2026-10-03T04:25:23.273052Z,0.0800,2.00,yes
2026-10-03T04:25:23.273052Z,0.0800,5.30,yes
2026-10-03T04:25:23.704947Z,0.0800,43.14,no
2026-10-03T04:25:33.485745Z,0.0900,78.86,yes
2026-10-03T04:25:34.299568Z,0.0700,5.00,no
2026-10-03T04:25:35.179411Z,0.0900,15.38,yes
2026-10-03T04:25:35.179411Z,0.0900,6.55,yes
2026-10-03T04:25:35.238984Z,0.0900,261.14,yes
2026-10-03T04:25:41.449038Z,0.0700,32.39,no
2026-10-03T04:25:41.449038Z,0.0800,1.00,no
2026-10-03T04:25:41.65324Z,0.0900,181.81,yes
2026-10-03T04:25:41.809548Z,0.0700,100.92,no
2026-10-03T04:25:42.170971Z,0.0900,99.00,yes
2026-10-03T04:25:42.170971Z,0.0900,654.82,yes
2026-10-03T04:25:42.170971Z,0.0900,50.50,yes
2026-10-03T04:25:42.847773Z,0.0700,5.55,no
2026-10-03T04:25:45.3414Z,0.0700,36.25,no
2026-10-03T04:25:47.591342Z,0.0800,42.89,yes
2026-10-03T04:25:47.591342Z,0.0900,521.17,yes
2026-10-03T04:25:49.502062Z,0.0800,56.19,yes
2026-10-03T04:25:49.502062Z,0.0800,42.40,yes
2026-10-03T04:25:50.56955Z,0.0900,83.56,yes
2026-10-03T04:25:51.953992Z,0.0900,14.83,yes
2026-10-03T04:25:51.953992Z,0.0800,42.02,yes
2026-10-03T04:25:52.286681Z,0.0900,260.44,yes
2026-10-03T04:25:54.47887Z,0.0900,10.44,yes
2026-10-03T04:25:56.745231Z,0.0800,10.44,yes
2026-10-03T04:25:57.74592Z,0.0800,11.74,yes
2026-10-03T04:25:59.697493Z,0.0800,45.00,yes
2026-10-03T04:26:03.420338Z,0.0700,36.99,no
2026-10-03T04:26:08.487325Z,0.0700,16.86,no
2026-10-03T04:26:08.487325Z,0.0700,61.93,no
2026-10-03T04:26:08.487325Z,0.0700,121.21,no
2026-10-03T04:26:08.48754Z,0.0700,66.00,no
2026-10-03T04:26:08.48754Z,0.0700,20.14,no
2026-10-03T04:26:08.487574Z,0.0600,200.00,no
2026-10-03T04:26:08.487574Z,0.0600,167.00,no
2026-10-03T04:26:08.487574Z,0.0600,33.00,no
2026-10-03T04:26:08.487599Z,0.0600,2.00,no
2026-10-03T04:26:08.487599Z,0.0600,41.69,no
2026-10-03T04:26:08.487599Z,0.0600,133.00,no
2026-10-03T04:26:08.502251Z,0.0600,26.69,yes
2026-10-03T04:26:08.502251Z,0.0600,200.00,yes
2026-10-03T04:26:08.502251Z,0.0600,23.31,yes
2026-10-03T04:26:08.503325Z,0.0600,23.31,yes
2026-10-03T04:26:08.520083Z,0.0600,200.00,yes
2026-10-03T04:26:08.520083Z,0.0600,200.00,yes
2026-10-03T04:26:08.520083Z,0.0600,200.00,yes
2026-10-03T04:26:08.520083Z,0.0600,200.00,yes
2026-10-03T04:26:08.520083Z,0.0600,150.00,yes
2026-10-03T04:26:08.520083Z,0.0600,200.00,yes
2026-10-03T04:26:08.520083Z,0.0600,3.90,yes
2026-10-03T04:26:08.599524Z,0.0700,66.88,yes
2026-10-03T04:26:08.599524Z,0.0700,113.86,yes
2026-10-03T04:26:08.670745Z,0.0700,1.00,yes
2026-10-03T04:26:09.080744Z,0.0700,23.00,yes
2026-10-03T04:26:09.085623Z,0.0700,40.88,yes
2026-10-03T04:26:09.085623Z,0.0700,109.12,yes
2026-10-03T04:26:15.949084Z,0.0800,46.97,yes
2026-10-03T04:26:17.438424Z,0.0800,11.74,yes
2026-10-03T04:26:21.449766Z,0.0800,33.29,yes
2026-10-03T04:26:21.449766Z,0.0800,21.71,yes
2026-10-03T04:26:24.375817Z,0.0700,41.71,no
2026-10-03T04:26:25.591234Z,0.0700,67.06,yes
2026-10-03T04:26:28.587789Z,0.0600,30.00,no
2026-10-03T04:26:30.166949Z,0.0700,40.37,yes
2026-10-03T04:26:31.514917Z,0.0700,40.23,yes
2026-10-03T04:26:31.842266Z,0.0600,34.38,no
2026-10-03T04:26:36.601027Z,0.0600,67.37,no
2026-10-03T04:26:37.728558Z,0.0700,40.23,yes
2026-10-03T04:26:40.299139Z,0.0700,200.00,yes
2026-10-03T04:26:48.522346Z,0.0700,28.30,yes
2026-10-03T04:26:56.515099Z,0.0600,40.41,no
2026-10-03T04:26:56.515099Z,0.0600,1951.25,no
2026-10-03T04:26:56.715214Z,0.0600,1.00,no
2026-10-03T04:27:02.8398Z,0.0700,38.24,yes
2026-10-03T04:27:02.8398Z,0.0800,11.15,yes
2026-10-03T04:27:02.8398Z,0.0700,41.07,yes
2026-10-03T04:27:04.048859Z,0.0700,40.23,yes
2026-10-03T04:27:11.1241Z,0.0700,26.57,yes
2026-10-03T04:27:11.1241Z,0.0700,0.25,yes
2026-10-03T04:27:13.524272Z,0.0700,175.00,yes
2026-10-03T04:27:13.77886Z,0.0700,63.14,yes
2026-10-03T04:27:17.06904Z,0.0700,17.39,yes
2026-10-03T04:27:17.06904Z,0.0700,114.00,yes
2026-10-03T04:27:17.06904Z,0.0700,136.86,yes
2026-10-03T04:27:18.928318Z,0.0700,40.86,no
2026-10-03T04:27:19.770743Z,0.0600,200.00,no
2026-10-03T04:27:19.770955Z,0.0600,100.00,no
2026-10-03T04:27:19.770955Z,0.0600,2.86,no
2026-10-03T04:27:19.770955Z,0.0600,50.00,no
2026-10-03T04:27:19.770955Z,0.0600,38.00,no
2026-10-03T04:27:19.770955Z,0.0600,12.00,no
2026-10-03T04:27:22.62696Z,0.0600,200.00,yes
2026-10-03T04:27:22.62696Z,0.0600,200.00,yes
2026-10-03T04:27:22.62696Z,0.0600,166.63,yes
2026-10-03T04:27:22.62696Z,0.0600,197.14,yes
2026-10-03T04:27:22.62696Z,0.0600,200.00,yes
2026-10-03T04:27:22.62696Z,0.0600,200.00,yes
2026-10-03T04:27:22.62696Z,0.0600,200.00,yes
2026-10-03T04:27:22.62696Z,0.0600,200.00,yes
2026-10-03T04:27:24.112858Z,0.0600,3.00,yes
2026-10-03T04:27:24.112858Z,0.0600,2.00,yes
2026-10-03T04:27:24.112858Z,0.0700,91.00,yes
2026-10-03T04:27:24.112858Z,0.0700,1245.25,yes
2026-10-03T04:27:24.969817Z,0.0700,3.00,yes
2026-10-03T04:27:30.44608Z,0.0700,13.41,yes
2026-10-03T04:27:30.838031Z,0.0700,10.05,yes
2026-10-03T04:27:31.678739Z,0.0700,67.06,yes
2026-10-03T04:27:33.854883Z,0.0700,134.12,yes
2026-10-03T04:27:34.249858Z,0.0700,67.06,yes
2026-10-03T04:27:36.326076Z,0.0600,1.00,no
2026-10-03T04:27:37.278892Z,0.0700,67.06,yes
2026-10-03T04:27:37.963502Z,0.0700,131.71,yes
2026-10-03T04:27:38.720974Z,0.0700,6.70,yes
2026-10-03T04:27:40.591399Z,0.0600,26.95,no
2026-10-03T04:27:40.591399Z,0.0600,40.11,no
2026-10-03T04:27:41.37512Z,0.0700,335.31,yes
2026-10-03T04:27:42.758531Z,0.0700,3.35,yes
2026-10-03T04:27:43.917763Z,0.0700,134.12,yes
2026-10-03T04:27:44.050017Z,0.0700,5.44,yes
2026-10-03T04:27:49.680705Z,0.0600,1.00,no
2026-10-03T04:27:50.357523Z,0.0700,6.70,yes
2026-10-03T04:27:58.391188Z,0.0700,55.44,yes
2026-10-03T04:28:03.696016Z,0.0700,67.06,yes
2026-10-03T04:28:04.842733Z,0.0700,67.06,yes
2026-10-03T04:28:05.961865Z,0.0700,268.25,yes
2026-10-03T04:28:09.635267Z,0.0600,118.30,no
2026-10-03T04:28:09.804933Z,0.0700,6.55,yes
2026-10-03T04:28:11.751461Z,0.0700,111.11,yes
2026-10-03T04:28:12.371014Z,0.0700,9.38,yes
2026-10-03T04:28:13.516156Z,0.0700,67.06,yes
2026-10-03T04:28:14.49467Z,0.0700,33.53,yes
2026-10-03T04:28:15.441953Z,0.0700,99.52,yes
2026-10-03T04:28:18.702584Z,0.0700,134.12,yes
2026-10-03T04:28:19.141426Z,0.0700,67.06,yes
2026-10-03T04:28:22.45184Z,0.0600,312.13,no
2026-10-03T04:28:22.883053Z,0.0600,23.00,no
2026-10-03T04:28:25.360671Z,0.0700,587.00,yes
2026-10-03T04:28:25.360671Z,0.0700,10.00,yes
2026-10-03T04:28:25.360671Z,0.0700,471.67,yes
2026-10-03T04:28:25.360671Z,0.0700,429.00,yes
2026-10-03T04:28:25.360671Z,0.0700,1000.00,yes
2026-10-03T04:28:25.931749Z,0.0800,1.17,yes
2026-10-03T04:28:27.313075Z,0.0800,14.67,yes
2026-10-03T04:28:36.675722Z,0.0700,254.83,yes
2026-10-03T04:28:38.613733Z,0.0700,4.96,yes
2026-10-03T04:28:43.094586Z,0.0700,273.97,yes
2026-10-03T04:28:43.094586Z,0.0700,89.00,yes
2026-10-03T04:28:43.094586Z,0.0700,200.00,yes
2026-10-03T04:28:43.094586Z,0.0700,39.17,yes
2026-10-03T04:28:43.094586Z,0.0700,10.00,yes
2026-10-03T04:28:45.404582Z,0.0600,198.00,no
2026-10-03T04:28:48.553547Z,0.0700,26.82,yes
2026-10-03T04:28:54.913073Z,0.0700,120.71,yes
2026-10-03T04:28:55.643299Z,0.0700,134.12,yes
2026-10-03T04:29:04.62922Z,0.0700,13.41,yes
2026-10-03T04:29:06.117178Z,0.0600,200.00,no
2026-10-03T04:29:06.117423Z,0.0600,39.80,no
2026-10-03T04:29:06.117423Z,0.0600,8.62,no
2026-10-03T04:29:08.197404Z,0.0600,22.16,yes
2026-10-03T04:29:08.197404Z,0.0600,151.58,yes
2026-10-03T04:29:08.197404Z,0.0600,200.00,yes
2026-10-03T04:29:08.197404Z,0.0600,200.00,yes
2026-10-03T04:29:08.197404Z,0.0600,200.00,yes
2026-10-03T04:29:08.197404Z,0.0600,200.00,yes
2026-10-03T04:29:08.197404Z,0.0600,200.00,yes
2026-10-03T04:29:08.197404Z,0.0600,200.00,yes
2026-10-03T04:29:08.987948Z,0.0600,99.64,yes
2026-10-03T04:29:08.987948Z,0.0600,17.64,yes
2026-10-03T04:29:12.67323Z,0.0600,39.93,yes
2026-10-03T04:29:12.67323Z,0.0700,19.31,yes
2026-10-03T04:29:18.206424Z,0.0700,26.82,yes
2026-10-03T04:29:21.856975Z,0.0700,120.71,yes
2026-10-03T04:29:23.955977Z,0.0700,11.72,yes
2026-10-03T04:29:26.973228Z,0.0700,21.44,yes
2026-10-03T04:29:26.973228Z,0.0700,112.68,yes
2026-10-03T04:29:29.084964Z,0.0700,47.99,yes
2026-10-03T04:29:29.084964Z,0.0700,87.32,yes
2026-10-03T04:29:29.084964Z,0.0700,200.00,yes
2026-10-03T04:29:31.306335Z,0.0700,84.23,yes
2026-10-03T04:29:31.777482Z,0.0700,176.66,yes
2026-10-03T04:29:31.777482Z,0.0700,200.00,yes
2026-10-03T04:29:31.777482Z,0.0700,67.78,yes
2026-10-03T04:29:33.261438Z,0.0700,43.72,yes
2026-10-03T04:29:33.261438Z,0.0700,23.34,yes
2026-10-03T04:29:35.591418Z,0.0700,99.78,yes
2026-10-03T04:29:40.49647Z,0.0600,39.79,no
2026-10-03T04:29:40.49647Z,0.0600,32.71,no
2026-10-03T04:29:41.156931Z,0.0600,46.74,no
2026-10-03T04:29:41.156931Z,0.0600,0.29,no
2026-10-03T04:29:41.7918Z,0.0700,56.50,yes
2026-10-03T04:29:41.7918Z,0.0700,10.56,yes
2026-10-03T04:29:42.913948Z,0.0700,100.00,yes
2026-10-03T04:29:45.732683Z,0.0700,67.06,yes
2026-10-03T04:29:47.802672Z,0.0600,200.00,no
2026-10-03T04:29:47.802902Z,0.0600,40.36,no
2026-10-03T04:29:49.693324Z,0.0600,33.68,no
2026-10-03T04:29:49.755168Z,0.0700,205.63,yes
2026-10-03T04:29:49.755168Z,0.0700,22.38,yes
2026-10-03T04:29:52.734433Z,0.0700,2.66,yes
2026-10-03T04:29:56.425672Z,0.0600,1.00,no
2026-10-03T04:29:56.425672Z,0.0600,200.00,no
2026-10-03T04:29:58.919274Z,0.0500,391.48,no
2026-10-03T04:29:58.919274Z,0.0500,1.00,no
2026-10-03T04:29:59.365716Z,0.0500,78.18,no
2026-10-03T04:30:00.673901Z,0.0600,46.91,yes
2026-10-03T04:30:02.419401Z,0.0500,30.34,no
2026-10-03T04:30:02.419401Z,0.0500,281.85,no
2026-10-03T04:30:06.377233Z,0.0600,40.66,yes
2026-10-03T04:30:06.377233Z,0.0600,37.52,yes
2026-10-03T04:30:12.803347Z,0.0500,107.00,no
2026-10-03T04:30:16.623253Z,0.0600,106.00,yes
2026-10-03T04:30:16.623253Z,0.0600,50.37,yes
2026-10-03T04:30:18.230502Z,0.0600,313.37,yes
2026-10-03T04:30:19.465957Z,0.0500,107.00,no
2026-10-03T04:30:19.465957Z,0.0500,93.00,no
2026-10-03T04:30:19.465965Z,0.0500,6.00,no
2026-10-03T04:30:19.465965Z,0.0500,33.00,no
2026-10-03T04:30:19.465965Z,0.0500,69.00,no
2026-10-03T04:30:19.465965Z,0.0500,2.00,no
2026-10-03T04:30:20.46946Z,0.0400,0.95,no
2026-10-03T04:30:20.46946Z,0.0400,1.00,no
2026-10-03T04:30:21.360912Z,0.0400,2.07,no
2026-10-03T04:30:21.61413Z,0.0500,15.63,yes
2026-10-03T04:30:24.30453Z,0.0600,10.00,yes
2026-10-03T04:30:24.30453Z,0.0600,19.18,yes
2026-10-03T04:30:24.30453Z,0.0600,49.00,yes
2026-10-03T04:30:25.639727Z,0.0600,82.09,yes
2026-10-03T04:30:25.987985Z,0.0500,42.78,no
2026-10-03T04:30:27.879957Z,0.0600,31.27,yes
2026-10-03T04:30:34.702974Z,0.0600,2.00,yes
2026-10-03T04:30:34.702974Z,0.0600,40.71,yes
2026-10-03T04:30:34.702974Z,0.0600,49.00,yes
2026-10-03T04:30:34.702974Z,0.0700,200.00,yes
2026-10-03T04:30:34.702974Z,0.0700,200.00,yes
2026-10-03T04:30:34.702974Z,0.0700,200.00,yes
2026-10-03T04:30:34.702974Z,0.0700,200.00,yes
2026-10-03T04:30:34.702974Z,0.0600,6.00,yes
2026-10-03T04:30:34.702974Z,0.0700,2113.11,yes
2026-10-03T04:30:34.702974Z,0.0700,1000.00,yes
2026-10-03T04:30:35.254012Z,0.0600,0.46,yes
2026-10-03T04:30:41.92559Z,0.0600,40.51,yes
2026-10-03T04:30:42.821225Z,0.0800,1.00,yes
2026-10-03T04:30:42.821225Z,0.0700,1.00,yes
2026-10-03T04:30:42.821225Z,0.0800,1.00,yes
2026-10-03T04:30:42.821225Z,0.0800,49.00,yes
2026-10-03T04:30:42.821225Z,0.0800,6.77,yes
2026-10-03T04:30:43.526517Z,0.0600,40.29,yes
2026-10-03T04:30:43.526517Z,0.0700,36.66,yes
2026-10-03T04:30:44.768072Z,0.0500,33.00,no
2026-10-03T04:30:44.768072Z,0.0500,5.39,no
2026-10-03T04:30:44.768072Z,0.0500,16.00,no
2026-10-03T04:30:44.768072Z,0.0500,1.00,no
2026-10-03T04:30:44.768072Z,0.0500,18.61,no
2026-10-03T04:30:44.768072Z,0.0500,64.00,no
2026-10-03T04:30:44.768072Z,0.0500,62.00,no
2026-10-03T04:30:44.768076Z,0.0500,21.90,no
2026-10-03T04:30:44.800593Z,0.0500,5.00,yes
2026-10-03T04:30:44.801011Z,0.0500,1.00,yes
2026-10-03T04:30:46.033261Z,0.0500,33.00,no
2026-10-03T04:30:46.033261Z,0.0500,64.00,no
2026-10-03T04:30:46.033261Z,0.0500,1.00,no
2026-10-03T04:30:46.033261Z,0.0500,40.51,no
2026-10-03T04:30:53.025105Z,0.0600,15.63,yes
2026-10-03T04:30:57.848272Z,0.0400,1.00,no
2026-10-03T04:30:57.848272Z,0.0400,1.00,no
2026-10-03T04:30:57.848272Z,0.0400,500.00,no
2026-10-03T04:30:57.848272Z,0.0400,25.13,no
2026-10-03T04:30:57.848272Z,0.0500,40.51,no
2026-10-03T04:30:57.848272Z,0.0500,64.00,no
2026-10-03T04:30:57.848272Z,0.0400,300.00,no
2026-10-03T04:30:57.848272Z,0.0500,6.00,no
2026-10-03T04:31:00.940454Z,0.0400,47.07,no
2026-10-03T04:31:00.940454Z,0.0400,7.87,no
2026-10-03T04:31:03.216535Z,0.0500,28.31,yes
2026-10-03T04:31:07.272881Z,0.0500,23.00,yes
2026-10-03T04:31:11.783947Z,0.0500,562.58,yes
2026-10-03T04:31:11.905107Z,0.0500,281.29,yes
2026-10-03T04:31:12.695953Z,0.0400,3.41,no
2026-10-03T04:31:12.695953Z,0.0400,41.77,no
2026-10-03T04:31:12.695953Z,0.0400,33.00,no
2026-10-03T04:31:13.284517Z,0.0500,937.64,yes
2026-10-03T04:31:13.953818Z,0.0500,28.57,yes
2026-10-03T04:31:18.084018Z,0.0400,96.59,no
2026-10-03T04:31:18.084018Z,0.0400,103.41,no
2026-10-03T04:31:18.084086Z,0.0400,200.00,no
2026-10-03T04:31:18.084089Z,0.0400,196.59,no
2026-10-03T04:31:18.084089Z,0.0400,1.00,no
2026-10-03T04:31:18.084089Z,0.0400,2.41,no
2026-10-03T04:31:18.084094Z,0.0400,72.74,no
2026-10-03T04:31:18.084094Z,0.0300,127.26,no
2026-10-03T04:31:18.084103Z,0.0300,71.74,no
2026-10-03T04:31:18.099096Z,0.0300,40.00,yes
2026-10-03T04:31:18.099676Z,0.0300,88.26,yes
2026-10-03T04:31:18.099676Z,0.0300,161.74,yes
2026-10-03T04:31:18.106127Z,0.0300,200.00,yes
2026-10-03T04:31:18.106127Z,0.0300,200.00,yes
2026-10-03T04:31:18.106127Z,0.0300,38.26,yes
2026-10-03T04:31:18.106127Z,0.0300,200.00,yes
2026-10-03T04:31:18.138612Z,0.0400,27.00,yes
2026-10-03T04:31:18.139619Z,0.0400,1.00,yes
2026-10-03T04:31:18.190605Z,0.0400,27.00,yes
2026-10-03T04:31:18.248373Z,0.0300,39.24,no
2026-10-03T04:31:23.893072Z,0.0500,14.00,yes
2026-10-03T04:31:28.376119Z,0.0300,167.00,no
2026-10-03T04:31:28.376119Z,0.0300,33.00,no
2026-10-03T04:31:28.376313Z,0.0300,100.00,no
2026-10-03T04:31:28.376313Z,0.0300,1.00,no
2026-10-03T04:31:28.376313Z,0.0300,55.00,no
2026-10-03T04:31:28.376313Z,0.0300,33.00,no
2026-10-03T04:31:28.403046Z,0.0300,1.00,yes
2026-10-03T04:31:28.428853Z,0.0300,5.00,yes
2026-10-03T04:31:28.450401Z,0.0300,5.00,yes
2026-10-03T04:31:28.450401Z,0.0300,5.00,yes
2026-10-03T04:31:28.477233Z,0.0300,20.00,yes
2026-10-03T04:31:29.32739Z,0.0300,175.00,yes
2026-10-03T04:31:29.32739Z,0.0300,12.28,yes
2026-10-03T04:31:33.806739Z,0.0400,41.77,yes
2026-10-03T04:31:33.806739Z,0.0300,5.00,yes
2026-10-03T04:31:33.806739Z,0.0500,17.81,yes
2026-10-03T04:31:33.806739Z,0.0400,49.00,yes
2026-10-03T04:31:36.205101Z,0.0300,33.00,no
2026-10-03T04:31:36.205101Z,0.0300,73.52,no
2026-10-03T04:31:36.205101Z,0.0300,74.74,no
2026-10-03T04:31:38.930033Z,0.0400,49.00,yes
2026-10-03T04:31:38.930033Z,0.0400,2.00,yes
2026-10-03T04:31:38.930033Z,0.0400,41.77,yes
2026-10-03T04:31:38.930033Z,0.0400,92.87,yes
2026-10-03T04:31:38.930033Z,0.0400,200.00,yes
2026-10-03T04:31:38.930033Z,0.0400,200.00,yes
2026-10-03T04:31:46.740503Z,0.0300,27.84,no
2026-10-03T04:31:48.46488Z,0.0400,55.00,yes
2026-10-03T04:31:48.46488Z,0.0500,42.17,yes
2026-10-03T04:31:48.46488Z,0.0500,46.34,yes
2026-10-03T04:31:48.46488Z,0.0400,2.00,yes
2026-10-03T04:31:48.46488Z,0.0400,10.00,yes
2026-10-03T04:31:48.46488Z,0.0400,6.00,yes
2026-10-03T04:31:48.46488Z,0.0400,49.00,yes
2026-10-03T04:31:53.497648Z,0.0500,55.00,no
2026-10-03T04:31:53.497648Z,0.0400,1.00,no
2026-10-03T04:31:53.497648Z,0.0400,33.00,no
2026-10-03T04:31:53.92418Z,0.0300,14.79,no
2026-10-03T04:31:55.621196Z,0.0300,36.00,no
2026-10-03T04:31:55.621196Z,0.0300,6.63,no
2026-10-03T04:31:55.621196Z,0.0300,157.37,no
2026-10-03T04:31:55.621376Z,0.0300,26.37,no
2026-10-03T04:31:59.263594Z,0.0300,31.21,yes
2026-10-03T04:31:59.35937Z,0.0300,142.42,yes
2026-10-03T04:31:59.35937Z,0.0300,13.64,yes
2026-10-03T04:31:59.385371Z,0.0300,50.00,yes
2026-10-03T04:31:59.701746Z,0.0300,23.41,yes
2026-10-03T04:32:02.385663Z,0.0300,42.24,yes
2026-10-03T04:32:02.385663Z,0.0400,85.26,yes
2026-10-03T04:32:03.724581Z,0.0200,200.00,no
2026-10-03T04:32:03.724585Z,0.0200,82.00,no
2026-10-03T04:32:03.724585Z,0.0200,20.00,no
2026-10-03T04:32:03.724585Z,0.0200,33.00,no
2026-10-03T04:32:03.724585Z,0.0200,65.00,no
2026-10-03T04:32:03.724598Z,0.0200,42.58,no
2026-10-03T04:32:03.724598Z,0.0200,55.00,no
2026-10-03T04:32:03.724598Z,0.0200,18.00,no
2026-10-03T04:32:04.143276Z,0.0200,200.00,yes
2026-10-03T04:32:04.143276Z,0.0200,200.00,yes
2026-10-03T04:32:04.143276Z,0.0200,200.00,yes
2026-10-03T04:32:04.143276Z,0.0200,200.00,yes
2026-10-03T04:32:04.143276Z,0.0200,84.42,yes
2026-10-03T04:32:04.143276Z,0.0200,200.00,yes
2026-10-03T04:32:04.930016Z,0.0200,100.00,no
2026-10-03T04:32:04.930016Z,0.0200,45.79,no
2026-10-03T04:32:06.014395Z,0.0300,42.24,yes
2026-10-03T04:32:06.014395Z,0.0400,611.91,yes
2026-10-03T04:32:06.014395Z,0.0400,49.00,yes
2026-10-03T04:32:06.014395Z,0.0400,10.00,yes
2026-10-03T04:32:08.619006Z,0.0300,43.28,yes
2026-10-03T04:32:08.619006Z,0.0400,136.72,yes
2026-10-03T04:32:08.699745Z,0.0300,42.76,yes
2026-10-03T04:32:08.699745Z,0.0400,68.96,yes
2026-10-03T04:32:08.699745Z,0.0400,63.28,yes
2026-10-03T04:32:08.958467Z,0.0400,1.00,yes
2026-10-03T04:32:09.095242Z,0.0500,10.00,yes
2026-10-03T04:32:10.539968Z,0.0400,70.27,yes
2026-10-03T04:32:13.03001Z,0.0400,49.00,yes
2026-10-03T04:32:13.03001Z,0.0400,25.73,yes
2026-10-03T04:32:13.03001Z,0.0400,42.39,yes
2026-10-03T04:32:14.169772Z,0.0300,6.00,no
2026-10-03T04:32:14.169772Z,0.0300,138.00,no
2026-10-03T04:32:14.169772Z,0.0300,55.00,no
2026-10-03T04:32:14.169772Z,0.0300,1.00,no
2026-10-03T04:32:14.170016Z,0.0300,200.00,no
2026-10-03T04:32:14.170018Z,0.0300,162.00,no
2026-10-03T04:32:18.90712Z,0.0300,43.91,yes
2026-10-03T04:32:18.90712Z,0.0400,5.88,yes
2026-10-03T04:32:18.90712Z,0.0400,68.75,yes
2026-10-03T04:32:18.90712Z,0.0400,10.00,yes
2026-10-03T04:32:18.90712Z,0.0400,61.61,yes
2026-10-03T04:32:18.90712Z,0.0400,523.00,yes
2026-10-03T04:32:20.642345Z,0.0300,26.53,yes
2026-10-03T04:32:22.335822Z,0.0400,36.51,yes
2026-10-03T04:32:22.335822Z,0.0400,67.50,yes
2026-10-03T04:32:22.335822Z,0.0300,17.38,yes
2026-10-03T04:32:23.08214Z,0.0400,84.09,yes
2026-10-03T04:32:23.08214Z,0.0300,43.95,yes
2026-10-03T04:32:24.134106Z,0.0400,48.41,yes
2026-10-03T04:32:24.134106Z,0.0400,141.89,yes
2026-10-03T04:32:24.134106Z,0.0300,43.95,yes
2026-10-03T04:32:28.697605Z,0.0200,3.14,no
2026-10-03T04:32:29.84996Z,0.0300,43.95,yes
2026-10-03T04:32:29.84996Z,0.0300,18.47,yes
2026-10-03T04:32:38.356674Z,0.0200,21.75,no
2026-10-03T04:32:40.922065Z,0.0300,18.27,yes
2026-10-03T04:32:40.922065Z,0.0300,200.00,yes
2026-10-03T04:32:40.922065Z,0.0300,181.53,yes
2026-10-03T04:32:41.059201Z,0.0300,130.40,yes
2026-10-03T04:32:41.059201Z,0.0300,181.73,yes
2026-10-03T04:32:44.418122Z,0.0300,256.55,yes
2026-10-03T04:32:44.418122Z,0.0300,369.60,yes
2026-10-03T04:32:44.90401Z,0.0300,405.78,yes
2026-10-03T04:32:46.095202Z,0.0300,15.60,yes
2026-10-03T04:32:48.155664Z,0.0300,31.21,yes
2026-10-03T04:32:50.19628Z,0.0300,62.42,yes
2026-10-03T04:32:56.111867Z,0.0300,49.00,yes
2026-10-03T04:32:56.111867Z,0.0300,6.00,yes
2026-10-03T04:32:56.111867Z,0.0400,58.11,yes
2026-10-03T04:32:56.111867Z,0.0400,24.00,yes
2026-10-03T04:32:56.111867Z,0.0400,80.38,yes
2026-10-03T04:32:56.111867Z,0.0400,10.00,yes
2026-10-03T04:32:56.111867Z,0.0400,200.00,yes
2026-10-03T04:32:56.111867Z,0.0400,49.00,yes
2026-10-03T04:32:56.111867Z,0.0300,200.00,yes
2026-10-03T04:32:56.111867Z,0.0300,200.00,yes
2026-10-03T04:32:56.111867Z,0.0300,228.44,yes
2026-10-03T04:32:56.111867Z,0.0400,21.00,yes
2026-10-03T04:32:56.111867Z,0.0400,95.18,yes
2026-10-03T04:32:56.111867Z,0.0400,43.28,yes
2026-10-03T04:32:56.111867Z,0.0300,103.00,yes
2026-10-03T04:33:06.867397Z,0.0300,20.00,yes
2026-10-03T04:33:08.320393Z,0.0200,178.25,no
2026-10-03T04:33:08.320393Z,0.0200,21.75,no
2026-10-03T04:33:08.320611Z,0.0200,66.75,no
2026-10-03T04:33:08.320611Z,0.0200,33.00,no
2026-10-03T04:33:08.320611Z,0.0200,14.00,no
2026-10-03T04:33:08.320611Z,0.0200,43.00,no
2026-10-03T04:33:08.320611Z,0.0200,43.25,no
2026-10-03T04:33:08.320616Z,0.0200,6.00,no
2026-10-03T04:33:08.320616Z,0.0200,18.25,no
2026-10-03T04:33:08.320616Z,0.0200,42.07,no
2026-10-03T04:33:09.790212Z,0.0200,42.37,no
2026-10-03T04:33:09.790212Z,0.0200,98.00,no
2026-10-03T04:33:09.790212Z,0.0200,3.93,no
2026-10-03T04:33:10.640567Z,0.0200,29.07,no
2026-10-03T04:33:10.640567Z,0.0200,65.00,no
2026-10-03T04:33:10.640567Z,0.0200,58.19,no
2026-10-03T04:33:10.743774Z,0.0200,100.00,no
2026-10-03T04:33:10.743774Z,0.0200,100.00,no
2026-10-03T04:33:10.743867Z,0.0200,1.00,no
2026-10-03T04:33:10.743867Z,0.0200,42.63,no
2026-10-03T04:33:10.743867Z,0.0200,98.00,no
2026-10-03T04:33:10.743867Z,0.0200,16.00,no
2026-10-03T04:33:10.743867Z,0.0200,42.37,no
2026-10-03T04:33:10.743869Z,0.0200,22.37,no
2026-10-03T04:33:10.743869Z,0.0200,1.00,no
2026-10-03T04:33:11.195388Z,0.0100,113.58,no
2026-10-03T04:33:14.852473Z,0.0200,26.25,no
2026-10-03T04:33:15.45084Z,0.0300,42.37,yes
2026-10-03T04:33:15.45084Z,0.0300,20.05,yes
2026-10-03T04:33:17.746299Z,0.0200,65.00,no
2026-10-03T04:33:17.746299Z,0.0200,81.24,no
2026-10-03T04:33:17.746299Z,0.0200,33.00,no
2026-10-03T04:33:17.746299Z,0.0200,16.12,no
2026-10-03T04:33:17.746299Z,0.0200,65.08,no
2026-10-03T04:33:17.764151Z,0.0200,200.00,no
2026-10-03T04:33:17.764218Z,0.0200,200.00,no
2026-10-03T04:33:17.764224Z,0.0200,34.92,no
2026-10-03T04:33:17.764224Z,0.0200,100.00,no
2026-10-03T04:33:17.764224Z,0.0200,22.36,no
2026-10-03T04:33:17.764224Z,0.0200,42.72,no
2026-10-03T04:33:17.76423Z,0.0200,42.64,no
2026-10-03T04:33:19.218319Z,0.0200,21.93,no
2026-10-03T04:33:24.418541Z,0.0700,500.00,yes
2026-10-03T04:33:24.418541Z,0.0600,49.00,yes
2026-10-03T04:33:24.418541Z,0.0400,179.00,yes
2026-10-03T04:33:24.418541Z,0.0500,49.00,yes
2026-10-03T04:33:24.418541Z,0.0400,1.00,yes
2026-10-03T04:33:24.418541Z,0.0500,100.00,yes
2026-10-03T04:33:24.418541Z,0.0600,90.00,yes
2026-10-03T04:33:24.418541Z,0.0700,1.87,yes
2026-10-03T04:33:24.418541Z,0.0500,22.24,yes
2026-10-03T04:33:24.418541Z,0.0300,43.00,yes
2026-10-03T04:33:24.418541Z,0.0600,72.00,yes
2026-10-03T04:33:24.418541Z,0.0600,127.00,yes
2026-10-03T04:33:24.418541Z,0.0700,1.00,yes
2026-10-03T04:33:24.418541Z,0.0700,1.00,yes
2026-10-03T04:33:24.585975Z,0.0800,24.00,yes
2026-10-03T04:33:24.585975Z,0.0800,1.00,yes
2026-10-03T04:33:26.705619Z,0.2000,10.00,yes
2026-10-03T04:33:26.705619Z,0.1900,2.00,yes
2026-10-03T04:33:26.705619Z,0.2000,2.00,yes
2026-10-03T04:33:26.705619Z,0.2200,2.00,yes
2026-10-03T04:33:26.705619Z,0.1900,196.00,yes
2026-10-03T04:33:26.705619Z,0.1200,39.00,yes
2026-10-03T04:33:26.705619Z,0.2100,2.00,yes
2026-10-03T04:33:26.705619Z,0.0900,6.00,yes
2026-10-03T04:33:26.705619Z,0.1100,1.00,yes
2026-10-03T04:33:26.705619Z,0.1200,29.50,yes
2026-10-03T04:33:26.705619Z,0.1200,56.38,yes
2026-10-03T04:33:26.705619Z,0.1300,500.00,yes
2026-10-03T04:33:26.705619Z,0.1300,1.00,yes
2026-10-03T04:33:26.705619Z,0.1100,18.74,yes
2026-10-03T04:33:26.705619Z,0.1100,1.00,yes
2026-10-03T04:33:26.705619Z,0.1200,86.00,yes
2026-10-03T04:33:26.705619Z,0.2200,1367.00,yes
2026-10-03T04:33:26.705619Z,0.1400,208.00,yes
2026-10-03T04:33:26.705619Z,0.0900,89.56,yes
2026-10-03T04:33:26.705619Z,0.2100,6.70,yes
2026-10-03T04:33:26.705619Z,0.1700,219.00,yes
2026-10-03T04:33:26.705619Z,0.1400,1.00,yes
2026-10-03T04:33:26.705619Z,0.1300,500.00,yes
2026-10-03T04:33:26.705619Z,0.1100,23.52,yes
2026-10-03T04:33:26.705619Z,0.1900,4.27,yes
2026-10-03T04:33:26.705619Z,0.2000,31.21,yes
2026-10-03T04:33:26.705619Z,0.2200,18.85,yes
2026-10-03T04:33:26.71076Z,0.2200,906.00,no
2026-10-03T04:33:26.713636Z,0.2200,4.69,no
2026-10-03T04:33:26.719824Z,0.2200,1.00,no
2026-10-03T04:33:26.722649Z,0.2200,16.91,no
2026-10-03T04:33:26.722833Z,0.2200,38.79,no
2026-10-03T04:33:26.725633Z,0.2200,5.00,no
2026-10-03T04:33:26.735992Z,0.1500,20.00,no
2026-10-03T04:33:26.735992Z,0.2200,605.88,no
2026-10-03T04:33:26.754516Z,0.1400,33.00,no
2026-10-03T04:33:26.768573Z,0.1000,10.00,no
2026-10-03T04:33:26.768573Z,0.1300,37.00,no
2026-10-03T04:33:26.802445Z,0.1000,27.00,no
2026-10-03T04:33:26.813203Z,0.1300,27.00,no
2026-10-03T04:33:26.819101Z,0.1300,27.00,no
2026-10-03T04:33:26.851085Z,0.1100,4.00,no
2026-10-03T04:33:26.887626Z,0.1100,37.00,no
2026-10-03T04:33:26.887626Z,0.1100,24.00,no
2026-10-03T04:33:26.986956Z,0.1200,18.68,no
2026-10-03T04:33:26.986956Z,0.1100,17.32,no
2026-10-03T04:33:27.002872Z,0.1200,22.00,no
2026-10-03T04:33:27.013632Z,0.1100,20.68,no
2026-10-03T04:33:27.013632Z,0.1100,6.32,no
2026-10-03T04:33:27.649438Z,0.1100,42.68,no
2026-10-03T04:33:27.649438Z,0.1100,3.58,no
2026-10-03T04:33:27.649438Z,0.1100,67.00,no
2026-10-03T04:33:28.648692Z,0.0900,6.00,no
2026-10-03T04:33:28.648692Z,0.1000,74.00,no
2026-10-03T04:33:28.648692Z,0.1000,9.00,no
2026-10-03T04:33:28.648692Z,0.0900,79.46,no
2026-10-03T04:33:28.648692Z,0.1000,1.00,no
2026-10-03T04:33:28.648692Z,0.1000,43.15,no
2026-10-03T04:33:28.648692Z,0.1000,33.00,no
2026-10-03T04:33:28.901844Z,0.1100,62.00,no
2026-10-03T04:33:28.901844Z,0.1000,10.50,no
2026-10-03T04:33:31.402482Z,0.1100,4.27,yes
2026-10-03T04:33:31.971267Z,0.0900,11.39,no
2026-10-03T04:33:31.971267Z,0.0900,100.00,no
2026-10-03T04:33:31.971267Z,0.0900,33.00,no
2026-10-03T04:33:31.971267Z,0.0900,6.00,no
2026-10-03T04:33:33.283148Z,0.0900,33.41,no
2026-10-03T04:33:34.29426Z,0.0900,5.00,no
2026-10-03T04:33:34.422046Z,0.1100,42.78,yes
2026-10-03T04:33:35.118542Z,0.1100,14.95,yes
2026-10-03T04:33:35.118542Z,0.1100,0.43,yes
2026-10-03T04:33:35.52548Z,0.1100,3.57,yes
2026-10-03T04:33:35.788434Z,0.1100,29.19,no
2026-10-03T04:33:36.528053Z,0.1200,49.00,yes
2026-10-03T04:33:36.528053Z,0.1200,123.00,yes
2026-10-03T04:33:38.010985Z,0.1200,20.03,no
2026-10-03T04:33:40.76893Z,0.1300,500.00,yes
2026-10-03T04:33:40.76893Z,0.1300,5.00,yes
2026-10-03T04:33:41.263266Z,0.1300,24.80,no
2026-10-03T04:33:42.973103Z,0.1300,57.00,no
2026-10-03T04:33:42.973103Z,0.1300,18.55,no
2026-10-03T04:33:42.973103Z,0.1300,24.45,no
2026-10-03T04:33:43.114024Z,0.1300,1.00,yes
2026-10-03T04:33:43.114024Z,0.1300,84.00,yes
2026-10-03T04:33:43.114024Z,0.1300,32.79,yes
2026-10-03T04:33:43.114507Z,0.1200,20.00,no
2026-10-03T04:33:48.063985Z,0.1300,15.95,yes
2026-10-03T04:33:48.484783Z,0.1200,178.00,yes
2026-10-03T04:33:48.484783Z,0.1200,25.02,yes
2026-10-03T04:33:49.033026Z,0.1100,42.74,no
2026-10-03T04:33:49.033026Z,0.1100,37.00,no
2026-10-03T04:33:49.033026Z,0.1100,33.00,no
2026-10-03T04:33:49.033026Z,0.1000,275.98,no
2026-10-03T04:33:49.033026Z,0.1100,100.00,no
2026-10-03T04:33:49.033026Z,0.1100,81.81,no
2026-10-03T04:33:49.033026Z,0.1100,3.00,no
2026-10-03T04:33:49.033026Z,0.1100,1.00,no
2026-10-03T04:33:49.033026Z,0.1100,2.00,no
2026-10-03T04:33:49.033026Z,0.1100,11.00,no
2026-10-03T04:33:49.276381Z,0.1200,94.19,yes
2026-10-03T04:33:50.942069Z,0.1200,178.00,yes
2026-10-03T04:33:50.942069Z,0.1200,58.79,yes
2026-10-03T04:33:50.942069Z,0.1200,155.69,yes
2026-10-03T04:33:51.062215Z,0.1100,27.79,no
2026-10-03T04:33:56.07064Z,0.1100,37.00,no
2026-10-03T04:33:56.07064Z,0.1100,15.35,no
2026-10-03T04:33:56.07064Z,0.1100,195.72,no
2026-10-03T04:33:56.923859Z,0.1100,444.44,no
2026-10-03T04:33:58.431716Z,0.1200,431.73,yes
2026-10-03T04:33:59.241483Z,0.1200,392.48,yes
2026-10-03T04:34:02.529122Z,0.1300,14.50,yes
2026-10-03T04:34:03.08703Z,0.1300,181.26,yes
2026-10-03T04:34:03.541959Z,0.1300,68.26,yes
2026-10-03T04:34:03.541959Z,0.1300,4.24,yes
2026-10-03T04:34:03.667135Z,0.1300,72.50,yes
2026-10-03T04:34:04.703128Z,0.1300,36.25,yes
2026-10-03T04:34:05.634953Z,0.1300,1.66,yes
2026-10-03T04:34:06.696858Z,0.1200,33.00,no
2026-10-03T04:34:06.696858Z,0.1200,3.00,no
2026-10-03T04:34:06.696858Z,0.1200,30.00,no
2026-10-03T04:34:06.696858Z,0.1200,7.00,no
2026-10-03T04:34:06.696858Z,0.1200,26.40,no
2026-10-03T04:34:06.696858Z,0.1200,100.00,no
2026-10-03T04:34:06.696858Z,0.1100,443.43,no
2026-10-03T04:34:07.874199Z,0.1200,283.56,no
2026-10-03T04:34:07.881859Z,0.1200,200.00,no
2026-10-03T04:34:07.881867Z,0.1200,3.00,no
2026-10-03T04:34:07.881867Z,0.1200,10.68,no
2026-10-03T04:34:07.881867Z,0.1200,33.00,no
2026-10-03T04:34:07.881867Z,0.1200,51.88,no
2026-10-03T04:34:07.881867Z,0.1200,71.44,no
2026-10-03T04:34:07.881867Z,0.1200,30.00,no
2026-10-03T04:34:07.881974Z,0.1200,112.32,no
2026-10-03T04:34:08.654747Z,0.1200,33.68,yes
2026-10-03T04:34:10.096247Z,0.1100,94.19,no
2026-10-03T04:34:10.793404Z,0.1200,23.54,yes
2026-10-03T04:34:11.277609Z,0.1200,30.46,yes
2026-10-03T04:34:11.277609Z,0.1200,24.48,yes
2026-10-03T04:34:11.984017Z,0.1200,15.69,yes
2026-10-03T04:34:12.040574Z,0.1200,9.00,yes
2026-10-03T04:34:12.301083Z,0.1200,33.68,yes
2026-10-03T04:34:12.331239Z,0.1100,562.35,no
2026-10-03T04:34:13.126477Z,0.1200,200.00,yes
2026-10-03T04:34:13.126477Z,0.1200,200.00,yes
2026-10-03T04:34:13.126477Z,0.1200,200.00,yes
2026-10-03T04:34:13.126477Z,0.1200,117.15,yes
2026-10-03T04:34:13.126477Z,0.1200,200.00,yes
2026-10-03T04:34:13.126477Z,0.1200,123.00,yes
2026-10-03T04:34:13.126477Z,0.1200,4106.71,yes
2026-10-03T04:34:13.409644Z,0.1200,39.24,yes
2026-10-03T04:34:13.436623Z,0.1200,117.74,yes
2026-10-03T04:34:13.603908Z,0.1200,78.49,yes
2026-10-03T04:34:14.432436Z,0.1200,54.94,yes
2026-10-03T04:34:15.605105Z,0.1300,2.39,yes
2026-10-03T04:34:17.36156Z,0.1200,57.00,no
2026-10-03T04:34:17.36156Z,0.1200,30.00,no
2026-10-03T04:34:17.36156Z,0.1200,33.00,no
2026-10-03T04:34:17.36156Z,0.1200,3.00,no
2026-10-03T04:34:17.36156Z,0.1100,102.25,no
2026-10-03T04:34:18.472585Z,0.1200,32.96,yes
2026-10-03T04:34:18.877281Z,0.1100,137.25,no
2026-10-03T04:34:19.146827Z,0.1200,10.25,yes
2026-10-03T04:34:19.146827Z,0.1300,86.77,yes
2026-10-03T04:34:19.146827Z,0.1300,85.00,yes
2026-10-03T04:34:19.428924Z,0.1300,14.50,yes
2026-10-03T04:34:19.676879Z,0.1300,7.25,yes
2026-10-03T04:34:19.864582Z,0.1300,21.75,yes
2026-10-03T04:34:20.142939Z,0.1200,36.25,yes
2026-10-03T04:34:20.338564Z,0.1200,7.25,yes
2026-10-03T04:34:20.338564Z,0.1300,0.27,yes
2026-10-03T04:34:20.370312Z,0.1200,43.50,yes
2026-10-03T04:34:20.370312Z,0.1300,81.78,yes
2026-10-03T04:34:20.370312Z,0.1300,424.46,yes
2026-10-03T04:34:21.305416Z,0.1200,39.24,yes
2026-10-03T04:34:21.438364Z,0.1100,289.07,no
2026-10-03T04:34:21.6208Z,0.1100,8.29,no
2026-10-03T04:34:22.240859Z,0.1200,4.26,yes
2026-10-03T04:34:22.240859Z,0.1300,18.22,yes
2026-10-03T04:34:22.240859Z,0.1300,50.28,yes
2026-10-03T04:34:23.412275Z,0.1100,399.80,no
2026-10-03T04:34:23.51843Z,0.1200,39.24,yes
2026-10-03T04:34:23.547337Z,0.1200,1.39,yes
2026-10-03T04:34:23.547337Z,0.1200,4.26,yes
2026-10-03T04:34:23.564942Z,0.1200,184.52,yes
2026-10-03T04:34:23.667082Z,0.1200,170.43,yes
2026-10-03T04:34:23.667082Z,0.1200,14.09,yes
2026-10-03T04:34:23.680446Z,0.1100,11.03,no
2026-10-03T04:34:24.561724Z,0.1200,163.70,yes
2026-10-03T04:34:24.561724Z,0.1200,200.00,yes
2026-10-03T04:34:24.561724Z,0.1200,29.57,yes
2026-10-03T04:34:25.063313Z,0.1200,120.69,yes
2026-10-03T04:34:25.063313Z,0.1200,36.30,yes
2026-10-03T04:34:25.351405Z,0.1100,16.00,no
2026-10-03T04:34:26.76066Z,0.1300,225.70,yes
2026-10-03T04:34:26.76066Z,0.1300,223.84,yes
2026-10-03T04:34:27.789464Z,0.1200,15.63,no
2026-10-03T04:34:27.922944Z,0.1300,14.50,yes
2026-10-03T04:34:28.603065Z,0.1300,34.36,yes
2026-10-03T04:34:28.762401Z,0.1300,478.54,yes
2026-10-03T04:34:28.944249Z,0.1300,248.76,yes
2026-10-03T04:34:28.944249Z,0.1300,113.77,yes
2026-10-03T04:34:29.023529Z,0.1300,86.23,yes
2026-10-03T04:34:29.023529Z,0.1300,124.04,yes
2026-10-03T04:34:29.098088Z,0.1300,36.25,yes
2026-10-03T04:34:29.202135Z,0.1200,2.00,no
2026-10-03T04:34:29.202135Z,0.1200,1.00,no
2026-10-03T04:34:29.202135Z,0.1200,5.00,no
2026-10-03T04:34:29.202135Z,0.1200,3.00,no
2026-10-03T04:34:29.202135Z,0.1200,2.00,no
2026-10-03T04:34:29.202135Z,0.1200,16.00,no
2026-10-03T04:34:29.202135Z,0.1200,14.37,no
2026-10-03T04:34:29.202135Z,0.1200,33.00,no
2026-10-03T04:34:29.202135Z,0.1200,43.50,no
2026-10-03T04:34:29.202135Z,0.1100,35.81,no
2026-10-03T04:34:30.865218Z,0.1200,43.50,yes
2026-10-03T04:34:30.865218Z,0.1200,250.00,yes
2026-10-03T04:34:30.865218Z,0.1300,191.86,yes
2026-10-03T04:34:30.865218Z,0.1300,39.71,yes
2026-10-03T04:34:30.865218Z,0.1300,200.00,yes
2026-10-03T04:34:31.243963Z,0.1300,7.25,yes
2026-10-03T04:34:31.788821Z,0.1300,12.00,yes
2026-10-03T04:34:31.788821Z,0.1500,12.11,yes
2026-10-03T04:34:32.597909Z,0.1400,123.00,yes
2026-10-03T04:34:32.619938Z,0.1400,31.21,no
2026-10-03T04:34:33.387147Z,0.2200,49.00,yes
2026-10-03T04:34:33.387147Z,0.2100,42.81,yes
2026-10-03T04:34:33.387147Z,0.2300,41.00,yes
2026-10-03T04:34:33.387147Z,0.2400,1.62,yes
2026-10-03T04:34:33.387147Z,0.2300,40.00,yes
2026-10-03T04:34:33.387147Z,0.2300,1.00,yes
2026-10-03T04:34:34.115745Z,0.1500,80.00,no
2026-10-03T04:34:34.137269Z,0.1400,23.79,no
2026-10-03T04:34:34.137269Z,0.1300,31.25,no
2026-10-03T04:34:34.1587Z,0.1300,1.00,no
2026-10-03T04:34:34.1587Z,0.1300,2.00,no
2026-10-03T04:34:34.1587Z,0.1200,3.00,no
2026-10-03T04:34:34.1587Z,0.1200,19.00,no
2026-10-03T04:34:34.720402Z,0.1300,1.00,no
2026-10-03T04:34:34.744347Z,0.1300,26.26,yes
2026-10-03T04:34:34.808687Z,0.1300,123.00,yes
2026-10-03T04:34:34.833552Z,0.1300,12.08,yes
2026-10-03T04:34:35.118376Z,0.1300,67.37,yes
2026-10-03T04:34:35.433997Z,0.1300,2.68,yes
2026-10-03T04:34:35.579697Z,0.1300,16.16,yes
2026-10-03T04:34:35.705045Z,0.1300,47.12,yes
2026-10-03T04:34:36.571662Z,0.1300,668.00,yes
2026-10-03T04:34:36.945597Z,0.1300,38.42,yes
2026-10-03T04:34:36.962991Z,0.1300,43.50,yes
2026-10-03T04:34:37.10607Z,0.1300,5.80,yes
2026-10-03T04:34:37.518026Z,0.1300,66.66,yes
2026-10-03T04:34:37.583333Z,0.1300,72.50,yes
2026-10-03T04:34:37.715322Z,0.1300,3.62,yes
2026-10-03T04:34:38.00152Z,0.1300,21.75,yes
2026-10-03T04:34:38.181885Z,0.1300,36.25,yes
2026-10-03T04:34:38.428994Z,0.1300,7.25,yes
2026-10-03T04:34:38.459697Z,0.1200,69.95,no
2026-10-03T04:34:38.459697Z,0.1200,0.05,no
2026-10-03T04:34:38.459697Z,0.1200,30.00,no
2026-10-03T04:34:39.327203Z,0.1300,7.25,yes
2026-10-03T04:34:39.851629Z,0.1300,26.78,yes
2026-10-03T04:34:39.851629Z,0.1300,9.47,yes
2026-10-03T04:34:40.157821Z,0.1300,14.03,yes
2026-10-03T04:34:40.157821Z,0.1300,22.22,yes
2026-10-03T04:34:40.889178Z,0.1200,69.95,no
2026-10-03T04:34:40.889178Z,0.1200,130.05,no
2026-10-03T04:34:40.889216Z,0.1200,30.05,no
2026-10-03T04:34:40.889432Z,0.1100,11.00,no
2026-10-03T04:34:40.889432Z,0.1100,82.00,no
2026-10-03T04:34:40.889432Z,0.1100,42.79,no
2026-10-03T04:34:40.889432Z,0.1100,0.02,no
2026-10-03T04:34:41.588972Z,0.1100,41.53,no
2026-10-03T04:34:41.588972Z,0.1100,2.00,no
2026-10-03T04:34:41.951385Z,0.1100,5.13,yes
2026-10-03T04:34:43.333141Z,0.1100,2.87,yes
2026-10-03T04:34:43.333141Z,0.1100,1.00,yes
2026-10-03T04:34:43.333141Z,0.1100,35.63,yes
2026-10-03T04:34:43.342458Z,0.1100,85.57,yes
2026-10-03T04:34:43.558673Z,0.1100,39.50,yes
2026-10-03T04:34:43.61739Z,0.1100,1.71,yes
2026-10-03T04:34:44.141975Z,0.1100,4.07,yes
2026-10-03T04:34:44.141975Z,0.1100,37.59,yes
2026-10-03T04:34:44.303031Z,0.1100,72.50,yes
2026-10-03T04:34:46.028592Z,0.1100,33.00,yes
2026-10-03T04:34:46.457663Z,0.1100,90.43,yes
2026-10-03T04:34:46.457663Z,0.1100,52.57,yes
2026-10-03T04:34:47.008785Z,0.1100,0.08,yes
2026-10-03T04:34:47.200865Z,0.1100,7.17,yes
2026-10-03T04:34:47.200865Z,0.1100,2.00,yes
2026-10-03T04:34:47.200865Z,0.1100,5.77,yes
2026-10-03T04:34:47.421918Z,0.1100,0.58,yes
2026-10-03T04:34:47.421918Z,0.1100,43.23,yes
2026-10-03T04:34:48.179114Z,0.1100,3.00,yes
2026-10-03T04:34:48.179114Z,0.1100,2.00,yes
2026-10-03T04:34:48.179114Z,0.1200,173.85,yes
2026-10-03T04:34:49.035761Z,0.1200,3.92,yes
2026-10-03T04:34:49.625773Z,0.1200,7.84,yes
2026-10-03T04:34:49.778909Z,0.1200,235.49,yes
2026-10-03T04:34:51.814445Z,0.1200,66.00,yes
2026-10-03T04:34:51.965833Z,0.1100,99.00,no
2026-10-03T04:34:52.40617Z,0.1100,4.27,yes
2026-10-03T04:34:52.526147Z,0.1100,9.00,yes
2026-10-03T04:34:53.027604Z,0.1100,15.45,yes
2026-10-03T04:34:53.570413Z,0.1100,7.84,yes
2026-10-03T04:34:53.972767Z,0.1100,2.00,yes
2026-10-03T04:34:53.972767Z,0.1100,41.96,yes
2026-10-03T04:34:53.972767Z,0.1100,49.00,yes
2026-10-03T04:34:53.972767Z,0.1200,15.80,yes
2026-10-03T04:34:54.14482Z,0.1000,88.85,no
2026-10-03T04:34:54.14482Z,0.1000,10.00,no
2026-10-03T04:34:54.14482Z,0.1000,42.81,no
2026-10-03T04:34:54.820831Z,0.1000,1.58,no
2026-10-03T04:34:54.828073Z,0.1200,7.84,yes
2026-10-03T04:34:55.074234Z,0.1200,0.70,yes
2026-10-03T04:34:55.29701Z,0.1200,39.24,yes
2026-10-03T04:34:55.698071Z,0.1200,62.79,yes
2026-10-03T04:34:56.682095Z,0.1200,83.36,yes
2026-10-03T04:34:56.682095Z,0.1200,73.63,yes
2026-10-03T04:34:57.24309Z,0.1200,28.10,yes
2026-10-03T04:34:57.407937Z,0.1000,123.00,no
2026-10-03T04:34:57.407937Z,0.1000,41.96,no
2026-10-03T04:34:57.407937Z,0.1000,50.00,no
2026-10-03T04:34:57.407937Z,0.0900,17.62,no
2026-10-03T04:34:57.407937Z,0.1000,86.00,no
2026-10-03T04:34:57.407937Z,0.1000,100.00,no
2026-10-03T04:34:57.407937Z,0.1000,198.42,no
2026-10-03T04:34:57.407937Z,0.0900,33.00,no
2026-10-03T04:34:57.748496Z,0.1100,184.53,yes
2026-10-03T04:34:57.748496Z,0.1100,200.00,yes
2026-10-03T04:34:58.454309Z,0.1100,198.47,yes
2026-10-03T04:34:58.454309Z,0.1100,15.47,yes
2026-10-03T04:34:58.4921Z,0.1100,1.53,yes
2026-10-03T04:34:58.4921Z,0.1100,27.22,yes
2026-10-03T04:34:58.522215Z,0.1100,42.78,yes
2026-10-03T04:34:58.617648Z,0.1100,42.78,yes
2026-10-03T04:34:58.856084Z,0.1100,17.80,yes
2026-10-03T04:34:58.89047Z,0.1100,69.42,yes
2026-10-03T04:34:58.89047Z,0.1100,144.52,yes
2026-10-03T04:35:01.524421Z,0.1200,52.04,yes
2026-10-03T04:35:01.951129Z,0.1200,2.74,yes
2026-10-03T04:35:01.951129Z,0.1200,36.50,yes
2026-10-03T04:35:02.727102Z,0.1200,78.49,yes
2026-10-03T04:35:02.778877Z,0.1000,162.87,no
2026-10-03T04:35:02.778877Z,0.1000,2.00,no
2026-10-03T04:35:02.778877Z,0.1000,3.00,no
2026-10-03T04:35:02.778877Z,0.1000,42.64,no
2026-10-03T04:35:03.040534Z,0.1200,78.34,yes
2026-10-03T04:35:03.126015Z,0.1200,78.49,yes
2026-10-03T04:35:03.135654Z,0.1200,15.69,yes
2026-10-03T04:35:03.98545Z,0.1100,42.29,no
2026-10-03T04:35:03.98545Z,0.1100,33.00,no
2026-10-03T04:35:03.98545Z,0.1100,2.00,no
2026-10-03T04:35:03.98545Z,0.1000,37.13,no
2026-10-03T04:35:03.98545Z,0.1000,148.26,no
2026-10-03T04:35:04.150983Z,0.1200,39.24,yes
2026-10-03T04:35:04.418048Z,0.1200,7.84,yes
2026-10-03T04:35:04.723488Z,0.1200,392.48,yes
2026-10-03T04:35:04.807396Z,0.1200,5.96,yes
2026-10-03T04:35:04.916018Z,0.1200,460.30,yes
2026-10-03T04:35:04.916018Z,0.1200,11.62,yes
2026-10-03T04:35:05.363321Z,0.1200,16.01,yes
2026-10-03T04:35:05.726244Z,0.1100,8.00,yes
2026-10-03T04:35:06.670135Z,0.1100,17.11,yes
2026-10-03T04:35:07.359187Z,0.1100,9.24,yes
2026-10-03T04:35:07.417523Z,0.1100,1.08,yes
2026-10-03T04:35:07.417523Z,0.1100,2.00,yes
2026-10-03T04:35:07.870584Z,0.1100,23.07,yes
2026-10-03T04:35:08.383149Z,0.1100,22.16,yes
2026-10-03T04:35:08.383149Z,0.1100,20.62,yes
2026-10-03T04:35:08.627516Z,0.1100,26.93,yes
2026-10-03T04:35:08.627516Z,0.1100,26.84,yes
2026-10-03T04:35:08.627516Z,0.1100,200.00,yes
2026-10-03T04:35:08.627516Z,0.1100,2.00,yes
2026-10-03T04:35:08.627516Z,0.1100,200.00,yes
2026-10-03T04:35:08.627516Z,0.1100,200.00,yes
2026-10-03T04:35:08.627516Z,0.1100,200.00,yes
2026-10-03T04:35:10.048855Z,0.1100,71.57,yes
2026-10-03T04:35:10.156269Z,0.1100,101.50,yes
2026-10-03T04:35:10.156269Z,0.1100,200.00,yes
2026-10-03T04:35:10.156269Z,0.1100,200.00,yes
2026-10-03T04:35:10.156269Z,0.1100,200.00,yes
2026-10-03T04:35:10.156269Z,0.1200,148.70,yes
2026-10-03T04:35:10.156269Z,0.1100,49.00,yes
2026-10-03T04:35:10.156269Z,0.1100,43.69,yes
2026-10-03T04:35:10.192129Z,0.1000,115.65,no
2026-10-03T04:35:10.192129Z,0.1000,100.00,no
2026-10-03T04:35:10.582247Z,0.1000,466.92,no
2026-10-03T04:35:10.646576Z,0.1200,36.58,yes
2026-10-03T04:35:10.646576Z,0.1100,2.00,yes
2026-10-03T04:35:10.646576Z,0.1100,43.69,yes
2026-10-03T04:35:11.71362Z,0.1100,2.00,yes
2026-10-03T04:35:11.71362Z,0.1100,43.69,yes
2026-10-03T04:35:11.71362Z,0.1100,63.07,yes
2026-10-03T04:35:11.71362Z,0.1100,3.00,yes
2026-10-03T04:35:11.71362Z,0.1100,49.00,yes
2026-10-03T04:35:12.078693Z,0.1100,8.55,yes
2026-10-03T04:35:12.235476Z,0.1100,85.57,yes
2026-10-03T04:35:12.864093Z,0.1100,42.78,yes
2026-10-03T04:35:13.652767Z,0.1100,41.67,yes
2026-10-03T04:35:14.521954Z,0.1100,17.11,yes
2026-10-03T04:35:14.762536Z,0.1100,85.00,yes
2026-10-03T04:35:14.876939Z,0.1100,45.00,yes
2026-10-03T04:35:15.120231Z,0.1100,51.34,yes
2026-10-03T04:35:16.467564Z,0.1100,85.57,yes
2026-10-03T04:35:16.65982Z,0.1100,6.24,yes
2026-10-03T04:35:16.703362Z,0.1100,68.46,yes
2026-10-03T04:35:17.374123Z,0.1100,85.57,yes
2026-10-03T04:35:17.375728Z,0.1100,13.43,yes
2026-10-03T04:35:17.608655Z,0.1100,9.67,yes
2026-10-03T04:35:17.692916Z,0.1100,42.78,yes
2026-10-03T04:35:18.099019Z,0.1100,8.55,yes
2026-10-03T04:35:18.346167Z,0.1100,4.02,yes
2026-10-03T04:35:18.8328Z,0.1100,42.78,yes
2026-10-03T04:35:19.692909Z,0.1100,53.04,yes
2026-10-03T04:35:20.351999Z,0.1100,145.97,yes
2026-10-03T04:35:20.35736Z,0.1100,39.24,yes
2026-10-03T04:35:20.624295Z,0.1100,78.00,yes
2026-10-03T04:35:20.8799Z,0.1100,744.52,yes
2026-10-03T04:35:20.943603Z,0.1100,44.58,yes
2026-10-03T04:35:20.976487Z,0.1100,42.78,yes
2026-10-03T04:35:21.573164Z,0.1000,74.27,no
2026-10-03T04:35:21.955262Z,0.1100,42.78,yes
2026-10-03T04:35:22.221615Z,0.1100,11.00,yes
2026-10-03T04:35:22.238902Z,0.1000,190.98,no
2026-10-03T04:35:22.491097Z,0.1100,15.40,yes
2026-10-03T04:35:23.331271Z,0.1100,42.78,yes
2026-10-03T04:35:23.375111Z,0.1100,85.54,yes
2026-10-03T04:35:23.49547Z,0.1100,2139.44,yes
2026-10-03T04:35:23.864796Z,0.1100,2.73,yes
2026-10-03T04:35:23.864796Z,0.1100,275.78,yes
2026-10-03T04:35:24.386688Z,0.1100,855.77,yes
2026-10-03T04:35:24.69019Z,0.1100,213.94,yes
2026-10-03T04:35:24.868426Z,0.1100,42.78,yes
2026-10-03T04:35:26.187078Z,0.1000,325.73,no
2026-10-03T04:35:26.974668Z,0.1100,25.93,yes
2026-10-03T04:35:27.364495Z,0.1200,17.26,yes
2026-10-03T04:35:27.364495Z,0.1100,41.52,yes
2026-10-03T04:35:27.364495Z,0.1100,2.00,yes
2026-10-03T04:35:27.364495Z,0.1100,23.07,yes
2026-10-03T04:35:27.591262Z,0.1100,25.67,yes
2026-10-03T04:35:28.022732Z,0.1200,150.37,yes
2026-10-03T04:35:28.022732Z,0.1200,31.74,yes
2026-10-03T04:35:28.022732Z,0.1100,2.00,yes
2026-10-03T04:35:28.022732Z,0.1100,15.89,yes
2026-10-03T04:35:30.166589Z,0.1100,44.01,yes
2026-10-03T04:35:30.166589Z,0.1100,41.56,yes
2026-10-03T04:35:30.822621Z,0.1100,217.51,yes
2026-10-03T04:35:30.822621Z,0.1100,4.99,yes
2026-10-03T04:35:31.211359Z,0.1100,2.13,yes
2026-10-03T04:35:31.570067Z,0.1100,23.07,yes
2026-10-03T04:35:31.648678Z,0.1100,42.78,yes
2026-10-03T04:35:32.160932Z,0.1100,78.49,yes
2026-10-03T04:35:32.28908Z,0.1100,42.78,yes
2026-10-03T04:35:32.576959Z,0.1100,8.55,yes
2026-10-03T04:35:32.752988Z,0.1100,85.57,yes
2026-10-03T04:35:33.740007Z,0.1100,85.57,yes
2026-10-03T04:35:34.057911Z,0.1100,13.17,yes
2026-10-03T04:35:34.78529Z,0.1100,74.39,yes
2026-10-03T04:35:34.958557Z,0.1100,50.00,yes
2026-10-03T04:35:35.163887Z,0.1100,38.46,yes
2026-10-03T04:35:35.215084Z,0.1100,7.10,yes
2026-10-03T04:35:35.572539Z,0.1100,102.69,yes
2026-10-03T04:35:35.985116Z,0.1100,14.97,yes
2026-10-03T04:35:36.423338Z,0.1100,855.77,yes
2026-10-03T04:35:36.503793Z,0.1100,238.59,yes
2026-10-03T04:35:36.572934Z,0.1100,42.78,yes
2026-10-03T04:35:36.697564Z,0.1100,1.71,yes
2026-10-03T04:35:37.283037Z,0.1100,384.53,yes
2026-10-03T04:35:37.326199Z,0.1100,427.88,yes
2026-10-03T04:35:37.942103Z,0.1100,21.47,yes
2026-10-03T04:35:40.591042Z,0.1200,313.99,yes
2026-10-03T04:35:41.528567Z,0.1200,16.17,yes
2026-10-03T04:35:41.823524Z,0.1200,200.00,yes
2026-10-03T04:35:41.823524Z,0.1200,200.00,yes
2026-10-03T04:35:41.823524Z,0.1200,200.00,yes
2026-10-03T04:35:41.823524Z,0.1200,200.00,yes
2026-10-03T04:35:41.823524Z,0.1200,200.00,yes
2026-10-03T04:35:41.823524Z,0.1200,200.00,yes
2026-10-03T04:35:41.823524Z,0.1200,200.00,yes
2026-10-03T04:35:41.823524Z,0.1200,200.00,yes
2026-10-03T04:35:41.823524Z,0.1200,519.47,yes
2026-10-03T04:35:41.823524Z,0.1200,140.70,yes
2026-10-03T04:35:41.823524Z,0.1200,49.00,yes
2026-10-03T04:35:42.952745Z,0.1200,78.49,yes
2026-10-03T04:35:43.75714Z,0.1100,3.35,no
2026-10-03T04:35:44.232875Z,0.1200,7.84,yes
2026-10-03T04:35:45.499017Z,0.1200,7.84,yes
2026-10-03T04:35:45.74788Z,0.1200,78.49,yes
2026-10-03T04:35:45.955255Z,0.1200,39.24,yes
2026-10-03T04:35:46.295607Z,0.1200,78.49,yes
2026-10-03T04:35:46.731231Z,0.1200,42.92,yes
2026-10-03T04:35:46.883951Z,0.1200,0.07,yes
2026-10-03T04:35:47.634312Z,0.1200,196.24,yes
2026-10-03T04:35:47.656077Z,0.1200,78.49,yes
2026-10-03T04:35:47.711956Z,0.1200,78.49,yes
2026-10-03T04:35:48.040584Z,0.1200,2988.96,yes
2026-10-03T04:35:48.153725Z,0.1200,21.82,yes
2026-10-03T04:35:48.26544Z,0.1200,78.49,yes
2026-10-03T04:35:48.890363Z,0.1200,58.87,yes
2026-10-03T04:35:49.013432Z,0.1200,408.18,yes
2026-10-03T04:35:49.420174Z,0.1200,784.97,yes
2026-10-03T04:35:49.577257Z,0.1200,392.48,yes
2026-10-03T04:35:49.945251Z,0.1200,20.25,yes
2026-10-03T04:35:50.958808Z,0.1200,23.54,yes
2026-10-03T04:35:52.268731Z,0.1200,78.49,yes
2026-10-03T04:35:52.886982Z,0.1200,31.39,yes
2026-10-03T04:35:52.956706Z,0.1200,392.48,yes
2026-10-03T04:35:53.568683Z,0.1200,78.49,yes
2026-10-03T04:35:54.245477Z,0.1200,670.00,yes
2026-10-03T04:35:54.313179Z,0.1100,222.00,no
2026-10-03T04:35:54.313179Z,0.1100,38.41,no
2026-10-03T04:35:54.313179Z,0.1100,10.00,no
2026-10-03T04:35:54.396177Z,0.1100,78.49,yes
2026-10-03T04:35:55.136535Z,0.1100,85.57,yes
2026-10-03T04:35:55.72634Z,0.1100,5.56,yes
2026-10-03T04:35:56.323191Z,0.1100,855.77,yes
2026-10-03T04:35:56.488755Z,0.1100,171.15,yes
2026-10-03T04:35:56.835715Z,0.1100,29.95,yes
2026-10-03T04:35:56.933473Z,0.1000,177.55,no
2026-10-03T04:35:57.442663Z,0.1100,46.07,yes
2026-10-03T04:35:57.777239Z,0.1100,21.00,yes
2026-10-03T04:35:58.154632Z,0.1100,47.06,yes
2026-10-03T04:35:59.461498Z,0.1100,78.49,yes
2026-10-03T04:35:59.802923Z,0.1000,549.48,no
2026-10-03T04:36:00.285031Z,0.1100,0.59,yes
2026-10-03T04:36:01.77322Z,0.1100,35.00,yes
2026-10-03T04:36:01.86047Z,0.1100,42.78,yes
2026-10-03T04:36:03.205058Z,0.1100,94.13,yes
2026-10-03T04:36:03.356277Z,0.1100,142.57,yes
2026-10-03T04:36:03.793273Z,0.1100,20.02,yes
2026-10-03T04:36:04.246182Z,0.1100,85.57,yes
2026-10-03T04:36:05.354545Z,0.1100,25.67,yes
2026-10-03T04:36:06.005028Z,0.1000,1.00,no
2026-10-03T04:36:06.260389Z,0.1000,83.00,no
2026-10-03T04:36:06.837003Z,0.1100,18.48,yes
2026-10-03T04:36:07.656737Z,0.1100,85.57,yes
2026-10-03T04:36:07.720971Z,0.1100,42.78,yes
2026-10-03T04:36:08.014423Z,0.1000,32.16,no
2026-10-03T04:36:09.075429Z,0.1100,1.71,yes
2026-10-03T04:36:09.357704Z,0.1100,23.61,yes
2026-10-03T04:36:09.791337Z,0.1100,42.78,yes
2026-10-03T04:36:09.94864Z,0.1100,39.24,yes
2026-10-03T04:36:11.13319Z,0.1100,9.92,yes
2026-10-03T04:36:11.790989Z,0.1100,2.13,yes
2026-10-03T04:36:12.028501Z,0.1100,427.88,yes
2026-10-03T04:36:13.334865Z,0.1100,213.94,yes
2026-10-03T04:36:14.792741Z,0.1100,111.25,yes
2026-10-03T04:36:18.770899Z,0.1100,17.11,yes
2026-10-03T04:36:18.946445Z,0.1100,128.36,yes
2026-10-03T04:36:20.843701Z,0.1100,4.27,yes
2026-10-03T04:36:21.714579Z,0.1100,213.94,yes
2026-10-03T04:36:23.165552Z,0.1100,256.73,yes
2026-10-03T04:36:23.764676Z,0.1100,222.50,yes
2026-10-03T04:36:24.291082Z,0.1100,855.77,yes
2026-10-03T04:36:24.439994Z,0.1100,85.57,yes
2026-10-03T04:36:24.927211Z,0.1100,708.62,yes
2026-10-03T04:36:24.927211Z,0.1100,60.61,yes
2026-10-03T04:36:25.940595Z,0.1100,111.25,yes
2026-10-03T04:36:26.299365Z,0.1100,25.67,yes
2026-10-03T04:36:27.204646Z,0.1100,128.36,yes
2026-10-03T04:36:27.433358Z,0.1100,26.10,yes
2026-10-03T04:36:28.570885Z,0.1200,39.24,yes
2026-10-03T04:36:29.576669Z,0.1200,15.69,yes
2026-10-03T04:36:30.007615Z,0.1200,188.39,yes
2026-10-03T04:36:31.958519Z,0.1200,39.24,yes
2026-10-03T04:36:32.029875Z,0.1200,1177.46,yes
2026-10-03T04:36:32.646645Z,0.1200,78.49,yes
2026-10-03T04:36:33.948088Z,0.1200,35.00,yes
2026-10-03T04:36:34.063238Z,0.1200,39.24,yes
2026-10-03T04:36:34.089784Z,0.1200,15.69,yes
2026-10-03T04:36:34.349061Z,0.1200,78.49,yes
2026-10-03T04:36:34.585982Z,0.1200,15.69,yes
2026-10-03T04:36:35.968054Z,0.1200,0.70,yes
2026-10-03T04:36:38.699045Z,0.1200,313.99,yes
2026-10-03T04:36:38.928674Z,0.1200,15.62,yes
2026-10-03T04:36:40.393278Z,0.1200,78.49,yes
2026-10-03T04:36:41.129932Z,0.1200,1000.00,yes
2026-10-03T04:36:42.398509Z,0.1200,165.00,yes
2026-10-03T04:36:43.876875Z,0.1200,39.24,yes
2026-10-03T04:36:44.055541Z,0.1200,19.62,yes
2026-10-03T04:36:44.215187Z,0.1200,156.99,yes
2026-10-03T04:36:44.328889Z,0.1200,39.24,yes
2026-10-03T04:36:44.395906Z,0.1200,3.91,yes
2026-10-03T04:36:44.652286Z,0.1200,26.13,yes
2026-10-03T04:36:44.966525Z,0.1200,11.77,yes
2026-10-03T04:36:45.008691Z,0.1200,6.12,yes
2026-10-03T04:36:46.637487Z,0.1200,31.39,yes
2026-10-03T04:36:46.661436Z,0.1200,25.90,yes
2026-10-03T04:36:47.524944Z,0.1200,21.90,yes
2026-10-03T04:36:47.743126Z,0.1200,100.00,yes
2026-10-03T04:36:47.763639Z,0.1200,23.54,yes
2026-10-03T04:36:48.0391Z,0.1100,28.90,no
2026-10-03T04:36:48.0391Z,0.1100,18.19,no
2026-10-03T04:36:48.695851Z,0.1200,40.00,yes
2026-10-03T04:36:49.628861Z,0.1200,117.74,yes
2026-10-03T04:36:49.853927Z,0.1200,15.69,yes
2026-10-03T04:36:50.935995Z,0.1200,7.84,yes
2026-10-03T04:36:51.712171Z,0.1200,78.49,yes
2026-10-03T04:36:52.742506Z,0.1200,423.88,yes
2026-10-03T04:36:53.16151Z,0.1200,7.00,yes
2026-10-03T04:36:53.68255Z,0.1200,132.81,yes
2026-10-03T04:36:54.973017Z,0.1200,15.69,yes
2026-10-03T04:36:55.838411Z,0.1200,313.99,yes
2026-10-03T04:36:55.866688Z,0.1100,4.00,no
2026-10-03T04:36:57.80164Z,0.1200,156.99,yes
2026-10-03T04:36:58.062584Z,0.1200,33.00,yes
2026-10-03T04:36:58.296193Z,0.1200,7.84,yes
2026-10-03T04:36:58.38457Z,0.1200,156.99,yes
2026-10-03T04:36:58.949644Z,0.1200,784.97,yes
2026-10-03T04:37:00.101705Z,0.1100,15.00,no
2026-10-03T04:37:00.102605Z,0.1200,38.69,yes
2026-10-03T04:37:01.090437Z,0.1200,1.96,yes
2026-10-03T04:37:01.269821Z,0.1200,7.84,yes
2026-10-03T04:37:01.572808Z,0.1200,1962.44,yes
2026-10-03T04:37:02.147952Z,0.1200,15.69,yes
2026-10-03T04:37:02.976518Z,0.1200,39.40,yes
2026-10-03T04:37:06.158887Z,0.1200,39.24,yes
2026-10-03T04:37:06.417057Z,0.1200,39.24,yes
2026-10-03T04:37:07.848764Z,0.1200,65.93,yes
2026-10-03T04:37:08.131731Z,0.1200,1228.57,yes
2026-10-03T04:37:08.695855Z,0.1200,31.39,yes
2026-10-03T04:37:09.05992Z,0.1200,117.74,yes
2026-10-03T04:37:09.767466Z,0.1200,156.99,yes
2026-10-03T04:37:09.814332Z,0.1200,78.49,yes
2026-10-03T04:37:10.041825Z,0.1200,5.66,yes
2026-10-03T04:37:10.496045Z,0.1200,78.49,yes
2026-10-03T04:37:11.060787Z,0.1000,0.73,no
2026-10-03T04:37:11.060787Z,0.1100,1.00,no
2026-10-03T04:37:11.060787Z,0.1100,4.37,no
2026-10-03T04:37:11.105526Z,0.1200,117.74,yes
2026-10-03T04:37:11.651424Z,0.1200,7.84,yes
2026-10-03T04:37:14.747751Z,0.1200,156.99,yes
2026-10-03T04:37:15.14477Z,0.1200,39.24,yes
2026-10-03T04:37:16.433077Z,0.1200,15.69,yes
2026-10-03T04:37:20.040389Z,0.1200,78.49,yes
2026-10-03T04:37:21.854838Z,0.1200,156.99,yes
2026-10-03T04:37:22.126452Z,0.1200,78.49,yes
2026-10-03T04:37:22.899752Z,0.1100,41.62,no
2026-10-03T04:37:26.70356Z,0.1100,25.67,yes
2026-10-03T04:37:27.529261Z,0.1000,70.27,no
2026-10-03T04:37:28.372765Z,0.1000,40.20,no
2026-10-03T04:37:28.652671Z,0.1100,20.53,yes
2026-10-03T04:37:29.490057Z,0.1000,40.23,no
2026-10-03T04:37:30.035431Z,0.1100,112.18,yes
2026-10-03T04:37:30.035431Z,0.1100,315.70,yes
2026-10-03T04:37:30.768962Z,0.1100,5.30,yes
2026-10-03T04:37:30.949164Z,0.1100,85.57,yes
2026-10-03T04:37:31.241906Z,0.1100,85.57,yes
2026-10-03T04:37:31.587633Z,0.1100,42.78,yes
2026-10-03T04:37:32.890436Z,0.1100,42.78,yes
2026-10-03T04:37:32.917024Z,0.1100,34.23,yes
2026-10-03T04:37:33.130344Z,0.1100,196.82,yes
2026-10-03T04:37:33.172522Z,0.1100,34.23,yes
2026-10-03T04:37:33.793623Z,0.1100,9.00,yes
2026-10-03T04:37:33.932815Z,0.1100,181.98,yes
2026-10-03T04:37:33.932815Z,0.1100,18.02,yes
2026-10-03T04:37:34.687342Z,0.1100,872.89,yes
2026-10-03T04:37:35.813685Z,0.1100,171.15,yes
2026-10-03T04:37:35.981937Z,0.1100,235.00,yes
2026-10-03T04:37:38.269559Z,0.1100,8.55,yes
2026-10-03T04:37:39.614162Z,0.1100,85.57,yes
2026-10-03T04:37:40.039995Z,0.1100,128.36,yes
2026-10-03T04:37:40.575353Z,0.1100,231.05,yes
2026-10-03T04:37:40.819176Z,0.1100,42.78,yes
2026-10-03T04:37:41.071177Z,0.1100,100.00,yes
2026-10-03T04:37:41.450647Z,0.1000,200.00,no
2026-10-03T04:37:41.450755Z,0.1000,33.00,no
2026-10-03T04:37:41.450755Z,0.1000,100.00,no
2026-10-03T04:37:41.450755Z,0.1000,45.51,no
2026-10-03T04:37:41.450755Z,0.1000,9.00,no
2026-10-03T04:37:41.450755Z,0.1000,1.49,no
2026-10-03T04:37:41.450755Z,0.1000,1.00,no
2026-10-03T04:37:41.450755Z,0.1000,10.00,no
2026-10-03T04:37:41.45076Z,0.1000,40.88,no
2026-10-03T04:37:41.45076Z,0.1000,74.00,no
2026-10-03T04:37:42.631893Z,0.1100,200.00,yes
2026-10-03T04:37:42.631893Z,0.1100,200.00,yes
2026-10-03T04:37:42.631893Z,0.1100,49.00,yes
2026-10-03T04:37:42.631893Z,0.1100,64.46,yes
2026-10-03T04:37:44.251902Z,0.1200,100.00,yes
2026-10-03T04:37:44.251902Z,0.1200,17.74,yes
2026-10-03T04:37:44.579118Z,0.1100,128.23,yes
2026-10-03T04:37:44.579118Z,0.1100,42.92,yes
2026-10-03T04:37:45.698838Z,0.1100,42.92,yes
2026-10-03T04:37:45.698838Z,0.1100,2.00,yes
2026-10-03T04:37:45.698838Z,0.1100,16.59,yes
2026-10-03T04:37:45.698838Z,0.1100,15.50,yes
2026-10-03T04:37:45.800619Z,0.1100,85.00,yes
2026-10-03T04:37:45.800619Z,0.1100,3.00,yes
2026-10-03T04:37:45.800619Z,0.1100,47.41,yes
2026-10-03T04:37:45.800619Z,0.1100,292.47,yes
2026-10-03T04:37:46.68206Z,0.1100,160.00,yes
2026-10-03T04:37:46.95112Z,0.0900,5.24,no
2026-10-03T04:37:46.95112Z,0.0900,66.76,no
2026-10-03T04:37:47.204531Z,0.1100,42.78,yes
2026-10-03T04:37:48.28371Z,0.1100,42.78,yes
2026-10-03T04:37:48.28703Z,0.1100,109.05,yes
2026-10-03T04:37:48.28703Z,0.1100,2.00,yes
2026-10-03T04:37:48.28703Z,0.1100,17.06,yes
2026-10-03T04:37:48.28703Z,0.1100,0.25,yes
2026-10-03T04:37:48.764991Z,0.1100,42.78,yes
2026-10-03T04:37:49.136609Z,0.1100,25.27,yes
2026-10-03T04:37:49.136609Z,0.1000,2.00,yes
2026-10-03T04:37:49.136609Z,0.1000,15.51,yes
2026-10-03T04:37:49.317078Z,0.1100,77.01,yes
2026-10-03T04:37:49.365418Z,0.1100,460.56,yes
2026-10-03T04:37:49.365418Z,0.1000,9.48,yes
2026-10-03T04:37:49.365418Z,0.1000,2.00,yes
2026-10-03T04:37:49.731539Z,0.1100,42.78,yes
2026-10-03T04:37:51.58007Z,0.1100,59.90,yes
2026-10-03T04:37:51.709006Z,0.1100,85.00,yes
2026-10-03T04:37:51.709006Z,0.1100,41.00,yes
2026-10-03T04:37:51.709157Z,0.1100,2.24,yes
2026-10-03T04:37:51.709157Z,0.1100,2.00,yes
2026-10-03T04:37:51.709157Z,0.1100,121.76,yes
2026-10-03T04:37:51.709166Z,0.1100,126.00,yes
2026-10-03T04:37:51.709324Z,0.1100,126.00,yes
2026-10-03T04:37:53.158785Z,0.1000,50.00,no
2026-10-03T04:37:53.158785Z,0.1000,1.00,no
2026-10-03T04:37:53.158785Z,0.1000,38.01,no
2026-10-03T04:37:53.166623Z,0.1000,23.00,yes
2026-10-03T04:37:53.21759Z,0.0900,7.02,yes
2026-10-03T04:37:53.217999Z,0.0900,7.02,yes
2026-10-03T04:37:53.240039Z,0.1000,14.00,yes
2026-10-03T04:37:53.241183Z,0.1000,14.00,yes
2026-10-03T04:37:53.349368Z,0.0900,8.25,yes
2026-10-03T04:37:53.393023Z,0.1000,11.00,yes
2026-10-03T04:37:53.580155Z,0.0900,4.12,yes
2026-10-03T04:37:53.582218Z,0.0900,4.13,yes
2026-10-03T04:37:53.984549Z,0.0900,43.25,no
2026-10-03T04:37:54.91872Z,0.0900,40.00,yes
2026-10-03T04:37:55.080837Z,0.0900,52.22,yes
2026-10-03T04:37:55.535078Z,0.0900,30.00,yes
2026-10-03T04:37:56.042173Z,0.0900,19.00,yes
2026-10-03T04:37:57.650217Z,0.1100,6.06,yes
2026-10-03T04:37:57.650217Z,0.1100,3.00,yes
2026-10-03T04:37:57.650217Z,0.1100,85.00,yes
2026-10-03T04:37:57.650217Z,0.1100,64.00,yes
2026-10-03T04:37:57.650217Z,0.1100,2.00,yes
2026-10-03T04:37:58.088848Z,0.1100,2.00,yes
2026-10-03T04:37:58.088848Z,0.1100,4.53,yes
2026-10-03T04:37:58.088848Z,0.1200,43.02,yes
2026-10-03T04:37:58.088848Z,0.1200,0.45,yes
2026-10-03T04:37:58.089427Z,0.1200,100.00,yes
2026-10-03T04:37:58.14289Z,0.1200,50.00,yes
2026-10-03T04:37:58.150108Z,0.1200,16.00,yes
2026-10-03T04:37:58.167674Z,0.1200,138.00,yes
2026-10-03T04:37:58.192228Z,0.1200,108.00,yes
2026-10-03T04:37:58.355813Z,0.0900,74.00,no
2026-10-03T04:37:58.355813Z,0.1000,1.00,no
2026-10-03T04:37:58.355813Z,0.0900,41.00,no
2026-10-03T04:37:58.355813Z,0.0900,43.19,no
2026-10-03T04:37:58.364294Z,0.0900,200.00,yes
2026-10-03T04:37:58.364294Z,0.0900,200.00,yes
2026-10-03T04:37:58.364294Z,0.0900,200.00,yes
2026-10-03T04:37:58.364294Z,0.0900,200.00,yes
2026-10-03T04:37:58.364294Z,0.0900,200.00,yes
2026-10-03T04:37:58.364294Z,0.0900,200.00,yes
2026-10-03T04:37:58.364294Z,0.0900,200.00,yes
2026-10-03T04:37:58.364294Z,0.0900,40.81,yes
2026-10-03T04:37:58.36974Z,0.1000,2.00,yes
2026-10-03T04:37:58.375478Z,0.1000,1.00,yes
2026-10-03T04:37:58.380011Z,0.1000,4.00,yes
2026-10-03T04:37:58.481318Z,0.1000,2.50,yes
2026-10-03T04:37:58.48482Z,0.1000,5.00,yes
2026-10-03T04:37:58.486354Z,0.1000,2.50,yes
2026-10-03T04:38:00.044946Z,0.1000,43.64,yes
2026-10-03T04:38:00.264419Z,0.1000,47.03,yes
2026-10-03T04:38:00.277675Z,0.1000,47.03,yes
2026-10-03T04:38:00.277675Z,0.1000,43.64,yes
2026-10-03T04:38:00.277675Z,0.1000,11.33,yes
2026-10-03T04:38:00.277675Z,0.1000,2.00,yes
2026-10-03T04:38:00.277675Z,0.1100,55.26,yes
2026-10-03T04:38:00.277675Z,0.1100,200.00,yes
2026-10-03T04:38:00.277675Z,0.1100,200.00,yes
2026-10-03T04:38:00.277675Z,0.1100,200.00,yes
2026-10-03T04:38:00.277675Z,0.1100,200.00,yes
2026-10-03T04:38:02.331905Z,0.1200,7.84,yes
2026-10-03T04:38:03.034947Z,0.1200,4.78,yes
2026-10-03T04:38:04.839067Z,0.1300,36.25,yes
2026-10-03T04:38:05.74862Z,0.1200,135.41,no
2026-10-03T04:38:05.983672Z,0.1300,113.88,yes
2026-10-03T04:38:05.983672Z,0.1300,63.75,yes
2026-10-03T04:38:06.143527Z,0.1500,4.00,no
2026-10-03T04:38:06.467522Z,0.2100,51.62,yes
2026-10-03T04:38:06.467522Z,0.2000,2.00,yes
2026-10-03T04:38:06.467522Z,0.1900,60.00,yes
2026-10-03T04:38:06.467522Z,0.1800,43.36,yes
2026-10-03T04:38:06.467522Z,0.1800,2.85,yes
2026-10-03T04:38:06.467522Z,0.2100,188.00,yes
2026-10-03T04:38:06.467522Z,0.2000,40.00,yes
2026-10-03T04:38:06.467522Z,0.1900,25.00,yes
2026-10-03T04:38:06.467522Z,0.1800,45.00,yes
2026-10-03T04:38:06.467522Z,0.1800,2.00,yes
2026-10-03T04:38:06.467522Z,0.1900,2.00,yes
2026-10-03T04:38:06.467522Z,0.2200,210.90,yes
2026-10-03T04:38:06.467522Z,0.2000,7.32,yes
2026-10-03T04:38:06.467522Z,0.2200,31.00,yes
2026-10-03T04:38:06.467522Z,0.2000,100.00,yes
2026-10-03T04:38:06.780999Z,0.1900,2.00,yes
2026-10-03T04:38:06.780999Z,0.1900,11.24,yes
2026-10-03T04:38:06.780999Z,0.1800,5.00,yes
2026-10-03T04:38:06.780999Z,0.1800,25.00,yes
2026-10-03T04:38:07.246172Z,0.1800,0.49,yes
2026-10-03T04:38:07.246172Z,0.1800,2.00,yes
2026-10-03T04:38:09.063734Z,0.2100,4.00,yes
2026-10-03T04:38:09.063734Z,0.2100,18.56,yes
2026-10-03T04:38:10.482515Z,0.2100,21.55,yes
2026-10-03T04:38:11.152009Z,0.1900,4.00,no
2026-10-03T04:38:11.152009Z,0.1900,4.00,no
2026-10-03T04:38:11.152009Z,0.1800,8.00,no
2026-10-03T04:38:11.193245Z,0.1800,46.00,no
2026-10-03T04:38:11.193245Z,0.1800,7.06,no
2026-10-03T04:38:11.193245Z,0.1800,58.00,no
2026-10-03T04:38:11.864823Z,0.1700,42.81,no
2026-10-03T04:38:11.864823Z,0.1400,2.19,no
2026-10-03T04:38:11.864823Z,0.1700,1.00,no
2026-10-03T04:38:11.864823Z,0.1700,114.00,no
2026-10-03T04:38:11.864823Z,0.1500,40.00,no
2026-10-03T04:38:11.864828Z,0.1400,31.81,no
2026-10-03T04:38:11.864828Z,0.1300,96.19,no
2026-10-03T04:38:11.864828Z,0.1400,72.00,no
2026-10-03T04:38:11.864964Z,0.1200,64.59,no
2026-10-03T04:38:11.864964Z,0.1300,95.81,no
2026-10-03T04:38:11.864964Z,0.1300,33.00,no
2026-10-03T04:38:11.864964Z,0.1200,6.60,no
2026-10-03T04:38:11.864971Z,0.1000,98.60,no
2026-10-03T04:38:11.864971Z,0.1100,100.00,no
2026-10-03T04:38:11.864971Z,0.1200,1.40,no
2026-10-03T04:38:11.864979Z,0.1000,200.00,no
2026-10-03T04:38:11.865142Z,0.1000,200.00,no
2026-10-03T04:38:11.865157Z,0.1000,1.40,no
2026-10-03T04:38:11.865218Z,0.0900,10.00,no
2026-10-03T04:38:11.865218Z,0.0900,190.00,no
2026-10-03T04:38:11.865231Z,0.0900,200.00,no
2026-10-03T04:38:11.865253Z,0.0900,110.00,no
2026-10-03T04:38:11.865253Z,0.0900,33.00,no
2026-10-03T04:38:11.865253Z,0.0900,1.00,no
2026-10-03T04:38:11.873989Z,0.0900,43.00,yes
2026-10-03T04:38:11.881839Z,0.0900,13.00,yes
2026-10-03T04:38:11.881839Z,0.1000,200.00,yes
2026-10-03T04:38:11.881839Z,0.1000,200.00,yes
2026-10-03T04:38:11.881839Z,0.1000,200.00,yes
2026-10-03T04:38:11.881839Z,0.1000,200.00,yes
2026-10-03T04:38:11.881839Z,0.1100,200.00,yes
2026-10-03T04:38:11.881839Z,0.1000,200.00,yes
2026-10-03T04:38:11.881839Z,0.0900,200.00,yes
2026-10-03T04:38:11.881839Z,0.1000,200.00,yes
2026-10-03T04:38:11.881839Z,0.1100,200.00,yes
2026-10-03T04:38:11.881839Z,0.1000,200.00,yes
2026-10-03T04:38:11.881839Z,0.0900,200.00,yes
2026-10-03T04:38:11.881839Z,0.0900,200.00,yes
2026-10-03T04:38:11.881839Z,0.1000,198.60,yes
2026-10-03T04:38:11.881839Z,0.1100,200.00,yes
2026-10-03T04:38:11.887534Z,0.1100,71.81,yes
2026-10-03T04:38:11.887534Z,0.1800,210.64,yes
2026-10-03T04:38:11.887534Z,0.0900,4.00,yes
2026-10-03T04:38:12.208606Z,0.1200,10.50,yes
2026-10-03T04:38:12.356617Z,0.1100,26.26,yes
2026-10-03T04:38:12.658103Z,0.1100,87.74,yes
2026-10-03T04:38:12.658103Z,0.1100,9.32,yes
2026-10-03T04:38:12.946112Z,0.1000,1.00,no
2026-10-03T04:38:13.049125Z,0.1400,41.83,yes
2026-10-03T04:38:13.459779Z,0.1200,31.68,yes
2026-10-03T04:38:13.459779Z,0.1200,2.00,yes
2026-10-03T04:38:13.729325Z,0.1200,5.00,yes
2026-10-03T04:38:14.23149Z,0.1200,78.49,yes
2026-10-03T04:38:16.288189Z,0.1100,4.21,yes
2026-10-03T04:38:16.288189Z,0.1200,42.81,yes
2026-10-03T04:38:16.288189Z,0.1200,86.00,yes
2026-10-03T04:38:16.288189Z,0.1200,49.00,yes
2026-10-03T04:38:16.288189Z,0.1300,41.53,yes
2026-10-03T04:38:16.493653Z,0.1300,58.21,yes
2026-10-03T04:38:16.558402Z,0.1300,262.06,yes
2026-10-03T04:38:16.728208Z,0.1300,145.01,yes
2026-10-03T04:38:18.223305Z,0.1300,566.66,yes
2026-10-03T04:38:18.475394Z,0.1300,66.66,yes
2026-10-03T04:38:18.817956Z,0.1300,13.33,yes
2026-10-03T04:38:18.962894Z,0.1300,19.89,yes
2026-10-03T04:38:18.962894Z,0.1300,100.67,yes
2026-10-03T04:38:18.962894Z,0.1300,49.00,yes
2026-10-03T04:38:18.962894Z,0.1300,70.00,yes
2026-10-03T04:38:19.156785Z,0.1200,36.25,yes
2026-10-03T04:38:19.571206Z,0.1200,0.39,yes
2026-10-03T04:38:20.486626Z,0.1200,49.36,yes
2026-10-03T04:38:20.486626Z,0.1200,2.00,yes
2026-10-03T04:38:20.486626Z,0.1200,27.13,yes
2026-10-03T04:38:21.035758Z,0.1100,39.24,yes
2026-10-03T04:38:21.108364Z,0.1100,6.20,yes
2026-10-03T04:38:21.896199Z,0.1000,1.00,no
2026-10-03T04:38:21.896199Z,0.1000,114.00,no
2026-10-03T04:38:21.981246Z,0.0900,114.00,no
2026-10-03T04:38:22.045755Z,0.0900,86.00,yes
2026-10-03T04:38:22.045755Z,0.0900,200.00,yes
2026-10-03T04:38:22.045755Z,0.0900,141.88,yes
2026-10-03T04:38:22.076204Z,0.0900,41.88,yes
2026-10-03T04:38:22.076204Z,0.0900,58.12,yes
2026-10-03T04:38:22.458446Z,0.0900,13.03,yes
2026-10-03T04:38:22.458446Z,0.0900,158.12,yes
2026-10-03T04:38:22.826452Z,0.0900,6.00,yes
2026-10-03T04:38:22.984956Z,0.0900,52.33,yes
2026-10-03T04:38:23.103111Z,0.0900,1899.05,yes
2026-10-03T04:38:23.103111Z,0.0900,114.00,yes
2026-10-03T04:38:23.103111Z,0.0900,200.00,yes
2026-10-03T04:38:23.103111Z,0.0900,128.64,yes
2026-10-03T04:38:23.103111Z,0.0900,200.00,yes
2026-10-03T04:38:23.103111Z,0.0900,200.00,yes
2026-10-03T04:38:23.103111Z,0.0900,200.00,yes
2026-10-03T04:38:23.21851Z,0.0800,94.01,yes
2026-10-03T04:38:23.411949Z,0.0800,2.00,yes
2026-10-03T04:38:23.411949Z,0.0800,19.99,yes
2026-10-03T04:38:23.411949Z,0.0900,3.18,yes
2026-10-03T04:38:23.468768Z,0.0800,6.37,yes
2026-10-03T04:38:23.574838Z,0.0900,5.27,yes
2026-10-03T04:38:23.574838Z,0.0800,107.63,yes
2026-10-03T04:38:23.574838Z,0.0800,2.00,yes
2026-10-03T04:38:23.885079Z,0.0900,60.00,yes
2026-10-03T04:38:23.885079Z,0.0900,20.42,yes
2026-10-03T04:38:23.885079Z,0.0900,34.58,yes
2026-10-03T04:38:25.783945Z,0.0800,2.00,yes
2026-10-03T04:38:25.783945Z,0.0800,114.00,yes
2026-10-03T04:38:25.783945Z,0.0800,145.14,yes
2026-10-03T04:38:26.271655Z,0.0800,15.57,yes
2026-10-03T04:38:26.271655Z,0.0800,43.14,yes
2026-10-03T04:38:26.6616Z,0.0800,50.00,yes
2026-10-03T04:38:29.671427Z,0.1300,0.54,yes
2026-10-03T04:38:29.78754Z,0.1400,43.15,yes
2026-10-03T04:38:29.78754Z,0.1400,5.00,yes
2026-10-03T04:38:29.78754Z,0.1300,1.00,yes
2026-10-03T04:38:29.78754Z,0.1400,4.95,yes
2026-10-03T04:38:29.78754Z,0.1300,0.46,yes
2026-10-03T04:38:29.78754Z,0.1400,43.31,yes
2026-10-03T04:38:30.024224Z,0.1400,32.68,yes
2026-10-03T04:38:30.024224Z,0.1300,1.00,yes
2026-10-03T04:38:30.91131Z,0.1400,66.02,yes
2026-10-03T04:38:31.551033Z,0.1400,1.00,yes
2026-10-03T04:38:31.551033Z,0.1500,5.29,yes
2026-10-03T04:38:32.46655Z,0.2000,10.41,yes
2026-10-03T04:38:32.765757Z,0.1400,13.57,no
2026-10-03T04:38:32.765757Z,0.1400,72.00,no
2026-10-03T04:38:33.785475Z,0.1500,29.59,no
2026-10-03T04:38:33.938789Z,0.1100,25.71,no
2026-10-03T04:38:33.938789Z,0.1500,84.41,no
2026-10-03T04:38:33.938789Z,0.1400,3.35,no
2026-10-03T04:38:33.938789Z,0.1300,1.00,no
2026-10-03T04:38:33.938789Z,0.1100,3.00,no
2026-10-03T04:38:33.938789Z,0.1200,10.00,no
2026-10-03T04:38:33.938789Z,0.1300,28.59,no
2026-10-03T04:38:35.497632Z,0.1400,114.00,no
2026-10-03T04:38:36.063078Z,0.1300,57.00,no
2026-10-03T04:38:36.063078Z,0.1100,35.81,no
2026-10-03T04:38:36.11908Z,0.1000,74.00,no
2026-10-03T04:38:36.11908Z,0.1000,3.00,no
2026-10-03T04:38:36.11908Z,0.0800,3.00,no
2026-10-03T04:38:36.11908Z,0.0800,6.97,no
2026-10-03T04:38:36.11908Z,0.1100,43.03,no
2026-10-03T04:38:36.11908Z,0.0900,3.00,no
2026-10-03T04:38:36.11908Z,0.0900,1.00,no
2026-10-03T04:38:36.11908Z,0.0800,33.00,no
2026-10-03T04:38:36.11908Z,0.0900,33.00,no
2026-10-03T04:38:36.119166Z,0.0800,200.00,no
2026-10-03T04:38:36.119172Z,0.0800,93.03,no
2026-10-03T04:38:36.124633Z,0.0800,106.00,yes
2026-10-03T04:38:36.127711Z,0.0800,0.97,yes
2026-10-03T04:38:36.127711Z,0.0800,105.03,yes
2026-10-03T04:38:36.127885Z,0.0800,200.00,yes
2026-10-03T04:38:36.127885Z,0.0800,200.00,yes
2026-10-03T04:38:36.127885Z,0.0800,200.00,yes
2026-10-03T04:38:36.127885Z,0.0800,94.97,yes
2026-10-03T04:38:36.127885Z,0.0800,200.00,yes
2026-10-03T04:38:36.127885Z,0.0800,200.00,yes
2026-10-03T04:38:36.127885Z,0.0800,49.00,yes
2026-10-03T04:38:36.132966Z,0.0900,3.00,yes
2026-10-03T04:38:36.194926Z,0.1000,34.73,yes
2026-10-03T04:38:36.262895Z,0.1300,6.73,yes
2026-10-03T04:38:37.100039Z,0.1000,112.00,yes
2026-10-03T04:38:37.108276Z,0.1000,5.00,yes
2026-10-03T04:38:37.584747Z,0.1100,14.86,yes
2026-10-03T04:38:37.950502Z,0.0900,33.00,yes
2026-10-03T04:38:37.950502Z,0.0900,60.00,yes
2026-10-03T04:38:39.016102Z,0.0900,53.38,yes
2026-10-03T04:38:39.016102Z,0.0900,7.20,yes
2026-10-03T04:38:39.876236Z,0.1100,43.14,yes
2026-10-03T04:38:39.876236Z,0.0900,57.00,yes
2026-10-03T04:38:39.876236Z,0.1100,33.86,yes
2026-10-03T04:38:39.876378Z,0.1100,15.14,yes
2026-10-03T04:38:42.200117Z,0.1100,67.00,no
2026-10-03T04:38:42.844484Z,0.0900,23.54,yes
2026-10-03T04:38:42.976437Z,0.0800,1.00,no
2026-10-03T04:38:43.456589Z,0.0900,31.33,yes
2026-10-03T04:38:43.655069Z,0.0900,10.44,yes
2026-10-03T04:38:43.666698Z,0.0900,1.20,yes
2026-10-03T04:38:43.666698Z,0.0900,30.00,yes
2026-10-03T04:38:43.666698Z,0.0900,21.02,yes
2026-10-03T04:38:43.863714Z,0.0900,208.91,yes
2026-10-03T04:38:44.061683Z,0.0900,52.22,yes
2026-10-03T04:38:44.083477Z,0.0900,52.22,yes
2026-10-03T04:38:44.325737Z,0.0800,31.21,no
2026-10-03T04:38:44.54414Z,0.0900,52.22,yes
2026-10-03T04:38:45.138808Z,0.0900,61.09,yes
2026-10-03T04:38:45.138808Z,0.0900,43.36,yes
2026-10-03T04:38:45.372156Z,0.0900,10.44,yes
2026-10-03T04:38:45.572813Z,0.0800,5.00,no
2026-10-03T04:38:45.583029Z,0.0800,66.24,no
2026-10-03T04:38:45.583029Z,0.0800,69.76,no
2026-10-03T04:38:45.71564Z,0.0800,488.76,no
2026-10-03T04:38:45.853915Z,0.0800,104.45,yes
2026-10-03T04:38:46.153308Z,0.0700,10.00,no
2026-10-03T04:38:46.153308Z,0.0700,190.00,no
2026-10-03T04:38:46.153432Z,0.0700,78.00,no
2026-10-03T04:38:46.153432Z,0.0700,110.00,no
2026-10-03T04:38:46.153432Z,0.0700,1.00,no
2026-10-03T04:38:47.036084Z,0.0700,2.00,yes
2026-10-03T04:38:47.036084Z,0.0700,45.80,yes
2026-10-03T04:38:47.697484Z,0.0700,61.20,yes
2026-10-03T04:38:47.697484Z,0.0700,5.86,yes
2026-10-03T04:38:48.153481Z,0.0700,26.82,yes
2026-10-03T04:38:48.368247Z,0.0700,16.32,yes
2026-10-03T04:38:48.368247Z,0.0700,117.80,yes
2026-10-03T04:38:48.465684Z,0.0600,36.25,no
2026-10-03T04:38:48.852147Z,0.0700,82.20,yes
2026-10-03T04:38:48.852147Z,0.0700,51.92,yes
2026-10-03T04:38:49.522499Z,0.0700,50.00,yes
2026-10-03T04:38:49.821113Z,0.0700,67.06,yes
2026-10-03T04:38:50.078797Z,0.0700,22.63,yes
2026-10-03T04:38:50.078797Z,0.0700,31.02,yes
2026-10-03T04:38:50.659633Z,0.0700,13.41,yes
2026-10-03T04:38:52.627806Z,0.0800,43.41,yes
2026-10-03T04:38:52.627806Z,0.0700,2.00,yes
2026-10-03T04:38:52.627806Z,0.0800,71.41,yes
2026-10-03T04:38:52.627806Z,0.0800,49.00,yes
2026-10-03T04:38:52.627806Z,0.0700,12.00,yes
2026-10-03T04:38:52.818455Z,0.0800,184.32,yes
2026-10-03T04:38:55.032031Z,0.0900,2.00,yes
2026-10-03T04:38:55.032031Z,0.0900,17.68,yes
2026-10-03T04:38:55.032031Z,0.0900,43.41,yes
2026-10-03T04:38:55.032031Z,0.0900,114.00,yes
2026-10-03T04:38:55.032031Z,0.0900,84.05,yes
2026-10-03T04:38:55.863275Z,0.0900,2.00,yes
2026-10-03T04:38:55.863275Z,0.0900,16.52,yes
2026-10-03T04:38:55.863275Z,0.0900,33.70,yes
2026-10-03T04:38:55.913501Z,0.1000,200.00,yes
2026-10-03T04:38:55.913501Z,0.1000,200.00,yes
2026-10-03T04:38:55.913501Z,0.1000,200.00,yes
2026-10-03T04:38:55.913501Z,0.1000,200.00,yes
2026-10-03T04:38:55.913501Z,0.0900,15.30,yes
2026-10-03T04:38:55.913501Z,0.0900,2.00,yes
2026-10-03T04:38:55.913501Z,0.1000,82.21,yes
2026-10-03T04:38:55.913501Z,0.0900,43.41,yes
2026-10-03T04:38:55.982135Z,0.0800,114.00,no
2026-10-03T04:38:56.329383Z,0.0900,38.33,yes
2026-10-03T04:38:56.333798Z,0.0900,11.49,yes
2026-10-03T04:38:58.151476Z,0.0700,520.14,yes
2026-10-03T04:38:58.151476Z,0.0600,2.00,yes
2026-10-03T04:38:58.151476Z,0.0600,16.98,yes
2026-10-03T04:38:58.176578Z,0.1100,16.00,yes
2026-10-03T04:38:58.243749Z,0.1000,1.00,no
2026-10-03T04:38:58.993277Z,0.1400,1.00,yes
2026-10-03T04:39:00.733373Z,0.1500,20.00,yes
2026-10-03T04:39:00.733373Z,0.1500,5.00,yes
2026-10-03T04:39:00.733373Z,0.1500,42.58,yes
2026-10-03T04:39:00.954363Z,0.1100,9.75,no
2026-10-03T04:39:00.954363Z,0.1100,42.58,no
2026-10-03T04:39:01.950916Z,0.1400,3.50,yes
2026-10-03T04:39:02.436796Z,0.1400,110.50,yes
2026-10-03T04:39:02.436796Z,0.1400,14.41,yes
2026-10-03T04:39:02.436796Z,0.1400,43.52,yes
2026-10-03T04:39:02.549838Z,0.1200,11.15,no
2026-10-03T04:39:03.830397Z,0.1300,67.37,yes
2026-10-03T04:39:04.179698Z,0.1100,114.00,no
2026-10-03T04:39:04.179698Z,0.1100,1.00,no
2026-10-03T04:39:04.179698Z,0.0900,19.12,no
2026-10-03T04:39:05.134936Z,0.1000,48.52,yes
2026-10-03T04:39:05.134936Z,0.0900,43.55,yes
2026-10-03T04:39:05.134936Z,0.0900,2.00,yes
2026-10-03T04:39:05.617111Z,0.0900,43.55,yes
2026-10-03T04:39:05.617111Z,0.0900,7.36,yes
2026-10-03T04:39:05.95717Z,0.0700,1.00,no
2026-10-03T04:39:05.95717Z,0.0700,150.00,no
2026-10-03T04:39:06.294126Z,0.0700,23.48,yes
2026-10-03T04:39:06.294326Z,0.0700,52.22,yes
2026-10-03T04:39:06.330964Z,0.0600,24.46,no
2026-10-03T04:39:06.485874Z,0.0600,1.60,yes
2026-10-03T04:39:06.719591Z,0.0600,57.00,yes
2026-10-03T04:39:06.719591Z,0.0900,15.00,yes
2026-10-03T04:39:06.719591Z,0.0800,43.58,yes
2026-10-03T04:39:06.719591Z,0.1000,3.87,yes
2026-10-03T04:39:06.719591Z,0.0900,1.00,yes
2026-10-03T04:39:06.719591Z,0.1000,5.55,yes
2026-10-03T04:39:06.719742Z,0.1000,61.13,yes
2026-10-03T04:39:06.71974Z,0.1000,36.13,yes
2026-10-03T04:39:06.71974Z,0.1000,40.87,yes
2026-10-03T04:39:06.71974Z,0.1000,49.00,yes
2026-10-03T04:39:06.725983Z,0.1000,57.00,no
2026-10-03T04:39:06.72873Z,0.1000,5.28,no
2026-10-03T04:39:06.732087Z,0.1000,25.91,no
2026-10-03T04:39:06.732087Z,0.1000,2.59,no
2026-10-03T04:39:06.73577Z,0.1000,23.22,no
2026-10-03T04:39:06.748785Z,0.1000,44.00,no
2026-10-03T04:39:06.749394Z,0.1000,29.00,no
2026-10-03T04:39:06.763918Z,0.1000,3.87,no
2026-10-03T04:39:06.763918Z,0.1000,31.13,no
2026-10-03T04:39:07.316367Z,0.1100,30.25,yes
2026-10-03T04:39:07.316367Z,0.1100,64.00,yes
2026-10-03T04:39:10.14623Z,0.1000,57.00,yes
2026-10-03T04:39:11.343235Z,0.1000,3.76,yes
2026-10-03T04:39:11.411787Z,0.1000,1.69,yes
2026-10-03T04:39:11.69893Z,0.1000,125.00,yes
2026-10-03T04:39:11.899721Z,0.0900,44.37,no
2026-10-03T04:39:11.899721Z,0.0900,57.00,no
2026-10-03T04:39:11.979187Z,0.1000,51.55,yes
2026-10-03T04:39:11.979187Z,0.1000,182.00,yes
2026-10-03T04:39:11.979187Z,0.1000,116.45,yes
2026-10-03T04:39:12.025587Z,0.1000,47.03,yes
2026-10-03T04:39:12.389131Z,0.1000,12.22,yes
2026-10-03T04:39:12.885716Z,0.0900,0.18,yes
2026-10-03T04:39:13.02048Z,0.0800,11.74,no
2026-10-03T04:39:13.792081Z,0.0900,45.42,yes
2026-10-03T04:39:13.792081Z,0.1000,59.14,yes
2026-10-03T04:39:13.792081Z,0.1000,6.30,yes
2026-10-03T04:39:13.792081Z,0.1000,182.00,yes
2026-10-03T04:39:13.792081Z,0.1000,182.00,yes
2026-10-03T04:39:14.443529Z,0.0900,20.89,yes
2026-10-03T04:39:14.559088Z,0.0900,20.89,yes
2026-10-03T04:39:16.282392Z,0.1000,18.81,yes
2026-10-03T04:39:17.846918Z,0.1200,26.48,yes
2026-10-03T04:39:17.846918Z,0.1200,44.16,yes
2026-10-03T04:39:18.416995Z,0.1100,61.84,yes
2026-10-03T04:39:18.416995Z,0.1100,16.65,yes
2026-10-03T04:39:18.499743Z,0.1200,2.00,yes
2026-10-03T04:39:18.499743Z,0.1200,6.63,yes
2026-10-03T04:39:18.919633Z,0.0900,16.00,no
2026-10-03T04:39:18.919633Z,0.0900,114.00,no
2026-10-03T04:39:18.919633Z,0.0900,1.00,no
2026-10-03T04:39:18.919633Z,0.0900,44.16,no
2026-10-03T04:39:18.919633Z,0.0900,5.37,no
2026-10-03T04:39:19.295015Z,0.0800,83.00,no
2026-10-03T04:39:19.295015Z,0.0800,44.51,no
2026-10-03T04:39:19.295015Z,0.0800,1.00,no
2026-10-03T04:39:19.475053Z,0.0700,200.00,no
2026-10-03T04:39:19.475053Z,0.0700,200.00,no
2026-10-03T04:39:19.475053Z,0.0700,200.00,no
2026-10-03T04:39:19.475053Z,0.0700,200.00,no
2026-10-03T04:39:19.637541Z,0.0600,1.00,no
2026-10-03T04:39:20.047761Z,0.0700,93.00,yes
2026-10-03T04:39:20.047761Z,0.0700,41.12,yes
2026-10-03T04:39:20.237126Z,0.0700,2.00,yes
2026-10-03T04:39:20.237126Z,0.0700,3.39,yes
2026-10-03T04:39:20.237126Z,0.0700,61.67,yes
2026-10-03T04:39:20.298526Z,0.0700,2.00,yes
2026-10-03T04:39:20.298526Z,0.0700,61.67,yes
2026-10-03T04:39:20.298526Z,0.0700,92.00,yes
2026-10-03T04:39:20.298526Z,0.0700,44.94,yes
2026-10-03T04:39:20.298526Z,0.0800,313.18,yes
2026-10-03T04:39:20.298526Z,0.0700,45.33,yes
2026-10-03T04:39:20.298526Z,0.0700,67.00,yes
2026-10-03T04:39:20.336368Z,0.0700,67.00,yes
2026-10-03T04:39:20.336368Z,0.0700,2.00,yes
2026-10-03T04:39:20.336368Z,0.0700,107.00,yes
2026-10-03T04:39:20.336368Z,0.0700,90.00,yes
2026-10-03T04:39:20.336368Z,0.0700,44.94,yes
2026-10-03T04:39:20.336368Z,0.0800,302.65,yes
2026-10-03T04:39:21.256365Z,0.0700,13.41,yes
2026-10-03T04:39:22.098676Z,0.0700,31.53,yes
2026-10-03T04:39:22.098676Z,0.0700,35.53,yes
2026-10-03T04:39:22.480064Z,0.0600,2.00,yes
2026-10-03T04:39:22.480064Z,0.0600,44.26,yes
2026-10-03T04:39:22.480064Z,0.0600,94.03,yes
2026-10-03T04:39:23.453063Z,0.0600,11.97,yes
2026-10-03T04:39:23.453063Z,0.0600,66.21,yes
2026-10-03T04:39:23.899529Z,0.0500,1.00,no
2026-10-03T04:39:23.899529Z,0.0500,1.00,no
2026-10-03T04:39:23.899529Z,0.0500,44.94,no
2026-10-03T04:39:23.899529Z,0.0500,1.00,no
2026-10-03T04:39:23.92863Z,0.0500,88.00,yes
2026-10-03T04:39:23.933794Z,0.0500,136.00,yes
2026-10-03T04:39:23.933794Z,0.0500,136.00,yes
2026-10-03T04:39:23.933794Z,0.0500,136.00,yes
2026-10-03T04:39:23.933794Z,0.0500,136.00,yes
2026-10-03T04:39:23.933794Z,0.0500,0.06,yes
2026-10-03T04:39:23.933794Z,0.0500,136.00,yes
2026-10-03T04:39:23.933794Z,0.0500,136.00,yes
2026-10-03T04:39:23.933794Z,0.0500,136.00,yes
2026-10-03T04:39:23.963567Z,0.0500,112.00,yes
2026-10-03T04:39:23.96641Z,0.0600,136.00,yes
2026-10-03T04:39:23.96641Z,0.0600,11.97,yes
2026-10-03T04:39:23.96641Z,0.0600,136.00,yes
2026-10-03T04:39:23.96641Z,0.0600,136.00,yes
2026-10-03T04:39:23.96641Z,0.0600,136.00,yes
2026-10-03T04:39:23.96641Z,0.0500,2.00,yes
2026-10-03T04:39:23.96641Z,0.0600,65.58,yes
2026-10-03T04:39:23.96641Z,0.0500,2.00,yes
2026-10-03T04:39:23.96641Z,0.0600,94.03,yes
2026-10-03T04:39:23.96641Z,0.0600,2.00,yes
2026-10-03T04:39:23.96641Z,0.0500,16.42,yes
2026-10-03T04:39:24.113638Z,0.0600,20.32,yes
2026-10-03T04:39:24.494141Z,0.0600,136.00,yes
2026-10-03T04:39:24.494141Z,0.0600,50.10,yes
2026-10-03T04:39:24.494141Z,0.0600,48.46,yes
2026-10-03T04:39:25.015779Z,0.0600,87.54,yes
2026-10-03T04:39:25.015779Z,0.0600,68.83,yes
2026-10-03T04:39:25.15383Z,0.0600,67.17,yes
2026-10-03T04:39:25.15383Z,0.0600,11.01,yes
2026-10-03T04:39:25.502925Z,0.0600,62.55,yes
2026-10-03T04:39:25.741017Z,0.0600,15.63,yes
2026-10-03T04:39:25.783864Z,0.0700,6.00,yes
2026-10-03T04:39:25.783864Z,0.0600,11.01,yes
2026-10-03T04:39:25.783864Z,0.0600,62.55,yes
2026-10-03T04:39:25.783864Z,0.0600,15.63,yes
2026-10-03T04:39:25.783864Z,0.0600,78.00,yes
2026-10-03T04:39:25.783864Z,0.0600,2.00,yes
2026-10-03T04:39:25.783864Z,0.0700,102.64,yes
2026-10-03T04:39:25.783864Z,0.0600,16.81,yes
2026-10-03T04:39:26.308084Z,0.0600,33.84,yes
2026-10-03T04:39:26.308084Z,0.0600,78.00,yes
2026-10-03T04:39:26.308084Z,0.0600,44.53,yes
2026-10-03T04:39:27.440484Z,0.0600,51.60,yes
2026-10-03T04:39:28.076206Z,0.0600,44.58,yes
2026-10-03T04:39:28.076206Z,0.0600,63.98,yes
2026-10-03T04:39:28.076206Z,0.0600,2.00,yes
2026-10-03T04:39:28.076206Z,0.0600,3.00,yes
2026-10-03T04:39:28.076206Z,0.0600,20.56,yes
2026-10-03T04:39:30.472761Z,0.0600,33.84,yes
2026-10-03T04:39:30.472761Z,0.0600,14.02,yes
2026-10-03T04:39:30.472761Z,0.0600,30.32,yes
2026-10-03T04:39:31.896193Z,0.0700,35.44,yes
2026-10-03T04:39:31.896193Z,0.0700,33.36,yes
2026-10-03T04:39:33.283034Z,0.0500,44.41,no
2026-10-03T04:39:33.283034Z,0.0500,1.00,no
2026-10-03T04:39:33.283034Z,0.0500,72.33,no
2026-10-03T04:39:34.218374Z,0.0700,79.17,yes
2026-10-03T04:39:34.218374Z,0.0700,136.00,yes
2026-10-03T04:39:34.218374Z,0.0700,100.56,yes
2026-10-03T04:39:34.445624Z,0.0700,27.49,yes
2026-10-03T04:39:34.62347Z,0.0700,29.34,yes
2026-10-03T04:39:34.62347Z,0.0700,37.72,yes
2026-10-03T04:39:34.78363Z,0.0700,131.97,yes
2026-10-03T04:39:35.111635Z,0.0700,131.57,yes
2026-10-03T04:39:36.857759Z,0.0700,500.00,yes
2026-10-03T04:39:36.857759Z,0.0800,5390.36,yes
2026-10-03T04:39:36.857759Z,0.0700,123.00,yes
2026-10-03T04:39:36.857759Z,0.0700,1000.00,yes
2026-10-03T04:39:36.857759Z,0.0700,698.74,yes
2026-10-03T04:39:36.857759Z,0.0700,4934.41,yes
2026-10-03T04:39:38.052969Z,0.0700,7.91,yes
2026-10-03T04:39:38.987097Z,0.0700,30.37,yes
2026-10-03T04:39:38.987097Z,0.0700,36.69,yes
2026-10-03T04:39:39.395984Z,0.0700,22.13,yes
2026-10-03T04:39:39.891123Z,0.0700,21.00,yes
2026-10-03T04:39:41.700164Z,0.0700,6.16,yes
2026-10-03T04:39:41.967048Z,0.0700,30.37,yes
2026-10-03T04:39:41.967048Z,0.0700,19.70,yes
2026-10-03T04:39:41.967048Z,0.0700,67.00,yes
2026-10-03T04:39:41.967048Z,0.0700,3.00,yes
2026-10-03T04:39:41.967048Z,0.0700,2.00,yes
2026-10-03T04:39:41.967048Z,0.0700,27.34,yes
2026-10-03T04:39:42.470953Z,0.0600,206.58,no
2026-10-03T04:39:43.255953Z,0.0700,332.88,yes
2026-10-03T04:39:43.255953Z,0.0700,2.43,yes
2026-10-03T04:39:44.235568Z,0.0600,200.00,no
2026-10-03T04:39:44.235577Z,0.0600,200.00,no
2026-10-03T04:39:44.23557Z,0.0600,200.00,no
2026-10-03T04:39:44.235686Z,0.0600,193.42,no
2026-10-03T04:39:44.235686Z,0.0600,1.00,no
2026-10-03T04:39:44.305963Z,0.0600,5.58,yes
2026-10-03T04:39:44.305963Z,0.0600,1.12,yes
2026-10-03T04:39:45.536935Z,0.0600,31.27,yes
2026-10-03T04:39:45.684152Z,0.0600,50.00,yes
2026-10-03T04:39:45.776996Z,0.0600,31.27,yes
2026-10-03T04:39:46.0896Z,0.0500,99.51,no
2026-10-03T04:39:46.68712Z,0.0600,78.18,yes
2026-10-03T04:39:47.337808Z,0.0600,191.84,yes
2026-10-03T04:39:47.337808Z,0.0600,8.16,yes
2026-10-03T04:39:47.405439Z,0.0600,7.47,yes
2026-10-03T04:39:47.405439Z,0.0600,8.16,yes
2026-10-03T04:39:47.701145Z,0.0600,15.63,yes
2026-10-03T04:39:48.590775Z,0.0600,15.63,yes
2026-10-03T04:39:49.167396Z,0.0600,15.63,yes
2026-10-03T04:39:49.810691Z,0.0700,10.40,yes
2026-10-03T04:39:49.810691Z,0.0600,44.60,yes
2026-10-03T04:39:50.630868Z,0.0500,0.49,no
2026-10-03T04:39:50.630868Z,0.0500,4.29,no
2026-10-03T04:39:51.522808Z,0.0600,45.52,yes
2026-10-03T04:39:51.522808Z,0.0700,14.48,yes
2026-10-03T04:39:51.735142Z,0.0600,40.00,no
2026-10-03T04:39:53.93729Z,0.0700,28.70,yes
2026-10-03T04:39:53.93729Z,0.0600,44.60,yes
2026-10-03T04:39:53.972231Z,0.0600,15.63,yes
2026-10-03T04:39:55.055142Z,0.0700,134.12,yes
2026-10-03T04:39:56.508428Z,0.0700,13.41,yes
2026-10-03T04:40:00.421141Z,0.0500,33.00,no
2026-10-03T04:40:00.421141Z,0.0500,35.87,no
2026-10-03T04:40:00.421141Z,0.0500,18.00,no
2026-10-03T04:40:00.421141Z,0.0600,1.00,no
2026-10-03T04:40:00.421141Z,0.0600,4.40,no
2026-10-03T04:40:00.421141Z,0.0500,8.00,no
2026-10-03T04:40:00.421141Z,0.0500,195.71,no
2026-10-03T04:40:01.354027Z,0.0700,160.95,yes
2026-10-03T04:40:02.012838Z,0.0700,8.04,yes
2026-10-03T04:40:02.105651Z,0.0700,26.82,yes
2026-10-03T04:40:03.181059Z,0.0700,13.41,yes
2026-10-03T04:40:03.27411Z,0.0600,44.29,no
2026-10-03T04:40:03.27411Z,0.0600,60.60,no
2026-10-03T04:40:05.587344Z,0.0700,134.12,yes
2026-10-03T04:40:05.593513Z,0.0700,19.55,yes
2026-10-03T04:40:05.593513Z,0.0700,114.57,yes
2026-10-03T04:40:05.769225Z,0.0600,78.49,no
2026-10-03T04:40:06.274826Z,0.0700,10.00,yes
2026-10-03T04:40:06.420631Z,0.0700,13.41,yes
2026-10-03T04:40:06.547696Z,0.0700,26.82,yes
2026-10-03T04:40:07.843456Z,0.0700,35.20,yes
2026-10-03T04:40:07.843456Z,0.0700,72.10,yes
2026-10-03T04:40:08.447744Z,0.0700,72.10,yes
2026-10-03T04:40:08.447744Z,0.0700,127.90,yes
2026-10-03T04:40:09.767287Z,0.0700,200.00,yes
2026-10-03T04:40:09.767287Z,0.0700,127.90,yes
2026-10-03T04:40:09.767287Z,0.0700,172.10,yes
2026-10-03T04:40:09.956796Z,0.0700,13.41,yes
2026-10-03T04:40:10.078534Z,0.0700,77.78,yes
2026-10-03T04:40:10.078534Z,0.0700,14.49,yes
2026-10-03T04:40:12.055761Z,0.0700,10.00,yes
2026-10-03T04:40:12.485488Z,0.0700,67.06,yes
2026-10-03T04:40:12.650148Z,0.0700,90.15,yes
2026-10-03T04:40:12.650148Z,0.0700,200.00,yes
2026-10-03T04:40:12.650148Z,0.0700,45.16,yes
2026-10-03T04:40:14.679595Z,0.0700,13.41,yes
2026-10-03T04:40:14.824359Z,0.0700,67.06,yes
2026-10-03T04:40:15.074131Z,0.0700,13.41,yes
2026-10-03T04:40:15.544975Z,0.0700,15.97,yes
2026-10-03T04:40:15.544975Z,0.0700,51.09,yes
2026-10-03T04:40:16.413543Z,0.0700,17.57,yes
2026-10-03T04:40:16.870839Z,0.0700,2.00,yes
2026-10-03T04:40:21.30635Z,0.0700,40.23,yes
2026-10-03T04:40:22.184635Z,0.0800,2728.06,yes
2026-10-03T04:40:22.184635Z,0.0700,200.00,yes
2026-10-03T04:40:22.184635Z,0.0700,200.00,yes
2026-10-03T04:40:22.184635Z,0.0700,2024.00,yes
2026-10-03T04:40:22.184635Z,0.0700,2000.00,yes
2026-10-03T04:40:22.184635Z,0.0700,107.00,yes
2026-10-03T04:40:22.184635Z,0.0700,4876.60,yes
2026-10-03T04:40:22.184635Z,0.0700,889.11,yes
2026-10-03T04:40:23.305811Z,0.0700,40.66,yes
2026-10-03T04:40:23.305811Z,0.0700,44.46,yes
2026-10-03T04:40:23.305811Z,0.0700,49.00,yes
2026-10-03T04:40:23.772567Z,0.0700,32.99,yes
2026-10-03T04:40:24.735923Z,0.0700,26.82,yes
2026-10-03T04:40:24.955507Z,0.0700,116.89,yes
2026-10-03T04:40:24.955507Z,0.0700,44.52,yes
2026-10-03T04:40:24.955507Z,0.0700,10.65,yes
2026-10-03T04:40:24.955507Z,0.0700,49.00,yes
2026-10-03T04:40:24.955507Z,0.0700,6.53,yes
2026-10-03T04:40:24.955507Z,0.0700,2.00,yes
2026-10-03T04:40:24.955507Z,0.0700,3.00,yes
2026-10-03T04:40:24.955507Z,0.0700,67.00,yes
2026-10-03T04:40:24.955507Z,0.0700,22.79,yes
2026-10-03T04:40:25.461536Z,0.0600,14.86,no
2026-10-03T04:40:26.568736Z,0.0600,184.52,no
2026-10-03T04:40:27.641412Z,0.0700,22.93,yes
2026-10-03T04:40:28.075097Z,0.0700,6.88,yes
2026-10-03T04:40:28.075097Z,0.0700,60.18,yes
2026-10-03T04:40:28.200204Z,0.0700,26.82,yes
2026-10-03T04:40:29.019112Z,0.0700,11.01,yes
2026-10-03T04:40:29.019112Z,0.0700,49.00,yes
2026-10-03T04:40:29.019112Z,0.0700,2.00,yes
2026-10-03T04:40:29.019112Z,0.0700,10.87,yes
2026-10-03T04:40:29.019112Z,0.0700,67.00,yes
2026-10-03T04:40:29.019112Z,0.0700,527.74,yes
2026-10-03T04:40:29.019112Z,0.0700,3.00,yes
2026-10-03T04:40:29.52739Z,0.0700,2000.00,yes
2026-10-03T04:40:29.584766Z,0.0700,38.22,yes
2026-10-03T04:40:31.711945Z,0.0700,134.12,yes
2026-10-03T04:40:33.202258Z,0.0700,0.13,yes
2026-10-03T04:40:34.782366Z,0.0700,6.70,yes
2026-10-03T04:40:34.849738Z,0.0700,134.12,yes
2026-10-03T04:40:36.521419Z,0.0700,335.31,yes
2026-10-03T04:40:37.403789Z,0.0700,335.31,yes
2026-10-03T04:40:37.489012Z,0.0700,5.23,yes
2026-10-03T04:40:37.938773Z,0.0600,44.57,no
2026-10-03T04:40:37.938773Z,0.0600,56.55,no
2026-10-03T04:40:37.938773Z,0.0600,33.00,no
2026-10-03T04:40:38.724723Z,0.0700,67.06,yes
2026-10-03T04:40:39.126292Z,0.0700,134.12,yes
2026-10-03T04:40:40.419267Z,0.0700,26.82,yes
2026-10-03T04:40:40.526966Z,0.0700,33.00,yes
2026-10-03T04:40:42.944076Z,0.0700,26.82,yes
2026-10-03T04:40:43.465991Z,0.0700,134.12,yes
2026-10-03T04:40:43.494796Z,0.0700,67.06,yes
2026-10-03T04:40:44.44316Z,0.0700,490.41,yes
2026-10-03T04:40:44.691178Z,0.0700,67.06,yes
2026-10-03T04:40:47.043776Z,0.0700,11.00,yes
2026-10-03T04:40:47.4698Z,0.0700,107.32,yes
2026-10-03T04:40:47.4698Z,0.0700,5.00,yes
2026-10-03T04:40:47.4698Z,0.0700,44.69,yes
2026-10-03T04:40:47.4698Z,0.0700,245.36,yes
2026-10-03T04:40:48.093604Z,0.0700,67.06,yes
2026-10-03T04:40:48.30894Z,0.0700,200.00,yes
2026-10-03T04:40:48.30894Z,0.0700,163.09,yes
2026-10-03T04:40:48.30894Z,0.0700,200.00,yes
2026-10-03T04:40:48.30894Z,0.0700,200.00,yes
2026-10-03T04:40:48.30894Z,0.0700,725.62,yes
2026-10-03T04:40:53.583724Z,0.0800,29.00,yes
2026-10-03T04:40:53.583724Z,0.0800,1.00,yes
2026-10-03T04:40:53.584352Z,0.0800,94.00,yes
2026-10-03T04:40:53.584352Z,0.0800,49.00,yes
2026-10-03T04:40:53.6318Z,0.0900,1.00,yes
2026-10-03T04:40:54.115027Z,0.1000,1.00,yes
2026-10-03T04:40:54.426579Z,0.0900,40.00,no
2026-10-03T04:40:54.433989Z,0.0900,40.00,no
2026-10-03T04:40:54.436741Z,0.0900,43.00,no
2026-10-03T04:40:54.439202Z,0.0700,44.92,no
2026-10-03T04:40:54.439202Z,0.0700,1.00,no
2026-10-03T04:40:54.611612Z,0.0700,79.92,yes
2026-10-03T04:40:54.611612Z,0.0700,35.08,yes
2026-10-03T04:40:55.121743Z,0.0700,47.48,yes
2026-10-03T04:40:57.434597Z,0.0500,15.00,no
2026-10-03T04:40:57.434597Z,0.0400,59.00,no
2026-10-03T04:40:57.434597Z,0.0200,197.00,no
2026-10-03T04:40:57.434597Z,0.0500,1.00,no
2026-10-03T04:40:57.434597Z,0.0500,44.92,no
2026-10-03T04:40:57.434597Z,0.0200,200.00,no
2026-10-03T04:40:57.434597Z,0.0300,200.00,no
2026-10-03T04:40:57.434597Z,0.0300,200.00,no
2026-10-03T04:40:57.434597Z,0.0400,100.00,no
2026-10-03T04:40:57.434597Z,0.0500,3.00,no
2026-10-03T04:40:57.434597Z,0.0400,200.00,no
2026-10-03T04:40:57.434597Z,0.0400,200.00,no
2026-10-03T04:40:57.434597Z,0.0500,86.11,no
2026-10-03T04:40:57.434597Z,0.0400,19.00,no
2026-10-03T04:40:57.434597Z,0.0500,90.00,no
2026-10-03T04:40:57.434597Z,0.0600,115.00,no
2026-10-03T04:40:57.434597Z,0.0400,200.00,no
2026-10-03T04:40:57.434597Z,0.0400,200.00,no
2026-10-03T04:40:57.434597Z,0.0600,100.00,no
2026-10-03T04:40:57.434597Z,0.0400,1.00,no
2026-10-03T04:40:57.434597Z,0.0300,800.00,no
2026-10-03T04:40:57.434597Z,0.0200,800.00,no
2026-10-03T04:40:57.434597Z,0.0200,1.00,no
2026-10-03T04:40:57.434597Z,0.0400,9.00,no
2026-10-03T04:40:57.434597Z,0.0400,33.00,no
2026-10-03T04:40:57.434597Z,0.0400,1.00,no
2026-10-03T04:40:57.434597Z,0.0300,200.00,no
2026-10-03T04:40:57.434597Z,0.0200,200.00,no
2026-10-03T04:40:57.434597Z,0.0200,1.00,no
2026-10-03T04:40:57.434597Z,0.0100,10.00,no
2026-10-03T04:40:57.434597Z,0.0100,649.17,no
2026-10-03T04:40:57.434597Z,0.0100,200.00,no
2026-10-03T04:40:57.434597Z,0.0100,1.00,no
2026-10-03T04:40:57.434597Z,0.0100,5.00,no
2026-10-03T04:40:57.434597Z,0.0100,5.00,no
2026-10-03T04:40:57.434597Z,0.0100,0.66,no
2026-10-03T04:40:57.470396Z,0.0300,44.72,no
2026-10-03T04:40:57.470396Z,0.0300,94.00,no
2026-10-03T04:40:57.470396Z,0.0300,40.00,no
2026-10-03T04:40:57.470396Z,0.0200,88.06,no
2026-10-03T04:40:57.470396Z,0.0300,1.00,no
2026-10-03T04:40:57.470396Z,0.0200,33.00,no
2026-10-03T04:40:57.475751Z,0.0200,348.00,yes
2026-10-03T04:40:57.478499Z,0.0200,0.22,yes
2026-10-03T04:40:57.518952Z,0.0700,107.00,yes
2026-10-03T04:40:57.518952Z,0.0800,78.50,yes
2026-10-03T04:40:57.518952Z,0.0800,1.00,yes
2026-10-03T04:40:57.518952Z,0.0800,115.00,yes
2026-10-03T04:40:57.518952Z,0.0700,44.72,yes
2026-10-03T04:40:57.518952Z,0.0700,1.00,yes
2026-10-03T04:40:57.518952Z,0.0800,1.00,yes
2026-10-03T04:40:57.523885Z,0.0600,115.00,no
2026-10-03T04:40:57.561813Z,0.0500,75.00,yes
2026-10-03T04:40:57.73079Z,0.0200,142.00,no
2026-10-03T04:40:57.73079Z,0.0300,3.00,no
2026-10-03T04:40:57.73079Z,0.0200,3.00,no
2026-10-03T04:40:57.73079Z,0.0200,44.72,no
2026-10-03T04:40:57.73079Z,0.0200,1.00,no
2026-10-03T04:40:57.735881Z,0.0200,6.00,yes
2026-10-03T04:40:57.738849Z,0.0200,0.28,yes
2026-10-03T04:40:57.779672Z,0.0400,6.00,yes
2026-10-03T04:40:57.800203Z,0.0400,6.28,yes
2026-10-03T04:40:57.879482Z,0.0400,111.00,yes
2026-10-03T04:40:57.882302Z,0.0400,40.00,yes
2026-10-03T04:40:57.891854Z,0.0400,3.28,yes
2026-10-03T04:40:57.891854Z,0.0400,36.72,yes
2026-10-03T04:40:57.892863Z,0.0400,493.28,yes
2026-10-03T04:40:57.892863Z,0.0400,6.72,yes
2026-10-03T04:40:58.011801Z,0.0400,30.00,yes
2026-10-03T04:40:58.043847Z,0.0400,18.00,yes
2026-10-03T04:40:58.053012Z,0.0400,30.00,yes
2026-10-03T04:40:58.187045Z,0.0800,49.00,yes
2026-10-03T04:40:58.187045Z,0.0900,32.90,yes
2026-10-03T04:40:58.187045Z,0.0700,1.00,yes
2026-10-03T04:40:58.187045Z,0.0600,200.00,yes
2026-10-03T04:40:58.187045Z,0.0600,44.72,yes
2026-10-03T04:40:58.187045Z,0.0500,11.28,yes
2026-10-03T04:40:58.187045Z,0.0400,228.72,yes
2026-10-03T04:40:58.187045Z,0.0700,1.00,yes
2026-10-03T04:40:58.187045Z,0.0800,2.00,yes
2026-10-03T04:40:58.187045Z,0.0800,100.00,yes
2026-10-03T04:41:00.073104Z,0.0500,200.00,yes
2026-10-03T04:41:00.073104Z,0.0500,200.00,yes
2026-10-03T04:41:00.073104Z,0.0500,7.50,yes
2026-10-03T04:41:00.665019Z,0.0500,18.75,yes
2026-10-03T04:41:01.012852Z,0.0500,62.06,yes
2026-10-03T04:41:01.012852Z,0.0500,200.00,yes
2026-10-03T04:41:01.012852Z,0.0500,173.75,yes
2026-10-03T04:41:02.106115Z,0.0500,93.76,yes
2026-10-03T04:41:02.189633Z,0.0500,18.75,yes
2026-10-03T04:41:02.358404Z,0.0500,18.75,yes
2026-10-03T04:41:02.505194Z,0.0500,6.68,yes
2026-10-03T04:41:02.505194Z,0.0500,40.20,yes
2026-10-03T04:41:02.843724Z,0.0400,1.00,no
2026-10-03T04:41:02.908469Z,0.0400,52.00,yes
2026-10-03T04:41:02.909034Z,0.0400,5.00,yes
2026-10-03T04:41:02.936262Z,0.0400,1.00,yes
2026-10-03T04:41:02.95188Z,0.0500,29.00,yes
2026-10-03T04:41:03.679339Z,0.0400,75.01,yes
2026-10-03T04:41:04.097989Z,0.0400,117.12,yes
2026-10-03T04:41:04.607064Z,0.0400,11.00,yes
2026-10-03T04:41:04.614579Z,0.0400,234.25,yes
2026-10-03T04:41:05.037437Z,0.0400,166.50,yes
2026-10-03T04:41:05.711579Z,0.0400,11.74,yes
2026-10-03T04:41:08.232298Z,0.0500,3.00,no
2026-10-03T04:41:09.073956Z,0.0500,90.00,yes
2026-10-03T04:41:09.073956Z,0.0500,5.00,yes
2026-10-03T04:41:09.073956Z,0.0500,45.01,yes
2026-10-03T04:41:09.073956Z,0.0500,48.19,yes
2026-10-03T04:41:09.242957Z,0.0500,23.61,yes
2026-10-03T04:41:09.242957Z,0.0500,2.58,yes
2026-10-03T04:41:09.242957Z,0.0500,40.81,yes
2026-10-03T04:41:09.242957Z,0.0500,49.00,yes
2026-10-03T04:41:09.243034Z,0.0500,14.18,yes
2026-10-03T04:41:09.243034Z,0.0500,42.82,yes
2026-10-03T04:41:09.243034Z,0.0500,58.00,yes
2026-10-03T04:41:09.243034Z,0.0500,1.00,yes
2026-10-03T04:41:09.2431Z,0.0500,85.82,yes
2026-10-03T04:41:09.260676Z,0.0600,184.38,yes
2026-10-03T04:41:09.264283Z,0.0700,1.00,yes
2026-10-03T04:41:09.333918Z,0.0800,25.00,yes
2026-10-03T04:41:09.358622Z,0.0700,11.60,no
2026-10-03T04:41:10.379993Z,0.0500,36.82,no
2026-10-03T04:41:10.379993Z,0.0400,47.00,no
2026-10-03T04:41:10.379993Z,0.0400,1.00,no
2026-10-03T04:41:10.379993Z,0.0400,1.00,no
2026-10-03T04:41:10.379993Z,0.0400,33.00,no
2026-10-03T04:41:10.379993Z,0.0400,46.63,no
2026-10-03T04:41:10.45743Z,0.0500,5.00,yes
2026-10-03T04:41:12.497092Z,0.0400,2.34,yes
2026-10-03T04:41:13.741935Z,0.0300,198.00,no
2026-10-03T04:41:13.741951Z,0.0300,33.00,no
2026-10-03T04:41:13.741951Z,0.0300,2.00,no
2026-10-03T04:41:13.741951Z,0.0300,72.00,no
2026-10-03T04:41:13.741951Z,0.0300,91.00,no
2026-10-03T04:41:13.742174Z,0.0300,28.00,no
2026-10-03T04:41:13.742174Z,0.0300,1.00,no
2026-10-03T04:41:14.932646Z,0.0200,3.50,no
2026-10-03T04:41:16.040744Z,0.0400,29.08,yes
2026-10-03T04:41:16.040744Z,0.0300,3.00,yes
2026-10-03T04:41:16.040744Z,0.0400,90.00,yes
2026-10-03T04:41:16.040744Z,0.0500,10.14,yes
2026-10-03T04:41:16.040744Z,0.0400,49.00,yes
2026-10-03T04:41:16.040744Z,0.0400,45.34,yes
2026-10-03T04:41:16.040744Z,0.0400,3.00,yes
2026-10-03T04:41:16.052731Z,0.0400,45.34,yes
2026-10-03T04:41:16.052731Z,0.0400,70.66,yes
2026-10-03T04:41:16.052761Z,0.0400,49.00,yes
2026-10-03T04:41:16.052761Z,0.0400,15.34,yes
2026-10-03T04:41:16.066527Z,0.0400,50.00,no
2026-10-03T04:41:16.08008Z,0.0500,20.86,yes
2026-10-03T04:41:16.08008Z,0.0500,95.14,yes
2026-10-03T04:41:16.080115Z,0.0500,104.86,yes
2026-10-03T04:41:16.080115Z,0.0500,11.14,yes
2026-10-03T04:41:16.080309Z,0.0500,23.90,yes
2026-10-03T04:41:16.080309Z,0.0600,92.10,yes
2026-10-03T04:41:16.080309Z,0.0600,105.90,yes
2026-10-03T04:41:16.080309Z,0.0600,2.00,yes
2026-10-03T04:41:16.109621Z,0.0700,1.00,yes
2026-10-03T04:41:16.119686Z,0.0600,8.10,no
2026-10-03T04:41:16.119686Z,0.0600,0.90,no
2026-10-03T04:41:16.16949Z,0.0600,6.00,no
2026-10-03T04:41:16.253568Z,0.0600,3.78,no
2026-10-03T04:41:16.625355Z,0.2100,13.41,yes
2026-10-03T04:41:16.625355Z,0.2100,26.82,yes
2026-10-03T04:41:16.625355Z,0.0900,7.10,yes
2026-10-03T04:41:16.625355Z,0.2300,15.00,yes
2026-10-03T04:41:16.625355Z,0.2500,43.81,yes
2026-10-03T04:41:16.625355Z,0.0600,499.00,yes
2026-10-03T04:41:16.625355Z,0.0800,45.34,yes
2026-10-03T04:41:16.625355Z,0.0600,17.00,yes
2026-10-03T04:41:16.625355Z,0.1400,500.00,yes
2026-10-03T04:41:16.625355Z,0.0600,86.00,yes
2026-10-03T04:41:16.625355Z,0.0700,115.00,yes
2026-10-03T04:41:16.625355Z,0.0700,10.00,yes
2026-10-03T04:41:16.625355Z,0.1600,153.00,yes
2026-10-03T04:41:16.625355Z,0.1300,70.00,yes
2026-10-03T04:41:16.625355Z,0.0600,24.00,yes
2026-10-03T04:41:16.625355Z,0.1500,53.00,yes
2026-10-03T04:41:16.625355Z,0.1300,82.00,yes
2026-10-03T04:41:16.625355Z,0.2700,10.00,yes
2026-10-03T04:41:16.625355Z,0.1400,20.00,yes
2026-10-03T04:41:16.625355Z,0.1800,78.18,yes
2026-10-03T04:41:16.625355Z,0.2000,100.00,yes
2026-10-03T04:41:16.625355Z,0.1500,1.00,yes
2026-10-03T04:41:16.625355Z,0.2600,140.00,yes
2026-10-03T04:41:16.625355Z,0.2600,10.44,yes
2026-10-03T04:41:16.639533Z,0.0700,62.37,yes
2026-10-03T04:41:16.671478Z,0.1400,40.00,yes
2026-10-03T04:41:16.671478Z,0.1800,13.00,yes
2026-10-03T04:41:16.671478Z,0.0900,45.34,yes
2026-10-03T04:41:16.671478Z,0.1800,17.66,yes
2026-10-03T04:41:16.671478Z,0.0700,5.00,yes
2026-10-03T04:41:16.724263Z,0.1500,24.00,yes
2026-10-03T04:41:17.142388Z,0.1100,20.00,yes
2026-10-03T04:41:17.144539Z,0.1100,20.00,yes
2026-10-03T04:41:17.145175Z,0.1100,11.00,yes
2026-10-03T04:41:17.19169Z,0.1100,50.00,yes
2026-10-03T04:41:18.08658Z,0.1600,36.25,yes
2026-10-03T04:41:18.08658Z,0.1900,30.05,yes
2026-10-03T04:41:18.08658Z,0.1700,21.70,yes
2026-10-03T04:41:18.09318Z,0.2000,29.00,yes
2026-10-03T04:41:18.094592Z,0.2000,16.00,yes
2026-10-03T04:41:18.094592Z,0.2000,4.00,yes
2026-10-03T04:41:18.239311Z,0.1600,115.00,no
2026-10-03T04:41:18.239311Z,0.1500,19.12,no
2026-10-03T04:41:20.082654Z,0.1900,5.00,yes
2026-10-03T04:41:20.169743Z,0.1700,4.00,no
2026-10-03T04:41:20.169743Z,0.1700,61.00,no
2026-10-03T04:41:20.169743Z,0.1600,28.76,no
2026-10-03T04:41:20.223731Z,0.0600,100.00,no
2026-10-03T04:41:20.223731Z,0.1700,150.00,no
2026-10-03T04:41:20.223731Z,0.1800,58.00,no
2026-10-03T04:41:20.223731Z,0.1600,12.06,no
2026-10-03T04:41:20.223731Z,0.1700,40.00,no
2026-10-03T04:41:20.223731Z,0.0800,15.00,no
2026-10-03T04:41:20.223731Z,0.0500,202.00,no
2026-10-03T04:41:20.223731Z,0.1500,45.75,no
2026-10-03T04:41:20.223731Z,0.1200,30.00,no
2026-10-03T04:41:20.223731Z,0.0600,33.00,no
2026-10-03T04:41:20.253827Z,0.1800,115.00,no
2026-10-03T04:41:20.815707Z,0.1500,4.00,yes
2026-10-03T04:41:21.248186Z,0.1400,10.51,yes
2026-10-03T04:41:21.248186Z,0.1400,1.00,yes
2026-10-03T04:41:22.155269Z,0.1300,5.00,no
2026-10-03T04:41:22.694896Z,0.1900,4.00,yes
2026-10-03T04:41:22.694896Z,0.1900,1.00,yes
2026-10-03T04:41:22.695035Z,0.1900,5.00,yes
2026-10-03T04:41:22.696181Z,0.1900,5.00,yes
2026-10-03T04:41:22.703529Z,0.1900,31.00,yes
2026-10-03T04:41:22.703529Z,0.2000,7.00,yes
2026-10-03T04:41:23.078347Z,0.2100,4.00,yes
2026-10-03T04:41:23.078347Z,0.2200,1.00,yes
2026-10-03T04:41:23.107892Z,0.2200,45.00,no
2026-10-03T04:41:23.10842Z,0.2400,5.00,yes
2026-10-03T04:41:23.10842Z,0.2400,25.00,yes
2026-10-03T04:41:23.109298Z,0.2200,4.00,no
2026-10-03T04:41:23.109298Z,0.2000,41.00,no
2026-10-03T04:41:23.126629Z,0.1500,30.00,no
2026-10-03T04:41:23.272324Z,0.1500,20.00,no
2026-10-03T04:41:23.524305Z,0.1500,4.27,no
2026-10-03T04:41:23.633103Z,0.1400,45.33,no
2026-10-03T04:41:23.633103Z,0.1500,3.73,no
2026-10-03T04:41:23.647548Z,0.1400,57.00,yes
2026-10-03T04:41:23.650831Z,0.1400,1.64,yes
2026-10-03T04:41:23.669105Z,0.1600,30.00,no
2026-10-03T04:41:23.752758Z,0.1600,25.61,no
2026-10-03T04:41:23.752758Z,0.1400,45.33,no
2026-10-03T04:41:23.951888Z,0.0800,40.00,no
2026-10-03T04:41:23.951888Z,0.0700,45.33,no
2026-10-03T04:41:23.951888Z,0.0600,3.00,no
2026-10-03T04:41:23.951888Z,0.0700,3.00,no
2026-10-03T04:41:23.951888Z,0.0500,61.67,no
2026-10-03T04:41:23.951888Z,0.0600,33.00,no
2026-10-03T04:41:23.951991Z,0.0400,112.00,no
2026-10-03T04:41:23.951991Z,0.0400,1.00,no
2026-10-03T04:41:23.951991Z,0.0400,33.00,no
2026-10-03T04:41:23.951991Z,0.0500,2.33,no
2026-10-03T04:41:23.951991Z,0.0400,1.00,no
2026-10-03T04:41:23.951991Z,0.0300,36.67,no
2026-10-03T04:41:23.952199Z,0.0300,22.67,no
2026-10-03T04:41:23.952199Z,0.0300,163.33,no
2026-10-03T04:41:23.952246Z,0.0300,89.00,no
2026-10-03T04:41:23.952246Z,0.0300,77.33,no
2026-10-03T04:41:23.952246Z,0.0300,19.67,no
2026-10-03T04:41:23.952249Z,0.0300,176.33,no
2026-10-03T04:41:23.965043Z,0.0300,9.67,yes
2026-10-03T04:41:23.965043Z,0.0300,13.33,yes
2026-10-03T04:41:23.969034Z,0.0300,16.91,yes
2026-10-03T04:41:23.97257Z,0.0300,3.05,yes
2026-10-03T04:41:23.980604Z,0.0300,1.53,yes
2026-10-03T04:41:23.982456Z,0.0300,148.00,yes
2026-10-03T04:41:23.983935Z,0.0300,13.82,yes
2026-10-03T04:41:23.983935Z,0.0300,3.18,yes
2026-10-03T04:41:23.9842Z,0.0300,29.00,yes
2026-10-03T04:41:23.986189Z,0.0300,12.00,yes
2026-10-03T04:41:23.99256Z,0.0400,4.71,yes
2026-10-03T04:41:23.997417Z,0.0400,9.43,yes
2026-10-03T04:41:24.002039Z,0.0300,14.36,yes
2026-10-03T04:41:24.011892Z,0.0300,29.00,yes
2026-10-03T04:41:24.0245Z,0.0500,2.47,yes
2026-10-03T04:41:24.091986Z,0.0500,16.00,yes
2026-10-03T04:41:24.092367Z,0.0500,41.00,yes
2026-10-03T04:41:24.093216Z,0.0500,5.00,yes
2026-10-03T04:41:24.094737Z,0.0500,44.00,yes
2026-10-03T04:41:24.247555Z,0.0600,12.24,yes
2026-10-03T04:41:24.780697Z,0.0500,78.18,yes
2026-10-03T04:41:25.07811Z,0.0400,4.94,no
2026-10-03T04:41:25.091536Z,0.0500,58.00,yes
2026-10-03T04:41:25.091536Z,0.0600,86.24,yes
2026-10-03T04:41:25.091536Z,0.0600,23.76,yes
2026-10-03T04:41:25.094375Z,0.0700,35.24,yes
2026-10-03T04:41:25.094375Z,0.0700,1.00,yes
2026-10-03T04:41:25.094375Z,0.0600,77.76,yes
2026-10-03T04:41:25.09438Z,0.0700,10.21,yes
2026-10-03T04:41:25.10575Z,0.0900,27.50,yes
2026-10-03T04:41:25.159363Z,0.0900,89.50,yes
2026-10-03T04:41:25.159363Z,0.0900,85.50,yes
2026-10-03T04:41:26.171086Z,0.0900,4.17,yes
2026-10-03T04:41:26.317931Z,0.0800,54.00,no
2026-10-03T04:41:26.317931Z,0.0800,100.00,no
2026-10-03T04:41:26.317969Z,0.0800,3.00,no
2026-10-03T04:41:26.317969Z,0.0800,29.00,no
2026-10-03T04:41:26.436803Z,0.0700,9.55,no
2026-10-03T04:41:26.436803Z,0.0700,99.00,no
2026-10-03T04:41:26.436803Z,0.0700,45.45,no
2026-10-03T04:41:26.437022Z,0.0700,90.45,no
2026-10-03T04:41:26.437022Z,0.0700,63.55,no
2026-10-03T04:41:26.437049Z,0.0700,14.45,no
2026-10-03T04:41:26.445615Z,0.0700,40.00,yes
2026-10-03T04:41:26.4461Z,0.0700,99.55,yes
2026-10-03T04:41:26.4461Z,0.0700,40.00,yes
2026-10-03T04:41:26.452551Z,0.0700,114.00,yes
2026-10-03T04:41:26.452551Z,0.0700,136.00,yes
2026-10-03T04:41:26.45779Z,0.0700,18.00,yes
2026-10-03T04:41:26.45779Z,0.0700,22.00,yes
2026-10-03T04:41:26.463442Z,0.0700,154.00,yes
2026-10-03T04:41:26.463442Z,0.0700,154.00,yes
2026-10-03T04:41:26.463442Z,0.0700,154.00,yes
2026-10-03T04:41:26.463442Z,0.0700,154.00,yes
2026-10-03T04:41:26.463442Z,0.0700,132.00,yes
2026-10-03T04:41:26.463442Z,0.0700,154.00,yes
2026-10-03T04:41:26.463442Z,0.0700,40.00,yes
2026-10-03T04:41:26.465497Z,0.0700,40.00,yes
2026-10-03T04:41:26.469083Z,0.0700,27.00,yes
2026-10-03T04:41:26.47576Z,0.0700,40.00,yes
2026-10-03T04:41:26.480196Z,0.0700,7.00,yes
2026-10-03T04:41:26.480196Z,0.0700,154.00,yes
2026-10-03T04:41:26.480196Z,0.0700,18.90,yes
2026-10-03T04:41:26.525093Z,0.0800,12.50,yes
2026-10-03T04:41:27.801416Z,0.0900,1.14,yes
2026-10-03T04:41:28.520369Z,0.0900,6.89,yes
2026-10-03T04:41:30.033756Z,0.1000,47.03,yes
2026-10-03T04:41:30.840447Z,0.1100,8.55,yes
2026-10-03T04:41:31.319362Z,0.0800,115.00,no
2026-10-03T04:41:31.319362Z,0.0800,18.69,no
2026-10-03T04:41:31.360151Z,0.0600,3.00,no
2026-10-03T04:41:31.360151Z,0.0600,7.00,no
2026-10-03T04:41:31.387076Z,0.0500,3.00,no
2026-10-03T04:41:31.387076Z,0.0500,58.00,no
2026-10-03T04:41:31.418487Z,0.0400,1.00,no
2026-10-03T04:41:31.418487Z,0.0400,1.00,no
2026-10-03T04:41:31.419576Z,0.0400,2.00,no
2026-10-03T04:41:31.588792Z,0.0400,8.55,yes
2026-10-03T04:41:31.73595Z,0.0400,44.98,yes
2026-10-03T04:41:31.73595Z,0.0400,5.00,yes
2026-10-03T04:41:31.73595Z,0.0400,17.05,yes
2026-10-03T04:41:31.73595Z,0.0400,49.00,yes
2026-10-03T04:41:31.759141Z,0.0600,5.00,yes
2026-10-03T04:41:31.762391Z,0.0600,5.00,yes
2026-10-03T04:41:31.766802Z,0.0700,1.00,yes
2026-10-03T04:41:31.895446Z,0.0900,1.00,yes
2026-10-03T04:41:31.895446Z,0.0900,115.00,yes
2026-10-03T04:41:32.076886Z,0.1100,4.00,no
2026-10-03T04:41:32.076886Z,0.1100,67.00,no
2026-10-03T04:41:32.076886Z,0.1100,1.00,no
2026-10-03T04:41:32.076886Z,0.0900,40.70,no
2026-10-03T04:41:32.076886Z,0.1000,45.30,no
2026-10-03T04:41:33.63165Z,0.1200,3.00,yes
2026-10-03T04:41:33.63165Z,0.2000,30.36,yes
2026-10-03T04:41:33.63165Z,0.1200,20.23,yes
2026-10-03T04:41:33.63165Z,0.1200,4.00,yes
2026-10-03T04:41:33.63165Z,0.1400,45.30,yes
2026-10-03T04:41:33.63165Z,0.1500,40.00,yes
2026-10-03T04:41:33.63165Z,0.1900,49.00,yes
2026-10-03T04:41:33.63165Z,0.2000,1.00,yes
2026-10-03T04:41:34.717103Z,0.1100,67.00,no
2026-10-03T04:41:34.717103Z,0.1000,40.00,no
2026-10-03T04:41:34.717103Z,0.1000,1.00,no
2026-10-03T04:41:34.717103Z,0.1200,46.12,no
2026-10-03T04:41:34.717103Z,0.0900,26.82,no
2026-10-03T04:41:34.717103Z,0.1000,33.00,no
2026-10-03T04:41:35.166915Z,0.1300,115.00,no
2026-10-03T04:41:35.209643Z,0.1200,1.00,no
2026-10-03T04:41:35.239823Z,0.1200,5.00,no
2026-10-03T04:41:35.287311Z,0.1200,10.00,no
2026-10-03T04:41:35.310316Z,0.1200,20.00,no
2026-10-03T04:41:35.333819Z,0.1200,40.00,no
2026-10-03T04:41:35.359681Z,0.1200,39.00,no
2026-10-03T04:41:35.359681Z,0.1000,0.82,no
2026-10-03T04:41:35.359681Z,0.1100,10.18,no
2026-10-03T04:41:35.382839Z,0.1000,4.70,no
2026-10-03T04:41:35.382839Z,0.1000,45.30,no
2026-10-03T04:41:35.406294Z,0.0900,3.88,no
2026-10-03T04:41:35.406294Z,0.1000,46.12,no
2026-10-03T04:41:35.433358Z,0.1100,50.00,no
2026-10-03T04:41:35.456507Z,0.1100,50.00,no
2026-10-03T04:41:35.479036Z,0.1100,15.00,no
2026-10-03T04:41:35.479036Z,0.0900,35.00,no
2026-10-03T04:41:35.506024Z,0.0900,4.00,no
2026-10-03T04:41:35.506024Z,0.0900,11.12,no
2026-10-03T04:41:35.506024Z,0.0800,1.88,no
2026-10-03T04:41:35.506024Z,0.0800,33.00,no
2026-10-03T04:41:35.527996Z,0.0700,50.00,no
2026-10-03T04:41:35.554268Z,0.0800,46.12,no
2026-10-03T04:41:35.554268Z,0.0700,2.60,no
2026-10-03T04:41:35.554268Z,0.0700,1.28,no
2026-10-03T04:41:35.576288Z,0.0700,3.88,no
2026-10-03T04:41:35.576288Z,0.0800,46.12,no
2026-10-03T04:41:35.599446Z,0.0800,46.12,no
2026-10-03T04:41:35.599446Z,0.0700,3.88,no
2026-10-03T04:41:35.624367Z,0.0700,3.88,no
2026-10-03T04:41:35.624367Z,0.0800,46.12,no
2026-10-03T04:41:35.648757Z,0.0800,38.00,no
2026-10-03T04:41:35.648757Z,0.0900,12.00,no
2026-10-03T04:41:35.670707Z,0.0700,50.00,no
2026-10-03T04:41:35.6961Z,0.0700,21.64,no
2026-10-03T04:41:35.6961Z,0.0800,8.12,no
2026-10-03T04:41:35.6961Z,0.0700,20.24,no
2026-10-03T04:41:35.719096Z,0.0600,3.88,no
2026-10-03T04:41:35.719096Z,0.0800,46.12,no
2026-10-03T04:41:35.741865Z,0.0700,46.12,no
2026-10-03T04:41:35.741865Z,0.0700,3.88,no
2026-10-03T04:41:35.766619Z,0.0800,46.12,no
2026-10-03T04:41:35.766619Z,0.0700,3.88,no
2026-10-03T04:41:35.790447Z,0.0700,50.00,no
2026-10-03T04:41:35.815718Z,0.0700,3.88,no
2026-10-03T04:41:35.815718Z,0.0800,46.12,no
2026-10-03T04:41:35.839518Z,0.0700,3.88,no
2026-10-03T04:41:35.839518Z,0.0800,46.12,no
2026-10-03T04:41:35.861371Z,0.0700,3.88,no
2026-10-03T04:41:35.861371Z,0.0800,46.12,no
2026-10-03T04:41:35.888089Z,0.0600,3.88,no
2026-10-03T04:41:35.888089Z,0.0700,46.12,no
2026-10-03T04:41:35.910565Z,0.0600,3.88,no
2026-10-03T04:41:35.910565Z,0.0700,46.12,no
2026-10-03T04:41:35.932947Z,0.0600,50.00,no
2026-10-03T04:41:35.959089Z,0.0600,12.88,no
2026-10-03T04:41:35.959089Z,0.0600,37.12,no
2026-10-03T04:41:35.98158Z,0.0600,50.00,no
2026-10-03T04:41:36.004082Z,0.0600,50.00,no
2026-10-03T04:41:36.031694Z,0.0600,50.00,no
2026-10-03T04:41:36.055468Z,0.0600,12.88,no
2026-10-03T04:41:36.055468Z,0.0600,37.12,no
2026-10-03T04:41:36.080213Z,0.0600,50.00,no
2026-10-03T04:41:36.118883Z,0.0700,46.12,no
2026-10-03T04:41:36.118883Z,0.0700,3.88,no
2026-10-03T04:41:36.145194Z,0.0600,50.00,no
2026-10-03T04:41:36.149036Z,0.1100,1.50,yes
2026-10-03T04:41:36.152807Z,0.1100,1.50,yes
2026-10-03T04:41:36.174751Z,0.0600,50.00,no
2026-10-03T04:41:36.181332Z,0.1100,4.00,yes
2026-10-03T04:41:36.198893Z,0.0600,12.88,no
2026-10-03T04:41:36.198893Z,0.0600,37.12,no
2026-10-03T04:41:36.226822Z,0.0600,50.00,no
2026-10-03T04:41:36.241216Z,0.1100,43.12,yes
2026-10-03T04:41:36.241216Z,0.1000,115.00,yes
2026-10-03T04:41:36.241216Z,0.0900,4.00,yes
2026-10-03T04:41:36.241216Z,0.1300,31.13,yes
2026-10-03T04:41:36.250927Z,0.0600,50.00,no
2026-10-03T04:41:36.277324Z,0.0700,4.00,no
2026-10-03T04:41:36.277324Z,0.0700,46.00,no
2026-10-03T04:41:36.305908Z,0.0700,18.00,no
2026-10-03T04:41:36.305908Z,0.0700,32.00,no
2026-10-03T04:41:36.33159Z,0.0700,25.00,no
2026-10-03T04:41:36.33159Z,0.0700,25.00,no
2026-10-03T04:41:36.360767Z,0.0700,50.00,no
2026-10-03T04:41:36.437249Z,0.0700,50.00,no
2026-10-03T04:41:36.461275Z,0.0700,50.00,no
2026-10-03T04:41:36.48912Z,0.0700,35.00,no
2026-10-03T04:41:36.48912Z,0.0700,15.00,no
2026-10-03T04:41:36.51342Z,0.0700,50.00,no
2026-10-03T04:41:36.53791Z,0.0700,50.00,no
2026-10-03T04:41:36.564405Z,0.0700,28.00,no
2026-10-03T04:41:36.564405Z,0.0700,22.00,no
2026-10-03T04:41:36.586919Z,0.0700,50.00,no
2026-10-03T04:41:36.703453Z,0.0700,77.52,no
2026-10-03T04:41:36.703453Z,0.0700,56.48,no
2026-10-03T04:41:36.703453Z,0.0700,43.00,no
2026-10-03T04:41:37.205128Z,0.1000,4.00,yes
2026-10-03T04:41:37.205128Z,0.1100,3.84,yes
2026-10-03T04:41:37.449591Z,0.1000,39.24,yes
2026-10-03T04:41:37.483963Z,0.0700,1.00,no
2026-10-03T04:41:37.483963Z,0.0800,4.00,no
2026-10-03T04:41:37.761652Z,0.1200,40.00,yes
2026-10-03T04:41:37.761652Z,0.1300,14.12,yes
2026-10-03T04:41:37.761652Z,0.1000,7.19,yes
2026-10-03T04:41:37.761652Z,0.1000,4.00,yes
2026-10-03T04:41:37.761652Z,0.0800,115.00,yes
2026-10-03T04:41:37.761652Z,0.1000,5.00,yes
2026-10-03T04:41:38.338143Z,0.0800,123.00,yes
2026-10-03T04:41:38.338143Z,0.1000,5.00,yes
2026-10-03T04:41:38.338143Z,0.1200,29.46,yes
2026-10-03T04:41:38.383979Z,0.1100,1.00,yes
2026-10-03T04:41:38.629997Z,0.1000,111.15,yes
2026-10-03T04:41:38.629997Z,0.1000,5.00,yes
2026-10-03T04:41:40.010672Z,0.1200,123.00,no
2026-10-03T04:41:40.010672Z,0.1200,1.00,no
2026-10-03T04:41:40.010672Z,0.1000,44.29,no
2026-10-03T04:41:40.010672Z,0.1000,100.00,no
2026-10-03T04:41:40.448888Z,0.1000,47.03,yes
2026-10-03T04:41:40.54073Z,0.0800,6.89,no
2026-10-03T04:41:40.591271Z,0.1000,1.00,yes
2026-10-03T04:41:40.772612Z,0.1000,23.03,yes
2026-10-03T04:41:41.228602Z,0.1000,47.03,yes
2026-10-03T04:41:41.913964Z,0.0900,18.81,yes
2026-10-03T04:41:42.081873Z,0.0900,1.00,yes
2026-10-03T04:41:42.273366Z,0.0900,41.00,yes
2026-10-03T04:41:42.733006Z,0.0700,110.00,no
2026-10-03T04:41:42.733006Z,0.0700,3.00,no
2026-10-03T04:41:42.733014Z,0.0700,13.00,no
2026-10-03T04:41:42.733014Z,0.0500,5.00,no
2026-10-03T04:41:42.733014Z,0.0600,1.00,no
2026-10-03T04:41:42.733014Z,0.0500,1.00,no
2026-10-03T04:41:42.733014Z,0.0500,90.00,no
2026-10-03T04:41:42.733014Z,0.0600,3.00,no
2026-10-03T04:41:42.733025Z,0.0500,11.78,no
2026-10-03T04:41:42.733025Z,0.0400,19.00,no
2026-10-03T04:41:42.733025Z,0.0400,22.22,no
2026-10-03T04:41:42.733025Z,0.0400,59.00,no
2026-10-03T04:41:42.733025Z,0.0400,1.00,no
2026-10-03T04:41:42.733254Z,0.0400,35.22,no
2026-10-03T04:41:42.733254Z,0.0400,4.78,no
2026-10-03T04:41:42.733254Z,0.0400,77.78,no
2026-10-03T04:41:42.733254Z,0.0300,108.22,no
2026-10-03T04:41:42.733259Z,0.0300,21.22,no
2026-10-03T04:41:42.733259Z,0.0300,91.78,no
2026-10-03T04:41:42.733263Z,0.0200,101.22,no
2026-10-03T04:41:42.733263Z,0.0300,11.78,no
2026-10-03T04:41:42.733264Z,0.0200,95.28,no
2026-10-03T04:41:42.733264Z,0.0200,16.72,no
2026-10-03T04:41:42.733264Z,0.0200,1.00,no
2026-10-03T04:41:42.733305Z,0.0200,113.00,no
2026-10-03T04:41:42.733313Z,0.0200,113.00,no
2026-10-03T04:41:42.739893Z,0.0300,113.00,yes
2026-10-03T04:41:42.740082Z,0.0200,29.28,no
2026-10-03T04:41:42.740082Z,0.0200,70.24,no
2026-10-03T04:41:42.744498Z,0.0300,99.52,yes
2026-10-03T04:41:42.744498Z,0.0200,13.48,yes
2026-10-03T04:41:42.748843Z,0.0300,20.14,yes
2026-10-03T04:41:42.748843Z,0.0300,13.48,yes
2026-10-03T04:41:42.753126Z,0.0300,92.86,yes
2026-10-03T04:41:42.753126Z,0.0300,20.14,yes
2026-10-03T04:41:42.756382Z,0.0300,13.00,yes
2026-10-03T04:41:42.756449Z,0.0300,43.14,yes
2026-10-03T04:41:42.756449Z,0.0300,79.86,yes
2026-10-03T04:41:42.763038Z,0.0300,43.14,yes
2026-10-03T04:41:42.763038Z,0.0300,69.86,yes
2026-10-03T04:41:42.76424Z,0.0300,9.00,yes
2026-10-03T04:41:42.766235Z,0.0300,31.00,yes
2026-10-03T04:41:42.766238Z,0.0300,2.00,yes
2026-10-03T04:41:42.767962Z,0.0300,5.00,yes
2026-10-03T04:41:42.767962Z,0.0400,80.14,yes
2026-10-03T04:41:42.767962Z,0.0300,27.86,yes
2026-10-03T04:41:42.767962Z,0.0400,113.00,yes
2026-10-03T04:41:42.785507Z,0.0400,12.50,yes
2026-10-03T04:41:42.81399Z,0.0400,6.00,yes
2026-10-03T04:41:43.072174Z,0.0400,98.64,yes
2026-10-03T04:41:43.072174Z,0.0400,14.36,yes
2026-10-03T04:41:43.780549Z,0.0200,62.00,no
2026-10-03T04:41:44.158532Z,0.0300,154.37,yes
2026-10-03T04:41:44.158532Z,0.0300,44.17,yes
2026-10-03T04:41:44.158532Z,0.0300,62.00,yes
2026-10-03T04:41:44.448236Z,0.0200,80.00,no
2026-10-03T04:41:44.448236Z,0.0200,60.29,no
2026-10-03T04:41:45.937646Z,0.0400,14.36,yes
2026-10-03T04:41:45.937646Z,0.0400,59.19,yes
2026-10-03T04:41:45.937646Z,0.0300,62.00,yes
2026-10-03T04:41:45.937646Z,0.0300,5.00,yes
2026-10-03T04:41:46.383659Z,0.0300,31.21,yes
2026-10-03T04:41:46.421179Z,0.0400,53.81,yes
2026-10-03T04:41:46.421179Z,0.0400,27.28,yes
2026-10-03T04:41:46.421179Z,0.0300,62.00,yes
2026-10-03T04:41:46.421179Z,0.0300,12.84,yes
2026-10-03T04:41:47.409686Z,0.0400,73.72,yes
2026-10-03T04:41:47.409686Z,0.0400,96.00,yes
2026-10-03T04:41:47.409686Z,0.0400,59.85,yes
2026-10-03T04:41:47.674604Z,0.0400,11.94,yes
2026-10-03T04:41:47.946982Z,0.0200,17.59,no
2026-10-03T04:41:47.946982Z,0.0200,4.71,no
2026-10-03T04:41:47.946982Z,0.0300,6.65,no
2026-10-03T04:41:47.946982Z,0.0300,62.00,no
2026-10-03T04:41:47.946982Z,0.0300,100.00,no
2026-10-03T04:41:47.946982Z,0.0300,44.05,no
2026-10-03T04:41:48.493383Z,0.0600,78.18,yes
2026-10-03T04:41:49.85923Z,0.0500,37.50,yes
2026-10-03T04:41:50.358655Z,0.0500,4.00,yes
2026-10-03T04:41:50.358655Z,0.0500,32.00,yes
2026-10-03T04:41:51.908385Z,0.0500,25.33,yes
2026-10-03T04:41:51.908385Z,0.0500,12.17,yes
2026-10-03T04:41:52.116895Z,0.0200,100.00,no
2026-10-03T04:41:52.116895Z,0.0300,123.00,no
2026-10-03T04:41:52.116895Z,0.0200,65.00,no
2026-10-03T04:41:52.116895Z,0.0200,200.00,no
2026-10-03T04:41:52.116895Z,0.0200,100.00,no
2026-10-03T04:41:52.116895Z,0.0200,3.00,no
2026-10-03T04:41:52.116895Z,0.0200,62.00,no
2026-10-03T04:41:52.116895Z,0.0200,15.41,no
2026-10-03T04:41:52.116895Z,0.0200,80.00,no
2026-10-03T04:41:52.116895Z,0.0100,50.76,no
2026-10-03T04:41:52.116895Z,0.0100,40.00,no
2026-10-03T04:41:52.116895Z,0.0100,348.00,no
2026-10-03T04:41:52.116895Z,0.0100,33.00,no
2026-10-03T04:41:52.116895Z,0.0100,88.00,no
2026-10-03T04:41:52.116895Z,0.0100,46.00,no
2026-10-03T04:41:52.116895Z,0.0100,95.00,no
2026-10-03T04:41:52.116895Z,0.0100,100.00,no
2026-10-03T04:41:52.116895Z,0.0100,100.00,no
2026-10-03T04:41:52.116895Z,0.0100,350.83,no
2026-10-03T04:41:53.342928Z,0.0200,46.79,yes
2026-10-03T04:41:53.499201Z,0.0100,11.00,no
2026-10-03T04:41:54.000714Z,0.0100,5.04,no
2026-10-03T04:41:54.067517Z,0.0100,46.00,no
2026-10-03T04:41:54.067517Z,0.0100,2.00,no
2026-10-03T04:41:54.067517Z,0.0100,33.00,no
2026-10-03T04:41:54.067517Z,0.0100,133.20,no
2026-10-03T04:41:54.067517Z,0.0100,4.00,no
2026-10-03T04:41:55.062087Z,0.0100,93.51,yes
2026-10-03T04:41:55.310202Z,0.0100,11.15,yes
2026-10-03T04:41:57.857225Z,0.0100,93.51,yes
2026-10-03T04:41:59.035207Z,0.0100,46.75,yes
2026-10-03T04:41:59.844047Z,0.0100,935.19,yes
2026-10-03T04:42:07.784608Z,0.0100,935.19,yes
2026-10-03T04:42:10.351622Z,0.0100,4.97,yes
2026-10-03T04:42:10.351622Z,0.0100,100.00,yes
2026-10-03T04:42:10.351622Z,0.0100,121.00,yes
2026-10-03T04:42:10.351622Z,0.0100,120.62,yes
2026-10-03T04:42:10.351622Z,0.0100,121.00,yes
2026-10-03T04:42:11.504779Z,0.0100,183.59,yes
2026-10-03T04:42:11.504779Z,0.0100,181.00,yes
2026-10-03T04:42:11.504779Z,0.0100,348.00,yes
2026-10-03T04:42:11.504779Z,0.0100,150.00,yes
2026-10-03T04:42:11.504779Z,0.0100,72.60,yes
2026-10-03T04:42:17.05178Z,0.0100,9.35,yes
2026-10-03T04:42:19.026381Z,0.0100,150.00,yes
2026-10-03T04:42:19.026381Z,0.0100,68.05,yes
2026-10-03T04:42:19.026381Z,0.0100,117.14,yes
2026-10-03T04:42:19.026381Z,0.0100,150.00,yes
2026-10-03T04:42:19.026381Z,0.0100,150.00,yes
2026-10-03T04:42:19.026381Z,0.0100,150.00,yes
2026-10-03T04:42:19.026381Z,0.0100,150.00,yes
2026-10-03T04:42:19.14236Z,0.0100,618.77,yes
2026-10-03T04:42:19.14236Z,0.0100,32.86,yes
2026-10-03T04:42:19.14236Z,0.0100,3.00,yes
2026-10-03T04:42:20.967785Z,0.0100,5.61,yes
2026-10-03T04:42:21.307185Z,0.0100,93.51,yes
2026-10-03T04:42:24.51044Z,0.0100,93.51,yes
2026-10-03T04:42:32.294845Z,0.0100,935.19,yes
2026-10-03T04:42:34.710178Z,0.0100,93.51,yes
2026-10-03T04:42:41.544609Z,0.0100,23.37,yes
2026-10-03T04:42:44.03633Z,0.0100,41.14,yes
2026-10-03T04:42:47.33913Z,0.0100,935.19,yes
2026-10-03T04:42:54.730491Z,0.0100,36.58,yes
2026-10-03T04:43:03.233205Z,0.0100,467.59,yes
2026-10-03T04:43:09.832245Z,0.0100,1556.03,yes
2026-10-03T04:43:09.832245Z,0.0100,781.94,yes
2026-10-03T04:43:36.896049Z,0.0100,467.59,yes
