time,yes_price,contracts,taker
2026-09-30T21:20:11.571849Z,0.0100,39.24,no
2026-09-30T21:20:15.960184Z,0.0200,93.58,yes
2026-09-30T21:20:22.320688Z,0.0100,42.78,no
2026-09-30T21:20:25.83795Z,0.0200,117.47,yes
2026-09-30T21:20:25.83795Z,0.0200,100.00,yes
2026-09-30T21:20:25.83795Z,0.0200,16.48,yes
2026-09-30T21:20:32.654852Z,0.0200,46.79,yes
2026-09-30T21:20:33.795005Z,0.0100,25.23,no
2026-09-30T21:20:41.853044Z,0.0100,172.00,no
2026-09-30T21:20:44.189359Z,0.0200,400.00,yes
2026-09-30T21:20:44.189359Z,0.0200,22.81,yes
2026-09-30T21:20:44.189359Z,0.0200,35.73,yes
2026-09-30T21:20:48.341286Z,0.0100,85.57,no
2026-09-30T21:20:51.339108Z,0.0200,93.58,yes
2026-09-30T21:20:53.23995Z,0.0200,49.66,yes
2026-09-30T21:20:53.23995Z,0.0200,43.92,yes
2026-09-30T21:20:57.370423Z,0.0200,28.00,yes
2026-09-30T21:20:57.370423Z,0.0200,100.00,yes
2026-09-30T21:20:57.370423Z,0.0200,57.00,yes
2026-09-30T21:20:57.370423Z,0.0200,10.00,yes
2026-09-30T21:21:03.61048Z,0.0300,12.00,yes
2026-09-30T21:21:03.61048Z,0.0300,0.59,yes
2026-09-30T21:21:03.61048Z,0.0300,0.01,yes
2026-09-30T21:21:03.61048Z,0.0300,2.00,yes
2026-09-30T21:21:03.61048Z,0.0300,1.00,yes
2026-09-30T21:21:06.357799Z,0.0400,2.00,yes
2026-09-30T21:21:06.357799Z,0.0400,2.00,yes
2026-09-30T21:21:06.357799Z,0.0400,6.00,yes
2026-09-30T21:21:06.357799Z,0.0400,1.00,yes
2026-09-30T21:21:06.357799Z,0.0400,0.10,yes
2026-09-30T21:21:06.357799Z,0.0400,1.00,yes
2026-09-30T21:21:06.357799Z,0.0400,1.00,yes
2026-09-30T21:21:06.357799Z,0.0300,2.65,yes
2026-09-30T21:21:06.357799Z,0.0400,66.00,yes
2026-09-30T21:21:06.357799Z,0.0300,0.01,yes
2026-09-30T21:21:06.357799Z,0.0300,50.00,yes
2026-09-30T21:21:06.357799Z,0.0400,1.00,yes
2026-09-30T21:21:06.357799Z,0.0400,8.33,yes
2026-09-30T21:21:06.357799Z,0.0300,16.41,yes
2026-09-30T21:21:06.411763Z,0.0300,88.00,no
2026-09-30T21:21:06.411763Z,0.0300,1.00,no
2026-09-30T21:21:06.468706Z,0.0200,65.00,no
2026-09-30T21:21:19.425954Z,0.0200,24.00,no
2026-09-30T21:21:19.425954Z,0.0200,400.00,no
2026-09-30T21:21:19.425954Z,0.0200,6.00,no
2026-09-30T21:21:19.425954Z,0.0200,96.00,no
2026-09-30T21:21:19.425954Z,0.0200,100.00,no
2026-09-30T21:21:19.425954Z,0.0200,7.36,no
2026-09-30T21:21:19.425954Z,0.0200,25.85,no
2026-09-30T21:21:19.425954Z,0.0200,0.10,no
2026-09-30T21:21:19.758867Z,0.0100,256.72,no
2026-09-30T21:21:28.372415Z,0.0200,46.79,yes
2026-09-30T21:21:33.018445Z,0.0200,20.00,yes
2026-09-30T21:21:33.018445Z,0.0200,40.21,yes
2026-09-30T21:21:33.018445Z,0.0200,80.16,yes
2026-09-30T21:21:39.516755Z,0.0200,46.79,yes
2026-09-30T21:21:43.53285Z,0.0100,62.91,no
2026-09-30T21:21:44.168696Z,0.0100,42.78,no
2026-09-30T21:21:44.608753Z,0.0200,11.69,yes
2026-09-30T21:21:47.285467Z,0.0200,46.79,yes
2026-09-30T21:21:51.602588Z,0.0100,145.01,no
2026-09-30T21:21:52.5154Z,0.0200,75.00,yes
2026-09-30T21:21:55.366451Z,0.0200,7.01,yes
2026-09-30T21:21:56.171699Z,0.0200,88.11,yes
2026-09-30T21:21:56.171699Z,0.0200,132.56,yes
2026-09-30T21:21:58.35965Z,0.0100,68.45,no
2026-09-30T21:22:01.827224Z,0.0200,95.00,yes
2026-09-30T21:22:01.827224Z,0.0200,20.00,yes
2026-09-30T21:22:01.827224Z,0.0200,61.56,yes
2026-09-30T21:22:01.827224Z,0.0200,0.10,yes
2026-09-30T21:22:01.827224Z,0.0200,1.00,yes
2026-09-30T21:22:01.827224Z,0.0200,11.89,yes
2026-09-30T21:22:03.686601Z,0.0200,93.58,yes
2026-09-30T21:22:12.495514Z,0.0200,41.93,yes
2026-09-30T21:22:12.495514Z,0.0200,4.86,yes
2026-09-30T21:22:12.909307Z,0.0200,46.79,yes
2026-09-30T21:22:18.504325Z,0.0100,59.31,no
2026-09-30T21:22:18.504325Z,0.0100,40.69,no
2026-09-30T21:22:19.685435Z,0.0200,46.79,yes
2026-09-30T21:22:24.22617Z,0.0200,917.08,yes
2026-09-30T21:22:32.710022Z,0.0200,327.53,yes
2026-09-30T21:22:34.496112Z,0.0200,46.79,yes
2026-09-30T21:22:35.929722Z,0.0100,29.00,no
2026-09-30T21:22:45.690997Z,0.0100,50.00,no
2026-09-30T21:22:46.582376Z,0.0200,233.95,yes
2026-09-30T21:22:56.288544Z,0.0100,116.55,no
2026-09-30T21:23:04.430499Z,0.0200,187.16,yes
2026-09-30T21:23:11.346058Z,0.0200,46.79,yes
2026-09-30T21:23:23.462752Z,0.0200,46.79,yes
2026-09-30T21:23:27.138457Z,0.0200,20.00,yes
2026-09-30T21:23:27.138457Z,0.0200,0.01,yes
2026-09-30T21:23:27.138457Z,0.0200,0.10,yes
2026-09-30T21:23:27.138457Z,0.0200,1.00,yes
2026-09-30T21:23:27.138457Z,0.0200,1.00,yes
2026-09-30T21:23:27.138457Z,0.0200,40.69,yes
2026-09-30T21:23:27.138457Z,0.0200,45.00,yes
2026-09-30T21:23:27.138457Z,0.0200,29.00,yes
2026-09-30T21:23:27.138457Z,0.0200,27.75,yes
2026-09-30T21:23:27.138457Z,0.0200,61.00,yes
2026-09-30T21:23:27.138457Z,0.0200,8.40,yes
2026-09-30T21:23:28.670653Z,0.0200,22.25,yes
2026-09-30T21:23:28.670653Z,0.0200,24.54,yes
2026-09-30T21:23:42.033163Z,0.0100,40.47,no
2026-09-30T21:23:47.282884Z,0.0200,1.00,yes
2026-09-30T21:23:47.282884Z,0.0200,92.58,yes
2026-09-30T21:23:50.075751Z,0.0100,10.09,no
2026-09-30T21:23:50.22522Z,0.0200,5.14,yes
2026-09-30T21:23:58.087432Z,0.0200,8.25,yes
2026-09-30T21:24:12.627441Z,0.0200,0.01,yes
2026-09-30T21:24:12.627441Z,0.0200,1.00,yes
2026-09-30T21:24:12.627441Z,0.0200,20.00,yes
2026-09-30T21:24:12.627441Z,0.0200,1.00,yes
2026-09-30T21:24:12.627441Z,0.0200,40.00,yes
2026-09-30T21:24:12.627441Z,0.0200,29.28,yes
2026-09-30T21:24:12.627441Z,0.0200,97.00,yes
2026-09-30T21:24:12.627441Z,0.0200,1.00,yes
2026-09-30T21:24:12.627441Z,0.0200,0.10,yes
2026-09-30T21:24:12.627441Z,0.0200,10.09,yes
2026-09-30T21:24:12.627441Z,0.0200,61.00,yes
2026-09-30T21:24:12.627441Z,0.0200,1.00,yes
2026-09-30T21:24:12.627441Z,0.0200,3.00,yes
2026-09-30T21:24:12.627441Z,0.0200,40.47,yes
2026-09-30T21:24:12.627441Z,0.0200,11.00,yes
2026-09-30T21:24:12.627441Z,0.0200,1.00,yes
2026-09-30T21:24:12.627441Z,0.0200,10.58,yes
2026-09-30T21:24:19.822328Z,0.0200,93.58,yes
2026-09-30T21:24:26.36695Z,0.0200,200.00,yes
2026-09-30T21:24:26.36695Z,0.0200,198.34,yes
2026-09-30T21:24:26.36695Z,0.0200,200.00,yes
2026-09-30T21:24:26.36695Z,0.0200,9.93,yes
2026-09-30T21:24:30.867174Z,0.0100,20.18,no
2026-09-30T21:24:33.833555Z,0.0200,200.00,yes
2026-09-30T21:24:33.833555Z,0.0200,19.45,yes
2026-09-30T21:24:33.833555Z,0.0200,200.00,yes
2026-09-30T21:24:33.833555Z,0.0200,1.66,yes
2026-09-30T21:24:53.275632Z,0.0200,180.55,yes
2026-09-30T21:24:53.275632Z,0.0200,53.40,yes
2026-09-30T21:24:53.365553Z,0.0200,23.86,yes
2026-09-30T21:25:05.641152Z,0.0100,17.11,no
2026-09-30T21:25:10.585242Z,0.0200,39.36,yes
2026-09-30T21:25:10.585242Z,0.0200,50.00,yes
2026-09-30T21:25:10.856091Z,0.0200,18.71,yes
2026-09-30T21:25:18.824054Z,0.0200,45.93,yes
2026-09-30T21:25:18.824054Z,0.0200,0.86,yes
2026-09-30T21:25:21.653921Z,0.0100,47.03,no
2026-09-30T21:25:23.505834Z,0.0200,19.14,yes
2026-09-30T21:25:23.505834Z,0.0200,2.00,yes
2026-09-30T21:25:23.505834Z,0.0200,0.10,yes
2026-09-30T21:25:23.505834Z,0.0200,20.18,yes
2026-09-30T21:25:23.505834Z,0.0200,17.11,yes
2026-09-30T21:25:23.505834Z,0.0200,286.00,yes
2026-09-30T21:25:23.505834Z,0.0200,49.32,yes
2026-09-30T21:25:23.505834Z,0.0200,1.00,yes
2026-09-30T21:25:23.505834Z,0.0200,307.00,yes
2026-09-30T21:25:24.825589Z,0.0200,7.01,yes
2026-09-30T21:25:26.769268Z,0.0200,90.28,yes
2026-09-30T21:25:26.769268Z,0.0200,143.67,yes
2026-09-30T21:25:29.353131Z,0.0200,200.00,yes
2026-09-30T21:25:29.353131Z,0.0200,200.00,yes
2026-09-30T21:25:29.353131Z,0.0200,192.13,yes
2026-09-30T21:25:29.353131Z,0.0200,109.72,yes
2026-09-30T21:25:34.495919Z,0.0200,7.87,yes
2026-09-30T21:25:34.495919Z,0.0200,60.03,yes
2026-09-30T21:25:34.495919Z,0.0200,200.00,yes
2026-09-30T21:25:34.495919Z,0.0200,200.00,yes
2026-09-30T21:25:40.465644Z,0.0200,46.79,yes
2026-09-30T21:25:41.49922Z,0.0200,93.18,yes
2026-09-30T21:25:41.49922Z,0.0200,140.77,yes
2026-09-30T21:25:41.729814Z,0.0200,59.23,yes
2026-09-30T21:25:41.729814Z,0.0200,174.72,yes
2026-09-30T21:25:54.226321Z,0.0200,68.30,yes
2026-09-30T21:25:54.226321Z,0.0200,25.28,yes
2026-09-30T21:25:56.803407Z,0.0200,27.70,yes
2026-09-30T21:25:56.803407Z,0.0200,206.25,yes
2026-09-30T21:25:59.295414Z,0.0100,35.32,no
2026-09-30T21:26:09.106898Z,0.0200,93.11,yes
2026-09-30T21:26:20.530168Z,0.0200,140.37,yes
2026-09-30T21:26:33.639982Z,0.0200,467.90,yes
2026-09-30T21:26:40.164097Z,0.0100,101.51,no
2026-09-30T21:26:43.098273Z,0.0200,187.61,yes
2026-09-30T21:26:43.098273Z,0.0200,46.34,yes
2026-09-30T21:27:00.056166Z,0.0200,46.79,yes
2026-09-30T21:27:10.5662Z,0.0200,327.53,yes
2026-09-30T21:27:10.793828Z,0.0200,467.90,yes
2026-09-30T21:27:11.135773Z,0.0200,233.95,yes
2026-09-30T21:27:22.572404Z,0.0200,46.79,yes
2026-09-30T21:27:22.871249Z,0.0200,200.00,yes
2026-09-30T21:27:22.871249Z,0.0200,93.22,yes
2026-09-30T21:27:22.871249Z,0.0200,200.00,yes
2026-09-30T21:27:22.871249Z,0.0200,47.03,yes
2026-09-30T21:27:22.871249Z,0.0200,20.00,yes
2026-09-30T21:27:22.871249Z,0.0200,1.00,yes
2026-09-30T21:27:22.871249Z,0.0200,64.00,yes
2026-09-30T21:27:22.871249Z,0.0200,35.00,yes
2026-09-30T21:27:22.871249Z,0.0200,252.43,yes
2026-09-30T21:27:22.871249Z,0.0200,257.07,yes
2026-09-30T21:27:24.29017Z,0.0200,106.78,yes
2026-09-30T21:27:24.29017Z,0.0200,33.59,yes
2026-09-30T21:27:24.826166Z,0.0200,166.41,yes
2026-09-30T21:27:24.826166Z,0.0200,200.00,yes
2026-09-30T21:27:24.826166Z,0.0200,101.49,yes
2026-09-30T21:27:29.665099Z,0.0100,15.69,no
2026-09-30T21:27:29.97565Z,0.0200,98.51,yes
2026-09-30T21:27:29.97565Z,0.0200,91.04,yes
2026-09-30T21:27:32.801528Z,0.0200,108.96,yes
2026-09-30T21:27:32.801528Z,0.0200,2.00,yes
2026-09-30T21:27:32.801528Z,0.0200,100.00,yes
2026-09-30T21:27:32.801528Z,0.0200,56.94,yes
2026-09-30T21:27:32.801528Z,0.0200,200.00,yes
2026-09-30T21:27:40.385197Z,0.0200,46.79,yes
2026-09-30T21:27:46.05833Z,0.0200,96.27,yes
2026-09-30T21:27:46.05833Z,0.0200,137.58,yes
2026-09-30T21:27:46.05833Z,0.0200,0.10,yes
2026-09-30T21:27:50.225947Z,0.0200,101.51,yes
2026-09-30T21:27:50.225947Z,0.0200,44.37,yes
2026-09-30T21:27:50.225947Z,0.0200,224.28,yes
2026-09-30T21:27:50.225947Z,0.0200,62.42,yes
2026-09-30T21:27:50.225947Z,0.0200,35.32,yes
2026-09-30T21:28:00.663742Z,0.0200,2.08,yes
2026-09-30T21:28:00.663742Z,0.0200,933.72,yes
2026-09-30T21:28:04.486015Z,0.0200,129.03,yes
2026-09-30T21:28:04.486015Z,0.0200,52.92,yes
2026-09-30T21:28:04.486015Z,0.0200,20.00,yes
2026-09-30T21:28:04.486015Z,0.0200,32.00,yes
2026-09-30T21:28:05.90235Z,0.0200,56.14,yes
2026-09-30T21:28:14.000439Z,0.0100,20.70,no
2026-09-30T21:28:17.841283Z,0.0200,104.97,yes
2026-09-30T21:28:17.841283Z,0.0200,162.93,yes
2026-09-30T21:28:17.841283Z,0.0200,200.00,yes
2026-09-30T21:28:21.17909Z,0.0200,196.88,yes
2026-09-30T21:28:21.17909Z,0.0200,37.07,yes
2026-09-30T21:28:42.524659Z,0.0200,3.12,yes
2026-09-30T21:28:42.524659Z,0.0200,1.55,yes
2026-09-30T21:28:53.40373Z,0.0100,1008.38,no
2026-09-30T21:28:57.449785Z,0.0100,12.91,no
2026-09-30T21:28:58.047528Z,0.0200,4.67,yes
2026-09-30T21:29:02.934817Z,0.0200,40.17,yes
2026-09-30T21:29:02.934817Z,0.0200,193.78,yes
2026-09-30T21:29:05.521523Z,0.0200,46.79,yes
2026-09-30T21:29:28.586159Z,0.0200,138.17,yes
2026-09-30T21:29:28.586159Z,0.0200,15.69,yes
2026-09-30T21:29:28.586159Z,0.0200,200.00,yes
2026-09-30T21:29:28.586159Z,0.0200,1.00,yes
2026-09-30T21:29:28.586159Z,0.0200,113.04,yes
2026-09-30T21:29:38.371922Z,0.0200,31.75,yes
2026-09-30T21:29:38.371922Z,0.0200,61.83,yes
2026-09-30T21:29:59.899933Z,0.0200,46.79,yes
2026-09-30T21:30:10.294882Z,0.0200,121.46,yes
2026-09-30T21:30:10.294882Z,0.0200,200.00,yes
2026-09-30T21:30:10.294882Z,0.0200,146.44,yes
2026-09-30T21:30:12.91117Z,0.0200,6.08,yes
2026-09-30T21:30:12.91117Z,0.0200,53.56,yes
2026-09-30T21:30:12.91117Z,0.0200,33.86,yes
2026-09-30T21:30:13.804348Z,0.0200,3.77,yes
2026-09-30T21:30:13.804348Z,0.0200,0.10,yes
2026-09-30T21:30:13.804348Z,0.0200,29.00,yes
2026-09-30T21:30:13.804348Z,0.0200,13.92,yes
2026-09-30T21:30:34.572886Z,0.0200,151.56,yes
2026-09-30T21:30:34.572886Z,0.0200,200.00,yes
2026-09-30T21:30:34.572886Z,0.0200,99.41,yes
2026-09-30T21:30:34.572886Z,0.0200,16.93,yes
2026-09-30T21:30:40.836506Z,0.0100,8.55,no
2026-09-30T21:30:47.963898Z,0.0100,94.01,no
2026-09-30T21:31:00.30001Z,0.0200,48.44,yes
2026-09-30T21:31:00.30001Z,0.0200,45.14,yes
2026-09-30T21:31:22.368553Z,0.0100,85.57,no
2026-09-30T21:31:26.508474Z,0.0100,10.09,no
2026-09-30T21:31:30.738369Z,0.0200,93.58,yes
2026-09-30T21:31:52.294412Z,0.0200,46.79,yes
2026-09-30T21:32:03.664864Z,0.0200,14.49,yes
2026-09-30T21:32:03.664864Z,0.0200,6.51,yes
2026-09-30T21:32:03.664864Z,0.0200,1008.38,yes
2026-09-30T21:32:10.361102Z,0.0100,77.01,no
2026-09-30T21:32:10.903454Z,0.0200,6.40,yes
2026-09-30T21:32:10.903454Z,0.0200,40.39,yes
2026-09-30T21:32:17.031647Z,0.0200,776.19,yes
2026-09-30T21:32:17.031647Z,0.0200,159.61,yes
2026-09-30T21:32:22.065617Z,0.0200,46.79,yes
2026-09-30T21:32:27.810689Z,0.0200,23.39,yes
2026-09-30T21:33:00.197417Z,0.0200,140.37,yes
2026-09-30T21:33:37.410568Z,0.0200,467.90,yes
2026-09-30T21:33:39.513843Z,0.0200,233.95,yes
2026-09-30T21:33:45.512802Z,0.0200,133.85,yes
2026-09-30T21:33:48.451034Z,0.0100,213.94,no
2026-09-30T21:33:55.101893Z,0.0100,40.00,no
2026-09-30T21:33:55.109098Z,0.0100,202.47,no
2026-09-30T21:33:55.120652Z,0.0200,40.00,yes
2026-09-30T21:33:55.130299Z,0.0200,24.00,yes
2026-09-30T21:33:55.131048Z,0.0200,88.00,yes
2026-09-30T21:33:55.142705Z,0.0200,17.03,yes
2026-09-30T21:33:55.15367Z,0.0200,6.52,yes
2026-09-30T21:33:55.1637Z,0.0200,3.26,yes
2026-09-30T21:33:55.168916Z,0.0200,9.93,yes
2026-09-30T21:33:55.173269Z,0.0200,1.63,yes
2026-09-30T21:33:55.179195Z,0.0200,2.00,yes
2026-09-30T21:33:55.181158Z,0.0200,3.00,yes
2026-09-30T21:33:55.19219Z,0.0200,1.50,yes
2026-09-30T21:33:55.207455Z,0.0200,1.75,yes
2026-09-30T21:33:55.231444Z,0.0200,1.37,yes
2026-09-30T21:33:55.233256Z,0.0200,1.00,yes
2026-09-30T21:34:02.392776Z,0.0200,467.90,yes
2026-09-30T21:34:08.573658Z,0.0200,233.95,yes
2026-09-30T21:34:09.113528Z,0.0100,7.84,no
2026-09-30T21:34:17.599718Z,0.0200,327.53,yes
2026-09-30T21:34:30.134824Z,0.0200,46.79,yes
2026-09-30T21:34:30.246855Z,0.0100,39.24,no
2026-09-30T21:34:43.762661Z,0.0200,9.00,yes
2026-09-30T21:34:43.762661Z,0.0200,1.00,yes
2026-09-30T21:34:43.762661Z,0.0200,1900.40,yes
2026-09-30T21:34:43.762661Z,0.0300,0.10,yes
2026-09-30T21:34:43.762661Z,0.0200,0.10,yes
2026-09-30T21:34:43.762661Z,0.0200,2.00,yes
2026-09-30T21:34:43.762661Z,0.0200,1.00,yes
2026-09-30T21:34:43.762661Z,0.0200,10.09,yes
2026-09-30T21:34:43.762661Z,0.0200,85.57,yes
2026-09-30T21:34:43.762661Z,0.0200,94.01,yes
2026-09-30T21:34:43.762661Z,0.0200,8.55,yes
2026-09-30T21:34:43.762661Z,0.0200,77.01,yes
2026-09-30T21:34:43.762661Z,0.0200,213.94,yes
2026-09-30T21:34:43.762661Z,0.0200,289.00,yes
2026-09-30T21:34:43.762661Z,0.0200,7.36,yes
2026-09-30T21:34:43.762661Z,0.0200,4424.00,yes
2026-09-30T21:34:43.762661Z,0.0200,35.62,yes
2026-09-30T21:34:43.762661Z,0.0200,102.00,yes
2026-09-30T21:34:43.762661Z,0.0200,39.24,yes
2026-09-30T21:34:43.762661Z,0.0200,26.00,yes
2026-09-30T21:34:43.762661Z,0.0200,1600.00,yes
2026-09-30T21:34:43.762661Z,0.0200,7.84,yes
2026-09-30T21:34:43.762661Z,0.0200,200.00,yes
2026-09-30T21:34:43.762661Z,0.0300,200.00,yes
2026-09-30T21:34:43.762661Z,0.0200,200.00,yes
2026-09-30T21:34:43.762661Z,0.0300,200.00,yes
2026-09-30T21:34:43.762661Z,0.0200,200.00,yes
2026-09-30T21:34:43.762661Z,0.0200,200.00,yes
2026-09-30T21:34:43.762661Z,0.0200,200.00,yes
2026-09-30T21:34:43.762661Z,0.0200,200.00,yes
2026-09-30T21:34:43.762661Z,0.0200,200.00,yes
2026-09-30T21:34:43.762661Z,0.0300,200.00,yes
2026-09-30T21:34:43.762661Z,0.0300,200.00,yes
2026-09-30T21:34:43.762661Z,0.0200,288.55,yes
2026-09-30T21:34:43.762661Z,0.0200,200.00,yes
2026-09-30T21:34:43.762661Z,0.0300,53.57,yes
2026-09-30T21:34:43.762661Z,0.0200,200.00,yes
2026-09-30T21:34:43.762661Z,0.0200,200.00,yes
2026-09-30T21:34:43.762661Z,0.0300,734.71,yes
2026-09-30T21:34:43.762661Z,0.0300,2.00,yes
2026-09-30T21:34:43.762661Z,0.0200,2.00,yes
2026-09-30T21:34:43.762661Z,0.0200,2.00,yes
2026-09-30T21:34:43.762661Z,0.0200,20.00,yes
2026-09-30T21:34:43.762661Z,0.0200,2.00,yes
2026-09-30T21:34:43.762661Z,0.0200,202.47,yes
2026-09-30T21:34:43.762661Z,0.0300,1.00,yes
2026-09-30T21:34:43.762661Z,0.0200,40.00,yes
2026-09-30T21:34:43.762661Z,0.0300,4.00,yes
2026-09-30T21:34:43.762661Z,0.0300,2.00,yes
2026-09-30T21:34:43.762661Z,0.0300,1.00,yes
2026-09-30T21:34:43.762661Z,0.0300,3.00,yes
2026-09-30T21:34:43.762661Z,0.0300,1.00,yes
2026-09-30T21:34:45.076251Z,0.0200,9.35,yes
2026-09-30T21:34:48.984854Z,0.0200,46.79,yes
2026-09-30T21:34:55.601395Z,0.0200,9.35,yes
2026-09-30T21:35:05.683091Z,0.0200,9.35,yes
2026-09-30T21:35:24.316942Z,0.0100,171.15,no
2026-09-30T21:35:24.652474Z,0.0200,66.58,yes
2026-09-30T21:35:24.652474Z,0.0200,5.00,yes
2026-09-30T21:35:24.652474Z,0.0200,20.00,yes
2026-09-30T21:35:24.652474Z,0.0200,2.00,yes
2026-09-30T21:35:42.268247Z,0.0200,22.79,yes
2026-09-30T21:35:42.268247Z,0.0200,24.00,yes
2026-09-30T21:35:44.460894Z,0.0200,1.00,yes
2026-09-30T21:35:50.107804Z,0.0100,1000.00,no
2026-09-30T21:35:50.107804Z,0.0100,24.00,no
2026-09-30T21:35:50.107804Z,0.0100,0.10,no
2026-09-30T21:35:50.107804Z,0.0100,104.66,no
2026-09-30T21:35:50.107804Z,0.0100,1680.00,no
2026-09-30T21:35:50.107804Z,0.0100,200.00,no
2026-09-30T21:35:50.107804Z,0.0100,249.61,no
2026-09-30T21:35:50.107804Z,0.0100,1000.00,no
2026-09-30T21:35:50.107804Z,0.0100,0.10,no
2026-09-30T21:35:50.107804Z,0.0100,2.00,no
2026-09-30T21:35:50.107804Z,0.0100,400.00,no
2026-09-30T21:35:50.107804Z,0.0100,1.00,no
2026-09-30T21:35:50.107804Z,0.0100,384.50,no
2026-09-30T21:35:50.107804Z,0.0100,1.00,no
2026-09-30T21:35:52.523095Z,0.0100,10.00,no
2026-09-30T21:35:52.523095Z,0.0100,75.57,no
2026-09-30T21:36:02.164549Z,0.0100,168.45,no
2026-09-30T21:36:02.164549Z,0.0100,93.00,no
2026-09-30T21:36:02.164549Z,0.0100,159.00,no
2026-09-30T21:36:02.164549Z,0.0100,24.00,no
2026-09-30T21:36:02.164549Z,0.0100,11.96,no
2026-09-30T21:36:02.164549Z,0.0100,200.00,no
2026-09-30T21:36:02.164549Z,0.0100,85.00,no
2026-09-30T21:36:06.095929Z,0.0100,93.51,yes
2026-09-30T21:36:11.606987Z,0.0100,187.03,yes
2026-09-30T21:36:12.363932Z,0.0100,384.50,yes
2026-09-30T21:36:12.363932Z,0.0100,719.46,yes
2026-09-30T21:36:12.363932Z,0.0100,30.89,yes
2026-09-30T21:36:12.363932Z,0.0100,101.00,yes
2026-09-30T21:36:12.363932Z,0.0100,51.00,yes
2026-09-30T21:36:12.363932Z,0.0100,147.36,yes
2026-09-30T21:36:15.616413Z,0.0100,18.81,no
2026-09-30T21:36:47.169613Z,0.0200,188.00,yes
2026-09-30T21:36:47.169613Z,0.0200,2.00,yes
2026-09-30T21:36:47.169613Z,0.0200,4.00,yes
2026-09-30T21:36:47.169613Z,0.0200,2.00,yes
2026-09-30T21:36:47.169613Z,0.0200,1.00,yes
2026-09-30T21:36:47.169613Z,0.0200,1.00,yes
2026-09-30T21:36:47.169613Z,0.0200,2.00,yes
2026-09-30T21:36:58.801888Z,0.0200,1.00,yes
2026-09-30T21:36:58.801888Z,0.0200,4.00,yes
2026-09-30T21:36:58.801888Z,0.0200,1.00,yes
2026-09-30T21:36:58.801888Z,0.0200,1.00,yes
2026-09-30T21:36:58.801888Z,0.0200,64.97,yes
2026-09-30T21:36:58.801888Z,0.0200,21.61,yes
2026-09-30T21:37:10.760367Z,0.0200,1.00,yes
2026-09-30T21:37:10.760367Z,0.0200,1.00,yes
2026-09-30T21:37:10.760367Z,0.0200,1.00,yes
2026-09-30T21:37:10.760367Z,0.0200,1.00,yes
2026-09-30T21:37:10.760367Z,0.0200,1.00,yes
2026-09-30T21:37:10.760367Z,0.0200,3.00,yes
2026-09-30T21:37:10.760367Z,0.0200,182.52,yes
2026-09-30T21:37:29.729046Z,0.0100,4.64,no
2026-09-30T21:37:49.880423Z,0.0200,11.69,yes
2026-09-30T21:37:54.864022Z,0.0200,20.00,yes
2026-09-30T21:37:54.864022Z,0.0200,43.40,yes
2026-09-30T21:37:54.864022Z,0.0200,76.97,yes
2026-09-30T21:38:00.682553Z,0.0200,156.60,yes
2026-09-30T21:38:00.682553Z,0.0200,30.56,yes
2026-09-30T21:38:03.006136Z,0.0100,244.81,no
2026-09-30T21:38:03.006136Z,0.0100,86.99,no
2026-09-30T21:38:03.006136Z,0.0100,580.00,no
2026-09-30T21:38:03.006136Z,0.0100,24.00,no
2026-09-30T21:38:09.967957Z,0.0200,0.93,yes
2026-09-30T21:38:10.923897Z,0.0100,41.38,no
2026-09-30T21:38:12.425783Z,0.0200,4.67,yes
2026-09-30T21:38:13.510958Z,0.0200,46.79,yes
2026-09-30T21:38:21.226701Z,0.0200,0.90,yes
2026-09-30T21:38:21.226701Z,0.0200,0.10,yes
2026-09-30T21:38:21.226994Z,0.0200,0.90,yes
2026-09-30T21:38:21.226994Z,0.0200,0.10,yes
2026-09-30T21:38:21.2389Z,0.0200,15.90,yes
2026-09-30T21:38:21.2389Z,0.0200,0.10,yes
2026-09-30T21:38:21.262824Z,0.0200,4.10,yes
2026-09-30T21:38:21.262824Z,0.0200,11.90,yes
2026-09-30T21:38:22.23351Z,0.0200,20.00,yes
2026-09-30T21:38:22.234088Z,0.0200,500.00,yes
2026-09-30T21:38:22.234399Z,0.0200,3.00,yes
2026-09-30T21:38:22.234399Z,0.0200,1.00,yes
2026-09-30T21:38:22.234399Z,0.0200,1.00,yes
2026-09-30T21:38:22.234399Z,0.0200,20.00,yes
2026-09-30T21:38:22.234399Z,0.0400,55.00,yes
2026-09-30T21:38:22.234399Z,0.0400,1.00,yes
2026-09-30T21:38:22.234399Z,0.0500,105.00,yes
2026-09-30T21:38:22.234399Z,0.0500,93.00,yes
2026-09-30T21:38:22.234399Z,0.0200,48.10,yes
2026-09-30T21:38:22.234399Z,0.0500,3.26,yes
2026-09-30T21:38:22.234399Z,0.0200,22.00,yes
2026-09-30T21:38:22.234399Z,0.0400,4.00,yes
2026-09-30T21:38:22.234399Z,0.0300,1.00,yes
2026-09-30T21:38:22.234399Z,0.0300,0.10,yes
2026-09-30T21:38:22.234399Z,0.0300,1.00,yes
2026-09-30T21:38:22.234399Z,0.0300,3.00,yes
2026-09-30T21:38:22.234399Z,0.0500,2.00,yes
2026-09-30T21:38:22.234399Z,0.0500,1.00,yes
2026-09-30T21:38:22.234399Z,0.0400,1.00,yes
2026-09-30T21:38:22.234399Z,0.0400,6.00,yes
2026-09-30T21:38:22.234399Z,0.0500,2.00,yes
2026-09-30T21:38:22.236283Z,0.0600,46.79,yes
2026-09-30T21:38:22.236283Z,0.0600,1.00,yes
2026-09-30T21:38:22.236283Z,0.0600,2.00,yes
2026-09-30T21:38:22.236283Z,0.0600,1.00,yes
2026-09-30T21:38:22.236283Z,0.0600,327.53,yes
2026-09-30T21:38:22.236283Z,0.0600,233.95,yes
2026-09-30T21:38:22.236283Z,0.0600,6.00,yes
2026-09-30T21:38:22.236283Z,0.0600,1.00,yes
2026-09-30T21:38:22.252492Z,0.0700,103.00,yes
2026-09-30T21:38:22.252492Z,0.0700,1.00,yes
2026-09-30T21:38:22.252492Z,0.0700,1.00,yes
2026-09-30T21:38:22.252492Z,0.0700,1.00,yes
2026-09-30T21:38:22.252492Z,0.0700,2.00,yes
2026-09-30T21:38:22.252492Z,0.0700,1.00,yes
2026-09-30T21:38:22.293107Z,0.0600,1.00,yes
2026-09-30T21:38:22.481557Z,0.0600,1.00,no
2026-09-30T21:38:22.835092Z,0.0600,35.00,no
2026-09-30T21:38:23.091885Z,0.0700,4.00,yes
2026-09-30T21:38:23.091885Z,0.0700,1.00,yes
2026-09-30T21:38:23.254832Z,0.0700,1.50,yes
2026-09-30T21:38:23.256905Z,0.0700,3.00,yes
2026-09-30T21:38:23.258869Z,0.0700,1.50,yes
2026-09-30T21:38:23.547075Z,0.0600,0.38,no
2026-09-30T21:38:40.209699Z,0.0600,185.50,no
2026-09-30T21:38:41.607017Z,0.0600,855.77,no
2026-09-30T21:38:46.902966Z,0.0700,20.00,yes
2026-09-30T21:38:46.902966Z,0.0700,2.00,yes
2026-09-30T21:38:46.902966Z,0.0700,1.00,yes
2026-09-30T21:38:46.902966Z,0.0700,1.00,yes
2026-09-30T21:38:46.902966Z,0.0700,21.00,yes
2026-09-30T21:38:46.902966Z,0.0700,200.00,yes
2026-09-30T21:38:46.902966Z,0.0700,200.00,yes
2026-09-30T21:38:46.902966Z,0.0700,200.00,yes
2026-09-30T21:38:46.902966Z,0.0700,70.00,yes
2026-09-30T21:38:46.902966Z,0.0700,200.00,yes
2026-09-30T21:38:46.902966Z,0.0700,200.00,yes
2026-09-30T21:38:46.902966Z,0.0700,200.00,yes
2026-09-30T21:38:46.902966Z,0.0700,200.00,yes
2026-09-30T21:38:46.902966Z,0.0700,200.00,yes
2026-09-30T21:38:46.916293Z,0.0800,200.00,yes
2026-09-30T21:38:46.916293Z,0.0800,14.53,yes
2026-09-30T21:38:46.916293Z,0.0800,200.00,yes
2026-09-30T21:38:46.916293Z,0.0800,2.00,yes
2026-09-30T21:38:46.916293Z,0.0700,10.00,yes
2026-09-30T21:38:46.916293Z,0.0700,200.00,yes
2026-09-30T21:38:46.916293Z,0.0700,130.00,yes
2026-09-30T21:38:46.916293Z,0.0700,107.00,yes
2026-09-30T21:38:46.916293Z,0.0800,1.00,yes
2026-09-30T21:38:46.916293Z,0.0800,2.00,yes
2026-09-30T21:38:46.916293Z,0.0800,2.00,yes
2026-09-30T21:38:47.759326Z,0.0800,117.43,yes
2026-09-30T21:38:50.622728Z,0.0700,0.05,no
2026-09-30T21:38:50.622728Z,0.0600,18.00,no
2026-09-30T21:38:50.622728Z,0.0700,10.00,no
2026-09-30T21:38:50.622728Z,0.0700,8.00,no
2026-09-30T21:38:50.622728Z,0.0600,9.74,no
2026-09-30T21:38:50.622728Z,0.0700,1.00,no
2026-09-30T21:38:52.561855Z,0.0700,18.00,no
2026-09-30T21:38:52.561855Z,0.0700,0.09,no
2026-09-30T21:38:52.561855Z,0.0700,1.00,no
2026-09-30T21:38:52.561855Z,0.0700,7.00,no
2026-09-30T21:38:52.561855Z,0.0700,51.00,no
2026-09-30T21:38:53.716066Z,0.0700,64.50,yes
2026-09-30T21:38:53.716066Z,0.0700,2.56,yes
2026-09-30T21:38:54.18179Z,0.0700,1.00,yes
2026-09-30T21:38:54.18179Z,0.0700,41.78,yes
2026-09-30T21:38:54.18179Z,0.0700,2.88,yes
2026-09-30T21:38:54.18179Z,0.0700,107.00,yes
2026-09-30T21:38:57.491486Z,0.0700,40.23,yes
2026-09-30T21:38:57.501974Z,0.0700,14.77,yes
2026-09-30T21:38:57.501974Z,0.0700,52.29,yes
2026-09-30T21:38:59.117116Z,0.0700,54.71,yes
2026-09-30T21:38:59.117116Z,0.0700,12.35,yes
2026-09-30T21:38:59.86329Z,0.0700,17.70,yes
2026-09-30T21:39:00.847663Z,0.0700,13.41,yes
2026-09-30T21:39:01.582665Z,0.0700,3.35,yes
2026-09-30T21:39:04.662298Z,0.0700,2.00,yes
2026-09-30T21:39:04.662298Z,0.0700,20.19,yes
2026-09-30T21:39:04.662298Z,0.0700,18.04,yes
2026-09-30T21:39:06.935959Z,0.0700,26.82,yes
2026-09-30T21:39:06.964922Z,0.0600,78.32,no
2026-09-30T21:39:06.964922Z,0.0600,15.26,no
2026-09-30T21:39:07.035832Z,0.0700,1.00,yes
2026-09-30T21:39:07.035832Z,0.0700,26.82,yes
2026-09-30T21:39:07.035832Z,0.0800,1.88,yes
2026-09-30T21:39:07.035832Z,0.0700,18.04,yes
2026-09-30T21:39:07.035832Z,0.0700,500.00,yes
2026-09-30T21:39:07.035832Z,0.0700,54.71,yes
2026-09-30T21:39:07.035832Z,0.0700,55.00,yes
2026-09-30T21:39:07.035832Z,0.0700,2.63,yes
2026-09-30T21:39:07.035832Z,0.0700,7.43,yes
2026-09-30T21:39:07.035832Z,0.0800,2.00,yes
2026-09-30T21:39:07.153406Z,0.0700,50.91,no
2026-09-30T21:39:09.512288Z,0.0800,10.74,yes
2026-09-30T21:39:09.512288Z,0.0800,1.00,yes
2026-09-30T21:39:12.900804Z,0.0700,24.00,no
2026-09-30T21:39:12.900804Z,0.0600,11.89,no
2026-09-30T21:39:12.900804Z,0.0700,1.88,no
2026-09-30T21:39:12.900804Z,0.0700,1.00,no
2026-09-30T21:39:12.900804Z,0.0700,4.01,no
2026-09-30T21:39:14.47957Z,0.0800,58.71,yes
2026-09-30T21:39:14.884464Z,0.0800,23.48,yes
2026-09-30T21:39:16.54999Z,0.0800,58.71,yes
2026-09-30T21:39:17.360022Z,0.0700,9.00,no
2026-09-30T21:39:17.360022Z,0.0700,1.00,no
2026-09-30T21:39:17.360022Z,0.0700,8.00,no
2026-09-30T21:39:18.026758Z,0.0800,48.36,yes
2026-09-30T21:39:18.026758Z,0.0800,108.53,yes
2026-09-30T21:39:19.15582Z,0.0800,91.47,yes
2026-09-30T21:39:19.15582Z,0.0800,25.96,yes
2026-09-30T21:39:20.022557Z,0.0800,11.74,yes
2026-09-30T21:39:21.636699Z,0.0800,200.00,yes
2026-09-30T21:39:21.636699Z,0.0800,162.30,yes
2026-09-30T21:39:21.636699Z,0.0800,24.88,yes
2026-09-30T21:39:21.636699Z,0.0800,200.00,yes
2026-09-30T21:39:21.973688Z,0.0800,11.74,yes
2026-09-30T21:39:23.859629Z,0.0800,119.90,yes
2026-09-30T21:39:24.055699Z,0.0800,35.00,yes
2026-09-30T21:39:24.068923Z,0.0800,8.48,yes
2026-09-30T21:39:24.068923Z,0.0800,26.75,yes
2026-09-30T21:39:24.225036Z,0.0800,117.43,yes
2026-09-30T21:39:24.385908Z,0.0800,11.74,yes
2026-09-30T21:39:25.938512Z,0.0700,0.03,no
2026-09-30T21:39:25.938512Z,0.0600,34.00,no
2026-09-30T21:39:25.938512Z,0.0500,302.00,no
2026-09-30T21:39:25.938512Z,0.0500,29.91,no
2026-09-30T21:39:25.938512Z,0.0500,1.00,no
2026-09-30T21:39:25.938512Z,0.0600,10.00,no
2026-09-30T21:39:25.938512Z,0.0700,14.00,no
2026-09-30T21:39:25.938512Z,0.0600,19.11,no
2026-09-30T21:39:25.938512Z,0.0400,13.85,no
2026-09-30T21:39:25.938512Z,0.0500,10.00,no
2026-09-30T21:39:25.938512Z,0.0400,10.00,no
2026-09-30T21:39:25.938512Z,0.0500,24.00,no
2026-09-30T21:39:26.146688Z,0.0600,1.74,yes
2026-09-30T21:39:26.146688Z,0.0600,10.00,yes
2026-09-30T21:39:26.692772Z,0.0500,0.15,no
2026-09-30T21:39:27.117846Z,0.0700,3.18,yes
2026-09-30T21:39:27.117846Z,0.0600,0.26,yes
2026-09-30T21:39:27.117846Z,0.0700,18.81,yes
2026-09-30T21:39:29.44904Z,0.0700,19.31,yes
2026-09-30T21:39:30.505598Z,0.0700,87.69,yes
2026-09-30T21:39:30.505598Z,0.0700,67.00,yes
2026-09-30T21:39:30.505598Z,0.0700,36.84,yes
2026-09-30T21:39:33.075579Z,0.0700,10.00,yes
2026-09-30T21:39:33.075579Z,0.0700,3.00,yes
2026-09-30T21:39:33.075579Z,0.0700,10.00,yes
2026-09-30T21:39:33.075579Z,0.0700,2.00,yes
2026-09-30T21:39:33.075579Z,0.0700,1.00,yes
2026-09-30T21:39:33.075579Z,0.0700,1.00,yes
2026-09-30T21:39:33.075579Z,0.0700,1.00,yes
2026-09-30T21:39:33.075579Z,0.0700,19.31,yes
2026-09-30T21:39:33.075579Z,0.0700,1.59,yes
2026-09-30T21:39:33.075579Z,0.0700,18.16,yes
2026-09-30T21:39:33.16202Z,0.0700,10.00,yes
2026-09-30T21:39:33.16202Z,0.0700,19.78,yes
2026-09-30T21:39:33.16202Z,0.0700,67.00,yes
2026-09-30T21:39:33.16202Z,0.0700,86.10,yes
2026-09-30T21:39:33.16202Z,0.0700,0.12,yes
2026-09-30T21:39:33.217936Z,0.0600,0.93,no
2026-09-30T21:39:33.309938Z,0.0700,1.00,yes
2026-09-30T21:39:33.309938Z,0.0700,20.90,yes
2026-09-30T21:39:33.309938Z,0.0700,1.00,yes
2026-09-30T21:39:33.309938Z,0.0700,43.16,yes
2026-09-30T21:39:33.309938Z,0.0700,1.00,yes
2026-09-30T21:39:33.348543Z,0.0700,17.00,yes
2026-09-30T21:39:34.48377Z,0.0700,13.41,yes
2026-09-30T21:39:34.508574Z,0.0700,12.53,yes
2026-09-30T21:39:34.508574Z,0.0700,0.88,yes
2026-09-30T21:39:37.458563Z,0.0700,50.94,yes
2026-09-30T21:39:37.458563Z,0.0700,64.06,yes
2026-09-30T21:39:37.458563Z,0.0700,1.00,yes
2026-09-30T21:39:37.458563Z,0.0700,1.12,yes
2026-09-30T21:39:37.458563Z,0.0700,17.00,yes
2026-09-30T21:39:37.856263Z,0.0700,4.06,yes
2026-09-30T21:39:37.856263Z,0.0700,9.82,yes
2026-09-30T21:39:37.881184Z,0.0700,12.53,yes
2026-09-30T21:39:37.881184Z,0.0700,3.59,yes
2026-09-30T21:39:37.881184Z,0.0700,10.70,yes
2026-09-30T21:39:39.160035Z,0.0700,46.97,yes
2026-09-30T21:39:39.573152Z,0.0700,10.13,yes
2026-09-30T21:39:39.573152Z,0.0700,1.00,yes
2026-09-30T21:39:39.573152Z,0.0700,55.00,yes
2026-09-30T21:39:39.573152Z,0.0700,10.00,yes
2026-09-30T21:39:39.573152Z,0.0700,25.94,yes
2026-09-30T21:39:39.573152Z,0.0700,1.00,yes
2026-09-30T21:39:39.573152Z,0.0700,81.06,yes
2026-09-30T21:39:39.573152Z,0.0700,9.33,yes
2026-09-30T21:39:39.573152Z,0.0800,175.70,yes
2026-09-30T21:39:39.573152Z,0.0800,200.00,yes
2026-09-30T21:39:39.573152Z,0.0800,200.00,yes
2026-09-30T21:39:39.573152Z,0.0800,200.00,yes
2026-09-30T21:39:39.573152Z,0.0800,3.00,yes
2026-09-30T21:39:39.573152Z,0.0800,200.00,yes
2026-09-30T21:39:39.573152Z,0.0800,200.00,yes
2026-09-30T21:39:39.573152Z,0.0800,1.00,yes
2026-09-30T21:39:39.573152Z,0.0800,1.00,yes
2026-09-30T21:39:39.573152Z,0.0800,1.00,yes
2026-09-30T21:39:39.573152Z,0.0800,44.08,yes
2026-09-30T21:39:39.573152Z,0.0800,200.00,yes
2026-09-30T21:39:39.573152Z,0.0800,200.00,yes
2026-09-30T21:39:39.573152Z,0.0800,200.00,yes
2026-09-30T21:39:41.446992Z,0.0800,0.20,yes
2026-09-30T21:39:41.5374Z,0.0700,13.85,yes
2026-09-30T21:39:41.5374Z,0.0800,66.48,yes
2026-09-30T21:39:41.5374Z,0.0800,1.00,yes
2026-09-30T21:39:41.5374Z,0.0800,24.10,yes
2026-09-30T21:39:41.5374Z,0.0800,1.00,yes
2026-09-30T21:39:41.5374Z,0.0800,10.00,yes
2026-09-30T21:39:41.5374Z,0.0800,1.00,yes
2026-09-30T21:39:42.451449Z,0.0800,2.85,yes
2026-09-30T21:39:42.451449Z,0.0800,1.00,yes
2026-09-30T21:39:42.451449Z,0.0800,58.00,yes
2026-09-30T21:39:42.451449Z,0.0800,41.52,yes
2026-09-30T21:39:42.451449Z,0.0800,14.06,yes
2026-09-30T21:39:46.431268Z,0.0700,11.00,yes
2026-09-30T21:39:46.431268Z,0.0700,15.82,yes
2026-09-30T21:39:46.653377Z,0.0700,67.06,yes
2026-09-30T21:39:47.3455Z,0.0700,2.70,yes
2026-09-30T21:39:47.3455Z,0.0700,24.12,yes
2026-09-30T21:39:47.521664Z,0.0700,24.12,yes
2026-09-30T21:39:47.521664Z,0.0700,67.06,yes
2026-09-30T21:39:47.521664Z,0.0700,15.82,yes
2026-09-30T21:39:47.521664Z,0.0700,10.00,yes
2026-09-30T21:39:47.521664Z,0.0700,13.24,yes
2026-09-30T21:39:47.521664Z,0.0700,2.00,yes
2026-09-30T21:39:47.521664Z,0.0700,2.00,yes
2026-09-30T21:39:50.881214Z,0.0800,0.71,yes
2026-09-30T21:39:50.881214Z,0.0800,55.00,yes
2026-09-30T21:39:50.881214Z,0.0800,1.00,yes
2026-09-30T21:39:50.881214Z,0.0800,1.00,yes
2026-09-30T21:39:50.881214Z,0.0800,1.00,yes
2026-09-30T21:39:52.332852Z,0.0800,200.00,yes
2026-09-30T21:39:52.332852Z,0.0800,200.00,yes
2026-09-30T21:39:52.332852Z,0.0800,42.00,yes
2026-09-30T21:39:52.332852Z,0.0800,1.00,yes
2026-09-30T21:39:52.332852Z,0.0800,138.08,yes
2026-09-30T21:39:52.332852Z,0.0800,200.00,yes
2026-09-30T21:39:52.332852Z,0.0800,200.00,yes
2026-09-30T21:39:52.332852Z,0.0800,0.29,yes
2026-09-30T21:39:52.332852Z,0.0800,1.00,yes
2026-09-30T21:39:52.920844Z,0.0800,61.92,yes
2026-09-30T21:39:52.920844Z,0.0800,20.28,yes
2026-09-30T21:39:53.182706Z,0.0800,25.00,yes
2026-09-30T21:39:53.846274Z,0.0800,138.87,yes
2026-09-30T21:39:53.846274Z,0.0800,154.72,yes
2026-09-30T21:39:53.84683Z,0.0800,1.00,yes
2026-09-30T21:39:53.84683Z,0.0800,1.00,yes
2026-09-30T21:39:53.84683Z,0.0800,61.13,yes
2026-09-30T21:39:53.84683Z,0.0800,1.00,yes
2026-09-30T21:39:53.84683Z,0.0800,200.00,yes
2026-09-30T21:39:53.84683Z,0.0800,200.00,yes
2026-09-30T21:39:53.84683Z,0.0800,200.00,yes
2026-09-30T21:39:53.84683Z,0.0800,10.00,yes
2026-09-30T21:39:53.84683Z,0.0800,55.00,yes
2026-09-30T21:39:53.852642Z,0.0700,233.95,no
2026-09-30T21:39:55.448409Z,0.0900,0.83,yes
2026-09-30T21:39:55.872232Z,0.0900,200.00,yes
2026-09-30T21:39:55.872232Z,0.0900,76.10,yes
2026-09-30T21:39:55.872232Z,0.0900,200.00,yes
2026-09-30T21:39:55.872232Z,0.0900,1.00,yes
2026-09-30T21:39:55.872232Z,0.0900,1.00,yes
2026-09-30T21:39:55.872232Z,0.0900,1.00,yes
2026-09-30T21:39:55.872232Z,0.0900,1.00,yes
2026-09-30T21:39:55.872232Z,0.0900,0.17,yes
2026-09-30T21:39:57.370057Z,0.0900,2.00,yes
2026-09-30T21:39:57.370057Z,0.0900,200.00,yes
2026-09-30T21:39:57.370057Z,0.0900,123.90,yes
2026-09-30T21:39:57.370057Z,0.0900,1.00,yes
2026-09-30T21:39:57.370057Z,0.0900,0.75,yes
2026-09-30T21:39:57.370057Z,0.0900,100.00,yes
2026-09-30T21:39:57.370057Z,0.0900,30.00,yes
2026-09-30T21:39:57.370057Z,0.0900,1.00,yes
2026-09-30T21:39:58.869761Z,0.1000,20.28,yes
2026-09-30T21:39:58.869761Z,0.1000,1.00,yes
2026-09-30T21:39:58.869761Z,0.1000,1.00,yes
2026-09-30T21:39:58.869761Z,0.0900,1.00,yes
2026-09-30T21:39:58.869761Z,0.1000,1.00,yes
2026-09-30T21:39:58.869761Z,0.1000,2.00,yes
2026-09-30T21:39:58.869761Z,0.1000,2.00,yes
2026-09-30T21:40:01.259885Z,0.0900,233.95,no
2026-09-30T21:40:02.828613Z,0.1000,18.81,yes
2026-09-30T21:40:03.043738Z,0.1000,4.70,yes
2026-09-30T21:40:03.138801Z,0.1000,28.22,yes
2026-09-30T21:40:04.129754Z,0.1000,4.13,yes
2026-09-30T21:40:04.475663Z,0.1000,26.65,yes
2026-09-30T21:40:04.475663Z,0.1000,123.86,yes
2026-09-30T21:40:04.688781Z,0.1000,18.81,yes
2026-09-30T21:40:07.401362Z,0.1000,66.00,yes
2026-09-30T21:40:08.398786Z,0.1000,88.54,yes
2026-09-30T21:40:08.398786Z,0.1000,5.00,yes
2026-09-30T21:40:08.398786Z,0.1000,28.75,yes
2026-09-30T21:40:08.929762Z,0.0900,24.00,no
2026-09-30T21:40:08.929762Z,0.0900,100.00,no
2026-09-30T21:40:08.929762Z,0.0900,261.75,no
2026-09-30T21:40:08.952155Z,0.1000,34.61,yes
2026-09-30T21:40:09.844552Z,0.1000,84.66,yes
2026-09-30T21:40:10.105489Z,0.1000,18.81,yes
2026-09-30T21:40:13.631434Z,0.1000,188.14,yes
2026-09-30T21:40:13.788013Z,0.1000,47.00,yes
2026-09-30T21:40:14.092179Z,0.1000,4.70,yes
2026-09-30T21:40:14.499315Z,0.1000,157.33,yes
2026-09-30T21:40:14.499315Z,0.1000,30.81,yes
2026-09-30T21:40:15.590182Z,0.1000,141.11,yes
2026-09-30T21:40:16.19141Z,0.0900,427.88,no
2026-09-30T21:40:16.654346Z,0.1000,18.81,yes
2026-09-30T21:40:17.654654Z,0.1000,0.56,yes
2026-09-30T21:40:18.972838Z,0.1000,1.00,yes
2026-09-30T21:40:18.972838Z,0.1000,19.00,yes
2026-09-30T21:40:18.972838Z,0.1000,108.99,yes
2026-09-30T21:40:18.972838Z,0.1000,5.00,yes
2026-09-30T21:40:18.972838Z,0.1000,54.15,yes
2026-09-30T21:40:20.45858Z,0.1000,91.01,yes
2026-09-30T21:40:20.45858Z,0.1000,3.06,yes
2026-09-30T21:40:21.613468Z,0.1000,50.00,yes
2026-09-30T21:40:23.038388Z,0.1000,9.40,yes
2026-09-30T21:40:23.201604Z,0.1000,65.85,yes
2026-09-30T21:40:23.475131Z,0.1000,28.22,yes
2026-09-30T21:40:26.11707Z,0.1000,50.60,yes
2026-09-30T21:40:26.11707Z,0.1000,43.47,yes
2026-09-30T21:40:26.6296Z,0.1000,18.81,yes
2026-09-30T21:40:26.742553Z,0.1000,5.55,yes
2026-09-30T21:40:27.868428Z,0.1000,47.03,yes
2026-09-30T21:40:27.998513Z,0.1000,78.01,yes
2026-09-30T21:40:27.998513Z,0.1000,4.21,yes
2026-09-30T21:40:27.998513Z,0.1000,200.00,yes
2026-09-30T21:40:30.156447Z,0.1000,94.07,yes
2026-09-30T21:40:30.270298Z,0.1000,1.76,yes
2026-09-30T21:40:30.270298Z,0.1000,101.72,yes
2026-09-30T21:40:31.228523Z,0.1000,9.40,yes
2026-09-30T21:40:32.838032Z,0.1000,26.43,yes
2026-09-30T21:40:34.396499Z,0.1000,2.82,yes
2026-09-30T21:40:34.437517Z,0.1000,282.22,yes
2026-09-30T21:40:34.474986Z,0.1000,940.73,yes
2026-09-30T21:40:34.953902Z,0.1000,0.84,yes
2026-09-30T21:40:35.939811Z,0.1000,28.22,yes
2026-09-30T21:40:36.179597Z,0.1000,291.62,yes
2026-09-30T21:40:40.095859Z,0.1000,23.94,yes
2026-09-30T21:40:40.095859Z,0.1000,39.00,yes
2026-09-30T21:40:40.095859Z,0.1000,29.12,yes
2026-09-30T21:40:40.095859Z,0.1000,1.00,yes
2026-09-30T21:40:40.095859Z,0.1000,1.00,yes
2026-09-30T21:40:40.095859Z,0.1000,0.01,yes
2026-09-30T21:40:40.171644Z,0.1000,4.79,yes
2026-09-30T21:40:42.148672Z,0.1000,47.03,yes
2026-09-30T21:40:43.982872Z,0.1000,146.12,yes
2026-09-30T21:40:43.982872Z,0.1000,124.24,yes
2026-09-30T21:40:43.982872Z,0.1000,200.00,yes
2026-09-30T21:40:45.207537Z,0.1000,30.78,yes
2026-09-30T21:40:45.207537Z,0.1000,53.88,yes
2026-09-30T21:40:45.281471Z,0.1000,4.70,yes
2026-09-30T21:40:46.4359Z,0.1000,75.25,yes
2026-09-30T21:40:47.726375Z,0.1000,80.06,yes
2026-09-30T21:40:47.726375Z,0.1000,89.27,yes
2026-09-30T21:40:49.144387Z,0.1000,37.62,yes
2026-09-30T21:40:49.196523Z,0.1000,26.34,yes
2026-09-30T21:40:49.927675Z,0.0900,5.55,no
2026-09-30T21:40:50.073515Z,0.1000,47.03,yes
2026-09-30T21:40:50.713041Z,0.1000,85.12,yes
2026-09-30T21:40:50.713041Z,0.1000,8.95,yes
2026-09-30T21:40:51.915053Z,0.1000,47.03,yes
2026-09-30T21:40:54.961748Z,0.1000,9.40,yes
2026-09-30T21:40:55.165743Z,0.1000,47.03,yes
2026-09-30T21:40:55.950122Z,0.1000,11.42,yes
2026-09-30T21:40:55.950122Z,0.1000,129.69,yes
2026-09-30T21:40:56.239117Z,0.1000,200.00,yes
2026-09-30T21:40:56.239117Z,0.1000,30.72,yes
2026-09-30T21:40:56.239117Z,0.1000,70.31,yes
2026-09-30T21:40:56.347743Z,0.1000,9.40,yes
2026-09-30T21:40:57.470025Z,0.1000,1.78,yes
2026-09-30T21:40:57.619882Z,0.1000,141.11,yes
2026-09-30T21:40:57.735579Z,0.1000,66.00,yes
2026-09-30T21:40:57.735579Z,0.1000,3.00,yes
2026-09-30T21:40:57.735579Z,0.1000,184.37,yes
2026-09-30T21:40:57.735579Z,0.1000,16.99,yes
2026-09-30T21:40:57.735579Z,0.1000,200.00,yes
2026-09-30T21:40:58.581886Z,0.1000,47.03,yes
2026-09-30T21:41:01.900939Z,0.1000,37.62,yes
2026-09-30T21:41:02.518634Z,0.1000,94.07,yes
2026-09-30T21:41:02.734011Z,0.1000,9.40,yes
2026-09-30T21:41:05.41258Z,0.1000,18.81,yes
2026-09-30T21:41:05.521376Z,0.0900,1.00,no
2026-09-30T21:41:05.521376Z,0.0900,24.51,no
2026-09-30T21:41:05.521376Z,0.0900,46.99,no
2026-09-30T21:41:06.667532Z,0.1000,18.81,yes
2026-09-30T21:41:07.150124Z,0.1000,5.83,yes
2026-09-30T21:41:07.585109Z,0.1000,9.40,yes
2026-09-30T21:41:07.747955Z,0.1000,545.62,yes
2026-09-30T21:41:09.675308Z,0.1000,9.40,yes
2026-09-30T21:41:12.271973Z,0.1000,94.07,yes
2026-09-30T21:41:12.48217Z,0.1000,94.07,yes
2026-09-30T21:41:13.721521Z,0.0900,4.67,no
2026-09-30T21:41:14.846449Z,0.1000,4.70,yes
2026-09-30T21:41:17.384891Z,0.1000,47.03,yes
2026-09-30T21:41:17.618383Z,0.1000,72.90,yes
2026-09-30T21:41:19.026404Z,0.1000,28.22,yes
2026-09-30T21:41:19.111454Z,0.1000,94.07,yes
2026-09-30T21:41:20.166674Z,0.1000,282.22,yes
2026-09-30T21:41:20.979624Z,0.1000,18.81,yes
2026-09-30T21:41:22.091072Z,0.0900,20.00,no
2026-09-30T21:41:22.463543Z,0.1000,47.03,yes
2026-09-30T21:41:23.710712Z,0.1000,112.88,yes
2026-09-30T21:41:25.025724Z,0.1000,8.46,yes
2026-09-30T21:41:26.20168Z,0.0900,1.00,no
2026-09-30T21:41:27.329041Z,0.0900,83.56,yes
2026-09-30T21:41:27.930454Z,0.0900,145.70,yes
2026-09-30T21:41:27.930454Z,0.0900,115.44,yes
2026-09-30T21:41:30.654675Z,0.0900,20.89,yes
2026-09-30T21:41:32.785719Z,0.0900,5.00,yes
2026-09-30T21:41:32.785719Z,0.0900,55.00,yes
2026-09-30T21:41:32.785719Z,0.0900,460.28,yes
2026-09-30T21:41:32.785719Z,0.0900,1.00,yes
2026-09-30T21:41:32.785719Z,0.0900,1.00,yes
2026-09-30T21:41:32.821541Z,0.0900,23.60,yes
2026-09-30T21:41:33.097413Z,0.0900,10.44,yes
2026-09-30T21:41:34.291974Z,0.0900,52.22,yes
2026-09-30T21:41:36.015846Z,0.0800,1.00,no
2026-09-30T21:41:36.015846Z,0.0800,2.03,no
2026-09-30T21:41:36.015846Z,0.0800,85.00,no
2026-09-30T21:41:37.135285Z,0.0900,156.68,yes
2026-09-30T21:41:37.508119Z,0.0900,250.00,yes
2026-09-30T21:41:39.018076Z,0.0800,25.51,no
2026-09-30T21:41:39.590599Z,0.0900,10.44,yes
2026-09-30T21:41:40.82808Z,0.0900,10.44,yes
2026-09-30T21:41:41.517308Z,0.0900,208.91,yes
2026-09-30T21:41:41.881335Z,0.0900,12.43,yes
2026-09-30T21:41:43.331747Z,0.0900,104.45,yes
2026-09-30T21:41:43.434809Z,0.0900,3.80,yes
2026-09-30T21:41:43.434809Z,0.0900,13.00,yes
2026-09-30T21:41:43.434809Z,0.0900,100.00,yes
2026-09-30T21:41:43.434809Z,0.0900,1.00,yes
2026-09-30T21:41:43.434809Z,0.0900,5.00,yes
2026-09-30T21:41:43.434809Z,0.0900,86.11,yes
2026-09-30T21:41:46.390045Z,0.0900,0.20,yes
2026-09-30T21:41:46.390045Z,0.0900,50.02,yes
2026-09-30T21:41:46.390045Z,0.0900,1.00,yes
2026-09-30T21:41:46.390045Z,0.0900,1.00,yes
2026-09-30T21:41:46.540439Z,0.0900,104.45,yes
2026-09-30T21:41:46.812202Z,0.0900,52.22,yes
2026-09-30T21:41:47.32666Z,0.0900,31.33,yes
2026-09-30T21:41:47.646837Z,0.0900,10.44,yes
2026-09-30T21:41:47.734038Z,0.0800,200.00,no
2026-09-30T21:41:47.734038Z,0.0800,39.94,no
2026-09-30T21:41:47.734038Z,0.0800,130.37,no
2026-09-30T21:41:48.090953Z,0.0900,52.22,yes
2026-09-30T21:41:49.23402Z,0.0900,52.22,yes
2026-09-30T21:41:53.685072Z,0.0900,41.78,yes
2026-09-30T21:41:54.530555Z,0.0900,282.03,yes
2026-09-30T21:41:56.044918Z,0.0900,10.44,yes
2026-09-30T21:41:57.215062Z,0.0900,52.22,yes
2026-09-30T21:41:57.522568Z,0.0900,52.22,yes
2026-09-30T21:41:57.609113Z,0.0900,0.94,yes
2026-09-30T21:41:58.686548Z,0.0900,3.13,yes
2026-09-30T21:41:59.707582Z,0.0900,114.90,yes
2026-09-30T21:42:01.179313Z,0.0900,111.14,yes
2026-09-30T21:42:02.07488Z,0.0800,8.64,no
2026-09-30T21:42:02.174251Z,0.0900,73.12,yes
2026-09-30T21:42:03.001467Z,0.0900,31.33,yes
2026-09-30T21:42:03.424608Z,0.0900,10.44,yes
2026-09-30T21:42:04.386262Z,0.0900,52.22,yes
2026-09-30T21:42:06.633449Z,0.0900,20.89,yes
2026-09-30T21:42:06.859066Z,0.0900,10.44,yes
2026-09-30T21:42:08.098532Z,0.0900,140.28,yes
2026-09-30T21:42:08.098532Z,0.0900,114.86,yes
2026-09-30T21:42:08.098532Z,0.0900,1.00,yes
2026-09-30T21:42:08.098532Z,0.0900,5.00,yes
2026-09-30T21:42:09.52408Z,0.0900,20.89,yes
2026-09-30T21:42:09.885734Z,0.0900,31.33,yes
2026-09-30T21:42:11.54791Z,0.0900,700.00,yes
2026-09-30T21:42:12.407424Z,0.0900,30.00,yes
2026-09-30T21:42:20.806612Z,0.0900,104.45,yes
2026-09-30T21:42:21.258473Z,0.0900,208.91,yes
2026-09-30T21:42:21.445255Z,0.0800,21.61,no
2026-09-30T21:42:21.544328Z,0.0900,208.91,yes
2026-09-30T21:42:22.415242Z,0.0900,104.45,yes
2026-09-30T21:42:22.480179Z,0.0900,141.11,yes
2026-09-30T21:42:24.174845Z,0.0900,5.00,yes
2026-09-30T21:42:24.174845Z,0.0900,522.16,yes
2026-09-30T21:42:24.174845Z,0.0900,472.84,yes
2026-09-30T21:42:27.269376Z,0.0900,9.61,yes
2026-09-30T21:42:27.50376Z,0.0900,52.22,yes
2026-09-30T21:42:27.956782Z,0.0900,18.09,yes
2026-09-30T21:42:29.244772Z,0.0900,104.45,yes
2026-09-30T21:42:30.537732Z,0.0900,104.45,yes
2026-09-30T21:42:31.497953Z,0.0900,156.68,yes
2026-09-30T21:42:31.774476Z,0.0900,10.44,yes
2026-09-30T21:42:32.303931Z,0.0900,5.53,yes
2026-09-30T21:42:33.043028Z,0.0900,10.44,yes
2026-09-30T21:42:33.853033Z,0.0900,125.34,yes
2026-09-30T21:42:34.789932Z,0.0900,52.22,yes
2026-09-30T21:42:35.357319Z,0.0900,104.45,yes
2026-09-30T21:42:38.591803Z,0.0900,156.29,yes
2026-09-30T21:42:38.591803Z,0.0900,200.00,yes
2026-09-30T21:42:38.591803Z,0.0900,200.00,yes
2026-09-30T21:42:38.591803Z,0.0900,55.00,yes
2026-09-30T21:42:38.591803Z,0.0900,5.00,yes
2026-09-30T21:42:40.939383Z,0.0900,10.44,yes
2026-09-30T21:42:41.239457Z,0.0900,36.29,yes
2026-09-30T21:42:41.239457Z,0.0900,33.27,yes
2026-09-30T21:42:41.516701Z,0.0900,1.04,yes
2026-09-30T21:42:43.01737Z,0.0800,303.41,no
2026-09-30T21:42:43.01737Z,0.0800,302.26,no
2026-09-30T21:42:43.01737Z,0.0800,14.00,no
2026-09-30T21:42:43.01737Z,0.0800,1.00,no
2026-09-30T21:42:45.052445Z,0.0900,5.22,yes
2026-09-30T21:42:45.254022Z,0.0900,20.89,yes
2026-09-30T21:42:48.160866Z,0.0900,52.22,yes
2026-09-30T21:42:52.627844Z,0.0900,20.89,yes
2026-09-30T21:42:53.845654Z,0.0900,20.89,yes
2026-09-30T21:42:55.833109Z,0.0900,52.22,yes
2026-09-30T21:42:56.157442Z,0.0900,5.66,yes
2026-09-30T21:42:56.157442Z,0.0900,4.78,yes
2026-09-30T21:42:56.314702Z,0.0900,25.34,yes
2026-09-30T21:42:56.314702Z,0.0900,8.00,yes
2026-09-30T21:42:56.314702Z,0.0900,8.00,yes
2026-09-30T21:42:56.314702Z,0.0900,10.88,yes
2026-09-30T21:42:58.900645Z,0.0900,267.46,yes
2026-09-30T21:42:58.900645Z,0.0900,45.91,yes
2026-09-30T21:42:58.909402Z,0.0900,10.44,yes
2026-09-30T21:42:59.192456Z,0.0900,10.44,yes
2026-09-30T21:43:00.254149Z,0.0900,0.52,yes
2026-09-30T21:43:07.555062Z,0.0900,19.22,yes
2026-09-30T21:43:07.555062Z,0.0900,5.00,yes
2026-09-30T21:43:07.555062Z,0.0900,3.00,yes
2026-09-30T21:43:07.555062Z,0.0900,25.00,yes
2026-09-30T21:43:07.984852Z,0.0900,208.91,yes
2026-09-30T21:43:08.278778Z,0.0900,125.34,yes
2026-09-30T21:43:09.173872Z,0.0900,10.44,yes
2026-09-30T21:43:11.130259Z,0.0900,9.19,yes
2026-09-30T21:43:11.553016Z,0.0900,114.90,yes
2026-09-30T21:43:18.029121Z,0.0900,12.27,yes
2026-09-30T21:43:19.918778Z,0.0800,17.11,no
2026-09-30T21:43:20.561721Z,0.0900,9.08,yes
2026-09-30T21:43:22.785601Z,0.0900,52.22,yes
2026-09-30T21:43:22.790652Z,0.0900,96.00,yes
2026-09-30T21:43:23.390406Z,0.0900,20.89,yes
2026-09-30T21:43:24.176609Z,0.0800,97.61,no
2026-09-30T21:43:26.814753Z,0.0900,104.45,yes
2026-09-30T21:43:27.441993Z,0.0900,52.22,yes
2026-09-30T21:43:28.138447Z,0.0900,10.44,yes
2026-09-30T21:43:28.527308Z,0.0900,104.45,yes
2026-09-30T21:43:32.141161Z,0.0900,156.68,yes
2026-09-30T21:43:36.728372Z,0.0900,52.22,yes
2026-09-30T21:43:38.331492Z,0.0900,27.27,yes
2026-09-30T21:43:38.392231Z,0.0900,10.44,yes
2026-09-30T21:43:38.787608Z,0.0900,31.33,yes
2026-09-30T21:43:39.770225Z,0.0900,20.89,yes
2026-09-30T21:43:42.085869Z,0.0900,52.22,yes
2026-09-30T21:43:44.275816Z,0.0900,104.45,yes
2026-09-30T21:43:47.875767Z,0.0900,104.45,yes
2026-09-30T21:43:49.873618Z,0.0800,62.00,yes
2026-09-30T21:43:49.873618Z,0.0800,83.00,yes
2026-09-30T21:43:49.873618Z,0.0800,1.00,yes
2026-09-30T21:43:49.873618Z,0.0800,96.00,yes
2026-09-30T21:43:49.873618Z,0.0800,55.00,yes
2026-09-30T21:43:49.873618Z,0.0800,2.00,yes
2026-09-30T21:43:49.873618Z,0.0800,5.00,yes
2026-09-30T21:43:49.873618Z,0.0900,225.10,yes
2026-09-30T21:43:49.873618Z,0.0800,30.00,yes
2026-09-30T21:43:51.002979Z,0.0800,11.74,yes
2026-09-30T21:43:51.659279Z,0.0800,11.39,yes
2026-09-30T21:43:52.313949Z,0.0800,4.87,yes
2026-09-30T21:43:52.313949Z,0.0800,6.87,yes
2026-09-30T21:43:53.074881Z,0.0800,23.35,yes
2026-09-30T21:43:53.074881Z,0.0800,0.13,yes
2026-09-30T21:43:55.408745Z,0.0800,1.17,yes
2026-09-30T21:43:56.333134Z,0.0800,35.23,yes
2026-09-30T21:43:57.630398Z,0.0800,19.46,yes
2026-09-30T21:43:57.630398Z,0.0800,2.25,yes
2026-09-30T21:43:57.630398Z,0.0800,32.00,yes
2026-09-30T21:43:57.630398Z,0.0800,5.00,yes
2026-09-30T21:43:57.684774Z,0.0800,29.35,yes
2026-09-30T21:43:57.906811Z,0.0800,6.19,yes
2026-09-30T21:43:57.906811Z,0.0800,81.24,yes
2026-09-30T21:43:57.906811Z,0.0800,30.00,yes
2026-09-30T21:43:58.288651Z,0.0800,1.00,yes
2026-09-30T21:43:58.288651Z,0.0800,1.00,yes
2026-09-30T21:43:58.288651Z,0.0800,24.75,yes
2026-09-30T21:43:58.288651Z,0.0800,1.00,yes
2026-09-30T21:43:58.288651Z,0.0800,22.00,yes
2026-09-30T21:43:58.288651Z,0.0800,5.00,yes
2026-09-30T21:43:58.288651Z,0.0800,29.68,yes
2026-09-30T21:43:58.288651Z,0.0800,1.00,yes
2026-09-30T21:43:58.288651Z,0.0800,32.00,yes
2026-09-30T21:43:58.524481Z,0.0800,5.25,yes
2026-09-30T21:43:58.524481Z,0.0800,53.46,yes
2026-09-30T21:43:59.490671Z,0.0800,23.48,yes
2026-09-30T21:44:02.232545Z,0.0800,26.00,yes
2026-09-30T21:44:02.232545Z,0.0800,4.00,yes
2026-09-30T21:44:02.232545Z,0.0800,2.00,yes
2026-09-30T21:44:03.50145Z,0.0900,31.33,yes
2026-09-30T21:44:04.230073Z,0.0900,10.44,yes
2026-09-30T21:44:04.629357Z,0.0900,2.92,yes
2026-09-30T21:44:04.660661Z,0.0900,80.62,yes
2026-09-30T21:44:04.660661Z,0.0900,1.00,yes
2026-09-30T21:44:04.660661Z,0.0900,12.39,yes
2026-09-30T21:44:04.861883Z,0.0900,26.11,yes
2026-09-30T21:44:06.415726Z,0.0900,200.00,yes
2026-09-30T21:44:06.415726Z,0.0900,200.00,yes
2026-09-30T21:44:06.415726Z,0.0900,29.01,yes
2026-09-30T21:44:06.415726Z,0.0900,93.27,yes
2026-09-30T21:44:07.145992Z,0.0900,170.99,yes
2026-09-30T21:44:07.145992Z,0.0900,351.29,yes
2026-09-30T21:44:08.352572Z,0.0900,104.45,yes
2026-09-30T21:44:08.864099Z,0.0900,104.45,yes
2026-09-30T21:44:10.750232Z,0.0900,104.45,yes
2026-09-30T21:44:11.776268Z,0.0900,10.44,yes
2026-09-30T21:44:12.008582Z,0.0900,20.89,yes
2026-09-30T21:44:12.198431Z,0.0900,104.45,yes
2026-09-30T21:44:14.159663Z,0.0800,117.43,yes
2026-09-30T21:44:15.458535Z,0.0800,82.57,yes
2026-09-30T21:44:15.458535Z,0.0800,181.06,yes
2026-09-30T21:44:15.661887Z,0.0800,5.87,yes
2026-09-30T21:44:16.985584Z,0.0800,1.00,yes
2026-09-30T21:44:16.985584Z,0.0800,2.00,yes
2026-09-30T21:44:16.985584Z,0.0800,1.27,yes
2026-09-30T21:44:19.804857Z,0.0800,46.79,no
2026-09-30T21:44:20.468351Z,0.0900,783.42,yes
2026-09-30T21:44:20.773575Z,0.0900,41.78,yes
2026-09-30T21:44:21.686494Z,0.0900,18.38,yes
2026-09-30T21:44:21.686494Z,0.0900,1.00,yes
2026-09-30T21:44:21.686494Z,0.0900,1.00,yes
2026-09-30T21:44:21.686494Z,0.0900,1.00,yes
2026-09-30T21:44:21.686494Z,0.0900,2.00,yes
2026-09-30T21:44:21.686494Z,0.0900,1.00,yes
2026-09-30T21:44:21.686494Z,0.0900,1.00,yes
2026-09-30T21:44:21.686494Z,0.0900,26.84,yes
2026-09-30T21:44:23.350082Z,0.0900,20.89,yes
2026-09-30T21:44:24.012506Z,0.0900,50.34,yes
2026-09-30T21:44:24.418472Z,0.0900,10.44,yes
2026-09-30T21:44:24.644943Z,0.0900,11.00,yes
2026-09-30T21:44:26.919272Z,0.0900,31.33,yes
2026-09-30T21:44:31.235368Z,0.0900,49.16,yes
2026-09-30T21:44:31.235368Z,0.0900,55.29,yes
2026-09-30T21:44:32.941905Z,0.0900,10.00,yes
2026-09-30T21:44:33.700311Z,0.0900,10.44,yes
2026-09-30T21:44:33.826743Z,0.0900,104.45,yes
2026-09-30T21:44:35.41392Z,0.0900,1.04,yes
2026-09-30T21:44:37.542527Z,0.0800,13.41,no
2026-09-30T21:44:38.386863Z,0.0900,10.44,yes
2026-09-30T21:44:38.598698Z,0.0900,8.34,yes
2026-09-30T21:44:38.598698Z,0.0900,43.88,yes
2026-09-30T21:44:39.837849Z,0.0900,104.45,yes
2026-09-30T21:44:40.218807Z,0.0900,30.00,yes
2026-09-30T21:44:40.218807Z,0.0900,51.67,yes
2026-09-30T21:44:40.218807Z,0.0900,200.00,yes
2026-09-30T21:44:40.218807Z,0.0900,182.22,yes
2026-09-30T21:44:43.131452Z,0.0900,77.72,yes
2026-09-30T21:44:43.131452Z,0.0900,107.19,yes
2026-09-30T21:44:43.131452Z,0.0900,1.00,yes
2026-09-30T21:44:43.131452Z,0.0900,23.00,yes
2026-09-30T21:44:50.406279Z,0.0900,313.37,yes
2026-09-30T21:44:52.297218Z,0.0900,104.45,yes
2026-09-30T21:44:52.833463Z,0.0900,522.28,yes
2026-09-30T21:44:53.275327Z,0.0900,31.33,yes
2026-09-30T21:45:00.735372Z,0.1000,1.00,yes
2026-09-30T21:45:00.735372Z,0.1000,1.00,yes
2026-09-30T21:45:00.735372Z,0.1000,1.00,yes
2026-09-30T21:45:00.735372Z,0.1000,2.00,yes
2026-09-30T21:45:00.735372Z,0.1000,37.09,yes
2026-09-30T21:45:00.735372Z,0.1000,1.00,yes
2026-09-30T21:45:00.735372Z,0.1000,1.00,yes
2026-09-30T21:45:00.735372Z,0.0900,1.00,yes
2026-09-30T21:45:00.735372Z,0.1000,2.00,yes
2026-09-30T21:45:05.290932Z,0.1000,22.29,yes
2026-09-30T21:45:05.500791Z,0.1000,0.94,yes
2026-09-30T21:45:07.254891Z,0.1200,1.00,yes
2026-09-30T21:45:07.254891Z,0.1100,5.00,yes
2026-09-30T21:45:07.254891Z,0.1200,3.00,yes
2026-09-30T21:45:07.254891Z,0.1300,3.00,yes
2026-09-30T21:45:07.254891Z,0.1100,1.00,yes
2026-09-30T21:45:07.254891Z,0.1100,1.00,yes
2026-09-30T21:45:07.254891Z,0.1200,15.00,yes
2026-09-30T21:45:07.254891Z,0.1100,3.00,yes
2026-09-30T21:45:07.254891Z,0.1200,3.00,yes
2026-09-30T21:45:07.254891Z,0.1200,13.00,yes
2026-09-30T21:45:07.254891Z,0.1000,2.68,yes
2026-09-30T21:45:07.254891Z,0.1300,4.54,yes
2026-09-30T21:45:07.254891Z,0.1100,2.00,yes
2026-09-30T21:45:07.254891Z,0.1200,5.00,yes
2026-09-30T21:45:07.520161Z,0.1000,100.00,no
2026-09-30T21:45:07.520161Z,0.1000,50.00,no
2026-09-30T21:45:07.520161Z,0.1000,15.00,no
2026-09-30T21:45:07.520161Z,0.1000,98.00,no
2026-09-30T21:45:07.520161Z,0.1000,42.74,no
2026-09-30T21:45:07.555098Z,0.1000,54.97,yes
2026-09-30T21:45:08.494408Z,0.1000,9.40,yes
2026-09-30T21:45:10.39993Z,0.1000,47.03,yes
2026-09-30T21:45:11.46664Z,0.0900,1.00,no
2026-09-30T21:45:11.46664Z,0.0900,100.00,no
2026-09-30T21:45:11.46664Z,0.0900,82.00,no
2026-09-30T21:45:11.46664Z,0.0900,18.18,no
2026-09-30T21:45:13.035821Z,0.0900,42.74,yes
2026-09-30T21:45:13.035821Z,0.0900,9.48,yes
2026-09-30T21:45:15.020694Z,0.0900,185.62,yes
2026-09-30T21:45:17.32523Z,0.0900,47.32,yes
2026-09-30T21:45:17.32523Z,0.0900,4.90,yes
2026-09-30T21:45:18.995437Z,0.0900,117.20,yes
2026-09-30T21:45:19.965183Z,0.0900,47.52,yes
2026-09-30T21:45:19.965183Z,0.0900,35.48,yes
2026-09-30T21:45:21.602706Z,0.0900,10.44,yes
2026-09-30T21:45:22.984353Z,0.0900,46.10,yes
2026-09-30T21:45:22.984353Z,0.0900,142.04,yes
2026-09-30T21:45:26.630289Z,0.0900,120.96,yes
2026-09-30T21:45:26.883413Z,0.0900,71.51,yes
2026-09-30T21:45:26.883413Z,0.0900,32.94,yes
2026-09-30T21:45:27.082977Z,0.0900,5.00,yes
2026-09-30T21:45:27.082977Z,0.0900,200.00,yes
2026-09-30T21:45:27.082977Z,0.0900,62.00,yes
2026-09-30T21:45:27.082977Z,0.0900,104.00,yes
2026-09-30T21:45:27.082977Z,0.0900,1019.93,yes
2026-09-30T21:45:27.082977Z,0.0900,128.49,yes
2026-09-30T21:45:27.082977Z,0.0900,200.00,yes
2026-09-30T21:45:27.082977Z,0.0900,200.00,yes
2026-09-30T21:45:27.082977Z,0.0900,92.00,yes
2026-09-30T21:45:27.082977Z,0.0900,200.00,yes
2026-09-30T21:45:27.082977Z,0.0900,200.00,yes
2026-09-30T21:45:27.082977Z,0.0900,200.00,yes
2026-09-30T21:45:28.168853Z,0.0900,5.22,yes
2026-09-30T21:45:30.400197Z,0.0900,261.14,yes
2026-09-30T21:45:32.968201Z,0.0900,43.87,yes
2026-09-30T21:45:33.718626Z,0.0900,120.02,yes
2026-09-30T21:45:33.979463Z,0.0900,10.63,yes
2026-09-30T21:45:33.979463Z,0.0900,93.82,yes
2026-09-30T21:45:34.076091Z,0.0900,10.44,yes
2026-09-30T21:45:37.320569Z,0.0800,14.50,no
2026-09-30T21:45:37.974414Z,0.0900,27.68,yes
2026-09-30T21:45:38.901508Z,0.0800,5.50,no
2026-09-30T21:45:39.062898Z,0.0800,0.83,yes
2026-09-30T21:45:40.840977Z,0.0800,64.59,yes
2026-09-30T21:45:41.595068Z,0.0800,17.61,yes
2026-09-30T21:45:44.100978Z,0.0700,19.61,no
2026-09-30T21:45:44.108696Z,0.0700,19.61,no
2026-09-30T21:45:45.367554Z,0.0800,58.71,yes
2026-09-30T21:45:46.194186Z,0.0800,64.67,yes
2026-09-30T21:45:46.194186Z,0.0800,52.76,yes
2026-09-30T21:45:48.252299Z,0.0800,58.71,yes
2026-09-30T21:45:48.767559Z,0.0800,5.87,yes
2026-09-30T21:45:49.135409Z,0.0800,58.71,yes
2026-09-30T21:45:50.671542Z,0.0800,12.04,yes
2026-09-30T21:45:50.671542Z,0.0800,46.67,yes
2026-09-30T21:45:50.888564Z,0.0600,10.00,no
2026-09-30T21:45:50.888564Z,0.0700,10.78,no
2026-09-30T21:45:50.888564Z,0.0600,0.10,no
2026-09-30T21:45:50.888564Z,0.0600,17.00,no
2026-09-30T21:45:50.888564Z,0.0600,42.93,no
2026-09-30T21:45:50.888564Z,0.0700,12.08,no
2026-09-30T21:45:50.888564Z,0.0700,20.00,no
2026-09-30T21:45:52.409179Z,0.0700,51.12,yes
2026-09-30T21:45:52.409179Z,0.0700,83.00,yes
2026-09-30T21:45:53.873978Z,0.0700,40.23,yes
2026-09-30T21:45:56.19823Z,0.0700,13.41,yes
2026-09-30T21:45:57.376539Z,0.0700,64.82,yes
2026-09-30T21:45:57.376539Z,0.0700,2.24,yes
2026-09-30T21:45:57.675823Z,0.0700,13.41,yes
2026-09-30T21:45:57.675823Z,0.0700,242.16,yes
2026-09-30T21:45:57.675823Z,0.0700,1.00,yes
2026-09-30T21:45:57.675823Z,0.0700,2.24,yes
2026-09-30T21:45:57.675823Z,0.0700,85.00,yes
2026-09-30T21:45:57.675823Z,0.0700,51.12,yes
2026-09-30T21:45:57.675823Z,0.0700,2.00,yes
2026-09-30T21:45:57.675823Z,0.0700,1.00,yes
2026-09-30T21:45:57.675823Z,0.0700,1.00,yes
2026-09-30T21:45:57.675823Z,0.0700,38.26,yes
2026-09-30T21:45:57.675823Z,0.0700,40.23,yes
2026-09-30T21:45:57.675823Z,0.0700,2.18,yes
2026-09-30T21:45:57.675823Z,0.0700,5.00,yes
2026-09-30T21:45:57.675823Z,0.0700,55.00,yes
2026-09-30T21:45:57.675823Z,0.0700,30.00,yes
2026-09-30T21:45:57.70281Z,0.0800,7.00,yes
2026-09-30T21:45:57.70281Z,0.0800,53.00,yes
2026-09-30T21:45:57.70281Z,0.0800,108.00,yes
2026-09-30T21:45:57.70281Z,0.0800,1.00,yes
2026-09-30T21:45:57.70281Z,0.0800,2.00,yes
2026-09-30T21:45:57.70281Z,0.0800,3.00,yes
2026-09-30T21:45:57.70281Z,0.0800,1.00,yes
2026-09-30T21:45:57.70281Z,0.0800,23.00,yes
2026-09-30T21:45:57.70281Z,0.0800,2.00,yes
2026-09-30T21:45:57.720388Z,0.0800,108.00,yes
2026-09-30T21:45:57.720388Z,0.0800,7.00,yes
2026-09-30T21:45:57.720388Z,0.0800,58.00,yes
2026-09-30T21:45:57.720388Z,0.0800,2.54,yes
2026-09-30T21:45:58.630837Z,0.0800,24.46,no
2026-09-30T21:46:00.351943Z,0.0800,0.11,yes
2026-09-30T21:46:00.515734Z,0.0800,58.71,yes
2026-09-30T21:46:00.672513Z,0.0800,117.43,yes
2026-09-30T21:46:01.063485Z,0.0800,35.23,yes
2026-09-30T21:46:02.968511Z,0.0800,6.10,yes
2026-09-30T21:46:04.0791Z,0.0700,17.56,no
2026-09-30T21:46:04.0791Z,0.0700,261.19,no
2026-09-30T21:46:04.0791Z,0.0700,200.00,no
2026-09-30T21:46:04.0791Z,0.0700,100.00,no
2026-09-30T21:46:04.0791Z,0.0700,108.00,no
2026-09-30T21:46:04.0791Z,0.0700,98.00,no
2026-09-30T21:46:04.0791Z,0.0700,1972.00,no
2026-09-30T21:46:04.0791Z,0.0700,24.00,no
2026-09-30T21:46:04.0791Z,0.0700,60.00,no
2026-09-30T21:46:04.0791Z,0.0700,100.00,no
2026-09-30T21:46:04.0791Z,0.0700,127.00,no
2026-09-30T21:46:04.099424Z,0.0700,477.82,yes
2026-09-30T21:46:04.182598Z,0.0700,5126.24,yes
2026-09-30T21:46:04.416297Z,0.0700,11.74,yes
2026-09-30T21:46:05.675638Z,0.0700,134.12,yes
2026-09-30T21:46:07.883238Z,0.0700,0.26,yes
2026-09-30T21:46:09.15888Z,0.0700,26.82,yes
2026-09-30T21:46:09.540335Z,0.0700,40.23,yes
2026-09-30T21:46:09.925782Z,0.0700,134.12,yes
2026-09-30T21:46:10.577881Z,0.0700,201.18,yes
2026-09-30T21:46:10.753656Z,0.0700,670.62,yes
2026-09-30T21:46:11.176139Z,0.0700,3202.23,yes
2026-09-30T21:46:11.176139Z,0.0700,100.00,yes
2026-09-30T21:46:11.176139Z,0.0700,108.00,yes
2026-09-30T21:46:11.934056Z,0.0800,33.35,yes
2026-09-30T21:46:11.934056Z,0.0800,25.36,yes
2026-09-30T21:46:12.479362Z,0.0800,58.71,yes
2026-09-30T21:46:13.103842Z,0.0800,15.93,yes
2026-09-30T21:46:13.103842Z,0.0800,1.00,yes
2026-09-30T21:46:13.103842Z,0.0800,100.50,yes
2026-09-30T21:46:13.616401Z,0.0800,117.43,yes
2026-09-30T21:46:16.605234Z,0.0800,3.00,yes
2026-09-30T21:46:16.605234Z,0.0800,2.00,yes
2026-09-30T21:46:16.605234Z,0.0800,53.71,yes
2026-09-30T21:46:16.838258Z,0.0800,46.29,yes
2026-09-30T21:46:16.838258Z,0.0800,66.14,yes
2026-09-30T21:46:16.838258Z,0.0800,5.00,yes
2026-09-30T21:46:20.349756Z,0.0700,67.06,yes
2026-09-30T21:46:21.914743Z,0.0700,30.00,yes
2026-09-30T21:46:24.132847Z,0.0800,46.97,yes
2026-09-30T21:46:25.208712Z,0.0800,58.71,yes
2026-09-30T21:46:27.40908Z,0.0800,94.32,yes
2026-09-30T21:46:27.40908Z,0.0800,11.01,yes
2026-09-30T21:46:27.40908Z,0.0800,200.00,yes
2026-09-30T21:46:27.627492Z,0.0800,82.20,yes
2026-09-30T21:46:28.188616Z,0.0800,58.71,yes
2026-09-30T21:46:29.317703Z,0.0800,117.43,yes
2026-09-30T21:46:30.027201Z,0.0800,117.43,yes
2026-09-30T21:46:30.555603Z,0.0800,1.00,yes
2026-09-30T21:46:30.555603Z,0.0800,1.00,yes
2026-09-30T21:46:30.555603Z,0.0800,1.00,yes
2026-09-30T21:46:30.555603Z,0.0800,1.00,yes
2026-09-30T21:46:30.555603Z,0.0800,1.00,yes
2026-09-30T21:46:30.555603Z,0.0800,39.19,yes
2026-09-30T21:46:30.555603Z,0.0800,14.52,yes
2026-09-30T21:46:35.960393Z,0.0800,117.43,yes
2026-09-30T21:46:38.227079Z,0.0800,11.74,yes
2026-09-30T21:46:38.41692Z,0.0800,117.43,yes
2026-09-30T21:46:40.012717Z,0.0800,11.74,yes
2026-09-30T21:46:42.660964Z,0.0800,305.33,yes
2026-09-30T21:46:43.887436Z,0.0800,58.71,yes
2026-09-30T21:46:44.148412Z,0.0700,253.12,no
2026-09-30T21:46:44.148412Z,0.0700,492.68,no
2026-09-30T21:46:44.148412Z,0.0700,89.00,no
2026-09-30T21:46:44.148412Z,0.0700,100.00,no
2026-09-30T21:46:44.148412Z,0.0700,1.00,no
2026-09-30T21:46:44.758105Z,0.0800,117.43,yes
2026-09-30T21:46:45.405664Z,0.0800,82.20,yes
2026-09-30T21:46:46.964253Z,0.0800,117.43,yes
2026-09-30T21:46:47.408106Z,0.0800,200.00,yes
2026-09-30T21:46:47.408106Z,0.0800,7.96,yes
2026-09-30T21:46:47.408106Z,0.0800,200.00,yes
2026-09-30T21:46:47.408106Z,0.0800,200.00,yes
2026-09-30T21:46:47.408106Z,0.0800,200.00,yes
2026-09-30T21:46:47.408106Z,0.0800,200.00,yes
2026-09-30T21:46:47.408106Z,0.0800,200.00,yes
2026-09-30T21:46:47.408106Z,0.0800,108.00,yes
2026-09-30T21:46:47.408106Z,0.0800,498.04,yes
2026-09-30T21:46:47.408106Z,0.0800,5.00,yes
2026-09-30T21:46:47.408106Z,0.0800,1.00,yes
2026-09-30T21:46:47.408106Z,0.0800,50.00,yes
2026-09-30T21:46:47.408106Z,0.0800,100.00,yes
2026-09-30T21:46:47.408106Z,0.0800,30.00,yes
2026-09-30T21:46:47.473351Z,0.0800,101.55,yes
2026-09-30T21:46:47.473351Z,0.0800,192.04,yes
2026-09-30T21:46:48.196138Z,0.0800,18.98,yes
2026-09-30T21:46:48.196138Z,0.0800,98.45,yes
2026-09-30T21:46:57.918945Z,0.0700,20.00,no
2026-09-30T21:46:58.1579Z,0.0800,23.48,yes
2026-09-30T21:46:59.098666Z,0.0700,5.35,no
2026-09-30T21:46:59.108746Z,0.0800,46.97,yes
2026-09-30T21:46:59.673028Z,0.0800,35.23,yes
2026-09-30T21:46:59.902378Z,0.0800,200.00,yes
2026-09-30T21:46:59.902378Z,0.0800,75.34,yes
2026-09-30T21:46:59.902378Z,0.0800,65.16,yes
2026-09-30T21:47:00.597799Z,0.0800,117.43,yes
2026-09-30T21:47:00.855478Z,0.0800,58.71,yes
2026-09-30T21:47:00.894745Z,0.0800,76.98,yes
2026-09-30T21:47:00.894745Z,0.0800,22.92,yes
2026-09-30T21:47:01.128735Z,0.0800,0.10,yes
2026-09-30T21:47:02.839876Z,0.0800,3.92,yes
2026-09-30T21:47:02.839876Z,0.0800,16.08,yes
2026-09-30T21:47:04.191912Z,0.0800,23.48,yes
2026-09-30T21:47:04.317193Z,0.0800,10.56,yes
2026-09-30T21:47:04.350578Z,0.0700,102.04,no
2026-09-30T21:47:05.207797Z,0.0800,58.71,yes
2026-09-30T21:47:05.311399Z,0.0800,38.16,yes
2026-09-30T21:47:07.058375Z,0.0800,117.43,yes
2026-09-30T21:47:07.871154Z,0.0800,117.43,yes
2026-09-30T21:47:09.563462Z,0.0800,233.11,yes
2026-09-30T21:47:11.542295Z,0.0700,20.00,no
2026-09-30T21:47:11.542295Z,0.0700,16.15,no
2026-09-30T21:47:11.542295Z,0.0700,1.00,no
2026-09-30T21:47:11.972078Z,0.0700,12.00,yes
2026-09-30T21:47:14.079818Z,0.0700,13.41,yes
2026-09-30T21:47:16.405783Z,0.0700,104.12,yes
2026-09-30T21:47:16.405783Z,0.0700,30.00,yes
2026-09-30T21:47:16.544734Z,0.0700,3.00,yes
2026-09-30T21:47:16.544734Z,0.0700,4.00,yes
2026-09-30T21:47:16.544734Z,0.0700,30.00,yes
2026-09-30T21:47:16.544734Z,0.0700,3.00,yes
2026-09-30T21:47:16.544734Z,0.0700,1.00,yes
2026-09-30T21:47:16.544734Z,0.0700,1.00,yes
2026-09-30T21:47:16.544734Z,0.0700,5.00,yes
2026-09-30T21:47:16.845841Z,0.0700,1.00,no
2026-09-30T21:47:17.521994Z,0.0700,67.06,yes
2026-09-30T21:47:19.607681Z,0.0700,2.18,yes
2026-09-30T21:47:19.607681Z,0.0700,131.94,yes
2026-09-30T21:47:22.635572Z,0.0700,93.88,yes
2026-09-30T21:47:23.921359Z,0.0700,13.41,yes
2026-09-30T21:47:25.816078Z,0.0600,54.00,no
2026-09-30T21:47:25.816078Z,0.0600,1.00,no
2026-09-30T21:47:25.816078Z,0.0500,11.32,no
2026-09-30T21:47:25.816078Z,0.0600,19.00,no
2026-09-30T21:47:25.816078Z,0.0600,1.00,no
2026-09-30T21:47:25.816078Z,0.0500,24.00,no
2026-09-30T21:47:25.816078Z,0.0500,10.00,no
2026-09-30T21:47:25.816078Z,0.0500,0.10,no
2026-09-30T21:47:26.681004Z,0.0600,3.09,yes
2026-09-30T21:47:26.681004Z,0.0600,55.00,yes
2026-09-30T21:47:26.681004Z,0.0600,106.00,yes
2026-09-30T21:47:26.681004Z,0.0600,49.46,yes
2026-09-30T21:47:26.681004Z,0.0600,88.00,yes
2026-09-30T21:47:26.681004Z,0.0500,10.00,yes
2026-09-30T21:47:26.681004Z,0.0500,2.00,yes
2026-09-30T21:47:26.681004Z,0.0500,11.00,yes
2026-09-30T21:47:26.681004Z,0.0500,22.64,yes
2026-09-30T21:47:26.681004Z,0.0600,179.36,yes
2026-09-30T21:47:26.681004Z,0.0600,30.00,yes
2026-09-30T21:47:27.609061Z,0.0600,28.54,yes
2026-09-30T21:47:27.609061Z,0.0600,2.73,yes
2026-09-30T21:47:28.123557Z,0.0600,10.00,yes
2026-09-30T21:47:28.123557Z,0.0600,0.10,yes
2026-09-30T21:47:28.123557Z,0.0600,25.86,yes
2026-09-30T21:47:28.123557Z,0.0600,2.00,yes
2026-09-30T21:47:28.123557Z,0.0600,2.27,yes
2026-09-30T21:47:28.205074Z,0.0600,78.00,yes
2026-09-30T21:47:28.205074Z,0.0600,55.00,yes
2026-09-30T21:47:28.205074Z,0.0600,10.00,yes
2026-09-30T21:47:28.205074Z,0.0600,1.00,yes
2026-09-30T21:47:28.205074Z,0.0600,25.86,yes
2026-09-30T21:47:28.205074Z,0.0600,2.51,yes
2026-09-30T21:47:28.205074Z,0.0600,30.00,yes
2026-09-30T21:47:28.205074Z,0.0600,80.14,yes
2026-09-30T21:47:28.205074Z,0.0600,85.00,yes
2026-09-30T21:47:28.205074Z,0.0600,25.40,yes
2026-09-30T21:47:29.729698Z,0.0600,24.35,yes
2026-09-30T21:47:29.729698Z,0.0600,49.00,yes
2026-09-30T21:47:29.729698Z,0.0600,3.00,yes
2026-09-30T21:47:29.729698Z,0.0600,10.00,yes
2026-09-30T21:47:29.729698Z,0.0600,30.00,yes
2026-09-30T21:47:29.729698Z,0.0600,1.00,yes
2026-09-30T21:47:29.729698Z,0.0600,78.00,yes
2026-09-30T21:47:31.240065Z,0.0600,78.00,yes
2026-09-30T21:47:31.240065Z,0.0600,1.00,yes
2026-09-30T21:47:31.240065Z,0.0600,10.00,yes
2026-09-30T21:47:31.240065Z,0.0600,30.00,yes
2026-09-30T21:47:31.240065Z,0.0600,1.00,yes
2026-09-30T21:47:31.240065Z,0.0600,7.15,yes
2026-09-30T21:47:32.14251Z,0.0600,1.27,yes
2026-09-30T21:47:32.14251Z,0.0600,30.00,yes
2026-09-30T21:47:32.570355Z,0.0600,67.06,yes
2026-09-30T21:47:33.324242Z,0.0600,2.70,yes
2026-09-30T21:47:33.324242Z,0.0600,9.67,yes
2026-09-30T21:47:34.528694Z,0.0600,62.16,yes
2026-09-30T21:47:34.528694Z,0.0600,1.00,yes
2026-09-30T21:47:34.528694Z,0.0600,30.00,yes
2026-09-30T21:47:34.528694Z,0.0600,10.00,yes
2026-09-30T21:47:34.528694Z,0.0600,6.30,yes
2026-09-30T21:47:34.842299Z,0.0600,1.00,yes
2026-09-30T21:47:34.842299Z,0.0600,1.30,yes
2026-09-30T21:47:34.842299Z,0.0600,10.54,yes
2026-09-30T21:47:34.842299Z,0.0600,1.00,yes
2026-09-30T21:47:34.842299Z,0.0600,10.00,yes
2026-09-30T21:47:34.842299Z,0.0600,2.00,yes
2026-09-30T21:47:34.842299Z,0.0600,9.70,yes
2026-09-30T21:47:34.842299Z,0.0600,15.84,yes
2026-09-30T21:47:36.336826Z,0.0600,1.00,yes
2026-09-30T21:47:36.336826Z,0.0600,8.23,yes
2026-09-30T21:47:36.336826Z,0.0600,10.00,yes
2026-09-30T21:47:36.336826Z,0.0600,75.00,yes
2026-09-30T21:47:36.336826Z,0.0600,11.00,yes
2026-09-30T21:47:37.845558Z,0.0600,1.00,yes
2026-09-30T21:47:37.845558Z,0.0600,4.94,yes
2026-09-30T21:47:37.845558Z,0.0600,9.00,yes
2026-09-30T21:47:39.353376Z,0.0600,30.00,yes
2026-09-30T21:47:39.353376Z,0.0600,1.88,yes
2026-09-30T21:47:39.353376Z,0.0600,1.00,yes
2026-09-30T21:47:39.353376Z,0.0600,9.00,yes
2026-09-30T21:47:39.353376Z,0.0600,49.00,yes
2026-09-30T21:47:40.523558Z,0.0600,2.00,yes
2026-09-30T21:47:40.523558Z,0.0600,1.00,yes
2026-09-30T21:47:40.523558Z,0.0600,1.00,yes
2026-09-30T21:47:40.523558Z,0.0700,1.00,yes
2026-09-30T21:47:40.523558Z,0.0700,10.00,yes
2026-09-30T21:47:40.523558Z,0.0700,25.75,yes
2026-09-30T21:47:40.683258Z,0.0700,53.07,yes
2026-09-30T21:47:41.064012Z,0.0700,24.15,yes
2026-09-30T21:47:42.632535Z,0.0600,1.00,yes
2026-09-30T21:47:42.632535Z,0.0600,10.37,yes
2026-09-30T21:47:42.632535Z,0.0600,55.00,yes
2026-09-30T21:47:42.632535Z,0.0600,6.00,yes
2026-09-30T21:47:42.632535Z,0.0600,2.00,yes
2026-09-30T21:47:42.632535Z,0.0600,11.00,yes
2026-09-30T21:47:42.632535Z,0.0600,164.17,yes
2026-09-30T21:47:42.632535Z,0.0600,5.00,yes
2026-09-30T21:47:44.131241Z,0.0600,25.03,yes
2026-09-30T21:47:44.131241Z,0.0600,36.00,yes
2026-09-30T21:47:44.131241Z,0.0600,1.00,yes
2026-09-30T21:47:44.131241Z,0.0600,3.00,yes
2026-09-30T21:47:44.131241Z,0.0600,6.00,yes
2026-09-30T21:47:44.131241Z,0.0600,1.00,yes
2026-09-30T21:47:46.006718Z,0.0700,1.00,yes
2026-09-30T21:47:46.006718Z,0.0700,3.86,yes
2026-09-30T21:47:46.006718Z,0.0700,2.55,yes
2026-09-30T21:47:46.006718Z,0.0700,1.00,yes
2026-09-30T21:47:46.006718Z,0.0700,5.00,yes
2026-09-30T21:47:46.138822Z,0.0700,1.14,yes
2026-09-30T21:47:46.138822Z,0.0700,2.48,yes
2026-09-30T21:47:46.402159Z,0.0600,10.00,no
2026-09-30T21:47:46.490968Z,0.0700,2.52,yes
2026-09-30T21:47:46.490968Z,0.0700,64.54,yes
2026-09-30T21:47:47.517597Z,0.0700,2.24,yes
2026-09-30T21:47:47.517597Z,0.0700,2.00,yes
2026-09-30T21:47:47.517597Z,0.0700,2.46,yes
2026-09-30T21:47:51.170999Z,0.0700,67.06,yes
2026-09-30T21:47:51.553503Z,0.0700,42.42,yes
2026-09-30T21:47:51.553503Z,0.0700,10.00,yes
2026-09-30T21:47:51.553503Z,0.0700,1.70,yes
2026-09-30T21:47:51.553503Z,0.0700,2.00,yes
2026-09-30T21:47:51.553503Z,0.0700,1.00,yes
2026-09-30T21:47:51.553503Z,0.0700,2.00,yes
2026-09-30T21:47:51.553503Z,0.0700,1.00,yes
2026-09-30T21:47:51.553503Z,0.0700,1.00,yes
2026-09-30T21:47:51.553503Z,0.0700,1.00,yes
2026-09-30T21:47:51.553503Z,0.0700,67.00,yes
2026-09-30T21:47:51.553503Z,0.0700,1.00,yes
2026-09-30T21:47:51.553503Z,0.0700,3.00,yes
2026-09-30T21:47:51.553503Z,0.0700,1.00,yes
2026-09-30T21:47:54.550905Z,0.0600,1.00,no
2026-09-30T21:47:54.966573Z,0.0500,0.10,no
2026-09-30T21:47:55.687877Z,0.0500,134.12,yes
2026-09-30T21:47:57.430419Z,0.0500,18.75,yes
2026-09-30T21:47:58.147718Z,0.0500,37.50,yes
2026-09-30T21:47:58.466409Z,0.0500,53.65,yes
2026-09-30T21:47:58.977339Z,0.0500,1.00,yes
2026-09-30T21:47:58.977339Z,0.0500,2.00,yes
2026-09-30T21:47:58.977339Z,0.0500,1.00,yes
2026-09-30T21:47:58.977339Z,0.0500,111.24,yes
2026-09-30T21:47:58.977339Z,0.0500,18.88,yes
2026-09-30T21:48:00.216937Z,0.0500,56.25,yes
2026-09-30T21:48:00.305761Z,0.0500,95.51,yes
2026-09-30T21:48:00.305761Z,0.0500,92.01,yes
2026-09-30T21:48:00.670138Z,0.0500,18.75,yes
2026-09-30T21:48:01.089744Z,0.0500,67.06,yes
2026-09-30T21:48:01.757824Z,0.0400,104.45,no
2026-09-30T21:48:02.102504Z,0.0500,2.00,yes
2026-09-30T21:48:02.102504Z,0.0500,46.00,yes
2026-09-30T21:48:02.102504Z,0.0500,1472.11,yes
2026-09-30T21:48:02.102504Z,0.0500,5.00,yes
2026-09-30T21:48:02.102504Z,0.0500,85.18,yes
2026-09-30T21:48:02.102504Z,0.0500,263.00,yes
2026-09-30T21:48:02.102504Z,0.0500,1.00,yes
2026-09-30T21:48:02.102504Z,0.0500,1.00,yes
2026-09-30T21:48:02.265543Z,0.0500,18.75,yes
2026-09-30T21:48:02.924943Z,0.0500,18.75,yes
2026-09-30T21:48:04.592044Z,0.0500,321.92,yes
2026-09-30T21:48:04.784157Z,0.0500,937.64,yes
2026-09-30T21:48:04.842045Z,0.0500,281.29,yes
2026-09-30T21:48:05.694014Z,0.0500,37.50,yes
2026-09-30T21:48:06.16195Z,0.0500,1.50,yes
2026-09-30T21:48:06.327929Z,0.0400,10.00,no
2026-09-30T21:48:06.327929Z,0.0400,295.55,no
2026-09-30T21:48:06.327929Z,0.0400,7.71,no
2026-09-30T21:48:06.327929Z,0.0400,0.10,no
2026-09-30T21:48:06.483695Z,0.0500,93.76,yes
2026-09-30T21:48:06.735448Z,0.0500,93.76,yes
2026-09-30T21:48:10.0204Z,0.0300,100.00,no
2026-09-30T21:48:10.0204Z,0.0300,400.00,no
2026-09-30T21:48:10.0204Z,0.0300,10.00,no
2026-09-30T21:48:10.0204Z,0.0300,0.10,no
2026-09-30T21:48:10.0204Z,0.0400,15.00,no
2026-09-30T21:48:10.0204Z,0.0300,74.69,no
2026-09-30T21:48:10.0204Z,0.0400,1.00,no
2026-09-30T21:48:10.0204Z,0.0300,24.00,no
2026-09-30T21:48:10.594098Z,0.0400,87.00,yes
2026-09-30T21:48:10.594098Z,0.0400,25.00,yes
2026-09-30T21:48:10.594098Z,0.0400,11.00,yes
2026-09-30T21:48:10.594098Z,0.0400,11.00,yes
2026-09-30T21:48:10.594098Z,0.0400,2.75,yes
2026-09-30T21:48:10.594098Z,0.0400,97.50,yes
2026-09-30T21:48:13.222408Z,0.0300,20.21,yes
2026-09-30T21:48:13.222408Z,0.0300,10.00,yes
2026-09-30T21:48:13.222408Z,0.0300,1.00,yes
2026-09-30T21:48:13.329745Z,0.0300,10.00,yes
2026-09-30T21:48:13.329745Z,0.0300,21.21,yes
2026-09-30T21:48:14.923798Z,0.0300,9.00,yes
2026-09-30T21:48:14.923798Z,0.0300,1.00,yes
2026-09-30T21:48:14.923798Z,0.0400,15.69,yes
2026-09-30T21:48:17.537528Z,0.0300,0.84,yes
2026-09-30T21:48:17.537528Z,0.0300,4.00,yes
2026-09-30T21:48:17.537528Z,0.0300,5.00,yes
2026-09-30T21:48:17.537528Z,0.0300,1.00,yes
2026-09-30T21:48:17.537528Z,0.0300,11.00,yes
2026-09-30T21:48:18.450813Z,0.0300,0.16,yes
2026-09-30T21:48:18.450813Z,0.0300,1.00,yes
2026-09-30T21:48:18.450813Z,0.0400,30.00,yes
2026-09-30T21:48:18.450813Z,0.0400,31.19,yes
2026-09-30T21:48:18.450813Z,0.0400,55.00,yes
2026-09-30T21:48:19.445313Z,0.0400,234.25,yes
2026-09-30T21:48:19.62752Z,0.0200,10.00,no
2026-09-30T21:48:19.62752Z,0.0200,169.15,no
2026-09-30T21:48:20.720523Z,0.0400,11.71,yes
2026-09-30T21:48:20.804758Z,0.0400,22.25,yes
2026-09-30T21:48:21.484513Z,0.0400,23.42,yes
2026-09-30T21:48:22.116877Z,0.0400,9.00,yes
2026-09-30T21:48:22.41684Z,0.0400,11.71,yes
2026-09-30T21:48:23.694264Z,0.0400,28.65,yes
2026-09-30T21:48:23.694264Z,0.0400,10.00,yes
2026-09-30T21:48:23.694264Z,0.0400,10.00,yes
2026-09-30T21:48:23.694264Z,0.0400,10.00,yes
2026-09-30T21:48:23.694264Z,0.0400,1.00,yes
2026-09-30T21:48:23.694264Z,0.0400,56.47,yes
2026-09-30T21:48:23.694264Z,0.0400,1.00,yes
2026-09-30T21:48:24.55392Z,0.0400,41.32,yes
2026-09-30T21:48:24.55392Z,0.0400,75.80,yes
2026-09-30T21:48:24.950177Z,0.0400,32.09,yes
2026-09-30T21:48:25.669041Z,0.0400,117.12,yes
2026-09-30T21:48:27.234179Z,0.0400,20.00,yes
2026-09-30T21:48:28.670172Z,0.0400,5.00,yes
2026-09-30T21:48:28.786623Z,0.0400,55.00,yes
2026-09-30T21:48:28.786623Z,0.0400,80.02,yes
2026-09-30T21:48:28.786623Z,0.0400,10.00,yes
2026-09-30T21:48:28.786623Z,0.0400,10.00,yes
2026-09-30T21:48:28.786623Z,0.0400,100.66,yes
2026-09-30T21:48:28.786623Z,0.0400,2.00,yes
2026-09-30T21:48:30.135561Z,0.0300,17.81,no
2026-09-30T21:48:30.135561Z,0.0300,1.00,no
2026-09-30T21:48:30.955346Z,0.0400,1.34,yes
2026-09-30T21:48:30.955346Z,0.0400,1.00,yes
2026-09-30T21:48:31.655387Z,0.0400,8.66,yes
2026-09-30T21:48:31.655387Z,0.0400,103.46,yes
2026-09-30T21:48:31.655387Z,0.0400,5.00,yes
2026-09-30T21:48:33.656904Z,0.0400,55.00,yes
2026-09-30T21:48:33.656904Z,0.0400,13.54,yes
2026-09-30T21:48:33.656904Z,0.0400,1.00,yes
2026-09-30T21:48:33.656904Z,0.0400,1.00,yes
2026-09-30T21:48:33.656904Z,0.0400,1.00,yes
2026-09-30T21:48:33.656904Z,0.0400,10.00,yes
2026-09-30T21:48:33.656904Z,0.0400,9.00,yes
2026-09-30T21:48:33.656904Z,0.0400,3.16,yes
2026-09-30T21:48:34.547054Z,0.0400,11.00,yes
2026-09-30T21:48:34.547054Z,0.0400,36.08,yes
2026-09-30T21:48:35.296399Z,0.0400,10.00,yes
2026-09-30T21:48:35.296399Z,0.0400,39.20,yes
2026-09-30T21:48:35.296399Z,0.0400,67.92,yes
2026-09-30T21:48:36.711419Z,0.0400,1.00,yes
2026-09-30T21:48:36.711419Z,0.0400,10.00,yes
2026-09-30T21:48:36.711419Z,0.0400,35.85,yes
2026-09-30T21:48:38.312013Z,0.0500,1.00,yes
2026-09-30T21:48:38.312013Z,0.0500,5.41,yes
2026-09-30T21:48:38.312013Z,0.0400,55.00,yes
2026-09-30T21:48:38.312013Z,0.0400,10.00,yes
2026-09-30T21:48:38.312013Z,0.0400,1.00,yes
2026-09-30T21:48:38.312013Z,0.0400,1.00,yes
2026-09-30T21:48:38.312013Z,0.0400,50.00,yes
2026-09-30T21:48:38.312013Z,0.0500,1.00,yes
2026-09-30T21:48:38.312013Z,0.0500,5.00,yes
2026-09-30T21:48:38.312013Z,0.0500,25.00,yes
2026-09-30T21:48:38.312013Z,0.0500,0.10,yes
2026-09-30T21:48:38.312013Z,0.0500,3.00,yes
2026-09-30T21:48:38.312013Z,0.0500,1.00,yes
2026-09-30T21:48:38.312013Z,0.0500,1.00,yes
2026-09-30T21:48:38.723068Z,0.0300,52.22,no
2026-09-30T21:48:39.751493Z,0.0500,121.93,yes
2026-09-30T21:48:39.751493Z,0.0500,65.59,yes
2026-09-30T21:48:41.733452Z,0.0400,11.00,yes
2026-09-30T21:48:41.733452Z,0.0400,7.00,yes
2026-09-30T21:48:41.733452Z,0.0400,2.00,yes
2026-09-30T21:48:41.733452Z,0.0400,1.42,yes
2026-09-30T21:48:41.733452Z,0.0400,1.00,yes
2026-09-30T21:48:41.733452Z,0.0400,1.00,yes
2026-09-30T21:48:43.1638Z,0.0400,5.85,yes
2026-09-30T21:48:43.511651Z,0.0400,1.00,yes
2026-09-30T21:48:43.511651Z,0.0400,2.00,yes
2026-09-30T21:48:43.511651Z,0.0400,25.48,yes
2026-09-30T21:48:43.511651Z,0.0400,1.00,yes
2026-09-30T21:48:43.511651Z,0.0400,8.00,yes
2026-09-30T21:48:43.511651Z,0.0500,78.09,yes
2026-09-30T21:48:43.511651Z,0.0500,78.07,yes
2026-09-30T21:48:44.160464Z,0.0500,121.91,yes
2026-09-30T21:48:44.160464Z,0.0500,65.61,yes
2026-09-30T21:48:45.308128Z,0.0400,2.00,yes
2026-09-30T21:48:45.308128Z,0.0400,50.00,yes
2026-09-30T21:48:45.308128Z,0.0400,10.00,yes
2026-09-30T21:48:45.308128Z,0.0400,11.00,yes
2026-09-30T21:48:45.308128Z,0.0400,102.98,yes
2026-09-30T21:48:45.308128Z,0.0500,65.26,yes
2026-09-30T21:48:45.615761Z,0.0500,118.27,yes
2026-09-30T21:48:45.615761Z,0.0500,69.13,yes
2026-09-30T21:48:47.212586Z,0.0400,10.00,yes
2026-09-30T21:48:47.212586Z,0.0400,11.00,yes
2026-09-30T21:48:47.212586Z,0.0400,1.42,yes
2026-09-30T21:48:47.212586Z,0.0400,1.00,yes
2026-09-30T21:48:47.481609Z,0.0400,6.79,yes
2026-09-30T21:48:47.762113Z,0.0400,10.00,yes
2026-09-30T21:48:47.762113Z,0.0400,6.42,yes
2026-09-30T21:48:47.762113Z,0.0400,1.00,yes
2026-09-30T21:48:47.762113Z,0.0400,5.00,yes
2026-09-30T21:48:47.762113Z,0.0400,1.00,yes
2026-09-30T21:48:47.881599Z,0.0400,23.42,yes
2026-09-30T21:48:49.838198Z,0.0500,3.56,yes
2026-09-30T21:48:49.838198Z,0.0400,1.00,yes
2026-09-30T21:48:49.838198Z,0.0400,10.00,yes
2026-09-30T21:48:49.838198Z,0.0400,1.00,yes
2026-09-30T21:48:49.838198Z,0.0400,30.23,yes
2026-09-30T21:48:52.641705Z,0.0400,1.00,yes
2026-09-30T21:48:52.641705Z,0.0400,11.00,yes
2026-09-30T21:48:52.641705Z,0.0400,4.86,yes
2026-09-30T21:48:53.10577Z,0.0300,24.00,no
2026-09-30T21:48:53.10577Z,0.0300,29.97,no
2026-09-30T21:48:53.10577Z,0.0300,93.00,no
2026-09-30T21:48:53.10577Z,0.0300,114.17,no
2026-09-30T21:48:53.884596Z,0.0300,9.37,no
2026-09-30T21:48:54.284268Z,0.0300,9.35,no
2026-09-30T21:48:56.643701Z,0.0400,5.00,yes
2026-09-30T21:48:56.643701Z,0.0400,5.14,yes
2026-09-30T21:48:56.643701Z,0.0400,1.00,yes
2026-09-30T21:48:56.643701Z,0.0400,11.00,yes
2026-09-30T21:48:56.643701Z,0.0400,20.71,yes
2026-09-30T21:48:56.643701Z,0.0400,1.00,yes
2026-09-30T21:48:56.643701Z,0.0400,3.00,yes
2026-09-30T21:48:59.266517Z,0.0300,42.78,no
2026-09-30T21:48:59.887967Z,0.0300,8.10,no
2026-09-30T21:48:59.887967Z,0.0300,142.00,no
2026-09-30T21:48:59.887967Z,0.0300,1053.00,no
2026-09-30T21:48:59.887967Z,0.0300,224.33,no
2026-09-30T21:48:59.955713Z,0.0300,5.87,no
2026-09-30T21:49:00.073978Z,0.0400,70.27,yes
2026-09-30T21:49:00.256036Z,0.0400,9.35,yes
2026-09-30T21:49:00.256036Z,0.0400,23.19,yes
2026-09-30T21:49:00.256036Z,0.0400,9.37,yes
2026-09-30T21:49:00.256036Z,0.0400,55.00,yes
2026-09-30T21:49:00.256036Z,0.0400,10.00,yes
2026-09-30T21:49:00.256036Z,0.0400,1.00,yes
2026-09-30T21:49:00.256036Z,0.0400,3.00,yes
2026-09-30T21:49:00.256036Z,0.0400,7.00,yes
2026-09-30T21:49:00.256036Z,0.0400,73.56,yes
2026-09-30T21:49:00.256036Z,0.0400,42.78,yes
2026-09-30T21:49:00.387311Z,0.0400,2.68,yes
2026-09-30T21:49:00.387311Z,0.0400,6.38,yes
2026-09-30T21:49:00.387311Z,0.0400,1.00,yes
2026-09-30T21:49:00.387311Z,0.0400,50.00,yes
2026-09-30T21:49:00.387311Z,0.0400,150.77,yes
2026-09-30T21:49:04.891777Z,0.0500,744.94,yes
2026-09-30T21:49:04.891777Z,0.0500,88.44,yes
2026-09-30T21:49:04.891777Z,0.0400,5.00,yes
2026-09-30T21:49:04.891777Z,0.0400,20.00,yes
2026-09-30T21:49:04.891777Z,0.0400,27.06,yes
2026-09-30T21:49:04.891777Z,0.0400,55.00,yes
2026-09-30T21:49:04.891777Z,0.0400,1.00,yes
2026-09-30T21:49:04.891777Z,0.0400,11.00,yes
2026-09-30T21:49:04.891777Z,0.0400,10.00,yes
2026-09-30T21:49:04.891777Z,0.0400,1.00,yes
2026-09-30T21:49:05.653229Z,0.0300,10.44,no
2026-09-30T21:49:05.806353Z,0.0300,37.62,no
2026-09-30T21:49:07.129503Z,0.0500,24.00,yes
2026-09-30T21:49:07.129503Z,0.0500,7.00,yes
2026-09-30T21:49:07.129503Z,0.0500,1.00,yes
2026-09-30T21:49:07.129503Z,0.0500,2.00,yes
2026-09-30T21:49:07.129503Z,0.0500,82.06,yes
2026-09-30T21:49:07.129503Z,0.0500,200.00,yes
2026-09-30T21:49:07.129503Z,0.0500,56.99,yes
2026-09-30T21:49:07.129503Z,0.0500,1.00,yes
2026-09-30T21:49:07.129503Z,0.0500,1.00,yes
2026-09-30T21:49:09.913918Z,0.0500,3.75,yes
2026-09-30T21:49:10.275351Z,0.0300,4.53,no
2026-09-30T21:49:13.47435Z,0.0400,12.42,yes
2026-09-30T21:49:13.47435Z,0.0400,1.00,yes
2026-09-30T21:49:13.47435Z,0.0400,7.00,yes
2026-09-30T21:49:13.47435Z,0.0400,1.00,yes
2026-09-30T21:49:13.47435Z,0.0400,2.00,yes
2026-09-30T21:49:14.258127Z,0.0400,46.85,yes
2026-09-30T21:49:15.080853Z,0.0400,15.18,yes
2026-09-30T21:49:15.080853Z,0.0400,0.09,yes
2026-09-30T21:49:15.080853Z,0.0400,55.00,yes
2026-09-30T21:49:16.135776Z,0.0400,3.00,yes
2026-09-30T21:49:16.135776Z,0.0400,50.00,yes
2026-09-30T21:49:16.135776Z,0.0400,5.00,yes
2026-09-30T21:49:16.135776Z,0.0400,2.00,yes
2026-09-30T21:49:16.135776Z,0.0400,1.00,yes
2026-09-30T21:49:16.135776Z,0.0500,44.81,yes
2026-09-30T21:49:17.030038Z,0.0300,104.45,no
2026-09-30T21:49:17.953768Z,0.0400,7.02,yes
2026-09-30T21:49:20.404724Z,0.0400,2.00,yes
2026-09-30T21:49:20.404724Z,0.0400,1.00,yes
2026-09-30T21:49:20.404724Z,0.0400,3.00,yes
2026-09-30T21:49:20.404724Z,0.0400,3.98,yes
2026-09-30T21:49:20.404724Z,0.0400,2.00,yes
2026-09-30T21:49:20.404724Z,0.0400,2.00,yes
2026-09-30T21:49:20.404724Z,0.0400,6.86,yes
2026-09-30T21:49:22.841605Z,0.0300,18.81,no
2026-09-30T21:49:22.977372Z,0.0400,23.42,yes
2026-09-30T21:49:23.340016Z,0.0300,187.52,no
2026-09-30T21:49:23.766649Z,0.0400,2.00,yes
2026-09-30T21:49:23.766649Z,0.0400,1.00,yes
2026-09-30T21:49:23.766649Z,0.0400,1.00,yes
2026-09-30T21:49:23.766649Z,0.0400,3.00,yes
2026-09-30T21:49:23.766649Z,0.0400,34.85,yes
2026-09-30T21:49:23.766649Z,0.0400,5.00,yes
2026-09-30T21:49:23.811543Z,0.0300,458.54,no
2026-09-30T21:49:23.914797Z,0.0400,10.60,yes
2026-09-30T21:49:23.914797Z,0.0400,74.13,yes
2026-09-30T21:49:23.914797Z,0.0400,19.91,yes
2026-09-30T21:49:24.26224Z,0.0300,95.00,no
2026-09-30T21:49:24.72605Z,0.0400,1.00,yes
2026-09-30T21:49:24.72605Z,0.0400,1.00,yes
2026-09-30T21:49:24.72605Z,0.0400,11.00,yes
2026-09-30T21:49:24.72605Z,0.0400,50.00,yes
2026-09-30T21:49:24.72605Z,0.0400,55.00,yes
2026-09-30T21:49:24.72605Z,0.0400,20.00,yes
2026-09-30T21:49:24.72605Z,0.0400,1.00,yes
2026-09-30T21:49:24.72605Z,0.0400,3.00,yes
2026-09-30T21:49:24.72605Z,0.0400,2.73,yes
2026-09-30T21:49:24.72605Z,0.0500,94.45,yes
2026-09-30T21:49:24.72605Z,0.0500,71.36,yes
2026-09-30T21:49:25.730296Z,0.0300,1000.00,no
2026-09-30T21:49:26.735822Z,0.0400,5.00,yes
2026-09-30T21:49:26.735822Z,0.0400,2.00,yes
2026-09-30T21:49:26.735822Z,0.0400,1.00,yes
2026-09-30T21:49:26.735822Z,0.0400,104.00,yes
2026-09-30T21:49:26.735822Z,0.0400,2.75,yes
2026-09-30T21:49:26.735822Z,0.0400,20.00,yes
2026-09-30T21:49:26.735822Z,0.0400,1.00,yes
2026-09-30T21:49:26.735822Z,0.0400,36.16,yes
2026-09-30T21:49:26.735822Z,0.0400,1.00,yes
2026-09-30T21:49:26.735822Z,0.0400,2.00,yes
2026-09-30T21:49:26.735822Z,0.0500,47.42,yes
2026-09-30T21:49:27.498509Z,0.0400,142.66,yes
2026-09-30T21:49:27.498509Z,0.0400,1.00,yes
2026-09-30T21:49:27.498509Z,0.0400,2.80,yes
2026-09-30T21:49:27.498509Z,0.0400,104.00,yes
2026-09-30T21:49:28.101547Z,0.0400,117.12,yes
2026-09-30T21:49:28.721407Z,0.0400,468.51,yes
2026-09-30T21:49:29.851468Z,0.0400,23.42,yes
2026-09-30T21:49:30.66214Z,0.0400,46.85,yes
2026-09-30T21:49:33.345865Z,0.0300,69.98,no
2026-09-30T21:49:33.910119Z,0.0400,117.12,yes
2026-09-30T21:49:34.515876Z,0.0400,93.70,yes
2026-09-30T21:49:35.337164Z,0.0400,117.12,yes
2026-09-30T21:49:35.357499Z,0.0400,117.12,yes
2026-09-30T21:49:36.092223Z,0.0300,50.00,no
2026-09-30T21:49:36.251774Z,0.0400,23.42,yes
2026-09-30T21:49:36.302627Z,0.0300,1.00,no
2026-09-30T21:49:36.544064Z,0.0300,99.00,no
2026-09-30T21:49:36.642623Z,0.0500,81.22,yes
2026-09-30T21:49:36.642623Z,0.0500,200.00,yes
2026-09-30T21:49:36.642623Z,0.0500,173.60,yes
2026-09-30T21:49:36.642623Z,0.0400,5.00,yes
2026-09-30T21:49:36.642623Z,0.0400,1.00,yes
2026-09-30T21:49:36.642623Z,0.0400,55.00,yes
2026-09-30T21:49:36.642623Z,0.0400,0.10,yes
2026-09-30T21:49:36.642623Z,0.0400,2.00,yes
2026-09-30T21:49:36.642623Z,0.0400,1.00,yes
2026-09-30T21:49:36.642623Z,0.0400,492.83,yes
2026-09-30T21:49:36.642623Z,0.0400,36.81,yes
2026-09-30T21:49:36.642623Z,0.0400,7.00,yes
2026-09-30T21:49:36.642623Z,0.0400,1.00,yes
2026-09-30T21:49:36.777278Z,0.0300,42.00,no
2026-09-30T21:49:38.235773Z,0.0400,11.00,yes
2026-09-30T21:49:38.235773Z,0.0400,1.00,yes
2026-09-30T21:49:38.235773Z,0.0400,11.00,yes
2026-09-30T21:49:38.235773Z,0.0400,3.00,yes
2026-09-30T21:49:38.235773Z,0.0400,3.00,yes
2026-09-30T21:49:38.235773Z,0.0400,50.00,yes
2026-09-30T21:49:38.268966Z,0.0400,200.00,no
2026-09-30T21:49:38.268966Z,0.0400,91.00,no
2026-09-30T21:49:38.268966Z,0.0400,15.00,no
2026-09-30T21:49:38.2943Z,0.0400,58.00,no
2026-09-30T21:49:39.74564Z,0.0400,1.00,yes
2026-09-30T21:49:39.74564Z,0.0400,1.00,yes
2026-09-30T21:49:39.74564Z,0.0400,80.00,yes
2026-09-30T21:49:39.74564Z,0.0400,1.00,yes
2026-09-30T21:49:39.74564Z,0.0400,50.30,yes
2026-09-30T21:49:39.74564Z,0.0400,100.00,yes
2026-09-30T21:49:39.74564Z,0.0400,34.29,yes
2026-09-30T21:49:39.74564Z,0.0400,1.00,yes
2026-09-30T21:49:41.210023Z,0.0400,23.42,yes
2026-09-30T21:49:42.761437Z,0.0400,117.12,yes
2026-09-30T21:49:43.567791Z,0.0400,9.05,yes
2026-09-30T21:49:43.567791Z,0.0400,459.46,yes
2026-09-30T21:49:44.05548Z,0.0400,117.12,yes
2026-09-30T21:49:45.090532Z,0.0400,15.70,yes
2026-09-30T21:49:45.090532Z,0.0400,135.81,yes
2026-09-30T21:49:45.090532Z,0.0400,2.00,yes
2026-09-30T21:49:45.090532Z,0.0400,3.00,yes
2026-09-30T21:49:45.090532Z,0.0400,1.00,yes
2026-09-30T21:49:45.090532Z,0.0400,311.00,yes
2026-09-30T21:49:45.14314Z,0.0400,46.85,yes
2026-09-30T21:49:45.385757Z,0.0400,23.42,yes
2026-09-30T21:49:46.040461Z,0.0400,73.33,yes
2026-09-30T21:49:46.657994Z,0.0300,26.63,no
2026-09-30T21:49:46.657994Z,0.0300,2222.00,no
2026-09-30T21:49:46.657994Z,0.0300,821.60,no
2026-09-30T21:49:46.657994Z,0.0300,1.00,no
2026-09-30T21:49:46.657994Z,0.0300,80.00,no
2026-09-30T21:49:46.657994Z,0.0300,16.00,no
2026-09-30T21:49:46.657994Z,0.0300,2862.00,no
2026-09-30T21:49:46.657994Z,0.0300,100.00,no
2026-09-30T21:49:46.657994Z,0.0300,200.00,no
2026-09-30T21:49:46.657994Z,0.0300,0.10,no
2026-09-30T21:49:46.657994Z,0.0300,105.00,no
2026-09-30T21:49:46.657994Z,0.0300,24.00,no
2026-09-30T21:49:46.657994Z,0.0300,400.00,no
2026-09-30T21:49:46.657994Z,0.0300,29.14,no
2026-09-30T21:49:46.657994Z,0.0300,100.00,no
2026-09-30T21:49:46.657994Z,0.0300,20.00,no
2026-09-30T21:49:46.657994Z,0.0300,126.00,no
2026-09-30T21:49:47.035291Z,0.0400,22.12,yes
2026-09-30T21:49:47.093809Z,0.0400,187.52,yes
2026-09-30T21:49:48.497996Z,0.0400,9.13,yes
2026-09-30T21:49:48.606051Z,0.0400,209.03,yes
2026-09-30T21:49:49.285955Z,0.0400,117.12,yes
2026-09-30T21:49:51.579625Z,0.0300,0.88,no
2026-09-30T21:49:52.808681Z,0.0300,3.62,no
2026-09-30T21:49:53.317008Z,0.0300,5.50,no
2026-09-30T21:49:53.317008Z,0.0300,98.95,no
2026-09-30T21:49:55.741333Z,0.0400,10.08,yes
2026-09-30T21:49:55.741333Z,0.0400,20.00,yes
2026-09-30T21:49:55.741333Z,0.0400,30.58,yes
2026-09-30T21:49:56.298829Z,0.0400,229.57,yes
2026-09-30T21:49:57.905623Z,0.0400,107.75,yes
2026-09-30T21:49:57.907645Z,0.0300,100.00,no
2026-09-30T21:49:57.907645Z,0.0300,90.00,no
2026-09-30T21:49:57.907645Z,0.0300,1.05,no
2026-09-30T21:49:57.907645Z,0.0300,147.61,no
2026-09-30T21:49:57.907645Z,0.0300,24.00,no
2026-09-30T21:49:58.235478Z,0.0400,32.10,yes
2026-09-30T21:49:58.235478Z,0.0400,30.02,yes
2026-09-30T21:49:58.235478Z,0.0400,55.00,yes
2026-09-30T21:49:58.492399Z,0.0400,73.98,yes
2026-09-30T21:49:58.492399Z,0.0400,43.14,yes
2026-09-30T21:49:59.189965Z,0.0300,5.00,no
2026-09-30T21:50:01.660878Z,0.0400,23.42,yes
2026-09-30T21:50:02.571438Z,0.0400,0.23,yes
2026-09-30T21:50:02.910328Z,0.0400,46.85,yes
2026-09-30T21:50:03.924933Z,0.0400,234.25,yes
2026-09-30T21:50:05.307199Z,0.0400,70.27,yes
2026-09-30T21:50:05.342907Z,0.0400,257.68,yes
2026-09-30T21:50:05.492269Z,0.0400,23.42,yes
2026-09-30T21:50:05.681947Z,0.0400,46.85,yes
2026-09-30T21:50:05.977052Z,0.0300,31.33,no
2026-09-30T21:50:07.430066Z,0.0400,23.42,yes
2026-09-30T21:50:08.85667Z,0.0400,117.12,yes
2026-09-30T21:50:14.339511Z,0.0400,23.42,yes
2026-09-30T21:50:14.43983Z,0.0400,11.71,yes
2026-09-30T21:50:17.515391Z,0.0400,23.42,yes
2026-09-30T21:50:18.398007Z,0.0400,178.50,yes
2026-09-30T21:50:19.048061Z,0.0300,20.88,no
2026-09-30T21:50:19.227464Z,0.0400,1127.44,yes
2026-09-30T21:50:19.227464Z,0.0400,1215.13,yes
2026-09-30T21:50:19.464456Z,0.0400,18.74,yes
2026-09-30T21:50:19.577155Z,0.0400,23.25,yes
2026-09-30T21:50:19.736324Z,0.0400,20.38,yes
2026-09-30T21:50:20.905829Z,0.0300,142.79,no
2026-09-30T21:50:20.905829Z,0.0300,2538.21,no
2026-09-30T21:50:22.260455Z,0.0400,32.50,yes
2026-09-30T21:50:22.260455Z,0.0400,14.35,yes
2026-09-30T21:50:23.438355Z,0.0400,117.12,yes
2026-09-30T21:50:26.715408Z,0.0400,49.66,yes
2026-09-30T21:50:28.53247Z,0.0400,18.87,yes
2026-09-30T21:50:28.53247Z,0.0400,15.38,yes
2026-09-30T21:50:28.53247Z,0.0400,200.00,yes
2026-09-30T21:50:28.840538Z,0.0400,100.73,yes
2026-09-30T21:50:29.515821Z,0.0400,70.27,yes
2026-09-30T21:50:30.101285Z,0.0300,24.00,no
2026-09-30T21:50:30.101285Z,0.0300,3328.00,no
2026-09-30T21:50:30.101285Z,0.0300,25.43,no
2026-09-30T21:50:30.101285Z,0.0300,367.79,no
2026-09-30T21:50:30.101285Z,0.0300,1.00,no
2026-09-30T21:50:30.101285Z,0.0300,126.00,no
2026-09-30T21:50:30.101285Z,0.0300,96.00,no
2026-09-30T21:50:30.101285Z,0.0300,83.00,no
2026-09-30T21:50:30.101285Z,0.0300,18.00,no
2026-09-30T21:50:30.101285Z,0.0300,0.10,no
2026-09-30T21:50:30.101285Z,0.0200,681.54,no
2026-09-30T21:50:30.895126Z,0.0400,13.62,yes
2026-09-30T21:50:30.895126Z,0.0400,20.63,yes
2026-09-30T21:50:30.895126Z,0.0400,200.00,yes
2026-09-30T21:50:30.941376Z,0.0400,179.37,yes
2026-09-30T21:50:30.941376Z,0.0400,54.88,yes
2026-09-30T21:50:31.536125Z,0.0400,23.42,yes
2026-09-30T21:50:33.01058Z,0.0400,121.70,yes
2026-09-30T21:50:33.01058Z,0.0400,200.00,yes
2026-09-30T21:50:33.01058Z,0.0400,29.55,yes
2026-09-30T21:50:35.281187Z,0.0400,17.33,yes
2026-09-30T21:50:36.876597Z,0.0400,46.85,yes
2026-09-30T21:50:38.648558Z,0.0400,64.73,yes
2026-09-30T21:50:38.648558Z,0.0400,200.00,yes
2026-09-30T21:50:38.648558Z,0.0400,106.27,yes
2026-09-30T21:50:39.552763Z,0.0400,93.70,yes
2026-09-30T21:50:39.74278Z,0.0400,5.00,yes
2026-09-30T21:50:40.524486Z,0.0400,36.57,yes
2026-09-30T21:50:40.524486Z,0.0400,25.41,yes
2026-09-30T21:50:40.524486Z,0.0400,1.00,yes
2026-09-30T21:50:40.524486Z,0.0400,1.00,yes
2026-09-30T21:50:40.524486Z,0.0400,100.00,yes
2026-09-30T21:50:41.795363Z,0.0400,55.05,yes
2026-09-30T21:50:41.795363Z,0.0400,29.59,yes
2026-09-30T21:50:41.795363Z,0.0400,80.00,yes
2026-09-30T21:50:41.795363Z,0.0400,4.00,yes
2026-09-30T21:50:41.795363Z,0.0400,30.02,yes
2026-09-30T21:50:41.795363Z,0.0400,73.98,yes
2026-09-30T21:50:41.795363Z,0.0400,40.00,yes
2026-09-30T21:50:41.795363Z,0.0400,0.10,yes
2026-09-30T21:50:41.795363Z,0.0400,5.00,yes
2026-09-30T21:50:41.795363Z,0.0400,7.10,yes
2026-09-30T21:50:41.795363Z,0.0400,4.94,yes
2026-09-30T21:50:41.795363Z,0.0400,79.00,yes
2026-09-30T21:50:41.795363Z,0.0400,36.30,yes
2026-09-30T21:50:42.28292Z,0.0400,70.27,yes
2026-09-30T21:50:42.527238Z,0.0400,46.85,yes
2026-09-30T21:50:44.137643Z,0.0400,349.14,yes
2026-09-30T21:50:44.137643Z,0.0400,44.88,yes
2026-09-30T21:50:44.533376Z,0.0400,46.85,yes
2026-09-30T21:50:46.191065Z,0.0300,1.00,yes
2026-09-30T21:50:46.191065Z,0.0300,1.00,yes
2026-09-30T21:50:46.191065Z,0.0300,23.18,yes
2026-09-30T21:50:46.191065Z,0.0300,3.00,yes
2026-09-30T21:50:46.191065Z,0.0300,11.00,yes
2026-09-30T21:50:46.191065Z,0.0400,77.94,yes
2026-09-30T21:50:51.27238Z,0.0300,1.00,yes
2026-09-30T21:50:51.27238Z,0.0300,37.25,yes
2026-09-30T21:50:51.27238Z,0.0300,11.00,yes
2026-09-30T21:50:51.27238Z,0.0300,1.00,yes
2026-09-30T21:50:51.27238Z,0.0300,4.00,yes
2026-09-30T21:50:52.969408Z,0.0400,29.98,yes
2026-09-30T21:50:53.393857Z,0.0400,177.63,yes
2026-09-30T21:50:53.393857Z,0.0400,56.62,yes
2026-09-30T21:50:53.492132Z,0.0400,23.42,yes
2026-09-30T21:50:56.836701Z,0.0400,117.12,yes
2026-09-30T21:50:58.270583Z,0.0400,2.84,yes
2026-09-30T21:50:58.270583Z,0.0400,5.59,yes
2026-09-30T21:50:58.83805Z,0.0400,194.41,yes
2026-09-30T21:50:58.83805Z,0.0400,39.84,yes
2026-09-30T21:50:59.5931Z,0.0400,46.85,yes
2026-09-30T21:50:59.607897Z,0.0400,113.31,yes
2026-09-30T21:50:59.607897Z,0.0400,120.94,yes
2026-09-30T21:51:03.576159Z,0.0300,11.00,yes
2026-09-30T21:51:03.576159Z,0.0300,1.00,yes
2026-09-30T21:51:03.576159Z,0.0300,22.57,yes
2026-09-30T21:51:03.576159Z,0.0300,5.00,yes
2026-09-30T21:51:03.576159Z,0.0300,26.63,yes
2026-09-30T21:51:03.700164Z,0.0300,1.00,yes
2026-09-30T21:51:03.700164Z,0.0300,1.00,yes
2026-09-30T21:51:03.700164Z,0.0300,1.00,yes
2026-09-30T21:51:03.700164Z,0.0300,3.00,yes
2026-09-30T21:51:05.200399Z,0.0300,20.00,yes
2026-09-30T21:51:05.200399Z,0.0300,343.19,yes
2026-09-30T21:51:05.200399Z,0.0300,3.00,yes
2026-09-30T21:51:05.200399Z,0.0300,98.00,yes
2026-09-30T21:51:05.200399Z,0.0300,1.00,yes
2026-09-30T21:51:05.200399Z,0.0300,1.00,yes
2026-09-30T21:51:05.200399Z,0.0300,4.00,yes
2026-09-30T21:51:06.702649Z,0.0300,100.00,yes
2026-09-30T21:51:06.702649Z,0.0300,97.00,yes
2026-09-30T21:51:06.702649Z,0.0300,20.00,yes
2026-09-30T21:51:06.702649Z,0.0300,43.00,yes
2026-09-30T21:51:06.702649Z,0.0300,5.00,yes
2026-09-30T21:51:06.702649Z,0.0300,50.00,yes
2026-09-30T21:51:06.702649Z,0.0300,1.00,yes
2026-09-30T21:51:06.882251Z,0.0300,20.00,yes
2026-09-30T21:51:06.882251Z,0.0300,87.00,yes
2026-09-30T21:51:06.882251Z,0.0300,100.00,yes
2026-09-30T21:51:06.882251Z,0.0300,9.09,yes
2026-09-30T21:51:06.882251Z,0.0400,18.16,yes
2026-09-30T21:51:08.090629Z,0.0200,23.39,no
2026-09-30T21:51:12.481523Z,0.0300,100.00,yes
2026-09-30T21:51:12.481523Z,0.0300,3.12,yes
2026-09-30T21:51:12.481523Z,0.0300,1.00,yes
2026-09-30T21:51:12.481523Z,0.0300,1.00,yes
2026-09-30T21:51:12.481523Z,0.0300,11.00,yes
2026-09-30T21:51:12.481523Z,0.0300,1.00,yes
2026-09-30T21:51:12.658211Z,0.0300,42.32,yes
2026-09-30T21:51:12.658211Z,0.0300,1.00,yes
2026-09-30T21:51:12.658211Z,0.0300,5.00,yes
2026-09-30T21:51:12.658211Z,0.0300,4.00,yes
2026-09-30T21:51:15.136801Z,0.0200,75.46,no
2026-09-30T21:51:16.339752Z,0.0300,23.79,yes
2026-09-30T21:51:16.339752Z,0.0300,1.00,yes
2026-09-30T21:51:16.339752Z,0.0300,2.00,yes
2026-09-30T21:51:16.339752Z,0.0300,85.00,yes
2026-09-30T21:51:16.339752Z,0.0300,5.00,yes
2026-09-30T21:51:16.339752Z,0.0300,1.00,yes
2026-09-30T21:51:16.339752Z,0.0300,1.00,yes
2026-09-30T21:51:16.339752Z,0.0300,100.00,yes
2026-09-30T21:51:16.339752Z,0.0300,28.00,yes
2026-09-30T21:51:16.339752Z,0.0300,1.00,yes
2026-09-30T21:51:18.497162Z,0.0400,4.68,yes
2026-09-30T21:51:18.91991Z,0.0300,1.00,no
2026-09-30T21:51:18.91991Z,0.0300,84.00,no
2026-09-30T21:51:18.91991Z,0.0300,126.00,no
2026-09-30T21:51:18.91991Z,0.0300,80.00,no
2026-09-30T21:51:18.91991Z,0.0300,29.87,no
2026-09-30T21:51:18.91991Z,0.0300,48.00,no
2026-09-30T21:51:18.91991Z,0.0300,24.00,no
2026-09-30T21:51:18.91991Z,0.0300,22.00,no
2026-09-30T21:51:19.863626Z,0.0300,156.06,yes
2026-09-30T21:51:20.440092Z,0.0300,429.07,yes
2026-09-30T21:51:20.440092Z,0.0300,70.93,yes
2026-09-30T21:51:21.945005Z,0.0400,15.42,yes
2026-09-30T21:51:21.945005Z,0.0300,1.00,yes
2026-09-30T21:51:21.945005Z,0.0300,2.00,yes
2026-09-30T21:51:21.945005Z,0.0300,1.00,yes
2026-09-30T21:51:21.945005Z,0.0300,4.00,yes
2026-09-30T21:51:22.748071Z,0.0300,41.00,no
2026-09-30T21:51:22.748071Z,0.0300,57.85,no
2026-09-30T21:51:24.263666Z,0.0300,68.15,no
2026-09-30T21:51:24.263666Z,0.0300,24.00,no
2026-09-30T21:51:24.263666Z,0.0300,36.76,no
2026-09-30T21:51:24.263666Z,0.0300,80.00,no
2026-09-30T21:51:25.882072Z,0.0400,200.00,yes
2026-09-30T21:51:25.882072Z,0.0400,55.00,yes
2026-09-30T21:51:25.882072Z,0.0400,29.23,yes
2026-09-30T21:51:25.882072Z,0.0400,1.00,yes
2026-09-30T21:51:25.882072Z,0.0400,10.00,yes
2026-09-30T21:51:25.882072Z,0.0400,1.00,yes
2026-09-30T21:51:25.882072Z,0.0400,200.00,yes
2026-09-30T21:51:25.882072Z,0.0400,200.00,yes
2026-09-30T21:51:25.882072Z,0.0400,40.80,yes
2026-09-30T21:51:25.882072Z,0.0400,200.00,yes
2026-09-30T21:51:26.299796Z,0.0300,1.00,no
2026-09-30T21:51:26.299796Z,0.0300,3.00,no
2026-09-30T21:51:26.299796Z,0.0300,45.00,no
2026-09-30T21:51:26.374006Z,0.0300,39.37,no
2026-09-30T21:51:26.374006Z,0.0300,12.85,no
2026-09-30T21:51:28.585853Z,0.0400,117.12,yes
2026-09-30T21:51:28.829879Z,0.0400,53.65,yes
2026-09-30T21:51:28.829879Z,0.0400,63.47,yes
2026-09-30T21:51:29.185934Z,0.0400,46.85,yes
2026-09-30T21:51:29.665749Z,0.0400,70.27,yes
2026-09-30T21:51:30.618198Z,0.0400,3.00,yes
2026-09-30T21:51:30.618198Z,0.0400,19.41,yes
2026-09-30T21:51:30.618198Z,0.0400,22.44,yes
2026-09-30T21:51:30.618198Z,0.0400,2.00,yes
2026-09-30T21:51:32.667227Z,0.0300,83.00,no
2026-09-30T21:51:32.667227Z,0.0300,17.00,no
2026-09-30T21:51:33.027157Z,0.0400,70.27,yes
2026-09-30T21:51:33.529274Z,0.0400,23.42,yes
2026-09-30T21:51:33.768519Z,0.0400,117.12,yes
2026-09-30T21:51:33.92317Z,0.0300,4.00,no
2026-09-30T21:51:35.992931Z,0.0400,23.62,yes
2026-09-30T21:51:35.992931Z,0.0400,2.00,yes
2026-09-30T21:51:35.992931Z,0.0400,1.00,yes
2026-09-30T21:51:35.992931Z,0.0400,2.00,yes
2026-09-30T21:51:35.992931Z,0.0400,157.02,yes
2026-09-30T21:51:35.992931Z,0.0400,200.00,yes
2026-09-30T21:51:35.992931Z,0.0400,200.00,yes
2026-09-30T21:51:36.245937Z,0.0400,42.98,yes
2026-09-30T21:51:36.245937Z,0.0400,100.00,yes
2026-09-30T21:51:36.245937Z,0.0400,91.27,yes
2026-09-30T21:51:36.501783Z,0.0300,7.84,no
2026-09-30T21:51:36.671642Z,0.0400,50.00,yes
2026-09-30T21:51:36.671642Z,0.0400,43.70,yes
2026-09-30T21:51:39.016784Z,0.0400,23.42,yes
2026-09-30T21:51:41.574484Z,0.0400,23.42,yes
2026-09-30T21:51:43.152139Z,0.0400,23.42,yes
2026-09-30T21:51:51.122119Z,0.0400,6.32,yes
2026-09-30T21:51:52.597872Z,0.0400,105.42,yes
2026-09-30T21:51:52.597872Z,0.0400,10.00,yes
2026-09-30T21:51:52.597872Z,0.0400,55.00,yes
2026-09-30T21:51:52.597872Z,0.0400,0.10,yes
2026-09-30T21:51:52.597872Z,0.0400,63.73,yes
2026-09-30T21:51:52.945921Z,0.0400,70.27,yes
2026-09-30T21:51:53.963086Z,0.0400,8.19,yes
2026-09-30T21:51:57.322739Z,0.0400,200.00,yes
2026-09-30T21:51:57.322739Z,0.0400,32.43,yes
2026-09-30T21:51:57.322739Z,0.0400,57.81,yes
2026-09-30T21:51:57.327458Z,0.0400,23.42,yes
2026-09-30T21:52:00.256608Z,0.0300,10.00,no
2026-09-30T21:52:00.256608Z,0.0300,258.00,no
2026-09-30T21:52:00.256608Z,0.0300,24.00,no
2026-09-30T21:52:00.256608Z,0.0300,96.00,no
2026-09-30T21:52:00.256608Z,0.0300,79.00,no
2026-09-30T21:52:00.256608Z,0.0300,7.00,no
2026-09-30T21:52:09.129995Z,0.0400,70.27,yes
2026-09-30T21:52:09.504543Z,0.0400,23.42,yes
2026-09-30T21:52:11.385878Z,0.0400,46.85,yes
2026-09-30T21:52:12.753504Z,0.0400,3.61,yes
2026-09-30T21:52:12.753504Z,0.0400,43.24,yes
2026-09-30T21:52:13.260979Z,0.0400,78.24,yes
2026-09-30T21:52:13.925264Z,0.0400,46.85,yes
2026-09-30T21:52:18.220439Z,0.0400,31.67,yes
2026-09-30T21:52:18.220439Z,0.0400,200.00,yes
2026-09-30T21:52:18.220439Z,0.0400,200.00,yes
2026-09-30T21:52:18.220439Z,0.0400,151.97,yes
2026-09-30T21:52:18.220439Z,0.0400,1.00,yes
2026-09-30T21:52:18.220439Z,0.0400,1.00,yes
2026-09-30T21:52:22.947894Z,0.0400,48.03,yes
2026-09-30T21:52:22.947894Z,0.0400,41.09,yes
2026-09-30T21:52:22.947894Z,0.0400,3.00,yes
2026-09-30T21:52:22.947894Z,0.0400,1.00,yes
2026-09-30T21:52:22.947894Z,0.0400,2.00,yes
2026-09-30T21:52:22.947894Z,0.0400,20.00,yes
2026-09-30T21:52:22.947894Z,0.0400,2.00,yes
2026-09-30T21:52:24.237736Z,0.0400,157.00,yes
2026-09-30T21:52:24.237736Z,0.0400,200.00,yes
2026-09-30T21:52:24.465402Z,0.0400,50.70,yes
2026-09-30T21:52:24.465402Z,0.0400,43.00,yes
2026-09-30T21:52:24.522462Z,0.0400,117.12,yes
2026-09-30T21:52:25.209171Z,0.0400,5.15,yes
2026-09-30T21:52:25.923297Z,0.0400,5.62,yes
2026-09-30T21:52:27.178274Z,0.0400,21.41,yes
2026-09-30T21:52:27.178274Z,0.0400,95.71,yes
2026-09-30T21:52:28.451211Z,0.0400,468.51,yes
2026-09-30T21:52:31.327743Z,0.0400,46.85,yes
2026-09-30T21:52:32.590997Z,0.0400,3.98,yes
2026-09-30T21:52:32.924879Z,0.0400,46.85,yes
2026-09-30T21:52:33.689625Z,0.0400,78.24,yes
2026-09-30T21:52:35.955999Z,0.0400,70.04,yes
2026-09-30T21:52:42.670591Z,0.0400,117.12,yes
2026-09-30T21:52:44.73026Z,0.0300,100.00,no
2026-09-30T21:52:44.73026Z,0.0300,142.00,no
2026-09-30T21:52:44.73026Z,0.0300,2386.59,no
2026-09-30T21:52:45.078909Z,0.0400,23.42,yes
2026-09-30T21:52:47.073608Z,0.0400,49.28,yes
2026-09-30T21:52:47.073608Z,0.0400,67.84,yes
2026-09-30T21:52:48.415159Z,0.0400,23.42,yes
2026-09-30T21:52:48.654274Z,0.0400,26.84,yes
2026-09-30T21:52:48.654274Z,0.0400,12.74,yes
2026-09-30T21:52:52.45944Z,0.0300,199.15,no
2026-09-30T21:52:52.45944Z,0.0300,4.94,no
2026-09-30T21:52:52.942745Z,0.0400,200.00,yes
2026-09-30T21:52:52.942745Z,0.0400,179.91,yes
2026-09-30T21:52:52.942745Z,0.0400,15.00,yes
2026-09-30T21:52:52.942745Z,0.0400,10.00,yes
2026-09-30T21:52:52.942745Z,0.0400,107.16,yes
2026-09-30T21:52:52.942745Z,0.0400,95.00,yes
2026-09-30T21:52:52.942745Z,0.0400,1.00,yes
2026-09-30T21:52:52.942745Z,0.0400,1.00,yes
2026-09-30T21:52:53.283195Z,0.0300,1.15,no
2026-09-30T21:52:53.283195Z,0.0300,0.85,no
2026-09-30T21:52:53.965444Z,0.0400,31.62,yes
2026-09-30T21:52:55.493905Z,0.0400,23.42,yes
2026-09-30T21:52:55.524874Z,0.0400,23.42,yes
2026-09-30T21:52:56.017216Z,0.0400,12.00,yes
2026-09-30T21:52:56.04685Z,0.0400,1.40,yes
2026-09-30T21:52:58.60875Z,0.0400,22.95,yes
2026-09-30T21:53:00.838786Z,0.0400,234.25,yes
2026-09-30T21:53:01.74889Z,0.0400,200.00,yes
2026-09-30T21:53:01.74889Z,0.0400,106.15,yes
2026-09-30T21:53:01.74889Z,0.0400,1.00,yes
2026-09-30T21:53:01.74889Z,0.0400,200.00,yes
2026-09-30T21:53:01.74889Z,0.0400,0.10,yes
2026-09-30T21:53:01.74889Z,0.0400,200.00,yes
2026-09-30T21:53:01.74889Z,0.0400,464.03,yes
2026-09-30T21:53:02.500279Z,0.0300,94.07,no
2026-09-30T21:53:03.947706Z,0.0400,3.00,yes
2026-09-30T21:53:04.010979Z,0.0400,46.85,yes
2026-09-30T21:53:06.608392Z,0.0400,44.00,yes
2026-09-30T21:53:06.608392Z,0.0400,96.32,yes
2026-09-30T21:53:07.25894Z,0.0300,101.51,no
2026-09-30T21:53:07.835785Z,0.0400,46.85,yes
2026-09-30T21:53:07.971637Z,0.0400,105.69,yes
2026-09-30T21:53:07.971637Z,0.0400,200.00,yes
2026-09-30T21:53:07.971637Z,0.0400,7.00,yes
2026-09-30T21:53:07.971637Z,0.0400,20.00,yes
2026-09-30T21:53:07.971637Z,0.0400,200.00,yes
2026-09-30T21:53:07.971637Z,0.0400,50.00,yes
2026-09-30T21:53:07.971637Z,0.0400,56.83,yes
2026-09-30T21:53:09.192283Z,0.0400,3.04,yes
2026-09-30T21:53:11.329706Z,0.0300,126.00,no
2026-09-30T21:53:11.329706Z,0.0300,100.00,no
2026-09-30T21:53:11.329706Z,0.0300,63.27,no
2026-09-30T21:53:11.329706Z,0.0300,24.00,no
2026-09-30T21:53:11.329706Z,0.0300,154.63,no
2026-09-30T21:53:12.182833Z,0.0400,91.27,yes
2026-09-30T21:53:12.182833Z,0.0400,142.98,yes
2026-09-30T21:53:13.216744Z,0.0400,57.02,yes
2026-09-30T21:53:13.216744Z,0.0400,55.00,yes
2026-09-30T21:53:13.216744Z,0.0400,304.64,yes
2026-09-30T21:53:15.839639Z,0.0300,142.31,no
2026-09-30T21:53:15.839639Z,0.0300,45.37,no
2026-09-30T21:53:22.676739Z,0.0400,46.85,yes
2026-09-30T21:53:25.116776Z,0.0400,23.42,yes
2026-09-30T21:53:25.614386Z,0.0300,27.27,no
2026-09-30T21:53:27.516031Z,0.0400,42.40,yes
2026-09-30T21:53:28.092085Z,0.0400,10.43,yes
2026-09-30T21:53:28.092085Z,0.0400,106.69,yes
2026-09-30T21:53:29.366124Z,0.0300,157.50,no
2026-09-30T21:53:30.036312Z,0.0300,670.62,no
2026-09-30T21:53:33.450278Z,0.0400,1.00,yes
2026-09-30T21:53:33.450278Z,0.0400,1.00,yes
2026-09-30T21:53:33.450278Z,0.0400,1.00,yes
2026-09-30T21:53:33.450278Z,0.0400,1.91,yes
2026-09-30T21:53:37.626081Z,0.0400,67.00,yes
2026-09-30T21:53:37.626081Z,0.0400,244.87,yes
2026-09-30T21:53:37.626081Z,0.0400,7.00,yes
2026-09-30T21:53:37.626081Z,0.0400,1.00,yes
2026-09-30T21:53:37.626081Z,0.0400,8.09,yes
2026-09-30T21:53:37.653329Z,0.0400,23.42,yes
2026-09-30T21:53:38.959748Z,0.0400,200.00,yes
2026-09-30T21:53:38.959748Z,0.0400,200.00,yes
2026-09-30T21:53:38.959748Z,0.0400,200.00,yes
2026-09-30T21:53:38.959748Z,0.0400,86.00,yes
2026-09-30T21:53:38.959748Z,0.0400,200.00,yes
2026-09-30T21:53:38.959748Z,0.0400,200.00,yes
2026-09-30T21:53:38.959748Z,0.0400,17.46,yes
2026-09-30T21:53:38.959748Z,0.0400,55.00,yes
2026-09-30T21:53:38.959748Z,0.0400,200.00,yes
2026-09-30T21:53:38.959748Z,0.0400,200.00,yes
2026-09-30T21:53:38.959748Z,0.0400,200.00,yes
2026-09-30T21:53:38.959748Z,0.0400,200.00,yes
2026-09-30T21:53:38.959748Z,0.0400,200.00,yes
2026-09-30T21:53:38.959748Z,0.0400,1.00,yes
2026-09-30T21:53:38.959748Z,0.0400,5.00,yes
2026-09-30T21:53:38.959748Z,0.0400,100.00,yes
2026-09-30T21:53:38.959748Z,0.0400,100.00,yes
2026-09-30T21:53:38.959748Z,0.0400,529.71,yes
2026-09-30T21:53:38.959748Z,0.0400,1.00,yes
2026-09-30T21:53:38.959748Z,0.0400,1.00,yes
2026-09-30T21:53:39.418776Z,0.0400,234.25,yes
2026-09-30T21:53:42.057615Z,0.0400,2.00,yes
2026-09-30T21:53:42.057615Z,0.0400,110.75,yes
2026-09-30T21:53:42.057615Z,0.0400,220.58,yes
2026-09-30T21:53:42.064516Z,0.0400,46.85,yes
2026-09-30T21:53:42.305284Z,0.0400,57.68,yes
2026-09-30T21:53:42.305284Z,0.0400,84.00,yes
2026-09-30T21:53:42.305284Z,0.0400,92.57,yes
2026-09-30T21:53:42.759315Z,0.0300,70.27,no
2026-09-30T21:53:43.661432Z,0.0300,70.27,no
2026-09-30T21:53:45.657031Z,0.0400,200.00,yes
2026-09-30T21:53:45.657031Z,0.0400,142.32,yes
2026-09-30T21:53:45.657031Z,0.0400,9.06,yes
2026-09-30T21:53:46.289024Z,0.0400,117.12,yes
2026-09-30T21:53:46.81672Z,0.0400,183.86,yes
2026-09-30T21:53:46.81672Z,0.0400,73.82,yes
2026-09-30T21:53:47.569423Z,0.0400,1160.00,yes
2026-09-30T21:53:47.569423Z,0.0400,2.00,yes
2026-09-30T21:53:47.569423Z,0.0400,55.00,yes
2026-09-30T21:53:49.033747Z,0.0400,234.25,yes
2026-09-30T21:53:54.230785Z,0.0300,60.02,no
2026-09-30T21:53:56.096546Z,0.0500,1.00,yes
2026-09-30T21:53:56.096546Z,0.0500,2.00,yes
2026-09-30T21:53:56.096546Z,0.0500,2.00,yes
2026-09-30T21:53:56.096546Z,0.0500,6.00,yes
2026-09-30T21:53:56.096546Z,0.0400,1.00,yes
2026-09-30T21:53:56.096546Z,0.0500,24.56,yes
2026-09-30T21:53:56.096546Z,0.0500,1.00,yes
2026-09-30T21:53:56.569084Z,0.0400,24.00,no
2026-09-30T21:53:56.569084Z,0.0400,100.00,no
2026-09-30T21:53:56.569084Z,0.0400,95.00,no
2026-09-30T21:53:56.569084Z,0.0400,94.00,no
2026-09-30T21:53:56.569084Z,0.0400,25.32,no
2026-09-30T21:53:56.569084Z,0.0400,62.00,no
2026-09-30T21:53:56.569084Z,0.0400,31.00,no
2026-09-30T21:53:57.84321Z,0.0400,55.00,yes
2026-09-30T21:53:57.84321Z,0.0400,62.12,yes
2026-09-30T21:53:59.243825Z,0.0400,23.42,yes
2026-09-30T21:53:59.824265Z,0.0400,70.27,yes
2026-09-30T21:54:05.729221Z,0.0300,290.24,no
2026-09-30T21:54:07.915712Z,0.0400,55.00,yes
2026-09-30T21:54:07.915712Z,0.0400,99.66,yes
2026-09-30T21:54:07.915712Z,0.0400,1.00,yes
2026-09-30T21:54:07.915712Z,0.0400,1.00,yes
2026-09-30T21:54:08.761902Z,0.0300,1.78,no
2026-09-30T21:54:12.274759Z,0.0300,51.43,no
2026-09-30T21:54:13.545842Z,0.0300,241.74,no
2026-09-30T21:54:14.119614Z,0.0300,24.00,no
2026-09-30T21:54:14.119614Z,0.0300,10.00,no
2026-09-30T21:54:14.119614Z,0.0300,47.35,no
2026-09-30T21:54:14.119614Z,0.0300,244.09,no
2026-09-30T21:54:14.119614Z,0.0300,1.00,no
2026-09-30T21:54:14.119614Z,0.0300,106.83,no
2026-09-30T21:54:14.119614Z,0.0300,89.00,no
2026-09-30T21:54:14.119614Z,0.0300,0.01,no
2026-09-30T21:54:15.421695Z,0.0300,156.06,yes
2026-09-30T21:54:15.897081Z,0.0300,43.94,yes
2026-09-30T21:54:15.897081Z,0.0300,200.00,yes
2026-09-30T21:54:15.897081Z,0.0300,98.91,yes
2026-09-30T21:54:15.897081Z,0.0300,200.00,yes
2026-09-30T21:54:15.897081Z,0.0300,200.00,yes
2026-09-30T21:54:16.760524Z,0.0200,826.58,no
2026-09-30T21:54:22.011572Z,0.0300,0.62,yes
2026-09-30T21:54:24.00642Z,0.0200,124.34,no
2026-09-30T21:54:24.740784Z,0.0300,35.00,yes
2026-09-30T21:54:30.236602Z,0.0300,31.21,yes
2026-09-30T21:54:30.380278Z,0.0200,31.39,no
2026-09-30T21:54:32.565899Z,0.0300,28.16,yes
2026-09-30T21:54:32.565899Z,0.0300,34.26,yes
2026-09-30T21:54:37.349768Z,0.0300,171.84,yes
2026-09-30T21:54:37.349768Z,0.0300,109.08,yes
2026-09-30T21:54:39.623728Z,0.0300,78.63,yes
2026-09-30T21:54:39.623728Z,0.0300,51.43,yes
2026-09-30T21:54:39.623728Z,0.0300,6.00,yes
2026-09-30T21:54:39.623728Z,0.0300,20.00,yes
2026-09-30T21:54:40.542522Z,0.0300,56.49,yes
2026-09-30T21:54:42.319935Z,0.0300,31.21,yes
2026-09-30T21:54:42.670333Z,0.0300,1.00,yes
2026-09-30T21:54:42.670333Z,0.0300,10.00,yes
2026-09-30T21:54:42.670333Z,0.0300,106.83,yes
2026-09-30T21:54:42.670333Z,0.0300,3.00,yes
2026-09-30T21:54:42.670333Z,0.0300,75.41,yes
2026-09-30T21:54:42.670333Z,0.0300,115.89,yes
2026-09-30T21:54:46.326194Z,0.0300,156.06,yes
2026-09-30T21:54:47.320997Z,0.0300,0.31,yes
2026-09-30T21:54:47.7154Z,0.0300,156.06,yes
2026-09-30T21:54:49.683502Z,0.0300,40.00,yes
2026-09-30T21:54:50.386849Z,0.0200,47.03,no
2026-09-30T21:54:51.218876Z,0.0300,312.13,yes
2026-09-30T21:54:53.180781Z,0.0300,40.00,yes
2026-09-30T21:54:53.768176Z,0.0300,6.13,yes
2026-09-30T21:54:53.768176Z,0.0300,1.00,yes
2026-09-30T21:54:53.768176Z,0.0300,10.45,yes
2026-09-30T21:54:54.292692Z,0.0300,593.06,yes
2026-09-30T21:54:55.208134Z,0.0300,20.00,yes
2026-09-30T21:54:55.208134Z,0.0300,100.00,yes
2026-09-30T21:54:55.208134Z,0.0300,95.00,yes
2026-09-30T21:54:55.208134Z,0.0300,1.00,yes
2026-09-30T21:54:55.208134Z,0.0300,1.00,yes
2026-09-30T21:54:55.208134Z,0.0300,200.00,yes
2026-09-30T21:54:55.208134Z,0.0300,200.00,yes
2026-09-30T21:54:55.208134Z,0.0300,17.53,yes
2026-09-30T21:54:55.208134Z,0.0300,674.49,yes
2026-09-30T21:54:55.208134Z,0.0300,100.00,yes
2026-09-30T21:54:56.057537Z,0.0300,20.00,yes
2026-09-30T21:54:56.85929Z,0.0200,257.68,no
2026-09-30T21:54:59.063688Z,0.0300,156.06,yes
2026-09-30T21:55:02.053494Z,0.0300,200.00,yes
2026-09-30T21:55:02.053494Z,0.0300,200.00,yes
2026-09-30T21:55:02.053494Z,0.0300,17.86,yes
2026-09-30T21:55:02.053494Z,0.0300,6.41,yes
2026-09-30T21:55:02.053494Z,0.0300,200.00,yes
2026-09-30T21:55:02.437477Z,0.0300,0.99,yes
2026-09-30T21:55:02.437477Z,0.0300,3.00,yes
2026-09-30T21:55:02.437477Z,0.0300,1.00,yes
2026-09-30T21:55:02.503954Z,0.0200,47.97,no
2026-09-30T21:55:03.836621Z,0.0300,1.00,yes
2026-09-30T21:55:03.836621Z,0.0300,0.01,yes
2026-09-30T21:55:03.836621Z,0.0300,1.00,yes
2026-09-30T21:55:03.836621Z,0.0300,53.47,yes
2026-09-30T21:55:03.985104Z,0.0300,31.21,yes
2026-09-30T21:55:04.230882Z,0.0300,218.49,yes
2026-09-30T21:55:05.659689Z,0.0300,98.79,yes
2026-09-30T21:55:05.659689Z,0.0300,57.27,yes
2026-09-30T21:55:06.354912Z,0.0300,31.21,yes
2026-09-30T21:55:08.436062Z,0.0200,103.48,no
2026-09-30T21:55:08.469054Z,0.0300,3.00,yes
2026-09-30T21:55:08.469054Z,0.0300,1.00,yes
2026-09-30T21:55:08.469054Z,0.0300,7.58,yes
2026-09-30T21:55:08.469054Z,0.0300,2.00,yes
2026-09-30T21:55:08.469054Z,0.0400,5.18,yes
2026-09-30T21:55:10.383864Z,0.0300,2.68,yes
2026-09-30T21:55:10.383864Z,0.0300,47.97,yes
2026-09-30T21:55:10.383864Z,0.0300,67.05,yes
2026-09-30T21:55:13.387441Z,0.0300,103.48,yes
2026-09-30T21:55:13.387441Z,0.0300,12.00,yes
2026-09-30T21:55:13.387441Z,0.0300,2.00,yes
2026-09-30T21:55:13.754527Z,0.0300,117.48,yes
2026-09-30T21:55:16.476364Z,0.0300,62.42,yes
2026-09-30T21:55:17.766724Z,0.0300,8.10,yes
2026-09-30T21:55:17.766724Z,0.0300,54.32,yes
2026-09-30T21:55:25.412961Z,0.0300,145.68,yes
2026-09-30T21:55:25.412961Z,0.0300,10.38,yes
2026-09-30T21:55:25.647254Z,0.0300,31.21,yes
2026-09-30T21:55:27.218738Z,0.0300,156.06,yes
2026-09-30T21:55:28.250974Z,0.0200,19.86,no
2026-09-30T21:55:28.250974Z,0.0200,15.00,no
2026-09-30T21:55:28.250974Z,0.0200,3.14,no
2026-09-30T21:55:28.25751Z,0.0200,15.87,no
2026-09-30T21:55:31.154925Z,0.0300,2.35,yes
2026-09-30T21:55:31.154925Z,0.0300,153.71,yes
2026-09-30T21:55:31.835162Z,0.0200,0.01,no
2026-09-30T21:55:32.387512Z,0.0200,0.01,no
2026-09-30T21:55:32.530102Z,0.0200,0.01,no
2026-09-30T21:55:33.567715Z,0.0300,200.00,yes
2026-09-30T21:55:33.567715Z,0.0300,65.84,yes
2026-09-30T21:55:33.567715Z,0.0300,46.29,yes
2026-09-30T21:55:34.941118Z,0.0200,25.00,no
2026-09-30T21:55:35.317954Z,0.0200,94.07,no
2026-09-30T21:55:35.390479Z,0.0100,10.00,no
2026-09-30T21:55:35.390479Z,0.0100,1000.00,no
2026-09-30T21:55:35.390479Z,0.0100,6000.00,no
2026-09-30T21:55:35.390479Z,0.0200,7.00,no
2026-09-30T21:55:35.390479Z,0.0200,8.00,no
2026-09-30T21:55:35.390479Z,0.0100,4914.84,no
2026-09-30T21:55:35.390479Z,0.0200,21.00,no
2026-09-30T21:55:35.390479Z,0.0200,88.00,no
2026-09-30T21:55:35.390479Z,0.0200,2.00,no
2026-09-30T21:55:35.390479Z,0.0200,0.99,no
2026-09-30T21:55:35.390479Z,0.0200,3.00,no
2026-09-30T21:55:35.390479Z,0.0200,1.00,no
2026-09-30T21:55:35.390479Z,0.0200,3178.17,no
2026-09-30T21:55:35.390479Z,0.0100,24.00,no
2026-09-30T21:55:35.390479Z,0.0200,10.00,no
2026-09-30T21:55:35.390479Z,0.0100,2222.00,no
2026-09-30T21:55:35.40288Z,0.0200,31.21,yes
2026-09-30T21:55:35.593768Z,0.0100,1.00,yes
2026-09-30T21:55:37.612521Z,0.0100,624.27,yes
2026-09-30T21:55:39.981697Z,0.0100,94.00,yes
2026-09-30T21:55:40.451644Z,0.0100,280.73,yes
2026-09-30T21:55:40.451644Z,0.0100,186.86,yes
2026-09-30T21:55:42.849904Z,0.0100,7.00,yes
2026-09-30T21:55:46.53897Z,0.0100,2.80,yes
2026-09-30T21:55:47.236658Z,0.0100,184.23,yes
2026-09-30T21:55:48.998077Z,0.0100,187.03,yes
2026-09-30T21:55:51.033309Z,0.0100,167.11,yes
2026-09-30T21:55:52.622937Z,0.0100,467.59,yes
2026-09-30T21:55:57.314749Z,0.0100,6.00,yes
2026-09-30T21:56:00.242666Z,0.0100,9.35,yes
2026-09-30T21:56:00.823893Z,0.0100,200.00,yes
2026-09-30T21:56:02.095542Z,0.0100,92.00,yes
2026-09-30T21:56:05.895808Z,0.0100,187.03,yes
2026-09-30T21:56:07.544971Z,0.0100,160.85,yes
2026-09-30T21:56:16.25749Z,0.0100,467.59,yes
2026-09-30T21:56:17.391449Z,0.0100,2.00,yes
2026-09-30T21:56:19.173015Z,0.0100,93.51,yes
2026-09-30T21:56:25.80724Z,0.0100,79.05,yes
2026-09-30T21:56:25.80724Z,0.0100,482.06,yes
2026-09-30T21:56:26.738686Z,0.0100,50.00,yes
2026-09-30T21:56:28.137499Z,0.0100,2000.00,yes
2026-09-30T21:56:37.383028Z,0.0100,6.54,yes
2026-09-30T21:56:44.909572Z,0.0100,93.51,yes
2026-09-30T21:56:46.804674Z,0.0100,60.78,yes
2026-09-30T21:56:54.712596Z,0.0100,5.00,yes
2026-09-30T21:56:55.692887Z,0.0100,2667.61,yes
2026-09-30T21:56:55.692887Z,0.0100,5558.14,yes
2026-09-30T21:56:55.692887Z,0.0100,3302.11,yes
2026-09-30T21:56:55.692887Z,0.0100,2500.00,yes
2026-09-30T21:56:56.118786Z,0.0100,9.35,yes
2026-09-30T21:56:57.768068Z,0.0100,166.66,yes
2026-09-30T21:57:00.376406Z,0.0100,93.51,yes
2026-09-30T21:57:00.409941Z,0.0100,11.00,yes
2026-09-30T21:57:04.720559Z,0.0100,935.19,yes
2026-09-30T21:57:09.385958Z,0.0100,93.51,yes
2026-09-30T21:57:09.476693Z,0.0100,303.93,yes
2026-09-30T21:57:11.089947Z,0.0100,200.00,yes
2026-09-30T21:57:13.467357Z,0.0100,39.27,yes
2026-09-30T21:57:15.684512Z,0.0100,4.67,yes
2026-09-30T21:57:19.219204Z,0.0100,93.51,yes
2026-09-30T21:57:22.018653Z,0.0100,93.51,yes
2026-09-30T21:57:23.285432Z,0.0100,935.19,yes
2026-09-30T21:57:23.744304Z,0.0100,161.78,yes
2026-09-30T21:57:28.576762Z,0.0100,35.00,yes
2026-09-30T21:57:28.577622Z,0.0100,17.55,yes
2026-09-30T21:57:28.589533Z,0.0100,94.01,yes
2026-09-30T21:57:28.76202Z,0.0100,14.00,yes
2026-09-30T21:57:28.772086Z,0.0100,1.00,yes
2026-09-30T21:57:29.681033Z,0.0100,200.00,yes
2026-09-30T21:57:29.681033Z,0.0100,4029.75,yes
2026-09-30T21:57:29.681033Z,0.0300,1.00,yes
2026-09-30T21:57:29.681033Z,0.0300,2.00,yes
2026-09-30T21:57:29.681033Z,0.0300,2.00,yes
2026-09-30T21:57:29.681033Z,0.0300,1.00,yes
2026-09-30T21:57:29.681033Z,0.0300,6.00,yes
2026-09-30T21:57:29.681033Z,0.0200,10.00,yes
2026-09-30T21:57:29.681033Z,0.0200,137.00,yes
2026-09-30T21:57:29.681033Z,0.0200,2.00,yes
2026-09-30T21:57:29.681033Z,0.0100,5.00,yes
2026-09-30T21:57:29.681033Z,0.0100,101.00,yes
2026-09-30T21:57:29.681033Z,0.0100,200.00,yes
2026-09-30T21:57:29.681033Z,0.0100,200.00,yes
2026-09-30T21:57:29.681033Z,0.0200,200.00,yes
2026-09-30T21:57:29.681033Z,0.0300,122.92,yes
2026-09-30T21:57:29.681033Z,0.0100,200.00,yes
2026-09-30T21:57:29.681033Z,0.0200,200.00,yes
2026-09-30T21:57:29.681033Z,0.0200,200.00,yes
2026-09-30T21:57:29.681033Z,0.0100,200.00,yes
2026-09-30T21:57:29.681033Z,0.0100,200.00,yes
2026-09-30T21:57:29.681033Z,0.0100,5.00,yes
2026-09-30T21:57:29.681033Z,0.0300,200.00,yes
2026-09-30T21:57:29.681033Z,0.0100,200.00,yes
2026-09-30T21:57:29.681033Z,0.0100,200.00,yes
2026-09-30T21:57:29.681033Z,0.0100,200.00,yes
2026-09-30T21:57:29.681033Z,0.0100,200.00,yes
2026-09-30T21:57:29.681033Z,0.0200,200.00,yes
2026-09-30T21:57:29.681033Z,0.0100,200.00,yes
2026-09-30T21:57:29.681033Z,0.0200,55.00,yes
2026-09-30T21:57:29.835852Z,0.0300,1.00,yes
2026-09-30T21:57:29.868681Z,0.0300,5.00,yes
2026-09-30T21:57:29.905037Z,0.0300,10.00,yes
2026-09-30T21:57:29.943815Z,0.0300,20.00,yes
2026-09-30T21:57:29.953387Z,0.0200,1.00,no
2026-09-30T21:57:29.984534Z,0.0300,40.00,yes
2026-09-30T21:57:30.024309Z,0.0300,47.92,yes
2026-09-30T21:57:30.024309Z,0.0300,1.08,yes
2026-09-30T21:57:30.033652Z,0.0200,80.00,no
2026-09-30T21:57:30.070259Z,0.0200,80.00,no
2026-09-30T21:57:30.074868Z,0.0100,80.00,no
2026-09-30T21:57:30.074868Z,0.0200,10.00,no
2026-09-30T21:57:30.0991Z,0.0200,80.00,no
2026-09-30T21:57:30.112456Z,0.0100,89.00,no
2026-09-30T21:57:30.143658Z,0.0100,10.00,no
2026-09-30T21:57:30.225515Z,0.0200,1.00,yes
2026-09-30T21:57:32.257423Z,0.0200,0.01,yes
2026-09-30T21:57:32.257423Z,0.0200,88.00,yes
2026-09-30T21:57:32.257423Z,0.0200,2.00,yes
2026-09-30T21:57:32.257423Z,0.0200,10.00,yes
2026-09-30T21:57:32.289758Z,0.0200,10.00,no
2026-09-30T21:57:32.290884Z,0.0200,500.00,no
2026-09-30T21:57:32.33684Z,0.0200,500.00,no
2026-09-30T21:57:32.337604Z,0.0200,600.00,no
2026-09-30T21:57:32.390158Z,0.0200,500.00,no
2026-09-30T21:57:32.413558Z,0.0200,600.00,no
2026-09-30T21:57:32.43589Z,0.0200,500.00,no
2026-09-30T21:57:32.487659Z,0.0200,600.00,no
2026-09-30T21:57:32.492014Z,0.0200,500.00,no
2026-09-30T21:57:32.539486Z,0.0200,500.00,no
2026-09-30T21:57:32.576201Z,0.0200,89.99,no
2026-09-30T21:57:32.576201Z,0.0200,84.00,no
2026-09-30T21:57:32.576201Z,0.0200,43.00,no
2026-09-30T21:57:32.576201Z,0.0100,103.01,no
2026-09-30T21:57:32.594825Z,0.0100,600.00,no
2026-09-30T21:57:34.264054Z,0.0200,1.00,yes
2026-09-30T21:57:35.776679Z,0.0200,46.79,yes
2026-09-30T21:57:37.79404Z,0.0200,11.69,yes
2026-09-30T21:57:50.285897Z,0.0200,3.27,yes
2026-09-30T21:57:50.285897Z,0.0200,43.52,yes
2026-09-30T21:57:51.399639Z,0.0100,117.74,no
2026-09-30T21:57:51.668613Z,0.0200,46.79,yes
2026-09-30T21:57:52.927567Z,0.0100,0.25,no
2026-09-30T21:57:52.927567Z,0.0100,5.00,no
2026-09-30T21:57:52.927567Z,0.0100,23.00,no
2026-09-30T21:57:52.927567Z,0.0100,11.02,no
2026-09-30T21:57:54.306022Z,0.0200,120.60,yes
2026-09-30T21:57:54.970647Z,0.0200,233.95,yes
2026-09-30T21:57:55.738465Z,0.0200,38.36,yes
2026-09-30T21:57:58.351024Z,0.0200,8.12,yes
2026-09-30T21:57:58.351024Z,0.0200,157.03,yes
2026-09-30T21:57:58.351024Z,0.0200,10.00,yes
2026-09-30T21:57:58.351024Z,0.0200,0.01,yes
2026-09-30T21:57:58.351024Z,0.0200,2.00,yes
2026-09-30T21:57:58.351024Z,0.0200,10.00,yes
2026-09-30T21:57:58.411584Z,0.0100,31.21,no
2026-09-30T21:58:00.711418Z,0.0200,140.37,yes
2026-09-30T21:58:03.224816Z,0.0100,37.77,no
2026-09-30T21:58:03.224816Z,0.0100,104.00,no
2026-09-30T21:58:03.224816Z,0.0100,89.00,no
2026-09-30T21:58:03.224816Z,0.0100,93.00,no
2026-09-30T21:58:03.224816Z,0.0100,10.00,no
2026-09-30T21:58:03.224816Z,0.0100,4.92,no
2026-09-30T21:58:03.712242Z,0.0100,0.92,no
2026-09-30T21:58:03.712242Z,0.0100,44.08,no
2026-09-30T21:58:07.629519Z,0.0100,419.33,no
2026-09-30T21:58:08.287649Z,0.0200,46.79,yes
2026-09-30T21:58:09.463462Z,0.0100,199.32,no
2026-09-30T21:58:10.116113Z,0.0100,45.00,no
2026-09-30T21:58:11.560035Z,0.0100,85.57,no
2026-09-30T21:58:11.88841Z,0.0100,156.06,no
2026-09-30T21:58:13.037568Z,0.0200,71.21,yes
2026-09-30T21:58:13.037568Z,0.0200,22.37,yes
2026-09-30T21:58:15.498924Z,0.0200,0.63,yes
2026-09-30T21:58:15.498924Z,0.0200,10.00,yes
2026-09-30T21:58:15.498924Z,0.0200,2.00,yes
2026-09-30T21:58:15.498924Z,0.0200,0.76,yes
2026-09-30T21:58:15.498924Z,0.0200,10.00,yes
2026-09-30T21:58:16.795563Z,0.0100,52.22,no
2026-09-30T21:58:22.085102Z,0.0100,100.73,no
2026-09-30T21:58:24.775811Z,0.0200,229.00,yes
2026-09-30T21:58:24.775811Z,0.0200,168.24,yes
2026-09-30T21:58:24.775811Z,0.0200,48.66,yes
2026-09-30T21:58:24.775811Z,0.0200,10.00,yes
2026-09-30T21:58:24.775811Z,0.0200,10.00,yes
2026-09-30T21:58:24.775811Z,0.0200,2.00,yes
2026-09-30T21:58:26.572004Z,0.0200,88.00,yes
2026-09-30T21:58:26.572004Z,0.0200,52.37,yes
2026-09-30T21:58:26.760674Z,0.0100,312.13,no
2026-09-30T21:58:28.50046Z,0.0200,10.00,yes
2026-09-30T21:58:28.50046Z,0.0200,2.00,yes
2026-09-30T21:58:28.50046Z,0.0200,6.63,yes
2026-09-30T21:58:28.50046Z,0.0200,10.00,yes
2026-09-30T21:58:28.50046Z,0.0200,18.16,yes
2026-09-30T21:58:29.847539Z,0.0100,585.64,no
2026-09-30T21:58:32.623629Z,0.0200,78.00,yes
2026-09-30T21:58:32.646156Z,0.0200,1.00,yes
2026-09-30T21:58:32.673585Z,0.0200,2.00,yes
2026-09-30T21:58:32.694254Z,0.0200,1.00,yes
2026-09-30T21:58:32.714671Z,0.0200,5.00,yes
2026-09-30T21:58:32.737978Z,0.0200,10.00,yes
2026-09-30T21:58:32.759539Z,0.0200,20.00,yes
2026-09-30T21:58:32.780462Z,0.0200,31.00,yes
2026-09-30T21:58:32.83484Z,0.0100,470.36,no
2026-09-30T21:58:32.945075Z,0.0200,33.84,yes
2026-09-30T21:58:32.945075Z,0.0200,79.50,yes
2026-09-30T21:58:34.939525Z,0.0200,81.58,yes
2026-09-30T21:58:34.939525Z,0.0200,10.00,yes
2026-09-30T21:58:34.939525Z,0.0200,2.00,yes
2026-09-30T21:58:35.939025Z,0.0200,1.13,yes
2026-09-30T21:58:41.96102Z,0.0200,93.58,yes
2026-09-30T21:58:42.247174Z,0.0100,30.00,no
2026-09-30T21:58:47.162616Z,0.0100,725.07,no
2026-09-30T21:58:47.79158Z,0.0200,187.16,yes
2026-09-30T21:59:01.92149Z,0.0200,23.39,yes
2026-09-30T21:59:02.610821Z,0.0100,248.17,no
2026-09-30T21:59:03.016871Z,0.0200,93.58,yes
2026-09-30T21:59:03.344828Z,0.0100,9.00,no
2026-09-30T21:59:03.356277Z,0.0100,9.00,no
2026-09-30T21:59:05.347831Z,0.0100,117.74,no
2026-09-30T21:59:08.830595Z,0.0100,141.00,no
2026-09-30T21:59:08.830595Z,0.0100,90.00,no
2026-09-30T21:59:08.830595Z,0.0100,156.00,no
2026-09-30T21:59:08.830595Z,0.0100,47.00,no
2026-09-30T21:59:08.830595Z,0.0100,71.00,no
2026-09-30T21:59:08.830595Z,0.0100,23.00,no
2026-09-30T21:59:08.830595Z,0.0100,169.00,no
2026-09-30T21:59:08.830595Z,0.0100,53.00,no
2026-09-30T21:59:08.830595Z,0.0100,12.00,no
2026-09-30T21:59:08.830595Z,0.0100,1988.74,no
2026-09-30T21:59:08.830595Z,0.0100,24.00,no
2026-09-30T21:59:08.830595Z,0.0100,5.00,no
2026-09-30T21:59:08.830595Z,0.0100,121.00,no
2026-09-30T21:59:08.830595Z,0.0100,234.00,no
2026-09-30T21:59:08.830595Z,0.0100,38.00,no
2026-09-30T21:59:08.830595Z,0.0100,43.00,no
2026-09-30T21:59:08.830595Z,0.0100,50.00,no
2026-09-30T21:59:09.171561Z,0.0100,194.00,yes
2026-09-30T21:59:09.171561Z,0.0100,11.00,yes
2026-09-30T21:59:09.171561Z,0.0100,169.00,yes
2026-09-30T21:59:09.171561Z,0.0100,20.65,yes
2026-09-30T21:59:09.171561Z,0.0100,12.00,yes
2026-09-30T21:59:09.171561Z,0.0100,118.00,yes
2026-09-30T21:59:09.171561Z,0.0100,234.00,yes
2026-09-30T21:59:09.171561Z,0.0100,214.00,yes
2026-09-30T21:59:09.171561Z,0.0100,124.00,yes
2026-09-30T21:59:09.196344Z,0.0100,53.00,no
2026-09-30T21:59:12.825404Z,0.0100,56.49,no
2026-09-30T21:59:13.756587Z,0.0100,50.00,no
2026-09-30T21:59:15.846021Z,0.0200,28.54,yes
2026-09-30T21:59:18.787965Z,0.0100,66.89,no
2026-09-30T21:59:19.818769Z,0.0200,42.57,yes
2026-09-30T21:59:20.29849Z,0.0200,250.00,yes
2026-09-30T21:59:24.378988Z,0.0200,233.95,yes
2026-09-30T21:59:25.041224Z,0.0200,51.43,yes
2026-09-30T21:59:25.937119Z,0.0100,24.00,no
2026-09-30T21:59:25.937119Z,0.0100,826.62,no
2026-09-30T21:59:25.937119Z,0.0100,1.00,no
2026-09-30T21:59:25.937119Z,0.0100,10.00,no
2026-09-30T21:59:25.937119Z,0.0100,1.23,no
2026-09-30T21:59:27.453518Z,0.0100,93.51,yes
2026-09-30T21:59:33.72309Z,0.0100,56.00,yes
2026-09-30T21:59:33.72309Z,0.0100,110.66,yes
2026-09-30T21:59:35.849637Z,0.0100,6.34,yes
2026-09-30T21:59:35.849637Z,0.0100,54.32,yes
2026-09-30T21:59:35.849637Z,0.0100,101.00,yes
2026-09-30T21:59:43.076969Z,0.0100,12.00,yes
2026-09-30T21:59:47.69389Z,0.0100,467.59,yes
2026-09-30T22:00:05.781419Z,0.0100,93.51,yes
2026-09-30T22:00:11.955118Z,0.0100,93.51,yes
2026-09-30T22:00:14.502627Z,0.0100,449.10,yes
2026-09-30T22:00:14.502627Z,0.0100,106.07,yes
2026-09-30T22:00:14.502627Z,0.0100,5.00,yes
2026-09-30T22:00:16.699346Z,0.0100,467.59,yes
2026-09-30T22:00:20.974754Z,0.0100,93.51,yes
2026-09-30T22:00:21.700245Z,0.0100,319.44,yes
2026-09-30T22:00:21.700245Z,0.0100,139.45,yes
2026-09-30T22:00:21.700245Z,0.0100,10.00,yes
2026-09-30T22:00:21.700245Z,0.0100,101.00,yes
2026-09-30T22:00:21.700245Z,0.0100,61.00,yes
2026-09-30T22:00:22.061987Z,0.0100,46.75,yes
2026-09-30T22:00:23.509606Z,0.0100,1122.22,yes
2026-09-30T22:00:27.257975Z,0.0100,467.59,yes
2026-09-30T22:00:29.553412Z,0.0100,4468.09,yes
2026-09-30T22:00:29.553412Z,0.0100,3044.00,yes
2026-09-30T22:00:29.553412Z,0.0100,148.00,yes
2026-09-30T22:00:29.553412Z,0.0100,18.68,yes
2026-09-30T22:00:30.116045Z,0.0100,47.00,no
2026-09-30T22:00:30.916272Z,0.0100,52.22,no
2026-09-30T22:00:31.460795Z,0.0200,2.00,yes
2026-09-30T22:00:31.460795Z,0.0200,10.00,yes
2026-09-30T22:00:31.460795Z,0.0200,23.00,yes
2026-09-30T22:00:31.460795Z,0.0200,11.00,yes
2026-09-30T22:00:31.460795Z,0.0200,0.79,yes
2026-09-30T22:00:31.843311Z,0.0200,0.01,yes
2026-09-30T22:00:31.904882Z,0.0200,0.01,yes
2026-09-30T22:00:31.945883Z,0.0200,4.81,yes
2026-09-30T22:00:31.945883Z,0.0200,2.19,yes
2026-09-30T22:00:32.409051Z,0.0200,0.01,yes
2026-09-30T22:00:33.013829Z,0.0200,0.01,yes
2026-09-30T22:00:33.906184Z,0.0200,0.01,yes
2026-09-30T22:00:34.211105Z,0.0200,0.01,yes
2026-09-30T22:00:34.509443Z,0.0200,0.01,yes
2026-09-30T22:00:34.852258Z,0.0200,0.01,yes
2026-09-30T22:00:35.230727Z,0.0200,9.97,yes
2026-09-30T22:00:35.230727Z,0.0200,2.06,yes
2026-09-30T22:00:35.230727Z,0.0200,2.00,yes
2026-09-30T22:00:35.334225Z,0.0200,0.01,yes
2026-09-30T22:00:35.616111Z,0.0200,0.01,yes
2026-09-30T22:00:35.93858Z,0.0400,1.00,yes
2026-09-30T22:00:35.93858Z,0.0400,3.00,yes
2026-09-30T22:00:35.93858Z,0.0400,3.00,yes
2026-09-30T22:00:35.93858Z,0.0400,3.00,yes
2026-09-30T22:00:35.93858Z,0.0400,1.00,yes
2026-09-30T22:00:35.93858Z,0.0400,1.00,yes
2026-09-30T22:00:35.93858Z,0.0400,81.69,yes
2026-09-30T22:00:35.93858Z,0.0300,10.00,yes
2026-09-30T22:00:35.93858Z,0.0300,2.00,yes
2026-09-30T22:00:35.93858Z,0.0400,15.00,yes
2026-09-30T22:00:35.93858Z,0.0300,3.00,yes
2026-09-30T22:00:35.93858Z,0.0200,3.00,yes
2026-09-30T22:00:35.93858Z,0.0200,2.92,yes
2026-09-30T22:00:35.93858Z,0.0300,98.00,yes
2026-09-30T22:00:35.93858Z,0.0300,50.00,yes
2026-09-30T22:00:36.260009Z,0.0200,23.42,no
2026-09-30T22:00:36.529169Z,0.0300,0.01,yes
2026-09-30T22:00:36.534815Z,0.0200,100.00,no
2026-09-30T22:00:36.534815Z,0.0200,25.00,no
2026-09-30T22:00:36.534815Z,0.0200,84.00,no
2026-09-30T22:00:36.534815Z,0.0200,62.58,no
2026-09-30T22:00:36.534815Z,0.0200,1.00,no
2026-09-30T22:00:36.534815Z,0.0200,219.98,no
2026-09-30T22:00:36.534815Z,0.0200,24.00,no
2026-09-30T22:00:37.747485Z,0.0300,4.99,yes
2026-09-30T22:00:37.747485Z,0.0200,5.00,yes
2026-09-30T22:00:37.747485Z,0.0200,26.00,yes
2026-09-30T22:00:37.747485Z,0.0300,60.64,yes
2026-09-30T22:00:37.747485Z,0.0200,50.00,yes
2026-09-30T22:00:37.747485Z,0.0200,5.00,yes
2026-09-30T22:00:37.747485Z,0.0300,5.00,yes
2026-09-30T22:00:37.747485Z,0.0200,28.00,yes
2026-09-30T22:00:38.740002Z,0.0100,9.61,no
2026-09-30T22:00:39.629713Z,0.0100,117.12,no
2026-09-30T22:00:40.652004Z,0.0100,33.88,no
2026-09-30T22:00:48.866487Z,0.0200,0.46,yes
2026-09-30T22:00:49.319675Z,0.0200,2.00,yes
2026-09-30T22:00:49.323486Z,0.0200,2.00,yes
2026-09-30T22:00:51.131622Z,0.0200,3.54,yes
2026-09-30T22:00:51.131622Z,0.0200,5.00,yes
2026-09-30T22:00:51.131622Z,0.0200,5.00,yes
2026-09-30T22:00:51.132808Z,0.0300,6.77,yes
2026-09-30T22:00:52.044081Z,0.0400,11.82,yes
2026-09-30T22:00:52.044081Z,0.0300,5.00,yes
2026-09-30T22:00:52.044081Z,0.0300,5.00,yes
2026-09-30T22:00:52.044081Z,0.0300,5.23,yes
2026-09-30T22:00:52.044081Z,0.0400,0.12,yes
2026-09-30T22:00:52.080552Z,0.0300,7.00,no
2026-09-30T22:00:52.233668Z,0.0300,1.00,no
2026-09-30T22:00:52.470996Z,0.0300,1.00,no
2026-09-30T22:00:52.614944Z,0.0300,1.00,no
2026-09-30T22:00:52.805712Z,0.0300,1.00,no
2026-09-30T22:00:53.067388Z,0.0200,24.00,no
2026-09-30T22:00:53.067388Z,0.0100,749.07,no
2026-09-30T22:00:53.067388Z,0.0200,1.00,no
2026-09-30T22:00:53.067388Z,0.0200,59.02,no
2026-09-30T22:00:53.067388Z,0.0200,84.00,no
2026-09-30T22:00:53.067388Z,0.0200,13.00,no
2026-09-30T22:00:53.067388Z,0.0200,0.16,no
2026-09-30T22:00:53.067388Z,0.0200,85.00,no
2026-09-30T22:00:53.131376Z,0.0200,1.00,yes
2026-09-30T22:00:53.163529Z,0.0200,3.00,yes
2026-09-30T22:00:53.868645Z,0.0100,2.00,no
2026-09-30T22:00:56.600417Z,0.0200,10.30,yes
2026-09-30T22:00:56.600417Z,0.0200,10.00,yes
2026-09-30T22:00:56.600417Z,0.0200,2.00,yes
2026-09-30T22:00:56.600417Z,0.0200,11.00,yes
2026-09-30T22:00:56.600417Z,0.0200,5.00,yes
2026-09-30T22:00:56.600417Z,0.0200,5.00,yes
2026-09-30T22:00:56.600417Z,0.0200,11.00,yes
2026-09-30T22:00:57.197414Z,0.0200,14.03,yes
2026-09-30T22:00:58.016018Z,0.0200,22.99,yes
2026-09-30T22:00:58.224547Z,0.0200,16.54,yes
2026-09-30T22:00:58.224547Z,0.0200,26.03,yes
2026-09-30T22:00:59.159529Z,0.0100,935.19,no
2026-09-30T22:01:03.242919Z,0.0100,52.22,no
2026-09-30T22:01:03.94907Z,0.0100,47.03,no
2026-09-30T22:01:04.746937Z,0.0100,62.42,no
2026-09-30T22:01:07.548096Z,0.0100,7.01,no
2026-09-30T22:01:08.171788Z,0.0100,97.00,no
2026-09-30T22:01:10.316347Z,0.0100,234.25,no
2026-09-30T22:01:14.272514Z,0.0200,51.00,yes
2026-09-30T22:01:14.272514Z,0.0300,10.64,yes
2026-09-30T22:01:14.272514Z,0.0200,4.86,yes
2026-09-30T22:01:14.272514Z,0.0200,5.00,yes
2026-09-30T22:01:14.272514Z,0.0200,5.00,yes
2026-09-30T22:01:14.272514Z,0.0300,100.67,yes
2026-09-30T22:01:14.272514Z,0.0200,134.59,yes
2026-09-30T22:01:14.272514Z,0.0200,46.85,yes
2026-09-30T22:01:14.272514Z,0.0200,10.00,yes
2026-09-30T22:01:14.272514Z,0.0300,19.15,yes
2026-09-30T22:01:14.272514Z,0.0300,5.00,yes
2026-09-30T22:01:14.272514Z,0.0300,5.00,yes
2026-09-30T22:01:14.385356Z,0.0300,5.00,no
2026-09-30T22:01:18.836147Z,0.0200,20.88,no
2026-09-30T22:01:19.342441Z,0.0300,28.00,yes
2026-09-30T22:01:19.342441Z,0.0300,3.21,yes
2026-09-30T22:01:19.588577Z,0.0300,49.45,yes
2026-09-30T22:01:19.588577Z,0.0300,27.00,yes
2026-09-30T22:01:19.588577Z,0.0300,36.99,yes
2026-09-30T22:01:19.588577Z,0.0300,22.37,yes
2026-09-30T22:01:19.588577Z,0.0300,3.00,yes
2026-09-30T22:01:19.588577Z,0.0300,5.00,yes
2026-09-30T22:01:19.588577Z,0.0300,1.79,yes
2026-09-30T22:01:19.966084Z,0.0200,63.12,no
2026-09-30T22:01:19.966084Z,0.0200,7.15,no
2026-09-30T22:01:20.139198Z,0.0200,63.57,no
2026-09-30T22:01:20.139198Z,0.0200,16.85,no
2026-09-30T22:01:22.93735Z,0.0300,8.21,yes
2026-09-30T22:01:22.93735Z,0.0300,194.00,yes
2026-09-30T22:01:22.93735Z,0.0300,5.00,yes
2026-09-30T22:01:22.93735Z,0.0300,5.00,yes
2026-09-30T22:01:22.93735Z,0.0300,37.29,yes
2026-09-30T22:01:22.93735Z,0.0300,32.63,yes
2026-09-30T22:01:22.93735Z,0.0300,30.00,yes
2026-09-30T22:01:31.223621Z,0.0200,23.42,no
2026-09-30T22:01:31.85472Z,0.0300,82.76,yes
2026-09-30T22:01:31.85472Z,0.0300,73.30,yes
2026-09-30T22:01:32.008007Z,0.0200,46.85,no
2026-09-30T22:01:32.183513Z,0.0300,20.00,yes
2026-09-30T22:01:35.197878Z,0.0300,40.99,yes
2026-09-30T22:01:35.197878Z,0.0300,2.70,yes
2026-09-30T22:01:35.464882Z,0.0200,67.77,no
2026-09-30T22:01:35.464882Z,0.0200,167.72,no
2026-09-30T22:01:35.485956Z,0.0200,24.00,no
2026-09-30T22:01:35.485956Z,0.0200,16.23,no
2026-09-30T22:01:35.485956Z,0.0200,9.12,no
2026-09-30T22:01:35.485956Z,0.0200,74.37,no
2026-09-30T22:01:35.485956Z,0.0200,1.00,no
2026-09-30T22:01:35.485956Z,0.0200,67.91,no
2026-09-30T22:01:35.716975Z,0.0100,233.95,no
2026-09-30T22:01:36.242998Z,0.0100,46.79,no
2026-09-30T22:01:36.867404Z,0.0200,100.00,yes
2026-09-30T22:01:36.867404Z,0.0200,82.00,yes
2026-09-30T22:01:36.867404Z,0.0200,200.53,yes
2026-09-30T22:01:36.867404Z,0.0200,24.37,yes
2026-09-30T22:01:36.867404Z,0.0200,51.00,yes
2026-09-30T22:01:36.867404Z,0.0200,5.00,yes
2026-09-30T22:01:36.867404Z,0.0200,5.00,yes
2026-09-30T22:01:38.898358Z,0.0200,1.00,yes
2026-09-30T22:01:38.926136Z,0.0200,2.47,yes
2026-09-30T22:01:38.926136Z,0.0200,2.53,yes
2026-09-30T22:01:38.955181Z,0.0200,10.00,yes
2026-09-30T22:01:38.979445Z,0.0200,20.00,yes
2026-09-30T22:01:39.005624Z,0.0200,40.00,yes
2026-09-30T22:01:39.033507Z,0.0200,5.00,yes
2026-09-30T22:01:39.033507Z,0.0200,27.47,yes
2026-09-30T22:01:39.033507Z,0.0200,5.00,yes
2026-09-30T22:01:39.033507Z,0.0200,12.53,yes
2026-09-30T22:01:41.217399Z,0.0200,32.00,yes
2026-09-30T22:01:41.856167Z,0.0200,4.67,yes
2026-09-30T22:01:42.001416Z,0.0100,3551.08,no
2026-09-30T22:01:42.764981Z,0.0200,93.58,yes
2026-09-30T22:01:42.931467Z,0.0100,557.64,no
2026-09-30T22:01:44.789213Z,0.0200,46.79,yes
2026-09-30T22:01:45.246808Z,0.0200,23.39,yes
2026-09-30T22:01:46.233332Z,0.0100,14.03,no
2026-09-30T22:01:47.010042Z,0.0200,67.98,yes
2026-09-30T22:01:47.010042Z,0.0200,93.00,yes
2026-09-30T22:01:47.010042Z,0.0200,5.00,yes
2026-09-30T22:01:47.010042Z,0.0200,5.00,yes
2026-09-30T22:01:47.010042Z,0.0200,152.00,yes
2026-09-30T22:01:47.010042Z,0.0200,4.04,yes
2026-09-30T22:01:47.010042Z,0.0200,374.83,yes
2026-09-30T22:01:47.358876Z,0.0100,455.28,no
2026-09-30T22:01:47.980259Z,0.0100,23.42,no
2026-09-30T22:01:48.356407Z,0.0100,124.79,no
2026-09-30T22:01:48.85819Z,0.0200,35.56,yes
2026-09-30T22:01:48.85819Z,0.0200,58.02,yes
2026-09-30T22:01:51.070428Z,0.0100,963.44,no
2026-09-30T22:01:51.717893Z,0.0200,5.00,yes
2026-09-30T22:01:51.717893Z,0.0200,5.00,yes
2026-09-30T22:01:51.717893Z,0.0200,82.70,yes
2026-09-30T22:01:51.717893Z,0.0200,0.88,yes
2026-09-30T22:01:52.070355Z,0.0200,14.03,yes
2026-09-30T22:01:53.571076Z,0.0200,46.79,yes
2026-09-30T22:01:54.0019Z,0.0100,655.85,no
2026-09-30T22:02:03.432693Z,0.0100,17.11,no
2026-09-30T22:02:04.83441Z,0.0100,38.04,no
2026-09-30T22:02:05.027472Z,0.0200,23.39,yes
2026-09-30T22:02:05.462678Z,0.0100,85.57,no
2026-09-30T22:02:14.119738Z,0.0100,24.15,no
2026-09-30T22:02:14.456477Z,0.0100,25.00,no
2026-09-30T22:02:14.456477Z,0.0100,10.00,no
2026-09-30T22:02:14.456477Z,0.0100,1000.00,no
2026-09-30T22:02:14.456477Z,0.0100,574.07,no
2026-09-30T22:02:14.456477Z,0.0100,23.31,no
2026-09-30T22:02:14.456477Z,0.0100,84.00,no
2026-09-30T22:02:14.456477Z,0.0100,50.13,no
2026-09-30T22:02:14.456477Z,0.0100,27.00,no
2026-09-30T22:02:14.456477Z,0.0100,24.00,no
2026-09-30T22:02:14.456477Z,0.0100,100.00,no
2026-09-30T22:02:14.456477Z,0.0100,21.93,no
2026-09-30T22:02:16.768445Z,0.0100,280.55,yes
2026-09-30T22:02:18.936973Z,0.0100,46.79,yes
2026-09-30T22:02:21.980061Z,0.0100,93.51,yes
2026-09-30T22:02:25.947228Z,0.0100,187.03,yes
2026-09-30T22:02:26.388403Z,0.0100,187.00,yes
2026-09-30T22:02:27.013058Z,0.0100,93.51,yes
2026-09-30T22:02:33.667335Z,0.0100,32.24,yes
2026-09-30T22:02:33.667335Z,0.0100,76.00,yes
2026-09-30T22:02:33.667335Z,0.0200,5.00,yes
2026-09-30T22:02:33.667335Z,0.0200,5.00,yes
2026-09-30T22:02:33.667335Z,0.0200,103.60,yes
2026-09-30T22:02:33.667335Z,0.0100,111.61,yes
2026-09-30T22:02:33.667335Z,0.0200,9.92,yes
2026-09-30T22:02:33.696946Z,0.0100,24.00,no
2026-09-30T22:02:33.696946Z,0.0100,234.54,no
2026-09-30T22:02:33.696946Z,0.0100,183.23,no
2026-09-30T22:02:36.721166Z,0.0100,117.48,no
2026-09-30T22:02:37.866951Z,0.0200,15.08,yes
2026-09-30T22:02:37.866951Z,0.0200,31.71,yes
2026-09-30T22:02:37.961027Z,0.0100,647.98,no
2026-09-30T22:02:37.961027Z,0.0100,80.04,no
2026-09-30T22:02:38.305958Z,0.0200,18.50,yes
2026-09-30T22:02:38.305958Z,0.0200,28.29,yes
2026-09-30T22:02:38.8016Z,0.0100,12.96,no
2026-09-30T22:02:38.8016Z,0.0100,65.28,no
2026-09-30T22:02:40.142648Z,0.0100,144.42,no
2026-09-30T22:02:40.142648Z,0.0100,2.77,no
2026-09-30T22:02:40.142648Z,0.0100,25.00,no
2026-09-30T22:02:40.142648Z,0.0100,24.00,no
2026-09-30T22:02:45.105881Z,0.0100,93.51,yes
2026-09-30T22:02:46.13228Z,0.0100,9.70,yes
2026-09-30T22:02:46.13228Z,0.0100,50.30,yes
2026-09-30T22:02:47.126707Z,0.0100,80.00,yes
2026-09-30T22:02:47.58591Z,0.0100,46.75,yes
2026-09-30T22:02:49.757427Z,0.0100,1.00,yes
2026-09-30T22:02:49.7818Z,0.0100,5.00,yes
2026-09-30T22:02:49.804258Z,0.0100,1.00,yes
2026-09-30T22:02:50.010747Z,0.0100,1.00,yes
2026-09-30T22:02:50.030982Z,0.0100,5.00,yes
2026-09-30T22:02:50.052456Z,0.0100,7.00,yes
2026-09-30T22:02:50.077346Z,0.0100,1.00,yes
2026-09-30T22:02:50.164109Z,0.0100,234.00,yes
2026-09-30T22:02:50.164109Z,0.0100,118.00,yes
2026-09-30T22:02:50.164109Z,0.0100,490.55,yes
2026-09-30T22:02:50.164109Z,0.0100,228.00,yes
2026-09-30T22:02:50.164109Z,0.0100,19.72,yes
2026-09-30T22:02:50.242489Z,0.0200,5.00,yes
2026-09-30T22:02:50.265525Z,0.0200,9.00,yes
2026-09-30T22:02:50.510035Z,0.0200,1.00,yes
2026-09-30T22:02:50.532486Z,0.0200,5.00,yes
2026-09-30T22:02:50.556703Z,0.0200,10.00,yes
2026-09-30T22:02:50.579345Z,0.0200,10.85,yes
2026-09-30T22:02:50.579345Z,0.0200,4.15,yes
2026-09-30T22:02:50.579345Z,0.0200,5.00,yes
2026-09-30T22:02:50.60772Z,0.0200,25.15,yes
2026-09-30T22:02:50.60772Z,0.0200,0.85,yes
2026-09-30T22:02:50.703285Z,0.0200,1.00,yes
2026-09-30T22:02:50.732964Z,0.0200,5.00,yes
2026-09-30T22:02:51.015526Z,0.0200,1.00,yes
2026-09-30T22:02:51.037353Z,0.0200,5.00,yes
2026-09-30T22:02:51.06018Z,0.0200,7.00,yes
2026-09-30T22:02:51.083077Z,0.0200,1.00,yes
2026-09-30T22:02:51.207422Z,0.0200,5.00,yes
2026-09-30T22:02:51.230091Z,0.0200,9.00,yes
2026-09-30T22:02:51.512514Z,0.0200,1.00,yes
2026-09-30T22:02:51.535713Z,0.0200,5.00,yes
2026-09-30T22:02:51.562111Z,0.0200,7.00,yes
2026-09-30T22:02:51.587348Z,0.0200,1.00,yes
2026-09-30T22:02:51.728576Z,0.0200,5.00,yes
2026-09-30T22:02:51.748971Z,0.0200,9.00,yes
2026-09-30T22:02:52.009909Z,0.0200,1.00,yes
2026-09-30T22:02:52.035467Z,0.0200,5.00,yes
2026-09-30T22:02:52.056284Z,0.0200,7.00,yes
2026-09-30T22:02:52.083488Z,0.0200,1.00,yes
2026-09-30T22:02:52.225965Z,0.0200,5.00,yes
2026-09-30T22:02:52.2487Z,0.0200,9.00,yes
2026-09-30T22:02:54.119324Z,0.0100,325.81,no
2026-09-30T22:02:54.119324Z,0.0100,145.31,no
2026-09-30T22:02:54.119324Z,0.0100,20.95,no
2026-09-30T22:02:54.119324Z,0.0100,93.00,no
2026-09-30T22:02:54.119324Z,0.0100,24.00,no
2026-09-30T22:02:55.348968Z,0.0100,46.49,no
2026-09-30T22:02:55.889675Z,0.0100,67.06,no
2026-09-30T22:02:57.809612Z,0.0100,46.85,no
2026-09-30T22:02:59.377814Z,0.0100,13.00,no
2026-09-30T22:02:59.519187Z,0.0100,16.00,no
2026-09-30T22:03:01.179978Z,0.0200,25.00,yes
2026-09-30T22:03:01.179978Z,0.0200,10.00,yes
2026-09-30T22:03:01.179978Z,0.0200,98.43,yes
2026-09-30T22:03:01.179978Z,0.0200,98.00,yes
2026-09-30T22:03:01.179978Z,0.0200,5.00,yes
2026-09-30T22:03:01.179978Z,0.0200,5.00,yes
2026-09-30T22:03:01.179978Z,0.0200,87.00,yes
2026-09-30T22:03:01.179978Z,0.0200,32.85,yes
2026-09-30T22:03:01.179978Z,0.0200,18.00,yes
2026-09-30T22:03:01.179978Z,0.0200,88.62,yes
2026-09-30T22:03:03.327461Z,0.0200,30.99,yes
2026-09-30T22:03:03.328751Z,0.0200,10.00,yes
2026-09-30T22:03:03.328889Z,0.0200,5.46,yes
2026-09-30T22:03:03.363009Z,0.0200,21.50,yes
2026-09-30T22:03:03.372324Z,0.0200,10.75,yes
2026-09-30T22:03:03.381482Z,0.0200,2.00,yes
2026-09-30T22:03:03.384617Z,0.0200,17.76,yes
2026-09-30T22:03:04.416231Z,0.0100,23.42,no
2026-09-30T22:03:04.962021Z,0.0200,60.00,yes
2026-09-30T22:03:05.134388Z,0.0200,6.99,yes
2026-09-30T22:03:05.134458Z,0.0200,1.07,yes
2026-09-30T22:03:05.134458Z,0.0200,4.93,yes
2026-09-30T22:03:05.134523Z,0.0200,3.49,yes
2026-09-30T22:03:05.142416Z,0.0200,1.50,yes
2026-09-30T22:03:05.242861Z,0.0200,12.50,yes
2026-09-30T22:03:05.246497Z,0.0200,12.50,yes
2026-09-30T22:03:05.251167Z,0.0200,6.25,yes
2026-09-30T22:03:05.258832Z,0.0200,23.00,yes
2026-09-30T22:03:05.263867Z,0.0200,17.60,yes
2026-09-30T22:03:06.276346Z,0.0200,5.09,yes
2026-09-30T22:03:06.276346Z,0.0200,6.41,yes
2026-09-30T22:03:08.689758Z,0.0100,3.00,no
2026-09-30T22:03:09.167619Z,0.0100,156.06,no
2026-09-30T22:03:10.387715Z,0.0100,130.00,no
2026-09-30T22:03:11.101732Z,0.0100,28.00,no
2026-09-30T22:03:11.118123Z,0.0100,27.00,no
2026-09-30T22:03:11.468587Z,0.0200,125.00,yes
2026-09-30T22:03:15.471974Z,0.0100,12.00,no
2026-09-30T22:03:15.536536Z,0.0100,100.00,no
2026-09-30T22:03:15.742142Z,0.0100,5.31,no
2026-09-30T22:03:15.742142Z,0.0100,0.56,no
2026-09-30T22:03:16.862721Z,0.0100,6.00,no
2026-09-30T22:03:17.936916Z,0.0200,24.00,yes
2026-09-30T22:03:20.523863Z,0.0200,50.00,yes
2026-09-30T22:03:23.288459Z,0.0100,17.56,no
2026-09-30T22:03:23.288459Z,0.0100,24.00,no
2026-09-30T22:03:23.288459Z,0.0100,8.44,no
2026-09-30T22:03:23.418898Z,0.0100,78.00,no
2026-09-30T22:03:24.253106Z,0.0100,2.33,no
2026-09-30T22:03:24.253106Z,0.0100,25.00,no
2026-09-30T22:03:24.253106Z,0.0100,72.67,no
2026-09-30T22:03:24.35568Z,0.0100,4.45,no
2026-09-30T22:03:24.35568Z,0.0100,129.67,no
2026-09-30T22:03:26.387697Z,0.0100,34.45,no
2026-09-30T22:03:26.387697Z,0.0100,19.55,no
2026-09-30T22:03:26.581975Z,0.0100,15.33,no
2026-09-30T22:03:26.581975Z,0.0100,15.55,no
2026-09-30T22:03:26.581975Z,0.0100,24.00,no
2026-09-30T22:03:26.76012Z,0.0100,1.00,no
2026-09-30T22:03:27.020052Z,0.0100,1.00,yes
2026-09-30T22:03:27.04824Z,0.0100,5.00,yes
2026-09-30T22:03:27.076807Z,0.0100,10.00,yes
2026-09-30T22:03:27.101691Z,0.0100,20.00,yes
2026-09-30T22:03:27.124958Z,0.0100,40.00,yes
2026-09-30T22:03:28.672753Z,0.0100,1.00,yes
2026-09-30T22:03:28.701728Z,0.0100,5.00,yes
2026-09-30T22:03:28.726923Z,0.0100,10.00,yes
2026-09-30T22:03:28.754311Z,0.0100,20.00,yes
2026-09-30T22:03:28.781906Z,0.0100,1.00,yes
2026-09-30T22:03:29.702769Z,0.0100,137.00,yes
2026-09-30T22:03:29.702769Z,0.0100,118.59,yes
2026-09-30T22:03:29.702769Z,0.0100,36.00,yes
2026-09-30T22:03:29.702769Z,0.0100,46.00,yes
2026-09-30T22:03:29.702769Z,0.0100,130.00,yes
2026-09-30T22:03:31.313033Z,0.0100,6.00,yes
2026-09-30T22:03:32.577519Z,0.0100,21.51,yes
2026-09-30T22:03:32.577519Z,0.0100,72.00,yes
2026-09-30T22:03:35.090558Z,0.0100,3.00,yes
2026-09-30T22:03:35.090558Z,0.0100,178.28,yes
2026-09-30T22:03:35.090558Z,0.0100,166.00,yes
2026-09-30T22:03:35.090558Z,0.0100,78.49,yes
2026-09-30T22:03:35.208164Z,0.0100,93.51,yes
2026-09-30T22:03:35.948931Z,0.0100,33.33,yes
2026-09-30T22:03:37.758355Z,0.0100,343.90,yes
2026-09-30T22:03:37.758355Z,0.0100,19.16,yes
2026-09-30T22:03:48.45198Z,0.0100,187.03,yes
