time,yes_price,contracts,taker
2026-10-06T15:22:45.124129Z,0.0100,120.00,no
2026-10-06T15:22:45.319911Z,0.0100,442.00,no
2026-10-06T15:22:48.716546Z,0.0100,203.14,no
2026-10-06T15:22:48.716546Z,0.0100,530.00,no
2026-10-06T15:22:48.716546Z,0.0100,438.00,no
2026-10-06T15:22:48.986424Z,0.0200,5.00,yes
2026-10-06T15:22:48.986424Z,0.0200,34.00,yes
2026-10-06T15:22:48.986424Z,0.0200,203.14,yes
2026-10-06T15:22:48.986424Z,0.0200,74.94,yes
2026-10-06T15:22:50.167028Z,0.0200,34.00,yes
2026-10-06T15:22:54.433848Z,0.0100,100.93,no
2026-10-06T15:22:54.595181Z,0.0200,234.25,yes
2026-10-06T15:22:55.769527Z,0.0200,437.46,yes
2026-10-06T15:22:55.769527Z,0.0200,186.81,yes
2026-10-06T15:22:57.091247Z,0.0200,935.80,yes
2026-10-06T15:23:00.511127Z,0.0100,1009.39,no
2026-10-06T15:23:05.719693Z,0.0100,1983.64,no
2026-10-06T15:23:07.661021Z,0.0100,227.78,no
2026-10-06T15:23:07.968953Z,0.0100,47.98,no
2026-10-06T15:23:08.303151Z,0.0100,12.29,no
2026-10-06T15:23:08.927363Z,0.0100,65.60,no
2026-10-06T15:23:09.760777Z,0.0100,177.42,no
2026-10-06T15:23:10.467381Z,0.0100,29.68,no
2026-10-06T15:23:11.547703Z,0.0200,2207.76,yes
2026-10-06T15:23:11.547703Z,0.0200,5.00,yes
2026-10-06T15:23:11.547703Z,0.0200,126.74,yes
2026-10-06T15:23:13.368124Z,0.0100,1329.33,no
2026-10-06T15:23:13.47433Z,0.0100,43.73,no
2026-10-06T15:23:13.992936Z,0.0200,15.90,yes
2026-10-06T15:23:16.309215Z,0.0100,1093.49,no
2026-10-06T15:23:16.375973Z,0.0100,7.83,no
2026-10-06T15:23:18.109395Z,0.0100,87.47,no
2026-10-06T15:23:18.572762Z,0.0100,281.33,no
2026-10-06T15:23:19.291767Z,0.0100,52.22,no
2026-10-06T15:23:23.527922Z,0.0100,85.57,no
2026-10-06T15:23:24.343027Z,0.0100,72.00,no
2026-10-06T15:23:24.601413Z,0.0200,1250.00,yes
2026-10-06T15:23:24.776184Z,0.0100,31.33,no
2026-10-06T15:23:29.72842Z,0.0200,935.80,yes
2026-10-06T15:23:30.025739Z,0.0100,52.53,no
2026-10-06T15:23:32.987803Z,0.0100,25.22,no
2026-10-06T15:23:33.722997Z,0.0100,107.96,no
2026-10-06T15:23:34.73866Z,0.0200,471.00,yes
2026-10-06T15:23:36.480363Z,0.0100,138.65,no
2026-10-06T15:23:37.328331Z,0.0100,126.10,no
2026-10-06T15:23:38.296367Z,0.0100,1118.17,no
2026-10-06T15:23:38.515394Z,0.0200,233.95,yes
2026-10-06T15:23:39.452426Z,0.0100,1.00,no
2026-10-06T15:23:39.452426Z,0.0100,1.00,no
2026-10-06T15:23:39.452426Z,0.0100,2.00,no
2026-10-06T15:23:39.452426Z,0.0100,713.89,no
2026-10-06T15:23:39.452426Z,0.0100,1000.00,no
2026-10-06T15:23:39.452426Z,0.0100,1346.96,no
2026-10-06T15:23:39.452426Z,0.0100,18.00,no
2026-10-06T15:23:39.452426Z,0.0100,10.00,no
2026-10-06T15:23:39.452426Z,0.0100,9.00,no
2026-10-06T15:23:39.452426Z,0.0100,1.00,no
2026-10-06T15:23:39.452426Z,0.0100,55.00,no
2026-10-06T15:23:39.452426Z,0.0100,2.00,no
2026-10-06T15:23:39.452426Z,0.0100,3.00,no
2026-10-06T15:23:39.452426Z,0.0100,23.30,no
2026-10-06T15:23:39.452426Z,0.0100,6.00,no
2026-10-06T15:23:39.452426Z,0.0100,186.00,no
2026-10-06T15:23:39.452426Z,0.0100,1.00,no
2026-10-06T15:23:39.452426Z,0.0100,18.00,no
2026-10-06T15:23:39.452426Z,0.0100,2.00,no
2026-10-06T15:23:39.452426Z,0.0100,7.00,no
2026-10-06T15:23:39.452426Z,0.0100,7.00,no
2026-10-06T15:23:39.452426Z,0.0100,6.00,no
2026-10-06T15:23:39.452426Z,0.0100,2.00,no
2026-10-06T15:23:39.452426Z,0.0100,1.00,no
2026-10-06T15:23:39.452426Z,0.0100,40.45,no
2026-10-06T15:23:39.452426Z,0.0100,18.18,no
2026-10-06T15:23:39.452426Z,0.0100,7.00,no
2026-10-06T15:23:39.452426Z,0.0100,14.00,no
2026-10-06T15:23:39.452426Z,0.0100,30.00,no
2026-10-06T15:23:39.452426Z,0.0100,9.00,no
2026-10-06T15:23:39.452426Z,0.0100,470.00,no
2026-10-06T15:23:39.452426Z,0.0100,1489.22,no
2026-10-06T15:23:40.224705Z,0.0100,9.00,no
2026-10-06T15:23:41.03579Z,0.0100,78.80,no
2026-10-06T15:23:42.255599Z,0.0200,2339.50,yes
2026-10-06T15:23:42.538354Z,0.0100,71.97,no
2026-10-06T15:23:45.209143Z,0.0200,46.79,yes
2026-10-06T15:23:46.580206Z,0.0200,467.90,yes
2026-10-06T15:23:48.005719Z,0.0100,20.59,no
2026-10-06T15:23:50.193868Z,0.0100,1300.00,no
2026-10-06T15:23:53.969848Z,0.0100,41.41,no
2026-10-06T15:23:57.647997Z,0.0100,995.75,no
2026-10-06T15:23:59.479033Z,0.0100,198.99,no
2026-10-06T15:24:02.895622Z,0.0100,32.71,no
2026-10-06T15:24:03.021749Z,0.0200,467.90,yes
2026-10-06T15:24:03.049269Z,0.0100,64.64,no
2026-10-06T15:24:03.869467Z,0.0100,24.12,no
2026-10-06T15:24:05.434525Z,0.0100,8.00,no
2026-10-06T15:24:05.434525Z,0.0100,2.00,no
2026-10-06T15:24:05.434525Z,0.0100,1.00,no
2026-10-06T15:24:05.434525Z,0.0100,2.00,no
2026-10-06T15:24:05.434525Z,0.0100,1.16,no
2026-10-06T15:24:05.434525Z,0.0100,40.82,no
2026-10-06T15:24:05.434525Z,0.0100,10.00,no
2026-10-06T15:24:05.434525Z,0.0100,2.00,no
2026-10-06T15:24:05.434525Z,0.0100,1.00,no
2026-10-06T15:24:05.434525Z,0.0100,696.06,no
2026-10-06T15:24:05.434525Z,0.0100,614.00,no
2026-10-06T15:24:05.434525Z,0.0100,10.00,no
2026-10-06T15:24:05.434525Z,0.0100,30.00,no
2026-10-06T15:24:05.434525Z,0.0100,48.00,no
2026-10-06T15:24:05.434525Z,0.0100,4.00,no
2026-10-06T15:24:05.434525Z,0.0100,20.00,no
2026-10-06T15:24:05.472739Z,0.0100,47.00,no
2026-10-06T15:24:05.472739Z,0.0100,13.56,no
2026-10-06T15:24:06.230842Z,0.0100,26.26,no
2026-10-06T15:24:07.069123Z,0.0100,1.00,no
2026-10-06T15:24:07.069123Z,0.0100,10.00,no
2026-10-06T15:24:07.069123Z,0.0100,30.00,no
2026-10-06T15:24:07.069123Z,0.0100,28.00,no
2026-10-06T15:24:07.069123Z,0.0100,60.33,no
2026-10-06T15:24:07.069123Z,0.0100,15.00,no
2026-10-06T15:24:13.91401Z,0.0100,525.39,no
2026-10-06T15:24:16.572435Z,0.0100,4.86,no
2026-10-06T15:24:16.572435Z,0.0100,3030.61,no
2026-10-06T15:24:16.572435Z,0.0100,120.43,no
2026-10-06T15:24:16.572435Z,0.0100,10.00,no
2026-10-06T15:24:25.634807Z,0.0100,93.51,yes
2026-10-06T15:24:26.010304Z,0.0100,150.00,yes
2026-10-06T15:24:27.129571Z,0.0100,39.00,yes
2026-10-06T15:24:27.232929Z,0.0100,104.00,yes
2026-10-06T15:24:28.10604Z,0.0100,39.00,yes
2026-10-06T15:24:28.112524Z,0.0100,11.00,yes
2026-10-06T15:24:28.115847Z,0.0100,221.00,yes
2026-10-06T15:24:28.126152Z,0.0100,342.49,yes
2026-10-06T15:24:28.126152Z,0.0100,134.51,yes
2026-10-06T15:24:28.129269Z,0.0100,73.00,yes
2026-10-06T15:24:28.136118Z,0.0100,2.00,yes
2026-10-06T15:24:28.138418Z,0.0100,27.00,yes
2026-10-06T15:24:28.139001Z,0.0100,10.73,yes
2026-10-06T15:24:28.139037Z,0.0100,1.00,yes
2026-10-06T15:24:28.14006Z,0.0100,78.00,yes
2026-10-06T15:24:28.140886Z,0.0100,477.00,yes
2026-10-06T15:24:28.148865Z,0.0100,5.37,yes
2026-10-06T15:24:28.151151Z,0.0100,87.00,yes
2026-10-06T15:24:28.157115Z,0.0100,2.68,yes
2026-10-06T15:24:28.168766Z,0.0100,1.34,yes
2026-10-06T15:24:28.180367Z,0.0100,2.50,yes
2026-10-06T15:24:28.180678Z,0.0100,1.00,yes
2026-10-06T15:24:28.189228Z,0.0100,1.25,yes
2026-10-06T15:24:28.199367Z,0.0100,1.25,yes
2026-10-06T15:24:28.219788Z,0.0100,10.50,yes
2026-10-06T15:24:28.224108Z,0.0100,5.00,yes
2026-10-06T15:24:28.231121Z,0.0100,5.25,yes
2026-10-06T15:24:28.238755Z,0.0100,10.00,yes
2026-10-06T15:24:28.24591Z,0.0100,0.25,yes
2026-10-06T15:24:28.268955Z,0.0100,1.83,yes
2026-10-06T15:24:28.277081Z,0.0100,2.83,yes
2026-10-06T15:24:28.28159Z,0.0100,50.00,yes
2026-10-06T15:24:28.290599Z,0.0100,25.22,yes
2026-10-06T15:24:28.290599Z,0.0100,6.68,yes
2026-10-06T15:24:28.290599Z,0.0100,18.10,yes
2026-10-06T15:24:28.314469Z,0.0100,1.15,yes
2026-10-06T15:24:28.314469Z,0.0100,19.51,yes
2026-10-06T15:24:28.324429Z,0.0100,10.33,yes
2026-10-06T15:24:28.33645Z,0.0100,5.16,yes
2026-10-06T15:24:28.34706Z,0.0100,2.58,yes
2026-10-06T15:24:28.360972Z,0.0100,1.29,yes
2026-10-06T15:24:28.642988Z,0.0100,21.50,yes
2026-10-06T15:24:28.645614Z,0.0100,43.00,yes
2026-10-06T15:24:28.821922Z,0.0100,1.00,yes
2026-10-06T15:24:29.272971Z,0.0100,467.59,yes
2026-10-06T15:24:29.953622Z,0.0100,500.00,yes
2026-10-06T15:24:30.039016Z,0.0100,138.65,yes
2026-10-06T15:24:30.039016Z,0.0100,126.10,yes
2026-10-06T15:24:30.039016Z,0.0100,1118.17,yes
2026-10-06T15:24:30.039016Z,0.0100,1489.22,yes
2026-10-06T15:24:30.039016Z,0.0200,2.00,yes
2026-10-06T15:24:30.039016Z,0.0100,470.00,yes
2026-10-06T15:24:30.039016Z,0.0100,52.53,yes
2026-10-06T15:24:30.039016Z,0.0100,107.96,yes
2026-10-06T15:24:30.039016Z,0.0300,1.00,yes
2026-10-06T15:24:30.039016Z,0.0200,1.00,yes
2026-10-06T15:24:30.039016Z,0.0300,0.10,yes
2026-10-06T15:24:30.039016Z,0.0100,3.99,yes
2026-10-06T15:24:30.039016Z,0.0100,11.00,yes
2026-10-06T15:24:30.039016Z,0.0100,60.00,yes
2026-10-06T15:24:30.039016Z,0.0100,40.00,yes
2026-10-06T15:24:30.039016Z,0.0100,23.30,yes
2026-10-06T15:24:30.039016Z,0.0200,381.50,yes
2026-10-06T15:24:30.039016Z,0.0300,1.00,yes
2026-10-06T15:24:30.039016Z,0.0300,1500.00,yes
2026-10-06T15:24:30.039016Z,0.0200,3500.00,yes
2026-10-06T15:24:30.039016Z,0.0300,3500.00,yes
2026-10-06T15:24:30.039016Z,0.0200,16563.50,yes
2026-10-06T15:24:30.039016Z,0.0300,55.00,yes
2026-10-06T15:24:30.039016Z,0.0100,911.68,yes
2026-10-06T15:24:30.039016Z,0.0100,47.98,yes
2026-10-06T15:24:30.039016Z,0.0200,0.10,yes
2026-10-06T15:24:30.039016Z,0.0100,227.78,yes
2026-10-06T15:24:30.039016Z,0.0200,2000.00,yes
2026-10-06T15:24:30.039016Z,0.0100,12.29,yes
2026-10-06T15:24:30.039016Z,0.0100,65.60,yes
2026-10-06T15:24:30.039016Z,0.0100,177.42,yes
2026-10-06T15:24:30.039016Z,0.0100,29.68,yes
2026-10-06T15:24:30.039016Z,0.0100,100.93,yes
2026-10-06T15:24:30.039016Z,0.0100,52.22,yes
2026-10-06T15:24:30.039016Z,0.0100,85.57,yes
2026-10-06T15:24:30.039016Z,0.0100,31.33,yes
2026-10-06T15:24:30.039016Z,0.0100,72.00,yes
2026-10-06T15:24:30.039016Z,0.0200,1500.00,yes
2026-10-06T15:24:30.039016Z,0.0100,43.73,yes
2026-10-06T15:24:30.039016Z,0.0100,1329.33,yes
2026-10-06T15:24:30.039016Z,0.0100,1093.49,yes
2026-10-06T15:24:30.039016Z,0.0100,281.33,yes
2026-10-06T15:24:30.039016Z,0.0100,87.47,yes
2026-10-06T15:24:30.134238Z,0.0300,100.00,no
2026-10-06T15:24:30.144312Z,0.0300,100.00,no
2026-10-06T15:24:30.150189Z,0.0300,100.00,no
2026-10-06T15:24:30.832459Z,0.0400,1.00,yes
2026-10-06T15:24:30.832459Z,0.0400,23.00,yes
2026-10-06T15:24:30.832459Z,0.0400,1.00,yes
2026-10-06T15:24:30.832459Z,0.0400,2.00,yes
2026-10-06T15:24:30.836044Z,0.0300,44.72,no
2026-10-06T15:24:30.878591Z,0.0400,0.48,yes
2026-10-06T15:24:30.893742Z,0.0500,1.00,yes
2026-10-06T15:24:30.893742Z,0.0500,1.00,yes
2026-10-06T15:24:31.08736Z,0.0400,83.50,no
2026-10-06T15:24:31.08736Z,0.0400,25.00,no
2026-10-06T15:24:31.08736Z,0.0400,43.05,no
2026-10-06T15:24:31.099307Z,0.0400,0.01,no
2026-10-06T15:24:31.11967Z,0.0500,0.10,yes
2026-10-06T15:24:31.11967Z,0.0500,2.90,yes
2026-10-06T15:24:31.168037Z,0.0600,15.00,yes
2026-10-06T15:24:31.168037Z,0.0600,2.00,yes
2026-10-06T15:24:31.168037Z,0.0600,1.00,yes
2026-10-06T15:24:31.168037Z,0.0600,1.00,yes
2026-10-06T15:24:31.168037Z,0.0600,1.00,yes
2026-10-06T15:24:32.125101Z,0.0700,4.82,yes
2026-10-06T15:24:32.125101Z,0.0700,2.00,yes
2026-10-06T15:24:32.129584Z,0.0700,1.82,yes
2026-10-06T15:24:32.129584Z,0.0700,5.00,yes
2026-10-06T15:24:34.095662Z,0.0600,13.82,no
2026-10-06T15:24:34.095662Z,0.0700,6.18,no
2026-10-06T15:24:34.11486Z,0.0600,5.00,no
2026-10-06T15:24:34.118288Z,0.0600,3.01,no
2026-10-06T15:24:34.118288Z,0.0400,2.99,no
2026-10-06T15:24:34.11863Z,0.0400,5.00,no
2026-10-06T15:24:34.929072Z,0.0400,40.48,no
2026-10-06T15:24:35.113173Z,0.0400,1.00,no
2026-10-06T15:24:35.113173Z,0.0300,1.00,no
2026-10-06T15:24:35.113173Z,0.0400,1.00,no
2026-10-06T15:24:35.113173Z,0.0300,5.47,no
2026-10-06T15:24:35.113173Z,0.0300,22.00,no
2026-10-06T15:24:35.113173Z,0.0400,9.53,no
2026-10-06T15:24:35.113173Z,0.0400,22.00,no
2026-10-06T15:24:35.132173Z,0.0400,0.22,no
2026-10-06T15:24:35.132173Z,0.0300,39.78,no
2026-10-06T15:24:36.358447Z,0.0300,65.26,no
2026-10-06T15:24:36.358447Z,0.0300,7.13,no
2026-10-06T15:24:36.358447Z,0.0300,13.18,no
2026-10-06T15:24:37.696603Z,0.0300,5.00,no
2026-10-06T15:24:37.696603Z,0.0300,1.00,no
2026-10-06T15:24:37.696603Z,0.0300,20.00,no
2026-10-06T15:24:37.744076Z,0.0400,34.00,yes
2026-10-06T15:24:37.744076Z,0.0400,4.65,yes
2026-10-06T15:24:40.820408Z,0.0500,13.00,yes
2026-10-06T15:24:40.820408Z,0.0400,5.35,yes
2026-10-06T15:24:40.820408Z,0.0400,13.18,yes
2026-10-06T15:24:40.820408Z,0.0400,5.00,yes
2026-10-06T15:24:40.820408Z,0.0400,22.35,yes
2026-10-06T15:24:40.820408Z,0.0500,41.20,yes
2026-10-06T15:24:41.285658Z,0.0300,22.88,no
2026-10-06T15:24:42.441727Z,0.0300,42.00,no
2026-10-06T15:24:42.441727Z,0.0300,5.57,no
2026-10-06T15:24:42.441727Z,0.0300,10.06,no
2026-10-06T15:24:42.441727Z,0.0300,34.00,no
2026-10-06T15:24:42.441727Z,0.0200,1.26,no
2026-10-06T15:24:42.441727Z,0.0300,93.12,no
2026-10-06T15:24:43.7316Z,0.0300,15.76,no
2026-10-06T15:24:43.926383Z,0.0300,6.60,no
2026-10-06T15:24:46.677191Z,0.0300,36.64,no
2026-10-06T15:24:46.677191Z,0.0300,2.60,no
2026-10-06T15:24:46.817206Z,0.0300,0.16,no
2026-10-06T15:24:47.631425Z,0.0300,3.96,no
2026-10-06T15:24:47.631425Z,0.0300,19.58,no
2026-10-06T15:24:48.005441Z,0.0200,1.00,no
2026-10-06T15:24:48.005441Z,0.0200,1.00,no
2026-10-06T15:24:48.005441Z,0.0200,1.00,no
2026-10-06T15:24:48.005441Z,0.0200,47.00,no
2026-10-06T15:24:48.005441Z,0.0200,1.00,no
2026-10-06T15:24:48.005441Z,0.0200,5.00,no
2026-10-06T15:24:48.005441Z,0.0200,94.00,no
2026-10-06T15:24:48.005441Z,0.0200,46.93,no
2026-10-06T15:24:48.005441Z,0.0200,0.10,no
2026-10-06T15:24:48.005441Z,0.0300,41.42,no
2026-10-06T15:24:48.005441Z,0.0300,3.50,no
2026-10-06T15:24:48.005441Z,0.0200,20.74,no
2026-10-06T15:24:48.195327Z,0.0300,2.23,no
2026-10-06T15:24:51.214551Z,0.0300,1.00,no
2026-10-06T15:24:53.159548Z,0.0300,40.77,no
2026-10-06T15:24:53.159548Z,0.0200,767.93,no
2026-10-06T15:24:53.159548Z,0.0300,5.00,no
2026-10-06T15:24:53.159548Z,0.0300,1.93,no
2026-10-06T15:24:53.914003Z,0.0200,12.54,no
2026-10-06T15:24:53.914003Z,0.0300,2.47,no
2026-10-06T15:24:53.914003Z,0.0300,44.00,no
2026-10-06T15:24:56.061721Z,0.0500,35.63,yes
2026-10-06T15:24:56.061721Z,0.0400,1.00,yes
2026-10-06T15:24:56.061721Z,0.0400,21.00,yes
2026-10-06T15:24:56.061721Z,0.0400,15.00,yes
2026-10-06T15:24:56.061721Z,0.0400,10.06,yes
2026-10-06T15:24:56.061721Z,0.0400,1.00,yes
2026-10-06T15:24:56.061721Z,0.0400,38.29,yes
2026-10-06T15:24:56.061721Z,0.0400,5.00,yes
2026-10-06T15:24:56.878567Z,0.0300,34.00,no
2026-10-06T15:24:56.878567Z,0.0300,6.99,no
2026-10-06T15:24:56.878567Z,0.0300,41.11,no
2026-10-06T15:24:56.878567Z,0.0300,44.00,no
2026-10-06T15:24:59.745628Z,0.0300,4.98,no
2026-10-06T15:25:01.954171Z,0.0300,43.94,no
2026-10-06T15:25:01.954171Z,0.0300,0.02,no
2026-10-06T15:25:02.592335Z,0.0300,49.18,no
2026-10-06T15:25:02.614387Z,0.0400,1.17,yes
2026-10-06T15:25:03.619994Z,0.0300,8.55,no
2026-10-06T15:25:03.982489Z,0.0300,50.00,no
2026-10-06T15:25:04.398234Z,0.0300,324.65,no
2026-10-06T15:25:04.730308Z,0.0300,67.37,no
2026-10-06T15:25:04.768761Z,0.0300,24.90,no
2026-10-06T15:25:05.00748Z,0.0300,109.34,no
2026-10-06T15:25:05.164121Z,0.0300,25.22,no
2026-10-06T15:25:08.279586Z,0.0300,76.54,no
2026-10-06T15:25:09.217982Z,0.0400,11.83,yes
2026-10-06T15:25:09.217982Z,0.0500,1.00,yes
2026-10-06T15:25:09.217982Z,0.0500,8.18,yes
2026-10-06T15:25:09.734661Z,0.0500,12.16,yes
2026-10-06T15:25:09.734661Z,0.0600,10.05,yes
2026-10-06T15:25:09.734661Z,0.0500,105.00,yes
2026-10-06T15:25:09.734661Z,0.0500,10.00,yes
2026-10-06T15:25:09.734661Z,0.0500,46.82,yes
2026-10-06T15:25:14.4886Z,0.0400,4.37,no
2026-10-06T15:25:15.694171Z,0.0400,8.82,no
2026-10-06T15:25:16.836453Z,0.0600,0.10,yes
2026-10-06T15:25:16.836453Z,0.0600,1.00,yes
2026-10-06T15:25:16.836453Z,0.0600,1.00,yes
2026-10-06T15:25:16.836453Z,0.0600,13.82,yes
2026-10-06T15:25:16.836453Z,0.0600,1.00,yes
2026-10-06T15:25:16.836453Z,0.0600,5.59,yes
2026-10-06T15:25:16.836453Z,0.0700,22.00,yes
2026-10-06T15:25:16.836453Z,0.0600,11.95,yes
2026-10-06T15:25:16.836453Z,0.0600,55.00,yes
2026-10-06T15:25:16.836453Z,0.0500,13.00,yes
2026-10-06T15:25:16.836453Z,0.0700,25.86,yes
2026-10-06T15:25:16.902876Z,0.0400,7.19,no
2026-10-06T15:25:17.318807Z,0.0500,34.00,yes
2026-10-06T15:25:17.556696Z,0.0400,5.00,no
2026-10-06T15:25:17.556696Z,0.0400,62.99,no
2026-10-06T15:25:17.556696Z,0.0400,34.00,no
2026-10-06T15:25:17.556696Z,0.0400,22.00,no
2026-10-06T15:25:17.556696Z,0.0400,12.12,no
2026-10-06T15:25:18.66603Z,0.0500,15.20,yes
2026-10-06T15:25:18.66603Z,0.0400,41.05,yes
2026-10-06T15:25:19.263304Z,0.0300,111.81,no
2026-10-06T15:25:19.776596Z,0.0300,4.57,no
2026-10-06T15:25:20.525379Z,0.0300,566.91,no
2026-10-06T15:25:21.506604Z,0.0300,131.66,no
2026-10-06T15:25:22.080776Z,0.0400,41.05,yes
2026-10-06T15:25:22.080776Z,0.0400,29.22,yes
2026-10-06T15:25:22.157556Z,0.0300,1566.01,no
2026-10-06T15:25:22.989128Z,0.0300,231.88,no
2026-10-06T15:25:23.059366Z,0.0300,2.39,no
2026-10-06T15:25:23.07339Z,0.0300,11.74,no
2026-10-06T15:25:23.188086Z,0.0300,4.27,no
2026-10-06T15:25:23.679445Z,0.0300,30.00,no
2026-10-06T15:25:23.679445Z,0.0300,22.00,no
2026-10-06T15:25:23.679445Z,0.0300,43.02,no
2026-10-06T15:25:23.679445Z,0.0300,1746.00,no
2026-10-06T15:25:23.679445Z,0.0300,0.10,no
2026-10-06T15:25:23.679445Z,0.0300,32.00,no
2026-10-06T15:25:23.679445Z,0.0300,369.57,no
2026-10-06T15:25:24.352724Z,0.0400,34.00,yes
2026-10-06T15:25:24.352724Z,0.0400,37.56,yes
2026-10-06T15:25:24.352724Z,0.0400,40.66,yes
2026-10-06T15:25:27.326138Z,0.0300,41.09,yes
2026-10-06T15:25:27.326138Z,0.0300,60.00,yes
2026-10-06T15:25:27.326138Z,0.0300,23.76,yes
2026-10-06T15:25:28.176841Z,0.0300,156.06,yes
2026-10-06T15:25:28.759081Z,0.0300,62.42,yes
2026-10-06T15:25:29.61875Z,0.0200,22.00,no
2026-10-06T15:25:29.61875Z,0.0200,135.61,no
2026-10-06T15:25:31.733676Z,0.0300,62.42,yes
2026-10-06T15:25:33.601512Z,0.0300,31.21,yes
2026-10-06T15:25:33.846821Z,0.0300,62.42,yes
2026-10-06T15:25:35.479805Z,0.0200,684.61,no
2026-10-06T15:25:35.964981Z,0.0300,146.70,yes
2026-10-06T15:25:36.079095Z,0.0300,122.59,yes
2026-10-06T15:25:38.984623Z,0.0200,119.55,no
2026-10-06T15:25:40.922038Z,0.0300,52.85,yes
2026-10-06T15:25:40.922038Z,0.0300,86.67,yes
2026-10-06T15:25:41.349467Z,0.0300,3.12,yes
2026-10-06T15:25:41.669237Z,0.0300,93.64,yes
2026-10-06T15:25:45.37347Z,0.0300,50.00,yes
2026-10-06T15:25:45.37347Z,0.0300,5.00,yes
2026-10-06T15:25:45.37347Z,0.0300,25.51,yes
2026-10-06T15:25:45.37347Z,0.0300,5.00,yes
2026-10-06T15:25:45.37347Z,0.0300,30.62,yes
2026-10-06T15:25:45.37347Z,0.0300,30.00,yes
2026-10-06T15:25:45.37347Z,0.0300,5.00,yes
2026-10-06T15:25:46.251021Z,0.0600,1.00,yes
2026-10-06T15:25:46.251021Z,0.0600,34.00,yes
2026-10-06T15:25:46.251021Z,0.0700,38.05,yes
2026-10-06T15:25:46.251021Z,0.0500,49.00,yes
2026-10-06T15:25:46.251021Z,0.0600,0.10,yes
2026-10-06T15:25:46.251021Z,0.0400,0.10,yes
2026-10-06T15:25:46.251021Z,0.0500,0.10,yes
2026-10-06T15:25:46.251021Z,0.0500,55.00,yes
2026-10-06T15:25:46.251021Z,0.0400,22.00,yes
2026-10-06T15:25:46.251021Z,0.0600,42.73,yes
2026-10-06T15:25:46.251021Z,0.0600,22.00,yes
2026-10-06T15:25:46.251021Z,0.0700,22.00,yes
2026-10-06T15:25:46.251021Z,0.0600,25.00,yes
2026-10-06T15:25:46.782649Z,0.0300,55.00,no
2026-10-06T15:25:46.782649Z,0.0300,182.00,no
2026-10-06T15:25:46.782649Z,0.0300,22.00,no
2026-10-06T15:25:46.782649Z,0.0400,22.00,no
2026-10-06T15:25:46.782649Z,0.0300,91.00,no
2026-10-06T15:25:46.782649Z,0.0300,42.73,no
2026-10-06T15:25:46.782649Z,0.0300,39.52,no
2026-10-06T15:25:46.850756Z,0.0400,4.37,no
2026-10-06T15:25:46.850756Z,0.0300,54.00,no
2026-10-06T15:25:46.850756Z,0.0300,176.81,no
2026-10-06T15:25:48.29028Z,0.0300,10.78,no
2026-10-06T15:25:49.039367Z,0.0200,112.23,no
2026-10-06T15:25:49.550267Z,0.0300,11.98,yes
2026-10-06T15:25:49.550267Z,0.0300,7.26,yes
2026-10-06T15:25:49.550267Z,0.0300,43.18,yes
2026-10-06T15:25:50.930876Z,0.0300,17.58,yes
2026-10-06T15:25:50.930876Z,0.0300,9.70,yes
2026-10-06T15:25:50.930876Z,0.0300,2.74,yes
2026-10-06T15:25:50.930876Z,0.0300,41.98,yes
2026-10-06T15:25:52.46071Z,0.0300,312.13,yes
2026-10-06T15:25:53.104059Z,0.0200,199.00,no
2026-10-06T15:25:54.423404Z,0.0300,39.52,yes
2026-10-06T15:25:54.423404Z,0.0300,50.00,yes
2026-10-06T15:25:54.423404Z,0.0300,170.00,yes
2026-10-06T15:25:54.423404Z,0.0300,7.06,yes
2026-10-06T15:25:54.423404Z,0.0300,43.41,yes
2026-10-06T15:25:54.423404Z,0.0300,5.00,yes
2026-10-06T15:25:54.423404Z,0.0300,74.29,yes
2026-10-06T15:25:54.423404Z,0.0300,55.00,yes
2026-10-06T15:25:54.423404Z,0.0300,103.00,yes
2026-10-06T15:25:54.423404Z,0.0300,12.00,yes
2026-10-06T15:25:57.760434Z,0.0300,25.71,yes
2026-10-06T15:25:57.760434Z,0.0300,5.00,yes
2026-10-06T15:25:57.760434Z,0.0300,3.62,yes
2026-10-06T15:26:02.015623Z,0.0200,83.97,no
2026-10-06T15:26:05.729387Z,0.0200,85.57,no
2026-10-06T15:26:05.80254Z,0.0300,31.21,yes
2026-10-06T15:26:07.535383Z,0.0300,8.58,yes
2026-10-06T15:26:07.535383Z,0.0300,147.48,yes
2026-10-06T15:26:09.531232Z,0.0300,61.81,yes
2026-10-06T15:26:09.531232Z,0.0300,34.52,yes
2026-10-06T15:26:09.531232Z,0.0300,7.34,yes
2026-10-06T15:26:09.531232Z,0.0300,5.00,yes
2026-10-06T15:26:09.531232Z,0.0300,2.83,yes
2026-10-06T15:26:11.011922Z,0.0200,117.74,no
2026-10-06T15:26:12.228924Z,0.0300,2.17,yes
2026-10-06T15:26:12.228924Z,0.0300,1960.00,yes
2026-10-06T15:26:12.228924Z,0.0300,837.83,yes
2026-10-06T15:26:13.49756Z,0.0200,11.71,no
2026-10-06T15:26:14.245294Z,0.0300,83.00,yes
2026-10-06T15:26:15.450851Z,0.0300,15.60,yes
2026-10-06T15:26:15.56113Z,0.0300,26.00,yes
2026-10-06T15:26:16.091487Z,0.0200,34.00,no
2026-10-06T15:26:16.766818Z,0.0300,156.06,yes
2026-10-06T15:26:17.60396Z,0.0300,157.31,yes
2026-10-06T15:26:20.317462Z,0.0300,3724.20,yes
2026-10-06T15:26:20.317462Z,0.0300,55.00,yes
2026-10-06T15:26:20.317462Z,0.0300,5.00,yes
2026-10-06T15:26:20.317462Z,0.0300,187.00,yes
2026-10-06T15:26:20.317462Z,0.0300,5.00,yes
2026-10-06T15:26:20.317462Z,0.0300,30.68,yes
2026-10-06T15:26:20.317462Z,0.0300,0.10,yes
2026-10-06T15:26:20.317462Z,0.0300,4911.00,yes
2026-10-06T15:26:20.330235Z,0.0300,268.19,no
2026-10-06T15:26:20.445606Z,0.0300,1391.57,no
2026-10-06T15:26:20.993702Z,0.0300,5.06,no
2026-10-06T15:26:21.774239Z,0.0300,25.88,no
2026-10-06T15:26:22.910166Z,0.0300,1066.51,no
2026-10-06T15:26:23.03756Z,0.0300,4.47,no
2026-10-06T15:26:25.26788Z,0.0300,67.37,no
2026-10-06T15:26:26.495019Z,0.0400,13.00,yes
2026-10-06T15:26:27.218205Z,0.0400,1000.00,yes
2026-10-06T15:26:27.218205Z,0.0400,60.00,yes
2026-10-06T15:26:27.218205Z,0.0400,41.00,yes
2026-10-06T15:26:27.218205Z,0.0400,55.00,yes
2026-10-06T15:26:27.717224Z,0.0300,20.00,no
2026-10-06T15:26:27.754052Z,0.0300,257.19,no
2026-10-06T15:26:29.060521Z,0.0400,41.69,yes
2026-10-06T15:26:32.104819Z,0.0300,1.00,no
2026-10-06T15:26:32.104819Z,0.0300,30.00,no
2026-10-06T15:26:32.745775Z,0.0300,186.00,yes
2026-10-06T15:26:32.745775Z,0.0300,80.60,yes
2026-10-06T15:26:32.745775Z,0.0300,45.53,yes
2026-10-06T15:26:35.245946Z,0.0200,30.44,no
2026-10-06T15:26:38.053145Z,0.0300,1000.00,yes
2026-10-06T15:26:38.166221Z,0.0300,156.06,yes
2026-10-06T15:26:38.477277Z,0.0300,803.94,yes
2026-10-06T15:26:38.477277Z,0.0300,55.00,yes
2026-10-06T15:26:38.477277Z,0.0300,3680.06,yes
2026-10-06T15:26:38.593588Z,0.0300,156.06,yes
2026-10-06T15:26:40.144109Z,0.0300,70.37,yes
2026-10-06T15:26:40.144109Z,0.0300,163.88,yes
2026-10-06T15:26:42.433275Z,0.0300,0.03,yes
2026-10-06T15:26:42.770171Z,0.0300,0.02,yes
2026-10-06T15:26:43.096963Z,0.0300,0.01,yes
2026-10-06T15:26:43.402812Z,0.0300,0.02,yes
2026-10-06T15:26:43.746068Z,0.0200,0.22,no
2026-10-06T15:26:47.80413Z,0.0300,25.00,yes
2026-10-06T15:26:48.095504Z,0.0200,752.19,no
2026-10-06T15:26:48.095504Z,0.0200,477.35,no
2026-10-06T15:26:48.774912Z,0.0300,312.13,yes
2026-10-06T15:26:55.408448Z,0.0200,17.11,no
2026-10-06T15:26:56.232866Z,0.0300,156.06,yes
2026-10-06T15:26:57.240543Z,0.0200,8.55,no
2026-10-06T15:27:03.235124Z,0.0200,49.93,no
2026-10-06T15:27:03.235124Z,0.0200,13.45,no
2026-10-06T15:27:03.235124Z,0.0200,33.10,no
2026-10-06T15:27:03.235124Z,0.0200,55.00,no
2026-10-06T15:27:03.533626Z,0.0300,156.06,yes
2026-10-06T15:27:04.038371Z,0.0300,70.50,yes
2026-10-06T15:27:04.038371Z,0.0300,375.75,yes
2026-10-06T15:27:04.461253Z,0.0200,61.47,no
2026-10-06T15:27:05.798067Z,0.0200,156.99,no
2026-10-06T15:27:05.853701Z,0.0200,60.00,no
2026-10-06T15:27:08.20797Z,0.0300,624.27,yes
2026-10-06T15:27:11.177903Z,0.0300,31.21,yes
2026-10-06T15:27:11.294218Z,0.0300,55.00,yes
2026-10-06T15:27:11.294218Z,0.0300,968.79,yes
2026-10-06T15:27:11.294218Z,0.0300,500.00,yes
2026-10-06T15:27:11.294218Z,0.0300,36.90,yes
2026-10-06T15:27:11.304409Z,0.0300,5.00,yes
2026-10-06T15:27:11.304409Z,0.0300,0.10,yes
2026-10-06T15:27:11.304409Z,0.0300,128.10,yes
2026-10-06T15:27:11.304409Z,0.0300,22.86,yes
2026-10-06T15:27:15.45042Z,0.0200,203.79,no
2026-10-06T15:27:15.552036Z,0.0300,33.10,yes
2026-10-06T15:27:15.552036Z,0.0300,5.00,yes
2026-10-06T15:27:15.552036Z,0.0300,88.00,yes
2026-10-06T15:27:15.552036Z,0.0300,5.00,yes
2026-10-06T15:27:15.552036Z,0.0300,243.46,yes
2026-10-06T15:27:17.923348Z,0.0200,114.40,no
2026-10-06T15:27:18.191567Z,0.0200,31.21,no
2026-10-06T15:27:18.698481Z,0.0200,2.23,no
2026-10-06T15:27:20.177498Z,0.0200,45.76,no
2026-10-06T15:27:21.241244Z,0.0300,1206.00,yes
2026-10-06T15:27:22.647546Z,0.0300,31.21,yes
2026-10-06T15:27:24.080299Z,0.0300,19.33,yes
2026-10-06T15:27:24.080299Z,0.0300,100.67,yes
2026-10-06T15:27:26.997298Z,0.0200,40.64,no
2026-10-06T15:27:29.592313Z,0.0200,6.20,no
2026-10-06T15:27:29.85793Z,0.0200,5.04,no
2026-10-06T15:27:30.885889Z,0.0300,624.27,yes
2026-10-06T15:27:31.252109Z,0.0200,72.50,no
2026-10-06T15:27:32.885375Z,0.0200,78.80,no
2026-10-06T15:27:34.219407Z,0.0200,25.47,no
2026-10-06T15:27:34.544671Z,0.0200,4.68,no
2026-10-06T15:27:36.648278Z,0.0300,218.49,yes
2026-10-06T15:27:36.922024Z,0.0300,156.06,yes
2026-10-06T15:27:41.947066Z,0.0200,1300.00,no
2026-10-06T15:27:42.700617Z,0.0300,4.20,yes
2026-10-06T15:27:42.700617Z,0.0300,5.00,yes
2026-10-06T15:27:42.700617Z,0.0300,32.37,yes
2026-10-06T15:27:42.700617Z,0.0300,5.00,yes
2026-10-06T15:27:42.700617Z,0.0300,46.43,yes
2026-10-06T15:27:42.700617Z,0.0300,5.00,yes
2026-10-06T15:27:42.700617Z,0.0300,5.00,yes
2026-10-06T15:27:43.155017Z,0.0300,5.17,no
2026-10-06T15:27:45.83694Z,0.0400,0.10,yes
2026-10-06T15:27:45.83694Z,0.0400,8.00,yes
2026-10-06T15:27:45.83694Z,0.0400,14.00,yes
2026-10-06T15:27:45.83694Z,0.0400,39.00,yes
2026-10-06T15:27:45.83694Z,0.0400,9.35,yes
2026-10-06T15:27:45.83694Z,0.0400,46.67,yes
2026-10-06T15:27:46.687408Z,0.0400,34.06,yes
2026-10-06T15:27:46.687408Z,0.0400,26.84,yes
2026-10-06T15:27:48.28918Z,0.0300,0.01,no
2026-10-06T15:27:49.21728Z,0.0300,27.71,no
2026-10-06T15:27:49.21728Z,0.0300,24.82,no
2026-10-06T15:27:51.03862Z,0.0300,30.00,no
2026-10-06T15:27:53.160051Z,0.0400,91.36,yes
2026-10-06T15:27:54.831646Z,0.0300,17.91,no
2026-10-06T15:27:54.831646Z,0.0300,5.00,no
2026-10-06T15:27:54.831646Z,0.0300,33.29,no
2026-10-06T15:27:54.831646Z,0.0300,59.95,no
2026-10-06T15:27:54.831646Z,0.0300,55.00,no
2026-10-06T15:27:57.705868Z,0.0300,30.00,no
2026-10-06T15:27:57.705868Z,0.0300,14.73,no
2026-10-06T15:27:57.705868Z,0.0300,5.00,no
2026-10-06T15:27:57.705868Z,0.0300,91.00,no
2026-10-06T15:27:57.705868Z,0.0200,370.09,no
2026-10-06T15:27:57.929661Z,0.0400,9.45,yes
2026-10-06T15:27:57.929661Z,0.0400,5.00,yes
2026-10-06T15:27:57.929661Z,0.0400,46.67,yes
2026-10-06T15:27:57.929661Z,0.0400,5.00,yes
2026-10-06T15:27:57.929661Z,0.0400,51.00,yes
2026-10-06T15:27:59.757641Z,0.0200,170.85,no
2026-10-06T15:28:04.061506Z,0.0300,25.47,yes
2026-10-06T15:28:08.107777Z,0.0700,100.00,yes
2026-10-06T15:28:08.107777Z,0.0500,85.00,yes
2026-10-06T15:28:08.107777Z,0.0400,0.10,yes
2026-10-06T15:28:08.107777Z,0.0300,100.00,yes
2026-10-06T15:28:08.107777Z,0.0600,175.00,yes
2026-10-06T15:28:08.107777Z,0.0700,108.31,yes
2026-10-06T15:28:08.107777Z,0.0400,90.55,yes
2026-10-06T15:28:08.107777Z,0.0500,125.00,yes
2026-10-06T15:28:08.107777Z,0.0300,14.33,yes
2026-10-06T15:28:08.107777Z,0.0300,21.49,yes
2026-10-06T15:28:08.107777Z,0.0700,116.00,yes
2026-10-06T15:28:08.107777Z,0.0300,5.00,yes
2026-10-06T15:28:08.107777Z,0.0300,44.00,yes
2026-10-06T15:28:08.107777Z,0.0400,10.00,yes
2026-10-06T15:28:08.107777Z,0.0400,75.00,yes
2026-10-06T15:28:08.107777Z,0.0300,5.00,yes
2026-10-06T15:28:08.107777Z,0.0700,29.07,yes
2026-10-06T15:28:08.107777Z,0.0600,0.10,yes
2026-10-06T15:28:08.107777Z,0.0500,0.10,yes
2026-10-06T15:28:08.107777Z,0.0600,1.00,yes
2026-10-06T15:28:08.107777Z,0.0700,22.00,yes
2026-10-06T15:28:08.107777Z,0.0600,22.00,yes
2026-10-06T15:28:08.107777Z,0.0700,31.00,yes
2026-10-06T15:28:08.107777Z,0.0500,158.00,yes
2026-10-06T15:28:08.107777Z,0.0600,102.00,yes
2026-10-06T15:28:08.107777Z,0.0300,59.95,yes
2026-10-06T15:28:08.108958Z,0.0900,622.00,yes
2026-10-06T15:28:08.108958Z,0.0800,2.00,yes
2026-10-06T15:28:08.108958Z,0.0800,1.00,yes
2026-10-06T15:28:08.108958Z,0.0900,1.00,yes
2026-10-06T15:28:08.108958Z,0.0900,1.00,yes
2026-10-06T15:28:08.108958Z,0.0800,452.49,yes
2026-10-06T15:28:08.108958Z,0.0700,144.48,yes
2026-10-06T15:28:08.108958Z,0.0800,93.00,yes
2026-10-06T15:28:08.108958Z,0.0800,168.00,yes
2026-10-06T15:28:08.125475Z,0.0800,100.00,no
2026-10-06T15:28:08.126095Z,0.0800,900.00,no
2026-10-06T15:28:08.594152Z,0.0900,1.63,no
2026-10-06T15:28:09.100546Z,0.0800,7.00,no
2026-10-06T15:28:09.100546Z,0.0800,37.00,no
2026-10-06T15:28:09.182041Z,0.0800,2.09,no
2026-10-06T15:28:09.363473Z,0.0900,28.79,no
2026-10-06T15:28:09.813481Z,0.1000,2.00,yes
2026-10-06T15:28:09.813481Z,0.1000,1.00,yes
2026-10-06T15:28:09.813481Z,0.1000,1.00,yes
2026-10-06T15:28:09.813481Z,0.1000,47.05,yes
2026-10-06T15:28:09.813481Z,0.1000,14.80,yes
2026-10-06T15:28:10.275606Z,0.0900,12.61,no
2026-10-06T15:28:12.144869Z,0.0900,2.00,yes
2026-10-06T15:28:13.995399Z,0.1000,1.00,yes
2026-10-06T15:28:14.849816Z,0.0900,0.35,no
2026-10-06T15:28:16.816381Z,0.0900,72.00,no
2026-10-06T15:28:16.816381Z,0.0900,191.00,no
2026-10-06T15:28:16.816381Z,0.0900,46.94,no
2026-10-06T15:28:16.816381Z,0.0800,668.72,no
2026-10-06T15:28:16.816381Z,0.1000,0.02,no
2026-10-06T15:28:16.816381Z,0.1000,34.00,no
2026-10-06T15:28:16.816381Z,0.0900,134.26,no
2026-10-06T15:28:16.816381Z,0.0900,10.00,no
2026-10-06T15:28:16.816381Z,0.0900,18.00,no
2026-10-06T15:28:19.437144Z,0.1000,47.03,yes
2026-10-06T15:28:24.856041Z,0.1100,33.54,yes
2026-10-06T15:28:24.856041Z,0.1000,99.18,yes
2026-10-06T15:28:24.856041Z,0.1000,5.00,yes
2026-10-06T15:28:25.23378Z,0.1000,30.00,no
2026-10-06T15:28:25.23378Z,0.1000,10.78,no
2026-10-06T15:28:26.08194Z,0.1100,42.78,yes
2026-10-06T15:28:28.879153Z,0.1000,0.85,no
2026-10-06T15:28:28.990349Z,0.1200,1.00,yes
2026-10-06T15:28:28.990349Z,0.1200,1.00,yes
2026-10-06T15:28:28.990349Z,0.1100,28.13,yes
2026-10-06T15:28:28.990349Z,0.1200,1.00,yes
2026-10-06T15:28:28.990349Z,0.1100,5.00,yes
2026-10-06T15:28:28.990349Z,0.1200,17.59,yes
2026-10-06T15:28:28.990349Z,0.1200,51.00,yes
2026-10-06T15:28:30.036828Z,0.1100,25.22,no
2026-10-06T15:28:30.665312Z,0.1100,111.18,no
2026-10-06T15:28:32.084415Z,0.1200,15.69,yes
2026-10-06T15:28:32.473949Z,0.1200,1.00,yes
2026-10-06T15:28:32.885014Z,0.1200,26.72,yes
2026-10-06T15:28:32.885014Z,0.1200,12.52,yes
2026-10-06T15:28:33.756103Z,0.1200,40.58,yes
2026-10-06T15:28:34.710329Z,0.1100,12.29,no
2026-10-06T15:28:34.993909Z,0.1200,15.69,yes
2026-10-06T15:28:35.408439Z,0.1200,10.01,yes
2026-10-06T15:28:35.408439Z,0.1200,49.99,yes
2026-10-06T15:28:37.490659Z,0.1200,20.23,yes
2026-10-06T15:28:37.490659Z,0.1200,14.00,yes
2026-10-06T15:28:37.490659Z,0.1200,5.01,yes
2026-10-06T15:28:37.540886Z,0.1100,22.88,no
2026-10-06T15:28:38.082588Z,0.1200,17.19,yes
2026-10-06T15:28:38.147789Z,0.1100,78.63,no
2026-10-06T15:28:40.059039Z,0.1200,30.00,yes
2026-10-06T15:28:40.059039Z,0.1200,64.58,yes
2026-10-06T15:28:40.059039Z,0.1200,47.69,yes
2026-10-06T15:28:40.059039Z,0.1200,48.97,yes
2026-10-06T15:28:40.059039Z,0.1200,5.00,yes
2026-10-06T15:28:40.127437Z,0.1200,77.71,yes
2026-10-06T15:28:40.127437Z,0.1200,87.00,yes
2026-10-06T15:28:40.127437Z,0.1200,39.00,yes
2026-10-06T15:28:40.127437Z,0.1200,65.00,yes
2026-10-06T15:28:40.127437Z,0.1200,1.03,yes
2026-10-06T15:28:40.127437Z,0.1200,5.00,yes
2026-10-06T15:28:42.078928Z,0.1200,0.10,yes
2026-10-06T15:28:42.078928Z,0.1200,5.00,yes
2026-10-06T15:28:42.078928Z,0.1200,34.14,yes
2026-10-06T15:28:43.459192Z,0.1300,0.10,yes
2026-10-06T15:28:43.459192Z,0.1300,45.67,yes
2026-10-06T15:28:43.459192Z,0.1200,2.04,yes
2026-10-06T15:28:43.459192Z,0.1200,30.00,yes
2026-10-06T15:28:43.459192Z,0.1200,65.86,yes
2026-10-06T15:28:43.459192Z,0.1300,136.85,yes
2026-10-06T15:28:43.459192Z,0.1200,84.00,yes
2026-10-06T15:28:43.459192Z,0.1300,12.26,yes
2026-10-06T15:28:43.867665Z,0.1200,7.84,yes
2026-10-06T15:28:45.451518Z,0.1400,1.00,yes
2026-10-06T15:28:45.451518Z,0.1300,5.00,yes
2026-10-06T15:28:45.451518Z,0.1300,30.00,yes
2026-10-06T15:28:45.451518Z,0.1300,185.00,yes
2026-10-06T15:28:45.451518Z,0.1200,22.16,yes
2026-10-06T15:28:45.451518Z,0.1300,45.37,yes
2026-10-06T15:28:45.451518Z,0.1200,1.57,yes
2026-10-06T15:28:45.451518Z,0.1300,55.00,yes
2026-10-06T15:28:45.451518Z,0.1400,17.72,yes
2026-10-06T15:28:46.337544Z,0.1300,55.00,yes
2026-10-06T15:28:46.337544Z,0.1300,160.00,yes
2026-10-06T15:28:46.337544Z,0.1300,45.35,yes
2026-10-06T15:28:46.337544Z,0.1300,101.00,yes
2026-10-06T15:28:46.337544Z,0.1300,68.00,yes
2026-10-06T15:28:46.337544Z,0.1300,100.00,yes
2026-10-06T15:28:46.337544Z,0.1300,1.00,yes
2026-10-06T15:28:46.337544Z,0.1300,10.23,yes
2026-10-06T15:28:46.337544Z,0.1400,427.41,yes
2026-10-06T15:28:46.960135Z,0.1400,134.74,yes
2026-10-06T15:28:48.373175Z,0.1300,32.00,yes
2026-10-06T15:28:48.373175Z,0.1300,101.00,yes
2026-10-06T15:28:48.373175Z,0.1300,45.35,yes
2026-10-06T15:28:48.373175Z,0.1300,5.00,yes
2026-10-06T15:28:48.373175Z,0.1300,118.09,yes
2026-10-06T15:28:48.373175Z,0.1300,55.00,yes
2026-10-06T15:28:48.609202Z,0.1400,380.13,yes
2026-10-06T15:28:48.609202Z,0.1300,101.00,yes
2026-10-06T15:28:48.609202Z,0.1300,92.91,yes
2026-10-06T15:28:48.609202Z,0.1400,80.58,yes
2026-10-06T15:28:48.609202Z,0.1400,0.10,yes
2026-10-06T15:28:48.609202Z,0.1300,11.00,yes
2026-10-06T15:28:49.109452Z,0.1300,60.63,yes
2026-10-06T15:28:50.12626Z,0.1300,55.00,yes
2026-10-06T15:28:50.12626Z,0.1400,67.00,yes
2026-10-06T15:28:50.12626Z,0.1400,61.46,yes
2026-10-06T15:28:50.12626Z,0.1300,45.14,yes
2026-10-06T15:28:50.12626Z,0.1300,40.37,yes
2026-10-06T15:28:50.12626Z,0.1300,25.00,yes
2026-10-06T15:28:50.12626Z,0.1300,60.63,yes
2026-10-06T15:28:50.12626Z,0.1300,5.00,yes
2026-10-06T15:28:50.594804Z,0.1300,72.50,yes
2026-10-06T15:28:51.307023Z,0.1200,108.69,no
2026-10-06T15:28:53.567509Z,0.1400,439.54,yes
2026-10-06T15:28:53.567509Z,0.1400,30.00,yes
2026-10-06T15:28:53.567509Z,0.1300,12.00,yes
2026-10-06T15:28:53.567509Z,0.1300,0.76,yes
2026-10-06T15:28:53.567509Z,0.1400,138.00,yes
2026-10-06T15:28:53.567509Z,0.1400,7.31,yes
2026-10-06T15:28:53.567509Z,0.1300,166.00,yes
2026-10-06T15:28:53.567509Z,0.1400,524.00,yes
2026-10-06T15:28:53.567509Z,0.1400,15.00,yes
2026-10-06T15:28:53.567509Z,0.1300,55.00,yes
2026-10-06T15:28:53.567509Z,0.1300,28.50,yes
2026-10-06T15:28:53.567509Z,0.1300,68.00,yes
2026-10-06T15:28:53.567509Z,0.1400,31.00,yes
2026-10-06T15:28:53.567509Z,0.1300,72.50,yes
2026-10-06T15:28:53.707868Z,0.1400,0.06,yes
2026-10-06T15:28:53.924689Z,0.1200,90.88,no
2026-10-06T15:28:53.924689Z,0.1200,56.31,no
2026-10-06T15:28:53.924689Z,0.1300,45.84,no
2026-10-06T15:28:53.924689Z,0.1300,1.00,no
2026-10-06T15:28:53.924689Z,0.1300,30.00,no
2026-10-06T15:28:53.924689Z,0.1300,4.77,no
2026-10-06T15:28:54.034461Z,0.1100,270.09,no
2026-10-06T15:28:54.034461Z,0.1200,20.00,no
2026-10-06T15:28:54.034461Z,0.1200,124.00,no
2026-10-06T15:28:54.034461Z,0.1200,168.00,no
2026-10-06T15:28:54.034461Z,0.1300,46.06,no
2026-10-06T15:28:54.034461Z,0.1200,44.00,no
2026-10-06T15:28:54.034461Z,0.1300,30.00,no
2026-10-06T15:28:54.101104Z,0.1300,55.00,yes
2026-10-06T15:28:54.101104Z,0.1300,30.00,yes
2026-10-06T15:28:54.101104Z,0.1300,101.00,yes
2026-10-06T15:28:54.101104Z,0.1400,105.08,yes
2026-10-06T15:28:54.101104Z,0.1400,45.78,yes
2026-10-06T15:28:54.21227Z,0.1200,15.69,no
2026-10-06T15:28:54.6447Z,0.1300,30.00,yes
2026-10-06T15:28:54.6447Z,0.1300,1.69,yes
2026-10-06T15:28:54.6447Z,0.1300,101.00,yes
2026-10-06T15:28:54.6447Z,0.1300,55.00,yes
2026-10-06T15:28:54.6447Z,0.1400,54.92,yes
2026-10-06T15:28:54.6447Z,0.1400,800.71,yes
2026-10-06T15:28:54.6447Z,0.1400,67.00,yes
2026-10-06T15:28:54.711439Z,0.1400,40.42,yes
2026-10-06T15:28:54.816789Z,0.1400,0.12,yes
2026-10-06T15:28:55.002921Z,0.1300,30.00,no
2026-10-06T15:28:55.002921Z,0.1200,145.31,no
2026-10-06T15:28:55.002921Z,0.1300,5.23,no
2026-10-06T15:28:55.002921Z,0.1200,46.06,no
2026-10-06T15:28:55.002921Z,0.1100,50.35,no
2026-10-06T15:28:55.304694Z,0.1400,1.75,yes
2026-10-06T15:28:55.304694Z,0.1400,5.00,yes
2026-10-06T15:28:55.304694Z,0.1400,60.62,yes
2026-10-06T15:28:56.098056Z,0.1200,6.34,no
2026-10-06T15:28:56.24321Z,0.1300,20.21,yes
2026-10-06T15:28:57.309375Z,0.1200,30.00,no
2026-10-06T15:28:57.309375Z,0.1200,0.02,no
2026-10-06T15:28:57.309375Z,0.1100,349.58,no
2026-10-06T15:28:57.309375Z,0.1100,36.50,no
2026-10-06T15:28:59.049821Z,0.1200,33.64,yes
2026-10-06T15:29:00.893929Z,0.1200,7.84,yes
2026-10-06T15:29:03.092441Z,0.1200,5.00,yes
2026-10-06T15:29:03.092441Z,0.1200,30.00,yes
2026-10-06T15:29:03.092441Z,0.1300,30.00,yes
2026-10-06T15:29:03.092441Z,0.1200,9.24,yes
2026-10-06T15:29:03.092441Z,0.1200,30.26,yes
2026-10-06T15:29:03.092441Z,0.1200,5.00,yes
2026-10-06T15:29:03.092441Z,0.1300,164.00,yes
2026-10-06T15:29:03.092441Z,0.1300,242.00,yes
2026-10-06T15:29:03.092441Z,0.1300,58.00,yes
2026-10-06T15:29:03.092441Z,0.1300,55.00,yes
2026-10-06T15:29:03.092441Z,0.1200,5.00,yes
2026-10-06T15:29:03.092441Z,0.1200,36.16,yes
2026-10-06T15:29:03.092441Z,0.1400,18.12,yes
2026-10-06T15:29:03.092441Z,0.1200,13.61,yes
2026-10-06T15:29:03.092441Z,0.1300,47.00,yes
2026-10-06T15:29:05.179128Z,0.1300,72.50,yes
2026-10-06T15:29:05.30253Z,0.1300,35.45,yes
2026-10-06T15:29:05.442996Z,0.1300,9.31,yes
2026-10-06T15:29:05.442996Z,0.1300,47.65,yes
2026-10-06T15:29:05.442996Z,0.1300,88.05,yes
2026-10-06T15:29:05.713113Z,0.1100,25.25,no
2026-10-06T15:29:05.713113Z,0.1100,128.00,no
2026-10-06T15:29:05.713113Z,0.1100,68.00,no
2026-10-06T15:29:05.713113Z,0.1100,1.00,no
2026-10-06T15:29:05.713113Z,0.1100,40.34,no
2026-10-06T15:29:05.713113Z,0.1100,0.10,no
2026-10-06T15:29:05.839647Z,0.1200,8.85,yes
2026-10-06T15:29:05.839647Z,0.1200,47.65,yes
2026-10-06T15:29:05.839647Z,0.1300,28.33,yes
2026-10-06T15:29:05.839647Z,0.1300,132.69,yes
2026-10-06T15:29:06.168717Z,0.1200,47.20,yes
2026-10-06T15:29:06.168717Z,0.1300,135.49,yes
2026-10-06T15:29:06.168717Z,0.1300,170.00,yes
2026-10-06T15:29:06.168717Z,0.1200,9.14,yes
2026-10-06T15:29:06.168717Z,0.1200,5.00,yes
2026-10-06T15:29:07.514036Z,0.1100,4.46,no
2026-10-06T15:29:07.642141Z,0.1200,23.54,yes
2026-10-06T15:29:07.688328Z,0.1200,54.94,yes
2026-10-06T15:29:08.154285Z,0.1200,36.25,yes
2026-10-06T15:29:09.014094Z,0.1200,78.49,yes
2026-10-06T15:29:09.389843Z,0.1200,39.32,yes
2026-10-06T15:29:09.786248Z,0.1200,2182.65,yes
2026-10-06T15:29:09.786248Z,0.1200,172.26,yes
2026-10-06T15:29:09.814676Z,0.1200,113.00,yes
2026-10-06T15:29:09.814676Z,0.1200,110.80,yes
2026-10-06T15:29:09.814676Z,0.1200,11.59,yes
2026-10-06T15:29:09.814676Z,0.1200,0.10,yes
2026-10-06T15:29:10.084406Z,0.1300,27.51,yes
2026-10-06T15:29:10.084406Z,0.1300,47.20,yes
2026-10-06T15:29:10.084406Z,0.1200,113.00,yes
2026-10-06T15:29:10.084406Z,0.1200,2.20,yes
2026-10-06T15:29:10.084406Z,0.1300,502.88,yes
2026-10-06T15:29:10.171818Z,0.1100,165.28,no
2026-10-06T15:29:11.268448Z,0.1200,100.00,yes
2026-10-06T15:29:11.268448Z,0.1200,4.95,yes
2026-10-06T15:29:11.268448Z,0.1200,46.67,yes
2026-10-06T15:29:11.268448Z,0.1300,20.31,yes
2026-10-06T15:29:11.268448Z,0.1300,64.00,yes
2026-10-06T15:29:11.440117Z,0.1300,67.87,yes
2026-10-06T15:29:11.440117Z,0.1300,47.25,yes
2026-10-06T15:29:13.53342Z,0.1200,4.70,yes
2026-10-06T15:29:13.556218Z,0.1200,113.00,yes
2026-10-06T15:29:13.556218Z,0.1200,483.49,yes
2026-10-06T15:29:13.556218Z,0.1200,6.29,yes
2026-10-06T15:29:13.556218Z,0.1200,5.00,yes
2026-10-06T15:29:13.556218Z,0.1200,113.00,yes
2026-10-06T15:29:15.053088Z,0.1300,49.00,yes
2026-10-06T15:29:15.053088Z,0.1300,23.50,yes
2026-10-06T15:29:17.094413Z,0.1500,1.00,yes
2026-10-06T15:29:17.094413Z,0.1500,1.00,yes
2026-10-06T15:29:17.094413Z,0.1400,6.66,yes
2026-10-06T15:29:17.094413Z,0.1400,49.00,yes
2026-10-06T15:29:17.094413Z,0.1400,100.00,yes
2026-10-06T15:29:17.094413Z,0.1500,16.65,yes
2026-10-06T15:29:17.094413Z,0.1400,23.75,yes
2026-10-06T15:29:17.763304Z,0.1400,1.41,yes
2026-10-06T15:29:18.038665Z,0.1400,67.37,yes
2026-10-06T15:29:18.592115Z,0.1400,10.30,yes
2026-10-06T15:29:19.726003Z,0.1400,166.00,no
2026-10-06T15:29:19.726003Z,0.1400,44.00,no
2026-10-06T15:29:19.726003Z,0.1400,50.00,no
2026-10-06T15:29:19.726003Z,0.1400,47.20,no
2026-10-06T15:29:19.726003Z,0.1400,134.00,no
2026-10-06T15:29:19.726003Z,0.1400,1.00,no
2026-10-06T15:29:19.726003Z,0.1400,99.00,no
2026-10-06T15:29:20.019849Z,0.1400,6.29,yes
2026-10-06T15:29:20.837762Z,0.1300,47.20,no
2026-10-06T15:29:20.837762Z,0.1300,16.00,no
2026-10-06T15:29:20.874521Z,0.1400,28.50,yes
2026-10-06T15:29:20.874521Z,0.1400,67.00,yes
2026-10-06T15:29:20.874521Z,0.1400,0.01,yes
2026-10-06T15:29:20.874521Z,0.1400,55.00,yes
2026-10-06T15:29:20.874521Z,0.1400,7.71,yes
2026-10-06T15:29:20.9362Z,0.1400,53.89,yes
2026-10-06T15:29:21.13095Z,0.1400,3.55,yes
2026-10-06T15:29:21.13095Z,0.1400,33.61,yes
2026-10-06T15:29:21.13095Z,0.1400,10.00,yes
2026-10-06T15:29:22.362265Z,0.1300,171.00,no
2026-10-06T15:29:22.362265Z,0.1300,500.00,no
2026-10-06T15:29:22.362265Z,0.1300,46.62,no
2026-10-06T15:29:22.972416Z,0.1400,202.11,yes
2026-10-06T15:29:23.295817Z,0.1400,241.55,yes
2026-10-06T15:29:23.887749Z,0.1300,46.67,no
2026-10-06T15:29:23.887749Z,0.1300,46.00,no
2026-10-06T15:29:24.061435Z,0.1400,101.19,yes
2026-10-06T15:29:24.139065Z,0.1400,134.74,yes
2026-10-06T15:29:25.144965Z,0.1200,8.82,no
2026-10-06T15:29:25.474442Z,0.1300,47.28,yes
2026-10-06T15:29:25.474442Z,0.1300,25.22,yes
2026-10-06T15:29:25.66249Z,0.1200,46.18,no
2026-10-06T15:29:25.66249Z,0.1200,18.15,no
2026-10-06T15:29:25.66249Z,0.1200,49.00,no
2026-10-06T15:29:26.432257Z,0.1300,15.22,yes
2026-10-06T15:29:26.432257Z,0.1300,484.78,yes
2026-10-06T15:29:27.498713Z,0.1300,39.78,yes
2026-10-06T15:29:27.498713Z,0.1300,187.00,yes
2026-10-06T15:29:27.498713Z,0.1300,498.29,yes
2026-10-06T15:29:27.841461Z,0.1300,166.00,yes
2026-10-06T15:29:28.960956Z,0.1300,500.00,yes
2026-10-06T15:29:29.463949Z,0.1300,145.01,yes
2026-10-06T15:29:30.865662Z,0.1200,21.81,no
2026-10-06T15:29:31.023827Z,0.1300,14.50,yes
2026-10-06T15:29:31.603454Z,0.1300,176.20,yes
2026-10-06T15:29:31.603454Z,0.1300,10.00,yes
2026-10-06T15:29:31.603454Z,0.1300,100.00,yes
2026-10-06T15:29:31.603454Z,0.1300,145.65,yes
2026-10-06T15:29:31.603454Z,0.1300,18.15,yes
2026-10-06T15:29:31.603454Z,0.1300,50.00,yes
2026-10-06T15:29:31.612848Z,0.1300,14.50,yes
2026-10-06T15:29:31.902707Z,0.1300,114.00,yes
2026-10-06T15:29:31.902707Z,0.1300,46.67,yes
2026-10-06T15:29:31.902707Z,0.1300,0.10,yes
2026-10-06T15:29:31.902707Z,0.1300,55.00,yes
2026-10-06T15:29:31.902707Z,0.1300,21.81,yes
2026-10-06T15:29:31.902707Z,0.1300,9.08,yes
2026-10-06T15:29:31.902707Z,0.1300,28.58,yes
2026-10-06T15:29:31.902707Z,0.1300,5.00,yes
2026-10-06T15:29:31.902707Z,0.1300,172.00,yes
2026-10-06T15:29:33.151143Z,0.1400,67.37,yes
2026-10-06T15:29:33.415254Z,0.1400,177.00,yes
2026-10-06T15:29:33.415254Z,0.1400,44.76,yes
2026-10-06T15:29:33.415254Z,0.1400,0.10,yes
2026-10-06T15:29:33.415254Z,0.1400,115.00,yes
2026-10-06T15:29:34.678245Z,0.1400,134.00,no
2026-10-06T15:29:34.678245Z,0.1400,54.00,no
2026-10-06T15:29:34.678245Z,0.1400,180.00,no
2026-10-06T15:29:34.678245Z,0.1400,5.00,no
2026-10-06T15:29:34.678245Z,0.1400,56.00,no
2026-10-06T15:29:34.678245Z,0.1400,69.00,no
2026-10-06T15:29:34.678245Z,0.1400,1.00,no
2026-10-06T15:29:34.678245Z,0.1400,75.00,no
2026-10-06T15:29:34.678245Z,0.1400,15.24,no
2026-10-06T15:29:34.678245Z,0.1400,10.00,no
2026-10-06T15:29:34.678245Z,0.1400,12.00,no
2026-10-06T15:29:34.678245Z,0.1400,46.67,no
2026-10-06T15:29:34.678245Z,0.1400,55.00,no
2026-10-06T15:29:34.943662Z,0.1400,0.08,no
2026-10-06T15:29:35.549432Z,0.1400,25.88,no
2026-10-06T15:29:36.187342Z,0.1400,70.00,no
2026-10-06T15:29:36.187342Z,0.1400,138.38,no
2026-10-06T15:29:36.187342Z,0.1400,8.32,no
2026-10-06T15:29:36.187342Z,0.1400,55.00,no
2026-10-06T15:29:36.187342Z,0.1400,69.00,no
2026-10-06T15:29:36.187342Z,0.1400,178.00,no
2026-10-06T15:29:36.187342Z,0.1400,134.00,no
2026-10-06T15:29:36.187342Z,0.1400,20.43,no
2026-10-06T15:29:36.187342Z,0.1400,55.00,no
2026-10-06T15:29:36.187342Z,0.1400,10.00,no
2026-10-06T15:29:36.859353Z,0.1400,0.10,no
2026-10-06T15:29:36.968912Z,0.1500,18.87,yes
2026-10-06T15:29:37.149639Z,0.1500,12.58,yes
2026-10-06T15:29:37.171751Z,0.1400,1.26,no
2026-10-06T15:29:37.171751Z,0.1400,178.00,no
2026-10-06T15:29:37.171751Z,0.1400,10.00,no
2026-10-06T15:29:37.171751Z,0.1400,55.00,no
2026-10-06T15:29:37.171751Z,0.1400,46.57,no
2026-10-06T15:29:37.171751Z,0.1400,134.00,no
2026-10-06T15:29:37.211498Z,0.1400,31.46,yes
2026-10-06T15:29:38.281329Z,0.1300,47.23,no
2026-10-06T15:29:38.383636Z,0.1300,500.00,no
2026-10-06T15:29:38.383636Z,0.1300,0.53,no
2026-10-06T15:29:38.383636Z,0.1300,47.00,no
2026-10-06T15:29:38.383636Z,0.1300,0.59,no
2026-10-06T15:29:38.383636Z,0.1300,46.06,no
2026-10-06T15:29:38.383636Z,0.1300,1.00,no
2026-10-06T15:29:38.383636Z,0.1300,0.10,no
2026-10-06T15:29:38.383636Z,0.1300,63.00,no
2026-10-06T15:29:38.383636Z,0.1300,10.00,no
2026-10-06T15:29:38.748118Z,0.1300,67.37,yes
2026-10-06T15:29:39.558516Z,0.1300,660.25,yes
2026-10-06T15:29:39.583914Z,0.1300,104.10,yes
2026-10-06T15:29:39.583914Z,0.1300,20.90,yes
2026-10-06T15:29:39.866025Z,0.1300,138.38,yes
2026-10-06T15:29:39.866025Z,0.1300,50.00,yes
2026-10-06T15:29:39.866025Z,0.1300,16.05,yes
2026-10-06T15:29:39.866025Z,0.1300,10.00,yes
2026-10-06T15:29:39.866025Z,0.1300,148.10,yes
2026-10-06T15:29:40.144039Z,0.1300,14.50,yes
2026-10-06T15:29:40.43031Z,0.1300,21.75,yes
2026-10-06T15:29:41.696981Z,0.1300,46.67,yes
2026-10-06T15:29:43.898075Z,0.1300,323.00,yes
2026-10-06T15:29:43.898075Z,0.1300,46.67,yes
2026-10-06T15:29:43.898075Z,0.1300,24.12,yes
2026-10-06T15:29:43.898075Z,0.1300,5.00,yes
2026-10-06T15:29:44.168196Z,0.1300,79.75,yes
2026-10-06T15:29:45.291394Z,0.1300,2348.80,yes
2026-10-06T15:29:45.291394Z,0.1300,1000.00,yes
2026-10-06T15:29:45.291394Z,0.1300,1960.00,yes
2026-10-06T15:29:45.291394Z,0.1300,802.30,yes
2026-10-06T15:29:45.291394Z,0.1300,67.13,yes
2026-10-06T15:29:45.291394Z,0.1300,1000.00,yes
2026-10-06T15:29:45.305479Z,0.1300,34.22,yes
2026-10-06T15:29:46.193615Z,0.1300,85.01,yes
2026-10-06T15:29:46.193615Z,0.1300,5.00,yes
2026-10-06T15:29:46.193615Z,0.1300,55.00,yes
2026-10-06T15:29:46.514493Z,0.1300,46.70,yes
2026-10-06T15:29:46.514493Z,0.1300,55.00,yes
2026-10-06T15:29:46.514493Z,0.1400,246.05,yes
2026-10-06T15:29:47.77479Z,0.1400,33.68,yes
2026-10-06T15:29:48.281468Z,0.1300,1.00,no
2026-10-06T15:29:48.281468Z,0.1300,47.07,no
2026-10-06T15:29:48.281468Z,0.1300,188.93,no
2026-10-06T15:29:48.281468Z,0.1300,63.00,no
2026-10-06T15:29:48.464764Z,0.1400,175.00,yes
2026-10-06T15:29:49.138225Z,0.1400,204.74,yes
2026-10-06T15:29:49.711213Z,0.1400,33.64,yes
2026-10-06T15:29:50.940048Z,0.1400,50.60,yes
2026-10-06T15:29:50.940048Z,0.1400,50.00,yes
2026-10-06T15:29:50.940048Z,0.1400,5.00,yes
2026-10-06T15:29:51.117137Z,0.1300,55.00,no
2026-10-06T15:29:51.117137Z,0.1300,5.00,no
2026-10-06T15:29:51.117137Z,0.1300,2.00,no
2026-10-06T15:29:51.117137Z,0.1300,10.00,no
2026-10-06T15:29:51.117137Z,0.1300,48.19,no
2026-10-06T15:29:51.117137Z,0.1300,63.00,no
2026-10-06T15:29:51.117137Z,0.1300,62.50,no
2026-10-06T15:29:51.117137Z,0.1300,75.00,no
2026-10-06T15:29:52.096631Z,0.1500,5.00,yes
2026-10-06T15:29:52.096631Z,0.1500,27.50,yes
2026-10-06T15:29:52.096631Z,0.1500,5.00,yes
2026-10-06T15:29:52.096631Z,0.1500,47.82,yes
2026-10-06T15:29:52.096631Z,0.1500,40.52,yes
2026-10-06T15:29:52.663516Z,0.1400,2.00,no
2026-10-06T15:29:52.663516Z,0.1400,5.00,no
2026-10-06T15:29:52.663516Z,0.1400,13.07,no
2026-10-06T15:29:53.253584Z,0.1400,47.85,yes
2026-10-06T15:29:53.253584Z,0.1400,86.89,yes
2026-10-06T15:29:53.312636Z,0.1400,6.73,yes
2026-10-06T15:29:53.381802Z,0.1400,27.34,yes
2026-10-06T15:29:53.381802Z,0.1400,37.38,yes
2026-10-06T15:29:53.381802Z,0.1400,55.00,yes
2026-10-06T15:29:53.663363Z,0.1400,67.37,yes
2026-10-06T15:29:54.489646Z,0.1400,336.86,yes
2026-10-06T15:29:55.380173Z,0.1400,370.55,yes
2026-10-06T15:29:56.293449Z,0.1400,498.55,yes
2026-10-06T15:29:56.662169Z,0.1300,8.00,no
2026-10-06T15:29:56.662169Z,0.1300,10.44,no
2026-10-06T15:29:56.71171Z,0.1400,500.00,yes
2026-10-06T15:29:57.412741Z,0.1400,20.21,yes
2026-10-06T15:29:57.92815Z,0.1400,33.68,yes
2026-10-06T15:29:58.217564Z,0.1400,156.00,yes
2026-10-06T15:29:58.875233Z,0.1400,224.00,yes
2026-10-06T15:29:59.304423Z,0.1400,13.47,yes
2026-10-06T15:29:59.809621Z,0.1400,101.05,yes
2026-10-06T15:30:00.765459Z,0.1400,67.37,yes
2026-10-06T15:30:00.784346Z,0.1400,58.68,yes
2026-10-06T15:30:02.250413Z,0.1400,168.43,yes
2026-10-06T15:30:02.939872Z,0.1400,250.00,yes
2026-10-06T15:30:03.494982Z,0.1400,33.68,yes
2026-10-06T15:30:03.938158Z,0.1400,67.37,yes
2026-10-06T15:30:04.399747Z,0.1400,23.04,yes
2026-10-06T15:30:04.686049Z,0.1400,13.47,yes
2026-10-06T15:30:04.758576Z,0.1400,60.12,yes
2026-10-06T15:30:04.758576Z,0.1400,139.88,yes
2026-10-06T15:30:05.05612Z,0.1400,109.88,yes
2026-10-06T15:30:05.05612Z,0.1400,85.50,yes
2026-10-06T15:30:05.866307Z,0.1400,11.38,yes
2026-10-06T15:30:06.568531Z,0.1400,269.49,yes
2026-10-06T15:30:09.226619Z,0.1400,101.05,yes
2026-10-06T15:30:10.515088Z,0.1300,45.00,no
2026-10-06T15:30:10.515088Z,0.1300,11.95,no
2026-10-06T15:30:12.41865Z,0.1300,14.50,yes
2026-10-06T15:30:12.595995Z,0.1300,33.37,yes
2026-10-06T15:30:12.595995Z,0.1300,2.88,yes
2026-10-06T15:30:12.652456Z,0.1200,0.35,no
2026-10-06T15:30:12.812447Z,0.1300,12.12,yes
2026-10-06T15:30:12.812447Z,0.1300,47.94,yes
2026-10-06T15:30:12.812447Z,0.1300,0.35,yes
2026-10-06T15:30:12.812447Z,0.1400,9.91,yes
2026-10-06T15:30:13.256781Z,0.1300,43.50,yes
2026-10-06T15:30:15.298245Z,0.1300,13.00,yes
2026-10-06T15:30:15.298245Z,0.1400,5.00,yes
2026-10-06T15:30:15.298245Z,0.1400,5.00,yes
2026-10-06T15:30:15.298245Z,0.1400,55.00,yes
2026-10-06T15:30:15.298245Z,0.1500,67.20,yes
2026-10-06T15:30:15.298245Z,0.1300,3.76,yes
2026-10-06T15:30:15.298245Z,0.1400,185.00,yes
2026-10-06T15:30:15.298245Z,0.1500,72.00,yes
2026-10-06T15:30:15.298245Z,0.1500,0.10,yes
2026-10-06T15:30:15.298245Z,0.1400,0.10,yes
2026-10-06T15:30:15.298245Z,0.1400,90.09,yes
2026-10-06T15:30:16.185405Z,0.1400,49.00,yes
2026-10-06T15:30:16.185405Z,0.1400,47.26,yes
2026-10-06T15:30:16.185405Z,0.1400,35.92,yes
2026-10-06T15:30:17.39835Z,0.1300,22.69,no
2026-10-06T15:30:17.459962Z,0.1400,13.47,yes
2026-10-06T15:30:20.604506Z,0.1500,5.00,yes
2026-10-06T15:30:20.604506Z,0.1500,47.85,yes
2026-10-06T15:30:20.604506Z,0.1400,1.61,yes
2026-10-06T15:30:20.604506Z,0.1500,8.56,yes
2026-10-06T15:30:22.022012Z,0.1300,24.57,no
2026-10-06T15:30:22.022012Z,0.1300,3.43,no
2026-10-06T15:30:22.022012Z,0.1300,72.00,no
2026-10-06T15:30:22.441534Z,0.1600,1.00,yes
2026-10-06T15:30:22.441534Z,0.1600,10.00,yes
2026-10-06T15:30:22.441534Z,0.1600,55.00,yes
2026-10-06T15:30:22.441534Z,0.1500,47.85,yes
2026-10-06T15:30:22.441534Z,0.1500,5.00,yes
2026-10-06T15:30:22.441534Z,0.1500,10.00,yes
2026-10-06T15:30:22.441534Z,0.1600,30.11,yes
2026-10-06T15:30:22.441534Z,0.1400,13.00,yes
2026-10-06T15:30:22.441534Z,0.1600,0.10,yes
2026-10-06T15:30:22.441534Z,0.1500,55.00,yes
2026-10-06T15:30:22.875386Z,0.1300,45.00,no
2026-10-06T15:30:22.875386Z,0.1400,6.00,no
2026-10-06T15:30:22.875386Z,0.1300,1.00,no
2026-10-06T15:30:22.875386Z,0.1300,5.00,no
2026-10-06T15:30:22.875386Z,0.1300,55.00,no
2026-10-06T15:30:22.875386Z,0.1400,47.82,no
2026-10-06T15:30:22.875386Z,0.1300,14.98,no
2026-10-06T15:30:22.875386Z,0.1300,54.00,no
2026-10-06T15:30:23.536273Z,0.1500,13.87,yes
2026-10-06T15:30:23.761889Z,0.1500,55.00,yes
2026-10-06T15:30:23.761889Z,0.1500,79.95,yes
2026-10-06T15:30:23.761889Z,0.1500,40.13,yes
2026-10-06T15:30:23.761889Z,0.1500,5.00,yes
2026-10-06T15:30:24.30811Z,0.1600,10.00,yes
2026-10-06T15:30:24.30811Z,0.1500,23.05,yes
2026-10-06T15:30:24.30811Z,0.1600,25.00,yes
2026-10-06T15:30:24.30811Z,0.1600,2.36,yes
2026-10-06T15:30:25.161538Z,0.1500,21.00,yes
2026-10-06T15:30:25.161538Z,0.1500,3.00,yes
2026-10-06T15:30:25.161538Z,0.1600,35.19,yes
2026-10-06T15:30:25.392436Z,0.1500,24.00,yes
2026-10-06T15:30:25.392436Z,0.1500,36.47,yes
2026-10-06T15:30:26.557846Z,0.1800,1.00,yes
2026-10-06T15:30:26.557846Z,0.1800,1.00,yes
2026-10-06T15:30:26.557846Z,0.1700,75.00,yes
2026-10-06T15:30:26.557846Z,0.1600,54.00,yes
2026-10-06T15:30:26.557846Z,0.1800,6.10,yes
2026-10-06T15:30:26.557846Z,0.1700,10.00,yes
2026-10-06T15:30:26.557846Z,0.1600,10.84,yes
2026-10-06T15:30:26.557846Z,0.1800,55.00,yes
2026-10-06T15:30:26.557846Z,0.1600,10.00,yes
2026-10-06T15:30:26.557846Z,0.1700,55.00,yes
2026-10-06T15:30:27.257631Z,0.1400,5.00,no
2026-10-06T15:30:27.257631Z,0.1500,1.00,no
2026-10-06T15:30:27.257631Z,0.1500,10.00,no
2026-10-06T15:30:27.257631Z,0.1500,10.00,no
2026-10-06T15:30:27.257631Z,0.1400,1.57,no
2026-10-06T15:30:27.531402Z,0.1700,18.34,yes
2026-10-06T15:30:27.531402Z,0.1600,10.00,yes
2026-10-06T15:30:27.71836Z,0.1900,22.95,yes
2026-10-06T15:30:27.71836Z,0.1800,100.00,yes
2026-10-06T15:30:27.71836Z,0.1700,25.00,yes
2026-10-06T15:30:27.71836Z,0.1700,54.00,yes
2026-10-06T15:30:27.71836Z,0.1700,28.97,yes
2026-10-06T15:30:27.71836Z,0.1800,167.00,yes
2026-10-06T15:30:27.71836Z,0.1800,10.00,yes
2026-10-06T15:30:27.71836Z,0.1800,75.00,yes
2026-10-06T15:30:27.71836Z,0.1700,5.00,yes
2026-10-06T15:30:28.639056Z,0.1500,47.31,no
2026-10-06T15:30:28.639056Z,0.1500,36.00,no
2026-10-06T15:30:28.639056Z,0.1500,10.00,no
2026-10-06T15:30:28.639056Z,0.1500,10.00,no
2026-10-06T15:30:28.639056Z,0.1500,1.00,no
2026-10-06T15:30:28.639056Z,0.1500,54.00,no
2026-10-06T15:30:28.639056Z,0.1500,5.00,no
2026-10-06T15:30:28.639056Z,0.1500,5.00,no
2026-10-06T15:30:29.462482Z,0.1700,10.00,yes
2026-10-06T15:30:29.462482Z,0.1700,10.00,yes
2026-10-06T15:30:29.462482Z,0.1700,35.59,yes
2026-10-06T15:30:29.823035Z,0.1500,72.00,no
2026-10-06T15:30:29.823035Z,0.1500,10.00,no
2026-10-06T15:30:29.823035Z,0.1400,52.53,no
2026-10-06T15:30:30.383821Z,0.1400,0.10,no
2026-10-06T15:30:30.383821Z,0.1400,1.00,no
2026-10-06T15:30:30.383821Z,0.1400,10.00,no
2026-10-06T15:30:30.768885Z,0.1400,12.58,yes
2026-10-06T15:30:30.789707Z,0.1400,31.46,yes
2026-10-06T15:30:31.325884Z,0.1400,165.16,yes
2026-10-06T15:30:31.325884Z,0.1400,3.27,yes
2026-10-06T15:30:31.845023Z,0.1400,33.68,yes
2026-10-06T15:30:32.230385Z,0.1400,33.68,yes
2026-10-06T15:30:32.342584Z,0.1300,2.45,no
2026-10-06T15:30:33.376793Z,0.1400,6.73,yes
2026-10-06T15:30:33.378437Z,0.1400,26.94,yes
2026-10-06T15:30:34.102682Z,0.1400,33.68,yes
2026-10-06T15:30:35.351046Z,0.1300,1.00,no
2026-10-06T15:30:36.622765Z,0.1400,7.41,yes
2026-10-06T15:30:36.965412Z,0.1300,27.91,no
2026-10-06T15:30:37.439422Z,0.1400,55.00,yes
2026-10-06T15:30:37.439422Z,0.1400,91.86,yes
2026-10-06T15:30:37.439422Z,0.1400,190.00,yes
2026-10-06T15:30:37.95845Z,0.1300,4.00,no
2026-10-06T15:30:37.95845Z,0.1300,29.00,no
2026-10-06T15:30:37.95845Z,0.1300,6.91,no
2026-10-06T15:30:37.95845Z,0.1300,9.09,no
2026-10-06T15:30:37.95845Z,0.1300,10.00,no
2026-10-06T15:30:37.995599Z,0.1400,33.68,yes
2026-10-06T15:30:38.151931Z,0.1400,31.25,yes
2026-10-06T15:30:38.309836Z,0.1300,11.62,no
2026-10-06T15:30:39.562664Z,0.1300,56.95,no
2026-10-06T15:30:39.749528Z,0.1300,141.82,no
2026-10-06T15:30:39.749528Z,0.1300,10.00,no
2026-10-06T15:30:39.749528Z,0.1300,204.52,no
2026-10-06T15:30:40.424866Z,0.1300,87.81,yes
2026-10-06T15:30:40.424866Z,0.1300,143.66,yes
2026-10-06T15:30:40.424866Z,0.1300,47.65,yes
2026-10-06T15:30:41.023549Z,0.1300,5.00,yes
2026-10-06T15:30:42.70295Z,0.1300,7.25,yes
2026-10-06T15:30:42.8028Z,0.1300,7.25,yes
2026-10-06T15:30:44.169912Z,0.1300,24.53,yes
2026-10-06T15:30:44.169912Z,0.1300,87.69,yes
2026-10-06T15:30:44.169912Z,0.1300,32.79,yes
2026-10-06T15:30:44.366038Z,0.1300,7.25,yes
2026-10-06T15:30:45.885956Z,0.1300,7.25,yes
2026-10-06T15:30:46.051511Z,0.1300,2.53,yes
2026-10-06T15:30:46.442995Z,0.1300,5.43,yes
2026-10-06T15:30:46.718022Z,0.1300,12.25,yes
2026-10-06T15:30:46.718022Z,0.1300,16.75,yes
2026-10-06T15:30:46.77259Z,0.1300,36.25,yes
2026-10-06T15:30:48.092398Z,0.1300,52.50,yes
2026-10-06T15:30:48.092398Z,0.1300,12.75,yes
2026-10-06T15:30:50.4148Z,0.1300,100.00,yes
2026-10-06T15:30:50.759668Z,0.1300,50.00,yes
2026-10-06T15:30:50.759668Z,0.1300,10.00,yes
2026-10-06T15:30:50.759668Z,0.1300,887.25,yes
2026-10-06T15:30:50.759668Z,0.1300,41.75,yes
2026-10-06T15:30:51.822739Z,0.1300,108.76,yes
2026-10-06T15:30:52.350129Z,0.1200,24.59,no
2026-10-06T15:30:53.953523Z,0.1300,14.50,yes
2026-10-06T15:30:55.13064Z,0.1300,72.50,yes
2026-10-06T15:30:56.449938Z,0.1300,7.25,yes
2026-10-06T15:30:57.442578Z,0.1300,2402.00,yes
2026-10-06T15:30:58.461621Z,0.1300,40.60,yes
2026-10-06T15:30:58.571306Z,0.1100,41.82,no
2026-10-06T15:30:58.571306Z,0.1200,335.10,no
2026-10-06T15:30:58.571306Z,0.1200,59.00,no
2026-10-06T15:30:58.571306Z,0.1200,10.00,no
2026-10-06T15:30:58.571306Z,0.1200,20.32,no
2026-10-06T15:30:58.571306Z,0.1200,0.10,no
2026-10-06T15:30:58.571306Z,0.1200,30.00,no
2026-10-06T15:30:58.571306Z,0.1200,72.62,no
2026-10-06T15:30:58.571306Z,0.1200,23.00,no
2026-10-06T15:30:58.571306Z,0.1200,3.00,no
2026-10-06T15:30:58.571306Z,0.1200,10.00,no
2026-10-06T15:30:58.571306Z,0.1200,1.00,no
2026-10-06T15:30:58.976593Z,0.1200,25.34,yes
2026-10-06T15:30:58.976593Z,0.1200,47.16,yes
2026-10-06T15:30:59.561051Z,0.1100,171.15,no
2026-10-06T15:31:00.084487Z,0.1200,29.66,yes
2026-10-06T15:31:00.084487Z,0.1200,6.59,yes
2026-10-06T15:31:01.278534Z,0.1200,39.24,yes
2026-10-06T15:31:01.713915Z,0.1200,78.49,yes
2026-10-06T15:31:01.930586Z,0.1200,156.22,yes
2026-10-06T15:31:01.930586Z,0.1200,41.82,yes
2026-10-06T15:31:01.930586Z,0.1200,47.80,yes
2026-10-06T15:31:01.930586Z,0.1200,15.00,yes
2026-10-06T15:31:01.930586Z,0.1200,171.15,yes
2026-10-06T15:31:03.648099Z,0.1300,72.50,yes
2026-10-06T15:31:03.779019Z,0.1300,0.10,yes
2026-10-06T15:31:03.779019Z,0.1300,114.00,yes
2026-10-06T15:31:03.779019Z,0.1300,15.00,yes
2026-10-06T15:31:03.779019Z,0.1300,335.10,yes
2026-10-06T15:31:03.779019Z,0.1300,192.00,yes
2026-10-06T15:31:03.779019Z,0.1300,721.87,yes
2026-10-06T15:31:03.779019Z,0.1300,47.48,yes
2026-10-06T15:31:03.779019Z,0.1300,24.59,yes
2026-10-06T15:31:05.292792Z,0.1400,0.10,yes
2026-10-06T15:31:05.292792Z,0.1500,0.10,yes
2026-10-06T15:31:05.292792Z,0.1500,41.63,yes
2026-10-06T15:31:05.292792Z,0.1500,10.00,yes
2026-10-06T15:31:05.292792Z,0.1500,28.18,yes
2026-10-06T15:31:06.230682Z,0.2000,1.00,yes
2026-10-06T15:31:06.230682Z,0.2000,1.00,yes
2026-10-06T15:31:06.230682Z,0.2100,1.00,yes
2026-10-06T15:31:06.230682Z,0.1500,5.00,yes
2026-10-06T15:31:06.230682Z,0.1600,0.10,yes
2026-10-06T15:31:06.230682Z,0.1500,1.94,yes
2026-10-06T15:31:06.230682Z,0.1600,10.00,yes
2026-10-06T15:31:06.230682Z,0.2000,106.00,yes
2026-10-06T15:31:06.230682Z,0.2100,10.00,yes
2026-10-06T15:31:06.230682Z,0.1500,54.00,yes
2026-10-06T15:31:06.230682Z,0.2000,58.00,yes
2026-10-06T15:31:06.230682Z,0.2100,107.92,yes
2026-10-06T15:31:06.230682Z,0.2000,15.00,yes
2026-10-06T15:31:06.230682Z,0.1700,47.16,yes
2026-10-06T15:31:06.230682Z,0.1700,22.00,yes
2026-10-06T15:31:06.230682Z,0.2100,59.81,yes
2026-10-06T15:31:06.230682Z,0.1500,14.37,yes
2026-10-06T15:31:06.230682Z,0.1900,12.00,yes
2026-10-06T15:31:06.230682Z,0.1700,1.00,yes
2026-10-06T15:31:07.756746Z,0.1500,17.00,yes
2026-10-06T15:31:07.756746Z,0.1500,0.83,yes
2026-10-06T15:31:07.756746Z,0.1600,11.80,yes
2026-10-06T15:31:09.507116Z,0.1600,11.80,yes
2026-10-06T15:31:09.952177Z,0.1500,54.00,no
2026-10-06T15:31:09.952177Z,0.1500,37.39,no
2026-10-06T15:31:09.952177Z,0.1500,19.00,no
2026-10-06T15:31:09.952177Z,0.1500,3.00,no
2026-10-06T15:31:11.3805Z,0.1600,10.00,yes
2026-10-06T15:31:11.3805Z,0.1700,7.06,yes
2026-10-06T15:31:11.3805Z,0.1600,11.26,yes
2026-10-06T15:31:11.481016Z,0.1500,7.11,no
2026-10-06T15:31:11.481016Z,0.1500,1.00,no
2026-10-06T15:31:11.481016Z,0.1500,15.00,no
2026-10-06T15:31:11.481016Z,0.1500,5.00,no
2026-10-06T15:31:13.0245Z,0.1500,2.62,no
2026-10-06T15:31:13.0245Z,0.1500,81.55,no
2026-10-06T15:31:13.585436Z,0.1600,0.05,yes
2026-10-06T15:31:13.66621Z,0.1600,43.17,yes
2026-10-06T15:31:13.66621Z,0.1600,9.95,yes
2026-10-06T15:31:13.67893Z,0.1600,54.00,yes
2026-10-06T15:31:13.67893Z,0.1600,9.83,yes
2026-10-06T15:31:13.67893Z,0.1600,24.71,yes
2026-10-06T15:31:14.56603Z,0.1500,15.00,no
2026-10-06T15:31:15.066848Z,0.1700,15.00,yes
2026-10-06T15:31:15.066848Z,0.1600,5.00,yes
2026-10-06T15:31:15.066848Z,0.1700,10.00,yes
2026-10-06T15:31:15.066848Z,0.1600,47.83,yes
2026-10-06T15:31:15.066848Z,0.1900,13.00,yes
2026-10-06T15:31:15.066848Z,0.1700,81.55,yes
2026-10-06T15:31:15.066848Z,0.2000,12.00,yes
2026-10-06T15:31:15.066848Z,0.1900,13.00,yes
2026-10-06T15:31:15.066848Z,0.2000,15.00,yes
2026-10-06T15:31:15.066848Z,0.2000,38.59,yes
2026-10-06T15:31:15.066848Z,0.2000,1.00,yes
2026-10-06T15:31:15.066848Z,0.1700,13.00,yes
2026-10-06T15:31:15.62361Z,0.1700,27.83,yes
2026-10-06T15:31:16.208015Z,0.1600,7.00,yes
2026-10-06T15:31:16.208015Z,0.1700,5.23,yes
2026-10-06T15:31:16.208015Z,0.1700,10.00,yes
2026-10-06T15:31:16.547888Z,0.1500,2.00,no
2026-10-06T15:31:16.547888Z,0.1500,14.89,no
2026-10-06T15:31:16.547888Z,0.1500,8.82,no
2026-10-06T15:31:16.547888Z,0.1500,54.00,no
2026-10-06T15:31:17.845908Z,0.1600,6.00,yes
2026-10-06T15:31:17.845908Z,0.1600,12.00,yes
2026-10-06T15:31:17.845908Z,0.1600,23.32,yes
2026-10-06T15:31:18.077678Z,0.1500,183.00,no
2026-10-06T15:31:18.077678Z,0.1500,7.44,no
2026-10-06T15:31:18.12586Z,0.1500,16.00,yes
2026-10-06T15:31:18.12586Z,0.1700,6.10,yes
2026-10-06T15:31:18.12586Z,0.1600,5.00,yes
2026-10-06T15:31:18.12586Z,0.1600,13.92,yes
2026-10-06T15:31:18.12586Z,0.1600,18.00,yes
2026-10-06T15:31:20.195757Z,0.1500,2.39,yes
2026-10-06T15:31:20.315104Z,0.1500,4.61,yes
2026-10-06T15:31:20.315104Z,0.1500,1.17,yes
2026-10-06T15:31:20.315104Z,0.1500,50.00,yes
2026-10-06T15:31:22.253575Z,0.1500,1.00,yes
2026-10-06T15:31:22.253575Z,0.1500,54.59,yes
2026-10-06T15:31:23.521857Z,0.1500,31.46,yes
2026-10-06T15:31:24.275404Z,0.1500,30.95,yes
2026-10-06T15:31:24.275404Z,0.1500,0.51,yes
2026-10-06T15:31:24.386044Z,0.1500,1.00,yes
2026-10-06T15:31:24.386044Z,0.1500,5.00,yes
2026-10-06T15:31:25.051028Z,0.2100,34.36,yes
2026-10-06T15:31:25.051028Z,0.1600,59.00,yes
2026-10-06T15:31:25.051028Z,0.2000,106.00,yes
2026-10-06T15:31:25.051028Z,0.1700,5.00,yes
2026-10-06T15:31:25.051028Z,0.1600,4.54,yes
2026-10-06T15:31:25.051028Z,0.1900,17.00,yes
2026-10-06T15:31:25.051028Z,0.1700,25.00,yes
2026-10-06T15:31:25.051028Z,0.1600,16.00,yes
2026-10-06T15:31:25.051028Z,0.1800,22.00,yes
2026-10-06T15:31:25.051028Z,0.1700,3.90,yes
2026-10-06T15:31:25.051028Z,0.1900,25.00,yes
2026-10-06T15:31:25.051028Z,0.2000,15.00,yes
2026-10-06T15:31:25.051028Z,0.1900,13.00,yes
2026-10-06T15:31:25.051028Z,0.1700,48.12,yes
2026-10-06T15:31:25.051028Z,0.2000,1.00,yes
2026-10-06T15:31:25.051028Z,0.1800,17.88,yes
2026-10-06T15:31:25.051028Z,0.1800,55.00,yes
2026-10-06T15:31:25.051028Z,0.1600,1.00,yes
2026-10-06T15:31:25.051028Z,0.2000,12.00,yes
2026-10-06T15:31:25.494773Z,0.1500,48.16,no
2026-10-06T15:31:25.494773Z,0.1500,55.00,no
2026-10-06T15:31:25.494773Z,0.1500,25.00,no
2026-10-06T15:31:25.494773Z,0.1500,50.00,no
2026-10-06T15:31:25.494773Z,0.1500,5.00,no
2026-10-06T15:31:25.494773Z,0.1500,59.00,no
2026-10-06T15:31:25.494773Z,0.1500,115.75,no
2026-10-06T15:31:25.494773Z,0.1500,13.31,no
2026-10-06T15:31:25.605276Z,0.1500,0.10,no
2026-10-06T15:31:26.534978Z,0.1700,11.00,yes
2026-10-06T15:31:26.534978Z,0.1800,8.00,yes
2026-10-06T15:31:26.534978Z,0.1600,59.00,yes
2026-10-06T15:31:26.534978Z,0.1600,3.00,yes
2026-10-06T15:31:26.534978Z,0.1800,7.23,yes
2026-10-06T15:31:26.534978Z,0.1800,13.00,yes
2026-10-06T15:31:26.534978Z,0.1700,10.00,yes
2026-10-06T15:31:27.28909Z,0.1600,1.00,yes
2026-10-06T15:31:27.28909Z,0.1700,10.17,yes
2026-10-06T15:31:27.823694Z,0.1500,17.46,no
2026-10-06T15:31:28.660198Z,0.1600,69.00,yes
2026-10-06T15:31:28.660198Z,0.1600,1.00,yes
2026-10-06T15:31:28.660198Z,0.1500,22.00,yes
2026-10-06T15:31:28.660198Z,0.1600,13.00,yes
2026-10-06T15:31:29.091057Z,0.1500,1.00,yes
2026-10-06T15:31:29.091057Z,0.1600,9.00,yes
2026-10-06T15:31:29.091057Z,0.1600,4.00,yes
2026-10-06T15:31:29.774282Z,0.1800,39.70,yes
2026-10-06T15:31:29.774282Z,0.1700,30.00,yes
2026-10-06T15:31:29.774282Z,0.1700,14.00,yes
2026-10-06T15:31:29.774282Z,0.1800,3.57,yes
2026-10-06T15:31:29.774282Z,0.1600,10.00,yes
2026-10-06T15:31:29.774282Z,0.1800,0.10,yes
2026-10-06T15:31:29.774282Z,0.1700,0.10,yes
2026-10-06T15:31:29.774282Z,0.1600,1.00,yes
2026-10-06T15:31:29.774282Z,0.1800,20.00,yes
2026-10-06T15:31:29.774282Z,0.1800,10.00,yes
2026-10-06T15:31:29.774282Z,0.1700,1.83,yes
2026-10-06T15:31:29.805849Z,0.1500,28.43,no
2026-10-06T15:31:30.771373Z,0.1600,3.00,yes
2026-10-06T15:31:30.771373Z,0.1600,25.67,yes
2026-10-06T15:31:30.905846Z,0.2200,171.74,yes
2026-10-06T15:31:30.905846Z,0.2100,23.64,yes
2026-10-06T15:31:30.905846Z,0.2100,107.00,yes
2026-10-06T15:31:30.905846Z,0.1700,5.00,yes
2026-10-06T15:31:30.905846Z,0.1800,10.00,yes
2026-10-06T15:31:30.905846Z,0.1900,0.10,yes
2026-10-06T15:31:30.905846Z,0.1900,24.83,yes
2026-10-06T15:31:30.905846Z,0.1700,13.00,yes
2026-10-06T15:31:30.905846Z,0.1700,55.00,yes
2026-10-06T15:31:30.905846Z,0.1600,11.33,yes
2026-10-06T15:31:30.905846Z,0.1700,13.00,yes
2026-10-06T15:31:30.905846Z,0.1700,47.22,yes
2026-10-06T15:31:30.905846Z,0.2000,30.00,yes
2026-10-06T15:31:30.905846Z,0.1900,30.00,yes
2026-10-06T15:31:30.905846Z,0.2100,30.00,yes
2026-10-06T15:31:30.905846Z,0.1800,60.47,yes
2026-10-06T15:31:30.905846Z,0.2200,30.00,yes
2026-10-06T15:31:30.905846Z,0.1900,25.00,yes
2026-10-06T15:31:30.905846Z,0.1800,15.00,yes
2026-10-06T15:31:30.905846Z,0.1900,13.00,yes
2026-10-06T15:31:32.740576Z,0.1700,11.11,yes
2026-10-06T15:31:33.599596Z,0.1700,27.79,yes
2026-10-06T15:31:34.80051Z,0.1700,20.10,yes
2026-10-06T15:31:34.80051Z,0.1700,1.21,yes
2026-10-06T15:31:36.786973Z,0.1500,15.00,no
2026-10-06T15:31:36.786973Z,0.1500,19.69,no
2026-10-06T15:31:36.786973Z,0.1500,25.00,no
2026-10-06T15:31:36.786973Z,0.1500,12.00,no
2026-10-06T15:31:36.786973Z,0.1500,5.00,no
2026-10-06T15:31:36.786973Z,0.1500,2.00,no
2026-10-06T15:31:37.984356Z,0.1600,23.00,yes
2026-10-06T15:31:37.984356Z,0.1700,13.21,yes
2026-10-06T15:31:37.984356Z,0.1700,73.79,yes
2026-10-06T15:31:37.984356Z,0.1700,11.00,yes
2026-10-06T15:31:38.328517Z,0.1400,12.00,no
2026-10-06T15:31:38.328517Z,0.1400,5.27,no
2026-10-06T15:31:38.461627Z,0.1600,14.00,yes
2026-10-06T15:31:39.332585Z,0.1500,8.14,no
2026-10-06T15:31:40.173935Z,0.1700,9.40,yes
2026-10-06T15:31:40.173935Z,0.1700,17.79,yes
2026-10-06T15:31:40.386551Z,0.1500,0.10,no
2026-10-06T15:31:40.386551Z,0.1500,17.00,no
2026-10-06T15:31:40.386551Z,0.1400,33.49,no
2026-10-06T15:31:40.386551Z,0.1400,0.10,no
2026-10-06T15:31:40.386551Z,0.1400,5.00,no
2026-10-06T15:31:40.386551Z,0.1400,10.00,no
2026-10-06T15:31:40.386551Z,0.1400,48.73,no
2026-10-06T15:31:41.895608Z,0.1500,12.00,no
2026-10-06T15:31:41.895608Z,0.1500,0.01,no
2026-10-06T15:31:41.895608Z,0.1500,10.00,no
2026-10-06T15:31:41.895608Z,0.1500,9.00,no
2026-10-06T15:31:41.895608Z,0.1400,8.70,no
2026-10-06T15:31:41.899769Z,0.1400,24.81,no
2026-10-06T15:31:41.899769Z,0.1400,1.00,no
2026-10-06T15:31:41.899769Z,0.1400,18.26,no
2026-10-06T15:31:41.899769Z,0.1400,12.00,no
2026-10-06T15:31:41.899769Z,0.1400,170.00,no
2026-10-06T15:31:41.899769Z,0.1400,5.27,no
2026-10-06T15:31:41.899769Z,0.1400,10.00,no
2026-10-06T15:31:41.899769Z,0.1400,25.86,no
2026-10-06T15:31:43.164264Z,0.1500,11.11,yes
2026-10-06T15:31:43.237736Z,0.1500,4.89,yes
2026-10-06T15:31:43.237736Z,0.1700,23.00,yes
2026-10-06T15:31:43.237736Z,0.1700,8.96,yes
2026-10-06T15:31:43.237736Z,0.1500,50.00,yes
2026-10-06T15:31:43.237736Z,0.1600,14.00,yes
2026-10-06T15:31:43.237736Z,0.1600,5.00,yes
2026-10-06T15:31:43.680109Z,0.1600,30.21,yes
2026-10-06T15:31:43.680109Z,0.1500,3.00,yes
2026-10-06T15:31:43.680109Z,0.1600,14.00,yes
2026-10-06T15:31:43.680109Z,0.1700,14.04,yes
2026-10-06T15:31:43.680109Z,0.1600,55.00,yes
2026-10-06T15:31:43.680109Z,0.1700,1.31,yes
2026-10-06T15:31:44.086889Z,0.1400,47.31,no
2026-10-06T15:31:44.514607Z,0.1500,2.00,yes
2026-10-06T15:31:46.256549Z,0.1500,6.00,yes
2026-10-06T15:31:46.256549Z,0.1700,5.22,yes
2026-10-06T15:31:46.256549Z,0.1600,39.00,yes
2026-10-06T15:31:46.256549Z,0.1600,19.02,yes
2026-10-06T15:31:46.256549Z,0.1700,15.00,yes
2026-10-06T15:31:46.256549Z,0.1600,14.00,yes
2026-10-06T15:31:46.256549Z,0.1700,45.54,yes
2026-10-06T15:31:46.284704Z,0.1600,23.17,yes
2026-10-06T15:31:46.284704Z,0.1600,35.00,yes
2026-10-06T15:31:46.595395Z,0.1700,15.11,yes
2026-10-06T15:31:46.595395Z,0.1600,4.63,yes
2026-10-06T15:31:46.595395Z,0.1600,43.00,yes
2026-10-06T15:31:46.595395Z,0.1600,23.68,yes
2026-10-06T15:31:48.683735Z,0.1900,61.00,yes
2026-10-06T15:31:48.683735Z,0.1800,19.00,yes
2026-10-06T15:31:48.683735Z,0.1800,15.00,yes
2026-10-06T15:31:48.683735Z,0.1900,8.58,yes
2026-10-06T15:31:48.683735Z,0.1700,16.00,yes
2026-10-06T15:31:48.683735Z,0.1600,55.00,yes
2026-10-06T15:31:48.683735Z,0.1600,24.00,yes
2026-10-06T15:31:48.683735Z,0.1600,23.39,yes
2026-10-06T15:31:48.683735Z,0.1800,22.00,yes
2026-10-06T15:31:48.683735Z,0.1800,46.00,yes
2026-10-06T15:31:48.683735Z,0.1700,99.67,yes
2026-10-06T15:31:48.683735Z,0.1700,23.00,yes
2026-10-06T15:31:48.683735Z,0.1900,25.00,yes
2026-10-06T15:31:48.683735Z,0.1600,31.00,yes
2026-10-06T15:31:48.683735Z,0.1800,46.85,yes
2026-10-06T15:31:50.371862Z,0.1600,8.00,yes
2026-10-06T15:31:50.796554Z,0.1600,0.11,yes
2026-10-06T15:31:51.516456Z,0.1500,0.04,no
2026-10-06T15:31:52.34608Z,0.1700,13.00,yes
2026-10-06T15:31:52.34608Z,0.1800,11.95,yes
2026-10-06T15:31:52.34608Z,0.1700,13.00,yes
2026-10-06T15:31:52.34608Z,0.1700,17.00,yes
2026-10-06T15:31:52.34608Z,0.1600,10.89,yes
2026-10-06T15:31:52.34608Z,0.1600,4.80,yes
2026-10-06T15:31:52.34608Z,0.1600,64.00,yes
2026-10-06T15:31:52.34608Z,0.1700,0.10,yes
2026-10-06T15:31:53.037004Z,0.1700,1.22,yes
2026-10-06T15:31:53.037004Z,0.1600,1.00,yes
2026-10-06T15:31:56.759976Z,0.1500,17.10,no
2026-10-06T15:31:57.035634Z,0.1600,16.73,yes
2026-10-06T15:31:58.65757Z,0.1600,3.00,yes
2026-10-06T15:31:58.65757Z,0.1700,16.16,yes
2026-10-06T15:31:58.65757Z,0.1700,8.78,yes
2026-10-06T15:31:59.945339Z,0.1700,1.16,yes
2026-10-06T15:31:59.945339Z,0.1600,5.00,yes
2026-10-06T15:31:59.945339Z,0.1700,10.84,yes
2026-10-06T15:32:00.202613Z,0.1600,12.00,yes
2026-10-06T15:32:00.202613Z,0.1700,16.07,yes
2026-10-06T15:32:00.583719Z,0.1600,10.00,yes
2026-10-06T15:32:00.583719Z,0.1600,24.60,yes
2026-10-06T15:32:02.631682Z,0.1500,53.12,no
2026-10-06T15:32:03.451523Z,0.2100,14.65,yes
2026-10-06T15:32:03.451523Z,0.2000,1.00,yes
2026-10-06T15:32:03.451523Z,0.2100,18.14,yes
2026-10-06T15:32:03.451523Z,0.2000,21.44,yes
2026-10-06T15:32:03.451523Z,0.1900,99.00,yes
2026-10-06T15:32:03.451523Z,0.2000,169.00,yes
2026-10-06T15:32:03.451523Z,0.1600,51.00,yes
2026-10-06T15:32:03.451523Z,0.1600,34.00,yes
2026-10-06T15:32:03.451523Z,0.1600,69.00,yes
2026-10-06T15:32:03.451523Z,0.1900,67.00,yes
2026-10-06T15:32:03.451523Z,0.1900,15.00,yes
2026-10-06T15:32:03.451523Z,0.1700,5.93,yes
2026-10-06T15:32:03.451523Z,0.1600,10.00,yes
2026-10-06T15:32:03.451523Z,0.1700,43.00,yes
2026-10-06T15:32:03.451523Z,0.1600,13.00,yes
2026-10-06T15:32:03.451523Z,0.1900,0.10,yes
2026-10-06T15:32:03.451523Z,0.1800,0.10,yes
2026-10-06T15:32:03.451523Z,0.2000,14.00,yes
2026-10-06T15:32:03.451523Z,0.1800,46.00,yes
2026-10-06T15:32:03.451523Z,0.1900,25.00,yes
2026-10-06T15:32:03.451523Z,0.1800,34.64,yes
2026-10-06T15:32:03.451523Z,0.1800,5.00,yes
2026-10-06T15:32:03.451523Z,0.1900,11.00,yes
2026-10-06T15:32:05.344402Z,0.1500,8.00,no
2026-10-06T15:32:05.999832Z,0.1500,56.00,no
2026-10-06T15:32:05.999832Z,0.1500,8.00,no
2026-10-06T15:32:05.999832Z,0.1500,194.00,no
2026-10-06T15:32:05.999832Z,0.1500,5.68,no
2026-10-06T15:32:05.999832Z,0.1500,0.10,no
2026-10-06T15:32:05.999832Z,0.1500,69.00,no
2026-10-06T15:32:05.999832Z,0.1500,60.00,no
2026-10-06T15:32:05.999832Z,0.1500,10.22,no
2026-10-06T15:32:05.999832Z,0.1500,49.74,no
2026-10-06T15:32:05.999832Z,0.1500,8.00,no
2026-10-06T15:32:05.999832Z,0.1500,1.00,no
2026-10-06T15:32:05.999832Z,0.1500,12.00,no
2026-10-06T15:32:05.999832Z,0.1500,17.30,no
2026-10-06T15:32:05.999832Z,0.1500,0.04,no
2026-10-06T15:32:05.999832Z,0.1500,5.00,no
2026-10-06T15:32:05.999832Z,0.1500,10.00,no
2026-10-06T15:32:06.617739Z,0.1600,0.66,yes
2026-10-06T15:32:06.617739Z,0.1600,17.00,yes
2026-10-06T15:32:06.862729Z,0.1600,60.30,yes
2026-10-06T15:32:06.862729Z,0.1600,49.34,yes
2026-10-06T15:32:06.917382Z,0.1600,108.00,yes
2026-10-06T15:32:06.917382Z,0.1600,100.44,yes
2026-10-06T15:32:06.917382Z,0.1600,68.00,yes
2026-10-06T15:32:06.917382Z,0.1600,8.70,yes
2026-10-06T15:32:06.917382Z,0.1600,10.00,yes
2026-10-06T15:32:07.275691Z,0.1600,11.98,yes
2026-10-06T15:32:07.275691Z,0.1600,46.16,yes
2026-10-06T15:32:07.506964Z,0.1500,21.00,no
2026-10-06T15:32:07.506964Z,0.1500,12.00,no
2026-10-06T15:32:07.506964Z,0.1500,3.00,no
2026-10-06T15:32:07.506964Z,0.1500,1.00,no
2026-10-06T15:32:07.8708Z,0.1500,46.16,yes
2026-10-06T15:32:07.8708Z,0.1500,12.86,yes
2026-10-06T15:32:08.288278Z,0.1600,29.08,yes
2026-10-06T15:32:08.288278Z,0.1500,15.94,yes
2026-10-06T15:32:08.288278Z,0.1500,14.00,yes
2026-10-06T15:32:08.492896Z,0.1600,44.94,yes
2026-10-06T15:32:08.492896Z,0.1700,10.40,yes
2026-10-06T15:32:08.492896Z,0.1700,15.00,yes
2026-10-06T15:32:08.492896Z,0.1500,11.50,yes
2026-10-06T15:32:08.492896Z,0.1500,14.00,yes
2026-10-06T15:32:08.492896Z,0.1600,45.89,yes
2026-10-06T15:32:08.545304Z,0.1700,165.73,yes
2026-10-06T15:32:08.545304Z,0.1700,17.60,yes
2026-10-06T15:32:08.545304Z,0.1600,71.00,yes
2026-10-06T15:32:08.545304Z,0.1600,45.89,yes
2026-10-06T15:32:08.545304Z,0.1500,14.00,yes
2026-10-06T15:32:09.173053Z,0.1400,10.00,no
2026-10-06T15:32:09.173053Z,0.1400,490.00,no
2026-10-06T15:32:09.173053Z,0.1400,500.00,no
2026-10-06T15:32:09.622127Z,0.1400,10.00,no
2026-10-06T15:32:09.622127Z,0.1400,0.10,no
2026-10-06T15:32:09.622127Z,0.1400,6.00,no
2026-10-06T15:32:09.622127Z,0.1400,1.92,no
2026-10-06T15:32:09.622127Z,0.1400,12.00,no
2026-10-06T15:32:09.622127Z,0.1400,45.89,no
2026-10-06T15:32:09.99096Z,0.1400,15.73,yes
2026-10-06T15:32:10.436388Z,0.1400,30.16,yes
2026-10-06T15:32:10.436388Z,0.1400,76.80,yes
2026-10-06T15:32:10.657697Z,0.1400,535.00,yes
2026-10-06T15:32:10.708686Z,0.1400,661.20,yes
2026-10-06T15:32:10.708686Z,0.1400,397.25,yes
2026-10-06T15:32:10.708686Z,0.1400,200.00,yes
2026-10-06T15:32:11.161097Z,0.1400,168.43,yes
2026-10-06T15:32:11.187654Z,0.1400,189.00,yes
2026-10-06T15:32:11.187654Z,0.1400,236.90,yes
2026-10-06T15:32:11.187654Z,0.1400,69.00,yes
2026-10-06T15:32:11.187654Z,0.1400,134.32,yes
2026-10-06T15:32:11.54894Z,0.1400,67.37,yes
2026-10-06T15:32:11.906583Z,0.1400,336.86,yes
2026-10-06T15:32:11.930404Z,0.1300,22.59,no
2026-10-06T15:32:11.930404Z,0.1300,0.10,no
2026-10-06T15:32:12.681642Z,0.1400,35.87,yes
2026-10-06T15:32:12.681642Z,0.1400,31.50,yes
2026-10-06T15:32:14.263785Z,0.1400,29.09,yes
2026-10-06T15:32:15.690669Z,0.1400,101.05,yes
2026-10-06T15:32:17.563467Z,0.1400,6.73,yes
2026-10-06T15:32:18.011859Z,0.1400,85.83,yes
2026-10-06T15:32:18.011859Z,0.1400,528.63,yes
2026-10-06T15:32:18.131801Z,0.1300,182.91,no
2026-10-06T15:32:18.57256Z,0.1400,89.17,yes
2026-10-06T15:32:18.57256Z,0.1400,154.70,yes
2026-10-06T15:32:18.693207Z,0.1400,33.68,yes
2026-10-06T15:32:18.768665Z,0.1300,223.63,no
2026-10-06T15:32:18.810843Z,0.1300,179.00,no
2026-10-06T15:32:18.810843Z,0.1200,117.13,no
2026-10-06T15:32:18.810843Z,0.1300,1.00,no
2026-10-06T15:32:18.810843Z,0.1200,50.00,no
2026-10-06T15:32:18.810843Z,0.1200,149.39,no
2026-10-06T15:32:18.810843Z,0.1300,5.00,no
2026-10-06T15:32:18.810843Z,0.1200,46.16,no
2026-10-06T15:32:18.810843Z,0.1300,10.00,no
2026-10-06T15:32:18.810843Z,0.1200,1.00,no
2026-10-06T15:32:18.810843Z,0.1300,70.87,no
2026-10-06T15:32:18.810843Z,0.1300,500.00,no
2026-10-06T15:32:18.810843Z,0.1200,55.00,no
2026-10-06T15:32:18.810843Z,0.1300,500.00,no
2026-10-06T15:32:18.810843Z,0.1200,0.10,no
2026-10-06T15:32:18.810843Z,0.1200,26.89,no
2026-10-06T15:32:18.940281Z,0.1300,55.00,yes
2026-10-06T15:32:18.940281Z,0.1300,214.33,yes
2026-10-06T15:32:18.940281Z,0.1300,46.73,yes
2026-10-06T15:32:18.940281Z,0.1300,24.54,yes
2026-10-06T15:32:18.940281Z,0.1300,7.44,yes
2026-10-06T15:32:19.224983Z,0.1300,6.73,yes
2026-10-06T15:32:20.507579Z,0.1300,427.79,yes
2026-10-06T15:32:20.952321Z,0.1300,5.00,yes
2026-10-06T15:32:21.2539Z,0.1300,500.30,yes
2026-10-06T15:32:21.26794Z,0.1300,181.26,yes
2026-10-06T15:32:22.291293Z,0.1300,58.00,yes
2026-10-06T15:32:23.414287Z,0.1300,890.42,yes
2026-10-06T15:32:23.488083Z,0.1300,11.80,yes
2026-10-06T15:32:23.933854Z,0.1300,72.50,yes
2026-10-06T15:32:24.410289Z,0.1300,108.76,yes
2026-10-06T15:32:24.607093Z,0.1300,7.32,yes
2026-10-06T15:32:24.946851Z,0.1300,362.53,yes
2026-10-06T15:32:25.162046Z,0.1300,686.00,yes
2026-10-06T15:32:26.511307Z,0.1300,72.50,yes
2026-10-06T15:32:26.900333Z,0.1300,36.25,yes
2026-10-06T15:32:29.24502Z,0.1300,87.00,yes
2026-10-06T15:32:29.825127Z,0.1300,7.25,yes
2026-10-06T15:32:30.324227Z,0.1300,30.26,yes
2026-10-06T15:32:30.324227Z,0.1300,42.24,yes
2026-10-06T15:32:31.282089Z,0.1300,53.51,yes
2026-10-06T15:32:31.815073Z,0.1300,213.00,yes
2026-10-06T15:32:31.815073Z,0.1300,183.82,yes
2026-10-06T15:32:31.815073Z,0.1300,195.00,yes
2026-10-06T15:32:31.815073Z,0.1300,72.00,yes
2026-10-06T15:32:31.815073Z,0.1300,5.25,yes
2026-10-06T15:32:31.815073Z,0.1300,56.00,yes
2026-10-06T15:32:31.85573Z,0.1300,181.26,yes
2026-10-06T15:32:31.991378Z,0.1300,130.51,yes
2026-10-06T15:32:32.147373Z,0.1300,145.01,yes
2026-10-06T15:32:32.444758Z,0.1300,145.01,yes
2026-10-06T15:32:33.423515Z,0.1300,21.75,yes
2026-10-06T15:32:33.69186Z,0.1300,18.48,yes
2026-10-06T15:32:33.869108Z,0.1300,20.00,yes
2026-10-06T15:32:36.628486Z,0.1200,46.73,no
2026-10-06T15:32:36.628486Z,0.1200,0.36,no
2026-10-06T15:32:37.00456Z,0.1200,0.53,no
2026-10-06T15:32:37.00456Z,0.1200,1.00,no
2026-10-06T15:32:37.00456Z,0.1200,10.00,no
2026-10-06T15:32:37.00456Z,0.1200,68.64,no
2026-10-06T15:32:37.963947Z,0.1300,36.25,yes
2026-10-06T15:32:39.695072Z,0.1300,145.01,yes
2026-10-06T15:32:40.354321Z,0.1300,29.00,yes
2026-10-06T15:32:47.345178Z,0.1300,315.42,yes
2026-10-06T15:32:48.824518Z,0.1300,7.75,yes
2026-10-06T15:32:49.282062Z,0.1200,49.22,no
2026-10-06T15:32:49.282062Z,0.1200,3.00,no
2026-10-06T15:32:50.24508Z,0.1300,36.25,yes
2026-10-06T15:32:51.763275Z,0.1300,1.00,yes
2026-10-06T15:32:53.2095Z,0.1200,8.00,no
2026-10-06T15:32:53.2095Z,0.1200,17.67,no
2026-10-06T15:32:54.445328Z,0.1200,7.71,no
2026-10-06T15:32:54.445328Z,0.1200,47.23,no
2026-10-06T15:32:55.982144Z,0.1300,145.01,yes
2026-10-06T15:32:56.190582Z,0.1300,50.75,yes
2026-10-06T15:33:03.639528Z,0.1300,330.12,yes
2026-10-06T15:33:04.931673Z,0.1300,17.60,yes
2026-10-06T15:33:04.931673Z,0.1300,649.00,yes
2026-10-06T15:33:05.036606Z,0.1300,29.00,yes
2026-10-06T15:33:05.1769Z,0.1200,3.00,no
2026-10-06T15:33:05.1769Z,0.1200,15.00,no
2026-10-06T15:33:05.1769Z,0.1200,19.98,no
2026-10-06T15:33:05.1769Z,0.1200,27.21,no
2026-10-06T15:33:05.1769Z,0.1200,13.66,no
2026-10-06T15:33:05.1769Z,0.1200,1.00,no
2026-10-06T15:33:05.1769Z,0.1200,2.29,no
2026-10-06T15:33:06.973854Z,0.1200,1.00,no
2026-10-06T15:33:06.973854Z,0.1200,9.02,no
2026-10-06T15:33:06.973854Z,0.1200,25.96,no
2026-10-06T15:33:07.736737Z,0.1200,2.34,no
2026-10-06T15:33:08.244593Z,0.1300,72.50,yes
2026-10-06T15:33:08.434664Z,0.1300,725.07,yes
2026-10-06T15:33:08.636075Z,0.1200,7.66,no
2026-10-06T15:33:08.636075Z,0.1200,6.71,no
2026-10-06T15:33:08.636075Z,0.1200,46.51,no
2026-10-06T15:33:08.636075Z,0.1200,24.69,no
2026-10-06T15:33:09.363971Z,0.1200,34.00,yes
2026-10-06T15:33:09.426321Z,0.1200,10.98,yes
2026-10-06T15:33:09.426321Z,0.1200,12.51,yes
2026-10-06T15:33:09.426321Z,0.1200,55.00,yes
2026-10-06T15:33:12.424427Z,0.1200,235.49,yes
2026-10-06T15:33:13.875701Z,0.1200,54.94,yes
2026-10-06T15:33:15.868515Z,0.1200,181.26,yes
2026-10-06T15:33:16.026306Z,0.1200,15.69,yes
2026-10-06T15:33:16.569152Z,0.1200,204.09,yes
2026-10-06T15:33:17.035583Z,0.1200,16.64,yes
2026-10-06T15:33:17.056622Z,0.1100,0.20,no
2026-10-06T15:33:17.751315Z,0.1200,0.20,yes
2026-10-06T15:33:17.751315Z,0.1200,50.00,yes
2026-10-06T15:33:17.751315Z,0.1200,10.00,yes
2026-10-06T15:33:17.751315Z,0.1300,16.62,yes
2026-10-06T15:33:17.751315Z,0.1300,0.10,yes
2026-10-06T15:33:18.28993Z,0.1300,72.50,yes
2026-10-06T15:33:19.347027Z,0.1300,3.85,yes
2026-10-06T15:33:19.347027Z,0.1300,27.84,yes
2026-10-06T15:33:19.347027Z,0.1300,29.93,yes
2026-10-06T15:33:19.347027Z,0.1300,10.88,yes
2026-10-06T15:33:19.861153Z,0.1300,3.62,yes
2026-10-06T15:33:20.220729Z,0.1300,11.16,yes
2026-10-06T15:33:20.993903Z,0.1300,16.37,yes
2026-10-06T15:33:20.993903Z,0.1300,14.88,yes
2026-10-06T15:33:20.993903Z,0.1300,5.00,yes
2026-10-06T15:33:22.531963Z,0.1300,9.46,yes
2026-10-06T15:33:22.531963Z,0.1300,81.27,yes
2026-10-06T15:33:22.531963Z,0.1300,9.81,yes
2026-10-06T15:33:29.377053Z,0.1300,19.12,yes
2026-10-06T15:33:29.377053Z,0.1300,13.00,yes
2026-10-06T15:33:30.044297Z,0.1200,16.51,no
2026-10-06T15:33:30.044297Z,0.1200,2.00,no
2026-10-06T15:33:30.044297Z,0.1200,84.00,no
2026-10-06T15:33:30.044297Z,0.1200,55.00,no
2026-10-06T15:33:30.044297Z,0.1200,1.00,no
2026-10-06T15:33:30.044297Z,0.1200,15.00,no
2026-10-06T15:33:30.044297Z,0.1200,0.10,no
2026-10-06T15:33:30.044297Z,0.1200,68.00,no
2026-10-06T15:33:30.044297Z,0.1200,5.00,no
2026-10-06T15:33:30.044297Z,0.1200,25.28,no
2026-10-06T15:33:30.044297Z,0.1200,190.00,no
2026-10-06T15:33:30.044297Z,0.1200,45.72,no
2026-10-06T15:33:30.044297Z,0.1200,8.00,no
2026-10-06T15:33:30.044297Z,0.1200,1.00,no
2026-10-06T15:33:30.044297Z,0.1200,2.00,no
2026-10-06T15:33:30.044297Z,0.1200,13.00,no
2026-10-06T15:33:30.044297Z,0.1100,161.18,no
2026-10-06T15:33:32.038381Z,0.1400,37.05,yes
2026-10-06T15:33:32.038381Z,0.1300,45.14,yes
2026-10-06T15:33:32.038381Z,0.1400,69.00,yes
2026-10-06T15:33:32.038381Z,0.1400,161.18,yes
2026-10-06T15:33:32.038381Z,0.1400,15.00,yes
2026-10-06T15:33:32.038381Z,0.1400,0.10,yes
2026-10-06T15:33:32.038381Z,0.1400,55.00,yes
2026-10-06T15:33:32.141935Z,0.1200,21.74,no
2026-10-06T15:33:32.356276Z,0.1400,13.47,yes
2026-10-06T15:33:33.131902Z,0.1300,0.01,no
2026-10-06T15:33:35.147904Z,0.1300,0.20,no
2026-10-06T15:33:35.147904Z,0.1300,1.00,no
2026-10-06T15:33:35.147904Z,0.1300,2.00,no
2026-10-06T15:33:35.147904Z,0.1300,68.99,no
2026-10-06T15:33:35.147904Z,0.1300,12.00,no
2026-10-06T15:33:36.213618Z,0.1300,226.22,yes
2026-10-06T15:33:36.639585Z,0.1300,253.77,yes
2026-10-06T15:33:37.895011Z,0.1300,362.53,yes
2026-10-06T15:33:41.114447Z,0.1200,22.67,no
2026-10-06T15:33:41.114447Z,0.1200,50.00,no
2026-10-06T15:33:41.114447Z,0.1200,45.07,no
2026-10-06T15:33:41.283805Z,0.1200,1.50,no
2026-10-06T15:33:41.283805Z,0.1200,2.00,no
2026-10-06T15:33:41.283805Z,0.1200,1.00,no
2026-10-06T15:33:42.421739Z,0.1300,72.50,yes
2026-10-06T15:33:48.195236Z,0.1100,372.23,no
2026-10-06T15:33:48.195236Z,0.1100,30.00,no
2026-10-06T15:33:48.195236Z,0.1100,25.65,no
2026-10-06T15:33:50.32199Z,0.1200,45.23,yes
2026-10-06T15:33:50.32199Z,0.1200,135.26,yes
2026-10-06T15:33:50.32199Z,0.1200,55.00,yes
2026-10-06T15:33:51.673254Z,0.1200,59.74,yes
2026-10-06T15:33:51.673254Z,0.1200,10.04,yes
2026-10-06T15:33:52.502894Z,0.1200,392.48,yes
2026-10-06T15:33:55.244657Z,0.1200,156.99,yes
2026-10-06T15:33:59.499724Z,0.1200,56.95,yes
2026-10-06T15:34:00.383386Z,0.1200,117.74,yes
2026-10-06T15:34:02.005622Z,0.1200,15.69,yes
2026-10-06T15:34:03.391908Z,0.1200,235.49,yes
2026-10-06T15:34:04.221971Z,0.1200,53.87,yes
2026-10-06T15:34:04.221971Z,0.1200,10.00,yes
2026-10-06T15:34:04.221971Z,0.1200,14.62,yes
2026-10-06T15:34:04.443864Z,0.1100,557.50,no
2026-10-06T15:34:04.956146Z,0.1200,20.55,yes
2026-10-06T15:34:04.956146Z,0.1200,15.00,yes
2026-10-06T15:34:06.671232Z,0.1200,7.84,yes
2026-10-06T15:34:07.23571Z,0.1200,39.24,yes
2026-10-06T15:34:09.763701Z,0.1200,78.49,yes
2026-10-06T15:34:09.765006Z,0.1200,156.99,yes
2026-10-06T15:34:11.125577Z,0.1200,871.32,yes
2026-10-06T15:34:12.547943Z,0.1200,66.72,yes
2026-10-06T15:34:13.918764Z,0.1100,55.75,no
2026-10-06T15:34:15.167017Z,0.1200,35.71,yes
2026-10-06T15:34:16.183413Z,0.1100,11.17,no
2026-10-06T15:34:16.30123Z,0.1200,31.39,yes
2026-10-06T15:34:18.85093Z,0.1200,22.45,yes
2026-10-06T15:34:19.835462Z,0.1200,62.79,yes
2026-10-06T15:34:21.746967Z,0.1200,39.24,yes
2026-10-06T15:34:22.404377Z,0.1200,392.48,yes
2026-10-06T15:34:23.215386Z,0.1200,78.49,yes
2026-10-06T15:34:26.183398Z,0.1100,0.06,no
2026-10-06T15:34:28.886862Z,0.1200,39.24,yes
2026-10-06T15:34:32.21814Z,0.1200,50.00,yes
2026-10-06T15:34:32.886123Z,0.1100,4.37,no
2026-10-06T15:34:33.391511Z,0.1200,78.49,yes
2026-10-06T15:34:33.762622Z,0.1200,23.54,yes
2026-10-06T15:34:34.203818Z,0.1200,855.03,yes
2026-10-06T15:34:34.203818Z,0.1200,5.00,yes
2026-10-06T15:34:34.203818Z,0.1200,317.43,yes
2026-10-06T15:34:34.442398Z,0.1200,39.24,yes
2026-10-06T15:34:36.63305Z,0.1200,196.24,yes
2026-10-06T15:34:38.577003Z,0.1200,86.34,yes
2026-10-06T15:34:44.76286Z,0.1200,15.69,yes
2026-10-06T15:34:45.669543Z,0.1100,20.63,no
2026-10-06T15:34:45.669543Z,0.1000,111.95,no
2026-10-06T15:34:45.669543Z,0.1100,6.00,no
2026-10-06T15:34:45.669543Z,0.1100,24.98,no
2026-10-06T15:34:45.669543Z,0.1100,10.00,no
2026-10-06T15:34:45.669543Z,0.1100,10.00,no
2026-10-06T15:34:45.669543Z,0.1100,10.00,no
2026-10-06T15:34:45.669543Z,0.1100,115.52,no
2026-10-06T15:34:45.669543Z,0.1100,1.00,no
2026-10-06T15:34:45.669543Z,0.1100,1.00,no
2026-10-06T15:34:46.440471Z,0.1100,0.68,yes
2026-10-06T15:34:46.952864Z,0.1000,239.92,no
2026-10-06T15:34:48.674212Z,0.1100,2.56,yes
2026-10-06T15:34:49.84435Z,0.1100,41.55,yes
2026-10-06T15:34:49.84435Z,0.1100,23.45,yes
2026-10-06T15:34:52.422358Z,0.1000,11.03,no
2026-10-06T15:34:54.562867Z,0.1100,18.44,yes
2026-10-06T15:34:54.562867Z,0.1100,138.55,yes
2026-10-06T15:34:54.782459Z,0.1000,30.00,no
2026-10-06T15:34:54.782459Z,0.1000,1.00,no
2026-10-06T15:34:54.782459Z,0.1000,532.19,no
2026-10-06T15:34:54.782459Z,0.1000,37.10,no
2026-10-06T15:34:55.255976Z,0.1100,17.11,yes
2026-10-06T15:34:59.667588Z,0.1100,19.45,yes
2026-10-06T15:34:59.667588Z,0.1100,68.00,yes
2026-10-06T15:34:59.667588Z,0.1100,96.55,yes
2026-10-06T15:35:03.475938Z,0.1100,8.55,yes
2026-10-06T15:35:05.94358Z,0.1100,81.00,yes
2026-10-06T15:35:05.94358Z,0.1100,63.30,yes
2026-10-06T15:35:05.94358Z,0.1100,20.00,yes
2026-10-06T15:35:05.94358Z,0.1100,6.85,yes
2026-10-06T15:35:09.324381Z,0.1100,69.00,yes
2026-10-06T15:35:11.036974Z,0.1100,4.27,yes
2026-10-06T15:35:15.643684Z,0.1100,100.00,yes
2026-10-06T15:35:16.586113Z,0.1100,11.03,yes
2026-10-06T15:35:16.586113Z,0.1100,28.40,yes
2026-10-06T15:35:16.586113Z,0.1100,3.35,yes
2026-10-06T15:35:17.230937Z,0.1100,42.64,yes
2026-10-06T15:35:17.230937Z,0.1100,8.70,yes
2026-10-06T15:35:18.933601Z,0.1000,0.10,no
2026-10-06T15:35:18.933601Z,0.1000,6.52,no
2026-10-06T15:35:19.635089Z,0.1100,4.27,yes
2026-10-06T15:35:22.718347Z,0.1100,21.38,yes
2026-10-06T15:35:22.718347Z,0.1100,277.71,yes
2026-10-06T15:35:22.718347Z,0.1100,5.00,yes
2026-10-06T15:35:22.718347Z,0.1100,81.00,yes
2026-10-06T15:35:22.935153Z,0.1100,1.28,yes
2026-10-06T15:35:24.057417Z,0.1100,25.63,yes
2026-10-06T15:35:25.532733Z,0.1100,111.25,yes
2026-10-06T15:35:28.217805Z,0.1000,58.71,no
2026-10-06T15:35:28.89951Z,0.1000,300.00,no
2026-10-06T15:35:29.352882Z,0.1100,25.67,yes
2026-10-06T15:35:29.525075Z,0.1100,419.33,yes
2026-10-06T15:35:30.84652Z,0.1000,11.80,no
2026-10-06T15:35:34.747756Z,0.1100,85.57,yes
2026-10-06T15:35:35.282262Z,0.1100,51.34,yes
2026-10-06T15:35:35.959292Z,0.1100,2.22,yes
2026-10-06T15:35:35.959292Z,0.1100,425.66,yes
2026-10-06T15:35:38.014934Z,0.1100,10.00,yes
2026-10-06T15:35:38.014934Z,0.1100,148.94,yes
2026-10-06T15:35:38.014934Z,0.1100,55.00,yes
2026-10-06T15:35:38.637128Z,0.1100,5.00,yes
2026-10-06T15:35:38.637128Z,0.1100,0.10,yes
2026-10-06T15:35:38.637128Z,0.1100,122.98,yes
2026-10-06T15:35:38.637128Z,0.1100,0.28,yes
2026-10-06T15:35:39.740025Z,0.1100,100.00,yes
2026-10-06T15:35:39.740025Z,0.1100,15.00,yes
2026-10-06T15:35:39.740025Z,0.1100,12.43,yes
2026-10-06T15:35:39.740025Z,0.1100,43.72,yes
2026-10-06T15:35:39.946981Z,0.1100,49.07,yes
2026-10-06T15:35:39.946981Z,0.1100,5.00,yes
2026-10-06T15:35:39.946981Z,0.1100,31.50,yes
2026-10-06T15:35:42.687944Z,0.1000,26.26,no
2026-10-06T15:35:42.929232Z,0.1100,42.78,yes
2026-10-06T15:35:44.824264Z,0.1100,42.78,yes
2026-10-06T15:35:44.872869Z,0.1100,2.45,yes
2026-10-06T15:35:44.872869Z,0.1100,23.22,yes
2026-10-06T15:35:45.059585Z,0.1000,0.33,no
2026-10-06T15:35:45.46872Z,0.1200,75.00,yes
2026-10-06T15:35:45.46872Z,0.1200,868.18,yes
2026-10-06T15:35:45.46872Z,0.1100,11.17,yes
2026-10-06T15:35:45.46872Z,0.1100,43.00,yes
2026-10-06T15:35:45.46872Z,0.1100,1500.00,yes
2026-10-06T15:35:45.46872Z,0.1100,2.55,yes
2026-10-06T15:35:45.46872Z,0.1200,100.00,yes
2026-10-06T15:35:45.46872Z,0.1200,0.10,yes
2026-10-06T15:35:45.469826Z,0.3500,31.00,yes
2026-10-06T15:35:45.469826Z,0.3300,855.77,yes
2026-10-06T15:35:45.469826Z,0.2700,1.00,yes
2026-10-06T15:35:45.469826Z,0.2500,1.00,yes
2026-10-06T15:35:45.469826Z,0.3000,1.00,yes
2026-10-06T15:35:45.469826Z,0.2400,1.00,yes
2026-10-06T15:35:45.469826Z,0.2200,138.26,yes
2026-10-06T15:35:45.469826Z,0.1800,25.00,yes
2026-10-06T15:35:45.469826Z,0.1400,1.00,yes
2026-10-06T15:35:45.469826Z,0.2800,10.00,yes
2026-10-06T15:35:45.469826Z,0.3600,1.00,yes
2026-10-06T15:35:45.469826Z,0.3000,1058.00,yes
2026-10-06T15:35:45.469826Z,0.2800,126.00,yes
2026-10-06T15:35:45.469826Z,0.1200,148.12,yes
2026-10-06T15:35:45.469826Z,0.1300,10.00,yes
2026-10-06T15:35:45.469826Z,0.1300,421.74,yes
2026-10-06T15:35:45.469826Z,0.1200,631.82,yes
2026-10-06T15:35:45.469826Z,0.1300,1500.00,yes
2026-10-06T15:35:45.469826Z,0.1300,125.00,yes
2026-10-06T15:35:45.469826Z,0.2000,1.00,yes
2026-10-06T15:35:45.469826Z,0.3100,1.00,yes
2026-10-06T15:35:45.469826Z,0.1200,43.66,yes
2026-10-06T15:35:45.469826Z,0.1200,198.00,yes
2026-10-06T15:35:45.469826Z,0.1500,29.41,yes
2026-10-06T15:35:45.469826Z,0.1200,10.00,yes
2026-10-06T15:35:45.469826Z,0.3300,1.00,yes
2026-10-06T15:35:45.469826Z,0.2000,28.00,yes
2026-10-06T15:35:45.469826Z,0.2200,28.00,yes
2026-10-06T15:35:45.469826Z,0.3000,28.00,yes
2026-10-06T15:35:45.469826Z,0.2900,26.73,yes
2026-10-06T15:35:45.469826Z,0.1300,0.10,yes
2026-10-06T15:35:45.469826Z,0.1400,0.10,yes
2026-10-06T15:35:45.469826Z,0.1500,22.00,yes
2026-10-06T15:35:45.492177Z,0.3300,39.00,no
2026-10-06T15:35:45.492954Z,0.3300,39.00,no
2026-10-06T15:35:45.497772Z,0.3300,71.00,no
2026-10-06T15:35:45.508072Z,0.3400,71.00,no
2026-10-06T15:35:45.521641Z,0.3600,30.00,no
2026-10-06T15:35:45.521641Z,0.3500,5.00,no
2026-10-06T15:35:46.130823Z,0.3600,1.00,yes
2026-10-06T15:35:46.298559Z,0.3500,10.00,no
2026-10-06T15:35:46.449963Z,0.3500,37.00,no
2026-10-06T15:35:46.449963Z,0.3500,11.00,no
2026-10-06T15:35:46.449963Z,0.3500,25.00,no
2026-10-06T15:35:49.849499Z,0.3600,3.00,yes
2026-10-06T15:35:50.017733Z,0.3500,1.28,no
2026-10-06T15:35:50.251804Z,0.3500,10.00,no
2026-10-06T15:35:50.251804Z,0.3500,39.68,no
2026-10-06T15:35:50.251804Z,0.3500,10.72,no
2026-10-06T15:35:51.771604Z,0.3600,5.00,yes
2026-10-06T15:35:53.061005Z,0.3500,7.84,no
2026-10-06T15:35:54.219204Z,0.3600,51.00,yes
2026-10-06T15:35:54.247399Z,0.3500,47.00,no
2026-10-06T15:35:54.247399Z,0.3500,49.48,no
2026-10-06T15:35:54.247399Z,0.3500,64.00,no
2026-10-06T15:35:54.247399Z,0.3500,8.00,no
2026-10-06T15:35:54.247399Z,0.3500,1.21,no
2026-10-06T15:35:54.247399Z,0.3500,4.00,no
2026-10-06T15:35:54.300936Z,0.3900,2.00,yes
2026-10-06T15:35:54.300936Z,0.3900,30.00,yes
2026-10-06T15:35:54.300936Z,0.3700,30.00,yes
2026-10-06T15:35:54.300936Z,0.3900,13.00,yes
2026-10-06T15:35:54.300936Z,0.4000,30.00,yes
2026-10-06T15:35:54.300936Z,0.3900,41.00,yes
2026-10-06T15:35:54.300936Z,0.3600,10.00,yes
2026-10-06T15:35:54.300936Z,0.3600,7.00,yes
2026-10-06T15:35:54.300936Z,0.4000,17.00,yes
2026-10-06T15:35:54.300936Z,0.3900,5.00,yes
2026-10-06T15:35:54.300936Z,0.3800,15.00,yes
2026-10-06T15:35:54.303432Z,0.3800,41.00,yes
2026-10-06T15:35:54.490647Z,0.4000,4.77,yes
2026-10-06T15:35:54.490647Z,0.4100,43.65,yes
2026-10-06T15:35:55.802724Z,0.3800,16.79,no
2026-10-06T15:35:55.802724Z,0.3800,30.00,no
2026-10-06T15:35:56.937178Z,0.4000,2.04,yes
2026-10-06T15:35:56.937178Z,0.3900,10.00,yes
2026-10-06T15:36:01.849281Z,0.4000,123.49,no
2026-10-06T15:36:01.849281Z,0.4000,20.00,no
2026-10-06T15:36:01.849281Z,0.4000,5.00,no
2026-10-06T15:36:01.849281Z,0.4000,1.00,no
2026-10-06T15:36:01.849281Z,0.4000,7.00,no
2026-10-06T15:36:02.466537Z,0.4100,22.00,yes
2026-10-06T15:36:02.466537Z,0.4100,1.42,yes
2026-10-06T15:36:03.508642Z,0.3900,5.00,no
2026-10-06T15:36:03.508642Z,0.3900,2.00,no
2026-10-06T15:36:04.270087Z,0.4000,11.73,no
2026-10-06T15:36:04.270087Z,0.4000,69.00,no
2026-10-06T15:36:04.270087Z,0.3900,190.99,no
2026-10-06T15:36:04.270087Z,0.4000,45.16,no
2026-10-06T15:36:05.712379Z,0.4200,23.20,yes
2026-10-06T15:36:07.696323Z,0.4100,32.00,yes
2026-10-06T15:36:07.696323Z,0.4100,30.00,yes
2026-10-06T15:36:07.696323Z,0.4100,69.00,yes
2026-10-06T15:36:07.696323Z,0.4200,71.00,yes
2026-10-06T15:36:07.696323Z,0.4100,3.16,yes
2026-10-06T15:36:07.696323Z,0.4100,5.00,yes
2026-10-06T15:36:07.696323Z,0.4200,26.28,yes
2026-10-06T15:36:07.696323Z,0.4200,6.80,yes
2026-10-06T15:36:07.898288Z,0.4000,4.69,no
2026-10-06T15:36:07.898288Z,0.4000,45.75,no
2026-10-06T15:36:08.660709Z,0.4000,39.24,no
2026-10-06T15:36:10.960322Z,0.4200,22.88,yes
2026-10-06T15:36:11.325038Z,0.4000,13.57,no
2026-10-06T15:36:11.325038Z,0.3900,36.09,no
2026-10-06T15:36:11.325038Z,0.4000,1.68,no
2026-10-06T15:36:13.643143Z,0.4100,12.00,yes
2026-10-06T15:36:13.643143Z,0.4100,1.42,yes
2026-10-06T15:36:13.643143Z,0.4100,10.00,yes
2026-10-06T15:36:14.434772Z,0.4300,8.55,yes
2026-10-06T15:36:14.434772Z,0.4400,1.00,yes
2026-10-06T15:36:14.434772Z,0.4500,30.00,yes
2026-10-06T15:36:14.434772Z,0.4700,140.11,yes
2026-10-06T15:36:14.434772Z,0.4600,41.00,yes
2026-10-06T15:36:14.434772Z,0.4500,41.00,yes
2026-10-06T15:36:14.434772Z,0.4600,14.96,yes
2026-10-06T15:36:14.434772Z,0.4600,27.20,yes
2026-10-06T15:36:14.434772Z,0.4700,30.00,yes
2026-10-06T15:36:14.434772Z,0.4500,1.00,yes
2026-10-06T15:36:14.434772Z,0.4400,16.00,yes
2026-10-06T15:36:14.434772Z,0.4500,9.00,yes
2026-10-06T15:36:14.434772Z,0.4200,19.00,yes
2026-10-06T15:36:14.434772Z,0.4300,30.00,yes
2026-10-06T15:36:14.434772Z,0.4200,109.00,yes
2026-10-06T15:36:14.434772Z,0.4200,68.00,yes
2026-10-06T15:36:14.434772Z,0.4300,31.00,yes
2026-10-06T15:36:14.434772Z,0.4100,28.58,yes
2026-10-06T15:36:14.434772Z,0.4100,1.33,yes
2026-10-06T15:36:14.434772Z,0.4400,12.00,yes
2026-10-06T15:36:14.434772Z,0.4300,25.00,yes
2026-10-06T15:36:14.434772Z,0.4300,45.40,yes
2026-10-06T15:36:14.434772Z,0.4200,21.12,yes
2026-10-06T15:36:14.434772Z,0.4600,13.00,yes
2026-10-06T15:36:14.434772Z,0.4400,17.04,yes
2026-10-06T15:36:14.434772Z,0.4500,21.00,yes
2026-10-06T15:36:14.434772Z,0.4300,0.10,yes
2026-10-06T15:36:14.434772Z,0.4400,0.10,yes
2026-10-06T15:36:16.071391Z,0.4200,0.44,yes
2026-10-06T15:36:16.071391Z,0.4200,11.00,yes
2026-10-06T15:36:16.112609Z,0.4100,17.00,no
2026-10-06T15:36:16.112609Z,0.4100,122.52,no
2026-10-06T15:36:16.466711Z,0.4200,1.22,yes
2026-10-06T15:36:16.466711Z,0.4200,0.10,yes
2026-10-06T15:36:16.466711Z,0.4200,21.56,yes
2026-10-06T15:36:17.351169Z,0.4100,4.48,no
2026-10-06T15:36:17.351169Z,0.4100,8.13,no
2026-10-06T15:36:17.902898Z,0.4100,4.68,no
2026-10-06T15:36:18.404678Z,0.4100,21.75,no
2026-10-06T15:36:18.843854Z,0.4100,107.86,no
2026-10-06T15:36:18.843854Z,0.4100,34.44,no
2026-10-06T15:36:18.843854Z,0.4100,6.00,no
2026-10-06T15:36:18.954822Z,0.4500,21.00,yes
2026-10-06T15:36:18.954822Z,0.4800,160.00,yes
2026-10-06T15:36:18.954822Z,0.4200,22.00,yes
2026-10-06T15:36:18.954822Z,0.4800,12.00,yes
2026-10-06T15:36:18.954822Z,0.4200,3.78,yes
2026-10-06T15:36:18.954822Z,0.4600,104.00,yes
2026-10-06T15:36:18.954822Z,0.4400,19.00,yes
2026-10-06T15:36:18.954822Z,0.4500,15.00,yes
2026-10-06T15:36:18.954822Z,0.4200,7.00,yes
2026-10-06T15:36:18.954822Z,0.4400,54.00,yes
2026-10-06T15:36:18.954822Z,0.4800,10.00,yes
2026-10-06T15:36:18.954822Z,0.4900,200.29,yes
2026-10-06T15:36:18.954822Z,0.4700,204.00,yes
2026-10-06T15:36:18.954822Z,0.4600,41.00,yes
2026-10-06T15:36:18.954822Z,0.4700,14.34,yes
2026-10-06T15:36:18.954822Z,0.4500,36.00,yes
2026-10-06T15:36:18.954822Z,0.4400,13.00,yes
2026-10-06T15:36:18.954822Z,0.4800,14.00,yes
2026-10-06T15:36:18.954822Z,0.4600,25.00,yes
2026-10-06T15:36:18.954822Z,0.4300,6.00,yes
2026-10-06T15:36:18.954822Z,0.4300,25.00,yes
2026-10-06T15:36:18.954822Z,0.4400,13.00,yes
2026-10-06T15:36:18.954822Z,0.4400,7.00,yes
2026-10-06T15:36:18.954822Z,0.4400,44.87,yes
2026-10-06T15:36:18.954822Z,0.4700,50.00,yes
2026-10-06T15:36:19.620627Z,0.4300,25.00,no
2026-10-06T15:36:19.620627Z,0.4300,13.00,no
2026-10-06T15:36:19.620627Z,0.4300,15.00,no
2026-10-06T15:36:19.620627Z,0.4300,47.00,no
2026-10-06T15:36:19.668211Z,0.4200,15.00,no
2026-10-06T15:36:19.668211Z,0.4200,67.20,no
2026-10-06T15:36:19.668211Z,0.4300,16.37,no
2026-10-06T15:36:19.668211Z,0.4200,1.00,no
2026-10-06T15:36:19.668211Z,0.4300,16.00,no
2026-10-06T15:36:19.668211Z,0.4200,16.42,no
2026-10-06T15:36:20.828879Z,0.4300,13.00,yes
2026-10-06T15:36:20.828879Z,0.4300,42.90,yes
2026-10-06T15:36:21.346706Z,0.4200,12.00,no
2026-10-06T15:36:21.346706Z,0.4200,3.00,no
2026-10-06T15:36:21.346706Z,0.4200,1.00,no
2026-10-06T15:36:21.346706Z,0.4200,59.00,no
2026-10-06T15:36:21.346706Z,0.4200,25.00,no
2026-10-06T15:36:21.392539Z,0.4200,12.00,no
2026-10-06T15:36:21.392539Z,0.4200,26.94,no
2026-10-06T15:36:21.392539Z,0.4100,0.10,no
2026-10-06T15:36:21.392539Z,0.4100,8.12,no
2026-10-06T15:36:21.412406Z,0.4300,21.86,yes
2026-10-06T15:36:21.58754Z,0.4300,8.00,yes
2026-10-06T15:36:21.58754Z,0.4400,13.72,yes
2026-10-06T15:36:21.836511Z,0.4400,6.44,yes
2026-10-06T15:36:21.836511Z,0.4300,17.00,yes
2026-10-06T15:36:21.836511Z,0.4300,12.45,yes
2026-10-06T15:36:21.836511Z,0.4400,2.28,yes
2026-10-06T15:36:21.836511Z,0.4200,3.00,yes
2026-10-06T15:36:22.008068Z,0.4300,1.22,yes
2026-10-06T15:36:22.008068Z,0.4300,21.00,yes
2026-10-06T15:36:22.052453Z,0.4300,22.00,yes
2026-10-06T15:36:22.052453Z,0.4400,15.63,yes
2026-10-06T15:36:22.052453Z,0.4300,6.13,yes
2026-10-06T15:36:22.052453Z,0.4400,62.56,yes
2026-10-06T15:36:22.052453Z,0.4200,1.00,yes
2026-10-06T15:36:22.286542Z,0.4300,5.00,yes
2026-10-06T15:36:22.286542Z,0.4400,3.97,yes
2026-10-06T15:36:22.646925Z,0.4300,11.03,yes
2026-10-06T15:36:22.661945Z,0.4300,12.00,yes
2026-10-06T15:36:22.661945Z,0.4300,9.97,yes
2026-10-06T15:36:22.77744Z,0.4300,21.97,yes
2026-10-06T15:36:23.194971Z,0.4300,5.00,yes
2026-10-06T15:36:23.194971Z,0.4400,30.66,yes
2026-10-06T15:36:23.194971Z,0.4400,86.00,yes
2026-10-06T15:36:23.194971Z,0.4400,12.00,yes
2026-10-06T15:36:23.194971Z,0.4300,39.00,yes
2026-10-06T15:36:23.194971Z,0.4400,7.40,yes
2026-10-06T15:36:23.194971Z,0.4400,46.00,yes
2026-10-06T15:36:23.194971Z,0.4400,54.00,yes
2026-10-06T15:36:23.242808Z,0.4200,9.46,no
2026-10-06T15:36:24.383139Z,0.4300,0.09,yes
2026-10-06T15:36:24.383139Z,0.4300,5.00,yes
2026-10-06T15:36:24.383139Z,0.4300,43.00,yes
2026-10-06T15:36:24.505841Z,0.4300,1.91,no
2026-10-06T15:36:24.505841Z,0.4200,41.43,no
2026-10-06T15:36:24.505841Z,0.4300,2.00,no
2026-10-06T15:36:24.505841Z,0.4300,1.00,no
2026-10-06T15:36:24.505841Z,0.4300,1.00,no
2026-10-06T15:36:24.759687Z,0.4200,47.00,no
2026-10-06T15:36:24.759687Z,0.4200,2.80,no
2026-10-06T15:36:24.776355Z,0.4300,63.37,yes
2026-10-06T15:36:25.083877Z,0.4300,8.50,yes
2026-10-06T15:36:25.083877Z,0.4300,9.63,yes
2026-10-06T15:36:25.91044Z,0.4300,1.00,yes
2026-10-06T15:36:26.111838Z,0.4300,40.50,yes
2026-10-06T15:36:26.111838Z,0.4300,71.31,yes
2026-10-06T15:36:26.44651Z,0.4300,22.93,yes
2026-10-06T15:36:26.50031Z,0.4300,11.11,yes
2026-10-06T15:36:27.086833Z,0.4200,20.00,no
2026-10-06T15:36:27.086833Z,0.4100,28.69,no
2026-10-06T15:36:27.086833Z,0.4200,42.31,no
2026-10-06T15:36:27.086833Z,0.4200,69.00,no
2026-10-06T15:36:27.098804Z,0.4100,13.00,no
2026-10-06T15:36:27.103353Z,0.4100,11.00,no
2026-10-06T15:36:27.107415Z,0.4100,100.00,no
2026-10-06T15:36:27.117547Z,0.4100,25.00,no
2026-10-06T15:36:27.119689Z,0.4000,5.61,no
2026-10-06T15:36:27.119689Z,0.4100,0.10,no
2026-10-06T15:36:27.119689Z,0.4000,0.10,no
2026-10-06T15:36:27.119689Z,0.4100,14.19,no
2026-10-06T15:36:27.261699Z,0.4100,25.00,no
2026-10-06T15:36:27.471891Z,0.4200,13.00,yes
2026-10-06T15:36:27.471891Z,0.4200,15.00,yes
2026-10-06T15:36:27.471891Z,0.4200,50.00,yes
2026-10-06T15:36:27.471891Z,0.4300,33.81,yes
2026-10-06T15:36:27.949391Z,0.4200,10.68,yes
2026-10-06T15:36:27.949391Z,0.4200,69.00,yes
2026-10-06T15:36:28.090899Z,0.4000,100.00,no
2026-10-06T15:36:28.090899Z,0.4000,1.30,no
2026-10-06T15:36:28.090899Z,0.4000,19.70,no
2026-10-06T15:36:28.769714Z,0.4300,83.44,yes
2026-10-06T15:36:28.769714Z,0.4300,17.19,yes
2026-10-06T15:36:28.793721Z,0.4100,44.67,no
2026-10-06T15:36:28.793721Z,0.4100,40.84,no
2026-10-06T15:36:28.854172Z,0.4300,69.00,yes
2026-10-06T15:36:28.854172Z,0.4300,0.82,yes
2026-10-06T15:36:28.854172Z,0.4300,35.10,yes
2026-10-06T15:36:28.854172Z,0.4300,63.00,yes
2026-10-06T15:36:28.854172Z,0.4300,12.00,yes
2026-10-06T15:36:28.854172Z,0.4300,22.56,yes
2026-10-06T15:36:28.878413Z,0.4300,12.18,yes
2026-10-06T15:36:28.878413Z,0.4400,15.54,yes
2026-10-06T15:36:28.878413Z,0.4300,37.00,yes
2026-10-06T15:36:29.322043Z,0.4300,106.00,yes
2026-10-06T15:36:29.322043Z,0.4300,5.81,yes
2026-10-06T15:36:29.545707Z,0.4300,106.00,yes
2026-10-06T15:36:29.545707Z,0.4300,5.00,yes
2026-10-06T15:36:29.545707Z,0.4300,70.86,yes
2026-10-06T15:36:29.545707Z,0.4300,42.00,yes
2026-10-06T15:36:29.545707Z,0.4300,12.00,yes
2026-10-06T15:36:29.545707Z,0.4300,38.91,yes
2026-10-06T15:36:29.582957Z,0.4300,0.26,yes
2026-10-06T15:36:29.712036Z,0.4300,10.37,yes
2026-10-06T15:36:29.712036Z,0.4300,0.81,yes
2026-10-06T15:36:29.987569Z,0.4300,34.35,yes
2026-10-06T15:36:29.987569Z,0.4300,10.37,yes
2026-10-06T15:36:30.217942Z,0.4300,0.20,yes
2026-10-06T15:36:30.222926Z,0.4200,10.00,no
2026-10-06T15:36:30.222926Z,0.4200,10.00,no
2026-10-06T15:36:30.278215Z,0.4300,16.43,yes
2026-10-06T15:36:30.278215Z,0.4300,5.93,yes
2026-10-06T15:36:30.399166Z,0.4300,29.56,yes
2026-10-06T15:36:30.399166Z,0.4300,194.07,yes
2026-10-06T15:36:30.442161Z,0.4300,48.77,yes
2026-10-06T15:36:30.46724Z,0.4200,20.00,no
2026-10-06T15:36:30.841324Z,0.4500,41.00,yes
2026-10-06T15:36:30.841324Z,0.4500,10.00,yes
2026-10-06T15:36:30.841324Z,0.4500,177.00,yes
2026-10-06T15:36:30.841324Z,0.4300,87.00,yes
2026-10-06T15:36:30.841324Z,0.4300,100.00,yes
2026-10-06T15:36:30.841324Z,0.4300,69.00,yes
2026-10-06T15:36:30.841324Z,0.4300,0.64,yes
2026-10-06T15:36:30.841324Z,0.4300,27.67,yes
2026-10-06T15:36:30.841324Z,0.4300,29.56,yes
2026-10-06T15:36:30.841324Z,0.4300,48.77,yes
2026-10-06T15:36:30.841324Z,0.4500,15.00,yes
2026-10-06T15:36:30.841324Z,0.4400,54.00,yes
2026-10-06T15:36:30.841324Z,0.4400,53.00,yes
2026-10-06T15:36:30.841324Z,0.4500,44.39,yes
2026-10-06T15:36:30.841324Z,0.4800,39.00,yes
2026-10-06T15:36:30.841324Z,0.4500,44.00,yes
2026-10-06T15:36:30.841324Z,0.4500,15.71,yes
2026-10-06T15:36:30.841324Z,0.4500,44.05,yes
2026-10-06T15:36:30.841324Z,0.4600,1.00,yes
2026-10-06T15:36:30.841324Z,0.4400,41.00,yes
2026-10-06T15:36:30.841324Z,0.4900,1853.00,yes
2026-10-06T15:36:30.841324Z,0.4500,5.00,yes
2026-10-06T15:36:30.841324Z,0.4300,12.00,yes
2026-10-06T15:36:30.841324Z,0.4400,58.46,yes
2026-10-06T15:36:30.841324Z,0.4500,18.00,yes
2026-10-06T15:36:30.841324Z,0.4600,1029.00,yes
2026-10-06T15:36:30.841324Z,0.4700,4716.00,yes
2026-10-06T15:36:30.841324Z,0.4600,87.00,yes
2026-10-06T15:36:30.841324Z,0.4900,1618.75,yes
2026-10-06T15:36:30.841324Z,0.4800,961.00,yes
2026-10-06T15:36:31.001701Z,0.4300,2.23,yes
2026-10-06T15:36:31.177522Z,0.4200,56.00,no
2026-10-06T15:36:31.675564Z,0.4300,30.09,yes
2026-10-06T15:36:31.675564Z,0.4300,69.00,yes
2026-10-06T15:36:31.675564Z,0.4300,10.77,yes
2026-10-06T15:36:31.708563Z,0.4300,19.91,yes
2026-10-06T15:36:31.708563Z,0.4300,69.00,yes
2026-10-06T15:36:31.708563Z,0.4400,41.00,yes
2026-10-06T15:36:31.708563Z,0.4500,11.94,yes
2026-10-06T15:36:31.708563Z,0.4500,13.00,yes
2026-10-06T15:36:31.708563Z,0.4500,44.99,yes
2026-10-06T15:36:31.708563Z,0.4400,17.00,yes
2026-10-06T15:36:31.720197Z,0.4400,10.95,yes
2026-10-06T15:36:31.747594Z,0.4200,5.00,no
2026-10-06T15:36:31.747594Z,0.4200,0.17,no
2026-10-06T15:36:31.747594Z,0.4200,0.06,no
2026-10-06T15:36:31.747594Z,0.4200,24.00,no
2026-10-06T15:36:31.747594Z,0.4200,25.00,no
2026-10-06T15:36:31.747594Z,0.4200,20.00,no
2026-10-06T15:36:31.880721Z,0.4400,5.00,yes
2026-10-06T15:36:31.880721Z,0.4400,4.00,yes
2026-10-06T15:36:31.880721Z,0.4400,40.76,yes
2026-10-06T15:36:31.963173Z,0.3700,1.00,no
2026-10-06T15:36:31.963173Z,0.3600,44.00,no
2026-10-06T15:36:31.963173Z,0.3700,49.00,no
2026-10-06T15:36:31.963173Z,0.3800,8.21,no
2026-10-06T15:36:31.963173Z,0.4000,47.00,no
2026-10-06T15:36:31.963173Z,0.3800,132.00,no
2026-10-06T15:36:31.963173Z,0.3700,30.00,no
2026-10-06T15:36:31.963173Z,0.3600,30.00,no
2026-10-06T15:36:31.963173Z,0.3900,66.00,no
2026-10-06T15:36:31.963173Z,0.3800,1.00,no
2026-10-06T15:36:31.963173Z,0.3900,72.92,no
2026-10-06T15:36:31.963173Z,0.4000,17.00,no
2026-10-06T15:36:31.963173Z,0.4200,50.00,no
2026-10-06T15:36:31.963173Z,0.4100,127.00,no
2026-10-06T15:36:31.963173Z,0.3600,197.05,no
2026-10-06T15:36:31.963173Z,0.4100,5.00,no
2026-10-06T15:36:31.963173Z,0.4000,5.00,no
2026-10-06T15:36:31.963173Z,0.3700,180.00,no
2026-10-06T15:36:31.963173Z,0.3700,217.00,no
2026-10-06T15:36:31.963173Z,0.4000,15.00,no
2026-10-06T15:36:31.963173Z,0.3800,26.49,no
2026-10-06T15:36:31.963173Z,0.3800,10.00,no
2026-10-06T15:36:31.963173Z,0.4200,45.36,no
2026-10-06T15:36:31.963173Z,0.3700,27.11,no
2026-10-06T15:36:31.963173Z,0.3900,47.00,no
2026-10-06T15:36:32.263747Z,0.4100,69.00,no
2026-10-06T15:36:32.276746Z,0.4300,34.41,yes
2026-10-06T15:36:32.276746Z,0.4300,16.37,yes
2026-10-06T15:36:32.810651Z,0.4000,10.77,yes
2026-10-06T15:36:32.810651Z,0.4000,11.59,yes
2026-10-06T15:36:32.970901Z,0.4000,35.78,yes
2026-10-06T15:36:33.254807Z,0.4000,14.00,yes
2026-10-06T15:36:33.254807Z,0.4000,95.00,yes
2026-10-06T15:36:33.254807Z,0.4100,71.91,yes
2026-10-06T15:36:33.254807Z,0.4000,0.45,yes
2026-10-06T15:36:33.254807Z,0.4000,41.00,yes
2026-10-06T15:36:33.254807Z,0.4000,12.00,yes
2026-10-06T15:36:33.774852Z,0.4100,14.05,yes
2026-10-06T15:36:33.883679Z,0.4100,462.86,yes
2026-10-06T15:36:33.987956Z,0.4100,111.81,yes
2026-10-06T15:36:33.997695Z,0.4100,176.74,yes
2026-10-06T15:36:34.319398Z,0.4100,54.00,yes
2026-10-06T15:36:34.511019Z,0.4100,11.10,yes
2026-10-06T15:36:35.01636Z,0.4100,11.71,yes
2026-10-06T15:36:35.20622Z,0.4100,12.88,yes
2026-10-06T15:36:35.361316Z,0.4100,0.02,yes
2026-10-06T15:36:35.405054Z,0.4000,69.00,no
2026-10-06T15:36:35.405054Z,0.4000,40.57,no
2026-10-06T15:36:35.415297Z,0.4100,23.42,yes
2026-10-06T15:36:35.461376Z,0.4100,117.11,yes
2026-10-06T15:36:35.524936Z,0.4100,4.68,yes
2026-10-06T15:36:36.754578Z,0.4200,9.15,yes
2026-10-06T15:36:36.833113Z,0.4200,2.28,yes
2026-10-06T15:36:36.943017Z,0.4200,44.72,yes
2026-10-06T15:36:37.010863Z,0.4100,23.99,no
2026-10-06T15:36:37.215912Z,0.4200,11.44,yes
2026-10-06T15:36:37.272503Z,0.4200,19.65,yes
2026-10-06T15:36:37.335801Z,0.4200,0.20,yes
2026-10-06T15:36:37.451059Z,0.4200,11.44,yes
2026-10-06T15:36:37.506624Z,0.4200,22.88,yes
2026-10-06T15:36:37.65814Z,0.4200,28.53,yes
2026-10-06T15:36:37.897935Z,0.4200,32.60,yes
2026-10-06T15:36:38.285352Z,0.4100,12.58,no
2026-10-06T15:36:38.329763Z,0.4200,19.47,yes
2026-10-06T15:36:39.038673Z,0.4100,76.67,no
2026-10-06T15:36:39.038673Z,0.4100,8.90,no
2026-10-06T15:36:39.196683Z,0.4200,169.13,yes
2026-10-06T15:36:39.415434Z,0.4200,48.53,yes
2026-10-06T15:36:39.598205Z,0.4200,4.57,yes
2026-10-06T15:36:40.311555Z,0.4200,45.76,yes
2026-10-06T15:36:40.638918Z,0.4200,228.80,yes
2026-10-06T15:36:40.716457Z,0.4200,32.67,yes
2026-10-06T15:36:40.746684Z,0.4100,15.76,no
2026-10-06T15:36:40.746703Z,0.4200,130.19,yes
2026-10-06T15:36:40.900515Z,0.4200,11.44,yes
2026-10-06T15:36:40.904781Z,0.4100,51.89,no
2026-10-06T15:36:41.223052Z,0.4200,126.55,yes
2026-10-06T15:36:41.223052Z,0.4200,31.32,yes
2026-10-06T15:36:41.382295Z,0.4100,16.00,no
2026-10-06T15:36:41.382295Z,0.4100,79.68,no
2026-10-06T15:36:41.382295Z,0.4100,32.68,no
2026-10-06T15:36:41.820865Z,0.4200,95.98,yes
2026-10-06T15:36:41.820865Z,0.4200,9.68,yes
2026-10-06T15:36:42.327596Z,0.4200,114.40,yes
2026-10-06T15:36:43.189211Z,0.4200,11.44,yes
2026-10-06T15:36:43.380009Z,0.4100,1.00,no
2026-10-06T15:36:43.380009Z,0.4100,4.00,no
2026-10-06T15:36:43.380009Z,0.4100,39.00,no
2026-10-06T15:36:43.380009Z,0.4100,102.00,no
2026-10-06T15:36:43.380009Z,0.4000,286.35,no
2026-10-06T15:36:43.380009Z,0.4100,10.00,no
2026-10-06T15:36:43.380009Z,0.4100,197.00,no
2026-10-06T15:36:43.380009Z,0.4100,35.00,no
2026-10-06T15:36:43.380009Z,0.4100,41.82,no
2026-10-06T15:36:43.910773Z,0.4100,23.42,yes
2026-10-06T15:36:43.972247Z,0.4100,22.07,yes
2026-10-06T15:36:43.972247Z,0.4100,15.12,yes
2026-10-06T15:36:43.972247Z,0.4100,50.00,yes
2026-10-06T15:36:43.972247Z,0.4100,28.04,yes
2026-10-06T15:36:43.972247Z,0.4100,41.00,yes
2026-10-06T15:36:44.262293Z,0.4200,5.00,yes
2026-10-06T15:36:44.262293Z,0.4200,0.10,yes
2026-10-06T15:36:44.262293Z,0.4200,12.00,yes
2026-10-06T15:36:44.262293Z,0.4200,5.00,yes
2026-10-06T15:36:44.262293Z,0.4200,163.00,yes
2026-10-06T15:36:44.262293Z,0.4200,45.65,yes
2026-10-06T15:36:44.262293Z,0.4200,41.00,yes
2026-10-06T15:36:44.262293Z,0.4200,459.25,yes
2026-10-06T15:36:44.262293Z,0.4200,57.00,yes
2026-10-06T15:36:44.262293Z,0.4200,109.00,yes
2026-10-06T15:36:44.262293Z,0.4200,12.00,yes
2026-10-06T15:36:44.942139Z,0.4100,1.17,no
2026-10-06T15:36:45.059248Z,0.4100,168.00,no
2026-10-06T15:36:45.110282Z,0.4200,45.65,yes
2026-10-06T15:36:45.110282Z,0.4200,10.00,yes
2026-10-06T15:36:45.110282Z,0.4200,5.61,yes
2026-10-06T15:36:45.110282Z,0.4200,57.00,yes
2026-10-06T15:36:45.110282Z,0.4200,15.35,yes
2026-10-06T15:36:45.110282Z,0.4200,109.00,yes
2026-10-06T15:36:45.110282Z,0.4200,5.00,yes
2026-10-06T15:36:45.110282Z,0.4200,438.80,yes
2026-10-06T15:36:46.467203Z,0.4200,15.64,yes
2026-10-06T15:36:46.467203Z,0.4200,12.00,yes
2026-10-06T15:36:46.467203Z,0.4200,41.00,yes
2026-10-06T15:36:46.755153Z,0.4200,45.76,yes
2026-10-06T15:36:47.458349Z,0.4200,3.24,yes
2026-10-06T15:36:47.458349Z,0.4200,47.60,yes
2026-10-06T15:36:47.458349Z,0.4200,1.56,yes
2026-10-06T15:36:47.458349Z,0.4200,57.00,yes
2026-10-06T15:36:47.458349Z,0.4200,5.00,yes
2026-10-06T15:36:48.180862Z,0.4200,1.33,yes
2026-10-06T15:36:48.180862Z,0.4200,47.60,yes
2026-10-06T15:36:48.180862Z,0.4200,57.00,yes
2026-10-06T15:36:48.180862Z,0.4200,45.76,yes
2026-10-06T15:36:48.180862Z,0.4200,15.64,yes
2026-10-06T15:36:48.180862Z,0.4200,12.00,yes
2026-10-06T15:36:48.180862Z,0.4200,5.00,yes
2026-10-06T15:36:48.180862Z,0.4200,150.00,yes
2026-10-06T15:36:48.180862Z,0.4200,37.76,yes
2026-10-06T15:36:48.180862Z,0.4300,83.47,yes
2026-10-06T15:36:48.199139Z,0.4200,39.24,no
2026-10-06T15:36:48.92396Z,0.4200,889.00,no
2026-10-06T15:36:49.034197Z,0.4300,44.72,yes
2026-10-06T15:36:49.582387Z,0.4200,47.34,no
2026-10-06T15:36:50.177659Z,0.4300,44.72,yes
2026-10-06T15:36:50.222461Z,0.4300,22.69,yes
2026-10-06T15:36:50.222461Z,0.4300,129.28,yes
2026-10-06T15:36:50.222461Z,0.4300,0.10,yes
2026-10-06T15:36:51.013999Z,0.4300,145.36,yes
2026-10-06T15:36:51.197952Z,0.4200,42.78,no
2026-10-06T15:36:51.430296Z,0.4300,150.05,yes
2026-10-06T15:36:51.430296Z,0.4300,5.95,yes
2026-10-06T15:36:51.459956Z,0.4300,62.61,yes
2026-10-06T15:36:52.090315Z,0.4200,16.67,no
2026-10-06T15:36:52.509015Z,0.4300,5.00,yes
2026-10-06T15:36:52.509015Z,0.4300,100.00,yes
2026-10-06T15:36:52.509015Z,0.4500,0.10,yes
2026-10-06T15:36:52.509015Z,0.4500,18.56,yes
2026-10-06T15:36:52.509015Z,0.4500,1.00,yes
2026-10-06T15:36:52.509015Z,0.4300,5.00,yes
2026-10-06T15:36:52.509015Z,0.4300,87.34,yes
2026-10-06T15:36:53.546391Z,0.4500,13.89,no
2026-10-06T15:36:53.546391Z,0.4500,7.00,no
2026-10-06T15:36:53.586955Z,0.4800,1.00,yes
2026-10-06T15:36:53.586955Z,0.4800,0.64,yes
2026-10-06T15:36:53.76023Z,0.4800,6.02,yes
2026-10-06T15:36:53.91142Z,0.4500,6.00,no
2026-10-06T15:36:53.91142Z,0.4500,29.36,no
2026-10-06T15:36:54.472115Z,0.4700,8.04,yes
2026-10-06T15:36:54.722143Z,0.4700,20.51,yes
2026-10-06T15:36:55.275515Z,0.4600,10.25,yes
2026-10-06T15:36:55.463032Z,0.4600,10.00,yes
2026-10-06T15:36:55.780829Z,0.4600,1.02,yes
2026-10-06T15:36:55.971256Z,0.4600,5.15,yes
2026-10-06T15:36:56.143489Z,0.4600,104.73,yes
2026-10-06T15:36:56.190497Z,0.4600,360.29,yes
2026-10-06T15:36:56.914454Z,0.4600,50.26,yes
2026-10-06T15:36:57.465865Z,0.4600,10.04,yes
2026-10-06T15:36:57.465865Z,0.4600,9.30,yes
2026-10-06T15:36:57.465865Z,0.4600,10.00,yes
2026-10-06T15:36:58.308651Z,0.4500,23.54,no
2026-10-06T15:36:58.474474Z,0.4600,30.00,yes
2026-10-06T15:36:58.474474Z,0.4700,18.22,yes
2026-10-06T15:36:58.474474Z,0.4700,7.28,yes
2026-10-06T15:36:58.474474Z,0.4700,41.00,yes
2026-10-06T15:36:58.474474Z,0.4600,4.00,yes
2026-10-06T15:36:58.586976Z,0.4600,12.30,yes
2026-10-06T15:36:58.95922Z,0.4600,14.07,yes
2026-10-06T15:36:59.019857Z,0.4700,83.54,yes
2026-10-06T15:36:59.019857Z,0.4600,1.65,yes
2026-10-06T15:36:59.019857Z,0.4600,41.00,yes
2026-10-06T15:36:59.019857Z,0.4700,22.72,yes
2026-10-06T15:36:59.019857Z,0.4600,25.00,yes
2026-10-06T15:36:59.019857Z,0.4600,0.63,yes
2026-10-06T15:36:59.019857Z,0.4700,31.00,yes
2026-10-06T15:36:59.430721Z,0.4600,10.47,yes
2026-10-06T15:36:59.447508Z,0.4700,17.46,yes
2026-10-06T15:36:59.447508Z,0.4700,23.33,yes
2026-10-06T15:36:59.447508Z,0.4600,111.00,yes
2026-10-06T15:36:59.447508Z,0.4600,15.00,yes
2026-10-06T15:36:59.447508Z,0.4600,19.53,yes
2026-10-06T15:36:59.447508Z,0.4600,5.00,yes
2026-10-06T15:36:59.447508Z,0.4600,100.00,yes
2026-10-06T15:36:59.447508Z,0.4600,12.61,yes
2026-10-06T15:36:59.447508Z,0.4700,50.00,yes
2026-10-06T15:36:59.447508Z,0.4600,12.00,yes
2026-10-06T15:36:59.447508Z,0.4600,41.00,yes
2026-10-06T15:36:59.526748Z,0.4600,6.87,yes
2026-10-06T15:36:59.526748Z,0.4600,45.49,yes
2026-10-06T15:37:00.097289Z,0.4600,14.68,yes
2026-10-06T15:37:00.776191Z,0.4500,20.94,yes
2026-10-06T15:37:01.331198Z,0.4500,17.11,yes
2026-10-06T15:37:01.38312Z,0.4500,8.30,yes
2026-10-06T15:37:01.398457Z,0.4500,42.79,yes
2026-10-06T15:37:01.412117Z,0.4500,53.00,yes
2026-10-06T15:37:01.412117Z,0.4500,106.00,yes
2026-10-06T15:37:01.412117Z,0.4500,83.61,yes
2026-10-06T15:37:01.412117Z,0.4500,176.00,yes
2026-10-06T15:37:01.412117Z,0.4500,460.86,yes
2026-10-06T15:37:01.635212Z,0.4500,21.39,yes
2026-10-06T15:37:01.649822Z,0.4400,21.95,no
2026-10-06T15:37:01.649822Z,0.4400,3.62,no
2026-10-06T15:37:01.649822Z,0.4400,0.10,no
2026-10-06T15:37:02.206248Z,0.4500,106.99,yes
2026-10-06T15:37:02.596171Z,0.4500,320.97,yes
2026-10-06T15:37:02.921039Z,0.4500,10.69,yes
2026-10-06T15:37:03.307886Z,0.4500,213.98,yes
2026-10-06T15:37:03.323066Z,0.4500,44.00,yes
2026-10-06T15:37:03.506711Z,0.4500,32.09,yes
2026-10-06T15:37:03.507573Z,0.4500,5.00,yes
2026-10-06T15:37:03.507573Z,0.4500,984.28,yes
2026-10-06T15:37:03.507573Z,0.4500,2.93,yes
2026-10-06T15:37:03.507573Z,0.4500,400.00,yes
2026-10-06T15:37:03.507573Z,0.4500,1000.00,yes
2026-10-06T15:37:03.507573Z,0.4500,714.19,yes
2026-10-06T15:37:03.507573Z,0.4500,5.00,yes
2026-10-06T15:37:03.507573Z,0.4500,547.00,yes
2026-10-06T15:37:03.507573Z,0.4500,106.00,yes
2026-10-06T15:37:03.507573Z,0.4500,12.00,yes
2026-10-06T15:37:03.946898Z,0.4500,283.81,yes
2026-10-06T15:37:03.946898Z,0.4500,679.11,yes
2026-10-06T15:37:03.961176Z,0.4500,4.27,yes
2026-10-06T15:37:04.2316Z,0.4500,1069.91,yes
2026-10-06T15:37:04.33931Z,0.4500,10.69,yes
2026-10-06T15:37:04.953961Z,0.4500,106.99,yes
2026-10-06T15:37:05.625891Z,0.4300,25.00,no
2026-10-06T15:37:05.625891Z,0.4300,8.56,no
2026-10-06T15:37:05.625891Z,0.4400,10.00,no
2026-10-06T15:37:05.625891Z,0.4400,45.65,no
2026-10-06T15:37:05.625891Z,0.4400,8.00,no
2026-10-06T15:37:05.625891Z,0.4400,3.00,no
2026-10-06T15:37:05.625891Z,0.4400,50.00,no
2026-10-06T15:37:05.625891Z,0.4400,55.00,no
2026-10-06T15:37:05.625891Z,0.4300,47.00,no
2026-10-06T15:37:05.730851Z,0.4200,284.03,no
2026-10-06T15:37:05.730851Z,0.4300,141.44,no
2026-10-06T15:37:05.730851Z,0.4300,169.00,no
2026-10-06T15:37:05.730851Z,0.4300,39.63,no
2026-10-06T15:37:05.730851Z,0.4300,45.66,no
2026-10-06T15:37:05.730851Z,0.4300,87.00,no
2026-10-06T15:37:06.446155Z,0.4400,209.47,yes
2026-10-06T15:37:07.399066Z,0.4400,6.01,yes
2026-10-06T15:37:07.430281Z,0.4400,11.85,yes
2026-10-06T15:37:08.038756Z,0.4300,3.32,no
2026-10-06T15:37:08.038756Z,0.4300,50.00,no
2026-10-06T15:37:08.038756Z,0.4300,45.66,no
2026-10-06T15:37:08.038756Z,0.4200,20.04,no
2026-10-06T15:37:08.195733Z,0.4400,194.64,yes
2026-10-06T15:37:08.250791Z,0.4400,6.56,yes
2026-10-06T15:37:08.746074Z,0.4400,12.00,yes
2026-10-06T15:37:09.015472Z,0.4300,4.34,no
2026-10-06T15:37:09.467805Z,0.4400,346.65,yes
2026-10-06T15:37:09.612773Z,0.4400,17.27,yes
2026-10-06T15:37:10.25354Z,0.4400,10.93,yes
2026-10-06T15:37:10.468557Z,0.4300,16.97,no
2026-10-06T15:37:10.593675Z,0.4400,11.41,yes
2026-10-06T15:37:11.134174Z,0.4300,5.25,no
2026-10-06T15:37:11.134947Z,0.4400,12.26,yes
2026-10-06T15:37:11.261441Z,0.4400,17.33,yes
2026-10-06T15:37:11.261441Z,0.4400,90.67,yes
2026-10-06T15:37:11.303046Z,0.4400,21.86,yes
2026-10-06T15:37:11.463103Z,0.4400,10.23,yes
2026-10-06T15:37:11.77228Z,0.4400,54.00,yes
2026-10-06T15:37:11.799854Z,0.4400,65.60,yes
2026-10-06T15:37:11.986833Z,0.4400,16.46,yes
2026-10-06T15:37:12.717617Z,0.4400,2.18,yes
2026-10-06T15:37:12.734208Z,0.4400,52.48,yes
2026-10-06T15:37:12.770648Z,0.4400,20.94,yes
2026-10-06T15:37:12.800341Z,0.4400,10.93,yes
2026-10-06T15:37:13.2888Z,0.4400,8.74,yes
2026-10-06T15:37:13.573846Z,0.4300,167.12,no
2026-10-06T15:37:13.573846Z,0.4300,3.00,no
2026-10-06T15:37:13.573846Z,0.4300,19.42,no
2026-10-06T15:37:13.573846Z,0.4300,14.00,no
2026-10-06T15:37:13.573846Z,0.4300,10.00,no
2026-10-06T15:37:13.856952Z,0.4400,218.69,yes
2026-10-06T15:37:13.986506Z,0.4400,98.41,yes
2026-10-06T15:37:14.263536Z,0.4300,9.96,no
2026-10-06T15:37:14.708185Z,0.4400,21.86,yes
2026-10-06T15:37:14.786205Z,0.4300,14.50,no
2026-10-06T15:37:14.830056Z,0.4400,21.86,yes
2026-10-06T15:37:14.840709Z,0.4400,150.90,yes
2026-10-06T15:37:14.925149Z,0.4400,10.93,yes
2026-10-06T15:37:15.012884Z,0.4400,54.67,yes
2026-10-06T15:37:15.2369Z,0.4300,3.51,no
2026-10-06T15:37:15.294763Z,0.4400,228.91,yes
2026-10-06T15:37:15.786148Z,0.4400,903.22,yes
2026-10-06T15:37:16.098274Z,0.4400,10.47,yes
2026-10-06T15:37:16.642681Z,0.4400,109.34,yes
2026-10-06T15:37:17.008398Z,0.4400,80.43,yes
2026-10-06T15:37:17.192196Z,0.4300,343.20,no
2026-10-06T15:37:17.862116Z,0.4400,36.00,yes
2026-10-06T15:37:17.92799Z,0.4400,21.86,yes
2026-10-06T15:37:18.229011Z,0.4400,35.00,yes
2026-10-06T15:37:18.229011Z,0.4400,277.74,yes
2026-10-06T15:37:18.690038Z,0.4400,1.09,yes
2026-10-06T15:37:18.776181Z,0.4300,72.69,no
2026-10-06T15:37:18.776181Z,0.4300,97.31,no
2026-10-06T15:37:18.797508Z,0.4400,21.86,yes
2026-10-06T15:37:19.063145Z,0.4400,10.93,yes
2026-10-06T15:37:19.131637Z,0.4400,218.69,yes
2026-10-06T15:37:19.360711Z,0.4400,24.38,yes
2026-10-06T15:37:19.363847Z,0.4400,217.39,yes
2026-10-06T15:37:19.764718Z,0.4400,109.34,yes
2026-10-06T15:37:19.830962Z,0.4400,218.69,yes
2026-10-06T15:37:20.050856Z,0.4400,87.47,yes
2026-10-06T15:37:20.365691Z,0.4400,227.44,yes
2026-10-06T15:37:21.595623Z,0.4300,27.31,no
2026-10-06T15:37:21.595623Z,0.4300,828.46,no
2026-10-06T15:37:22.1265Z,0.4400,54.67,yes
2026-10-06T15:37:23.196213Z,0.4400,43.73,yes
2026-10-06T15:37:23.263916Z,0.4400,76.54,yes
2026-10-06T15:37:23.345722Z,0.4300,363.84,no
2026-10-06T15:37:23.438346Z,0.4400,59.12,yes
2026-10-06T15:37:23.577789Z,0.4400,218.69,yes
2026-10-06T15:37:23.756297Z,0.4400,23.00,yes
2026-10-06T15:37:23.996257Z,0.4400,217.00,yes
2026-10-06T15:37:24.549316Z,0.4300,59.34,no
2026-10-06T15:37:24.81812Z,0.4400,869.00,yes
2026-10-06T15:37:24.829099Z,0.4300,21.14,no
2026-10-06T15:37:24.842021Z,0.4400,21.86,yes
2026-10-06T15:37:24.887176Z,0.4400,91.85,yes
2026-10-06T15:37:25.220354Z,0.4400,21.86,yes
2026-10-06T15:37:25.245858Z,0.4400,100.00,yes
2026-10-06T15:37:25.35318Z,0.4400,150.00,yes
2026-10-06T15:37:25.473146Z,0.4400,137.66,yes
2026-10-06T15:37:25.473146Z,0.4400,113.84,yes
2026-10-06T15:37:25.527134Z,0.4400,10.93,yes
2026-10-06T15:37:25.880471Z,0.4400,2.73,yes
2026-10-06T15:37:25.918298Z,0.4400,109.34,yes
2026-10-06T15:37:26.004419Z,0.4400,183.70,yes
2026-10-06T15:37:26.24569Z,0.4400,109.34,yes
2026-10-06T15:37:26.292142Z,0.4400,109.34,yes
2026-10-06T15:37:27.234999Z,0.4400,1093.49,yes
2026-10-06T15:37:27.449411Z,0.4400,217.36,yes
2026-10-06T15:37:27.758894Z,0.4400,9.93,yes
2026-10-06T15:37:27.758894Z,0.4400,34.35,yes
2026-10-06T15:37:27.888346Z,0.4300,34.22,no
2026-10-06T15:37:28.284465Z,0.4400,10.93,yes
2026-10-06T15:37:28.488472Z,0.4400,54.67,yes
2026-10-06T15:37:28.983084Z,0.4400,2.16,yes
2026-10-06T15:37:29.261512Z,0.4400,1000.00,yes
2026-10-06T15:37:29.261512Z,0.4400,197.00,yes
2026-10-06T15:37:29.261512Z,0.4400,254.00,yes
2026-10-06T15:37:29.261512Z,0.4400,5.00,yes
2026-10-06T15:37:29.261512Z,0.4400,5.00,yes
2026-10-06T15:37:29.261512Z,0.4400,800.00,yes
2026-10-06T15:37:29.261512Z,0.4400,5.00,yes
2026-10-06T15:37:29.261512Z,0.4400,424.83,yes
2026-10-06T15:37:29.261512Z,0.4400,10.57,yes
2026-10-06T15:37:29.261512Z,0.4400,3680.40,yes
2026-10-06T15:37:29.261512Z,0.4400,397.89,yes
2026-10-06T15:37:29.415432Z,0.4300,50.46,no
2026-10-06T15:37:29.43951Z,0.4400,499.42,yes
2026-10-06T15:37:29.811625Z,0.4400,55.72,yes
2026-10-06T15:37:29.887952Z,0.4400,21.86,yes
2026-10-06T15:37:30.233084Z,0.4400,10.93,yes
2026-10-06T15:37:30.342517Z,0.4400,19.06,yes
2026-10-06T15:37:30.435124Z,0.4400,8.74,yes
2026-10-06T15:37:30.459752Z,0.4400,461.45,yes
2026-10-06T15:37:30.83276Z,0.4400,39.93,yes
2026-10-06T15:37:30.839107Z,0.4400,61.23,yes
2026-10-06T15:37:31.115047Z,0.4400,10.93,yes
2026-10-06T15:37:31.32917Z,0.4400,116.15,yes
2026-10-06T15:37:31.437978Z,0.4400,29.45,yes
2026-10-06T15:37:31.764768Z,0.4400,109.34,yes
2026-10-06T15:37:32.28465Z,0.4300,11.71,no
2026-10-06T15:37:32.388404Z,0.4400,4.37,yes
2026-10-06T15:37:32.536988Z,0.4400,109.34,yes
2026-10-06T15:37:32.707897Z,0.4300,130.00,no
2026-10-06T15:37:32.707897Z,0.4300,2.00,no
2026-10-06T15:37:32.707897Z,0.4300,8.00,no
2026-10-06T15:37:32.707897Z,0.4300,401.17,no
2026-10-06T15:37:32.707897Z,0.4300,10.00,no
2026-10-06T15:37:32.707897Z,0.4300,448.83,no
2026-10-06T15:37:32.962825Z,0.4400,109.34,yes
2026-10-06T15:37:33.071462Z,0.4300,363.59,no
2026-10-06T15:37:33.664352Z,0.4400,54.67,yes
2026-10-06T15:37:33.840661Z,0.4400,8.74,yes
2026-10-06T15:37:33.883891Z,0.4400,69.10,yes
2026-10-06T15:37:33.995488Z,0.4400,26.00,yes
2026-10-06T15:37:34.239823Z,0.4400,65.60,yes
2026-10-06T15:37:34.486662Z,0.4400,189.17,yes
2026-10-06T15:37:34.490809Z,0.4300,17.23,no
2026-10-06T15:37:34.600429Z,0.4400,217.00,yes
2026-10-06T15:37:35.05603Z,0.4400,30.61,yes
2026-10-06T15:37:35.531308Z,0.4300,28.53,no
2026-10-06T15:37:35.547631Z,0.4400,32.60,yes
2026-10-06T15:37:36.03708Z,0.4400,54.67,yes
2026-10-06T15:37:36.081335Z,0.4400,546.74,yes
2026-10-06T15:37:36.273389Z,0.4400,8.74,yes
2026-10-06T15:37:36.281174Z,0.4400,11.17,yes
2026-10-06T15:37:36.357458Z,0.4400,4.37,yes
2026-10-06T15:37:36.431875Z,0.4400,54.67,yes
2026-10-06T15:37:36.71094Z,0.4400,6.84,yes
2026-10-06T15:37:37.261985Z,0.4400,152.56,yes
2026-10-06T15:37:38.493808Z,0.4400,656.09,yes
2026-10-06T15:37:38.908512Z,0.4400,21.86,yes
2026-10-06T15:37:39.250789Z,0.4400,21.86,yes
2026-10-06T15:37:39.398915Z,0.4400,531.00,yes
2026-10-06T15:37:39.472399Z,0.4400,164.02,yes
2026-10-06T15:37:39.872925Z,0.4400,1.20,yes
2026-10-06T15:37:39.968292Z,0.4300,4.27,no
2026-10-06T15:37:40.126315Z,0.4400,10.93,yes
2026-10-06T15:37:41.718405Z,0.4400,437.39,yes
2026-10-06T15:37:41.779212Z,0.4300,72.50,no
2026-10-06T15:37:41.928003Z,0.4400,1.00,yes
2026-10-06T15:37:42.26836Z,0.4400,109.34,yes
2026-10-06T15:37:42.489849Z,0.4400,100.71,yes
2026-10-06T15:37:42.895069Z,0.4400,9.00,yes
2026-10-06T15:37:43.220912Z,0.4400,54.67,yes
2026-10-06T15:37:43.688592Z,0.4400,322.71,yes
2026-10-06T15:37:43.996896Z,0.4400,6.56,yes
2026-10-06T15:37:44.085944Z,0.4400,32.80,yes
2026-10-06T15:37:44.469676Z,0.4400,65.60,yes
2026-10-06T15:37:44.530027Z,0.4400,34.46,yes
2026-10-06T15:37:45.23617Z,0.4400,109.34,yes
2026-10-06T15:37:45.320954Z,0.4400,33.76,yes
2026-10-06T15:37:45.390167Z,0.4400,33.08,yes
2026-10-06T15:37:45.737634Z,0.4400,218.69,yes
2026-10-06T15:37:45.881462Z,0.4400,174.95,yes
2026-10-06T15:37:45.971583Z,0.4400,13.12,yes
2026-10-06T15:37:46.043332Z,0.4400,1.00,yes
2026-10-06T15:37:46.132892Z,0.4400,10.93,yes
2026-10-06T15:37:46.157597Z,0.4400,72.17,yes
2026-10-06T15:37:46.486173Z,0.4400,6.56,yes
2026-10-06T15:37:46.663153Z,0.4400,43.73,yes
2026-10-06T15:37:46.715603Z,0.4400,65.60,yes
2026-10-06T15:37:47.098364Z,0.4400,1000.00,yes
2026-10-06T15:37:47.934326Z,0.4400,87.47,yes
2026-10-06T15:37:48.046252Z,0.4400,546.74,yes
2026-10-06T15:37:48.145014Z,0.4400,1530.89,yes
2026-10-06T15:37:48.345536Z,0.4400,178.00,yes
2026-10-06T15:37:48.531552Z,0.4400,65.58,yes
2026-10-06T15:37:48.620432Z,0.4400,1.09,yes
2026-10-06T15:37:48.719937Z,0.4300,340.62,no
2026-10-06T15:37:48.748842Z,0.4400,54.67,yes
2026-10-06T15:37:48.790262Z,0.4400,120.28,yes
2026-10-06T15:37:49.457216Z,0.4400,10.93,yes
2026-10-06T15:37:49.621903Z,0.4300,78.49,no
2026-10-06T15:37:49.961405Z,0.4400,43.73,yes
2026-10-06T15:37:50.060115Z,0.4400,54.67,yes
2026-10-06T15:37:50.351125Z,0.4400,13.02,yes
2026-10-06T15:37:50.587554Z,0.4400,21.86,yes
2026-10-06T15:37:51.066208Z,0.4400,168.39,yes
2026-10-06T15:37:51.340486Z,0.4400,65.60,yes
2026-10-06T15:37:51.669589Z,0.4400,10.93,yes
2026-10-06T15:37:51.848674Z,0.4400,10.93,yes
2026-10-06T15:37:52.118338Z,0.4400,8.74,yes
2026-10-06T15:37:52.252354Z,0.4400,10.93,yes
2026-10-06T15:37:52.478618Z,0.4400,120.28,yes
2026-10-06T15:37:52.498262Z,0.4400,57.00,yes
2026-10-06T15:37:52.752217Z,0.4400,11.00,yes
2026-10-06T15:37:53.326718Z,0.4400,65.60,yes
2026-10-06T15:37:53.622991Z,0.4400,87.47,yes
2026-10-06T15:37:54.022432Z,0.4400,328.04,yes
2026-10-06T15:37:54.195008Z,0.4400,39.36,yes
2026-10-06T15:37:54.263249Z,0.4400,65.60,yes
2026-10-06T15:37:54.541155Z,0.4300,60.46,no
2026-10-06T15:37:54.680904Z,0.4400,1093.49,yes
2026-10-06T15:37:54.912413Z,0.4400,48.94,yes
2026-10-06T15:37:54.954364Z,0.4400,109.34,yes
2026-10-06T15:37:55.099957Z,0.4400,1.61,yes
2026-10-06T15:37:55.753007Z,0.4400,13.12,yes
2026-10-06T15:37:56.077587Z,0.4300,26.26,no
2026-10-06T15:37:56.113613Z,0.4400,2.18,yes
2026-10-06T15:37:56.122028Z,0.4400,12.00,yes
2026-10-06T15:37:56.136589Z,0.4300,22.20,no
2026-10-06T15:37:56.298377Z,0.4400,2.18,yes
2026-10-06T15:37:56.78572Z,0.4400,21.86,yes
2026-10-06T15:37:57.139368Z,0.4400,43.73,yes
2026-10-06T15:37:57.308492Z,0.4400,4.37,yes
2026-10-06T15:37:57.629987Z,0.4400,437.39,yes
2026-10-06T15:37:57.860135Z,0.4300,500.00,no
2026-10-06T15:37:58.087622Z,0.4400,21.86,yes
2026-10-06T15:37:58.243995Z,0.4400,113.72,yes
2026-10-06T15:37:58.493352Z,0.4400,12.55,yes
2026-10-06T15:37:58.99512Z,0.4400,32.36,yes
2026-10-06T15:37:59.646202Z,0.4400,2.18,yes
2026-10-06T15:38:00.423108Z,0.4400,54.67,yes
2026-10-06T15:38:00.587676Z,0.4400,15.02,yes
2026-10-06T15:38:00.832664Z,0.4400,8.74,yes
2026-10-06T15:38:01.255663Z,0.4400,9.60,yes
2026-10-06T15:38:01.366051Z,0.4400,84.49,yes
2026-10-06T15:38:01.366051Z,0.4400,132.51,yes
2026-10-06T15:38:02.451644Z,0.4400,43.73,yes
2026-10-06T15:38:02.528882Z,0.4400,0.37,yes
2026-10-06T15:38:02.87435Z,0.4400,437.39,yes
2026-10-06T15:38:02.93491Z,0.4300,36.25,no
2026-10-06T15:38:03.977048Z,0.4200,47.00,no
2026-10-06T15:38:03.977048Z,0.4200,23.20,no
2026-10-06T15:38:03.977048Z,0.4300,48.43,no
2026-10-06T15:38:03.977048Z,0.4300,2.00,no
2026-10-06T15:38:03.977048Z,0.4300,15.00,no
2026-10-06T15:38:03.977048Z,0.4300,7.00,no
2026-10-06T15:38:03.977048Z,0.4200,2.38,no
2026-10-06T15:38:04.193777Z,0.4300,170.71,yes
2026-10-06T15:38:04.193777Z,0.4300,47.98,yes
2026-10-06T15:38:04.69423Z,0.4200,0.10,no
2026-10-06T15:38:04.69423Z,0.4200,137.43,no
2026-10-06T15:38:04.786457Z,0.4300,44.81,yes
2026-10-06T15:38:06.138757Z,0.4200,341.27,no
2026-10-06T15:38:06.161567Z,0.4200,643.16,no
2026-10-06T15:38:06.581902Z,0.4300,44.72,yes
2026-10-06T15:38:06.612452Z,0.4200,24.59,no
2026-10-06T15:38:06.876678Z,0.4300,113.40,yes
2026-10-06T15:38:07.014824Z,0.4300,44.72,yes
2026-10-06T15:38:07.472062Z,0.4300,51.43,yes
2026-10-06T15:38:07.556099Z,0.4300,25.69,yes
2026-10-06T15:38:07.556099Z,0.4300,30.21,yes
2026-10-06T15:38:07.943665Z,0.4300,22.36,yes
2026-10-06T15:38:08.64691Z,0.4300,11.18,yes
2026-10-06T15:38:08.86671Z,0.4200,37.21,no
2026-10-06T15:38:09.694218Z,0.4300,22.22,yes
2026-10-06T15:38:10.872047Z,0.4300,16.50,yes
2026-10-06T15:38:11.51546Z,0.4300,0.13,yes
2026-10-06T15:38:11.617368Z,0.4300,500.00,yes
2026-10-06T15:38:11.617368Z,0.4300,70.92,yes
2026-10-06T15:38:11.617368Z,0.4300,23.94,yes
2026-10-06T15:38:11.695071Z,0.4300,12.00,yes
2026-10-06T15:38:11.695071Z,0.4300,17.06,yes
2026-10-06T15:38:11.695071Z,0.4300,30.00,yes
2026-10-06T15:38:11.695071Z,0.4300,52.75,yes
2026-10-06T15:38:12.645521Z,0.4300,52.75,yes
2026-10-06T15:38:12.645521Z,0.4300,2.25,yes
2026-10-06T15:38:12.781343Z,0.4300,0.49,yes
2026-10-06T15:38:12.807441Z,0.4300,49.19,yes
2026-10-06T15:38:13.07422Z,0.4300,77.24,yes
2026-10-06T15:38:13.07422Z,0.4300,34.57,yes
2026-10-06T15:38:13.175108Z,0.4200,32.60,no
2026-10-06T15:38:13.241378Z,0.4300,201.27,yes
2026-10-06T15:38:14.32783Z,0.4300,32.80,yes
2026-10-06T15:38:14.393245Z,0.4300,0.04,yes
2026-10-06T15:38:14.459126Z,0.4300,109.34,yes
2026-10-06T15:38:14.840976Z,0.4300,2.23,yes
2026-10-06T15:38:14.941928Z,0.4300,605.96,yes
2026-10-06T15:38:14.99052Z,0.4200,9.77,no
2026-10-06T15:38:15.38663Z,0.4300,4.47,yes
2026-10-06T15:38:15.807574Z,0.4300,7.00,yes
2026-10-06T15:38:15.816668Z,0.4300,11.18,yes
2026-10-06T15:38:16.280424Z,0.4300,55.90,yes
2026-10-06T15:38:16.326888Z,0.4300,31.89,yes
2026-10-06T15:38:16.391106Z,0.4300,8.94,yes
2026-10-06T15:38:16.830692Z,0.4200,28.07,no
2026-10-06T15:38:17.97464Z,0.4300,218.69,yes
2026-10-06T15:38:18.283667Z,0.4300,21.00,yes
2026-10-06T15:38:18.502363Z,0.4300,8.94,yes
2026-10-06T15:38:18.584372Z,0.4300,223.63,yes
2026-10-06T15:38:19.002019Z,0.4300,38.82,yes
2026-10-06T15:38:19.1825Z,0.4300,223.63,yes
2026-10-06T15:38:19.234491Z,0.4300,77.03,yes
2026-10-06T15:38:19.234491Z,0.4300,45.96,yes
2026-10-06T15:38:19.238375Z,0.4300,447.27,yes
2026-10-06T15:38:19.625967Z,0.4300,111.00,yes
2026-10-06T15:38:19.768577Z,0.4200,75.00,no
2026-10-06T15:38:20.488003Z,0.4300,97.77,yes
2026-10-06T15:38:20.488003Z,0.4300,1208.58,yes
2026-10-06T15:38:20.488003Z,0.4300,930.00,yes
2026-10-06T15:38:20.605359Z,0.4300,3.80,yes
2026-10-06T15:38:20.964384Z,0.4300,201.27,yes
2026-10-06T15:38:21.028043Z,0.4200,376.78,no
2026-10-06T15:38:21.413533Z,0.4200,377.77,no
2026-10-06T15:38:21.529163Z,0.4300,17.00,yes
2026-10-06T15:38:21.535338Z,0.4300,22.36,yes
2026-10-06T15:38:21.544477Z,0.4200,204.74,no
2026-10-06T15:38:21.784184Z,0.4200,73.86,no
2026-10-06T15:38:22.007159Z,0.4300,12.14,yes
2026-10-06T15:38:22.30618Z,0.4200,20.21,no
2026-10-06T15:38:23.012884Z,0.4300,11.18,yes
2026-10-06T15:38:23.317322Z,0.4300,223.63,yes
2026-10-06T15:38:23.360826Z,0.4200,67.37,no
2026-10-06T15:38:23.6399Z,0.4300,25.00,yes
2026-10-06T15:38:25.213809Z,0.4300,11.18,yes
2026-10-06T15:38:25.718517Z,0.4300,111.81,yes
2026-10-06T15:38:26.16997Z,0.4200,109.34,no
2026-10-06T15:38:26.212757Z,0.4200,165.00,no
2026-10-06T15:38:26.221923Z,0.4300,8.94,yes
2026-10-06T15:38:26.297012Z,0.4300,2.23,yes
2026-10-06T15:38:26.788593Z,0.4300,395.83,yes
2026-10-06T15:38:26.863381Z,0.4200,2.73,no
2026-10-06T15:38:26.982259Z,0.4300,559.08,yes
2026-10-06T15:38:27.046826Z,0.4300,923.00,yes
2026-10-06T15:38:27.107779Z,0.4300,262.97,yes
2026-10-06T15:38:27.107779Z,0.4300,50.00,yes
2026-10-06T15:38:27.107779Z,0.4300,33.08,yes
2026-10-06T15:38:27.107779Z,0.4300,20.00,yes
2026-10-06T15:38:27.107779Z,0.4300,0.10,yes
2026-10-06T15:38:27.107779Z,0.4300,81.12,yes
2026-10-06T15:38:27.67298Z,0.4200,20.94,no
2026-10-06T15:38:27.696869Z,0.4300,9.86,yes
2026-10-06T15:38:29.145508Z,0.4300,268.36,yes
2026-10-06T15:38:29.30784Z,0.4300,55.90,yes
2026-10-06T15:38:29.459751Z,0.4300,22.36,yes
2026-10-06T15:38:29.66112Z,0.4200,131.34,no
2026-10-06T15:38:30.15191Z,0.4200,28.13,no
2026-10-06T15:38:31.498975Z,0.4200,55.00,no
2026-10-06T15:38:31.777115Z,0.4300,1.56,yes
2026-10-06T15:38:31.877825Z,0.4200,17.00,no
2026-10-06T15:38:32.462891Z,0.4300,44.72,yes
2026-10-06T15:38:32.619789Z,0.4300,44.72,yes
2026-10-06T15:38:33.083511Z,0.4300,764.95,yes
2026-10-06T15:38:33.083511Z,0.4300,1471.40,yes
2026-10-06T15:38:33.263079Z,0.4300,106.81,yes
2026-10-06T15:38:33.263079Z,0.4300,5.00,yes
2026-10-06T15:38:33.301571Z,0.4300,11.00,yes
2026-10-06T15:38:33.332034Z,0.4300,46.00,yes
2026-10-06T15:38:33.918475Z,0.4300,15.29,yes
2026-10-06T15:38:34.62362Z,0.4300,1.25,yes
2026-10-06T15:38:35.01899Z,0.4300,5.59,yes
2026-10-06T15:38:35.079701Z,0.4300,14.49,yes
2026-10-06T15:38:35.079701Z,0.4300,7.87,yes
2026-10-06T15:38:35.081333Z,0.4300,11.18,yes
2026-10-06T15:38:36.53856Z,0.4200,63.49,no
2026-10-06T15:38:36.957205Z,0.4300,6.03,yes
2026-10-06T15:38:36.957205Z,0.4300,41.00,yes
2026-10-06T15:38:36.957205Z,0.4300,74.33,yes
2026-10-06T15:38:36.957205Z,0.4300,147.00,yes
2026-10-06T15:38:36.985963Z,0.4200,42.78,no
2026-10-06T15:38:37.816033Z,0.4300,0.69,yes
2026-10-06T15:38:38.105258Z,0.4200,43.42,no
2026-10-06T15:38:38.105258Z,0.4200,2.61,no
2026-10-06T15:38:38.105258Z,0.4200,1.00,no
2026-10-06T15:38:38.185811Z,0.4300,44.44,yes
2026-10-06T15:38:38.389038Z,0.4200,12.00,yes
2026-10-06T15:38:38.389038Z,0.4200,47.98,yes
2026-10-06T15:38:38.389038Z,0.4200,57.00,yes
2026-10-06T15:38:38.389038Z,0.4200,41.00,yes
2026-10-06T15:38:38.389038Z,0.4200,67.00,yes
2026-10-06T15:38:38.389038Z,0.4200,180.00,yes
2026-10-06T15:38:38.389038Z,0.4200,8.50,yes
2026-10-06T15:38:38.389038Z,0.4200,15.89,yes
2026-10-06T15:38:39.097821Z,0.4200,100.50,yes
2026-10-06T15:38:39.097821Z,0.4200,11.31,yes
2026-10-06T15:38:39.395054Z,0.4200,44.19,yes
2026-10-06T15:38:39.717803Z,0.4200,66.35,yes
2026-10-06T15:38:40.604416Z,0.4100,0.10,no
2026-10-06T15:38:40.604416Z,0.4100,188.04,no
2026-10-06T15:38:40.706694Z,0.4200,45.76,yes
2026-10-06T15:38:41.023412Z,0.4200,686.41,yes
2026-10-06T15:38:41.229003Z,0.4200,59.48,yes
2026-10-06T15:38:41.703428Z,0.4200,82.37,yes
2026-10-06T15:38:42.527799Z,0.4100,35.00,no
2026-10-06T15:38:42.74345Z,0.4200,4.13,yes
2026-10-06T15:38:42.74345Z,0.4200,41.63,yes
2026-10-06T15:38:42.75893Z,0.4200,8.00,yes
2026-10-06T15:38:43.159842Z,0.4200,6.86,yes
2026-10-06T15:38:44.405305Z,0.4200,33.54,yes
2026-10-06T15:38:44.475782Z,0.4200,114.40,yes
2026-10-06T15:38:45.09496Z,0.4200,45.76,yes
2026-10-06T15:38:45.276952Z,0.4100,320.64,no
2026-10-06T15:38:45.276952Z,0.4100,276.96,no
2026-10-06T15:38:45.307999Z,0.4200,4.57,yes
2026-10-06T15:38:46.367304Z,0.4200,22.88,yes
2026-10-06T15:38:47.517082Z,0.4200,18.28,yes
2026-10-06T15:38:47.662793Z,0.4200,114.40,yes
2026-10-06T15:38:48.424461Z,0.4200,34.32,yes
2026-10-06T15:38:48.599449Z,0.4200,61.77,yes
2026-10-06T15:38:48.867287Z,0.4100,35.98,no
2026-10-06T15:38:49.072597Z,0.4100,42.78,no
2026-10-06T15:38:49.57174Z,0.4200,3.43,yes
2026-10-06T15:38:50.618614Z,0.4100,13.12,no
2026-10-06T15:38:50.739588Z,0.4100,75.52,no
2026-10-06T15:38:50.739588Z,0.4100,87.48,no
2026-10-06T15:38:51.895582Z,0.4100,1.00,no
2026-10-06T15:38:51.895582Z,0.4100,229.25,no
2026-10-06T15:38:51.895582Z,0.4100,5.00,no
2026-10-06T15:38:51.895582Z,0.4100,101.00,no
2026-10-06T15:38:52.486697Z,0.4200,22.88,yes
2026-10-06T15:38:52.542106Z,0.4100,35.98,no
2026-10-06T15:38:52.576333Z,0.4200,112.17,yes
2026-10-06T15:38:53.600438Z,0.4200,672.68,yes
2026-10-06T15:38:53.712742Z,0.4200,22.88,yes
2026-10-06T15:38:54.426083Z,0.4200,45.76,yes
2026-10-06T15:38:55.019231Z,0.4100,200.00,no
2026-10-06T15:38:55.355256Z,0.4200,58.52,yes
2026-10-06T15:38:55.355256Z,0.4200,170.28,yes
2026-10-06T15:38:55.688299Z,0.4100,58.82,no
2026-10-06T15:38:56.640188Z,0.4200,58.00,yes
2026-10-06T15:38:56.720999Z,0.4200,22.88,yes
2026-10-06T15:38:56.917843Z,0.4200,41.00,yes
2026-10-06T15:38:56.917843Z,0.4200,41.37,yes
2026-10-06T15:38:56.917843Z,0.4200,5.00,yes
2026-10-06T15:38:56.917843Z,0.4200,31.60,yes
2026-10-06T15:38:57.171935Z,0.4200,10.41,yes
2026-10-06T15:38:57.603424Z,0.4200,11.18,yes
2026-10-06T15:38:57.634115Z,0.4200,20.59,yes
2026-10-06T15:38:57.80278Z,0.4200,22.88,yes
2026-10-06T15:38:58.068466Z,0.4100,256.05,no
2026-10-06T15:38:58.933614Z,0.4200,30.57,yes
2026-10-06T15:38:58.933614Z,0.4200,198.23,yes
2026-10-06T15:38:59.364578Z,0.4200,2.28,yes
2026-10-06T15:38:59.79141Z,0.4100,119.96,no
2026-10-06T15:38:59.964881Z,0.4100,19.62,no
2026-10-06T15:39:00.221063Z,0.4200,11.44,yes
2026-10-06T15:39:00.405047Z,0.4200,223.28,yes
2026-10-06T15:39:00.685216Z,0.4200,11.44,yes
2026-10-06T15:39:01.04432Z,0.4200,17.86,yes
2026-10-06T15:39:01.211393Z,0.4200,155.58,yes
2026-10-06T15:39:01.326241Z,0.4200,114.40,yes
2026-10-06T15:39:02.399404Z,0.4200,114.40,yes
2026-10-06T15:39:02.867323Z,0.4200,114.40,yes
2026-10-06T15:39:03.665396Z,0.4100,488.85,no
2026-10-06T15:39:04.123477Z,0.4200,686.41,yes
2026-10-06T15:39:05.039305Z,0.4200,1136.00,yes
2026-10-06T15:39:06.595521Z,0.4100,4.00,no
2026-10-06T15:39:06.595521Z,0.4100,1.00,no
2026-10-06T15:39:06.595521Z,0.4100,8.87,no
2026-10-06T15:39:06.595521Z,0.4100,50.00,no
2026-10-06T15:39:06.595521Z,0.4100,28.25,no
2026-10-06T15:39:06.650997Z,0.4200,200.00,yes
2026-10-06T15:39:06.650997Z,0.4200,86.00,yes
2026-10-06T15:39:06.650997Z,0.4200,100.00,yes
2026-10-06T15:39:06.650997Z,0.4200,69.00,yes
2026-10-06T15:39:06.650997Z,0.4200,0.10,yes
2026-10-06T15:39:06.650997Z,0.4200,5.00,yes
2026-10-06T15:39:06.650997Z,0.4200,5.00,yes
2026-10-06T15:39:06.650997Z,0.4200,100.00,yes
2026-10-06T15:39:06.650997Z,0.4200,2000.00,yes
2026-10-06T15:39:06.650997Z,0.4200,13.92,yes
2026-10-06T15:39:06.650997Z,0.4200,5.00,yes
2026-10-06T15:39:06.650997Z,0.4200,250.00,yes
2026-10-06T15:39:07.000681Z,0.4300,0.10,yes
2026-10-06T15:39:07.000681Z,0.4300,2.13,yes
2026-10-06T15:39:07.823844Z,0.4300,3.65,yes
2026-10-06T15:39:07.823844Z,0.4300,12.00,yes
2026-10-06T15:39:08.434135Z,0.4300,11.18,yes
2026-10-06T15:39:09.216754Z,0.4300,11.18,yes
2026-10-06T15:39:09.631129Z,0.4300,29.00,yes
2026-10-06T15:39:09.631129Z,0.4300,30.65,yes
2026-10-06T15:39:09.631129Z,0.4300,5.00,yes
2026-10-06T15:39:09.810849Z,0.4300,1.11,yes
2026-10-06T15:39:10.544581Z,0.4300,5.59,yes
2026-10-06T15:39:10.62242Z,0.4300,111.81,yes
2026-10-06T15:39:11.337026Z,0.4300,111.81,yes
2026-10-06T15:39:12.127714Z,0.4300,11.18,yes
2026-10-06T15:39:12.185882Z,0.4200,33.00,no
2026-10-06T15:39:12.225203Z,0.4200,251.23,no
2026-10-06T15:39:13.09983Z,0.4300,557.50,yes
2026-10-06T15:39:13.185569Z,0.4300,11.00,yes
2026-10-06T15:39:13.327335Z,0.4300,0.20,yes
2026-10-06T15:39:13.333706Z,0.4300,111.81,yes
2026-10-06T15:39:14.158241Z,0.4300,8.18,yes
2026-10-06T15:39:14.158241Z,0.4300,47.34,yes
2026-10-06T15:39:15.335988Z,0.4300,22.36,yes
2026-10-06T15:39:15.645551Z,0.4300,44.72,yes
2026-10-06T15:39:16.363938Z,0.4200,78.49,no
2026-10-06T15:39:16.425964Z,0.4300,8.94,yes
2026-10-06T15:39:16.900222Z,0.4200,126.10,no
2026-10-06T15:39:17.011349Z,0.4300,44.72,yes
2026-10-06T15:39:18.824366Z,0.4300,41.08,yes
2026-10-06T15:39:18.824366Z,0.4300,3.64,yes
2026-10-06T15:39:19.17663Z,0.4300,11.98,yes
2026-10-06T15:39:19.261062Z,0.4300,0.22,yes
2026-10-06T15:39:19.404755Z,0.4300,5.59,yes
2026-10-06T15:39:19.843903Z,0.4300,11.18,yes
2026-10-06T15:39:21.590421Z,0.4300,30.00,yes
2026-10-06T15:39:21.590421Z,0.4300,55.93,yes
2026-10-06T15:39:21.590421Z,0.4300,67.39,yes
2026-10-06T15:39:21.590421Z,0.4300,47.95,yes
2026-10-06T15:39:21.771214Z,0.4300,750.47,yes
2026-10-06T15:39:21.771214Z,0.4300,144.07,yes
2026-10-06T15:39:21.886348Z,0.4200,7.41,no
2026-10-06T15:39:22.455994Z,0.4300,38.41,yes
2026-10-06T15:39:22.455994Z,0.4300,149.53,yes
2026-10-06T15:39:22.455994Z,0.4300,5.00,yes
2026-10-06T15:39:22.455994Z,0.4300,53.05,yes
2026-10-06T15:39:23.588347Z,0.4300,11.18,yes
2026-10-06T15:39:23.852771Z,0.4300,223.63,yes
2026-10-06T15:39:25.107915Z,0.4200,36.77,no
2026-10-06T15:39:26.027488Z,0.4300,8.27,yes
2026-10-06T15:39:26.861468Z,0.4200,26.26,no
2026-10-06T15:39:27.918927Z,0.4300,11.18,yes
2026-10-06T15:39:28.51023Z,0.4200,224.00,no
2026-10-06T15:39:28.870614Z,0.4200,41.26,no
2026-10-06T15:39:28.940625Z,0.4200,614.77,no
2026-10-06T15:39:28.951593Z,0.4300,58.14,yes
2026-10-06T15:39:30.637545Z,0.4200,1.79,no
2026-10-06T15:39:31.319424Z,0.4300,111.81,yes
2026-10-06T15:39:31.700708Z,0.4300,73.79,yes
2026-10-06T15:39:31.70411Z,0.4300,67.09,yes
2026-10-06T15:39:31.894114Z,0.4200,8.55,no
2026-10-06T15:39:32.356799Z,0.4300,111.81,yes
2026-10-06T15:39:33.594206Z,0.4300,91.26,yes
2026-10-06T15:39:34.105629Z,0.4300,2.23,yes
2026-10-06T15:39:35.365355Z,0.4200,245.90,no
2026-10-06T15:39:36.717113Z,0.4200,36.88,no
2026-10-06T15:39:36.9664Z,0.4300,2.34,yes
2026-10-06T15:39:36.9664Z,0.4300,176.56,yes
2026-10-06T15:39:37.126919Z,0.4300,177.00,yes
2026-10-06T15:39:37.378138Z,0.4300,111.81,yes
2026-10-06T15:39:37.626612Z,0.4300,69.32,yes
2026-10-06T15:39:37.955816Z,0.4200,55.93,no
2026-10-06T15:39:38.413994Z,0.4200,5.25,no
2026-10-06T15:39:39.254732Z,0.4300,16.21,yes
2026-10-06T15:39:40.051642Z,0.4300,54.20,yes
2026-10-06T15:39:40.102769Z,0.4200,20.93,no
2026-10-06T15:39:40.380762Z,0.4200,63.50,no
2026-10-06T15:39:40.702475Z,0.4300,4.47,yes
2026-10-06T15:39:41.074424Z,0.4300,42.26,yes
2026-10-06T15:39:41.229591Z,0.4300,11.18,yes
2026-10-06T15:39:41.294744Z,0.4300,10.19,yes
2026-10-06T15:39:41.320809Z,0.4200,384.62,no
2026-10-06T15:39:42.6398Z,0.4200,2.23,no
2026-10-06T15:39:43.517357Z,0.4300,44.72,yes
2026-10-06T15:39:44.054334Z,0.4300,447.27,yes
2026-10-06T15:39:44.062562Z,0.4300,3.13,yes
2026-10-06T15:39:45.730382Z,0.4300,71.56,yes
2026-10-06T15:39:45.745407Z,0.4300,22.36,yes
2026-10-06T15:39:45.867375Z,0.4300,44.72,yes
2026-10-06T15:39:46.681937Z,0.4300,827.26,yes
2026-10-06T15:39:46.681937Z,0.4300,290.91,yes
2026-10-06T15:39:47.0348Z,0.4200,25.22,no
2026-10-06T15:39:47.065123Z,0.4300,111.81,yes
2026-10-06T15:39:47.40656Z,0.4300,17.89,yes
2026-10-06T15:39:47.48602Z,0.4300,111.81,yes
2026-10-06T15:39:47.737773Z,0.4300,223.63,yes
2026-10-06T15:39:51.034986Z,0.4300,223.63,yes
2026-10-06T15:39:51.337324Z,0.4200,2.23,no
2026-10-06T15:39:51.608291Z,0.4300,2.23,yes
2026-10-06T15:39:53.049647Z,0.4300,18.09,yes
2026-10-06T15:39:53.049647Z,0.4300,49.00,yes
2026-10-06T15:39:54.106918Z,0.4200,25.22,no
2026-10-06T15:39:54.385324Z,0.4200,89.23,no
2026-10-06T15:39:54.606461Z,0.4300,22.20,yes
2026-10-06T15:39:54.881545Z,0.4300,60.85,yes
2026-10-06T15:39:55.174522Z,0.4300,15.65,yes
2026-10-06T15:39:55.615593Z,0.4300,54.83,yes
2026-10-06T15:39:56.098791Z,0.4300,33.54,yes
2026-10-06T15:39:57.465528Z,0.4300,24.59,yes
2026-10-06T15:39:57.586087Z,0.4300,22.36,yes
2026-10-06T15:39:58.935235Z,0.4300,34.46,yes
2026-10-06T15:39:59.264819Z,0.4300,55.90,yes
2026-10-06T15:39:59.573024Z,0.4300,77.00,yes
2026-10-06T15:39:59.706202Z,0.4200,85.57,no
2026-10-06T15:39:59.745751Z,0.4300,11.18,yes
2026-10-06T15:39:59.757906Z,0.4200,1560.69,no
2026-10-06T15:40:00.347792Z,0.4200,170.58,no
2026-10-06T15:40:00.367118Z,0.4200,9.00,no
2026-10-06T15:40:00.400534Z,0.4200,15.69,no
2026-10-06T15:40:00.569514Z,0.4300,111.81,yes
2026-10-06T15:40:00.687034Z,0.4200,1.09,no
2026-10-06T15:40:02.307195Z,0.4300,87.21,yes
2026-10-06T15:40:02.928814Z,0.4300,22.36,yes
2026-10-06T15:40:03.151442Z,0.4300,18.64,yes
2026-10-06T15:40:03.151442Z,0.4300,3.72,yes
2026-10-06T15:40:03.315066Z,0.4300,46.28,yes
2026-10-06T15:40:03.315066Z,0.4300,170.72,yes
2026-10-06T15:40:03.898923Z,0.4300,22.36,yes
2026-10-06T15:40:05.467788Z,0.4300,1.92,yes
2026-10-06T15:40:05.467788Z,0.4300,20.44,yes
2026-10-06T15:40:05.594194Z,0.4300,26.18,yes
2026-10-06T15:40:05.594194Z,0.4300,179.56,yes
2026-10-06T15:40:05.85524Z,0.4300,5.00,yes
2026-10-06T15:40:05.85524Z,0.4300,10.82,yes
2026-10-06T15:40:05.85524Z,0.4300,46.79,yes
2026-10-06T15:40:06.926934Z,0.4300,5.00,yes
2026-10-06T15:40:06.926934Z,0.4300,5.00,yes
2026-10-06T15:40:06.926934Z,0.4300,49.57,yes
2026-10-06T15:40:07.767729Z,0.4300,11.18,yes
2026-10-06T15:40:09.309642Z,0.4300,39.25,yes
2026-10-06T15:40:09.309642Z,0.4300,5.00,yes
2026-10-06T15:40:09.309642Z,0.4300,25.34,yes
2026-10-06T15:40:09.309642Z,0.4300,78.00,yes
2026-10-06T15:40:10.091859Z,0.4200,0.10,no
2026-10-06T15:40:10.091859Z,0.4200,416.59,no
2026-10-06T15:40:10.091859Z,0.4200,1.00,no
2026-10-06T15:40:10.091859Z,0.4200,3.00,no
2026-10-06T15:40:10.091859Z,0.4200,79.00,no
2026-10-06T15:40:10.091859Z,0.4200,117.00,no
2026-10-06T15:40:10.091859Z,0.4200,12.53,no
2026-10-06T15:40:10.230365Z,0.4300,45.00,yes
2026-10-06T15:40:10.230365Z,0.4400,150.00,yes
2026-10-06T15:40:10.230365Z,0.4400,22.08,yes
2026-10-06T15:40:10.230365Z,0.4400,0.10,yes
2026-10-06T15:40:10.582291Z,0.4400,14.90,yes
2026-10-06T15:40:10.582291Z,0.4400,28.92,yes
2026-10-06T15:40:12.704896Z,0.4400,0.85,yes
2026-10-06T15:40:13.924143Z,0.4400,2.71,yes
2026-10-06T15:40:13.924143Z,0.4400,19.15,yes
2026-10-06T15:40:14.707374Z,0.4300,37.83,no
2026-10-06T15:40:15.366895Z,0.4300,33.68,no
2026-10-06T15:40:15.876016Z,0.4400,21.86,yes
2026-10-06T15:40:15.895124Z,0.4300,65.00,no
2026-10-06T15:40:15.895124Z,0.4300,5.00,no
2026-10-06T15:40:15.895124Z,0.4300,16.48,no
2026-10-06T15:40:15.895124Z,0.4300,1.00,no
2026-10-06T15:40:15.895124Z,0.4300,2.00,no
2026-10-06T15:40:15.895124Z,0.4300,63.00,no
2026-10-06T15:40:15.895124Z,0.4300,37.83,no
2026-10-06T15:40:15.895124Z,0.4300,189.00,no
2026-10-06T15:40:15.895124Z,0.4300,69.00,no
2026-10-06T15:40:15.895124Z,0.4300,100.00,no
2026-10-06T15:40:15.895124Z,0.4300,41.49,no
2026-10-06T15:40:15.895124Z,0.4300,28.69,no
2026-10-06T15:40:16.275268Z,0.4400,11.98,yes
2026-10-06T15:40:16.275268Z,0.4400,1.14,yes
2026-10-06T15:40:16.717586Z,0.4400,18.00,yes
2026-10-06T15:40:16.717586Z,0.4500,24.53,yes
2026-10-06T15:40:16.717586Z,0.4500,0.10,yes
2026-10-06T15:40:17.465137Z,0.4400,5.00,yes
2026-10-06T15:40:17.465137Z,0.4400,12.00,yes
2026-10-06T15:40:17.465137Z,0.4500,22.78,yes
2026-10-06T15:40:17.465137Z,0.4500,24.51,yes
2026-10-06T15:40:18.394265Z,0.4300,25.22,no
2026-10-06T15:40:18.644865Z,0.4500,2.29,yes
2026-10-06T15:40:18.644865Z,0.4400,50.00,yes
2026-10-06T15:40:18.644865Z,0.4500,12.41,yes
2026-10-06T15:40:18.644865Z,0.4400,11.00,yes
2026-10-06T15:40:18.644865Z,0.4500,31.22,yes
2026-10-06T15:40:18.986845Z,0.4300,113.00,no
2026-10-06T15:40:18.986845Z,0.4300,1.78,no
2026-10-06T15:40:18.986845Z,0.4300,51.00,no
2026-10-06T15:40:18.986845Z,0.4300,50.00,no
2026-10-06T15:40:19.26656Z,0.4400,5.00,yes
2026-10-06T15:40:19.26656Z,0.4400,14.63,yes
2026-10-06T15:40:19.26656Z,0.4400,69.00,yes
2026-10-06T15:40:19.26656Z,0.4400,8.00,yes
2026-10-06T15:40:19.26656Z,0.4400,17.00,yes
2026-10-06T15:40:19.360937Z,0.4400,13.12,yes
2026-10-06T15:40:19.516241Z,0.4300,1.00,no
2026-10-06T15:40:19.516241Z,0.4300,38.24,no
2026-10-06T15:40:19.547076Z,0.4400,6.51,yes
2026-10-06T15:40:20.207088Z,0.4300,1.00,no
2026-10-06T15:40:20.505119Z,0.4300,5.00,no
2026-10-06T15:40:20.505119Z,0.4300,73.76,no
2026-10-06T15:40:20.505119Z,0.4300,1.00,no
2026-10-06T15:40:20.505119Z,0.4300,22.74,no
2026-10-06T15:40:20.505119Z,0.4300,2.00,no
2026-10-06T15:40:20.505119Z,0.4300,12.00,no
2026-10-06T15:40:20.505119Z,0.4300,38.24,no
2026-10-06T15:40:20.517986Z,0.4400,64.47,yes
2026-10-06T15:40:20.517986Z,0.4400,9.49,yes
2026-10-06T15:40:20.517986Z,0.4300,39.00,yes
2026-10-06T15:40:22.186871Z,0.4200,45.47,no
2026-10-06T15:40:22.186871Z,0.4200,64.00,no
2026-10-06T15:40:22.186871Z,0.4200,5.00,no
2026-10-06T15:40:22.186871Z,0.4200,12.00,no
2026-10-06T15:40:22.186871Z,0.4200,117.00,no
2026-10-06T15:40:22.186871Z,0.4200,41.00,no
2026-10-06T15:40:22.186871Z,0.4200,2.36,no
2026-10-06T15:40:22.35215Z,0.4200,121.00,yes
2026-10-06T15:40:22.35215Z,0.4200,43.36,yes
2026-10-06T15:40:22.35215Z,0.4200,49.04,yes
2026-10-06T15:40:23.306885Z,0.4200,25.64,yes
2026-10-06T15:40:23.306885Z,0.4200,31.17,yes
2026-10-06T15:40:23.539489Z,0.4200,0.02,yes
2026-10-06T15:40:25.20077Z,0.4100,13.00,yes
2026-10-06T15:40:25.519316Z,0.4000,12.17,no
2026-10-06T15:40:25.70027Z,0.4100,2.34,yes
2026-10-06T15:40:26.141376Z,0.4100,33.72,yes
2026-10-06T15:40:26.141376Z,0.4100,12.18,yes
2026-10-06T15:40:26.26612Z,0.4000,85.53,no
2026-10-06T15:40:26.26612Z,0.4000,487.83,no
2026-10-06T15:40:28.402405Z,0.4100,11.71,yes
2026-10-06T15:40:28.630172Z,0.4100,16.39,yes
2026-10-06T15:40:28.727233Z,0.4100,116.00,yes
2026-10-06T15:40:29.134174Z,0.4100,28.10,yes
2026-10-06T15:40:30.676812Z,0.4100,468.45,yes
2026-10-06T15:40:30.706685Z,0.4100,23.42,yes
2026-10-06T15:40:30.90257Z,0.4100,184.00,yes
2026-10-06T15:40:30.90257Z,0.4100,347.64,yes
2026-10-06T15:40:30.90257Z,0.4100,262.00,yes
2026-10-06T15:40:30.90257Z,0.4100,129.56,yes
2026-10-06T15:40:30.90257Z,0.4100,10.00,yes
2026-10-06T15:40:30.980857Z,0.4100,23.42,yes
2026-10-06T15:40:32.059663Z,0.4100,46.84,yes
2026-10-06T15:40:32.405032Z,0.4100,24.39,yes
2026-10-06T15:40:33.258716Z,0.4100,40.99,yes
2026-10-06T15:40:33.423799Z,0.4100,116.00,yes
2026-10-06T15:40:33.743249Z,0.4000,414.47,no
2026-10-06T15:40:33.743249Z,0.3900,298.80,no
2026-10-06T15:40:33.743249Z,0.4000,1.00,no
2026-10-06T15:40:33.743249Z,0.4000,1.00,no
2026-10-06T15:40:33.743249Z,0.4000,32.00,no
2026-10-06T15:40:33.743249Z,0.4000,1.00,no
2026-10-06T15:40:33.743249Z,0.4000,0.02,no
2026-10-06T15:40:33.743249Z,0.4000,0.10,no
2026-10-06T15:40:34.410194Z,0.4000,41.00,yes
2026-10-06T15:40:34.410194Z,0.4000,28.39,yes
2026-10-06T15:40:34.410194Z,0.4000,4.42,yes
2026-10-06T15:40:34.410194Z,0.4000,49.22,yes
2026-10-06T15:40:34.410194Z,0.4000,30.35,yes
2026-10-06T15:40:36.598541Z,0.4000,10.19,yes
2026-10-06T15:40:37.21939Z,0.3900,4.19,no
2026-10-06T15:40:38.01072Z,0.3900,1.68,no
2026-10-06T15:40:38.107214Z,0.4000,23.00,yes
2026-10-06T15:40:38.107214Z,0.4000,1027.83,yes
2026-10-06T15:40:38.107214Z,0.4000,80.39,yes
2026-10-06T15:40:38.107214Z,0.4000,1000.00,yes
2026-10-06T15:40:38.107214Z,0.4000,61.00,yes
2026-10-06T15:40:38.107214Z,0.4000,160.00,yes
2026-10-06T15:40:38.107214Z,0.4000,47.00,yes
2026-10-06T15:40:38.131926Z,0.4000,1.41,yes
2026-10-06T15:40:38.39057Z,0.4000,191.93,yes
2026-10-06T15:40:38.483996Z,0.3900,80.00,no
2026-10-06T15:40:38.878993Z,0.4000,2.39,yes
2026-10-06T15:40:39.080117Z,0.4000,54.67,yes
2026-10-06T15:40:39.209908Z,0.4000,1.31,yes
2026-10-06T15:40:39.362922Z,0.4000,83.97,yes
2026-10-06T15:40:39.878633Z,0.4000,23.99,yes
2026-10-06T15:40:40.484025Z,0.4000,2.35,yes
2026-10-06T15:40:41.772536Z,0.4000,234.22,yes
2026-10-06T15:40:44.341526Z,0.3900,115.33,no
2026-10-06T15:40:44.341526Z,0.3900,144.88,no
2026-10-06T15:40:46.590225Z,0.4000,94.04,yes
2026-10-06T15:40:47.083473Z,0.4000,41.00,yes
2026-10-06T15:40:47.083473Z,0.4000,5.00,yes
2026-10-06T15:40:47.083473Z,0.4000,193.92,yes
2026-10-06T15:40:47.105343Z,0.3900,58.00,no
2026-10-06T15:40:47.301542Z,0.4000,5.03,yes
2026-10-06T15:40:48.385846Z,0.4000,0.47,yes
2026-10-06T15:40:49.287712Z,0.3900,297.12,no
2026-10-06T15:40:49.287712Z,0.3900,29.11,no
2026-10-06T15:40:49.287712Z,0.3900,49.22,no
2026-10-06T15:40:49.287712Z,0.3900,36.52,no
2026-10-06T15:40:49.287712Z,0.3900,100.00,no
2026-10-06T15:40:49.287712Z,0.3900,1.00,no
2026-10-06T15:40:49.287712Z,0.3900,26.00,no
2026-10-06T15:40:49.287712Z,0.3900,69.00,no
2026-10-06T15:40:49.287712Z,0.3900,1.00,no
2026-10-06T15:40:49.287712Z,0.3900,176.00,no
2026-10-06T15:40:49.435758Z,0.4000,23.99,yes
2026-10-06T15:40:49.567291Z,0.4000,479.84,yes
2026-10-06T15:40:50.065558Z,0.3900,10.48,no
2026-10-06T15:40:50.065558Z,0.3900,130.66,no
2026-10-06T15:40:50.744937Z,0.3900,20.00,no
2026-10-06T15:40:51.302865Z,0.4000,10.50,yes
2026-10-06T15:40:51.517367Z,0.4000,4.79,yes
2026-10-06T15:40:51.893832Z,0.4000,239.92,yes
2026-10-06T15:40:52.217599Z,0.4000,189.53,yes
2026-10-06T15:40:52.543409Z,0.4000,11.99,yes
2026-10-06T15:40:52.697316Z,0.3900,2.39,no
2026-10-06T15:40:52.702689Z,0.4000,294.00,yes
2026-10-06T15:40:53.072771Z,0.4000,11.99,yes
2026-10-06T15:40:53.365258Z,0.4000,7.19,yes
2026-10-06T15:40:53.769454Z,0.4000,2.39,yes
2026-10-06T15:40:54.35433Z,0.4000,11.92,yes
2026-10-06T15:40:55.055742Z,0.4000,239.92,yes
2026-10-06T15:40:55.33554Z,0.4000,3.33,yes
2026-10-06T15:40:55.780909Z,0.4000,0.33,yes
2026-10-06T15:40:56.354955Z,0.3900,1.00,no
2026-10-06T15:40:56.354955Z,0.3900,21.00,no
2026-10-06T15:40:56.354955Z,0.3900,15.00,no
2026-10-06T15:40:56.354955Z,0.3900,43.00,no
2026-10-06T15:40:56.354955Z,0.3800,24.45,no
2026-10-06T15:40:57.718315Z,0.3900,4.42,yes
2026-10-06T15:40:57.722907Z,0.3900,17.21,yes
2026-10-06T15:40:58.019071Z,0.3900,8.82,yes
2026-10-06T15:40:58.044692Z,0.3900,1.37,yes
2026-10-06T15:40:58.044692Z,0.3900,19.10,yes
2026-10-06T15:40:58.044692Z,0.3900,41.00,yes
2026-10-06T15:40:58.533413Z,0.3900,12.29,yes
2026-10-06T15:40:59.037158Z,0.3900,10.00,yes
2026-10-06T15:40:59.037158Z,0.3900,73.34,yes
2026-10-06T15:40:59.037158Z,0.3900,15.00,yes
2026-10-06T15:40:59.037158Z,0.3900,49.00,yes
2026-10-06T15:40:59.037158Z,0.3900,187.00,yes
2026-10-06T15:40:59.037158Z,0.3900,1.37,yes
2026-10-06T15:40:59.037158Z,0.3900,12.29,yes
2026-10-06T15:40:59.037158Z,0.3900,49.30,yes
2026-10-06T15:40:59.037158Z,0.3900,41.00,yes
2026-10-06T15:40:59.037158Z,0.4000,704.79,yes
2026-10-06T15:40:59.037158Z,0.3900,32.52,yes
2026-10-06T15:40:59.037158Z,0.3900,12.00,yes
2026-10-06T15:40:59.037158Z,0.3900,12.00,yes
2026-10-06T15:40:59.435541Z,0.3900,2.45,yes
2026-10-06T15:41:00.097167Z,0.3800,47.00,no
2026-10-06T15:41:00.097167Z,0.3800,1.45,no
2026-10-06T15:41:00.097167Z,0.3800,30.35,no
2026-10-06T15:41:00.805098Z,0.3800,8.35,no
2026-10-06T15:41:00.805098Z,0.3800,141.65,no
2026-10-06T15:41:01.293081Z,0.3900,36.88,yes
2026-10-06T15:41:01.610039Z,0.3900,26.01,yes
2026-10-06T15:41:01.610039Z,0.3900,9.97,yes
2026-10-06T15:41:02.108247Z,0.3900,166.93,yes
2026-10-06T15:41:02.108247Z,0.3900,60.99,yes
2026-10-06T15:41:02.108247Z,0.3900,12.00,yes
2026-10-06T15:41:03.196548Z,0.3800,90.98,no
2026-10-06T15:41:05.608411Z,0.3900,8.60,yes
2026-10-06T15:41:06.086455Z,0.3900,2.48,yes
2026-10-06T15:41:06.419064Z,0.3800,49.76,no
2026-10-06T15:41:06.563711Z,0.3900,12.39,yes
2026-10-06T15:41:06.563711Z,0.3900,29.92,yes
2026-10-06T15:41:06.563711Z,0.3900,5.00,yes
2026-10-06T15:41:07.547651Z,0.3900,7.00,yes
2026-10-06T15:41:07.547651Z,0.3900,37.16,yes
2026-10-06T15:41:07.547651Z,0.3900,87.00,yes
2026-10-06T15:41:07.547651Z,0.3900,12.00,yes
2026-10-06T15:41:07.547651Z,0.3900,0.97,yes
2026-10-06T15:41:07.547651Z,0.4000,1109.35,yes
2026-10-06T15:41:08.457841Z,0.3900,5.01,yes
2026-10-06T15:41:09.384618Z,0.3900,6.99,yes
2026-10-06T15:41:09.384618Z,0.3900,17.60,yes
2026-10-06T15:41:09.738934Z,0.3900,12.82,yes
2026-10-06T15:41:10.580413Z,0.3900,0.74,yes
2026-10-06T15:41:10.580413Z,0.3900,5.00,yes
2026-10-06T15:41:10.580413Z,0.4000,17.86,yes
2026-10-06T15:41:12.282734Z,0.4000,4.73,yes
2026-10-06T15:41:12.411759Z,0.4000,0.02,yes
2026-10-06T15:41:13.555433Z,0.3900,5.43,no
2026-10-06T15:41:13.874815Z,0.3900,24.58,no
2026-10-06T15:41:15.188361Z,0.3900,17.00,no
2026-10-06T15:41:15.188361Z,0.3900,0.86,no
2026-10-06T15:41:15.188361Z,0.3900,20.06,no
2026-10-06T15:41:15.644095Z,0.3900,10.00,no
2026-10-06T15:41:15.644095Z,0.3900,17.00,no
2026-10-06T15:41:15.644095Z,0.3900,1.00,no
2026-10-06T15:41:16.912792Z,0.4000,2.37,yes
2026-10-06T15:41:16.922929Z,0.4000,35.89,yes
2026-10-06T15:41:17.704079Z,0.4000,0.71,yes
2026-10-06T15:41:18.758334Z,0.4000,33.58,yes
2026-10-06T15:41:19.610971Z,0.3900,33.14,no
2026-10-06T15:41:19.663298Z,0.3900,31.39,no
2026-10-06T15:41:22.38787Z,0.4000,2.39,yes
2026-10-06T15:41:23.690889Z,0.3900,41.00,yes
2026-10-06T15:41:23.690889Z,0.3900,3.23,yes
2026-10-06T15:41:23.690889Z,0.3900,49.21,yes
2026-10-06T15:41:24.683645Z,0.3900,12.00,yes
2026-10-06T15:41:24.683645Z,0.3800,88.00,yes
2026-10-06T15:41:24.683645Z,0.3800,49.12,yes
2026-10-06T15:41:24.683645Z,0.3900,45.77,yes
2026-10-06T15:41:24.683645Z,0.3900,7.11,yes
2026-10-06T15:41:24.683645Z,0.3800,41.00,yes
2026-10-06T15:41:25.81229Z,0.3800,82.03,yes
2026-10-06T15:41:25.81229Z,0.3800,49.12,yes
2026-10-06T15:41:26.33598Z,0.3800,19.32,yes
2026-10-06T15:41:26.33598Z,0.3800,5.97,yes
2026-10-06T15:41:27.239264Z,0.3800,1000.00,yes
2026-10-06T15:41:27.239264Z,0.3800,12.00,yes
2026-10-06T15:41:27.239264Z,0.3800,30.68,yes
2026-10-06T15:41:27.239264Z,0.3800,114.97,yes
2026-10-06T15:41:27.676076Z,0.3800,8.21,yes
2026-10-06T15:41:27.708271Z,0.3800,23.99,yes
2026-10-06T15:41:28.018039Z,0.3800,531.06,yes
2026-10-06T15:41:28.018039Z,0.3800,26.83,yes
2026-10-06T15:41:28.917525Z,0.3700,19.19,no
2026-10-06T15:41:29.241932Z,0.3800,24.59,yes
2026-10-06T15:41:29.731146Z,0.3800,10.08,yes
2026-10-06T15:41:30.260604Z,0.3700,14.39,no
2026-10-06T15:41:30.312951Z,0.3800,3.00,yes
2026-10-06T15:41:30.749573Z,0.3800,30.26,yes
2026-10-06T15:41:32.673057Z,0.3800,1.31,yes
2026-10-06T15:41:33.575923Z,0.3800,401.01,yes
2026-10-06T15:41:35.391296Z,0.3700,2.53,no
2026-10-06T15:41:35.391296Z,0.3700,25.00,no
2026-10-06T15:41:35.391296Z,0.3700,1.00,no
2026-10-06T15:41:35.391296Z,0.3700,13.42,no
2026-10-06T15:41:35.391296Z,0.3700,49.12,no
2026-10-06T15:41:35.391296Z,0.3700,13.00,no
2026-10-06T15:41:35.391296Z,0.3700,1.00,no
2026-10-06T15:41:36.199694Z,0.3700,4.11,yes
2026-10-06T15:41:36.865631Z,0.3700,12.73,yes
2026-10-06T15:41:37.237077Z,0.3600,29.43,no
2026-10-06T15:41:38.102051Z,0.3700,5.17,yes
2026-10-06T15:41:38.712898Z,0.3700,12.94,yes
2026-10-06T15:41:39.119442Z,0.3700,10.43,yes
2026-10-06T15:41:39.276276Z,0.3700,2.97,yes
2026-10-06T15:41:39.276276Z,0.3700,24.55,yes
2026-10-06T15:41:39.276276Z,0.3700,50.13,yes
2026-10-06T15:41:39.340609Z,0.3700,258.85,yes
2026-10-06T15:41:39.37021Z,0.3700,77.08,yes
2026-10-06T15:41:39.605639Z,0.3700,17.00,yes
2026-10-06T15:41:41.172426Z,0.3700,51.77,yes
2026-10-06T15:41:43.112771Z,0.3700,64.71,yes
2026-10-06T15:41:44.260042Z,0.3700,238.14,yes
2026-10-06T15:41:44.790506Z,0.3700,0.36,yes
2026-10-06T15:41:45.007355Z,0.3700,5.17,yes
2026-10-06T15:41:45.505207Z,0.3600,157.85,no
2026-10-06T15:41:45.926261Z,0.3700,5.00,yes
2026-10-06T15:41:46.097782Z,0.3700,49.18,yes
2026-10-06T15:41:47.112877Z,0.3700,18.11,yes
2026-10-06T15:41:48.294786Z,0.3700,15.35,yes
2026-10-06T15:41:48.677555Z,0.3700,0.05,yes
2026-10-06T15:41:49.187968Z,0.3700,129.42,yes
2026-10-06T15:41:49.477757Z,0.3700,12.19,yes
2026-10-06T15:41:49.565297Z,0.3700,2.58,yes
2026-10-06T15:41:49.767295Z,0.3700,12.94,yes
2026-10-06T15:41:49.802566Z,0.3700,25.00,yes
2026-10-06T15:41:49.802566Z,0.3700,91.13,yes
2026-10-06T15:41:49.802566Z,0.3700,13.29,yes
2026-10-06T15:41:50.081802Z,0.3700,100.00,yes
2026-10-06T15:41:50.902898Z,0.3700,25.88,yes
2026-10-06T15:41:50.990603Z,0.3700,0.05,yes
2026-10-06T15:41:51.321173Z,0.3600,210.05,no
2026-10-06T15:41:51.321173Z,0.3600,0.10,no
2026-10-06T15:41:52.264209Z,0.3700,41.41,yes
2026-10-06T15:41:52.685966Z,0.3700,25.88,yes
2026-10-06T15:41:53.495582Z,0.3700,0.41,yes
2026-10-06T15:41:54.125469Z,0.3700,51.77,yes
2026-10-06T15:41:54.286156Z,0.3700,51.77,yes
2026-10-06T15:41:55.784455Z,0.3600,47.00,no
2026-10-06T15:41:55.784455Z,0.3600,1.00,no
2026-10-06T15:41:55.784455Z,0.3600,48.20,no
2026-10-06T15:41:55.784455Z,0.3600,0.35,no
2026-10-06T15:41:55.784455Z,0.3600,27.00,no
2026-10-06T15:41:55.784455Z,0.3600,1.00,no
2026-10-06T15:41:55.784455Z,0.3600,11.00,no
2026-10-06T15:41:55.784455Z,0.3500,30.00,no
2026-10-06T15:41:55.784455Z,0.3500,10.00,no
2026-10-06T15:41:55.784455Z,0.3500,55.83,no
2026-10-06T15:41:55.784455Z,0.3500,25.00,no
2026-10-06T15:41:56.639648Z,0.3500,39.24,no
2026-10-06T15:41:57.065872Z,0.3500,191.93,no
2026-10-06T15:41:57.451227Z,0.3600,13.35,yes
2026-10-06T15:41:57.451227Z,0.3600,49.06,yes
2026-10-06T15:41:57.451227Z,0.3600,30.00,yes
2026-10-06T15:41:58.975565Z,0.3600,23.00,yes
2026-10-06T15:41:58.975565Z,0.3700,39.78,yes
2026-10-06T15:41:58.975565Z,0.3600,20.00,yes
2026-10-06T15:41:58.975565Z,0.3600,49.06,yes
2026-10-06T15:42:00.252013Z,0.3700,16.05,yes
2026-10-06T15:42:00.252013Z,0.3600,49.08,yes
2026-10-06T15:42:00.603534Z,0.3600,49.06,no
2026-10-06T15:42:00.603534Z,0.3600,20.87,no
2026-10-06T15:42:04.290855Z,0.3600,49.08,yes
2026-10-06T15:42:04.290855Z,0.3700,85.16,yes
2026-10-06T15:42:05.371013Z,0.3700,20.70,yes
2026-10-06T15:42:05.443241Z,0.3700,25.88,yes
2026-10-06T15:42:05.614121Z,0.3700,38.82,yes
2026-10-06T15:42:06.403438Z,0.3700,2385.31,yes
2026-10-06T15:42:06.403438Z,0.3700,114.69,yes
2026-10-06T15:42:07.489547Z,0.3600,34.08,no
2026-10-06T15:42:07.489547Z,0.3600,47.00,no
2026-10-06T15:42:07.489547Z,0.3600,49.08,no
2026-10-06T15:42:07.489547Z,0.3500,104.09,no
2026-10-06T15:42:08.106915Z,0.3600,2.69,yes
2026-10-06T15:42:08.106915Z,0.3600,49.08,yes
2026-10-06T15:42:08.173096Z,0.3500,111.25,no
2026-10-06T15:42:08.981622Z,0.3600,497.69,yes
2026-10-06T15:42:08.981622Z,0.3600,2.31,yes
2026-10-06T15:42:09.140405Z,0.3600,531.73,yes
2026-10-06T15:42:09.768961Z,0.3600,500.00,yes
2026-10-06T15:42:10.263813Z,0.3600,22.00,yes
2026-10-06T15:42:10.263813Z,0.3600,0.10,yes
2026-10-06T15:42:10.263813Z,0.3600,49.06,yes
2026-10-06T15:42:10.263813Z,0.3700,7.00,yes
2026-10-06T15:42:10.436676Z,0.3600,48.72,no
2026-10-06T15:42:10.436676Z,0.3600,1.28,no
2026-10-06T15:42:10.446627Z,0.3600,14.82,no
2026-10-06T15:42:10.446627Z,0.3600,48.72,no
2026-10-06T15:42:10.446627Z,0.3600,1.00,no
2026-10-06T15:42:10.446627Z,0.3600,8.00,no
2026-10-06T15:42:11.605425Z,0.3600,13.29,yes
2026-10-06T15:42:11.620102Z,0.3600,265.86,yes
2026-10-06T15:42:12.064423Z,0.3600,23.34,yes
2026-10-06T15:42:13.504485Z,0.3600,53.17,yes
2026-10-06T15:42:13.604383Z,0.3600,31.90,yes
2026-10-06T15:42:15.659299Z,0.3600,34.55,yes
2026-10-06T15:42:15.798758Z,0.3500,42.78,no
2026-10-06T15:42:15.81845Z,0.3500,7.25,no
2026-10-06T15:42:16.23451Z,0.3500,17.19,no
2026-10-06T15:42:16.455057Z,0.3600,106.34,yes
2026-10-06T15:42:16.689058Z,0.3600,53.17,yes
2026-10-06T15:42:17.716689Z,0.3500,39.14,no
2026-10-06T15:42:17.716689Z,0.3500,0.10,no
2026-10-06T15:42:18.136248Z,0.3600,2.65,yes
2026-10-06T15:42:18.239119Z,0.3500,23.07,no
2026-10-06T15:42:18.421681Z,0.3500,49.02,no
2026-10-06T15:42:18.421681Z,0.3500,62.79,no
2026-10-06T15:42:18.683275Z,0.3600,10.63,yes
2026-10-06T15:42:19.89316Z,0.3600,10.63,yes
2026-10-06T15:42:20.258584Z,0.3600,2.28,yes
2026-10-06T15:42:20.337715Z,0.3500,28.00,no
2026-10-06T15:42:20.337904Z,0.3600,356.26,yes
2026-10-06T15:42:20.535829Z,0.3600,30.12,yes
2026-10-06T15:42:21.255512Z,0.3600,5.31,yes
2026-10-06T15:42:21.369799Z,0.3600,12.94,yes
2026-10-06T15:42:22.143373Z,0.3600,13.29,yes
2026-10-06T15:42:22.253195Z,0.3500,0.36,no
2026-10-06T15:42:22.471009Z,0.3500,539.69,no
2026-10-06T15:42:23.602507Z,0.3600,13.88,yes
2026-10-06T15:42:23.833532Z,0.3500,50.28,no
2026-10-06T15:42:24.450183Z,0.3500,294.22,no
2026-10-06T15:42:25.080801Z,0.3600,15.95,yes
2026-10-06T15:42:25.150584Z,0.3500,2.16,no
2026-10-06T15:42:25.555427Z,0.3600,82.41,yes
2026-10-06T15:42:25.688129Z,0.3500,10.00,no
2026-10-06T15:42:25.688129Z,0.3500,326.86,no
2026-10-06T15:42:25.722413Z,0.3600,23.92,yes
2026-10-06T15:42:25.992841Z,0.3600,26.58,yes
2026-10-06T15:42:26.451157Z,0.3500,38.82,no
2026-10-06T15:42:26.852675Z,0.3500,7.37,no
2026-10-06T15:42:27.208758Z,0.3600,13.29,yes
2026-10-06T15:42:27.272171Z,0.3500,17.11,no
2026-10-06T15:42:27.272171Z,0.3500,46.00,no
2026-10-06T15:42:27.272171Z,0.3500,1.00,no
2026-10-06T15:42:27.272171Z,0.3500,7.00,no
2026-10-06T15:42:27.272171Z,0.3500,126.95,no
2026-10-06T15:42:27.766575Z,0.3500,34.01,yes
2026-10-06T15:42:27.766575Z,0.3500,17.64,yes
2026-10-06T15:42:27.766575Z,0.3500,48.35,yes
2026-10-06T15:42:27.795029Z,0.3500,15.14,yes
2026-10-06T15:42:27.795029Z,0.3500,11.44,yes
2026-10-06T15:42:29.5516Z,0.3400,42.26,no
2026-10-06T15:42:29.578896Z,0.3500,25.86,yes
2026-10-06T15:42:29.578896Z,0.3500,18.68,yes
2026-10-06T15:42:29.578896Z,0.3500,37.47,yes
2026-10-06T15:42:31.497602Z,0.3500,36.51,yes
2026-10-06T15:42:31.497602Z,0.3500,28.78,yes
2026-10-06T15:42:31.497602Z,0.3500,186.00,yes
2026-10-06T15:42:31.497602Z,0.3500,10.88,yes
2026-10-06T15:42:31.497602Z,0.3500,173.74,yes
2026-10-06T15:42:31.497602Z,0.3500,15.00,yes
2026-10-06T15:42:31.719479Z,0.3500,1.47,yes
2026-10-06T15:42:32.317334Z,0.3500,68.32,yes
2026-10-06T15:42:33.026993Z,0.3500,132.93,yes
2026-10-06T15:42:33.087557Z,0.3500,546.56,yes
2026-10-06T15:42:33.955291Z,0.3400,5.00,no
2026-10-06T15:42:33.955291Z,0.3400,0.10,no
2026-10-06T15:42:33.955291Z,0.3400,418.16,no
2026-10-06T15:42:33.955291Z,0.3400,47.74,no
2026-10-06T15:42:34.366793Z,0.3500,5.46,yes
2026-10-06T15:42:34.861974Z,0.3500,27.32,yes
2026-10-06T15:42:34.97886Z,0.3400,399.26,no
2026-10-06T15:42:34.97886Z,0.3400,581.84,no
2026-10-06T15:42:36.09072Z,0.3400,23.54,no
2026-10-06T15:42:36.435586Z,0.3500,13.66,yes
2026-10-06T15:42:36.569433Z,0.3400,590.29,no
2026-10-06T15:42:38.357842Z,0.3500,87.00,yes
2026-10-06T15:42:38.357842Z,0.3500,432.73,yes
2026-10-06T15:42:38.357842Z,0.3500,12.00,yes
2026-10-06T15:42:38.544887Z,0.3500,136.58,yes
2026-10-06T15:42:39.490039Z,0.3400,248.98,no
2026-10-06T15:42:39.490039Z,0.3400,47.00,no
2026-10-06T15:42:40.055303Z,0.3500,13.66,yes
2026-10-06T15:42:41.837953Z,0.3500,54.65,yes
2026-10-06T15:42:42.47261Z,0.3500,76.51,yes
2026-10-06T15:42:44.12669Z,0.3500,30.06,yes
2026-10-06T15:42:44.19825Z,0.3500,273.28,yes
2026-10-06T15:42:44.289188Z,0.3400,169.00,no
2026-10-06T15:42:44.289188Z,0.3400,166.67,no
2026-10-06T15:42:44.595361Z,0.3500,163.96,yes
2026-10-06T15:42:44.63942Z,0.3500,68.32,yes
2026-10-06T15:42:44.641934Z,0.3500,5.90,yes
2026-10-06T15:42:44.74917Z,0.3400,4.51,no
2026-10-06T15:42:45.043421Z,0.3500,27.32,yes
2026-10-06T15:42:45.759641Z,0.3500,53.56,yes
2026-10-06T15:42:46.169682Z,0.3400,180.00,no
2026-10-06T15:42:46.973816Z,0.3500,101.11,yes
2026-10-06T15:42:47.246888Z,0.3500,21.86,yes
2026-10-06T15:42:47.281644Z,0.3500,2.73,yes
2026-10-06T15:42:49.201253Z,0.3500,40.99,yes
2026-10-06T15:42:50.328677Z,0.3500,18.03,yes
2026-10-06T15:42:52.374358Z,0.3400,53.51,no
2026-10-06T15:42:53.286647Z,0.3500,136.64,yes
2026-10-06T15:42:53.489841Z,0.3500,8.19,yes
2026-10-06T15:42:54.557731Z,0.3400,25.22,no
2026-10-06T15:42:55.40163Z,0.3500,2.73,yes
2026-10-06T15:42:55.466755Z,0.3500,68.32,yes
2026-10-06T15:42:57.279774Z,0.3500,13.66,yes
2026-10-06T15:42:57.573562Z,0.3500,27.32,yes
2026-10-06T15:42:57.665842Z,0.3500,136.64,yes
2026-10-06T15:42:58.89802Z,0.3500,0.81,yes
2026-10-06T15:42:59.003647Z,0.3400,25.67,no
2026-10-06T15:42:59.027307Z,0.3400,90.80,no
2026-10-06T15:42:59.027307Z,0.3400,538.42,no
2026-10-06T15:42:59.114595Z,0.3500,54.65,yes
2026-10-06T15:43:01.145474Z,0.3500,2.73,yes
2026-10-06T15:43:01.322707Z,0.3500,95.07,yes
2026-10-06T15:43:02.385291Z,0.3400,18.81,no
2026-10-06T15:43:03.384502Z,0.3500,27.32,yes
2026-10-06T15:43:04.407514Z,0.3500,40.99,yes
2026-10-06T15:43:04.662708Z,0.3400,33.58,no
2026-10-06T15:43:06.075396Z,0.3400,2626.98,no
2026-10-06T15:43:06.281535Z,0.3500,27.00,yes
2026-10-06T15:43:07.545031Z,0.3500,105.00,yes
2026-10-06T15:43:07.8057Z,0.3500,24.57,yes
2026-10-06T15:43:08.753058Z,0.3400,17.11,no
2026-10-06T15:43:09.737511Z,0.3500,5.46,yes
2026-10-06T15:43:10.235929Z,0.3400,31.46,no
2026-10-06T15:43:11.285459Z,0.3500,0.54,yes
2026-10-06T15:43:12.459302Z,0.3500,54.65,yes
2026-10-06T15:43:12.834296Z,0.3400,15.00,no
2026-10-06T15:43:12.834296Z,0.3400,12.77,no
2026-10-06T15:43:12.834296Z,0.3400,48.84,no
2026-10-06T15:43:12.834296Z,0.3400,26.35,no
2026-10-06T15:43:12.834296Z,0.3400,47.00,no
2026-10-06T15:43:12.834296Z,0.3400,0.10,no
2026-10-06T15:43:12.834296Z,0.3400,5.00,no
2026-10-06T15:43:12.834296Z,0.3400,1.00,no
2026-10-06T15:43:12.955609Z,0.3500,13.66,yes
2026-10-06T15:43:14.082369Z,0.3300,25.45,no
2026-10-06T15:43:14.082369Z,0.3300,33.93,no
2026-10-06T15:43:14.082369Z,0.3300,0.10,no
2026-10-06T15:43:15.453321Z,0.3400,48.84,yes
2026-10-06T15:43:15.453321Z,0.3400,7.38,yes
2026-10-06T15:43:15.528843Z,0.3300,22.33,no
2026-10-06T15:43:15.528843Z,0.3300,163.00,no
2026-10-06T15:43:15.528843Z,0.3300,13.07,no
2026-10-06T15:43:15.529857Z,0.3400,11.91,yes
2026-10-06T15:43:15.529857Z,0.3400,41.00,yes
2026-10-06T15:43:15.529857Z,0.3400,22.99,yes
2026-10-06T15:43:15.969434Z,0.3400,28.11,yes
2026-10-06T15:43:19.030201Z,0.3300,1.40,no
2026-10-06T15:43:19.758721Z,0.3300,4.00,no
2026-10-06T15:43:19.758721Z,0.3300,24.18,no
2026-10-06T15:43:19.758721Z,0.3300,24.60,no
2026-10-06T15:43:19.939857Z,0.3400,118.07,yes
2026-10-06T15:43:20.92906Z,0.3300,10.50,no
2026-10-06T15:43:21.864768Z,0.3400,2.91,yes
2026-10-06T15:43:21.864768Z,0.3400,4.11,yes
2026-10-06T15:43:21.970427Z,0.3400,5.62,yes
2026-10-06T15:43:22.190432Z,0.3400,50.00,yes
2026-10-06T15:43:22.317544Z,0.3300,48.28,no
2026-10-06T15:43:22.317544Z,0.3300,14.05,no
2026-10-06T15:43:22.317544Z,0.3300,12.32,no
2026-10-06T15:43:22.317544Z,0.3300,13.00,no
2026-10-06T15:43:22.317544Z,0.3300,18.16,no
2026-10-06T15:43:22.317544Z,0.3300,6.00,no
2026-10-06T15:43:23.30096Z,0.3300,7.32,no
2026-10-06T15:43:23.498931Z,0.3300,171.15,no
2026-10-06T15:43:24.421894Z,0.3400,0.19,yes
2026-10-06T15:43:24.622327Z,0.3300,364.70,no
2026-10-06T15:43:25.43888Z,0.3400,8.43,yes
2026-10-06T15:43:25.504069Z,0.3300,0.03,no
2026-10-06T15:43:25.504069Z,0.3300,15.00,no
2026-10-06T15:43:25.504069Z,0.3300,8.57,no
2026-10-06T15:43:25.504069Z,0.3300,4.00,no
2026-10-06T15:43:25.504069Z,0.3200,206.52,no
2026-10-06T15:43:25.504069Z,0.3200,0.10,no
2026-10-06T15:43:26.48194Z,0.3200,0.31,no
2026-10-06T15:43:27.391461Z,0.3300,9.30,yes
2026-10-06T15:43:27.391461Z,0.3300,48.59,yes
2026-10-06T15:43:29.643987Z,0.3300,2.73,yes
2026-10-06T15:43:31.57259Z,0.3300,5.21,yes
2026-10-06T15:43:31.635315Z,0.3300,9.95,yes
2026-10-06T15:43:31.635315Z,0.3300,48.59,yes
2026-10-06T15:43:31.635315Z,0.3300,30.00,yes
2026-10-06T15:43:31.635315Z,0.3300,12.76,yes
2026-10-06T15:43:33.093238Z,0.3300,132.95,yes
2026-10-06T15:43:33.093238Z,0.3300,152.05,yes
2026-10-06T15:43:33.44786Z,0.3300,28.94,yes
2026-10-06T15:43:34.690037Z,0.3200,16.79,no
2026-10-06T15:43:35.165669Z,0.3300,138.93,yes
2026-10-06T15:43:36.137077Z,0.3300,14.47,yes
2026-10-06T15:43:36.228572Z,0.3300,142.00,yes
2026-10-06T15:43:36.741937Z,0.3200,9.40,no
2026-10-06T15:43:36.828321Z,0.3300,2.87,yes
2026-10-06T15:43:39.304974Z,0.3300,3.79,yes
2026-10-06T15:43:39.464621Z,0.3300,28.94,yes
2026-10-06T15:43:40.87585Z,0.3200,4.84,no
2026-10-06T15:43:40.87585Z,0.3200,3.00,no
2026-10-06T15:43:41.345435Z,0.3300,8.68,yes
2026-10-06T15:43:42.711512Z,0.3300,72.36,yes
2026-10-06T15:43:43.431292Z,0.3200,16.88,no
2026-10-06T15:43:44.355877Z,0.3300,14.47,yes
2026-10-06T15:43:44.427148Z,0.3200,33.54,no
2026-10-06T15:43:44.427148Z,0.3200,25.28,no
2026-10-06T15:43:45.4925Z,0.3300,28.94,yes
2026-10-06T15:43:45.942706Z,0.3300,10.01,yes
2026-10-06T15:43:46.398362Z,0.3300,28.94,yes
2026-10-06T15:43:46.415046Z,0.3200,15.00,no
2026-10-06T15:43:46.415046Z,0.3200,13.75,no
2026-10-06T15:43:46.415046Z,0.3200,2.00,no
2026-10-06T15:43:46.415046Z,0.3200,15.01,no
2026-10-06T15:43:47.44982Z,0.3300,5.78,yes
2026-10-06T15:43:49.345598Z,0.3200,25.67,no
2026-10-06T15:43:49.543053Z,0.3300,14.47,yes
2026-10-06T15:43:50.179763Z,0.3300,101.30,yes
2026-10-06T15:43:50.247605Z,0.3200,22.53,no
2026-10-06T15:43:50.247605Z,0.3200,2.00,no
2026-10-06T15:43:50.247605Z,0.3200,0.10,no
2026-10-06T15:43:50.247605Z,0.3200,11.30,no
2026-10-06T15:43:50.247605Z,0.3200,0.32,no
2026-10-06T15:43:50.638533Z,0.3200,114.27,no
2026-10-06T15:43:51.761728Z,0.3300,50.00,yes
2026-10-06T15:43:53.662161Z,0.3300,28.94,yes
2026-10-06T15:43:54.121536Z,0.3200,54.69,no
2026-10-06T15:43:54.358375Z,0.3200,1.00,no
2026-10-06T15:43:54.358375Z,0.3200,14.31,no
2026-10-06T15:43:56.65769Z,0.3200,14.91,yes
2026-10-06T15:43:56.695447Z,0.3200,5.96,yes
2026-10-06T15:43:57.56147Z,0.3200,14.91,yes
2026-10-06T15:43:57.865723Z,0.3200,12.00,yes
2026-10-06T15:43:57.865723Z,0.3200,165.00,yes
2026-10-06T15:43:57.865723Z,0.3200,48.91,yes
2026-10-06T15:43:57.865723Z,0.3200,15.56,yes
2026-10-06T15:43:57.865723Z,0.3200,47.98,yes
2026-10-06T15:43:58.243173Z,0.3100,14.72,no
2026-10-06T15:43:59.576037Z,0.3200,409.56,yes
2026-10-06T15:43:59.576037Z,0.3200,20.00,yes
2026-10-06T15:43:59.576037Z,0.3200,84.44,yes
2026-10-06T15:43:59.576037Z,0.3200,41.00,yes
2026-10-06T15:43:59.576037Z,0.3200,7.00,yes
2026-10-06T15:44:01.989754Z,0.3100,1.00,no
2026-10-06T15:44:01.989754Z,0.3100,26.05,no
2026-10-06T15:44:02.011202Z,0.3200,14.91,yes
2026-10-06T15:44:02.117534Z,0.3200,29.83,yes
2026-10-06T15:44:02.125313Z,0.3200,144.72,yes
2026-10-06T15:44:02.143509Z,0.3200,29.83,yes
2026-10-06T15:44:02.209979Z,0.3100,8.94,yes
2026-10-06T15:44:02.462658Z,0.3000,33.68,no
2026-10-06T15:44:02.462758Z,0.3000,56.43,no
2026-10-06T15:44:02.752923Z,0.3000,0.10,no
2026-10-06T15:44:02.752923Z,0.3000,620.88,no
2026-10-06T15:44:02.752923Z,0.3000,45.32,no
2026-10-06T15:44:02.752923Z,0.3000,909.89,no
2026-10-06T15:44:03.334249Z,0.3100,9.71,yes
2026-10-06T15:44:03.334249Z,0.3100,21.06,yes
2026-10-06T15:44:03.520708Z,0.3100,37.94,yes
2026-10-06T15:44:03.520708Z,0.3100,28.76,yes
2026-10-06T15:44:03.520708Z,0.3100,5.22,yes
2026-10-06T15:44:03.520708Z,0.3100,5.00,yes
2026-10-06T15:44:04.915535Z,0.3000,213.94,no
2026-10-06T15:44:05.906836Z,0.3000,180.08,no
2026-10-06T15:44:06.116695Z,0.3000,50.00,no
2026-10-06T15:44:06.199486Z,0.3100,6.15,yes
2026-10-06T15:44:07.223491Z,0.3100,18.63,yes
2026-10-06T15:44:07.223491Z,0.3100,42.91,yes
2026-10-06T15:44:07.574978Z,0.3100,30.77,yes
2026-10-06T15:44:07.979956Z,0.3100,3.54,yes
2026-10-06T15:44:07.979956Z,0.3100,0.46,yes
2026-10-06T15:44:08.408529Z,0.3100,4.53,yes
2026-10-06T15:44:08.408529Z,0.3100,4.54,yes
2026-10-06T15:44:08.487511Z,0.3100,1.51,yes
2026-10-06T15:44:08.854223Z,0.3100,28.65,yes
2026-10-06T15:44:08.854223Z,0.3200,30.98,yes
2026-10-06T15:44:09.86643Z,0.3200,894.90,yes
2026-10-06T15:44:11.253262Z,0.3200,29.83,yes
2026-10-06T15:44:11.426032Z,0.3200,229.69,yes
2026-10-06T15:44:12.649389Z,0.3100,84.52,no
2026-10-06T15:44:12.649389Z,0.3100,47.83,no
2026-10-06T15:44:12.649389Z,0.3100,30.00,no
2026-10-06T15:44:12.766709Z,0.3200,58.00,yes
2026-10-06T15:44:12.789618Z,0.3200,59.66,yes
2026-10-06T15:44:13.266876Z,0.3200,61.39,yes
2026-10-06T15:44:13.74185Z,0.3200,14.91,yes
2026-10-06T15:44:13.774636Z,0.3200,74.57,yes
2026-10-06T15:44:13.869039Z,0.3100,32.97,no
2026-10-06T15:44:13.869039Z,0.3100,1.00,no
2026-10-06T15:44:13.869039Z,0.3100,50.00,no
2026-10-06T15:44:14.521626Z,0.3100,47.63,yes
2026-10-06T15:44:14.521626Z,0.3100,12.00,yes
2026-10-06T15:44:14.521626Z,0.3100,16.39,yes
2026-10-06T15:44:14.644703Z,0.3100,30.77,yes
2026-10-06T15:44:15.013501Z,0.3100,16.86,yes
2026-10-06T15:44:15.013501Z,0.3100,1.46,yes
2026-10-06T15:44:15.013501Z,0.3100,30.91,yes
2026-10-06T15:44:16.437318Z,0.3100,15.38,yes
2026-10-06T15:44:16.648688Z,0.3100,15.38,yes
2026-10-06T15:44:17.680717Z,0.3100,2.98,yes
2026-10-06T15:44:17.680717Z,0.3100,30.91,yes
2026-10-06T15:44:17.680717Z,0.3100,47.63,yes
2026-10-06T15:44:17.680717Z,0.3100,12.00,yes
2026-10-06T15:44:17.680717Z,0.3100,5.00,yes
2026-10-06T15:44:17.680717Z,0.3100,14.33,yes
2026-10-06T15:44:17.680717Z,0.3100,41.00,yes
2026-10-06T15:44:20.896276Z,0.3000,12.30,no
2026-10-06T15:44:22.004721Z,0.3100,6.15,yes
2026-10-06T15:44:22.124678Z,0.3100,76.00,yes
2026-10-06T15:44:22.124678Z,0.3100,5.85,yes
2026-10-06T15:44:22.124678Z,0.3100,9.15,yes
2026-10-06T15:44:22.21844Z,0.3100,3.07,yes
2026-10-06T15:44:23.284087Z,0.3000,589.03,no
2026-10-06T15:44:24.329327Z,0.3100,30.77,yes
2026-10-06T15:44:24.427386Z,0.3100,5.00,yes
2026-10-06T15:44:24.427386Z,0.3100,41.00,yes
2026-10-06T15:44:24.427386Z,0.3100,5.00,yes
2026-10-06T15:44:24.427386Z,0.3100,28.87,yes
2026-10-06T15:44:24.427386Z,0.3100,147.84,yes
2026-10-06T15:44:24.72987Z,0.3100,61.54,yes
2026-10-06T15:44:24.961068Z,0.3000,325.48,no
2026-10-06T15:44:28.322941Z,0.3100,30.77,yes
2026-10-06T15:44:28.738064Z,0.3100,15.38,yes
2026-10-06T15:44:28.97375Z,0.3000,47.00,no
2026-10-06T15:44:28.97375Z,0.3000,1.00,no
2026-10-06T15:44:28.97375Z,0.3000,47.38,no
2026-10-06T15:44:28.97375Z,0.3000,16.43,no
2026-10-06T15:44:29.36765Z,0.3100,15.38,yes
2026-10-06T15:44:31.067495Z,0.3100,3.07,yes
2026-10-06T15:44:31.135857Z,0.3100,3.07,yes
2026-10-06T15:44:31.292564Z,0.3100,3.07,yes
2026-10-06T15:44:32.91413Z,0.3100,135.39,yes
2026-10-06T15:44:33.044699Z,0.3100,3.07,yes
2026-10-06T15:44:33.558505Z,0.2900,17.91,no
2026-10-06T15:44:33.579945Z,0.3000,30.77,yes
2026-10-06T15:44:35.298175Z,0.2900,21.86,no
2026-10-06T15:44:35.795773Z,0.2900,4.11,no
2026-10-06T15:44:35.998241Z,0.3000,6.35,yes
2026-10-06T15:44:36.279763Z,0.3000,10.81,yes
2026-10-06T15:44:36.279763Z,0.3000,5.07,yes
2026-10-06T15:44:36.842653Z,0.2900,110.02,no
2026-10-06T15:44:36.911994Z,0.3000,7.94,yes
2026-10-06T15:44:37.06155Z,0.2900,108.23,no
2026-10-06T15:44:37.075963Z,0.2900,71.13,no
2026-10-06T15:44:37.089833Z,0.2900,46.83,no
2026-10-06T15:44:37.106497Z,0.2900,31.65,no
2026-10-06T15:44:37.121172Z,0.2900,21.59,no
2026-10-06T15:44:37.136512Z,0.2900,14.05,no
2026-10-06T15:44:37.523737Z,0.3000,24.48,yes
2026-10-06T15:44:37.523737Z,0.3000,10.00,yes
2026-10-06T15:44:37.523737Z,0.3000,27.97,yes
2026-10-06T15:44:37.523737Z,0.3000,16.99,yes
2026-10-06T15:44:37.899376Z,0.2900,33.96,no
2026-10-06T15:44:37.918177Z,0.2900,89.73,no
2026-10-06T15:44:38.049217Z,0.3000,54.52,yes
2026-10-06T15:44:38.049217Z,0.3000,12.92,yes
2026-10-06T15:44:38.049217Z,0.3000,12.00,yes
2026-10-06T15:44:38.220059Z,0.3000,1.86,yes
2026-10-06T15:44:38.220059Z,0.3000,11.59,yes
2026-10-06T15:44:38.220059Z,0.3000,34.21,yes
2026-10-06T15:44:38.224181Z,0.2900,164.02,no
2026-10-06T15:44:38.379651Z,0.2900,52.91,no
2026-10-06T15:44:38.379651Z,0.2900,77.95,no
2026-10-06T15:44:39.089377Z,0.2700,75.00,no
2026-10-06T15:44:39.089377Z,0.2800,220.00,no
2026-10-06T15:44:39.089377Z,0.2900,148.00,no
2026-10-06T15:44:39.089377Z,0.2900,166.00,no
2026-10-06T15:44:39.089377Z,0.2700,10.00,no
2026-10-06T15:44:39.089377Z,0.2700,46.97,no
2026-10-06T15:44:39.089377Z,0.2900,6.98,no
2026-10-06T15:44:39.089377Z,0.2900,1.00,no
2026-10-06T15:44:39.089377Z,0.2700,26.38,no
2026-10-06T15:44:39.089377Z,0.2800,144.19,no
2026-10-06T15:44:39.089377Z,0.2700,75.00,no
2026-10-06T15:44:39.089377Z,0.2900,664.00,no
2026-10-06T15:44:39.089377Z,0.2900,685.05,no
2026-10-06T15:44:39.089377Z,0.2800,212.81,no
2026-10-06T15:44:39.089377Z,0.2800,15.00,no
2026-10-06T15:44:39.125157Z,0.2700,12.07,yes
2026-10-06T15:44:39.13508Z,0.2600,27.00,no
2026-10-06T15:44:39.13508Z,0.2600,125.00,no
2026-10-06T15:44:39.13508Z,0.2400,53.00,no
2026-10-06T15:44:39.13508Z,0.2400,200.00,no
2026-10-06T15:44:39.13508Z,0.2400,10.00,no
2026-10-06T15:44:39.13508Z,0.2300,90.00,no
2026-10-06T15:44:39.13508Z,0.2400,1.00,no
2026-10-06T15:44:39.147906Z,0.1900,20.00,no
2026-10-06T15:44:39.213607Z,0.1600,86.00,yes
2026-10-06T15:44:39.220389Z,0.1600,0.27,yes
2026-10-06T15:44:39.240187Z,0.2600,15.00,yes
2026-10-06T15:44:39.240187Z,0.2000,20.00,yes
2026-10-06T15:44:39.240187Z,0.2500,55.00,yes
2026-10-06T15:44:39.562803Z,0.2600,17.00,no
2026-10-06T15:44:39.562803Z,0.2600,14.00,no
2026-10-06T15:44:39.562803Z,0.2400,5.25,no
2026-10-06T15:44:39.582165Z,0.2600,165.39,yes
2026-10-06T15:44:39.606391Z,0.2500,68.96,yes
2026-10-06T15:44:39.630661Z,0.2500,0.95,yes
2026-10-06T15:44:39.630661Z,0.2500,26.04,yes
2026-10-06T15:44:39.653699Z,0.2500,1.65,yes
2026-10-06T15:44:39.653699Z,0.2500,11.05,yes
2026-10-06T15:44:39.678603Z,0.2500,0.73,yes
2026-10-06T15:44:39.678603Z,0.2500,12.00,yes
2026-10-06T15:44:39.692053Z,0.2500,11.52,yes
2026-10-06T15:44:39.692053Z,0.2500,1.50,yes
2026-10-06T15:44:39.71448Z,0.2500,10.34,yes
2026-10-06T15:44:40.089472Z,0.2200,48.00,no
2026-10-06T15:44:40.089472Z,0.2000,12.24,no
2026-10-06T15:44:40.114367Z,0.2200,8.00,no
2026-10-06T15:44:40.11643Z,0.2200,22.00,no
2026-10-06T15:44:40.134439Z,0.1900,24.00,no
2026-10-06T15:44:40.139114Z,0.1800,5.14,no
2026-10-06T15:44:40.139114Z,0.2000,6.86,no
2026-10-06T15:44:40.143682Z,0.1800,25.00,no
2026-10-06T15:44:40.160746Z,0.1800,20.00,no
2026-10-06T15:44:40.161878Z,0.1800,20.00,no
2026-10-06T15:44:40.19415Z,0.1700,8.35,no
2026-10-06T15:44:40.19415Z,0.1500,0.65,no
2026-10-06T15:44:40.19415Z,0.1500,1.00,no
2026-10-06T15:44:40.19415Z,0.1500,1.00,no
2026-10-06T15:44:40.19415Z,0.1500,15.00,no
2026-10-06T15:44:40.196272Z,0.1900,50.00,no
2026-10-06T15:44:40.311819Z,0.1800,2.00,no
2026-10-06T15:44:40.311819Z,0.1900,5.00,no
2026-10-06T15:44:40.311819Z,0.2000,12.00,no
2026-10-06T15:44:41.088089Z,0.1800,3.80,no
2026-10-06T15:44:41.088089Z,0.1900,5.00,no
2026-10-06T15:44:41.088089Z,0.1800,23.00,no
2026-10-06T15:44:41.088089Z,0.1800,48.35,no
2026-10-06T15:44:41.088089Z,0.1700,6.85,no
2026-10-06T15:44:41.096967Z,0.1900,5.00,no
2026-10-06T15:44:41.206074Z,0.1700,20.85,no
2026-10-06T15:44:41.206074Z,0.1800,17.00,no
2026-10-06T15:44:41.206074Z,0.1700,9.15,no
2026-10-06T15:44:41.969092Z,0.2000,9.02,yes
2026-10-06T15:44:42.076225Z,0.1800,7.00,no
2026-10-06T15:44:42.076393Z,0.1700,10.00,no
2026-10-06T15:44:42.076393Z,0.1700,4.00,no
2026-10-06T15:44:42.076393Z,0.1800,6.00,no
2026-10-06T15:44:42.18728Z,0.1800,11.00,no
2026-10-06T15:44:42.32232Z,0.1800,9.46,yes
2026-10-06T15:44:42.47864Z,0.1900,1.66,yes
2026-10-06T15:44:42.47864Z,0.1900,48.35,yes
2026-10-06T15:44:42.47864Z,0.1700,55.00,yes
2026-10-06T15:44:42.47864Z,0.2000,26.45,yes
2026-10-06T15:44:42.47864Z,0.1700,64.00,yes
2026-10-06T15:44:42.47864Z,0.1800,9.54,yes
2026-10-06T15:44:42.572647Z,0.1700,11.00,no
2026-10-06T15:44:42.958242Z,0.2000,2.00,yes
2026-10-06T15:44:42.958242Z,0.2000,46.00,yes
2026-10-06T15:44:42.958242Z,0.1900,99.00,yes
2026-10-06T15:44:42.958242Z,0.1900,25.00,yes
2026-10-06T15:44:42.958242Z,0.1900,12.00,yes
2026-10-06T15:44:42.958242Z,0.2000,25.00,yes
2026-10-06T15:44:42.958242Z,0.2000,20.00,yes
2026-10-06T15:44:43.086294Z,0.1700,28.00,no
2026-10-06T15:44:43.086294Z,0.1800,11.00,no
2026-10-06T15:44:43.086294Z,0.1700,11.00,no
2026-10-06T15:44:43.088904Z,0.1700,5.31,no
2026-10-06T15:44:43.095941Z,0.1700,24.00,no
2026-10-06T15:44:43.203304Z,0.1800,1.00,no
2026-10-06T15:44:43.250573Z,0.2000,0.09,yes
2026-10-06T15:44:43.999784Z,0.1800,13.00,no
2026-10-06T15:44:43.999784Z,0.1800,8.00,no
2026-10-06T15:44:43.999784Z,0.1700,18.00,no
2026-10-06T15:44:43.999784Z,0.1700,64.00,no
2026-10-06T15:44:44.100829Z,0.1600,9.90,no
2026-10-06T15:44:44.100829Z,0.1600,0.10,no
2026-10-06T15:44:44.153416Z,0.1700,28.00,yes
2026-10-06T15:44:44.361183Z,0.1500,28.00,no
2026-10-06T15:44:44.361183Z,0.1500,3.33,no
2026-10-06T15:44:44.52729Z,0.1500,85.57,no
2026-10-06T15:44:44.921637Z,0.1600,5.90,yes
2026-10-06T15:44:45.186723Z,0.1600,11.30,yes
2026-10-06T15:44:45.186723Z,0.1600,13.00,yes
2026-10-06T15:44:45.186723Z,0.1600,42.41,yes
2026-10-06T15:44:46.756237Z,0.1600,0.70,yes
2026-10-06T15:44:46.942158Z,0.1600,10.80,yes
2026-10-06T15:44:46.942158Z,0.1600,1.00,yes
2026-10-06T15:44:49.833141Z,0.1600,27.72,yes
2026-10-06T15:44:50.893048Z,0.1600,5.00,yes
2026-10-06T15:44:50.893048Z,0.1600,0.48,yes
2026-10-06T15:44:50.893048Z,0.1600,5.57,yes
2026-10-06T15:44:50.962231Z,0.1600,34.98,yes
2026-10-06T15:44:50.962231Z,0.1600,6.34,yes
2026-10-06T15:44:51.086046Z,0.1600,9.49,yes
2026-10-06T15:44:51.086046Z,0.1600,20.02,yes
2026-10-06T15:44:51.221919Z,0.1600,0.05,yes
2026-10-06T15:44:51.714516Z,0.1600,76.22,yes
2026-10-06T15:44:52.104084Z,0.1600,20.24,yes
2026-10-06T15:44:52.104084Z,0.1600,3.32,yes
2026-10-06T15:44:52.320285Z,0.1600,0.05,yes
2026-10-06T15:44:52.320285Z,0.1600,55.00,yes
2026-10-06T15:44:52.320285Z,0.1600,5.00,yes
2026-10-06T15:44:52.320285Z,0.1600,39.83,yes
2026-10-06T15:44:52.320285Z,0.1600,9.49,yes
2026-10-06T15:44:52.320285Z,0.1600,8.68,yes
2026-10-06T15:44:52.523248Z,0.1600,29.51,yes
2026-10-06T15:44:52.559599Z,0.1800,38.93,yes
2026-10-06T15:44:52.559599Z,0.1700,22.15,yes
2026-10-06T15:44:52.559599Z,0.1800,47.13,yes
2026-10-06T15:44:52.559599Z,0.1600,6.88,yes
2026-10-06T15:44:52.559599Z,0.1600,12.00,yes
2026-10-06T15:44:52.559599Z,0.1600,5.00,yes
2026-10-06T15:44:52.559599Z,0.1600,49.37,yes
2026-10-06T15:44:52.559599Z,0.1600,20.24,yes
2026-10-06T15:44:52.559599Z,0.1700,5.00,yes
2026-10-06T15:44:52.559599Z,0.1600,1.06,yes
2026-10-06T15:44:52.559599Z,0.1700,55.00,yes
2026-10-06T15:44:52.559599Z,0.1700,55.00,yes
2026-10-06T15:44:56.923308Z,0.1800,1.94,yes
2026-10-06T15:44:58.257084Z,0.1800,78.80,yes
2026-10-06T15:44:58.319015Z,0.1800,105.07,yes
2026-10-06T15:44:59.023078Z,0.1800,2.79,yes
2026-10-06T15:44:59.023078Z,0.1800,3.19,yes
2026-10-06T15:44:59.287282Z,0.1800,3.04,yes
2026-10-06T15:44:59.287282Z,0.1800,2.21,yes
2026-10-06T15:45:00.394554Z,0.1900,47.31,yes
2026-10-06T15:45:00.394554Z,0.1800,52.00,yes
2026-10-06T15:45:00.394554Z,0.1800,94.96,yes
2026-10-06T15:45:00.394554Z,0.1800,12.00,yes
2026-10-06T15:45:00.394554Z,0.1900,0.10,yes
2026-10-06T15:45:00.394554Z,0.1800,5.00,yes
2026-10-06T15:45:00.394554Z,0.1800,55.00,yes
2026-10-06T15:45:00.394554Z,0.1900,77.88,yes
2026-10-06T15:45:00.394554Z,0.1800,14.72,yes
2026-10-06T15:45:00.394554Z,0.1800,3.04,yes
2026-10-06T15:45:00.394554Z,0.1900,5.00,yes
2026-10-06T15:45:00.5992Z,0.1800,12.00,yes
2026-10-06T15:45:00.5992Z,0.1800,13.00,yes
2026-10-06T15:45:00.807735Z,0.1800,10.45,yes
2026-10-06T15:45:00.956222Z,0.1700,1.00,no
2026-10-06T15:45:00.956222Z,0.1600,16.00,no
2026-10-06T15:45:00.956222Z,0.1600,22.40,no
2026-10-06T15:45:00.956222Z,0.1500,3.71,no
2026-10-06T15:45:00.956222Z,0.1700,64.00,no
2026-10-06T15:45:00.956222Z,0.1700,39.00,no
2026-10-06T15:45:00.956222Z,0.1600,68.00,no
2026-10-06T15:45:00.956222Z,0.1700,4.58,no
2026-10-06T15:45:01.240369Z,0.1600,10.93,no
2026-10-06T15:45:01.379785Z,0.1600,39.00,no
2026-10-06T15:45:01.379785Z,0.1600,7.28,no
2026-10-06T15:45:01.379785Z,0.1600,21.07,no
2026-10-06T15:45:01.379785Z,0.1500,12.00,no
2026-10-06T15:45:01.379785Z,0.1500,21.29,no
2026-10-06T15:45:01.379785Z,0.1500,3.00,no
2026-10-06T15:45:01.379785Z,0.1400,5.31,no
2026-10-06T15:45:01.379785Z,0.1400,14.00,no
2026-10-06T15:45:01.436057Z,0.1700,6.00,yes
2026-10-06T15:45:01.521832Z,0.1700,6.00,yes
2026-10-06T15:45:02.938029Z,0.1700,6.00,yes
2026-10-06T15:45:02.938029Z,0.1800,46.53,yes
2026-10-06T15:45:03.053583Z,0.1800,2.73,yes
2026-10-06T15:45:03.191825Z,0.1800,2.73,yes
2026-10-06T15:45:03.191825Z,0.1800,12.00,yes
2026-10-06T15:45:03.191825Z,0.1800,46.53,yes
2026-10-06T15:45:03.191825Z,0.1800,5.00,yes
2026-10-06T15:45:03.191825Z,0.1800,16.03,yes
2026-10-06T15:45:03.191825Z,0.1800,5.00,yes
2026-10-06T15:45:03.191825Z,0.1800,52.00,yes
2026-10-06T15:45:03.191825Z,0.1800,13.00,yes
2026-10-06T15:45:03.191825Z,0.1800,25.29,yes
2026-10-06T15:45:03.191825Z,0.1900,3.66,yes
2026-10-06T15:45:03.191825Z,0.1800,10.45,yes
2026-10-06T15:45:03.191825Z,0.1800,55.00,yes
2026-10-06T15:45:03.580267Z,0.1600,39.00,no
2026-10-06T15:45:03.580267Z,0.1600,16.00,no
2026-10-06T15:45:03.580267Z,0.1600,32.21,no
2026-10-06T15:45:03.652479Z,0.1600,27.03,no
2026-10-06T15:45:03.652479Z,0.1700,9.65,no
2026-10-06T15:45:05.387922Z,0.1800,5.25,yes
2026-10-06T15:45:05.392784Z,0.1800,38.75,yes
2026-10-06T15:45:05.392784Z,0.1800,14.05,yes
2026-10-06T15:45:05.665294Z,0.1600,47.17,no
2026-10-06T15:45:05.665294Z,0.1600,1.00,no
2026-10-06T15:45:05.665294Z,0.1600,60.59,no
2026-10-06T15:45:05.965133Z,0.1800,98.00,yes
2026-10-06T15:45:05.965133Z,0.1800,12.00,yes
2026-10-06T15:45:05.965133Z,0.1800,37.95,yes
2026-10-06T15:45:05.965133Z,0.1800,4.66,yes
2026-10-06T15:45:05.965133Z,0.1800,5.00,yes
2026-10-06T15:45:06.867526Z,0.1600,22.93,no
2026-10-06T15:45:07.409746Z,0.1800,47.17,yes
2026-10-06T15:45:07.409746Z,0.1800,98.00,yes
2026-10-06T15:45:07.409746Z,0.1800,12.44,yes
2026-10-06T15:45:07.883996Z,0.1800,12.00,yes
2026-10-06T15:45:07.883996Z,0.1800,39.56,yes
2026-10-06T15:45:07.883996Z,0.1800,9.69,yes
2026-10-06T15:45:07.883996Z,0.1800,7.32,yes
2026-10-06T15:45:07.883996Z,0.1800,5.00,yes
2026-10-06T15:45:07.883996Z,0.1800,5.00,yes
2026-10-06T15:45:07.883996Z,0.1800,24.72,yes
2026-10-06T15:45:08.053542Z,0.1700,11.18,no
2026-10-06T15:45:08.142408Z,0.1800,47.17,yes
2026-10-06T15:45:08.142408Z,0.1800,12.00,yes
2026-10-06T15:45:08.142408Z,0.1800,98.00,yes
2026-10-06T15:45:08.142408Z,0.1800,52.00,yes
2026-10-06T15:45:08.142408Z,0.1800,9.28,yes
2026-10-06T15:45:08.142408Z,0.1900,164.00,yes
2026-10-06T15:45:08.142408Z,0.1900,10.50,yes
2026-10-06T15:45:08.142408Z,0.1900,93.05,yes
2026-10-06T15:45:09.484435Z,0.2000,0.10,yes
2026-10-06T15:45:09.484435Z,0.2000,11.71,yes
2026-10-06T15:45:09.484435Z,0.1900,34.00,yes
2026-10-06T15:45:09.484435Z,0.1900,2.99,yes
2026-10-06T15:45:09.523693Z,0.1700,36.18,no
2026-10-06T15:45:09.523693Z,0.1700,9.02,no
2026-10-06T15:45:09.523693Z,0.1800,1.00,no
2026-10-06T15:45:09.523693Z,0.1800,44.00,no
2026-10-06T15:45:09.523693Z,0.1800,14.52,no
2026-10-06T15:45:09.698047Z,0.1800,7.25,no
2026-10-06T15:45:10.769956Z,0.1900,5.15,yes
2026-10-06T15:45:10.769956Z,0.2000,35.65,yes
2026-10-06T15:45:10.769956Z,0.2100,20.06,yes
2026-10-06T15:45:10.769956Z,0.2000,20.00,yes
2026-10-06T15:45:10.769956Z,0.2000,19.00,yes
2026-10-06T15:45:10.769956Z,0.1900,31.00,yes
2026-10-06T15:45:10.769956Z,0.2000,106.00,yes
2026-10-06T15:45:10.769956Z,0.2100,0.10,yes
2026-10-06T15:45:11.20012Z,0.2000,47.17,yes
2026-10-06T15:45:11.20012Z,0.1900,6.00,yes
2026-10-06T15:45:11.20012Z,0.2100,54.37,yes
2026-10-06T15:45:11.20012Z,0.2000,17.00,yes
2026-10-06T15:45:11.20012Z,0.2000,13.66,yes
2026-10-06T15:45:11.20012Z,0.2100,45.00,yes
2026-10-06T15:45:11.20012Z,0.2100,12.00,yes
2026-10-06T15:45:11.20012Z,0.2100,33.94,yes
2026-10-06T15:45:11.885876Z,0.2000,24.00,yes
2026-10-06T15:45:11.885876Z,0.2000,1.99,yes
2026-10-06T15:45:11.885876Z,0.2100,3.91,yes
2026-10-06T15:45:11.885876Z,0.2000,11.00,yes
2026-10-06T15:45:11.981363Z,0.2000,5.27,yes
2026-10-06T15:45:13.862301Z,0.2000,10.00,yes
2026-10-06T15:45:13.862301Z,0.2000,3.21,yes
2026-10-06T15:45:13.862301Z,0.1900,1.00,yes
2026-10-06T15:45:13.910875Z,0.1800,12.00,no
2026-10-06T15:45:13.910875Z,0.1800,39.88,no
2026-10-06T15:45:13.910875Z,0.1800,1.00,no
2026-10-06T15:45:13.910875Z,0.1800,49.00,no
2026-10-06T15:45:13.910875Z,0.1800,125.91,no
2026-10-06T15:45:14.05716Z,0.1800,71.09,no
2026-10-06T15:45:14.05716Z,0.1800,29.96,no
2026-10-06T15:45:14.093377Z,0.1800,7.61,no
2026-10-06T15:45:14.094401Z,0.1800,17.27,no
2026-10-06T15:45:14.141661Z,0.1800,115.96,no
2026-10-06T15:45:14.141661Z,0.1800,47.17,no
2026-10-06T15:45:14.141661Z,0.1800,71.16,no
2026-10-06T15:45:14.141661Z,0.1800,33.22,no
2026-10-06T15:45:14.141661Z,0.1800,65.00,no
2026-10-06T15:45:14.671595Z,0.1800,55.00,no
2026-10-06T15:45:14.671595Z,0.1800,71.16,no
2026-10-06T15:45:14.671595Z,0.1800,65.00,no
2026-10-06T15:45:14.671595Z,0.1800,9.66,no
2026-10-06T15:45:14.671595Z,0.1800,27.00,no
2026-10-06T15:45:14.671595Z,0.1800,49.00,no
2026-10-06T15:45:14.671595Z,0.1800,7.61,no
2026-10-06T15:45:14.671595Z,0.1800,16.57,no
2026-10-06T15:45:14.671595Z,0.1800,47.17,no
2026-10-06T15:45:14.671595Z,0.1800,29.96,no
2026-10-06T15:45:14.671595Z,0.1800,7.61,no
2026-10-06T15:45:14.671595Z,0.1800,189.00,no
2026-10-06T15:45:14.671595Z,0.1600,10.00,no
2026-10-06T15:45:14.671595Z,0.1700,0.10,no
2026-10-06T15:45:14.671595Z,0.1700,720.00,no
2026-10-06T15:45:14.671595Z,0.1800,84.79,no
2026-10-06T15:45:14.671595Z,0.1600,198.10,no
2026-10-06T15:45:14.950235Z,0.1700,112.96,no
2026-10-06T15:45:15.624963Z,0.1700,30.61,no
2026-10-06T15:45:16.9021Z,0.1700,97.15,no
2026-10-06T15:45:16.9021Z,0.1800,65.00,no
2026-10-06T15:45:16.9021Z,0.1700,47.17,no
2026-10-06T15:45:16.9021Z,0.1800,58.00,no
2026-10-06T15:45:16.9021Z,0.1800,4.14,no
2026-10-06T15:45:16.9021Z,0.1800,126.00,no
2026-10-06T15:45:16.9021Z,0.1800,49.00,no
2026-10-06T15:45:16.9021Z,0.1800,168.00,no
2026-10-06T15:45:16.968335Z,0.1800,47.70,no
2026-10-06T15:45:16.968335Z,0.1800,17.90,no
2026-10-06T15:45:17.296529Z,0.1800,2.37,no
2026-10-06T15:45:18.220596Z,0.1800,19.84,no
2026-10-06T15:45:18.900171Z,0.1800,85.57,no
2026-10-06T15:45:18.9598Z,0.2000,15.00,yes
2026-10-06T15:45:18.9598Z,0.2000,27.61,yes
2026-10-06T15:45:19.360915Z,0.2000,1.28,yes
2026-10-06T15:45:19.360915Z,0.2000,22.39,yes
2026-10-06T15:45:20.019276Z,0.1800,8.18,no
2026-10-06T15:45:20.019276Z,0.1500,17.00,no
2026-10-06T15:45:20.019276Z,0.1500,285.00,no
2026-10-06T15:45:20.019276Z,0.1400,12.00,no
2026-10-06T15:45:20.019276Z,0.1600,148.00,no
2026-10-06T15:45:20.019276Z,0.1500,0.10,no
2026-10-06T15:45:20.019276Z,0.1600,0.10,no
2026-10-06T15:45:20.019276Z,0.1700,47.38,no
2026-10-06T15:45:20.019276Z,0.1500,19.00,no
2026-10-06T15:45:20.019276Z,0.1500,10.00,no
2026-10-06T15:45:20.019276Z,0.1100,16.96,no
2026-10-06T15:45:20.019276Z,0.1300,1.00,no
2026-10-06T15:45:20.019276Z,0.1700,41.00,no
2026-10-06T15:45:20.019276Z,0.1200,50.00,no
2026-10-06T15:45:20.019276Z,0.1200,10.00,no
2026-10-06T15:45:20.824974Z,0.1700,22.00,no
2026-10-06T15:45:20.824974Z,0.1500,14.00,no
2026-10-06T15:45:20.824974Z,0.1500,25.00,no
2026-10-06T15:45:20.824974Z,0.1600,14.00,no
2026-10-06T15:45:20.824974Z,0.1500,47.38,no
2026-10-06T15:45:20.824974Z,0.1400,2.00,no
2026-10-06T15:45:20.824974Z,0.1700,18.54,no
2026-10-06T15:45:20.824974Z,0.1500,11.00,no
2026-10-06T15:45:20.824974Z,0.1400,2.14,no
2026-10-06T15:45:21.514346Z,0.1700,10.50,yes
2026-10-06T15:45:21.841016Z,0.1600,29.59,no
2026-10-06T15:45:21.841016Z,0.1600,26.00,no
2026-10-06T15:45:22.050923Z,0.1800,4.04,yes
2026-10-06T15:45:22.050923Z,0.1700,6.84,yes
2026-10-06T15:45:22.182963Z,0.1700,5.82,yes
2026-10-06T15:45:22.648327Z,0.1700,11.18,no
2026-10-06T15:45:23.061208Z,0.1600,19.68,no
2026-10-06T15:45:23.061208Z,0.1600,14.00,no
2026-10-06T15:45:23.664211Z,0.1800,5.00,yes
2026-10-06T15:45:23.664211Z,0.1800,4.68,yes
2026-10-06T15:45:23.664211Z,0.1800,4.29,yes
2026-10-06T15:45:23.664211Z,0.1800,1.79,yes
2026-10-06T15:45:23.827759Z,0.1800,0.22,yes
2026-10-06T15:45:23.827759Z,0.1800,7.71,yes
2026-10-06T15:45:23.963032Z,0.1600,25.63,no
2026-10-06T15:45:23.963032Z,0.1600,13.00,no
2026-10-06T15:45:23.963032Z,0.1700,22.00,no
2026-10-06T15:45:24.55264Z,0.1700,14.75,no
2026-10-06T15:45:24.720134Z,0.1700,43.73,no
2026-10-06T15:45:24.854613Z,0.1800,12.00,yes
2026-10-06T15:45:24.854613Z,0.1900,93.51,yes
2026-10-06T15:45:24.854613Z,0.1800,54.00,yes
2026-10-06T15:45:24.854613Z,0.1800,98.00,yes
2026-10-06T15:45:25.081456Z,0.1600,13.00,no
2026-10-06T15:45:25.081456Z,0.1700,82.00,no
2026-10-06T15:45:25.193749Z,0.1600,52.53,yes
2026-10-06T15:45:26.148245Z,0.1600,173.00,yes
2026-10-06T15:45:26.176385Z,0.1500,44.72,no
2026-10-06T15:45:26.27571Z,0.1600,100.00,yes
2026-10-06T15:45:26.444772Z,0.1500,357.00,no
2026-10-06T15:45:26.444772Z,0.1500,34.36,no
2026-10-06T15:45:26.444772Z,0.1500,1.12,no
2026-10-06T15:45:26.737106Z,0.1500,214.99,no
2026-10-06T15:45:26.737106Z,0.1500,19.64,no
2026-10-06T15:45:26.949787Z,0.1600,15.00,yes
2026-10-06T15:45:26.974692Z,0.1600,64.47,yes
2026-10-06T15:45:26.974692Z,0.1800,18.59,yes
2026-10-06T15:45:26.974692Z,0.1800,55.00,yes
2026-10-06T15:45:27.0177Z,0.1700,3.13,no
2026-10-06T15:45:27.126516Z,0.1700,86.07,no
2026-10-06T15:45:27.126516Z,0.1700,19.00,no
2026-10-06T15:45:27.937395Z,0.1700,128.59,no
2026-10-06T15:45:27.937395Z,0.1700,19.00,no
2026-10-06T15:45:28.039736Z,0.1700,32.60,no
2026-10-06T15:45:28.468573Z,0.1800,12.00,yes
2026-10-06T15:45:28.468573Z,0.1800,14.26,yes
2026-10-06T15:45:28.47759Z,0.1700,228.91,no
2026-10-06T15:45:29.392363Z,0.1800,83.74,yes
2026-10-06T15:45:29.392363Z,0.1800,47.60,yes
2026-10-06T15:45:29.393909Z,0.1700,12.61,no
2026-10-06T15:45:29.439633Z,0.1800,6.36,yes
2026-10-06T15:45:29.439633Z,0.1800,5.00,yes
2026-10-06T15:45:29.439633Z,0.1800,4.40,yes
2026-10-06T15:45:30.420091Z,0.1800,40.35,yes
2026-10-06T15:45:30.955476Z,0.1800,0.10,yes
2026-10-06T15:45:31.019868Z,0.1700,99.29,no
2026-10-06T15:45:31.019868Z,0.1700,119.40,no
2026-10-06T15:45:32.037994Z,0.1800,5.25,yes
2026-10-06T15:45:32.111489Z,0.1800,12.00,yes
2026-10-06T15:45:32.111489Z,0.1800,14.26,yes
2026-10-06T15:45:32.111489Z,0.1800,27.49,yes
2026-10-06T15:45:32.111489Z,0.1800,2.94,yes
2026-10-06T15:45:32.357142Z,0.1800,15.76,yes
2026-10-06T15:45:33.103816Z,0.1700,6.35,no
2026-10-06T15:45:33.472384Z,0.1800,15.76,yes
2026-10-06T15:45:33.572917Z,0.1700,8.25,no
2026-10-06T15:45:33.572917Z,0.1700,3.16,no
2026-10-06T15:45:33.917729Z,0.1700,22.22,no
2026-10-06T15:45:34.117733Z,0.1800,24.73,yes
2026-10-06T15:45:34.117733Z,0.1800,27.80,yes
2026-10-06T15:45:34.272597Z,0.1800,2.06,yes
2026-10-06T15:45:34.272597Z,0.1800,24.20,yes
2026-10-06T15:45:34.278205Z,0.1800,26.26,yes
2026-10-06T15:45:34.87211Z,0.1800,57.79,yes
2026-10-06T15:45:35.110608Z,0.1800,6.40,yes
2026-10-06T15:45:35.154942Z,0.1700,31.63,no
2026-10-06T15:45:35.154942Z,0.1700,33.62,no
2026-10-06T15:45:35.374421Z,0.1800,10.50,yes
2026-10-06T15:45:35.443068Z,0.1700,14.50,no
2026-10-06T15:45:35.486875Z,0.1800,131.00,yes
2026-10-06T15:45:36.010105Z,0.1800,52.53,yes
2026-10-06T15:45:36.274845Z,0.1800,26.26,yes
2026-10-06T15:45:37.498728Z,0.1700,15.86,no
2026-10-06T15:45:37.498728Z,0.1700,6.00,no
2026-10-06T15:45:37.540481Z,0.1800,15.76,yes
2026-10-06T15:45:37.637746Z,0.1800,344.95,yes
2026-10-06T15:45:37.644627Z,0.1700,43.14,no
2026-10-06T15:45:37.644627Z,0.1700,33.00,no
2026-10-06T15:45:37.644627Z,0.1600,81.73,no
2026-10-06T15:45:37.863984Z,0.1600,18.79,no
2026-10-06T15:45:37.863984Z,0.1700,6.00,no
2026-10-06T15:45:37.863984Z,0.1600,34.27,no
2026-10-06T15:45:37.863984Z,0.1600,15.43,no
2026-10-06T15:45:37.863984Z,0.1600,1.00,no
2026-10-06T15:45:38.458849Z,0.1800,76.39,yes
2026-10-06T15:45:38.781543Z,0.1700,1.56,no
2026-10-06T15:45:38.906855Z,0.1800,136.60,yes
2026-10-06T15:45:38.913995Z,0.1800,17.50,yes
2026-10-06T15:45:39.09515Z,0.1600,5.36,no
2026-10-06T15:45:39.09515Z,0.1700,17.44,no
2026-10-06T15:45:39.09515Z,0.1700,10.00,no
2026-10-06T15:45:39.48391Z,0.1800,105.07,yes
2026-10-06T15:45:39.521715Z,0.1500,113.00,no
2026-10-06T15:45:39.521715Z,0.1500,118.46,no
2026-10-06T15:45:39.521715Z,0.1400,630.84,no
2026-10-06T15:45:39.521715Z,0.1500,26.00,no
2026-10-06T15:45:39.521715Z,0.1500,300.00,no
2026-10-06T15:45:39.521715Z,0.1400,3.00,no
2026-10-06T15:45:39.521715Z,0.1600,47.06,no
2026-10-06T15:45:39.521715Z,0.1600,137.85,no
2026-10-06T15:45:39.521715Z,0.1700,19.00,no
2026-10-06T15:45:39.521715Z,0.1400,55.00,no
2026-10-06T15:45:39.521715Z,0.1500,55.00,no
2026-10-06T15:45:39.548527Z,0.1700,10.50,yes
2026-10-06T15:45:39.594533Z,0.1400,329.52,no
2026-10-06T15:45:39.594533Z,0.1600,19.00,no
2026-10-06T15:45:39.594533Z,0.1500,47.06,no
2026-10-06T15:45:39.594533Z,0.1500,79.00,no
2026-10-06T15:45:39.611145Z,0.1700,36.56,yes
2026-10-06T15:45:39.611145Z,0.1700,10.44,yes
2026-10-06T15:45:39.680202Z,0.1700,26.38,yes
2026-10-06T15:45:39.680202Z,0.1700,14.62,yes
2026-10-06T15:45:39.838863Z,0.1700,15.76,yes
2026-10-06T15:45:40.009927Z,0.1600,5.27,no
2026-10-06T15:45:40.916174Z,0.1700,12.86,yes
2026-10-06T15:45:40.916174Z,0.1700,39.67,yes
2026-10-06T15:45:41.626379Z,0.1700,11.11,yes
2026-10-06T15:45:42.027186Z,0.1700,4.22,yes
2026-10-06T15:45:42.027186Z,0.1700,52.70,yes
2026-10-06T15:45:42.487413Z,0.1700,26.31,yes
2026-10-06T15:45:43.09105Z,0.1600,11.99,no
2026-10-06T15:45:43.544338Z,0.1700,80.00,yes
2026-10-06T15:45:43.663241Z,0.1700,15.99,yes
2026-10-06T15:45:43.663241Z,0.1700,11.80,yes
2026-10-06T15:45:43.739062Z,0.1600,81.00,no
2026-10-06T15:45:43.800351Z,0.1600,52.63,yes
2026-10-06T15:45:44.332402Z,0.1500,0.90,no
2026-10-06T15:45:44.332402Z,0.1500,0.10,no
2026-10-06T15:45:44.927905Z,0.1600,138.98,yes
2026-10-06T15:45:45.041638Z,0.1500,244.76,no
2026-10-06T15:45:45.580084Z,0.1600,31.63,yes
2026-10-06T15:45:45.580084Z,0.1600,27.39,yes
2026-10-06T15:45:46.597238Z,0.1500,156.99,no
2026-10-06T15:45:46.605774Z,0.1600,53.12,yes
2026-10-06T15:45:46.646631Z,0.1500,44.72,no
2026-10-06T15:45:46.691744Z,0.1700,0.20,yes
2026-10-06T15:45:46.691744Z,0.1600,11.30,yes
2026-10-06T15:45:46.691744Z,0.1600,53.12,yes
2026-10-06T15:45:46.691744Z,0.1600,31.63,yes
2026-10-06T15:45:46.691744Z,0.1600,1.00,yes
2026-10-06T15:45:46.691744Z,0.1600,30.00,yes
2026-10-06T15:45:46.691744Z,0.1600,5.00,yes
2026-10-06T15:45:46.691744Z,0.1600,15.00,yes
2026-10-06T15:45:46.691744Z,0.1600,163.00,yes
2026-10-06T15:45:46.691744Z,0.1600,59.00,yes
2026-10-06T15:45:46.691744Z,0.1700,664.67,yes
2026-10-06T15:45:46.691744Z,0.1600,46.46,yes
2026-10-06T15:45:46.691744Z,0.1700,27.95,yes
2026-10-06T15:45:46.691744Z,0.1700,5.00,yes
2026-10-06T15:45:46.691744Z,0.1600,21.25,yes
2026-10-06T15:45:46.778018Z,0.1100,1.00,no
2026-10-06T15:45:46.778018Z,0.1100,25.00,no
2026-10-06T15:45:46.778018Z,0.1400,179.00,no
2026-10-06T15:45:46.778018Z,0.1200,13.00,no
2026-10-06T15:45:46.778018Z,0.1500,31.29,no
2026-10-06T15:45:46.778018Z,0.1400,48.00,no
2026-10-06T15:45:46.778018Z,0.1500,12.00,no
2026-10-06T15:45:46.778018Z,0.1500,64.00,no
2026-10-06T15:45:46.778018Z,0.1500,300.00,no
2026-10-06T15:45:46.778018Z,0.1400,0.10,no
2026-10-06T15:45:46.778018Z,0.1000,143.89,no
2026-10-06T15:45:46.778018Z,0.1300,3.00,no
2026-10-06T15:45:46.778018Z,0.1400,1.00,no
2026-10-06T15:45:46.778018Z,0.1300,46.51,no
2026-10-06T15:45:46.778018Z,0.1000,1.00,no
2026-10-06T15:45:46.778018Z,0.1000,1.00,no
2026-10-06T15:45:47.159871Z,0.1300,5.00,no
2026-10-06T15:45:47.159871Z,0.1400,100.00,no
2026-10-06T15:45:47.159871Z,0.1400,25.00,no
2026-10-06T15:45:47.159871Z,0.1400,64.00,no
2026-10-06T15:45:47.159871Z,0.1300,50.60,no
2026-10-06T15:45:47.340653Z,0.1400,46.51,no
2026-10-06T15:45:47.340653Z,0.1400,42.17,no
2026-10-06T15:45:47.895639Z,0.1400,218.69,no
2026-10-06T15:45:48.525346Z,0.1400,46.51,no
2026-10-06T15:45:48.525346Z,0.1400,15.22,no
2026-10-06T15:45:49.012126Z,0.1400,39.78,no
2026-10-06T15:45:49.012126Z,0.1400,218.64,no
2026-10-06T15:45:49.523668Z,0.1500,32.92,yes
2026-10-06T15:45:49.523668Z,0.1500,30.00,yes
2026-10-06T15:45:49.67371Z,0.1500,12.58,yes
2026-10-06T15:45:49.840278Z,0.1400,79.44,no
2026-10-06T15:45:50.25665Z,0.1500,8.62,yes
2026-10-06T15:45:50.391475Z,0.1500,0.04,yes
2026-10-06T15:45:50.391475Z,0.1500,62.88,yes
2026-10-06T15:45:50.500486Z,0.1500,11.96,yes
2026-10-06T15:45:50.500486Z,0.1500,69.00,yes
2026-10-06T15:45:50.500486Z,0.1500,197.00,yes
2026-10-06T15:45:50.509803Z,0.1500,0.62,yes
2026-10-06T15:45:51.005641Z,0.1500,31.46,yes
2026-10-06T15:45:51.729041Z,0.1500,32.53,yes
2026-10-06T15:45:52.039481Z,0.1400,38.92,no
2026-10-06T15:45:52.039481Z,0.1400,7.00,no
2026-10-06T15:45:52.039481Z,0.1400,31.96,no
2026-10-06T15:45:52.621388Z,0.1500,99.01,yes
2026-10-06T15:45:52.621388Z,0.1500,21.83,yes
2026-10-06T15:45:52.621388Z,0.1500,5.00,yes
2026-10-06T15:45:52.677156Z,0.1500,55.00,yes
2026-10-06T15:45:52.677156Z,0.1500,5.00,yes
2026-10-06T15:45:52.677156Z,0.1500,0.45,yes
2026-10-06T15:45:52.677156Z,0.1500,12.58,yes
2026-10-06T15:45:52.677156Z,0.1500,32.92,yes
2026-10-06T15:45:52.677156Z,0.1500,8.17,yes
2026-10-06T15:45:52.677156Z,0.1500,8.62,yes
2026-10-06T15:45:52.677156Z,0.1500,62.88,yes
2026-10-06T15:45:52.677156Z,0.1500,12.00,yes
2026-10-06T15:45:52.865899Z,0.1400,2.18,no
2026-10-06T15:45:52.91513Z,0.1400,183.00,no
2026-10-06T15:45:52.91513Z,0.1400,1637.72,no
2026-10-06T15:45:52.91513Z,0.1400,50.00,no
2026-10-06T15:45:52.91513Z,0.1400,20.86,no
2026-10-06T15:45:53.066082Z,0.1500,30.00,yes
2026-10-06T15:45:53.066082Z,0.1500,29.18,yes
2026-10-06T15:45:53.066082Z,0.1500,117.00,yes
2026-10-06T15:45:53.189452Z,0.1500,50.92,yes
2026-10-06T15:45:53.189452Z,0.1500,12.00,yes
2026-10-06T15:45:53.279039Z,0.1400,35.00,no
2026-10-06T15:45:53.279039Z,0.1400,30.00,no
2026-10-06T15:45:53.279039Z,0.1400,110.20,no
2026-10-06T15:45:53.279039Z,0.1400,174.00,no
2026-10-06T15:45:53.279039Z,0.1400,582.00,no
2026-10-06T15:45:53.279039Z,0.1400,322.28,no
2026-10-06T15:45:53.456186Z,0.1400,27.15,no
2026-10-06T15:45:53.456186Z,0.1400,1.79,no
2026-10-06T15:45:53.979768Z,0.1400,55.00,no
2026-10-06T15:45:53.979768Z,0.1400,32.99,no
2026-10-06T15:45:53.979768Z,0.1400,69.00,no
2026-10-06T15:45:54.143324Z,0.1400,59.03,no
2026-10-06T15:45:54.143324Z,0.1400,13.47,no
2026-10-06T15:45:54.504226Z,0.1400,10.45,no
2026-10-06T15:45:54.550247Z,0.1500,2.83,yes
2026-10-06T15:45:54.840311Z,0.1500,35.21,yes
2026-10-06T15:45:54.840311Z,0.1500,59.17,yes
2026-10-06T15:45:55.225653Z,0.1500,12.00,yes
2026-10-06T15:45:55.225653Z,0.1500,55.00,yes
2026-10-06T15:45:55.225653Z,0.1500,81.79,yes
2026-10-06T15:45:55.225653Z,0.1500,39.97,yes
2026-10-06T15:45:55.919159Z,0.1500,29.45,yes
2026-10-06T15:45:55.919159Z,0.1500,62.00,yes
2026-10-06T15:45:55.919159Z,0.1500,35.21,yes
2026-10-06T15:45:55.919159Z,0.1500,30.00,yes
2026-10-06T15:45:55.919159Z,0.1500,35.92,yes
2026-10-06T15:45:55.919159Z,0.1500,122.03,yes
2026-10-06T15:45:56.391298Z,0.1400,5.15,no
2026-10-06T15:45:56.68491Z,0.1500,5.00,yes
2026-10-06T15:45:56.68491Z,0.1500,1.29,yes
2026-10-06T15:45:56.866444Z,0.1400,8.97,no
2026-10-06T15:45:56.964732Z,0.1500,18.87,yes
2026-10-06T15:45:57.231764Z,0.1400,45.45,no
2026-10-06T15:45:57.334866Z,0.1500,6.29,yes
2026-10-06T15:45:57.518257Z,0.1500,12.00,yes
2026-10-06T15:45:57.518257Z,0.1500,15.77,yes
2026-10-06T15:45:57.518257Z,0.1500,90.55,yes
2026-10-06T15:45:57.518257Z,0.1500,190.00,yes
2026-10-06T15:45:57.987519Z,0.1400,35.23,no
2026-10-06T15:45:57.987519Z,0.1400,69.00,no
2026-10-06T15:45:57.987519Z,0.1400,15.00,no
2026-10-06T15:45:57.987519Z,0.1100,1.00,no
2026-10-06T15:45:57.987519Z,0.1100,10.00,no
2026-10-06T15:45:57.987519Z,0.1400,11.00,no
2026-10-06T15:45:57.987519Z,0.1200,47.16,no
2026-10-06T15:45:57.987519Z,0.1300,240.00,no
2026-10-06T15:45:57.987519Z,0.1400,1.00,no
2026-10-06T15:45:57.987519Z,0.1200,12.00,no
2026-10-06T15:45:57.987519Z,0.0900,19.06,no
2026-10-06T15:45:57.987519Z,0.0900,1.00,no
2026-10-06T15:45:58.271898Z,0.1400,44.23,yes
2026-10-06T15:45:58.271898Z,0.1400,10.00,yes
2026-10-06T15:45:58.271898Z,0.1400,46.44,yes
2026-10-06T15:45:58.740604Z,0.1400,71.77,yes
2026-10-06T15:45:58.740604Z,0.1400,1.44,yes
2026-10-06T15:45:58.740604Z,0.1400,83.73,yes
2026-10-06T15:45:58.740604Z,0.1400,44.23,yes
2026-10-06T15:45:58.865291Z,0.1400,116.00,yes
2026-10-06T15:45:58.865291Z,0.1400,3.56,yes
2026-10-06T15:45:58.865291Z,0.1400,46.44,yes
2026-10-06T15:45:58.865291Z,0.1400,30.08,yes
2026-10-06T15:45:59.187805Z,0.1400,20.85,yes
2026-10-06T15:45:59.187805Z,0.1500,34.94,yes
2026-10-06T15:45:59.187805Z,0.1400,116.00,yes
2026-10-06T15:45:59.187805Z,0.1400,46.44,yes
2026-10-06T15:45:59.219063Z,0.1500,11.29,yes
2026-10-06T15:45:59.219063Z,0.1500,54.71,yes
2026-10-06T15:45:59.219063Z,0.1500,55.00,yes
2026-10-06T15:45:59.219063Z,0.1500,12.00,yes
2026-10-06T15:45:59.57677Z,0.1400,24.32,no
2026-10-06T15:45:59.57677Z,0.1400,44.00,no
2026-10-06T15:45:59.589919Z,0.1500,1.31,yes
2026-10-06T15:46:00.307259Z,0.1400,200.00,no
2026-10-06T15:46:00.307259Z,0.1400,44.00,no
2026-10-06T15:46:00.307259Z,0.1400,160.00,no
2026-10-06T15:46:00.307259Z,0.1400,39.68,no
2026-10-06T15:46:00.307259Z,0.1400,15.87,no
2026-10-06T15:46:00.307259Z,0.1400,28.37,no
2026-10-06T15:46:00.566605Z,0.1400,183.00,no
2026-10-06T15:46:00.566605Z,0.1400,70.56,no
2026-10-06T15:46:00.566605Z,0.1400,46.44,no
2026-10-06T15:46:00.822905Z,0.1400,10.19,no
2026-10-06T15:46:01.056724Z,0.1400,22.36,no
2026-10-06T15:46:01.108249Z,0.1500,31.46,yes
2026-10-06T15:46:01.341055Z,0.1500,12.52,yes
2026-10-06T15:46:01.537557Z,0.1400,39.24,no
2026-10-06T15:46:01.554649Z,0.1400,42.65,no
2026-10-06T15:46:01.554649Z,0.1400,200.00,no
2026-10-06T15:46:01.554649Z,0.1400,32.12,no
2026-10-06T15:46:01.893071Z,0.1400,177.88,no
2026-10-06T15:46:01.893071Z,0.1400,22.95,no
2026-10-06T15:46:01.893071Z,0.1400,46.44,no
2026-10-06T15:46:01.893071Z,0.1400,7.41,no
2026-10-06T15:46:03.635503Z,0.1500,169.35,no
2026-10-06T15:46:03.635503Z,0.1500,1.92,no
2026-10-06T15:46:03.635503Z,0.1500,30.00,no
2026-10-06T15:46:03.933977Z,0.1500,219.16,no
2026-10-06T15:46:04.114662Z,0.1600,41.22,yes
2026-10-06T15:46:04.114662Z,0.1600,0.10,yes
2026-10-06T15:46:04.655322Z,0.1600,11.80,yes
2026-10-06T15:46:05.163018Z,0.1500,111.81,no
2026-10-06T15:46:05.440948Z,0.1500,22.88,no
2026-10-06T15:46:05.570896Z,0.1600,1.98,yes
2026-10-06T15:46:05.570896Z,0.1600,56.81,yes
2026-10-06T15:46:06.547125Z,0.1600,29.51,yes
2026-10-06T15:46:06.835444Z,0.1600,5.00,yes
2026-10-06T15:46:06.835444Z,0.1600,47.16,yes
2026-10-06T15:46:06.835444Z,0.1600,1.86,yes
2026-10-06T15:46:06.835444Z,0.1600,5.00,yes
2026-10-06T15:46:06.885503Z,0.1600,11.80,yes
2026-10-06T15:46:07.065688Z,0.1500,72.15,no
2026-10-06T15:46:07.108942Z,0.1500,69.32,no
2026-10-06T15:46:07.644988Z,0.1600,11.80,yes
2026-10-06T15:46:08.518814Z,0.1500,348.04,no
2026-10-06T15:46:08.830644Z,0.1600,55.00,yes
2026-10-06T15:46:08.830644Z,0.1600,173.00,yes
2026-10-06T15:46:08.830644Z,0.1600,106.00,yes
2026-10-06T15:46:08.830644Z,0.1600,12.00,yes
2026-10-06T15:46:08.830644Z,0.1600,23.56,yes
2026-10-06T15:46:08.830644Z,0.1700,755.25,yes
2026-10-06T15:46:08.844966Z,0.1500,624.27,no
2026-10-06T15:46:09.103876Z,0.1600,29.11,yes
2026-10-06T15:46:09.628438Z,0.1600,17.91,yes
2026-10-06T15:46:09.628438Z,0.1600,82.09,yes
2026-10-06T15:46:10.046469Z,0.1500,8.82,no
2026-10-06T15:46:11.139215Z,0.1500,78.49,no
2026-10-06T15:46:11.341442Z,0.1600,55.00,yes
2026-10-06T15:46:11.341442Z,0.1600,5.00,yes
2026-10-06T15:46:11.341442Z,0.1600,47.02,yes
2026-10-06T15:46:11.387303Z,0.1600,192.98,no
2026-10-06T15:46:11.387303Z,0.1600,30.65,no
2026-10-06T15:46:11.754959Z,0.1600,10.93,no
2026-10-06T15:46:11.876269Z,0.1600,202.48,no
2026-10-06T15:46:11.96141Z,0.1600,52.48,no
2026-10-06T15:46:12.628964Z,0.1700,27.79,yes
2026-10-06T15:46:12.766573Z,0.1700,200.13,yes
2026-10-06T15:46:13.106546Z,0.1600,12.26,no
2026-10-06T15:46:13.109002Z,0.1600,9.31,no
2026-10-06T15:46:13.40202Z,0.1700,55.59,yes
2026-10-06T15:46:14.191423Z,0.1700,277.96,yes
2026-10-06T15:46:14.469089Z,0.1700,27.79,yes
2026-10-06T15:46:15.807572Z,0.1600,2.23,no
2026-10-06T15:46:16.605913Z,0.1600,39.87,no
2026-10-06T15:46:17.250726Z,0.1700,111.18,yes
2026-10-06T15:46:17.860652Z,0.1600,54.65,no
2026-10-06T15:46:18.50609Z,0.1600,8.28,no
2026-10-06T15:46:18.50609Z,0.1600,10.00,no
2026-10-06T15:46:18.50609Z,0.1600,5.14,no
2026-10-06T15:46:18.906911Z,0.1700,88.94,yes
2026-10-06T15:46:18.996726Z,0.1700,0.50,yes
2026-10-06T15:46:19.411439Z,0.1700,27.79,yes
2026-10-06T15:46:20.0169Z,0.1600,134.74,no
2026-10-06T15:46:20.366853Z,0.1600,22.88,no
2026-10-06T15:46:21.416275Z,0.1600,35.41,yes
2026-10-06T15:46:21.781391Z,0.1500,55.00,no
2026-10-06T15:46:21.781391Z,0.1500,30.00,no
2026-10-06T15:46:21.781391Z,0.1500,24.64,no
2026-10-06T15:46:21.781391Z,0.1500,12.00,no
2026-10-06T15:46:21.781391Z,0.1500,47.02,no
2026-10-06T15:46:21.781391Z,0.1500,0.10,no
2026-10-06T15:46:21.781391Z,0.1500,177.89,no
2026-10-06T15:46:21.814107Z,0.1600,31.20,yes
2026-10-06T15:46:21.814107Z,0.1600,55.00,yes
2026-10-06T15:46:21.814107Z,0.1600,37.36,yes
2026-10-06T15:46:21.814107Z,0.1600,30.00,yes
2026-10-06T15:46:21.814107Z,0.1600,5.00,yes
2026-10-06T15:46:21.814107Z,0.1600,10.93,yes
2026-10-06T15:46:22.606332Z,0.1500,205.25,no
2026-10-06T15:46:22.606332Z,0.1500,12.11,no
2026-10-06T15:46:23.345063Z,0.1500,52.63,no
2026-10-06T15:46:26.096237Z,0.1600,12.68,yes
2026-10-06T15:46:26.096237Z,0.1600,46.34,yes
2026-10-06T15:46:26.153207Z,0.1500,33.54,no
2026-10-06T15:46:26.305439Z,0.1600,55.00,yes
2026-10-06T15:46:26.305439Z,0.1600,4.02,yes
2026-10-06T15:46:26.527485Z,0.1600,59.02,yes
2026-10-06T15:46:26.994293Z,0.1600,0.50,yes
2026-10-06T15:46:27.217451Z,0.1600,47.06,yes
2026-10-06T15:46:27.217451Z,0.1600,36.20,yes
2026-10-06T15:46:27.217451Z,0.1600,5.00,yes
2026-10-06T15:46:27.217451Z,0.1600,100.00,yes
2026-10-06T15:46:27.217451Z,0.1600,105.50,yes
2026-10-06T15:46:27.217451Z,0.1600,12.00,yes
2026-10-06T15:46:27.544285Z,0.1600,50.00,yes
2026-10-06T15:46:27.964579Z,0.1600,42.31,yes
2026-10-06T15:46:27.964579Z,0.1600,47.06,yes
2026-10-06T15:46:27.964579Z,0.1600,5.00,yes
2026-10-06T15:46:27.964579Z,0.1600,12.00,yes
2026-10-06T15:46:27.964579Z,0.1600,0.50,yes
2026-10-06T15:46:27.964579Z,0.1600,59.00,yes
2026-10-06T15:46:28.19068Z,0.1600,63.19,yes
2026-10-06T15:46:28.19068Z,0.1600,37.15,yes
2026-10-06T15:46:28.540458Z,0.1500,114.40,no
2026-10-06T15:46:28.620272Z,0.1600,124.40,yes
2026-10-06T15:46:28.620272Z,0.1600,9.87,yes
2026-10-06T15:46:28.620272Z,0.1600,42.81,yes
2026-10-06T15:46:28.893757Z,0.1500,1093.49,no
2026-10-06T15:46:29.122102Z,0.1500,213.00,no
2026-10-06T15:46:29.287653Z,0.1500,46.13,no
2026-10-06T15:46:29.287653Z,0.1500,69.00,no
2026-10-06T15:46:29.287653Z,0.1500,247.69,no
2026-10-06T15:46:29.629169Z,0.1600,1.94,yes
2026-10-06T15:46:29.951565Z,0.1500,18.87,no
2026-10-06T15:46:29.951565Z,0.1500,45.28,no
2026-10-06T15:46:29.951565Z,0.1500,55.00,no
2026-10-06T15:46:29.951565Z,0.1500,12.00,no
2026-10-06T15:46:30.075455Z,0.1600,12.00,yes
2026-10-06T15:46:30.075455Z,0.1600,57.06,yes
2026-10-06T15:46:30.075455Z,0.1600,63.19,yes
2026-10-06T15:46:30.075455Z,0.1600,44.83,yes
2026-10-06T15:46:31.482775Z,0.1600,42.81,yes
2026-10-06T15:46:31.482775Z,0.1600,10.17,yes
2026-10-06T15:46:31.482775Z,0.1600,28.08,yes
2026-10-06T15:46:31.482775Z,0.1600,47.02,yes
2026-10-06T15:46:31.482775Z,0.1600,5.00,yes
2026-10-06T15:46:31.482775Z,0.1600,63.19,yes
2026-10-06T15:46:31.482775Z,0.1600,57.31,yes
2026-10-06T15:46:32.162737Z,0.1600,10.11,yes
2026-10-06T15:46:32.162737Z,0.1600,1.69,yes
2026-10-06T15:46:33.193423Z,0.1500,4.57,no
2026-10-06T15:46:33.761619Z,0.1500,800.00,no
2026-10-06T15:46:33.761619Z,0.1500,140.86,no
2026-10-06T15:46:33.761619Z,0.1500,46.87,no
2026-10-06T15:46:33.761619Z,0.1500,7.00,no
2026-10-06T15:46:33.761619Z,0.1500,55.00,no
2026-10-06T15:46:33.761619Z,0.1500,13.00,no
2026-10-06T15:46:33.761619Z,0.1500,240.00,no
2026-10-06T15:46:33.761619Z,0.1500,130.15,no
2026-10-06T15:46:33.761619Z,0.1400,67.12,no
2026-10-06T15:46:33.85296Z,0.1600,1.89,yes
2026-10-06T15:46:33.85296Z,0.1600,12.33,yes
2026-10-06T15:46:33.886954Z,0.1600,14.75,yes
2026-10-06T15:46:33.963665Z,0.1500,2.16,no
2026-10-06T15:46:33.963665Z,0.1500,47.02,no
2026-10-06T15:46:34.289549Z,0.1500,47.02,no
2026-10-06T15:46:34.289549Z,0.1500,12.43,no
2026-10-06T15:46:34.289549Z,0.1500,55.00,no
2026-10-06T15:46:34.289549Z,0.1500,2.31,no
2026-10-06T15:46:34.289549Z,0.1400,296.30,no
2026-10-06T15:46:34.882365Z,0.1500,31.25,no
2026-10-06T15:46:35.031055Z,0.1600,59.02,yes
2026-10-06T15:46:35.742336Z,0.1500,15.77,no
2026-10-06T15:46:35.742336Z,0.1500,1.80,no
2026-10-06T15:46:35.742336Z,0.1500,40.63,no
2026-10-06T15:46:35.742336Z,0.1500,20.24,no
2026-10-06T15:46:35.742336Z,0.1500,1.00,no
2026-10-06T15:46:36.558382Z,0.1500,16.93,no
2026-10-06T15:46:36.558382Z,0.1500,4.93,no
2026-10-06T15:46:36.677041Z,0.1500,52.95,no
2026-10-06T15:46:36.677041Z,0.1500,30.11,no
2026-10-06T15:46:36.677041Z,0.1500,55.00,no
2026-10-06T15:46:36.763021Z,0.1600,29.51,yes
2026-10-06T15:46:36.818184Z,0.1600,74.62,yes
2026-10-06T15:46:36.818184Z,0.1600,51.39,yes
2026-10-06T15:46:36.818184Z,0.1600,30.00,yes
2026-10-06T15:46:37.363338Z,0.1600,5.90,yes
2026-10-06T15:46:37.385097Z,0.1600,2.87,yes
2026-10-06T15:46:37.77263Z,0.1600,23.61,yes
2026-10-06T15:46:37.932645Z,0.1600,29.51,yes
2026-10-06T15:46:38.296455Z,0.1500,59.63,no
2026-10-06T15:46:39.107544Z,0.1500,87.42,no
2026-10-06T15:46:39.107544Z,0.1500,97.84,no
2026-10-06T15:46:39.267367Z,0.1400,55.00,no
2026-10-06T15:46:39.267367Z,0.1400,30.00,no
2026-10-06T15:46:39.267367Z,0.1400,0.10,no
2026-10-06T15:46:39.267367Z,0.1400,32.01,no
2026-10-06T15:46:39.288866Z,0.1500,47.04,yes
2026-10-06T15:46:39.288866Z,0.1500,31.99,yes
2026-10-06T15:46:39.455381Z,0.1400,13.99,no
2026-10-06T15:46:39.455381Z,0.1400,149.97,no
2026-10-06T15:46:39.618878Z,0.1400,111.18,no
2026-10-06T15:46:39.645664Z,0.1500,3.18,yes
2026-10-06T15:46:39.675353Z,0.1400,328.04,no
2026-10-06T15:46:40.584108Z,0.1500,26.82,yes
2026-10-06T15:46:40.584108Z,0.1500,13.14,yes
2026-10-06T15:46:40.584108Z,0.1500,47.04,yes
2026-10-06T15:46:40.584108Z,0.1500,5.00,yes
2026-10-06T15:46:40.922764Z,0.1500,26.64,yes
2026-10-06T15:46:40.922764Z,0.1500,11.11,yes
2026-10-06T15:46:41.001212Z,0.1500,6.29,yes
2026-10-06T15:46:42.179501Z,0.1500,6.29,yes
2026-10-06T15:46:42.222009Z,0.1500,6.29,yes
2026-10-06T15:46:42.302827Z,0.1500,25.16,yes
2026-10-06T15:46:43.232989Z,0.1500,8.87,yes
2026-10-06T15:46:43.232989Z,0.1500,3.71,yes
2026-10-06T15:46:43.649717Z,0.1400,130.43,no
2026-10-06T15:46:43.649717Z,0.1400,65.00,no
2026-10-06T15:46:43.649717Z,0.1400,134.00,no
2026-10-06T15:46:43.649717Z,0.1400,179.00,no
2026-10-06T15:46:43.649717Z,0.1400,69.00,no
2026-10-06T15:46:43.649717Z,0.1400,30.00,no
2026-10-06T15:46:43.649717Z,0.1400,1732.07,no
2026-10-06T15:46:43.959978Z,0.1400,33.08,no
2026-10-06T15:46:43.989406Z,0.1500,17.70,yes
2026-10-06T15:46:44.004156Z,0.1500,6.29,yes
2026-10-06T15:46:44.326759Z,0.1500,3.14,yes
2026-10-06T15:46:44.585095Z,0.1500,14.00,yes
2026-10-06T15:46:44.585095Z,0.1500,30.00,yes
2026-10-06T15:46:44.585095Z,0.1500,31.78,yes
2026-10-06T15:46:44.585095Z,0.1500,47.74,yes
2026-10-06T15:46:46.197241Z,0.1400,15.76,no
2026-10-06T15:46:46.342691Z,0.1400,35.30,no
2026-10-06T15:46:46.730089Z,0.1400,145.01,no
2026-10-06T15:46:47.068827Z,0.1500,37.75,yes
2026-10-06T15:46:47.490818Z,0.1500,25.08,yes
2026-10-06T15:46:47.490818Z,0.1500,55.00,yes
2026-10-06T15:46:47.490818Z,0.1500,47.84,yes
2026-10-06T15:46:47.847021Z,0.1600,94.44,yes
2026-10-06T15:46:48.113603Z,0.1500,47.84,no
2026-10-06T15:46:48.113603Z,0.1500,57.50,no
2026-10-06T15:46:48.113603Z,0.1500,1.00,no
2026-10-06T15:46:48.444495Z,0.1600,11.80,yes
2026-10-06T15:46:49.207949Z,0.1600,29.51,yes
2026-10-06T15:46:50.200598Z,0.1600,78.68,yes
2026-10-06T15:46:50.249851Z,0.1500,35.52,no
2026-10-06T15:46:50.702557Z,0.1600,5.90,yes
2026-10-06T15:46:50.866118Z,0.1600,1.47,yes
2026-10-06T15:46:51.117089Z,0.1500,67.37,no
2026-10-06T15:46:51.265706Z,0.1600,29.51,yes
2026-10-06T15:46:51.466858Z,0.1500,16.64,no
2026-10-06T15:46:51.570597Z,0.1500,1016.06,no
2026-10-06T15:46:53.405244Z,0.1600,5.90,yes
2026-10-06T15:46:53.892592Z,0.1600,52.00,yes
2026-10-06T15:46:53.909234Z,0.1600,59.02,yes
2026-10-06T15:46:54.98446Z,0.1600,206.60,yes
2026-10-06T15:46:55.09727Z,0.1500,106.92,no
2026-10-06T15:46:55.284712Z,0.1500,83.33,no
2026-10-06T15:46:55.287034Z,0.1600,2.95,yes
2026-10-06T15:46:55.492559Z,0.1500,46.87,no
2026-10-06T15:46:55.654333Z,0.1600,23.61,yes
2026-10-06T15:46:56.649495Z,0.1600,147.57,yes
2026-10-06T15:46:56.666147Z,0.1600,59.02,yes
2026-10-06T15:46:57.258798Z,0.1500,25.29,no
2026-10-06T15:46:58.146884Z,0.1600,24.85,yes
2026-10-06T15:46:58.393176Z,0.1600,88.54,yes
2026-10-06T15:46:58.714579Z,0.1500,0.01,no
2026-10-06T15:46:58.714579Z,0.1500,158.90,no
2026-10-06T15:46:58.714579Z,0.1500,199.36,no
2026-10-06T15:46:58.714579Z,0.1500,504.50,no
2026-10-06T15:46:58.714579Z,0.1400,134.00,no
2026-10-06T15:46:58.714579Z,0.1400,10.00,no
2026-10-06T15:46:58.714579Z,0.1400,1960.00,no
2026-10-06T15:46:58.714579Z,0.1400,179.00,no
2026-10-06T15:46:58.714579Z,0.1400,30.00,no
2026-10-06T15:46:58.714579Z,0.1400,65.00,no
2026-10-06T15:46:58.714579Z,0.1500,47.84,no
2026-10-06T15:46:58.714579Z,0.1400,141.21,no
2026-10-06T15:46:58.714579Z,0.1400,1.00,no
2026-10-06T15:46:58.714579Z,0.1300,3092.00,no
2026-10-06T15:46:58.714579Z,0.1400,133.85,no
2026-10-06T15:46:58.714579Z,0.1400,55.00,no
2026-10-06T15:46:58.714579Z,0.1300,31.00,no
2026-10-06T15:46:58.714579Z,0.1300,3555.53,no
2026-10-06T15:46:58.837497Z,0.1500,20.49,yes
2026-10-06T15:46:58.837497Z,0.1500,30.00,yes
2026-10-06T15:46:58.837497Z,0.1500,8.53,yes
2026-10-06T15:46:59.361772Z,0.1500,0.16,yes
2026-10-06T15:46:59.601682Z,0.1400,6.15,no
2026-10-06T15:47:00.45057Z,0.1500,20.66,yes
2026-10-06T15:47:00.45057Z,0.1500,54.84,yes
2026-10-06T15:47:00.483242Z,0.1400,16.00,no
2026-10-06T15:47:00.639773Z,0.1400,25.37,no
2026-10-06T15:47:00.639773Z,0.1400,65.00,no
2026-10-06T15:47:00.639773Z,0.1400,75.63,no
2026-10-06T15:47:00.639773Z,0.1400,69.00,no
2026-10-06T15:47:00.700485Z,0.1400,12.00,no
2026-10-06T15:47:01.42301Z,0.1500,6.29,yes
2026-10-06T15:47:02.720207Z,0.1500,1.25,yes
2026-10-06T15:47:04.118793Z,0.1400,46.37,no
2026-10-06T15:47:04.118793Z,0.1400,30.00,no
2026-10-06T15:47:04.118793Z,0.1400,54.58,no
2026-10-06T15:47:04.118793Z,0.1400,8.14,no
2026-10-06T15:47:04.54128Z,0.1500,176.71,yes
2026-10-06T15:47:04.54128Z,0.1500,1.00,yes
2026-10-06T15:47:04.54128Z,0.1500,5.00,yes
2026-10-06T15:47:04.54128Z,0.1500,55.00,yes
2026-10-06T15:47:04.54128Z,0.1500,50.00,yes
2026-10-06T15:47:04.54128Z,0.1500,47.52,yes
2026-10-06T15:47:04.54128Z,0.1500,149.80,yes
2026-10-06T15:47:04.54128Z,0.1500,8.43,yes
2026-10-06T15:47:05.477758Z,0.1500,30.77,no
2026-10-06T15:47:05.865Z,0.1600,41.69,yes
2026-10-06T15:47:06.926621Z,0.1500,126.47,no
2026-10-06T15:47:06.926621Z,0.1500,301.41,no
2026-10-06T15:47:07.478689Z,0.1500,196.24,no
2026-10-06T15:47:07.718049Z,0.1600,19.21,yes
2026-10-06T15:47:07.718049Z,0.1600,13.00,yes
2026-10-06T15:47:07.718049Z,0.1600,6.15,yes
2026-10-06T15:47:09.311624Z,0.1600,29.51,yes
2026-10-06T15:47:10.190672Z,0.1600,3.50,yes
2026-10-06T15:47:10.190672Z,0.1600,5.00,yes
2026-10-06T15:47:10.32055Z,0.1500,55.00,no
2026-10-06T15:47:10.32055Z,0.1500,16.00,no
2026-10-06T15:47:10.32055Z,0.1500,17.91,no
2026-10-06T15:47:10.431511Z,0.1500,64.72,no
2026-10-06T15:47:10.861744Z,0.1600,9.03,yes
2026-10-06T15:47:11.637894Z,0.1600,1.77,yes
2026-10-06T15:47:11.85987Z,0.1600,28.23,yes
2026-10-06T15:47:11.85987Z,0.1600,30.79,yes
2026-10-06T15:47:11.922792Z,0.1600,70.36,yes
2026-10-06T15:47:12.187206Z,0.1600,236.29,yes
2026-10-06T15:47:12.187206Z,0.1600,58.85,yes
2026-10-06T15:47:12.21639Z,0.1600,59.02,yes
2026-10-06T15:47:13.316942Z,0.1600,22.00,yes
2026-10-06T15:47:13.316942Z,0.1600,5.00,yes
2026-10-06T15:47:15.448962Z,0.1600,2.00,yes
2026-10-06T15:47:15.448962Z,0.1600,27.51,yes
2026-10-06T15:47:17.492107Z,0.1800,1.00,yes
2026-10-06T15:47:17.492107Z,0.1700,100.00,yes
2026-10-06T15:47:17.492107Z,0.1800,0.10,yes
2026-10-06T15:47:17.492107Z,0.1700,0.10,yes
2026-10-06T15:47:17.492107Z,0.1800,47.84,yes
2026-10-06T15:47:17.492107Z,0.1800,13.00,yes
2026-10-06T15:47:17.492107Z,0.1700,23.00,yes
2026-10-06T15:47:17.492107Z,0.2300,38.65,yes
2026-10-06T15:47:17.492107Z,0.1900,8.00,yes
2026-10-06T15:47:17.492107Z,0.1600,9.49,yes
2026-10-06T15:47:17.492107Z,0.1600,14.00,yes
2026-10-06T15:47:17.492107Z,0.1700,5.00,yes
2026-10-06T15:47:17.492107Z,0.1900,1.00,yes
2026-10-06T15:47:18.277229Z,0.1500,30.00,no
2026-10-06T15:47:18.277229Z,0.1400,30.00,no
2026-10-06T15:47:18.277229Z,0.1400,47.79,no
2026-10-06T15:47:18.277229Z,0.1400,55.00,no
2026-10-06T15:47:18.277229Z,0.1400,4.08,no
2026-10-06T15:47:19.065162Z,0.1500,6.29,yes
2026-10-06T15:47:19.465985Z,0.1500,1.42,yes
2026-10-06T15:47:19.465985Z,0.1400,30.00,yes
2026-10-06T15:47:19.465985Z,0.1400,0.04,yes
2026-10-06T15:47:21.520121Z,0.1400,30.00,yes
2026-10-06T15:47:21.520121Z,0.1400,3.68,yes
2026-10-06T15:47:21.706932Z,0.1400,30.00,yes
2026-10-06T15:47:21.706932Z,0.1500,61.15,yes
2026-10-06T15:47:21.706932Z,0.1500,40.13,yes
2026-10-06T15:47:21.706932Z,0.1400,1.32,yes
2026-10-06T15:47:21.706932Z,0.1500,55.00,yes
2026-10-06T15:47:21.822992Z,0.1400,6.18,yes
2026-10-06T15:47:21.822992Z,0.1400,47.84,yes
2026-10-06T15:47:21.822992Z,0.1500,115.85,yes
2026-10-06T15:47:21.822992Z,0.1500,145.18,yes
2026-10-06T15:47:21.899184Z,0.1400,37.94,yes
2026-10-06T15:47:22.27699Z,0.1400,3.96,yes
2026-10-06T15:47:22.27699Z,0.1400,9.90,yes
2026-10-06T15:47:22.27699Z,0.1500,104.19,yes
2026-10-06T15:47:24.153631Z,0.1300,228.70,no
2026-10-06T15:47:24.153631Z,0.1300,0.10,no
2026-10-06T15:47:24.848487Z,0.1400,33.68,yes
2026-10-06T15:47:25.995282Z,0.1300,18.48,no
2026-10-06T15:47:26.194675Z,0.1400,13.47,yes
2026-10-06T15:47:26.61914Z,0.1400,7.78,yes
2026-10-06T15:47:26.61914Z,0.1400,0.69,yes
2026-10-06T15:47:26.61914Z,0.1400,5.00,yes
2026-10-06T15:47:27.791061Z,0.1300,22.36,no
2026-10-06T15:47:28.208313Z,0.1300,0.62,no
2026-10-06T15:47:28.415236Z,0.1400,55.00,yes
2026-10-06T15:47:28.415236Z,0.1400,3.75,yes
2026-10-06T15:47:28.415236Z,0.1400,47.30,yes
2026-10-06T15:47:28.415236Z,0.1400,8.80,yes
2026-10-06T15:47:29.707753Z,0.1400,195.38,no
2026-10-06T15:47:30.067335Z,0.1500,11.89,yes
2026-10-06T15:47:30.310665Z,0.1500,125.84,yes
2026-10-06T15:47:30.524329Z,0.1500,125.84,yes
2026-10-06T15:47:30.704799Z,0.1500,33.33,yes
2026-10-06T15:47:31.774097Z,0.1500,12.58,yes
2026-10-06T15:47:32.199222Z,0.1500,125.84,yes
2026-10-06T15:47:32.735739Z,0.1500,6.29,yes
2026-10-06T15:47:33.137416Z,0.1500,46.98,yes
2026-10-06T15:47:33.137416Z,0.1500,3.59,yes
2026-10-06T15:47:33.137416Z,0.1500,5.00,yes
2026-10-06T15:47:33.137416Z,0.1500,48.71,yes
2026-10-06T15:47:33.137416Z,0.1600,19.04,yes
2026-10-06T15:47:33.709207Z,0.1500,3.14,yes
2026-10-06T15:47:33.74422Z,0.1400,11.44,no
2026-10-06T15:47:34.191979Z,0.1500,25.16,yes
2026-10-06T15:47:37.590411Z,0.1600,11.80,yes
2026-10-06T15:47:39.901483Z,0.1400,10.00,no
2026-10-06T15:47:39.901483Z,0.1400,188.00,no
2026-10-06T15:47:39.901483Z,0.1400,49.13,no
2026-10-06T15:47:39.901483Z,0.1400,46.87,no
2026-10-06T15:47:41.282505Z,0.1500,37.75,yes
2026-10-06T15:47:41.683587Z,0.1500,62.92,yes
2026-10-06T15:47:42.206527Z,0.1500,62.92,yes
2026-10-06T15:47:43.441338Z,0.1500,12.58,yes
2026-10-06T15:47:44.805368Z,0.1500,125.84,yes
2026-10-06T15:47:45.17846Z,0.1500,8.05,yes
2026-10-06T15:47:46.6385Z,0.1500,100.67,yes
2026-10-06T15:47:46.787256Z,0.1500,94.38,yes
2026-10-06T15:47:47.459135Z,0.1500,31.46,yes
2026-10-06T15:47:47.506481Z,0.1500,13.27,yes
2026-10-06T15:47:48.839009Z,0.1500,53.98,yes
2026-10-06T15:47:49.281958Z,0.1500,232.36,yes
2026-10-06T15:47:49.281958Z,0.1500,1960.00,yes
2026-10-06T15:47:49.281958Z,0.1500,5.00,yes
2026-10-06T15:47:49.281958Z,0.1500,69.00,yes
2026-10-06T15:47:49.281958Z,0.1500,500.00,yes
2026-10-06T15:47:49.281958Z,0.1500,50.00,yes
2026-10-06T15:47:49.281958Z,0.1500,2900.00,yes
2026-10-06T15:47:49.281958Z,0.1500,179.00,yes
2026-10-06T15:47:49.281958Z,0.1500,2189.18,yes
2026-10-06T15:47:49.281958Z,0.1500,1000.00,yes
2026-10-06T15:47:49.281958Z,0.1500,55.00,yes
2026-10-06T15:47:49.64114Z,0.1500,45.43,yes
2026-10-06T15:47:49.643383Z,0.1400,10.00,no
2026-10-06T15:47:49.643383Z,0.1300,15.88,no
2026-10-06T15:47:49.925304Z,0.1300,48.35,no
2026-10-06T15:47:49.925304Z,0.1300,39.12,no
2026-10-06T15:47:49.936496Z,0.1300,2.58,no
2026-10-06T15:47:50.041605Z,0.1400,18.87,yes
2026-10-06T15:47:50.83614Z,0.1400,6.73,yes
2026-10-06T15:47:52.488942Z,0.1400,31.98,yes
2026-10-06T15:47:52.488942Z,0.1400,27.59,yes
2026-10-06T15:47:52.488942Z,0.1400,21.27,yes
2026-10-06T15:47:52.647672Z,0.1400,84.02,yes
2026-10-06T15:47:52.647672Z,0.1400,191.00,yes
2026-10-06T15:47:52.647672Z,0.1400,67.00,yes
2026-10-06T15:47:52.647672Z,0.1400,45.69,yes
2026-10-06T15:47:52.647672Z,0.1400,30.00,yes
2026-10-06T15:47:53.104939Z,0.1400,13.47,yes
2026-10-06T15:47:53.638563Z,0.1300,1.00,no
2026-10-06T15:47:53.638563Z,0.1200,50.00,no
2026-10-06T15:47:53.638563Z,0.1200,60.81,no
2026-10-06T15:47:53.886333Z,0.1300,6.73,yes
2026-10-06T15:47:55.535358Z,0.1300,21.75,yes
2026-10-06T15:47:55.606688Z,0.1300,10.87,yes
2026-10-06T15:47:55.723545Z,0.1300,60.37,yes
2026-10-06T15:47:55.723545Z,0.1300,101.00,yes
2026-10-06T15:47:55.723545Z,0.1300,7.89,yes
2026-10-06T15:47:55.723545Z,0.1300,12.00,yes
2026-10-06T15:47:55.759858Z,0.1200,14.81,no
2026-10-06T15:47:55.759858Z,0.1200,39.19,no
2026-10-06T15:47:55.983322Z,0.1300,7.63,yes
2026-10-06T15:47:55.983322Z,0.1300,5.00,yes
2026-10-06T15:47:55.983322Z,0.1300,15.77,yes
2026-10-06T15:47:55.983322Z,0.1300,52.16,yes
2026-10-06T15:47:55.983322Z,0.1300,47.58,yes
2026-10-06T15:47:55.983322Z,0.1300,67.97,yes
2026-10-06T15:47:55.983322Z,0.1300,6.00,yes
2026-10-06T15:47:56.713218Z,0.1300,48.84,yes
2026-10-06T15:47:56.713218Z,0.1300,12.00,yes
2026-10-06T15:47:56.713218Z,0.1300,36.59,yes
2026-10-06T15:47:56.713218Z,0.1300,47.58,yes
2026-10-06T15:47:57.031836Z,0.1200,0.10,no
2026-10-06T15:47:57.031836Z,0.1200,18.73,no
2026-10-06T15:47:57.031836Z,0.1200,40.19,no
2026-10-06T15:47:57.114853Z,0.1300,31.41,yes
2026-10-06T15:47:57.114853Z,0.1300,41.09,yes
2026-10-06T15:47:57.311649Z,0.1300,11.07,yes
2026-10-06T15:47:57.311649Z,0.1300,5.31,yes
2026-10-06T15:47:57.311649Z,0.1300,21.68,yes
2026-10-06T15:47:57.311649Z,0.1300,48.84,yes
2026-10-06T15:47:57.311649Z,0.1300,12.00,yes
2026-10-06T15:47:57.311649Z,0.1300,5.00,yes
2026-10-06T15:47:57.311649Z,0.1300,47.58,yes
2026-10-06T15:47:57.311649Z,0.1300,29.78,yes
2026-10-06T15:47:57.519844Z,0.1200,56.27,no
2026-10-06T15:47:57.519844Z,0.1200,9.33,no
2026-10-06T15:47:58.738267Z,0.1300,7.25,yes
2026-10-06T15:47:59.52062Z,0.1300,68.00,yes
2026-10-06T15:47:59.52062Z,0.1300,89.69,yes
2026-10-06T15:47:59.52062Z,0.1300,12.00,yes
2026-10-06T15:47:59.52062Z,0.1300,47.58,yes
2026-10-06T15:47:59.52062Z,0.1300,4.06,yes
2026-10-06T15:47:59.52062Z,0.1300,7.25,yes
2026-10-06T15:47:59.52062Z,0.1300,5.00,yes
2026-10-06T15:47:59.52062Z,0.1400,15.11,yes
2026-10-06T15:48:02.403978Z,0.1300,4.09,yes
2026-10-06T15:48:02.403978Z,0.1300,46.66,yes
2026-10-06T15:48:02.639311Z,0.1200,23.04,no
2026-10-06T15:48:02.777751Z,0.1300,44.85,yes
2026-10-06T15:48:02.777751Z,0.1300,63.91,yes
2026-10-06T15:48:02.821452Z,0.1300,7.25,yes
2026-10-06T15:48:02.885085Z,0.1300,12.00,yes
2026-10-06T15:48:02.885085Z,0.1300,48.90,yes
2026-10-06T15:48:02.885085Z,0.1300,11.60,yes
2026-10-06T15:48:02.957769Z,0.1300,48.90,yes
2026-10-06T15:48:02.957769Z,0.1300,44.85,yes
2026-10-06T15:48:02.957769Z,0.1300,68.00,yes
2026-10-06T15:48:02.957769Z,0.1300,0.10,yes
2026-10-06T15:48:02.957769Z,0.1300,47.00,yes
2026-10-06T15:48:02.957769Z,0.1300,7.25,yes
2026-10-06T15:48:02.957769Z,0.1300,12.00,yes
2026-10-06T15:48:02.957769Z,0.1300,2.17,yes
2026-10-06T15:48:02.957769Z,0.1300,5.00,yes
2026-10-06T15:48:02.957769Z,0.1400,401.93,yes
2026-10-06T15:48:02.957769Z,0.1400,39.89,yes
2026-10-06T15:48:03.471137Z,0.1200,23.96,no
2026-10-06T15:48:03.471137Z,0.1200,15.40,no
2026-10-06T15:48:07.576148Z,0.1300,43.50,yes
2026-10-06T15:48:07.691839Z,0.1300,1.08,yes
2026-10-06T15:48:08.358687Z,0.1300,2.08,yes
2026-10-06T15:48:08.358687Z,0.1300,70.42,yes
2026-10-06T15:48:09.974173Z,0.1300,12.00,yes
2026-10-06T15:48:09.974173Z,0.1300,30.58,yes
2026-10-06T15:48:09.974173Z,0.1300,68.00,yes
2026-10-06T15:48:09.974173Z,0.1300,55.00,yes
2026-10-06T15:48:09.974173Z,0.1300,200.00,yes
2026-10-06T15:48:09.974173Z,0.1300,5.00,yes
2026-10-06T15:48:09.974173Z,0.1300,31.20,yes
2026-10-06T15:48:11.237473Z,0.1300,145.01,yes
2026-10-06T15:48:11.258045Z,0.1200,230.21,no
2026-10-06T15:48:11.258045Z,0.1200,195.00,no
2026-10-06T15:48:11.258045Z,0.1200,52.00,no
2026-10-06T15:48:11.258045Z,0.1200,14.60,no
2026-10-06T15:48:12.07715Z,0.1300,36.25,yes
2026-10-06T15:48:12.456984Z,0.1300,36.25,yes
2026-10-06T15:48:12.48589Z,0.1300,14.50,yes
2026-10-06T15:48:12.727919Z,0.1300,7.25,yes
2026-10-06T15:48:12.763291Z,0.1300,108.76,yes
2026-10-06T15:48:12.896234Z,0.1200,41.17,no
2026-10-06T15:48:13.272218Z,0.1300,166.60,yes
2026-10-06T15:48:13.323326Z,0.1300,7.25,yes
2026-10-06T15:48:13.375332Z,0.1000,1.00,no
2026-10-06T15:48:13.375332Z,0.1100,0.10,no
2026-10-06T15:48:13.375332Z,0.1000,0.10,no
2026-10-06T15:48:13.375332Z,0.0800,55.00,no
2026-10-06T15:48:13.375332Z,0.1000,47.60,no
2026-10-06T15:48:13.375332Z,0.0900,10.00,no
2026-10-06T15:48:13.375332Z,0.1200,1.00,no
2026-10-06T15:48:13.375332Z,0.1200,13.27,no
2026-10-06T15:48:13.375332Z,0.0900,75.00,no
2026-10-06T15:48:13.375332Z,0.1100,27.00,no
2026-10-06T15:48:13.375332Z,0.0800,3.03,no
2026-10-06T15:48:13.375332Z,0.1000,42.00,no
2026-10-06T15:48:13.375332Z,0.0900,18.00,no
2026-10-06T15:48:13.375332Z,0.0800,1.00,no
2026-10-06T15:48:13.375332Z,0.0800,1.00,no
2026-10-06T15:48:13.375332Z,0.0900,5.94,no
2026-10-06T15:48:13.375332Z,0.0800,25.00,no
2026-10-06T15:48:13.375332Z,0.0800,1.00,no
2026-10-06T15:48:13.375332Z,0.0900,1.00,no
2026-10-06T15:48:13.383897Z,0.1100,8.74,no
2026-10-06T15:48:14.447175Z,0.1200,0.04,yes
2026-10-06T15:48:14.61889Z,0.1200,39.24,yes
2026-10-06T15:48:15.147719Z,0.1200,39.24,yes
2026-10-06T15:48:15.337951Z,0.1200,23.54,yes
2026-10-06T15:48:16.037244Z,0.1200,4.41,yes
2026-10-06T15:48:16.037244Z,0.1200,1.94,yes
2026-10-06T15:48:16.647371Z,0.1200,7.59,yes
2026-10-06T15:48:16.647371Z,0.1200,64.91,yes
2026-10-06T15:48:16.77077Z,0.1200,0.04,yes
2026-10-06T15:48:16.77077Z,0.1200,26.28,yes
2026-10-06T15:48:16.77077Z,0.1200,6.09,yes
2026-10-06T15:48:17.601006Z,0.1200,26.28,yes
2026-10-06T15:48:17.601006Z,0.1200,12.96,yes
2026-10-06T15:48:18.613428Z,0.1200,70.64,yes
2026-10-06T15:48:19.558489Z,0.1200,8.00,yes
2026-10-06T15:48:19.757469Z,0.1200,62.79,yes
2026-10-06T15:48:21.074783Z,0.1200,78.49,yes
2026-10-06T15:48:21.276875Z,0.1100,28.00,no
2026-10-06T15:48:21.276875Z,0.1100,30.00,no
2026-10-06T15:48:21.276875Z,0.1100,39.00,no
2026-10-06T15:48:21.276875Z,0.1100,19.15,no
2026-10-06T15:48:21.90126Z,0.1200,15.69,yes
2026-10-06T15:48:21.943051Z,0.1200,500.00,yes
2026-10-06T15:48:22.497949Z,0.1200,15.69,yes
2026-10-06T15:48:22.544634Z,0.1200,222.42,yes
2026-10-06T15:48:22.544634Z,0.1200,91.57,yes
2026-10-06T15:48:22.654689Z,0.1200,72.50,yes
2026-10-06T15:48:23.338924Z,0.1200,78.49,yes
2026-10-06T15:48:23.966138Z,0.1200,23.54,yes
2026-10-06T15:48:24.216299Z,0.1200,1.56,yes
2026-10-06T15:48:24.722273Z,0.1000,28.00,no
2026-10-06T15:48:24.722273Z,0.1000,21.34,no
2026-10-06T15:48:24.722273Z,0.1100,20.00,no
2026-10-06T15:48:24.722273Z,0.1100,40.00,no
2026-10-06T15:48:25.149639Z,0.1100,33.25,yes
2026-10-06T15:48:25.149639Z,0.1100,77.00,yes
2026-10-06T15:48:25.149639Z,0.1100,46.74,yes
2026-10-06T15:48:26.010309Z,0.1100,112.00,yes
2026-10-06T15:48:26.010309Z,0.1100,162.23,yes
2026-10-06T15:48:26.010309Z,0.1100,21.75,yes
2026-10-06T15:48:26.190102Z,0.1000,10.11,no
2026-10-06T15:48:26.190102Z,0.1000,1.00,no
2026-10-06T15:48:26.887359Z,0.1100,3.90,yes
2026-10-06T15:48:26.887359Z,0.1100,5.00,yes
2026-10-06T15:48:26.887359Z,0.1100,4.77,yes
2026-10-06T15:48:26.887359Z,0.1100,12.00,yes
2026-10-06T15:48:26.949497Z,0.1100,5.00,yes
2026-10-06T15:48:26.949497Z,0.1100,46.16,yes
2026-10-06T15:48:26.949497Z,0.1100,34.41,yes
2026-10-06T15:48:27.748912Z,0.1100,55.00,yes
2026-10-06T15:48:27.748912Z,0.1100,8.28,yes
2026-10-06T15:48:27.748912Z,0.1100,38.86,yes
2026-10-06T15:48:27.748912Z,0.1100,112.00,yes
2026-10-06T15:48:27.748912Z,0.1100,42.59,yes
2026-10-06T15:48:30.678154Z,0.1100,112.00,yes
2026-10-06T15:48:30.678154Z,0.1100,38.98,yes
2026-10-06T15:48:30.678154Z,0.1100,45.96,yes
2026-10-06T15:48:30.678154Z,0.1100,5.00,yes
2026-10-06T15:48:30.678154Z,0.1100,12.00,yes
2026-10-06T15:48:31.285675Z,0.1100,8.55,yes
2026-10-06T15:48:31.340263Z,0.1100,29.47,yes
2026-10-06T15:48:31.340263Z,0.1100,56.10,yes
2026-10-06T15:48:31.476333Z,0.0900,19.94,no
2026-10-06T15:48:31.476333Z,0.0900,22.00,no
2026-10-06T15:48:31.476333Z,0.1000,6.89,no
2026-10-06T15:48:31.476333Z,0.1000,14.51,no
2026-10-06T15:48:31.476333Z,0.1000,1.00,no
2026-10-06T15:48:31.476333Z,0.1000,15.62,no
2026-10-06T15:48:31.476333Z,0.1000,57.00,no
2026-10-06T15:48:31.476333Z,0.1000,100.00,no
2026-10-06T15:48:31.699601Z,0.1100,34.23,yes
2026-10-06T15:48:31.710425Z,0.1100,5.00,yes
2026-10-06T15:48:31.710425Z,0.1100,55.00,yes
2026-10-06T15:48:31.710425Z,0.1100,102.67,yes
2026-10-06T15:48:31.710425Z,0.1100,47.54,yes
2026-10-06T15:48:31.710425Z,0.1100,73.92,yes
2026-10-06T15:48:31.710425Z,0.1100,0.10,yes
2026-10-06T15:48:31.710425Z,0.1100,19.65,yes
2026-10-06T15:48:31.710425Z,0.1100,112.00,yes
2026-10-06T15:48:31.710425Z,0.1100,12.00,yes
2026-10-06T15:48:32.036607Z,0.1100,12.00,yes
2026-10-06T15:48:32.036607Z,0.1100,5.00,yes
2026-10-06T15:48:32.036607Z,0.1100,22.70,yes
2026-10-06T15:48:32.036607Z,0.1100,3.08,yes
2026-10-06T15:48:32.462613Z,0.1000,3.87,no
2026-10-06T15:48:32.462613Z,0.1000,15.00,no
2026-10-06T15:48:33.210717Z,0.1100,4.27,yes
2026-10-06T15:48:33.577861Z,0.1100,15.69,yes
2026-10-06T15:48:33.729768Z,0.1100,80.69,yes
2026-10-06T15:48:33.729768Z,0.1100,4.88,yes
2026-10-06T15:48:34.093087Z,0.1100,16.92,yes
2026-10-06T15:48:34.093087Z,0.1100,17.31,yes
2026-10-06T15:48:34.208267Z,0.1100,0.17,yes
2026-10-06T15:48:34.437746Z,0.1100,8.56,yes
2026-10-06T15:48:34.437746Z,0.1100,29.76,yes
2026-10-06T15:48:34.437746Z,0.1100,153.91,yes
2026-10-06T15:48:34.620477Z,0.1100,5.13,yes
2026-10-06T15:48:34.620477Z,0.1100,12.00,yes
2026-10-06T15:48:34.620477Z,0.1100,68.44,yes
2026-10-06T15:48:34.746025Z,0.1100,0.15,yes
2026-10-06T15:48:35.008527Z,0.1100,17.11,yes
2026-10-06T15:48:35.619916Z,0.1100,12.00,yes
2026-10-06T15:48:35.619916Z,0.1100,32.61,yes
2026-10-06T15:48:35.619916Z,0.1100,4.73,yes
2026-10-06T15:48:35.619916Z,0.1100,2.00,yes
2026-10-06T15:48:36.083666Z,0.1000,10.00,no
2026-10-06T15:48:36.655309Z,0.1100,42.51,yes
2026-10-06T15:48:36.655309Z,0.1100,0.27,yes
2026-10-06T15:48:36.949399Z,0.1100,8.55,yes
2026-10-06T15:48:37.428257Z,0.1100,51.34,yes
2026-10-06T15:48:37.441265Z,0.1100,17.11,yes
2026-10-06T15:48:39.764693Z,0.1100,85.54,yes
2026-10-06T15:48:40.006409Z,0.1100,17.11,yes
2026-10-06T15:48:42.338679Z,0.1000,15.89,no
2026-10-06T15:48:42.338679Z,0.0900,0.11,no
2026-10-06T15:48:42.338679Z,0.1000,8.00,no
2026-10-06T15:48:43.201155Z,0.1000,5.00,yes
2026-10-06T15:48:43.201155Z,0.1000,69.00,yes
2026-10-06T15:48:43.201155Z,0.1000,197.00,yes
2026-10-06T15:48:43.201155Z,0.1000,100.00,yes
2026-10-06T15:48:43.201155Z,0.1000,82.00,yes
2026-10-06T15:48:43.201155Z,0.1000,5.00,yes
2026-10-06T15:48:43.201155Z,0.1000,38.04,yes
2026-10-06T15:48:43.201155Z,0.1000,12.00,yes
2026-10-06T15:48:43.201155Z,0.1000,45.85,yes
2026-10-06T15:48:43.201155Z,0.1000,55.00,yes
2026-10-06T15:48:43.724237Z,0.0900,12.03,no
2026-10-06T15:48:43.724237Z,0.0900,11.89,no
2026-10-06T15:48:44.702702Z,0.1000,12.00,yes
2026-10-06T15:48:44.702702Z,0.1000,100.00,yes
2026-10-06T15:48:44.702702Z,0.1000,46.24,yes
2026-10-06T15:48:44.702702Z,0.1000,55.00,yes
2026-10-06T15:48:44.702702Z,0.1000,5.00,yes
2026-10-06T15:48:44.702702Z,0.1000,7.68,yes
2026-10-06T15:48:44.702702Z,0.1000,15.89,yes
2026-10-06T15:48:45.946042Z,0.1100,8.55,yes
2026-10-06T15:48:46.813341Z,0.1000,52.00,no
2026-10-06T15:48:46.813341Z,0.1000,25.55,no
2026-10-06T15:48:47.129285Z,0.1100,22.49,yes
2026-10-06T15:48:47.129285Z,0.1100,191.45,yes
2026-10-06T15:48:49.557006Z,0.1100,8.55,yes
2026-10-06T15:48:50.954882Z,0.1100,51.34,yes
2026-10-06T15:48:52.354422Z,0.1100,17.11,yes
2026-10-06T15:48:52.3933Z,0.1000,10.79,no
2026-10-06T15:48:52.3933Z,0.1000,47.00,no
2026-10-06T15:48:53.499502Z,0.1100,42.78,yes
2026-10-06T15:48:53.600539Z,0.1000,36.00,no
2026-10-06T15:48:53.944639Z,0.1100,1.00,yes
2026-10-06T15:48:53.944639Z,0.1100,12.00,yes
2026-10-06T15:48:53.944639Z,0.1100,46.24,yes
2026-10-06T15:48:53.944639Z,0.1100,17.11,yes
2026-10-06T15:48:53.944639Z,0.1100,11.53,yes
2026-10-06T15:48:54.28517Z,0.1000,8.21,no
2026-10-06T15:48:54.28517Z,0.1000,4.73,no
2026-10-06T15:48:55.653905Z,0.1100,34.23,yes
2026-10-06T15:48:57.438051Z,0.1100,3.01,yes
2026-10-06T15:48:57.438051Z,0.1100,5.00,yes
2026-10-06T15:48:57.438051Z,0.1100,59.24,yes
2026-10-06T15:48:57.438051Z,0.1100,6.00,yes
2026-10-06T15:48:57.742273Z,0.0900,18.97,no
2026-10-06T15:48:57.742273Z,0.1000,114.00,no
2026-10-06T15:48:57.742273Z,0.1000,507.00,no
2026-10-06T15:48:57.742273Z,0.0900,163.37,no
2026-10-06T15:48:57.742273Z,0.1000,50.00,no
2026-10-06T15:48:57.742273Z,0.1000,67.20,no
2026-10-06T15:48:57.742273Z,0.1000,157.27,no
2026-10-06T15:48:57.742273Z,0.1000,40.36,no
2026-10-06T15:48:57.898453Z,0.1100,1.99,yes
2026-10-06T15:48:57.898453Z,0.1100,5.00,yes
2026-10-06T15:48:57.898453Z,0.1100,0.10,yes
2026-10-06T15:48:57.898453Z,0.1100,9.88,yes
2026-10-06T15:48:58.063097Z,0.1100,34.23,yes
2026-10-06T15:48:58.876168Z,0.1100,2.65,yes
2026-10-06T15:48:58.876168Z,0.1100,3.16,yes
2026-10-06T15:48:59.008332Z,0.1100,34.23,yes
2026-10-06T15:48:59.008332Z,0.1100,4.30,yes
2026-10-06T15:48:59.008332Z,0.1100,12.00,yes
2026-10-06T15:48:59.008332Z,0.1100,9.37,yes
2026-10-06T15:48:59.973703Z,0.1000,10.19,no
2026-10-06T15:49:02.866459Z,0.1000,6.49,no
2026-10-06T15:49:02.866459Z,0.1000,207.45,no
2026-10-06T15:49:03.395323Z,0.1100,20.93,yes
2026-10-06T15:49:04.017626Z,0.1100,1.56,yes
2026-10-06T15:49:04.017626Z,0.1100,5.00,yes
2026-10-06T15:49:04.017626Z,0.1100,65.24,yes
2026-10-06T15:49:04.017626Z,0.1100,13.77,yes
2026-10-06T15:49:04.042368Z,0.1100,38.46,yes
2026-10-06T15:49:05.510654Z,0.0800,25.00,no
2026-10-06T15:49:05.510654Z,0.0900,836.63,no
2026-10-06T15:49:05.510654Z,0.0900,85.00,no
2026-10-06T15:49:05.510654Z,0.0900,75.00,no
2026-10-06T15:49:05.510654Z,0.0800,125.00,no
2026-10-06T15:49:05.510654Z,0.1000,252.55,no
2026-10-06T15:49:05.510654Z,0.0900,10.00,no
2026-10-06T15:49:05.510654Z,0.1000,63.00,no
2026-10-06T15:49:05.510654Z,0.0900,193.00,no
2026-10-06T15:49:05.510654Z,0.1000,2.44,no
2026-10-06T15:49:05.510654Z,0.0900,132.48,no
2026-10-06T15:49:05.510654Z,0.1000,177.00,no
2026-10-06T15:49:05.510654Z,0.0800,157.57,no
2026-10-06T15:49:05.510654Z,0.0800,46.47,no
2026-10-06T15:49:05.510654Z,0.1000,10.00,no
2026-10-06T15:49:05.725291Z,0.1000,0.24,yes
2026-10-06T15:49:06.04322Z,0.1000,4.27,yes
2026-10-06T15:49:06.419026Z,0.1000,25.00,yes
2026-10-06T15:49:06.419026Z,0.1000,55.00,yes
2026-10-06T15:49:06.419026Z,0.1000,67.20,yes
2026-10-06T15:49:06.419026Z,0.1000,42.06,yes
2026-10-06T15:49:06.419026Z,0.1000,12.00,yes
2026-10-06T15:49:06.419026Z,0.1000,10.00,yes
2026-10-06T15:49:06.419026Z,0.1000,100.00,yes
2026-10-06T15:49:06.419026Z,0.1000,25.04,yes
2026-10-06T15:49:06.419026Z,0.1000,173.00,yes
2026-10-06T15:49:06.419026Z,0.1000,30.00,yes
2026-10-06T15:49:06.419026Z,0.1000,1000.00,yes
2026-10-06T15:49:06.419026Z,0.1000,82.00,yes
2026-10-06T15:49:06.419026Z,0.1000,40.77,yes
2026-10-06T15:49:07.167401Z,0.1000,1.15,yes
2026-10-06T15:49:07.167401Z,0.1000,45.88,yes
2026-10-06T15:49:07.363018Z,0.1000,9.40,yes
2026-10-06T15:49:07.942012Z,0.1000,10.00,yes
2026-10-06T15:49:07.942012Z,0.1000,163.37,yes
2026-10-06T15:49:07.942012Z,0.1000,5.00,yes
2026-10-06T15:49:07.942012Z,0.1000,1.45,yes
2026-10-06T15:49:07.942012Z,0.1000,100.00,yes
2026-10-06T15:49:07.942012Z,0.1000,82.00,yes
2026-10-06T15:49:08.245447Z,0.1000,30.00,no
2026-10-06T15:49:08.245447Z,0.1000,38.21,no
2026-10-06T15:49:08.775986Z,0.0900,10.00,no
2026-10-06T15:49:08.775986Z,0.0900,37.26,no
2026-10-06T15:49:08.775986Z,0.0900,65.00,no
2026-10-06T15:49:08.775986Z,0.0900,25.00,no
2026-10-06T15:49:08.775986Z,0.0900,37.03,no
2026-10-06T15:49:08.775986Z,0.0900,1.00,no
2026-10-06T15:49:08.775986Z,0.0900,202.00,no
2026-10-06T15:49:08.775986Z,0.0800,5.10,no
2026-10-06T15:49:08.775986Z,0.0900,55.00,no
2026-10-06T15:49:09.480006Z,0.1000,24.75,yes
2026-10-06T15:49:09.480006Z,0.1000,12.00,yes
2026-10-06T15:49:09.480006Z,0.1000,30.00,yes
2026-10-06T15:49:09.480006Z,0.1000,31.79,yes
2026-10-06T15:49:09.480006Z,0.1000,50.00,yes
2026-10-06T15:49:09.480006Z,0.1000,100.00,yes
2026-10-06T15:49:09.480006Z,0.1000,55.00,yes
2026-10-06T15:49:11.221911Z,0.1000,18.81,yes
2026-10-06T15:49:11.354811Z,0.1000,9.26,yes
2026-10-06T15:49:11.354811Z,0.1000,12.00,yes
2026-10-06T15:49:11.373177Z,0.1000,5.00,yes
2026-10-06T15:49:11.373177Z,0.1000,42.10,yes
2026-10-06T15:49:11.373177Z,0.1000,90.74,yes
2026-10-06T15:49:11.373177Z,0.1000,5.00,yes
2026-10-06T15:49:11.64641Z,0.1000,12.00,yes
2026-10-06T15:49:11.64641Z,0.1000,2.11,yes
2026-10-06T15:49:12.255809Z,0.1000,26.11,yes
2026-10-06T15:49:12.255809Z,0.1000,2.11,yes
2026-10-06T15:49:12.255809Z,0.1000,37.03,yes
2026-10-06T15:49:12.255809Z,0.1000,10.00,yes
2026-10-06T15:49:12.255809Z,0.1000,90.74,yes
2026-10-06T15:49:12.255809Z,0.1000,12.00,yes
2026-10-06T15:49:12.255809Z,0.1000,7.15,yes
2026-10-06T15:49:12.308984Z,0.0900,12.53,no
2026-10-06T15:49:14.10697Z,0.1000,28.89,yes
2026-10-06T15:49:14.10697Z,0.1000,71.11,yes
2026-10-06T15:49:16.100935Z,0.1000,0.39,yes
2026-10-06T15:49:16.650951Z,0.1000,55.00,yes
2026-10-06T15:49:17.543689Z,0.0900,10.19,no
2026-10-06T15:49:17.543689Z,0.0900,7.47,no
2026-10-06T15:49:17.893142Z,0.1000,47.03,yes
2026-10-06T15:49:18.161569Z,0.0900,29.51,no
2026-10-06T15:49:21.463072Z,0.1000,9.40,yes
2026-10-06T15:49:22.122297Z,0.1000,18.00,yes
2026-10-06T15:49:22.132297Z,0.1000,18.00,yes
2026-10-06T15:49:22.135926Z,0.1000,4.85,yes
2026-10-06T15:49:22.145086Z,0.1000,45.00,yes
2026-10-06T15:49:22.220549Z,0.1000,10.00,yes
2026-10-06T15:49:22.497966Z,0.1000,42.00,yes
2026-10-06T15:49:22.817646Z,0.1000,28.22,yes
2026-10-06T15:49:23.204284Z,0.1000,11.32,yes
2026-10-06T15:49:23.253617Z,0.1000,18.81,yes
2026-10-06T15:49:23.539817Z,0.1000,457.50,yes
2026-10-06T15:49:23.539817Z,0.1000,12.86,yes
2026-10-06T15:49:24.338336Z,0.1000,50.52,yes
2026-10-06T15:49:24.338336Z,0.1000,12.00,yes
2026-10-06T15:49:24.338336Z,0.1000,5.00,yes
2026-10-06T15:49:24.338336Z,0.1000,17.14,yes
2026-10-06T15:49:24.550678Z,0.1000,9.40,yes
2026-10-06T15:49:24.561107Z,0.1000,35.07,yes
2026-10-06T15:49:24.561107Z,0.1000,40.08,yes
2026-10-06T15:49:24.561107Z,0.1000,0.10,yes
2026-10-06T15:49:25.042718Z,0.0900,46.84,no
2026-10-06T15:49:26.085017Z,0.0900,1.32,no
2026-10-06T15:49:26.085017Z,0.0900,10.00,no
2026-10-06T15:49:26.287392Z,0.1000,0.95,yes
2026-10-06T15:49:26.287392Z,0.1000,19.93,yes
2026-10-06T15:49:26.527298Z,0.1000,27.98,yes
2026-10-06T15:49:26.527298Z,0.1000,4.05,yes
2026-10-06T15:49:26.527298Z,0.1000,5.00,yes
2026-10-06T15:49:26.527298Z,0.1000,10.00,yes
2026-10-06T15:49:27.01851Z,0.1000,12.00,yes
2026-10-06T15:49:27.01851Z,0.1000,2.02,yes
2026-10-06T15:49:27.01851Z,0.1000,33.01,yes
2026-10-06T15:49:28.042469Z,0.0900,1.00,no
2026-10-06T15:49:28.126695Z,0.1000,1.00,yes
2026-10-06T15:49:28.142084Z,0.1000,7.81,yes
2026-10-06T15:49:28.151791Z,0.1000,3.91,yes
2026-10-06T15:49:28.161598Z,0.1000,1.95,yes
2026-10-06T15:49:28.314208Z,0.1000,34.00,yes
2026-10-06T15:49:28.830784Z,0.1000,6.00,yes
2026-10-06T15:49:28.895855Z,0.1000,4.00,yes
2026-10-06T15:49:29.286227Z,0.1000,42.00,yes
2026-10-06T15:49:29.479726Z,0.0900,1.61,no
2026-10-06T15:49:30.523233Z,0.1000,5.00,yes
2026-10-06T15:49:31.57047Z,0.1000,8.33,yes
2026-10-06T15:49:33.985753Z,0.0900,1.00,no
2026-10-06T15:49:33.986579Z,0.0700,10.00,no
2026-10-06T15:49:33.986579Z,0.0700,0.10,no
2026-10-06T15:49:33.986579Z,0.0800,0.06,no
2026-10-06T15:49:33.986579Z,0.0700,8.48,no
2026-10-06T15:49:33.986579Z,0.0800,13.36,no
2026-10-06T15:49:33.986579Z,0.0700,1.00,no
2026-10-06T15:49:33.986579Z,0.0700,1.00,no
2026-10-06T15:49:34.53762Z,0.0600,55.00,no
2026-10-06T15:49:34.53762Z,0.0700,36.00,no
2026-10-06T15:49:34.53762Z,0.0600,1.00,no
2026-10-06T15:49:34.53762Z,0.0600,167.00,no
2026-10-06T15:49:34.53762Z,0.0600,10.00,no
2026-10-06T15:49:34.53762Z,0.0600,0.10,no
2026-10-06T15:49:34.53762Z,0.0600,52.00,no
2026-10-06T15:49:34.53762Z,0.0600,1.00,no
2026-10-06T15:49:34.53762Z,0.0600,25.00,no
2026-10-06T15:49:34.53762Z,0.0600,1.00,no
2026-10-06T15:49:34.53762Z,0.0600,1.00,no
2026-10-06T15:49:34.53762Z,0.0600,1.00,no
2026-10-06T15:49:34.996978Z,0.0600,109.34,no
2026-10-06T15:49:35.083239Z,0.0700,40.00,yes
2026-10-06T15:49:35.093625Z,0.0700,25.00,yes
2026-10-06T15:49:35.093625Z,0.0700,67.00,yes
2026-10-06T15:49:35.107011Z,0.0700,33.00,yes
2026-10-06T15:49:35.107011Z,0.0700,12.00,yes
2026-10-06T15:49:35.126573Z,0.0800,12.00,yes
2026-10-06T15:49:35.126573Z,0.0800,55.00,yes
2026-10-06T15:49:35.126573Z,0.0700,5.70,yes
2026-10-06T15:49:35.126573Z,0.0800,13.36,yes
2026-10-06T15:49:35.126573Z,0.0700,8.00,yes
2026-10-06T15:49:35.349658Z,0.0900,1.00,yes
2026-10-06T15:49:35.373745Z,0.0900,5.00,yes
2026-10-06T15:49:35.393926Z,0.0900,7.00,yes
2026-10-06T15:49:35.393926Z,0.0900,3.00,yes
2026-10-06T15:49:35.413723Z,0.0900,5.00,yes
2026-10-06T15:49:35.474419Z,0.0900,1.00,yes
2026-10-06T15:49:35.496733Z,0.0900,4.00,yes
2026-10-06T15:49:35.526773Z,0.0900,41.09,yes
2026-10-06T15:49:35.526773Z,0.0900,36.91,yes
2026-10-06T15:49:35.526773Z,0.0900,10.00,yes
2026-10-06T15:49:35.526773Z,0.0900,196.00,yes
2026-10-06T15:49:35.526773Z,0.0900,55.00,yes
2026-10-06T15:49:35.598764Z,0.0900,6.59,yes
2026-10-06T15:49:36.085994Z,0.0800,4.06,no
2026-10-06T15:49:36.085994Z,0.0800,75.94,no
2026-10-06T15:49:36.101777Z,0.0800,32.00,no
2026-10-06T15:49:36.101777Z,0.0700,104.00,no
2026-10-06T15:49:36.101777Z,0.0800,31.94,no
2026-10-06T15:49:36.109665Z,0.0600,25.00,no
2026-10-06T15:49:36.109665Z,0.0600,55.00,no
2026-10-06T15:49:36.196374Z,0.0700,40.00,no
2026-10-06T15:49:36.304688Z,0.0600,150.00,no
2026-10-06T15:49:36.304688Z,0.0600,45.70,no
2026-10-06T15:49:36.304688Z,0.0500,6.30,no
2026-10-06T15:49:36.304688Z,0.0500,1.00,no
2026-10-06T15:49:36.304688Z,0.0500,25.00,no
2026-10-06T15:49:36.304688Z,0.0500,1.00,no
2026-10-06T15:49:36.382157Z,0.0600,55.00,no
2026-10-06T15:49:36.382157Z,0.0600,45.70,no
2026-10-06T15:49:36.382157Z,0.0600,44.31,no
2026-10-06T15:49:36.666431Z,0.0600,89.69,no
2026-10-06T15:49:37.140791Z,0.0600,34.00,no
2026-10-06T15:49:37.296636Z,0.0600,92.13,no
2026-10-06T15:49:39.121153Z,0.0600,8.13,no
2026-10-06T15:49:39.121153Z,0.0600,0.87,no
2026-10-06T15:49:39.515162Z,0.0600,3.87,no
2026-10-06T15:49:39.515162Z,0.0600,9.60,no
2026-10-06T15:49:39.669765Z,0.0600,88.84,no
2026-10-06T15:49:39.669765Z,0.0600,45.40,no
2026-10-06T15:49:39.685151Z,0.0700,5.00,yes
2026-10-06T15:49:39.685151Z,0.0700,34.00,yes
2026-10-06T15:49:39.685151Z,0.0700,11.62,yes
2026-10-06T15:49:39.830891Z,0.0700,2.32,yes
2026-10-06T15:49:39.830891Z,0.0800,46.30,yes
2026-10-06T15:49:39.830891Z,0.0700,13.00,yes
2026-10-06T15:49:39.830891Z,0.0700,10.00,yes
2026-10-06T15:49:39.830891Z,0.0700,1.38,yes
2026-10-06T15:49:39.83594Z,0.0800,7.24,yes
2026-10-06T15:49:39.849067Z,0.0800,1.00,yes
2026-10-06T15:49:39.850436Z,0.0800,12.00,yes
2026-10-06T15:49:39.850436Z,0.0800,25.00,yes
2026-10-06T15:49:39.850436Z,0.0800,0.46,yes
2026-10-06T15:49:39.850436Z,0.0800,2.54,yes
2026-10-06T15:49:39.855947Z,0.0800,16.66,yes
2026-10-06T15:49:39.855947Z,0.0800,2.46,yes
2026-10-06T15:49:39.864782Z,0.0800,10.00,yes
2026-10-06T15:49:39.864782Z,0.0800,8.62,yes
2026-10-06T15:49:39.895252Z,0.0800,12.25,yes
2026-10-06T15:49:39.895929Z,0.0800,1.00,yes
2026-10-06T15:49:39.897789Z,0.0800,12.25,yes
2026-10-06T15:49:39.925195Z,0.0800,12.00,yes
2026-10-06T15:49:39.942754Z,0.0700,1.00,no
2026-10-06T15:49:40.041316Z,0.0800,12.00,yes
2026-10-06T15:49:40.041316Z,0.0800,3.00,yes
2026-10-06T15:49:40.179866Z,0.0600,45.82,no
2026-10-06T15:49:40.179866Z,0.0500,55.00,no
2026-10-06T15:49:40.179866Z,0.0500,16.00,no
2026-10-06T15:49:40.179866Z,0.0500,10.54,no
2026-10-06T15:49:40.179866Z,0.0700,1.00,no
2026-10-06T15:49:40.56353Z,0.0600,26.00,no
2026-10-06T15:49:40.611068Z,0.0800,10.00,yes
2026-10-06T15:49:40.611068Z,0.0800,32.36,yes
2026-10-06T15:49:40.611068Z,0.0800,45.64,yes
2026-10-06T15:49:40.611068Z,0.0800,12.00,yes
2026-10-06T15:49:40.617848Z,0.0800,13.97,yes
2026-10-06T15:49:40.621071Z,0.0800,22.00,yes
2026-10-06T15:49:40.621991Z,0.0800,78.00,yes
2026-10-06T15:49:40.627838Z,0.0800,5.95,yes
2026-10-06T15:49:40.638585Z,0.0800,41.52,yes
2026-10-06T15:49:40.648083Z,0.0900,0.39,yes
2026-10-06T15:49:40.648083Z,0.0900,10.00,yes
2026-10-06T15:49:40.648083Z,0.0900,9.35,yes
2026-10-06T15:49:40.652545Z,0.0900,6.74,yes
2026-10-06T15:49:40.665067Z,0.0900,40.00,yes
2026-10-06T15:49:40.667887Z,0.0900,3.87,yes
2026-10-06T15:49:40.679076Z,0.0900,9.56,yes
2026-10-06T15:49:40.679076Z,0.0900,4.00,yes
2026-10-06T15:49:40.687742Z,0.0700,3.00,no
2026-10-06T15:49:40.687742Z,0.0600,10.00,no
2026-10-06T15:49:40.687742Z,0.0600,26.00,no
2026-10-06T15:49:40.687742Z,0.0800,19.00,no
2026-10-06T15:49:40.687742Z,0.0600,25.97,no
2026-10-06T15:49:40.687779Z,0.0900,38.56,yes
2026-10-06T15:49:40.687779Z,0.0900,0.44,yes
2026-10-06T15:49:40.687779Z,0.0900,1.00,yes
2026-10-06T15:49:40.689295Z,0.0900,33.72,yes
2026-10-06T15:49:40.68953Z,0.0900,1.00,yes
2026-10-06T15:49:40.6898Z,0.0900,12.00,yes
2026-10-06T15:49:40.717595Z,0.0700,1.00,no
2026-10-06T15:49:40.725202Z,0.0900,7.00,yes
2026-10-06T15:49:40.725416Z,0.0900,5.50,yes
2026-10-06T15:49:40.7369Z,0.0900,19.91,yes
2026-10-06T15:49:40.739424Z,0.0900,22.00,yes
2026-10-06T15:49:40.749787Z,0.0900,20.59,yes
2026-10-06T15:49:40.749787Z,0.0900,10.00,yes
2026-10-06T15:49:40.845755Z,0.0800,24.00,no
2026-10-06T15:49:40.845755Z,0.0800,45.64,no
2026-10-06T15:49:40.94903Z,0.0800,42.00,no
2026-10-06T15:49:40.94903Z,0.0800,10.36,no
2026-10-06T15:49:41.200685Z,0.0800,34.00,no
2026-10-06T15:49:41.200817Z,0.0800,16.00,no
2026-10-06T15:49:41.339715Z,0.0900,30.71,yes
2026-10-06T15:49:41.339715Z,0.0900,29.00,yes
2026-10-06T15:49:41.339715Z,0.0900,12.00,yes
2026-10-06T15:49:41.339715Z,0.0900,10.00,yes
2026-10-06T15:49:41.339715Z,0.0900,18.29,yes
2026-10-06T15:49:41.345729Z,0.0900,25.71,yes
2026-10-06T15:49:41.345729Z,0.0900,24.29,yes
2026-10-06T15:49:41.348476Z,0.0900,137.57,yes
2026-10-06T15:49:41.35002Z,0.0900,40.00,yes
2026-10-06T15:49:41.354226Z,0.0900,44.45,yes
2026-10-06T15:49:41.734331Z,0.0800,36.25,no
2026-10-06T15:49:41.865073Z,0.0900,45.70,yes
2026-10-06T15:49:41.865073Z,0.0900,6.52,yes
2026-10-06T15:49:42.219704Z,0.0800,49.22,no
2026-10-06T15:49:42.219704Z,0.0800,45.70,no
2026-10-06T15:49:42.219704Z,0.0800,5.75,no
2026-10-06T15:49:42.999031Z,0.0800,36.00,no
2026-10-06T15:49:42.999031Z,0.0800,15.84,no
2026-10-06T15:49:42.999031Z,0.0800,0.78,no
2026-10-06T15:49:43.114559Z,0.0900,2.44,yes
2026-10-06T15:49:43.114559Z,0.0900,34.56,yes
2026-10-06T15:49:43.127586Z,0.0900,0.87,yes
2026-10-06T15:49:43.183059Z,0.0900,5.31,yes
2026-10-06T15:49:43.183059Z,0.0900,6.69,yes
2026-10-06T15:49:44.101888Z,0.0900,32.00,yes
2026-10-06T15:49:44.582556Z,0.0900,2.00,yes
2026-10-06T15:49:45.091495Z,0.0800,29.91,no
2026-10-06T15:49:45.091495Z,0.0800,32.72,no
2026-10-06T15:49:45.093235Z,0.0900,2.00,yes
2026-10-06T15:49:45.616437Z,0.0900,2.00,yes
2026-10-06T15:49:46.245455Z,0.0800,15.38,no
2026-10-06T15:49:46.509119Z,0.0900,5.22,yes
2026-10-06T15:49:47.019965Z,0.0900,9.11,yes
2026-10-06T15:49:47.019965Z,0.0900,11.78,yes
2026-10-06T15:49:47.51235Z,0.0900,16.11,yes
2026-10-06T15:49:47.51235Z,0.0900,17.89,yes
2026-10-06T15:49:47.610274Z,0.0900,5.00,yes
2026-10-06T15:49:47.610274Z,0.0900,16.00,yes
2026-10-06T15:49:47.610274Z,0.0900,2.00,yes
2026-10-06T15:49:47.610274Z,0.0900,7.00,yes
2026-10-06T15:49:47.610274Z,0.0900,20.89,yes
2026-10-06T15:49:47.610274Z,0.0900,15.00,yes
2026-10-06T15:49:47.610274Z,0.0900,37.15,yes
2026-10-06T15:49:47.610274Z,0.0900,34.00,yes
2026-10-06T15:49:47.610274Z,0.0900,17.05,yes
2026-10-06T15:49:47.610274Z,0.0900,9.11,yes
2026-10-06T15:49:47.610274Z,0.0900,0.10,yes
2026-10-06T15:49:47.610274Z,0.0900,5.00,yes
2026-10-06T15:49:48.639406Z,0.0900,15.35,no
2026-10-06T15:49:49.092896Z,0.1000,100.00,yes
2026-10-06T15:49:49.625325Z,0.1000,329.25,yes
2026-10-06T15:49:50.603525Z,0.0900,23.73,no
2026-10-06T15:49:50.738317Z,0.0800,14.72,no
2026-10-06T15:49:51.405173Z,0.0800,10.00,no
2026-10-06T15:49:51.405173Z,0.0800,31.03,no
2026-10-06T15:49:51.405173Z,0.0800,18.19,no
2026-10-06T15:49:51.447122Z,0.0900,10.44,yes
2026-10-06T15:49:51.527447Z,0.0900,69.27,yes
2026-10-06T15:49:51.527447Z,0.0900,35.18,yes
2026-10-06T15:49:51.722186Z,0.0800,13.29,no
2026-10-06T15:49:53.191731Z,0.0900,20.89,yes
2026-10-06T15:49:53.496196Z,0.0900,52.22,yes
2026-10-06T15:49:53.857789Z,0.0800,47.00,no
2026-10-06T15:49:53.857789Z,0.0800,10.71,no
2026-10-06T15:49:53.857789Z,0.0800,1.60,no
2026-10-06T15:49:53.857789Z,0.0700,7.00,no
2026-10-06T15:49:53.857789Z,0.0700,28.07,no
2026-10-06T15:49:54.071672Z,0.0900,55.00,yes
2026-10-06T15:49:54.071672Z,0.0900,5.00,yes
2026-10-06T15:49:54.071672Z,0.0900,305.61,yes
2026-10-06T15:49:54.071672Z,0.0900,34.00,yes
2026-10-06T15:49:54.071672Z,0.0900,30.00,yes
2026-10-06T15:49:54.071672Z,0.0900,41.62,yes
2026-10-06T15:49:54.071672Z,0.0900,28.77,yes
2026-10-06T15:49:54.411917Z,0.0900,14.00,yes
2026-10-06T15:49:54.411917Z,0.0900,10.00,yes
2026-10-06T15:49:54.411917Z,0.0900,5.00,yes
2026-10-06T15:49:54.411917Z,0.0900,5.00,yes
2026-10-06T15:49:54.741106Z,0.0900,16.00,yes
2026-10-06T15:49:54.741106Z,0.0900,20.22,yes
2026-10-06T15:49:54.741106Z,0.0900,3.00,yes
2026-10-06T15:49:54.741106Z,0.0900,10.00,yes
2026-10-06T15:49:54.741106Z,0.0900,3.00,yes
2026-10-06T15:49:55.089952Z,0.0900,30.00,yes
2026-10-06T15:49:55.089952Z,0.0900,20.00,yes
2026-10-06T15:49:55.098096Z,0.0900,0.84,yes
2026-10-06T15:49:55.885741Z,0.0900,5.00,yes
2026-10-06T15:49:55.885741Z,0.0900,30.00,yes
2026-10-06T15:49:55.885741Z,0.0900,14.94,yes
2026-10-06T15:49:55.936302Z,0.0800,23.52,no
2026-10-06T15:49:56.471934Z,0.0900,5.00,yes
2026-10-06T15:49:56.471934Z,0.0900,47.22,yes
2026-10-06T15:49:57.187769Z,0.0900,0.23,yes
2026-10-06T15:49:57.187769Z,0.0900,10.00,yes
2026-10-06T15:49:57.187769Z,0.0900,7.78,yes
2026-10-06T15:49:57.187769Z,0.1000,231.99,yes
2026-10-06T15:49:58.554604Z,0.0900,1.00,no
2026-10-06T15:49:58.554604Z,0.0900,16.00,no
2026-10-06T15:49:58.554604Z,0.0900,17.00,no
2026-10-06T15:49:58.699216Z,0.0900,47.03,yes
2026-10-06T15:49:59.449342Z,0.0800,14.22,no
2026-10-06T15:49:59.907466Z,0.0900,10.44,yes
2026-10-06T15:49:59.958488Z,0.0900,8.53,yes
2026-10-06T15:49:59.958488Z,0.1000,39.37,yes
2026-10-06T15:50:00.280508Z,0.1000,186.19,yes
2026-10-06T15:50:00.357124Z,0.1000,4.13,yes
2026-10-06T15:50:01.917055Z,0.1000,1.88,yes
2026-10-06T15:50:02.088933Z,0.0900,4.93,no
2026-10-06T15:50:02.928862Z,0.0900,32.36,no
2026-10-06T15:50:03.509453Z,0.0900,140.55,no
2026-10-06T15:50:04.309887Z,0.1000,131.70,yes
2026-10-06T15:50:04.672329Z,0.1000,20.41,yes
2026-10-06T15:50:05.267175Z,0.1000,18.81,yes
2026-10-06T15:50:06.757888Z,0.0900,1.92,no
2026-10-06T15:50:06.757888Z,0.0800,37.78,no
2026-10-06T15:50:06.757888Z,0.0900,15.00,no
2026-10-06T15:50:06.757888Z,0.0800,0.96,no
2026-10-06T15:50:06.757888Z,0.0900,21.99,no
2026-10-06T15:50:07.12763Z,0.0800,9.04,no
2026-10-06T15:50:07.12763Z,0.0900,4.00,no
2026-10-06T15:50:07.12763Z,0.0800,2.56,no
2026-10-06T15:50:07.866497Z,0.1000,47.03,yes
2026-10-06T15:50:08.336889Z,0.1000,47.03,yes
2026-10-06T15:50:09.208015Z,0.1000,18.81,yes
2026-10-06T15:50:09.664353Z,0.1000,50.00,yes
2026-10-06T15:50:09.833734Z,0.1000,94.07,yes
2026-10-06T15:50:11.28427Z,0.0800,19.50,no
2026-10-06T15:50:11.28427Z,0.0900,24.00,no
2026-10-06T15:50:12.594675Z,0.0800,14.00,no
2026-10-06T15:50:12.594675Z,0.0800,0.10,no
2026-10-06T15:50:12.594675Z,0.0800,0.01,no
2026-10-06T15:50:12.594675Z,0.0900,3.00,no
2026-10-06T15:50:12.931035Z,0.0800,8.61,no
2026-10-06T15:50:12.931035Z,0.0900,3.00,no
2026-10-06T15:50:12.931035Z,0.0800,11.81,no
2026-10-06T15:50:15.087424Z,0.0800,2.59,no
2026-10-06T15:50:15.087424Z,0.0800,12.00,no
2026-10-06T15:50:15.087424Z,0.0700,0.10,no
2026-10-06T15:50:15.087424Z,0.0600,0.10,no
2026-10-06T15:50:15.087424Z,0.0800,10.19,no
2026-10-06T15:50:15.087424Z,0.0700,89.00,no
2026-10-06T15:50:15.087424Z,0.0600,178.00,no
2026-10-06T15:50:15.087424Z,0.0600,16.00,no
2026-10-06T15:50:15.087424Z,0.0600,10.00,no
2026-10-06T15:50:15.087424Z,0.0600,39.00,no
2026-10-06T15:50:15.087424Z,0.0700,20.00,no
2026-10-06T15:50:15.087424Z,0.0500,36.62,no
2026-10-06T15:50:15.087424Z,0.0500,25.00,no
2026-10-06T15:50:15.087424Z,0.0600,55.00,no
2026-10-06T15:50:15.087424Z,0.0700,25.00,no
2026-10-06T15:50:15.087424Z,0.0700,25.02,no
2026-10-06T15:50:15.087424Z,0.0500,14.46,no
2026-10-06T15:50:15.087424Z,0.0600,1.00,no
2026-10-06T15:50:16.16744Z,0.0900,60.00,yes
2026-10-06T15:50:16.16744Z,0.0900,55.00,yes
2026-10-06T15:50:16.16744Z,0.0900,1.00,yes
2026-10-06T15:50:16.16744Z,0.0900,13.00,yes
2026-10-06T15:50:16.16744Z,0.0800,15.00,yes
2026-10-06T15:50:16.16744Z,0.0900,25.00,yes
2026-10-06T15:50:16.16744Z,0.0900,19.54,yes
2026-10-06T15:50:16.16744Z,0.0800,22.00,yes
2026-10-06T15:50:16.224856Z,0.0800,13.29,no
2026-10-06T15:50:16.569677Z,0.0800,32.71,no
2026-10-06T15:50:16.569677Z,0.0800,29.06,no
2026-10-06T15:50:17.634406Z,0.0800,4.97,no
2026-10-06T15:50:17.634406Z,0.0800,20.00,no
2026-10-06T15:50:17.634406Z,0.0800,10.00,no
2026-10-06T15:50:17.634406Z,0.0700,20.81,no
2026-10-06T15:50:18.225176Z,0.0400,67.79,no
2026-10-06T15:50:18.225176Z,0.0400,1.00,no
2026-10-06T15:50:18.225176Z,0.0400,1.00,no
2026-10-06T15:50:18.225176Z,0.0400,25.00,no
2026-10-06T15:50:18.225176Z,0.0400,1.00,no
2026-10-06T15:50:18.225176Z,0.0700,45.82,no
2026-10-06T15:50:18.225176Z,0.0500,10.00,no
2026-10-06T15:50:18.225176Z,0.0600,169.00,no
2026-10-06T15:50:18.225176Z,0.0500,25.00,no
2026-10-06T15:50:18.225176Z,0.0600,38.00,no
2026-10-06T15:50:18.225176Z,0.0700,28.28,no
2026-10-06T15:50:18.225176Z,0.0700,71.19,no
2026-10-06T15:50:18.225176Z,0.0600,55.00,no
2026-10-06T15:50:18.225176Z,0.0800,4.77,no
2026-10-06T15:50:18.225176Z,0.0800,32.00,no
2026-10-06T15:50:18.225176Z,0.0500,18.38,no
2026-10-06T15:50:18.225176Z,0.0600,12.00,no
2026-10-06T15:50:18.225176Z,0.0500,429.00,no
2026-10-06T15:50:18.403812Z,0.0700,21.00,no
2026-10-06T15:50:18.403812Z,0.0700,4.00,no
2026-10-06T15:50:18.826512Z,0.0700,26.82,no
2026-10-06T15:50:20.75879Z,0.0800,10.23,yes
2026-10-06T15:50:20.75879Z,0.0800,25.00,yes
2026-10-06T15:50:20.952604Z,0.0800,1.00,yes
2026-10-06T15:50:20.974745Z,0.0800,1.00,yes
2026-10-06T15:50:21.123851Z,0.0800,5.00,yes
2026-10-06T15:50:21.123851Z,0.0900,2.41,yes
2026-10-06T15:50:21.123851Z,0.0800,55.56,yes
2026-10-06T15:50:21.123851Z,0.0800,3.83,yes
2026-10-06T15:50:21.123851Z,0.0800,10.46,yes
2026-10-06T15:50:21.123851Z,0.0800,1.00,yes
2026-10-06T15:50:21.123851Z,0.0900,34.00,yes
2026-10-06T15:50:23.250092Z,0.0800,1.00,yes
2026-10-06T15:50:23.271489Z,0.0800,5.00,yes
2026-10-06T15:50:23.45013Z,0.0700,12.18,no
2026-10-06T15:50:23.45013Z,0.0700,46.84,no
2026-10-06T15:50:23.931856Z,0.0800,23.09,yes
2026-10-06T15:50:23.931856Z,0.0800,28.28,yes
2026-10-06T15:50:23.931856Z,0.0800,28.00,yes
2026-10-06T15:50:24.609849Z,0.0700,23.16,no
2026-10-06T15:50:24.609849Z,0.0700,94.89,no
2026-10-06T15:50:26.619372Z,0.0800,5.00,yes
2026-10-06T15:50:26.619372Z,0.0800,8.00,yes
2026-10-06T15:50:26.619372Z,0.0800,5.00,yes
2026-10-06T15:50:26.619372Z,0.0800,3.00,yes
2026-10-06T15:50:26.619372Z,0.0800,1.00,yes
2026-10-06T15:50:26.619372Z,0.0800,1.00,yes
2026-10-06T15:50:26.619372Z,0.0800,43.00,yes
2026-10-06T15:50:26.619372Z,0.0800,2.00,yes
2026-10-06T15:50:26.619372Z,0.0800,5.00,yes
2026-10-06T15:50:26.619372Z,0.0800,45.00,yes
2026-10-06T15:50:26.619372Z,0.0800,5.00,yes
2026-10-06T15:50:26.619372Z,0.0800,100.00,yes
2026-10-06T15:50:26.619372Z,0.0800,1.92,yes
2026-10-06T15:50:28.511065Z,0.0900,52.59,yes
2026-10-06T15:50:28.511065Z,0.0900,0.10,yes
2026-10-06T15:50:28.511065Z,0.0900,9.98,yes
2026-10-06T15:50:29.780863Z,0.0800,5.57,no
2026-10-06T15:50:29.780863Z,0.0800,34.00,no
2026-10-06T15:50:29.780863Z,0.0800,46.00,no
2026-10-06T15:50:30.555759Z,0.0900,20.89,yes
2026-10-06T15:50:30.820342Z,0.0900,20.89,yes
2026-10-06T15:50:31.596092Z,0.0800,16.00,no
2026-10-06T15:50:31.596092Z,0.0800,1.28,no
2026-10-06T15:50:31.596092Z,0.0800,32.72,no
2026-10-06T15:50:34.840924Z,0.0800,17.37,yes
2026-10-06T15:50:34.968434Z,0.0900,0.16,yes
2026-10-06T15:50:34.968434Z,0.0800,32.72,yes
2026-10-06T15:50:34.968434Z,0.0800,47.44,yes
2026-10-06T15:50:34.968434Z,0.0800,5.00,yes
2026-10-06T15:50:34.968434Z,0.0800,3.00,yes
2026-10-06T15:50:34.968434Z,0.0800,11.63,yes
2026-10-06T15:50:34.968434Z,0.0800,1.37,yes
2026-10-06T15:50:36.016795Z,0.0900,9.09,yes
2026-10-06T15:50:36.546034Z,0.0800,5.10,no
2026-10-06T15:50:36.546034Z,0.0800,34.00,no
2026-10-06T15:50:36.953038Z,0.0800,13.68,yes
2026-10-06T15:50:37.040347Z,0.0800,12.00,yes
2026-10-06T15:50:37.040347Z,0.0800,6.90,yes
2026-10-06T15:50:37.040347Z,0.0800,56.00,yes
2026-10-06T15:50:37.040347Z,0.0800,12.00,yes
2026-10-06T15:50:37.040347Z,0.0800,3.00,yes
2026-10-06T15:50:37.040347Z,0.0800,2.00,yes
2026-10-06T15:50:37.040347Z,0.0800,5.00,yes
2026-10-06T15:50:37.040347Z,0.0800,1.00,yes
2026-10-06T15:50:37.040347Z,0.0900,16.10,yes
2026-10-06T15:50:37.060347Z,0.0800,165.00,no
2026-10-06T15:50:37.060347Z,0.0800,2.19,no
2026-10-06T15:50:38.235367Z,0.0700,54.63,no
2026-10-06T15:50:38.235367Z,0.0700,11.72,no
2026-10-06T15:50:38.235367Z,0.0700,0.10,no
2026-10-06T15:50:38.235367Z,0.0700,47.44,no
2026-10-06T15:50:38.360026Z,0.0700,47.44,no
2026-10-06T15:50:38.360026Z,0.0700,28.74,no
2026-10-06T15:50:38.360026Z,0.0700,10.00,no
2026-10-06T15:50:38.637353Z,0.0700,2.52,no
2026-10-06T15:50:38.637723Z,0.0700,34.00,no
2026-10-06T15:50:38.637723Z,0.0700,47.44,no
2026-10-06T15:50:38.637723Z,0.0700,127.72,no
2026-10-06T15:50:38.637723Z,0.0700,200.00,no
2026-10-06T15:50:38.637723Z,0.0700,129.00,no
2026-10-06T15:50:38.637723Z,0.0700,26.06,no
2026-10-06T15:50:39.424459Z,0.0700,274.00,no
2026-10-06T15:50:39.424459Z,0.0700,176.00,no
2026-10-06T15:50:39.424459Z,0.0700,81.00,no
2026-10-06T15:50:39.424459Z,0.0700,90.00,no
2026-10-06T15:50:39.424459Z,0.0700,47.44,no
2026-10-06T15:50:39.424459Z,0.0700,100.00,no
2026-10-06T15:50:39.424459Z,0.0700,13.01,no
2026-10-06T15:50:40.076733Z,0.0800,55.00,yes
2026-10-06T15:50:40.076733Z,0.0800,23.04,yes
2026-10-06T15:50:40.076733Z,0.0800,20.00,yes
2026-10-06T15:50:40.076733Z,0.0800,10.00,yes
2026-10-06T15:50:40.076733Z,0.0800,28.58,yes
2026-10-06T15:50:40.076733Z,0.0800,34.00,yes
2026-10-06T15:50:40.076733Z,0.0800,9.83,yes
2026-10-06T15:50:40.076733Z,0.0800,47.52,yes
2026-10-06T15:50:40.686188Z,0.0700,179.00,no
2026-10-06T15:50:40.686188Z,0.0700,47.52,no
2026-10-06T15:50:40.686188Z,0.0700,5.57,no
2026-10-06T15:50:41.203217Z,0.0700,6.43,no
2026-10-06T15:50:41.203217Z,0.0700,85.05,no
2026-10-06T15:50:41.203217Z,0.0700,47.50,no
2026-10-06T15:50:41.377758Z,0.0900,93.89,yes
2026-10-06T15:50:41.377758Z,0.0800,5.00,yes
2026-10-06T15:50:41.377758Z,0.0800,13.33,yes
2026-10-06T15:50:41.377758Z,0.0800,55.00,yes
2026-10-06T15:50:41.377758Z,0.0800,47.50,yes
2026-10-06T15:50:41.377758Z,0.0900,828.01,yes
2026-10-06T15:50:42.904021Z,0.0800,69.74,yes
2026-10-06T15:50:42.904021Z,0.0800,47.69,yes
2026-10-06T15:50:42.91447Z,0.0800,5.00,yes
2026-10-06T15:50:42.91447Z,0.0800,47.66,yes
2026-10-06T15:50:42.91447Z,0.0800,34.00,yes
2026-10-06T15:50:42.91447Z,0.0800,23.82,yes
2026-10-06T15:50:42.91447Z,0.0800,116.26,yes
2026-10-06T15:50:42.91447Z,0.0900,303.02,yes
2026-10-06T15:50:43.165437Z,0.0800,12.56,yes
2026-10-06T15:50:43.43979Z,0.0700,31.90,no
2026-10-06T15:50:43.803903Z,0.0800,141.05,yes
2026-10-06T15:50:43.803903Z,0.0800,35.10,yes
2026-10-06T15:50:43.963035Z,0.0800,16.55,yes
2026-10-06T15:50:43.963035Z,0.0800,42.16,yes
2026-10-06T15:50:44.81586Z,0.0700,36.05,no
2026-10-06T15:50:44.81586Z,0.0700,20.70,no
2026-10-06T15:50:45.167544Z,0.0800,48.21,yes
2026-10-06T15:50:45.167544Z,0.0800,5.00,yes
2026-10-06T15:50:45.167544Z,0.0800,5.50,yes
2026-10-06T15:50:45.475965Z,0.0600,0.10,no
2026-10-06T15:50:45.475965Z,0.0600,51.67,no
2026-10-06T15:50:46.783921Z,0.0700,19.55,yes
2026-10-06T15:50:46.783921Z,0.0700,47.51,yes
2026-10-06T15:50:47.061358Z,0.0700,23.48,yes
2026-10-06T15:50:47.500922Z,0.0700,6.51,no
2026-10-06T15:50:49.631691Z,0.0800,23.48,yes
2026-10-06T15:50:49.999298Z,0.0700,31.00,no
2026-10-06T15:50:49.999689Z,0.0600,10.00,no
2026-10-06T15:50:49.999689Z,0.0600,190.00,no
2026-10-06T15:50:49.999689Z,0.0600,47.59,no
2026-10-06T15:50:49.999689Z,0.0600,30.47,no
2026-10-06T15:50:49.999689Z,0.0600,3.33,no
2026-10-06T15:50:50.12639Z,0.0600,3.29,no
2026-10-06T15:50:50.12639Z,0.0600,246.00,no
2026-10-06T15:50:50.12639Z,0.0500,10.00,no
2026-10-06T15:50:50.12639Z,0.0500,4.60,no
2026-10-06T15:50:50.12639Z,0.0500,25.00,no
2026-10-06T15:50:50.12639Z,0.0500,25.00,no
2026-10-06T15:50:50.12639Z,0.0500,0.10,no
2026-10-06T15:50:50.456421Z,0.0700,47.68,yes
2026-10-06T15:50:50.456421Z,0.0700,50.00,yes
2026-10-06T15:50:50.456421Z,0.0700,16.20,yes
2026-10-06T15:50:50.612815Z,0.0700,26.82,yes
2026-10-06T15:50:51.443815Z,0.0700,13.41,yes
2026-10-06T15:50:53.258058Z,0.0500,125.00,no
2026-10-06T15:50:53.258058Z,0.0600,108.00,no
2026-10-06T15:50:53.258058Z,0.0600,47.68,no
2026-10-06T15:50:53.258058Z,0.0600,55.00,no
2026-10-06T15:50:53.258058Z,0.0500,75.00,no
2026-10-06T15:50:53.258058Z,0.0500,10.00,no
2026-10-06T15:50:53.258058Z,0.0600,189.00,no
2026-10-06T15:50:53.258058Z,0.0600,177.00,no
2026-10-06T15:50:53.258058Z,0.0600,61.00,no
2026-10-06T15:50:53.258058Z,0.0600,13.57,no
2026-10-06T15:50:53.258058Z,0.0500,166.00,no
2026-10-06T15:50:53.258058Z,0.0600,80.00,no
2026-10-06T15:50:53.258058Z,0.0500,50.40,no
2026-10-06T15:50:53.41313Z,0.0700,7.45,yes
2026-10-06T15:50:53.41313Z,0.0700,5.00,yes
2026-10-06T15:50:53.41313Z,0.0700,10.00,yes
2026-10-06T15:50:53.41313Z,0.0700,5.61,yes
2026-10-06T15:50:53.41313Z,0.0700,5.00,yes
2026-10-06T15:50:53.41313Z,0.0700,34.00,yes
2026-10-06T15:50:54.17033Z,0.0700,17.67,yes
2026-10-06T15:50:54.17033Z,0.0700,49.39,yes
2026-10-06T15:50:55.23721Z,0.0600,34.00,no
2026-10-06T15:50:55.23721Z,0.0600,7.06,no
2026-10-06T15:50:55.23721Z,0.0600,34.40,no
2026-10-06T15:50:55.23721Z,0.0500,47.12,no
2026-10-06T15:50:55.23721Z,0.0600,27.96,no
2026-10-06T15:50:55.23721Z,0.0600,55.00,no
2026-10-06T15:50:55.828176Z,0.0700,13.41,yes
2026-10-06T15:50:55.982876Z,0.0600,9.63,yes
2026-10-06T15:50:56.4752Z,0.0600,78.18,yes
2026-10-06T15:50:56.882226Z,0.0500,91.88,no
2026-10-06T15:50:56.882226Z,0.0500,47.80,no
2026-10-06T15:50:56.882226Z,0.0500,191.00,no
2026-10-06T15:50:56.882226Z,0.0500,55.00,no
2026-10-06T15:50:56.882226Z,0.0500,34.00,no
2026-10-06T15:50:56.882226Z,0.0500,10.00,no
2026-10-06T15:50:56.882226Z,0.0500,18.02,no
2026-10-06T15:50:56.882226Z,0.0500,48.04,no
2026-10-06T15:50:56.882226Z,0.0500,51.00,no
2026-10-06T15:50:57.488788Z,0.0600,47.91,yes
2026-10-06T15:50:57.488788Z,0.0600,27.82,yes
2026-10-06T15:50:57.488788Z,0.0600,55.00,yes
2026-10-06T15:50:57.488788Z,0.0600,176.00,yes
2026-10-06T15:50:57.488788Z,0.0600,5.00,yes
2026-10-06T15:50:57.488788Z,0.0600,34.00,yes
2026-10-06T15:50:57.488788Z,0.0600,6.00,yes
2026-10-06T15:50:57.488788Z,0.0600,3.00,yes
2026-10-06T15:50:57.488788Z,0.0600,8.18,yes
2026-10-06T15:50:57.488788Z,0.0600,3.00,yes
2026-10-06T15:50:58.562347Z,0.0600,3.05,no
2026-10-06T15:50:58.562347Z,0.0600,49.03,no
2026-10-06T15:50:58.562347Z,0.0600,47.92,no
2026-10-06T15:50:58.87673Z,0.0700,137.00,yes
2026-10-06T15:50:59.242784Z,0.0700,13.41,yes
2026-10-06T15:51:01.412655Z,0.0700,19.71,yes
2026-10-06T15:51:01.856399Z,0.0600,2.31,no
2026-10-06T15:51:01.856399Z,0.0600,47.95,no
2026-10-06T15:51:02.126546Z,0.0700,80.47,yes
2026-10-06T15:51:02.257022Z,0.0600,22.88,no
2026-10-06T15:51:03.012876Z,0.0700,6.70,yes
2026-10-06T15:51:03.26747Z,0.0700,29.67,yes
2026-10-06T15:51:03.694134Z,0.0700,26.82,yes
2026-10-06T15:51:03.816831Z,0.0600,12.94,no
2026-10-06T15:51:04.767206Z,0.0700,67.06,yes
2026-10-06T15:51:05.05843Z,0.0700,22.89,yes
2026-10-06T15:51:05.728512Z,0.0600,31.18,no
2026-10-06T15:51:05.728512Z,0.0600,11.60,no
2026-10-06T15:51:05.760676Z,0.0600,6.43,no
2026-10-06T15:51:05.760676Z,0.0600,23.40,no
2026-10-06T15:51:06.293833Z,0.0600,41.48,no
2026-10-06T15:51:06.293833Z,0.0600,143.00,no
2026-10-06T15:51:06.293833Z,0.0600,25.03,no
2026-10-06T15:51:06.293833Z,0.0600,5.71,no
2026-10-06T15:51:06.293833Z,0.0600,19.00,no
2026-10-06T15:51:07.332245Z,0.0600,4.29,no
2026-10-06T15:51:07.332245Z,0.0600,34.00,no
2026-10-06T15:51:07.332245Z,0.0600,243.00,no
2026-10-06T15:51:07.332245Z,0.0600,48.83,no
2026-10-06T15:51:07.339707Z,0.0700,13.41,yes
2026-10-06T15:51:07.864351Z,0.0700,41.66,yes
2026-10-06T15:51:08.970659Z,0.0600,1.11,no
2026-10-06T15:51:10.053971Z,0.0700,55.55,yes
2026-10-06T15:51:10.056369Z,0.0600,10.61,no
2026-10-06T15:51:10.056369Z,0.0600,1.00,no
2026-10-06T15:51:10.056369Z,0.0600,48.07,no
2026-10-06T15:51:10.056369Z,0.0600,1.34,no
2026-10-06T15:51:10.056369Z,0.0500,19.82,no
2026-10-06T15:51:10.173546Z,0.0600,13.41,yes
2026-10-06T15:51:10.210095Z,0.0600,16.59,yes
2026-10-06T15:51:10.210095Z,0.0600,2.41,yes
2026-10-06T15:51:10.215097Z,0.0500,11.80,no
2026-10-06T15:51:10.226686Z,0.0600,45.58,yes
2026-10-06T15:51:10.226686Z,0.0600,55.00,yes
2026-10-06T15:51:10.226686Z,0.0600,32.41,yes
2026-10-06T15:51:11.239641Z,0.0600,13.00,yes
2026-10-06T15:51:11.239964Z,0.0600,14.00,yes
2026-10-06T15:51:11.301462Z,0.0600,10.00,yes
2026-10-06T15:51:11.402635Z,0.0600,14.00,yes
2026-10-06T15:51:11.501825Z,0.0600,1.00,yes
2026-10-06T15:51:11.582371Z,0.0600,21.59,yes
2026-10-06T15:51:11.582371Z,0.0600,63.41,yes
2026-10-06T15:51:11.678961Z,0.0600,30.00,yes
2026-10-06T15:51:11.678961Z,0.0600,15.78,yes
2026-10-06T15:51:11.678961Z,0.0600,110.59,yes
2026-10-06T15:51:11.734883Z,0.0600,32.21,yes
2026-10-06T15:51:11.734883Z,0.0600,20.00,yes
2026-10-06T15:51:11.734883Z,0.0600,32.41,yes
2026-10-06T15:51:11.734883Z,0.0600,689.09,yes
2026-10-06T15:51:12.742395Z,0.0500,62.19,no
2026-10-06T15:51:12.742395Z,0.0500,23.38,no
2026-10-06T15:51:13.245051Z,0.0600,10.00,yes
2026-10-06T15:51:13.245051Z,0.0600,15.41,yes
2026-10-06T15:51:13.245051Z,0.0600,2.00,yes
2026-10-06T15:51:13.245051Z,0.0600,55.00,yes
2026-10-06T15:51:13.245051Z,0.0600,21.59,yes
2026-10-06T15:51:13.245051Z,0.0600,1.00,yes
2026-10-06T15:51:13.245051Z,0.0600,10.00,yes
2026-10-06T15:51:13.245051Z,0.0600,14.00,yes
2026-10-06T15:51:13.245051Z,0.0600,47.99,yes
2026-10-06T15:51:13.245051Z,0.0600,27.00,yes
2026-10-06T15:51:13.245051Z,0.0600,1745.21,yes
2026-10-06T15:51:15.377118Z,0.0700,67.06,yes
2026-10-06T15:51:16.117579Z,0.0600,30.00,no
2026-10-06T15:51:16.117579Z,0.0600,34.00,no
2026-10-06T15:51:16.117579Z,0.0600,28.68,no
2026-10-06T15:51:16.117579Z,0.0600,47.43,no
2026-10-06T15:51:16.281984Z,0.0600,34.00,no
2026-10-06T15:51:16.315743Z,0.0700,6.70,yes
2026-10-06T15:51:16.579973Z,0.0600,2.23,no
2026-10-06T15:51:16.798035Z,0.0700,4.19,yes
2026-10-06T15:51:17.288979Z,0.0700,26.82,yes
2026-10-06T15:51:17.417041Z,0.0600,0.10,no
2026-10-06T15:51:17.417041Z,0.0600,13.23,no
2026-10-06T15:51:18.750156Z,0.0600,31.27,yes
2026-10-06T15:51:19.533055Z,0.0600,15.63,yes
2026-10-06T15:51:19.964229Z,0.0600,390.94,yes
2026-10-06T15:51:20.020677Z,0.0600,78.18,yes
2026-10-06T15:51:20.738985Z,0.0600,670.62,yes
2026-10-06T15:51:21.065214Z,0.0500,55.00,no
2026-10-06T15:51:21.065214Z,0.0500,47.42,no
2026-10-06T15:51:21.065214Z,0.0500,3.24,no
2026-10-06T15:51:25.564521Z,0.0400,532.21,no
2026-10-06T15:51:25.564521Z,0.0400,0.10,no
2026-10-06T15:51:25.564521Z,0.0400,66.06,no
2026-10-06T15:51:25.564521Z,0.0400,10.00,no
2026-10-06T15:51:25.564521Z,0.0400,25.00,no
2026-10-06T15:51:25.985913Z,0.0500,0.04,yes
2026-10-06T15:51:26.128789Z,0.0500,47.22,yes
2026-10-06T15:51:26.128789Z,0.0500,63.24,yes
2026-10-06T15:51:26.128789Z,0.0500,14.81,yes
2026-10-06T15:51:26.128789Z,0.0500,5.00,yes
2026-10-06T15:51:26.128789Z,0.0500,1.00,yes
2026-10-06T15:51:26.365076Z,0.0400,157.61,no
2026-10-06T15:51:28.429144Z,0.0400,11.69,no
2026-10-06T15:51:28.429144Z,0.0400,47.33,no
2026-10-06T15:51:28.536245Z,0.0500,15.63,yes
2026-10-06T15:51:29.033132Z,0.0500,9.00,yes
2026-10-06T15:51:29.033132Z,0.0500,31.62,yes
2026-10-06T15:51:29.033132Z,0.0500,18.00,yes
2026-10-06T15:51:29.033132Z,0.0500,10.00,yes
2026-10-06T15:51:29.033132Z,0.0500,10.00,yes
2026-10-06T15:51:29.033132Z,0.0500,1.00,yes
2026-10-06T15:51:29.033132Z,0.0500,12.00,yes
2026-10-06T15:51:29.033132Z,0.0500,10.62,yes
2026-10-06T15:51:29.033132Z,0.0500,3.00,yes
2026-10-06T15:51:29.033132Z,0.0500,5.00,yes
2026-10-06T15:51:29.033132Z,0.0500,10.00,yes
2026-10-06T15:51:31.29385Z,0.0600,7.81,yes
2026-10-06T15:51:34.115112Z,0.0600,12.50,yes
2026-10-06T15:51:34.923699Z,0.0500,114.40,no
2026-10-06T15:51:34.931862Z,0.0600,31.27,yes
2026-10-06T15:51:34.960749Z,0.0500,642.00,no
2026-10-06T15:51:35.336852Z,0.0500,10.93,no
2026-10-06T15:51:35.678864Z,0.0600,390.94,yes
2026-10-06T15:51:35.869653Z,0.0600,312.75,yes
2026-10-06T15:51:35.877688Z,0.0600,57.50,yes
2026-10-06T15:51:35.969567Z,0.0600,390.94,yes
2026-10-06T15:51:36.675887Z,0.0600,31.27,yes
2026-10-06T15:51:36.733214Z,0.0500,1.57,no
2026-10-06T15:51:37.191231Z,0.0600,15.63,yes
2026-10-06T15:51:37.919794Z,0.0600,5.78,yes
2026-10-06T15:51:39.550847Z,0.0500,33.76,no
2026-10-06T15:51:39.812458Z,0.0500,302.00,no
2026-10-06T15:51:39.885846Z,0.0500,34.00,no
2026-10-06T15:51:40.64991Z,0.0500,115.00,no
2026-10-06T15:51:41.539867Z,0.0500,25.00,no
2026-10-06T15:51:41.764003Z,0.0500,218.69,no
2026-10-06T15:51:42.306688Z,0.0600,6.12,yes
2026-10-06T15:51:43.281381Z,0.0600,7.81,yes
2026-10-06T15:51:43.835708Z,0.0600,29.71,yes
2026-10-06T15:51:43.835708Z,0.0600,1.56,yes
2026-10-06T15:51:43.990038Z,0.0500,75.65,no
2026-10-06T15:51:44.478588Z,0.0500,125.84,no
2026-10-06T15:51:44.663124Z,0.0600,53.44,yes
2026-10-06T15:51:44.663124Z,0.0600,24.74,yes
2026-10-06T15:51:45.07118Z,0.0600,3.66,yes
2026-10-06T15:51:45.528666Z,0.0600,31.27,yes
2026-10-06T15:51:46.178546Z,0.0600,7.81,yes
2026-10-06T15:51:46.410007Z,0.0500,134.74,no
2026-10-06T15:51:46.50284Z,0.0600,344.02,yes
2026-10-06T15:51:47.358586Z,0.0500,117.56,no
2026-10-06T15:51:48.728488Z,0.0600,78.18,yes
2026-10-06T15:51:50.898563Z,0.0500,428.62,no
2026-10-06T15:51:50.898563Z,0.0500,37.57,no
2026-10-06T15:51:50.898563Z,0.0500,1.00,no
2026-10-06T15:51:50.898563Z,0.0500,25.00,no
2026-10-06T15:51:50.898563Z,0.0500,1.00,no
2026-10-06T15:51:50.898563Z,0.0500,38.54,no
2026-10-06T15:51:50.927772Z,0.0500,4.69,yes
2026-10-06T15:51:52.746919Z,0.0500,37.50,yes
2026-10-06T15:51:54.037382Z,0.0500,55.00,yes
2026-10-06T15:51:54.037382Z,0.0500,4.44,yes
2026-10-06T15:51:54.037382Z,0.0500,34.32,yes
2026-10-06T15:51:54.695105Z,0.0500,51.96,yes
2026-10-06T15:51:54.695105Z,0.0500,70.68,yes
2026-10-06T15:51:54.885317Z,0.0500,37.50,yes
2026-10-06T15:51:56.274282Z,0.0500,65.23,yes
2026-10-06T15:51:56.274282Z,0.0500,103.54,yes
2026-10-06T15:51:57.597036Z,0.0500,9.37,yes
2026-10-06T15:51:58.324287Z,0.0500,234.56,yes
2026-10-06T15:51:58.561432Z,0.0500,103.14,yes
2026-10-06T15:51:58.655005Z,0.0400,26.00,no
2026-10-06T15:51:58.655005Z,0.0400,34.00,no
2026-10-06T15:51:58.655005Z,0.0400,1.00,no
2026-10-06T15:51:58.655005Z,0.0400,1.69,no
2026-10-06T15:51:58.655005Z,0.0400,10.57,no
2026-10-06T15:51:58.655005Z,0.0400,55.00,no
2026-10-06T15:51:58.655005Z,0.0400,0.10,no
2026-10-06T15:51:59.145913Z,0.0400,21.86,no
2026-10-06T15:52:00.284527Z,0.0300,20.42,no
2026-10-06T15:52:00.284527Z,0.0400,1.00,no
2026-10-06T15:52:00.284527Z,0.0400,15.93,no
2026-10-06T15:52:00.284527Z,0.0400,14.81,no
2026-10-06T15:52:00.577459Z,0.0500,93.76,yes
2026-10-06T15:52:01.788635Z,0.0500,67.61,yes
2026-10-06T15:52:01.788635Z,0.0500,26.15,yes
2026-10-06T15:52:02.165203Z,0.0500,37.50,yes
2026-10-06T15:52:02.392915Z,0.0500,783.69,yes
2026-10-06T15:52:02.979531Z,0.0400,134.17,no
2026-10-06T15:52:02.979531Z,0.0400,55.00,no
2026-10-06T15:52:03.70626Z,0.0500,93.76,yes
2026-10-06T15:52:05.229646Z,0.0500,1279.40,yes
2026-10-06T15:52:05.229646Z,0.0500,190.00,yes
2026-10-06T15:52:05.229646Z,0.0500,34.32,yes
2026-10-06T15:52:05.229646Z,0.0500,70.68,yes
2026-10-06T15:52:05.229646Z,0.0500,35.00,yes
2026-10-06T15:52:05.229646Z,0.0500,5.00,yes
2026-10-06T15:52:05.229646Z,0.0500,0.10,yes
2026-10-06T15:52:05.229646Z,0.0500,37.57,yes
2026-10-06T15:52:05.229646Z,0.0500,55.00,yes
2026-10-06T15:52:05.465136Z,0.0500,57.14,yes
2026-10-06T15:52:06.797667Z,0.0500,562.40,yes
2026-10-06T15:52:08.117451Z,0.0500,2.41,yes
2026-10-06T15:52:08.117451Z,0.0500,41.35,yes
2026-10-06T15:52:08.117451Z,0.0500,50.00,yes
2026-10-06T15:52:08.353188Z,0.0500,38.24,yes
2026-10-06T15:52:08.353188Z,0.0500,18.01,yes
2026-10-06T15:52:08.990821Z,0.0400,3.07,no
2026-10-06T15:52:09.375474Z,0.0500,3.18,yes
2026-10-06T15:52:10.520529Z,0.0400,815.70,no
2026-10-06T15:52:14.632634Z,0.0500,5.00,yes
2026-10-06T15:52:14.632634Z,0.0500,48.93,yes
2026-10-06T15:52:14.632634Z,0.0500,58.58,yes
2026-10-06T15:52:14.858155Z,0.0500,37.50,yes
2026-10-06T15:52:16.26046Z,0.0500,10.00,yes
2026-10-06T15:52:16.26046Z,0.0500,80.57,yes
2026-10-06T15:52:16.26046Z,0.0500,9.43,yes
2026-10-06T15:52:17.066748Z,0.0400,47.06,no
2026-10-06T15:52:17.066748Z,0.0400,10.00,no
2026-10-06T15:52:17.066748Z,0.0400,15.30,no
2026-10-06T15:52:17.419816Z,0.0500,97.64,yes
2026-10-06T15:52:17.419816Z,0.0500,5.00,yes
2026-10-06T15:52:17.419816Z,0.0500,5.00,yes
2026-10-06T15:52:17.419816Z,0.0500,45.57,yes
2026-10-06T15:52:17.419816Z,0.0500,46.79,yes
2026-10-06T15:52:19.320286Z,0.0600,406.58,yes
2026-10-06T15:52:19.609831Z,0.0500,3.89,no
2026-10-06T15:52:19.609831Z,0.0500,47.45,no
2026-10-06T15:52:21.851863Z,0.0500,47.45,no
2026-10-06T15:52:21.851863Z,0.0500,9.97,no
2026-10-06T15:52:21.851863Z,0.0500,56.98,no
2026-10-06T15:52:23.940116Z,0.0400,6.73,no
2026-10-06T15:52:24.033931Z,0.0400,42.93,no
2026-10-06T15:52:24.033931Z,0.0400,32.97,no
2026-10-06T15:52:24.085304Z,0.0500,30.00,yes
2026-10-06T15:52:26.0684Z,0.0500,10.00,yes
2026-10-06T15:52:26.0684Z,0.0500,5.00,yes
2026-10-06T15:52:26.0684Z,0.0500,44.62,yes
2026-10-06T15:52:26.0684Z,0.0500,17.53,yes
2026-10-06T15:52:30.728591Z,0.0500,11.23,no
2026-10-06T15:52:30.728591Z,0.0500,47.45,no
2026-10-06T15:52:31.650067Z,0.0500,14.24,no
2026-10-06T15:52:31.650067Z,0.0500,15.18,no
2026-10-06T15:52:31.650067Z,0.0500,46.97,no
2026-10-06T15:52:32.70207Z,0.0600,78.18,yes
2026-10-06T15:52:33.829859Z,0.0400,12.00,no
2026-10-06T15:52:33.829859Z,0.0400,0.10,no
2026-10-06T15:52:33.829859Z,0.0500,9.22,no
2026-10-06T15:52:33.829859Z,0.0400,10.00,no
2026-10-06T15:52:33.829859Z,0.0400,55.00,no
2026-10-06T15:52:33.829859Z,0.0500,46.97,no
2026-10-06T15:52:33.829859Z,0.0400,100.00,no
2026-10-06T15:52:33.829859Z,0.0400,93.16,no
2026-10-06T15:52:34.332764Z,0.0500,0.31,no
2026-10-06T15:52:34.332764Z,0.0500,46.97,no
2026-10-06T15:52:34.836785Z,0.0500,55.00,yes
2026-10-06T15:52:34.836785Z,0.0500,46.97,yes
2026-10-06T15:52:34.836785Z,0.0500,755.03,yes
2026-10-06T15:52:35.244993Z,0.0500,25.00,yes
2026-10-06T15:52:37.066049Z,0.0500,21.97,yes
2026-10-06T15:52:37.066049Z,0.0500,15.00,yes
2026-10-06T15:52:37.066049Z,0.0500,50.55,yes
2026-10-06T15:52:37.066049Z,0.0500,100.00,yes
2026-10-06T15:52:38.350259Z,0.0400,17.83,no
2026-10-06T15:52:38.350259Z,0.0400,12.00,no
2026-10-06T15:52:38.86343Z,0.0500,281.29,yes
2026-10-06T15:52:38.951603Z,0.0500,37.50,yes
2026-10-06T15:52:39.068022Z,0.0500,55.00,yes
2026-10-06T15:52:39.068022Z,0.0500,630.66,yes
2026-10-06T15:52:39.068022Z,0.0500,35.34,yes
2026-10-06T15:52:39.14707Z,0.0500,4.50,yes
2026-10-06T15:52:41.187067Z,0.0400,14.17,no
2026-10-06T15:52:41.187067Z,0.0400,37.17,no
2026-10-06T15:52:41.504439Z,0.0500,5.00,yes
2026-10-06T15:52:41.504439Z,0.0500,47.02,yes
2026-10-06T15:52:41.504439Z,0.0500,105.00,yes
2026-10-06T15:52:41.504439Z,0.0500,5.00,yes
2026-10-06T15:52:41.504439Z,0.0500,25.50,yes
2026-10-06T15:52:41.752185Z,0.0400,46.97,no
2026-10-06T15:52:41.752185Z,0.0400,151.83,no
2026-10-06T15:52:41.752185Z,0.0400,801.20,no
2026-10-06T15:52:42.159076Z,0.0500,0.74,yes
2026-10-06T15:52:42.159076Z,0.0500,93.02,yes
2026-10-06T15:52:42.55809Z,0.0500,9.37,yes
2026-10-06T15:52:43.725406Z,0.0500,68.37,yes
2026-10-06T15:52:44.013489Z,0.0500,468.82,yes
2026-10-06T15:52:45.914832Z,0.0400,111.84,no
2026-10-06T15:52:45.914832Z,0.0400,1.00,no
2026-10-06T15:52:45.914832Z,0.0400,55.00,no
2026-10-06T15:52:45.959219Z,0.0500,93.76,yes
2026-10-06T15:52:46.496161Z,0.0500,670.98,yes
2026-10-06T15:52:46.496161Z,0.0500,266.66,yes
2026-10-06T15:52:46.716949Z,0.0400,47.00,yes
2026-10-06T15:52:46.75035Z,0.0400,200.00,yes
2026-10-06T15:52:46.75035Z,0.0400,0.84,yes
2026-10-06T15:52:46.75035Z,0.0400,49.16,yes
2026-10-06T15:52:46.755627Z,0.0400,54.84,yes
2026-10-06T15:52:46.77341Z,0.0400,47.84,yes
2026-10-06T15:52:46.782482Z,0.0400,5.00,yes
2026-10-06T15:52:46.782482Z,0.0400,49.00,yes
2026-10-06T15:52:46.826554Z,0.0400,55.00,yes
2026-10-06T15:52:46.826554Z,0.0400,47.00,yes
2026-10-06T15:52:46.866919Z,0.0400,0.84,yes
2026-10-06T15:52:46.866919Z,0.0400,27.16,yes
2026-10-06T15:52:46.881768Z,0.0500,109.00,yes
2026-10-06T15:52:46.881768Z,0.0400,47.84,yes
2026-10-06T15:52:47.494495Z,0.0400,0.20,yes
2026-10-06T15:52:47.745745Z,0.0400,26.01,yes
2026-10-06T15:52:47.745745Z,0.0400,0.20,yes
2026-10-06T15:52:47.745745Z,0.0400,47.84,yes
2026-10-06T15:52:47.745745Z,0.0400,103.80,yes
2026-10-06T15:52:47.745745Z,0.0400,10.00,yes
2026-10-06T15:52:48.498825Z,0.0300,1.00,no
2026-10-06T15:52:48.498825Z,0.0300,25.00,no
2026-10-06T15:52:48.498825Z,0.0300,85.81,no
2026-10-06T15:52:49.09695Z,0.0400,46.85,yes
2026-10-06T15:52:49.252277Z,0.0400,6.73,yes
2026-10-06T15:52:49.252277Z,0.0400,34.00,yes
2026-10-06T15:52:49.252277Z,0.0400,1.47,yes
2026-10-06T15:52:50.880751Z,0.0300,1.31,no
2026-10-06T15:52:51.133573Z,0.0400,85.81,yes
2026-10-06T15:52:51.133573Z,0.0400,10.00,yes
2026-10-06T15:52:51.133573Z,0.0400,1.92,yes
2026-10-06T15:52:51.133573Z,0.0400,5.27,yes
2026-10-06T15:52:51.133573Z,0.0400,5.00,yes
2026-10-06T15:52:51.899872Z,0.0400,4.34,yes
2026-10-06T15:52:51.899872Z,0.0400,19.08,yes
2026-10-06T15:52:52.605886Z,0.0400,7.76,yes
2026-10-06T15:52:52.605886Z,0.0400,43.54,yes
2026-10-06T15:52:53.627443Z,0.0400,5.00,yes
2026-10-06T15:52:53.627443Z,0.0400,63.57,yes
2026-10-06T15:52:53.627443Z,0.0400,47.24,yes
2026-10-06T15:52:53.627443Z,0.0400,1.31,yes
2026-10-06T15:52:54.725156Z,0.0400,57.14,yes
2026-10-06T15:52:54.725156Z,0.0400,30.00,yes
2026-10-06T15:52:54.725156Z,0.0400,48.41,yes
2026-10-06T15:52:54.725156Z,0.0400,5.00,yes
2026-10-06T15:52:55.017174Z,0.0300,39.93,no
2026-10-06T15:52:55.175785Z,0.0400,11.71,yes
2026-10-06T15:52:56.503926Z,0.0400,23.42,yes
2026-10-06T15:52:57.383468Z,0.0400,23.42,yes
2026-10-06T15:52:58.449413Z,0.0400,117.12,yes
2026-10-06T15:52:59.529847Z,0.0300,104.55,no
2026-10-06T15:52:59.928115Z,0.0400,46.85,yes
2026-10-06T15:53:00.897665Z,0.0400,256.05,yes
2026-10-06T15:53:01.768402Z,0.0400,23.42,yes
2026-10-06T15:53:04.550927Z,0.0400,234.25,yes
2026-10-06T15:53:06.799346Z,0.0400,23.42,yes
2026-10-06T15:53:11.26557Z,0.0300,140.55,no
2026-10-06T15:53:11.816337Z,0.0300,10.00,no
2026-10-06T15:53:12.224579Z,0.0400,23.42,yes
2026-10-06T15:53:15.124186Z,0.0300,217.85,no
2026-10-06T15:53:15.124186Z,0.0300,47.68,no
2026-10-06T15:53:15.124186Z,0.0300,55.00,no
2026-10-06T15:53:15.205196Z,0.0300,54.67,no
2026-10-06T15:53:15.708234Z,0.0400,140.55,yes
2026-10-06T15:53:16.03204Z,0.0400,187.40,yes
2026-10-06T15:53:16.773915Z,0.0300,42.00,no
2026-10-06T15:53:16.847951Z,0.0300,48.65,no
2026-10-06T15:53:16.847951Z,0.0300,30.00,no
2026-10-06T15:53:16.847951Z,0.0300,30.14,no
2026-10-06T15:53:16.847951Z,0.0300,3.02,no
2026-10-06T15:53:18.122511Z,0.0300,48.32,no
2026-10-06T15:53:18.122511Z,0.0300,53.00,no
2026-10-06T15:53:19.400765Z,0.0400,11.71,yes
2026-10-06T15:53:19.507692Z,0.0300,37.55,no
2026-10-06T15:53:19.507692Z,0.0300,334.84,no
2026-10-06T15:53:19.507692Z,0.0300,10.00,no
2026-10-06T15:53:19.507692Z,0.0300,55.00,no
2026-10-06T15:53:19.769855Z,0.0300,2.23,no
2026-10-06T15:53:20.256299Z,0.0400,23.42,yes
2026-10-06T15:53:22.325399Z,0.0400,1077.58,yes
2026-10-06T15:53:22.364968Z,0.0400,114.78,yes
2026-10-06T15:53:24.517091Z,0.0400,46.85,yes
2026-10-06T15:53:25.476798Z,0.0400,2.34,yes
2026-10-06T15:53:26.020862Z,0.0400,55.15,yes
2026-10-06T15:53:26.020862Z,0.0400,61.97,yes
2026-10-06T15:53:26.307109Z,0.0400,46.85,yes
2026-10-06T15:53:26.568711Z,0.0300,8.50,no
2026-10-06T15:53:27.021755Z,0.0200,25.00,no
2026-10-06T15:53:27.021755Z,0.0200,205.73,no
2026-10-06T15:53:27.021755Z,0.0300,48.01,no
2026-10-06T15:53:27.021755Z,0.0300,34.00,no
2026-10-06T15:53:27.740941Z,0.0300,23.42,no
2026-10-06T15:53:27.927688Z,0.0400,38.75,yes
2026-10-06T15:53:27.927688Z,0.0300,30.53,yes
2026-10-06T15:53:27.927688Z,0.0300,47.84,yes
2026-10-06T15:53:33.382523Z,0.0200,6.29,no
2026-10-06T15:53:35.304485Z,0.0200,21.86,no
2026-10-06T15:53:35.46877Z,0.0200,111.50,no
2026-10-06T15:53:36.216725Z,0.0200,19.84,no
2026-10-06T15:53:36.347113Z,0.0200,32.41,no
2026-10-06T15:53:37.919532Z,0.0300,3.12,yes
2026-10-06T15:53:38.270289Z,0.0300,23.42,yes
2026-10-06T15:53:38.939237Z,0.0200,58.55,no
2026-10-06T15:53:38.968715Z,0.0300,31.21,yes
2026-10-06T15:53:39.173013Z,0.0200,12.61,no
2026-10-06T15:53:39.186784Z,0.0200,6.73,no
2026-10-06T15:53:40.180076Z,0.0100,222.52,no
2026-10-06T15:53:40.180076Z,0.0200,124.48,no
2026-10-06T15:53:40.180076Z,0.0200,65.00,no
2026-10-06T15:53:40.180076Z,0.0200,101.00,no
2026-10-06T15:53:40.180076Z,0.0200,24.42,no
2026-10-06T15:53:40.180076Z,0.0200,176.00,no
2026-10-06T15:53:40.180076Z,0.0200,1000.00,no
2026-10-06T15:53:40.180076Z,0.0200,30.00,no
2026-10-06T15:53:40.180076Z,0.0200,5.62,no
2026-10-06T15:53:40.180076Z,0.0200,55.00,no
2026-10-06T15:53:40.180076Z,0.0200,12.00,no
2026-10-06T15:53:41.115052Z,0.0200,48.41,yes
2026-10-06T15:53:41.115052Z,0.0200,101.59,yes
2026-10-06T15:53:41.115052Z,0.0200,30.00,yes
2026-10-06T15:53:41.861973Z,0.0100,2.39,no
2026-10-06T15:53:42.284956Z,0.0200,120.41,yes
2026-10-06T15:53:42.284956Z,0.0200,66.75,yes
2026-10-06T15:53:42.947354Z,0.0200,34.00,yes
2026-10-06T15:53:42.947354Z,0.0200,25.00,yes
2026-10-06T15:53:42.947354Z,0.0200,96.25,yes
2026-10-06T15:53:42.947354Z,0.0200,67.85,yes
2026-10-06T15:53:42.947354Z,0.0200,39.93,yes
2026-10-06T15:53:44.118553Z,0.0200,18.00,yes
2026-10-06T15:53:44.284484Z,0.0200,18.70,yes
2026-10-06T15:53:44.284484Z,0.0200,6.30,yes
2026-10-06T15:53:48.11884Z,0.0200,34.00,yes
2026-10-06T15:53:48.15162Z,0.0100,5.03,no
2026-10-06T15:53:48.380937Z,0.0100,27.05,no
2026-10-06T15:53:48.432792Z,0.0200,46.79,yes
2026-10-06T15:53:49.090011Z,0.0200,53.46,yes
2026-10-06T15:53:49.090011Z,0.0200,1.54,yes
2026-10-06T15:53:49.205064Z,0.0200,8.46,yes
2026-10-06T15:53:49.205064Z,0.0200,16.54,yes
2026-10-06T15:53:49.508458Z,0.0100,9.59,no
2026-10-06T15:53:50.53595Z,0.0100,58.71,no
2026-10-06T15:53:50.795945Z,0.0100,85.57,no
2026-10-06T15:53:51.144746Z,0.0200,8.89,yes
2026-10-06T15:53:52.530766Z,0.0100,11.44,no
2026-10-06T15:53:52.909872Z,0.0300,0.37,yes
2026-10-06T15:53:52.909872Z,0.0300,494.89,yes
2026-10-06T15:53:52.909872Z,0.0300,0.10,yes
2026-10-06T15:53:52.909872Z,0.0200,12.61,yes
2026-10-06T15:53:52.909872Z,0.0200,27.01,yes
2026-10-06T15:53:52.909872Z,0.0200,5.00,yes
2026-10-06T15:53:52.909872Z,0.0200,19.84,yes
2026-10-06T15:53:52.909872Z,0.0200,2.00,yes
2026-10-06T15:53:52.909872Z,0.0200,0.10,yes
2026-10-06T15:53:52.909872Z,0.0200,58.55,yes
2026-10-06T15:53:52.909872Z,0.0200,124.48,yes
2026-10-06T15:53:52.909872Z,0.0200,6.73,yes
2026-10-06T15:53:52.909872Z,0.0200,32.41,yes
2026-10-06T15:53:52.909872Z,0.0200,192.42,yes
2026-10-06T15:53:52.909872Z,0.0200,205.73,yes
2026-10-06T15:53:52.909872Z,0.0200,6.29,yes
2026-10-06T15:53:52.909872Z,0.0200,21.86,yes
2026-10-06T15:53:52.909872Z,0.0200,111.50,yes
2026-10-06T15:53:52.909872Z,0.0200,48.42,yes
2026-10-06T15:53:52.909872Z,0.0200,101.00,yes
2026-10-06T15:53:52.909872Z,0.0200,1.00,yes
2026-10-06T15:53:52.909872Z,0.0200,100.00,yes
2026-10-06T15:53:52.909872Z,0.0200,5.00,yes
2026-10-06T15:53:53.678565Z,0.0200,31.21,yes
2026-10-06T15:53:53.857261Z,0.0100,15.76,no
2026-10-06T15:53:54.854664Z,0.0200,1.00,yes
2026-10-06T15:53:54.854664Z,0.0200,97.00,yes
2026-10-06T15:53:54.854664Z,0.0200,17.44,yes
2026-10-06T15:53:54.854664Z,0.0300,473.59,yes
2026-10-06T15:53:54.878322Z,0.0200,16.00,no
2026-10-06T15:53:55.25756Z,0.0200,8.55,no
2026-10-06T15:53:56.788306Z,0.0300,248.82,yes
2026-10-06T15:53:56.788306Z,0.0300,531.52,yes
2026-10-06T15:53:59.691384Z,0.0300,3.12,yes
2026-10-06T15:54:00.046026Z,0.0200,15.18,no
2026-10-06T15:54:00.046026Z,0.0200,24.06,no
2026-10-06T15:54:01.539504Z,0.0300,156.06,yes
2026-10-06T15:54:01.829721Z,0.0200,10.93,no
2026-10-06T15:54:02.085445Z,0.0300,52.15,yes
2026-10-06T15:54:03.101366Z,0.0300,31.21,yes
2026-10-06T15:54:03.205703Z,0.0300,31.21,yes
2026-10-06T15:54:04.039899Z,0.0200,74.89,no
2026-10-06T15:54:04.039899Z,0.0200,85.97,no
2026-10-06T15:54:04.039899Z,0.0200,176.00,no
2026-10-06T15:54:04.32631Z,0.0200,4.02,no
2026-10-06T15:54:04.32631Z,0.0200,55.00,no
2026-10-06T15:54:04.472732Z,0.0200,59.80,no
2026-10-06T15:54:04.472732Z,0.0200,25.30,no
2026-10-06T15:54:04.472732Z,0.0200,48.04,no
2026-10-06T15:54:04.57486Z,0.0200,37.50,no
2026-10-06T15:54:06.466541Z,0.0200,139.12,yes
2026-10-06T15:54:06.466541Z,0.0200,48.04,yes
2026-10-06T15:54:06.645361Z,0.0100,8.14,no
2026-10-06T15:54:06.645361Z,0.0100,300.00,no
2026-10-06T15:54:06.645361Z,0.0100,1.00,no
2026-10-06T15:54:06.645361Z,0.0100,1.00,no
2026-10-06T15:54:06.645361Z,0.0100,22.00,no
2026-10-06T15:54:06.645361Z,0.0100,561.94,no
2026-10-06T15:54:06.645361Z,0.0100,720.95,no
2026-10-06T15:54:06.650288Z,0.0100,50.00,no
2026-10-06T15:54:06.652282Z,0.0100,150.00,no
2026-10-06T15:54:06.653983Z,0.0100,100.00,no
2026-10-06T15:54:06.655233Z,0.0100,20.00,no
2026-10-06T15:54:06.660828Z,0.0100,50.00,no
2026-10-06T15:54:06.663604Z,0.0100,1519.55,no
2026-10-06T15:54:06.674494Z,0.0100,50.00,no
2026-10-06T15:54:06.683334Z,0.0100,50.00,no
2026-10-06T15:54:06.692159Z,0.0100,50.00,no
2026-10-06T15:54:06.703467Z,0.0100,50.00,no
2026-10-06T15:54:06.713051Z,0.0100,50.00,no
2026-10-06T15:54:06.725041Z,0.0100,50.00,no
2026-10-06T15:54:06.729625Z,0.0100,20.00,no
2026-10-06T15:54:06.737408Z,0.0100,50.00,no
2026-10-06T15:54:06.817736Z,0.0100,11.08,no
2026-10-06T15:54:07.431863Z,0.0200,34.00,yes
2026-10-06T15:54:07.431863Z,0.0200,12.79,yes
2026-10-06T15:54:07.458389Z,0.0100,402.00,no
2026-10-06T15:54:07.492201Z,0.0100,218.00,no
2026-10-06T15:54:07.862325Z,0.0100,150.00,no
2026-10-06T15:54:08.085066Z,0.0200,0.12,yes
2026-10-06T15:54:08.085066Z,0.0200,2.21,yes
2026-10-06T15:54:08.424031Z,0.0200,26.20,yes
2026-10-06T15:54:08.42876Z,0.0100,218.00,no
2026-10-06T15:54:08.68695Z,0.0100,285.00,no
2026-10-06T15:54:08.692898Z,0.0100,12.24,no
2026-10-06T15:54:08.718516Z,0.0100,1.65,no
2026-10-06T15:54:08.899087Z,0.0100,1.65,no
2026-10-06T15:54:10.265252Z,0.0200,21.76,yes
2026-10-06T15:54:10.265252Z,0.0200,446.14,yes
2026-10-06T15:54:11.037817Z,0.0100,43.50,no
2026-10-06T15:54:11.104078Z,0.0200,93.58,yes
2026-10-06T15:54:11.14919Z,0.0100,93.00,no
2026-10-06T15:54:11.14919Z,0.0100,447.00,no
2026-10-06T15:54:11.14919Z,0.0100,11.00,no
2026-10-06T15:54:11.14919Z,0.0100,182.00,no
2026-10-06T15:54:11.14919Z,0.0100,4.01,no
2026-10-06T15:54:11.14919Z,0.0100,1.15,no
2026-10-06T15:54:11.14919Z,0.0100,65.00,no
2026-10-06T15:54:11.14919Z,0.0100,10.00,no
2026-10-06T15:54:11.14919Z,0.0100,55.00,no
2026-10-06T15:54:11.14919Z,0.0100,97.00,no
2026-10-06T15:54:11.14919Z,0.0100,15.00,no
2026-10-06T15:54:11.14919Z,0.0100,103.00,no
2026-10-06T15:54:11.14919Z,0.0100,30.00,no
2026-10-06T15:54:11.14919Z,0.0100,102.00,no
2026-10-06T15:54:11.14919Z,0.0100,121.00,no
2026-10-06T15:54:11.14919Z,0.0100,676.38,no
2026-10-06T15:54:13.758576Z,0.0100,93.51,yes
2026-10-06T15:54:13.922059Z,0.0100,93.51,yes
2026-10-06T15:54:14.037978Z,0.0100,93.51,yes
2026-10-06T15:54:14.781513Z,0.0100,561.11,yes
2026-10-06T15:54:15.865762Z,0.0100,93.58,yes
2026-10-06T15:54:17.290805Z,0.0100,6.54,yes
2026-10-06T15:54:19.116203Z,0.0100,12.17,yes
2026-10-06T15:54:22.499773Z,0.0100,93.51,yes
2026-10-06T15:54:24.448874Z,0.0100,93.51,yes
2026-10-06T15:54:25.87208Z,0.0100,22.28,yes
2026-10-06T15:54:25.87208Z,0.0100,103.00,yes
2026-10-06T15:54:25.87208Z,0.0100,28.40,yes
2026-10-06T15:54:25.87208Z,0.0100,102.00,yes
2026-10-06T15:54:25.87208Z,0.0100,112.00,yes
2026-10-06T15:54:25.87208Z,0.0100,121.00,yes
2026-10-06T15:54:25.87208Z,0.0100,100.00,yes
2026-10-06T15:54:25.87208Z,0.0100,346.51,yes
2026-10-06T15:54:29.033591Z,0.0100,93.51,yes
2026-10-06T15:54:29.155606Z,0.0100,45.29,yes
2026-10-06T15:54:29.155606Z,0.0100,325.09,yes
2026-10-06T15:54:29.155606Z,0.0100,1500.00,yes
2026-10-06T15:54:31.374965Z,0.0100,412.88,yes
2026-10-06T15:54:31.374965Z,0.0100,4.71,yes
2026-10-06T15:54:31.374965Z,0.0100,50.00,yes
2026-10-06T15:54:32.675552Z,0.0100,93.51,yes
2026-10-06T15:54:33.361757Z,0.0100,0.93,yes
2026-10-06T15:54:42.058641Z,0.0100,93.51,yes
2026-10-06T15:54:42.06552Z,0.0100,1870.38,yes
2026-10-06T15:54:56.631537Z,0.0100,33.33,yes
2026-10-06T15:55:15.627048Z,0.0100,93.51,yes
2026-10-06T15:55:21.203101Z,0.0100,935.19,yes
2026-10-06T15:55:26.931642Z,0.0100,187.03,yes
