time,yes_price,contracts,taker
2026-09-29T18:57:12.918421Z,0.0100,507.00,no
2026-09-29T18:57:12.918421Z,0.0100,196.76,no
2026-09-29T18:57:12.918421Z,0.0200,58.24,no
2026-09-29T18:57:12.918421Z,0.0200,262.00,no
2026-09-29T18:57:12.918421Z,0.0200,2.00,no
2026-09-29T18:57:12.918421Z,0.0200,47.00,no
2026-09-29T18:57:13.251586Z,0.0200,233.00,yes
2026-09-29T18:57:13.355057Z,0.0200,0.39,yes
2026-09-29T18:57:13.931048Z,0.0200,7.57,yes
2026-09-29T18:57:13.931048Z,0.0200,65.00,yes
2026-09-29T18:57:13.931048Z,0.0200,55.00,yes
2026-09-29T18:57:13.931048Z,0.0200,102.00,yes
2026-09-29T18:57:13.931048Z,0.0200,10.00,yes
2026-09-29T18:57:13.931048Z,0.0200,81.00,yes
2026-09-29T18:57:13.931048Z,0.0200,150.00,yes
2026-09-29T18:57:13.931048Z,0.0200,273.61,yes
2026-09-29T18:57:13.931048Z,0.0200,58.11,yes
2026-09-29T18:57:14.710797Z,0.0200,10.00,yes
2026-09-29T18:57:14.710797Z,0.0200,58.49,yes
2026-09-29T18:57:14.710797Z,0.0200,75.46,yes
2026-09-29T18:57:14.710797Z,0.0200,25.00,yes
2026-09-29T18:57:14.710797Z,0.0200,65.00,yes
2026-09-29T18:57:15.663105Z,0.0200,17.19,yes
2026-09-29T18:57:15.663105Z,0.0200,55.00,yes
2026-09-29T18:57:15.663105Z,0.0200,10.00,yes
2026-09-29T18:57:15.663105Z,0.0200,75.46,yes
2026-09-29T18:57:15.663105Z,0.0200,58.49,yes
2026-09-29T18:57:15.663105Z,0.0200,10.00,yes
2026-09-29T18:57:15.663105Z,0.0200,93.00,yes
2026-09-29T18:57:15.663105Z,0.0200,150.00,yes
2026-09-29T18:57:15.663105Z,0.0200,26.54,yes
2026-09-29T18:57:15.663105Z,0.0200,4.00,yes
2026-09-29T18:57:16.089858Z,0.0200,3.93,yes
2026-09-29T18:57:16.089858Z,0.0200,58.49,yes
2026-09-29T18:57:16.159408Z,0.0200,9.68,yes
2026-09-29T18:57:16.159408Z,0.0200,5.07,yes
2026-09-29T18:57:16.159408Z,0.0200,10.00,yes
2026-09-29T18:57:16.270089Z,0.0200,57.81,yes
2026-09-29T18:57:16.270089Z,0.0200,140.32,yes
2026-09-29T18:57:16.270089Z,0.0200,102.00,yes
2026-09-29T18:57:16.270089Z,0.0200,12.00,yes
2026-09-29T18:57:17.197424Z,0.0200,8.00,yes
2026-09-29T18:57:17.197424Z,0.0200,15.27,yes
2026-09-29T18:57:17.197424Z,0.0200,70.19,yes
2026-09-29T18:57:17.197424Z,0.0200,150.00,yes
2026-09-29T18:57:17.197424Z,0.0200,102.00,yes
2026-09-29T18:57:17.197424Z,0.0200,10.00,yes
2026-09-29T18:57:17.197424Z,0.0200,55.00,yes
2026-09-29T18:57:17.197424Z,0.0200,0.28,yes
2026-09-29T18:57:18.544447Z,0.0200,8.00,yes
2026-09-29T18:57:18.544447Z,0.0200,18.25,yes
2026-09-29T18:57:18.544447Z,0.0200,10.00,yes
2026-09-29T18:57:18.544447Z,0.0200,57.33,yes
2026-09-29T18:57:18.735589Z,0.0200,8.00,yes
2026-09-29T18:57:18.735589Z,0.0200,10.00,yes
2026-09-29T18:57:18.735589Z,0.0200,6.47,yes
2026-09-29T18:57:18.735589Z,0.0200,57.75,yes
2026-09-29T18:57:18.735589Z,0.0200,55.00,yes
2026-09-29T18:57:18.735589Z,0.0200,102.00,yes
2026-09-29T18:57:18.735589Z,0.0200,131.75,yes
2026-09-29T18:57:20.259061Z,0.0200,150.00,yes
2026-09-29T18:57:20.259061Z,0.0200,57.75,yes
2026-09-29T18:57:20.259061Z,0.0200,102.00,yes
2026-09-29T18:57:20.259061Z,0.0200,7.00,yes
2026-09-29T18:57:20.259061Z,0.0200,10.00,yes
2026-09-29T18:57:20.259061Z,0.0200,55.00,yes
2026-09-29T18:57:20.259061Z,0.0200,5000.00,yes
2026-09-29T18:57:20.259061Z,0.0200,13.84,yes
2026-09-29T18:57:20.259061Z,0.0200,1088.48,yes
2026-09-29T18:57:21.778279Z,0.0200,12.00,yes
2026-09-29T18:57:21.778279Z,0.0200,3.85,yes
2026-09-29T18:57:21.778279Z,0.0200,7.00,yes
2026-09-29T18:57:21.778279Z,0.0200,150.00,yes
2026-09-29T18:57:21.778279Z,0.0200,58.18,yes
2026-09-29T18:57:21.778279Z,0.0200,102.00,yes
2026-09-29T18:57:21.778279Z,0.0200,10.00,yes
2026-09-29T18:57:23.158234Z,0.0200,7.00,yes
2026-09-29T18:57:23.158234Z,0.0200,102.00,yes
2026-09-29T18:57:23.158234Z,0.0200,2.63,yes
2026-09-29T18:57:23.158234Z,0.0200,10.00,yes
2026-09-29T18:57:23.158234Z,0.0200,150.00,yes
2026-09-29T18:57:23.158234Z,0.0200,58.12,yes
2026-09-29T18:57:23.158234Z,0.0200,10.00,yes
2026-09-29T18:57:23.158234Z,0.0300,190.88,yes
2026-09-29T18:57:23.264062Z,0.0200,7.00,yes
2026-09-29T18:57:23.264062Z,0.0200,10.00,yes
2026-09-29T18:57:23.264062Z,0.0200,57.90,yes
2026-09-29T18:57:23.984601Z,0.0200,57.90,yes
2026-09-29T18:57:23.984601Z,0.0200,16.05,yes
2026-09-29T18:57:23.984601Z,0.0200,10.00,yes
2026-09-29T18:57:23.984601Z,0.0200,150.00,yes
2026-09-29T18:57:24.600331Z,0.0200,1.15,yes
2026-09-29T18:57:24.600331Z,0.0200,10.00,yes
2026-09-29T18:57:24.600331Z,0.0200,6.00,yes
2026-09-29T18:57:24.600331Z,0.0200,85.95,yes
2026-09-29T18:57:24.600331Z,0.0200,57.90,yes
2026-09-29T18:57:24.762332Z,0.0200,148.85,yes
2026-09-29T18:57:24.762332Z,0.0200,10.00,yes
2026-09-29T18:57:24.762332Z,0.0200,16.05,yes
2026-09-29T18:57:24.762332Z,0.0200,2.16,yes
2026-09-29T18:57:24.762332Z,0.0200,57.90,yes
2026-09-29T18:57:24.762332Z,0.0200,6.00,yes
2026-09-29T18:57:24.762332Z,0.0200,85.95,yes
2026-09-29T18:57:25.682882Z,0.0200,19.36,yes
2026-09-29T18:57:25.682882Z,0.0200,150.00,yes
2026-09-29T18:57:25.682882Z,0.0200,57.90,yes
2026-09-29T18:57:25.682882Z,0.0200,10.00,yes
2026-09-29T18:57:25.682882Z,0.0200,102.00,yes
2026-09-29T18:57:25.682882Z,0.0200,10.00,yes
2026-09-29T18:57:25.682882Z,0.0300,275.01,yes
2026-09-29T18:57:26.675513Z,0.0200,57.75,yes
2026-09-29T18:57:26.675513Z,0.0200,150.00,yes
2026-09-29T18:57:26.675513Z,0.0200,82.00,yes
2026-09-29T18:57:26.675513Z,0.0200,10.00,yes
2026-09-29T18:57:26.675513Z,0.0200,18.86,yes
2026-09-29T18:57:26.675513Z,0.0200,12.00,yes
2026-09-29T18:57:27.50724Z,0.0200,46.79,yes
2026-09-29T18:57:28.733439Z,0.0200,10.00,yes
2026-09-29T18:57:28.733439Z,0.0200,10.47,yes
2026-09-29T18:57:28.733439Z,0.0200,17.08,yes
2026-09-29T18:57:28.733439Z,0.0200,21.22,yes
2026-09-29T18:57:30.678865Z,0.0200,10.00,yes
2026-09-29T18:57:30.678865Z,0.0200,15.61,yes
2026-09-29T18:57:30.678865Z,0.0200,57.26,yes
2026-09-29T18:57:30.678865Z,0.0200,128.78,yes
2026-09-29T18:57:30.678865Z,0.0200,144.10,yes
2026-09-29T18:57:30.678865Z,0.0200,10.00,yes
2026-09-29T18:57:30.678865Z,0.0300,376.74,yes
2026-09-29T18:57:30.906778Z,0.0200,1.72,yes
2026-09-29T18:57:30.906778Z,0.0200,57.23,yes
2026-09-29T18:57:31.715494Z,0.0200,140.37,yes
2026-09-29T18:57:32.484501Z,0.0200,8.00,yes
2026-09-29T18:57:32.484501Z,0.0200,3.03,yes
2026-09-29T18:57:32.484501Z,0.0200,57.23,yes
2026-09-29T18:57:32.484501Z,0.0200,10.00,yes
2026-09-29T18:57:34.034779Z,0.0200,57.23,yes
2026-09-29T18:57:34.034779Z,0.0200,10.00,yes
2026-09-29T18:57:34.034779Z,0.0200,11.45,yes
2026-09-29T18:57:36.800661Z,0.0300,305.89,yes
2026-09-29T18:57:36.847554Z,0.0300,72.00,yes
2026-09-29T18:57:39.771892Z,0.0300,53.68,yes
2026-09-29T18:57:41.564864Z,0.0300,312.13,yes
2026-09-29T18:57:41.879651Z,0.0300,1123.66,yes
2026-09-29T18:57:43.342307Z,0.0300,31.21,yes
2026-09-29T18:57:43.929524Z,0.0300,156.06,yes
2026-09-29T18:57:44.587751Z,0.0300,31.21,yes
2026-09-29T18:57:45.451177Z,0.0300,780.34,yes
2026-09-29T18:57:46.349923Z,0.0300,62.42,yes
2026-09-29T18:57:46.478491Z,0.0300,78.03,yes
2026-09-29T18:57:46.488023Z,0.0300,31.21,yes
2026-09-29T18:57:48.007331Z,0.0300,24.00,yes
2026-09-29T18:57:50.442681Z,0.0300,7.80,yes
2026-09-29T18:57:53.131414Z,0.0300,31.21,yes
2026-09-29T18:57:57.868272Z,0.0300,436.99,yes
2026-09-29T18:57:58.626437Z,0.0300,280.92,yes
2026-09-29T18:57:59.982965Z,0.0300,31.00,yes
2026-09-29T18:58:00.271848Z,0.0300,1560.69,yes
2026-09-29T18:58:01.445077Z,0.0200,33.00,no
2026-09-29T18:58:01.445077Z,0.0200,57.61,no
2026-09-29T18:58:01.445077Z,0.0200,38.00,no
2026-09-29T18:58:01.445077Z,0.0200,28.60,no
2026-09-29T18:58:01.445077Z,0.0200,500.00,no
2026-09-29T18:58:07.641277Z,0.0300,116.06,yes
2026-09-29T18:58:07.641277Z,0.0300,40.00,yes
2026-09-29T18:58:08.782229Z,0.0300,214.19,yes
2026-09-29T18:58:08.782229Z,0.0300,14.00,yes
2026-09-29T18:58:08.782229Z,0.0300,83.94,yes
2026-09-29T18:58:08.853639Z,0.0300,103.32,yes
2026-09-29T18:58:08.853639Z,0.0300,208.81,yes
2026-09-29T18:58:09.841622Z,0.0200,10.44,no
2026-09-29T18:58:10.388978Z,0.0300,23.00,yes
2026-09-29T18:58:10.751418Z,0.0300,312.13,yes
2026-09-29T18:58:12.787305Z,0.0300,31.21,yes
2026-09-29T18:58:13.490178Z,0.0300,1293.35,yes
2026-09-29T18:58:13.490178Z,0.0300,267.34,yes
2026-09-29T18:58:16.741549Z,0.0300,31.21,yes
2026-09-29T18:58:17.396326Z,0.0300,99.80,yes
2026-09-29T18:58:17.911845Z,0.0300,156.06,yes
2026-09-29T18:58:18.211562Z,0.0300,31.21,yes
2026-09-29T18:58:18.480792Z,0.0300,156.06,yes
2026-09-29T18:58:19.042996Z,0.0300,312.13,yes
2026-09-29T18:58:20.780291Z,0.0300,156.06,yes
2026-09-29T18:58:23.842129Z,0.0200,13.41,no
2026-09-29T18:58:24.868082Z,0.0300,312.13,yes
2026-09-29T18:58:25.379612Z,0.0300,93.64,yes
2026-09-29T18:58:26.036102Z,0.0300,156.06,yes
2026-09-29T18:58:29.511881Z,0.0300,62.42,yes
2026-09-29T18:58:32.256454Z,0.0300,156.06,yes
2026-09-29T18:58:32.389992Z,0.0300,72.00,yes
2026-09-29T18:58:32.738578Z,0.0300,1560.69,yes
2026-09-29T18:58:32.771353Z,0.0300,312.13,yes
2026-09-29T18:58:32.873427Z,0.0300,156.06,yes
2026-09-29T18:58:33.599577Z,0.0300,49.49,yes
2026-09-29T18:58:33.599577Z,0.0300,12.93,yes
2026-09-29T18:58:35.558093Z,0.0200,9.00,no
2026-09-29T18:58:35.558093Z,0.0200,325.84,no
2026-09-29T18:58:35.558093Z,0.0200,3.00,no
2026-09-29T18:58:35.558093Z,0.0200,673.00,no
2026-09-29T18:58:35.558093Z,0.0200,620.55,no
2026-09-29T18:58:35.558093Z,0.0200,673.00,no
2026-09-29T18:58:35.558093Z,0.0200,50.00,no
2026-09-29T18:58:35.558093Z,0.0200,94.00,no
2026-09-29T18:58:35.558093Z,0.0200,673.00,no
2026-09-29T18:58:37.267133Z,0.0300,156.06,yes
2026-09-29T18:58:40.342613Z,0.0300,294.45,yes
2026-09-29T18:58:40.342613Z,0.0300,17.68,yes
2026-09-29T18:58:40.580891Z,0.0300,26.66,yes
2026-09-29T18:58:43.360941Z,0.0300,62.42,yes
2026-09-29T18:58:44.848321Z,0.0300,156.06,yes
2026-09-29T18:58:48.107448Z,0.0300,355.30,yes
2026-09-29T18:58:48.107448Z,0.0300,737.18,yes
2026-09-29T18:58:48.830896Z,0.0300,156.06,yes
2026-09-29T18:58:50.049152Z,0.0300,31.21,yes
2026-09-29T18:58:52.859458Z,0.0300,312.13,yes
2026-09-29T18:58:53.106676Z,0.0300,23.00,yes
2026-09-29T18:58:56.882086Z,0.0300,62.33,yes
2026-09-29T18:58:58.057559Z,0.0300,624.27,yes
2026-09-29T18:58:59.325887Z,0.0200,46.70,no
2026-09-29T18:58:59.325887Z,0.0200,38.00,no
2026-09-29T18:58:59.325887Z,0.0200,49.42,no
2026-09-29T18:59:00.269295Z,0.0300,156.06,yes
2026-09-29T18:59:05.206784Z,0.0300,624.27,yes
2026-09-29T18:59:06.337511Z,0.0300,31.21,yes
2026-09-29T18:59:06.502539Z,0.0200,33.00,no
2026-09-29T18:59:06.502539Z,0.0200,76.18,no
2026-09-29T18:59:06.502539Z,0.0200,7.94,no
2026-09-29T18:59:09.812682Z,0.0300,156.06,yes
2026-09-29T18:59:10.259265Z,0.0300,312.13,yes
2026-09-29T18:59:12.276994Z,0.0300,156.06,yes
2026-09-29T18:59:14.805636Z,0.0300,312.13,yes
2026-09-29T18:59:17.943994Z,0.0200,67.06,no
2026-09-29T18:59:19.397758Z,0.0300,156.06,yes
2026-09-29T18:59:20.257595Z,0.0300,31.21,yes
2026-09-29T18:59:25.351788Z,0.0300,156.06,yes
2026-09-29T18:59:26.137991Z,0.0300,23.00,yes
2026-09-29T18:59:28.081067Z,0.0300,1451.45,yes
2026-09-29T18:59:28.081067Z,0.0300,109.24,yes
2026-09-29T18:59:29.449259Z,0.0300,62.42,yes
2026-09-29T18:59:30.068436Z,0.0300,31.21,yes
2026-09-29T18:59:33.657879Z,0.0300,31.21,yes
2026-09-29T18:59:37.550499Z,0.0300,237.22,yes
2026-09-29T18:59:37.6728Z,0.0300,124.85,yes
2026-09-29T18:59:38.707271Z,0.0200,222.76,no
2026-09-29T18:59:38.707271Z,0.0200,1118.49,no
2026-09-29T18:59:40.572817Z,0.0300,312.13,yes
2026-09-29T18:59:40.67083Z,0.0300,24.00,yes
2026-09-29T18:59:41.212891Z,0.0300,14.67,yes
2026-09-29T18:59:42.559257Z,0.0200,67.05,no
2026-09-29T18:59:42.848353Z,0.0300,31.21,yes
2026-09-29T18:59:43.278857Z,0.0300,156.06,yes
2026-09-29T18:59:44.392696Z,0.0200,2000.00,no
2026-09-29T18:59:44.709073Z,0.0300,2412.00,yes
2026-09-29T18:59:46.641305Z,0.0300,624.27,yes
2026-09-29T18:59:46.967438Z,0.0300,31.21,yes
2026-09-29T18:59:47.777324Z,0.0300,15.60,yes
2026-09-29T18:59:49.311668Z,0.0300,312.13,yes
2026-09-29T18:59:50.219504Z,0.0300,156.06,yes
2026-09-29T18:59:51.196197Z,0.0300,31.21,yes
2026-09-29T18:59:55.58704Z,0.0200,1174.37,no
2026-09-29T19:00:02.663973Z,0.0300,1.64,yes
2026-09-29T19:00:02.663973Z,0.0300,92.00,yes
2026-09-29T19:00:03.214874Z,0.0200,31.21,no
2026-09-29T19:00:04.502021Z,0.0300,14.00,yes
2026-09-29T19:00:04.502021Z,0.0300,10.00,yes
2026-09-29T19:00:04.502021Z,0.0300,67.00,yes
2026-09-29T19:00:04.502021Z,0.0300,10.00,yes
2026-09-29T19:00:04.502021Z,0.0300,55.06,yes
2026-09-29T19:00:05.542622Z,0.0300,21.94,yes
2026-09-29T19:00:05.542622Z,0.0300,290.19,yes
2026-09-29T19:00:06.178063Z,0.0300,209.81,yes
2026-09-29T19:00:06.178063Z,0.0300,102.32,yes
2026-09-29T19:00:06.767538Z,0.0300,124.85,yes
2026-09-29T19:00:07.100778Z,0.0300,468.20,yes
2026-09-29T19:00:09.38176Z,0.0200,58.71,no
2026-09-29T19:00:09.885798Z,0.0300,156.06,yes
2026-09-29T19:00:10.748931Z,0.0300,148.57,yes
2026-09-29T19:00:10.748931Z,0.0300,7.49,yes
2026-09-29T19:00:12.260189Z,0.0300,93.64,yes
2026-09-29T19:00:14.232383Z,0.0300,156.06,yes
2026-09-29T19:00:15.114125Z,0.0300,156.06,yes
2026-09-29T19:00:16.654475Z,0.0300,312.13,yes
2026-09-29T19:00:17.857301Z,0.0300,312.13,yes
2026-09-29T19:00:19.518938Z,0.0300,62.42,yes
2026-09-29T19:00:19.525812Z,0.0300,936.41,yes
2026-09-29T19:00:19.768594Z,0.0300,343.35,yes
2026-09-29T19:00:20.410075Z,0.0300,312.13,yes
2026-09-29T19:00:20.932508Z,0.0300,156.06,yes
2026-09-29T19:00:22.658781Z,0.0300,780.34,yes
2026-09-29T19:00:23.811465Z,0.0200,35.23,no
2026-09-29T19:00:26.716378Z,0.0200,154.31,no
2026-09-29T19:00:26.716378Z,0.0200,428.06,no
2026-09-29T19:00:26.716378Z,0.0200,500.00,no
2026-09-29T19:00:26.716378Z,0.0200,92.00,no
2026-09-29T19:00:27.557849Z,0.0200,117.43,no
2026-09-29T19:00:31.235342Z,0.0300,156.06,yes
2026-09-29T19:00:31.890954Z,0.0300,312.13,yes
2026-09-29T19:00:32.668932Z,0.0300,89.89,yes
2026-09-29T19:00:34.221946Z,0.0300,62.42,yes
2026-09-29T19:00:37.336491Z,0.0300,62.42,yes
2026-09-29T19:00:44.613673Z,0.0300,156.06,yes
2026-09-29T19:00:45.074696Z,0.0300,156.06,yes
2026-09-29T19:00:46.671284Z,0.0300,28.90,yes
2026-09-29T19:00:46.671284Z,0.0300,64.74,yes
2026-09-29T19:00:47.06295Z,0.0300,405.78,yes
2026-09-29T19:00:47.387233Z,0.0300,37.00,yes
2026-09-29T19:00:47.982023Z,0.0300,100.00,yes
2026-09-29T19:00:48.146659Z,0.0200,234.87,no
2026-09-29T19:00:48.583709Z,0.0300,312.13,yes
2026-09-29T19:00:50.463135Z,0.0300,31.21,yes
2026-09-29T19:00:52.424977Z,0.0300,31.21,yes
2026-09-29T19:00:53.111934Z,0.0300,93.64,yes
2026-09-29T19:00:53.137755Z,0.0300,312.13,yes
2026-09-29T19:00:54.315867Z,0.0300,1560.69,yes
2026-09-29T19:00:54.479652Z,0.0300,62.42,yes
2026-09-29T19:00:56.063451Z,0.0300,1.56,yes
2026-09-29T19:00:56.332906Z,0.0300,312.13,yes
2026-09-29T19:01:01.994886Z,0.0300,156.06,yes
2026-09-29T19:01:02.916822Z,0.0300,46.00,yes
2026-09-29T19:01:03.870594Z,0.0300,312.13,yes
2026-09-29T19:01:05.681386Z,0.0300,885.01,yes
2026-09-29T19:01:05.681386Z,0.0300,51.40,yes
2026-09-29T19:01:06.27399Z,0.0200,117.43,no
2026-09-29T19:01:10.638635Z,0.0300,468.20,yes
2026-09-29T19:01:11.494652Z,0.0300,100.00,yes
2026-09-29T19:01:12.899984Z,0.0300,6.24,yes
2026-09-29T19:01:14.545279Z,0.0300,156.06,yes
2026-09-29T19:01:14.950281Z,0.0300,1560.69,yes
2026-09-29T19:01:15.408943Z,0.0300,156.06,yes
2026-09-29T19:01:16.85865Z,0.0300,156.06,yes
2026-09-29T19:01:19.039911Z,0.0300,0.62,yes
2026-09-29T19:01:21.050661Z,0.0300,114.55,yes
2026-09-29T19:01:24.484728Z,0.0300,79.80,yes
2026-09-29T19:01:24.958242Z,0.0300,312.13,yes
2026-09-29T19:01:25.262257Z,0.0300,62.42,yes
2026-09-29T19:01:25.823815Z,0.0300,312.13,yes
2026-09-29T19:01:28.241078Z,0.0300,31.21,yes
2026-09-29T19:01:29.235151Z,0.0300,156.06,yes
2026-09-29T19:01:38.100719Z,0.0100,303.24,no
2026-09-29T19:01:38.100719Z,0.0100,451.99,no
2026-09-29T19:01:38.100719Z,0.0100,1.00,no
2026-09-29T19:01:38.100719Z,0.0200,100.00,no
2026-09-29T19:01:38.100719Z,0.0200,33.00,no
2026-09-29T19:01:38.100719Z,0.0200,32.49,no
2026-09-29T19:01:38.100719Z,0.0200,58.55,no
2026-09-29T19:01:38.100719Z,0.0200,38.00,no
2026-09-29T19:01:38.100719Z,0.0100,10.00,no
2026-09-29T19:01:38.124007Z,0.0200,57.87,no
2026-09-29T19:01:38.124007Z,0.0200,299.00,no
2026-09-29T19:01:38.515348Z,0.0200,31.21,yes
2026-09-29T19:01:41.697848Z,0.0200,140.00,yes
2026-09-29T19:01:41.697848Z,0.0200,31.03,yes
2026-09-29T19:01:41.697848Z,0.0200,62.92,yes
2026-09-29T19:01:41.81287Z,0.0200,10.00,yes
2026-09-29T19:01:41.81287Z,0.0200,20.00,yes
2026-09-29T19:01:41.81287Z,0.0200,10.00,yes
2026-09-29T19:01:41.81287Z,0.0200,0.40,yes
2026-09-29T19:01:41.81287Z,0.0200,140.00,yes
2026-09-29T19:01:41.81287Z,0.0200,57.87,yes
2026-09-29T19:01:43.747897Z,0.0200,2348.74,no
2026-09-29T19:01:45.007466Z,0.0300,312.13,yes
2026-09-29T19:01:45.836358Z,0.0300,14.67,yes
2026-09-29T19:01:47.890385Z,0.0300,312.13,yes
2026-09-29T19:01:56.744741Z,0.0200,1.01,no
2026-09-29T19:02:02.520526Z,0.0300,325.44,yes
2026-09-29T19:02:02.520526Z,0.0300,1235.25,yes
2026-09-29T19:02:04.660736Z,0.0300,156.06,yes
2026-09-29T19:02:07.227656Z,0.0300,468.20,yes
2026-09-29T19:02:07.459137Z,0.0300,219.12,yes
2026-09-29T19:02:08.21081Z,0.0300,312.13,yes
2026-09-29T19:02:10.131651Z,0.0300,156.06,yes
2026-09-29T19:02:11.358096Z,0.0300,156.06,yes
2026-09-29T19:02:11.570597Z,0.0300,312.13,yes
2026-09-29T19:02:11.62176Z,0.0300,15.60,yes
2026-09-29T19:02:14.678905Z,0.0300,62.42,yes
2026-09-29T19:02:15.219435Z,0.0300,156.06,yes
2026-09-29T19:02:15.727275Z,0.0300,156.06,yes
2026-09-29T19:02:17.11171Z,0.0300,156.06,yes
2026-09-29T19:02:17.660617Z,0.0300,124.85,yes
2026-09-29T19:02:19.892609Z,0.0300,624.27,yes
2026-09-29T19:02:20.062438Z,0.0300,156.06,yes
2026-09-29T19:02:20.273229Z,0.0300,32.00,yes
2026-09-29T19:02:20.600293Z,0.0300,156.06,yes
2026-09-29T19:02:22.548307Z,0.0300,153.73,yes
2026-09-29T19:02:22.548307Z,0.0300,33.55,yes
2026-09-29T19:02:26.694471Z,0.0300,156.06,yes
2026-09-29T19:02:30.109696Z,0.0300,1818.21,yes
2026-09-29T19:02:30.6977Z,0.0200,67.06,no
2026-09-29T19:02:31.271816Z,0.0300,7.49,yes
2026-09-29T19:02:33.457502Z,0.0300,100.00,yes
2026-09-29T19:02:40.766237Z,0.0300,93.64,yes
2026-09-29T19:02:43.426415Z,0.0300,468.20,yes
2026-09-29T19:02:53.296564Z,0.0200,9.00,no
2026-09-29T19:02:53.296564Z,0.0200,147.06,no
2026-09-29T19:03:00.427644Z,0.0300,780.34,yes
2026-09-29T19:03:00.638134Z,0.0300,468.20,yes
2026-09-29T19:03:03.044447Z,0.0300,642.13,yes
2026-09-29T19:03:03.044447Z,0.0300,1542.84,yes
2026-09-29T19:03:03.140289Z,0.0300,312.13,yes
2026-09-29T19:03:04.445453Z,0.0300,312.13,yes
2026-09-29T19:03:04.78064Z,0.0300,280.92,yes
2026-09-29T19:03:07.448796Z,0.0300,312.13,yes
2026-09-29T19:03:13.738436Z,0.0300,1.01,yes
2026-09-29T19:03:13.899822Z,0.0300,1.99,yes
2026-09-29T19:03:13.899822Z,0.0300,13.61,yes
2026-09-29T19:03:16.475221Z,0.0300,156.06,yes
2026-09-29T19:03:18.110167Z,0.0200,134.12,no
2026-09-29T19:03:19.310884Z,0.0300,500.00,yes
2026-09-29T19:03:19.310884Z,0.0300,2173.73,yes
2026-09-29T19:03:19.310884Z,0.0300,10.00,yes
2026-09-29T19:03:19.310884Z,0.0300,93.00,yes
2026-09-29T19:03:19.310884Z,0.0300,284.00,yes
2026-09-29T19:03:19.310884Z,0.0300,50.66,yes
2026-09-29T19:03:19.310884Z,0.0300,10.00,yes
2026-09-29T19:03:22.544323Z,0.0300,624.27,yes
2026-09-29T19:03:25.996367Z,0.0300,156.06,yes
2026-09-29T19:03:28.621295Z,0.0300,218.49,yes
2026-09-29T19:03:30.301292Z,0.0300,156.06,yes
2026-09-29T19:03:30.37244Z,0.0300,312.13,yes
2026-09-29T19:03:31.895737Z,0.0300,156.06,yes
2026-09-29T19:03:34.117917Z,0.0200,58.71,no
2026-09-29T19:03:34.200325Z,0.0300,31.21,yes
2026-09-29T19:03:35.022975Z,0.0300,62.42,yes
2026-09-29T19:03:35.928671Z,0.0300,286.57,yes
2026-09-29T19:03:35.928671Z,0.0300,25.56,yes
2026-09-29T19:03:38.185485Z,0.0300,27.44,yes
2026-09-29T19:03:38.185485Z,0.0300,1533.25,yes
2026-09-29T19:03:40.251367Z,0.0300,312.13,yes
2026-09-29T19:03:42.502155Z,0.0300,195.00,yes
2026-09-29T19:03:43.611204Z,0.0300,156.06,yes
2026-09-29T19:03:50.735813Z,0.0300,13.73,yes
2026-09-29T19:03:51.464577Z,0.0300,999.80,yes
2026-09-29T19:03:53.105207Z,0.0300,156.06,yes
2026-09-29T19:03:53.681316Z,0.0300,156.06,yes
2026-09-29T19:03:54.3056Z,0.0300,624.27,yes
2026-09-29T19:03:55.329039Z,0.0300,30.64,yes
2026-09-29T19:03:55.329039Z,0.0300,593.63,yes
2026-09-29T19:03:58.485245Z,0.0200,118.10,no
2026-09-29T19:03:58.675813Z,0.0300,156.06,yes
2026-09-29T19:03:59.086864Z,0.0300,1254.77,yes
2026-09-29T19:03:59.086864Z,0.0300,3427.31,yes
2026-09-29T19:04:00.490342Z,0.0300,31.21,yes
2026-09-29T19:04:02.157647Z,0.0300,312.13,yes
2026-09-29T19:04:03.334794Z,0.0200,62.42,no
2026-09-29T19:04:03.46637Z,0.0200,11.74,no
2026-09-29T19:04:05.051971Z,0.0300,62.42,yes
2026-09-29T19:04:12.325548Z,0.0300,312.13,yes
2026-09-29T19:04:20.620718Z,0.0300,917.05,yes
2026-09-29T19:04:20.620718Z,0.0300,2204.34,yes
2026-09-29T19:04:23.501988Z,0.0300,156.06,yes
2026-09-29T19:04:31.96073Z,0.0300,62.42,yes
2026-09-29T19:04:34.835306Z,0.0300,218.49,yes
2026-09-29T19:04:38.23545Z,0.0300,156.06,yes
2026-09-29T19:04:38.849032Z,0.0300,45.00,yes
2026-09-29T19:04:38.925366Z,0.0300,93.64,yes
2026-09-29T19:04:43.261428Z,0.0300,156.06,yes
2026-09-29T19:04:46.011357Z,0.0300,124.85,yes
2026-09-29T19:04:48.665775Z,0.0300,31.21,yes
2026-09-29T19:04:52.003843Z,0.0300,312.13,yes
2026-09-29T19:04:53.306356Z,0.0300,156.06,yes
2026-09-29T19:04:57.885009Z,0.0300,31.21,yes
2026-09-29T19:04:58.098318Z,0.0200,503.63,no
2026-09-29T19:04:58.098318Z,0.0200,32.87,no
2026-09-29T19:05:02.593516Z,0.0300,156.06,yes
2026-09-29T19:05:03.382629Z,0.0300,156.06,yes
2026-09-29T19:05:07.455282Z,0.0300,624.27,yes
2026-09-29T19:05:09.334124Z,0.0300,31.21,yes
2026-09-29T19:05:10.206256Z,0.0300,156.06,yes
2026-09-29T19:05:11.650428Z,0.0300,593.10,yes
2026-09-29T19:05:11.650428Z,0.0300,31.17,yes
2026-09-29T19:05:11.775889Z,0.0300,156.06,yes
2026-09-29T19:05:12.234952Z,0.0300,873.98,yes
2026-09-29T19:05:12.285347Z,0.0300,21.84,yes
2026-09-29T19:05:14.476795Z,0.0200,3353.13,no
2026-09-29T19:05:16.025897Z,0.0200,120.71,no
2026-09-29T19:05:17.214035Z,0.0300,1248.55,yes
2026-09-29T19:05:18.038668Z,0.0300,624.27,yes
2026-09-29T19:05:22.910474Z,0.0300,50.25,yes
2026-09-29T19:05:26.198911Z,0.0300,241.00,yes
2026-09-29T19:05:38.084635Z,0.0300,6.53,yes
2026-09-29T19:05:38.084635Z,0.0300,929.88,yes
2026-09-29T19:05:38.960988Z,0.0200,176.83,no
2026-09-29T19:05:38.960988Z,0.0200,33.00,no
2026-09-29T19:05:38.960988Z,0.0200,45.00,no
2026-09-29T19:05:40.939006Z,0.0300,187.28,yes
2026-09-29T19:05:45.83444Z,0.0300,1560.69,yes
2026-09-29T19:05:49.469781Z,0.0300,312.13,yes
2026-09-29T19:05:50.719608Z,0.0300,30.90,yes
2026-09-29T19:05:56.868429Z,0.0300,156.06,yes
2026-09-29T19:05:57.24439Z,0.0300,156.06,yes
2026-09-29T19:05:59.733416Z,0.0300,31.21,yes
2026-09-29T19:06:00.191816Z,0.0300,31.52,yes
2026-09-29T19:06:00.580665Z,0.0300,156.06,yes
2026-09-29T19:06:03.380617Z,0.0300,156.06,yes
2026-09-29T19:06:09.787674Z,0.0300,62.42,yes
2026-09-29T19:06:11.852076Z,0.0300,31.21,yes
2026-09-29T19:06:12.638191Z,0.0300,156.06,yes
2026-09-29T19:06:14.105504Z,0.0300,62.42,yes
2026-09-29T19:06:15.356882Z,0.0300,62.42,yes
2026-09-29T19:06:18.775166Z,0.0300,218.49,yes
2026-09-29T19:06:30.629996Z,0.0300,312.13,yes
2026-09-29T19:06:33.27744Z,0.0300,312.13,yes
2026-09-29T19:06:35.714765Z,0.0300,136.91,yes
2026-09-29T19:06:35.714765Z,0.0300,175.22,yes
2026-09-29T19:06:36.746359Z,0.0300,312.13,yes
2026-09-29T19:06:41.248493Z,0.0300,4.05,yes
2026-09-29T19:06:44.276551Z,0.0300,624.27,yes
2026-09-29T19:06:44.316802Z,0.0300,312.13,yes
2026-09-29T19:06:44.778678Z,0.0200,223.17,no
2026-09-29T19:06:44.778678Z,0.0200,37.00,no
2026-09-29T19:06:44.778678Z,0.0200,482.42,no
2026-09-29T19:06:44.778678Z,0.0200,103.10,no
2026-09-29T19:06:44.778678Z,0.0200,613.00,no
2026-09-29T19:06:44.778678Z,0.0200,500.00,no
2026-09-29T19:06:44.778678Z,0.0200,17.67,no
2026-09-29T19:06:44.778678Z,0.0200,613.00,no
2026-09-29T19:06:44.778678Z,0.0200,613.00,no
2026-09-29T19:06:44.778678Z,0.0200,613.00,no
2026-09-29T19:06:44.778678Z,0.0200,9.00,no
2026-09-29T19:06:44.778678Z,0.0200,22.00,no
2026-09-29T19:06:48.411599Z,0.0300,31.21,yes
2026-09-29T19:06:51.893789Z,0.0300,15.60,yes
2026-09-29T19:06:52.435429Z,0.0200,16.81,no
2026-09-29T19:06:52.435429Z,0.0200,10.00,no
2026-09-29T19:06:52.435429Z,0.0200,1457.58,no
2026-09-29T19:06:52.435429Z,0.0200,33.00,no
2026-09-29T19:06:52.435429Z,0.0200,32.00,no
2026-09-29T19:06:52.435429Z,0.0200,48.00,no
2026-09-29T19:06:52.435429Z,0.0200,811.00,no
2026-09-29T19:06:52.435429Z,0.0200,9.00,no
2026-09-29T19:06:52.435429Z,0.0200,811.00,no
2026-09-29T19:06:52.435429Z,0.0200,811.00,no
2026-09-29T19:06:52.435429Z,0.0200,500.00,no
2026-09-29T19:06:52.435429Z,0.0200,811.00,no
2026-09-29T19:06:52.435429Z,0.0200,56.53,no
2026-09-29T19:06:52.464439Z,0.0200,156.06,yes
2026-09-29T19:06:53.922894Z,0.0200,20.00,yes
2026-09-29T19:06:54.032432Z,0.0200,30.00,yes
2026-09-29T19:06:54.032432Z,0.0200,61.00,yes
2026-09-29T19:06:54.032432Z,0.0200,56.66,yes
2026-09-29T19:06:54.032432Z,0.0200,3.92,yes
2026-09-29T19:06:54.032432Z,0.0200,80.00,yes
2026-09-29T19:06:54.032432Z,0.0200,100.00,yes
2026-09-29T19:06:54.032432Z,0.0300,70.43,yes
2026-09-29T19:06:54.032432Z,0.0200,10.00,yes
2026-09-29T19:06:56.949401Z,0.0200,99.31,no
2026-09-29T19:06:56.949401Z,0.0200,56.75,no
2026-09-29T19:06:58.051623Z,0.0300,124.85,yes
2026-09-29T19:06:59.453778Z,0.0300,3.12,yes
2026-09-29T19:07:02.159332Z,0.0200,58.71,no
2026-09-29T19:07:02.516389Z,0.0300,31.21,yes
2026-09-29T19:07:02.685784Z,0.0300,62.42,yes
2026-09-29T19:07:04.384351Z,0.0200,1.33,no
2026-09-29T19:07:04.598735Z,0.0300,156.06,yes
2026-09-29T19:07:15.538838Z,0.0300,156.06,yes
2026-09-29T19:07:19.176169Z,0.0300,31.21,yes
2026-09-29T19:07:21.538488Z,0.0300,62.42,yes
2026-09-29T19:07:22.61294Z,0.0300,156.06,yes
2026-09-29T19:07:26.965721Z,0.0300,156.06,yes
2026-09-29T19:07:27.985827Z,0.0300,31.21,yes
2026-09-29T19:07:28.115256Z,0.0300,249.71,yes
2026-09-29T19:07:28.556924Z,0.0300,1671.51,yes
2026-09-29T19:07:28.556924Z,0.0300,1449.88,yes
2026-09-29T19:07:32.340755Z,0.0300,312.13,yes
2026-09-29T19:07:36.217384Z,0.0300,3.00,yes
2026-09-29T19:07:36.217384Z,0.0300,71.00,yes
2026-09-29T19:07:36.217384Z,0.0300,27.06,yes
2026-09-29T19:07:36.217384Z,0.0300,55.00,yes
2026-09-29T19:07:43.020322Z,0.0300,21.00,yes
2026-09-29T19:07:48.369786Z,0.0300,1560.69,yes
2026-09-29T19:07:56.231818Z,0.0300,312.13,yes
2026-09-29T19:07:56.574977Z,0.0300,31.21,yes
2026-09-29T19:08:01.348817Z,0.0300,93.64,yes
2026-09-29T19:08:07.380385Z,0.0300,156.06,yes
2026-09-29T19:08:19.177816Z,0.0300,93.64,yes
2026-09-29T19:08:20.118496Z,0.0300,936.41,yes
2026-09-29T19:08:22.662496Z,0.0300,31.21,yes
2026-09-29T19:08:28.507489Z,0.0300,436.99,yes
2026-09-29T19:08:34.18672Z,0.0300,156.06,yes
2026-09-29T19:08:34.894605Z,0.0300,156.06,yes
2026-09-29T19:08:39.170838Z,0.0300,156.06,yes
2026-09-29T19:08:42.385259Z,0.0300,62.42,yes
2026-09-29T19:08:44.662236Z,0.0300,62.42,yes
2026-09-29T19:08:46.875424Z,0.0300,3121.39,yes
2026-09-29T19:08:50.495749Z,0.0300,780.34,yes
2026-09-29T19:08:53.603946Z,0.0300,156.06,yes
2026-09-29T19:08:54.155538Z,0.0300,93.64,yes
2026-09-29T19:08:57.403559Z,0.0300,62.42,yes
2026-09-29T19:08:58.76535Z,0.0300,1872.83,yes
2026-09-29T19:09:00.463863Z,0.0300,312.13,yes
2026-09-29T19:09:00.702868Z,0.0300,62.42,yes
2026-09-29T19:09:07.081538Z,0.0200,309.74,no
2026-09-29T19:09:07.081538Z,0.0200,100.00,no
2026-09-29T19:09:07.081538Z,0.0200,33.00,no
2026-09-29T19:09:07.081538Z,0.0200,27.00,no
2026-09-29T19:09:19.03065Z,0.0300,62.42,yes
2026-09-29T19:09:19.966064Z,0.0300,6.55,yes
2026-09-29T19:09:21.404537Z,0.0300,93.64,yes
2026-09-29T19:09:28.234197Z,0.0300,405.78,yes
2026-09-29T19:09:28.249662Z,0.0300,156.06,yes
2026-09-29T19:09:30.455436Z,0.0300,156.06,yes
2026-09-29T19:09:35.091516Z,0.0300,620.00,yes
2026-09-29T19:09:35.187971Z,0.0300,69.00,yes
2026-09-29T19:09:35.834149Z,0.0300,93.00,yes
2026-09-29T19:09:36.292086Z,0.0300,31.21,yes
2026-09-29T19:09:36.456011Z,0.0300,312.13,yes
2026-09-29T19:09:41.287986Z,0.0300,156.06,yes
2026-09-29T19:09:41.366509Z,0.0300,312.13,yes
2026-09-29T19:09:41.500674Z,0.0300,468.20,yes
2026-09-29T19:09:41.704023Z,0.0200,115.55,no
2026-09-29T19:09:42.44077Z,0.0300,468.20,yes
2026-09-29T19:09:48.606626Z,0.0300,23.41,yes
2026-09-29T19:09:50.242487Z,0.0300,1560.69,yes
2026-09-29T19:09:50.538783Z,0.0300,312.13,yes
2026-09-29T19:09:51.492906Z,0.0300,717.91,yes
2026-09-29T19:09:56.198338Z,0.0300,1560.69,yes
2026-09-29T19:09:56.511787Z,0.0300,12.48,yes
2026-09-29T19:09:59.699946Z,0.0300,156.06,yes
2026-09-29T19:10:00.333256Z,0.0300,31.21,yes
2026-09-29T19:10:02.50788Z,0.0300,624.27,yes
2026-09-29T19:10:03.446329Z,0.0300,156.06,yes
2026-09-29T19:10:05.354528Z,0.0300,312.13,yes
2026-09-29T19:10:05.952234Z,0.0300,93.64,yes
2026-09-29T19:10:08.422341Z,0.0300,31.21,yes
2026-09-29T19:10:12.430015Z,0.0300,312.13,yes
2026-09-29T19:10:13.39958Z,0.0300,156.06,yes
2026-09-29T19:10:14.336414Z,0.0300,0.40,yes
2026-09-29T19:10:17.441913Z,0.0300,31.21,yes
2026-09-29T19:10:20.366706Z,0.0300,93.64,yes
2026-09-29T19:10:21.285202Z,0.0300,10.00,yes
2026-09-29T19:10:21.285202Z,0.0300,38.19,yes
2026-09-29T19:10:21.285202Z,0.0300,10.00,yes
2026-09-29T19:10:21.285202Z,0.0300,10.00,yes
2026-09-29T19:10:21.285202Z,0.0300,13.00,yes
2026-09-29T19:10:21.285202Z,0.0300,13.00,yes
2026-09-29T19:10:21.285202Z,0.0300,80.00,yes
2026-09-29T19:10:21.285202Z,0.0300,10.00,yes
2026-09-29T19:10:21.285202Z,0.0300,10.00,yes
2026-09-29T19:10:21.285202Z,0.0300,13.00,yes
2026-09-29T19:10:21.285202Z,0.0300,11.00,yes
2026-09-29T19:10:21.285202Z,0.0300,93.94,yes
2026-09-29T19:10:24.611053Z,0.0300,10.00,yes
2026-09-29T19:10:24.611053Z,0.0300,10.00,yes
2026-09-29T19:10:24.611053Z,0.0300,198.81,yes
2026-09-29T19:10:24.611053Z,0.0300,1.08,yes
2026-09-29T19:10:24.611053Z,0.0300,10.00,yes
2026-09-29T19:10:24.611053Z,0.0300,17.00,yes
2026-09-29T19:10:24.611053Z,0.0300,43.85,yes
2026-09-29T19:10:24.611053Z,0.0300,10.00,yes
2026-09-29T19:10:24.611053Z,0.0300,10.00,yes
2026-09-29T19:10:24.611053Z,0.0300,17.00,yes
2026-09-29T19:10:29.932057Z,0.0300,12.29,yes
2026-09-29T19:10:29.932057Z,0.0300,8.92,yes
2026-09-29T19:10:29.932057Z,0.0300,10.00,yes
2026-09-29T19:10:31.327202Z,0.0300,55.00,yes
2026-09-29T19:10:31.327202Z,0.0300,3.60,yes
2026-09-29T19:10:31.327202Z,0.0300,19.75,yes
2026-09-29T19:10:31.327202Z,0.0300,77.71,yes
2026-09-29T19:10:32.783898Z,0.0300,156.06,yes
2026-09-29T19:10:33.007841Z,0.0300,28.09,yes
2026-09-29T19:10:34.339056Z,0.0300,31.21,yes
2026-09-29T19:10:34.691505Z,0.0300,624.27,yes
2026-09-29T19:10:34.89585Z,0.0300,88.00,yes
2026-09-29T19:10:34.89585Z,0.0300,10.00,yes
2026-09-29T19:10:34.89585Z,0.0300,17.67,yes
2026-09-29T19:10:43.143351Z,0.0300,309.26,yes
2026-09-29T19:10:45.246127Z,0.0300,31.21,yes
2026-09-29T19:10:52.488941Z,0.0300,156.06,yes
2026-09-29T19:10:53.024619Z,0.0300,234.25,yes
2026-09-29T19:10:55.289049Z,0.0300,156.06,yes
2026-09-29T19:10:58.26428Z,0.0300,75.00,yes
2026-09-29T19:11:01.536309Z,0.0300,62.42,yes
2026-09-29T19:11:03.780347Z,0.0300,393.27,yes
2026-09-29T19:11:03.780347Z,0.0300,84.00,yes
2026-09-29T19:11:03.780347Z,0.0300,147.00,yes
2026-09-29T19:11:04.400051Z,0.0300,93.64,yes
2026-09-29T19:11:05.596434Z,0.0300,10.00,yes
2026-09-29T19:11:06.491812Z,0.0300,3.09,yes
2026-09-29T19:11:06.491812Z,0.0300,215.40,yes
2026-09-29T19:11:09.280021Z,0.0300,156.06,yes
2026-09-29T19:11:10.407574Z,0.0300,31.21,yes
2026-09-29T19:11:11.311815Z,0.0300,2.00,yes
2026-09-29T19:11:12.943893Z,0.0300,936.41,yes
2026-09-29T19:11:14.735137Z,0.0300,312.13,yes
2026-09-29T19:11:15.113414Z,0.0200,58.71,no
2026-09-29T19:11:16.396795Z,0.0300,24.85,yes
2026-09-29T19:11:16.396795Z,0.0300,100.00,yes
2026-09-29T19:11:20.241827Z,0.0200,58.71,no
2026-09-29T19:11:20.590761Z,0.0300,156.06,yes
2026-09-29T19:11:22.122326Z,0.0300,31.21,yes
2026-09-29T19:11:22.919149Z,0.0300,624.27,yes
2026-09-29T19:11:24.63798Z,0.0300,312.13,yes
2026-09-29T19:11:25.402885Z,0.0300,312.13,yes
2026-09-29T19:11:25.789929Z,0.0300,780.34,yes
2026-09-29T19:11:28.955803Z,0.0300,62.33,yes
2026-09-29T19:11:32.120038Z,0.0300,312.13,yes
2026-09-29T19:11:33.780184Z,0.0300,156.06,yes
2026-09-29T19:11:33.790547Z,0.0300,93.64,yes
2026-09-29T19:11:34.316534Z,0.0300,31.21,yes
2026-09-29T19:11:35.168259Z,0.0300,25.28,yes
2026-09-29T19:11:40.687695Z,0.0300,312.13,yes
2026-09-29T19:11:43.119441Z,0.0200,500.00,no
2026-09-29T19:11:43.119441Z,0.0200,668.40,no
2026-09-29T19:11:43.119441Z,0.0200,392.29,no
2026-09-29T19:11:44.836779Z,0.0300,93.64,yes
2026-09-29T19:11:47.47776Z,0.0300,1248.55,yes
2026-09-29T19:11:47.71902Z,0.0300,1111.80,yes
2026-09-29T19:11:47.71902Z,0.0300,448.89,yes
2026-09-29T19:11:52.261066Z,0.0300,156.06,yes
2026-09-29T19:11:53.177533Z,0.0300,31.21,yes
2026-09-29T19:11:53.633547Z,0.0200,58.71,no
2026-09-29T19:12:18.180967Z,0.0300,312.13,yes
2026-09-29T19:12:19.256231Z,0.0300,624.27,yes
2026-09-29T19:12:19.317325Z,0.0300,312.13,yes
2026-09-29T19:12:22.179857Z,0.0300,1560.69,yes
2026-09-29T19:12:29.476551Z,0.0300,624.27,yes
2026-09-29T19:12:31.103365Z,0.0300,312.13,yes
2026-09-29T19:12:32.191839Z,0.0300,31.21,yes
2026-09-29T19:12:34.442074Z,0.0300,20.00,yes
2026-09-29T19:12:34.442074Z,0.0300,10.00,yes
2026-09-29T19:12:34.442074Z,0.0300,10.00,yes
2026-09-29T19:12:34.442074Z,0.0300,10.00,yes
2026-09-29T19:12:34.442074Z,0.0300,10.00,yes
2026-09-29T19:12:34.442074Z,0.0300,10.00,yes
2026-09-29T19:12:34.442074Z,0.0300,24.00,yes
2026-09-29T19:12:34.442074Z,0.0300,10.00,yes
2026-09-29T19:12:34.442074Z,0.0300,83.00,yes
2026-09-29T19:12:34.442074Z,0.0300,424.10,yes
2026-09-29T19:12:34.442074Z,0.0300,13.17,yes
2026-09-29T19:12:35.421858Z,0.0300,123.30,yes
2026-09-29T19:12:35.421858Z,0.0300,99.00,yes
2026-09-29T19:12:35.421858Z,0.0300,89.83,yes
2026-09-29T19:12:35.623642Z,0.0300,31.00,yes
2026-09-29T19:12:39.440326Z,0.0300,31.21,yes
2026-09-29T19:12:39.660121Z,0.0200,894.49,no
2026-09-29T19:12:39.660121Z,0.0200,35.00,no
2026-09-29T19:12:39.660121Z,0.0200,10.00,no
2026-09-29T19:12:40.86243Z,0.0300,200.00,yes
2026-09-29T19:12:41.443213Z,0.0300,8185.49,yes
2026-09-29T19:12:41.443213Z,0.0300,2000.00,yes
2026-09-29T19:12:41.443213Z,0.0300,739.37,yes
2026-09-29T19:12:41.585836Z,0.0300,62.42,yes
2026-09-29T19:12:42.758146Z,0.0300,31.21,yes
2026-09-29T19:12:43.626658Z,0.0300,312.13,yes
2026-09-29T19:12:44.265475Z,0.0300,780.34,yes
2026-09-29T19:12:45.328182Z,0.0300,312.13,yes
2026-09-29T19:12:48.074616Z,0.0300,156.06,yes
2026-09-29T19:12:53.734387Z,0.0300,31.21,yes
2026-09-29T19:13:01.138771Z,0.0300,55.24,yes
2026-09-29T19:13:05.801683Z,0.0300,468.20,yes
2026-09-29T19:13:06.137505Z,0.0200,11.74,no
2026-09-29T19:13:14.065575Z,0.0300,93.64,yes
2026-09-29T19:13:17.098762Z,0.0300,156.06,yes
2026-09-29T19:13:18.248848Z,0.0300,78.03,yes
2026-09-29T19:13:20.677021Z,0.0300,124.85,yes
2026-09-29T19:13:22.556644Z,0.0300,156.06,yes
2026-09-29T19:13:23.128298Z,0.0300,624.27,yes
2026-09-29T19:13:23.655856Z,0.0300,156.06,yes
2026-09-29T19:13:26.455805Z,0.0300,156.06,yes
2026-09-29T19:13:27.248776Z,0.0300,31.21,yes
2026-09-29T19:13:27.669059Z,0.0300,475.45,yes
2026-09-29T19:13:27.669059Z,0.0300,148.82,yes
2026-09-29T19:13:28.607859Z,0.0300,156.06,yes
2026-09-29T19:13:28.916506Z,0.0300,156.00,yes
2026-09-29T19:13:29.67837Z,0.0300,39.12,yes
2026-09-29T19:13:29.67837Z,0.0300,273.01,yes
2026-09-29T19:13:31.364803Z,0.0300,156.06,yes
2026-09-29T19:13:32.869611Z,0.0300,93.64,yes
2026-09-29T19:13:36.377428Z,0.0300,31.21,yes
2026-09-29T19:13:36.611513Z,0.0300,93.64,yes
2026-09-29T19:13:37.026666Z,0.0300,31.21,yes
2026-09-29T19:13:37.052109Z,0.0300,3.12,yes
2026-09-29T19:13:37.442977Z,0.0200,3.62,no
2026-09-29T19:13:41.154327Z,0.0300,0.31,yes
2026-09-29T19:13:47.816606Z,0.0300,1560.69,yes
2026-09-29T19:13:48.493923Z,0.0300,156.06,yes
2026-09-29T19:13:48.969115Z,0.0200,293.59,no
2026-09-29T19:13:51.278819Z,0.0300,218.49,yes
2026-09-29T19:13:52.811261Z,0.0300,218.49,yes
2026-09-29T19:13:53.158819Z,0.0300,62.42,yes
2026-09-29T19:13:54.876486Z,0.0200,117.43,no
2026-09-29T19:13:58.827213Z,0.0300,10.00,yes
2026-09-29T19:13:58.827213Z,0.0300,10.00,yes
2026-09-29T19:13:58.827213Z,0.0300,9.00,yes
2026-09-29T19:13:58.827213Z,0.0300,64.64,yes
2026-09-29T19:14:05.012194Z,0.0300,312.13,yes
2026-09-29T19:14:07.755368Z,0.0300,249.71,yes
2026-09-29T19:14:10.320049Z,0.0300,93.64,yes
2026-09-29T19:14:10.558902Z,0.0300,60.55,yes
2026-09-29T19:14:11.36653Z,0.0300,156.06,yes
2026-09-29T19:14:12.303065Z,0.0300,63.27,yes
2026-09-29T19:14:12.303065Z,0.0300,30.37,yes
2026-09-29T19:14:12.659291Z,0.0300,468.20,yes
2026-09-29T19:14:13.786218Z,0.0300,1560.69,yes
2026-09-29T19:14:17.366656Z,0.0300,89.00,yes
2026-09-29T19:14:17.366656Z,0.0300,10.00,yes
2026-09-29T19:14:17.366656Z,0.0300,10.00,yes
2026-09-29T19:14:17.366656Z,0.0300,10.00,yes
2026-09-29T19:14:19.567111Z,0.0400,23.00,yes
2026-09-29T19:14:19.567111Z,0.0400,15.00,yes
2026-09-29T19:14:22.166714Z,0.0400,2.00,yes
2026-09-29T19:14:22.166714Z,0.0400,21.42,yes
2026-09-29T19:14:23.620349Z,0.0400,23.42,yes
2026-09-29T19:14:23.84974Z,0.0400,23.42,yes
2026-09-29T19:14:24.217572Z,0.0400,18.97,yes
2026-09-29T19:14:24.920227Z,0.0400,44.77,yes
2026-09-29T19:14:24.920227Z,0.0500,87.00,yes
2026-09-29T19:14:24.920227Z,0.0500,139.00,yes
2026-09-29T19:14:24.920227Z,0.0400,10.00,yes
2026-09-29T19:14:24.920227Z,0.0500,100.00,yes
2026-09-29T19:14:24.920227Z,0.0400,79.00,yes
2026-09-29T19:14:24.920227Z,0.0400,102.00,yes
2026-09-29T19:14:24.920227Z,0.0400,8.38,yes
2026-09-29T19:14:24.920227Z,0.0500,23.89,yes
2026-09-29T19:14:24.920227Z,0.0500,55.00,yes
2026-09-29T19:14:24.920227Z,0.0500,1.00,yes
2026-09-29T19:14:25.027726Z,0.0500,11.00,yes
2026-09-29T19:14:25.027726Z,0.0500,143.00,yes
2026-09-29T19:14:25.027726Z,0.0500,30.86,yes
2026-09-29T19:14:26.049102Z,0.0600,2.00,yes
2026-09-29T19:14:26.049102Z,0.0600,48.00,yes
2026-09-29T19:14:26.049102Z,0.0600,10.00,yes
2026-09-29T19:14:26.049102Z,0.0600,1.00,yes
2026-09-29T19:14:26.049102Z,0.0600,25.00,yes
2026-09-29T19:14:26.049102Z,0.0600,264.00,yes
2026-09-29T19:14:26.050953Z,0.0600,0.64,yes
2026-09-29T19:14:26.050953Z,0.0600,172.00,yes
2026-09-29T19:14:26.050953Z,0.0700,269.00,yes
2026-09-29T19:14:26.050953Z,0.0700,88.00,yes
2026-09-29T19:14:26.050953Z,0.0600,15.00,yes
2026-09-29T19:14:26.050953Z,0.0600,7.00,yes
2026-09-29T19:14:26.050953Z,0.0600,222.00,yes
2026-09-29T19:14:26.050953Z,0.0700,178.00,yes
2026-09-29T19:14:26.050953Z,0.0700,3.00,yes
2026-09-29T19:14:26.050953Z,0.0700,1.00,yes
2026-09-29T19:14:26.050953Z,0.0700,5.00,yes
2026-09-29T19:14:26.050953Z,0.0700,350.00,yes
2026-09-29T19:14:26.050953Z,0.0700,19.00,yes
2026-09-29T19:14:26.050953Z,0.0700,25.00,yes
2026-09-29T19:14:26.050953Z,0.0700,87.00,yes
2026-09-29T19:14:26.050953Z,0.0700,15.00,yes
2026-09-29T19:14:26.050953Z,0.0700,55.00,yes
2026-09-29T19:14:26.31558Z,0.0800,0.10,yes
2026-09-29T19:14:30.896304Z,0.0800,312.13,yes
2026-09-29T19:14:30.896304Z,0.0800,10.00,yes
2026-09-29T19:14:30.896304Z,0.0800,55.00,yes
2026-09-29T19:14:30.896304Z,0.0800,53.00,yes
2026-09-29T19:14:30.896304Z,0.0800,10.00,yes
2026-09-29T19:14:30.896304Z,0.0800,10.00,yes
2026-09-29T19:14:30.896304Z,0.0800,1.00,yes
2026-09-29T19:14:30.896304Z,0.0800,24.90,yes
2026-09-29T19:14:32.485131Z,0.0800,67.06,no
2026-09-29T19:14:34.219725Z,0.0800,651.76,no
2026-09-29T19:14:41.418339Z,0.0800,2.00,no
2026-09-29T19:14:41.418339Z,0.0800,89.00,no
2026-09-29T19:14:41.418339Z,0.0800,2805.15,no
2026-09-29T19:14:41.418339Z,0.0800,2070.11,no
2026-09-29T19:14:44.25607Z,0.0800,312.13,no
2026-09-29T19:14:45.069592Z,0.0800,35.00,no
2026-09-29T19:14:46.647646Z,0.0800,100.00,no
2026-09-29T19:14:48.7632Z,0.0800,269.73,no
2026-09-29T19:14:50.174639Z,0.0800,624.27,no
2026-09-29T19:14:50.774499Z,0.0800,67.06,no
2026-09-29T19:14:54.368901Z,0.0800,35.00,yes
2026-09-29T19:14:54.844479Z,0.0700,123.00,no
2026-09-29T19:14:54.844479Z,0.0700,1.00,no
2026-09-29T19:14:54.844479Z,0.0700,7.29,no
2026-09-29T19:14:54.844479Z,0.0700,65.00,no
2026-09-29T19:14:56.507447Z,0.0800,32.10,yes
2026-09-29T19:14:56.507447Z,0.0800,16.58,yes
2026-09-29T19:14:56.507447Z,0.0800,55.00,yes
2026-09-29T19:14:56.507447Z,0.0800,53.00,yes
2026-09-29T19:14:58.074432Z,0.0800,10.00,yes
2026-09-29T19:14:58.074432Z,0.0800,64.78,yes
2026-09-29T19:14:58.074432Z,0.0800,59.00,yes
2026-09-29T19:14:58.074432Z,0.0800,18.48,yes
2026-09-29T19:14:58.074432Z,0.0800,55.00,yes
2026-09-29T19:14:58.074432Z,0.0800,33.42,yes
2026-09-29T19:14:58.074432Z,0.0800,51.00,yes
2026-09-29T19:14:58.074432Z,0.0800,15.00,yes
2026-09-29T19:14:58.074432Z,0.0900,144.98,yes
2026-09-29T19:15:00.031827Z,0.0800,46.97,yes
2026-09-29T19:15:01.151589Z,0.0700,120.00,no
2026-09-29T19:15:03.160867Z,0.0800,6.07,yes
2026-09-29T19:15:03.160867Z,0.0800,17.41,yes
2026-09-29T19:15:03.941919Z,0.0800,10.93,yes
2026-09-29T19:15:03.941919Z,0.0800,47.78,yes
2026-09-29T19:15:04.029176Z,0.0800,40.21,yes
2026-09-29T19:15:04.029176Z,0.0800,70.00,yes
2026-09-29T19:15:04.029176Z,0.0800,7.22,yes
2026-09-29T19:15:04.174994Z,0.0800,11.74,yes
2026-09-29T19:15:04.817901Z,0.0700,624.27,no
2026-09-29T19:15:05.453674Z,0.0800,7.18,yes
2026-09-29T19:15:05.453674Z,0.0800,1.05,yes
2026-09-29T19:15:05.453674Z,0.0800,10.00,yes
2026-09-29T19:15:05.453674Z,0.0800,17.00,yes
2026-09-29T19:15:06.102548Z,0.0700,80.00,no
2026-09-29T19:15:06.303922Z,0.0800,350.00,yes
2026-09-29T19:15:06.303922Z,0.0800,94.00,yes
2026-09-29T19:15:06.303922Z,0.0800,63.80,yes
2026-09-29T19:15:06.303922Z,0.0800,2.82,yes
2026-09-29T19:15:06.303922Z,0.0800,61.00,yes
2026-09-29T19:15:06.303922Z,0.0800,17.00,yes
2026-09-29T19:15:06.303922Z,0.0800,310.18,yes
2026-09-29T19:15:06.303922Z,0.0800,18.83,yes
2026-09-29T19:15:06.303922Z,0.0800,108.00,yes
2026-09-29T19:15:06.303922Z,0.0800,55.00,yes
2026-09-29T19:15:08.793809Z,0.0800,64.00,yes
2026-09-29T19:15:08.793809Z,0.0800,53.43,yes
2026-09-29T19:15:09.587138Z,0.0800,11.74,yes
2026-09-29T19:15:09.998706Z,0.0800,96.26,yes
2026-09-29T19:15:09.998706Z,0.0800,21.17,yes
2026-09-29T19:15:10.750783Z,0.0800,11.74,yes
2026-09-29T19:15:10.934265Z,0.0700,33.00,no
2026-09-29T19:15:11.540005Z,0.0800,10.00,yes
2026-09-29T19:15:11.540005Z,0.0800,4.06,yes
2026-09-29T19:15:11.540005Z,0.0800,10.00,yes
2026-09-29T19:15:11.540005Z,0.0800,22.09,yes
2026-09-29T19:15:11.540005Z,0.0800,71.28,yes
2026-09-29T19:15:14.634357Z,0.0800,58.71,yes
2026-09-29T19:15:15.21538Z,0.0700,62.42,no
2026-09-29T19:15:15.403928Z,0.0800,53.00,yes
2026-09-29T19:15:15.403928Z,0.0800,55.00,yes
2026-09-29T19:15:15.403928Z,0.0800,49.29,yes
2026-09-29T19:15:15.403928Z,0.0800,10.00,yes
2026-09-29T19:15:15.403928Z,0.0800,58.71,yes
2026-09-29T19:15:15.403928Z,0.0900,7.83,yes
2026-09-29T19:15:16.098109Z,0.0700,3.52,no
2026-09-29T19:15:16.098109Z,0.0800,69.95,no
2026-09-29T19:15:16.103787Z,0.0800,20.00,no
2026-09-29T19:15:16.108087Z,0.0800,44.00,no
2026-09-29T19:15:16.381181Z,0.0700,13.10,no
2026-09-29T19:15:16.381181Z,0.0800,4.90,no
2026-09-29T19:15:16.843376Z,0.0900,208.91,yes
2026-09-29T19:15:18.207624Z,0.0900,624.27,yes
2026-09-29T19:15:18.207624Z,0.0900,62.33,yes
2026-09-29T19:15:18.207624Z,0.0900,31.21,yes
2026-09-29T19:15:18.207624Z,0.0900,188.48,yes
2026-09-29T19:15:18.207624Z,0.0900,138.28,yes
2026-09-29T19:15:18.84191Z,0.0900,107.52,yes
2026-09-29T19:15:18.84191Z,0.0900,17.82,yes
2026-09-29T19:15:19.104811Z,0.0900,31.33,yes
2026-09-29T19:15:19.40801Z,0.0900,52.22,yes
2026-09-29T19:15:19.501087Z,0.0900,31.33,yes
2026-09-29T19:15:19.520753Z,0.0900,522.28,yes
2026-09-29T19:15:19.550526Z,0.0900,104.44,yes
2026-09-29T19:15:19.758914Z,0.0900,52.22,yes
2026-09-29T19:15:20.373347Z,0.0900,1044.57,yes
2026-09-29T19:15:22.106215Z,0.0700,53.50,no
2026-09-29T19:15:22.144778Z,0.0800,1026.66,yes
2026-09-29T19:15:22.144778Z,0.0800,67.29,yes
2026-09-29T19:15:22.31831Z,0.0800,20.89,yes
2026-09-29T19:15:22.479406Z,0.0800,49.90,yes
2026-09-29T19:15:22.490483Z,0.0800,8.22,yes
2026-09-29T19:15:22.490483Z,0.0800,1.21,yes
2026-09-29T19:15:22.490483Z,0.0800,108.00,yes
2026-09-29T19:15:23.002072Z,0.0700,312.13,no
2026-09-29T19:15:23.223407Z,0.0800,1.78,yes
2026-09-29T19:15:23.223407Z,0.0800,9.96,yes
2026-09-29T19:15:23.341366Z,0.0800,11.74,yes
2026-09-29T19:15:24.607981Z,0.0700,212.47,no
2026-09-29T19:15:24.607981Z,0.0700,7.00,no
2026-09-29T19:15:24.607981Z,0.0700,47.66,no
2026-09-29T19:15:24.607981Z,0.0700,45.00,no
2026-09-29T19:15:24.697784Z,0.0700,23.48,no
2026-09-29T19:15:24.743157Z,0.0800,72.20,yes
2026-09-29T19:15:24.743157Z,0.0800,45.23,yes
2026-09-29T19:15:25.535868Z,0.0800,58.71,yes
2026-09-29T19:15:26.348741Z,0.0800,11.74,yes
2026-09-29T19:15:26.717155Z,0.0700,53.00,yes
2026-09-29T19:15:26.717155Z,0.0700,5.71,yes
2026-09-29T19:15:26.78555Z,0.0700,5.71,yes
2026-09-29T19:15:26.78555Z,0.0700,88.00,yes
2026-09-29T19:15:26.78555Z,0.0800,0.31,yes
2026-09-29T19:15:26.78555Z,0.0700,10.00,yes
2026-09-29T19:15:26.78555Z,0.0800,10.00,yes
2026-09-29T19:15:26.78555Z,0.0700,101.29,yes
2026-09-29T19:15:26.78555Z,0.0700,55.00,yes
2026-09-29T19:15:26.78555Z,0.0800,82.00,yes
2026-09-29T19:15:26.963999Z,0.0800,17.00,yes
2026-09-29T19:15:26.963999Z,0.0800,3.05,yes
2026-09-29T19:15:26.963999Z,0.0800,62.33,yes
2026-09-29T19:15:26.963999Z,0.0800,9.69,yes
2026-09-29T19:15:26.963999Z,0.0800,25.36,yes
2026-09-29T19:15:26.993271Z,0.0800,6.95,yes
2026-09-29T19:15:26.993271Z,0.0800,72.00,yes
2026-09-29T19:15:26.993271Z,0.0800,6.00,yes
2026-09-29T19:15:26.993271Z,0.0800,20.74,yes
2026-09-29T19:15:28.142482Z,0.0800,10.00,yes
2026-09-29T19:15:28.142482Z,0.0800,6.74,yes
2026-09-29T19:15:28.142482Z,0.0800,41.97,yes
2026-09-29T19:15:28.252462Z,0.0700,31.21,no
2026-09-29T19:15:29.62442Z,0.0800,58.71,yes
2026-09-29T19:15:29.628686Z,0.0800,6.55,yes
2026-09-29T19:15:29.628686Z,0.0800,55.88,yes
2026-09-29T19:15:29.628686Z,0.0800,55.00,yes
2026-09-29T19:15:30.10583Z,0.0800,234.87,yes
2026-09-29T19:15:30.180609Z,0.0800,23.48,yes
2026-09-29T19:15:30.540014Z,0.0800,11.74,yes
2026-09-29T19:15:30.546881Z,0.0800,117.43,yes
2026-09-29T19:15:30.549333Z,0.0800,6.10,yes
2026-09-29T19:15:30.749243Z,0.0800,117.43,yes
2026-09-29T19:15:30.92385Z,0.0800,11.74,yes
2026-09-29T19:15:31.367254Z,0.0800,23.48,yes
2026-09-29T19:15:31.952982Z,0.0800,23.48,yes
2026-09-29T19:15:32.157504Z,0.0700,12.21,no
2026-09-29T19:15:32.157504Z,0.0700,7.79,no
2026-09-29T19:15:32.317027Z,0.0700,11.00,no
2026-09-29T19:15:32.341903Z,0.0600,25.21,no
2026-09-29T19:15:32.341903Z,0.0700,8.79,no
2026-09-29T19:15:32.479359Z,0.0700,77.76,yes
2026-09-29T19:15:32.479359Z,0.0700,10.00,yes
2026-09-29T19:15:32.479359Z,0.0700,16.69,yes
2026-09-29T19:15:32.870353Z,0.0700,10.24,yes
2026-09-29T19:15:32.870353Z,0.0700,1.00,yes
2026-09-29T19:15:32.870353Z,0.0700,10.00,yes
2026-09-29T19:15:32.870353Z,0.0700,6.00,yes
2026-09-29T19:15:32.870353Z,0.0700,69.00,yes
2026-09-29T19:15:32.870353Z,0.0800,15.00,yes
2026-09-29T19:15:32.870353Z,0.0800,8.20,yes
2026-09-29T19:15:32.873625Z,0.0800,1044.57,yes
2026-09-29T19:15:33.409369Z,0.0800,117.43,yes
2026-09-29T19:15:34.143957Z,0.0700,62.36,no
2026-09-29T19:15:34.143957Z,0.0700,35.28,no
2026-09-29T19:15:34.228348Z,0.0800,58.71,yes
2026-09-29T19:15:34.555299Z,0.0800,58.71,yes
2026-09-29T19:15:34.89698Z,0.0800,213.00,yes
2026-09-29T19:15:35.097557Z,0.0800,58.71,yes
2026-09-29T19:15:35.310952Z,0.0800,58.71,yes
2026-09-29T19:15:35.740012Z,0.0800,23.48,yes
2026-09-29T19:15:35.746501Z,0.0800,58.71,yes
2026-09-29T19:15:35.847798Z,0.0800,117.43,yes
2026-09-29T19:15:36.077915Z,0.0800,1056.93,yes
2026-09-29T19:15:36.238472Z,0.0800,117.43,yes
2026-09-29T19:15:36.402018Z,0.0800,46.97,yes
2026-09-29T19:15:36.714834Z,0.0700,579.61,no
2026-09-29T19:15:36.714834Z,0.0700,49.72,no
2026-09-29T19:15:37.12095Z,0.0800,16.00,yes
2026-09-29T19:15:37.784307Z,0.0700,35.23,no
2026-09-29T19:15:37.824558Z,0.0800,58.71,yes
2026-09-29T19:15:38.494769Z,0.0800,587.18,yes
2026-09-29T19:15:39.494056Z,0.0800,10.00,yes
2026-09-29T19:15:40.067446Z,0.0800,587.18,yes
2026-09-29T19:15:40.096641Z,0.0800,58.71,yes
2026-09-29T19:15:40.437062Z,0.0800,643.23,yes
2026-09-29T19:15:40.437062Z,0.0800,528.66,yes
2026-09-29T19:15:40.475102Z,0.0800,117.43,yes
2026-09-29T19:15:40.487564Z,0.0800,234.87,yes
2026-09-29T19:15:40.733973Z,0.0800,117.43,yes
2026-09-29T19:15:41.180957Z,0.0800,23.48,yes
2026-09-29T19:15:42.437707Z,0.0800,58.71,yes
2026-09-29T19:15:42.58592Z,0.0800,0.11,yes
2026-09-29T19:15:42.91538Z,0.0800,117.43,yes
2026-09-29T19:15:42.943345Z,0.0800,522.28,yes
2026-09-29T19:15:43.334587Z,0.0800,11.74,yes
2026-09-29T19:15:43.679535Z,0.0800,117.43,yes
2026-09-29T19:15:44.578894Z,0.0800,106.00,yes
2026-09-29T19:15:44.582311Z,0.0700,100.00,no
2026-09-29T19:15:44.704825Z,0.0700,268.25,no
2026-09-29T19:15:44.966074Z,0.0800,258.36,yes
2026-09-29T19:15:45.080022Z,0.0800,4.90,yes
2026-09-29T19:15:45.805145Z,0.0800,11.74,yes
2026-09-29T19:15:47.149808Z,0.0800,217.75,yes
2026-09-29T19:15:47.149808Z,0.0800,100.00,yes
2026-09-29T19:15:47.149808Z,0.0800,269.43,yes
2026-09-29T19:15:47.187662Z,0.0800,4.46,yes
2026-09-29T19:15:47.512257Z,0.0800,117.43,yes
2026-09-29T19:15:47.550951Z,0.0800,23.48,yes
2026-09-29T19:15:48.040216Z,0.0800,136.88,yes
2026-09-29T19:15:48.040216Z,0.0800,133.22,yes
2026-09-29T19:15:49.110585Z,0.0800,58.71,yes
2026-09-29T19:15:49.805466Z,0.0800,58.71,yes
2026-09-29T19:15:50.13703Z,0.0800,234.87,yes
2026-09-29T19:15:50.415241Z,0.0700,30.51,no
2026-09-29T19:15:50.415241Z,0.0700,76.00,no
2026-09-29T19:15:50.415241Z,0.0700,910.15,no
2026-09-29T19:15:50.415241Z,0.0700,20.91,no
2026-09-29T19:15:50.415241Z,0.0700,7.00,no
2026-09-29T19:15:50.798627Z,0.0700,187.77,no
2026-09-29T19:15:50.959738Z,0.0800,293.59,yes
2026-09-29T19:15:50.9699Z,0.0800,205.00,yes
2026-09-29T19:15:51.117755Z,0.0800,587.18,yes
2026-09-29T19:15:51.665364Z,0.0800,234.87,yes
2026-09-29T19:15:51.772974Z,0.0800,23.48,yes
2026-09-29T19:15:51.839703Z,0.0700,134.12,no
2026-09-29T19:15:51.931658Z,0.0800,35.23,yes
2026-09-29T19:15:51.998031Z,0.0800,117.43,yes
2026-09-29T19:15:52.16063Z,0.0800,41.00,yes
2026-09-29T19:15:52.16063Z,0.0800,17.71,yes
2026-09-29T19:15:52.241933Z,0.0700,117.42,no
2026-09-29T19:15:52.850384Z,0.0800,100.00,yes
2026-09-29T19:15:52.850384Z,0.0800,100.00,yes
2026-09-29T19:15:52.850384Z,0.0800,29.87,yes
2026-09-29T19:15:52.850384Z,0.0800,5.00,yes
2026-09-29T19:15:53.097464Z,0.0800,1148.24,yes
2026-09-29T19:15:53.097464Z,0.0800,26.13,yes
2026-09-29T19:15:53.180744Z,0.0800,10.00,yes
2026-09-29T19:15:53.180744Z,0.0800,50.74,yes
2026-09-29T19:15:53.180744Z,0.0800,29.69,yes
2026-09-29T19:15:53.180744Z,0.0800,27.00,yes
2026-09-29T19:15:53.417178Z,0.0700,6.70,no
2026-09-29T19:15:53.502643Z,0.0800,8.80,yes
2026-09-29T19:15:53.761576Z,0.0800,57.26,yes
2026-09-29T19:15:53.761576Z,0.0800,1.45,yes
2026-09-29T19:15:53.827938Z,0.0800,14.00,yes
2026-09-29T19:15:53.827938Z,0.0800,12.00,yes
2026-09-29T19:15:53.827938Z,0.0800,10.00,yes
2026-09-29T19:15:53.827938Z,0.0800,4.97,yes
2026-09-29T19:15:53.827938Z,0.0800,16.00,yes
2026-09-29T19:15:53.827938Z,0.0800,1.74,yes
2026-09-29T19:15:54.641935Z,0.0800,23.36,yes
2026-09-29T19:15:54.66505Z,0.0800,6.00,yes
2026-09-29T19:15:54.66505Z,0.0800,19.75,yes
2026-09-29T19:15:54.66505Z,0.0800,10.00,yes
2026-09-29T19:15:54.66505Z,0.0800,72.00,yes
2026-09-29T19:15:54.66505Z,0.0800,52.25,yes
2026-09-29T19:15:54.944114Z,0.0800,45.93,yes
2026-09-29T19:15:54.944114Z,0.0800,12.78,yes
2026-09-29T19:15:55.256182Z,0.0800,10.00,yes
2026-09-29T19:15:55.256182Z,0.0800,1.00,yes
2026-09-29T19:15:55.256182Z,0.0800,48.00,yes
2026-09-29T19:15:55.256182Z,0.0800,26.07,yes
2026-09-29T19:15:55.256182Z,0.0800,17.36,yes
2026-09-29T19:15:55.256182Z,0.0800,15.00,yes
2026-09-29T19:15:55.645214Z,0.0700,1.49,no
2026-09-29T19:15:55.692772Z,0.0800,10.00,yes
2026-09-29T19:15:55.692772Z,0.0800,10.00,yes
2026-09-29T19:15:55.692772Z,0.0800,51.32,yes
2026-09-29T19:15:55.692772Z,0.0800,46.11,yes
2026-09-29T19:15:56.010838Z,0.0800,35.23,yes
2026-09-29T19:15:56.105846Z,0.0800,28.40,yes
2026-09-29T19:15:56.105846Z,0.0800,10.00,yes
2026-09-29T19:15:56.105846Z,0.0800,12.60,yes
2026-09-29T19:15:56.150347Z,0.0700,31.21,no
2026-09-29T19:15:56.41948Z,0.0800,6.22,yes
2026-09-29T19:15:57.165729Z,0.0800,9.00,yes
2026-09-29T19:15:57.165729Z,0.0800,10.00,yes
2026-09-29T19:15:57.165729Z,0.0800,1.00,yes
2026-09-29T19:15:57.165729Z,0.0900,86.59,yes
2026-09-29T19:15:58.320992Z,0.0700,97.65,no
2026-09-29T19:15:58.586862Z,0.0900,104.45,yes
2026-09-29T19:15:58.741299Z,0.0900,5.01,yes
2026-09-29T19:15:58.915306Z,0.0900,8.35,yes
2026-09-29T19:15:59.061617Z,0.0900,41.78,yes
2026-09-29T19:15:59.072016Z,0.0900,490.94,yes
2026-09-29T19:15:59.24759Z,0.0900,156.68,yes
2026-09-29T19:15:59.299814Z,0.0900,52.22,yes
2026-09-29T19:15:59.467493Z,0.0900,208.91,yes
2026-09-29T19:15:59.711681Z,0.0900,104.45,yes
2026-09-29T19:15:59.939578Z,0.0800,36.46,yes
2026-09-29T19:15:59.939578Z,0.0800,60.99,yes
2026-09-29T19:15:59.939578Z,0.0800,7.00,yes
2026-09-29T19:15:59.991552Z,0.0800,1.00,yes
2026-09-29T19:15:59.991552Z,0.0800,6.00,yes
2026-09-29T19:15:59.991552Z,0.0800,35.54,yes
2026-09-29T19:15:59.991552Z,0.0800,10.00,yes
2026-09-29T19:15:59.991552Z,0.0900,156.37,yes
2026-09-29T19:16:00.137705Z,0.0700,233.95,no
2026-09-29T19:16:00.320865Z,0.0800,28.95,yes
2026-09-29T19:16:00.320865Z,0.0800,62.05,yes
2026-09-29T19:16:00.320865Z,0.0800,5.00,yes
2026-09-29T19:16:00.619174Z,0.0800,29.90,yes
2026-09-29T19:16:01.183383Z,0.0800,10.00,yes
2026-09-29T19:16:01.183383Z,0.0800,14.00,yes
2026-09-29T19:16:01.183383Z,0.0800,13.15,yes
2026-09-29T19:16:01.183383Z,0.0800,1.00,yes
2026-09-29T19:16:01.183383Z,0.0800,2.00,yes
2026-09-29T19:16:01.183383Z,0.0900,16.50,yes
2026-09-29T19:16:01.723047Z,0.0900,273.57,yes
2026-09-29T19:16:01.969285Z,0.0900,52.22,yes
2026-09-29T19:16:02.956437Z,0.0900,261.14,yes
2026-09-29T19:16:04.001944Z,0.0900,52.22,yes
2026-09-29T19:16:04.198594Z,0.0900,104.45,yes
2026-09-29T19:16:04.351449Z,0.0900,104.45,yes
2026-09-29T19:16:04.36872Z,0.0900,52.22,yes
2026-09-29T19:16:04.470889Z,0.0900,208.91,yes
2026-09-29T19:16:05.412993Z,0.0900,52.22,yes
2026-09-29T19:16:05.435418Z,0.0800,5.68,no
2026-09-29T19:16:05.435418Z,0.0800,61.38,no
2026-09-29T19:16:05.708495Z,0.0800,67.06,no
2026-09-29T19:16:05.757071Z,0.0800,3.12,no
2026-09-29T19:16:06.685375Z,0.0900,104.45,yes
2026-09-29T19:16:06.889051Z,0.0800,70.33,no
2026-09-29T19:16:07.450028Z,0.0900,20.89,yes
2026-09-29T19:16:07.751451Z,0.0900,20.89,yes
2026-09-29T19:16:07.924393Z,0.0900,208.91,yes
2026-09-29T19:16:08.247942Z,0.0900,156.68,yes
2026-09-29T19:16:08.395184Z,0.0900,52.22,yes
2026-09-29T19:16:08.53987Z,0.0900,208.91,yes
2026-09-29T19:16:08.886708Z,0.0900,20.89,yes
2026-09-29T19:16:09.149232Z,0.0900,24.54,yes
2026-09-29T19:16:09.153116Z,0.0900,50.94,yes
2026-09-29T19:16:09.815418Z,0.0900,52.22,yes
2026-09-29T19:16:09.860902Z,0.0900,208.91,yes
2026-09-29T19:16:10.187055Z,0.0900,10.44,yes
2026-09-29T19:16:10.739436Z,0.0900,104.45,yes
2026-09-29T19:16:11.210609Z,0.0900,52.22,yes
2026-09-29T19:16:11.40677Z,0.0900,20.89,yes
2026-09-29T19:16:11.652135Z,0.0800,78.03,no
2026-09-29T19:16:12.046923Z,0.0900,52.22,yes
2026-09-29T19:16:12.328512Z,0.0800,697.78,no
2026-09-29T19:16:12.328512Z,0.0800,44.71,no
2026-09-29T19:16:13.129537Z,0.0900,522.28,yes
2026-09-29T19:16:13.650355Z,0.0900,4.17,yes
2026-09-29T19:16:13.697707Z,0.0900,209.07,yes
2026-09-29T19:16:13.716594Z,0.0900,519.15,yes
2026-09-29T19:16:13.716594Z,0.0900,25.42,yes
2026-09-29T19:16:13.716594Z,0.0900,500.00,yes
2026-09-29T19:16:13.83028Z,0.0900,62.67,yes
2026-09-29T19:16:13.877778Z,0.0800,67.06,no
2026-09-29T19:16:13.880682Z,0.0900,52.22,yes
2026-09-29T19:16:14.227466Z,0.0900,41.78,yes
2026-09-29T19:16:14.279208Z,0.0800,624.27,no
2026-09-29T19:16:14.366788Z,0.0900,10.44,yes
2026-09-29T19:16:14.611621Z,0.0900,31.33,yes
2026-09-29T19:16:14.653309Z,0.0900,104.45,yes
2026-09-29T19:16:14.769542Z,0.0900,52.22,yes
2026-09-29T19:16:15.055014Z,0.0900,10.44,yes
2026-09-29T19:16:15.21164Z,0.0900,104.45,yes
2026-09-29T19:16:15.51936Z,0.0800,62.42,no
2026-09-29T19:16:15.653846Z,0.0900,261.14,yes
2026-09-29T19:16:15.669948Z,0.0800,111.33,no
2026-09-29T19:16:15.669948Z,0.0800,123.54,no
2026-09-29T19:16:15.726521Z,0.0900,261.14,yes
2026-09-29T19:16:15.812603Z,0.0900,52.22,yes
2026-09-29T19:16:15.892005Z,0.0800,156.06,no
2026-09-29T19:16:15.903638Z,0.0900,104.45,yes
2026-09-29T19:16:16.041009Z,0.0900,313.37,yes
2026-09-29T19:16:16.215877Z,0.0900,1032.31,yes
2026-09-29T19:16:16.215877Z,0.0900,12.26,yes
2026-09-29T19:16:16.406564Z,0.0800,624.27,no
2026-09-29T19:16:16.501778Z,0.0900,1044.57,yes
2026-09-29T19:16:16.601382Z,0.0900,104.45,yes
2026-09-29T19:16:16.626798Z,0.0900,1044.57,yes
2026-09-29T19:16:17.361477Z,0.0900,31.33,yes
2026-09-29T19:16:17.605421Z,0.0800,30.34,no
2026-09-29T19:16:17.605421Z,0.0800,36.72,no
2026-09-29T19:16:17.864642Z,0.0900,52.22,yes
2026-09-29T19:16:17.963251Z,0.0800,312.13,no
2026-09-29T19:16:18.0655Z,0.0800,62.33,no
2026-09-29T19:16:18.240517Z,0.0900,60.48,yes
2026-09-29T19:16:18.665909Z,0.0900,52.22,yes
2026-09-29T19:16:18.995447Z,0.0900,41.78,yes
2026-09-29T19:16:19.753362Z,0.0900,10.44,yes
2026-09-29T19:16:19.868902Z,0.0900,1044.57,yes
2026-09-29T19:16:19.946061Z,0.0900,146.24,yes
2026-09-29T19:16:20.087672Z,0.0900,20.89,yes
2026-09-29T19:16:20.301397Z,0.0900,522.28,yes
2026-09-29T19:16:20.712101Z,0.0900,96.00,yes
2026-09-29T19:16:21.396259Z,0.0900,10.44,yes
2026-09-29T19:16:21.547628Z,0.0900,104.45,yes
2026-09-29T19:16:21.895578Z,0.0900,20.89,yes
2026-09-29T19:16:22.705226Z,0.0900,10.55,yes
2026-09-29T19:16:22.970276Z,0.0800,523.31,no
2026-09-29T19:16:22.970276Z,0.0800,510.82,no
2026-09-29T19:16:22.970276Z,0.0800,33.00,no
2026-09-29T19:16:23.032093Z,0.0900,10.44,yes
2026-09-29T19:16:23.5262Z,0.0900,52.22,yes
2026-09-29T19:16:23.548819Z,0.0900,20.89,yes
2026-09-29T19:16:23.597874Z,0.0900,10.44,yes
2026-09-29T19:16:23.649885Z,0.0900,104.45,yes
2026-09-29T19:16:23.927181Z,0.0900,104.45,yes
2026-09-29T19:16:24.095115Z,0.0900,20.89,yes
2026-09-29T19:16:24.158786Z,0.0900,255.92,yes
2026-09-29T19:16:24.350877Z,0.0800,468.20,no
2026-09-29T19:16:24.447039Z,0.0900,104.45,yes
2026-09-29T19:16:24.984752Z,0.0900,261.14,yes
2026-09-29T19:16:25.656004Z,0.0900,20.89,yes
2026-09-29T19:16:26.43708Z,0.0900,78.34,yes
2026-09-29T19:16:26.437887Z,0.0900,52.22,yes
2026-09-29T19:16:26.567119Z,0.0900,41.78,yes
2026-09-29T19:16:26.79366Z,0.0800,3.35,no
2026-09-29T19:16:27.093393Z,0.0900,10.44,yes
2026-09-29T19:16:27.514423Z,0.0900,104.45,yes
2026-09-29T19:16:28.067691Z,0.0900,261.14,yes
2026-09-29T19:16:28.094808Z,0.0900,208.91,yes
2026-09-29T19:16:28.20063Z,0.0800,306.99,no
2026-09-29T19:16:28.20063Z,0.0800,5.14,no
2026-09-29T19:16:28.383788Z,0.0900,104.45,yes
2026-09-29T19:16:28.402053Z,0.0900,104.45,yes
2026-09-29T19:16:28.806428Z,0.0900,31.33,yes
2026-09-29T19:16:28.984676Z,0.0800,4.05,no
2026-09-29T19:16:30.05254Z,0.0800,519.50,no
2026-09-29T19:16:30.993564Z,0.0900,115.05,yes
2026-09-29T19:16:30.993564Z,0.0900,41.63,yes
2026-09-29T19:16:31.113298Z,0.0900,52.22,yes
2026-09-29T19:16:31.204693Z,0.0900,208.91,yes
2026-09-29T19:16:31.801192Z,0.0900,96.00,yes
2026-09-29T19:16:32.031345Z,0.0900,0.62,yes
2026-09-29T19:16:32.638121Z,0.0900,48.00,yes
2026-09-29T19:16:32.749787Z,0.0900,522.28,yes
2026-09-29T19:16:32.942338Z,0.0900,522.28,yes
2026-09-29T19:16:33.096346Z,0.0900,10.44,yes
2026-09-29T19:16:33.426022Z,0.0900,70.56,yes
2026-09-29T19:16:33.426022Z,0.0900,33.89,yes
2026-09-29T19:16:33.480684Z,0.0900,6.11,yes
2026-09-29T19:16:33.480684Z,0.0900,10.00,yes
2026-09-29T19:16:33.480684Z,0.0900,73.34,yes
2026-09-29T19:16:33.480684Z,0.0900,15.00,yes
2026-09-29T19:16:33.513417Z,0.0900,25.56,yes
2026-09-29T19:16:33.513417Z,0.0900,26.66,yes
2026-09-29T19:16:33.662229Z,0.0900,20.89,yes
2026-09-29T19:16:33.675455Z,0.0900,52.22,yes
2026-09-29T19:16:33.7073Z,0.0900,31.33,yes
2026-09-29T19:16:34.867669Z,0.0800,67.00,no
2026-09-29T19:16:35.437182Z,0.0900,104.45,yes
2026-09-29T19:16:35.596049Z,0.0800,46.60,no
2026-09-29T19:16:35.596049Z,0.0800,20.46,no
2026-09-29T19:16:35.692938Z,0.0900,208.91,yes
2026-09-29T19:16:35.720584Z,0.0900,38.00,yes
2026-09-29T19:16:35.738344Z,0.0900,1044.57,yes
2026-09-29T19:16:35.779685Z,0.0800,59.52,no
2026-09-29T19:16:35.779685Z,0.0800,53.40,no
2026-09-29T19:16:35.779685Z,0.0800,310.26,no
2026-09-29T19:16:35.889272Z,0.0900,10.44,yes
2026-09-29T19:16:36.147705Z,0.0900,136.10,yes
2026-09-29T19:16:36.659012Z,0.0900,104.45,yes
2026-09-29T19:16:36.761048Z,0.0900,163.08,yes
2026-09-29T19:16:36.761048Z,0.0900,129.40,yes
2026-09-29T19:16:36.997787Z,0.0900,104.45,yes
2026-09-29T19:16:37.616389Z,0.0900,20.89,yes
2026-09-29T19:16:38.024944Z,0.0800,213.81,no
2026-09-29T19:16:38.64638Z,0.0800,10.00,yes
2026-09-29T19:16:38.64638Z,0.0800,42.22,yes
2026-09-29T19:16:38.928669Z,0.0800,47.78,yes
2026-09-29T19:16:38.928669Z,0.0800,14.65,yes
2026-09-29T19:16:38.928669Z,0.0800,55.00,yes
2026-09-29T19:16:39.33252Z,0.0800,1.36,yes
2026-09-29T19:16:39.33252Z,0.0800,57.35,yes
2026-09-29T19:16:39.492723Z,0.0800,106.64,yes
2026-09-29T19:16:39.492723Z,0.0800,10.79,yes
2026-09-29T19:16:39.516845Z,0.0800,69.00,yes
2026-09-29T19:16:39.516845Z,0.0800,1.12,yes
2026-09-29T19:16:39.516845Z,0.0800,6.00,yes
2026-09-29T19:16:39.516845Z,0.0800,1.31,yes
2026-09-29T19:16:39.516845Z,0.0800,40.00,yes
2026-09-29T19:16:39.852128Z,0.0800,23.00,yes
2026-09-29T19:16:39.852128Z,0.0800,10.00,yes
2026-09-29T19:16:39.852128Z,0.0800,86.00,yes
2026-09-29T19:16:39.852128Z,0.0800,80.25,yes
2026-09-29T19:16:39.852128Z,0.0800,1.36,yes
2026-09-29T19:16:39.852128Z,0.0800,20.98,yes
2026-09-29T19:16:39.852128Z,0.0800,72.00,yes
2026-09-29T19:16:40.704949Z,0.0800,8.62,yes
2026-09-29T19:16:40.704949Z,0.0800,3.12,yes
2026-09-29T19:16:40.897925Z,0.0800,6.88,yes
2026-09-29T19:16:40.897925Z,0.0800,16.60,yes
2026-09-29T19:16:41.398479Z,0.0800,15.06,yes
2026-09-29T19:16:41.398479Z,0.0800,55.40,yes
2026-09-29T19:16:41.543396Z,0.0800,15.00,yes
2026-09-29T19:16:41.543396Z,0.0800,1.77,yes
2026-09-29T19:16:41.543396Z,0.0800,41.94,yes
2026-09-29T19:16:41.862595Z,0.0800,58.71,yes
2026-09-29T19:16:41.934286Z,0.0800,23.48,yes
2026-09-29T19:16:42.143102Z,0.0700,156.06,no
2026-09-29T19:16:42.285961Z,0.0800,11.74,yes
2026-09-29T19:16:42.290721Z,0.0700,402.37,no
2026-09-29T19:16:42.789973Z,0.0800,234.87,yes
2026-09-29T19:16:42.850735Z,0.0800,41.78,yes
2026-09-29T19:16:42.898101Z,0.0800,0.11,yes
2026-09-29T19:16:43.005904Z,0.0800,1042.19,yes
2026-09-29T19:16:43.005904Z,0.0800,866.54,yes
2026-09-29T19:16:43.005904Z,0.0800,84.00,yes
2026-09-29T19:16:43.005904Z,0.0800,7.27,yes
2026-09-29T19:16:43.230812Z,0.0800,5.00,yes
2026-09-29T19:16:43.230812Z,0.0800,23.00,yes
2026-09-29T19:16:43.230812Z,0.0800,56.43,yes
2026-09-29T19:16:43.230812Z,0.0800,10.00,yes
2026-09-29T19:16:43.230812Z,0.0800,10.00,yes
2026-09-29T19:16:43.230812Z,0.0800,11.00,yes
2026-09-29T19:16:43.230812Z,0.0800,2.00,yes
2026-09-29T19:16:43.633974Z,0.0800,11.74,yes
2026-09-29T19:16:43.715093Z,0.0800,11.74,yes
2026-09-29T19:16:44.333633Z,0.0800,11.74,yes
2026-09-29T19:16:44.436467Z,0.0800,7.34,yes
2026-09-29T19:16:44.436467Z,0.0800,36.78,yes
2026-09-29T19:16:44.436467Z,0.0800,23.00,yes
2026-09-29T19:16:44.436467Z,0.0800,6.00,yes
2026-09-29T19:16:44.436467Z,0.0800,10.00,yes
2026-09-29T19:16:44.436467Z,0.0900,21.33,yes
2026-09-29T19:16:44.657946Z,0.0800,47.71,yes
2026-09-29T19:16:44.657946Z,0.0800,11.00,yes
2026-09-29T19:16:44.74706Z,0.0800,393.99,yes
2026-09-29T19:16:44.74706Z,0.0800,10.00,yes
2026-09-29T19:16:44.74706Z,0.0800,24.29,yes
2026-09-29T19:16:45.165414Z,0.0700,31.21,no
2026-09-29T19:16:45.301778Z,0.0800,188.02,yes
2026-09-29T19:16:45.36663Z,0.0800,20.89,yes
2026-09-29T19:16:45.540757Z,0.0800,52.22,yes
2026-09-29T19:16:45.929396Z,0.0800,234.87,yes
2026-09-29T19:16:46.048687Z,0.0800,106.00,yes
2026-09-29T19:16:46.310946Z,0.0800,53.00,yes
2026-09-29T19:16:46.310946Z,0.0800,6.29,yes
2026-09-29T19:16:46.310946Z,0.0800,10.00,yes
2026-09-29T19:16:46.310946Z,0.0800,48.14,yes
2026-09-29T19:16:46.328325Z,0.0800,117.43,yes
2026-09-29T19:16:46.376825Z,0.0800,93.94,yes
2026-09-29T19:16:46.503449Z,0.0800,0.84,yes
2026-09-29T19:16:46.503449Z,0.0800,104.79,yes
2026-09-29T19:16:47.411456Z,0.0800,58.71,yes
2026-09-29T19:16:47.48221Z,0.0700,0.11,no
2026-09-29T19:16:47.65328Z,0.0800,0.11,yes
2026-09-29T19:16:47.757728Z,0.0700,469.43,no
2026-09-29T19:16:48.082955Z,0.0700,5.31,no
2026-09-29T19:16:48.72845Z,0.0800,10.00,yes
2026-09-29T19:16:48.72845Z,0.0800,12.34,yes
2026-09-29T19:16:48.72845Z,0.0800,18.60,yes
2026-09-29T19:16:48.72845Z,0.0800,6.03,yes
2026-09-29T19:16:48.777288Z,0.0800,38.31,yes
2026-09-29T19:16:48.777288Z,0.0800,6.00,yes
2026-09-29T19:16:48.777288Z,0.0800,10.00,yes
2026-09-29T19:16:48.777288Z,0.0800,4.40,yes
2026-09-29T19:16:49.047473Z,0.0800,9.32,yes
2026-09-29T19:16:49.047473Z,0.0800,6.51,yes
2026-09-29T19:16:49.047473Z,0.0800,10.00,yes
2026-09-29T19:16:49.05143Z,0.0700,11.74,no
2026-09-29T19:16:49.265563Z,0.0800,64.90,yes
2026-09-29T19:16:49.265563Z,0.0800,10.00,yes
2026-09-29T19:16:49.396783Z,0.0800,24.23,yes
2026-09-29T19:16:49.396783Z,0.0800,72.00,yes
2026-09-29T19:16:49.396783Z,0.0800,10.00,yes
2026-09-29T19:16:49.573919Z,0.0800,104.45,yes
2026-09-29T19:16:49.756842Z,0.0800,20.89,yes
2026-09-29T19:16:49.812663Z,0.0800,17.03,yes
2026-09-29T19:16:49.812663Z,0.0800,18.20,yes
2026-09-29T19:16:50.258781Z,0.0800,53.80,yes
2026-09-29T19:16:50.258781Z,0.0800,10.00,yes
2026-09-29T19:16:50.258781Z,0.0900,40.65,yes
2026-09-29T19:16:50.533783Z,0.0800,58.71,yes
2026-09-29T19:16:50.964078Z,0.0800,83.56,yes
2026-09-29T19:16:51.117048Z,0.0800,104.45,yes
2026-09-29T19:16:51.216328Z,0.0800,10.68,yes
2026-09-29T19:16:51.220268Z,0.0800,46.97,yes
2026-09-29T19:16:51.257533Z,0.0800,35.23,yes
2026-09-29T19:16:51.290691Z,0.0800,52.22,yes
2026-09-29T19:16:51.340729Z,0.0800,11.74,yes
2026-09-29T19:16:51.679786Z,0.0800,5.87,yes
2026-09-29T19:16:51.749723Z,0.0800,58.71,yes
2026-09-29T19:16:51.826605Z,0.0800,58.71,yes
2026-09-29T19:16:51.959586Z,0.0800,117.43,yes
2026-09-29T19:16:52.144197Z,0.0800,58.71,yes
2026-09-29T19:16:52.159723Z,0.0800,234.87,yes
2026-09-29T19:16:52.339119Z,0.0800,58.71,yes
2026-09-29T19:16:52.707484Z,0.0800,23.48,yes
2026-09-29T19:16:52.785336Z,0.0800,352.31,yes
2026-09-29T19:16:52.880707Z,0.0800,211.38,yes
2026-09-29T19:16:52.90018Z,0.0800,3.52,yes
2026-09-29T19:16:52.931216Z,0.0800,234.87,yes
2026-09-29T19:16:53.062513Z,0.0800,58.71,yes
2026-09-29T19:16:53.390511Z,0.0800,23.48,yes
2026-09-29T19:16:53.445709Z,0.0800,23.03,yes
2026-09-29T19:16:53.445709Z,0.0800,35.68,yes
2026-09-29T19:16:53.446406Z,0.0800,168.90,yes
2026-09-29T19:16:53.446406Z,0.0800,65.97,yes
2026-09-29T19:16:53.645583Z,0.0800,293.59,yes
2026-09-29T19:16:53.946219Z,0.0800,5.87,yes
2026-09-29T19:16:54.507845Z,0.0800,587.18,yes
2026-09-29T19:16:54.508345Z,0.0800,11.74,yes
2026-09-29T19:16:54.549935Z,0.0800,234.87,yes
2026-09-29T19:16:54.758516Z,0.0800,117.43,yes
2026-09-29T19:16:54.986623Z,0.0800,117.43,yes
2026-09-29T19:16:55.457579Z,0.0800,23.48,yes
2026-09-29T19:16:55.547209Z,0.0800,1.17,yes
2026-09-29T19:16:56.023047Z,0.0800,7.39,yes
2026-09-29T19:16:56.087294Z,0.0700,20.00,no
2026-09-29T19:16:56.089714Z,0.0700,81.00,no
2026-09-29T19:16:56.489131Z,0.0800,82.20,yes
2026-09-29T19:16:56.673418Z,0.0800,31.33,yes
2026-09-29T19:16:57.140321Z,0.0800,23.48,yes
2026-09-29T19:16:57.327918Z,0.0800,23.48,yes
2026-09-29T19:16:58.21394Z,0.0700,544.00,no
2026-09-29T19:16:58.21394Z,0.0500,64.89,no
2026-09-29T19:16:58.21394Z,0.0500,10.00,no
2026-09-29T19:16:58.21394Z,0.0700,71.00,no
2026-09-29T19:16:58.21394Z,0.0600,1.00,no
2026-09-29T19:16:58.21394Z,0.0700,1.00,no
2026-09-29T19:16:58.21394Z,0.0700,3458.47,no
2026-09-29T19:16:58.21394Z,0.0700,7.00,no
2026-09-29T19:16:58.21394Z,0.0600,124.34,no
2026-09-29T19:16:58.21394Z,0.0700,511.00,no
2026-09-29T19:16:58.21394Z,0.0700,99.00,no
2026-09-29T19:16:58.21394Z,0.0600,72.00,no
2026-09-29T19:16:58.21394Z,0.0500,1.00,no
2026-09-29T19:16:58.362004Z,0.0500,587.18,yes
2026-09-29T19:16:58.599918Z,0.0500,114.91,yes
2026-09-29T19:16:58.853501Z,0.0400,33.00,no
2026-09-29T19:16:58.853501Z,0.0400,137.00,no
2026-09-29T19:16:58.853501Z,0.0400,9.00,no
2026-09-29T19:16:58.853501Z,0.0400,63.00,no
2026-09-29T19:16:58.853501Z,0.0400,10.00,no
2026-09-29T19:16:58.853501Z,0.0400,63.00,no
2026-09-29T19:16:58.853501Z,0.0400,63.00,no
2026-09-29T19:16:58.853501Z,0.0400,976.00,no
2026-09-29T19:16:58.853501Z,0.0400,69.00,no
2026-09-29T19:16:58.853501Z,0.0400,63.00,no
2026-09-29T19:16:58.853501Z,0.0400,62.82,no
2026-09-29T19:16:58.853501Z,0.0400,25.00,no
2026-09-29T19:16:58.853501Z,0.0400,65.00,no
2026-09-29T19:16:58.853501Z,0.0400,1.00,no
2026-09-29T19:16:58.853501Z,0.0400,12.00,no
2026-09-29T19:16:58.855908Z,0.0300,5.00,no
2026-09-29T19:16:59.214051Z,0.0500,352.31,yes
2026-09-29T19:16:59.246358Z,0.0500,37.50,yes
2026-09-29T19:16:59.559646Z,0.0500,75.01,yes
2026-09-29T19:16:59.609805Z,0.0500,49.39,yes
2026-09-29T19:16:59.609805Z,0.0500,99.00,yes
2026-09-29T19:16:59.609805Z,0.0500,39.13,yes
2026-09-29T19:16:59.781329Z,0.0500,3.37,yes
2026-09-29T19:16:59.821513Z,0.0400,63.00,no
2026-09-29T19:16:59.821513Z,0.0300,62.82,no
2026-09-29T19:16:59.821513Z,0.0400,12.00,no
2026-09-29T19:16:59.821513Z,0.0300,10.00,no
2026-09-29T19:16:59.821513Z,0.0300,133.00,no
2026-09-29T19:16:59.821513Z,0.0300,65.00,no
2026-09-29T19:16:59.821513Z,0.0300,33.00,no
2026-09-29T19:16:59.821513Z,0.0400,63.00,no
2026-09-29T19:16:59.821513Z,0.0300,97.00,no
2026-09-29T19:16:59.821513Z,0.0400,69.00,no
2026-09-29T19:16:59.821513Z,0.0400,63.00,no
2026-09-29T19:16:59.821513Z,0.0300,20.00,no
2026-09-29T19:16:59.821513Z,0.0300,1500.00,no
2026-09-29T19:16:59.821513Z,0.0300,1.00,no
2026-09-29T19:17:01.563998Z,0.0300,3.12,yes
2026-09-29T19:17:01.832835Z,0.0300,23.55,yes
2026-09-29T19:17:01.832835Z,0.0300,69.00,yes
2026-09-29T19:17:01.832835Z,0.0300,24.88,yes
2026-09-29T19:17:01.844408Z,0.0300,31.21,yes
2026-09-29T19:17:01.918419Z,0.0300,4.45,yes
2026-09-29T19:17:01.918419Z,0.0400,32.67,yes
2026-09-29T19:17:01.918419Z,0.0300,80.00,yes
2026-09-29T19:17:01.918419Z,0.0400,29.88,yes
2026-09-29T19:17:01.918419Z,0.0400,63.69,yes
2026-09-29T19:17:02.192979Z,0.0300,83.01,yes
2026-09-29T19:17:02.192979Z,0.0300,64.42,yes
2026-09-29T19:17:02.36635Z,0.0300,10.99,yes
2026-09-29T19:17:02.36635Z,0.0300,145.07,yes
2026-09-29T19:17:02.468322Z,0.0300,124.30,yes
2026-09-29T19:17:02.468322Z,0.0300,29.00,yes
2026-09-29T19:17:02.468322Z,0.0300,6.70,yes
2026-09-29T19:17:02.818802Z,0.0300,56.06,yes
2026-09-29T19:17:02.818802Z,0.0300,100.00,yes
2026-09-29T19:17:03.723795Z,0.0300,100.00,yes
2026-09-29T19:17:03.723795Z,0.0300,6.69,yes
2026-09-29T19:17:03.723795Z,0.0300,427.27,yes
2026-09-29T19:17:04.81457Z,0.0300,312.13,yes
2026-09-29T19:17:05.193512Z,0.0300,62.42,yes
2026-09-29T19:17:05.564699Z,0.0300,156.06,yes
2026-09-29T19:17:05.668157Z,0.0300,31.21,yes
2026-09-29T19:17:06.119839Z,0.0300,234.87,yes
2026-09-29T19:17:06.374996Z,0.0300,1560.69,yes
2026-09-29T19:17:06.835561Z,0.0300,58.71,yes
2026-09-29T19:17:07.455572Z,0.0300,312.13,yes
2026-09-29T19:17:07.61834Z,0.0300,156.06,yes
2026-09-29T19:17:08.119107Z,0.0300,104.45,yes
2026-09-29T19:17:08.818751Z,0.0300,624.27,yes
2026-09-29T19:17:08.971317Z,0.0300,156.06,yes
2026-09-29T19:17:09.107463Z,0.0300,6.00,yes
2026-09-29T19:17:09.628319Z,0.0300,120.48,yes
2026-09-29T19:17:09.777024Z,0.0300,93.64,yes
2026-09-29T19:17:09.820622Z,0.0300,156.06,yes
2026-09-29T19:17:10.68029Z,0.0300,28.71,yes
2026-09-29T19:17:11.032368Z,0.0300,17.00,yes
2026-09-29T19:17:11.032368Z,0.0300,34.48,yes
2026-09-29T19:17:11.032368Z,0.0300,26.00,yes
2026-09-29T19:17:11.032368Z,0.0300,27.33,yes
2026-09-29T19:17:11.032368Z,0.0300,1.67,yes
2026-09-29T19:17:11.032368Z,0.0300,10.00,yes
2026-09-29T19:17:11.032368Z,0.0300,7.53,yes
2026-09-29T19:17:11.050226Z,0.0300,12.56,yes
2026-09-29T19:17:11.050226Z,0.0300,8.33,yes
2026-09-29T19:17:11.900295Z,0.0300,7.80,yes
2026-09-29T19:17:12.106886Z,0.0300,43.04,yes
2026-09-29T19:17:12.106886Z,0.0300,2.96,yes
2026-09-29T19:17:12.503448Z,0.0400,30.10,yes
2026-09-29T19:17:12.503448Z,0.0400,1.00,yes
2026-09-29T19:17:12.503448Z,0.0400,57.78,yes
2026-09-29T19:17:12.503448Z,0.0400,86.00,yes
2026-09-29T19:17:12.503448Z,0.0300,63.19,yes
2026-09-29T19:17:12.503448Z,0.0300,8.97,yes
2026-09-29T19:17:12.899737Z,0.0400,70.27,yes
2026-09-29T19:17:13.20367Z,0.0400,22.95,yes
2026-09-29T19:17:13.20367Z,0.0400,95.00,yes
2026-09-29T19:17:13.20367Z,0.0400,63.19,yes
2026-09-29T19:17:13.20367Z,0.0400,14.95,yes
2026-09-29T19:17:13.20367Z,0.0400,92.00,yes
2026-09-29T19:17:13.20367Z,0.0400,100.00,yes
2026-09-29T19:17:13.20367Z,0.0400,69.00,yes
2026-09-29T19:17:13.414297Z,0.0400,4.65,yes
2026-09-29T19:17:13.414297Z,0.0400,91.00,yes
2026-09-29T19:17:13.414297Z,0.0400,62.18,yes
2026-09-29T19:17:13.414297Z,0.0400,53.00,yes
2026-09-29T19:17:13.68544Z,0.0400,10.35,yes
2026-09-29T19:17:13.68544Z,0.0400,13.07,yes
2026-09-29T19:17:13.704404Z,0.0400,2.10,yes
2026-09-29T19:17:13.81639Z,0.0400,15.98,yes
2026-09-29T19:17:13.81639Z,0.0400,97.83,yes
2026-09-29T19:17:13.81639Z,0.0400,58.26,yes
2026-09-29T19:17:13.81639Z,0.0400,62.18,yes
2026-09-29T19:17:14.058217Z,0.0400,81.74,yes
2026-09-29T19:17:14.058217Z,0.0400,35.38,yes
2026-09-29T19:17:14.455666Z,0.0400,23.25,yes
2026-09-29T19:17:15.359801Z,0.0400,76.00,yes
2026-09-29T19:17:15.359801Z,0.0400,3.55,yes
2026-09-29T19:17:15.359801Z,0.0400,84.00,yes
2026-09-29T19:17:15.359801Z,0.0400,94.13,yes
2026-09-29T19:17:15.450836Z,0.0400,43.53,yes
2026-09-29T19:17:15.450836Z,0.0400,63.29,yes
2026-09-29T19:17:15.450836Z,0.0400,10.00,yes
2026-09-29T19:17:15.450836Z,0.0400,17.56,yes
2026-09-29T19:17:15.450836Z,0.0400,99.87,yes
2026-09-29T19:17:15.456177Z,0.0400,50.47,yes
2026-09-29T19:17:15.456177Z,0.0500,91.00,yes
2026-09-29T19:17:15.456177Z,0.0500,55.00,yes
2026-09-29T19:17:15.456177Z,0.0600,30.90,yes
2026-09-29T19:17:15.456177Z,0.0600,20.00,yes
2026-09-29T19:17:15.456177Z,0.0600,5.00,yes
2026-09-29T19:17:15.456177Z,0.0500,53.00,yes
2026-09-29T19:17:15.456177Z,0.0500,869.00,yes
2026-09-29T19:17:15.637284Z,0.0400,11.00,yes
2026-09-29T19:17:15.637284Z,0.0400,11.00,yes
2026-09-29T19:17:15.637284Z,0.0400,98.00,yes
2026-09-29T19:17:15.637284Z,0.0400,15.50,yes
2026-09-29T19:17:15.637284Z,0.0400,61.86,yes
2026-09-29T19:17:16.200249Z,0.0400,70.27,yes
2026-09-29T19:17:16.38822Z,0.0400,15.13,yes
2026-09-29T19:17:16.38822Z,0.0400,17.00,yes
2026-09-29T19:17:16.38822Z,0.0400,67.87,yes
2026-09-29T19:17:16.499445Z,0.0400,102.87,yes
2026-09-29T19:17:16.499445Z,0.0400,14.25,yes
2026-09-29T19:17:16.720223Z,0.0400,14.15,yes
2026-09-29T19:17:16.720223Z,0.0400,55.00,yes
2026-09-29T19:17:16.720223Z,0.0400,132.00,yes
2026-09-29T19:17:16.720223Z,0.0400,136.00,yes
2026-09-29T19:17:16.720223Z,0.0400,51.00,yes
2026-09-29T19:17:16.720223Z,0.0500,86.00,yes
2026-09-29T19:17:16.720223Z,0.0500,441.29,yes
2026-09-29T19:17:16.720223Z,0.0500,63.29,yes
2026-09-29T19:17:17.257528Z,0.0400,4.68,yes
2026-09-29T19:17:17.257528Z,0.0400,64.25,yes
2026-09-29T19:17:17.290914Z,0.0400,60.93,yes
2026-09-29T19:17:17.290914Z,0.0400,9.02,yes
2026-09-29T19:17:17.290914Z,0.0400,0.32,yes
2026-09-29T19:17:17.69382Z,0.0400,6.69,yes
2026-09-29T19:17:17.69382Z,0.0400,3.83,yes
2026-09-29T19:17:17.69382Z,0.0400,26.00,yes
2026-09-29T19:17:17.69382Z,0.0500,115.49,yes
2026-09-29T19:17:18.028335Z,0.0300,10.00,no
2026-09-29T19:17:18.028335Z,0.0300,9.00,no
2026-09-29T19:17:18.028335Z,0.0300,97.00,no
2026-09-29T19:17:19.316148Z,0.0400,27.00,yes
2026-09-29T19:17:19.316148Z,0.0400,57.00,yes
2026-09-29T19:17:19.316148Z,0.0400,132.73,yes
2026-09-29T19:17:19.316148Z,0.0400,6.18,yes
2026-09-29T19:17:19.342883Z,0.0400,70.27,yes
2026-09-29T19:17:19.36636Z,0.0400,410.44,yes
2026-09-29T19:17:19.394566Z,0.0500,55.00,yes
2026-09-29T19:17:19.394566Z,0.0500,10.00,yes
2026-09-29T19:17:19.394566Z,0.0400,521.00,yes
2026-09-29T19:17:19.394566Z,0.0400,227.00,yes
2026-09-29T19:17:19.394566Z,0.0400,386.56,yes
2026-09-29T19:17:19.394566Z,0.0600,517.26,yes
2026-09-29T19:17:19.881078Z,0.0500,114.43,yes
2026-09-29T19:17:19.881078Z,0.0400,3.00,yes
2026-09-29T19:17:20.677236Z,0.0400,3.06,yes
2026-09-29T19:17:20.677236Z,0.0400,48.00,yes
2026-09-29T19:17:20.677236Z,0.0500,52.88,yes
2026-09-29T19:17:21.931094Z,0.0500,42.02,yes
2026-09-29T19:17:21.931094Z,0.0400,2.33,yes
2026-09-29T19:17:21.931094Z,0.0400,33.00,yes
2026-09-29T19:17:22.172123Z,0.0400,39.00,yes
2026-09-29T19:17:22.172123Z,0.0400,2.12,yes
2026-09-29T19:17:22.172123Z,0.0500,40.90,yes
2026-09-29T19:17:22.238804Z,0.0400,23.42,yes
2026-09-29T19:17:22.760347Z,0.0400,26.00,yes
2026-09-29T19:17:22.760347Z,0.0400,1.58,yes
2026-09-29T19:17:22.760347Z,0.0500,160.21,yes
2026-09-29T19:17:23.046009Z,0.0400,19.02,yes
2026-09-29T19:17:23.359753Z,0.0500,55.00,yes
2026-09-29T19:17:23.359753Z,0.0500,4.56,yes
2026-09-29T19:17:23.359753Z,0.0500,179.12,yes
2026-09-29T19:17:23.359753Z,0.0400,20.00,yes
2026-09-29T19:17:23.359753Z,0.0500,10.00,yes
2026-09-29T19:17:23.359753Z,0.0400,1.88,yes
2026-09-29T19:17:23.359753Z,0.0400,5.98,yes
2026-09-29T19:17:23.804865Z,0.0500,18.47,yes
2026-09-29T19:17:23.804865Z,0.0400,28.00,yes
2026-09-29T19:17:23.804865Z,0.0400,1.72,yes
2026-09-29T19:17:24.192062Z,0.0400,99.66,yes
2026-09-29T19:17:24.635216Z,0.0400,94.85,yes
2026-09-29T19:17:25.000371Z,0.0500,93.76,yes
2026-09-29T19:17:25.776359Z,0.0400,18.75,yes
2026-09-29T19:17:25.823258Z,0.0400,1.79,yes
2026-09-29T19:17:25.823258Z,0.0500,35.71,yes
2026-09-29T19:17:26.303111Z,0.0400,18.75,yes
2026-09-29T19:17:26.522868Z,0.0400,97.00,yes
2026-09-29T19:17:26.522868Z,0.0500,103.60,yes
2026-09-29T19:17:26.778025Z,0.0500,29.30,yes
2026-09-29T19:17:26.778025Z,0.0400,27.00,yes
2026-09-29T19:17:26.778025Z,0.0400,34.12,yes
2026-09-29T19:17:26.778025Z,0.0500,3.34,yes
2026-09-29T19:17:27.042558Z,0.0400,33.00,yes
2026-09-29T19:17:27.042558Z,0.0400,1.46,yes
2026-09-29T19:17:27.042558Z,0.0400,12.00,yes
2026-09-29T19:17:27.042558Z,0.0500,55.00,yes
2026-09-29T19:17:27.042558Z,0.0500,53.00,yes
2026-09-29T19:17:27.042558Z,0.0500,6.63,yes
2026-09-29T19:17:27.042558Z,0.0500,71.37,yes
2026-09-29T19:17:27.328257Z,0.0600,64.76,yes
2026-09-29T19:17:27.328257Z,0.0400,27.00,yes
2026-09-29T19:17:27.328257Z,0.0500,6.64,yes
2026-09-29T19:17:27.328257Z,0.0500,363.33,yes
2026-09-29T19:17:27.822672Z,0.0400,1.14,yes
2026-09-29T19:17:27.822672Z,0.0400,3.00,yes
2026-09-29T19:17:27.822672Z,0.0500,89.70,yes
2026-09-29T19:17:28.565107Z,0.0400,23.42,yes
2026-09-29T19:17:28.607649Z,0.0500,80.71,yes
2026-09-29T19:17:28.607649Z,0.0400,11.58,yes
2026-09-29T19:17:28.607649Z,0.0400,1.47,yes
2026-09-29T19:17:28.695479Z,0.0400,0.05,yes
2026-09-29T19:17:29.074023Z,0.0500,16.36,yes
2026-09-29T19:17:29.074023Z,0.0400,2.95,yes
2026-09-29T19:17:29.349635Z,0.0400,3.00,yes
2026-09-29T19:17:29.349635Z,0.0500,22.87,yes
2026-09-29T19:17:29.691351Z,0.0400,17.00,yes
2026-09-29T19:17:29.691351Z,0.0400,6.00,yes
2026-09-29T19:17:29.691351Z,0.0400,38.64,yes
2026-09-29T19:17:29.741861Z,0.0400,13.38,yes
2026-09-29T19:17:29.741861Z,0.0400,17.09,yes
2026-09-29T19:17:29.741861Z,0.0400,18.00,yes
2026-09-29T19:17:29.741861Z,0.0500,139.05,yes
2026-09-29T19:17:29.787822Z,0.0400,69.00,yes
2026-09-29T19:17:29.787822Z,0.0500,23.43,yes
2026-09-29T19:17:30.2269Z,0.0400,6.00,yes
2026-09-29T19:17:30.2269Z,0.0400,9.38,yes
2026-09-29T19:17:30.2269Z,0.0500,62.88,yes
2026-09-29T19:17:30.2269Z,0.0500,5.98,yes
2026-09-29T19:17:30.2269Z,0.0500,104.41,yes
2026-09-29T19:17:30.75061Z,0.0400,23.42,yes
2026-09-29T19:17:31.507394Z,0.0300,68.45,no
2026-09-29T19:17:31.507394Z,0.0300,36.00,no
2026-09-29T19:17:31.726103Z,0.0500,2.58,yes
2026-09-29T19:17:31.726103Z,0.0500,90.59,yes
2026-09-29T19:17:32.204296Z,0.0500,10.00,yes
2026-09-29T19:17:32.204296Z,0.0500,100.00,yes
2026-09-29T19:17:32.204296Z,0.0500,73.00,yes
2026-09-29T19:17:32.204296Z,0.0500,383.00,yes
2026-09-29T19:17:32.204296Z,0.0500,7.42,yes
2026-09-29T19:17:32.204296Z,0.0600,30.00,yes
2026-09-29T19:17:32.204296Z,0.0600,63.00,yes
2026-09-29T19:17:32.204296Z,0.0600,63.00,yes
2026-09-29T19:17:32.204296Z,0.0600,10.02,yes
2026-09-29T19:17:32.204296Z,0.0600,887.08,yes
2026-09-29T19:17:32.204296Z,0.0600,1.00,yes
2026-09-29T19:17:32.617444Z,0.0500,7.01,yes
2026-09-29T19:17:32.617444Z,0.0500,20.00,yes
2026-09-29T19:17:32.617444Z,0.0500,51.17,yes
2026-09-29T19:17:33.080782Z,0.0500,34.00,yes
2026-09-29T19:17:33.080782Z,0.0500,12.88,yes
2026-09-29T19:17:33.339602Z,0.0600,52.98,yes
2026-09-29T19:17:33.339602Z,0.0500,22.00,yes
2026-09-29T19:17:33.339602Z,0.0600,42.00,yes
2026-09-29T19:17:33.339602Z,0.0600,21.00,yes
2026-09-29T19:17:33.339602Z,0.0700,50.80,yes
2026-09-29T19:17:33.339602Z,0.0500,4.19,yes
2026-09-29T19:17:33.339602Z,0.0700,25.00,yes
2026-09-29T19:17:33.96338Z,0.0500,4.00,yes
2026-09-29T19:17:33.96338Z,0.0500,11.63,yes
2026-09-29T19:17:34.125764Z,0.0600,31.00,yes
2026-09-29T19:17:34.125764Z,0.0600,21.00,yes
2026-09-29T19:17:34.125764Z,0.0500,15.37,yes
2026-09-29T19:17:34.125764Z,0.0500,9.06,yes
2026-09-29T19:17:34.125764Z,0.0600,11.00,yes
2026-09-29T19:17:34.125764Z,0.0600,11.00,yes
2026-09-29T19:17:34.125764Z,0.0600,35.00,yes
2026-09-29T19:17:34.125764Z,0.0600,23.50,yes
2026-09-29T19:17:34.98024Z,0.0400,10.00,no
2026-09-29T19:17:34.98024Z,0.0400,12.85,no
2026-09-29T19:17:34.98024Z,0.0400,25.00,no
2026-09-29T19:17:34.98024Z,0.0400,65.00,no
2026-09-29T19:17:34.98024Z,0.0400,12.00,no
2026-09-29T19:17:34.981275Z,0.0700,24.31,yes
2026-09-29T19:17:34.981275Z,0.0500,15.00,yes
2026-09-29T19:17:34.981275Z,0.0600,55.00,yes
2026-09-29T19:17:34.981275Z,0.0500,6.00,yes
2026-09-29T19:17:34.981275Z,0.0500,12.00,yes
2026-09-29T19:17:34.981275Z,0.0500,15.01,yes
2026-09-29T19:17:34.981275Z,0.0500,17.00,yes
2026-09-29T19:17:34.981275Z,0.0600,6.50,yes
2026-09-29T19:17:35.174523Z,0.0400,15.00,no
2026-09-29T19:17:35.174523Z,0.0400,10.00,no
2026-09-29T19:17:36.332261Z,0.0400,10.00,no
2026-09-29T19:17:36.332261Z,0.0400,54.44,no
2026-09-29T19:17:36.332261Z,0.0400,50.00,no
2026-09-29T19:17:36.332261Z,0.0300,2.99,no
2026-09-29T19:17:36.52199Z,0.0500,12.82,yes
2026-09-29T19:17:36.52199Z,0.0500,44.70,yes
2026-09-29T19:17:36.52199Z,0.0500,10.00,yes
2026-09-29T19:17:36.52199Z,0.0500,10.00,yes
2026-09-29T19:17:36.52199Z,0.0500,80.00,yes
2026-09-29T19:17:36.52199Z,0.0500,30.00,yes
2026-09-29T19:17:36.606484Z,0.0400,58.71,no
2026-09-29T19:17:36.654804Z,0.0500,93.76,yes
2026-09-29T19:17:36.662484Z,0.0500,5.54,yes
2026-09-29T19:17:36.662484Z,0.0500,69.00,yes
2026-09-29T19:17:36.662484Z,0.0500,100.00,yes
2026-09-29T19:17:36.662484Z,0.0500,9.22,yes
2026-09-29T19:17:36.830648Z,0.0500,45.74,yes
2026-09-29T19:17:36.830648Z,0.0500,7.29,yes
2026-09-29T19:17:36.830648Z,0.0500,100.00,yes
2026-09-29T19:17:36.830648Z,0.0500,17.00,yes
2026-09-29T19:17:36.830648Z,0.0500,69.00,yes
2026-09-29T19:17:36.830648Z,0.0600,46.22,yes
2026-09-29T19:17:36.830648Z,0.0600,58.00,yes
2026-09-29T19:17:36.907083Z,0.0500,93.76,yes
2026-09-29T19:17:37.199995Z,0.0500,118.24,yes
2026-09-29T19:17:37.199995Z,0.0500,45.72,yes
2026-09-29T19:17:37.47619Z,0.0500,80.00,yes
2026-09-29T19:17:38.34451Z,0.0400,15.04,no
2026-09-29T19:17:38.34451Z,0.0400,6.29,no
2026-09-29T19:17:38.34451Z,0.0400,10.00,no
2026-09-29T19:17:38.429166Z,0.0500,30.00,yes
2026-09-29T19:17:38.429166Z,0.0500,33.00,yes
2026-09-29T19:17:38.429166Z,0.0500,100.00,yes
2026-09-29T19:17:38.429166Z,0.0500,3.81,yes
2026-09-29T19:17:38.429166Z,0.0600,90.41,yes
2026-09-29T19:17:38.99519Z,0.0500,24.00,yes
2026-09-29T19:17:38.99519Z,0.0500,69.76,yes
2026-09-29T19:17:39.073614Z,0.0600,46.17,yes
2026-09-29T19:17:39.073614Z,0.0500,36.00,yes
2026-09-29T19:17:39.518495Z,0.0600,63.00,yes
2026-09-29T19:17:39.518495Z,0.0600,16.20,yes
2026-09-29T19:17:39.518495Z,0.0500,33.00,yes
2026-09-29T19:17:39.518495Z,0.0500,100.00,yes
2026-09-29T19:17:39.518495Z,0.0500,2.57,yes
2026-09-29T19:17:39.518495Z,0.0600,77.81,yes
2026-09-29T19:17:39.799074Z,0.0800,1.00,yes
2026-09-29T19:17:39.799074Z,0.0700,9.00,yes
2026-09-29T19:17:39.799074Z,0.0700,25.00,yes
2026-09-29T19:17:39.799074Z,0.0700,63.00,yes
2026-09-29T19:17:39.799074Z,0.0700,24.00,yes
2026-09-29T19:17:39.799074Z,0.0800,99.29,yes
2026-09-29T19:17:39.799074Z,0.0700,8.89,yes
2026-09-29T19:17:39.799074Z,0.0600,250.00,yes
2026-09-29T19:17:39.799074Z,0.0600,250.00,yes
2026-09-29T19:17:39.799074Z,0.0600,69.00,yes
2026-09-29T19:17:39.799074Z,0.0700,95.00,yes
2026-09-29T19:17:39.799074Z,0.0500,195.00,yes
2026-09-29T19:17:39.799074Z,0.0600,85.19,yes
2026-09-29T19:17:40.884393Z,0.0400,10.00,no
2026-09-29T19:17:40.884393Z,0.0400,36.97,no
2026-09-29T19:17:41.375881Z,0.0600,10.00,yes
2026-09-29T19:17:41.375881Z,0.0500,3.04,yes
2026-09-29T19:17:41.375881Z,0.0600,127.57,yes
2026-09-29T19:17:41.375881Z,0.0500,17.00,yes
2026-09-29T19:17:41.375881Z,0.0500,10.00,yes
2026-09-29T19:17:41.375881Z,0.0600,11.00,yes
2026-09-29T19:17:41.375881Z,0.0600,11.00,yes
2026-09-29T19:17:41.375881Z,0.0600,128.00,yes
2026-09-29T19:17:41.729876Z,0.0300,33.00,no
2026-09-29T19:17:41.729876Z,0.0300,10.56,no
2026-09-29T19:17:41.729876Z,0.0300,41.59,no
2026-09-29T19:17:41.729876Z,0.0400,100.00,no
2026-09-29T19:17:41.729876Z,0.0300,9.00,no
2026-09-29T19:17:41.729876Z,0.0300,97.00,no
2026-09-29T19:17:41.729876Z,0.0300,80.00,no
2026-09-29T19:17:41.729876Z,0.0300,25.00,no
2026-09-29T19:17:41.729876Z,0.0400,50.00,no
2026-09-29T19:17:41.729876Z,0.0400,69.00,no
2026-09-29T19:17:41.729876Z,0.0400,10.00,no
2026-09-29T19:17:41.729876Z,0.0400,25.00,no
2026-09-29T19:17:41.729876Z,0.0400,9.00,no
2026-09-29T19:17:41.729876Z,0.0400,28.03,no
2026-09-29T19:17:41.946952Z,0.0400,24.87,no
2026-09-29T19:17:41.946952Z,0.0400,80.00,no
2026-09-29T19:17:41.946952Z,0.0400,42.00,no
2026-09-29T19:17:41.946952Z,0.0400,88.00,no
2026-09-29T19:17:41.94974Z,0.0400,112.13,no
2026-09-29T19:17:41.94974Z,0.0400,59.51,no
2026-09-29T19:17:41.94974Z,0.0400,4.51,no
2026-09-29T19:17:42.416324Z,0.0500,74.05,yes
2026-09-29T19:17:42.416324Z,0.0500,16.47,yes
2026-09-29T19:17:42.416324Z,0.0500,97.00,yes
2026-09-29T19:17:42.455713Z,0.0500,36.95,yes
2026-09-29T19:17:42.455713Z,0.0500,69.00,yes
2026-09-29T19:17:42.455713Z,0.0500,81.57,yes
2026-09-29T19:17:42.524675Z,0.0400,5.49,no
2026-09-29T19:17:42.524675Z,0.0400,10.00,no
2026-09-29T19:17:42.524675Z,0.0400,137.00,no
2026-09-29T19:17:42.524675Z,0.0400,88.00,no
2026-09-29T19:17:42.524675Z,0.0400,59.51,no
2026-09-29T19:17:42.524675Z,0.0400,90.00,no
2026-09-29T19:17:42.524675Z,0.0300,637.00,no
2026-09-29T19:17:42.786371Z,0.0600,250.00,yes
2026-09-29T19:17:42.786371Z,0.0600,32.28,yes
2026-09-29T19:17:42.786371Z,0.0600,25.00,yes
2026-09-29T19:17:42.786371Z,0.0500,59.51,yes
2026-09-29T19:17:42.786371Z,0.0500,17.40,yes
2026-09-29T19:17:42.786371Z,0.0500,251.00,yes
2026-09-29T19:17:42.786371Z,0.0500,69.00,yes
2026-09-29T19:17:42.786371Z,0.0600,126.43,yes
2026-09-29T19:17:42.880029Z,0.0500,42.19,yes
2026-09-29T19:17:42.892076Z,0.0500,16.04,yes
2026-09-29T19:17:42.892076Z,0.0500,21.46,yes
2026-09-29T19:17:42.968768Z,0.0400,137.00,no
2026-09-29T19:17:42.968768Z,0.0400,10.00,no
2026-09-29T19:17:42.968768Z,0.0400,9.06,no
2026-09-29T19:17:43.203473Z,0.0500,17.96,yes
2026-09-29T19:17:43.203473Z,0.0500,47.97,yes
2026-09-29T19:17:43.203473Z,0.0500,27.83,yes
2026-09-29T19:17:43.396601Z,0.0500,172.55,yes
2026-09-29T19:17:43.646498Z,0.0400,20.89,no
2026-09-29T19:17:43.779421Z,0.0500,19.48,yes
2026-09-29T19:17:43.779421Z,0.0500,67.00,yes
2026-09-29T19:17:43.779421Z,0.0500,10.00,yes
2026-09-29T19:17:43.779421Z,0.0500,91.04,yes
2026-09-29T19:17:44.123671Z,0.0400,26.82,no
2026-09-29T19:17:45.270627Z,0.0400,9.95,no
2026-09-29T19:17:45.270627Z,0.0400,45.29,no
2026-09-29T19:17:45.425508Z,0.0500,28.12,yes
2026-09-29T19:17:45.773105Z,0.0500,31.32,yes
2026-09-29T19:17:45.8539Z,0.0500,227.56,yes
2026-09-29T19:17:45.8539Z,0.0500,73.49,yes
2026-09-29T19:17:45.8539Z,0.0500,74.00,yes
2026-09-29T19:17:47.168579Z,0.0400,20.89,no
2026-09-29T19:17:47.465395Z,0.0500,17.00,yes
2026-09-29T19:17:47.465395Z,0.0500,46.22,yes
2026-09-29T19:17:47.465395Z,0.0500,13.00,yes
2026-09-29T19:17:47.465395Z,0.0500,25.18,yes
2026-09-29T19:17:47.465395Z,0.0500,4.00,yes
2026-09-29T19:17:47.465395Z,0.0500,220.00,yes
2026-09-29T19:17:47.465395Z,0.0500,10.00,yes
2026-09-29T19:17:47.884481Z,0.0400,35.25,no
2026-09-29T19:17:47.884481Z,0.0400,63.65,no
2026-09-29T19:17:47.884481Z,0.0400,57.16,no
2026-09-29T19:17:47.972365Z,0.0500,468.82,yes
2026-09-29T19:17:47.976347Z,0.0500,65.56,yes
2026-09-29T19:17:47.976347Z,0.0500,121.96,yes
2026-09-29T19:17:48.497546Z,0.0500,107.00,yes
2026-09-29T19:17:48.497546Z,0.0500,80.52,yes
2026-09-29T19:17:48.619479Z,0.0500,300.48,yes
2026-09-29T19:17:48.619479Z,0.0500,74.57,yes
2026-09-29T19:17:48.807869Z,0.0500,25.43,yes
2026-09-29T19:17:48.807869Z,0.0500,21.95,yes
2026-09-29T19:17:48.807869Z,0.0500,8.87,yes
2026-09-29T19:17:48.955838Z,0.0400,35.25,no
2026-09-29T19:17:48.955838Z,0.0400,88.00,no
2026-09-29T19:17:48.955838Z,0.0400,20.04,no
2026-09-29T19:17:48.955838Z,0.0300,280.23,no
2026-09-29T19:17:48.955838Z,0.0400,101.75,no
2026-09-29T19:17:48.955838Z,0.0400,10.00,no
2026-09-29T19:17:48.955838Z,0.0400,6.00,no
2026-09-29T19:17:48.955838Z,0.0400,83.00,no
2026-09-29T19:17:49.160531Z,0.0500,91.13,yes
2026-09-29T19:17:49.160531Z,0.0500,69.02,yes
2026-09-29T19:17:49.160531Z,0.0500,206.31,yes
2026-09-29T19:17:49.162367Z,0.0500,93.76,yes
2026-09-29T19:17:49.238021Z,0.0400,37.57,no
2026-09-29T19:17:49.238021Z,0.0400,69.02,no
2026-09-29T19:17:49.349999Z,0.0500,17.00,yes
2026-09-29T19:17:49.349999Z,0.0500,87.00,yes
2026-09-29T19:17:49.349999Z,0.0500,15.93,yes
2026-09-29T19:17:49.349999Z,0.0500,14.03,yes
2026-09-29T19:17:49.349999Z,0.0500,69.02,yes
2026-09-29T19:17:49.349999Z,0.0500,22.05,yes
2026-09-29T19:17:49.893618Z,0.0400,99.43,no
2026-09-29T19:17:49.893618Z,0.0400,92.00,no
2026-09-29T19:17:49.893618Z,0.0400,88.00,no
2026-09-29T19:17:49.893618Z,0.0400,10.00,no
2026-09-29T19:17:49.893618Z,0.0400,6.00,no
2026-09-29T19:17:49.893618Z,0.0400,16.70,no
2026-09-29T19:17:49.937432Z,0.0700,40.00,yes
2026-09-29T19:17:49.937432Z,0.0600,106.00,yes
2026-09-29T19:17:49.937432Z,0.0500,79.00,yes
2026-09-29T19:17:49.937432Z,0.0500,69.00,yes
2026-09-29T19:17:49.937432Z,0.0500,69.02,yes
2026-09-29T19:17:49.937432Z,0.0500,13.93,yes
2026-09-29T19:17:49.937432Z,0.0500,99.00,yes
2026-09-29T19:17:49.937432Z,0.0500,257.00,yes
2026-09-29T19:17:49.937432Z,0.0500,10.00,yes
2026-09-29T19:17:49.937432Z,0.0500,70.93,yes
2026-09-29T19:17:49.937432Z,0.0800,106.18,yes
2026-09-29T19:17:49.937432Z,0.0600,250.00,yes
2026-09-29T19:17:49.937432Z,0.0600,250.00,yes
2026-09-29T19:17:49.937432Z,0.0700,25.00,yes
2026-09-29T19:17:50.041592Z,0.0500,15.00,yes
2026-09-29T19:17:50.399449Z,0.0500,93.76,yes
2026-09-29T19:17:50.413019Z,0.0500,340.99,yes
2026-09-29T19:17:50.413019Z,0.0500,240.24,yes
2026-09-29T19:17:50.485435Z,0.0500,15.18,yes
2026-09-29T19:17:50.485435Z,0.0500,107.77,yes
2026-09-29T19:17:50.808356Z,0.0400,20.87,no
2026-09-29T19:17:50.808356Z,0.0400,72.89,no
2026-09-29T19:17:50.837115Z,0.0400,93.76,no
2026-09-29T19:17:50.837115Z,0.0400,25.00,no
2026-09-29T19:17:50.837115Z,0.0400,88.00,no
2026-09-29T19:17:50.837115Z,0.0400,43.24,no
2026-09-29T19:17:50.837115Z,0.0400,10.00,no
2026-09-29T19:17:50.837115Z,0.0300,40.00,no
2026-09-29T19:17:50.843907Z,0.0300,93.64,no
2026-09-29T19:17:50.9641Z,0.0500,144.77,yes
2026-09-29T19:17:50.9641Z,0.0500,212.23,yes
2026-09-29T19:17:51.169641Z,0.0500,0.14,yes
2026-09-29T19:17:51.441696Z,0.0400,20.77,no
2026-09-29T19:17:51.525765Z,0.0400,22.00,no
2026-09-29T19:17:51.861096Z,0.0400,10.00,no
2026-09-29T19:17:51.861096Z,0.0400,88.00,no
2026-09-29T19:17:51.861096Z,0.0400,137.00,no
2026-09-29T19:17:51.861096Z,0.0400,26.23,no
2026-09-29T19:17:51.861096Z,0.0300,50.90,no
2026-09-29T19:17:52.035686Z,0.0400,10.00,no
2026-09-29T19:17:52.035686Z,0.0400,137.00,no
2026-09-29T19:17:52.035686Z,0.0400,69.00,no
2026-09-29T19:17:52.126861Z,0.0300,93.64,no
2026-09-29T19:17:52.296773Z,0.0400,64.23,yes
2026-09-29T19:17:52.317344Z,0.0500,9.37,yes
2026-09-29T19:17:52.448827Z,0.0500,187.52,yes
2026-09-29T19:17:53.108532Z,0.0500,5.11,yes
2026-09-29T19:17:53.108532Z,0.0500,49.49,yes
2026-09-29T19:17:53.108532Z,0.0500,10.00,yes
2026-09-29T19:17:53.108532Z,0.0500,29.16,yes
2026-09-29T19:17:53.890311Z,0.0500,93.76,yes
2026-09-29T19:17:54.267238Z,0.0400,6.00,no
2026-09-29T19:17:54.267238Z,0.0400,7.00,no
2026-09-29T19:17:54.267238Z,0.0400,1.00,no
2026-09-29T19:17:54.267238Z,0.0400,10.00,no
2026-09-29T19:17:54.267238Z,0.0400,35.77,no
2026-09-29T19:17:54.267238Z,0.0300,0.78,no
2026-09-29T19:17:54.302271Z,0.0300,6.97,no
2026-09-29T19:17:54.419622Z,0.0500,34.70,yes
2026-09-29T19:17:54.419622Z,0.0700,25.00,yes
2026-09-29T19:17:54.419622Z,0.0500,68.00,yes
2026-09-29T19:17:54.419622Z,0.0500,99.00,yes
2026-09-29T19:17:54.419622Z,0.0500,200.00,yes
2026-09-29T19:17:54.419622Z,0.0700,39.00,yes
2026-09-29T19:17:54.419622Z,0.0500,273.00,yes
2026-09-29T19:17:54.419622Z,0.0500,17.00,yes
2026-09-29T19:17:54.419622Z,0.0500,90.00,yes
2026-09-29T19:17:54.419622Z,0.0500,65.00,yes
2026-09-29T19:17:54.419622Z,0.0500,69.00,yes
2026-09-29T19:17:54.419622Z,0.0700,11.00,yes
2026-09-29T19:17:54.419622Z,0.0600,250.00,yes
2026-09-29T19:17:54.419622Z,0.0700,42.00,yes
2026-09-29T19:17:54.419622Z,0.0600,103.00,yes
2026-09-29T19:17:54.419622Z,0.0700,11.00,yes
2026-09-29T19:17:54.419622Z,0.0800,218.82,yes
2026-09-29T19:17:55.814826Z,0.0400,11.00,no
2026-09-29T19:17:55.814826Z,0.0400,69.00,no
2026-09-29T19:17:55.814826Z,0.0400,79.16,no
2026-09-29T19:17:55.814826Z,0.0400,84.02,no
2026-09-29T19:17:55.814826Z,0.0400,25.00,no
2026-09-29T19:17:55.814826Z,0.0400,10.00,no
2026-09-29T19:17:55.986111Z,0.0400,10.00,no
2026-09-29T19:17:55.986111Z,0.0400,2.00,no
2026-09-29T19:17:55.986111Z,0.0300,175.52,no
2026-09-29T19:17:56.010245Z,0.0500,56.25,yes
2026-09-29T19:17:56.605841Z,0.0400,2.00,no
2026-09-29T19:17:56.605841Z,0.0400,10.00,no
2026-09-29T19:17:56.679611Z,0.0500,39.00,yes
2026-09-29T19:17:56.679611Z,0.0500,10.00,yes
2026-09-29T19:17:56.679611Z,0.0500,17.00,yes
2026-09-29T19:17:56.679611Z,0.0500,115.00,yes
2026-09-29T19:17:56.679611Z,0.0500,4.75,yes
2026-09-29T19:17:56.679611Z,0.0500,27.19,yes
2026-09-29T19:17:56.679611Z,0.0500,57.00,yes
2026-09-29T19:17:56.679611Z,0.0500,6.40,yes
2026-09-29T19:17:56.679611Z,0.0500,69.00,yes
2026-09-29T19:17:56.966579Z,0.0400,79.87,no
2026-09-29T19:17:57.071543Z,0.0500,15.82,yes
2026-09-29T19:17:57.071543Z,0.0500,34.00,yes
2026-09-29T19:17:57.071543Z,0.0500,57.83,yes
2026-09-29T19:17:57.071543Z,0.0500,79.87,yes
2026-09-29T19:17:57.37326Z,0.0400,80.00,no
2026-09-29T19:17:57.37326Z,0.0400,88.00,no
2026-09-29T19:17:57.37326Z,0.0400,18.85,no
2026-09-29T19:17:57.37326Z,0.0400,10.00,no
2026-09-29T19:17:57.37326Z,0.0400,79.87,no
2026-09-29T19:17:57.37326Z,0.0300,815.76,no
2026-09-29T19:17:57.530187Z,0.0200,1910.76,no
2026-09-29T19:17:57.530187Z,0.0200,100.00,no
2026-09-29T19:17:57.530187Z,0.0200,25.00,no
2026-09-29T19:17:57.530187Z,0.0200,3679.13,no
2026-09-29T19:17:57.530187Z,0.0300,99.93,no
2026-09-29T19:17:57.530187Z,0.0300,33.00,no
2026-09-29T19:17:57.530187Z,0.0300,69.00,no
2026-09-29T19:17:57.530187Z,0.0400,10.00,no
2026-09-29T19:17:57.530187Z,0.0400,8.00,no
2026-09-29T19:17:57.530187Z,0.0400,92.00,no
2026-09-29T19:17:57.530187Z,0.0400,79.87,no
2026-09-29T19:17:57.530187Z,0.0400,88.00,no
2026-09-29T19:17:57.530187Z,0.0300,1805.56,no
2026-09-29T19:17:57.530187Z,0.0300,2000.00,no
2026-09-29T19:17:57.530187Z,0.0300,25.00,no
2026-09-29T19:17:57.530187Z,0.0300,9.00,no
2026-09-29T19:17:57.656225Z,0.0400,10.00,no
2026-09-29T19:17:57.656225Z,0.0400,15.00,no
2026-09-29T19:17:57.993674Z,0.0500,56.25,yes
2026-09-29T19:17:58.242Z,0.0400,10.00,no
2026-09-29T19:17:58.242Z,0.0400,5.63,no
2026-09-29T19:17:58.271587Z,0.0500,23.16,yes
2026-09-29T19:17:58.271989Z,0.0400,10.00,no
2026-09-29T19:17:58.271989Z,0.0400,14.29,no
2026-09-29T19:17:58.271989Z,0.0400,0.63,no
2026-09-29T19:17:58.271989Z,0.0300,79.87,no
2026-09-29T19:17:58.271989Z,0.0300,5.49,no
2026-09-29T19:17:58.271989Z,0.0400,78.37,no
2026-09-29T19:17:58.433639Z,0.0400,2.00,no
2026-09-29T19:17:58.433639Z,0.0400,10.00,no
2026-09-29T19:17:58.433639Z,0.0400,2.00,no
2026-09-29T19:17:58.433639Z,0.0300,68.17,no
2026-09-29T19:17:58.547642Z,0.0300,37.63,no
2026-09-29T19:17:58.547642Z,0.0300,9.34,no
2026-09-29T19:17:58.811898Z,0.0500,9.78,yes
2026-09-29T19:17:58.811898Z,0.0500,33.21,yes
2026-09-29T19:17:58.811898Z,0.0500,50.77,yes
2026-09-29T19:17:58.971229Z,0.0500,5.00,yes
2026-09-29T19:17:59.000725Z,0.0300,44.37,no
2026-09-29T19:17:59.000725Z,0.0300,9.00,no
2026-09-29T19:17:59.000725Z,0.0300,33.00,no
2026-09-29T19:17:59.000725Z,0.0300,21.06,no
2026-09-29T19:17:59.000725Z,0.0300,10.00,no
2026-09-29T19:17:59.133078Z,0.0300,82.00,no
2026-09-29T19:17:59.133078Z,0.0300,95.00,no
2026-09-29T19:17:59.133078Z,0.0300,10.00,no
2026-09-29T19:17:59.133078Z,0.0300,125.13,no
2026-09-29T19:17:59.494056Z,0.0300,10.00,no
2026-09-29T19:17:59.494056Z,0.0300,6.00,no
2026-09-29T19:17:59.494056Z,0.0300,2.00,no
2026-09-29T19:17:59.494056Z,0.0300,82.00,no
2026-09-29T19:17:59.494056Z,0.0300,173.57,no
2026-09-29T19:17:59.731345Z,0.0500,48.30,yes
2026-09-29T19:17:59.731345Z,0.0500,75.00,yes
2026-09-29T19:17:59.731345Z,0.0500,54.22,yes
2026-09-29T19:17:59.731345Z,0.0500,10.00,yes
2026-09-29T19:18:00.332835Z,0.0300,37.02,no
2026-09-29T19:18:00.332835Z,0.0300,70.41,no
2026-09-29T19:18:00.332835Z,0.0300,10.00,no
2026-09-29T19:18:00.574156Z,0.0400,78.76,yes
2026-09-29T19:18:00.574156Z,0.0400,15.00,yes
2026-09-29T19:18:00.64858Z,0.0400,154.00,yes
2026-09-29T19:18:00.657793Z,0.0300,2.00,no
2026-09-29T19:18:00.657793Z,0.0300,11.59,no
2026-09-29T19:18:00.657793Z,0.0300,9.98,no
2026-09-29T19:18:01.231248Z,0.0400,234.25,yes
2026-09-29T19:18:01.2761Z,0.0300,125.00,no
2026-09-29T19:18:01.355987Z,0.0400,550.60,yes
2026-09-29T19:18:01.491678Z,0.0400,117.12,yes
2026-09-29T19:18:01.702934Z,0.0300,187.52,no
2026-09-29T19:18:01.718915Z,0.0400,117.12,yes
2026-09-29T19:18:02.043197Z,0.0400,234.25,yes
2026-09-29T19:18:02.175382Z,0.0300,651.00,no
2026-09-29T19:18:02.175382Z,0.0300,36.00,no
2026-09-29T19:18:02.175382Z,0.0300,69.00,no
2026-09-29T19:18:02.175382Z,0.0300,23.60,no
2026-09-29T19:18:02.175382Z,0.0300,677.50,no
2026-09-29T19:18:02.175382Z,0.0300,10.00,no
2026-09-29T19:18:02.195021Z,0.0200,117.43,no
2026-09-29T19:18:02.362387Z,0.0300,104.45,yes
2026-09-29T19:18:02.56089Z,0.0300,93.76,yes
2026-09-29T19:18:02.918724Z,0.0300,93.76,yes
2026-09-29T19:18:03.07435Z,0.0300,312.13,yes
2026-09-29T19:18:03.368507Z,0.0300,57.00,yes
2026-09-29T19:18:03.876792Z,0.0300,70.54,yes
2026-09-29T19:18:04.055851Z,0.0300,119.86,yes
2026-09-29T19:18:06.444664Z,0.0300,19.80,yes
2026-09-29T19:18:06.467181Z,0.0300,45.26,yes
2026-09-29T19:18:06.829392Z,0.0300,62.42,yes
2026-09-29T19:18:06.939329Z,0.0300,93.64,yes
2026-09-29T19:18:07.032017Z,0.0200,58.71,no
2026-09-29T19:18:07.218927Z,0.0300,187.52,yes
2026-09-29T19:18:07.464554Z,0.0300,312.13,yes
2026-09-29T19:18:07.524928Z,0.0300,187.52,yes
2026-09-29T19:18:08.28371Z,0.0300,124.85,yes
2026-09-29T19:18:09.493593Z,0.0200,11.74,no
2026-09-29T19:18:09.726612Z,0.0200,269.00,no
2026-09-29T19:18:10.281165Z,0.0300,187.52,yes
2026-09-29T19:18:10.510908Z,0.0300,93.64,yes
2026-09-29T19:18:10.68217Z,0.0200,106.00,no
2026-09-29T19:18:11.035315Z,0.0300,24.03,yes
2026-09-29T19:18:11.168928Z,0.0200,234.87,no
2026-09-29T19:18:11.311831Z,0.0300,156.06,yes
2026-09-29T19:18:11.36282Z,0.0300,0.31,yes
2026-09-29T19:18:11.55395Z,0.0300,31.21,yes
2026-09-29T19:18:11.831405Z,0.0300,156.06,yes
2026-09-29T19:18:11.934731Z,0.0300,93.64,yes
2026-09-29T19:18:12.185121Z,0.0200,18.75,no
2026-09-29T19:18:12.264337Z,0.0300,187.52,yes
2026-09-29T19:18:12.359298Z,0.0300,93.64,yes
2026-09-29T19:18:14.618897Z,0.0200,144.25,no
2026-09-29T19:18:14.802275Z,0.0300,156.06,yes
2026-09-29T19:18:14.840856Z,0.0300,312.13,yes
2026-09-29T19:18:15.034281Z,0.0300,156.06,yes
2026-09-29T19:18:15.389654Z,0.0200,937.64,no
2026-09-29T19:18:15.683066Z,0.0200,31.33,no
2026-09-29T19:18:16.721153Z,0.0300,312.13,yes
2026-09-29T19:18:17.686392Z,0.0200,587.18,no
2026-09-29T19:18:17.860309Z,0.0300,312.13,yes
2026-09-29T19:18:18.315367Z,0.0200,92.43,no
2026-09-29T19:18:18.505054Z,0.0300,6.86,yes
2026-09-29T19:18:18.789318Z,0.0300,116.00,yes
2026-09-29T19:18:18.919426Z,0.0300,156.06,yes
2026-09-29T19:18:19.2838Z,0.0300,62.42,yes
2026-09-29T19:18:19.632817Z,0.0300,468.20,yes
2026-09-29T19:18:20.924005Z,0.0300,312.13,yes
2026-09-29T19:18:21.159249Z,0.0200,39.08,no
2026-09-29T19:18:21.225027Z,0.0300,905.20,yes
2026-09-29T19:18:21.470946Z,0.0300,156.06,yes
2026-09-29T19:18:21.594405Z,0.0300,312.13,yes
2026-09-29T19:18:22.167135Z,0.0200,80.00,no
2026-09-29T19:18:22.219849Z,0.0300,312.13,yes
2026-09-29T19:18:22.477093Z,0.0300,62.42,yes
2026-09-29T19:18:22.937408Z,0.0300,19.66,yes
2026-09-29T19:18:23.152384Z,0.0200,11.74,no
2026-09-29T19:18:24.178063Z,0.0300,3.12,yes
2026-09-29T19:18:24.186192Z,0.0300,31.21,yes
2026-09-29T19:18:24.407497Z,0.0300,15.60,yes
2026-09-29T19:18:24.669964Z,0.0300,50.00,yes
2026-09-29T19:18:25.250784Z,0.0300,62.42,yes
2026-09-29T19:18:26.503029Z,0.0300,156.06,yes
2026-09-29T19:18:29.811743Z,0.0200,57.00,no
2026-09-29T19:18:30.694712Z,0.0300,31.21,yes
2026-09-29T19:18:32.981184Z,0.0300,9.98,yes
2026-09-29T19:18:34.506951Z,0.0300,142.64,yes
2026-09-29T19:18:34.703812Z,0.0300,156.06,yes
2026-09-29T19:18:35.651985Z,0.0300,156.06,yes
2026-09-29T19:18:35.89398Z,0.0300,31.21,yes
2026-09-29T19:18:36.570689Z,0.0300,17.00,yes
2026-09-29T19:18:36.570689Z,0.0300,531.05,yes
2026-09-29T19:18:36.570689Z,0.0300,17.00,yes
2026-09-29T19:18:36.570689Z,0.0300,10.00,yes
2026-09-29T19:18:36.570689Z,0.0300,83.00,yes
2026-09-29T19:18:36.570689Z,0.0300,10.00,yes
2026-09-29T19:18:36.570689Z,0.0300,55.00,yes
2026-09-29T19:18:36.570689Z,0.0300,57.29,yes
2026-09-29T19:18:37.340733Z,0.0300,624.27,yes
2026-09-29T19:18:37.580201Z,0.0300,93.64,yes
2026-09-29T19:18:37.955594Z,0.0300,624.27,yes
2026-09-29T19:18:38.487156Z,0.0300,124.85,yes
2026-09-29T19:18:39.200202Z,0.0300,31.21,yes
2026-09-29T19:18:39.92676Z,0.0300,156.06,yes
2026-09-29T19:18:41.745914Z,0.0300,312.13,yes
2026-09-29T19:18:42.826992Z,0.0300,312.13,yes
2026-09-29T19:18:43.187129Z,0.0300,31.21,yes
2026-09-29T19:18:43.266522Z,0.0300,12.17,yes
2026-09-29T19:18:43.377152Z,0.0300,62.42,yes
2026-09-29T19:18:44.361518Z,0.0300,31.21,yes
2026-09-29T19:18:44.423506Z,0.0300,156.06,yes
2026-09-29T19:18:46.374071Z,0.0300,31.21,yes
2026-09-29T19:18:46.760248Z,0.0200,67.06,no
2026-09-29T19:18:47.372752Z,0.0300,31.21,yes
2026-09-29T19:18:48.165537Z,0.0300,31.21,yes
2026-09-29T19:18:48.675708Z,0.0300,35.77,yes
2026-09-29T19:18:48.675708Z,0.0300,82.04,yes
2026-09-29T19:18:48.675708Z,0.0300,662.53,yes
2026-09-29T19:18:48.825802Z,0.0300,312.13,yes
2026-09-29T19:18:49.563206Z,0.0200,10.68,no
2026-09-29T19:18:49.690354Z,0.0300,156.06,yes
2026-09-29T19:18:50.931855Z,0.0300,93.64,yes
2026-09-29T19:18:51.649057Z,0.0300,312.13,yes
2026-09-29T19:18:51.840682Z,0.0300,37.14,yes
2026-09-29T19:18:53.846486Z,0.0300,300.00,yes
2026-09-29T19:18:53.975471Z,0.0200,587.18,no
2026-09-29T19:18:54.300276Z,0.0300,156.06,yes
2026-09-29T19:18:54.300584Z,0.0300,5.21,yes
2026-09-29T19:18:54.300584Z,0.0300,57.21,yes
2026-09-29T19:18:54.610303Z,0.0300,312.13,yes
2026-09-29T19:18:54.952296Z,0.0300,156.06,yes
2026-09-29T19:18:55.301536Z,0.0300,62.42,yes
2026-09-29T19:18:55.757749Z,0.0300,156.06,yes
2026-09-29T19:18:55.785881Z,0.0300,312.13,yes
2026-09-29T19:18:56.439539Z,0.0300,156.06,yes
2026-09-29T19:18:56.581821Z,0.0300,312.13,yes
2026-09-29T19:18:56.72376Z,0.0300,156.06,yes
2026-09-29T19:18:59.282647Z,0.0300,312.13,yes
2026-09-29T19:18:59.499379Z,0.0300,31.21,yes
2026-09-29T19:18:59.916934Z,0.0300,2.81,yes
2026-09-29T19:18:59.916934Z,0.0300,28.40,yes
2026-09-29T19:19:00.170827Z,0.0300,31.21,yes
2026-09-29T19:19:00.373305Z,0.0300,31.21,yes
2026-09-29T19:19:01.525832Z,0.0300,161.06,yes
2026-09-29T19:19:01.966199Z,0.0300,31.21,yes
2026-09-29T19:19:02.850992Z,0.0300,156.06,yes
2026-09-29T19:19:03.973929Z,0.0300,312.13,yes
2026-09-29T19:19:04.373376Z,0.0300,468.20,yes
2026-09-29T19:19:04.617163Z,0.0300,156.06,yes
2026-09-29T19:19:05.483503Z,0.0200,70.46,no
2026-09-29T19:19:07.605958Z,0.0200,93.76,no
2026-09-29T19:19:09.060011Z,0.0300,62.42,yes
2026-09-29T19:19:09.135184Z,0.0300,68.43,yes
2026-09-29T19:19:09.135184Z,0.0300,87.63,yes
2026-09-29T19:19:09.38108Z,0.0300,31.21,yes
2026-09-29T19:19:10.768752Z,0.0300,318.36,yes
2026-09-29T19:19:10.768752Z,0.0300,1138.69,yes
2026-09-29T19:19:10.768752Z,0.0300,10.00,yes
2026-09-29T19:19:11.147461Z,0.0300,312.13,yes
2026-09-29T19:19:11.618783Z,0.0300,15.60,yes
2026-09-29T19:19:12.694353Z,0.0300,37.98,yes
2026-09-29T19:19:12.694353Z,0.0300,80.00,yes
2026-09-29T19:19:12.694353Z,0.0300,38.08,yes
2026-09-29T19:19:13.560291Z,0.0300,312.13,yes
2026-09-29T19:19:13.865923Z,0.0300,312.13,yes
2026-09-29T19:19:14.947652Z,0.0300,23.47,yes
2026-09-29T19:19:15.507874Z,0.0300,15.60,yes
2026-09-29T19:19:16.399642Z,0.0300,70.25,yes
2026-09-29T19:19:17.945174Z,0.0300,156.06,yes
2026-09-29T19:19:19.071931Z,0.0300,93.64,yes
2026-09-29T19:19:19.191393Z,0.0300,47.56,yes
2026-09-29T19:19:19.191393Z,0.0300,264.57,yes
2026-09-29T19:19:21.161624Z,0.0300,4.42,yes
2026-09-29T19:19:21.161624Z,0.0400,15.00,yes
2026-09-29T19:19:21.161624Z,0.0400,55.98,yes
2026-09-29T19:19:22.913855Z,0.0400,24.02,yes
2026-09-29T19:19:22.913855Z,0.0400,22.83,yes
2026-09-29T19:19:26.370102Z,0.0400,4167.58,yes
2026-09-29T19:19:26.370102Z,0.0400,133.25,yes
2026-09-29T19:19:26.370102Z,0.0400,1477.17,yes
2026-09-29T19:19:27.107092Z,0.0400,1.40,yes
2026-09-29T19:19:27.595256Z,0.0400,117.12,yes
2026-09-29T19:19:32.124774Z,0.0400,23.42,yes
2026-09-29T19:19:32.984813Z,0.0400,117.12,yes
2026-09-29T19:19:35.184986Z,0.0400,46.85,yes
2026-09-29T19:19:35.201138Z,0.0400,9.13,yes
2026-09-29T19:19:35.457101Z,0.0400,39.12,yes
2026-09-29T19:19:37.723974Z,0.0400,117.12,yes
2026-09-29T19:19:39.222747Z,0.0400,46.85,yes
2026-09-29T19:19:39.617374Z,0.0400,234.25,yes
2026-09-29T19:19:40.538953Z,0.0400,42.00,yes
2026-09-29T19:19:40.686773Z,0.0400,117.12,yes
2026-09-29T19:19:42.02949Z,0.0400,83.16,yes
2026-09-29T19:19:43.304186Z,0.0400,200.00,yes
2026-09-29T19:19:44.176737Z,0.0300,26.83,no
2026-09-29T19:19:44.176737Z,0.0300,73.17,no
2026-09-29T19:19:44.380298Z,0.0400,234.25,yes
2026-09-29T19:19:47.680535Z,0.0400,152.00,yes
2026-09-29T19:19:47.680535Z,0.0400,316.51,yes
2026-09-29T19:19:47.930962Z,0.0400,117.12,yes
2026-09-29T19:19:48.522532Z,0.0400,234.25,yes
2026-09-29T19:19:49.067725Z,0.0400,2342.57,yes
2026-09-29T19:19:49.645018Z,0.0300,20.57,no
2026-09-29T19:19:51.127696Z,0.0400,2191.82,yes
2026-09-29T19:19:52.677383Z,0.0400,234.25,yes
2026-09-29T19:19:52.930791Z,0.0400,46.85,yes
2026-09-29T19:19:53.28989Z,0.0400,23.42,yes
2026-09-29T19:19:55.428222Z,0.0400,23.42,yes
2026-09-29T19:19:55.665874Z,0.0400,23.42,yes
2026-09-29T19:19:56.74138Z,0.0400,86.00,yes
2026-09-29T19:19:56.74138Z,0.0400,51.00,yes
2026-09-29T19:19:56.74138Z,0.0400,10.00,yes
2026-09-29T19:19:56.74138Z,0.0400,87.25,yes
2026-09-29T19:19:57.238731Z,0.0500,34.71,yes
2026-09-29T19:19:57.238731Z,0.0400,4.89,yes
2026-09-29T19:19:57.238731Z,0.0400,100.00,yes
2026-09-29T19:19:57.238731Z,0.0400,10.00,yes
2026-09-29T19:19:57.238731Z,0.0400,44.75,yes
2026-09-29T19:19:57.238731Z,0.0400,143.00,yes
2026-09-29T19:19:57.238731Z,0.0500,4.70,yes
2026-09-29T19:19:57.498809Z,0.0300,2.45,no
2026-09-29T19:19:57.498809Z,0.0300,69.00,no
2026-09-29T19:19:57.498809Z,0.0300,33.00,no
2026-09-29T19:19:58.358416Z,0.0400,163.04,yes
2026-09-29T19:19:58.358416Z,0.0400,118.00,yes
2026-09-29T19:19:58.358416Z,0.0400,70.34,yes
2026-09-29T19:20:01.444762Z,0.0400,81.88,yes
2026-09-29T19:20:01.444762Z,0.0400,35.24,yes
2026-09-29T19:20:04.609661Z,0.0400,99.93,yes
2026-09-29T19:20:04.609661Z,0.0400,60.12,yes
2026-09-29T19:20:04.609661Z,0.0400,39.00,yes
2026-09-29T19:20:04.609661Z,0.0400,19.00,yes
2026-09-29T19:20:04.609661Z,0.0400,24.99,yes
2026-09-29T19:20:04.609661Z,0.0400,192.37,yes
2026-09-29T19:20:04.609661Z,0.0400,61.00,yes
2026-09-29T19:20:06.32065Z,0.0400,46.85,yes
2026-09-29T19:20:06.835502Z,0.0400,46.85,yes
2026-09-29T19:20:07.03396Z,0.0400,585.64,yes
2026-09-29T19:20:10.370082Z,0.0400,702.77,yes
2026-09-29T19:20:11.884863Z,0.0400,117.12,yes
2026-09-29T19:20:12.638918Z,0.0400,3.51,yes
2026-09-29T19:20:12.844478Z,0.0400,97.32,yes
2026-09-29T19:20:12.844478Z,0.0400,19.80,yes
2026-09-29T19:20:13.142993Z,0.0400,417.22,yes
2026-09-29T19:20:13.142993Z,0.0400,402.68,yes
2026-09-29T19:20:14.620285Z,0.0400,234.25,yes
2026-09-29T19:20:16.269181Z,0.0300,4.55,no
2026-09-29T19:20:16.269181Z,0.0300,529.41,no
2026-09-29T19:20:16.339496Z,0.0400,117.12,yes
2026-09-29T19:20:17.432958Z,0.0300,124.85,no
2026-09-29T19:20:17.712311Z,0.0400,46.85,yes
2026-09-29T19:20:19.246862Z,0.0400,140.55,yes
2026-09-29T19:20:19.433962Z,0.0400,44.01,yes
2026-09-29T19:20:19.433962Z,0.0400,536.33,yes
2026-09-29T19:20:19.433962Z,0.0400,99.00,yes
2026-09-29T19:20:20.162295Z,0.0400,77.07,yes
2026-09-29T19:20:22.101537Z,0.0400,468.51,yes
2026-09-29T19:20:22.684297Z,0.0400,23.42,yes
2026-09-29T19:20:23.491315Z,0.0400,70.27,yes
2026-09-29T19:20:26.845943Z,0.0300,10.00,no
2026-09-29T19:20:27.011941Z,0.0400,2342.57,yes
2026-09-29T19:20:28.80729Z,0.0400,117.12,yes
2026-09-29T19:20:29.44799Z,0.0400,234.25,yes
2026-09-29T19:20:29.486276Z,0.0400,46.85,yes
2026-09-29T19:20:30.859778Z,0.0400,304.53,yes
2026-09-29T19:20:31.024356Z,0.0400,55.00,yes
2026-09-29T19:20:32.161399Z,0.0400,46.85,yes
2026-09-29T19:20:32.587698Z,0.0400,1171.28,yes
2026-09-29T19:20:33.186675Z,0.0400,23.42,yes
2026-09-29T19:20:34.102475Z,0.0400,75.19,yes
2026-09-29T19:20:34.358846Z,0.0400,46.85,yes
2026-09-29T19:20:36.229279Z,0.0300,11.74,no
2026-09-29T19:20:36.470085Z,0.0300,292.48,no
2026-09-29T19:20:36.475814Z,0.0300,176.15,no
2026-09-29T19:20:37.52539Z,0.0400,234.25,yes
2026-09-29T19:20:38.352791Z,0.0400,6.24,yes
2026-09-29T19:20:38.352791Z,0.0400,110.88,yes
2026-09-29T19:20:40.471378Z,0.0400,234.25,yes
2026-09-29T19:20:40.981466Z,0.0400,234.25,yes
2026-09-29T19:20:41.266365Z,0.0400,23.42,yes
2026-09-29T19:20:42.359617Z,0.0400,2342.57,yes
2026-09-29T19:20:43.993185Z,0.0300,134.12,no
2026-09-29T19:20:46.059999Z,0.0400,0.23,yes
2026-09-29T19:20:47.919664Z,0.0300,23.48,no
2026-09-29T19:20:51.576101Z,0.0400,117.12,yes
2026-09-29T19:20:52.657886Z,0.0400,117.12,yes
2026-09-29T19:20:54.784958Z,0.0400,117.12,yes
2026-09-29T19:20:56.403018Z,0.0400,117.12,yes
2026-09-29T19:20:56.991158Z,0.0300,95.67,no
2026-09-29T19:20:58.332773Z,0.0400,117.12,yes
2026-09-29T19:20:58.436687Z,0.0400,23.42,yes
2026-09-29T19:20:58.695997Z,0.0300,55.00,no
2026-09-29T19:20:59.106812Z,0.0400,117.12,yes
2026-09-29T19:20:59.661212Z,0.0400,46.85,yes
2026-09-29T19:20:59.763351Z,0.0300,35.23,no
2026-09-29T19:20:59.857546Z,0.0400,46.85,yes
2026-09-29T19:21:00.207572Z,0.0400,46.85,yes
2026-09-29T19:21:01.063777Z,0.0400,163.98,yes
2026-09-29T19:21:01.370667Z,0.0300,187.52,no
2026-09-29T19:21:01.705735Z,0.0300,288.83,no
2026-09-29T19:21:01.705735Z,0.0300,298.35,no
2026-09-29T19:21:03.134387Z,0.0300,295.07,no
2026-09-29T19:21:03.223728Z,0.0400,1171.28,yes
2026-09-29T19:21:03.231393Z,0.0400,20.57,yes
2026-09-29T19:21:03.530666Z,0.0400,711.88,yes
2026-09-29T19:21:03.530666Z,0.0400,1630.69,yes
2026-09-29T19:21:04.912345Z,0.0400,117.12,yes
2026-09-29T19:21:07.309621Z,0.0400,234.25,yes
2026-09-29T19:21:07.666542Z,0.0300,65.82,no
2026-09-29T19:21:07.666542Z,0.0300,2.00,no
2026-09-29T19:21:07.666542Z,0.0300,0.50,no
2026-09-29T19:21:07.666542Z,0.0300,33.00,no
2026-09-29T19:21:07.666542Z,0.0200,32.80,no
2026-09-29T19:21:07.787647Z,0.0300,65.82,no
2026-09-29T19:21:07.787647Z,0.0300,2.00,no
2026-09-29T19:21:07.787647Z,0.0300,0.36,no
2026-09-29T19:21:09.136905Z,0.0300,65.82,yes
2026-09-29T19:21:09.136905Z,0.0300,54.54,yes
2026-09-29T19:21:09.136905Z,0.0300,4.83,yes
2026-09-29T19:21:09.136905Z,0.0300,176.94,yes
2026-09-29T19:21:09.136905Z,0.0300,10.00,yes
2026-09-29T19:21:09.907735Z,0.0300,54.54,yes
2026-09-29T19:21:09.907735Z,0.0300,67.07,yes
2026-09-29T19:21:09.907735Z,0.0300,357.20,yes
2026-09-29T19:21:09.907735Z,0.0300,12.00,yes
2026-09-29T19:21:09.907735Z,0.0300,15.00,yes
2026-09-29T19:21:09.907735Z,0.0300,10.00,yes
2026-09-29T19:21:09.907735Z,0.0300,48.46,yes
2026-09-29T19:21:09.907735Z,0.0300,60.00,yes
2026-09-29T19:21:10.088944Z,0.0300,31.21,yes
2026-09-29T19:21:11.54633Z,0.0300,312.13,yes
2026-09-29T19:21:12.255155Z,0.0300,3.12,yes
2026-09-29T19:21:12.973373Z,0.0300,31.21,yes
2026-09-29T19:21:13.931154Z,0.0300,62.42,yes
2026-09-29T19:21:15.353318Z,0.0300,530.63,yes
2026-09-29T19:21:16.290845Z,0.0300,62.42,yes
2026-09-29T19:21:16.933804Z,0.0300,218.49,yes
2026-09-29T19:21:18.275752Z,0.0300,780.34,yes
2026-09-29T19:21:18.912907Z,0.0300,312.13,yes
2026-09-29T19:21:20.103136Z,0.0300,31.21,yes
2026-09-29T19:21:20.831236Z,0.0300,156.06,yes
2026-09-29T19:21:21.660466Z,0.0300,499.42,yes
2026-09-29T19:21:22.009206Z,0.0300,100.00,yes
2026-09-29T19:21:22.295212Z,0.0300,62.42,yes
2026-09-29T19:21:22.90393Z,0.0300,156.06,yes
2026-09-29T19:21:23.128806Z,0.0300,156.06,yes
2026-09-29T19:21:23.853094Z,0.0300,156.06,yes
2026-09-29T19:21:24.486641Z,0.0300,155.44,yes
2026-09-29T19:21:25.317007Z,0.0200,25.00,no
2026-09-29T19:21:25.317007Z,0.0200,60.00,no
2026-09-29T19:21:25.317007Z,0.0200,234.97,no
2026-09-29T19:21:25.317007Z,0.0200,1.00,no
2026-09-29T19:21:25.733419Z,0.0300,93.64,yes
2026-09-29T19:21:25.76715Z,0.0300,124.85,yes
2026-09-29T19:21:26.187896Z,0.0300,62.42,yes
2026-09-29T19:21:26.912525Z,0.0300,156.06,yes
2026-09-29T19:21:27.013315Z,0.0300,1560.69,yes
2026-09-29T19:21:27.67425Z,0.0200,268.25,no
2026-09-29T19:21:28.510914Z,0.0300,780.34,yes
2026-09-29T19:21:29.045557Z,0.0300,156.06,yes
2026-09-29T19:21:30.478341Z,0.0300,19.80,yes
2026-09-29T19:21:30.62965Z,0.0300,167.30,yes
2026-09-29T19:21:30.873227Z,0.0300,1560.69,yes
2026-09-29T19:21:31.439413Z,0.0300,312.13,yes
2026-09-29T19:21:31.796342Z,0.0300,31.21,yes
2026-09-29T19:21:35.031028Z,0.0300,62.42,yes
2026-09-29T19:21:39.519019Z,0.0300,312.13,yes
2026-09-29T19:21:41.606374Z,0.0300,312.13,yes
2026-09-29T19:21:41.965162Z,0.0300,156.06,yes
2026-09-29T19:21:42.952281Z,0.0300,1560.69,yes
2026-09-29T19:21:43.747494Z,0.0200,4534.00,no
2026-09-29T19:21:44.40829Z,0.0200,5.00,no
2026-09-29T19:21:44.982307Z,0.0300,40.00,yes
2026-09-29T19:21:46.099547Z,0.0300,31.21,yes
2026-09-29T19:21:46.659678Z,0.0300,117.00,yes
2026-09-29T19:21:47.269377Z,0.0300,93.64,yes
2026-09-29T19:21:47.306168Z,0.0300,62.42,yes
2026-09-29T19:21:47.351163Z,0.0300,624.27,yes
2026-09-29T19:21:50.841317Z,0.0300,31.21,yes
2026-09-29T19:21:54.125489Z,0.0300,312.13,yes
2026-09-29T19:21:54.787324Z,0.0300,780.34,yes
2026-09-29T19:21:57.166123Z,0.0300,13.91,yes
2026-09-29T19:21:57.567388Z,0.0300,3.00,yes
2026-09-29T19:21:59.421596Z,0.0300,156.06,yes
2026-09-29T19:22:01.493178Z,0.0200,2.22,no
2026-09-29T19:22:01.493178Z,0.0200,33.00,no
2026-09-29T19:22:01.718863Z,0.0300,156.06,yes
2026-09-29T19:22:02.77584Z,0.0300,156.06,yes
2026-09-29T19:22:03.443977Z,0.0300,1560.69,yes
2026-09-29T19:22:04.958871Z,0.0300,31.21,yes
2026-09-29T19:22:06.346108Z,0.0100,25.00,no
2026-09-29T19:22:06.346108Z,0.0100,1.00,no
2026-09-29T19:22:06.346108Z,0.0100,548.01,no
2026-09-29T19:22:06.346108Z,0.0200,66.49,no
2026-09-29T19:22:06.346108Z,0.0200,69.00,no
2026-09-29T19:22:06.346108Z,0.0100,786.76,no
2026-09-29T19:22:06.388118Z,0.0200,37.00,yes
2026-09-29T19:22:09.328854Z,0.0200,30.72,yes
2026-09-29T19:22:09.328854Z,0.0200,109.65,yes
2026-09-29T19:22:09.41053Z,0.0200,280.74,yes
2026-09-29T19:22:09.792078Z,0.0200,68.44,yes
2026-09-29T19:22:09.792078Z,0.0200,10.00,yes
2026-09-29T19:22:09.792078Z,0.0200,1.00,yes
2026-09-29T19:22:09.792078Z,0.0200,13.06,yes
2026-09-29T19:22:09.792078Z,0.0200,30.00,yes
2026-09-29T19:22:09.792078Z,0.0200,10.00,yes
2026-09-29T19:22:09.792078Z,0.0200,40.00,yes
2026-09-29T19:22:09.792078Z,0.0200,158.61,yes
2026-09-29T19:22:09.792078Z,0.0200,86.00,yes
2026-09-29T19:22:09.792078Z,0.0200,25.00,yes
2026-09-29T19:22:09.792078Z,0.0200,141.00,yes
2026-09-29T19:22:09.792078Z,0.0200,55.00,yes
2026-09-29T19:22:09.792078Z,0.0200,12.00,yes
2026-09-29T19:22:09.792078Z,0.0200,65.00,yes
2026-09-29T19:22:09.830807Z,0.0200,786.76,no
2026-09-29T19:22:10.606251Z,0.0300,312.13,yes
2026-09-29T19:22:10.800268Z,0.0300,468.20,yes
2026-09-29T19:22:12.743594Z,0.0300,5.00,yes
2026-09-29T19:22:16.222655Z,0.0300,175.85,yes
2026-09-29T19:22:16.383665Z,0.0300,156.06,yes
2026-09-29T19:22:18.576556Z,0.0300,468.20,yes
2026-09-29T19:22:19.387868Z,0.0300,124.85,yes
2026-09-29T19:22:20.869874Z,0.0200,1781.26,no
2026-09-29T19:22:21.761451Z,0.0300,500.00,yes
2026-09-29T19:22:23.594578Z,0.0200,58.71,no
2026-09-29T19:22:24.30352Z,0.0300,604.00,yes
2026-09-29T19:22:24.677705Z,0.0300,156.06,yes
2026-09-29T19:22:25.490397Z,0.0300,312.13,yes
2026-09-29T19:22:26.574887Z,0.0300,78.03,yes
2026-09-29T19:22:27.378502Z,0.0300,8.73,yes
2026-09-29T19:22:29.520951Z,0.0300,19.80,yes
2026-09-29T19:22:29.642652Z,0.0300,156.06,yes
2026-09-29T19:22:31.342353Z,0.0200,69.00,no
2026-09-29T19:22:31.342353Z,0.0200,91.95,no
2026-09-29T19:22:32.614012Z,0.0300,62.42,yes
2026-09-29T19:22:33.266654Z,0.0300,1092.48,yes
2026-09-29T19:22:33.580437Z,0.0300,241.00,yes
2026-09-29T19:22:39.237603Z,0.0300,156.06,yes
2026-09-29T19:22:39.610358Z,0.0300,124.66,yes
2026-09-29T19:22:41.348314Z,0.0200,1.47,no
2026-09-29T19:22:45.013506Z,0.0300,102.11,yes
2026-09-29T19:22:45.013506Z,0.0300,13.00,yes
2026-09-29T19:22:45.013506Z,0.0300,197.02,yes
2026-09-29T19:22:46.114744Z,0.0300,305.89,yes
2026-09-29T19:22:46.988957Z,0.0200,176.15,no
2026-09-29T19:22:47.197976Z,0.0300,156.06,yes
2026-09-29T19:22:49.809423Z,0.0300,156.06,yes
2026-09-29T19:22:51.214003Z,0.0300,156.06,yes
2026-09-29T19:22:52.021613Z,0.0300,343.35,yes
2026-09-29T19:22:55.031653Z,0.0300,156.06,yes
2026-09-29T19:22:56.184987Z,0.0300,62.42,yes
2026-09-29T19:22:56.672578Z,0.0300,3121.39,yes
2026-09-29T19:22:58.758216Z,0.0300,62.42,yes
2026-09-29T19:23:00.961847Z,0.0300,156.06,yes
2026-09-29T19:23:04.981847Z,0.0300,264.34,yes
2026-09-29T19:23:04.981847Z,0.0300,42.00,yes
2026-09-29T19:23:04.981847Z,0.0300,10.00,yes
2026-09-29T19:23:04.981847Z,0.0300,10.00,yes
2026-09-29T19:23:04.981847Z,0.0300,141.93,yes
2026-09-29T19:23:04.981847Z,0.0300,10.00,yes
2026-09-29T19:23:04.981847Z,0.0300,96.00,yes
2026-09-29T19:23:04.981847Z,0.0300,10.00,yes
2026-09-29T19:23:04.981847Z,0.0300,10.00,yes
2026-09-29T19:23:04.981847Z,0.0300,10.00,yes
2026-09-29T19:23:04.981847Z,0.0300,10.00,yes
2026-09-29T19:23:04.981847Z,0.0300,10.00,yes
2026-09-29T19:23:05.763721Z,0.0300,46.99,yes
2026-09-29T19:23:05.982498Z,0.0300,3121.39,yes
2026-09-29T19:23:06.469061Z,0.0300,120.00,yes
2026-09-29T19:23:06.664678Z,0.0300,23.49,yes
2026-09-29T19:23:07.624472Z,0.0300,624.27,yes
2026-09-29T19:23:08.470712Z,0.0300,3121.39,yes
2026-09-29T19:23:09.914411Z,0.0300,249.71,yes
2026-09-29T19:23:10.813425Z,0.0300,70.00,yes
2026-09-29T19:23:11.4948Z,0.0300,166.05,yes
2026-09-29T19:23:11.755954Z,0.0300,49.52,yes
2026-09-29T19:23:12.796511Z,0.0300,156.06,yes
2026-09-29T19:23:14.609811Z,0.0300,780.34,yes
2026-09-29T19:23:15.11441Z,0.0300,62.42,yes
2026-09-29T19:23:15.253017Z,0.0300,156.06,yes
2026-09-29T19:23:15.727983Z,0.0300,23.49,yes
2026-09-29T19:23:15.93927Z,0.0300,0.75,yes
2026-09-29T19:23:19.649568Z,0.0200,36.85,no
2026-09-29T19:23:19.649568Z,0.0200,10.00,no
2026-09-29T19:23:22.637622Z,0.0300,1248.55,yes
2026-09-29T19:23:22.787273Z,0.0300,100.00,yes
2026-09-29T19:23:23.298113Z,0.0300,1.56,yes
2026-09-29T19:23:24.583469Z,0.0300,156.06,yes
2026-09-29T19:23:24.710496Z,0.0300,1560.69,yes
2026-09-29T19:23:26.650545Z,0.0200,5.09,no
2026-09-29T19:23:27.021373Z,0.0300,31.21,yes
2026-09-29T19:23:27.508592Z,0.0300,93.64,yes
2026-09-29T19:23:28.411501Z,0.0300,109.24,yes
2026-09-29T19:23:30.26258Z,0.0300,62.42,yes
2026-09-29T19:23:31.387208Z,0.0300,62.42,yes
2026-09-29T19:23:32.115228Z,0.0300,62.42,yes
2026-09-29T19:23:32.494909Z,0.0300,124.85,yes
2026-09-29T19:23:34.874516Z,0.0300,156.06,yes
2026-09-29T19:23:35.017478Z,0.0300,200.00,yes
2026-09-29T19:23:35.798994Z,0.0300,312.13,yes
2026-09-29T19:23:36.64973Z,0.0300,21.84,yes
2026-09-29T19:23:37.354234Z,0.0300,31.21,yes
2026-09-29T19:23:38.061168Z,0.0300,299.80,yes
2026-09-29T19:23:38.664909Z,0.0300,780.34,yes
2026-09-29T19:23:41.203114Z,0.0300,69.00,yes
2026-09-29T19:23:43.509032Z,0.0300,93.64,yes
2026-09-29T19:23:43.541287Z,0.0300,468.20,yes
2026-09-29T19:23:44.033171Z,0.0300,780.34,yes
2026-09-29T19:23:44.96582Z,0.0300,156.06,yes
2026-09-29T19:23:45.185839Z,0.0300,1560.69,yes
2026-09-29T19:23:45.673675Z,0.0300,312.13,yes
2026-09-29T19:23:46.248708Z,0.0300,156.06,yes
2026-09-29T19:23:46.487879Z,0.0300,156.06,yes
2026-09-29T19:23:49.301192Z,0.0300,31.21,yes
2026-09-29T19:23:52.997393Z,0.0300,62.42,yes
2026-09-29T19:23:55.88899Z,0.0300,3121.39,yes
2026-09-29T19:23:58.566935Z,0.0300,468.20,yes
2026-09-29T19:23:58.904097Z,0.0300,62.42,yes
2026-09-29T19:24:02.038829Z,0.0300,62.42,yes
2026-09-29T19:24:02.849877Z,0.0200,105.63,no
2026-09-29T19:24:03.023686Z,0.0300,15.60,yes
2026-09-29T19:24:03.496511Z,0.0300,20.60,yes
2026-09-29T19:24:05.803711Z,0.0300,156.06,yes
2026-09-29T19:24:06.620636Z,0.0200,58.71,no
2026-09-29T19:24:08.039984Z,0.0300,62.42,yes
2026-09-29T19:24:08.354384Z,0.0300,338.35,yes
2026-09-29T19:24:10.422077Z,0.0300,156.06,yes
2026-09-29T19:24:14.198417Z,0.0300,2140.05,yes
2026-09-29T19:24:15.451359Z,0.0300,401.95,yes
2026-09-29T19:24:15.451359Z,0.0300,222.32,yes
2026-09-29T19:24:16.813224Z,0.0300,312.13,yes
2026-09-29T19:24:17.534187Z,0.0300,624.27,yes
2026-09-29T19:24:19.165921Z,0.0300,156.06,yes
2026-09-29T19:24:21.670533Z,0.0300,416.08,yes
2026-09-29T19:24:22.358348Z,0.0300,124.85,yes
2026-09-29T19:24:22.907386Z,0.0200,335.31,no
2026-09-29T19:24:23.690727Z,0.0300,31.21,yes
2026-09-29T19:24:24.163079Z,0.0300,468.20,yes
2026-09-29T19:24:24.366302Z,0.0300,1465.25,yes
2026-09-29T19:24:24.366302Z,0.0300,85.44,yes
2026-09-29T19:24:24.366302Z,0.0300,10.00,yes
2026-09-29T19:24:27.55053Z,0.0300,153.57,yes
2026-09-29T19:24:27.55053Z,0.0300,100.00,yes
2026-09-29T19:24:27.55053Z,0.0300,48.00,yes
2026-09-29T19:24:27.55053Z,0.0300,10.56,yes
2026-09-29T19:24:28.018066Z,0.0300,312.13,yes
2026-09-29T19:24:28.177107Z,0.0300,31.21,yes
2026-09-29T19:24:31.264132Z,0.0300,3.09,yes
2026-09-29T19:24:31.264132Z,0.0300,152.97,yes
2026-09-29T19:24:31.266429Z,0.0300,103.00,yes
2026-09-29T19:24:31.266429Z,0.0300,18.17,yes
2026-09-29T19:24:31.266429Z,0.0300,347.03,yes
2026-09-29T19:24:32.580605Z,0.0300,62.42,yes
2026-09-29T19:24:32.808476Z,0.0300,3.00,yes
2026-09-29T19:24:32.808476Z,0.0300,47.42,yes
2026-09-29T19:24:32.808476Z,0.0300,12.00,yes
2026-09-29T19:24:35.328584Z,0.0300,30.90,yes
2026-09-29T19:24:39.691382Z,0.0300,74.84,yes
2026-09-29T19:24:39.691382Z,0.0300,11.10,yes
2026-09-29T19:24:39.691382Z,0.0300,65.99,yes
2026-09-29T19:24:39.691382Z,0.0300,4.13,yes
2026-09-29T19:24:40.124525Z,0.0300,530.63,yes
2026-09-29T19:24:42.149439Z,0.0300,23.55,yes
2026-09-29T19:24:42.149439Z,0.0300,65.47,yes
2026-09-29T19:24:42.149439Z,0.0400,237.64,yes
2026-09-29T19:24:42.149439Z,0.0400,15.00,yes
2026-09-29T19:24:42.149439Z,0.0400,25.00,yes
2026-09-29T19:24:42.149439Z,0.0400,1.00,yes
2026-09-29T19:24:44.963043Z,0.0400,69.00,yes
2026-09-29T19:24:44.963043Z,0.0400,4.43,yes
2026-09-29T19:24:44.963043Z,0.0400,8.00,yes
2026-09-29T19:24:44.963043Z,0.0400,12.36,yes
2026-09-29T19:24:46.264455Z,0.0400,22.00,yes
2026-09-29T19:24:46.264455Z,0.0400,14.26,yes
2026-09-29T19:24:46.264455Z,0.0400,70.74,yes
2026-09-29T19:24:46.582619Z,0.0300,23.48,no
2026-09-29T19:24:48.796969Z,0.0300,69.00,no
2026-09-29T19:24:48.796969Z,0.0300,298.00,no
2026-09-29T19:24:48.796969Z,0.0300,100.00,no
2026-09-29T19:24:48.796969Z,0.0300,1353.00,no
2026-09-29T19:24:48.796969Z,0.0300,125.00,no
2026-09-29T19:24:48.796969Z,0.0300,50.00,no
2026-09-29T19:24:48.796969Z,0.0300,73.00,no
2026-09-29T19:24:48.796969Z,0.0300,1353.00,no
2026-09-29T19:24:48.796969Z,0.0300,1353.00,no
2026-09-29T19:24:48.796969Z,0.0300,1353.00,no
2026-09-29T19:24:48.796969Z,0.0300,476.52,no
2026-09-29T19:24:48.796969Z,0.0300,1.00,no
2026-09-29T19:24:48.796969Z,0.0300,33.00,no
2026-09-29T19:24:49.078616Z,0.0300,100.00,yes
2026-09-29T19:24:49.078616Z,0.0300,54.24,yes
2026-09-29T19:24:49.078616Z,0.0300,4.44,yes
2026-09-29T19:24:49.078616Z,0.0300,65.09,yes
2026-09-29T19:24:49.330599Z,0.0300,93.64,yes
2026-09-29T19:24:49.816816Z,0.0200,120.71,no
2026-09-29T19:24:51.117952Z,0.0300,312.13,yes
2026-09-29T19:24:51.588213Z,0.0300,156.06,yes
2026-09-29T19:24:52.757868Z,0.0300,93.64,yes
2026-09-29T19:24:55.279407Z,0.0300,31.21,yes
2026-09-29T19:24:55.608532Z,0.0300,31.21,yes
2026-09-29T19:24:56.15783Z,0.0300,312.13,yes
2026-09-29T19:24:56.940939Z,0.0300,312.13,yes
2026-09-29T19:24:57.291233Z,0.0300,780.34,yes
2026-09-29T19:24:57.312985Z,0.0300,23.42,yes
2026-09-29T19:24:57.419333Z,0.0300,780.34,yes
2026-09-29T19:24:58.623948Z,0.0300,156.06,yes
2026-09-29T19:24:59.622406Z,0.0300,2868.45,yes
2026-09-29T19:24:59.622406Z,0.0300,242.94,yes
2026-09-29T19:24:59.622406Z,0.0300,10.00,yes
2026-09-29T19:25:04.272282Z,0.0300,312.13,yes
2026-09-29T19:25:06.811942Z,0.0300,5.00,yes
2026-09-29T19:25:06.811942Z,0.0300,103.00,yes
2026-09-29T19:25:06.811942Z,0.0300,4444.93,yes
2026-09-29T19:25:06.811942Z,0.0300,1399.00,yes
2026-09-29T19:25:06.811942Z,0.0300,1940.00,yes
2026-09-29T19:25:06.811942Z,0.0300,66.26,yes
2026-09-29T19:25:06.811942Z,0.0300,9.00,yes
2026-09-29T19:25:06.811942Z,0.0300,1518.83,yes
2026-09-29T19:25:06.811942Z,0.0300,3.00,yes
2026-09-29T19:25:07.989641Z,0.0300,62.42,yes
2026-09-29T19:25:12.592164Z,0.0200,67.06,no
2026-09-29T19:25:14.609614Z,0.0300,62.42,yes
2026-09-29T19:25:16.447727Z,0.0300,624.27,yes
2026-09-29T19:25:19.071594Z,0.0300,93.64,yes
2026-09-29T19:25:20.450857Z,0.0300,312.13,yes
2026-09-29T19:25:20.535826Z,0.0200,67.06,no
2026-09-29T19:25:22.065954Z,0.0300,156.06,yes
2026-09-29T19:25:22.200025Z,0.0300,156.06,yes
2026-09-29T19:25:22.481358Z,0.0300,93.64,yes
2026-09-29T19:25:22.916462Z,0.0300,31.21,yes
2026-09-29T19:25:25.259315Z,0.0300,343.35,yes
2026-09-29T19:25:26.927403Z,0.0300,1560.69,yes
2026-09-29T19:25:30.362327Z,0.0300,495.49,yes
2026-09-29T19:25:30.362327Z,0.0300,19.92,yes
2026-09-29T19:25:30.362327Z,0.0300,1045.28,yes
2026-09-29T19:25:31.021908Z,0.0300,312.13,yes
2026-09-29T19:25:33.463577Z,0.0300,156.06,yes
2026-09-29T19:25:33.947785Z,0.0300,312.13,yes
2026-09-29T19:25:36.42261Z,0.0300,1560.69,yes
2026-09-29T19:25:38.010629Z,0.0300,62.42,yes
2026-09-29T19:25:42.297002Z,0.0300,561.85,yes
2026-09-29T19:25:50.48002Z,0.0300,624.27,yes
2026-09-29T19:25:51.759843Z,0.0300,468.20,yes
2026-09-29T19:25:51.915584Z,0.0300,156.06,yes
2026-09-29T19:25:53.807064Z,0.0300,156.06,yes
2026-09-29T19:25:56.29347Z,0.0300,11.85,yes
2026-09-29T19:25:56.29347Z,0.0300,103.00,yes
2026-09-29T19:25:56.29347Z,0.0300,65.78,yes
2026-09-29T19:25:56.29347Z,0.0300,9.00,yes
2026-09-29T19:25:56.29347Z,0.0300,434.64,yes
2026-09-29T19:25:56.692067Z,0.0300,124.85,yes
2026-09-29T19:25:57.787883Z,0.0300,31.21,yes
2026-09-29T19:25:59.88025Z,0.0300,2028.90,yes
2026-09-29T19:26:00.047281Z,0.0300,62.42,yes
2026-09-29T19:26:03.581542Z,0.0200,62.42,no
2026-09-29T19:26:03.670691Z,0.0300,62.42,yes
2026-09-29T19:26:03.718889Z,0.0300,312.13,yes
2026-09-29T19:26:08.491084Z,0.0300,156.06,yes
2026-09-29T19:26:10.667561Z,0.0300,179.16,yes
2026-09-29T19:26:12.273049Z,0.0300,31.21,yes
2026-09-29T19:26:14.471444Z,0.0300,54.93,yes
2026-09-29T19:26:16.928883Z,0.0300,312.13,yes
2026-09-29T19:26:17.771671Z,0.0300,312.13,yes
2026-09-29T19:26:21.552835Z,0.0200,5.87,no
2026-09-29T19:26:22.182792Z,0.0300,156.06,yes
2026-09-29T19:26:22.867969Z,0.0200,104.45,no
2026-09-29T19:26:23.212914Z,0.0300,151.38,yes
2026-09-29T19:26:25.019741Z,0.0300,156.06,yes
2026-09-29T19:26:25.512915Z,0.0300,312.13,yes
2026-09-29T19:26:25.907246Z,0.0300,31.21,yes
2026-09-29T19:26:28.5938Z,0.0300,218.49,yes
2026-09-29T19:26:31.662781Z,0.0300,156.06,yes
2026-09-29T19:26:34.147781Z,0.0300,139.21,yes
2026-09-29T19:26:34.147781Z,0.0300,16.85,yes
2026-09-29T19:26:34.260062Z,0.0300,3.00,yes
2026-09-29T19:26:34.260062Z,0.0300,31.65,yes
2026-09-29T19:26:34.260062Z,0.0300,5.00,yes
2026-09-29T19:26:34.260062Z,0.0300,53.00,yes
2026-09-29T19:26:34.260062Z,0.0300,10.00,yes
2026-09-29T19:26:34.260062Z,0.0300,26.75,yes
2026-09-29T19:26:34.260062Z,0.0300,95.00,yes
2026-09-29T19:26:34.260062Z,0.0300,22.00,yes
2026-09-29T19:26:34.260062Z,0.0300,10.00,yes
2026-09-29T19:26:34.260062Z,0.0300,0.73,yes
2026-09-29T19:26:34.260062Z,0.0300,55.00,yes
2026-09-29T19:26:36.030205Z,0.0300,10.70,yes
2026-09-29T19:26:36.030205Z,0.0300,9.00,yes
2026-09-29T19:26:36.030205Z,0.0300,103.00,yes
2026-09-29T19:26:36.030205Z,0.0300,33.36,yes
2026-09-29T19:26:40.038677Z,0.0300,31.21,yes
2026-09-29T19:26:42.314817Z,0.0300,312.13,yes
2026-09-29T19:26:42.677135Z,0.0300,156.06,yes
2026-09-29T19:26:42.923549Z,0.0200,313.37,no
2026-09-29T19:26:43.048575Z,0.0300,6.24,yes
2026-09-29T19:26:43.993921Z,0.0300,312.13,yes
2026-09-29T19:26:45.505727Z,0.0300,31.21,yes
2026-09-29T19:26:46.395485Z,0.0300,93.64,yes
2026-09-29T19:26:46.707425Z,0.0300,468.20,yes
2026-09-29T19:26:46.879557Z,0.0300,936.41,yes
2026-09-29T19:26:50.883514Z,0.0300,374.56,yes
2026-09-29T19:26:51.138784Z,0.0300,62.42,yes
2026-09-29T19:26:52.978064Z,0.0200,232.46,no
2026-09-29T19:26:54.758213Z,0.0200,624.27,no
2026-09-29T19:26:55.880209Z,0.0200,120.71,no
2026-09-29T19:26:56.736882Z,0.0200,67.06,no
2026-09-29T19:26:57.104392Z,0.0200,129.18,no
2026-09-29T19:27:00.671763Z,0.0300,62.42,yes
2026-09-29T19:27:00.927909Z,0.0300,312.13,yes
2026-09-29T19:27:01.837848Z,0.0300,218.49,yes
2026-09-29T19:27:02.404742Z,0.0300,93.64,yes
2026-09-29T19:27:05.909078Z,0.0300,101.44,yes
2026-09-29T19:27:06.428483Z,0.0300,312.13,yes
2026-09-29T19:27:08.110873Z,0.0300,156.06,yes
2026-09-29T19:27:09.115361Z,0.0300,93.64,yes
2026-09-29T19:27:12.954275Z,0.0300,31.21,yes
2026-09-29T19:27:14.57169Z,0.0300,624.27,yes
2026-09-29T19:27:15.849055Z,0.0300,19.80,yes
2026-09-29T19:27:17.538961Z,0.0300,31.21,yes
2026-09-29T19:27:24.707656Z,0.0300,156.06,yes
2026-09-29T19:27:29.230515Z,0.0200,105.69,no
2026-09-29T19:27:35.779368Z,0.0300,889.59,yes
2026-09-29T19:27:35.779368Z,0.0300,671.10,yes
2026-09-29T19:27:39.801664Z,0.0300,156.06,yes
2026-09-29T19:27:41.761772Z,0.0300,156.06,yes
2026-09-29T19:27:42.719671Z,0.0300,312.13,yes
2026-09-29T19:27:43.055504Z,0.0300,312.13,yes
2026-09-29T19:27:44.514042Z,0.0300,312.13,yes
2026-09-29T19:27:46.950174Z,0.0200,50.94,no
2026-09-29T19:27:49.030657Z,0.0300,162.62,yes
2026-09-29T19:27:52.35756Z,0.0300,62.42,yes
2026-09-29T19:27:52.751506Z,0.0300,156.06,yes
2026-09-29T19:27:57.236846Z,0.0300,156.06,yes
2026-09-29T19:27:57.292676Z,0.0300,62.42,yes
2026-09-29T19:27:59.976832Z,0.0300,31.21,yes
2026-09-29T19:28:02.832861Z,0.0300,936.41,yes
2026-09-29T19:28:03.105341Z,0.0300,31.21,yes
2026-09-29T19:28:04.100179Z,0.0300,150.00,yes
2026-09-29T19:28:04.449804Z,0.0300,156.06,yes
2026-09-29T19:28:07.455229Z,0.0300,312.13,yes
2026-09-29T19:28:08.162393Z,0.0300,624.27,yes
2026-09-29T19:28:13.811323Z,0.0200,24.54,no
2026-09-29T19:28:14.087501Z,0.0300,93.64,yes
2026-09-29T19:28:14.443373Z,0.0300,312.13,yes
2026-09-29T19:28:16.095565Z,0.0300,156.06,yes
2026-09-29T19:28:16.307716Z,0.0300,31.21,yes
2026-09-29T19:28:19.720572Z,0.0300,31.21,yes
2026-09-29T19:28:22.147794Z,0.0200,312.13,no
2026-09-29T19:28:23.498496Z,0.0300,1560.69,yes
2026-09-29T19:28:28.171945Z,0.0300,62.42,yes
2026-09-29T19:28:28.970937Z,0.0300,312.13,yes
2026-09-29T19:28:30.334503Z,0.0300,156.06,yes
2026-09-29T19:28:30.514002Z,0.0200,39.12,no
2026-09-29T19:28:32.618307Z,0.0300,312.13,yes
2026-09-29T19:28:33.293343Z,0.0300,780.34,yes
2026-09-29T19:28:35.145444Z,0.0300,31.21,yes
2026-09-29T19:28:37.734988Z,0.0300,1248.55,yes
2026-09-29T19:28:39.254038Z,0.0300,62.42,yes
2026-09-29T19:28:45.975978Z,0.0300,31.21,yes
2026-09-29T19:28:59.478978Z,0.0300,614.91,yes
2026-09-29T19:29:05.796196Z,0.0300,93.64,yes
2026-09-29T19:29:08.470773Z,0.0300,31.21,yes
2026-09-29T19:29:10.699793Z,0.0300,156.06,yes
2026-09-29T19:29:11.941218Z,0.0300,31.21,yes
2026-09-29T19:29:15.825445Z,0.0300,156.06,yes
2026-09-29T19:29:19.500605Z,0.0300,124.85,yes
2026-09-29T19:29:19.910529Z,0.0300,31.21,yes
2026-09-29T19:29:20.352621Z,0.0300,93.64,yes
2026-09-29T19:29:21.74258Z,0.0300,93.64,yes
2026-09-29T19:29:23.451592Z,0.0300,156.06,yes
2026-09-29T19:29:24.814528Z,0.0200,26.82,no
2026-09-29T19:29:27.150199Z,0.0300,31.21,yes
2026-09-29T19:29:30.499974Z,0.0300,312.13,yes
2026-09-29T19:29:31.56154Z,0.0300,156.06,yes
2026-09-29T19:29:31.667672Z,0.0300,44.94,yes
2026-09-29T19:29:34.835262Z,0.0300,31.21,yes
2026-09-29T19:29:35.073004Z,0.0300,156.06,yes
2026-09-29T19:29:38.127545Z,0.0300,499.80,yes
2026-09-29T19:29:42.765173Z,0.0300,124.85,yes
2026-09-29T19:29:43.0886Z,0.0300,62.42,yes
2026-09-29T19:29:43.583847Z,0.0300,31.21,yes
2026-09-29T19:29:45.291973Z,0.0300,156.06,yes
2026-09-29T19:29:45.783383Z,0.0300,17.16,yes
2026-09-29T19:29:46.547451Z,0.0300,156.06,yes
2026-09-29T19:29:49.573855Z,0.0300,5.61,yes
2026-09-29T19:29:55.744886Z,0.0300,200.00,yes
2026-09-29T19:29:55.95794Z,0.0300,780.34,yes
2026-09-29T19:29:58.71171Z,0.0300,343.35,yes
2026-09-29T19:29:59.843727Z,0.0300,468.20,yes
2026-09-29T19:30:00.04138Z,0.0300,936.41,yes
2026-09-29T19:30:00.772938Z,0.0300,1560.69,yes
2026-09-29T19:30:03.145588Z,0.0300,156.06,yes
2026-09-29T19:30:06.539072Z,0.0300,156.06,yes
2026-09-29T19:30:08.856146Z,0.0300,53.06,yes
2026-09-29T19:30:08.992552Z,0.0300,156.06,yes
2026-09-29T19:30:09.141192Z,0.0300,156.06,yes
2026-09-29T19:30:10.250836Z,0.0300,780.34,yes
2026-09-29T19:30:11.3062Z,0.0200,117.43,no
2026-09-29T19:30:16.538566Z,0.0300,280.92,yes
2026-09-29T19:30:16.679976Z,0.0300,405.78,yes
2026-09-29T19:30:16.919638Z,0.0300,624.27,yes
2026-09-29T19:30:17.115603Z,0.0300,156.06,yes
2026-09-29T19:30:17.235739Z,0.0300,62.42,yes
2026-09-29T19:30:18.364616Z,0.0300,62.42,yes
2026-09-29T19:30:18.414591Z,0.0300,936.33,yes
2026-09-29T19:30:19.55956Z,0.0300,31.21,yes
2026-09-29T19:30:22.148727Z,0.0300,62.42,yes
2026-09-29T19:30:26.911485Z,0.0300,93.64,yes
2026-09-29T19:30:36.857421Z,0.0300,31.21,yes
2026-09-29T19:30:38.533363Z,0.0300,3.12,yes
2026-09-29T19:30:39.086074Z,0.0300,31.21,yes
2026-09-29T19:30:39.608638Z,0.0300,156.06,yes
2026-09-29T19:30:43.568895Z,0.0300,62.42,yes
2026-09-29T19:30:50.877874Z,0.0300,156.06,yes
2026-09-29T19:30:51.686813Z,0.0300,62.42,yes
2026-09-29T19:30:54.379116Z,0.0300,156.06,yes
2026-09-29T19:30:55.035881Z,0.0200,134.12,no
2026-09-29T19:30:59.465336Z,0.0300,31.21,yes
2026-09-29T19:31:00.997564Z,0.0200,67.29,no
2026-09-29T19:31:06.289741Z,0.0300,156.06,yes
2026-09-29T19:31:11.602853Z,0.0300,156.06,yes
2026-09-29T19:31:16.078715Z,0.0200,201.18,no
2026-09-29T19:31:17.435581Z,0.0300,154.82,yes
2026-09-29T19:31:19.55936Z,0.0300,156.06,yes
2026-09-29T19:31:21.957344Z,0.0300,624.27,yes
2026-09-29T19:31:25.089627Z,0.0300,780.34,yes
2026-09-29T19:31:26.276588Z,0.0300,312.13,yes
2026-09-29T19:31:26.301136Z,0.0300,84.27,yes
2026-09-29T19:31:26.883395Z,0.0300,93.64,yes
2026-09-29T19:31:27.191717Z,0.0300,312.13,yes
2026-09-29T19:31:27.477811Z,0.0300,62.42,yes
2026-09-29T19:31:28.124542Z,0.0300,31.21,yes
2026-09-29T19:31:29.336435Z,0.0300,1560.69,yes
2026-09-29T19:31:37.436809Z,0.0200,156.06,no
2026-09-29T19:31:40.23278Z,0.0300,156.06,yes
2026-09-29T19:31:40.838838Z,0.0200,8.35,no
2026-09-29T19:31:42.705108Z,0.0200,1.01,no
2026-09-29T19:31:43.118565Z,0.0300,312.13,yes
2026-09-29T19:31:43.590375Z,0.0300,249.71,yes
2026-09-29T19:31:43.804743Z,0.0300,31.21,yes
2026-09-29T19:31:43.958961Z,0.0300,156.06,yes
2026-09-29T19:31:44.026988Z,0.0300,312.13,yes
2026-09-29T19:31:45.188599Z,0.0300,305.88,yes
2026-09-29T19:31:51.981402Z,0.0300,45.88,yes
2026-09-29T19:31:53.080956Z,0.0300,280.92,yes
2026-09-29T19:31:53.482567Z,0.0300,156.06,yes
2026-09-29T19:31:53.628511Z,0.0300,624.27,yes
2026-09-29T19:31:55.161919Z,0.0300,312.13,yes
2026-09-29T19:31:56.734435Z,0.0200,268.25,no
2026-09-29T19:31:58.947532Z,0.0200,90.77,no
2026-09-29T19:32:01.008512Z,0.0300,1560.69,yes
2026-09-29T19:32:13.281853Z,0.0300,58.99,yes
2026-09-29T19:32:14.316919Z,0.0300,156.06,yes
2026-09-29T19:32:15.154859Z,0.0300,156.06,yes
2026-09-29T19:32:21.159683Z,0.0300,31.21,yes
2026-09-29T19:32:21.43447Z,0.0300,1.49,yes
2026-09-29T19:32:21.833554Z,0.0300,31.21,yes
2026-09-29T19:32:30.38654Z,0.0300,156.06,yes
2026-09-29T19:32:30.702779Z,0.0200,33.00,no
2026-09-29T19:32:30.702779Z,0.0200,7.00,no
2026-09-29T19:32:30.702779Z,0.0200,25.00,no
2026-09-29T19:32:30.702779Z,0.0200,5.00,no
2026-09-29T19:32:30.702779Z,0.0200,10.00,no
2026-09-29T19:32:30.702779Z,0.0200,3.00,no
2026-09-29T19:32:30.702779Z,0.0200,69.00,no
2026-09-29T19:32:30.702779Z,0.0200,1114.52,no
2026-09-29T19:32:30.702779Z,0.0200,1.00,no
2026-09-29T19:32:30.702779Z,0.0200,60.36,no
2026-09-29T19:32:30.702779Z,0.0200,57.00,no
2026-09-29T19:32:30.702779Z,0.0200,1736.51,no
2026-09-29T19:32:41.513869Z,0.0300,436.99,yes
2026-09-29T19:32:42.168912Z,0.0300,624.27,yes
2026-09-29T19:32:42.419062Z,0.0300,31.21,yes
2026-09-29T19:32:42.431886Z,0.0300,312.13,yes
2026-09-29T19:32:42.865745Z,0.0300,31.21,yes
2026-09-29T19:32:44.625161Z,0.0200,436.99,no
2026-09-29T19:32:46.117235Z,0.0200,67.06,no
2026-09-29T19:32:46.293687Z,0.0300,46.82,yes
2026-09-29T19:32:46.716305Z,0.0300,219.80,yes
2026-09-29T19:32:48.613305Z,0.0300,31.21,yes
2026-09-29T19:32:49.418351Z,0.0300,140.46,yes
2026-09-29T19:32:53.469531Z,0.0200,31.21,no
2026-09-29T19:32:57.196734Z,0.0300,62.42,yes
2026-09-29T19:33:00.002675Z,0.0300,156.06,yes
2026-09-29T19:33:00.211523Z,0.0300,4.29,yes
2026-09-29T19:33:00.211523Z,0.0300,10.00,yes
2026-09-29T19:33:00.211523Z,0.0300,14.00,yes
2026-09-29T19:33:00.211523Z,0.0300,65.35,yes
2026-09-29T19:33:05.077973Z,0.0300,312.13,yes
2026-09-29T19:33:06.721518Z,0.0200,312.13,no
2026-09-29T19:33:08.917187Z,0.0200,58.71,no
2026-09-29T19:33:09.104658Z,0.0300,156.06,yes
2026-09-29T19:33:13.281174Z,0.0300,312.13,yes
2026-09-29T19:33:14.910281Z,0.0300,156.06,yes
2026-09-29T19:33:14.934641Z,0.0200,10.00,no
2026-09-29T19:33:15.988473Z,0.0300,156.06,yes
2026-09-29T19:33:18.741539Z,0.0300,780.34,yes
2026-09-29T19:33:22.581347Z,0.0300,31.21,yes
2026-09-29T19:33:26.500703Z,0.0300,156.06,yes
2026-09-29T19:33:29.040413Z,0.0300,124.85,yes
2026-09-29T19:33:29.691949Z,0.0300,62.42,yes
2026-09-29T19:33:31.362681Z,0.0300,156.06,yes
2026-09-29T19:33:31.535399Z,0.0300,624.27,yes
2026-09-29T19:33:36.22592Z,0.0200,3.05,no
2026-09-29T19:33:36.712265Z,0.0300,187.28,yes
2026-09-29T19:33:39.393295Z,0.0300,124.85,yes
2026-09-29T19:33:41.393741Z,0.0300,156.06,yes
2026-09-29T19:33:50.629279Z,0.0300,397.35,yes
2026-09-29T19:33:50.834655Z,0.0200,22.00,no
2026-09-29T19:33:50.838083Z,0.0300,93.64,yes
2026-09-29T19:33:52.486989Z,0.0300,624.27,yes
2026-09-29T19:33:57.437967Z,0.0300,10.00,yes
2026-09-29T19:33:57.437967Z,0.0300,14.00,yes
2026-09-29T19:33:57.437967Z,0.0300,84.00,yes
2026-09-29T19:33:57.437967Z,0.0300,323.55,yes
2026-09-29T19:33:57.437967Z,0.0300,192.72,yes
2026-09-29T19:34:02.799753Z,0.0300,156.06,yes
2026-09-29T19:34:03.389372Z,0.0300,62.42,yes
2026-09-29T19:34:10.868583Z,0.0300,14.98,yes
2026-09-29T19:34:12.029574Z,0.0300,312.13,yes
2026-09-29T19:34:18.238958Z,0.0200,117.43,no
2026-09-29T19:34:19.600307Z,0.0300,62.42,yes
2026-09-29T19:34:20.157728Z,0.0300,312.13,yes
2026-09-29T19:34:20.916Z,0.0300,156.06,yes
2026-09-29T19:34:21.747961Z,0.0300,624.27,yes
2026-09-29T19:34:23.427942Z,0.0300,312.13,yes
2026-09-29T19:34:23.934511Z,0.0300,124.85,yes
2026-09-29T19:34:24.699683Z,0.0300,312.13,yes
2026-09-29T19:34:25.010301Z,0.0300,1092.48,yes
2026-09-29T19:34:25.340974Z,0.0300,156.06,yes
2026-09-29T19:34:27.451104Z,0.0300,156.06,yes
2026-09-29T19:34:29.140273Z,0.0300,6242.78,yes
2026-09-29T19:34:29.70792Z,0.0300,312.13,yes
2026-09-29T19:34:32.784631Z,0.0300,312.13,yes
2026-09-29T19:34:33.89337Z,0.0300,312.13,yes
2026-09-29T19:34:38.933081Z,0.0300,780.34,yes
2026-09-29T19:34:40.264775Z,0.0300,156.06,yes
2026-09-29T19:34:44.459952Z,0.0300,78.03,yes
2026-09-29T19:34:51.791402Z,0.0300,116.00,yes
2026-09-29T19:34:54.782261Z,0.0200,67.06,no
2026-09-29T19:34:57.639689Z,0.0300,468.20,yes
2026-09-29T19:34:58.063554Z,0.0300,31.21,yes
2026-09-29T19:34:59.16865Z,0.0300,374.56,yes
2026-09-29T19:35:01.522087Z,0.0300,312.13,yes
2026-09-29T19:35:02.740433Z,0.0300,593.06,yes
2026-09-29T19:35:03.290462Z,0.0300,3.12,yes
2026-09-29T19:35:06.083275Z,0.0300,4.05,yes
2026-09-29T19:35:06.853048Z,0.0200,46.85,no
2026-09-29T19:35:07.891345Z,0.0300,299.80,yes
2026-09-29T19:35:09.557648Z,0.0200,165.07,no
2026-09-29T19:35:09.756826Z,0.0200,29.35,no
2026-09-29T19:35:13.068184Z,0.0300,7.80,yes
2026-09-29T19:35:14.378672Z,0.0300,62.42,yes
2026-09-29T19:35:14.734248Z,0.0300,62.42,yes
2026-09-29T19:35:14.964408Z,0.0300,156.06,yes
2026-09-29T19:35:16.52461Z,0.0300,312.13,yes
2026-09-29T19:35:19.166628Z,0.0200,1174.37,no
2026-09-29T19:35:22.11352Z,0.0300,624.27,yes
2026-09-29T19:35:24.418859Z,0.0300,156.06,yes
2026-09-29T19:35:26.59505Z,0.0300,27.46,yes
2026-09-29T19:35:29.721196Z,0.0300,166.66,yes
2026-09-29T19:35:31.877616Z,0.0300,166.66,yes
2026-09-29T19:35:31.916339Z,0.0300,17.79,yes
2026-09-29T19:35:34.38876Z,0.0300,780.34,yes
2026-09-29T19:35:35.388149Z,0.0300,312.13,yes
2026-09-29T19:35:36.338785Z,0.0300,305.89,yes
2026-09-29T19:35:38.632205Z,0.0300,93.64,yes
2026-09-29T19:35:41.003512Z,0.0200,68.93,no
2026-09-29T19:35:42.745133Z,0.0300,624.27,yes
2026-09-29T19:35:49.563194Z,0.0300,166.66,yes
2026-09-29T19:35:51.840425Z,0.0300,31.21,yes
2026-09-29T19:35:51.911536Z,0.0300,31.21,yes
2026-09-29T19:35:56.643702Z,0.0300,312.13,yes
2026-09-29T19:35:57.088718Z,0.0300,62.42,yes
2026-09-29T19:36:03.505142Z,0.0300,312.13,yes
2026-09-29T19:36:04.026735Z,0.0300,93.64,yes
2026-09-29T19:36:13.218567Z,0.0300,83.00,yes
2026-09-29T19:36:15.536741Z,0.0300,31.21,yes
2026-09-29T19:36:27.450255Z,0.0200,1341.25,no
2026-09-29T19:36:28.8437Z,0.0300,124.85,yes
2026-09-29T19:36:32.601266Z,0.0300,624.27,yes
2026-09-29T19:36:36.718231Z,0.0300,40.00,yes
2026-09-29T19:36:42.677982Z,0.0300,187.28,yes
2026-09-29T19:36:48.157837Z,0.0300,1342.84,yes
2026-09-29T19:36:48.157837Z,0.0300,10.00,yes
2026-09-29T19:36:48.157837Z,0.0300,9581.36,yes
2026-09-29T19:36:48.157837Z,0.0300,10.00,yes
2026-09-29T19:36:48.157837Z,0.0300,10.00,yes
2026-09-29T19:36:48.157837Z,0.0300,10.00,yes
2026-09-29T19:36:48.157837Z,0.0300,10.00,yes
2026-09-29T19:36:48.157837Z,0.0300,10.00,yes
2026-09-29T19:36:48.157837Z,0.0300,25.00,yes
2026-09-29T19:36:48.157837Z,0.0300,5.00,yes
2026-09-29T19:36:48.157837Z,0.0300,49.00,yes
2026-09-29T19:36:48.157837Z,0.0300,1300.00,yes
2026-09-29T19:36:48.157837Z,0.0300,500.00,yes
2026-09-29T19:36:48.157837Z,0.0300,1000.00,yes
2026-09-29T19:36:48.157837Z,0.0300,25.00,yes
2026-09-29T19:36:48.157837Z,0.0300,10.00,yes
2026-09-29T19:36:48.157837Z,0.0300,203.80,yes
2026-09-29T19:36:48.157837Z,0.0300,1472.90,yes
2026-09-29T19:36:48.157837Z,0.0300,25.00,yes
2026-09-29T19:36:48.157837Z,0.0300,10.00,yes
2026-09-29T19:36:48.157837Z,0.0300,3870.00,yes
2026-09-29T19:36:48.157837Z,0.0300,3870.00,yes
2026-09-29T19:36:48.157837Z,0.0300,3870.00,yes
2026-09-29T19:36:48.157837Z,0.0300,3870.00,yes
2026-09-29T19:36:48.157837Z,0.0300,44.00,yes
2026-09-29T19:36:48.157837Z,0.0300,10.00,yes
2026-09-29T19:36:48.157837Z,0.0300,25.00,yes
2026-09-29T19:36:48.157837Z,0.0300,25.00,yes
2026-09-29T19:36:48.157837Z,0.0300,10.00,yes
2026-09-29T19:36:48.157837Z,0.0300,10.00,yes
2026-09-29T19:36:49.571256Z,0.0300,280.92,yes
2026-09-29T19:36:49.796919Z,0.0300,62.42,yes
2026-09-29T19:36:49.836859Z,0.0300,324.93,yes
2026-09-29T19:36:55.687536Z,0.0300,62.42,yes
2026-09-29T19:37:02.110943Z,0.0300,62.42,yes
2026-09-29T19:37:08.120141Z,0.0300,37.58,yes
2026-09-29T19:37:08.120141Z,0.0300,4584.42,yes
2026-09-29T19:37:08.120141Z,0.0300,3.00,yes
2026-09-29T19:37:08.120925Z,0.0300,1750.58,yes
2026-09-29T19:37:08.120925Z,0.0300,400.00,yes
2026-09-29T19:37:08.120925Z,0.0300,500.42,yes
2026-09-29T19:37:08.120925Z,0.0300,2300.00,yes
2026-09-29T19:37:08.120925Z,0.0300,49.00,yes
2026-09-29T19:37:08.121053Z,0.0300,699.58,yes
2026-09-29T19:37:08.121053Z,0.0300,26.92,yes
2026-09-29T19:37:08.121053Z,0.0300,25.00,yes
2026-09-29T19:37:08.121053Z,0.0300,10.00,yes
2026-09-29T19:37:08.121053Z,0.0300,4238.50,yes
2026-09-29T19:37:08.129268Z,0.0300,44.00,yes
2026-09-29T19:37:08.130055Z,0.0300,41.00,yes
2026-09-29T19:37:08.134791Z,0.0300,75.00,yes
2026-09-29T19:37:14.244161Z,0.0300,219.55,yes
2026-09-29T19:37:14.244161Z,0.0300,404.72,yes
2026-09-29T19:37:18.42686Z,0.0300,156.06,yes
2026-09-29T19:37:22.650122Z,0.0300,100.00,yes
2026-09-29T19:37:26.085951Z,0.0300,0.31,yes
2026-09-29T19:37:26.781343Z,0.0300,31.21,yes
2026-09-29T19:37:27.462844Z,0.0300,103.00,yes
2026-09-29T19:37:29.094994Z,0.0300,166.00,yes
2026-09-29T19:37:32.348073Z,0.0300,187.28,yes
2026-09-29T19:37:32.516353Z,0.0300,162.93,yes
2026-09-29T19:37:36.980396Z,0.0200,82.20,no
2026-09-29T19:37:37.160228Z,0.0300,31.21,yes
2026-09-29T19:37:38.121652Z,0.0300,23.41,yes
2026-09-29T19:37:42.336035Z,0.0300,6.00,yes
2026-09-29T19:37:46.871425Z,0.0300,1560.69,yes
2026-09-29T19:37:48.354551Z,0.0300,869.04,yes
2026-09-29T19:37:48.354551Z,0.0300,2252.35,yes
2026-09-29T19:37:52.236529Z,0.0300,31.21,yes
2026-09-29T19:37:56.237576Z,0.0300,62.42,yes
2026-09-29T19:37:56.314903Z,0.0300,62.42,yes
2026-09-29T19:37:56.526153Z,0.0300,93.64,yes
2026-09-29T19:37:58.135393Z,0.0300,124.85,yes
2026-09-29T19:37:58.563975Z,0.0300,156.06,yes
2026-09-29T19:38:00.763462Z,0.0300,62.42,yes
2026-09-29T19:38:03.894892Z,0.0300,10.92,yes
2026-09-29T19:38:09.388941Z,0.0300,93.64,yes
2026-09-29T19:38:10.680448Z,0.0300,156.06,yes
2026-09-29T19:38:13.391029Z,0.0300,62.42,yes
2026-09-29T19:38:16.882071Z,0.0300,78.97,yes
2026-09-29T19:38:18.332497Z,0.0300,31.21,yes
2026-09-29T19:38:24.11819Z,0.0300,31.21,yes
2026-09-29T19:38:36.044478Z,0.0300,306.83,yes
2026-09-29T19:38:37.176837Z,0.0200,13.41,no
2026-09-29T19:38:40.276637Z,0.0300,156.06,yes
2026-09-29T19:38:41.627972Z,0.0300,1206.00,yes
2026-09-29T19:38:42.466995Z,0.0300,93.64,yes
2026-09-29T19:38:52.589576Z,0.0300,3121.39,yes
2026-09-29T19:39:04.25223Z,0.0300,31.21,yes
2026-09-29T19:39:06.560551Z,0.0300,312.13,yes
2026-09-29T19:39:19.273034Z,0.0300,156.06,yes
2026-09-29T19:39:24.101584Z,0.0300,156.06,yes
2026-09-29T19:39:34.556888Z,0.0300,62.42,yes
2026-09-29T19:39:38.380473Z,0.0300,124.85,yes
2026-09-29T19:39:38.393173Z,0.0300,31.21,yes
2026-09-29T19:39:45.495887Z,0.0300,312.13,yes
2026-09-29T19:39:47.873226Z,0.0200,11.74,no
2026-09-29T19:39:48.879659Z,0.0300,1248.55,yes
2026-09-29T19:39:49.49771Z,0.0300,31.21,yes
2026-09-29T19:39:51.855366Z,0.0300,93.64,yes
2026-09-29T19:39:52.386374Z,0.0300,62.42,yes
2026-09-29T19:39:53.404934Z,0.0300,312.13,yes
2026-09-29T19:39:55.400786Z,0.0300,312.13,yes
2026-09-29T19:39:57.860115Z,0.0200,6.06,no
2026-09-29T19:40:03.159124Z,0.0300,4.00,yes
2026-09-29T19:40:03.320167Z,0.0300,31.21,yes
2026-09-29T19:40:04.63886Z,0.0300,31.21,yes
2026-09-29T19:40:12.235623Z,0.0200,101.89,no
2026-09-29T19:40:23.227632Z,0.0200,312.13,no
2026-09-29T19:40:25.291856Z,0.0200,23.48,no
2026-09-29T19:40:32.371522Z,0.0300,62.42,yes
2026-09-29T19:40:37.957215Z,0.0300,0.31,yes
2026-09-29T19:40:38.308062Z,0.0200,293.59,no
2026-09-29T19:40:38.485858Z,0.0300,780.34,yes
2026-09-29T19:40:40.970192Z,0.0300,14.67,yes
2026-09-29T19:40:41.559337Z,0.0300,93.64,yes
2026-09-29T19:40:44.922626Z,0.0300,624.27,yes
2026-09-29T19:40:47.329706Z,0.0300,156.06,yes
2026-09-29T19:40:47.45004Z,0.0300,156.06,yes
2026-09-29T19:41:11.805773Z,0.0300,156.06,yes
2026-09-29T19:41:21.280999Z,0.0300,99.80,yes
2026-09-29T19:41:22.290525Z,0.0300,12.17,yes
2026-09-29T19:41:28.967709Z,0.0300,7.17,yes
2026-09-29T19:41:33.382817Z,0.0300,3121.39,yes
2026-09-29T19:41:37.009343Z,0.0300,156.06,yes
2026-09-29T19:41:41.699382Z,0.0300,312.13,yes
2026-09-29T19:41:48.801444Z,0.0300,156.06,yes
2026-09-29T19:41:52.912517Z,0.0300,31.21,yes
2026-09-29T19:41:53.184732Z,0.0200,35.23,no
2026-09-29T19:41:58.53043Z,0.0300,31.21,yes
2026-09-29T19:42:01.917082Z,0.0300,312.13,yes
2026-09-29T19:42:04.728473Z,0.0300,156.06,yes
2026-09-29T19:42:12.281084Z,0.0300,1560.69,yes
2026-09-29T19:42:13.279912Z,0.0300,98.01,yes
2026-09-29T19:42:14.949878Z,0.0300,62.42,yes
2026-09-29T19:42:16.808456Z,0.0300,31.21,yes
2026-09-29T19:42:16.812374Z,0.0300,312.13,yes
2026-09-29T19:42:23.979467Z,0.0300,31.21,yes
2026-09-29T19:42:25.032896Z,0.0300,312.13,yes
2026-09-29T19:42:25.115006Z,0.0300,12.17,yes
2026-09-29T19:42:26.322735Z,0.0300,93.64,yes
2026-09-29T19:42:27.118751Z,0.0300,156.06,yes
2026-09-29T19:42:38.150322Z,0.0300,31.21,yes
2026-09-29T19:42:41.483228Z,0.0300,31.21,yes
2026-09-29T19:42:43.422674Z,0.0300,312.13,yes
2026-09-29T19:42:46.879662Z,0.0300,31.21,yes
2026-09-29T19:42:56.860543Z,0.0300,436.99,yes
2026-09-29T19:42:58.83422Z,0.0200,58.71,no
2026-09-29T19:42:59.714712Z,0.0300,31.21,yes
2026-09-29T19:43:01.371217Z,0.0300,19.80,yes
2026-09-29T19:43:02.238528Z,0.0300,312.13,yes
2026-09-29T19:43:03.956317Z,0.0300,312.13,yes
2026-09-29T19:43:04.631205Z,0.0300,624.27,yes
2026-09-29T19:43:05.851948Z,0.0300,156.06,yes
2026-09-29T19:43:06.161304Z,0.0300,93.64,yes
2026-09-29T19:43:12.56888Z,0.0300,500.00,yes
2026-09-29T19:43:13.010704Z,0.0300,93.64,yes
2026-09-29T19:43:25.501705Z,0.0300,312.13,yes
2026-09-29T19:43:25.527406Z,0.0200,15.00,no
2026-09-29T19:43:26.871832Z,0.0300,31.21,yes
2026-09-29T19:43:28.812437Z,0.0300,120.00,yes
2026-09-29T19:43:30.046436Z,0.0300,156.06,yes
2026-09-29T19:43:44.755812Z,0.0300,31.21,yes
2026-09-29T19:43:48.445923Z,0.0300,31.21,yes
2026-09-29T19:43:53.555181Z,0.0300,312.13,yes
2026-09-29T19:43:56.011806Z,0.0300,1560.69,yes
2026-09-29T19:43:57.365828Z,0.0300,31.21,yes
2026-09-29T19:44:05.854528Z,0.0300,312.13,yes
2026-09-29T19:44:11.974383Z,0.0300,312.13,yes
2026-09-29T19:44:16.799251Z,0.0300,31.21,yes
2026-09-29T19:44:18.531675Z,0.0300,104.25,yes
2026-09-29T19:44:19.240146Z,0.0300,468.20,yes
2026-09-29T19:44:21.698492Z,0.0300,93.64,yes
2026-09-29T19:44:21.87364Z,0.0200,31.21,no
2026-09-29T19:44:23.566413Z,0.0300,31.21,yes
2026-09-29T19:44:25.48858Z,0.0300,312.13,yes
2026-09-29T19:44:26.720711Z,0.0300,336.48,yes
2026-09-29T19:44:32.385395Z,0.0300,31.21,yes
2026-09-29T19:44:39.25124Z,0.0300,156.06,yes
2026-09-29T19:44:42.972071Z,0.0300,156.06,yes
2026-09-29T19:44:44.675074Z,0.0300,62.42,yes
2026-09-29T19:44:46.270004Z,0.0300,31.21,yes
2026-09-29T19:44:47.15789Z,0.0300,93.64,yes
2026-09-29T19:44:51.758616Z,0.0300,15.60,yes
2026-09-29T19:44:52.346878Z,0.0300,780.34,yes
2026-09-29T19:44:53.094602Z,0.0300,19.66,yes
2026-09-29T19:44:57.715569Z,0.0300,62.42,yes
2026-09-29T19:44:59.837164Z,0.0300,60.00,yes
2026-09-29T19:45:17.815376Z,0.0300,624.27,yes
2026-09-29T19:45:19.521905Z,0.0300,31.21,yes
2026-09-29T19:45:21.447613Z,0.0300,619.28,yes
2026-09-29T19:45:22.644838Z,0.0200,26.82,no
2026-09-29T19:45:22.971934Z,0.0300,83.00,yes
2026-09-29T19:45:23.973957Z,0.0300,93.64,yes
2026-09-29T19:45:25.766342Z,0.0300,312.13,yes
2026-09-29T19:45:29.998836Z,0.0300,156.06,yes
2026-09-29T19:45:37.871909Z,0.0300,156.06,yes
2026-09-29T19:45:41.946973Z,0.0300,93.64,yes
2026-09-29T19:45:44.511976Z,0.0300,156.06,yes
2026-09-29T19:45:44.858687Z,0.0300,312.13,yes
2026-09-29T19:45:47.26508Z,0.0300,156.06,yes
2026-09-29T19:45:51.976013Z,0.0300,22.78,yes
2026-09-29T19:45:53.209798Z,0.0300,62.42,yes
2026-09-29T19:46:03.855456Z,0.0300,156.06,yes
2026-09-29T19:46:07.106783Z,0.0300,31.21,yes
2026-09-29T19:46:07.367663Z,0.0300,12.48,yes
2026-09-29T19:46:18.404956Z,0.0300,780.34,yes
2026-09-29T19:46:19.080397Z,0.0300,624.27,yes
2026-09-29T19:46:21.708875Z,0.0300,31.21,yes
2026-09-29T19:46:26.841574Z,0.0200,46.97,no
2026-09-29T19:46:27.362775Z,0.0300,31.21,yes
2026-09-29T19:46:27.472865Z,0.0300,187.28,yes
2026-09-29T19:46:30.186605Z,0.0300,323.68,yes
2026-09-29T19:46:30.821778Z,0.0300,233.00,yes
2026-09-29T19:46:38.693029Z,0.0200,308.27,no
2026-09-29T19:46:39.417601Z,0.0300,218.49,yes
2026-09-29T19:46:39.561554Z,0.0200,875.35,no
2026-09-29T19:46:39.561554Z,0.0200,71.00,no
2026-09-29T19:46:39.561554Z,0.0200,3292.61,no
2026-09-29T19:46:42.615911Z,0.0300,31.21,yes
2026-09-29T19:46:45.292232Z,0.0300,312.13,yes
2026-09-29T19:46:50.1267Z,0.0200,13.03,no
2026-09-29T19:46:50.441894Z,0.0300,31.21,yes
2026-09-29T19:46:51.22575Z,0.0300,218.49,yes
2026-09-29T19:46:52.68197Z,0.0300,200.00,yes
2026-09-29T19:46:54.847824Z,0.0300,93.64,yes
2026-09-29T19:46:55.06873Z,0.0300,93.64,yes
2026-09-29T19:47:00.371243Z,0.0300,624.27,yes
2026-09-29T19:47:02.652831Z,0.0300,780.34,yes
2026-09-29T19:47:07.989956Z,0.0300,31.21,yes
2026-09-29T19:47:14.421665Z,0.0300,312.13,yes
2026-09-29T19:47:21.847141Z,0.0200,1917.85,no
2026-09-29T19:47:23.588287Z,0.0300,312.13,yes
2026-09-29T19:47:31.527011Z,0.0300,156.06,yes
2026-09-29T19:47:31.715698Z,0.0300,156.06,yes
2026-09-29T19:47:37.48598Z,0.0300,187.28,yes
2026-09-29T19:47:38.01313Z,0.0300,31.21,yes
2026-09-29T19:47:46.029062Z,0.0300,780.34,yes
2026-09-29T19:47:46.287046Z,0.0300,125.79,yes
2026-09-29T19:47:48.676387Z,0.0300,1560.69,yes
2026-09-29T19:47:56.47427Z,0.0200,58.71,no
2026-09-29T19:48:01.418033Z,0.0200,67.06,no
2026-09-29T19:48:02.040383Z,0.0300,156.06,yes
2026-09-29T19:48:02.912209Z,0.0300,312.13,yes
2026-09-29T19:48:03.767758Z,0.0300,280.92,yes
2026-09-29T19:48:08.586828Z,0.0300,31.21,yes
2026-09-29T19:48:08.625552Z,0.0300,156.06,yes
2026-09-29T19:48:09.094718Z,0.0300,209.00,yes
2026-09-29T19:48:16.65971Z,0.0300,1092.48,yes
2026-09-29T19:48:17.810798Z,0.0300,6.24,yes
2026-09-29T19:48:20.666888Z,0.0300,93.64,yes
2026-09-29T19:48:27.222324Z,0.0300,312.13,yes
2026-09-29T19:48:31.663689Z,0.0300,31.21,yes
2026-09-29T19:48:32.861229Z,0.0300,156.06,yes
2026-09-29T19:48:42.645451Z,0.0300,312.13,yes
2026-09-29T19:48:43.84056Z,0.0200,312.13,no
2026-09-29T19:48:45.475587Z,0.0300,624.27,yes
2026-09-29T19:48:49.406177Z,0.0300,62.42,yes
2026-09-29T19:48:57.448505Z,0.0300,343.35,yes
2026-09-29T19:49:02.912897Z,0.0300,936.41,yes
2026-09-29T19:49:03.845485Z,0.0300,62.42,yes
2026-09-29T19:49:06.268699Z,0.0200,69.20,no
2026-09-29T19:49:07.854842Z,0.0300,279.00,yes
2026-09-29T19:49:09.201796Z,0.0300,624.27,yes
2026-09-29T19:49:21.993728Z,0.0200,11.74,no
2026-09-29T19:49:28.2707Z,0.0300,312.13,yes
2026-09-29T19:49:28.885814Z,0.0300,156.06,yes
2026-09-29T19:49:29.643973Z,0.0300,156.06,yes
2026-09-29T19:49:29.663714Z,0.0300,624.27,yes
2026-09-29T19:49:33.358256Z,0.0300,100.00,yes
2026-09-29T19:49:38.14218Z,0.0300,2.80,yes
2026-09-29T19:49:40.60584Z,0.0300,156.06,yes
2026-09-29T19:49:46.525265Z,0.0300,156.06,yes
2026-09-29T19:49:49.84584Z,0.0300,311.20,yes
2026-09-29T19:49:50.363566Z,0.0300,312.13,yes
2026-09-29T19:49:52.186109Z,0.0300,1560.69,yes
2026-09-29T19:49:58.722379Z,0.0200,234.87,no
2026-09-29T19:50:03.513253Z,0.0300,3.74,yes
2026-09-29T19:50:05.441668Z,0.0300,62.42,yes
2026-09-29T19:50:11.449284Z,0.0300,400.00,yes
2026-09-29T19:50:13.932612Z,0.0300,20.60,yes
2026-09-29T19:50:15.010202Z,0.0300,62.42,yes
2026-09-29T19:50:21.483556Z,0.0200,67.06,no
2026-09-29T19:50:21.855713Z,0.0300,19.58,yes
2026-09-29T19:50:21.855713Z,0.0300,11.63,yes
2026-09-29T19:50:22.240489Z,0.0300,62.42,yes
2026-09-29T19:50:22.340444Z,0.0300,19.80,yes
2026-09-29T19:50:23.458006Z,0.0300,120.00,yes
2026-09-29T19:50:33.043342Z,0.0200,58.71,no
2026-09-29T19:50:36.594698Z,0.0200,938.87,no
2026-09-29T19:50:39.690045Z,0.0300,312.13,yes
2026-09-29T19:50:39.814083Z,0.0300,62.42,yes
2026-09-29T19:50:45.138902Z,0.0300,312.13,yes
2026-09-29T19:50:46.159423Z,0.0300,19.80,yes
2026-09-29T19:50:46.996818Z,0.0300,15.60,yes
2026-09-29T19:50:49.403944Z,0.0200,38.61,no
2026-09-29T19:50:49.403944Z,0.0200,73.35,no
2026-09-29T19:50:49.403944Z,0.0200,3.00,no
2026-09-29T19:50:49.403944Z,0.0200,72.32,no
2026-09-29T19:50:52.144527Z,0.0300,873.98,yes
2026-09-29T19:50:54.761278Z,0.0300,156.06,yes
2026-09-29T19:50:56.343288Z,0.0300,156.06,yes
2026-09-29T19:50:56.543416Z,0.0300,624.27,yes
2026-09-29T19:50:57.76527Z,0.0300,0.31,yes
2026-09-29T19:51:02.075075Z,0.0300,64.00,yes
2026-09-29T19:51:10.559326Z,0.0300,312.13,yes
2026-09-29T19:51:11.761967Z,0.0300,31.21,yes
2026-09-29T19:51:19.210445Z,0.0200,2.93,no
2026-09-29T19:51:19.908744Z,0.0200,67.06,no
2026-09-29T19:51:25.137816Z,0.0300,156.06,yes
2026-09-29T19:51:29.656001Z,0.0300,62.42,yes
2026-09-29T19:51:30.2456Z,0.0300,93.64,yes
2026-09-29T19:51:39.757458Z,0.0300,312.13,yes
2026-09-29T19:51:49.484039Z,0.0300,10.00,yes
2026-09-29T19:51:49.484039Z,0.0300,25.00,yes
2026-09-29T19:51:49.484039Z,0.0300,33.36,yes
2026-09-29T19:51:49.484039Z,0.0300,91.45,yes
2026-09-29T19:51:50.166378Z,0.0300,312.13,yes
2026-09-29T19:51:51.873816Z,0.0300,156.06,yes
2026-09-29T19:51:53.752074Z,0.0200,117.43,no
2026-09-29T19:51:56.91484Z,0.0300,31.21,yes
2026-09-29T19:51:57.284025Z,0.0300,93.64,yes
2026-09-29T19:52:09.36003Z,0.0300,673.60,yes
2026-09-29T19:52:09.36003Z,0.0300,57.16,yes
2026-09-29T19:52:09.36003Z,0.0300,424.15,yes
2026-09-29T19:52:09.666508Z,0.0200,140.55,no
2026-09-29T19:52:12.370669Z,0.0300,120.00,yes
2026-09-29T19:52:19.200378Z,0.0300,46.82,yes
2026-09-29T19:52:20.529204Z,0.0200,67.06,no
2026-09-29T19:52:22.716302Z,0.0300,93.64,yes
2026-09-29T19:52:28.490232Z,0.0300,408.88,yes
2026-09-29T19:52:28.490232Z,0.0300,215.39,yes
2026-09-29T19:52:32.999969Z,0.0200,29.35,no
2026-09-29T19:52:45.401599Z,0.0300,62.42,yes
2026-09-29T19:52:46.495458Z,0.0300,936.41,yes
2026-09-29T19:52:47.162828Z,0.0300,120.00,yes
2026-09-29T19:52:49.099989Z,0.0300,93.64,yes
2026-09-29T19:52:56.920618Z,0.0300,156.06,yes
2026-09-29T19:52:57.361832Z,0.0300,156.06,yes
2026-09-29T19:53:03.351625Z,0.0300,361.00,yes
2026-09-29T19:53:05.23074Z,0.0300,10.00,yes
2026-09-29T19:53:05.23074Z,0.0300,81.00,yes
2026-09-29T19:53:05.23074Z,0.0300,100.00,yes
2026-09-29T19:53:05.23074Z,0.0300,52.00,yes
2026-09-29T19:53:05.23074Z,0.0300,205.53,yes
2026-09-29T19:53:05.23074Z,0.0300,338.03,yes
2026-09-29T19:53:05.23074Z,0.0300,25.00,yes
2026-09-29T19:53:11.185337Z,0.0200,156.06,no
2026-09-29T19:53:17.991168Z,0.0300,156.06,yes
2026-09-29T19:53:19.005176Z,0.0300,5.91,yes
2026-09-29T19:53:19.005176Z,0.0300,306.22,yes
2026-09-29T19:53:24.139251Z,0.0300,156.06,yes
2026-09-29T19:53:24.40682Z,0.0200,58.71,no
2026-09-29T19:53:27.606681Z,0.0300,99.80,yes
2026-09-29T19:53:35.585043Z,0.0200,5.40,no
2026-09-29T19:53:40.639Z,0.0200,13.41,no
2026-09-29T19:53:42.958696Z,0.0300,156.06,yes
2026-09-29T19:53:43.989895Z,0.0300,161.37,yes
2026-09-29T19:53:45.49124Z,0.0300,17.16,yes
2026-09-29T19:53:50.731761Z,0.0300,312.13,yes
2026-09-29T19:53:54.132802Z,0.0300,62.42,yes
2026-09-29T19:53:58.978263Z,0.0300,593.06,yes
2026-09-29T19:54:00.323766Z,0.0200,156.06,no
2026-09-29T19:54:03.962071Z,0.0300,7.80,yes
2026-09-29T19:54:06.250867Z,0.0300,584.35,yes
2026-09-29T19:54:06.250867Z,0.0300,39.92,yes
2026-09-29T19:54:08.218857Z,0.0300,374.56,yes
2026-09-29T19:54:09.07126Z,0.0300,156.06,yes
2026-09-29T19:54:13.891359Z,0.0300,312.13,yes
2026-09-29T19:54:14.795238Z,0.0300,9.36,yes
2026-09-29T19:54:21.150347Z,0.0300,15.00,yes
2026-09-29T19:54:21.150347Z,0.0300,19.00,yes
2026-09-29T19:54:21.150347Z,0.0300,10.00,yes
2026-09-29T19:54:21.150347Z,0.0300,10.00,yes
2026-09-29T19:54:21.150347Z,0.0300,10.00,yes
2026-09-29T19:54:22.516596Z,0.0200,312.13,no
2026-09-29T19:54:22.562624Z,0.0300,31.21,yes
2026-09-29T19:54:23.580925Z,0.0300,0.31,yes
2026-09-29T19:54:26.027552Z,0.0300,156.06,yes
2026-09-29T19:54:26.239354Z,0.0300,53.50,yes
2026-09-29T19:54:28.387329Z,0.0300,1.90,yes
2026-09-29T19:54:28.387329Z,0.0500,55.00,yes
2026-09-29T19:54:28.387329Z,0.0300,37.00,yes
2026-09-29T19:54:28.387329Z,0.0500,3.00,yes
2026-09-29T19:54:28.387329Z,0.0300,10.00,yes
2026-09-29T19:54:28.387329Z,0.0500,32.72,yes
2026-09-29T19:54:28.387329Z,0.0500,44.86,yes
2026-09-29T19:54:28.387329Z,0.0400,3.00,yes
2026-09-29T19:54:28.387329Z,0.0400,25.00,yes
2026-09-29T19:54:29.445634Z,0.0300,20.56,no
2026-09-29T19:54:40.090958Z,0.0400,66.50,yes
2026-09-29T19:54:40.240702Z,0.0400,46.00,yes
2026-09-29T19:54:41.994124Z,0.0300,0.97,no
2026-09-29T19:54:41.994124Z,0.0300,12.44,no
2026-09-29T19:54:55.096652Z,0.0400,117.12,yes
2026-09-29T19:54:56.304226Z,0.0400,211.00,yes
2026-09-29T19:54:58.262736Z,0.0400,117.12,yes
2026-09-29T19:55:01.014559Z,0.0300,9.03,no
2026-09-29T19:55:01.014559Z,0.0300,58.32,no
2026-09-29T19:55:01.014559Z,0.0300,10.00,no
2026-09-29T19:55:02.423381Z,0.0400,117.12,yes
2026-09-29T19:55:02.933132Z,0.0400,46.85,yes
2026-09-29T19:55:05.278711Z,0.0400,76.47,yes
2026-09-29T19:55:05.278711Z,0.0400,40.65,yes
2026-09-29T19:55:06.338033Z,0.0400,49.00,yes
2026-09-29T19:55:06.338033Z,0.0400,19.61,yes
2026-09-29T19:55:06.338033Z,0.0400,26.39,yes
2026-09-29T19:55:06.338033Z,0.0400,25.00,yes
2026-09-29T19:55:06.695272Z,0.0400,17.12,yes
2026-09-29T19:55:06.695272Z,0.0400,51.00,yes
2026-09-29T19:55:06.695272Z,0.0400,49.00,yes
2026-09-29T19:55:16.620878Z,0.0500,18.75,yes
2026-09-29T19:55:20.571615Z,0.0500,25.82,yes
2026-09-29T19:55:20.571615Z,0.0500,24.06,yes
2026-09-29T19:55:22.79096Z,0.0300,13.97,no
2026-09-29T19:55:22.79096Z,0.0300,33.00,no
2026-09-29T19:55:25.051057Z,0.0300,4.24,no
2026-09-29T19:55:25.051057Z,0.0300,3.00,no
2026-09-29T19:55:25.159408Z,0.0300,23.42,yes
2026-09-29T19:55:27.759052Z,0.0300,31.21,yes
2026-09-29T19:55:29.472227Z,0.0300,234.25,yes
2026-09-29T19:55:30.900218Z,0.0300,31.21,yes
2026-09-29T19:55:32.563437Z,0.0300,31.21,yes
2026-09-29T19:55:35.125186Z,0.0300,31.21,yes
2026-09-29T19:55:36.909649Z,0.0200,1341.25,no
2026-09-29T19:55:38.259013Z,0.0300,42.96,yes
2026-09-29T19:55:38.259013Z,0.0300,110.25,yes
2026-09-29T19:55:38.259013Z,0.0300,2.85,yes
2026-09-29T19:55:38.352678Z,0.0200,312.13,no
2026-09-29T19:55:39.2039Z,0.0300,103.00,yes
2026-09-29T19:55:39.2039Z,0.0300,97.15,yes
2026-09-29T19:55:39.2039Z,0.0300,328.12,yes
2026-09-29T19:55:39.2039Z,0.0300,96.00,yes
2026-09-29T19:55:40.559208Z,0.0300,19.80,yes
2026-09-29T19:55:40.721287Z,0.0300,124.85,yes
2026-09-29T19:55:41.085768Z,0.0300,312.13,yes
2026-09-29T19:55:41.713649Z,0.0300,156.06,yes
2026-09-29T19:55:42.623642Z,0.0200,117.43,no
2026-09-29T19:55:47.423349Z,0.0200,5.87,no
2026-09-29T19:55:51.419935Z,0.0300,62.42,yes
2026-09-29T19:55:52.57197Z,0.0200,418.29,no
2026-09-29T19:55:52.57197Z,0.0200,62.00,no
2026-09-29T19:55:53.518926Z,0.0300,93.64,yes
2026-09-29T19:55:56.163511Z,0.0300,4.68,yes
2026-09-29T19:55:57.957336Z,0.0200,10.00,no
2026-09-29T19:56:01.436985Z,0.0300,31.21,yes
2026-09-29T19:56:02.925845Z,0.0300,31.21,yes
2026-09-29T19:56:04.969385Z,0.0300,78.03,yes
2026-09-29T19:56:06.148579Z,0.0300,299.85,yes
2026-09-29T19:56:06.148579Z,0.0300,74.71,yes
2026-09-29T19:56:06.319739Z,0.0300,31.21,yes
2026-09-29T19:56:08.544093Z,0.0300,31.21,yes
2026-09-29T19:56:11.164582Z,0.0300,31.21,yes
2026-09-29T19:56:12.349211Z,0.0200,375.05,no
2026-09-29T19:56:13.405674Z,0.0300,156.06,yes
2026-09-29T19:56:19.438922Z,0.0300,1653.38,yes
2026-09-29T19:56:19.438922Z,0.0300,42.18,yes
2026-09-29T19:56:19.438922Z,0.0300,29.47,yes
2026-09-29T19:56:19.438922Z,0.0300,98.00,yes
2026-09-29T19:56:19.438922Z,0.0300,25.00,yes
2026-09-29T19:56:19.438922Z,0.0300,105.39,yes
2026-09-29T19:56:19.438922Z,0.0300,99.52,yes
2026-09-29T19:56:19.438922Z,0.0300,400.00,yes
2026-09-29T19:56:19.438922Z,0.0300,655.45,yes
2026-09-29T19:56:19.438922Z,0.0300,13.00,yes
2026-09-29T19:56:21.865192Z,0.0200,101.89,no
2026-09-29T19:56:22.210806Z,0.0300,93.64,yes
2026-09-29T19:56:24.792366Z,0.0300,217.91,yes
2026-09-29T19:56:24.792366Z,0.0300,406.36,yes
2026-09-29T19:56:26.58375Z,0.0200,117.43,no
2026-09-29T19:56:27.49819Z,0.0200,40.23,no
2026-09-29T19:56:28.166178Z,0.0200,67.06,no
2026-09-29T19:56:33.466802Z,0.0200,23.42,no
2026-09-29T19:56:33.7687Z,0.0300,29.34,yes
2026-09-29T19:56:39.969102Z,0.0200,312.13,no
2026-09-29T19:56:45.582299Z,0.0300,752.75,yes
2026-09-29T19:56:45.582299Z,0.0300,27.59,yes
2026-09-29T19:56:47.210451Z,0.0300,4.68,yes
2026-09-29T19:56:48.892721Z,0.0200,1.00,no
2026-09-29T19:56:51.490306Z,0.0300,1.24,yes
2026-09-29T19:56:51.725553Z,0.0300,23.76,yes
2026-09-29T19:56:51.725553Z,0.0300,7.45,yes
2026-09-29T19:56:52.249705Z,0.0200,35.23,no
2026-09-29T19:56:52.535982Z,0.0300,31.21,yes
2026-09-29T19:56:54.455984Z,0.0300,9.00,yes
2026-09-29T19:56:54.455984Z,0.0300,84.64,yes
2026-09-29T19:56:59.942117Z,0.0300,156.06,yes
2026-09-29T19:57:01.284079Z,0.0300,780.34,yes
2026-09-29T19:57:01.477673Z,0.0300,713.54,yes
2026-09-29T19:57:01.477673Z,0.0300,54.60,yes
2026-09-29T19:57:02.118989Z,0.0200,62.42,no
2026-09-29T19:57:02.512944Z,0.0300,156.06,yes
2026-09-29T19:57:04.169848Z,0.0300,31.21,yes
2026-09-29T19:57:04.735923Z,0.0200,93.64,no
2026-09-29T19:57:11.929726Z,0.0300,500.00,yes
2026-09-29T19:57:11.929726Z,0.0300,582.81,yes
2026-09-29T19:57:11.929726Z,0.0300,1606.00,yes
2026-09-29T19:57:11.929726Z,0.0300,1606.00,yes
2026-09-29T19:57:11.929726Z,0.0300,705.19,yes
2026-09-29T19:57:15.490673Z,0.0200,11.74,no
2026-09-29T19:57:17.084743Z,0.0200,46.97,no
2026-09-29T19:57:20.625539Z,0.0300,15.60,yes
2026-09-29T19:57:33.601132Z,0.0300,192.13,yes
2026-09-29T19:57:33.601132Z,0.0300,13.00,yes
2026-09-29T19:57:33.601132Z,0.0300,25.00,yes
2026-09-29T19:57:33.601132Z,0.0300,25.00,yes
2026-09-29T19:57:33.601132Z,0.0300,57.00,yes
2026-09-29T19:57:34.632636Z,0.0300,500.00,yes
2026-09-29T19:57:34.632636Z,0.0300,84.00,yes
2026-09-29T19:57:34.632636Z,0.0300,168.82,yes
2026-09-29T19:57:34.632636Z,0.0300,807.87,yes
2026-09-29T19:57:37.719783Z,0.0200,218.49,no
2026-09-29T19:57:41.96243Z,0.0300,312.13,yes
2026-09-29T19:57:52.245889Z,0.0300,7.80,yes
2026-09-29T19:57:52.628736Z,0.0300,24.34,yes
2026-09-29T19:57:54.106718Z,0.0300,18.72,yes
2026-09-29T19:57:55.088813Z,0.0300,312.13,yes
2026-09-29T19:57:56.11103Z,0.0300,31.21,yes
2026-09-29T19:57:57.971997Z,0.0300,104.25,yes
2026-09-29T19:58:01.632666Z,0.0200,23.48,no
2026-09-29T19:58:02.257383Z,0.0300,312.13,yes
2026-09-29T19:58:03.368127Z,0.0300,31.21,yes
2026-09-29T19:58:04.648706Z,0.0300,312.13,yes
2026-09-29T19:58:05.399986Z,0.0300,154.00,yes
2026-09-29T19:58:05.399986Z,0.0300,158.13,yes
2026-09-29T19:58:08.537504Z,0.0300,624.27,yes
2026-09-29T19:58:11.876425Z,0.0300,31.21,yes
2026-09-29T19:58:16.782573Z,0.0300,6.24,yes
2026-09-29T19:58:23.362639Z,0.0300,312.13,yes
2026-09-29T19:58:27.024128Z,0.0300,624.27,yes
2026-09-29T19:58:28.813804Z,0.0300,40.88,yes
2026-09-29T19:58:28.813804Z,0.0300,127.12,yes
2026-09-29T19:58:31.898241Z,0.0300,218.49,yes
2026-09-29T19:58:32.069376Z,0.0300,31.21,yes
2026-09-29T19:58:32.317539Z,0.0200,58.71,no
2026-09-29T19:58:36.727195Z,0.0300,87.39,yes
2026-09-29T19:58:38.127027Z,0.0300,8.11,yes
2026-09-29T19:58:44.963951Z,0.0200,134.12,no
2026-09-29T19:58:46.330658Z,0.0300,307.63,yes
2026-09-29T19:58:46.330658Z,0.0300,4.50,yes
2026-09-29T19:58:46.796921Z,0.0300,13.10,yes
2026-09-29T19:58:50.128136Z,0.0300,50.00,yes
2026-09-29T19:58:52.040531Z,0.0300,199.80,yes
2026-09-29T19:58:52.329528Z,0.0300,156.06,yes
2026-09-29T19:58:57.98523Z,0.0200,26.82,no
2026-09-29T19:59:04.618094Z,0.0300,93.64,yes
2026-09-29T19:59:06.500506Z,0.0200,41.78,no
2026-09-29T19:59:10.915163Z,0.0300,9.36,yes
2026-09-29T19:59:17.242504Z,0.0300,210.69,yes
2026-09-29T19:59:28.154184Z,0.0300,15.60,yes
2026-09-29T19:59:28.241193Z,0.0300,31.21,yes
2026-09-29T19:59:35.076411Z,0.0300,103.00,yes
2026-09-29T19:59:39.320732Z,0.0200,61.13,no
2026-09-29T19:59:40.599231Z,0.0300,124.85,yes
2026-09-29T19:59:41.333938Z,0.0300,31.21,yes
2026-09-29T19:59:42.112807Z,0.0300,31.21,yes
2026-09-29T19:59:42.203523Z,0.0300,312.13,yes
2026-09-29T19:59:43.239609Z,0.0300,156.06,yes
2026-09-29T19:59:43.347935Z,0.0300,93.64,yes
2026-09-29T19:59:45.485315Z,0.0300,93.33,yes
2026-09-29T19:59:58.849372Z,0.0300,624.27,yes
2026-09-29T19:59:59.16533Z,0.0200,4.34,no
2026-09-29T19:59:59.16533Z,0.0200,25.00,no
2026-09-29T20:00:05.401298Z,0.0200,31.21,no
2026-09-29T20:00:06.868353Z,0.0200,3.00,no
2026-09-29T20:00:10.01673Z,0.0300,312.13,yes
2026-09-29T20:00:10.973149Z,0.0300,15.60,yes
2026-09-29T20:00:12.023354Z,0.0200,139.00,no
2026-09-29T20:00:12.023354Z,0.0200,3769.80,no
2026-09-29T20:00:12.023354Z,0.0200,22.65,no
2026-09-29T20:00:12.023354Z,0.0200,33.00,no
2026-09-29T20:00:12.023354Z,0.0200,33.00,no
2026-09-29T20:00:12.023354Z,0.0200,35.45,no
2026-09-29T20:00:12.023354Z,0.0200,43.02,no
2026-09-29T20:00:12.686563Z,0.0300,31.21,yes
2026-09-29T20:00:15.170701Z,0.0300,14.04,yes
2026-09-29T20:00:15.522442Z,0.0300,312.13,yes
2026-09-29T20:00:17.971027Z,0.0300,31.21,yes
2026-09-29T20:00:18.449091Z,0.0200,678.55,no
2026-09-29T20:00:19.148789Z,0.0300,31.21,yes
2026-09-29T20:00:27.941407Z,0.0300,280.92,yes
2026-09-29T20:00:29.156037Z,0.0200,536.50,no
2026-09-29T20:00:29.470392Z,0.0200,268.25,no
2026-09-29T20:00:37.513738Z,0.0300,40.93,yes
2026-09-29T20:00:37.513738Z,0.0300,55.00,yes
2026-09-29T20:00:37.513738Z,0.0300,1314.76,yes
2026-09-29T20:00:37.513738Z,0.0300,25.00,yes
2026-09-29T20:00:37.513738Z,0.0300,100.00,yes
2026-09-29T20:00:37.513738Z,0.0300,25.00,yes
2026-09-29T20:00:48.957148Z,0.0200,312.13,no
2026-09-29T20:00:52.717396Z,0.0300,14.07,yes
2026-09-29T20:00:52.717396Z,0.0300,103.00,yes
2026-09-29T20:00:52.717396Z,0.0300,38.99,yes
2026-09-29T20:01:00.735035Z,0.0300,36.41,yes
2026-09-29T20:01:00.735035Z,0.0300,26.01,yes
2026-09-29T20:01:05.163428Z,0.0300,93.64,yes
2026-09-29T20:01:05.452924Z,0.0300,156.06,yes
2026-09-29T20:01:06.61153Z,0.0300,23.00,yes
2026-09-29T20:01:08.774001Z,0.0300,156.06,yes
2026-09-29T20:01:13.069397Z,0.0300,34.83,yes
2026-09-29T20:01:13.069397Z,0.0300,277.30,yes
2026-09-29T20:01:13.263061Z,0.0300,99.80,yes
2026-09-29T20:01:13.770383Z,0.0300,31.21,yes
2026-09-29T20:01:14.829325Z,0.0300,280.92,yes
2026-09-29T20:01:24.166758Z,0.0200,68.00,no
2026-09-29T20:01:24.166758Z,0.0200,33.00,no
2026-09-29T20:01:24.166758Z,0.0200,22.06,no
2026-09-29T20:01:24.166758Z,0.0200,33.00,no
2026-09-29T20:01:35.530168Z,0.0300,937.78,yes
2026-09-29T20:01:35.530168Z,0.0300,310.77,yes
2026-09-29T20:01:35.540556Z,0.0300,156.06,yes
2026-09-29T20:01:42.357077Z,0.0200,52.00,no
2026-09-29T20:01:42.357077Z,0.0200,1.63,no
2026-09-29T20:01:42.357077Z,0.0200,10.94,no
2026-09-29T20:01:42.357077Z,0.0200,33.00,no
2026-09-29T20:01:42.357077Z,0.0100,710.85,no
2026-09-29T20:01:43.442791Z,0.0200,6.92,yes
2026-09-29T20:01:43.442791Z,0.0200,150.00,yes
2026-09-29T20:01:43.442791Z,0.0200,42.03,yes
2026-09-29T20:01:43.442791Z,0.0200,35.00,yes
2026-09-29T20:01:44.134179Z,0.0100,78.03,no
2026-09-29T20:01:44.183376Z,0.0200,46.79,yes
2026-09-29T20:01:46.66581Z,0.0200,46.79,yes
2026-09-29T20:01:46.807695Z,0.0200,6.92,yes
2026-09-29T20:01:46.807695Z,0.0200,100.00,yes
2026-09-29T20:01:46.807695Z,0.0200,42.06,yes
2026-09-29T20:01:46.807695Z,0.0200,83.47,yes
2026-09-29T20:01:46.807695Z,0.0200,1.50,yes
2026-09-29T20:01:48.498579Z,0.0200,46.79,yes
2026-09-29T20:01:51.750431Z,0.0200,27.05,yes
2026-09-29T20:01:51.750431Z,0.0200,19.74,yes
2026-09-29T20:01:51.759484Z,0.0100,150.00,no
2026-09-29T20:01:54.799126Z,0.0200,30.95,yes
2026-09-29T20:01:54.799126Z,0.0200,10.00,yes
2026-09-29T20:01:54.799126Z,0.0200,5.84,yes
2026-09-29T20:01:54.799126Z,0.0200,46.79,yes
2026-09-29T20:01:56.781356Z,0.0200,8.06,yes
2026-09-29T20:01:56.781356Z,0.0200,150.00,yes
2026-09-29T20:01:56.781356Z,0.0200,19.16,yes
2026-09-29T20:01:56.781356Z,0.0200,31.19,yes
2026-09-29T20:01:56.781356Z,0.0200,42.51,yes
2026-09-29T20:01:56.781356Z,0.0200,55.21,yes
2026-09-29T20:01:56.781356Z,0.0200,6.00,yes
2026-09-29T20:01:57.059571Z,0.0100,58.71,no
2026-09-29T20:01:58.497589Z,0.0200,8.06,yes
2026-09-29T20:01:58.497589Z,0.0200,38.73,yes
2026-09-29T20:01:59.42066Z,0.0200,1.94,yes
2026-09-29T20:01:59.42066Z,0.0200,15.00,yes
2026-09-29T20:01:59.42066Z,0.0200,29.85,yes
2026-09-29T20:02:02.106245Z,0.0200,18.74,yes
2026-09-29T20:02:02.106245Z,0.0200,63.27,yes
2026-09-29T20:02:02.106245Z,0.0200,13.21,yes
2026-09-29T20:02:02.106245Z,0.0200,10.00,yes
2026-09-29T20:02:02.106245Z,0.0200,35.00,yes
2026-09-29T20:02:02.106245Z,0.0200,38.73,yes
2026-09-29T20:02:02.106245Z,0.0200,55.00,yes
2026-09-29T20:02:03.827806Z,0.0200,233.95,yes
2026-09-29T20:02:11.881148Z,0.0100,46.79,no
2026-09-29T20:02:18.27983Z,0.0200,467.90,yes
2026-09-29T20:02:19.542832Z,0.0200,233.95,yes
2026-09-29T20:02:19.827688Z,0.0200,117.44,yes
2026-09-29T20:02:19.827688Z,0.0200,28.05,yes
2026-09-29T20:02:19.827688Z,0.0200,43.36,yes
2026-09-29T20:02:19.827688Z,0.0200,102.00,yes
2026-09-29T20:02:19.827688Z,0.0200,10.00,yes
2026-09-29T20:02:19.827688Z,0.0200,43.05,yes
2026-09-29T20:02:19.827688Z,0.0200,85.00,yes
2026-09-29T20:02:19.827688Z,0.0200,25.00,yes
2026-09-29T20:02:19.827688Z,0.0200,14.00,yes
2026-09-29T20:02:29.246542Z,0.0200,12.25,yes
2026-09-29T20:02:30.112064Z,0.0200,102.00,yes
2026-09-29T20:02:30.112064Z,0.0200,30.44,yes
2026-09-29T20:02:30.112064Z,0.0200,7.93,yes
2026-09-29T20:02:34.818892Z,0.0200,6.44,yes
2026-09-29T20:02:34.818892Z,0.0200,43.05,yes
2026-09-29T20:02:34.818892Z,0.0200,150.00,yes
2026-09-29T20:02:34.818892Z,0.0200,100.00,yes
2026-09-29T20:02:34.818892Z,0.0200,102.00,yes
2026-09-29T20:02:34.818892Z,0.0200,10.00,yes
2026-09-29T20:02:34.818892Z,0.0200,17.07,yes
2026-09-29T20:02:34.818892Z,0.0300,26.21,yes
2026-09-29T20:02:37.809381Z,0.0200,42.84,yes
2026-09-29T20:02:37.809381Z,0.0200,97.53,yes
2026-09-29T20:02:38.834501Z,0.0200,52.47,yes
2026-09-29T20:02:38.834501Z,0.0200,10.00,yes
2026-09-29T20:02:38.834501Z,0.0200,102.00,yes
2026-09-29T20:02:38.834501Z,0.0200,6.65,yes
2026-09-29T20:02:38.834501Z,0.0200,25.00,yes
2026-09-29T20:02:38.834501Z,0.0200,37.83,yes
2026-09-29T20:02:38.852814Z,0.0200,5.25,yes
2026-09-29T20:02:38.852814Z,0.0200,150.00,yes
2026-09-29T20:02:39.697893Z,0.0200,46.79,no
2026-09-29T20:02:42.749207Z,0.0200,26.82,no
2026-09-29T20:02:44.329966Z,0.0200,11.74,no
2026-09-29T20:02:51.865112Z,0.0300,156.06,yes
2026-09-29T20:02:54.029484Z,0.0300,20.00,yes
2026-09-29T20:02:56.027724Z,0.0200,402.00,no
2026-09-29T20:02:56.027724Z,0.0200,488.26,no
2026-09-29T20:02:56.027724Z,0.0200,284.11,no
2026-09-29T20:02:58.347235Z,0.0300,124.85,yes
2026-09-29T20:02:58.693887Z,0.0300,62.42,yes
2026-09-29T20:03:01.229323Z,0.0300,364.62,yes
2026-09-29T20:03:01.229323Z,0.0300,103.58,yes
2026-09-29T20:03:03.851806Z,0.0300,93.64,yes
2026-09-29T20:03:05.600993Z,0.0300,312.13,yes
2026-09-29T20:03:08.941349Z,0.0300,624.27,yes
2026-09-29T20:03:09.692568Z,0.0200,117.89,no
2026-09-29T20:03:09.692568Z,0.0200,16.23,no
2026-09-29T20:03:11.276392Z,0.0300,156.06,yes
2026-09-29T20:03:13.938451Z,0.0300,31.21,yes
2026-09-29T20:03:14.381151Z,0.0200,134.12,no
2026-09-29T20:03:14.942515Z,0.0200,20.91,no
2026-09-29T20:03:15.180747Z,0.0300,31.21,yes
2026-09-29T20:03:21.137155Z,0.0300,31.21,yes
2026-09-29T20:03:26.878524Z,0.0200,13.41,no
2026-09-29T20:03:27.690362Z,0.0200,42.40,yes
2026-09-29T20:03:28.343652Z,0.0300,21.53,yes
2026-09-29T20:03:34.642466Z,0.0300,274.75,yes
2026-09-29T20:03:34.642466Z,0.0300,443.16,yes
2026-09-29T20:03:37.998932Z,0.0300,312.13,yes
2026-09-29T20:03:43.148415Z,0.0200,80.47,no
2026-09-29T20:03:44.068032Z,0.0200,93.88,no
2026-09-29T20:03:52.624351Z,0.0300,62.42,yes
2026-09-29T20:03:53.534823Z,0.0300,624.27,yes
2026-09-29T20:03:55.312458Z,0.0300,31.21,yes
2026-09-29T20:03:58.377971Z,0.0200,25.00,no
2026-09-29T20:04:04.404825Z,0.0300,31.21,yes
2026-09-29T20:04:07.210568Z,0.0300,49.84,yes
2026-09-29T20:04:07.210568Z,0.0300,512.01,yes
2026-09-29T20:04:10.014993Z,0.0300,156.06,yes
2026-09-29T20:04:15.901338Z,0.0200,71.00,no
2026-09-29T20:04:16.343395Z,0.0300,62.42,yes
2026-09-29T20:04:16.613866Z,0.0300,93.64,yes
2026-09-29T20:04:25.829025Z,0.0300,93.64,yes
2026-09-29T20:04:26.803837Z,0.0200,117.43,no
2026-09-29T20:04:37.996389Z,0.0300,31.21,yes
2026-09-29T20:04:39.413366Z,0.0200,53.22,no
2026-09-29T20:04:39.413366Z,0.0200,220.39,no
2026-09-29T20:04:43.844383Z,0.0200,35.23,no
2026-09-29T20:04:44.025291Z,0.0200,7.80,no
2026-09-29T20:04:46.683239Z,0.0300,25.00,yes
2026-09-29T20:04:46.683239Z,0.0300,25.00,yes
2026-09-29T20:04:46.683239Z,0.0300,14.00,yes
2026-09-29T20:04:46.683239Z,0.0300,18.79,yes
2026-09-29T20:04:46.683239Z,0.0300,73.27,yes
2026-09-29T20:04:47.50571Z,0.0200,26.82,no
2026-09-29T20:04:52.034332Z,0.0200,134.12,no
2026-09-29T20:04:52.334873Z,0.0200,6.84,no
2026-09-29T20:04:52.334873Z,0.0200,16.64,no
2026-09-29T20:04:54.541334Z,0.0200,117.43,no
2026-09-29T20:04:59.879369Z,0.0300,25.00,yes
2026-09-29T20:04:59.879369Z,0.0300,86.00,yes
2026-09-29T20:04:59.879369Z,0.0300,21.00,yes
2026-09-29T20:04:59.879369Z,0.0300,100.00,yes
2026-09-29T20:04:59.879369Z,0.0300,3.40,yes
2026-09-29T20:04:59.879369Z,0.0300,76.73,yes
2026-09-29T20:05:02.510135Z,0.0200,140.37,no
2026-09-29T20:05:23.062046Z,0.0300,0.31,yes
2026-09-29T20:05:24.986932Z,0.0300,31.21,yes
2026-09-29T20:05:28.077698Z,0.0300,14.67,yes
2026-09-29T20:05:28.822437Z,0.0200,84.57,no
2026-09-29T20:05:35.400329Z,0.0200,67.06,no
2026-09-29T20:05:39.50205Z,0.0300,450.41,yes
2026-09-29T20:05:39.50205Z,0.0300,110.28,yes
2026-09-29T20:05:39.50205Z,0.0300,1000.00,yes
2026-09-29T20:05:39.672261Z,0.0200,6.48,no
2026-09-29T20:05:39.672261Z,0.0200,24.73,no
2026-09-29T20:05:43.509659Z,0.0200,493.52,no
2026-09-29T20:05:43.509659Z,0.0200,135.38,no
2026-09-29T20:05:44.359685Z,0.0300,312.13,yes
2026-09-29T20:05:46.684449Z,0.0300,31.21,yes
2026-09-29T20:05:47.817004Z,0.0200,58.71,no
2026-09-29T20:05:51.20447Z,0.0200,134.12,no
2026-09-29T20:05:52.843987Z,0.0300,31.21,yes
2026-09-29T20:05:55.559655Z,0.0300,62.42,yes
2026-09-29T20:05:58.702372Z,0.0300,31.21,yes
2026-09-29T20:06:03.203167Z,0.0300,156.06,yes
2026-09-29T20:06:05.33182Z,0.0300,31.21,yes
2026-09-29T20:06:09.827872Z,0.0300,156.06,yes
2026-09-29T20:06:11.839028Z,0.0300,312.13,yes
2026-09-29T20:06:11.921001Z,0.0300,119.81,yes
2026-09-29T20:06:11.921001Z,0.0300,186.08,yes
2026-09-29T20:06:21.450478Z,0.0200,269.13,no
2026-09-29T20:06:21.450478Z,0.0200,43.00,no
2026-09-29T20:06:26.851177Z,0.0300,93.64,yes
2026-09-29T20:06:28.08678Z,0.0200,356.31,no
2026-09-29T20:06:28.08678Z,0.0200,230.87,no
2026-09-29T20:06:32.888952Z,0.0200,42.69,no
2026-09-29T20:06:32.888952Z,0.0200,182.58,no
2026-09-29T20:06:32.888952Z,0.0200,399.00,no
2026-09-29T20:06:34.937262Z,0.0300,156.06,yes
2026-09-29T20:06:35.888157Z,0.0300,156.06,yes
2026-09-29T20:06:43.12672Z,0.0300,156.06,yes
2026-09-29T20:06:43.388445Z,0.0300,15.60,yes
2026-09-29T20:06:45.369444Z,0.0200,399.00,no
2026-09-29T20:06:45.369444Z,0.0200,216.42,no
2026-09-29T20:06:45.369444Z,0.0200,96.00,no
2026-09-29T20:06:45.369444Z,0.0200,74.70,no
2026-09-29T20:06:50.857801Z,0.0200,115.20,no
2026-09-29T20:06:55.078875Z,0.0200,31.21,no
2026-09-29T20:07:02.521134Z,0.0300,15.60,yes
2026-09-29T20:07:06.747928Z,0.0300,218.49,yes
2026-09-29T20:07:07.91767Z,0.0300,15.60,yes
2026-09-29T20:07:18.473329Z,0.0200,1.47,no
2026-09-29T20:07:23.214334Z,0.0300,100.00,yes
2026-09-29T20:07:25.909767Z,0.0200,22.00,no
2026-09-29T20:07:27.040329Z,0.0200,100.00,no
2026-09-29T20:07:27.040329Z,0.0200,8.42,no
2026-09-29T20:07:27.040329Z,0.0200,9.01,no
2026-09-29T20:07:27.836042Z,0.0100,293.59,no
2026-09-29T20:07:32.386089Z,0.0100,67.06,no
2026-09-29T20:07:37.544918Z,0.0200,45.76,yes
2026-09-29T20:07:37.544918Z,0.0200,48.19,yes
2026-09-29T20:07:37.544918Z,0.0200,140.00,yes
2026-09-29T20:07:41.110898Z,0.0100,6.00,no
2026-09-29T20:07:41.110898Z,0.0100,33.00,no
2026-09-29T20:07:41.110898Z,0.0100,10.00,no
2026-09-29T20:07:41.110898Z,0.0100,69.00,no
2026-09-29T20:07:41.110898Z,0.0100,1.00,no
2026-09-29T20:07:41.110898Z,0.0100,361.00,no
2026-09-29T20:07:41.110898Z,0.0100,86.00,no
2026-09-29T20:07:41.110898Z,0.0100,50.00,no
2026-09-29T20:07:41.110898Z,0.0100,65.00,no
2026-09-29T20:07:41.110898Z,0.0100,100.00,no
2026-09-29T20:07:41.110898Z,0.0100,32.00,no
2026-09-29T20:07:41.110898Z,0.0100,299.00,no
2026-09-29T20:07:41.110898Z,0.0100,58.00,no
2026-09-29T20:07:41.110898Z,0.0100,62.00,no
2026-09-29T20:07:41.110898Z,0.0100,281.00,no
2026-09-29T20:07:41.110898Z,0.0100,158.00,no
2026-09-29T20:07:41.110898Z,0.0100,110.00,no
2026-09-29T20:07:41.110898Z,0.0100,25.00,no
2026-09-29T20:07:41.149514Z,0.0100,457.00,yes
2026-09-29T20:07:41.208247Z,0.0100,0.09,yes
2026-09-29T20:07:47.805934Z,0.0100,5.00,yes
2026-09-29T20:07:52.270146Z,0.0100,93.51,yes
2026-09-29T20:07:53.047499Z,0.0100,93.51,yes
2026-09-29T20:07:55.589877Z,0.0100,187.03,yes
2026-09-29T20:07:56.059583Z,0.0100,4.67,yes
2026-09-29T20:08:05.31164Z,0.0100,93.51,yes
2026-09-29T20:08:09.502827Z,0.0100,935.19,yes
2026-09-29T20:08:13.244343Z,0.0100,148.69,yes
2026-09-29T20:08:16.992618Z,0.0100,467.59,yes
2026-09-29T20:08:17.166095Z,0.0100,93.51,yes
2026-09-29T20:08:23.559432Z,0.0100,93.51,yes
2026-09-29T20:08:59.727816Z,0.0100,9.35,yes
2026-09-29T20:09:07.973599Z,0.0100,1440.00,yes
2026-09-29T20:09:21.756853Z,0.0100,467.59,yes
2026-09-29T20:09:22.334569Z,0.0100,467.59,yes
2026-09-29T20:09:29.335815Z,0.0100,374.07,yes
2026-09-29T20:09:32.372803Z,0.0100,46.75,yes
2026-09-29T20:09:39.682775Z,0.0100,93.51,yes
2026-09-29T20:09:45.828822Z,0.0100,93.51,yes
2026-09-29T20:10:09.271844Z,0.0100,467.59,yes
2026-09-29T20:10:11.763097Z,0.0100,93.51,yes
2026-09-29T20:10:17.639958Z,0.0100,500.00,yes
2026-09-29T20:10:18.340969Z,0.0100,3.74,yes
2026-09-29T20:10:24.313173Z,0.0100,93.51,yes
2026-09-29T20:10:30.516327Z,0.0100,654.63,yes
2026-09-29T20:11:09.47171Z,0.0100,187.03,yes
2026-09-29T20:11:11.019091Z,0.0100,935.19,yes
2026-09-29T20:11:16.048154Z,0.0100,374.07,yes
2026-09-29T20:11:18.54836Z,0.0100,155.24,yes
2026-09-29T20:11:19.914527Z,0.0100,4300.00,yes
2026-09-29T20:11:49.520003Z,0.0100,22.44,yes
2026-09-29T20:12:09.974507Z,0.0100,467.59,yes
2026-09-29T20:12:22.943363Z,0.0100,0.93,yes
2026-09-29T20:12:27.933432Z,0.0100,467.59,yes
2026-09-29T20:13:29.114761Z,0.0100,93.51,yes
2026-09-29T20:13:31.237806Z,0.0100,935.19,yes
2026-09-29T20:13:44.557356Z,0.0100,93.51,yes
2026-09-29T20:14:04.804551Z,0.0100,68.26,yes
2026-09-29T20:14:17.197692Z,0.0100,93.51,yes
2026-09-29T20:14:29.372303Z,0.0100,8.56,yes
2026-09-29T20:15:01.405282Z,0.0100,93.51,yes
2026-09-29T20:16:07.910451Z,0.0100,1402.78,yes
2026-09-29T20:16:30.458455Z,0.0100,93.51,yes
2026-09-29T20:16:37.531926Z,0.0100,1.97,yes
2026-09-29T20:16:37.959757Z,0.0100,4.67,yes
2026-09-29T20:17:20.943208Z,0.0100,187.03,yes
2026-09-29T20:17:37.585048Z,0.0100,467.59,yes
2026-09-29T20:18:03.621925Z,0.0100,2150.93,yes
2026-09-29T20:19:14.599283Z,0.0100,33.00,yes
2026-09-29T20:19:16.770356Z,0.0100,5.00,yes
2026-09-29T20:22:01.603945Z,0.0100,93.51,yes
2026-09-29T20:22:16.442193Z,0.0100,83.23,yes
2026-09-29T20:22:16.540119Z,0.0100,93.51,yes
2026-09-29T20:22:17.772416Z,0.0100,93.51,yes
2026-09-29T20:23:12.235718Z,0.0100,93.51,yes
2026-09-29T20:23:49.850401Z,0.0100,1309.26,yes
2026-09-29T20:23:57.113002Z,0.0100,27.12,yes
2026-09-29T20:24:44.523857Z,0.0100,10.28,yes
2026-09-29T20:25:55.507614Z,0.0100,2.04,yes
2026-09-29T20:26:34.193977Z,0.0100,935.19,yes
2026-09-29T20:26:56.012058Z,0.0100,233.00,yes
2026-09-29T20:29:28.569357Z,0.0100,93.51,yes
2026-09-29T20:30:52.845426Z,0.0100,46.75,yes
2026-09-29T20:31:22.725379Z,0.0100,2.15,yes
2026-09-29T20:31:30.610551Z,0.0100,187.03,yes
2026-09-29T20:31:45.671899Z,0.0100,93.51,yes
2026-09-29T20:32:01.498944Z,0.0100,187.03,yes
2026-09-29T20:33:26.224722Z,0.0100,916.48,yes
2026-09-29T20:33:49.261519Z,0.0100,93.51,yes
2026-09-29T20:34:19.761668Z,0.0100,935.19,yes
2026-09-29T20:35:09.959941Z,0.0100,93.51,yes
2026-09-29T20:35:32.70466Z,0.0100,93519.12,yes
